date,commence_time_utc,pitcher_name,line,side,price,sportsbook,event_id,home_team,away_team,vendor_snapshot_time,collected_at_utc,collected_at_et,snapshot_time_et,source
2026-09-21,2026-09-22 01:45:00+00:00,Blade Tidwell,3.5,over,-137,dabble,220278,San Francisco Giants,Minnesota Twins,2026-09-22T01:19:36.992646+00:00,2026-09-22T07:52:41.074570+00:00,2026-09-22T03:52:41.074570-04:00,2026-09-22T03:52:41.074570-04:00,propline_free_sample
2026-09-21,2026-09-22 01:45:00+00:00,Zebby Matthews,4.5,over,-111,dabble,220278,San Francisco Giants,Minnesota Twins,2026-09-22T01:19:36.992646+00:00,2026-09-22T07:52:41.074570+00:00,2026-09-22T03:52:41.074570-04:00,2026-09-22T03:52:41.074570-04:00,propline_free_sample
2026-09-21,2026-09-22 01:45:00+00:00,Blade Tidwell,3.5,under,138,dabble,220278,San Francisco Giants,Minnesota Twins,2026-09-22T01:19:36.992646+00:00,2026-09-22T07:52:41.074570+00:00,2026-09-22T03:52:41.074570-04:00,2026-09-22T03:52:41.074570-04:00,propline_free_sample
2026-09-21,2026-09-22 01:45:00+00:00,Zebby Matthews,4.5,under,112,dabble,220278,San Francisco Giants,Minnesota Twins,2026-09-22T01:19:36.992646+00:00,2026-09-22T07:52:41.074570+00:00,2026-09-22T03:52:41.074570-04:00,2026-09-22T03:52:41.074570-04:00,propline_free_sample
2026-09-21,2026-09-22 01:45:00+00:00,Blade Tidwell,5.5,over,-148,underdog,220278,San Francisco Giants,Minnesota Twins,2026-09-22T01:34:50.986897+00:00,2026-09-22T07:52:41.074570+00:00,2026-09-22T03:52:41.074570-04:00,2026-09-22T03:52:41.074570-04:00,propline_free_sample
2026-09-21,2026-09-22 01:45:00+00:00,Zebby Matthews,7.5,over,181,underdog,220278,San Francisco Giants,Minnesota Twins,2026-09-21T22:15:27.526520+00:00,2026-09-22T07:52:41.074570+00:00,2026-09-22T03:52:41.074570-04:00,2026-09-22T03:52:41.074570-04:00,propline_free_sample
2026-09-21,2026-09-22 01:45:00+00:00,Blade Tidwell,5.5,under,-102,underdog,220278,San Francisco Giants,Minnesota Twins,2026-09-22T01:34:50.986897+00:00,2026-09-22T07:52:41.074570+00:00,2026-09-22T03:52:41.074570-04:00,2026-09-22T03:52:41.074570-04:00,propline_free_sample
2026-09-21,2026-09-22 01:45:00+00:00,Zebby Matthews,7.5,under,-278,underdog,220278,San Francisco Giants,Minnesota Twins,2026-09-21T22:15:27.526520+00:00,2026-09-22T07:52:41.074570+00:00,2026-09-22T03:52:41.074570-04:00,2026-09-22T03:52:41.074570-04:00,propline_free_sample
2026-09-21,2026-09-22 01:45:00+00:00,Blade Tidwell,3.5,over,-161,smarkets,220278,San Francisco Giants,Minnesota Twins,2026-09-22T01:21:18.777251+00:00,2026-09-22T07:52:41.074570+00:00,2026-09-22T03:52:41.074570-04:00,2026-09-22T03:52:41.074570-04:00,propline_free_sample
2026-09-21,2026-09-22 01:45:00+00:00,Blade Tidwell,3.5,under,114,smarkets,220278,San Francisco Giants,Minnesota Twins,2026-09-22T01:21:18.777251+00:00,2026-09-22T07:52:41.074570+00:00,2026-09-22T03:52:41.074570-04:00,2026-09-22T03:52:41.074570-04:00,propline_free_sample
2026-09-21,2026-09-22 01:45:00+00:00,Zebby Matthews,4.5,over,-132,smarkets,220278,San Francisco Giants,Minnesota Twins,2026-09-22T01:21:18.777251+00:00,2026-09-22T07:52:41.074570+00:00,2026-09-22T03:52:41.074570-04:00,2026-09-22T03:52:41.074570-04:00,propline_free_sample
2026-09-21,2026-09-22 01:45:00+00:00,Zebby Matthews,4.5,under,-106,smarkets,220278,San Francisco Giants,Minnesota Twins,2026-09-22T01:21:18.777251+00:00,2026-09-22T07:52:41.074570+00:00,2026-09-22T03:52:41.074570-04:00,2026-09-22T03:52:41.074570-04:00,propline_free_sample
2026-09-21,2026-09-22 01:45:00+00:00,Zebby Matthews,4.5,over,100,prizepicks,220278,San Francisco Giants,Minnesota Twins,2026-09-21T00:27:19.620825+00:00,2026-09-22T07:52:41.074570+00:00,2026-09-22T03:52:41.074570-04:00,2026-09-22T03:52:41.074570-04:00,propline_free_sample
2026-09-21,2026-09-22 01:45:00+00:00,Zebby Matthews,4.5,under,100,prizepicks,220278,San Francisco Giants,Minnesota Twins,2026-09-21T00:27:19.620825+00:00,2026-09-22T07:52:41.074570+00:00,2026-09-22T03:52:41.074570-04:00,2026-09-22T03:52:41.074570-04:00,propline_free_sample
2026-09-21,2026-09-22 01:45:00+00:00,Blade Tidwell,6.5,over,100,prizepicks,220278,San Francisco Giants,Minnesota Twins,2026-09-21T00:27:19.620825+00:00,2026-09-22T07:52:41.074570+00:00,2026-09-22T03:52:41.074570-04:00,2026-09-22T03:52:41.074570-04:00,propline_free_sample
2026-09-21,2026-09-22 01:45:00+00:00,Zebby Matthews,6.5,over,100,prizepicks,220278,San Francisco Giants,Minnesota Twins,2026-09-21T00:27:19.620825+00:00,2026-09-22T07:52:41.074570+00:00,2026-09-22T03:52:41.074570-04:00,2026-09-22T03:52:41.074570-04:00,propline_free_sample
2026-09-21,2026-09-22 01:45:00+00:00,Blade Tidwell,3.5,over,100,prizepicks,220278,San Francisco Giants,Minnesota Twins,2026-09-21T00:27:19.620825+00:00,2026-09-22T07:52:41.074570+00:00,2026-09-22T03:52:41.074570-04:00,2026-09-22T03:52:41.074570-04:00,propline_free_sample
2026-09-21,2026-09-22 01:45:00+00:00,Zebby Matthews,3.5,over,100,prizepicks,220278,San Francisco Giants,Minnesota Twins,2026-09-21T00:27:19.620825+00:00,2026-09-22T07:52:41.074570+00:00,2026-09-22T03:52:41.074570-04:00,2026-09-22T03:52:41.074570-04:00,propline_free_sample
2026-09-21,2026-09-22 01:45:00+00:00,Blade Tidwell,3.5,under,100,prizepicks,220278,San Francisco Giants,Minnesota Twins,2026-09-21T00:27:19.620825+00:00,2026-09-22T07:52:41.074570+00:00,2026-09-22T03:52:41.074570-04:00,2026-09-22T03:52:41.074570-04:00,propline_free_sample
2026-09-21,2026-09-22 01:45:00+00:00,Blade Tidwell,3.5,over,-158,fanduel,220278,San Francisco Giants,Minnesota Twins,2026-09-22T01:00:34.559123+00:00,2026-09-22T07:52:41.074570+00:00,2026-09-22T03:52:41.074570-04:00,2026-09-22T03:52:41.074570-04:00,propline_free_sample
2026-09-21,2026-09-22 01:45:00+00:00,Blade Tidwell,3.5,under,124,fanduel,220278,San Francisco Giants,Minnesota Twins,2026-09-21T23:07:07.729850+00:00,2026-09-22T07:52:41.074570+00:00,2026-09-22T03:52:41.074570-04:00,2026-09-22T03:52:41.074570-04:00,propline_free_sample
2026-09-21,2026-09-22 01:45:00+00:00,Zebby Matthews,4.5,over,-108,fanduel,220278,San Francisco Giants,Minnesota Twins,2026-09-22T01:24:34.762163+00:00,2026-09-22T07:52:41.074570+00:00,2026-09-22T03:52:41.074570-04:00,2026-09-22T03:52:41.074570-04:00,propline_free_sample
2026-09-21,2026-09-22 01:45:00+00:00,Zebby Matthews,4.5,under,-118,fanduel,220278,San Francisco Giants,Minnesota Twins,2026-09-22T01:24:34.762163+00:00,2026-09-22T07:52:41.074570+00:00,2026-09-22T03:52:41.074570-04:00,2026-09-22T03:52:41.074570-04:00,propline_free_sample
2026-09-21,2026-09-22 01:45:00+00:00,Blade Tidwell,4.5,over,100,prizepicks,220278,San Francisco Giants,Minnesota Twins,2026-09-21T01:30:19.935225+00:00,2026-09-22T07:52:41.074570+00:00,2026-09-22T03:52:41.074570-04:00,2026-09-22T03:52:41.074570-04:00,propline_free_sample
2026-09-21,2026-09-22 01:45:00+00:00,Blade Tidwell,5.5,over,100,prizepicks,220278,San Francisco Giants,Minnesota Twins,2026-09-21T01:30:19.935225+00:00,2026-09-22T07:52:41.074570+00:00,2026-09-22T03:52:41.074570-04:00,2026-09-22T03:52:41.074570-04:00,propline_free_sample
2026-09-21,2026-09-22 01:45:00+00:00,Zebby Matthews,5.5,over,100,prizepicks,220278,San Francisco Giants,Minnesota Twins,2026-09-21T01:30:19.935225+00:00,2026-09-22T07:52:41.074570+00:00,2026-09-22T03:52:41.074570-04:00,2026-09-22T03:52:41.074570-04:00,propline_free_sample
2026-09-21,2026-09-22 01:45:00+00:00,Zebby Matthews,7.5,over,100,prizepicks,220278,San Francisco Giants,Minnesota Twins,2026-09-21T01:30:19.935225+00:00,2026-09-22T07:52:41.074570+00:00,2026-09-22T03:52:41.074570-04:00,2026-09-22T03:52:41.074570-04:00,propline_free_sample
2026-09-21,2026-09-22 01:45:00+00:00,Blade Tidwell,2.5,over,100,prizepicks,220278,San Francisco Giants,Minnesota Twins,2026-09-21T01:30:19.935225+00:00,2026-09-22T07:52:41.074570+00:00,2026-09-22T03:52:41.074570-04:00,2026-09-22T03:52:41.074570-04:00,propline_free_sample
2026-09-21,2026-09-22 01:45:00+00:00,Blade Tidwell (SF),3.5,over,-160,bovada,220278,San Francisco Giants,Minnesota Twins,2026-09-21T22:47:20.591546+00:00,2026-09-22T07:52:41.074570+00:00,2026-09-22T03:52:41.074570-04:00,2026-09-22T03:52:41.074570-04:00,propline_free_sample
2026-09-21,2026-09-22 01:45:00+00:00,Blade Tidwell (SF),3.5,under,120,bovada,220278,San Francisco Giants,Minnesota Twins,2026-09-21T22:47:20.591546+00:00,2026-09-22T07:52:41.074570+00:00,2026-09-22T03:52:41.074570-04:00,2026-09-22T03:52:41.074570-04:00,propline_free_sample
2026-09-21,2026-09-22 01:45:00+00:00,Zebby Matthews (MIN),4.5,over,-125,bovada,220278,San Francisco Giants,Minnesota Twins,2026-09-22T01:44:19.045435+00:00,2026-09-22T07:52:41.074570+00:00,2026-09-22T03:52:41.074570-04:00,2026-09-22T03:52:41.074570-04:00,propline_free_sample
2026-09-21,2026-09-22 01:45:00+00:00,Zebby Matthews (MIN),4.5,under,-105,bovada,220278,San Francisco Giants,Minnesota Twins,2026-09-22T01:44:19.045435+00:00,2026-09-22T07:52:41.074570+00:00,2026-09-22T03:52:41.074570-04:00,2026-09-22T03:52:41.074570-04:00,propline_free_sample
2026-09-21,2026-09-22 01:45:00+00:00,Zebby Matthews,4.5,over,-128,sleeper,220278,San Francisco Giants,Minnesota Twins,2026-09-21T23:17:56.498416+00:00,2026-09-22T07:52:41.074570+00:00,2026-09-22T03:52:41.074570-04:00,2026-09-22T03:52:41.074570-04:00,propline_free_sample
2026-09-21,2026-09-22 01:45:00+00:00,Zebby Matthews,4.5,under,-128,sleeper,220278,San Francisco Giants,Minnesota Twins,2026-09-21T23:17:56.498416+00:00,2026-09-22T07:52:41.074570+00:00,2026-09-22T03:52:41.074570-04:00,2026-09-22T03:52:41.074570-04:00,propline_free_sample
2026-09-21,2026-09-22 01:45:00+00:00,Blade Tidwell,3.5,over,-185,sleeper,220278,San Francisco Giants,Minnesota Twins,2026-09-22T00:43:43.307085+00:00,2026-09-22T07:52:41.074570+00:00,2026-09-22T03:52:41.074570-04:00,2026-09-22T03:52:41.074570-04:00,propline_free_sample
2026-09-21,2026-09-22 01:45:00+00:00,Blade Tidwell,3.5,under,109,sleeper,220278,San Francisco Giants,Minnesota Twins,2026-09-22T00:43:43.307085+00:00,2026-09-22T07:52:41.074570+00:00,2026-09-22T03:52:41.074570-04:00,2026-09-22T03:52:41.074570-04:00,propline_free_sample
2026-09-21,2026-09-22 01:45:00+00:00,Blade Tidwell,0.5,over,-6000,hardrock,220278,San Francisco Giants,Minnesota Twins,2026-09-21T13:34:35.026499+00:00,2026-09-22T07:52:41.074570+00:00,2026-09-22T03:52:41.074570-04:00,2026-09-22T03:52:41.074570-04:00,propline_free_sample
2026-09-21,2026-09-22 01:45:00+00:00,Blade Tidwell,0.5,under,1400,hardrock,220278,San Francisco Giants,Minnesota Twins,2026-09-21T22:08:00.944126+00:00,2026-09-22T07:52:41.074570+00:00,2026-09-22T03:52:41.074570-04:00,2026-09-22T03:52:41.074570-04:00,propline_free_sample
2026-09-21,2026-09-22 01:45:00+00:00,Blade Tidwell,1.5,over,-1500,hardrock,220278,San Francisco Giants,Minnesota Twins,2026-09-22T01:29:39.380607+00:00,2026-09-22T07:52:41.074570+00:00,2026-09-22T03:52:41.074570-04:00,2026-09-22T03:52:41.074570-04:00,propline_free_sample
2026-09-21,2026-09-22 01:45:00+00:00,Blade Tidwell,1.5,under,525,hardrock,220278,San Francisco Giants,Minnesota Twins,2026-09-21T13:34:35.026499+00:00,2026-09-22T07:52:41.074570+00:00,2026-09-22T03:52:41.074570-04:00,2026-09-22T03:52:41.074570-04:00,propline_free_sample
2026-09-21,2026-09-22 01:45:00+00:00,Blade Tidwell,2.5,over,-6000,hardrock,220278,San Francisco Giants,Minnesota Twins,2026-09-21T13:34:35.026499+00:00,2026-09-22T07:52:41.074570+00:00,2026-09-22T03:52:41.074570-04:00,2026-09-22T03:52:41.074570-04:00,propline_free_sample
2026-09-21,2026-09-22 01:45:00+00:00,Blade Tidwell,2.5,under,1400,hardrock,220278,San Francisco Giants,Minnesota Twins,2026-09-21T22:08:00.944126+00:00,2026-09-22T07:52:41.074570+00:00,2026-09-22T03:52:41.074570-04:00,2026-09-22T03:52:41.074570-04:00,propline_free_sample
2026-09-21,2026-09-22 01:45:00+00:00,Blade Tidwell,3.5,over,-700,hardrock,220278,San Francisco Giants,Minnesota Twins,2026-09-21T22:11:52.130184+00:00,2026-09-22T07:52:41.074570+00:00,2026-09-22T03:52:41.074570-04:00,2026-09-22T03:52:41.074570-04:00,propline_free_sample
2026-09-21,2026-09-22 01:45:00+00:00,Blade Tidwell,3.5,under,350,hardrock,220278,San Francisco Giants,Minnesota Twins,2026-09-21T22:06:47.106019+00:00,2026-09-22T07:52:41.074570+00:00,2026-09-22T03:52:41.074570-04:00,2026-09-22T03:52:41.074570-04:00,propline_free_sample
2026-09-21,2026-09-22 01:45:00+00:00,Blade Tidwell,4.5,over,-1500,hardrock,220278,San Francisco Giants,Minnesota Twins,2026-09-21T22:06:47.106019+00:00,2026-09-22T07:52:41.074570+00:00,2026-09-22T03:52:41.074570-04:00,2026-09-22T03:52:41.074570-04:00,propline_free_sample
2026-09-21,2026-09-22 01:45:00+00:00,Blade Tidwell,4.5,under,525,hardrock,220278,San Francisco Giants,Minnesota Twins,2026-09-21T23:43:13.810001+00:00,2026-09-22T07:52:41.074570+00:00,2026-09-22T03:52:41.074570-04:00,2026-09-22T03:52:41.074570-04:00,propline_free_sample
2026-09-21,2026-09-22 01:45:00+00:00,Blade Tidwell,5.5,over,-230,hardrock,220278,San Francisco Giants,Minnesota Twins,2026-09-21T01:44:31.544996+00:00,2026-09-22T07:52:41.074570+00:00,2026-09-22T03:52:41.074570-04:00,2026-09-22T03:52:41.074570-04:00,propline_free_sample
2026-09-21,2026-09-22 01:45:00+00:00,Blade Tidwell,5.5,under,155,hardrock,220278,San Francisco Giants,Minnesota Twins,2026-09-21T22:06:47.106019+00:00,2026-09-22T07:52:41.074570+00:00,2026-09-22T03:52:41.074570-04:00,2026-09-22T03:52:41.074570-04:00,propline_free_sample
2026-09-21,2026-09-22 01:45:00+00:00,Blade Tidwell,6.5,over,140,hardrock,220278,San Francisco Giants,Minnesota Twins,2026-09-21T22:37:50.460003+00:00,2026-09-22T07:52:41.074570+00:00,2026-09-22T03:52:41.074570-04:00,2026-09-22T03:52:41.074570-04:00,propline_free_sample
2026-09-21,2026-09-22 01:45:00+00:00,Blade Tidwell,6.5,under,-210,hardrock,220278,San Francisco Giants,Minnesota Twins,2026-09-22T00:59:29.544811+00:00,2026-09-22T07:52:41.074570+00:00,2026-09-22T03:52:41.074570-04:00,2026-09-22T03:52:41.074570-04:00,propline_free_sample
2026-09-21,2026-09-22 01:45:00+00:00,Blade Tidwell,7.5,over,375,hardrock,220278,San Francisco Giants,Minnesota Twins,2026-09-22T00:59:29.544811+00:00,2026-09-22T07:52:41.074570+00:00,2026-09-22T03:52:41.074570-04:00,2026-09-22T03:52:41.074570-04:00,propline_free_sample
2026-09-21,2026-09-22 01:45:00+00:00,Blade Tidwell,7.5,under,-800,hardrock,220278,San Francisco Giants,Minnesota Twins,2026-09-21T14:43:18.121000+00:00,2026-09-22T07:52:41.074570+00:00,2026-09-22T03:52:41.074570-04:00,2026-09-22T03:52:41.074570-04:00,propline_free_sample
2026-09-21,2026-09-22 01:45:00+00:00,Blade Tidwell,8.5,over,1100,hardrock,220278,San Francisco Giants,Minnesota Twins,2026-09-21T01:44:31.544996+00:00,2026-09-22T07:52:41.074570+00:00,2026-09-22T03:52:41.074570-04:00,2026-09-22T03:52:41.074570-04:00,propline_free_sample
2026-09-21,2026-09-22 01:45:00+00:00,Blade Tidwell,8.5,under,-5000,hardrock,220278,San Francisco Giants,Minnesota Twins,2026-09-21T08:39:36.345072+00:00,2026-09-22T07:52:41.074570+00:00,2026-09-22T03:52:41.074570-04:00,2026-09-22T03:52:41.074570-04:00,propline_free_sample
2026-09-21,2026-09-22 01:45:00+00:00,Zebby Matthews,0.5,over,-15000,hardrock,220278,San Francisco Giants,Minnesota Twins,2026-09-22T00:28:41.657413+00:00,2026-09-22T07:52:41.074570+00:00,2026-09-22T03:52:41.074570-04:00,2026-09-22T03:52:41.074570-04:00,propline_free_sample
2026-09-21,2026-09-22 01:45:00+00:00,Zebby Matthews,0.5,under,3000,hardrock,220278,San Francisco Giants,Minnesota Twins,2026-09-21T23:55:25.526945+00:00,2026-09-22T07:52:41.074570+00:00,2026-09-22T03:52:41.074570-04:00,2026-09-22T03:52:41.074570-04:00,propline_free_sample
2026-09-21,2026-09-22 01:45:00+00:00,Zebby Matthews,1.5,over,-4000,hardrock,220278,San Francisco Giants,Minnesota Twins,2026-09-22T00:01:11.265544+00:00,2026-09-22T07:52:41.074570+00:00,2026-09-22T03:52:41.074570-04:00,2026-09-22T03:52:41.074570-04:00,propline_free_sample
2026-09-21,2026-09-22 01:45:00+00:00,Zebby Matthews,1.5,under,850,hardrock,220278,San Francisco Giants,Minnesota Twins,2026-09-22T00:01:11.265544+00:00,2026-09-22T07:52:41.074570+00:00,2026-09-22T03:52:41.074570-04:00,2026-09-22T03:52:41.074570-04:00,propline_free_sample
2026-09-21,2026-09-22 01:45:00+00:00,Zebby Matthews,2.5,over,-3000,hardrock,220278,San Francisco Giants,Minnesota Twins,2026-09-21T23:55:25.526945+00:00,2026-09-22T07:52:41.074570+00:00,2026-09-22T03:52:41.074570-04:00,2026-09-22T03:52:41.074570-04:00,propline_free_sample
2026-09-21,2026-09-22 01:45:00+00:00,Zebby Matthews,2.5,under,700,hardrock,220278,San Francisco Giants,Minnesota Twins,2026-09-22T00:01:11.265544+00:00,2026-09-22T07:52:41.074570+00:00,2026-09-22T03:52:41.074570-04:00,2026-09-22T03:52:41.074570-04:00,propline_free_sample
2026-09-21,2026-09-22 01:45:00+00:00,Zebby Matthews,3.5,over,-525,hardrock,220278,San Francisco Giants,Minnesota Twins,2026-09-21T23:55:25.526945+00:00,2026-09-22T07:52:41.074570+00:00,2026-09-22T03:52:41.074570-04:00,2026-09-22T03:52:41.074570-04:00,propline_free_sample
2026-09-21,2026-09-22 01:45:00+00:00,Zebby Matthews,3.5,under,300,hardrock,220278,San Francisco Giants,Minnesota Twins,2026-09-22T00:28:41.657413+00:00,2026-09-22T07:52:41.074570+00:00,2026-09-22T03:52:41.074570-04:00,2026-09-22T03:52:41.074570-04:00,propline_free_sample
2026-09-21,2026-09-22 01:45:00+00:00,Zebby Matthews,4.5,over,-450,hardrock,220278,San Francisco Giants,Minnesota Twins,2026-09-21T23:55:25.526945+00:00,2026-09-22T07:52:41.074570+00:00,2026-09-22T03:52:41.074570-04:00,2026-09-22T03:52:41.074570-04:00,propline_free_sample
2026-09-21,2026-09-22 01:45:00+00:00,Zebby Matthews,4.5,under,250,hardrock,220278,San Francisco Giants,Minnesota Twins,2026-09-21T23:55:25.526945+00:00,2026-09-22T07:52:41.074570+00:00,2026-09-22T03:52:41.074570-04:00,2026-09-22T03:52:41.074570-04:00,propline_free_sample
2026-09-21,2026-09-22 01:45:00+00:00,Zebby Matthews,5.5,over,-210,hardrock,220278,San Francisco Giants,Minnesota Twins,2026-09-21T23:55:25.526945+00:00,2026-09-22T07:52:41.074570+00:00,2026-09-22T03:52:41.074570-04:00,2026-09-22T03:52:41.074570-04:00,propline_free_sample
2026-09-21,2026-09-22 01:45:00+00:00,Zebby Matthews,5.5,under,145,hardrock,220278,San Francisco Giants,Minnesota Twins,2026-09-21T23:55:25.526945+00:00,2026-09-22T07:52:41.074570+00:00,2026-09-22T03:52:41.074570-04:00,2026-09-22T03:52:41.074570-04:00,propline_free_sample
2026-09-21,2026-09-22 01:45:00+00:00,Zebby Matthews,6.5,over,175,hardrock,220278,San Francisco Giants,Minnesota Twins,2026-09-21T23:55:25.526945+00:00,2026-09-22T07:52:41.074570+00:00,2026-09-22T03:52:41.074570-04:00,2026-09-22T03:52:41.074570-04:00,propline_free_sample
2026-09-21,2026-09-22 01:45:00+00:00,Zebby Matthews,6.5,under,-275,hardrock,220278,San Francisco Giants,Minnesota Twins,2026-09-21T23:55:25.526945+00:00,2026-09-22T07:52:41.074570+00:00,2026-09-22T03:52:41.074570-04:00,2026-09-22T03:52:41.074570-04:00,propline_free_sample
2026-09-21,2026-09-22 01:45:00+00:00,Zebby Matthews,7.5,over,475,hardrock,220278,San Francisco Giants,Minnesota Twins,2026-09-22T00:19:54.363283+00:00,2026-09-22T07:52:41.074570+00:00,2026-09-22T03:52:41.074570-04:00,2026-09-22T03:52:41.074570-04:00,propline_free_sample
2026-09-21,2026-09-22 01:45:00+00:00,Zebby Matthews,7.5,under,-1200,hardrock,220278,San Francisco Giants,Minnesota Twins,2026-09-22T00:19:54.363283+00:00,2026-09-22T07:52:41.074570+00:00,2026-09-22T03:52:41.074570-04:00,2026-09-22T03:52:41.074570-04:00,propline_free_sample
2026-09-21,2026-09-22 01:45:00+00:00,Zebby Matthews,8.5,over,1400,hardrock,220278,San Francisco Giants,Minnesota Twins,2026-09-21T23:54:07.374802+00:00,2026-09-22T07:52:41.074570+00:00,2026-09-22T03:52:41.074570-04:00,2026-09-22T03:52:41.074570-04:00,propline_free_sample
2026-09-21,2026-09-22 01:45:00+00:00,Zebby Matthews,8.5,under,-7000,hardrock,220278,San Francisco Giants,Minnesota Twins,2026-09-22T00:19:54.363283+00:00,2026-09-22T07:52:41.074570+00:00,2026-09-22T03:52:41.074570-04:00,2026-09-22T03:52:41.074570-04:00,propline_free_sample
2026-09-21,2026-09-22 01:45:00+00:00,Zebby Matthews,9.5,over,4000,hardrock,220278,San Francisco Giants,Minnesota Twins,2026-09-21T15:18:31.740506+00:00,2026-09-22T07:52:41.074570+00:00,2026-09-22T03:52:41.074570-04:00,2026-09-22T03:52:41.074570-04:00,propline_free_sample
2026-09-21,2026-09-22 01:45:00+00:00,Zebby Matthews,9.5,under,-50000,hardrock,220278,San Francisco Giants,Minnesota Twins,2026-09-21T23:54:07.374802+00:00,2026-09-22T07:52:41.074570+00:00,2026-09-22T03:52:41.074570-04:00,2026-09-22T03:52:41.074570-04:00,propline_free_sample
2026-09-21,2026-09-22 01:45:00+00:00,Blade Tidwell,4.5,under,100,prizepicks,220278,San Francisco Giants,Minnesota Twins,2026-09-21T01:50:20.253807+00:00,2026-09-22T07:52:41.074570+00:00,2026-09-22T03:52:41.074570-04:00,2026-09-22T03:52:41.074570-04:00,propline_free_sample
2026-09-21,2026-09-22 01:45:00+00:00,Blade Tidwell,5.5,under,100,prizepicks,220278,San Francisco Giants,Minnesota Twins,2026-09-21T01:50:20.253807+00:00,2026-09-22T07:52:41.074570+00:00,2026-09-22T03:52:41.074570-04:00,2026-09-22T03:52:41.074570-04:00,propline_free_sample
2026-09-21,2026-09-22 01:45:00+00:00,Blade Tidwell,7.5,over,100,prizepicks,220278,San Francisco Giants,Minnesota Twins,2026-09-21T01:50:20.253807+00:00,2026-09-22T07:52:41.074570+00:00,2026-09-22T03:52:41.074570-04:00,2026-09-22T03:52:41.074570-04:00,propline_free_sample
2026-09-21,2026-09-22 01:45:00+00:00,Blade Tidwell,2.5,under,100,prizepicks,220278,San Francisco Giants,Minnesota Twins,2026-09-21T01:50:20.253807+00:00,2026-09-22T07:52:41.074570+00:00,2026-09-22T03:52:41.074570-04:00,2026-09-22T03:52:41.074570-04:00,propline_free_sample
2026-09-21,2026-09-22 01:45:00+00:00,Blade Tidwell,3.5,over,-152,prophetx,220278,San Francisco Giants,Minnesota Twins,2026-09-22T01:42:32.004354+00:00,2026-09-22T07:52:41.074570+00:00,2026-09-22T03:52:41.074570-04:00,2026-09-22T03:52:41.074570-04:00,propline_free_sample
2026-09-21,2026-09-22 01:45:00+00:00,Blade Tidwell,3.5,under,125,prophetx,220278,San Francisco Giants,Minnesota Twins,2026-09-22T00:40:15.400843+00:00,2026-09-22T07:52:41.074570+00:00,2026-09-22T03:52:41.074570-04:00,2026-09-22T03:52:41.074570-04:00,propline_free_sample
2026-09-21,2026-09-22 01:45:00+00:00,Zebby Matthews,4.5,over,-105,prophetx,220278,San Francisco Giants,Minnesota Twins,2026-09-22T00:25:51.640236+00:00,2026-09-22T07:52:41.074570+00:00,2026-09-22T03:52:41.074570-04:00,2026-09-22T03:52:41.074570-04:00,propline_free_sample
2026-09-21,2026-09-22 01:45:00+00:00,Zebby Matthews,4.5,under,100,prophetx,220278,San Francisco Giants,Minnesota Twins,2026-09-22T00:23:52.029788+00:00,2026-09-22T07:52:41.074570+00:00,2026-09-22T03:52:41.074570-04:00,2026-09-22T03:52:41.074570-04:00,propline_free_sample
2026-09-21,2026-09-22 01:45:00+00:00,Blade Tidwell,6.5,over,145,fanatics,220278,San Francisco Giants,Minnesota Twins,2026-09-22T01:35:14.335069+00:00,2026-09-22T07:52:41.074570+00:00,2026-09-22T03:52:41.074570-04:00,2026-09-22T03:52:41.074570-04:00,propline_free_sample
2026-09-21,2026-09-22 01:45:00+00:00,Blade Tidwell,6.5,under,-195,fanatics,220278,San Francisco Giants,Minnesota Twins,2026-09-22T01:35:14.335069+00:00,2026-09-22T07:52:41.074570+00:00,2026-09-22T03:52:41.074570-04:00,2026-09-22T03:52:41.074570-04:00,propline_free_sample
2026-09-21,2026-09-22 01:45:00+00:00,Zebby Matthews,5.5,over,110,fanatics,220278,San Francisco Giants,Minnesota Twins,2026-09-22T01:35:45.750756+00:00,2026-09-22T07:52:41.074570+00:00,2026-09-22T03:52:41.074570-04:00,2026-09-22T03:52:41.074570-04:00,propline_free_sample
2026-09-21,2026-09-22 01:45:00+00:00,Zebby Matthews,5.5,under,-145,fanatics,220278,San Francisco Giants,Minnesota Twins,2026-09-22T01:35:45.750756+00:00,2026-09-22T07:52:41.074570+00:00,2026-09-22T03:52:41.074570-04:00,2026-09-22T03:52:41.074570-04:00,propline_free_sample
2026-09-21,2026-09-22 01:45:00+00:00,Blade Tidwell,3.5,over,-99900,novig,220278,San Francisco Giants,Minnesota Twins,2026-09-21T22:12:39.515489+00:00,2026-09-22T07:52:41.074570+00:00,2026-09-22T03:52:41.074570-04:00,2026-09-22T03:52:41.074570-04:00,propline_free_sample
2026-09-21,2026-09-22 01:45:00+00:00,Blade Tidwell,3.5,under,147,novig,220278,San Francisco Giants,Minnesota Twins,2026-09-22T00:10:03.138288+00:00,2026-09-22T07:52:41.074570+00:00,2026-09-22T03:52:41.074570-04:00,2026-09-22T03:52:41.074570-04:00,propline_free_sample
2026-09-21,2026-09-22 01:45:00+00:00,Zebby Matthews,4.5,over,-2603,novig,220278,San Francisco Giants,Minnesota Twins,2026-09-22T00:42:39.377466+00:00,2026-09-22T07:52:41.074570+00:00,2026-09-22T03:52:41.074570-04:00,2026-09-22T03:52:41.074570-04:00,propline_free_sample
2026-09-21,2026-09-22 01:45:00+00:00,Zebby Matthews,4.5,under,-400,novig,220278,San Francisco Giants,Minnesota Twins,2026-09-22T01:16:19.460617+00:00,2026-09-22T07:52:41.074570+00:00,2026-09-22T03:52:41.074570-04:00,2026-09-22T03:52:41.074570-04:00,propline_free_sample
2026-09-21,2026-09-22 01:45:00+00:00,Zebby Matthews,6.5,under,100,prizepicks,220278,San Francisco Giants,Minnesota Twins,2026-09-21T02:02:19.759371+00:00,2026-09-22T07:52:41.074570+00:00,2026-09-22T03:52:41.074570-04:00,2026-09-22T03:52:41.074570-04:00,propline_free_sample
2026-09-21,2026-09-22 01:45:00+00:00,Zebby Matthews,3.5,under,100,prizepicks,220278,San Francisco Giants,Minnesota Twins,2026-09-21T02:02:19.759371+00:00,2026-09-22T07:52:41.074570+00:00,2026-09-22T03:52:41.074570-04:00,2026-09-22T03:52:41.074570-04:00,propline_free_sample
2026-09-21,2026-09-22 01:45:00+00:00,Zebby Matthews,5.5,under,100,prizepicks,220278,San Francisco Giants,Minnesota Twins,2026-09-21T02:02:19.759371+00:00,2026-09-22T07:52:41.074570+00:00,2026-09-22T03:52:41.074570-04:00,2026-09-22T03:52:41.074570-04:00,propline_free_sample
2026-09-21,2026-09-22 01:45:00+00:00,Zebby Matthews,2.5,over,100,prizepicks,220278,San Francisco Giants,Minnesota Twins,2026-09-21T02:02:19.759371+00:00,2026-09-22T07:52:41.074570+00:00,2026-09-22T03:52:41.074570-04:00,2026-09-22T03:52:41.074570-04:00,propline_free_sample
2026-09-21,2026-09-22 01:45:00+00:00,Zebby Matthews,2.5,under,100,prizepicks,220278,San Francisco Giants,Minnesota Twins,2026-09-21T02:02:19.759371+00:00,2026-09-22T07:52:41.074570+00:00,2026-09-22T03:52:41.074570-04:00,2026-09-22T03:52:41.074570-04:00,propline_free_sample
2026-09-21,2026-09-22 01:45:00+00:00,Zebby Matthews,8.5,over,100,prizepicks,220278,San Francisco Giants,Minnesota Twins,2026-09-21T02:02:19.759371+00:00,2026-09-22T07:52:41.074570+00:00,2026-09-22T03:52:41.074570-04:00,2026-09-22T03:52:41.074570-04:00,propline_free_sample
2026-09-21,2026-09-22 01:45:00+00:00,Blade Tidwell,3.5,over,-168,draftkings,220278,San Francisco Giants,Minnesota Twins,2026-09-22T01:31:03.373996+00:00,2026-09-22T07:52:41.074570+00:00,2026-09-22T03:52:41.074570-04:00,2026-09-22T03:52:41.074570-04:00,propline_free_sample
2026-09-21,2026-09-22 01:45:00+00:00,Blade Tidwell,3.5,under,131,draftkings,220278,San Francisco Giants,Minnesota Twins,2026-09-22T01:31:03.373996+00:00,2026-09-22T07:52:41.074570+00:00,2026-09-22T03:52:41.074570-04:00,2026-09-22T03:52:41.074570-04:00,propline_free_sample
2026-09-21,2026-09-22 01:45:00+00:00,Zebby Matthews,4.5,over,-117,draftkings,220278,San Francisco Giants,Minnesota Twins,2026-09-22T01:30:09.154949+00:00,2026-09-22T07:52:41.074570+00:00,2026-09-22T03:52:41.074570-04:00,2026-09-22T03:52:41.074570-04:00,propline_free_sample
2026-09-21,2026-09-22 01:45:00+00:00,Zebby Matthews,4.5,under,-109,draftkings,220278,San Francisco Giants,Minnesota Twins,2026-09-22T01:30:09.154949+00:00,2026-09-22T07:52:41.074570+00:00,2026-09-22T03:52:41.074570-04:00,2026-09-22T03:52:41.074570-04:00,propline_free_sample
2026-09-21,2026-09-22 01:45:00+00:00,Zebby Matthews,4.5,over,100,prizepicks,220278,San Francisco Giants,Minnesota Twins,2026-09-21T03:19:20.400746+00:00,2026-09-22T07:52:41.074570+00:00,2026-09-22T03:52:41.074570-04:00,2026-09-22T03:52:41.074570-04:00,propline_free_sample
2026-09-21,2026-09-22 01:45:00+00:00,Zebby Matthews,4.5,under,100,prizepicks,220278,San Francisco Giants,Minnesota Twins,2026-09-21T03:19:20.400746+00:00,2026-09-22T07:52:41.074570+00:00,2026-09-22T03:52:41.074570-04:00,2026-09-22T03:52:41.074570-04:00,propline_free_sample
2026-09-21,2026-09-22 01:45:00+00:00,Zebby Matthews,10.5,over,5000,hardrock,220278,San Francisco Giants,Minnesota Twins,2026-09-21T03:19:30.148647+00:00,2026-09-22T07:52:41.074570+00:00,2026-09-22T03:52:41.074570-04:00,2026-09-22T03:52:41.074570-04:00,propline_free_sample
2026-09-21,2026-09-22 01:45:00+00:00,Zebby Matthews,10.5,under,-100000,hardrock,220278,San Francisco Giants,Minnesota Twins,2026-09-21T03:19:30.148647+00:00,2026-09-22T07:52:41.074570+00:00,2026-09-22T03:52:41.074570-04:00,2026-09-22T03:52:41.074570-04:00,propline_free_sample
2026-09-21,2026-09-22 01:45:00+00:00,Blade Tidwell,1.5,over,-3233,kalshi,220278,San Francisco Giants,Minnesota Twins,2026-09-22T00:33:07.798118+00:00,2026-09-22T07:52:41.074570+00:00,2026-09-22T03:52:41.074570-04:00,2026-09-22T03:52:41.074570-04:00,propline_free_sample
2026-09-21,2026-09-22 01:45:00+00:00,Blade Tidwell,2.5,over,-2400,kalshi,220278,San Francisco Giants,Minnesota Twins,2026-09-22T01:44:11.764450+00:00,2026-09-22T07:52:41.074570+00:00,2026-09-22T03:52:41.074570-04:00,2026-09-22T03:52:41.074570-04:00,propline_free_sample
2026-09-21,2026-09-22 01:45:00+00:00,Zebby Matthews,2.5,over,-9900,kalshi,220278,San Francisco Giants,Minnesota Twins,2026-09-21T23:59:36.692595+00:00,2026-09-22T07:52:41.074570+00:00,2026-09-22T03:52:41.074570-04:00,2026-09-22T03:52:41.074570-04:00,propline_free_sample
2026-09-21,2026-09-22 01:45:00+00:00,Blade Tidwell,3.5,over,-2400,kalshi,220278,San Francisco Giants,Minnesota Twins,2026-09-22T01:44:57.369730+00:00,2026-09-22T07:52:41.074570+00:00,2026-09-22T03:52:41.074570-04:00,2026-09-22T03:52:41.074570-04:00,propline_free_sample
2026-09-21,2026-09-22 01:45:00+00:00,Zebby Matthews,3.5,over,-2400,kalshi,220278,San Francisco Giants,Minnesota Twins,2026-09-21T22:36:24.401647+00:00,2026-09-22T07:52:41.074570+00:00,2026-09-22T03:52:41.074570-04:00,2026-09-22T03:52:41.074570-04:00,propline_free_sample
2026-09-21,2026-09-22 01:45:00+00:00,Blade Tidwell,4.5,over,9900,kalshi,220278,San Francisco Giants,Minnesota Twins,2026-09-22T01:05:24.798759+00:00,2026-09-22T07:52:41.074570+00:00,2026-09-22T03:52:41.074570-04:00,2026-09-22T03:52:41.074570-04:00,propline_free_sample
2026-09-21,2026-09-22 01:45:00+00:00,Zebby Matthews,4.5,over,-1900,kalshi,220278,San Francisco Giants,Minnesota Twins,2026-09-22T01:44:41.209723+00:00,2026-09-22T07:52:41.074570+00:00,2026-09-22T03:52:41.074570-04:00,2026-09-22T03:52:41.074570-04:00,propline_free_sample
2026-09-21,2026-09-22 01:45:00+00:00,Blade Tidwell,5.5,over,9900,kalshi,220278,San Francisco Giants,Minnesota Twins,2026-09-22T00:47:15.186373+00:00,2026-09-22T07:52:41.074570+00:00,2026-09-22T03:52:41.074570-04:00,2026-09-22T03:52:41.074570-04:00,propline_free_sample
2026-09-21,2026-09-22 01:45:00+00:00,Zebby Matthews,5.5,over,-355,kalshi,220278,San Francisco Giants,Minnesota Twins,2026-09-22T00:21:46.575172+00:00,2026-09-22T07:52:41.074570+00:00,2026-09-22T03:52:41.074570-04:00,2026-09-22T03:52:41.074570-04:00,propline_free_sample
2026-09-21,2026-09-22 01:45:00+00:00,Blade Tidwell,6.5,over,9900,kalshi,220278,San Francisco Giants,Minnesota Twins,2026-09-22T01:34:06.822127+00:00,2026-09-22T07:52:41.074570+00:00,2026-09-22T03:52:41.074570-04:00,2026-09-22T03:52:41.074570-04:00,propline_free_sample
2026-09-21,2026-09-22 01:45:00+00:00,Zebby Matthews,6.5,over,-104,kalshi,220278,San Francisco Giants,Minnesota Twins,2026-09-22T01:30:15.374501+00:00,2026-09-22T07:52:41.074570+00:00,2026-09-22T03:52:41.074570-04:00,2026-09-22T03:52:41.074570-04:00,propline_free_sample
2026-09-21,2026-09-22 01:45:00+00:00,Blade Tidwell,7.5,over,9900,kalshi,220278,San Francisco Giants,Minnesota Twins,2026-09-22T00:16:47.947527+00:00,2026-09-22T07:52:41.074570+00:00,2026-09-22T03:52:41.074570-04:00,2026-09-22T03:52:41.074570-04:00,propline_free_sample
2026-09-21,2026-09-22 01:45:00+00:00,Zebby Matthews,7.5,over,-525,kalshi,220278,San Francisco Giants,Minnesota Twins,2026-09-22T00:22:02.801894+00:00,2026-09-22T07:52:41.074570+00:00,2026-09-22T03:52:41.074570-04:00,2026-09-22T03:52:41.074570-04:00,propline_free_sample
2026-09-21,2026-09-22 01:45:00+00:00,Zebby Matthews,8.5,over,-223,kalshi,220278,San Francisco Giants,Minnesota Twins,2026-09-21T23:52:51.906223+00:00,2026-09-22T07:52:41.074570+00:00,2026-09-22T03:52:41.074570-04:00,2026-09-22T03:52:41.074570-04:00,propline_free_sample
2026-09-21,2026-09-22 01:45:00+00:00,Blade Tidwell,3.5,over,-165,onexbet,220278,San Francisco Giants,Minnesota Twins,2026-09-22T00:41:31.857528+00:00,2026-09-22T07:52:41.074570+00:00,2026-09-22T03:52:41.074570-04:00,2026-09-22T03:52:41.074570-04:00,propline_free_sample
2026-09-21,2026-09-22 01:45:00+00:00,Zebby Matthews,4.5,over,-120,onexbet,220278,San Francisco Giants,Minnesota Twins,2026-09-22T00:41:31.857528+00:00,2026-09-22T07:52:41.074570+00:00,2026-09-22T03:52:41.074570-04:00,2026-09-22T03:52:41.074570-04:00,propline_free_sample
2026-09-21,2026-09-22 01:45:00+00:00,Blade Tidwell,3.5,under,125,onexbet,220278,San Francisco Giants,Minnesota Twins,2026-09-22T00:41:31.857528+00:00,2026-09-22T07:52:41.074570+00:00,2026-09-22T03:52:41.074570-04:00,2026-09-22T03:52:41.074570-04:00,propline_free_sample
2026-09-21,2026-09-22 01:45:00+00:00,Zebby Matthews,4.5,under,-110,onexbet,220278,San Francisco Giants,Minnesota Twins,2026-09-22T00:41:31.857528+00:00,2026-09-22T07:52:41.074570+00:00,2026-09-22T03:52:41.074570-04:00,2026-09-22T03:52:41.074570-04:00,propline_free_sample
2026-09-21,2026-09-22 01:45:00+00:00,Blade Tidwell,3.5,under,9900,kalshi,220278,San Francisco Giants,Minnesota Twins,2026-09-22T01:44:57.369730+00:00,2026-09-22T07:52:41.074570+00:00,2026-09-22T03:52:41.074570-04:00,2026-09-22T03:52:41.074570-04:00,propline_free_sample
2026-09-21,2026-09-22 01:45:00+00:00,Zebby Matthews,4.5,under,9900,kalshi,220278,San Francisco Giants,Minnesota Twins,2026-09-22T01:44:41.209723+00:00,2026-09-22T07:52:41.074570+00:00,2026-09-22T03:52:41.074570-04:00,2026-09-22T03:52:41.074570-04:00,propline_free_sample
2026-09-21,2026-09-22 01:45:00+00:00,Zebby Matthews,6.5,under,9900,kalshi,220278,San Francisco Giants,Minnesota Twins,2026-09-22T01:44:46.705184+00:00,2026-09-22T07:52:41.074570+00:00,2026-09-22T03:52:41.074570-04:00,2026-09-22T03:52:41.074570-04:00,propline_free_sample
2026-09-21,2026-09-22 01:45:00+00:00,Blade Tidwell,2.5,under,9900,kalshi,220278,San Francisco Giants,Minnesota Twins,2026-09-22T01:44:40.341734+00:00,2026-09-22T07:52:41.074570+00:00,2026-09-22T03:52:41.074570-04:00,2026-09-22T03:52:41.074570-04:00,propline_free_sample
2026-09-21,2026-09-22 01:45:00+00:00,Zebby Matthews,2.5,under,9900,kalshi,220278,San Francisco Giants,Minnesota Twins,2026-09-21T23:59:36.692595+00:00,2026-09-22T07:52:41.074570+00:00,2026-09-22T03:52:41.074570-04:00,2026-09-22T03:52:41.074570-04:00,propline_free_sample
2026-09-21,2026-09-22 01:45:00+00:00,Zebby Matthews,3.5,under,9900,kalshi,220278,San Francisco Giants,Minnesota Twins,2026-09-21T22:49:36.135509+00:00,2026-09-22T07:52:41.074570+00:00,2026-09-22T03:52:41.074570-04:00,2026-09-22T03:52:41.074570-04:00,propline_free_sample
2026-09-21,2026-09-22 01:45:00+00:00,Blade Tidwell,4.5,under,-4900,kalshi,220278,San Francisco Giants,Minnesota Twins,2026-09-22T01:44:46.705184+00:00,2026-09-22T07:52:41.074570+00:00,2026-09-22T03:52:41.074570-04:00,2026-09-22T03:52:41.074570-04:00,propline_free_sample
2026-09-21,2026-09-22 01:45:00+00:00,Blade Tidwell,5.5,under,-3233,kalshi,220278,San Francisco Giants,Minnesota Twins,2026-09-22T01:44:46.705184+00:00,2026-09-22T07:52:41.074570+00:00,2026-09-22T03:52:41.074570-04:00,2026-09-22T03:52:41.074570-04:00,propline_free_sample
2026-09-21,2026-09-22 01:45:00+00:00,Zebby Matthews,5.5,under,9900,kalshi,220278,San Francisco Giants,Minnesota Twins,2026-09-22T00:07:14.433616+00:00,2026-09-22T07:52:41.074570+00:00,2026-09-22T03:52:41.074570-04:00,2026-09-22T03:52:41.074570-04:00,propline_free_sample
2026-09-21,2026-09-22 01:45:00+00:00,Blade Tidwell,6.5,under,-525,kalshi,220278,San Francisco Giants,Minnesota Twins,2026-09-22T01:34:06.822127+00:00,2026-09-22T07:52:41.074570+00:00,2026-09-22T03:52:41.074570-04:00,2026-09-22T03:52:41.074570-04:00,propline_free_sample
2026-09-21,2026-09-22 01:45:00+00:00,Zebby Matthews,7.5,under,9900,kalshi,220278,San Francisco Giants,Minnesota Twins,2026-09-22T01:44:46.705184+00:00,2026-09-22T07:52:41.074570+00:00,2026-09-22T03:52:41.074570-04:00,2026-09-22T03:52:41.074570-04:00,propline_free_sample
2026-09-21,2026-09-22 01:45:00+00:00,Blade Tidwell,3.5,over,-163,rebet,220278,San Francisco Giants,Minnesota Twins,2026-09-22T01:33:59.294371+00:00,2026-09-22T07:52:41.074570+00:00,2026-09-22T03:52:41.074570-04:00,2026-09-22T03:52:41.074570-04:00,propline_free_sample
2026-09-21,2026-09-22 01:45:00+00:00,Blade Tidwell,3.5,under,117,rebet,220278,San Francisco Giants,Minnesota Twins,2026-09-22T01:33:59.294371+00:00,2026-09-22T07:52:41.074570+00:00,2026-09-22T03:52:41.074570-04:00,2026-09-22T03:52:41.074570-04:00,propline_free_sample
2026-09-21,2026-09-22 01:45:00+00:00,Zebby Matthews,4.5,over,-117,rebet,220278,San Francisco Giants,Minnesota Twins,2026-09-22T00:22:58.826020+00:00,2026-09-22T07:52:41.074570+00:00,2026-09-22T03:52:41.074570-04:00,2026-09-22T03:52:41.074570-04:00,propline_free_sample
2026-09-21,2026-09-22 01:45:00+00:00,Zebby Matthews,4.5,under,-117,rebet,220278,San Francisco Giants,Minnesota Twins,2026-09-22T00:22:58.826020+00:00,2026-09-22T07:52:41.074570+00:00,2026-09-22T03:52:41.074570-04:00,2026-09-22T03:52:41.074570-04:00,propline_free_sample
2026-09-21,2026-09-22 01:45:00+00:00,Blade Tidwell,2.5,over,-99900,novig,220278,San Francisco Giants,Minnesota Twins,2026-09-22T01:44:46.767552+00:00,2026-09-22T07:52:41.074570+00:00,2026-09-22T03:52:41.074570-04:00,2026-09-22T03:52:41.074570-04:00,propline_free_sample
2026-09-21,2026-09-22 01:45:00+00:00,Blade Tidwell,2.5,under,130,novig,220278,San Francisco Giants,Minnesota Twins,2026-09-22T01:44:46.767552+00:00,2026-09-22T07:52:41.074570+00:00,2026-09-22T03:52:41.074570-04:00,2026-09-22T03:52:41.074570-04:00,propline_free_sample
2026-09-21,2026-09-22 01:45:00+00:00,Blade Tidwell,1.5,under,9900,kalshi,220278,San Francisco Giants,Minnesota Twins,2026-09-22T01:42:08.306615+00:00,2026-09-22T07:52:41.074570+00:00,2026-09-22T03:52:41.074570-04:00,2026-09-22T03:52:41.074570-04:00,propline_free_sample
2026-09-21,2026-09-22 01:45:00+00:00,Blade Tidwell,7.5,under,-3233,kalshi,220278,San Francisco Giants,Minnesota Twins,2026-09-22T01:41:07.516057+00:00,2026-09-22T07:52:41.074570+00:00,2026-09-22T03:52:41.074570-04:00,2026-09-22T03:52:41.074570-04:00,propline_free_sample
2026-09-21,2026-09-22 01:45:00+00:00,Blade Tidwell,4.5,over,-99900,novig,220278,San Francisco Giants,Minnesota Twins,2026-09-22T01:15:17.243604+00:00,2026-09-22T07:52:41.074570+00:00,2026-09-22T03:52:41.074570-04:00,2026-09-22T03:52:41.074570-04:00,propline_free_sample
2026-09-21,2026-09-22 01:45:00+00:00,Blade Tidwell,4.5,under,125,novig,220278,San Francisco Giants,Minnesota Twins,2026-09-22T01:44:46.767552+00:00,2026-09-22T07:52:41.074570+00:00,2026-09-22T03:52:41.074570-04:00,2026-09-22T03:52:41.074570-04:00,propline_free_sample
2026-09-21,2026-09-22 01:45:00+00:00,Zebby Matthews,3.5,over,-99900,novig,220278,San Francisco Giants,Minnesota Twins,2026-09-22T01:44:46.767552+00:00,2026-09-22T07:52:41.074570+00:00,2026-09-22T03:52:41.074570-04:00,2026-09-22T03:52:41.074570-04:00,propline_free_sample
2026-09-21,2026-09-22 01:45:00+00:00,Zebby Matthews,3.5,under,125,novig,220278,San Francisco Giants,Minnesota Twins,2026-09-22T01:44:46.767552+00:00,2026-09-22T07:52:41.074570+00:00,2026-09-22T03:52:41.074570-04:00,2026-09-22T03:52:41.074570-04:00,propline_free_sample
2026-09-21,2026-09-22 01:45:00+00:00,Zebby Matthews,5.5,over,-567,novig,220278,San Francisco Giants,Minnesota Twins,2026-09-22T00:24:54.883882+00:00,2026-09-22T07:52:41.074570+00:00,2026-09-22T03:52:41.074570-04:00,2026-09-22T03:52:41.074570-04:00,propline_free_sample
2026-09-21,2026-09-22 01:45:00+00:00,Zebby Matthews,5.5,under,-264,novig,220278,San Francisco Giants,Minnesota Twins,2026-09-22T01:44:46.767552+00:00,2026-09-22T07:52:41.074570+00:00,2026-09-22T03:52:41.074570-04:00,2026-09-22T03:52:41.074570-04:00,propline_free_sample
2026-09-21,2026-09-22 01:45:00+00:00,Blade Tidwell,6.5,over,9900,polymarket_us,220278,San Francisco Giants,Minnesota Twins,2026-09-22T01:44:52.769921+00:00,2026-09-22T07:52:41.074570+00:00,2026-09-22T03:52:41.074570-04:00,2026-09-22T03:52:41.074570-04:00,propline_free_sample
2026-09-21,2026-09-22 01:45:00+00:00,Zebby Matthews,6.5,over,178,polymarket_us,220278,San Francisco Giants,Minnesota Twins,2026-09-21T17:08:33.863638+00:00,2026-09-22T07:52:41.074570+00:00,2026-09-22T03:52:41.074570-04:00,2026-09-22T03:52:41.074570-04:00,propline_free_sample
2026-09-21,2026-09-22 01:45:00+00:00,Blade Tidwell,2.5,over,-270,polymarket_us,220278,San Francisco Giants,Minnesota Twins,2026-09-21T19:57:35.264538+00:00,2026-09-22T07:52:41.074570+00:00,2026-09-22T03:52:41.074570-04:00,2026-09-22T03:52:41.074570-04:00,propline_free_sample
2026-09-21,2026-09-22 01:45:00+00:00,Blade Tidwell,2.5,under,9900,polymarket_us,220278,San Francisco Giants,Minnesota Twins,2026-09-21T19:57:35.264538+00:00,2026-09-22T07:52:41.074570+00:00,2026-09-22T03:52:41.074570-04:00,2026-09-22T03:52:41.074570-04:00,propline_free_sample
2026-09-21,2026-09-22 01:45:00+00:00,Zebby Matthews,3.5,over,-2400,polymarket_us,220278,San Francisco Giants,Minnesota Twins,2026-09-21T22:33:40.966387+00:00,2026-09-22T07:52:41.074570+00:00,2026-09-22T03:52:41.074570-04:00,2026-09-22T03:52:41.074570-04:00,propline_free_sample
2026-09-21,2026-09-22 01:45:00+00:00,Zebby Matthews,3.5,under,9900,polymarket_us,220278,San Francisco Giants,Minnesota Twins,2026-09-21T22:33:40.966387+00:00,2026-09-22T07:52:41.074570+00:00,2026-09-22T03:52:41.074570-04:00,2026-09-22T03:52:41.074570-04:00,propline_free_sample
2026-09-21,2026-09-22 01:45:00+00:00,Zebby Matthews,4.5,over,-300,polymarket_us,220278,San Francisco Giants,Minnesota Twins,2026-09-21T19:19:37.318886+00:00,2026-09-22T07:52:41.074570+00:00,2026-09-22T03:52:41.074570-04:00,2026-09-22T03:52:41.074570-04:00,propline_free_sample
2026-09-21,2026-09-22 01:45:00+00:00,Zebby Matthews,4.5,under,9900,polymarket_us,220278,San Francisco Giants,Minnesota Twins,2026-09-21T19:19:37.318886+00:00,2026-09-22T07:52:41.074570+00:00,2026-09-22T03:52:41.074570-04:00,2026-09-22T03:52:41.074570-04:00,propline_free_sample
2026-09-21,2026-09-22 01:45:00+00:00,Blade Tidwell,3.5,over,-525,polymarket_us,220278,San Francisco Giants,Minnesota Twins,2026-09-22T01:40:30.427595+00:00,2026-09-22T07:52:41.074570+00:00,2026-09-22T03:52:41.074570-04:00,2026-09-22T03:52:41.074570-04:00,propline_free_sample
2026-09-21,2026-09-22 01:45:00+00:00,Blade Tidwell,3.5,under,9900,polymarket_us,220278,San Francisco Giants,Minnesota Twins,2026-09-22T01:40:30.427595+00:00,2026-09-22T07:52:41.074570+00:00,2026-09-22T03:52:41.074570-04:00,2026-09-22T03:52:41.074570-04:00,propline_free_sample
2026-09-21,2026-09-22 01:45:00+00:00,Blade Tidwell,7.5,over,9900,polymarket_us,220278,San Francisco Giants,Minnesota Twins,2026-09-21T23:43:00.189200+00:00,2026-09-22T07:52:41.074570+00:00,2026-09-22T03:52:41.074570-04:00,2026-09-22T03:52:41.074570-04:00,propline_free_sample
2026-09-21,2026-09-22 01:45:00+00:00,Zebby Matthews,7.5,over,113,polymarket_us,220278,San Francisco Giants,Minnesota Twins,2026-09-22T01:37:49.021690+00:00,2026-09-22T07:52:41.074570+00:00,2026-09-22T03:52:41.074570-04:00,2026-09-22T03:52:41.074570-04:00,propline_free_sample
2026-09-21,2026-09-22 01:45:00+00:00,Zebby Matthews,2.5,over,-2400,polymarket_us,220278,San Francisco Giants,Minnesota Twins,2026-09-21T19:47:36.510453+00:00,2026-09-22T07:52:41.074570+00:00,2026-09-22T03:52:41.074570-04:00,2026-09-22T03:52:41.074570-04:00,propline_free_sample
2026-09-21,2026-09-22 01:45:00+00:00,Zebby Matthews,2.5,under,9900,polymarket_us,220278,San Francisco Giants,Minnesota Twins,2026-09-21T19:47:36.510453+00:00,2026-09-22T07:52:41.074570+00:00,2026-09-22T03:52:41.074570-04:00,2026-09-22T03:52:41.074570-04:00,propline_free_sample
2026-09-21,2026-09-22 01:45:00+00:00,Blade Tidwell,1.5,under,9900,polymarket_us,220278,San Francisco Giants,Minnesota Twins,2026-09-21T19:48:36.588417+00:00,2026-09-22T07:52:41.074570+00:00,2026-09-22T03:52:41.074570-04:00,2026-09-22T03:52:41.074570-04:00,propline_free_sample
2026-09-21,2026-09-22 01:45:00+00:00,Blade Tidwell,1.5,over,-1150,polymarket_us,220278,San Francisco Giants,Minnesota Twins,2026-09-21T20:08:37.926016+00:00,2026-09-22T07:52:41.074570+00:00,2026-09-22T03:52:41.074570-04:00,2026-09-22T03:52:41.074570-04:00,propline_free_sample
2026-09-21,2026-09-22 01:45:00+00:00,Blade Tidwell,6.5,under,-525,polymarket_us,220278,San Francisco Giants,Minnesota Twins,2026-09-22T01:44:52.769921+00:00,2026-09-22T07:52:41.074570+00:00,2026-09-22T03:52:41.074570-04:00,2026-09-22T03:52:41.074570-04:00,propline_free_sample
2026-09-21,2026-09-22 01:45:00+00:00,Zebby Matthews,6.5,under,9900,polymarket_us,220278,San Francisco Giants,Minnesota Twins,2026-09-21T08:19:31.573559+00:00,2026-09-22T07:52:41.074570+00:00,2026-09-22T03:52:41.074570-04:00,2026-09-22T03:52:41.074570-04:00,propline_free_sample
2026-09-21,2026-09-22 01:45:00+00:00,Blade Tidwell,7.5,under,-809,polymarket_us,220278,San Francisco Giants,Minnesota Twins,2026-09-21T22:40:52.228795+00:00,2026-09-22T07:52:41.074570+00:00,2026-09-22T03:52:41.074570-04:00,2026-09-22T03:52:41.074570-04:00,propline_free_sample
2026-09-21,2026-09-22 01:45:00+00:00,Zebby Matthews,7.5,under,9900,polymarket_us,220278,San Francisco Giants,Minnesota Twins,2026-09-22T01:42:31.771163+00:00,2026-09-22T07:52:41.074570+00:00,2026-09-22T03:52:41.074570-04:00,2026-09-22T03:52:41.074570-04:00,propline_free_sample
2026-09-21,2026-09-22 01:45:00+00:00,Blade Tidwell,4.5,over,-190,betmgm,220278,San Francisco Giants,Minnesota Twins,2026-09-21T23:03:46.299567+00:00,2026-09-22T07:52:41.074570+00:00,2026-09-22T03:52:41.074570-04:00,2026-09-22T03:52:41.074570-04:00,propline_free_sample
2026-09-21,2026-09-22 01:45:00+00:00,Blade Tidwell,4.5,under,140,betmgm,220278,San Francisco Giants,Minnesota Twins,2026-09-21T23:03:46.299567+00:00,2026-09-22T07:52:41.074570+00:00,2026-09-22T03:52:41.074570-04:00,2026-09-22T03:52:41.074570-04:00,propline_free_sample
2026-09-21,2026-09-22 01:45:00+00:00,Zebby Matthews,4.5,over,-135,betmgm,220278,San Francisco Giants,Minnesota Twins,2026-09-22T01:32:44.074916+00:00,2026-09-22T07:52:41.074570+00:00,2026-09-22T03:52:41.074570-04:00,2026-09-22T03:52:41.074570-04:00,propline_free_sample
2026-09-21,2026-09-22 01:45:00+00:00,Zebby Matthews,4.5,under,100,betmgm,220278,San Francisco Giants,Minnesota Twins,2026-09-22T01:32:44.074916+00:00,2026-09-22T07:52:41.074570+00:00,2026-09-22T03:52:41.074570-04:00,2026-09-22T03:52:41.074570-04:00,propline_free_sample
2026-09-21,2026-09-22 01:45:00+00:00,Blade Tidwell,4.0,over,100,prizepicks,220278,San Francisco Giants,Minnesota Twins,2026-09-21T11:01:21.309814+00:00,2026-09-22T07:52:41.074570+00:00,2026-09-22T03:52:41.074570-04:00,2026-09-22T03:52:41.074570-04:00,propline_free_sample
2026-09-21,2026-09-22 01:45:00+00:00,Blade Tidwell,4.0,under,100,prizepicks,220278,San Francisco Giants,Minnesota Twins,2026-09-21T11:01:21.309814+00:00,2026-09-22T07:52:41.074570+00:00,2026-09-22T03:52:41.074570-04:00,2026-09-22T03:52:41.074570-04:00,propline_free_sample
2026-09-21,2026-09-22 01:45:00+00:00,Zebby Matthews,8.5,under,9900,kalshi,220278,San Francisco Giants,Minnesota Twins,2026-09-22T00:22:55.298295+00:00,2026-09-22T07:52:41.074570+00:00,2026-09-22T03:52:41.074570-04:00,2026-09-22T03:52:41.074570-04:00,propline_free_sample
2026-09-21,2026-09-22 01:45:00+00:00,Blade Tidwell,3.5,over,-164,pinnacle,220278,San Francisco Giants,Minnesota Twins,2026-09-21T18:14:18.174155+00:00,2026-09-22T07:52:41.074570+00:00,2026-09-22T03:52:41.074570-04:00,2026-09-22T03:52:41.074570-04:00,propline_free_sample
2026-09-21,2026-09-22 01:45:00+00:00,Blade Tidwell,3.5,under,123,pinnacle,220278,San Francisco Giants,Minnesota Twins,2026-09-21T15:59:17.542964+00:00,2026-09-22T07:52:41.074570+00:00,2026-09-22T03:52:41.074570-04:00,2026-09-22T03:52:41.074570-04:00,propline_free_sample
2026-09-21,2026-09-22 01:45:00+00:00,Zebby Matthews,4.5,over,-131,pinnacle,220278,San Francisco Giants,Minnesota Twins,2026-09-22T00:16:26.235699+00:00,2026-09-22T07:52:41.074570+00:00,2026-09-22T03:52:41.074570-04:00,2026-09-22T03:52:41.074570-04:00,propline_free_sample
2026-09-21,2026-09-22 01:45:00+00:00,Zebby Matthews,4.5,under,-101,pinnacle,220278,San Francisco Giants,Minnesota Twins,2026-09-22T00:16:26.235699+00:00,2026-09-22T07:52:41.074570+00:00,2026-09-22T03:52:41.074570-04:00,2026-09-22T03:52:41.074570-04:00,propline_free_sample
2026-09-21,2026-09-22 01:45:00+00:00,Blade Tidwell,4.5,over,122,prophetx,220278,San Francisco Giants,Minnesota Twins,2026-09-22T01:40:27.452021+00:00,2026-09-22T07:52:41.074570+00:00,2026-09-22T03:52:41.074570-04:00,2026-09-22T03:52:41.074570-04:00,propline_free_sample
2026-09-21,2026-09-22 01:45:00+00:00,Blade Tidwell,4.5,under,-174,prophetx,220278,San Francisco Giants,Minnesota Twins,2026-09-22T01:18:57.867440+00:00,2026-09-22T07:52:41.074570+00:00,2026-09-22T03:52:41.074570-04:00,2026-09-22T03:52:41.074570-04:00,propline_free_sample
2026-09-21,2026-09-22 01:45:00+00:00,Blade Tidwell,4.5,over,123,rebet,220278,San Francisco Giants,Minnesota Twins,2026-09-21T22:33:40.056423+00:00,2026-09-22T07:52:41.074570+00:00,2026-09-22T03:52:41.074570-04:00,2026-09-22T03:52:41.074570-04:00,propline_free_sample
2026-09-21,2026-09-22 01:45:00+00:00,Zebby Matthews,4.5,over,-114,rebet,220278,San Francisco Giants,Minnesota Twins,2026-09-21T22:33:40.056423+00:00,2026-09-22T07:52:41.074570+00:00,2026-09-22T03:52:41.074570-04:00,2026-09-22T03:52:41.074570-04:00,propline_free_sample
2026-09-21,2026-09-22 01:45:00+00:00,Blade Tidwell,4.5,under,-171,rebet,220278,San Francisco Giants,Minnesota Twins,2026-09-21T22:33:40.056423+00:00,2026-09-22T07:52:41.074570+00:00,2026-09-22T03:52:41.074570-04:00,2026-09-22T03:52:41.074570-04:00,propline_free_sample
2026-09-21,2026-09-22 01:45:00+00:00,Zebby Matthews,4.5,under,-121,rebet,220278,San Francisco Giants,Minnesota Twins,2026-09-21T22:33:40.056423+00:00,2026-09-22T07:52:41.074570+00:00,2026-09-22T03:52:41.074570-04:00,2026-09-22T03:52:41.074570-04:00,propline_free_sample
2026-09-21,2026-09-22 01:45:00+00:00,Zebby Matthews,5.5,over,116,smarkets,220278,San Francisco Giants,Minnesota Twins,2026-09-21T23:53:57.575580+00:00,2026-09-22T07:52:41.074570+00:00,2026-09-22T03:52:41.074570-04:00,2026-09-22T03:52:41.074570-04:00,propline_free_sample
2026-09-21,2026-09-22 01:45:00+00:00,Zebby Matthews,5.5,under,-164,smarkets,220278,San Francisco Giants,Minnesota Twins,2026-09-21T23:53:57.575580+00:00,2026-09-22T07:52:41.074570+00:00,2026-09-22T03:52:41.074570-04:00,2026-09-22T03:52:41.074570-04:00,propline_free_sample
2026-09-21,2026-09-22 01:45:00+00:00,Blade Tidwell,9.5,over,4000,hardrock,220278,San Francisco Giants,Minnesota Twins,,2026-09-22T07:52:41.074570+00:00,2026-09-22T03:52:41.074570-04:00,2026-09-22T03:52:41.074570-04:00,propline_free_sample
2026-09-21,2026-09-22 01:45:00+00:00,Blade Tidwell,9.5,under,-50000,hardrock,220278,San Francisco Giants,Minnesota Twins,,2026-09-22T07:52:41.074570+00:00,2026-09-22T03:52:41.074570-04:00,2026-09-22T03:52:41.074570-04:00,propline_free_sample
2026-09-21,2026-09-21 22:40:00+00:00,DJ Herz,4.5,over,120,dabble,220277,Detroit Tigers,Washington Nationals,2026-09-21T20:45:23.840908+00:00,2026-09-22T07:52:41.074570+00:00,2026-09-22T03:52:41.074570-04:00,2026-09-22T03:52:41.074570-04:00,propline_free_sample
2026-09-21,2026-09-21 22:40:00+00:00,River Ryan,2.5,over,-114,dabble,220277,Detroit Tigers,Washington Nationals,2026-09-21T22:04:26.540867+00:00,2026-09-22T07:52:41.074570+00:00,2026-09-22T03:52:41.074570-04:00,2026-09-22T03:52:41.074570-04:00,propline_free_sample
2026-09-21,2026-09-21 22:40:00+00:00,DJ Herz,4.5,under,-120,dabble,220277,Detroit Tigers,Washington Nationals,2026-09-21T20:45:23.840908+00:00,2026-09-22T07:52:41.074570+00:00,2026-09-22T03:52:41.074570-04:00,2026-09-22T03:52:41.074570-04:00,propline_free_sample
2026-09-21,2026-09-21 22:40:00+00:00,River Ryan,2.5,under,114,dabble,220277,Detroit Tigers,Washington Nationals,2026-09-21T22:24:25.670026+00:00,2026-09-22T07:52:41.074570+00:00,2026-09-22T03:52:41.074570-04:00,2026-09-22T03:52:41.074570-04:00,propline_free_sample
2026-09-21,2026-09-21 22:40:00+00:00,DJ Herz,3.5,over,-159,smarkets,220277,Detroit Tigers,Washington Nationals,2026-09-21T19:16:33.405998+00:00,2026-09-22T07:52:41.074570+00:00,2026-09-22T03:52:41.074570-04:00,2026-09-22T03:52:41.074570-04:00,propline_free_sample
2026-09-21,2026-09-21 22:40:00+00:00,DJ Herz,3.5,under,112,smarkets,220277,Detroit Tigers,Washington Nationals,2026-09-21T19:16:33.405998+00:00,2026-09-22T07:52:41.074570+00:00,2026-09-22T03:52:41.074570-04:00,2026-09-22T03:52:41.074570-04:00,propline_free_sample
2026-09-21,2026-09-21 22:40:00+00:00,River Ryan,2.5,over,-133,smarkets,220277,Detroit Tigers,Washington Nationals,2026-09-21T22:29:47.339963+00:00,2026-09-22T07:52:41.074570+00:00,2026-09-22T03:52:41.074570-04:00,2026-09-22T03:52:41.074570-04:00,propline_free_sample
2026-09-21,2026-09-21 22:40:00+00:00,River Ryan,2.5,under,-104,smarkets,220277,Detroit Tigers,Washington Nationals,2026-09-21T22:24:43.259365+00:00,2026-09-22T07:52:41.074570+00:00,2026-09-22T03:52:41.074570-04:00,2026-09-22T03:52:41.074570-04:00,propline_free_sample
2026-09-21,2026-09-21 22:40:00+00:00,DJ Herz,2.5,over,-121,underdog,220277,Detroit Tigers,Washington Nationals,2026-09-21T22:38:28.254767+00:00,2026-09-22T07:52:41.074570+00:00,2026-09-22T03:52:41.074570-04:00,2026-09-22T03:52:41.074570-04:00,propline_free_sample
2026-09-21,2026-09-21 22:40:00+00:00,River Ryan,3.5,over,115,underdog,220277,Detroit Tigers,Washington Nationals,2026-09-21T14:28:44.017662+00:00,2026-09-22T07:52:41.074570+00:00,2026-09-22T03:52:41.074570-04:00,2026-09-22T03:52:41.074570-04:00,propline_free_sample
2026-09-21,2026-09-21 22:40:00+00:00,DJ Herz,2.5,under,-124,underdog,220277,Detroit Tigers,Washington Nationals,2026-09-21T22:38:28.254767+00:00,2026-09-22T07:52:41.074570+00:00,2026-09-22T03:52:41.074570-04:00,2026-09-22T03:52:41.074570-04:00,propline_free_sample
2026-09-21,2026-09-21 22:40:00+00:00,River Ryan,3.5,under,-173,underdog,220277,Detroit Tigers,Washington Nationals,2026-09-21T14:28:44.017662+00:00,2026-09-22T07:52:41.074570+00:00,2026-09-22T03:52:41.074570-04:00,2026-09-22T03:52:41.074570-04:00,propline_free_sample
2026-09-21,2026-09-21 22:40:00+00:00,DJ Herz,3.5,over,100,prizepicks,220277,Detroit Tigers,Washington Nationals,2026-09-21T01:07:19.380661+00:00,2026-09-22T07:52:41.074570+00:00,2026-09-22T03:52:41.074570-04:00,2026-09-22T03:52:41.074570-04:00,propline_free_sample
2026-09-21,2026-09-21 22:40:00+00:00,DJ Herz,3.5,under,100,prizepicks,220277,Detroit Tigers,Washington Nationals,2026-09-21T01:07:19.380661+00:00,2026-09-22T07:52:41.074570+00:00,2026-09-22T03:52:41.074570-04:00,2026-09-22T03:52:41.074570-04:00,propline_free_sample
2026-09-21,2026-09-21 22:40:00+00:00,River Ryan,2.5,over,100,prizepicks,220277,Detroit Tigers,Washington Nationals,2026-09-21T01:07:19.380661+00:00,2026-09-22T07:52:41.074570+00:00,2026-09-22T03:52:41.074570-04:00,2026-09-22T03:52:41.074570-04:00,propline_free_sample
2026-09-21,2026-09-21 22:40:00+00:00,River Ryan,2.5,under,100,prizepicks,220277,Detroit Tigers,Washington Nationals,2026-09-21T01:07:19.380661+00:00,2026-09-22T07:52:41.074570+00:00,2026-09-22T03:52:41.074570-04:00,2026-09-22T03:52:41.074570-04:00,propline_free_sample
2026-09-21,2026-09-21 22:40:00+00:00,River Ryan,3.5,over,100,prizepicks,220277,Detroit Tigers,Washington Nationals,2026-09-21T01:07:19.380661+00:00,2026-09-22T07:52:41.074570+00:00,2026-09-22T03:52:41.074570-04:00,2026-09-22T03:52:41.074570-04:00,propline_free_sample
2026-09-21,2026-09-21 22:40:00+00:00,DJ Herz,6.5,over,100,prizepicks,220277,Detroit Tigers,Washington Nationals,2026-09-21T01:07:19.380661+00:00,2026-09-22T07:52:41.074570+00:00,2026-09-22T03:52:41.074570-04:00,2026-09-22T03:52:41.074570-04:00,propline_free_sample
2026-09-21,2026-09-21 22:40:00+00:00,DJ Herz,4.5,over,100,prizepicks,220277,Detroit Tigers,Washington Nationals,2026-09-21T02:49:19.155193+00:00,2026-09-22T07:52:41.074570+00:00,2026-09-22T03:52:41.074570-04:00,2026-09-22T03:52:41.074570-04:00,propline_free_sample
2026-09-21,2026-09-21 22:40:00+00:00,DJ Herz,5.5,over,100,prizepicks,220277,Detroit Tigers,Washington Nationals,2026-09-21T02:49:19.155193+00:00,2026-09-22T07:52:41.074570+00:00,2026-09-22T03:52:41.074570-04:00,2026-09-22T03:52:41.074570-04:00,propline_free_sample
2026-09-21,2026-09-21 22:40:00+00:00,DJ Herz,7.5,over,100,prizepicks,220277,Detroit Tigers,Washington Nationals,2026-09-21T02:49:19.155193+00:00,2026-09-22T07:52:41.074570+00:00,2026-09-22T03:52:41.074570-04:00,2026-09-22T03:52:41.074570-04:00,propline_free_sample
2026-09-21,2026-09-21 22:40:00+00:00,DJ Herz,2.5,over,100,prizepicks,220277,Detroit Tigers,Washington Nationals,2026-09-21T02:49:19.155193+00:00,2026-09-22T07:52:41.074570+00:00,2026-09-22T03:52:41.074570-04:00,2026-09-22T03:52:41.074570-04:00,propline_free_sample
2026-09-21,2026-09-21 22:40:00+00:00,DJ Herz,4.5,over,118,draftkings,220277,Detroit Tigers,Washington Nationals,2026-09-21T22:38:42.360018+00:00,2026-09-22T07:52:41.074570+00:00,2026-09-22T03:52:41.074570-04:00,2026-09-22T03:52:41.074570-04:00,propline_free_sample
2026-09-21,2026-09-21 22:40:00+00:00,DJ Herz,4.5,under,-150,draftkings,220277,Detroit Tigers,Washington Nationals,2026-09-21T22:38:42.360018+00:00,2026-09-22T07:52:41.074570+00:00,2026-09-22T03:52:41.074570-04:00,2026-09-22T03:52:41.074570-04:00,propline_free_sample
2026-09-21,2026-09-21 22:40:00+00:00,DJ Herz,3.5,over,-160,onexbet,220277,Detroit Tigers,Washington Nationals,2026-09-21T21:45:35.987943+00:00,2026-09-22T07:52:41.074570+00:00,2026-09-22T03:52:41.074570-04:00,2026-09-22T03:52:41.074570-04:00,propline_free_sample
2026-09-21,2026-09-21 22:40:00+00:00,DJ Herz,3.5,under,120,onexbet,220277,Detroit Tigers,Washington Nationals,2026-09-21T21:45:35.987943+00:00,2026-09-22T07:52:41.074570+00:00,2026-09-22T03:52:41.074570-04:00,2026-09-22T03:52:41.074570-04:00,propline_free_sample
2026-09-21,2026-09-21 22:40:00+00:00,DJ Herz,1.5,over,-2400,kalshi,220277,Detroit Tigers,Washington Nationals,2026-09-21T22:39:36.898189+00:00,2026-09-22T07:52:41.074570+00:00,2026-09-22T03:52:41.074570-04:00,2026-09-22T03:52:41.074570-04:00,propline_free_sample
2026-09-21,2026-09-21 22:40:00+00:00,DJ Herz,2.5,over,-2400,kalshi,220277,Detroit Tigers,Washington Nationals,2026-09-21T22:38:34.523431+00:00,2026-09-22T07:52:41.074570+00:00,2026-09-22T03:52:41.074570-04:00,2026-09-22T03:52:41.074570-04:00,propline_free_sample
2026-09-21,2026-09-21 22:40:00+00:00,DJ Herz,3.5,over,-1567,kalshi,220277,Detroit Tigers,Washington Nationals,2026-09-21T20:24:28.816398+00:00,2026-09-22T07:52:41.074570+00:00,2026-09-22T03:52:41.074570-04:00,2026-09-22T03:52:41.074570-04:00,propline_free_sample
2026-09-21,2026-09-21 22:40:00+00:00,DJ Herz,4.5,over,9900,kalshi,220277,Detroit Tigers,Washington Nationals,2026-09-21T22:39:30.109344+00:00,2026-09-22T07:52:41.074570+00:00,2026-09-22T03:52:41.074570-04:00,2026-09-22T03:52:41.074570-04:00,propline_free_sample
2026-09-21,2026-09-21 22:40:00+00:00,DJ Herz,5.5,over,9900,kalshi,220277,Detroit Tigers,Washington Nationals,2026-09-21T22:39:53.404815+00:00,2026-09-22T07:52:41.074570+00:00,2026-09-22T03:52:41.074570-04:00,2026-09-22T03:52:41.074570-04:00,propline_free_sample
2026-09-21,2026-09-21 22:40:00+00:00,DJ Herz,6.5,over,9900,kalshi,220277,Detroit Tigers,Washington Nationals,2026-09-21T22:39:45.197465+00:00,2026-09-22T07:52:41.074570+00:00,2026-09-22T03:52:41.074570-04:00,2026-09-22T03:52:41.074570-04:00,propline_free_sample
2026-09-21,2026-09-21 22:40:00+00:00,DJ Herz,7.5,over,9900,kalshi,220277,Detroit Tigers,Washington Nationals,2026-09-21T21:53:07.559671+00:00,2026-09-22T07:52:41.074570+00:00,2026-09-22T03:52:41.074570-04:00,2026-09-22T03:52:41.074570-04:00,propline_free_sample
2026-09-21,2026-09-21 22:40:00+00:00,DJ Herz,3.5,under,9900,kalshi,220277,Detroit Tigers,Washington Nationals,2026-09-21T20:24:28.816398+00:00,2026-09-22T07:52:41.074570+00:00,2026-09-22T03:52:41.074570-04:00,2026-09-22T03:52:41.074570-04:00,propline_free_sample
2026-09-21,2026-09-21 22:40:00+00:00,DJ Herz,4.5,over,124,fanduel,220277,Detroit Tigers,Washington Nationals,2026-09-21T22:28:26.567559+00:00,2026-09-22T07:52:41.074570+00:00,2026-09-22T03:52:41.074570-04:00,2026-09-22T03:52:41.074570-04:00,propline_free_sample
2026-09-21,2026-09-21 22:40:00+00:00,DJ Herz,4.5,under,-158,fanduel,220277,Detroit Tigers,Washington Nationals,2026-09-21T22:28:26.567559+00:00,2026-09-22T07:52:41.074570+00:00,2026-09-22T03:52:41.074570-04:00,2026-09-22T03:52:41.074570-04:00,propline_free_sample
2026-09-21,2026-09-21 22:40:00+00:00,River Ryan,2.5,over,-111,fanduel,220277,Detroit Tigers,Washington Nationals,2026-09-21T22:27:57.586979+00:00,2026-09-22T07:52:41.074570+00:00,2026-09-22T03:52:41.074570-04:00,2026-09-22T03:52:41.074570-04:00,propline_free_sample
2026-09-21,2026-09-21 22:40:00+00:00,River Ryan,2.5,under,-115,fanduel,220277,Detroit Tigers,Washington Nationals,2026-09-21T22:27:57.586979+00:00,2026-09-22T07:52:41.074570+00:00,2026-09-22T03:52:41.074570-04:00,2026-09-22T03:52:41.074570-04:00,propline_free_sample
2026-09-21,2026-09-21 22:40:00+00:00,DJ Herz (WAS),3.5,over,-130,bovada,220277,Detroit Tigers,Washington Nationals,2026-09-21T22:39:21.169252+00:00,2026-09-22T07:52:41.074570+00:00,2026-09-22T03:52:41.074570-04:00,2026-09-22T03:52:41.074570-04:00,propline_free_sample
2026-09-21,2026-09-21 22:40:00+00:00,DJ Herz (WAS),3.5,under,100,bovada,220277,Detroit Tigers,Washington Nationals,2026-09-21T22:39:21.169252+00:00,2026-09-22T07:52:41.074570+00:00,2026-09-22T03:52:41.074570-04:00,2026-09-22T03:52:41.074570-04:00,propline_free_sample
2026-09-21,2026-09-21 22:40:00+00:00,DJ Herz,1.5,under,9900,kalshi,220277,Detroit Tigers,Washington Nationals,2026-09-21T19:39:05.237621+00:00,2026-09-22T07:52:41.074570+00:00,2026-09-22T03:52:41.074570-04:00,2026-09-22T03:52:41.074570-04:00,propline_free_sample
2026-09-21,2026-09-21 22:40:00+00:00,DJ Herz,2.5,under,9900,kalshi,220277,Detroit Tigers,Washington Nationals,2026-09-21T19:53:26.587823+00:00,2026-09-22T07:52:41.074570+00:00,2026-09-22T03:52:41.074570-04:00,2026-09-22T03:52:41.074570-04:00,propline_free_sample
2026-09-21,2026-09-21 22:40:00+00:00,DJ Herz,4.5,under,-3233,kalshi,220277,Detroit Tigers,Washington Nationals,2026-09-21T20:09:30.778818+00:00,2026-09-22T07:52:41.074570+00:00,2026-09-22T03:52:41.074570-04:00,2026-09-22T03:52:41.074570-04:00,propline_free_sample
2026-09-21,2026-09-21 22:40:00+00:00,DJ Herz,3.5,over,-3746,novig,220277,Detroit Tigers,Washington Nationals,2026-09-21T22:39:40.700190+00:00,2026-09-22T07:52:41.074570+00:00,2026-09-22T03:52:41.074570-04:00,2026-09-22T03:52:41.074570-04:00,propline_free_sample
2026-09-21,2026-09-21 22:40:00+00:00,DJ Herz,3.5,under,-239,novig,220277,Detroit Tigers,Washington Nationals,2026-09-21T22:38:37.479992+00:00,2026-09-22T07:52:41.074570+00:00,2026-09-22T03:52:41.074570-04:00,2026-09-22T03:52:41.074570-04:00,propline_free_sample
2026-09-21,2026-09-21 22:40:00+00:00,DJ Herz,5.5,under,-9900,kalshi,220277,Detroit Tigers,Washington Nationals,2026-09-21T22:38:19.578351+00:00,2026-09-22T07:52:41.074570+00:00,2026-09-22T03:52:41.074570-04:00,2026-09-22T03:52:41.074570-04:00,propline_free_sample
2026-09-21,2026-09-21 22:40:00+00:00,DJ Herz,6.5,under,-9900,kalshi,220277,Detroit Tigers,Washington Nationals,2026-09-21T22:39:45.197465+00:00,2026-09-22T07:52:41.074570+00:00,2026-09-22T03:52:41.074570-04:00,2026-09-22T03:52:41.074570-04:00,propline_free_sample
2026-09-21,2026-09-21 22:40:00+00:00,River Ryan,4.5,over,100,prizepicks,220277,Detroit Tigers,Washington Nationals,2026-09-21T03:49:19.566712+00:00,2026-09-22T07:52:41.074570+00:00,2026-09-22T03:52:41.074570-04:00,2026-09-22T03:52:41.074570-04:00,propline_free_sample
2026-09-21,2026-09-21 22:40:00+00:00,River Ryan,1.5,over,100,prizepicks,220277,Detroit Tigers,Washington Nationals,2026-09-21T03:49:19.566712+00:00,2026-09-22T07:52:41.074570+00:00,2026-09-22T03:52:41.074570-04:00,2026-09-22T03:52:41.074570-04:00,propline_free_sample
2026-09-21,2026-09-21 22:40:00+00:00,River Ryan,2.5,over,-5782,novig,220277,Detroit Tigers,Washington Nationals,2026-09-21T22:39:40.700190+00:00,2026-09-22T07:52:41.074570+00:00,2026-09-22T03:52:41.074570-04:00,2026-09-22T03:52:41.074570-04:00,propline_free_sample
2026-09-21,2026-09-21 22:40:00+00:00,River Ryan,2.5,under,-277,novig,220277,Detroit Tigers,Washington Nationals,2026-09-21T22:18:40.508245+00:00,2026-09-22T07:52:41.074570+00:00,2026-09-22T03:52:41.074570-04:00,2026-09-22T03:52:41.074570-04:00,propline_free_sample
2026-09-21,2026-09-21 22:40:00+00:00,DJ Herz,4.5,over,114,rebet,220277,Detroit Tigers,Washington Nationals,2026-09-21T19:47:35.501207+00:00,2026-09-22T07:52:41.074570+00:00,2026-09-22T03:52:41.074570-04:00,2026-09-22T03:52:41.074570-04:00,propline_free_sample
2026-09-21,2026-09-21 22:40:00+00:00,DJ Herz,4.5,under,-158,rebet,220277,Detroit Tigers,Washington Nationals,2026-09-21T19:47:35.501207+00:00,2026-09-22T07:52:41.074570+00:00,2026-09-22T03:52:41.074570-04:00,2026-09-22T03:52:41.074570-04:00,propline_free_sample
2026-09-21,2026-09-21 22:40:00+00:00,DJ Herz,3.5,over,-200,prophetx,220277,Detroit Tigers,Washington Nationals,2026-09-21T22:35:41.294945+00:00,2026-09-22T07:52:41.074570+00:00,2026-09-22T03:52:41.074570-04:00,2026-09-22T03:52:41.074570-04:00,propline_free_sample
2026-09-21,2026-09-21 22:40:00+00:00,DJ Herz,3.5,under,162,prophetx,220277,Detroit Tigers,Washington Nationals,2026-09-21T21:07:39.168546+00:00,2026-09-22T07:52:41.074570+00:00,2026-09-22T03:52:41.074570-04:00,2026-09-22T03:52:41.074570-04:00,propline_free_sample
2026-09-21,2026-09-21 22:40:00+00:00,River Ryan,2.5,over,-107,prophetx,220277,Detroit Tigers,Washington Nationals,2026-09-21T22:24:44.149780+00:00,2026-09-22T07:52:41.074570+00:00,2026-09-22T03:52:41.074570-04:00,2026-09-22T03:52:41.074570-04:00,propline_free_sample
2026-09-21,2026-09-21 22:40:00+00:00,River Ryan,2.5,under,100,prophetx,220277,Detroit Tigers,Washington Nationals,2026-09-21T18:01:31.067219+00:00,2026-09-22T07:52:41.074570+00:00,2026-09-22T03:52:41.074570-04:00,2026-09-22T03:52:41.074570-04:00,propline_free_sample
2026-09-21,2026-09-21 22:40:00+00:00,River Ryan,2.5,over,100,onexbet,220277,Detroit Tigers,Washington Nationals,2026-09-21T17:38:26.364562+00:00,2026-09-22T07:52:41.074570+00:00,2026-09-22T03:52:41.074570-04:00,2026-09-22T03:52:41.074570-04:00,propline_free_sample
2026-09-21,2026-09-21 22:40:00+00:00,River Ryan,2.5,under,-135,onexbet,220277,Detroit Tigers,Washington Nationals,2026-09-21T17:38:26.364562+00:00,2026-09-22T07:52:41.074570+00:00,2026-09-22T03:52:41.074570-04:00,2026-09-22T03:52:41.074570-04:00,propline_free_sample
2026-09-21,2026-09-21 22:40:00+00:00,DJ Herz,8.5,over,100,prizepicks,220277,Detroit Tigers,Washington Nationals,2026-09-21T06:29:20.761763+00:00,2026-09-22T07:52:41.074570+00:00,2026-09-22T03:52:41.074570-04:00,2026-09-22T03:52:41.074570-04:00,propline_free_sample
2026-09-21,2026-09-21 22:40:00+00:00,River Ryan,5.5,over,100,prizepicks,220277,Detroit Tigers,Washington Nationals,2026-09-21T06:39:21.044503+00:00,2026-09-22T07:52:41.074570+00:00,2026-09-22T03:52:41.074570-04:00,2026-09-22T03:52:41.074570-04:00,propline_free_sample
2026-09-21,2026-09-21 22:40:00+00:00,River Ryan,3.5,over,122,novig,220277,Detroit Tigers,Washington Nationals,2026-09-21T22:34:37.556402+00:00,2026-09-22T07:52:41.074570+00:00,2026-09-22T03:52:41.074570-04:00,2026-09-22T03:52:41.074570-04:00,propline_free_sample
2026-09-21,2026-09-21 22:40:00+00:00,River Ryan,3.5,under,-2930,novig,220277,Detroit Tigers,Washington Nationals,2026-09-21T21:58:38.562178+00:00,2026-09-22T07:52:41.074570+00:00,2026-09-22T03:52:41.074570-04:00,2026-09-22T03:52:41.074570-04:00,propline_free_sample
2026-09-21,2026-09-21 22:40:00+00:00,River Ryan (DET),2.5,over,-115,bovada,220277,Detroit Tigers,Washington Nationals,2026-09-21T14:50:31.607650+00:00,2026-09-22T07:52:41.074570+00:00,2026-09-22T03:52:41.074570-04:00,2026-09-22T03:52:41.074570-04:00,propline_free_sample
2026-09-21,2026-09-21 22:40:00+00:00,River Ryan (DET),2.5,under,-115,bovada,220277,Detroit Tigers,Washington Nationals,2026-09-21T14:50:31.607650+00:00,2026-09-22T07:52:41.074570+00:00,2026-09-22T03:52:41.074570-04:00,2026-09-22T03:52:41.074570-04:00,propline_free_sample
2026-09-21,2026-09-21 22:40:00+00:00,DJ Herz,2.5,over,-8991,novig,220277,Detroit Tigers,Washington Nationals,2026-09-21T22:39:40.700190+00:00,2026-09-22T07:52:41.074570+00:00,2026-09-22T03:52:41.074570-04:00,2026-09-22T03:52:41.074570-04:00,propline_free_sample
2026-09-21,2026-09-21 22:40:00+00:00,DJ Herz,2.5,under,-122,novig,220277,Detroit Tigers,Washington Nationals,2026-09-21T22:39:40.700190+00:00,2026-09-22T07:52:41.074570+00:00,2026-09-22T03:52:41.074570-04:00,2026-09-22T03:52:41.074570-04:00,propline_free_sample
2026-09-21,2026-09-21 22:40:00+00:00,DJ Herz,4.5,over,117,novig,220277,Detroit Tigers,Washington Nationals,2026-09-21T22:32:39.206711+00:00,2026-09-22T07:52:41.074570+00:00,2026-09-22T03:52:41.074570-04:00,2026-09-22T03:52:41.074570-04:00,propline_free_sample
2026-09-21,2026-09-21 22:40:00+00:00,DJ Herz,4.5,under,-49900,novig,220277,Detroit Tigers,Washington Nationals,2026-09-21T22:16:36.593923+00:00,2026-09-22T07:52:41.074570+00:00,2026-09-22T03:52:41.074570-04:00,2026-09-22T03:52:41.074570-04:00,propline_free_sample
2026-09-21,2026-09-21 22:40:00+00:00,DJ Herz,4.5,over,-125,fanatics,220277,Detroit Tigers,Washington Nationals,2026-09-21T22:29:05.156632+00:00,2026-09-22T07:52:41.074570+00:00,2026-09-22T03:52:41.074570-04:00,2026-09-22T03:52:41.074570-04:00,propline_free_sample
2026-09-21,2026-09-21 22:40:00+00:00,DJ Herz,4.5,under,-105,fanatics,220277,Detroit Tigers,Washington Nationals,2026-09-21T22:29:05.156632+00:00,2026-09-22T07:52:41.074570+00:00,2026-09-22T03:52:41.074570-04:00,2026-09-22T03:52:41.074570-04:00,propline_free_sample
2026-09-21,2026-09-21 22:40:00+00:00,River Ryan,3.5,over,-190,fanatics,220277,Detroit Tigers,Washington Nationals,2026-09-21T22:37:09.409650+00:00,2026-09-22T07:52:41.074570+00:00,2026-09-22T03:52:41.074570-04:00,2026-09-22T03:52:41.074570-04:00,propline_free_sample
2026-09-21,2026-09-21 22:40:00+00:00,River Ryan,3.5,under,140,fanatics,220277,Detroit Tigers,Washington Nationals,2026-09-21T22:37:09.409650+00:00,2026-09-22T07:52:41.074570+00:00,2026-09-22T03:52:41.074570-04:00,2026-09-22T03:52:41.074570-04:00,propline_free_sample
2026-09-21,2026-09-21 22:40:00+00:00,DJ Herz,3.5,over,-105,betmgm,220277,Detroit Tigers,Washington Nationals,2026-09-21T22:37:43.180167+00:00,2026-09-22T07:52:41.074570+00:00,2026-09-22T03:52:41.074570-04:00,2026-09-22T03:52:41.074570-04:00,propline_free_sample
2026-09-21,2026-09-21 22:40:00+00:00,DJ Herz,3.5,under,-125,betmgm,220277,Detroit Tigers,Washington Nationals,2026-09-21T22:37:43.180167+00:00,2026-09-22T07:52:41.074570+00:00,2026-09-22T03:52:41.074570-04:00,2026-09-22T03:52:41.074570-04:00,propline_free_sample
2026-09-21,2026-09-21 22:40:00+00:00,River Ryan,3.5,under,100,prizepicks,220277,Detroit Tigers,Washington Nationals,2026-09-21T11:15:20.593294+00:00,2026-09-22T07:52:41.074570+00:00,2026-09-22T03:52:41.074570-04:00,2026-09-22T03:52:41.074570-04:00,propline_free_sample
2026-09-21,2026-09-21 22:40:00+00:00,DJ Herz,4.5,under,100,prizepicks,220277,Detroit Tigers,Washington Nationals,2026-09-21T11:15:20.593294+00:00,2026-09-22T07:52:41.074570+00:00,2026-09-22T03:52:41.074570-04:00,2026-09-22T03:52:41.074570-04:00,propline_free_sample
2026-09-21,2026-09-21 22:40:00+00:00,DJ Herz,2.5,under,100,prizepicks,220277,Detroit Tigers,Washington Nationals,2026-09-21T11:15:20.593294+00:00,2026-09-22T07:52:41.074570+00:00,2026-09-22T03:52:41.074570-04:00,2026-09-22T03:52:41.074570-04:00,propline_free_sample
2026-09-21,2026-09-21 22:40:00+00:00,River Ryan,1.5,under,100,prizepicks,220277,Detroit Tigers,Washington Nationals,2026-09-21T11:15:20.593294+00:00,2026-09-22T07:52:41.074570+00:00,2026-09-22T03:52:41.074570-04:00,2026-09-22T03:52:41.074570-04:00,propline_free_sample
2026-09-21,2026-09-21 22:40:00+00:00,River Ryan,2.5,over,100,prizepicks,220277,Detroit Tigers,Washington Nationals,2026-09-21T13:23:21.636351+00:00,2026-09-22T07:52:41.074570+00:00,2026-09-22T03:52:41.074570-04:00,2026-09-22T03:52:41.074570-04:00,propline_free_sample
2026-09-21,2026-09-21 22:40:00+00:00,River Ryan,2.5,under,100,prizepicks,220277,Detroit Tigers,Washington Nationals,2026-09-21T13:23:21.636351+00:00,2026-09-22T07:52:41.074570+00:00,2026-09-22T03:52:41.074570-04:00,2026-09-22T03:52:41.074570-04:00,propline_free_sample
2026-09-21,2026-09-21 22:40:00+00:00,River Ryan,1.5,over,-2281,novig,220277,Detroit Tigers,Washington Nationals,2026-09-21T22:39:40.700190+00:00,2026-09-22T07:52:41.074570+00:00,2026-09-22T03:52:41.074570-04:00,2026-09-22T03:52:41.074570-04:00,propline_free_sample
2026-09-21,2026-09-21 22:40:00+00:00,River Ryan,1.5,under,150,novig,220277,Detroit Tigers,Washington Nationals,2026-09-21T22:38:37.479992+00:00,2026-09-22T07:52:41.074570+00:00,2026-09-22T03:52:41.074570-04:00,2026-09-22T03:52:41.074570-04:00,propline_free_sample
2026-09-21,2026-09-21 22:40:00+00:00,DJ Herz,3.5,over,-185,pinnacle,220277,Detroit Tigers,Washington Nationals,2026-09-21T20:20:18.409611+00:00,2026-09-22T07:52:41.074570+00:00,2026-09-22T03:52:41.074570-04:00,2026-09-22T03:52:41.074570-04:00,propline_free_sample
2026-09-21,2026-09-21 22:40:00+00:00,DJ Herz,3.5,under,138,pinnacle,220277,Detroit Tigers,Washington Nationals,2026-09-21T20:20:18.409611+00:00,2026-09-22T07:52:41.074570+00:00,2026-09-22T03:52:41.074570-04:00,2026-09-22T03:52:41.074570-04:00,propline_free_sample
2026-09-21,2026-09-21 22:40:00+00:00,DJ Herz,7.5,under,-1900,kalshi,220277,Detroit Tigers,Washington Nationals,2026-09-21T22:39:41.515484+00:00,2026-09-22T07:52:41.074570+00:00,2026-09-22T03:52:41.074570-04:00,2026-09-22T03:52:41.074570-04:00,propline_free_sample
2026-09-21,2026-09-21 22:40:00+00:00,DJ Herz,3.5,over,100,prizepicks,220277,Detroit Tigers,Washington Nationals,2026-09-21T16:14:18.721795+00:00,2026-09-22T07:52:41.074570+00:00,2026-09-22T03:52:41.074570-04:00,2026-09-22T03:52:41.074570-04:00,propline_free_sample
2026-09-21,2026-09-21 22:40:00+00:00,DJ Herz,3.5,under,100,prizepicks,220277,Detroit Tigers,Washington Nationals,2026-09-21T16:14:18.721795+00:00,2026-09-22T07:52:41.074570+00:00,2026-09-22T03:52:41.074570-04:00,2026-09-22T03:52:41.074570-04:00,propline_free_sample
2026-09-21,2026-09-21 22:40:00+00:00,River Ryan,2.5,over,-104,draftkings,220277,Detroit Tigers,Washington Nationals,2026-09-21T21:35:43.525836+00:00,2026-09-22T07:52:41.074570+00:00,2026-09-22T03:52:41.074570-04:00,2026-09-22T03:52:41.074570-04:00,propline_free_sample
2026-09-21,2026-09-21 22:40:00+00:00,River Ryan,2.5,under,-123,draftkings,220277,Detroit Tigers,Washington Nationals,2026-09-21T21:35:43.525836+00:00,2026-09-22T07:52:41.074570+00:00,2026-09-22T03:52:41.074570-04:00,2026-09-22T03:52:41.074570-04:00,propline_free_sample
2026-09-21,2026-09-21 22:40:00+00:00,River Ryan,6.5,over,100,prizepicks,220277,Detroit Tigers,Washington Nationals,2026-09-21T17:56:20.858899+00:00,2026-09-22T07:52:41.074570+00:00,2026-09-22T03:52:41.074570-04:00,2026-09-22T03:52:41.074570-04:00,propline_free_sample
2026-09-21,2026-09-21 22:40:00+00:00,DJ Herz,3.5,over,-196,sleeper,220277,Detroit Tigers,Washington Nationals,2026-09-21T22:37:27.895147+00:00,2026-09-22T07:52:41.074570+00:00,2026-09-22T03:52:41.074570-04:00,2026-09-22T03:52:41.074570-04:00,propline_free_sample
2026-09-21,2026-09-21 22:40:00+00:00,DJ Herz,3.5,under,114,sleeper,220277,Detroit Tigers,Washington Nationals,2026-09-21T22:37:27.895147+00:00,2026-09-22T07:52:41.074570+00:00,2026-09-22T03:52:41.074570-04:00,2026-09-22T03:52:41.074570-04:00,propline_free_sample
2026-09-21,2026-09-21 22:40:00+00:00,DJ Herz,0.5,over,-15000,hardrock,220277,Detroit Tigers,Washington Nationals,2026-09-21T19:08:43.895433+00:00,2026-09-22T07:52:41.074570+00:00,2026-09-22T03:52:41.074570-04:00,2026-09-22T03:52:41.074570-04:00,propline_free_sample
2026-09-21,2026-09-21 22:40:00+00:00,DJ Herz,0.5,under,3000,hardrock,220277,Detroit Tigers,Washington Nationals,2026-09-21T22:22:49.821374+00:00,2026-09-22T07:52:41.074570+00:00,2026-09-22T03:52:41.074570-04:00,2026-09-22T03:52:41.074570-04:00,propline_free_sample
2026-09-21,2026-09-21 22:40:00+00:00,DJ Herz,1.5,over,-3000,hardrock,220277,Detroit Tigers,Washington Nationals,2026-09-21T21:06:41.314799+00:00,2026-09-22T07:52:41.074570+00:00,2026-09-22T03:52:41.074570-04:00,2026-09-22T03:52:41.074570-04:00,propline_free_sample
2026-09-21,2026-09-21 22:40:00+00:00,DJ Herz,1.5,under,700,hardrock,220277,Detroit Tigers,Washington Nationals,2026-09-21T21:06:41.314799+00:00,2026-09-22T07:52:41.074570+00:00,2026-09-22T03:52:41.074570-04:00,2026-09-22T03:52:41.074570-04:00,propline_free_sample
2026-09-21,2026-09-21 22:40:00+00:00,DJ Herz,2.5,over,-1800,hardrock,220277,Detroit Tigers,Washington Nationals,2026-09-21T21:06:41.314799+00:00,2026-09-22T07:52:41.074570+00:00,2026-09-22T03:52:41.074570-04:00,2026-09-22T03:52:41.074570-04:00,propline_free_sample
2026-09-21,2026-09-21 22:40:00+00:00,DJ Herz,2.5,under,575,hardrock,220277,Detroit Tigers,Washington Nationals,2026-09-21T22:22:49.821374+00:00,2026-09-22T07:52:41.074570+00:00,2026-09-22T03:52:41.074570-04:00,2026-09-22T03:52:41.074570-04:00,propline_free_sample
2026-09-21,2026-09-21 22:40:00+00:00,DJ Herz,3.5,over,-425,hardrock,220277,Detroit Tigers,Washington Nationals,2026-09-21T21:07:46.495902+00:00,2026-09-22T07:52:41.074570+00:00,2026-09-22T03:52:41.074570-04:00,2026-09-22T03:52:41.074570-04:00,propline_free_sample
2026-09-21,2026-09-21 22:40:00+00:00,DJ Herz,3.5,under,250,hardrock,220277,Detroit Tigers,Washington Nationals,2026-09-21T21:07:46.495902+00:00,2026-09-22T07:52:41.074570+00:00,2026-09-22T03:52:41.074570-04:00,2026-09-22T03:52:41.074570-04:00,propline_free_sample
2026-09-21,2026-09-21 22:40:00+00:00,DJ Herz,4.5,over,115,hardrock,220277,Detroit Tigers,Washington Nationals,2026-09-21T21:06:41.314799+00:00,2026-09-22T07:52:41.074570+00:00,2026-09-22T03:52:41.074570-04:00,2026-09-22T03:52:41.074570-04:00,propline_free_sample
2026-09-21,2026-09-21 22:40:00+00:00,DJ Herz,4.5,under,-160,hardrock,220277,Detroit Tigers,Washington Nationals,2026-09-21T21:07:46.495902+00:00,2026-09-22T07:52:41.074570+00:00,2026-09-22T03:52:41.074570-04:00,2026-09-22T03:52:41.074570-04:00,propline_free_sample
2026-09-21,2026-09-21 22:40:00+00:00,DJ Herz,5.5,over,350,hardrock,220277,Detroit Tigers,Washington Nationals,2026-09-21T21:06:41.314799+00:00,2026-09-22T07:52:41.074570+00:00,2026-09-22T03:52:41.074570-04:00,2026-09-22T03:52:41.074570-04:00,propline_free_sample
2026-09-21,2026-09-21 22:40:00+00:00,DJ Herz,5.5,under,-700,hardrock,220277,Detroit Tigers,Washington Nationals,2026-09-21T21:06:41.314799+00:00,2026-09-22T07:52:41.074570+00:00,2026-09-22T03:52:41.074570-04:00,2026-09-22T03:52:41.074570-04:00,propline_free_sample
2026-09-21,2026-09-21 22:40:00+00:00,DJ Herz,6.5,over,1100,hardrock,220277,Detroit Tigers,Washington Nationals,2026-09-21T21:06:41.314799+00:00,2026-09-22T07:52:41.074570+00:00,2026-09-22T03:52:41.074570-04:00,2026-09-22T03:52:41.074570-04:00,propline_free_sample
2026-09-21,2026-09-21 22:40:00+00:00,DJ Herz,6.5,under,-5000,hardrock,220277,Detroit Tigers,Washington Nationals,2026-09-21T21:06:41.314799+00:00,2026-09-22T07:52:41.074570+00:00,2026-09-22T03:52:41.074570-04:00,2026-09-22T03:52:41.074570-04:00,propline_free_sample
2026-09-21,2026-09-21 22:40:00+00:00,DJ Herz,7.5,over,1500,hardrock,220277,Detroit Tigers,Washington Nationals,2026-09-21T22:22:49.821374+00:00,2026-09-22T07:52:41.074570+00:00,2026-09-22T03:52:41.074570-04:00,2026-09-22T03:52:41.074570-04:00,propline_free_sample
2026-09-21,2026-09-21 22:40:00+00:00,DJ Herz,7.5,under,-8000,hardrock,220277,Detroit Tigers,Washington Nationals,2026-09-21T19:08:43.895433+00:00,2026-09-22T07:52:41.074570+00:00,2026-09-22T03:52:41.074570-04:00,2026-09-22T03:52:41.074570-04:00,propline_free_sample
2026-09-21,2026-09-21 22:40:00+00:00,DJ Herz,8.5,over,4000,hardrock,220277,Detroit Tigers,Washington Nationals,2026-09-21T21:06:41.314799+00:00,2026-09-22T07:52:41.074570+00:00,2026-09-22T03:52:41.074570-04:00,2026-09-22T03:52:41.074570-04:00,propline_free_sample
2026-09-21,2026-09-21 22:40:00+00:00,DJ Herz,8.5,under,-100000,hardrock,220277,Detroit Tigers,Washington Nationals,2026-09-21T21:06:41.314799+00:00,2026-09-22T07:52:41.074570+00:00,2026-09-22T03:52:41.074570-04:00,2026-09-22T03:52:41.074570-04:00,propline_free_sample
2026-09-21,2026-09-21 22:40:00+00:00,DJ Herz,5.5,under,100,prizepicks,220277,Detroit Tigers,Washington Nationals,2026-09-21T18:40:19.784747+00:00,2026-09-22T07:52:41.074570+00:00,2026-09-22T03:52:41.074570-04:00,2026-09-22T03:52:41.074570-04:00,propline_free_sample
2026-09-21,2026-09-21 22:40:00+00:00,River Ryan,1.5,over,-400,kalshi,220277,Detroit Tigers,Washington Nationals,2026-09-21T22:39:45.197465+00:00,2026-09-22T07:52:41.074570+00:00,2026-09-22T03:52:41.074570-04:00,2026-09-22T03:52:41.074570-04:00,propline_free_sample
2026-09-21,2026-09-21 22:40:00+00:00,River Ryan,2.5,over,-1329,kalshi,220277,Detroit Tigers,Washington Nationals,2026-09-21T22:39:36.898189+00:00,2026-09-22T07:52:41.074570+00:00,2026-09-22T03:52:41.074570-04:00,2026-09-22T03:52:41.074570-04:00,propline_free_sample
2026-09-21,2026-09-21 22:40:00+00:00,River Ryan,2.5,under,9900,kalshi,220277,Detroit Tigers,Washington Nationals,2026-09-21T22:32:33.424664+00:00,2026-09-22T07:52:41.074570+00:00,2026-09-22T03:52:41.074570-04:00,2026-09-22T03:52:41.074570-04:00,propline_free_sample
2026-09-21,2026-09-21 22:40:00+00:00,River Ryan,3.5,over,9900,kalshi,220277,Detroit Tigers,Washington Nationals,2026-09-21T22:39:41.515484+00:00,2026-09-22T07:52:41.074570+00:00,2026-09-22T03:52:41.074570-04:00,2026-09-22T03:52:41.074570-04:00,propline_free_sample
2026-09-21,2026-09-21 22:40:00+00:00,River Ryan,4.5,over,9900,kalshi,220277,Detroit Tigers,Washington Nationals,2026-09-21T22:36:24.557057+00:00,2026-09-22T07:52:41.074570+00:00,2026-09-22T03:52:41.074570-04:00,2026-09-22T03:52:41.074570-04:00,propline_free_sample
2026-09-21,2026-09-21 22:40:00+00:00,River Ryan,5.5,over,9900,kalshi,220277,Detroit Tigers,Washington Nationals,2026-09-21T20:20:27.994511+00:00,2026-09-22T07:52:41.074570+00:00,2026-09-22T03:52:41.074570-04:00,2026-09-22T03:52:41.074570-04:00,propline_free_sample
2026-09-21,2026-09-21 22:40:00+00:00,River Ryan,6.5,over,9900,kalshi,220277,Detroit Tigers,Washington Nationals,2026-09-21T21:38:59.422484+00:00,2026-09-22T07:52:41.074570+00:00,2026-09-22T03:52:41.074570-04:00,2026-09-22T03:52:41.074570-04:00,propline_free_sample
2026-09-21,2026-09-21 22:40:00+00:00,River Ryan,7.5,over,9900,kalshi,220277,Detroit Tigers,Washington Nationals,2026-09-21T20:47:52.453309+00:00,2026-09-22T07:52:41.074570+00:00,2026-09-22T03:52:41.074570-04:00,2026-09-22T03:52:41.074570-04:00,propline_free_sample
2026-09-21,2026-09-21 22:40:00+00:00,River Ryan,0.5,over,-3233,kalshi,220277,Detroit Tigers,Washington Nationals,2026-09-21T22:39:41.515484+00:00,2026-09-22T07:52:41.074570+00:00,2026-09-22T03:52:41.074570-04:00,2026-09-22T03:52:41.074570-04:00,propline_free_sample
2026-09-21,2026-09-21 22:40:00+00:00,River Ryan,3.5,under,-3233,kalshi,220277,Detroit Tigers,Washington Nationals,2026-09-21T22:36:35.870810+00:00,2026-09-22T07:52:41.074570+00:00,2026-09-22T03:52:41.074570-04:00,2026-09-22T03:52:41.074570-04:00,propline_free_sample
2026-09-21,2026-09-21 22:40:00+00:00,River Ryan,1.5,under,9900,kalshi,220277,Detroit Tigers,Washington Nationals,2026-09-21T20:44:29.708243+00:00,2026-09-22T07:52:41.074570+00:00,2026-09-22T03:52:41.074570-04:00,2026-09-22T03:52:41.074570-04:00,propline_free_sample
2026-09-21,2026-09-21 22:40:00+00:00,River Ryan,4.5,under,-4900,kalshi,220277,Detroit Tigers,Washington Nationals,2026-09-21T22:39:41.515484+00:00,2026-09-22T07:52:41.074570+00:00,2026-09-22T03:52:41.074570-04:00,2026-09-22T03:52:41.074570-04:00,propline_free_sample
2026-09-21,2026-09-21 22:40:00+00:00,River Ryan,5.5,under,-9900,kalshi,220277,Detroit Tigers,Washington Nationals,2026-09-21T22:39:48.460870+00:00,2026-09-22T07:52:41.074570+00:00,2026-09-22T03:52:41.074570-04:00,2026-09-22T03:52:41.074570-04:00,propline_free_sample
2026-09-21,2026-09-21 22:40:00+00:00,River Ryan,0.5,under,9900,kalshi,220277,Detroit Tigers,Washington Nationals,2026-09-21T20:24:28.816398+00:00,2026-09-22T07:52:41.074570+00:00,2026-09-22T03:52:41.074570-04:00,2026-09-22T03:52:41.074570-04:00,propline_free_sample
2026-09-21,2026-09-21 22:40:00+00:00,DJ Herz,5.5,over,233,novig,220277,Detroit Tigers,Washington Nationals,2026-09-21T22:39:40.700190+00:00,2026-09-22T07:52:41.074570+00:00,2026-09-22T03:52:41.074570-04:00,2026-09-22T03:52:41.074570-04:00,propline_free_sample
2026-09-21,2026-09-21 22:40:00+00:00,DJ Herz,5.5,under,-733,novig,220277,Detroit Tigers,Washington Nationals,2026-09-21T20:01:30.504212+00:00,2026-09-22T07:52:41.074570+00:00,2026-09-22T03:52:41.074570-04:00,2026-09-22T03:52:41.074570-04:00,propline_free_sample
2026-09-21,2026-09-21 22:40:00+00:00,River Ryan,7.5,under,-9900,kalshi,220277,Detroit Tigers,Washington Nationals,2026-09-21T20:31:25.041694+00:00,2026-09-22T07:52:41.074570+00:00,2026-09-22T03:52:41.074570-04:00,2026-09-22T03:52:41.074570-04:00,propline_free_sample
2026-09-21,2026-09-21 22:40:00+00:00,River Ryan,6.5,under,-4900,kalshi,220277,Detroit Tigers,Washington Nationals,2026-09-21T21:42:58.630118+00:00,2026-09-22T07:52:41.074570+00:00,2026-09-22T03:52:41.074570-04:00,2026-09-22T03:52:41.074570-04:00,propline_free_sample
2026-09-21,2026-09-21 22:40:00+00:00,River Ryan,0.5,over,-2200,hardrock,220277,Detroit Tigers,Washington Nationals,2026-09-21T19:37:41.438695+00:00,2026-09-22T07:52:41.074570+00:00,2026-09-22T03:52:41.074570-04:00,2026-09-22T03:52:41.074570-04:00,propline_free_sample
2026-09-21,2026-09-21 22:40:00+00:00,River Ryan,0.5,under,700,hardrock,220277,Detroit Tigers,Washington Nationals,2026-09-21T19:37:41.438695+00:00,2026-09-22T07:52:41.074570+00:00,2026-09-22T03:52:41.074570-04:00,2026-09-22T03:52:41.074570-04:00,propline_free_sample
2026-09-21,2026-09-21 22:40:00+00:00,River Ryan,1.5,over,-325,hardrock,220277,Detroit Tigers,Washington Nationals,2026-09-21T19:37:41.438695+00:00,2026-09-22T07:52:41.074570+00:00,2026-09-22T03:52:41.074570-04:00,2026-09-22T03:52:41.074570-04:00,propline_free_sample
2026-09-21,2026-09-21 22:40:00+00:00,River Ryan,1.5,under,220,hardrock,220277,Detroit Tigers,Washington Nationals,2026-09-21T19:37:41.438695+00:00,2026-09-22T07:52:41.074570+00:00,2026-09-22T03:52:41.074570-04:00,2026-09-22T03:52:41.074570-04:00,propline_free_sample
2026-09-21,2026-09-21 22:40:00+00:00,River Ryan,2.5,over,-115,hardrock,220277,Detroit Tigers,Washington Nationals,2026-09-21T19:37:41.438695+00:00,2026-09-22T07:52:41.074570+00:00,2026-09-22T03:52:41.074570-04:00,2026-09-22T03:52:41.074570-04:00,propline_free_sample
2026-09-21,2026-09-21 22:40:00+00:00,River Ryan,2.5,under,-115,hardrock,220277,Detroit Tigers,Washington Nationals,2026-09-21T19:37:41.438695+00:00,2026-09-22T07:52:41.074570+00:00,2026-09-22T03:52:41.074570-04:00,2026-09-22T03:52:41.074570-04:00,propline_free_sample
2026-09-21,2026-09-21 22:40:00+00:00,River Ryan,3.5,over,210,hardrock,220277,Detroit Tigers,Washington Nationals,2026-09-21T19:37:41.438695+00:00,2026-09-22T07:52:41.074570+00:00,2026-09-22T03:52:41.074570-04:00,2026-09-22T03:52:41.074570-04:00,propline_free_sample
2026-09-21,2026-09-21 22:40:00+00:00,River Ryan,3.5,under,-325,hardrock,220277,Detroit Tigers,Washington Nationals,2026-09-21T19:37:41.438695+00:00,2026-09-22T07:52:41.074570+00:00,2026-09-22T03:52:41.074570-04:00,2026-09-22T03:52:41.074570-04:00,propline_free_sample
2026-09-21,2026-09-21 22:40:00+00:00,River Ryan,4.5,over,500,hardrock,220277,Detroit Tigers,Washington Nationals,2026-09-21T19:37:41.438695+00:00,2026-09-22T07:52:41.074570+00:00,2026-09-22T03:52:41.074570-04:00,2026-09-22T03:52:41.074570-04:00,propline_free_sample
2026-09-21,2026-09-21 22:40:00+00:00,River Ryan,4.5,under,-1100,hardrock,220277,Detroit Tigers,Washington Nationals,2026-09-21T19:37:41.438695+00:00,2026-09-22T07:52:41.074570+00:00,2026-09-22T03:52:41.074570-04:00,2026-09-22T03:52:41.074570-04:00,propline_free_sample
2026-09-21,2026-09-21 22:40:00+00:00,River Ryan,5.5,over,1100,hardrock,220277,Detroit Tigers,Washington Nationals,2026-09-21T19:37:41.438695+00:00,2026-09-22T07:52:41.074570+00:00,2026-09-22T03:52:41.074570-04:00,2026-09-22T03:52:41.074570-04:00,propline_free_sample
2026-09-21,2026-09-21 22:40:00+00:00,River Ryan,5.5,under,-4000,hardrock,220277,Detroit Tigers,Washington Nationals,2026-09-21T19:37:41.438695+00:00,2026-09-22T07:52:41.074570+00:00,2026-09-22T03:52:41.074570-04:00,2026-09-22T03:52:41.074570-04:00,propline_free_sample
2026-09-21,2026-09-21 22:40:00+00:00,River Ryan,6.5,over,4000,hardrock,220277,Detroit Tigers,Washington Nationals,2026-09-21T19:37:41.438695+00:00,2026-09-22T07:52:41.074570+00:00,2026-09-22T03:52:41.074570-04:00,2026-09-22T03:52:41.074570-04:00,propline_free_sample
2026-09-21,2026-09-21 22:40:00+00:00,River Ryan,6.5,under,-20000,hardrock,220277,Detroit Tigers,Washington Nationals,2026-09-21T19:37:41.438695+00:00,2026-09-22T07:52:41.074570+00:00,2026-09-22T03:52:41.074570-04:00,2026-09-22T03:52:41.074570-04:00,propline_free_sample
2026-09-21,2026-09-21 22:40:00+00:00,River Ryan,4.5,under,100,prizepicks,220277,Detroit Tigers,Washington Nationals,2026-09-21T19:43:20.363356+00:00,2026-09-22T07:52:41.074570+00:00,2026-09-22T03:52:41.074570-04:00,2026-09-22T03:52:41.074570-04:00,propline_free_sample
2026-09-21,2026-09-21 22:40:00+00:00,DJ Herz,4.5,over,-103,smarkets,220277,Detroit Tigers,Washington Nationals,2026-09-21T22:29:47.339963+00:00,2026-09-22T07:52:41.074570+00:00,2026-09-22T03:52:41.074570-04:00,2026-09-22T03:52:41.074570-04:00,propline_free_sample
2026-09-21,2026-09-21 22:40:00+00:00,DJ Herz,4.5,under,-135,smarkets,220277,Detroit Tigers,Washington Nationals,2026-09-21T22:29:47.339963+00:00,2026-09-22T07:52:41.074570+00:00,2026-09-22T03:52:41.074570-04:00,2026-09-22T03:52:41.074570-04:00,propline_free_sample
2026-09-21,2026-09-21 22:40:00+00:00,DJ Herz,6.5,under,100,prizepicks,220277,Detroit Tigers,Washington Nationals,2026-09-21T19:57:20.493086+00:00,2026-09-22T07:52:41.074570+00:00,2026-09-22T03:52:41.074570-04:00,2026-09-22T03:52:41.074570-04:00,propline_free_sample
2026-09-21,2026-09-21 22:40:00+00:00,DJ Herz,4.5,over,130,prophetx,220277,Detroit Tigers,Washington Nationals,2026-09-21T20:15:33.083168+00:00,2026-09-22T07:52:41.074570+00:00,2026-09-22T03:52:41.074570-04:00,2026-09-22T03:52:41.074570-04:00,propline_free_sample
2026-09-21,2026-09-21 22:40:00+00:00,DJ Herz,4.5,under,-200,prophetx,220277,Detroit Tigers,Washington Nationals,2026-09-21T22:39:46.955244+00:00,2026-09-22T07:52:41.074570+00:00,2026-09-22T03:52:41.074570-04:00,2026-09-22T03:52:41.074570-04:00,propline_free_sample
2026-09-21,2026-09-21 22:35:00+00:00,Shane Baz,4.5,over,126,fanduel,220276,Baltimore Orioles,Toronto Blue Jays,2026-09-21T21:35:15.545428+00:00,2026-09-22T07:52:41.074570+00:00,2026-09-22T03:52:41.074570-04:00,2026-09-22T03:52:41.074570-04:00,propline_free_sample
2026-09-21,2026-09-21 22:35:00+00:00,Shane Baz,4.5,under,-162,fanduel,220276,Baltimore Orioles,Toronto Blue Jays,2026-09-21T21:35:15.545428+00:00,2026-09-22T07:52:41.074570+00:00,2026-09-22T03:52:41.074570-04:00,2026-09-22T03:52:41.074570-04:00,propline_free_sample
2026-09-21,2026-09-21 22:35:00+00:00,Trey Yesavage,3.5,over,114,fanduel,220276,Baltimore Orioles,Toronto Blue Jays,2026-09-21T22:25:39.944769+00:00,2026-09-22T07:52:41.074570+00:00,2026-09-22T03:52:41.074570-04:00,2026-09-22T03:52:41.074570-04:00,propline_free_sample
2026-09-21,2026-09-21 22:35:00+00:00,Trey Yesavage,3.5,under,-146,fanduel,220276,Baltimore Orioles,Toronto Blue Jays,2026-09-21T22:25:39.944769+00:00,2026-09-22T07:52:41.074570+00:00,2026-09-22T03:52:41.074570-04:00,2026-09-22T03:52:41.074570-04:00,propline_free_sample
2026-09-21,2026-09-21 22:35:00+00:00,Shane Baz,3.5,over,-192,prophetx,220276,Baltimore Orioles,Toronto Blue Jays,2026-09-21T21:41:39.405532+00:00,2026-09-22T07:52:41.074570+00:00,2026-09-22T03:52:41.074570-04:00,2026-09-22T03:52:41.074570-04:00,propline_free_sample
2026-09-21,2026-09-21 22:35:00+00:00,Shane Baz,3.5,under,140,prophetx,220276,Baltimore Orioles,Toronto Blue Jays,2026-09-21T21:23:38.777262+00:00,2026-09-22T07:52:41.074570+00:00,2026-09-22T03:52:41.074570-04:00,2026-09-22T03:52:41.074570-04:00,propline_free_sample
2026-09-21,2026-09-21 22:35:00+00:00,Trey Yesavage,3.5,over,115,prophetx,220276,Baltimore Orioles,Toronto Blue Jays,2026-09-21T21:42:36.618441+00:00,2026-09-22T07:52:41.074570+00:00,2026-09-22T03:52:41.074570-04:00,2026-09-22T03:52:41.074570-04:00,propline_free_sample
2026-09-21,2026-09-21 22:35:00+00:00,Trey Yesavage,3.5,under,-148,prophetx,220276,Baltimore Orioles,Toronto Blue Jays,2026-09-21T21:35:44.312609+00:00,2026-09-22T07:52:41.074570+00:00,2026-09-22T03:52:41.074570-04:00,2026-09-22T03:52:41.074570-04:00,propline_free_sample
2026-09-21,2026-09-21 22:35:00+00:00,Trey Yesavage,3.5,over,100,prizepicks,220276,Baltimore Orioles,Toronto Blue Jays,2026-09-21T01:30:19.152556+00:00,2026-09-22T07:52:41.074570+00:00,2026-09-22T03:52:41.074570-04:00,2026-09-22T03:52:41.074570-04:00,propline_free_sample
2026-09-21,2026-09-21 22:35:00+00:00,Trey Yesavage,3.5,under,100,prizepicks,220276,Baltimore Orioles,Toronto Blue Jays,2026-09-21T01:30:19.152556+00:00,2026-09-22T07:52:41.074570+00:00,2026-09-22T03:52:41.074570-04:00,2026-09-22T03:52:41.074570-04:00,propline_free_sample
2026-09-21,2026-09-21 22:35:00+00:00,Shane Baz,4.5,over,100,prizepicks,220276,Baltimore Orioles,Toronto Blue Jays,2026-09-21T01:30:19.152556+00:00,2026-09-22T07:52:41.074570+00:00,2026-09-22T03:52:41.074570-04:00,2026-09-22T03:52:41.074570-04:00,propline_free_sample
2026-09-21,2026-09-21 22:35:00+00:00,Trey Yesavage,4.5,over,100,prizepicks,220276,Baltimore Orioles,Toronto Blue Jays,2026-09-21T01:30:19.152556+00:00,2026-09-22T07:52:41.074570+00:00,2026-09-22T03:52:41.074570-04:00,2026-09-22T03:52:41.074570-04:00,propline_free_sample
2026-09-21,2026-09-21 22:35:00+00:00,Shane Baz,5.5,over,100,prizepicks,220276,Baltimore Orioles,Toronto Blue Jays,2026-09-21T01:30:19.152556+00:00,2026-09-22T07:52:41.074570+00:00,2026-09-22T03:52:41.074570-04:00,2026-09-22T03:52:41.074570-04:00,propline_free_sample
2026-09-21,2026-09-21 22:35:00+00:00,Trey Yesavage,5.5,over,100,prizepicks,220276,Baltimore Orioles,Toronto Blue Jays,2026-09-21T01:30:19.152556+00:00,2026-09-22T07:52:41.074570+00:00,2026-09-22T03:52:41.074570-04:00,2026-09-22T03:52:41.074570-04:00,propline_free_sample
2026-09-21,2026-09-21 22:35:00+00:00,Shane Baz,6.5,over,100,prizepicks,220276,Baltimore Orioles,Toronto Blue Jays,2026-09-21T01:30:19.152556+00:00,2026-09-22T07:52:41.074570+00:00,2026-09-22T03:52:41.074570-04:00,2026-09-22T03:52:41.074570-04:00,propline_free_sample
2026-09-21,2026-09-21 22:35:00+00:00,Shane Baz,2.5,over,100,prizepicks,220276,Baltimore Orioles,Toronto Blue Jays,2026-09-21T01:30:19.152556+00:00,2026-09-22T07:52:41.074570+00:00,2026-09-22T03:52:41.074570-04:00,2026-09-22T03:52:41.074570-04:00,propline_free_sample
2026-09-21,2026-09-21 22:35:00+00:00,Trey Yesavage,2.5,over,100,prizepicks,220276,Baltimore Orioles,Toronto Blue Jays,2026-09-21T01:30:19.152556+00:00,2026-09-22T07:52:41.074570+00:00,2026-09-22T03:52:41.074570-04:00,2026-09-22T03:52:41.074570-04:00,propline_free_sample
2026-09-21,2026-09-21 22:35:00+00:00,Shane Baz,3.5,over,100,prizepicks,220276,Baltimore Orioles,Toronto Blue Jays,2026-09-21T01:30:19.152556+00:00,2026-09-22T07:52:41.074570+00:00,2026-09-22T03:52:41.074570-04:00,2026-09-22T03:52:41.074570-04:00,propline_free_sample
2026-09-21,2026-09-21 22:35:00+00:00,Shane Baz,3.5,under,100,prizepicks,220276,Baltimore Orioles,Toronto Blue Jays,2026-09-21T01:30:19.152556+00:00,2026-09-22T07:52:41.074570+00:00,2026-09-22T03:52:41.074570-04:00,2026-09-22T03:52:41.074570-04:00,propline_free_sample
2026-09-21,2026-09-21 22:35:00+00:00,Shane Baz (BAL),3.5,over,-150,bovada,220276,Baltimore Orioles,Toronto Blue Jays,2026-09-21T21:25:19.860126+00:00,2026-09-22T07:52:41.074570+00:00,2026-09-22T03:52:41.074570-04:00,2026-09-22T03:52:41.074570-04:00,propline_free_sample
2026-09-21,2026-09-21 22:35:00+00:00,Shane Baz (BAL),3.5,under,115,bovada,220276,Baltimore Orioles,Toronto Blue Jays,2026-09-21T21:25:19.860126+00:00,2026-09-22T07:52:41.074570+00:00,2026-09-22T03:52:41.074570-04:00,2026-09-22T03:52:41.074570-04:00,propline_free_sample
2026-09-21,2026-09-21 22:35:00+00:00,Trey Yesavage (TOR),3.5,over,130,bovada,220276,Baltimore Orioles,Toronto Blue Jays,2026-09-21T20:25:18.393916+00:00,2026-09-22T07:52:41.074570+00:00,2026-09-22T03:52:41.074570-04:00,2026-09-22T03:52:41.074570-04:00,propline_free_sample
2026-09-21,2026-09-21 22:35:00+00:00,Trey Yesavage (TOR),3.5,under,-170,bovada,220276,Baltimore Orioles,Toronto Blue Jays,2026-09-21T20:25:18.393916+00:00,2026-09-22T07:52:41.074570+00:00,2026-09-22T03:52:41.074570-04:00,2026-09-22T03:52:41.074570-04:00,propline_free_sample
2026-09-21,2026-09-21 22:35:00+00:00,Shane Baz,4.5,over,120,fanatics,220276,Baltimore Orioles,Toronto Blue Jays,2026-09-21T22:34:01.904779+00:00,2026-09-22T07:52:41.074570+00:00,2026-09-22T03:52:41.074570-04:00,2026-09-22T03:52:41.074570-04:00,propline_free_sample
2026-09-21,2026-09-21 22:35:00+00:00,Shane Baz,4.5,under,-160,fanatics,220276,Baltimore Orioles,Toronto Blue Jays,2026-09-21T22:34:01.904779+00:00,2026-09-22T07:52:41.074570+00:00,2026-09-22T03:52:41.074570-04:00,2026-09-22T03:52:41.074570-04:00,propline_free_sample
2026-09-21,2026-09-21 22:35:00+00:00,Trey Yesavage,4.5,over,100,fanatics,220276,Baltimore Orioles,Toronto Blue Jays,2026-09-21T22:16:19.585771+00:00,2026-09-22T07:52:41.074570+00:00,2026-09-22T03:52:41.074570-04:00,2026-09-22T03:52:41.074570-04:00,propline_free_sample
2026-09-21,2026-09-21 22:35:00+00:00,Trey Yesavage,4.5,under,-130,fanatics,220276,Baltimore Orioles,Toronto Blue Jays,2026-09-21T22:16:19.585771+00:00,2026-09-22T07:52:41.074570+00:00,2026-09-22T03:52:41.074570-04:00,2026-09-22T03:52:41.074570-04:00,propline_free_sample
2026-09-21,2026-09-21 22:35:00+00:00,Shane Baz,3.5,over,233,novig,220276,Baltimore Orioles,Toronto Blue Jays,2026-09-21T21:23:34.337090+00:00,2026-09-22T07:52:41.074570+00:00,2026-09-22T03:52:41.074570-04:00,2026-09-22T03:52:41.074570-04:00,propline_free_sample
2026-09-21,2026-09-21 22:35:00+00:00,Shane Baz,3.5,under,-99900,novig,220276,Baltimore Orioles,Toronto Blue Jays,2026-09-21T20:49:32.324105+00:00,2026-09-22T07:52:41.074570+00:00,2026-09-22T03:52:41.074570-04:00,2026-09-22T03:52:41.074570-04:00,propline_free_sample
2026-09-21,2026-09-21 22:35:00+00:00,Trey Yesavage,3.5,over,-344,novig,220276,Baltimore Orioles,Toronto Blue Jays,2026-09-21T21:14:30.703266+00:00,2026-09-22T07:52:41.074570+00:00,2026-09-22T03:52:41.074570-04:00,2026-09-22T03:52:41.074570-04:00,propline_free_sample
2026-09-21,2026-09-21 22:35:00+00:00,Trey Yesavage,3.5,under,-99900,novig,220276,Baltimore Orioles,Toronto Blue Jays,2026-09-21T21:23:34.337090+00:00,2026-09-22T07:52:41.074570+00:00,2026-09-22T03:52:41.074570-04:00,2026-09-22T03:52:41.074570-04:00,propline_free_sample
2026-09-21,2026-09-21 22:35:00+00:00,Shane Baz,0.5,over,-180,hardrock,220276,Baltimore Orioles,Toronto Blue Jays,2026-09-21T19:43:39.464752+00:00,2026-09-22T07:52:41.074570+00:00,2026-09-22T03:52:41.074570-04:00,2026-09-22T03:52:41.074570-04:00,propline_free_sample
2026-09-21,2026-09-21 22:35:00+00:00,Shane Baz,0.5,under,125,hardrock,220276,Baltimore Orioles,Toronto Blue Jays,2026-09-21T20:13:46.360629+00:00,2026-09-22T07:52:41.074570+00:00,2026-09-22T03:52:41.074570-04:00,2026-09-22T03:52:41.074570-04:00,propline_free_sample
2026-09-21,2026-09-21 22:35:00+00:00,Shane Baz,1.5,over,230,hardrock,220276,Baltimore Orioles,Toronto Blue Jays,2026-09-21T21:37:53.602465+00:00,2026-09-22T07:52:41.074570+00:00,2026-09-22T03:52:41.074570-04:00,2026-09-22T03:52:41.074570-04:00,propline_free_sample
2026-09-21,2026-09-21 22:35:00+00:00,Shane Baz,1.5,under,-375,hardrock,220276,Baltimore Orioles,Toronto Blue Jays,2026-09-21T20:02:43.031157+00:00,2026-09-22T07:52:41.074570+00:00,2026-09-22T03:52:41.074570-04:00,2026-09-22T03:52:41.074570-04:00,propline_free_sample
2026-09-21,2026-09-21 22:35:00+00:00,Shane Baz,2.5,over,650,hardrock,220276,Baltimore Orioles,Toronto Blue Jays,2026-09-21T19:43:39.464752+00:00,2026-09-22T07:52:41.074570+00:00,2026-09-22T03:52:41.074570-04:00,2026-09-22T03:52:41.074570-04:00,propline_free_sample
2026-09-21,2026-09-21 22:35:00+00:00,Shane Baz,2.5,under,-2500,hardrock,220276,Baltimore Orioles,Toronto Blue Jays,2026-09-21T21:07:46.048792+00:00,2026-09-22T07:52:41.074570+00:00,2026-09-22T03:52:41.074570-04:00,2026-09-22T03:52:41.074570-04:00,propline_free_sample
2026-09-21,2026-09-21 22:35:00+00:00,Shane Baz,3.5,over,2500,hardrock,220276,Baltimore Orioles,Toronto Blue Jays,2026-09-21T21:25:46.029403+00:00,2026-09-22T07:52:41.074570+00:00,2026-09-22T03:52:41.074570-04:00,2026-09-22T03:52:41.074570-04:00,propline_free_sample
2026-09-21,2026-09-21 22:35:00+00:00,Shane Baz,3.5,under,-20000,hardrock,220276,Baltimore Orioles,Toronto Blue Jays,2026-09-21T20:29:44.588008+00:00,2026-09-22T07:52:41.074570+00:00,2026-09-22T03:52:41.074570-04:00,2026-09-22T03:52:41.074570-04:00,propline_free_sample
2026-09-21,2026-09-21 22:35:00+00:00,Shane Baz,4.5,over,4000,hardrock,220276,Baltimore Orioles,Toronto Blue Jays,2026-09-21T21:07:46.048792+00:00,2026-09-22T07:52:41.074570+00:00,2026-09-22T03:52:41.074570-04:00,2026-09-22T03:52:41.074570-04:00,propline_free_sample
2026-09-21,2026-09-21 22:35:00+00:00,Shane Baz,4.5,under,-50000,hardrock,220276,Baltimore Orioles,Toronto Blue Jays,2026-09-21T21:25:46.029403+00:00,2026-09-22T07:52:41.074570+00:00,2026-09-22T03:52:41.074570-04:00,2026-09-22T03:52:41.074570-04:00,propline_free_sample
2026-09-21,2026-09-21 22:35:00+00:00,Shane Baz,5.5,over,2250,hardrock,220276,Baltimore Orioles,Toronto Blue Jays,2026-09-21T22:23:45.608760+00:00,2026-09-22T07:52:41.074570+00:00,2026-09-22T03:52:41.074570-04:00,2026-09-22T03:52:41.074570-04:00,propline_free_sample
2026-09-21,2026-09-21 22:35:00+00:00,Shane Baz,5.5,under,-15000,hardrock,220276,Baltimore Orioles,Toronto Blue Jays,2026-09-21T20:02:43.031157+00:00,2026-09-22T07:52:41.074570+00:00,2026-09-22T03:52:41.074570-04:00,2026-09-22T03:52:41.074570-04:00,propline_free_sample
2026-09-21,2026-09-21 22:35:00+00:00,Shane Baz,6.5,over,2250,hardrock,220276,Baltimore Orioles,Toronto Blue Jays,2026-09-21T19:43:39.464752+00:00,2026-09-22T07:52:41.074570+00:00,2026-09-22T03:52:41.074570-04:00,2026-09-22T03:52:41.074570-04:00,propline_free_sample
2026-09-21,2026-09-21 22:35:00+00:00,Shane Baz,6.5,under,-15000,hardrock,220276,Baltimore Orioles,Toronto Blue Jays,2026-09-21T19:43:39.464752+00:00,2026-09-22T07:52:41.074570+00:00,2026-09-22T03:52:41.074570-04:00,2026-09-22T03:52:41.074570-04:00,propline_free_sample
2026-09-21,2026-09-21 22:35:00+00:00,Shane Baz,7.5,over,1200,hardrock,220276,Baltimore Orioles,Toronto Blue Jays,2026-09-21T22:23:45.608760+00:00,2026-09-22T07:52:41.074570+00:00,2026-09-22T03:52:41.074570-04:00,2026-09-22T03:52:41.074570-04:00,propline_free_sample
2026-09-21,2026-09-21 22:35:00+00:00,Shane Baz,7.5,under,-5000,hardrock,220276,Baltimore Orioles,Toronto Blue Jays,2026-09-21T22:23:45.608760+00:00,2026-09-22T07:52:41.074570+00:00,2026-09-22T03:52:41.074570-04:00,2026-09-22T03:52:41.074570-04:00,propline_free_sample
2026-09-21,2026-09-21 22:35:00+00:00,Shane Baz,8.5,over,3000,hardrock,220276,Baltimore Orioles,Toronto Blue Jays,2026-09-21T20:07:46.027940+00:00,2026-09-22T07:52:41.074570+00:00,2026-09-22T03:52:41.074570-04:00,2026-09-22T03:52:41.074570-04:00,propline_free_sample
2026-09-21,2026-09-21 22:35:00+00:00,Shane Baz,8.5,under,-20000,hardrock,220276,Baltimore Orioles,Toronto Blue Jays,2026-09-21T22:23:45.608760+00:00,2026-09-22T07:52:41.074570+00:00,2026-09-22T03:52:41.074570-04:00,2026-09-22T03:52:41.074570-04:00,propline_free_sample
2026-09-21,2026-09-21 22:35:00+00:00,Shane Baz,3.5,over,-204,sleeper,220276,Baltimore Orioles,Toronto Blue Jays,2026-09-21T21:15:26.155643+00:00,2026-09-22T07:52:41.074570+00:00,2026-09-22T03:52:41.074570-04:00,2026-09-22T03:52:41.074570-04:00,propline_free_sample
2026-09-21,2026-09-21 22:35:00+00:00,Shane Baz,3.5,under,118,sleeper,220276,Baltimore Orioles,Toronto Blue Jays,2026-09-21T21:57:23.941100+00:00,2026-09-22T07:52:41.074570+00:00,2026-09-22T03:52:41.074570-04:00,2026-09-22T03:52:41.074570-04:00,propline_free_sample
2026-09-21,2026-09-21 22:35:00+00:00,Shane Baz,4.5,under,100,prizepicks,220276,Baltimore Orioles,Toronto Blue Jays,2026-09-21T02:15:19.008601+00:00,2026-09-22T07:52:41.074570+00:00,2026-09-22T03:52:41.074570-04:00,2026-09-22T03:52:41.074570-04:00,propline_free_sample
2026-09-21,2026-09-21 22:35:00+00:00,Shane Baz,5.5,under,100,prizepicks,220276,Baltimore Orioles,Toronto Blue Jays,2026-09-21T02:15:19.008601+00:00,2026-09-22T07:52:41.074570+00:00,2026-09-22T03:52:41.074570-04:00,2026-09-22T03:52:41.074570-04:00,propline_free_sample
2026-09-21,2026-09-21 22:35:00+00:00,Shane Baz,2.5,under,100,prizepicks,220276,Baltimore Orioles,Toronto Blue Jays,2026-09-21T02:15:19.008601+00:00,2026-09-22T07:52:41.074570+00:00,2026-09-22T03:52:41.074570-04:00,2026-09-22T03:52:41.074570-04:00,propline_free_sample
2026-09-21,2026-09-21 22:35:00+00:00,Shane Baz,7.5,over,100,prizepicks,220276,Baltimore Orioles,Toronto Blue Jays,2026-09-21T02:15:19.008601+00:00,2026-09-22T07:52:41.074570+00:00,2026-09-22T03:52:41.074570-04:00,2026-09-22T03:52:41.074570-04:00,propline_free_sample
2026-09-21,2026-09-21 22:35:00+00:00,Trey Yesavage,0.5,over,-10000,hardrock,220276,Baltimore Orioles,Toronto Blue Jays,2026-09-21T19:49:50.523130+00:00,2026-09-22T07:52:41.074570+00:00,2026-09-22T03:52:41.074570-04:00,2026-09-22T03:52:41.074570-04:00,propline_free_sample
2026-09-21,2026-09-21 22:35:00+00:00,Trey Yesavage,0.5,under,2500,hardrock,220276,Baltimore Orioles,Toronto Blue Jays,2026-09-21T20:12:41.504691+00:00,2026-09-22T07:52:41.074570+00:00,2026-09-22T03:52:41.074570-04:00,2026-09-22T03:52:41.074570-04:00,propline_free_sample
2026-09-21,2026-09-21 22:35:00+00:00,Trey Yesavage,1.5,over,-1100,hardrock,220276,Baltimore Orioles,Toronto Blue Jays,2026-09-21T20:12:41.504691+00:00,2026-09-22T07:52:41.074570+00:00,2026-09-22T03:52:41.074570-04:00,2026-09-22T03:52:41.074570-04:00,propline_free_sample
2026-09-21,2026-09-21 22:35:00+00:00,Trey Yesavage,1.5,under,450,hardrock,220276,Baltimore Orioles,Toronto Blue Jays,2026-09-21T21:54:45.997142+00:00,2026-09-22T07:52:41.074570+00:00,2026-09-22T03:52:41.074570-04:00,2026-09-22T03:52:41.074570-04:00,propline_free_sample
2026-09-21,2026-09-21 22:35:00+00:00,Trey Yesavage,2.5,over,-1400,hardrock,220276,Baltimore Orioles,Toronto Blue Jays,2026-09-21T20:12:41.504691+00:00,2026-09-22T07:52:41.074570+00:00,2026-09-22T03:52:41.074570-04:00,2026-09-22T03:52:41.074570-04:00,propline_free_sample
2026-09-21,2026-09-21 22:35:00+00:00,Trey Yesavage,2.5,under,525,hardrock,220276,Baltimore Orioles,Toronto Blue Jays,2026-09-21T20:12:41.504691+00:00,2026-09-22T07:52:41.074570+00:00,2026-09-22T03:52:41.074570-04:00,2026-09-22T03:52:41.074570-04:00,propline_free_sample
2026-09-21,2026-09-21 22:35:00+00:00,Trey Yesavage,3.5,over,-250,hardrock,220276,Baltimore Orioles,Toronto Blue Jays,2026-09-21T20:12:41.504691+00:00,2026-09-22T07:52:41.074570+00:00,2026-09-22T03:52:41.074570-04:00,2026-09-22T03:52:41.074570-04:00,propline_free_sample
2026-09-21,2026-09-21 22:35:00+00:00,Trey Yesavage,3.5,under,160,hardrock,220276,Baltimore Orioles,Toronto Blue Jays,2026-09-21T20:12:41.504691+00:00,2026-09-22T07:52:41.074570+00:00,2026-09-22T03:52:41.074570-04:00,2026-09-22T03:52:41.074570-04:00,propline_free_sample
2026-09-21,2026-09-21 22:35:00+00:00,Trey Yesavage,4.5,over,130,hardrock,220276,Baltimore Orioles,Toronto Blue Jays,2026-09-21T21:54:45.997142+00:00,2026-09-22T07:52:41.074570+00:00,2026-09-22T03:52:41.074570-04:00,2026-09-22T03:52:41.074570-04:00,propline_free_sample
2026-09-21,2026-09-21 22:35:00+00:00,Trey Yesavage,4.5,under,-190,hardrock,220276,Baltimore Orioles,Toronto Blue Jays,2026-09-21T20:12:41.504691+00:00,2026-09-22T07:52:41.074570+00:00,2026-09-22T03:52:41.074570-04:00,2026-09-22T03:52:41.074570-04:00,propline_free_sample
2026-09-21,2026-09-21 22:35:00+00:00,Trey Yesavage,5.5,over,350,hardrock,220276,Baltimore Orioles,Toronto Blue Jays,2026-09-21T20:12:41.504691+00:00,2026-09-22T07:52:41.074570+00:00,2026-09-22T03:52:41.074570-04:00,2026-09-22T03:52:41.074570-04:00,propline_free_sample
2026-09-21,2026-09-21 22:35:00+00:00,Trey Yesavage,5.5,under,-650,hardrock,220276,Baltimore Orioles,Toronto Blue Jays,2026-09-21T21:54:45.997142+00:00,2026-09-22T07:52:41.074570+00:00,2026-09-22T03:52:41.074570-04:00,2026-09-22T03:52:41.074570-04:00,propline_free_sample
2026-09-21,2026-09-21 22:35:00+00:00,Trey Yesavage,6.5,over,850,hardrock,220276,Baltimore Orioles,Toronto Blue Jays,2026-09-21T21:54:45.997142+00:00,2026-09-22T07:52:41.074570+00:00,2026-09-22T03:52:41.074570-04:00,2026-09-22T03:52:41.074570-04:00,propline_free_sample
2026-09-21,2026-09-21 22:35:00+00:00,Trey Yesavage,6.5,under,-4000,hardrock,220276,Baltimore Orioles,Toronto Blue Jays,2026-09-21T21:54:45.997142+00:00,2026-09-22T07:52:41.074570+00:00,2026-09-22T03:52:41.074570-04:00,2026-09-22T03:52:41.074570-04:00,propline_free_sample
2026-09-21,2026-09-21 22:35:00+00:00,Trey Yesavage,7.5,over,3000,hardrock,220276,Baltimore Orioles,Toronto Blue Jays,2026-09-21T19:27:41.359988+00:00,2026-09-22T07:52:41.074570+00:00,2026-09-22T03:52:41.074570-04:00,2026-09-22T03:52:41.074570-04:00,propline_free_sample
2026-09-21,2026-09-21 22:35:00+00:00,Trey Yesavage,7.5,under,-20000,hardrock,220276,Baltimore Orioles,Toronto Blue Jays,2026-09-21T20:12:41.504691+00:00,2026-09-22T07:52:41.074570+00:00,2026-09-22T03:52:41.074570-04:00,2026-09-22T03:52:41.074570-04:00,propline_free_sample
2026-09-21,2026-09-21 22:35:00+00:00,Shane Baz,0.5,over,-145,underdog,220276,Baltimore Orioles,Toronto Blue Jays,2026-09-21T21:17:22.782183+00:00,2026-09-22T07:52:41.074570+00:00,2026-09-22T03:52:41.074570-04:00,2026-09-22T03:52:41.074570-04:00,propline_free_sample
2026-09-21,2026-09-21 22:35:00+00:00,Shane Baz,0.5,under,-104,underdog,220276,Baltimore Orioles,Toronto Blue Jays,2026-09-21T21:17:22.782183+00:00,2026-09-22T07:52:41.074570+00:00,2026-09-22T03:52:41.074570-04:00,2026-09-22T03:52:41.074570-04:00,propline_free_sample
2026-09-21,2026-09-21 22:35:00+00:00,Shane Baz,4.5,over,145,dabble,220276,Baltimore Orioles,Toronto Blue Jays,2026-09-21T22:23:26.378481+00:00,2026-09-22T07:52:41.074570+00:00,2026-09-22T03:52:41.074570-04:00,2026-09-22T03:52:41.074570-04:00,propline_free_sample
2026-09-21,2026-09-21 22:35:00+00:00,Trey Yesavage,3.5,over,-109,dabble,220276,Baltimore Orioles,Toronto Blue Jays,2026-09-21T04:29:21.085726+00:00,2026-09-22T07:52:41.074570+00:00,2026-09-22T03:52:41.074570-04:00,2026-09-22T03:52:41.074570-04:00,propline_free_sample
2026-09-21,2026-09-21 22:35:00+00:00,Shane Baz,4.5,under,-143,dabble,220276,Baltimore Orioles,Toronto Blue Jays,2026-09-21T21:12:23.109782+00:00,2026-09-22T07:52:41.074570+00:00,2026-09-22T03:52:41.074570-04:00,2026-09-22T03:52:41.074570-04:00,propline_free_sample
2026-09-21,2026-09-21 22:35:00+00:00,Trey Yesavage,3.5,under,109,dabble,220276,Baltimore Orioles,Toronto Blue Jays,2026-09-21T04:19:21.369177+00:00,2026-09-22T07:52:41.074570+00:00,2026-09-22T03:52:41.074570-04:00,2026-09-22T03:52:41.074570-04:00,propline_free_sample
2026-09-21,2026-09-21 22:35:00+00:00,Shane Baz,3.5,over,-167,smarkets,220276,Baltimore Orioles,Toronto Blue Jays,2026-09-21T20:46:39.125724+00:00,2026-09-22T07:52:41.074570+00:00,2026-09-22T03:52:41.074570-04:00,2026-09-22T03:52:41.074570-04:00,propline_free_sample
2026-09-21,2026-09-21 22:35:00+00:00,Shane Baz,3.5,under,118,smarkets,220276,Baltimore Orioles,Toronto Blue Jays,2026-09-21T20:46:39.125724+00:00,2026-09-22T07:52:41.074570+00:00,2026-09-22T03:52:41.074570-04:00,2026-09-22T03:52:41.074570-04:00,propline_free_sample
2026-09-21,2026-09-21 22:35:00+00:00,Trey Yesavage,2.5,over,-154,smarkets,220276,Baltimore Orioles,Toronto Blue Jays,2026-09-21T18:23:34.237416+00:00,2026-09-22T07:52:41.074570+00:00,2026-09-22T03:52:41.074570-04:00,2026-09-22T03:52:41.074570-04:00,propline_free_sample
2026-09-21,2026-09-21 22:35:00+00:00,Trey Yesavage,2.5,under,108,smarkets,220276,Baltimore Orioles,Toronto Blue Jays,2026-09-21T11:18:28.972669+00:00,2026-09-22T07:52:41.074570+00:00,2026-09-22T03:52:41.074570-04:00,2026-09-22T03:52:41.074570-04:00,propline_free_sample
2026-09-21,2026-09-21 22:35:00+00:00,Trey Yesavage,4.5,under,100,prizepicks,220276,Baltimore Orioles,Toronto Blue Jays,2026-09-21T02:39:19.120930+00:00,2026-09-22T07:52:41.074570+00:00,2026-09-22T03:52:41.074570-04:00,2026-09-22T03:52:41.074570-04:00,propline_free_sample
2026-09-21,2026-09-21 22:35:00+00:00,Trey Yesavage,6.5,over,100,prizepicks,220276,Baltimore Orioles,Toronto Blue Jays,2026-09-21T02:39:19.120930+00:00,2026-09-22T07:52:41.074570+00:00,2026-09-22T03:52:41.074570-04:00,2026-09-22T03:52:41.074570-04:00,propline_free_sample
2026-09-21,2026-09-21 22:35:00+00:00,Trey Yesavage,2.5,under,100,prizepicks,220276,Baltimore Orioles,Toronto Blue Jays,2026-09-21T02:39:19.120930+00:00,2026-09-22T07:52:41.074570+00:00,2026-09-22T03:52:41.074570-04:00,2026-09-22T03:52:41.074570-04:00,propline_free_sample
2026-09-21,2026-09-21 22:35:00+00:00,Trey Yesavage,1.5,over,100,prizepicks,220276,Baltimore Orioles,Toronto Blue Jays,2026-09-21T02:39:19.120930+00:00,2026-09-22T07:52:41.074570+00:00,2026-09-22T03:52:41.074570-04:00,2026-09-22T03:52:41.074570-04:00,propline_free_sample
2026-09-21,2026-09-21 22:35:00+00:00,Trey Yesavage,1.5,under,100,prizepicks,220276,Baltimore Orioles,Toronto Blue Jays,2026-09-21T02:39:19.120930+00:00,2026-09-22T07:52:41.074570+00:00,2026-09-22T03:52:41.074570-04:00,2026-09-22T03:52:41.074570-04:00,propline_free_sample
2026-09-21,2026-09-21 22:35:00+00:00,Shane Baz,4.5,over,127,draftkings,220276,Baltimore Orioles,Toronto Blue Jays,2026-09-21T21:15:23.247736+00:00,2026-09-22T07:52:41.074570+00:00,2026-09-22T03:52:41.074570-04:00,2026-09-22T03:52:41.074570-04:00,propline_free_sample
2026-09-21,2026-09-21 22:35:00+00:00,Shane Baz,4.5,under,-163,draftkings,220276,Baltimore Orioles,Toronto Blue Jays,2026-09-21T21:15:23.247736+00:00,2026-09-22T07:52:41.074570+00:00,2026-09-22T03:52:41.074570-04:00,2026-09-22T03:52:41.074570-04:00,propline_free_sample
2026-09-21,2026-09-21 22:35:00+00:00,Shane Baz,1.5,over,-1900,kalshi,220276,Baltimore Orioles,Toronto Blue Jays,2026-09-21T22:30:02.584872+00:00,2026-09-22T07:52:41.074570+00:00,2026-09-22T03:52:41.074570-04:00,2026-09-22T03:52:41.074570-04:00,propline_free_sample
2026-09-21,2026-09-21 22:35:00+00:00,Shane Baz,2.5,over,9900,kalshi,220276,Baltimore Orioles,Toronto Blue Jays,2026-09-21T21:35:36.196679+00:00,2026-09-22T07:52:41.074570+00:00,2026-09-22T03:52:41.074570-04:00,2026-09-22T03:52:41.074570-04:00,propline_free_sample
2026-09-21,2026-09-21 22:35:00+00:00,Shane Baz,3.5,over,9900,kalshi,220276,Baltimore Orioles,Toronto Blue Jays,2026-09-21T22:28:30.866380+00:00,2026-09-22T07:52:41.074570+00:00,2026-09-22T03:52:41.074570-04:00,2026-09-22T03:52:41.074570-04:00,propline_free_sample
2026-09-21,2026-09-21 22:35:00+00:00,Shane Baz,3.5,under,-4900,kalshi,220276,Baltimore Orioles,Toronto Blue Jays,2026-09-21T21:54:48.432910+00:00,2026-09-22T07:52:41.074570+00:00,2026-09-22T03:52:41.074570-04:00,2026-09-22T03:52:41.074570-04:00,propline_free_sample
2026-09-21,2026-09-21 22:35:00+00:00,Shane Baz,4.5,over,9900,kalshi,220276,Baltimore Orioles,Toronto Blue Jays,2026-09-21T21:14:47.837997+00:00,2026-09-22T07:52:41.074570+00:00,2026-09-22T03:52:41.074570-04:00,2026-09-22T03:52:41.074570-04:00,propline_free_sample
2026-09-21,2026-09-21 22:35:00+00:00,Shane Baz,5.5,over,9900,kalshi,220276,Baltimore Orioles,Toronto Blue Jays,2026-09-21T22:30:05.900574+00:00,2026-09-22T07:52:41.074570+00:00,2026-09-22T03:52:41.074570-04:00,2026-09-22T03:52:41.074570-04:00,propline_free_sample
2026-09-21,2026-09-21 22:35:00+00:00,Shane Baz,6.5,over,9900,kalshi,220276,Baltimore Orioles,Toronto Blue Jays,2026-09-21T22:30:12.736691+00:00,2026-09-22T07:52:41.074570+00:00,2026-09-22T03:52:41.074570-04:00,2026-09-22T03:52:41.074570-04:00,propline_free_sample
2026-09-21,2026-09-21 22:35:00+00:00,Shane Baz,7.5,over,9900,kalshi,220276,Baltimore Orioles,Toronto Blue Jays,2026-09-21T20:20:28.276843+00:00,2026-09-22T07:52:41.074570+00:00,2026-09-22T03:52:41.074570-04:00,2026-09-22T03:52:41.074570-04:00,propline_free_sample
2026-09-21,2026-09-21 22:35:00+00:00,Shane Baz,3.5,over,-135,onexbet,220276,Baltimore Orioles,Toronto Blue Jays,2026-09-21T21:39:39.583699+00:00,2026-09-22T07:52:41.074570+00:00,2026-09-22T03:52:41.074570-04:00,2026-09-22T03:52:41.074570-04:00,propline_free_sample
2026-09-21,2026-09-21 22:35:00+00:00,Shane Baz,3.5,under,100,onexbet,220276,Baltimore Orioles,Toronto Blue Jays,2026-09-21T21:39:39.583699+00:00,2026-09-22T07:52:41.074570+00:00,2026-09-22T03:52:41.074570-04:00,2026-09-22T03:52:41.074570-04:00,propline_free_sample
2026-09-21,2026-09-21 22:35:00+00:00,Trey Yesavage,2.5,over,-178,prophetx,220276,Baltimore Orioles,Toronto Blue Jays,2026-09-21T21:19:41.819307+00:00,2026-09-22T07:52:41.074570+00:00,2026-09-22T03:52:41.074570-04:00,2026-09-22T03:52:41.074570-04:00,propline_free_sample
2026-09-21,2026-09-21 22:35:00+00:00,Trey Yesavage,2.5,under,168,prophetx,220276,Baltimore Orioles,Toronto Blue Jays,2026-09-21T20:19:35.322986+00:00,2026-09-22T07:52:41.074570+00:00,2026-09-22T03:52:41.074570-04:00,2026-09-22T03:52:41.074570-04:00,propline_free_sample
2026-09-21,2026-09-21 22:35:00+00:00,Trey Yesavage,2.5,over,-165,rebet,220276,Baltimore Orioles,Toronto Blue Jays,2026-09-21T09:49:27.214293+00:00,2026-09-22T07:52:41.074570+00:00,2026-09-22T03:52:41.074570-04:00,2026-09-22T03:52:41.074570-04:00,propline_free_sample
2026-09-21,2026-09-21 22:35:00+00:00,Trey Yesavage,2.5,under,119,rebet,220276,Baltimore Orioles,Toronto Blue Jays,2026-09-21T09:49:27.214293+00:00,2026-09-22T07:52:41.074570+00:00,2026-09-22T03:52:41.074570-04:00,2026-09-22T03:52:41.074570-04:00,propline_free_sample
2026-09-21,2026-09-21 22:35:00+00:00,Shane Baz,3.5,over,-156,rebet,220276,Baltimore Orioles,Toronto Blue Jays,2026-09-21T10:58:25.473507+00:00,2026-09-22T07:52:41.074570+00:00,2026-09-22T03:52:41.074570-04:00,2026-09-22T03:52:41.074570-04:00,propline_free_sample
2026-09-21,2026-09-21 22:35:00+00:00,Shane Baz,3.5,under,112,rebet,220276,Baltimore Orioles,Toronto Blue Jays,2026-09-21T10:58:25.473507+00:00,2026-09-22T07:52:41.074570+00:00,2026-09-22T03:52:41.074570-04:00,2026-09-22T03:52:41.074570-04:00,propline_free_sample
2026-09-21,2026-09-21 22:35:00+00:00,Shane Baz,2.5,under,-9900,kalshi,220276,Baltimore Orioles,Toronto Blue Jays,2026-09-21T22:30:05.900574+00:00,2026-09-22T07:52:41.074570+00:00,2026-09-22T03:52:41.074570-04:00,2026-09-22T03:52:41.074570-04:00,propline_free_sample
2026-09-21,2026-09-21 22:35:00+00:00,Shane Baz,4.5,under,-3233,kalshi,220276,Baltimore Orioles,Toronto Blue Jays,2026-09-21T21:14:47.837997+00:00,2026-09-22T07:52:41.074570+00:00,2026-09-22T03:52:41.074570-04:00,2026-09-22T03:52:41.074570-04:00,propline_free_sample
2026-09-21,2026-09-21 22:35:00+00:00,Shane Baz,5.5,under,-9900,kalshi,220276,Baltimore Orioles,Toronto Blue Jays,2026-09-21T21:12:38.146952+00:00,2026-09-22T07:52:41.074570+00:00,2026-09-22T03:52:41.074570-04:00,2026-09-22T03:52:41.074570-04:00,propline_free_sample
2026-09-21,2026-09-21 22:35:00+00:00,Shane Baz,6.5,under,-9900,kalshi,220276,Baltimore Orioles,Toronto Blue Jays,2026-09-21T22:23:34.058532+00:00,2026-09-22T07:52:41.074570+00:00,2026-09-22T03:52:41.074570-04:00,2026-09-22T03:52:41.074570-04:00,propline_free_sample
2026-09-21,2026-09-21 22:35:00+00:00,Shane Baz,1.5,under,9900,kalshi,220276,Baltimore Orioles,Toronto Blue Jays,2026-09-21T22:32:33.625844+00:00,2026-09-22T07:52:41.074570+00:00,2026-09-22T03:52:41.074570-04:00,2026-09-22T03:52:41.074570-04:00,propline_free_sample
2026-09-21,2026-09-21 22:35:00+00:00,Trey Yesavage,7.5,over,100,prizepicks,220276,Baltimore Orioles,Toronto Blue Jays,2026-09-21T05:39:20.858222+00:00,2026-09-22T07:52:41.074570+00:00,2026-09-22T03:52:41.074570-04:00,2026-09-22T03:52:41.074570-04:00,propline_free_sample
2026-09-21,2026-09-21 22:35:00+00:00,Trey Yesavage,2.5,over,-150,onexbet,220276,Baltimore Orioles,Toronto Blue Jays,2026-09-21T20:44:36.528731+00:00,2026-09-22T07:52:41.074570+00:00,2026-09-22T03:52:41.074570-04:00,2026-09-22T03:52:41.074570-04:00,propline_free_sample
2026-09-21,2026-09-21 22:35:00+00:00,Trey Yesavage,2.5,under,110,onexbet,220276,Baltimore Orioles,Toronto Blue Jays,2026-09-21T20:44:36.528731+00:00,2026-09-22T07:52:41.074570+00:00,2026-09-22T03:52:41.074570-04:00,2026-09-22T03:52:41.074570-04:00,propline_free_sample
2026-09-21,2026-09-21 22:35:00+00:00,Shane Baz,2.5,over,217,novig,220276,Baltimore Orioles,Toronto Blue Jays,2026-09-21T18:49:29.261110+00:00,2026-09-22T07:52:41.074570+00:00,2026-09-22T03:52:41.074570-04:00,2026-09-22T03:52:41.074570-04:00,propline_free_sample
2026-09-21,2026-09-21 22:35:00+00:00,Shane Baz,2.5,under,-99900,novig,220276,Baltimore Orioles,Toronto Blue Jays,2026-09-21T19:44:30.572386+00:00,2026-09-22T07:52:41.074570+00:00,2026-09-22T03:52:41.074570-04:00,2026-09-22T03:52:41.074570-04:00,propline_free_sample
2026-09-21,2026-09-21 22:35:00+00:00,Shane Baz,4.5,over,228,novig,220276,Baltimore Orioles,Toronto Blue Jays,2026-09-21T21:11:38.171162+00:00,2026-09-22T07:52:41.074570+00:00,2026-09-22T03:52:41.074570-04:00,2026-09-22T03:52:41.074570-04:00,propline_free_sample
2026-09-21,2026-09-21 22:35:00+00:00,Shane Baz,4.5,under,-99900,novig,220276,Baltimore Orioles,Toronto Blue Jays,2026-09-21T21:34:34.685665+00:00,2026-09-22T07:52:41.074570+00:00,2026-09-22T03:52:41.074570-04:00,2026-09-22T03:52:41.074570-04:00,propline_free_sample
2026-09-21,2026-09-21 22:35:00+00:00,Trey Yesavage,8.5,over,100,prizepicks,220276,Baltimore Orioles,Toronto Blue Jays,2026-09-21T09:39:20.844212+00:00,2026-09-22T07:52:41.074570+00:00,2026-09-22T03:52:41.074570-04:00,2026-09-22T03:52:41.074570-04:00,propline_free_sample
2026-09-21,2026-09-21 22:35:00+00:00,Shane Baz,2.5,over,110,betmgm,220276,Baltimore Orioles,Toronto Blue Jays,2026-09-21T19:48:33.866837+00:00,2026-09-22T07:52:41.074570+00:00,2026-09-22T03:52:41.074570-04:00,2026-09-22T03:52:41.074570-04:00,propline_free_sample
2026-09-21,2026-09-21 22:35:00+00:00,Shane Baz,2.5,under,-150,betmgm,220276,Baltimore Orioles,Toronto Blue Jays,2026-09-21T19:48:33.866837+00:00,2026-09-22T07:52:41.074570+00:00,2026-09-22T03:52:41.074570-04:00,2026-09-22T03:52:41.074570-04:00,propline_free_sample
2026-09-21,2026-09-21 22:35:00+00:00,Trey Yesavage,3.5,over,110,betmgm,220276,Baltimore Orioles,Toronto Blue Jays,2026-09-21T20:15:31.181849+00:00,2026-09-22T07:52:41.074570+00:00,2026-09-22T03:52:41.074570-04:00,2026-09-22T03:52:41.074570-04:00,propline_free_sample
2026-09-21,2026-09-21 22:35:00+00:00,Trey Yesavage,3.5,under,-150,betmgm,220276,Baltimore Orioles,Toronto Blue Jays,2026-09-21T20:15:31.181849+00:00,2026-09-22T07:52:41.074570+00:00,2026-09-22T03:52:41.074570-04:00,2026-09-22T03:52:41.074570-04:00,propline_free_sample
2026-09-21,2026-09-21 22:35:00+00:00,Shane Baz,4.0,over,100,prizepicks,220276,Baltimore Orioles,Toronto Blue Jays,2026-09-21T11:01:20.853521+00:00,2026-09-22T07:52:41.074570+00:00,2026-09-22T03:52:41.074570-04:00,2026-09-22T03:52:41.074570-04:00,propline_free_sample
2026-09-21,2026-09-21 22:35:00+00:00,Shane Baz,4.0,under,100,prizepicks,220276,Baltimore Orioles,Toronto Blue Jays,2026-09-21T11:01:20.853521+00:00,2026-09-22T07:52:41.074570+00:00,2026-09-22T03:52:41.074570-04:00,2026-09-22T03:52:41.074570-04:00,propline_free_sample
2026-09-21,2026-09-21 22:35:00+00:00,Trey Yesavage,3.0,over,100,prizepicks,220276,Baltimore Orioles,Toronto Blue Jays,2026-09-21T11:15:19.906963+00:00,2026-09-22T07:52:41.074570+00:00,2026-09-22T03:52:41.074570-04:00,2026-09-22T03:52:41.074570-04:00,propline_free_sample
2026-09-21,2026-09-21 22:35:00+00:00,Trey Yesavage,3.0,under,100,prizepicks,220276,Baltimore Orioles,Toronto Blue Jays,2026-09-21T11:15:19.906963+00:00,2026-09-22T07:52:41.074570+00:00,2026-09-22T03:52:41.074570-04:00,2026-09-22T03:52:41.074570-04:00,propline_free_sample
2026-09-21,2026-09-21 22:35:00+00:00,Shane Baz,3.5,over,-150,rebet,220276,Baltimore Orioles,Toronto Blue Jays,2026-09-21T19:45:34.294819+00:00,2026-09-22T07:52:41.074570+00:00,2026-09-22T03:52:41.074570-04:00,2026-09-22T03:52:41.074570-04:00,propline_free_sample
2026-09-21,2026-09-21 22:35:00+00:00,Trey Yesavage,3.5,over,112,rebet,220276,Baltimore Orioles,Toronto Blue Jays,2026-09-21T19:47:35.391843+00:00,2026-09-22T07:52:41.074570+00:00,2026-09-22T03:52:41.074570-04:00,2026-09-22T03:52:41.074570-04:00,propline_free_sample
2026-09-21,2026-09-21 22:35:00+00:00,Shane Baz,3.5,under,108,rebet,220276,Baltimore Orioles,Toronto Blue Jays,2026-09-21T19:45:34.294819+00:00,2026-09-22T07:52:41.074570+00:00,2026-09-22T03:52:41.074570-04:00,2026-09-22T03:52:41.074570-04:00,propline_free_sample
2026-09-21,2026-09-21 22:35:00+00:00,Trey Yesavage,3.5,under,-156,rebet,220276,Baltimore Orioles,Toronto Blue Jays,2026-09-21T19:47:35.391843+00:00,2026-09-22T07:52:41.074570+00:00,2026-09-22T03:52:41.074570-04:00,2026-09-22T03:52:41.074570-04:00,propline_free_sample
2026-09-21,2026-09-21 22:35:00+00:00,Shane Baz,7.5,under,-9900,kalshi,220276,Baltimore Orioles,Toronto Blue Jays,2026-09-21T20:10:30.018338+00:00,2026-09-22T07:52:41.074570+00:00,2026-09-22T03:52:41.074570-04:00,2026-09-22T03:52:41.074570-04:00,propline_free_sample
2026-09-21,2026-09-21 22:35:00+00:00,Trey Yesavage,2.5,over,-9900,novig,220276,Baltimore Orioles,Toronto Blue Jays,2026-09-21T21:29:34.827039+00:00,2026-09-22T07:52:41.074570+00:00,2026-09-22T03:52:41.074570-04:00,2026-09-22T03:52:41.074570-04:00,propline_free_sample
2026-09-21,2026-09-21 22:35:00+00:00,Trey Yesavage,2.5,under,376,novig,220276,Baltimore Orioles,Toronto Blue Jays,2026-09-21T21:33:36.917247+00:00,2026-09-22T07:52:41.074570+00:00,2026-09-22T03:52:41.074570-04:00,2026-09-22T03:52:41.074570-04:00,propline_free_sample
2026-09-21,2026-09-21 22:35:00+00:00,Shane Baz,3.5,over,-179,pinnacle,220276,Baltimore Orioles,Toronto Blue Jays,2026-09-21T22:29:24.867287+00:00,2026-09-22T07:52:41.074570+00:00,2026-09-22T03:52:41.074570-04:00,2026-09-22T03:52:41.074570-04:00,propline_free_sample
2026-09-21,2026-09-21 22:35:00+00:00,Shane Baz,3.5,under,133,pinnacle,220276,Baltimore Orioles,Toronto Blue Jays,2026-09-21T22:29:24.867287+00:00,2026-09-22T07:52:41.074570+00:00,2026-09-22T03:52:41.074570-04:00,2026-09-22T03:52:41.074570-04:00,propline_free_sample
2026-09-21,2026-09-21 22:35:00+00:00,Trey Yesavage,4.5,over,100,novig,220276,Baltimore Orioles,Toronto Blue Jays,2026-09-21T21:33:36.917247+00:00,2026-09-22T07:52:41.074570+00:00,2026-09-22T03:52:41.074570-04:00,2026-09-22T03:52:41.074570-04:00,propline_free_sample
2026-09-21,2026-09-21 22:35:00+00:00,Trey Yesavage,4.5,under,-203,novig,220276,Baltimore Orioles,Toronto Blue Jays,2026-09-21T21:07:34.726736+00:00,2026-09-22T07:52:41.074570+00:00,2026-09-22T03:52:41.074570-04:00,2026-09-22T03:52:41.074570-04:00,propline_free_sample
2026-09-21,2026-09-21 22:35:00+00:00,Trey Yesavage,3.5,over,109,draftkings,220276,Baltimore Orioles,Toronto Blue Jays,2026-09-21T21:54:28.062385+00:00,2026-09-22T07:52:41.074570+00:00,2026-09-22T03:52:41.074570-04:00,2026-09-22T03:52:41.074570-04:00,propline_free_sample
2026-09-21,2026-09-21 22:35:00+00:00,Trey Yesavage,3.5,under,-139,draftkings,220276,Baltimore Orioles,Toronto Blue Jays,2026-09-21T21:54:28.062385+00:00,2026-09-22T07:52:41.074570+00:00,2026-09-22T03:52:41.074570-04:00,2026-09-22T03:52:41.074570-04:00,propline_free_sample
2026-09-21,2026-09-21 22:35:00+00:00,Trey Yesavage,3.5,over,101,sleeper,220276,Baltimore Orioles,Toronto Blue Jays,2026-09-21T20:45:23.442343+00:00,2026-09-22T07:52:41.074570+00:00,2026-09-22T03:52:41.074570-04:00,2026-09-22T03:52:41.074570-04:00,propline_free_sample
2026-09-21,2026-09-21 22:35:00+00:00,Trey Yesavage,3.5,under,-167,sleeper,220276,Baltimore Orioles,Toronto Blue Jays,2026-09-21T20:59:22.995959+00:00,2026-09-22T07:52:41.074570+00:00,2026-09-22T03:52:41.074570-04:00,2026-09-22T03:52:41.074570-04:00,propline_free_sample
2026-09-21,2026-09-21 22:35:00+00:00,Trey Yesavage,1.5,over,-900,kalshi,220276,Baltimore Orioles,Toronto Blue Jays,2026-09-21T22:30:05.900574+00:00,2026-09-22T07:52:41.074570+00:00,2026-09-22T03:52:41.074570-04:00,2026-09-22T03:52:41.074570-04:00,propline_free_sample
2026-09-21,2026-09-21 22:35:00+00:00,Trey Yesavage,1.5,under,9900,kalshi,220276,Baltimore Orioles,Toronto Blue Jays,2026-09-21T22:34:58.510260+00:00,2026-09-22T07:52:41.074570+00:00,2026-09-22T03:52:41.074570-04:00,2026-09-22T03:52:41.074570-04:00,propline_free_sample
2026-09-21,2026-09-21 22:35:00+00:00,Trey Yesavage,2.5,over,-9900,kalshi,220276,Baltimore Orioles,Toronto Blue Jays,2026-09-21T20:20:28.276843+00:00,2026-09-22T07:52:41.074570+00:00,2026-09-22T03:52:41.074570-04:00,2026-09-22T03:52:41.074570-04:00,propline_free_sample
2026-09-21,2026-09-21 22:35:00+00:00,Trey Yesavage,2.5,under,9900,kalshi,220276,Baltimore Orioles,Toronto Blue Jays,2026-09-21T22:34:58.510260+00:00,2026-09-22T07:52:41.074570+00:00,2026-09-22T03:52:41.074570-04:00,2026-09-22T03:52:41.074570-04:00,propline_free_sample
2026-09-21,2026-09-21 22:35:00+00:00,Trey Yesavage,3.5,over,9900,kalshi,220276,Baltimore Orioles,Toronto Blue Jays,2026-09-21T22:34:53.032706+00:00,2026-09-22T07:52:41.074570+00:00,2026-09-22T03:52:41.074570-04:00,2026-09-22T03:52:41.074570-04:00,propline_free_sample
2026-09-21,2026-09-21 22:35:00+00:00,Trey Yesavage,3.5,under,-1150,kalshi,220276,Baltimore Orioles,Toronto Blue Jays,2026-09-21T22:32:09.711304+00:00,2026-09-22T07:52:41.074570+00:00,2026-09-22T03:52:41.074570-04:00,2026-09-22T03:52:41.074570-04:00,propline_free_sample
2026-09-21,2026-09-21 22:35:00+00:00,Trey Yesavage,4.5,over,9900,kalshi,220276,Baltimore Orioles,Toronto Blue Jays,2026-09-21T19:26:26.846520+00:00,2026-09-22T07:52:41.074570+00:00,2026-09-22T03:52:41.074570-04:00,2026-09-22T03:52:41.074570-04:00,propline_free_sample
2026-09-21,2026-09-21 22:35:00+00:00,Trey Yesavage,4.5,under,-3233,kalshi,220276,Baltimore Orioles,Toronto Blue Jays,2026-09-21T22:30:05.900574+00:00,2026-09-22T07:52:41.074570+00:00,2026-09-22T03:52:41.074570-04:00,2026-09-22T03:52:41.074570-04:00,propline_free_sample
2026-09-21,2026-09-21 22:35:00+00:00,Trey Yesavage,5.5,over,9900,kalshi,220276,Baltimore Orioles,Toronto Blue Jays,2026-09-21T22:30:05.900574+00:00,2026-09-22T07:52:41.074570+00:00,2026-09-22T03:52:41.074570-04:00,2026-09-22T03:52:41.074570-04:00,propline_free_sample
2026-09-21,2026-09-21 22:35:00+00:00,Trey Yesavage,5.5,under,-2400,kalshi,220276,Baltimore Orioles,Toronto Blue Jays,2026-09-21T22:30:04.531904+00:00,2026-09-22T07:52:41.074570+00:00,2026-09-22T03:52:41.074570-04:00,2026-09-22T03:52:41.074570-04:00,propline_free_sample
2026-09-21,2026-09-21 22:35:00+00:00,Trey Yesavage,6.5,over,9900,kalshi,220276,Baltimore Orioles,Toronto Blue Jays,2026-09-21T21:39:34.495194+00:00,2026-09-22T07:52:41.074570+00:00,2026-09-22T03:52:41.074570-04:00,2026-09-22T03:52:41.074570-04:00,propline_free_sample
2026-09-21,2026-09-21 22:35:00+00:00,Trey Yesavage,7.5,over,9900,kalshi,220276,Baltimore Orioles,Toronto Blue Jays,2026-09-21T22:34:56.427691+00:00,2026-09-22T07:52:41.074570+00:00,2026-09-22T03:52:41.074570-04:00,2026-09-22T03:52:41.074570-04:00,propline_free_sample
2026-09-21,2026-09-21 22:35:00+00:00,Trey Yesavage,0.5,over,-2400,kalshi,220276,Baltimore Orioles,Toronto Blue Jays,2026-09-21T22:30:05.900574+00:00,2026-09-22T07:52:41.074570+00:00,2026-09-22T03:52:41.074570-04:00,2026-09-22T03:52:41.074570-04:00,propline_free_sample
2026-09-21,2026-09-21 22:35:00+00:00,Trey Yesavage,6.5,under,-9900,kalshi,220276,Baltimore Orioles,Toronto Blue Jays,2026-09-21T22:30:05.900574+00:00,2026-09-22T07:52:41.074570+00:00,2026-09-22T03:52:41.074570-04:00,2026-09-22T03:52:41.074570-04:00,propline_free_sample
2026-09-21,2026-09-21 22:35:00+00:00,Trey Yesavage,0.5,under,9900,kalshi,220276,Baltimore Orioles,Toronto Blue Jays,2026-09-21T22:26:32.526278+00:00,2026-09-22T07:52:41.074570+00:00,2026-09-22T03:52:41.074570-04:00,2026-09-22T03:52:41.074570-04:00,propline_free_sample
2026-09-21,2026-09-21 22:35:00+00:00,Trey Yesavage,3.5,over,100,smarkets,220276,Baltimore Orioles,Toronto Blue Jays,2026-09-21T22:11:46.275179+00:00,2026-09-22T07:52:41.074570+00:00,2026-09-22T03:52:41.074570-04:00,2026-09-22T03:52:41.074570-04:00,propline_free_sample
2026-09-21,2026-09-21 22:35:00+00:00,Trey Yesavage,3.5,under,-139,smarkets,220276,Baltimore Orioles,Toronto Blue Jays,2026-09-21T22:25:43.492949+00:00,2026-09-22T07:52:41.074570+00:00,2026-09-22T03:52:41.074570-04:00,2026-09-22T03:52:41.074570-04:00,propline_free_sample
2026-09-21,2026-09-21 22:35:00+00:00,Trey Yesavage,7.5,under,-4900,kalshi,220276,Baltimore Orioles,Toronto Blue Jays,2026-09-21T22:30:05.900574+00:00,2026-09-22T07:52:41.074570+00:00,2026-09-22T03:52:41.074570-04:00,2026-09-22T03:52:41.074570-04:00,propline_free_sample
2026-09-21,2026-09-21 22:35:00+00:00,Shane Baz,2.5,under,-1567,polymarket_us,220276,Baltimore Orioles,Toronto Blue Jays,2026-09-21T19:52:35.819388+00:00,2026-09-22T07:52:41.074570+00:00,2026-09-22T03:52:41.074570-04:00,2026-09-22T03:52:41.074570-04:00,propline_free_sample
2026-09-21,2026-09-21 22:35:00+00:00,Shane Baz,2.5,over,9900,polymarket_us,220276,Baltimore Orioles,Toronto Blue Jays,2026-09-21T19:50:34.656431+00:00,2026-09-22T07:52:41.074570+00:00,2026-09-22T03:52:41.074570-04:00,2026-09-22T03:52:41.074570-04:00,propline_free_sample
2026-09-21,2026-09-21 22:35:00+00:00,Shane Baz,3.5,over,9900,polymarket_us,220276,Baltimore Orioles,Toronto Blue Jays,2026-09-21T22:30:46.642328+00:00,2026-09-22T07:52:41.074570+00:00,2026-09-22T03:52:41.074570-04:00,2026-09-22T03:52:41.074570-04:00,propline_free_sample
2026-09-21,2026-09-21 22:35:00+00:00,Shane Baz,3.5,under,-809,polymarket_us,220276,Baltimore Orioles,Toronto Blue Jays,2026-09-21T22:30:46.642328+00:00,2026-09-22T07:52:41.074570+00:00,2026-09-22T03:52:41.074570-04:00,2026-09-22T03:52:41.074570-04:00,propline_free_sample
2026-09-21,2026-09-21 22:35:00+00:00,Shane Baz,7.5,over,9900,polymarket_us,220276,Baltimore Orioles,Toronto Blue Jays,2026-09-21T22:34:42.526753+00:00,2026-09-22T07:52:41.074570+00:00,2026-09-22T03:52:41.074570-04:00,2026-09-22T03:52:41.074570-04:00,propline_free_sample
2026-09-21,2026-09-21 22:35:00+00:00,Shane Baz,6.5,over,9900,polymarket_us,220276,Baltimore Orioles,Toronto Blue Jays,2026-09-21T22:34:42.526753+00:00,2026-09-22T07:52:41.074570+00:00,2026-09-22T03:52:41.074570-04:00,2026-09-22T03:52:41.074570-04:00,propline_free_sample
2026-09-21,2026-09-21 22:35:00+00:00,Shane Baz,6.5,under,-1329,polymarket_us,220276,Baltimore Orioles,Toronto Blue Jays,2026-09-21T22:34:42.526753+00:00,2026-09-22T07:52:41.074570+00:00,2026-09-22T03:52:41.074570-04:00,2026-09-22T03:52:41.074570-04:00,propline_free_sample
2026-09-21,2026-09-21 22:35:00+00:00,Shane Baz,7.5,under,-1900,polymarket_us,220276,Baltimore Orioles,Toronto Blue Jays,2026-09-21T20:12:37.363678+00:00,2026-09-22T07:52:41.074570+00:00,2026-09-22T03:52:41.074570-04:00,2026-09-22T03:52:41.074570-04:00,propline_free_sample
2026-09-21,2026-09-21 22:35:00+00:00,Shane Baz,1.5,over,355,polymarket_us,220276,Baltimore Orioles,Toronto Blue Jays,2026-09-21T22:28:44.929621+00:00,2026-09-22T07:52:41.074570+00:00,2026-09-22T03:52:41.074570-04:00,2026-09-22T03:52:41.074570-04:00,propline_free_sample
2026-09-21,2026-09-21 22:35:00+00:00,Shane Baz,1.5,under,9900,polymarket_us,220276,Baltimore Orioles,Toronto Blue Jays,2026-09-21T22:31:43.872460+00:00,2026-09-22T07:52:41.074570+00:00,2026-09-22T03:52:41.074570-04:00,2026-09-22T03:52:41.074570-04:00,propline_free_sample
2026-09-21,2026-09-21 22:35:00+00:00,Shane Baz,5.5,over,264,novig,220276,Baltimore Orioles,Toronto Blue Jays,2026-09-21T21:34:34.685665+00:00,2026-09-22T07:52:41.074570+00:00,2026-09-22T03:52:41.074570-04:00,2026-09-22T03:52:41.074570-04:00,propline_free_sample
2026-09-21,2026-09-21 22:35:00+00:00,Shane Baz,5.5,under,-426,novig,220276,Baltimore Orioles,Toronto Blue Jays,2026-09-21T20:02:31.303939+00:00,2026-09-22T07:52:41.074570+00:00,2026-09-22T03:52:41.074570-04:00,2026-09-22T03:52:41.074570-04:00,propline_free_sample
2026-09-21,2026-09-21 22:35:00+00:00,Trey Yesavage,3.5,over,104,rebet,220276,Baltimore Orioles,Toronto Blue Jays,2026-09-21T21:57:40.945213+00:00,2026-09-22T07:52:41.074570+00:00,2026-09-22T03:52:41.074570-04:00,2026-09-22T03:52:41.074570-04:00,propline_free_sample
2026-09-21,2026-09-21 22:35:00+00:00,Trey Yesavage,3.5,under,-144,rebet,220276,Baltimore Orioles,Toronto Blue Jays,2026-09-21T21:57:40.945213+00:00,2026-09-22T07:52:41.074570+00:00,2026-09-22T03:52:41.074570-04:00,2026-09-22T03:52:41.074570-04:00,propline_free_sample
2026-09-21,2026-09-21 22:35:00+00:00,Shane Baz,4.5,over,121,rebet,220276,Baltimore Orioles,Toronto Blue Jays,2026-09-21T21:18:37.058829+00:00,2026-09-22T07:52:41.074570+00:00,2026-09-22T03:52:41.074570-04:00,2026-09-22T03:52:41.074570-04:00,propline_free_sample
2026-09-21,2026-09-21 22:35:00+00:00,Shane Baz,4.5,under,-168,rebet,220276,Baltimore Orioles,Toronto Blue Jays,2026-09-21T21:18:37.058829+00:00,2026-09-22T07:52:41.074570+00:00,2026-09-22T03:52:41.074570-04:00,2026-09-22T03:52:41.074570-04:00,propline_free_sample
2026-09-21,2026-09-21 22:35:00+00:00,Trey Yesavage,2.5,over,-317,polymarket_us,220276,Baltimore Orioles,Toronto Blue Jays,2026-09-21T22:33:41.268496+00:00,2026-09-22T07:52:41.074570+00:00,2026-09-22T03:52:41.074570-04:00,2026-09-22T03:52:41.074570-04:00,propline_free_sample
2026-09-21,2026-09-21 22:35:00+00:00,Trey Yesavage,2.5,under,9900,polymarket_us,220276,Baltimore Orioles,Toronto Blue Jays,2026-09-21T21:56:43.155640+00:00,2026-09-22T07:52:41.074570+00:00,2026-09-22T03:52:41.074570-04:00,2026-09-22T03:52:41.074570-04:00,propline_free_sample
2026-09-21,2026-09-21 22:35:00+00:00,Trey Yesavage,3.5,over,-117,underdog,220276,Baltimore Orioles,Toronto Blue Jays,2026-09-21T22:28:25.110645+00:00,2026-09-22T07:52:41.074570+00:00,2026-09-22T03:52:41.074570-04:00,2026-09-22T03:52:41.074570-04:00,propline_free_sample
2026-09-21,2026-09-21 22:35:00+00:00,Trey Yesavage,3.5,under,-127,underdog,220276,Baltimore Orioles,Toronto Blue Jays,2026-09-21T22:28:25.110645+00:00,2026-09-22T07:52:41.074570+00:00,2026-09-22T03:52:41.074570-04:00,2026-09-22T03:52:41.074570-04:00,propline_free_sample
2026-09-21,2026-09-21 22:35:00+00:00,Trey Yesavage,3.5,over,9900,polymarket_us,220276,Baltimore Orioles,Toronto Blue Jays,2026-09-21T22:30:46.642328+00:00,2026-09-22T07:52:41.074570+00:00,2026-09-22T03:52:41.074570-04:00,2026-09-22T03:52:41.074570-04:00,propline_free_sample
2026-09-21,2026-09-21 22:35:00+00:00,Trey Yesavage,3.5,under,-113,polymarket_us,220276,Baltimore Orioles,Toronto Blue Jays,2026-09-21T22:30:46.642328+00:00,2026-09-22T07:52:41.074570+00:00,2026-09-22T03:52:41.074570-04:00,2026-09-22T03:52:41.074570-04:00,propline_free_sample
2026-09-21,2026-09-21 22:35:00+00:00,Trey Yesavage,7.5,over,9900,polymarket_us,220276,Baltimore Orioles,Toronto Blue Jays,2026-09-21T22:30:46.642328+00:00,2026-09-22T07:52:41.074570+00:00,2026-09-22T03:52:41.074570-04:00,2026-09-22T03:52:41.074570-04:00,propline_free_sample
2026-09-21,2026-09-21 22:35:00+00:00,Trey Yesavage,6.5,over,9900,polymarket_us,220276,Baltimore Orioles,Toronto Blue Jays,2026-09-21T22:34:42.526753+00:00,2026-09-22T07:52:41.074570+00:00,2026-09-22T03:52:41.074570-04:00,2026-09-22T03:52:41.074570-04:00,propline_free_sample
2026-09-21,2026-09-21 22:35:00+00:00,Trey Yesavage,1.5,over,-900,polymarket_us,220276,Baltimore Orioles,Toronto Blue Jays,2026-09-21T21:26:38.492265+00:00,2026-09-22T07:52:41.074570+00:00,2026-09-22T03:52:41.074570-04:00,2026-09-22T03:52:41.074570-04:00,propline_free_sample
2026-09-21,2026-09-21 22:35:00+00:00,Trey Yesavage,1.5,under,9900,polymarket_us,220276,Baltimore Orioles,Toronto Blue Jays,2026-09-21T20:24:39.944509+00:00,2026-09-22T07:52:41.074570+00:00,2026-09-22T03:52:41.074570-04:00,2026-09-22T03:52:41.074570-04:00,propline_free_sample
2026-09-21,2026-09-21 22:35:00+00:00,Shane Baz,4.5,over,140,prophetx,220276,Baltimore Orioles,Toronto Blue Jays,2026-09-21T21:44:37.623122+00:00,2026-09-22T07:52:41.074570+00:00,2026-09-22T03:52:41.074570-04:00,2026-09-22T03:52:41.074570-04:00,propline_free_sample
2026-09-21,2026-09-21 22:35:00+00:00,Shane Baz,4.5,under,-255,prophetx,220276,Baltimore Orioles,Toronto Blue Jays,2026-09-21T21:44:37.623122+00:00,2026-09-22T07:52:41.074570+00:00,2026-09-22T03:52:41.074570-04:00,2026-09-22T03:52:41.074570-04:00,propline_free_sample
2026-09-21,2026-09-21 22:35:00+00:00,Trey Yesavage,6.5,under,-2400,polymarket_us,220276,Baltimore Orioles,Toronto Blue Jays,2026-09-21T22:24:45.342644+00:00,2026-09-22T07:52:41.074570+00:00,2026-09-22T03:52:41.074570-04:00,2026-09-22T03:52:41.074570-04:00,propline_free_sample
2026-09-21,2026-09-21 22:35:00+00:00,Trey Yesavage,5.5,under,100,prizepicks,220276,Baltimore Orioles,Toronto Blue Jays,2026-09-21T20:20:18.738559+00:00,2026-09-22T07:52:41.074570+00:00,2026-09-22T03:52:41.074570-04:00,2026-09-22T03:52:41.074570-04:00,propline_free_sample
2026-09-21,2026-09-21 22:35:00+00:00,Trey Yesavage,7.5,under,-2400,polymarket_us,220276,Baltimore Orioles,Toronto Blue Jays,2026-09-21T21:03:37.460476+00:00,2026-09-22T07:52:41.074570+00:00,2026-09-22T03:52:41.074570-04:00,2026-09-22T03:52:41.074570-04:00,propline_free_sample
2026-09-21,2026-09-21 22:35:00+00:00,Shane Baz,4.5,over,9900,polymarket_us,220276,Baltimore Orioles,Toronto Blue Jays,2026-09-21T21:10:37.525445+00:00,2026-09-22T07:52:41.074570+00:00,2026-09-22T03:52:41.074570-04:00,2026-09-22T03:52:41.074570-04:00,propline_free_sample
2026-09-21,2026-09-21 22:35:00+00:00,Shane Baz,4.5,under,-2400,polymarket_us,220276,Baltimore Orioles,Toronto Blue Jays,2026-09-21T21:10:37.525445+00:00,2026-09-22T07:52:41.074570+00:00,2026-09-22T03:52:41.074570-04:00,2026-09-22T03:52:41.074570-04:00,propline_free_sample
2026-09-21,2026-09-21 22:35:00+00:00,Shane Baz,4.5,over,120,smarkets,220276,Baltimore Orioles,Toronto Blue Jays,2026-09-21T21:12:44.726867+00:00,2026-09-22T07:52:41.074570+00:00,2026-09-22T03:52:41.074570-04:00,2026-09-22T03:52:41.074570-04:00,propline_free_sample
2026-09-21,2026-09-21 22:35:00+00:00,Shane Baz,4.5,under,-169,smarkets,220276,Baltimore Orioles,Toronto Blue Jays,2026-09-21T21:12:44.726867+00:00,2026-09-22T07:52:41.074570+00:00,2026-09-22T03:52:41.074570-04:00,2026-09-22T03:52:41.074570-04:00,propline_free_sample
2026-09-20,2026-09-20 23:20:00+00:00,Jacob Misiorowski,8.5,over,112,fanduel,218704,Baltimore Orioles,Milwaukee Brewers,2026-09-20T21:46:48.898143+00:00,2026-09-22T07:52:41.074570+00:00,2026-09-22T03:52:41.074570-04:00,2026-09-22T03:52:41.074570-04:00,propline_free_sample
2026-09-20,2026-09-20 23:20:00+00:00,Jacob Misiorowski,8.5,under,-142,fanduel,218704,Baltimore Orioles,Milwaukee Brewers,2026-09-20T21:46:48.898143+00:00,2026-09-22T07:52:41.074570+00:00,2026-09-22T03:52:41.074570-04:00,2026-09-22T03:52:41.074570-04:00,propline_free_sample
2026-09-20,2026-09-20 23:20:00+00:00,Brandon Young,4.5,over,116,fanduel,218704,Baltimore Orioles,Milwaukee Brewers,2026-09-20T21:44:35.770255+00:00,2026-09-22T07:52:41.074570+00:00,2026-09-22T03:52:41.074570-04:00,2026-09-22T03:52:41.074570-04:00,propline_free_sample
2026-09-20,2026-09-20 23:20:00+00:00,Brandon Young,4.5,under,-148,fanduel,218704,Baltimore Orioles,Milwaukee Brewers,2026-09-20T21:44:35.770255+00:00,2026-09-22T07:52:41.074570+00:00,2026-09-22T03:52:41.074570-04:00,2026-09-22T03:52:41.074570-04:00,propline_free_sample
2026-09-20,2026-09-20 23:20:00+00:00,Jacob Misiorowski,10.5,over,100,prizepicks,218704,Baltimore Orioles,Milwaukee Brewers,2026-09-19T23:39:55.524606+00:00,2026-09-22T07:52:41.074570+00:00,2026-09-22T03:52:41.074570-04:00,2026-09-22T03:52:41.074570-04:00,propline_free_sample
2026-09-20,2026-09-20 23:20:00+00:00,Brandon Young,4.5,over,100,prizepicks,218704,Baltimore Orioles,Milwaukee Brewers,2026-09-19T23:39:55.524606+00:00,2026-09-22T07:52:41.074570+00:00,2026-09-22T03:52:41.074570-04:00,2026-09-22T03:52:41.074570-04:00,propline_free_sample
2026-09-20,2026-09-20 23:20:00+00:00,Brandon Young,4.5,under,100,prizepicks,218704,Baltimore Orioles,Milwaukee Brewers,2026-09-19T23:39:55.524606+00:00,2026-09-22T07:52:41.074570+00:00,2026-09-22T03:52:41.074570-04:00,2026-09-22T03:52:41.074570-04:00,propline_free_sample
2026-09-20,2026-09-20 23:20:00+00:00,Brandon Young,5.5,over,100,prizepicks,218704,Baltimore Orioles,Milwaukee Brewers,2026-09-19T23:39:55.524606+00:00,2026-09-22T07:52:41.074570+00:00,2026-09-22T03:52:41.074570-04:00,2026-09-22T03:52:41.074570-04:00,propline_free_sample
2026-09-20,2026-09-20 23:20:00+00:00,Brandon Young,6.5,over,100,prizepicks,218704,Baltimore Orioles,Milwaukee Brewers,2026-09-19T23:39:55.524606+00:00,2026-09-22T07:52:41.074570+00:00,2026-09-22T03:52:41.074570-04:00,2026-09-22T03:52:41.074570-04:00,propline_free_sample
2026-09-20,2026-09-20 23:20:00+00:00,Jacob Misiorowski,8.5,over,100,prizepicks,218704,Baltimore Orioles,Milwaukee Brewers,2026-09-19T23:39:55.524606+00:00,2026-09-22T07:52:41.074570+00:00,2026-09-22T03:52:41.074570-04:00,2026-09-22T03:52:41.074570-04:00,propline_free_sample
2026-09-20,2026-09-20 23:20:00+00:00,Jacob Misiorowski,9.5,over,100,prizepicks,218704,Baltimore Orioles,Milwaukee Brewers,2026-09-19T23:39:55.524606+00:00,2026-09-22T07:52:41.074570+00:00,2026-09-22T03:52:41.074570-04:00,2026-09-22T03:52:41.074570-04:00,propline_free_sample
2026-09-20,2026-09-20 23:20:00+00:00,Brandon Young,2.5,over,100,prizepicks,218704,Baltimore Orioles,Milwaukee Brewers,2026-09-19T23:39:55.524606+00:00,2026-09-22T07:52:41.074570+00:00,2026-09-22T03:52:41.074570-04:00,2026-09-22T03:52:41.074570-04:00,propline_free_sample
2026-09-20,2026-09-20 23:20:00+00:00,Brandon Young,3.5,over,100,prizepicks,218704,Baltimore Orioles,Milwaukee Brewers,2026-09-19T23:39:55.524606+00:00,2026-09-22T07:52:41.074570+00:00,2026-09-22T03:52:41.074570-04:00,2026-09-22T03:52:41.074570-04:00,propline_free_sample
2026-09-20,2026-09-20 23:20:00+00:00,Jacob Misiorowski,6.5,over,100,prizepicks,218704,Baltimore Orioles,Milwaukee Brewers,2026-09-19T23:39:55.524606+00:00,2026-09-22T07:52:41.074570+00:00,2026-09-22T03:52:41.074570-04:00,2026-09-22T03:52:41.074570-04:00,propline_free_sample
2026-09-20,2026-09-20 23:20:00+00:00,Jacob Misiorowski,7.5,over,100,prizepicks,218704,Baltimore Orioles,Milwaukee Brewers,2026-09-19T23:39:55.524606+00:00,2026-09-22T07:52:41.074570+00:00,2026-09-22T03:52:41.074570-04:00,2026-09-22T03:52:41.074570-04:00,propline_free_sample
2026-09-20,2026-09-20 23:20:00+00:00,Jacob Misiorowski,7.5,under,100,prizepicks,218704,Baltimore Orioles,Milwaukee Brewers,2026-09-19T23:39:55.524606+00:00,2026-09-22T07:52:41.074570+00:00,2026-09-22T03:52:41.074570-04:00,2026-09-22T03:52:41.074570-04:00,propline_free_sample
2026-09-20,2026-09-20 23:20:00+00:00,Brandon Young,4.5,over,118,prophetx,218704,Baltimore Orioles,Milwaukee Brewers,2026-09-20T22:38:06.181504+00:00,2026-09-22T07:52:41.074570+00:00,2026-09-22T03:52:41.074570-04:00,2026-09-22T03:52:41.074570-04:00,propline_free_sample
2026-09-20,2026-09-20 23:20:00+00:00,Brandon Young,4.5,under,-150,prophetx,218704,Baltimore Orioles,Milwaukee Brewers,2026-09-20T23:16:20.932511+00:00,2026-09-22T07:52:41.074570+00:00,2026-09-22T03:52:41.074570-04:00,2026-09-22T03:52:41.074570-04:00,propline_free_sample
2026-09-20,2026-09-20 23:20:00+00:00,Jacob Misiorowski,7.5,over,-210,prophetx,218704,Baltimore Orioles,Milwaukee Brewers,2026-09-20T22:08:20.956573+00:00,2026-09-22T07:52:41.074570+00:00,2026-09-22T03:52:41.074570-04:00,2026-09-22T03:52:41.074570-04:00,propline_free_sample
2026-09-20,2026-09-20 23:20:00+00:00,Jacob Misiorowski,7.5,under,150,prophetx,218704,Baltimore Orioles,Milwaukee Brewers,2026-09-20T22:08:20.956573+00:00,2026-09-22T07:52:41.074570+00:00,2026-09-22T03:52:41.074570-04:00,2026-09-22T03:52:41.074570-04:00,propline_free_sample
2026-09-20,2026-09-20 23:20:00+00:00,Brandon Young,7.5,over,-115,fanatics,218704,Baltimore Orioles,Milwaukee Brewers,2026-09-20T23:17:11.872636+00:00,2026-09-22T07:52:41.074570+00:00,2026-09-22T03:52:41.074570-04:00,2026-09-22T03:52:41.074570-04:00,propline_free_sample
2026-09-20,2026-09-20 23:20:00+00:00,Brandon Young,7.5,under,-115,fanatics,218704,Baltimore Orioles,Milwaukee Brewers,2026-09-20T23:17:11.872636+00:00,2026-09-22T07:52:41.074570+00:00,2026-09-22T03:52:41.074570-04:00,2026-09-22T03:52:41.074570-04:00,propline_free_sample
2026-09-20,2026-09-20 23:20:00+00:00,Jacob Misiorowski,7.5,over,120,fanatics,218704,Baltimore Orioles,Milwaukee Brewers,2026-09-20T23:18:16.610694+00:00,2026-09-22T07:52:41.074570+00:00,2026-09-22T03:52:41.074570-04:00,2026-09-22T03:52:41.074570-04:00,propline_free_sample
2026-09-20,2026-09-20 23:20:00+00:00,Jacob Misiorowski,7.5,under,-160,fanatics,218704,Baltimore Orioles,Milwaukee Brewers,2026-09-20T23:18:16.610694+00:00,2026-09-22T07:52:41.074570+00:00,2026-09-22T03:52:41.074570-04:00,2026-09-22T03:52:41.074570-04:00,propline_free_sample
2026-09-20,2026-09-20 23:20:00+00:00,Brandon Young,4.5,over,-3126,novig,218704,Baltimore Orioles,Milwaukee Brewers,2026-09-20T23:16:20.554268+00:00,2026-09-22T07:52:41.074570+00:00,2026-09-22T03:52:41.074570-04:00,2026-09-22T03:52:41.074570-04:00,propline_free_sample
2026-09-20,2026-09-20 23:20:00+00:00,Brandon Young,4.5,under,-144,novig,218704,Baltimore Orioles,Milwaukee Brewers,2026-09-20T23:19:16.606625+00:00,2026-09-22T07:52:41.074570+00:00,2026-09-22T03:52:41.074570-04:00,2026-09-22T03:52:41.074570-04:00,propline_free_sample
2026-09-20,2026-09-20 23:20:00+00:00,Jacob Misiorowski,7.5,over,-217,novig,218704,Baltimore Orioles,Milwaukee Brewers,2026-09-20T23:16:20.554268+00:00,2026-09-22T07:52:41.074570+00:00,2026-09-22T03:52:41.074570-04:00,2026-09-22T03:52:41.074570-04:00,propline_free_sample
2026-09-20,2026-09-20 23:20:00+00:00,Jacob Misiorowski,7.5,under,-99900,novig,218704,Baltimore Orioles,Milwaukee Brewers,2026-09-20T12:09:51.753929+00:00,2026-09-22T07:52:41.074570+00:00,2026-09-22T03:52:41.074570-04:00,2026-09-22T03:52:41.074570-04:00,propline_free_sample
2026-09-20,2026-09-20 23:20:00+00:00,Brandon Young,0.5,over,-8000,hardrock,218704,Baltimore Orioles,Milwaukee Brewers,2026-09-20T22:19:22.256534+00:00,2026-09-22T07:52:41.074570+00:00,2026-09-22T03:52:41.074570-04:00,2026-09-22T03:52:41.074570-04:00,propline_free_sample
2026-09-20,2026-09-20 23:20:00+00:00,Brandon Young,0.5,under,2000,hardrock,218704,Baltimore Orioles,Milwaukee Brewers,2026-09-20T23:03:19.609224+00:00,2026-09-22T07:52:41.074570+00:00,2026-09-22T03:52:41.074570-04:00,2026-09-22T03:52:41.074570-04:00,propline_free_sample
2026-09-20,2026-09-20 23:20:00+00:00,Brandon Young,1.5,over,-1800,hardrock,218704,Baltimore Orioles,Milwaukee Brewers,2026-09-20T22:39:09.225076+00:00,2026-09-22T07:52:41.074570+00:00,2026-09-22T03:52:41.074570-04:00,2026-09-22T03:52:41.074570-04:00,propline_free_sample
2026-09-20,2026-09-20 23:20:00+00:00,Brandon Young,1.5,under,575,hardrock,218704,Baltimore Orioles,Milwaukee Brewers,2026-09-20T23:03:19.609224+00:00,2026-09-22T07:52:41.074570+00:00,2026-09-22T03:52:41.074570-04:00,2026-09-22T03:52:41.074570-04:00,propline_free_sample
2026-09-20,2026-09-20 23:20:00+00:00,Brandon Young,2.5,over,-525,hardrock,218704,Baltimore Orioles,Milwaukee Brewers,2026-09-20T20:30:23.207881+00:00,2026-09-22T07:52:41.074570+00:00,2026-09-22T03:52:41.074570-04:00,2026-09-22T03:52:41.074570-04:00,propline_free_sample
2026-09-20,2026-09-20 23:20:00+00:00,Brandon Young,2.5,under,300,hardrock,218704,Baltimore Orioles,Milwaukee Brewers,2026-09-20T09:17:40.840076+00:00,2026-09-22T07:52:41.074570+00:00,2026-09-22T03:52:41.074570-04:00,2026-09-22T03:52:41.074570-04:00,propline_free_sample
2026-09-20,2026-09-20 23:20:00+00:00,Brandon Young,3.5,over,-4000,hardrock,218704,Baltimore Orioles,Milwaukee Brewers,2026-09-20T20:58:51.609083+00:00,2026-09-22T07:52:41.074570+00:00,2026-09-22T03:52:41.074570-04:00,2026-09-22T03:52:41.074570-04:00,propline_free_sample
2026-09-20,2026-09-20 23:20:00+00:00,Brandon Young,3.5,under,900,hardrock,218704,Baltimore Orioles,Milwaukee Brewers,2026-09-20T20:30:23.207881+00:00,2026-09-22T07:52:41.074570+00:00,2026-09-22T03:52:41.074570-04:00,2026-09-22T03:52:41.074570-04:00,propline_free_sample
2026-09-20,2026-09-20 23:20:00+00:00,Brandon Young,4.5,over,-4000,hardrock,218704,Baltimore Orioles,Milwaukee Brewers,2026-09-20T22:52:05.387329+00:00,2026-09-22T07:52:41.074570+00:00,2026-09-22T03:52:41.074570-04:00,2026-09-22T03:52:41.074570-04:00,propline_free_sample
2026-09-20,2026-09-20 23:20:00+00:00,Brandon Young,4.5,under,800,hardrock,218704,Baltimore Orioles,Milwaukee Brewers,2026-09-20T20:30:23.207881+00:00,2026-09-22T07:52:41.074570+00:00,2026-09-22T03:52:41.074570-04:00,2026-09-22T03:52:41.074570-04:00,propline_free_sample
2026-09-20,2026-09-20 23:20:00+00:00,Brandon Young,5.5,over,-3000,hardrock,218704,Baltimore Orioles,Milwaukee Brewers,2026-09-20T22:52:05.387329+00:00,2026-09-22T07:52:41.074570+00:00,2026-09-22T03:52:41.074570-04:00,2026-09-22T03:52:41.074570-04:00,propline_free_sample
2026-09-20,2026-09-20 23:20:00+00:00,Brandon Young,5.5,under,650,hardrock,218704,Baltimore Orioles,Milwaukee Brewers,2026-09-20T23:03:19.609224+00:00,2026-09-22T07:52:41.074570+00:00,2026-09-22T03:52:41.074570-04:00,2026-09-22T03:52:41.074570-04:00,propline_free_sample
2026-09-20,2026-09-20 23:20:00+00:00,Brandon Young,6.5,over,-425,hardrock,218704,Baltimore Orioles,Milwaukee Brewers,2026-09-20T20:25:12.360103+00:00,2026-09-22T07:52:41.074570+00:00,2026-09-22T03:52:41.074570-04:00,2026-09-22T03:52:41.074570-04:00,propline_free_sample
2026-09-20,2026-09-20 23:20:00+00:00,Brandon Young,6.5,under,250,hardrock,218704,Baltimore Orioles,Milwaukee Brewers,2026-09-20T20:30:23.207881+00:00,2026-09-22T07:52:41.074570+00:00,2026-09-22T03:52:41.074570-04:00,2026-09-22T03:52:41.074570-04:00,propline_free_sample
2026-09-20,2026-09-20 23:20:00+00:00,Brandon Young,7.5,over,-525,hardrock,218704,Baltimore Orioles,Milwaukee Brewers,2026-09-20T12:40:02.412512+00:00,2026-09-22T07:52:41.074570+00:00,2026-09-22T03:52:41.074570-04:00,2026-09-22T03:52:41.074570-04:00,propline_free_sample
2026-09-20,2026-09-20 23:20:00+00:00,Brandon Young,7.5,under,300,hardrock,218704,Baltimore Orioles,Milwaukee Brewers,2026-09-20T12:40:02.412512+00:00,2026-09-22T07:52:41.074570+00:00,2026-09-22T03:52:41.074570-04:00,2026-09-22T03:52:41.074570-04:00,propline_free_sample
2026-09-20,2026-09-20 23:20:00+00:00,Brandon Young,8.5,over,-105,hardrock,218704,Baltimore Orioles,Milwaukee Brewers,2026-09-20T12:40:02.412512+00:00,2026-09-22T07:52:41.074570+00:00,2026-09-22T03:52:41.074570-04:00,2026-09-22T03:52:41.074570-04:00,propline_free_sample
2026-09-20,2026-09-20 23:20:00+00:00,Brandon Young,8.5,under,-140,hardrock,218704,Baltimore Orioles,Milwaukee Brewers,2026-09-20T12:40:02.412512+00:00,2026-09-22T07:52:41.074570+00:00,2026-09-22T03:52:41.074570-04:00,2026-09-22T03:52:41.074570-04:00,propline_free_sample
2026-09-20,2026-09-20 23:20:00+00:00,Brandon Young,4.5,over,102,sleeper,218704,Baltimore Orioles,Milwaukee Brewers,2026-09-20T22:53:54.564978+00:00,2026-09-22T07:52:41.074570+00:00,2026-09-22T03:52:41.074570-04:00,2026-09-22T03:52:41.074570-04:00,propline_free_sample
2026-09-20,2026-09-20 23:20:00+00:00,Brandon Young,4.5,under,-169,sleeper,218704,Baltimore Orioles,Milwaukee Brewers,2026-09-20T20:22:04.144157+00:00,2026-09-22T07:52:41.074570+00:00,2026-09-22T03:52:41.074570-04:00,2026-09-22T03:52:41.074570-04:00,propline_free_sample
2026-09-20,2026-09-20 23:20:00+00:00,Brandon Young,5.5,under,100,prizepicks,218704,Baltimore Orioles,Milwaukee Brewers,2026-09-20T02:34:30.476112+00:00,2026-09-22T07:52:41.074570+00:00,2026-09-22T03:52:41.074570-04:00,2026-09-22T03:52:41.074570-04:00,propline_free_sample
2026-09-20,2026-09-20 23:20:00+00:00,Brandon Young,6.5,under,100,prizepicks,218704,Baltimore Orioles,Milwaukee Brewers,2026-09-20T02:34:30.476112+00:00,2026-09-22T07:52:41.074570+00:00,2026-09-22T03:52:41.074570-04:00,2026-09-22T03:52:41.074570-04:00,propline_free_sample
2026-09-20,2026-09-20 23:20:00+00:00,Brandon Young,2.5,under,100,prizepicks,218704,Baltimore Orioles,Milwaukee Brewers,2026-09-20T02:34:30.476112+00:00,2026-09-22T07:52:41.074570+00:00,2026-09-22T03:52:41.074570-04:00,2026-09-22T03:52:41.074570-04:00,propline_free_sample
2026-09-20,2026-09-20 23:20:00+00:00,Brandon Young,3.5,under,100,prizepicks,218704,Baltimore Orioles,Milwaukee Brewers,2026-09-20T02:34:30.476112+00:00,2026-09-22T07:52:41.074570+00:00,2026-09-22T03:52:41.074570-04:00,2026-09-22T03:52:41.074570-04:00,propline_free_sample
2026-09-20,2026-09-20 23:20:00+00:00,Brandon Young,7.5,over,100,prizepicks,218704,Baltimore Orioles,Milwaukee Brewers,2026-09-20T02:34:30.476112+00:00,2026-09-22T07:52:41.074570+00:00,2026-09-22T03:52:41.074570-04:00,2026-09-22T03:52:41.074570-04:00,propline_free_sample
2026-09-20,2026-09-20 23:20:00+00:00,Brandon Young,3.5,over,-186,polymarket_us,218704,Baltimore Orioles,Milwaukee Brewers,2026-09-20T22:18:10.335636+00:00,2026-09-22T07:52:41.074570+00:00,2026-09-22T03:52:41.074570-04:00,2026-09-22T03:52:41.074570-04:00,propline_free_sample
2026-09-20,2026-09-20 23:20:00+00:00,Brandon Young,3.5,under,9900,polymarket_us,218704,Baltimore Orioles,Milwaukee Brewers,2026-09-20T22:18:10.335636+00:00,2026-09-22T07:52:41.074570+00:00,2026-09-22T03:52:41.074570-04:00,2026-09-22T03:52:41.074570-04:00,propline_free_sample
2026-09-20,2026-09-20 23:20:00+00:00,Brandon Young,4.5,over,-2400,polymarket_us,218704,Baltimore Orioles,Milwaukee Brewers,2026-09-20T23:19:18.702594+00:00,2026-09-22T07:52:41.074570+00:00,2026-09-22T03:52:41.074570-04:00,2026-09-22T03:52:41.074570-04:00,propline_free_sample
2026-09-20,2026-09-20 23:20:00+00:00,Brandon Young,4.5,under,9900,polymarket_us,218704,Baltimore Orioles,Milwaukee Brewers,2026-09-20T23:19:18.702594+00:00,2026-09-22T07:52:41.074570+00:00,2026-09-22T03:52:41.074570-04:00,2026-09-22T03:52:41.074570-04:00,propline_free_sample
2026-09-20,2026-09-20 23:20:00+00:00,Brandon Young,2.5,under,9900,polymarket_us,218704,Baltimore Orioles,Milwaukee Brewers,2026-09-20T23:18:19.528473+00:00,2026-09-22T07:52:41.074570+00:00,2026-09-22T03:52:41.074570-04:00,2026-09-22T03:52:41.074570-04:00,propline_free_sample
2026-09-20,2026-09-20 23:20:00+00:00,Jacob Misiorowski,6.5,over,9900,polymarket_us,218704,Baltimore Orioles,Milwaukee Brewers,2026-09-20T23:16:20.969175+00:00,2026-09-22T07:52:41.074570+00:00,2026-09-22T03:52:41.074570-04:00,2026-09-22T03:52:41.074570-04:00,propline_free_sample
2026-09-20,2026-09-20 23:20:00+00:00,Jacob Misiorowski,6.5,under,-186,polymarket_us,218704,Baltimore Orioles,Milwaukee Brewers,2026-09-20T23:10:18.957143+00:00,2026-09-22T07:52:41.074570+00:00,2026-09-22T03:52:41.074570-04:00,2026-09-22T03:52:41.074570-04:00,propline_free_sample
2026-09-20,2026-09-20 23:20:00+00:00,Brandon Young,7.5,over,-733,polymarket_us,218704,Baltimore Orioles,Milwaukee Brewers,2026-09-20T20:05:09.414595+00:00,2026-09-22T07:52:41.074570+00:00,2026-09-22T03:52:41.074570-04:00,2026-09-22T03:52:41.074570-04:00,propline_free_sample
2026-09-20,2026-09-20 23:20:00+00:00,Jacob Misiorowski,7.5,over,9900,polymarket_us,218704,Baltimore Orioles,Milwaukee Brewers,2026-09-20T19:08:06.302130+00:00,2026-09-22T07:52:41.074570+00:00,2026-09-22T03:52:41.074570-04:00,2026-09-22T03:52:41.074570-04:00,propline_free_sample
2026-09-20,2026-09-20 23:20:00+00:00,Jacob Misiorowski,7.5,under,-2400,polymarket_us,218704,Baltimore Orioles,Milwaukee Brewers,2026-09-20T18:53:27.508284+00:00,2026-09-22T07:52:41.074570+00:00,2026-09-22T03:52:41.074570-04:00,2026-09-22T03:52:41.074570-04:00,propline_free_sample
2026-09-20,2026-09-20 23:20:00+00:00,Jacob Misiorowski,8.5,over,9900,polymarket_us,218704,Baltimore Orioles,Milwaukee Brewers,2026-09-20T23:18:19.528473+00:00,2026-09-22T07:52:41.074570+00:00,2026-09-22T03:52:41.074570-04:00,2026-09-22T03:52:41.074570-04:00,propline_free_sample
2026-09-20,2026-09-20 23:20:00+00:00,Brandon Young,6.5,over,-614,polymarket_us,218704,Baltimore Orioles,Milwaukee Brewers,2026-09-20T20:52:33.013786+00:00,2026-09-22T07:52:41.074570+00:00,2026-09-22T03:52:41.074570-04:00,2026-09-22T03:52:41.074570-04:00,propline_free_sample
2026-09-20,2026-09-20 23:20:00+00:00,Jacob Misiorowski,8.5,over,102,sleeper,218704,Baltimore Orioles,Milwaukee Brewers,2026-09-20T23:10:13.126408+00:00,2026-09-22T07:52:41.074570+00:00,2026-09-22T03:52:41.074570-04:00,2026-09-22T03:52:41.074570-04:00,propline_free_sample
2026-09-20,2026-09-20 23:20:00+00:00,Jacob Misiorowski,8.5,under,-169,sleeper,218704,Baltimore Orioles,Milwaukee Brewers,2026-09-20T23:10:13.126408+00:00,2026-09-22T07:52:41.074570+00:00,2026-09-22T03:52:41.074570-04:00,2026-09-22T03:52:41.074570-04:00,propline_free_sample
2026-09-20,2026-09-20 23:20:00+00:00,Jacob Misiorowski,1.5,over,-50000,hardrock,218704,Baltimore Orioles,Milwaukee Brewers,2026-09-20T09:13:38.375599+00:00,2026-09-22T07:52:41.074570+00:00,2026-09-22T03:52:41.074570-04:00,2026-09-22T03:52:41.074570-04:00,propline_free_sample
2026-09-20,2026-09-20 23:20:00+00:00,Jacob Misiorowski,1.5,under,4000,hardrock,218704,Baltimore Orioles,Milwaukee Brewers,2026-09-20T06:05:23.401839+00:00,2026-09-22T07:52:41.074570+00:00,2026-09-22T03:52:41.074570-04:00,2026-09-22T03:52:41.074570-04:00,propline_free_sample
2026-09-20,2026-09-20 23:20:00+00:00,Jacob Misiorowski,10.5,over,1200,hardrock,218704,Baltimore Orioles,Milwaukee Brewers,2026-09-20T22:55:05.188112+00:00,2026-09-22T07:52:41.074570+00:00,2026-09-22T03:52:41.074570-04:00,2026-09-22T03:52:41.074570-04:00,propline_free_sample
2026-09-20,2026-09-20 23:20:00+00:00,Jacob Misiorowski,10.5,under,-6000,hardrock,218704,Baltimore Orioles,Milwaukee Brewers,2026-09-20T22:55:05.188112+00:00,2026-09-22T07:52:41.074570+00:00,2026-09-22T03:52:41.074570-04:00,2026-09-22T03:52:41.074570-04:00,propline_free_sample
2026-09-20,2026-09-20 23:20:00+00:00,Jacob Misiorowski,11.5,over,4000,hardrock,218704,Baltimore Orioles,Milwaukee Brewers,2026-09-20T22:55:05.188112+00:00,2026-09-22T07:52:41.074570+00:00,2026-09-22T03:52:41.074570-04:00,2026-09-22T03:52:41.074570-04:00,propline_free_sample
2026-09-20,2026-09-20 23:20:00+00:00,Jacob Misiorowski,11.5,under,-50000,hardrock,218704,Baltimore Orioles,Milwaukee Brewers,2026-09-20T22:55:05.188112+00:00,2026-09-22T07:52:41.074570+00:00,2026-09-22T03:52:41.074570-04:00,2026-09-22T03:52:41.074570-04:00,propline_free_sample
2026-09-20,2026-09-20 23:20:00+00:00,Jacob Misiorowski,12.5,over,4000,hardrock,218704,Baltimore Orioles,Milwaukee Brewers,2026-09-20T22:59:20.227166+00:00,2026-09-22T07:52:41.074570+00:00,2026-09-22T03:52:41.074570-04:00,2026-09-22T03:52:41.074570-04:00,propline_free_sample
2026-09-20,2026-09-20 23:20:00+00:00,Jacob Misiorowski,12.5,under,-100000,hardrock,218704,Baltimore Orioles,Milwaukee Brewers,2026-09-20T22:59:20.227166+00:00,2026-09-22T07:52:41.074570+00:00,2026-09-22T03:52:41.074570-04:00,2026-09-22T03:52:41.074570-04:00,propline_free_sample
2026-09-20,2026-09-20 23:20:00+00:00,Jacob Misiorowski,13.5,over,4000,hardrock,218704,Baltimore Orioles,Milwaukee Brewers,2026-09-20T22:23:06.791932+00:00,2026-09-22T07:52:41.074570+00:00,2026-09-22T03:52:41.074570-04:00,2026-09-22T03:52:41.074570-04:00,propline_free_sample
2026-09-20,2026-09-20 23:20:00+00:00,Jacob Misiorowski,13.5,under,-50000,hardrock,218704,Baltimore Orioles,Milwaukee Brewers,2026-09-20T22:23:06.791932+00:00,2026-09-22T07:52:41.074570+00:00,2026-09-22T03:52:41.074570-04:00,2026-09-22T03:52:41.074570-04:00,propline_free_sample
2026-09-20,2026-09-20 23:20:00+00:00,Jacob Misiorowski,2.5,over,-50000,hardrock,218704,Baltimore Orioles,Milwaukee Brewers,2026-09-20T22:44:05.656806+00:00,2026-09-22T07:52:41.074570+00:00,2026-09-22T03:52:41.074570-04:00,2026-09-22T03:52:41.074570-04:00,propline_free_sample
2026-09-20,2026-09-20 23:20:00+00:00,Jacob Misiorowski,2.5,under,4000,hardrock,218704,Baltimore Orioles,Milwaukee Brewers,2026-09-20T22:44:05.656806+00:00,2026-09-22T07:52:41.074570+00:00,2026-09-22T03:52:41.074570-04:00,2026-09-22T03:52:41.074570-04:00,propline_free_sample
2026-09-20,2026-09-20 23:20:00+00:00,Jacob Misiorowski,3.5,over,-20000,hardrock,218704,Baltimore Orioles,Milwaukee Brewers,2026-09-20T22:44:05.656806+00:00,2026-09-22T07:52:41.074570+00:00,2026-09-22T03:52:41.074570-04:00,2026-09-22T03:52:41.074570-04:00,propline_free_sample
2026-09-20,2026-09-20 23:20:00+00:00,Jacob Misiorowski,3.5,under,4000,hardrock,218704,Baltimore Orioles,Milwaukee Brewers,2026-09-20T22:44:05.656806+00:00,2026-09-22T07:52:41.074570+00:00,2026-09-22T03:52:41.074570-04:00,2026-09-22T03:52:41.074570-04:00,propline_free_sample
2026-09-20,2026-09-20 23:20:00+00:00,Jacob Misiorowski,4.5,over,-15000,hardrock,218704,Baltimore Orioles,Milwaukee Brewers,2026-09-20T22:44:05.656806+00:00,2026-09-22T07:52:41.074570+00:00,2026-09-22T03:52:41.074570-04:00,2026-09-22T03:52:41.074570-04:00,propline_free_sample
2026-09-20,2026-09-20 23:20:00+00:00,Jacob Misiorowski,4.5,under,3000,hardrock,218704,Baltimore Orioles,Milwaukee Brewers,2026-09-20T22:44:05.656806+00:00,2026-09-22T07:52:41.074570+00:00,2026-09-22T03:52:41.074570-04:00,2026-09-22T03:52:41.074570-04:00,propline_free_sample
2026-09-20,2026-09-20 23:20:00+00:00,Jacob Misiorowski,5.5,over,-3000,hardrock,218704,Baltimore Orioles,Milwaukee Brewers,2026-09-20T22:55:05.188112+00:00,2026-09-22T07:52:41.074570+00:00,2026-09-22T03:52:41.074570-04:00,2026-09-22T03:52:41.074570-04:00,propline_free_sample
2026-09-20,2026-09-20 23:20:00+00:00,Jacob Misiorowski,5.5,under,700,hardrock,218704,Baltimore Orioles,Milwaukee Brewers,2026-09-20T20:53:56.948724+00:00,2026-09-22T07:52:41.074570+00:00,2026-09-22T03:52:41.074570-04:00,2026-09-22T03:52:41.074570-04:00,propline_free_sample
2026-09-20,2026-09-20 23:20:00+00:00,Jacob Misiorowski,6.5,over,-450,hardrock,218704,Baltimore Orioles,Milwaukee Brewers,2026-09-20T22:55:05.188112+00:00,2026-09-22T07:52:41.074570+00:00,2026-09-22T03:52:41.074570-04:00,2026-09-22T03:52:41.074570-04:00,propline_free_sample
2026-09-20,2026-09-20 23:20:00+00:00,Jacob Misiorowski,6.5,under,260,hardrock,218704,Baltimore Orioles,Milwaukee Brewers,2026-09-20T20:25:12.360103+00:00,2026-09-22T07:52:41.074570+00:00,2026-09-22T03:52:41.074570-04:00,2026-09-22T03:52:41.074570-04:00,propline_free_sample
2026-09-20,2026-09-20 23:20:00+00:00,Jacob Misiorowski,7.5,over,-140,hardrock,218704,Baltimore Orioles,Milwaukee Brewers,2026-09-20T22:55:05.188112+00:00,2026-09-22T07:52:41.074570+00:00,2026-09-22T03:52:41.074570-04:00,2026-09-22T03:52:41.074570-04:00,propline_free_sample
2026-09-20,2026-09-20 23:20:00+00:00,Jacob Misiorowski,7.5,under,100,hardrock,218704,Baltimore Orioles,Milwaukee Brewers,2026-09-20T22:55:05.188112+00:00,2026-09-22T07:52:41.074570+00:00,2026-09-22T03:52:41.074570-04:00,2026-09-22T03:52:41.074570-04:00,propline_free_sample
2026-09-20,2026-09-20 23:20:00+00:00,Jacob Misiorowski,8.5,over,190,hardrock,218704,Baltimore Orioles,Milwaukee Brewers,2026-09-20T22:55:05.188112+00:00,2026-09-22T07:52:41.074570+00:00,2026-09-22T03:52:41.074570-04:00,2026-09-22T03:52:41.074570-04:00,propline_free_sample
2026-09-20,2026-09-20 23:20:00+00:00,Jacob Misiorowski,8.5,under,-300,hardrock,218704,Baltimore Orioles,Milwaukee Brewers,2026-09-20T22:55:05.188112+00:00,2026-09-22T07:52:41.074570+00:00,2026-09-22T03:52:41.074570-04:00,2026-09-22T03:52:41.074570-04:00,propline_free_sample
2026-09-20,2026-09-20 23:20:00+00:00,Jacob Misiorowski,9.5,over,475,hardrock,218704,Baltimore Orioles,Milwaukee Brewers,2026-09-20T23:14:25.410054+00:00,2026-09-22T07:52:41.074570+00:00,2026-09-22T03:52:41.074570-04:00,2026-09-22T03:52:41.074570-04:00,propline_free_sample
2026-09-20,2026-09-20 23:20:00+00:00,Jacob Misiorowski,9.5,under,-1100,hardrock,218704,Baltimore Orioles,Milwaukee Brewers,2026-09-20T22:55:05.188112+00:00,2026-09-22T07:52:41.074570+00:00,2026-09-22T03:52:41.074570-04:00,2026-09-22T03:52:41.074570-04:00,propline_free_sample
2026-09-20,2026-09-20 23:20:00+00:00,Brandon Young,4.5,over,118,pinnacle,218704,Baltimore Orioles,Milwaukee Brewers,2026-09-20T13:39:28.000723+00:00,2026-09-22T07:52:41.074570+00:00,2026-09-22T03:52:41.074570-04:00,2026-09-22T03:52:41.074570-04:00,propline_free_sample
2026-09-20,2026-09-20 23:20:00+00:00,Brandon Young,4.5,under,-157,pinnacle,218704,Baltimore Orioles,Milwaukee Brewers,2026-09-20T22:58:11.157004+00:00,2026-09-22T07:52:41.074570+00:00,2026-09-22T03:52:41.074570-04:00,2026-09-22T03:52:41.074570-04:00,propline_free_sample
2026-09-20,2026-09-20 23:20:00+00:00,Jacob Misiorowski,8.5,over,112,pinnacle,218704,Baltimore Orioles,Milwaukee Brewers,2026-09-20T22:58:11.157004+00:00,2026-09-22T07:52:41.074570+00:00,2026-09-22T03:52:41.074570-04:00,2026-09-22T03:52:41.074570-04:00,propline_free_sample
2026-09-20,2026-09-20 23:20:00+00:00,Jacob Misiorowski,8.5,under,-149,pinnacle,218704,Baltimore Orioles,Milwaukee Brewers,2026-09-20T22:58:11.157004+00:00,2026-09-22T07:52:41.074570+00:00,2026-09-22T03:52:41.074570-04:00,2026-09-22T03:52:41.074570-04:00,propline_free_sample
2026-09-20,2026-09-20 23:20:00+00:00,Jacob Misiorowski,10.5,under,100,prizepicks,218704,Baltimore Orioles,Milwaukee Brewers,2026-09-20T06:19:55.522094+00:00,2026-09-22T07:52:41.074570+00:00,2026-09-22T03:52:41.074570-04:00,2026-09-22T03:52:41.074570-04:00,propline_free_sample
2026-09-20,2026-09-20 23:20:00+00:00,Jacob Misiorowski,8.5,under,100,prizepicks,218704,Baltimore Orioles,Milwaukee Brewers,2026-09-20T06:19:55.522094+00:00,2026-09-22T07:52:41.074570+00:00,2026-09-22T03:52:41.074570-04:00,2026-09-22T03:52:41.074570-04:00,propline_free_sample
2026-09-20,2026-09-20 23:20:00+00:00,Jacob Misiorowski,9.5,under,100,prizepicks,218704,Baltimore Orioles,Milwaukee Brewers,2026-09-20T06:19:55.522094+00:00,2026-09-22T07:52:41.074570+00:00,2026-09-22T03:52:41.074570-04:00,2026-09-22T03:52:41.074570-04:00,propline_free_sample
2026-09-20,2026-09-20 23:20:00+00:00,Jacob Misiorowski,6.5,under,100,prizepicks,218704,Baltimore Orioles,Milwaukee Brewers,2026-09-20T06:19:55.522094+00:00,2026-09-22T07:52:41.074570+00:00,2026-09-22T03:52:41.074570-04:00,2026-09-22T03:52:41.074570-04:00,propline_free_sample
2026-09-20,2026-09-20 23:20:00+00:00,Jacob Misiorowski,12.5,over,100,prizepicks,218704,Baltimore Orioles,Milwaukee Brewers,2026-09-20T06:19:55.522094+00:00,2026-09-22T07:52:41.074570+00:00,2026-09-22T03:52:41.074570-04:00,2026-09-22T03:52:41.074570-04:00,propline_free_sample
2026-09-20,2026-09-20 23:20:00+00:00,Jacob Misiorowski,5.5,over,100,prizepicks,218704,Baltimore Orioles,Milwaukee Brewers,2026-09-20T06:19:55.522094+00:00,2026-09-22T07:52:41.074570+00:00,2026-09-22T03:52:41.074570-04:00,2026-09-22T03:52:41.074570-04:00,propline_free_sample
2026-09-20,2026-09-20 23:20:00+00:00,Jacob Misiorowski,5.5,under,100,prizepicks,218704,Baltimore Orioles,Milwaukee Brewers,2026-09-20T06:19:55.522094+00:00,2026-09-22T07:52:41.074570+00:00,2026-09-22T03:52:41.074570-04:00,2026-09-22T03:52:41.074570-04:00,propline_free_sample
2026-09-20,2026-09-20 23:20:00+00:00,Brandon Young,4.5,over,133,dabble,218704,Baltimore Orioles,Milwaukee Brewers,2026-09-20T23:19:11.261619+00:00,2026-09-22T07:52:41.074570+00:00,2026-09-22T03:52:41.074570-04:00,2026-09-22T03:52:41.074570-04:00,propline_free_sample
2026-09-20,2026-09-20 23:20:00+00:00,Jacob Misiorowski,7.5,over,-120,dabble,218704,Baltimore Orioles,Milwaukee Brewers,2026-09-20T22:33:55.464484+00:00,2026-09-22T07:52:41.074570+00:00,2026-09-22T03:52:41.074570-04:00,2026-09-22T03:52:41.074570-04:00,propline_free_sample
2026-09-20,2026-09-20 23:20:00+00:00,Brandon Young,4.5,under,-132,dabble,218704,Baltimore Orioles,Milwaukee Brewers,2026-09-20T23:19:11.261619+00:00,2026-09-22T07:52:41.074570+00:00,2026-09-22T03:52:41.074570-04:00,2026-09-22T03:52:41.074570-04:00,propline_free_sample
2026-09-20,2026-09-20 23:20:00+00:00,Jacob Misiorowski,7.5,under,120,dabble,218704,Baltimore Orioles,Milwaukee Brewers,2026-09-20T22:33:55.464484+00:00,2026-09-22T07:52:41.074570+00:00,2026-09-22T03:52:41.074570-04:00,2026-09-22T03:52:41.074570-04:00,propline_free_sample
2026-09-20,2026-09-20 23:20:00+00:00,Jacob Misiorowski,14.5,over,4000,hardrock,218704,Baltimore Orioles,Milwaukee Brewers,2026-09-20T06:23:13.481559+00:00,2026-09-22T07:52:41.074570+00:00,2026-09-22T03:52:41.074570-04:00,2026-09-22T03:52:41.074570-04:00,propline_free_sample
2026-09-20,2026-09-20 23:20:00+00:00,Jacob Misiorowski,14.5,under,-100000,hardrock,218704,Baltimore Orioles,Milwaukee Brewers,2026-09-20T06:23:13.481559+00:00,2026-09-22T07:52:41.074570+00:00,2026-09-22T03:52:41.074570-04:00,2026-09-22T03:52:41.074570-04:00,propline_free_sample
2026-09-20,2026-09-20 23:20:00+00:00,Brandon Young,9.5,over,-213,underdog,218704,Baltimore Orioles,Milwaukee Brewers,2026-09-20T08:28:59.304535+00:00,2026-09-22T07:52:41.074570+00:00,2026-09-22T03:52:41.074570-04:00,2026-09-22T03:52:41.074570-04:00,propline_free_sample
2026-09-20,2026-09-20 23:20:00+00:00,Jacob Misiorowski,5.5,over,-130,underdog,218704,Baltimore Orioles,Milwaukee Brewers,2026-09-20T23:06:10.858474+00:00,2026-09-22T07:52:41.074570+00:00,2026-09-22T03:52:41.074570-04:00,2026-09-22T03:52:41.074570-04:00,propline_free_sample
2026-09-20,2026-09-20 23:20:00+00:00,Brandon Young,9.5,under,141,underdog,218704,Baltimore Orioles,Milwaukee Brewers,2026-09-20T08:28:59.304535+00:00,2026-09-22T07:52:41.074570+00:00,2026-09-22T03:52:41.074570-04:00,2026-09-22T03:52:41.074570-04:00,propline_free_sample
2026-09-20,2026-09-20 23:20:00+00:00,Jacob Misiorowski,5.5,under,-115,underdog,218704,Baltimore Orioles,Milwaukee Brewers,2026-09-20T23:06:10.858474+00:00,2026-09-22T07:52:41.074570+00:00,2026-09-22T03:52:41.074570-04:00,2026-09-22T03:52:41.074570-04:00,propline_free_sample
2026-09-20,2026-09-20 23:20:00+00:00,Brandon Young,4.5,over,112,smarkets,218704,Baltimore Orioles,Milwaukee Brewers,2026-09-20T23:18:16.606978+00:00,2026-09-22T07:52:41.074570+00:00,2026-09-22T03:52:41.074570-04:00,2026-09-22T03:52:41.074570-04:00,propline_free_sample
2026-09-20,2026-09-20 23:20:00+00:00,Brandon Young,4.5,under,-156,smarkets,218704,Baltimore Orioles,Milwaukee Brewers,2026-09-20T23:19:16.610779+00:00,2026-09-22T07:52:41.074570+00:00,2026-09-22T03:52:41.074570-04:00,2026-09-22T03:52:41.074570-04:00,propline_free_sample
2026-09-20,2026-09-20 23:20:00+00:00,Jacob Misiorowski,7.5,over,-167,smarkets,218704,Baltimore Orioles,Milwaukee Brewers,2026-09-20T23:19:16.610779+00:00,2026-09-22T07:52:41.074570+00:00,2026-09-22T03:52:41.074570-04:00,2026-09-22T03:52:41.074570-04:00,propline_free_sample
2026-09-20,2026-09-20 23:20:00+00:00,Jacob Misiorowski,7.5,under,112,smarkets,218704,Baltimore Orioles,Milwaukee Brewers,2026-09-20T23:19:16.610779+00:00,2026-09-22T07:52:41.074570+00:00,2026-09-22T03:52:41.074570-04:00,2026-09-22T03:52:41.074570-04:00,propline_free_sample
2026-09-20,2026-09-20 23:20:00+00:00,Jacob Misiorowski,8.5,over,108,prophetx,218704,Baltimore Orioles,Milwaukee Brewers,2026-09-20T23:17:21.597271+00:00,2026-09-22T07:52:41.074570+00:00,2026-09-22T03:52:41.074570-04:00,2026-09-22T03:52:41.074570-04:00,propline_free_sample
2026-09-20,2026-09-20 23:20:00+00:00,Jacob Misiorowski,8.5,under,-142,prophetx,218704,Baltimore Orioles,Milwaukee Brewers,2026-09-20T23:18:19.327003+00:00,2026-09-22T07:52:41.074570+00:00,2026-09-22T03:52:41.074570-04:00,2026-09-22T03:52:41.074570-04:00,propline_free_sample
2026-09-20,2026-09-20 23:20:00+00:00,Jacob Misiorowski,11.5,over,100,prizepicks,218704,Baltimore Orioles,Milwaukee Brewers,2026-09-20T06:57:57.683147+00:00,2026-09-22T07:52:41.074570+00:00,2026-09-22T03:52:41.074570-04:00,2026-09-22T03:52:41.074570-04:00,propline_free_sample
2026-09-20,2026-09-20 23:20:00+00:00,Brandon Young,2.5,over,-456,polymarket_us,218704,Baltimore Orioles,Milwaukee Brewers,2026-09-20T20:20:54.964488+00:00,2026-09-22T07:52:41.074570+00:00,2026-09-22T03:52:41.074570-04:00,2026-09-22T03:52:41.074570-04:00,propline_free_sample
2026-09-20,2026-09-20 23:20:00+00:00,Jacob Misiorowski,8.5,under,-426,polymarket_us,218704,Baltimore Orioles,Milwaukee Brewers,2026-09-20T23:19:18.702594+00:00,2026-09-22T07:52:41.074570+00:00,2026-09-22T03:52:41.074570-04:00,2026-09-22T03:52:41.074570-04:00,propline_free_sample
2026-09-20,2026-09-20 23:20:00+00:00,Brandon Young,4.5,over,115,draftkings,218704,Baltimore Orioles,Milwaukee Brewers,2026-09-20T23:13:25.296436+00:00,2026-09-22T07:52:41.074570+00:00,2026-09-22T03:52:41.074570-04:00,2026-09-22T03:52:41.074570-04:00,propline_free_sample
2026-09-20,2026-09-20 23:20:00+00:00,Brandon Young,4.5,under,-147,draftkings,218704,Baltimore Orioles,Milwaukee Brewers,2026-09-20T23:13:25.296436+00:00,2026-09-22T07:52:41.074570+00:00,2026-09-22T03:52:41.074570-04:00,2026-09-22T03:52:41.074570-04:00,propline_free_sample
2026-09-20,2026-09-20 23:20:00+00:00,Brandon Young,7.5,under,9900,polymarket_us,218704,Baltimore Orioles,Milwaukee Brewers,2026-09-20T21:28:50.566689+00:00,2026-09-22T07:52:41.074570+00:00,2026-09-22T03:52:41.074570-04:00,2026-09-22T03:52:41.074570-04:00,propline_free_sample
2026-09-20,2026-09-20 23:20:00+00:00,Brandon Young,6.5,under,9900,polymarket_us,218704,Baltimore Orioles,Milwaukee Brewers,2026-09-20T23:17:20.942379+00:00,2026-09-22T07:52:41.074570+00:00,2026-09-22T03:52:41.074570-04:00,2026-09-22T03:52:41.074570-04:00,propline_free_sample
2026-09-20,2026-09-20 23:20:00+00:00,Brandon Young,4.5,over,120,onexbet,218704,Baltimore Orioles,Milwaukee Brewers,2026-09-20T22:53:59.402224+00:00,2026-09-22T07:52:41.074570+00:00,2026-09-22T03:52:41.074570-04:00,2026-09-22T03:52:41.074570-04:00,propline_free_sample
2026-09-20,2026-09-20 23:20:00+00:00,Brandon Young,4.5,under,-160,onexbet,218704,Baltimore Orioles,Milwaukee Brewers,2026-09-20T22:53:59.402224+00:00,2026-09-22T07:52:41.074570+00:00,2026-09-22T03:52:41.074570-04:00,2026-09-22T03:52:41.074570-04:00,propline_free_sample
2026-09-20,2026-09-20 23:20:00+00:00,Brandon Young,2.5,over,-9900,kalshi,218704,Baltimore Orioles,Milwaukee Brewers,2026-09-20T23:18:11.018219+00:00,2026-09-22T07:52:41.074570+00:00,2026-09-22T03:52:41.074570-04:00,2026-09-22T03:52:41.074570-04:00,propline_free_sample
2026-09-20,2026-09-20 23:20:00+00:00,Brandon Young,3.5,over,-9900,kalshi,218704,Baltimore Orioles,Milwaukee Brewers,2026-09-20T17:53:57.890432+00:00,2026-09-22T07:52:41.074570+00:00,2026-09-22T03:52:41.074570-04:00,2026-09-22T03:52:41.074570-04:00,propline_free_sample
2026-09-20,2026-09-20 23:20:00+00:00,Brandon Young,4.5,over,-3233,kalshi,218704,Baltimore Orioles,Milwaukee Brewers,2026-09-20T20:32:10.390601+00:00,2026-09-22T07:52:41.074570+00:00,2026-09-22T03:52:41.074570-04:00,2026-09-22T03:52:41.074570-04:00,propline_free_sample
2026-09-20,2026-09-20 23:20:00+00:00,Brandon Young,5.5,over,-3233,kalshi,218704,Baltimore Orioles,Milwaukee Brewers,2026-09-20T21:28:08.929452+00:00,2026-09-22T07:52:41.074570+00:00,2026-09-22T03:52:41.074570-04:00,2026-09-22T03:52:41.074570-04:00,propline_free_sample
2026-09-20,2026-09-20 23:20:00+00:00,Brandon Young,6.5,over,-3233,kalshi,218704,Baltimore Orioles,Milwaukee Brewers,2026-09-20T19:26:34.883307+00:00,2026-09-22T07:52:41.074570+00:00,2026-09-22T03:52:41.074570-04:00,2026-09-22T03:52:41.074570-04:00,propline_free_sample
2026-09-20,2026-09-20 23:20:00+00:00,Brandon Young,7.5,over,-4900,kalshi,218704,Baltimore Orioles,Milwaukee Brewers,2026-09-20T16:16:29.714476+00:00,2026-09-22T07:52:41.074570+00:00,2026-09-22T03:52:41.074570-04:00,2026-09-22T03:52:41.074570-04:00,propline_free_sample
2026-09-20,2026-09-20 23:20:00+00:00,Brandon Young,8.5,over,-113,kalshi,218704,Baltimore Orioles,Milwaukee Brewers,2026-09-20T18:51:38.068210+00:00,2026-09-22T07:52:41.074570+00:00,2026-09-22T03:52:41.074570-04:00,2026-09-22T03:52:41.074570-04:00,propline_free_sample
2026-09-20,2026-09-20 23:20:00+00:00,Brandon Young,8.5,under,9900,kalshi,218704,Baltimore Orioles,Milwaukee Brewers,2026-09-20T21:29:50.227889+00:00,2026-09-22T07:52:41.074570+00:00,2026-09-22T03:52:41.074570-04:00,2026-09-22T03:52:41.074570-04:00,propline_free_sample
2026-09-20,2026-09-20 23:20:00+00:00,Brandon Young,4.5,under,9900,kalshi,218704,Baltimore Orioles,Milwaukee Brewers,2026-09-20T15:34:21.908699+00:00,2026-09-22T07:52:41.074570+00:00,2026-09-22T03:52:41.074570-04:00,2026-09-22T03:52:41.074570-04:00,propline_free_sample
2026-09-20,2026-09-20 23:20:00+00:00,Brandon Young,2.5,under,9900,kalshi,218704,Baltimore Orioles,Milwaukee Brewers,2026-09-20T23:19:41.317219+00:00,2026-09-22T07:52:41.074570+00:00,2026-09-22T03:52:41.074570-04:00,2026-09-22T03:52:41.074570-04:00,propline_free_sample
2026-09-20,2026-09-20 23:20:00+00:00,Brandon Young,3.5,under,9900,kalshi,218704,Baltimore Orioles,Milwaukee Brewers,2026-09-20T17:11:34.838096+00:00,2026-09-22T07:52:41.074570+00:00,2026-09-22T03:52:41.074570-04:00,2026-09-22T03:52:41.074570-04:00,propline_free_sample
2026-09-20,2026-09-20 23:20:00+00:00,Brandon Young,5.5,under,9900,kalshi,218704,Baltimore Orioles,Milwaukee Brewers,2026-09-20T21:29:50.227889+00:00,2026-09-22T07:52:41.074570+00:00,2026-09-22T03:52:41.074570-04:00,2026-09-22T03:52:41.074570-04:00,propline_free_sample
2026-09-20,2026-09-20 23:20:00+00:00,Brandon Young,6.5,under,9900,kalshi,218704,Baltimore Orioles,Milwaukee Brewers,2026-09-20T21:29:50.227889+00:00,2026-09-22T07:52:41.074570+00:00,2026-09-22T03:52:41.074570-04:00,2026-09-22T03:52:41.074570-04:00,propline_free_sample
2026-09-20,2026-09-20 23:20:00+00:00,Jacob Misiorowski,8.5,over,110,draftkings,218704,Baltimore Orioles,Milwaukee Brewers,2026-09-20T23:17:02.239423+00:00,2026-09-22T07:52:41.074570+00:00,2026-09-22T03:52:41.074570-04:00,2026-09-22T03:52:41.074570-04:00,propline_free_sample
2026-09-20,2026-09-20 23:20:00+00:00,Jacob Misiorowski,8.5,under,-141,draftkings,218704,Baltimore Orioles,Milwaukee Brewers,2026-09-20T23:17:02.239423+00:00,2026-09-22T07:52:41.074570+00:00,2026-09-22T03:52:41.074570-04:00,2026-09-22T03:52:41.074570-04:00,propline_free_sample
