date,commence_time_utc,pitcher_name,line,side,price,sportsbook,event_id,home_team,away_team,vendor_snapshot_time,collected_at_utc,collected_at_et,snapshot_time_et,source
2026-09-20,2026-09-20 18:15:00+00:00,Jake Irvin,3.5,over,101,dabble,218697,St. Louis Cardinals,Washington Nationals,2026-09-20T17:39:42.309308+00:00,2026-09-20T20:59:24.808483+00:00,2026-09-20T16:59:24.808483-04:00,2026-09-20T16:59:24.808483-04:00,propline_free_sample
2026-09-20,2026-09-20 18:15:00+00:00,Quinn Mathews,5.5,over,120,dabble,218697,St. Louis Cardinals,Washington Nationals,2026-09-20T04:33:54.578978+00:00,2026-09-20T20:59:24.808483+00:00,2026-09-20T16:59:24.808483-04:00,2026-09-20T16:59:24.808483-04:00,propline_free_sample
2026-09-20,2026-09-20 18:15:00+00:00,Jake Irvin,3.5,under,100,dabble,218697,St. Louis Cardinals,Washington Nationals,2026-09-20T17:39:42.309308+00:00,2026-09-20T20:59:24.808483+00:00,2026-09-20T16:59:24.808483-04:00,2026-09-20T16:59:24.808483-04:00,propline_free_sample
2026-09-20,2026-09-20 18:15:00+00:00,Quinn Mathews,5.5,under,-120,dabble,218697,St. Louis Cardinals,Washington Nationals,2026-09-20T04:33:54.578978+00:00,2026-09-20T20:59:24.808483+00:00,2026-09-20T16:59:24.808483-04:00,2026-09-20T16:59:24.808483-04:00,propline_free_sample
2026-09-20,2026-09-20 18:15:00+00:00,Jake Irvin,6.5,over,-223,underdog,218697,St. Louis Cardinals,Washington Nationals,2026-09-20T16:10:11.115224+00:00,2026-09-20T20:59:24.808483+00:00,2026-09-20T16:59:24.808483-04:00,2026-09-20T16:59:24.808483-04:00,propline_free_sample
2026-09-20,2026-09-20 18:15:00+00:00,Quinn Mathews,3.5,over,104,underdog,218697,St. Louis Cardinals,Washington Nationals,2026-09-20T16:32:38.644922+00:00,2026-09-20T20:59:24.808483+00:00,2026-09-20T16:59:24.808483-04:00,2026-09-20T16:59:24.808483-04:00,propline_free_sample
2026-09-20,2026-09-20 18:15:00+00:00,Jake Irvin,6.5,under,148,underdog,218697,St. Louis Cardinals,Washington Nationals,2026-09-20T16:10:11.115224+00:00,2026-09-20T20:59:24.808483+00:00,2026-09-20T16:59:24.808483-04:00,2026-09-20T16:59:24.808483-04:00,propline_free_sample
2026-09-20,2026-09-20 18:15:00+00:00,Quinn Mathews,3.5,under,-157,underdog,218697,St. Louis Cardinals,Washington Nationals,2026-09-20T16:32:38.644922+00:00,2026-09-20T20:59:24.808483+00:00,2026-09-20T16:59:24.808483-04:00,2026-09-20T16:59:24.808483-04:00,propline_free_sample
2026-09-20,2026-09-20 18:15:00+00:00,Jake Irvin,3.5,over,-118,smarkets,218697,St. Louis Cardinals,Washington Nationals,2026-09-20T17:40:07.715372+00:00,2026-09-20T20:59:24.808483+00:00,2026-09-20T16:59:24.808483-04:00,2026-09-20T16:59:24.808483-04:00,propline_free_sample
2026-09-20,2026-09-20 18:15:00+00:00,Jake Irvin,3.5,under,-119,smarkets,218697,St. Louis Cardinals,Washington Nationals,2026-09-20T17:40:07.715372+00:00,2026-09-20T20:59:24.808483+00:00,2026-09-20T16:59:24.808483-04:00,2026-09-20T16:59:24.808483-04:00,propline_free_sample
2026-09-20,2026-09-20 18:15:00+00:00,Quinn Mathews,5.5,over,106,smarkets,218697,St. Louis Cardinals,Washington Nationals,2026-09-20T16:10:51.156793+00:00,2026-09-20T20:59:24.808483+00:00,2026-09-20T16:59:24.808483-04:00,2026-09-20T16:59:24.808483-04:00,propline_free_sample
2026-09-20,2026-09-20 18:15:00+00:00,Quinn Mathews,5.5,under,-147,smarkets,218697,St. Louis Cardinals,Washington Nationals,2026-09-20T17:40:07.715372+00:00,2026-09-20T20:59:24.808483+00:00,2026-09-20T16:59:24.808483-04:00,2026-09-20T16:59:24.808483-04:00,propline_free_sample
2026-09-20,2026-09-20 18:15:00+00:00,Quinn Mathews,5.0,over,100,prizepicks,218697,St. Louis Cardinals,Washington Nationals,2026-09-20T11:23:05.819529+00:00,2026-09-20T20:59:24.808483+00:00,2026-09-20T16:59:24.808483-04:00,2026-09-20T16:59:24.808483-04:00,propline_free_sample
2026-09-20,2026-09-20 18:15:00+00:00,Quinn Mathews,5.0,under,100,prizepicks,218697,St. Louis Cardinals,Washington Nationals,2026-09-20T11:23:05.819529+00:00,2026-09-20T20:59:24.808483+00:00,2026-09-20T16:59:24.808483-04:00,2026-09-20T16:59:24.808483-04:00,propline_free_sample
2026-09-20,2026-09-20 18:15:00+00:00,Quinn Mathews,6.5,over,100,prizepicks,218697,St. Louis Cardinals,Washington Nationals,2026-09-20T02:42:20.244528+00:00,2026-09-20T20:59:24.808483+00:00,2026-09-20T16:59:24.808483-04:00,2026-09-20T16:59:24.808483-04:00,propline_free_sample
2026-09-20,2026-09-20 18:15:00+00:00,Quinn Mathews,3.5,over,100,prizepicks,218697,St. Louis Cardinals,Washington Nationals,2026-09-20T02:42:20.244528+00:00,2026-09-20T20:59:24.808483+00:00,2026-09-20T16:59:24.808483-04:00,2026-09-20T16:59:24.808483-04:00,propline_free_sample
2026-09-20,2026-09-20 18:15:00+00:00,Jake Irvin,6.5,over,100,prizepicks,218697,St. Louis Cardinals,Washington Nationals,2026-09-20T02:48:17.787894+00:00,2026-09-20T20:59:24.808483+00:00,2026-09-20T16:59:24.808483-04:00,2026-09-20T16:59:24.808483-04:00,propline_free_sample
2026-09-20,2026-09-20 18:15:00+00:00,Jake Irvin,3.5,over,100,prizepicks,218697,St. Louis Cardinals,Washington Nationals,2026-09-20T02:48:17.787894+00:00,2026-09-20T20:59:24.808483+00:00,2026-09-20T16:59:24.808483-04:00,2026-09-20T16:59:24.808483-04:00,propline_free_sample
2026-09-20,2026-09-20 18:15:00+00:00,Jake Irvin,3.5,under,100,prizepicks,218697,St. Louis Cardinals,Washington Nationals,2026-09-20T02:48:17.787894+00:00,2026-09-20T20:59:24.808483+00:00,2026-09-20T16:59:24.808483-04:00,2026-09-20T16:59:24.808483-04:00,propline_free_sample
2026-09-20,2026-09-20 18:15:00+00:00,Jake Irvin,3.5,over,100,prizepicks,218697,St. Louis Cardinals,Washington Nationals,2026-09-20T03:04:44.991214+00:00,2026-09-20T20:59:24.808483+00:00,2026-09-20T16:59:24.808483-04:00,2026-09-20T16:59:24.808483-04:00,propline_free_sample
2026-09-20,2026-09-20 18:15:00+00:00,Jake Irvin,3.5,under,100,prizepicks,218697,St. Louis Cardinals,Washington Nationals,2026-09-20T03:04:44.991214+00:00,2026-09-20T20:59:24.808483+00:00,2026-09-20T16:59:24.808483-04:00,2026-09-20T16:59:24.808483-04:00,propline_free_sample
2026-09-20,2026-09-20 18:15:00+00:00,Jake Irvin,3.5,over,-126,draftkings,218697,St. Louis Cardinals,Washington Nationals,2026-09-20T16:06:51.899974+00:00,2026-09-20T20:59:24.808483+00:00,2026-09-20T16:59:24.808483-04:00,2026-09-20T16:59:24.808483-04:00,propline_free_sample
2026-09-20,2026-09-20 18:15:00+00:00,Jake Irvin,3.5,under,-101,draftkings,218697,St. Louis Cardinals,Washington Nationals,2026-09-20T16:06:51.899974+00:00,2026-09-20T20:59:24.808483+00:00,2026-09-20T16:59:24.808483-04:00,2026-09-20T16:59:24.808483-04:00,propline_free_sample
2026-09-20,2026-09-20 18:15:00+00:00,Quinn Mathews,5.5,over,106,draftkings,218697,St. Louis Cardinals,Washington Nationals,2026-09-20T16:30:11.577922+00:00,2026-09-20T20:59:24.808483+00:00,2026-09-20T16:59:24.808483-04:00,2026-09-20T16:59:24.808483-04:00,propline_free_sample
2026-09-20,2026-09-20 18:15:00+00:00,Quinn Mathews,5.5,under,-135,draftkings,218697,St. Louis Cardinals,Washington Nationals,2026-09-20T16:30:11.577922+00:00,2026-09-20T20:59:24.808483+00:00,2026-09-20T16:59:24.808483-04:00,2026-09-20T16:59:24.808483-04:00,propline_free_sample
2026-09-20,2026-09-20 18:15:00+00:00,Jake Irvin,7.5,over,135,fanatics,218697,St. Louis Cardinals,Washington Nationals,2026-09-20T18:13:58.575691+00:00,2026-09-20T20:59:24.808483+00:00,2026-09-20T16:59:24.808483-04:00,2026-09-20T16:59:24.808483-04:00,propline_free_sample
2026-09-20,2026-09-20 18:15:00+00:00,Jake Irvin,7.5,under,-180,fanatics,218697,St. Louis Cardinals,Washington Nationals,2026-09-20T18:13:58.575691+00:00,2026-09-20T20:59:24.808483+00:00,2026-09-20T16:59:24.808483-04:00,2026-09-20T16:59:24.808483-04:00,propline_free_sample
2026-09-20,2026-09-20 18:15:00+00:00,Quinn Mathews,3.5,over,-155,fanatics,218697,St. Louis Cardinals,Washington Nationals,2026-09-20T18:13:58.575691+00:00,2026-09-20T20:59:24.808483+00:00,2026-09-20T16:59:24.808483-04:00,2026-09-20T16:59:24.808483-04:00,propline_free_sample
2026-09-20,2026-09-20 18:15:00+00:00,Quinn Mathews,3.5,under,115,fanatics,218697,St. Louis Cardinals,Washington Nationals,2026-09-20T18:13:58.575691+00:00,2026-09-20T20:59:24.808483+00:00,2026-09-20T16:59:24.808483-04:00,2026-09-20T16:59:24.808483-04:00,propline_free_sample
2026-09-20,2026-09-20 18:15:00+00:00,Jake Irvin,3.5,over,-145,sleeper,218697,St. Louis Cardinals,Washington Nationals,2026-09-20T18:01:23.153387+00:00,2026-09-20T20:59:24.808483+00:00,2026-09-20T16:59:24.808483-04:00,2026-09-20T16:59:24.808483-04:00,propline_free_sample
2026-09-20,2026-09-20 18:15:00+00:00,Jake Irvin,3.5,under,-114,sleeper,218697,St. Louis Cardinals,Washington Nationals,2026-09-20T18:01:23.153387+00:00,2026-09-20T20:59:24.808483+00:00,2026-09-20T16:59:24.808483-04:00,2026-09-20T16:59:24.808483-04:00,propline_free_sample
2026-09-20,2026-09-20 18:15:00+00:00,Quinn Mathews,5.5,over,-103,sleeper,218697,St. Louis Cardinals,Washington Nationals,2026-09-20T16:53:29.662613+00:00,2026-09-20T20:59:24.808483+00:00,2026-09-20T16:59:24.808483-04:00,2026-09-20T16:59:24.808483-04:00,propline_free_sample
2026-09-20,2026-09-20 18:15:00+00:00,Quinn Mathews,5.5,under,-159,sleeper,218697,St. Louis Cardinals,Washington Nationals,2026-09-20T16:53:29.662613+00:00,2026-09-20T20:59:24.808483+00:00,2026-09-20T16:59:24.808483-04:00,2026-09-20T16:59:24.808483-04:00,propline_free_sample
2026-09-20,2026-09-20 18:15:00+00:00,Jake Irvin,4.5,over,100,prizepicks,218697,St. Louis Cardinals,Washington Nationals,2026-09-20T03:35:31.641857+00:00,2026-09-20T20:59:24.808483+00:00,2026-09-20T16:59:24.808483-04:00,2026-09-20T16:59:24.808483-04:00,propline_free_sample
2026-09-20,2026-09-20 18:15:00+00:00,Jake Irvin,5.5,over,100,prizepicks,218697,St. Louis Cardinals,Washington Nationals,2026-09-20T03:35:31.641857+00:00,2026-09-20T20:59:24.808483+00:00,2026-09-20T16:59:24.808483-04:00,2026-09-20T16:59:24.808483-04:00,propline_free_sample
2026-09-20,2026-09-20 18:15:00+00:00,Quinn Mathews,7.5,over,100,prizepicks,218697,St. Louis Cardinals,Washington Nationals,2026-09-20T03:35:31.641857+00:00,2026-09-20T20:59:24.808483+00:00,2026-09-20T16:59:24.808483-04:00,2026-09-20T16:59:24.808483-04:00,propline_free_sample
2026-09-20,2026-09-20 18:15:00+00:00,Quinn Mathews,8.5,over,100,prizepicks,218697,St. Louis Cardinals,Washington Nationals,2026-09-20T03:35:31.641857+00:00,2026-09-20T20:59:24.808483+00:00,2026-09-20T16:59:24.808483-04:00,2026-09-20T16:59:24.808483-04:00,propline_free_sample
2026-09-20,2026-09-20 18:15:00+00:00,Quinn Mathews,9.5,over,100,prizepicks,218697,St. Louis Cardinals,Washington Nationals,2026-09-20T03:35:31.641857+00:00,2026-09-20T20:59:24.808483+00:00,2026-09-20T16:59:24.808483-04:00,2026-09-20T16:59:24.808483-04:00,propline_free_sample
2026-09-20,2026-09-20 18:15:00+00:00,Jake Irvin,2.5,over,100,prizepicks,218697,St. Louis Cardinals,Washington Nationals,2026-09-20T03:35:31.641857+00:00,2026-09-20T20:59:24.808483+00:00,2026-09-20T16:59:24.808483-04:00,2026-09-20T16:59:24.808483-04:00,propline_free_sample
2026-09-20,2026-09-20 18:15:00+00:00,Quinn Mathews,4.5,over,100,prizepicks,218697,St. Louis Cardinals,Washington Nationals,2026-09-20T03:35:31.641857+00:00,2026-09-20T20:59:24.808483+00:00,2026-09-20T16:59:24.808483-04:00,2026-09-20T16:59:24.808483-04:00,propline_free_sample
2026-09-20,2026-09-20 18:15:00+00:00,Jake Irvin,0.5,over,-9000,hardrock,218697,St. Louis Cardinals,Washington Nationals,2026-09-20T14:42:46.318958+00:00,2026-09-20T20:59:24.808483+00:00,2026-09-20T16:59:24.808483-04:00,2026-09-20T16:59:24.808483-04:00,propline_free_sample
2026-09-20,2026-09-20 18:15:00+00:00,Jake Irvin,0.5,under,2250,hardrock,218697,St. Louis Cardinals,Washington Nationals,2026-09-20T14:42:46.318958+00:00,2026-09-20T20:59:24.808483+00:00,2026-09-20T16:59:24.808483-04:00,2026-09-20T16:59:24.808483-04:00,propline_free_sample
2026-09-20,2026-09-20 18:15:00+00:00,Jake Irvin,1.5,over,-1600,hardrock,218697,St. Louis Cardinals,Washington Nationals,2026-09-20T14:39:11.277553+00:00,2026-09-20T20:59:24.808483+00:00,2026-09-20T16:59:24.808483-04:00,2026-09-20T16:59:24.808483-04:00,propline_free_sample
2026-09-20,2026-09-20 18:15:00+00:00,Jake Irvin,1.5,under,550,hardrock,218697,St. Louis Cardinals,Washington Nationals,2026-09-20T14:42:46.318958+00:00,2026-09-20T20:59:24.808483+00:00,2026-09-20T16:59:24.808483-04:00,2026-09-20T16:59:24.808483-04:00,propline_free_sample
2026-09-20,2026-09-20 18:15:00+00:00,Jake Irvin,2.5,over,-3000,hardrock,218697,St. Louis Cardinals,Washington Nationals,2026-09-20T16:28:11.218864+00:00,2026-09-20T20:59:24.808483+00:00,2026-09-20T16:59:24.808483-04:00,2026-09-20T16:59:24.808483-04:00,propline_free_sample
2026-09-20,2026-09-20 18:15:00+00:00,Jake Irvin,2.5,under,750,hardrock,218697,St. Louis Cardinals,Washington Nationals,2026-09-20T16:34:49.407020+00:00,2026-09-20T20:59:24.808483+00:00,2026-09-20T16:59:24.808483-04:00,2026-09-20T16:59:24.808483-04:00,propline_free_sample
2026-09-20,2026-09-20 18:15:00+00:00,Jake Irvin,3.5,over,-500,hardrock,218697,St. Louis Cardinals,Washington Nationals,2026-09-20T16:09:41.469478+00:00,2026-09-20T20:59:24.808483+00:00,2026-09-20T16:59:24.808483-04:00,2026-09-20T16:59:24.808483-04:00,propline_free_sample
2026-09-20,2026-09-20 18:15:00+00:00,Jake Irvin,3.5,under,300,hardrock,218697,St. Louis Cardinals,Washington Nationals,2026-09-20T16:09:41.469478+00:00,2026-09-20T20:59:24.808483+00:00,2026-09-20T16:59:24.808483-04:00,2026-09-20T16:59:24.808483-04:00,propline_free_sample
2026-09-20,2026-09-20 18:15:00+00:00,Jake Irvin,4.5,over,-160,hardrock,218697,St. Louis Cardinals,Washington Nationals,2026-09-20T16:54:23.528516+00:00,2026-09-20T20:59:24.808483+00:00,2026-09-20T16:59:24.808483-04:00,2026-09-20T16:59:24.808483-04:00,propline_free_sample
2026-09-20,2026-09-20 18:15:00+00:00,Jake Irvin,4.5,under,110,hardrock,218697,St. Louis Cardinals,Washington Nationals,2026-09-20T16:34:49.407020+00:00,2026-09-20T20:59:24.808483+00:00,2026-09-20T16:59:24.808483-04:00,2026-09-20T16:59:24.808483-04:00,propline_free_sample
2026-09-20,2026-09-20 18:15:00+00:00,Jake Irvin,5.5,over,-1400,hardrock,218697,St. Louis Cardinals,Washington Nationals,2026-09-20T16:34:49.407020+00:00,2026-09-20T20:59:24.808483+00:00,2026-09-20T16:59:24.808483-04:00,2026-09-20T16:59:24.808483-04:00,propline_free_sample
2026-09-20,2026-09-20 18:15:00+00:00,Jake Irvin,5.5,under,500,hardrock,218697,St. Louis Cardinals,Washington Nationals,2026-09-20T16:34:49.407020+00:00,2026-09-20T20:59:24.808483+00:00,2026-09-20T16:59:24.808483-04:00,2026-09-20T16:59:24.808483-04:00,propline_free_sample
2026-09-20,2026-09-20 18:15:00+00:00,Jake Irvin,6.5,over,-550,hardrock,218697,St. Louis Cardinals,Washington Nationals,2026-09-20T16:44:44.194228+00:00,2026-09-20T20:59:24.808483+00:00,2026-09-20T16:59:24.808483-04:00,2026-09-20T16:59:24.808483-04:00,propline_free_sample
2026-09-20,2026-09-20 18:15:00+00:00,Jake Irvin,6.5,under,300,hardrock,218697,St. Louis Cardinals,Washington Nationals,2026-09-20T16:44:44.194228+00:00,2026-09-20T20:59:24.808483+00:00,2026-09-20T16:59:24.808483-04:00,2026-09-20T16:59:24.808483-04:00,propline_free_sample
2026-09-20,2026-09-20 18:15:00+00:00,Jake Irvin,7.5,over,-110,hardrock,218697,St. Louis Cardinals,Washington Nationals,2026-09-20T14:42:46.318958+00:00,2026-09-20T20:59:24.808483+00:00,2026-09-20T16:59:24.808483-04:00,2026-09-20T16:59:24.808483-04:00,propline_free_sample
2026-09-20,2026-09-20 18:15:00+00:00,Jake Irvin,7.5,under,-130,hardrock,218697,St. Louis Cardinals,Washington Nationals,2026-09-20T17:49:42.254714+00:00,2026-09-20T20:59:24.808483+00:00,2026-09-20T16:59:24.808483-04:00,2026-09-20T16:59:24.808483-04:00,propline_free_sample
2026-09-20,2026-09-20 18:15:00+00:00,Quinn Mathews,1.5,over,-1400,hardrock,218697,St. Louis Cardinals,Washington Nationals,2026-09-20T17:54:19.611372+00:00,2026-09-20T20:59:24.808483+00:00,2026-09-20T16:59:24.808483-04:00,2026-09-20T16:59:24.808483-04:00,propline_free_sample
2026-09-20,2026-09-20 18:15:00+00:00,Quinn Mathews,1.5,under,525,hardrock,218697,St. Louis Cardinals,Washington Nationals,2026-09-20T16:49:00.034456+00:00,2026-09-20T20:59:24.808483+00:00,2026-09-20T16:59:24.808483-04:00,2026-09-20T16:59:24.808483-04:00,propline_free_sample
2026-09-20,2026-09-20 18:15:00+00:00,Quinn Mathews,10.5,over,5000,hardrock,218697,St. Louis Cardinals,Washington Nationals,2026-09-20T17:11:56.187378+00:00,2026-09-20T20:59:24.808483+00:00,2026-09-20T16:59:24.808483-04:00,2026-09-20T16:59:24.808483-04:00,propline_free_sample
2026-09-20,2026-09-20 18:15:00+00:00,Quinn Mathews,10.5,under,-100000,hardrock,218697,St. Louis Cardinals,Washington Nationals,2026-09-20T17:11:56.187378+00:00,2026-09-20T20:59:24.808483+00:00,2026-09-20T16:59:24.808483-04:00,2026-09-20T16:59:24.808483-04:00,propline_free_sample
2026-09-20,2026-09-20 18:15:00+00:00,Quinn Mathews,2.5,over,-240,hardrock,218697,St. Louis Cardinals,Washington Nationals,2026-09-20T16:58:48.774963+00:00,2026-09-20T20:59:24.808483+00:00,2026-09-20T16:59:24.808483-04:00,2026-09-20T16:59:24.808483-04:00,propline_free_sample
2026-09-20,2026-09-20 18:15:00+00:00,Quinn Mathews,2.5,under,160,hardrock,218697,St. Louis Cardinals,Washington Nationals,2026-09-20T16:49:00.034456+00:00,2026-09-20T20:59:24.808483+00:00,2026-09-20T16:59:24.808483-04:00,2026-09-20T16:59:24.808483-04:00,propline_free_sample
2026-09-20,2026-09-20 18:15:00+00:00,Quinn Mathews,3.5,over,130,hardrock,218697,St. Louis Cardinals,Washington Nationals,2026-09-20T16:49:00.034456+00:00,2026-09-20T20:59:24.808483+00:00,2026-09-20T16:59:24.808483-04:00,2026-09-20T16:59:24.808483-04:00,propline_free_sample
2026-09-20,2026-09-20 18:15:00+00:00,Quinn Mathews,3.5,under,-190,hardrock,218697,St. Louis Cardinals,Washington Nationals,2026-09-20T17:11:56.187378+00:00,2026-09-20T20:59:24.808483+00:00,2026-09-20T16:59:24.808483-04:00,2026-09-20T16:59:24.808483-04:00,propline_free_sample
2026-09-20,2026-09-20 18:15:00+00:00,Quinn Mathews,4.5,over,350,hardrock,218697,St. Louis Cardinals,Washington Nationals,2026-09-20T16:49:00.034456+00:00,2026-09-20T20:59:24.808483+00:00,2026-09-20T16:59:24.808483-04:00,2026-09-20T16:59:24.808483-04:00,propline_free_sample
2026-09-20,2026-09-20 18:15:00+00:00,Quinn Mathews,4.5,under,-650,hardrock,218697,St. Louis Cardinals,Washington Nationals,2026-09-20T16:49:00.034456+00:00,2026-09-20T20:59:24.808483+00:00,2026-09-20T16:59:24.808483-04:00,2026-09-20T16:59:24.808483-04:00,propline_free_sample
2026-09-20,2026-09-20 18:15:00+00:00,Quinn Mathews,5.5,over,800,hardrock,218697,St. Louis Cardinals,Washington Nationals,2026-09-20T17:54:19.611372+00:00,2026-09-20T20:59:24.808483+00:00,2026-09-20T16:59:24.808483-04:00,2026-09-20T16:59:24.808483-04:00,propline_free_sample
2026-09-20,2026-09-20 18:15:00+00:00,Quinn Mathews,5.5,under,-4000,hardrock,218697,St. Louis Cardinals,Washington Nationals,2026-09-20T17:54:19.611372+00:00,2026-09-20T20:59:24.808483+00:00,2026-09-20T16:59:24.808483-04:00,2026-09-20T16:59:24.808483-04:00,propline_free_sample
2026-09-20,2026-09-20 18:15:00+00:00,Quinn Mathews,6.5,over,2500,hardrock,218697,St. Louis Cardinals,Washington Nationals,2026-09-20T16:49:00.034456+00:00,2026-09-20T20:59:24.808483+00:00,2026-09-20T16:59:24.808483-04:00,2026-09-20T16:59:24.808483-04:00,propline_free_sample
2026-09-20,2026-09-20 18:15:00+00:00,Quinn Mathews,6.5,under,-20000,hardrock,218697,St. Louis Cardinals,Washington Nationals,2026-09-20T16:49:00.034456+00:00,2026-09-20T20:59:24.808483+00:00,2026-09-20T16:59:24.808483-04:00,2026-09-20T16:59:24.808483-04:00,propline_free_sample
2026-09-20,2026-09-20 18:15:00+00:00,Quinn Mathews,7.5,over,2500,hardrock,218697,St. Louis Cardinals,Washington Nationals,2026-09-20T16:49:00.034456+00:00,2026-09-20T20:59:24.808483+00:00,2026-09-20T16:59:24.808483-04:00,2026-09-20T16:59:24.808483-04:00,propline_free_sample
2026-09-20,2026-09-20 18:15:00+00:00,Quinn Mathews,7.5,under,-20000,hardrock,218697,St. Louis Cardinals,Washington Nationals,2026-09-20T16:49:00.034456+00:00,2026-09-20T20:59:24.808483+00:00,2026-09-20T16:59:24.808483-04:00,2026-09-20T16:59:24.808483-04:00,propline_free_sample
2026-09-20,2026-09-20 18:15:00+00:00,Quinn Mathews,8.5,over,2000,hardrock,218697,St. Louis Cardinals,Washington Nationals,2026-09-20T16:49:00.034456+00:00,2026-09-20T20:59:24.808483+00:00,2026-09-20T16:59:24.808483-04:00,2026-09-20T16:59:24.808483-04:00,propline_free_sample
2026-09-20,2026-09-20 18:15:00+00:00,Quinn Mathews,8.5,under,-10000,hardrock,218697,St. Louis Cardinals,Washington Nationals,2026-09-20T16:23:23.981232+00:00,2026-09-20T20:59:24.808483+00:00,2026-09-20T16:59:24.808483-04:00,2026-09-20T16:59:24.808483-04:00,propline_free_sample
2026-09-20,2026-09-20 18:15:00+00:00,Quinn Mathews,9.5,over,3000,hardrock,218697,St. Louis Cardinals,Washington Nationals,2026-09-20T16:46:20.838031+00:00,2026-09-20T20:59:24.808483+00:00,2026-09-20T16:59:24.808483-04:00,2026-09-20T16:59:24.808483-04:00,propline_free_sample
2026-09-20,2026-09-20 18:15:00+00:00,Quinn Mathews,9.5,under,-20000,hardrock,218697,St. Louis Cardinals,Washington Nationals,2026-09-20T16:49:00.034456+00:00,2026-09-20T20:59:24.808483+00:00,2026-09-20T16:59:24.808483-04:00,2026-09-20T16:59:24.808483-04:00,propline_free_sample
2026-09-20,2026-09-20 18:15:00+00:00,Jake Irvin,3.5,over,-115,onexbet,218697,St. Louis Cardinals,Washington Nationals,2026-09-20T18:01:55.423642+00:00,2026-09-20T20:59:24.808483+00:00,2026-09-20T16:59:24.808483-04:00,2026-09-20T16:59:24.808483-04:00,propline_free_sample
2026-09-20,2026-09-20 18:15:00+00:00,Quinn Matthews,5.5,over,100,onexbet,218697,St. Louis Cardinals,Washington Nationals,2026-09-20T09:01:18.501439+00:00,2026-09-20T20:59:24.808483+00:00,2026-09-20T16:59:24.808483-04:00,2026-09-20T16:59:24.808483-04:00,propline_free_sample
2026-09-20,2026-09-20 18:15:00+00:00,Jake Irvin,3.5,under,-130,onexbet,218697,St. Louis Cardinals,Washington Nationals,2026-09-20T18:01:55.423642+00:00,2026-09-20T20:59:24.808483+00:00,2026-09-20T16:59:24.808483-04:00,2026-09-20T16:59:24.808483-04:00,propline_free_sample
2026-09-20,2026-09-20 18:15:00+00:00,Quinn Matthews,5.5,under,-135,onexbet,218697,St. Louis Cardinals,Washington Nationals,2026-09-20T09:01:18.501439+00:00,2026-09-20T20:59:24.808483+00:00,2026-09-20T16:59:24.808483-04:00,2026-09-20T16:59:24.808483-04:00,propline_free_sample
2026-09-20,2026-09-20 18:15:00+00:00,Quinn Mathews,6.5,under,100,prizepicks,218697,St. Louis Cardinals,Washington Nationals,2026-09-20T03:43:35.332237+00:00,2026-09-20T20:59:24.808483+00:00,2026-09-20T16:59:24.808483-04:00,2026-09-20T16:59:24.808483-04:00,propline_free_sample
2026-09-20,2026-09-20 18:15:00+00:00,Quinn Mathews,3.5,under,100,prizepicks,218697,St. Louis Cardinals,Washington Nationals,2026-09-20T03:43:35.332237+00:00,2026-09-20T20:59:24.808483+00:00,2026-09-20T16:59:24.808483-04:00,2026-09-20T16:59:24.808483-04:00,propline_free_sample
2026-09-20,2026-09-20 18:15:00+00:00,Jake Irvin,4.5,under,100,prizepicks,218697,St. Louis Cardinals,Washington Nationals,2026-09-20T03:43:35.332237+00:00,2026-09-20T20:59:24.808483+00:00,2026-09-20T16:59:24.808483-04:00,2026-09-20T16:59:24.808483-04:00,propline_free_sample
2026-09-20,2026-09-20 18:15:00+00:00,Jake Irvin,5.5,under,100,prizepicks,218697,St. Louis Cardinals,Washington Nationals,2026-09-20T03:43:35.332237+00:00,2026-09-20T20:59:24.808483+00:00,2026-09-20T16:59:24.808483-04:00,2026-09-20T16:59:24.808483-04:00,propline_free_sample
2026-09-20,2026-09-20 18:15:00+00:00,Quinn Mathews,7.5,under,100,prizepicks,218697,St. Louis Cardinals,Washington Nationals,2026-09-20T03:43:35.332237+00:00,2026-09-20T20:59:24.808483+00:00,2026-09-20T16:59:24.808483-04:00,2026-09-20T16:59:24.808483-04:00,propline_free_sample
2026-09-20,2026-09-20 18:15:00+00:00,Jake Irvin,2.5,under,100,prizepicks,218697,St. Louis Cardinals,Washington Nationals,2026-09-20T03:43:35.332237+00:00,2026-09-20T20:59:24.808483+00:00,2026-09-20T16:59:24.808483-04:00,2026-09-20T16:59:24.808483-04:00,propline_free_sample
2026-09-20,2026-09-20 18:15:00+00:00,Quinn Mathews,4.5,under,100,prizepicks,218697,St. Louis Cardinals,Washington Nationals,2026-09-20T03:43:35.332237+00:00,2026-09-20T20:59:24.808483+00:00,2026-09-20T16:59:24.808483-04:00,2026-09-20T16:59:24.808483-04:00,propline_free_sample
2026-09-20,2026-09-20 18:15:00+00:00,Jake Irvin,1.5,over,100,prizepicks,218697,St. Louis Cardinals,Washington Nationals,2026-09-20T03:43:35.332237+00:00,2026-09-20T20:59:24.808483+00:00,2026-09-20T16:59:24.808483-04:00,2026-09-20T16:59:24.808483-04:00,propline_free_sample
2026-09-20,2026-09-20 18:15:00+00:00,Jake Irvin,1.5,under,100,prizepicks,218697,St. Louis Cardinals,Washington Nationals,2026-09-20T03:43:35.332237+00:00,2026-09-20T20:59:24.808483+00:00,2026-09-20T16:59:24.808483-04:00,2026-09-20T16:59:24.808483-04:00,propline_free_sample
2026-09-20,2026-09-20 18:15:00+00:00,Quinn Mathews,5.5,over,109,prophetx,218697,St. Louis Cardinals,Washington Nationals,2026-09-20T17:11:32.281425+00:00,2026-09-20T20:59:24.808483+00:00,2026-09-20T16:59:24.808483-04:00,2026-09-20T16:59:24.808483-04:00,propline_free_sample
2026-09-20,2026-09-20 18:15:00+00:00,Quinn Mathews,5.5,under,-146,prophetx,218697,St. Louis Cardinals,Washington Nationals,2026-09-20T17:34:06.522467+00:00,2026-09-20T20:59:24.808483+00:00,2026-09-20T16:59:24.808483-04:00,2026-09-20T16:59:24.808483-04:00,propline_free_sample
2026-09-20,2026-09-20 18:15:00+00:00,Jake Irvin,3.5,over,-130,prophetx,218697,St. Louis Cardinals,Washington Nationals,2026-09-20T17:40:33.998628+00:00,2026-09-20T20:59:24.808483+00:00,2026-09-20T16:59:24.808483-04:00,2026-09-20T16:59:24.808483-04:00,propline_free_sample
2026-09-20,2026-09-20 18:15:00+00:00,Jake Irvin,3.5,under,125,prophetx,218697,St. Louis Cardinals,Washington Nationals,2026-09-20T18:00:10.609808+00:00,2026-09-20T20:59:24.808483+00:00,2026-09-20T16:59:24.808483-04:00,2026-09-20T16:59:24.808483-04:00,propline_free_sample
2026-09-20,2026-09-20 18:15:00+00:00,Jake Irvin,1.5,over,-4900,kalshi,218697,St. Louis Cardinals,Washington Nationals,2026-09-20T16:27:15.390939+00:00,2026-09-20T20:59:24.808483+00:00,2026-09-20T16:59:24.808483-04:00,2026-09-20T16:59:24.808483-04:00,propline_free_sample
2026-09-20,2026-09-20 18:15:00+00:00,Jake Irvin,2.5,over,-2400,kalshi,218697,St. Louis Cardinals,Washington Nationals,2026-09-20T17:50:48.111653+00:00,2026-09-20T20:59:24.808483+00:00,2026-09-20T16:59:24.808483-04:00,2026-09-20T16:59:24.808483-04:00,propline_free_sample
2026-09-20,2026-09-20 18:15:00+00:00,Quinn Mathews,2.5,over,-9900,kalshi,218697,St. Louis Cardinals,Washington Nationals,2026-09-20T16:06:46.975132+00:00,2026-09-20T20:59:24.808483+00:00,2026-09-20T16:59:24.808483-04:00,2026-09-20T16:59:24.808483-04:00,propline_free_sample
2026-09-20,2026-09-20 18:15:00+00:00,Jake Irvin,3.5,over,-4900,kalshi,218697,St. Louis Cardinals,Washington Nationals,2026-09-20T18:06:23.586525+00:00,2026-09-20T20:59:24.808483+00:00,2026-09-20T16:59:24.808483-04:00,2026-09-20T16:59:24.808483-04:00,propline_free_sample
2026-09-20,2026-09-20 18:15:00+00:00,Quinn Mathews,3.5,over,9900,kalshi,218697,St. Louis Cardinals,Washington Nationals,2026-09-20T18:12:12.659600+00:00,2026-09-20T20:59:24.808483+00:00,2026-09-20T16:59:24.808483-04:00,2026-09-20T16:59:24.808483-04:00,propline_free_sample
2026-09-20,2026-09-20 18:15:00+00:00,Jake Irvin,4.5,over,-223,kalshi,218697,St. Louis Cardinals,Washington Nationals,2026-09-20T16:25:56.955742+00:00,2026-09-20T20:59:24.808483+00:00,2026-09-20T16:59:24.808483-04:00,2026-09-20T16:59:24.808483-04:00,propline_free_sample
2026-09-20,2026-09-20 18:15:00+00:00,Quinn Mathews,4.5,over,9900,kalshi,218697,St. Louis Cardinals,Washington Nationals,2026-09-20T18:07:31.832478+00:00,2026-09-20T20:59:24.808483+00:00,2026-09-20T16:59:24.808483-04:00,2026-09-20T16:59:24.808483-04:00,propline_free_sample
2026-09-20,2026-09-20 18:15:00+00:00,Jake Irvin,5.5,over,-567,kalshi,218697,St. Louis Cardinals,Washington Nationals,2026-09-20T17:18:03.941296+00:00,2026-09-20T20:59:24.808483+00:00,2026-09-20T16:59:24.808483-04:00,2026-09-20T16:59:24.808483-04:00,propline_free_sample
2026-09-20,2026-09-20 18:15:00+00:00,Quinn Mathews,5.5,over,9900,kalshi,218697,St. Louis Cardinals,Washington Nationals,2026-09-20T16:50:51.378835+00:00,2026-09-20T20:59:24.808483+00:00,2026-09-20T16:59:24.808483-04:00,2026-09-20T16:59:24.808483-04:00,propline_free_sample
2026-09-20,2026-09-20 18:15:00+00:00,Jake Irvin,6.5,over,-376,kalshi,218697,St. Louis Cardinals,Washington Nationals,2026-09-20T18:04:44.989615+00:00,2026-09-20T20:59:24.808483+00:00,2026-09-20T16:59:24.808483-04:00,2026-09-20T16:59:24.808483-04:00,propline_free_sample
2026-09-20,2026-09-20 18:15:00+00:00,Quinn Mathews,6.5,over,9900,kalshi,218697,St. Louis Cardinals,Washington Nationals,2026-09-20T16:54:06.366589+00:00,2026-09-20T20:59:24.808483+00:00,2026-09-20T16:59:24.808483-04:00,2026-09-20T16:59:24.808483-04:00,propline_free_sample
2026-09-20,2026-09-20 18:15:00+00:00,Quinn Mathews,7.5,over,9900,kalshi,218697,St. Louis Cardinals,Washington Nationals,2026-09-20T17:10:59.962990+00:00,2026-09-20T20:59:24.808483+00:00,2026-09-20T16:59:24.808483-04:00,2026-09-20T16:59:24.808483-04:00,propline_free_sample
2026-09-20,2026-09-20 18:15:00+00:00,Quinn Mathews,7.5,under,-9900,kalshi,218697,St. Louis Cardinals,Washington Nationals,2026-09-20T18:14:33.652582+00:00,2026-09-20T20:59:24.808483+00:00,2026-09-20T16:59:24.808483-04:00,2026-09-20T16:59:24.808483-04:00,propline_free_sample
2026-09-20,2026-09-20 18:15:00+00:00,Quinn Mathews,8.5,over,9900,kalshi,218697,St. Louis Cardinals,Washington Nationals,2026-09-20T16:29:13.967661+00:00,2026-09-20T20:59:24.808483+00:00,2026-09-20T16:59:24.808483-04:00,2026-09-20T16:59:24.808483-04:00,propline_free_sample
2026-09-20,2026-09-20 18:15:00+00:00,Quinn Mathews,0.5,over,-50000,hardrock,218697,St. Louis Cardinals,Washington Nationals,2026-09-20T10:02:34.683485+00:00,2026-09-20T20:59:24.808483+00:00,2026-09-20T16:59:24.808483-04:00,2026-09-20T16:59:24.808483-04:00,propline_free_sample
2026-09-20,2026-09-20 18:15:00+00:00,Quinn Mathews,0.5,under,3000,hardrock,218697,St. Louis Cardinals,Washington Nationals,2026-09-20T03:56:06.096451+00:00,2026-09-20T20:59:24.808483+00:00,2026-09-20T16:59:24.808483-04:00,2026-09-20T16:59:24.808483-04:00,propline_free_sample
2026-09-20,2026-09-20 18:15:00+00:00,Jake Irvin,3.5,under,9900,kalshi,218697,St. Louis Cardinals,Washington Nationals,2026-09-20T18:04:44.989615+00:00,2026-09-20T20:59:24.808483+00:00,2026-09-20T16:59:24.808483-04:00,2026-09-20T16:59:24.808483-04:00,propline_free_sample
2026-09-20,2026-09-20 18:15:00+00:00,Quinn Mathews,5.5,under,-9900,kalshi,218697,St. Louis Cardinals,Washington Nationals,2026-09-20T17:10:59.962990+00:00,2026-09-20T20:59:24.808483+00:00,2026-09-20T16:59:24.808483-04:00,2026-09-20T16:59:24.808483-04:00,propline_free_sample
2026-09-20,2026-09-20 18:15:00+00:00,Quinn Mathews,5.5,over,108,novig,218697,St. Louis Cardinals,Washington Nationals,2026-09-20T17:30:35.481387+00:00,2026-09-20T20:59:24.808483+00:00,2026-09-20T16:59:24.808483-04:00,2026-09-20T16:59:24.808483-04:00,propline_free_sample
2026-09-20,2026-09-20 18:15:00+00:00,Quinn Mathews,5.5,under,-257,novig,218697,St. Louis Cardinals,Washington Nationals,2026-09-20T16:36:02.995385+00:00,2026-09-20T20:59:24.808483+00:00,2026-09-20T16:59:24.808483-04:00,2026-09-20T16:59:24.808483-04:00,propline_free_sample
2026-09-20,2026-09-20 18:15:00+00:00,Jake Irvin,4.5,under,9900,kalshi,218697,St. Louis Cardinals,Washington Nationals,2026-09-20T17:29:15.681877+00:00,2026-09-20T20:59:24.808483+00:00,2026-09-20T16:59:24.808483-04:00,2026-09-20T16:59:24.808483-04:00,propline_free_sample
2026-09-20,2026-09-20 18:15:00+00:00,Jake Irvin,1.5,under,9900,kalshi,218697,St. Louis Cardinals,Washington Nationals,2026-09-20T16:42:27.593980+00:00,2026-09-20T20:59:24.808483+00:00,2026-09-20T16:59:24.808483-04:00,2026-09-20T16:59:24.808483-04:00,propline_free_sample
2026-09-20,2026-09-20 18:15:00+00:00,Jake Irvin,5.5,under,9900,kalshi,218697,St. Louis Cardinals,Washington Nationals,2026-09-20T18:11:12.530175+00:00,2026-09-20T20:59:24.808483+00:00,2026-09-20T16:59:24.808483-04:00,2026-09-20T16:59:24.808483-04:00,propline_free_sample
2026-09-20,2026-09-20 18:15:00+00:00,Jake Irvin,2.5,under,9900,kalshi,218697,St. Louis Cardinals,Washington Nationals,2026-09-20T18:11:12.530175+00:00,2026-09-20T20:59:24.808483+00:00,2026-09-20T16:59:24.808483-04:00,2026-09-20T16:59:24.808483-04:00,propline_free_sample
2026-09-20,2026-09-20 18:15:00+00:00,Quinn Mathews,3.5,under,-1900,kalshi,218697,St. Louis Cardinals,Washington Nationals,2026-09-20T18:11:12.530175+00:00,2026-09-20T20:59:24.808483+00:00,2026-09-20T16:59:24.808483-04:00,2026-09-20T16:59:24.808483-04:00,propline_free_sample
2026-09-20,2026-09-20 18:15:00+00:00,Quinn Mathews,4.5,under,-4900,kalshi,218697,St. Louis Cardinals,Washington Nationals,2026-09-20T17:11:52.180788+00:00,2026-09-20T20:59:24.808483+00:00,2026-09-20T16:59:24.808483-04:00,2026-09-20T16:59:24.808483-04:00,propline_free_sample
2026-09-20,2026-09-20 18:15:00+00:00,Quinn Mathews,2.5,under,9900,kalshi,218697,St. Louis Cardinals,Washington Nationals,2026-09-20T18:11:12.530175+00:00,2026-09-20T20:59:24.808483+00:00,2026-09-20T16:59:24.808483-04:00,2026-09-20T16:59:24.808483-04:00,propline_free_sample
2026-09-20,2026-09-20 18:15:00+00:00,Quinn Mathews,6.5,under,-9900,kalshi,218697,St. Louis Cardinals,Washington Nationals,2026-09-20T17:46:50.021011+00:00,2026-09-20T20:59:24.808483+00:00,2026-09-20T16:59:24.808483-04:00,2026-09-20T16:59:24.808483-04:00,propline_free_sample
2026-09-20,2026-09-20 18:15:00+00:00,Jake Irvin,3.5,over,-99900,novig,218697,St. Louis Cardinals,Washington Nationals,2026-09-20T17:59:56.331622+00:00,2026-09-20T20:59:24.808483+00:00,2026-09-20T16:59:24.808483-04:00,2026-09-20T16:59:24.808483-04:00,propline_free_sample
2026-09-20,2026-09-20 18:15:00+00:00,Jake Irvin,3.5,under,100,novig,218697,St. Louis Cardinals,Washington Nationals,2026-09-20T18:06:13.028549+00:00,2026-09-20T20:59:24.808483+00:00,2026-09-20T16:59:24.808483-04:00,2026-09-20T16:59:24.808483-04:00,propline_free_sample
2026-09-20,2026-09-20 18:15:00+00:00,Jake Irvin,3.5,over,-426,polymarket_us,218697,St. Louis Cardinals,Washington Nationals,2026-09-20T16:40:08.475597+00:00,2026-09-20T20:59:24.808483+00:00,2026-09-20T16:59:24.808483-04:00,2026-09-20T16:59:24.808483-04:00,propline_free_sample
2026-09-20,2026-09-20 18:15:00+00:00,Jake Irvin,3.5,under,9900,polymarket_us,218697,St. Louis Cardinals,Washington Nationals,2026-09-20T18:08:46.990461+00:00,2026-09-20T20:59:24.808483+00:00,2026-09-20T16:59:24.808483-04:00,2026-09-20T16:59:24.808483-04:00,propline_free_sample
2026-09-20,2026-09-20 18:15:00+00:00,Quinn Mathews,5.5,over,100,prizepicks,218697,St. Louis Cardinals,Washington Nationals,2026-09-20T04:34:52.166086+00:00,2026-09-20T20:59:24.808483+00:00,2026-09-20T16:59:24.808483-04:00,2026-09-20T16:59:24.808483-04:00,propline_free_sample
2026-09-20,2026-09-20 18:15:00+00:00,Quinn Mathews,5.5,under,100,prizepicks,218697,St. Louis Cardinals,Washington Nationals,2026-09-20T04:34:52.166086+00:00,2026-09-20T20:59:24.808483+00:00,2026-09-20T16:59:24.808483-04:00,2026-09-20T16:59:24.808483-04:00,propline_free_sample
2026-09-20,2026-09-20 18:15:00+00:00,Quinn Mathews,2.5,over,100,prizepicks,218697,St. Louis Cardinals,Washington Nationals,2026-09-20T04:34:52.166086+00:00,2026-09-20T20:59:24.808483+00:00,2026-09-20T16:59:24.808483-04:00,2026-09-20T16:59:24.808483-04:00,propline_free_sample
2026-09-20,2026-09-20 18:15:00+00:00,Quinn Mathews,2.5,under,100,prizepicks,218697,St. Louis Cardinals,Washington Nationals,2026-09-20T04:34:52.166086+00:00,2026-09-20T20:59:24.808483+00:00,2026-09-20T16:59:24.808483-04:00,2026-09-20T16:59:24.808483-04:00,propline_free_sample
2026-09-20,2026-09-20 18:15:00+00:00,Jake Irvin,2.5,over,-2400,polymarket_us,218697,St. Louis Cardinals,Washington Nationals,2026-09-20T18:13:12.131814+00:00,2026-09-20T20:59:24.808483+00:00,2026-09-20T16:59:24.808483-04:00,2026-09-20T16:59:24.808483-04:00,propline_free_sample
2026-09-20,2026-09-20 18:15:00+00:00,Jake Irvin,3.5,over,-125,fanduel,218697,St. Louis Cardinals,Washington Nationals,2026-09-20T16:22:47.315687+00:00,2026-09-20T20:59:24.808483+00:00,2026-09-20T16:59:24.808483-04:00,2026-09-20T16:59:24.808483-04:00,propline_free_sample
2026-09-20,2026-09-20 18:15:00+00:00,Jake Irvin,3.5,under,-102,fanduel,218697,St. Louis Cardinals,Washington Nationals,2026-09-20T16:22:47.315687+00:00,2026-09-20T20:59:24.808483+00:00,2026-09-20T16:59:24.808483-04:00,2026-09-20T16:59:24.808483-04:00,propline_free_sample
2026-09-20,2026-09-20 18:15:00+00:00,Quinn Mathews,5.5,over,106,fanduel,218697,St. Louis Cardinals,Washington Nationals,2026-09-20T16:23:08.757126+00:00,2026-09-20T20:59:24.808483+00:00,2026-09-20T16:59:24.808483-04:00,2026-09-20T16:59:24.808483-04:00,propline_free_sample
2026-09-20,2026-09-20 18:15:00+00:00,Quinn Mathews,5.5,under,-136,fanduel,218697,St. Louis Cardinals,Washington Nationals,2026-09-20T16:23:08.757126+00:00,2026-09-20T20:59:24.808483+00:00,2026-09-20T16:59:24.808483-04:00,2026-09-20T16:59:24.808483-04:00,propline_free_sample
2026-09-20,2026-09-20 18:15:00+00:00,Quinn Mathews,5.5,over,9900,polymarket_us,218697,St. Louis Cardinals,Washington Nationals,2026-09-20T16:52:43.497125+00:00,2026-09-20T20:59:24.808483+00:00,2026-09-20T16:59:24.808483-04:00,2026-09-20T16:59:24.808483-04:00,propline_free_sample
2026-09-20,2026-09-20 18:15:00+00:00,Quinn Mathews,5.5,under,-2400,polymarket_us,218697,St. Louis Cardinals,Washington Nationals,2026-09-20T16:54:01.550036+00:00,2026-09-20T20:59:24.808483+00:00,2026-09-20T16:59:24.808483-04:00,2026-09-20T16:59:24.808483-04:00,propline_free_sample
2026-09-20,2026-09-20 18:15:00+00:00,Quinn Mathews,3.5,over,9900,polymarket_us,218697,St. Louis Cardinals,Washington Nationals,2026-09-20T18:00:10.488615+00:00,2026-09-20T20:59:24.808483+00:00,2026-09-20T16:59:24.808483-04:00,2026-09-20T16:59:24.808483-04:00,propline_free_sample
2026-09-20,2026-09-20 18:15:00+00:00,Quinn Mathews,3.5,under,-233,polymarket_us,218697,St. Louis Cardinals,Washington Nationals,2026-09-20T17:02:48.973236+00:00,2026-09-20T20:59:24.808483+00:00,2026-09-20T16:59:24.808483-04:00,2026-09-20T16:59:24.808483-04:00,propline_free_sample
2026-09-20,2026-09-20 18:15:00+00:00,Jake Irvin,2.5,under,9900,polymarket_us,218697,St. Louis Cardinals,Washington Nationals,2026-09-20T18:08:46.990461+00:00,2026-09-20T20:59:24.808483+00:00,2026-09-20T16:59:24.808483-04:00,2026-09-20T16:59:24.808483-04:00,propline_free_sample
2026-09-20,2026-09-20 18:15:00+00:00,Jake Irvin,1.5,over,-809,polymarket_us,218697,St. Louis Cardinals,Washington Nationals,2026-09-20T16:40:08.475597+00:00,2026-09-20T20:59:24.808483+00:00,2026-09-20T16:59:24.808483-04:00,2026-09-20T16:59:24.808483-04:00,propline_free_sample
2026-09-20,2026-09-20 18:15:00+00:00,Jake Irvin,1.5,under,9900,polymarket_us,218697,St. Louis Cardinals,Washington Nationals,2026-09-20T17:11:32.250844+00:00,2026-09-20T20:59:24.808483+00:00,2026-09-20T16:59:24.808483-04:00,2026-09-20T16:59:24.808483-04:00,propline_free_sample
2026-09-20,2026-09-20 18:15:00+00:00,Quinn Mathews,4.5,over,9900,polymarket_us,218697,St. Louis Cardinals,Washington Nationals,2026-09-20T16:56:52.169524+00:00,2026-09-20T20:59:24.808483+00:00,2026-09-20T16:59:24.808483-04:00,2026-09-20T16:59:24.808483-04:00,propline_free_sample
2026-09-20,2026-09-20 18:15:00+00:00,Quinn Mathews,4.5,under,-1900,polymarket_us,218697,St. Louis Cardinals,Washington Nationals,2026-09-20T16:48:37.116597+00:00,2026-09-20T20:59:24.808483+00:00,2026-09-20T16:59:24.808483-04:00,2026-09-20T16:59:24.808483-04:00,propline_free_sample
2026-09-20,2026-09-20 18:15:00+00:00,Jake Irvin,6.5,over,-456,polymarket_us,218697,St. Louis Cardinals,Washington Nationals,2026-09-20T16:26:25.219635+00:00,2026-09-20T20:59:24.808483+00:00,2026-09-20T16:59:24.808483-04:00,2026-09-20T16:59:24.808483-04:00,propline_free_sample
2026-09-20,2026-09-20 18:15:00+00:00,Quinn Mathews,6.5,over,9900,polymarket_us,218697,St. Louis Cardinals,Washington Nationals,2026-09-20T18:13:12.131814+00:00,2026-09-20T20:59:24.808483+00:00,2026-09-20T16:59:24.808483-04:00,2026-09-20T16:59:24.808483-04:00,propline_free_sample
2026-09-20,2026-09-20 18:15:00+00:00,Quinn Mathews,7.5,over,9900,polymarket_us,218697,St. Louis Cardinals,Washington Nationals,2026-09-20T18:13:12.131814+00:00,2026-09-20T20:59:24.808483+00:00,2026-09-20T16:59:24.808483-04:00,2026-09-20T16:59:24.808483-04:00,propline_free_sample
2026-09-20,2026-09-20 18:15:00+00:00,Jake Irvin,7.5,over,-376,polymarket_us,218697,St. Louis Cardinals,Washington Nationals,2026-09-20T17:45:11.475830+00:00,2026-09-20T20:59:24.808483+00:00,2026-09-20T16:59:24.808483-04:00,2026-09-20T16:59:24.808483-04:00,propline_free_sample
2026-09-20,2026-09-20 18:15:00+00:00,Quinn Mathews,6.5,under,-1567,polymarket_us,218697,St. Louis Cardinals,Washington Nationals,2026-09-20T16:48:37.116597+00:00,2026-09-20T20:59:24.808483+00:00,2026-09-20T16:59:24.808483-04:00,2026-09-20T16:59:24.808483-04:00,propline_free_sample
2026-09-20,2026-09-20 18:15:00+00:00,Quinn Mathews,4.5,over,-285,novig,218697,St. Louis Cardinals,Washington Nationals,2026-09-20T17:40:14.553121+00:00,2026-09-20T20:59:24.808483+00:00,2026-09-20T16:59:24.808483-04:00,2026-09-20T16:59:24.808483-04:00,propline_free_sample
2026-09-20,2026-09-20 18:15:00+00:00,Quinn Mathews,4.5,under,-99900,novig,218697,St. Louis Cardinals,Washington Nationals,2026-09-20T17:18:19.574100+00:00,2026-09-20T20:59:24.808483+00:00,2026-09-20T16:59:24.808483-04:00,2026-09-20T16:59:24.808483-04:00,propline_free_sample
2026-09-20,2026-09-20 18:15:00+00:00,Jake Irvin,3.5,over,-136,rebet,218697,St. Louis Cardinals,Washington Nationals,2026-09-20T14:34:10.431854+00:00,2026-09-20T20:59:24.808483+00:00,2026-09-20T16:59:24.808483-04:00,2026-09-20T16:59:24.808483-04:00,propline_free_sample
2026-09-20,2026-09-20 18:15:00+00:00,Jake Irvin,3.5,under,-101,rebet,218697,St. Louis Cardinals,Washington Nationals,2026-09-20T14:34:10.431854+00:00,2026-09-20T20:59:24.808483+00:00,2026-09-20T16:59:24.808483-04:00,2026-09-20T16:59:24.808483-04:00,propline_free_sample
2026-09-20,2026-09-20 18:15:00+00:00,Quinn Mathews,5.5,over,-101,rebet,218697,St. Louis Cardinals,Washington Nationals,2026-09-20T16:55:26.137504+00:00,2026-09-20T20:59:24.808483+00:00,2026-09-20T16:59:24.808483-04:00,2026-09-20T16:59:24.808483-04:00,propline_free_sample
2026-09-20,2026-09-20 18:15:00+00:00,Quinn Mathews,5.5,under,-136,rebet,218697,St. Louis Cardinals,Washington Nationals,2026-09-20T16:55:26.137504+00:00,2026-09-20T20:59:24.808483+00:00,2026-09-20T16:59:24.808483-04:00,2026-09-20T16:59:24.808483-04:00,propline_free_sample
2026-09-20,2026-09-20 18:15:00+00:00,Jake Irvin,3.5,over,-129,pinnacle,218697,St. Louis Cardinals,Washington Nationals,2026-09-20T14:39:30.203576+00:00,2026-09-20T20:59:24.808483+00:00,2026-09-20T16:59:24.808483-04:00,2026-09-20T16:59:24.808483-04:00,propline_free_sample
2026-09-20,2026-09-20 18:15:00+00:00,Jake Irvin,3.5,under,-103,pinnacle,218697,St. Louis Cardinals,Washington Nationals,2026-09-20T14:39:30.203576+00:00,2026-09-20T20:59:24.808483+00:00,2026-09-20T16:59:24.808483-04:00,2026-09-20T16:59:24.808483-04:00,propline_free_sample
2026-09-20,2026-09-20 18:15:00+00:00,Quinn Mathews,5.5,over,-109,pinnacle,218697,St. Louis Cardinals,Washington Nationals,2026-09-20T17:10:32.402782+00:00,2026-09-20T20:59:24.808483+00:00,2026-09-20T16:59:24.808483-04:00,2026-09-20T16:59:24.808483-04:00,propline_free_sample
2026-09-20,2026-09-20 18:15:00+00:00,Quinn Mathews,5.5,under,-121,pinnacle,218697,St. Louis Cardinals,Washington Nationals,2026-09-20T17:10:32.402782+00:00,2026-09-20T20:59:24.808483+00:00,2026-09-20T16:59:24.808483-04:00,2026-09-20T16:59:24.808483-04:00,propline_free_sample
2026-09-20,2026-09-20 18:15:00+00:00,Jake Irvin,2.5,over,-99900,novig,218697,St. Louis Cardinals,Washington Nationals,2026-09-20T16:41:27.760131+00:00,2026-09-20T20:59:24.808483+00:00,2026-09-20T16:59:24.808483-04:00,2026-09-20T16:59:24.808483-04:00,propline_free_sample
2026-09-20,2026-09-20 18:15:00+00:00,Jake Irvin,2.5,under,233,novig,218697,St. Louis Cardinals,Washington Nationals,2026-09-20T18:08:35.926495+00:00,2026-09-20T20:59:24.808483+00:00,2026-09-20T16:59:24.808483-04:00,2026-09-20T16:59:24.808483-04:00,propline_free_sample
2026-09-20,2026-09-20 18:15:00+00:00,Jake Irvin,8.5,over,100,prizepicks,218697,St. Louis Cardinals,Washington Nationals,2026-09-20T06:19:54.303662+00:00,2026-09-20T20:59:24.808483+00:00,2026-09-20T16:59:24.808483-04:00,2026-09-20T16:59:24.808483-04:00,propline_free_sample
2026-09-20,2026-09-20 18:15:00+00:00,Quinn Mathews,8.5,under,-9900,kalshi,218697,St. Louis Cardinals,Washington Nationals,2026-09-20T18:11:12.530175+00:00,2026-09-20T20:59:24.808483+00:00,2026-09-20T16:59:24.808483-04:00,2026-09-20T16:59:24.808483-04:00,propline_free_sample
2026-09-20,2026-09-20 18:15:00+00:00,Quinn Mathews,7.5,under,-2400,polymarket_us,218697,St. Louis Cardinals,Washington Nationals,2026-09-20T18:13:12.131814+00:00,2026-09-20T20:59:24.808483+00:00,2026-09-20T16:59:24.808483-04:00,2026-09-20T16:59:24.808483-04:00,propline_free_sample
2026-09-20,2026-09-20 18:15:00+00:00,Jake Irvin,6.5,under,9900,polymarket_us,218697,St. Louis Cardinals,Washington Nationals,2026-09-20T17:08:35.840462+00:00,2026-09-20T20:59:24.808483+00:00,2026-09-20T16:59:24.808483-04:00,2026-09-20T16:59:24.808483-04:00,propline_free_sample
2026-09-20,2026-09-20 18:15:00+00:00,Jake Irvin,3.5,over,105,betmgm,218697,St. Louis Cardinals,Washington Nationals,2026-09-20T11:23:31.902995+00:00,2026-09-20T20:59:24.808483+00:00,2026-09-20T16:59:24.808483-04:00,2026-09-20T16:59:24.808483-04:00,propline_free_sample
2026-09-20,2026-09-20 18:15:00+00:00,Jake Irvin,3.5,under,-140,betmgm,218697,St. Louis Cardinals,Washington Nationals,2026-09-20T11:23:31.902995+00:00,2026-09-20T20:59:24.808483+00:00,2026-09-20T16:59:24.808483-04:00,2026-09-20T16:59:24.808483-04:00,propline_free_sample
2026-09-20,2026-09-20 18:15:00+00:00,Quinn Mathews,3.5,over,100,betmgm,218697,St. Louis Cardinals,Washington Nationals,2026-09-20T16:10:55.493986+00:00,2026-09-20T20:59:24.808483+00:00,2026-09-20T16:59:24.808483-04:00,2026-09-20T16:59:24.808483-04:00,propline_free_sample
2026-09-20,2026-09-20 18:15:00+00:00,Quinn Mathews,3.5,under,-135,betmgm,218697,St. Louis Cardinals,Washington Nationals,2026-09-20T16:10:55.493986+00:00,2026-09-20T20:59:24.808483+00:00,2026-09-20T16:59:24.808483-04:00,2026-09-20T16:59:24.808483-04:00,propline_free_sample
2026-09-20,2026-09-20 18:15:00+00:00,Quinn Mathews,10.5,over,100,prizepicks,218697,St. Louis Cardinals,Washington Nationals,2026-09-20T11:31:43.164035+00:00,2026-09-20T20:59:24.808483+00:00,2026-09-20T16:59:24.808483-04:00,2026-09-20T16:59:24.808483-04:00,propline_free_sample
2026-09-20,2026-09-20 18:15:00+00:00,Jake Irvin,4.5,over,-3025,novig,218697,St. Louis Cardinals,Washington Nationals,2026-09-20T18:08:35.926495+00:00,2026-09-20T20:59:24.808483+00:00,2026-09-20T16:59:24.808483-04:00,2026-09-20T16:59:24.808483-04:00,propline_free_sample
2026-09-20,2026-09-20 18:15:00+00:00,Jake Irvin,4.5,under,-99900,novig,218697,St. Louis Cardinals,Washington Nationals,2026-09-20T17:35:53.498609+00:00,2026-09-20T20:59:24.808483+00:00,2026-09-20T16:59:24.808483-04:00,2026-09-20T16:59:24.808483-04:00,propline_free_sample
2026-09-20,2026-09-20 18:15:00+00:00,Quinn Mathews,6.5,over,212,novig,218697,St. Louis Cardinals,Washington Nationals,2026-09-20T18:08:35.926495+00:00,2026-09-20T20:59:24.808483+00:00,2026-09-20T16:59:24.808483-04:00,2026-09-20T16:59:24.808483-04:00,propline_free_sample
2026-09-20,2026-09-20 18:15:00+00:00,Quinn Mathews,6.5,under,-285,novig,218697,St. Louis Cardinals,Washington Nationals,2026-09-20T17:53:26.092861+00:00,2026-09-20T20:59:24.808483+00:00,2026-09-20T16:59:24.808483-04:00,2026-09-20T16:59:24.808483-04:00,propline_free_sample
2026-09-20,2026-09-20 18:15:00+00:00,Jake Irvin,6.5,under,9900,kalshi,218697,St. Louis Cardinals,Washington Nationals,2026-09-20T17:29:15.681877+00:00,2026-09-20T20:59:24.808483+00:00,2026-09-20T16:59:24.808483-04:00,2026-09-20T16:59:24.808483-04:00,propline_free_sample
2026-09-20,2026-09-20 18:15:00+00:00,Quinn Mathews,3.5,over,-344,novig,218697,St. Louis Cardinals,Washington Nationals,2026-09-20T17:40:14.553121+00:00,2026-09-20T20:59:24.808483+00:00,2026-09-20T16:59:24.808483-04:00,2026-09-20T16:59:24.808483-04:00,propline_free_sample
2026-09-20,2026-09-20 18:15:00+00:00,Quinn Mathews,3.5,under,-99900,novig,218697,St. Louis Cardinals,Washington Nationals,2026-09-20T17:21:34.811529+00:00,2026-09-20T20:59:24.808483+00:00,2026-09-20T16:59:24.808483-04:00,2026-09-20T16:59:24.808483-04:00,propline_free_sample
2026-09-20,2026-09-20 18:15:00+00:00,Jake Irvin (WAS),6.5,over,-240,bovada,218697,St. Louis Cardinals,Washington Nationals,,2026-09-20T20:59:24.808483+00:00,2026-09-20T16:59:24.808483-04:00,2026-09-20T16:59:24.808483-04:00,propline_free_sample
2026-09-20,2026-09-20 18:15:00+00:00,Jake Irvin (WAS),6.5,under,180,bovada,218697,St. Louis Cardinals,Washington Nationals,,2026-09-20T20:59:24.808483+00:00,2026-09-20T16:59:24.808483-04:00,2026-09-20T16:59:24.808483-04:00,propline_free_sample
2026-09-20,2026-09-20 18:15:00+00:00,Quinn Mathews (STL),4.5,over,-145,bovada,218697,St. Louis Cardinals,Washington Nationals,,2026-09-20T20:59:24.808483+00:00,2026-09-20T16:59:24.808483-04:00,2026-09-20T16:59:24.808483-04:00,propline_free_sample
2026-09-20,2026-09-20 18:15:00+00:00,Quinn Mathews (STL),4.5,under,110,bovada,218697,St. Louis Cardinals,Washington Nationals,,2026-09-20T20:59:24.808483+00:00,2026-09-20T16:59:24.808483-04:00,2026-09-20T16:59:24.808483-04:00,propline_free_sample
2026-09-20,2026-09-20 18:15:00+00:00,Jake Irvin,8.5,over,300,hardrock,218697,St. Louis Cardinals,Washington Nationals,,2026-09-20T20:59:24.808483+00:00,2026-09-20T16:59:24.808483-04:00,2026-09-20T16:59:24.808483-04:00,propline_free_sample
2026-09-20,2026-09-20 18:15:00+00:00,Jake Irvin,8.5,under,-550,hardrock,218697,St. Louis Cardinals,Washington Nationals,,2026-09-20T20:59:24.808483+00:00,2026-09-20T16:59:24.808483-04:00,2026-09-20T16:59:24.808483-04:00,propline_free_sample
2026-09-20,2026-09-20 18:15:00+00:00,Jake Irvin,10.5,over,3000,hardrock,218697,St. Louis Cardinals,Washington Nationals,,2026-09-20T20:59:24.808483+00:00,2026-09-20T16:59:24.808483-04:00,2026-09-20T16:59:24.808483-04:00,propline_free_sample
2026-09-20,2026-09-20 18:15:00+00:00,Jake Irvin,10.5,under,-50000,hardrock,218697,St. Louis Cardinals,Washington Nationals,,2026-09-20T20:59:24.808483+00:00,2026-09-20T16:59:24.808483-04:00,2026-09-20T16:59:24.808483-04:00,propline_free_sample
2026-09-20,2026-09-20 18:15:00+00:00,Jake Irvin,9.5,over,850,hardrock,218697,St. Louis Cardinals,Washington Nationals,,2026-09-20T20:59:24.808483+00:00,2026-09-20T16:59:24.808483-04:00,2026-09-20T16:59:24.808483-04:00,propline_free_sample
2026-09-20,2026-09-20 18:15:00+00:00,Jake Irvin,9.5,under,-4000,hardrock,218697,St. Louis Cardinals,Washington Nationals,,2026-09-20T20:59:24.808483+00:00,2026-09-20T16:59:24.808483-04:00,2026-09-20T16:59:24.808483-04:00,propline_free_sample
2026-09-20,2026-09-20 18:15:00+00:00,Jake Irvin,7.5,under,9900,polymarket_us,218697,St. Louis Cardinals,Washington Nationals,,2026-09-20T20:59:24.808483+00:00,2026-09-20T16:59:24.808483-04:00,2026-09-20T16:59:24.808483-04:00,propline_free_sample
2026-09-20,2026-09-20 17:40:00+00:00,Griffin Jax,5.5,over,-139,underdog,218694,Tampa Bay Rays,Boston Red Sox,2026-09-20T17:39:57.562519+00:00,2026-09-20T20:59:24.808483+00:00,2026-09-20T16:59:24.808483-04:00,2026-09-20T16:59:24.808483-04:00,propline_free_sample
2026-09-20,2026-09-20 17:40:00+00:00,Patrick Sandoval,3.5,over,129,underdog,218694,Tampa Bay Rays,Boston Red Sox,2026-09-20T17:39:57.562519+00:00,2026-09-20T20:59:24.808483+00:00,2026-09-20T16:59:24.808483-04:00,2026-09-20T16:59:24.808483-04:00,propline_free_sample
2026-09-20,2026-09-20 17:40:00+00:00,Griffin Jax,5.5,under,-108,underdog,218694,Tampa Bay Rays,Boston Red Sox,2026-09-20T17:39:57.562519+00:00,2026-09-20T20:59:24.808483+00:00,2026-09-20T16:59:24.808483-04:00,2026-09-20T16:59:24.808483-04:00,propline_free_sample
2026-09-20,2026-09-20 17:40:00+00:00,Patrick Sandoval,3.5,under,-193,underdog,218694,Tampa Bay Rays,Boston Red Sox,2026-09-20T17:39:57.562519+00:00,2026-09-20T20:59:24.808483+00:00,2026-09-20T16:59:24.808483-04:00,2026-09-20T16:59:24.808483-04:00,propline_free_sample
2026-09-20,2026-09-20 17:40:00+00:00,Griffin Jax,5.5,over,137,dabble,218694,Tampa Bay Rays,Boston Red Sox,2026-09-20T17:22:58.447499+00:00,2026-09-20T20:59:24.808483+00:00,2026-09-20T16:59:24.808483-04:00,2026-09-20T16:59:24.808483-04:00,propline_free_sample
2026-09-20,2026-09-20 17:40:00+00:00,Patrick Sandoval,4.5,over,147,dabble,218694,Tampa Bay Rays,Boston Red Sox,2026-09-20T17:22:58.447499+00:00,2026-09-20T20:59:24.808483+00:00,2026-09-20T16:59:24.808483-04:00,2026-09-20T16:59:24.808483-04:00,propline_free_sample
2026-09-20,2026-09-20 17:40:00+00:00,Griffin Jax,5.5,under,-135,dabble,218694,Tampa Bay Rays,Boston Red Sox,2026-09-20T17:22:58.447499+00:00,2026-09-20T20:59:24.808483+00:00,2026-09-20T16:59:24.808483-04:00,2026-09-20T16:59:24.808483-04:00,propline_free_sample
2026-09-20,2026-09-20 17:40:00+00:00,Patrick Sandoval,4.5,under,-145,dabble,218694,Tampa Bay Rays,Boston Red Sox,2026-09-20T15:10:44.538938+00:00,2026-09-20T20:59:24.808483+00:00,2026-09-20T16:59:24.808483-04:00,2026-09-20T16:59:24.808483-04:00,propline_free_sample
2026-09-20,2026-09-20 17:40:00+00:00,Griffin Jax,5.0,over,100,prizepicks,218694,Tampa Bay Rays,Boston Red Sox,2026-09-20T11:23:02.766380+00:00,2026-09-20T20:59:24.808483+00:00,2026-09-20T16:59:24.808483-04:00,2026-09-20T16:59:24.808483-04:00,propline_free_sample
2026-09-20,2026-09-20 17:40:00+00:00,Griffin Jax,5.0,under,100,prizepicks,218694,Tampa Bay Rays,Boston Red Sox,2026-09-20T11:23:02.766380+00:00,2026-09-20T20:59:24.808483+00:00,2026-09-20T16:59:24.808483-04:00,2026-09-20T16:59:24.808483-04:00,propline_free_sample
2026-09-20,2026-09-20 17:40:00+00:00,Patrick Sandoval,4.5,over,100,prizepicks,218694,Tampa Bay Rays,Boston Red Sox,2026-09-19T22:53:04.749085+00:00,2026-09-20T20:59:24.808483+00:00,2026-09-20T16:59:24.808483-04:00,2026-09-20T16:59:24.808483-04:00,propline_free_sample
2026-09-20,2026-09-20 17:40:00+00:00,Patrick Sandoval,4.5,under,100,prizepicks,218694,Tampa Bay Rays,Boston Red Sox,2026-09-19T22:53:04.749085+00:00,2026-09-20T20:59:24.808483+00:00,2026-09-20T16:59:24.808483-04:00,2026-09-20T16:59:24.808483-04:00,propline_free_sample
2026-09-20,2026-09-20 17:40:00+00:00,Griffin Jax,4.5,over,100,prizepicks,218694,Tampa Bay Rays,Boston Red Sox,2026-09-20T00:25:03.475562+00:00,2026-09-20T20:59:24.808483+00:00,2026-09-20T16:59:24.808483-04:00,2026-09-20T16:59:24.808483-04:00,propline_free_sample
2026-09-20,2026-09-20 17:40:00+00:00,Griffin Jax,4.5,under,100,prizepicks,218694,Tampa Bay Rays,Boston Red Sox,2026-09-20T00:25:03.475562+00:00,2026-09-20T20:59:24.808483+00:00,2026-09-20T16:59:24.808483-04:00,2026-09-20T16:59:24.808483-04:00,propline_free_sample
2026-09-20,2026-09-20 17:40:00+00:00,Rhett Lowder,2.5,over,-209,underdog,218692,Cincinnati Reds,Chicago Cubs,2026-09-20T16:57:48.776747+00:00,2026-09-20T20:59:24.808483+00:00,2026-09-20T16:59:24.808483-04:00,2026-09-20T16:59:24.808483-04:00,propline_free_sample
2026-09-20,2026-09-20 17:40:00+00:00,Rhett Lowder,2.5,under,139,underdog,218692,Cincinnati Reds,Chicago Cubs,2026-09-20T16:57:48.776747+00:00,2026-09-20T20:59:24.808483+00:00,2026-09-20T16:59:24.808483-04:00,2026-09-20T16:59:24.808483-04:00,propline_free_sample
2026-09-20,2026-09-20 17:40:00+00:00,Rhett Lowder,3.5,over,-120,dabble,218692,Cincinnati Reds,Chicago Cubs,2026-09-20T13:02:37.208511+00:00,2026-09-20T20:59:24.808483+00:00,2026-09-20T16:59:24.808483-04:00,2026-09-20T16:59:24.808483-04:00,propline_free_sample
2026-09-20,2026-09-20 17:40:00+00:00,Rhett Lowder,3.5,under,120,dabble,218692,Cincinnati Reds,Chicago Cubs,2026-09-20T13:02:37.208511+00:00,2026-09-20T20:59:24.808483+00:00,2026-09-20T16:59:24.808483-04:00,2026-09-20T16:59:24.808483-04:00,propline_free_sample
2026-09-20,2026-09-20 17:40:00+00:00,Griffin Jax,4.5,over,-152,smarkets,218694,Tampa Bay Rays,Boston Red Sox,2026-09-20T14:41:09.935395+00:00,2026-09-20T20:59:24.808483+00:00,2026-09-20T16:59:24.808483-04:00,2026-09-20T16:59:24.808483-04:00,propline_free_sample
2026-09-20,2026-09-20 17:40:00+00:00,Griffin Jax,4.5,under,108,smarkets,218694,Tampa Bay Rays,Boston Red Sox,2026-09-20T14:41:09.935395+00:00,2026-09-20T20:59:24.808483+00:00,2026-09-20T16:59:24.808483-04:00,2026-09-20T16:59:24.808483-04:00,propline_free_sample
2026-09-20,2026-09-20 17:40:00+00:00,Patrick Sandoval,4.5,over,122,smarkets,218694,Tampa Bay Rays,Boston Red Sox,2026-09-20T17:14:42.857768+00:00,2026-09-20T20:59:24.808483+00:00,2026-09-20T16:59:24.808483-04:00,2026-09-20T16:59:24.808483-04:00,propline_free_sample
2026-09-20,2026-09-20 17:40:00+00:00,Patrick Sandoval,4.5,under,-172,smarkets,218694,Tampa Bay Rays,Boston Red Sox,2026-09-20T17:14:42.857768+00:00,2026-09-20T20:59:24.808483+00:00,2026-09-20T16:59:24.808483-04:00,2026-09-20T16:59:24.808483-04:00,propline_free_sample
2026-09-20,2026-09-20 17:40:00+00:00,Griffin Jax,6.5,over,100,prizepicks,218694,Tampa Bay Rays,Boston Red Sox,2026-09-20T01:57:07.566305+00:00,2026-09-20T20:59:24.808483+00:00,2026-09-20T16:59:24.808483-04:00,2026-09-20T16:59:24.808483-04:00,propline_free_sample
2026-09-20,2026-09-20 17:40:00+00:00,Patrick Sandoval,6.5,over,100,prizepicks,218694,Tampa Bay Rays,Boston Red Sox,2026-09-20T01:57:07.566305+00:00,2026-09-20T20:59:24.808483+00:00,2026-09-20T16:59:24.808483-04:00,2026-09-20T16:59:24.808483-04:00,propline_free_sample
2026-09-20,2026-09-20 17:40:00+00:00,Griffin Jax,3.5,over,100,prizepicks,218694,Tampa Bay Rays,Boston Red Sox,2026-09-20T01:57:07.566305+00:00,2026-09-20T20:59:24.808483+00:00,2026-09-20T16:59:24.808483-04:00,2026-09-20T16:59:24.808483-04:00,propline_free_sample
2026-09-20,2026-09-20 17:40:00+00:00,Patrick Sandoval,3.5,over,100,prizepicks,218694,Tampa Bay Rays,Boston Red Sox,2026-09-20T01:57:07.566305+00:00,2026-09-20T20:59:24.808483+00:00,2026-09-20T16:59:24.808483-04:00,2026-09-20T16:59:24.808483-04:00,propline_free_sample
2026-09-20,2026-09-20 17:40:00+00:00,Rhett Lowder,4.0,over,100,prizepicks,218692,Cincinnati Reds,Chicago Cubs,2026-09-20T12:53:49.708889+00:00,2026-09-20T20:59:24.808483+00:00,2026-09-20T16:59:24.808483-04:00,2026-09-20T16:59:24.808483-04:00,propline_free_sample
2026-09-20,2026-09-20 17:40:00+00:00,Rhett Lowder,3.5,under,100,prizepicks,218692,Cincinnati Reds,Chicago Cubs,2026-09-20T01:57:07.958290+00:00,2026-09-20T20:59:24.808483+00:00,2026-09-20T16:59:24.808483-04:00,2026-09-20T16:59:24.808483-04:00,propline_free_sample
2026-09-20,2026-09-20 17:40:00+00:00,Griffin Jax,5.5,over,-125,fanatics,218694,Tampa Bay Rays,Boston Red Sox,2026-09-20T16:10:13.113289+00:00,2026-09-20T20:59:24.808483+00:00,2026-09-20T16:59:24.808483-04:00,2026-09-20T16:59:24.808483-04:00,propline_free_sample
2026-09-20,2026-09-20 17:40:00+00:00,Griffin Jax,5.5,under,-105,fanatics,218694,Tampa Bay Rays,Boston Red Sox,2026-09-20T16:10:13.113289+00:00,2026-09-20T20:59:24.808483+00:00,2026-09-20T16:59:24.808483-04:00,2026-09-20T16:59:24.808483-04:00,propline_free_sample
2026-09-20,2026-09-20 17:40:00+00:00,Patrick Sandoval,3.5,over,-105,fanatics,218694,Tampa Bay Rays,Boston Red Sox,2026-09-20T17:39:57.420198+00:00,2026-09-20T20:59:24.808483+00:00,2026-09-20T16:59:24.808483-04:00,2026-09-20T16:59:24.808483-04:00,propline_free_sample
2026-09-20,2026-09-20 17:40:00+00:00,Patrick Sandoval,3.5,under,-125,fanatics,218694,Tampa Bay Rays,Boston Red Sox,2026-09-20T16:42:03.921953+00:00,2026-09-20T20:59:24.808483+00:00,2026-09-20T16:59:24.808483-04:00,2026-09-20T16:59:24.808483-04:00,propline_free_sample
2026-09-20,2026-09-20 17:40:00+00:00,Griffin Jax,4.5,over,-156,draftkings,218694,Tampa Bay Rays,Boston Red Sox,2026-09-20T17:31:55.683959+00:00,2026-09-20T20:59:24.808483+00:00,2026-09-20T16:59:24.808483-04:00,2026-09-20T16:59:24.808483-04:00,propline_free_sample
2026-09-20,2026-09-20 17:40:00+00:00,Griffin Jax,4.5,under,122,draftkings,218694,Tampa Bay Rays,Boston Red Sox,2026-09-20T17:31:55.683959+00:00,2026-09-20T20:59:24.808483+00:00,2026-09-20T16:59:24.808483-04:00,2026-09-20T16:59:24.808483-04:00,propline_free_sample
2026-09-20,2026-09-20 17:40:00+00:00,Patrick Sandoval,3.5,over,-169,draftkings,218694,Tampa Bay Rays,Boston Red Sox,2026-09-20T15:42:05.625491+00:00,2026-09-20T20:59:24.808483+00:00,2026-09-20T16:59:24.808483-04:00,2026-09-20T16:59:24.808483-04:00,propline_free_sample
2026-09-20,2026-09-20 17:40:00+00:00,Patrick Sandoval,3.5,under,132,draftkings,218694,Tampa Bay Rays,Boston Red Sox,2026-09-20T15:42:05.625491+00:00,2026-09-20T20:59:24.808483+00:00,2026-09-20T16:59:24.808483-04:00,2026-09-20T16:59:24.808483-04:00,propline_free_sample
2026-09-20,2026-09-20 17:40:00+00:00,Griffin Jax,4.5,over,-189,sleeper,218694,Tampa Bay Rays,Boston Red Sox,2026-09-20T17:35:13.674098+00:00,2026-09-20T20:59:24.808483+00:00,2026-09-20T16:59:24.808483-04:00,2026-09-20T16:59:24.808483-04:00,propline_free_sample
2026-09-20,2026-09-20 17:40:00+00:00,Patrick Sandoval,3.5,over,-182,sleeper,218694,Tampa Bay Rays,Boston Red Sox,2026-09-20T17:37:10.018722+00:00,2026-09-20T20:59:24.808483+00:00,2026-09-20T16:59:24.808483-04:00,2026-09-20T16:59:24.808483-04:00,propline_free_sample
2026-09-20,2026-09-20 17:40:00+00:00,Griffin Jax,4.5,under,111,sleeper,218694,Tampa Bay Rays,Boston Red Sox,2026-09-20T17:35:13.674098+00:00,2026-09-20T20:59:24.808483+00:00,2026-09-20T16:59:24.808483-04:00,2026-09-20T16:59:24.808483-04:00,propline_free_sample
2026-09-20,2026-09-20 17:40:00+00:00,Patrick Sandoval,3.5,under,108,sleeper,218694,Tampa Bay Rays,Boston Red Sox,2026-09-20T17:37:10.018722+00:00,2026-09-20T20:59:24.808483+00:00,2026-09-20T16:59:24.808483-04:00,2026-09-20T16:59:24.808483-04:00,propline_free_sample
2026-09-20,2026-09-20 17:40:00+00:00,Griffin Jax,1.5,over,-6000,hardrock,218694,Tampa Bay Rays,Boston Red Sox,2026-09-20T16:51:36.873522+00:00,2026-09-20T20:59:24.808483+00:00,2026-09-20T16:59:24.808483-04:00,2026-09-20T16:59:24.808483-04:00,propline_free_sample
2026-09-20,2026-09-20 17:40:00+00:00,Griffin Jax,1.5,under,1300,hardrock,218694,Tampa Bay Rays,Boston Red Sox,2026-09-20T16:51:36.873522+00:00,2026-09-20T20:59:24.808483+00:00,2026-09-20T16:59:24.808483-04:00,2026-09-20T16:59:24.808483-04:00,propline_free_sample
2026-09-20,2026-09-20 17:40:00+00:00,Griffin Jax,2.5,over,-50000,hardrock,218694,Tampa Bay Rays,Boston Red Sox,2026-09-20T16:51:36.873522+00:00,2026-09-20T20:59:24.808483+00:00,2026-09-20T16:59:24.808483-04:00,2026-09-20T16:59:24.808483-04:00,propline_free_sample
2026-09-20,2026-09-20 17:40:00+00:00,Griffin Jax,2.5,under,4000,hardrock,218694,Tampa Bay Rays,Boston Red Sox,2026-09-20T16:51:36.873522+00:00,2026-09-20T20:59:24.808483+00:00,2026-09-20T16:59:24.808483-04:00,2026-09-20T16:59:24.808483-04:00,propline_free_sample
2026-09-20,2026-09-20 17:40:00+00:00,Griffin Jax,3.5,over,-6000,hardrock,218694,Tampa Bay Rays,Boston Red Sox,2026-09-20T16:51:36.873522+00:00,2026-09-20T20:59:24.808483+00:00,2026-09-20T16:59:24.808483-04:00,2026-09-20T16:59:24.808483-04:00,propline_free_sample
2026-09-20,2026-09-20 17:40:00+00:00,Griffin Jax,3.5,under,1400,hardrock,218694,Tampa Bay Rays,Boston Red Sox,2026-09-20T15:49:56.901198+00:00,2026-09-20T20:59:24.808483+00:00,2026-09-20T16:59:24.808483-04:00,2026-09-20T16:59:24.808483-04:00,propline_free_sample
2026-09-20,2026-09-20 17:40:00+00:00,Griffin Jax,4.5,over,-2500,hardrock,218694,Tampa Bay Rays,Boston Red Sox,2026-09-20T15:59:45.037583+00:00,2026-09-20T20:59:24.808483+00:00,2026-09-20T16:59:24.808483-04:00,2026-09-20T16:59:24.808483-04:00,propline_free_sample
2026-09-20,2026-09-20 17:40:00+00:00,Griffin Jax,4.5,under,650,hardrock,218694,Tampa Bay Rays,Boston Red Sox,2026-09-20T15:49:56.901198+00:00,2026-09-20T20:59:24.808483+00:00,2026-09-20T16:59:24.808483-04:00,2026-09-20T16:59:24.808483-04:00,propline_free_sample
2026-09-20,2026-09-20 17:40:00+00:00,Griffin Jax,5.5,over,-260,hardrock,218694,Tampa Bay Rays,Boston Red Sox,2026-09-20T15:51:17.891456+00:00,2026-09-20T20:59:24.808483+00:00,2026-09-20T16:59:24.808483-04:00,2026-09-20T16:59:24.808483-04:00,propline_free_sample
2026-09-20,2026-09-20 17:40:00+00:00,Griffin Jax,5.5,under,170,hardrock,218694,Tampa Bay Rays,Boston Red Sox,2026-09-20T15:59:45.037583+00:00,2026-09-20T20:59:24.808483+00:00,2026-09-20T16:59:24.808483-04:00,2026-09-20T16:59:24.808483-04:00,propline_free_sample
2026-09-20,2026-09-20 17:40:00+00:00,Griffin Jax,6.5,over,145,hardrock,218694,Tampa Bay Rays,Boston Red Sox,2026-09-20T15:49:56.901198+00:00,2026-09-20T20:59:24.808483+00:00,2026-09-20T16:59:24.808483-04:00,2026-09-20T16:59:24.808483-04:00,propline_free_sample
2026-09-20,2026-09-20 17:40:00+00:00,Griffin Jax,6.5,under,-210,hardrock,218694,Tampa Bay Rays,Boston Red Sox,2026-09-20T15:49:56.901198+00:00,2026-09-20T20:59:24.808483+00:00,2026-09-20T16:59:24.808483-04:00,2026-09-20T16:59:24.808483-04:00,propline_free_sample
2026-09-20,2026-09-20 17:40:00+00:00,Griffin Jax,7.5,over,425,hardrock,218694,Tampa Bay Rays,Boston Red Sox,2026-09-20T15:49:56.901198+00:00,2026-09-20T20:59:24.808483+00:00,2026-09-20T16:59:24.808483-04:00,2026-09-20T16:59:24.808483-04:00,propline_free_sample
2026-09-20,2026-09-20 17:40:00+00:00,Griffin Jax,7.5,under,-1000,hardrock,218694,Tampa Bay Rays,Boston Red Sox,2026-09-20T16:51:36.873522+00:00,2026-09-20T20:59:24.808483+00:00,2026-09-20T16:59:24.808483-04:00,2026-09-20T16:59:24.808483-04:00,propline_free_sample
2026-09-20,2026-09-20 17:40:00+00:00,Griffin Jax,8.5,over,1500,hardrock,218694,Tampa Bay Rays,Boston Red Sox,2026-09-20T15:51:17.891456+00:00,2026-09-20T20:59:24.808483+00:00,2026-09-20T16:59:24.808483-04:00,2026-09-20T16:59:24.808483-04:00,propline_free_sample
2026-09-20,2026-09-20 17:40:00+00:00,Griffin Jax,8.5,under,-8000,hardrock,218694,Tampa Bay Rays,Boston Red Sox,2026-09-20T15:49:56.901198+00:00,2026-09-20T20:59:24.808483+00:00,2026-09-20T16:59:24.808483-04:00,2026-09-20T16:59:24.808483-04:00,propline_free_sample
2026-09-20,2026-09-20 17:40:00+00:00,Griffin Jax,9.5,over,4000,hardrock,218694,Tampa Bay Rays,Boston Red Sox,2026-09-20T15:51:17.891456+00:00,2026-09-20T20:59:24.808483+00:00,2026-09-20T16:59:24.808483-04:00,2026-09-20T16:59:24.808483-04:00,propline_free_sample
2026-09-20,2026-09-20 17:40:00+00:00,Griffin Jax,9.5,under,-50000,hardrock,218694,Tampa Bay Rays,Boston Red Sox,2026-09-20T15:51:17.891456+00:00,2026-09-20T20:59:24.808483+00:00,2026-09-20T16:59:24.808483-04:00,2026-09-20T16:59:24.808483-04:00,propline_free_sample
2026-09-20,2026-09-20 17:40:00+00:00,Patrick Sandoval,0.5,over,-10000,hardrock,218694,Tampa Bay Rays,Boston Red Sox,2026-09-20T14:24:50.196941+00:00,2026-09-20T20:59:24.808483+00:00,2026-09-20T16:59:24.808483-04:00,2026-09-20T16:59:24.808483-04:00,propline_free_sample
2026-09-20,2026-09-20 17:40:00+00:00,Patrick Sandoval,0.5,under,2500,hardrock,218694,Tampa Bay Rays,Boston Red Sox,2026-09-20T12:13:41.248986+00:00,2026-09-20T20:59:24.808483+00:00,2026-09-20T16:59:24.808483-04:00,2026-09-20T16:59:24.808483-04:00,propline_free_sample
2026-09-20,2026-09-20 17:40:00+00:00,Patrick Sandoval,1.5,over,-700,hardrock,218694,Tampa Bay Rays,Boston Red Sox,2026-09-20T17:16:53.549789+00:00,2026-09-20T20:59:24.808483+00:00,2026-09-20T16:59:24.808483-04:00,2026-09-20T16:59:24.808483-04:00,propline_free_sample
2026-09-20,2026-09-20 17:40:00+00:00,Patrick Sandoval,1.5,under,350,hardrock,218694,Tampa Bay Rays,Boston Red Sox,2026-09-20T14:58:56.284604+00:00,2026-09-20T20:59:24.808483+00:00,2026-09-20T16:59:24.808483-04:00,2026-09-20T16:59:24.808483-04:00,propline_free_sample
2026-09-20,2026-09-20 17:40:00+00:00,Patrick Sandoval,2.5,over,-400,hardrock,218694,Tampa Bay Rays,Boston Red Sox,2026-09-20T15:42:48.571555+00:00,2026-09-20T20:59:24.808483+00:00,2026-09-20T16:59:24.808483-04:00,2026-09-20T16:59:24.808483-04:00,propline_free_sample
2026-09-20,2026-09-20 17:40:00+00:00,Patrick Sandoval,2.5,under,240,hardrock,218694,Tampa Bay Rays,Boston Red Sox,2026-09-20T15:32:17.251210+00:00,2026-09-20T20:59:24.808483+00:00,2026-09-20T16:59:24.808483-04:00,2026-09-20T16:59:24.808483-04:00,propline_free_sample
2026-09-20,2026-09-20 17:40:00+00:00,Patrick Sandoval,3.5,over,115,hardrock,218694,Tampa Bay Rays,Boston Red Sox,2026-09-20T14:58:56.284604+00:00,2026-09-20T20:59:24.808483+00:00,2026-09-20T16:59:24.808483-04:00,2026-09-20T16:59:24.808483-04:00,propline_free_sample
2026-09-20,2026-09-20 17:40:00+00:00,Patrick Sandoval,3.5,under,-165,hardrock,218694,Tampa Bay Rays,Boston Red Sox,2026-09-20T14:58:56.284604+00:00,2026-09-20T20:59:24.808483+00:00,2026-09-20T16:59:24.808483-04:00,2026-09-20T16:59:24.808483-04:00,propline_free_sample
2026-09-20,2026-09-20 17:40:00+00:00,Patrick Sandoval,4.5,over,325,hardrock,218694,Tampa Bay Rays,Boston Red Sox,2026-09-20T14:58:56.284604+00:00,2026-09-20T20:59:24.808483+00:00,2026-09-20T16:59:24.808483-04:00,2026-09-20T16:59:24.808483-04:00,propline_free_sample
2026-09-20,2026-09-20 17:40:00+00:00,Patrick Sandoval,4.5,under,-600,hardrock,218694,Tampa Bay Rays,Boston Red Sox,2026-09-20T14:58:56.284604+00:00,2026-09-20T20:59:24.808483+00:00,2026-09-20T16:59:24.808483-04:00,2026-09-20T16:59:24.808483-04:00,propline_free_sample
2026-09-20,2026-09-20 17:40:00+00:00,Patrick Sandoval,5.5,over,900,hardrock,218694,Tampa Bay Rays,Boston Red Sox,2026-09-20T14:58:56.284604+00:00,2026-09-20T20:59:24.808483+00:00,2026-09-20T16:59:24.808483-04:00,2026-09-20T16:59:24.808483-04:00,propline_free_sample
2026-09-20,2026-09-20 17:40:00+00:00,Patrick Sandoval,5.5,under,-4000,hardrock,218694,Tampa Bay Rays,Boston Red Sox,2026-09-20T15:42:48.571555+00:00,2026-09-20T20:59:24.808483+00:00,2026-09-20T16:59:24.808483-04:00,2026-09-20T16:59:24.808483-04:00,propline_free_sample
2026-09-20,2026-09-20 17:40:00+00:00,Patrick Sandoval,6.5,over,3000,hardrock,218694,Tampa Bay Rays,Boston Red Sox,2026-09-20T14:58:56.284604+00:00,2026-09-20T20:59:24.808483+00:00,2026-09-20T16:59:24.808483-04:00,2026-09-20T16:59:24.808483-04:00,propline_free_sample
2026-09-20,2026-09-20 17:40:00+00:00,Patrick Sandoval,6.5,under,-50000,hardrock,218694,Tampa Bay Rays,Boston Red Sox,2026-09-20T14:58:56.284604+00:00,2026-09-20T20:59:24.808483+00:00,2026-09-20T16:59:24.808483-04:00,2026-09-20T16:59:24.808483-04:00,propline_free_sample
2026-09-20,2026-09-20 17:40:00+00:00,Patrick Sandoval,7.5,over,1300,hardrock,218694,Tampa Bay Rays,Boston Red Sox,2026-09-20T17:16:53.549789+00:00,2026-09-20T20:59:24.808483+00:00,2026-09-20T16:59:24.808483-04:00,2026-09-20T16:59:24.808483-04:00,propline_free_sample
2026-09-20,2026-09-20 17:40:00+00:00,Patrick Sandoval,7.5,under,-6000,hardrock,218694,Tampa Bay Rays,Boston Red Sox,2026-09-20T14:58:56.284604+00:00,2026-09-20T20:59:24.808483+00:00,2026-09-20T16:59:24.808483-04:00,2026-09-20T16:59:24.808483-04:00,propline_free_sample
2026-09-20,2026-09-20 17:40:00+00:00,Patrick Sandoval,8.5,over,3000,hardrock,218694,Tampa Bay Rays,Boston Red Sox,2026-09-20T14:52:28.276131+00:00,2026-09-20T20:59:24.808483+00:00,2026-09-20T16:59:24.808483-04:00,2026-09-20T16:59:24.808483-04:00,propline_free_sample
2026-09-20,2026-09-20 17:40:00+00:00,Patrick Sandoval,8.5,under,-50000,hardrock,218694,Tampa Bay Rays,Boston Red Sox,2026-09-20T14:58:56.284604+00:00,2026-09-20T20:59:24.808483+00:00,2026-09-20T16:59:24.808483-04:00,2026-09-20T16:59:24.808483-04:00,propline_free_sample
2026-09-20,2026-09-20 17:40:00+00:00,Griffin Jax,4.5,over,-155,onexbet,218694,Tampa Bay Rays,Boston Red Sox,2026-09-20T06:55:17.095307+00:00,2026-09-20T20:59:24.808483+00:00,2026-09-20T16:59:24.808483-04:00,2026-09-20T16:59:24.808483-04:00,propline_free_sample
2026-09-20,2026-09-20 17:40:00+00:00,Patrick Sandoval,4.5,over,115,onexbet,218694,Tampa Bay Rays,Boston Red Sox,2026-09-20T06:55:17.095307+00:00,2026-09-20T20:59:24.808483+00:00,2026-09-20T16:59:24.808483-04:00,2026-09-20T16:59:24.808483-04:00,propline_free_sample
2026-09-20,2026-09-20 17:40:00+00:00,Griffin Jax,4.5,under,115,onexbet,218694,Tampa Bay Rays,Boston Red Sox,2026-09-20T06:55:17.095307+00:00,2026-09-20T20:59:24.808483+00:00,2026-09-20T16:59:24.808483-04:00,2026-09-20T16:59:24.808483-04:00,propline_free_sample
2026-09-20,2026-09-20 17:40:00+00:00,Patrick Sandoval,4.5,under,-155,onexbet,218694,Tampa Bay Rays,Boston Red Sox,2026-09-20T06:55:17.095307+00:00,2026-09-20T20:59:24.808483+00:00,2026-09-20T16:59:24.808483-04:00,2026-09-20T16:59:24.808483-04:00,propline_free_sample
2026-09-20,2026-09-20 17:40:00+00:00,Griffin Jax,4.5,over,-172,prophetx,218694,Tampa Bay Rays,Boston Red Sox,2026-09-20T17:38:05.024653+00:00,2026-09-20T20:59:24.808483+00:00,2026-09-20T16:59:24.808483-04:00,2026-09-20T16:59:24.808483-04:00,propline_free_sample
2026-09-20,2026-09-20 17:40:00+00:00,Griffin Jax,4.5,under,114,prophetx,218694,Tampa Bay Rays,Boston Red Sox,2026-09-20T17:32:30.564644+00:00,2026-09-20T20:59:24.808483+00:00,2026-09-20T16:59:24.808483-04:00,2026-09-20T16:59:24.808483-04:00,propline_free_sample
2026-09-20,2026-09-20 17:40:00+00:00,Griffin Jax,5.5,over,100,prizepicks,218694,Tampa Bay Rays,Boston Red Sox,2026-09-20T03:18:10.950828+00:00,2026-09-20T20:59:24.808483+00:00,2026-09-20T16:59:24.808483-04:00,2026-09-20T16:59:24.808483-04:00,propline_free_sample
2026-09-20,2026-09-20 17:40:00+00:00,Patrick Sandoval,5.5,over,100,prizepicks,218694,Tampa Bay Rays,Boston Red Sox,2026-09-20T03:18:10.950828+00:00,2026-09-20T20:59:24.808483+00:00,2026-09-20T16:59:24.808483-04:00,2026-09-20T16:59:24.808483-04:00,propline_free_sample
2026-09-20,2026-09-20 17:40:00+00:00,Griffin Jax,7.5,over,100,prizepicks,218694,Tampa Bay Rays,Boston Red Sox,2026-09-20T03:18:10.950828+00:00,2026-09-20T20:59:24.808483+00:00,2026-09-20T16:59:24.808483-04:00,2026-09-20T16:59:24.808483-04:00,propline_free_sample
2026-09-20,2026-09-20 17:40:00+00:00,Patrick Sandoval,7.5,over,100,prizepicks,218694,Tampa Bay Rays,Boston Red Sox,2026-09-20T03:18:10.950828+00:00,2026-09-20T20:59:24.808483+00:00,2026-09-20T16:59:24.808483-04:00,2026-09-20T16:59:24.808483-04:00,propline_free_sample
2026-09-20,2026-09-20 17:40:00+00:00,Griffin Jax,8.5,over,100,prizepicks,218694,Tampa Bay Rays,Boston Red Sox,2026-09-20T03:18:10.950828+00:00,2026-09-20T20:59:24.808483+00:00,2026-09-20T16:59:24.808483-04:00,2026-09-20T16:59:24.808483-04:00,propline_free_sample
2026-09-20,2026-09-20 17:40:00+00:00,Patrick Sandoval,2.5,over,100,prizepicks,218694,Tampa Bay Rays,Boston Red Sox,2026-09-20T03:18:10.950828+00:00,2026-09-20T20:59:24.808483+00:00,2026-09-20T16:59:24.808483-04:00,2026-09-20T16:59:24.808483-04:00,propline_free_sample
2026-09-20,2026-09-20 17:40:00+00:00,Griffin Jax,6.5,under,100,prizepicks,218694,Tampa Bay Rays,Boston Red Sox,2026-09-20T03:24:26.020275+00:00,2026-09-20T20:59:24.808483+00:00,2026-09-20T16:59:24.808483-04:00,2026-09-20T16:59:24.808483-04:00,propline_free_sample
2026-09-20,2026-09-20 17:40:00+00:00,Patrick Sandoval,6.5,under,100,prizepicks,218694,Tampa Bay Rays,Boston Red Sox,2026-09-20T03:24:26.020275+00:00,2026-09-20T20:59:24.808483+00:00,2026-09-20T16:59:24.808483-04:00,2026-09-20T16:59:24.808483-04:00,propline_free_sample
2026-09-20,2026-09-20 17:40:00+00:00,Griffin Jax,3.5,under,100,prizepicks,218694,Tampa Bay Rays,Boston Red Sox,2026-09-20T03:24:26.020275+00:00,2026-09-20T20:59:24.808483+00:00,2026-09-20T16:59:24.808483-04:00,2026-09-20T16:59:24.808483-04:00,propline_free_sample
2026-09-20,2026-09-20 17:40:00+00:00,Patrick Sandoval,3.5,under,100,prizepicks,218694,Tampa Bay Rays,Boston Red Sox,2026-09-20T03:24:26.020275+00:00,2026-09-20T20:59:24.808483+00:00,2026-09-20T16:59:24.808483-04:00,2026-09-20T16:59:24.808483-04:00,propline_free_sample
2026-09-20,2026-09-20 17:40:00+00:00,Griffin Jax,5.5,under,100,prizepicks,218694,Tampa Bay Rays,Boston Red Sox,2026-09-20T03:24:26.020275+00:00,2026-09-20T20:59:24.808483+00:00,2026-09-20T16:59:24.808483-04:00,2026-09-20T16:59:24.808483-04:00,propline_free_sample
2026-09-20,2026-09-20 17:40:00+00:00,Patrick Sandoval,5.5,under,100,prizepicks,218694,Tampa Bay Rays,Boston Red Sox,2026-09-20T03:24:26.020275+00:00,2026-09-20T20:59:24.808483+00:00,2026-09-20T16:59:24.808483-04:00,2026-09-20T16:59:24.808483-04:00,propline_free_sample
2026-09-20,2026-09-20 17:40:00+00:00,Griffin Jax,2.5,over,100,prizepicks,218694,Tampa Bay Rays,Boston Red Sox,2026-09-20T03:24:26.020275+00:00,2026-09-20T20:59:24.808483+00:00,2026-09-20T16:59:24.808483-04:00,2026-09-20T16:59:24.808483-04:00,propline_free_sample
2026-09-20,2026-09-20 17:40:00+00:00,Griffin Jax,2.5,under,100,prizepicks,218694,Tampa Bay Rays,Boston Red Sox,2026-09-20T03:24:26.020275+00:00,2026-09-20T20:59:24.808483+00:00,2026-09-20T16:59:24.808483-04:00,2026-09-20T16:59:24.808483-04:00,propline_free_sample
2026-09-20,2026-09-20 17:40:00+00:00,Patrick Sandoval,2.5,under,100,prizepicks,218694,Tampa Bay Rays,Boston Red Sox,2026-09-20T03:24:26.020275+00:00,2026-09-20T20:59:24.808483+00:00,2026-09-20T16:59:24.808483-04:00,2026-09-20T16:59:24.808483-04:00,propline_free_sample
2026-09-20,2026-09-20 17:40:00+00:00,Griffin Jax,1.5,over,-9900,kalshi,218694,Tampa Bay Rays,Boston Red Sox,2026-09-20T17:39:54.917709+00:00,2026-09-20T20:59:24.808483+00:00,2026-09-20T16:59:24.808483-04:00,2026-09-20T16:59:24.808483-04:00,propline_free_sample
2026-09-20,2026-09-20 17:40:00+00:00,Patrick Sandoval,1.5,over,-525,kalshi,218694,Tampa Bay Rays,Boston Red Sox,2026-09-20T17:06:11.294309+00:00,2026-09-20T20:59:24.808483+00:00,2026-09-20T16:59:24.808483-04:00,2026-09-20T16:59:24.808483-04:00,propline_free_sample
2026-09-20,2026-09-20 17:40:00+00:00,Griffin Jax,2.5,over,-9900,kalshi,218694,Tampa Bay Rays,Boston Red Sox,2026-09-20T17:39:54.917709+00:00,2026-09-20T20:59:24.808483+00:00,2026-09-20T16:59:24.808483-04:00,2026-09-20T16:59:24.808483-04:00,propline_free_sample
2026-09-20,2026-09-20 17:40:00+00:00,Patrick Sandoval,2.5,over,-4900,kalshi,218694,Tampa Bay Rays,Boston Red Sox,2026-09-20T16:35:56.768612+00:00,2026-09-20T20:59:24.808483+00:00,2026-09-20T16:59:24.808483-04:00,2026-09-20T16:59:24.808483-04:00,propline_free_sample
2026-09-20,2026-09-20 17:40:00+00:00,Griffin Jax,3.5,over,-9900,kalshi,218694,Tampa Bay Rays,Boston Red Sox,2026-09-20T17:39:54.917709+00:00,2026-09-20T20:59:24.808483+00:00,2026-09-20T16:59:24.808483-04:00,2026-09-20T16:59:24.808483-04:00,propline_free_sample
2026-09-20,2026-09-20 17:40:00+00:00,Patrick Sandoval,3.5,over,-2400,kalshi,218694,Tampa Bay Rays,Boston Red Sox,2026-09-20T17:36:38.686878+00:00,2026-09-20T20:59:24.808483+00:00,2026-09-20T16:59:24.808483-04:00,2026-09-20T16:59:24.808483-04:00,propline_free_sample
2026-09-20,2026-09-20 17:40:00+00:00,Patrick Sandoval,3.5,under,9900,kalshi,218694,Tampa Bay Rays,Boston Red Sox,2026-09-20T17:30:29.614239+00:00,2026-09-20T20:59:24.808483+00:00,2026-09-20T16:59:24.808483-04:00,2026-09-20T16:59:24.808483-04:00,propline_free_sample
2026-09-20,2026-09-20 17:40:00+00:00,Griffin Jax,4.5,over,-900,kalshi,218694,Tampa Bay Rays,Boston Red Sox,2026-09-20T17:39:54.917709+00:00,2026-09-20T20:59:24.808483+00:00,2026-09-20T16:59:24.808483-04:00,2026-09-20T16:59:24.808483-04:00,propline_free_sample
2026-09-20,2026-09-20 17:40:00+00:00,Patrick Sandoval,4.5,over,178,kalshi,218694,Tampa Bay Rays,Boston Red Sox,2026-09-20T15:54:45.029789+00:00,2026-09-20T20:59:24.808483+00:00,2026-09-20T16:59:24.808483-04:00,2026-09-20T16:59:24.808483-04:00,propline_free_sample
2026-09-20,2026-09-20 17:40:00+00:00,Griffin Jax,5.5,over,9900,kalshi,218694,Tampa Bay Rays,Boston Red Sox,2026-09-20T15:49:51.258763+00:00,2026-09-20T20:59:24.808483+00:00,2026-09-20T16:59:24.808483-04:00,2026-09-20T16:59:24.808483-04:00,propline_free_sample
2026-09-20,2026-09-20 17:40:00+00:00,Patrick Sandoval,5.5,over,9900,kalshi,218694,Tampa Bay Rays,Boston Red Sox,2026-09-20T17:37:29.154550+00:00,2026-09-20T20:59:24.808483+00:00,2026-09-20T16:59:24.808483-04:00,2026-09-20T16:59:24.808483-04:00,propline_free_sample
2026-09-20,2026-09-20 17:40:00+00:00,Griffin Jax,6.5,over,9900,kalshi,218694,Tampa Bay Rays,Boston Red Sox,2026-09-20T16:52:30.284489+00:00,2026-09-20T20:59:24.808483+00:00,2026-09-20T16:59:24.808483-04:00,2026-09-20T16:59:24.808483-04:00,propline_free_sample
2026-09-20,2026-09-20 17:40:00+00:00,Patrick Sandoval,6.5,over,9900,kalshi,218694,Tampa Bay Rays,Boston Red Sox,2026-09-20T17:32:03.501922+00:00,2026-09-20T20:59:24.808483+00:00,2026-09-20T16:59:24.808483-04:00,2026-09-20T16:59:24.808483-04:00,propline_free_sample
2026-09-20,2026-09-20 17:40:00+00:00,Griffin Jax,7.5,over,9900,kalshi,218694,Tampa Bay Rays,Boston Red Sox,2026-09-20T15:49:51.258763+00:00,2026-09-20T20:59:24.808483+00:00,2026-09-20T16:59:24.808483-04:00,2026-09-20T16:59:24.808483-04:00,propline_free_sample
2026-09-20,2026-09-20 17:40:00+00:00,Patrick Sandoval,7.5,over,9900,kalshi,218694,Tampa Bay Rays,Boston Red Sox,2026-09-20T17:28:18.803945+00:00,2026-09-20T20:59:24.808483+00:00,2026-09-20T16:59:24.808483-04:00,2026-09-20T16:59:24.808483-04:00,propline_free_sample
2026-09-20,2026-09-20 17:40:00+00:00,Griffin Jax,8.5,over,9900,kalshi,218694,Tampa Bay Rays,Boston Red Sox,2026-09-20T03:27:28.022213+00:00,2026-09-20T20:59:24.808483+00:00,2026-09-20T16:59:24.808483-04:00,2026-09-20T16:59:24.808483-04:00,propline_free_sample
2026-09-20,2026-09-20 17:40:00+00:00,Patrick Sandoval,4.5,under,9900,kalshi,218694,Tampa Bay Rays,Boston Red Sox,2026-09-20T15:54:45.029789+00:00,2026-09-20T20:59:24.808483+00:00,2026-09-20T16:59:24.808483-04:00,2026-09-20T16:59:24.808483-04:00,propline_free_sample
2026-09-20,2026-09-20 17:40:00+00:00,Griffin Jax,4.5,under,9900,kalshi,218694,Tampa Bay Rays,Boston Red Sox,2026-09-20T14:05:38.720004+00:00,2026-09-20T20:59:24.808483+00:00,2026-09-20T16:59:24.808483-04:00,2026-09-20T16:59:24.808483-04:00,propline_free_sample
2026-09-20,2026-09-20 17:40:00+00:00,Patrick Sandoval,4.5,over,170,prophetx,218694,Tampa Bay Rays,Boston Red Sox,2026-09-20T15:46:50.234033+00:00,2026-09-20T20:59:24.808483+00:00,2026-09-20T16:59:24.808483-04:00,2026-09-20T16:59:24.808483-04:00,propline_free_sample
2026-09-20,2026-09-20 17:40:00+00:00,Patrick Sandoval,4.5,under,-200,prophetx,218694,Tampa Bay Rays,Boston Red Sox,2026-09-20T15:46:50.234033+00:00,2026-09-20T20:59:24.808483+00:00,2026-09-20T16:59:24.808483-04:00,2026-09-20T16:59:24.808483-04:00,propline_free_sample
2026-09-20,2026-09-20 17:40:00+00:00,Patrick Sandoval,4.5,over,153,novig,218694,Tampa Bay Rays,Boston Red Sox,2026-09-20T16:58:40.692934+00:00,2026-09-20T20:59:24.808483+00:00,2026-09-20T16:59:24.808483-04:00,2026-09-20T16:59:24.808483-04:00,propline_free_sample
2026-09-20,2026-09-20 17:40:00+00:00,Patrick Sandoval,4.5,under,-99900,novig,218694,Tampa Bay Rays,Boston Red Sox,2026-09-20T16:22:59.784464+00:00,2026-09-20T20:59:24.808483+00:00,2026-09-20T16:59:24.808483-04:00,2026-09-20T16:59:24.808483-04:00,propline_free_sample
2026-09-20,2026-09-20 17:40:00+00:00,Griffin Jax,4.5,over,-99900,novig,218694,Tampa Bay Rays,Boston Red Sox,2026-09-20T14:20:58.023513+00:00,2026-09-20T20:59:24.808483+00:00,2026-09-20T16:59:24.808483-04:00,2026-09-20T16:59:24.808483-04:00,propline_free_sample
2026-09-20,2026-09-20 17:40:00+00:00,Griffin Jax,4.5,under,-160,novig,218694,Tampa Bay Rays,Boston Red Sox,2026-09-20T16:08:56.170017+00:00,2026-09-20T20:59:24.808483+00:00,2026-09-20T16:59:24.808483-04:00,2026-09-20T16:59:24.808483-04:00,propline_free_sample
2026-09-20,2026-09-20 17:40:00+00:00,Griffin Jax,1.5,under,9900,kalshi,218694,Tampa Bay Rays,Boston Red Sox,2026-09-20T17:35:54.098200+00:00,2026-09-20T20:59:24.808483+00:00,2026-09-20T16:59:24.808483-04:00,2026-09-20T16:59:24.808483-04:00,propline_free_sample
2026-09-20,2026-09-20 17:40:00+00:00,Griffin Jax,6.5,under,-9900,kalshi,218694,Tampa Bay Rays,Boston Red Sox,2026-09-20T17:39:54.917709+00:00,2026-09-20T20:59:24.808483+00:00,2026-09-20T16:59:24.808483-04:00,2026-09-20T16:59:24.808483-04:00,propline_free_sample
2026-09-20,2026-09-20 17:40:00+00:00,Griffin Jax,2.5,under,9900,kalshi,218694,Tampa Bay Rays,Boston Red Sox,2026-09-20T17:35:54.098200+00:00,2026-09-20T20:59:24.808483+00:00,2026-09-20T16:59:24.808483-04:00,2026-09-20T16:59:24.808483-04:00,propline_free_sample
2026-09-20,2026-09-20 17:40:00+00:00,Patrick Sandoval,1.5,under,9900,kalshi,218694,Tampa Bay Rays,Boston Red Sox,2026-09-20T17:06:39.892879+00:00,2026-09-20T20:59:24.808483+00:00,2026-09-20T16:59:24.808483-04:00,2026-09-20T16:59:24.808483-04:00,propline_free_sample
2026-09-20,2026-09-20 17:40:00+00:00,Patrick Sandoval,2.5,under,9900,kalshi,218694,Tampa Bay Rays,Boston Red Sox,2026-09-20T16:02:43.517317+00:00,2026-09-20T20:59:24.808483+00:00,2026-09-20T16:59:24.808483-04:00,2026-09-20T16:59:24.808483-04:00,propline_free_sample
2026-09-20,2026-09-20 17:40:00+00:00,Griffin Jax,7.5,under,-9900,kalshi,218694,Tampa Bay Rays,Boston Red Sox,2026-09-20T17:39:54.917709+00:00,2026-09-20T20:59:24.808483+00:00,2026-09-20T16:59:24.808483-04:00,2026-09-20T16:59:24.808483-04:00,propline_free_sample
2026-09-20,2026-09-20 17:40:00+00:00,Patrick Sandoval,5.5,under,-3233,kalshi,218694,Tampa Bay Rays,Boston Red Sox,2026-09-20T16:12:00.619109+00:00,2026-09-20T20:59:24.808483+00:00,2026-09-20T16:59:24.808483-04:00,2026-09-20T16:59:24.808483-04:00,propline_free_sample
2026-09-20,2026-09-20 17:40:00+00:00,Griffin Jax,5.5,under,-9900,kalshi,218694,Tampa Bay Rays,Boston Red Sox,2026-09-20T17:32:03.501922+00:00,2026-09-20T20:59:24.808483+00:00,2026-09-20T16:59:24.808483-04:00,2026-09-20T16:59:24.808483-04:00,propline_free_sample
2026-09-20,2026-09-20 17:40:00+00:00,Griffin Jax,3.5,under,9900,kalshi,218694,Tampa Bay Rays,Boston Red Sox,2026-09-20T14:23:21.157543+00:00,2026-09-20T20:59:24.808483+00:00,2026-09-20T16:59:24.808483-04:00,2026-09-20T16:59:24.808483-04:00,propline_free_sample
2026-09-20,2026-09-20 17:40:00+00:00,Patrick Sandoval,6.5,under,-9900,kalshi,218694,Tampa Bay Rays,Boston Red Sox,2026-09-20T17:35:54.098200+00:00,2026-09-20T20:59:24.808483+00:00,2026-09-20T16:59:24.808483-04:00,2026-09-20T16:59:24.808483-04:00,propline_free_sample
2026-09-20,2026-09-20 17:40:00+00:00,Patrick Sandoval,7.5,over,9900,polymarket_us,218694,Tampa Bay Rays,Boston Red Sox,2026-09-20T17:39:22.533523+00:00,2026-09-20T20:59:24.808483+00:00,2026-09-20T16:59:24.808483-04:00,2026-09-20T16:59:24.808483-04:00,propline_free_sample
2026-09-20,2026-09-20 17:40:00+00:00,Patrick Sandoval,4.5,over,127,polymarket_us,218694,Tampa Bay Rays,Boston Red Sox,2026-09-20T15:44:11.337068+00:00,2026-09-20T20:59:24.808483+00:00,2026-09-20T16:59:24.808483-04:00,2026-09-20T16:59:24.808483-04:00,propline_free_sample
2026-09-20,2026-09-20 17:40:00+00:00,Patrick Sandoval,4.5,under,9900,polymarket_us,218694,Tampa Bay Rays,Boston Red Sox,2026-09-20T15:44:11.337068+00:00,2026-09-20T20:59:24.808483+00:00,2026-09-20T16:59:24.808483-04:00,2026-09-20T16:59:24.808483-04:00,propline_free_sample
2026-09-20,2026-09-20 17:40:00+00:00,Patrick Sandoval,3.5,over,133,polymarket_us,218694,Tampa Bay Rays,Boston Red Sox,2026-09-20T17:36:05.182463+00:00,2026-09-20T20:59:24.808483+00:00,2026-09-20T16:59:24.808483-04:00,2026-09-20T16:59:24.808483-04:00,propline_free_sample
2026-09-20,2026-09-20 17:40:00+00:00,Patrick Sandoval,3.5,under,9900,polymarket_us,218694,Tampa Bay Rays,Boston Red Sox,2026-09-20T15:02:45.698646+00:00,2026-09-20T20:59:24.808483+00:00,2026-09-20T16:59:24.808483-04:00,2026-09-20T16:59:24.808483-04:00,propline_free_sample
2026-09-20,2026-09-20 17:40:00+00:00,Griffin Jax,4.5,over,-257,polymarket_us,218694,Tampa Bay Rays,Boston Red Sox,2026-09-20T17:39:22.533523+00:00,2026-09-20T20:59:24.808483+00:00,2026-09-20T16:59:24.808483-04:00,2026-09-20T16:59:24.808483-04:00,propline_free_sample
2026-09-20,2026-09-20 17:40:00+00:00,Griffin Jax,4.5,under,9900,polymarket_us,218694,Tampa Bay Rays,Boston Red Sox,2026-09-20T17:38:08.638173+00:00,2026-09-20T20:59:24.808483+00:00,2026-09-20T16:59:24.808483-04:00,2026-09-20T16:59:24.808483-04:00,propline_free_sample
2026-09-20,2026-09-20 17:40:00+00:00,Griffin Jax,3.5,over,-1900,polymarket_us,218694,Tampa Bay Rays,Boston Red Sox,2026-09-20T17:38:08.638173+00:00,2026-09-20T20:59:24.808483+00:00,2026-09-20T16:59:24.808483-04:00,2026-09-20T16:59:24.808483-04:00,propline_free_sample
2026-09-20,2026-09-20 17:40:00+00:00,Griffin Jax,3.5,under,9900,polymarket_us,218694,Tampa Bay Rays,Boston Red Sox,2026-09-20T17:07:18.215514+00:00,2026-09-20T20:59:24.808483+00:00,2026-09-20T16:59:24.808483-04:00,2026-09-20T16:59:24.808483-04:00,propline_free_sample
2026-09-20,2026-09-20 17:40:00+00:00,Griffin Jax,2.5,over,-1329,polymarket_us,218694,Tampa Bay Rays,Boston Red Sox,2026-09-20T17:20:13.200563+00:00,2026-09-20T20:59:24.808483+00:00,2026-09-20T16:59:24.808483-04:00,2026-09-20T16:59:24.808483-04:00,propline_free_sample
2026-09-20,2026-09-20 17:40:00+00:00,Griffin Jax,2.5,under,9900,polymarket_us,218694,Tampa Bay Rays,Boston Red Sox,2026-09-20T17:39:22.533523+00:00,2026-09-20T20:59:24.808483+00:00,2026-09-20T16:59:24.808483-04:00,2026-09-20T16:59:24.808483-04:00,propline_free_sample
2026-09-20,2026-09-20 17:40:00+00:00,Griffin Jax,7.5,over,9900,polymarket_us,218694,Tampa Bay Rays,Boston Red Sox,2026-09-20T17:29:14.800111+00:00,2026-09-20T20:59:24.808483+00:00,2026-09-20T16:59:24.808483-04:00,2026-09-20T16:59:24.808483-04:00,propline_free_sample
2026-09-20,2026-09-20 17:40:00+00:00,Griffin Jax,7.5,under,-300,polymarket_us,218694,Tampa Bay Rays,Boston Red Sox,2026-09-20T17:20:13.200563+00:00,2026-09-20T20:59:24.808483+00:00,2026-09-20T16:59:24.808483-04:00,2026-09-20T16:59:24.808483-04:00,propline_free_sample
2026-09-20,2026-09-20 17:40:00+00:00,Patrick Sandoval,2.5,over,-400,polymarket_us,218694,Tampa Bay Rays,Boston Red Sox,2026-09-20T17:36:05.182463+00:00,2026-09-20T20:59:24.808483+00:00,2026-09-20T16:59:24.808483-04:00,2026-09-20T16:59:24.808483-04:00,propline_free_sample
2026-09-20,2026-09-20 17:40:00+00:00,Patrick Sandoval,2.5,under,9900,polymarket_us,218694,Tampa Bay Rays,Boston Red Sox,2026-09-20T16:59:48.049462+00:00,2026-09-20T20:59:24.808483+00:00,2026-09-20T16:59:24.808483-04:00,2026-09-20T16:59:24.808483-04:00,propline_free_sample
2026-09-20,2026-09-20 17:40:00+00:00,Griffin Jax,6.5,over,9900,polymarket_us,218694,Tampa Bay Rays,Boston Red Sox,2026-09-20T17:25:57.303622+00:00,2026-09-20T20:59:24.808483+00:00,2026-09-20T16:59:24.808483-04:00,2026-09-20T16:59:24.808483-04:00,propline_free_sample
2026-09-20,2026-09-20 17:40:00+00:00,Patrick Sandoval,6.5,over,9900,polymarket_us,218694,Tampa Bay Rays,Boston Red Sox,2026-09-20T17:38:08.638173+00:00,2026-09-20T20:59:24.808483+00:00,2026-09-20T16:59:24.808483-04:00,2026-09-20T16:59:24.808483-04:00,propline_free_sample
2026-09-20,2026-09-20 17:40:00+00:00,Patrick Sandoval,6.5,under,-733,polymarket_us,218694,Tampa Bay Rays,Boston Red Sox,2026-09-20T11:54:49.609967+00:00,2026-09-20T20:59:24.808483+00:00,2026-09-20T16:59:24.808483-04:00,2026-09-20T16:59:24.808483-04:00,propline_free_sample
2026-09-20,2026-09-20 17:40:00+00:00,Griffin Jax,6.5,under,-426,polymarket_us,218694,Tampa Bay Rays,Boston Red Sox,2026-09-20T16:41:31.376241+00:00,2026-09-20T20:59:24.808483+00:00,2026-09-20T16:59:24.808483-04:00,2026-09-20T16:59:24.808483-04:00,propline_free_sample
2026-09-20,2026-09-20 17:40:00+00:00,Patrick Sandoval,1.5,under,9900,polymarket_us,218694,Tampa Bay Rays,Boston Red Sox,2026-09-20T12:00:30.631299+00:00,2026-09-20T20:59:24.808483+00:00,2026-09-20T16:59:24.808483-04:00,2026-09-20T16:59:24.808483-04:00,propline_free_sample
2026-09-20,2026-09-20 17:40:00+00:00,Rhett Lowder,3.5,over,-116,smarkets,218692,Cincinnati Reds,Chicago Cubs,2026-09-20T17:03:59.377319+00:00,2026-09-20T20:59:24.808483+00:00,2026-09-20T16:59:24.808483-04:00,2026-09-20T16:59:24.808483-04:00,propline_free_sample
2026-09-20,2026-09-20 17:40:00+00:00,Rhett Lowder,3.5,under,-120,smarkets,218692,Cincinnati Reds,Chicago Cubs,2026-09-20T17:03:59.377319+00:00,2026-09-20T20:59:24.808483+00:00,2026-09-20T16:59:24.808483-04:00,2026-09-20T16:59:24.808483-04:00,propline_free_sample
2026-09-20,2026-09-20 17:40:00+00:00,Patrick Sandoval,1.5,over,-669,polymarket_us,218694,Tampa Bay Rays,Boston Red Sox,2026-09-20T17:01:28.396906+00:00,2026-09-20T20:59:24.808483+00:00,2026-09-20T16:59:24.808483-04:00,2026-09-20T16:59:24.808483-04:00,propline_free_sample
2026-09-20,2026-09-20 17:40:00+00:00,Rhett Lowder,6.5,over,100,prizepicks,218692,Cincinnati Reds,Chicago Cubs,2026-09-20T06:19:53.349606+00:00,2026-09-20T20:59:24.808483+00:00,2026-09-20T16:59:24.808483-04:00,2026-09-20T16:59:24.808483-04:00,propline_free_sample
2026-09-20,2026-09-20 17:40:00+00:00,Patrick Sandoval,3.5,over,-770,novig,218694,Tampa Bay Rays,Boston Red Sox,2026-09-20T16:58:40.692934+00:00,2026-09-20T20:59:24.808483+00:00,2026-09-20T16:59:24.808483-04:00,2026-09-20T16:59:24.808483-04:00,propline_free_sample
2026-09-20,2026-09-20 17:40:00+00:00,Patrick Sandoval,3.5,under,-1233,novig,218694,Tampa Bay Rays,Boston Red Sox,2026-09-20T17:28:53.357762+00:00,2026-09-20T20:59:24.808483+00:00,2026-09-20T16:59:24.808483-04:00,2026-09-20T16:59:24.808483-04:00,propline_free_sample
2026-09-20,2026-09-20 17:40:00+00:00,Rhett Lowder,4.5,over,165,fanatics,218692,Cincinnati Reds,Chicago Cubs,2026-09-20T17:21:04.713155+00:00,2026-09-20T20:59:24.808483+00:00,2026-09-20T16:59:24.808483-04:00,2026-09-20T16:59:24.808483-04:00,propline_free_sample
2026-09-20,2026-09-20 17:40:00+00:00,Rhett Lowder,4.5,under,-225,fanatics,218692,Cincinnati Reds,Chicago Cubs,2026-09-20T17:21:04.713155+00:00,2026-09-20T20:59:24.808483+00:00,2026-09-20T16:59:24.808483-04:00,2026-09-20T16:59:24.808483-04:00,propline_free_sample
2026-09-20,2026-09-20 17:40:00+00:00,Rhett Lowder,3.5,over,-137,draftkings,218692,Cincinnati Reds,Chicago Cubs,2026-09-20T15:30:18.376946+00:00,2026-09-20T20:59:24.808483+00:00,2026-09-20T16:59:24.808483-04:00,2026-09-20T16:59:24.808483-04:00,propline_free_sample
2026-09-20,2026-09-20 17:40:00+00:00,Rhett Lowder,3.5,under,107,draftkings,218692,Cincinnati Reds,Chicago Cubs,2026-09-20T15:30:18.376946+00:00,2026-09-20T20:59:24.808483+00:00,2026-09-20T16:59:24.808483-04:00,2026-09-20T16:59:24.808483-04:00,propline_free_sample
2026-09-20,2026-09-20 17:40:00+00:00,Rhett Lowder,3.5,over,-147,sleeper,218692,Cincinnati Reds,Chicago Cubs,2026-09-20T15:40:48.987640+00:00,2026-09-20T20:59:24.808483+00:00,2026-09-20T16:59:24.808483-04:00,2026-09-20T16:59:24.808483-04:00,propline_free_sample
2026-09-20,2026-09-20 17:40:00+00:00,Rhett Lowder,3.5,under,-112,sleeper,218692,Cincinnati Reds,Chicago Cubs,2026-09-20T15:40:48.987640+00:00,2026-09-20T20:59:24.808483+00:00,2026-09-20T16:59:24.808483-04:00,2026-09-20T16:59:24.808483-04:00,propline_free_sample
2026-09-20,2026-09-20 17:40:00+00:00,Rhett Lowder,4.5,over,100,prizepicks,218692,Cincinnati Reds,Chicago Cubs,2026-09-20T06:40:51.396403+00:00,2026-09-20T20:59:24.808483+00:00,2026-09-20T16:59:24.808483-04:00,2026-09-20T16:59:24.808483-04:00,propline_free_sample
2026-09-20,2026-09-20 17:40:00+00:00,Rhett Lowder,5.5,over,100,prizepicks,218692,Cincinnati Reds,Chicago Cubs,2026-09-20T06:40:51.396403+00:00,2026-09-20T20:59:24.808483+00:00,2026-09-20T16:59:24.808483-04:00,2026-09-20T16:59:24.808483-04:00,propline_free_sample
2026-09-20,2026-09-20 17:40:00+00:00,Rhett Lowder,2.5,over,100,prizepicks,218692,Cincinnati Reds,Chicago Cubs,2026-09-20T06:40:51.396403+00:00,2026-09-20T20:59:24.808483+00:00,2026-09-20T16:59:24.808483-04:00,2026-09-20T16:59:24.808483-04:00,propline_free_sample
2026-09-20,2026-09-20 17:40:00+00:00,Rhett Lowder,3.5,over,-138,prophetx,218692,Cincinnati Reds,Chicago Cubs,2026-09-20T17:38:04.039740+00:00,2026-09-20T20:59:24.808483+00:00,2026-09-20T16:59:24.808483-04:00,2026-09-20T16:59:24.808483-04:00,propline_free_sample
2026-09-20,2026-09-20 17:40:00+00:00,Rhett Lowder,3.5,under,119,prophetx,218692,Cincinnati Reds,Chicago Cubs,2026-09-20T14:34:10.605779+00:00,2026-09-20T20:59:24.808483+00:00,2026-09-20T16:59:24.808483-04:00,2026-09-20T16:59:24.808483-04:00,propline_free_sample
2026-09-20,2026-09-20 17:40:00+00:00,Rhett Lowder,3.5,over,-110,onexbet,218692,Cincinnati Reds,Chicago Cubs,2026-09-20T16:51:13.072640+00:00,2026-09-20T20:59:24.808483+00:00,2026-09-20T16:59:24.808483-04:00,2026-09-20T16:59:24.808483-04:00,propline_free_sample
2026-09-20,2026-09-20 17:40:00+00:00,Rhett Lowder,3.5,under,-120,onexbet,218692,Cincinnati Reds,Chicago Cubs,2026-09-20T16:51:13.072640+00:00,2026-09-20T20:59:24.808483+00:00,2026-09-20T16:59:24.808483-04:00,2026-09-20T16:59:24.808483-04:00,propline_free_sample
2026-09-20,2026-09-20 17:40:00+00:00,Rhett Lowder,1.5,over,-9900,kalshi,218692,Cincinnati Reds,Chicago Cubs,2026-09-20T14:47:51.004016+00:00,2026-09-20T20:59:24.808483+00:00,2026-09-20T16:59:24.808483-04:00,2026-09-20T16:59:24.808483-04:00,propline_free_sample
2026-09-20,2026-09-20 17:40:00+00:00,Rhett Lowder,2.5,over,-809,kalshi,218692,Cincinnati Reds,Chicago Cubs,2026-09-20T12:36:37.219993+00:00,2026-09-20T20:59:24.808483+00:00,2026-09-20T16:59:24.808483-04:00,2026-09-20T16:59:24.808483-04:00,propline_free_sample
2026-09-20,2026-09-20 17:40:00+00:00,Rhett Lowder,2.5,under,9900,kalshi,218692,Cincinnati Reds,Chicago Cubs,2026-09-20T17:39:55.412949+00:00,2026-09-20T20:59:24.808483+00:00,2026-09-20T16:59:24.808483-04:00,2026-09-20T16:59:24.808483-04:00,propline_free_sample
2026-09-20,2026-09-20 17:40:00+00:00,Rhett Lowder,3.5,over,9900,kalshi,218692,Cincinnati Reds,Chicago Cubs,2026-09-20T15:28:11.869410+00:00,2026-09-20T20:59:24.808483+00:00,2026-09-20T16:59:24.808483-04:00,2026-09-20T16:59:24.808483-04:00,propline_free_sample
2026-09-20,2026-09-20 17:40:00+00:00,Rhett Lowder,3.5,under,108,kalshi,218692,Cincinnati Reds,Chicago Cubs,2026-09-20T17:39:55.412949+00:00,2026-09-20T20:59:24.808483+00:00,2026-09-20T16:59:24.808483-04:00,2026-09-20T16:59:24.808483-04:00,propline_free_sample
2026-09-20,2026-09-20 17:40:00+00:00,Rhett Lowder,4.5,over,9900,kalshi,218692,Cincinnati Reds,Chicago Cubs,2026-09-20T16:20:16.012646+00:00,2026-09-20T20:59:24.808483+00:00,2026-09-20T16:59:24.808483-04:00,2026-09-20T16:59:24.808483-04:00,propline_free_sample
2026-09-20,2026-09-20 17:40:00+00:00,Rhett Lowder,4.5,under,-525,kalshi,218692,Cincinnati Reds,Chicago Cubs,2026-09-20T17:39:55.412949+00:00,2026-09-20T20:59:24.808483+00:00,2026-09-20T16:59:24.808483-04:00,2026-09-20T16:59:24.808483-04:00,propline_free_sample
2026-09-20,2026-09-20 17:40:00+00:00,Rhett Lowder,5.5,over,9900,kalshi,218692,Cincinnati Reds,Chicago Cubs,2026-09-20T16:44:09.556867+00:00,2026-09-20T20:59:24.808483+00:00,2026-09-20T16:59:24.808483-04:00,2026-09-20T16:59:24.808483-04:00,propline_free_sample
2026-09-20,2026-09-20 17:40:00+00:00,Rhett Lowder,6.5,over,9900,kalshi,218692,Cincinnati Reds,Chicago Cubs,2026-09-20T16:40:05.759680+00:00,2026-09-20T20:59:24.808483+00:00,2026-09-20T16:59:24.808483-04:00,2026-09-20T16:59:24.808483-04:00,propline_free_sample
2026-09-20,2026-09-20 17:40:00+00:00,Rhett Lowder,3.5,over,-99900,novig,218692,Cincinnati Reds,Chicago Cubs,2026-09-20T16:38:32.347217+00:00,2026-09-20T20:59:24.808483+00:00,2026-09-20T16:59:24.808483-04:00,2026-09-20T16:59:24.808483-04:00,propline_free_sample
2026-09-20,2026-09-20 17:40:00+00:00,Rhett Lowder,3.5,under,-770,novig,218692,Cincinnati Reds,Chicago Cubs,2026-09-20T16:14:51.853137+00:00,2026-09-20T20:59:24.808483+00:00,2026-09-20T16:59:24.808483-04:00,2026-09-20T16:59:24.808483-04:00,propline_free_sample
2026-09-20,2026-09-20 17:40:00+00:00,Rhett Lowder,1.5,under,9900,kalshi,218692,Cincinnati Reds,Chicago Cubs,2026-09-20T17:36:08.855250+00:00,2026-09-20T20:59:24.808483+00:00,2026-09-20T16:59:24.808483-04:00,2026-09-20T16:59:24.808483-04:00,propline_free_sample
2026-09-20,2026-09-20 17:40:00+00:00,Rhett Lowder,5.5,under,-1011,kalshi,218692,Cincinnati Reds,Chicago Cubs,2026-09-20T17:37:37.939373+00:00,2026-09-20T20:59:24.808483+00:00,2026-09-20T16:59:24.808483-04:00,2026-09-20T16:59:24.808483-04:00,propline_free_sample
2026-09-20,2026-09-20 17:40:00+00:00,Rhett Lowder,6.5,over,9900,polymarket_us,218692,Cincinnati Reds,Chicago Cubs,2026-09-20T17:11:34.028381+00:00,2026-09-20T20:59:24.808483+00:00,2026-09-20T16:59:24.808483-04:00,2026-09-20T16:59:24.808483-04:00,propline_free_sample
2026-09-20,2026-09-20 17:40:00+00:00,Rhett Lowder,3.5,over,-128,fanduel,218692,Cincinnati Reds,Chicago Cubs,2026-09-20T17:33:32.865566+00:00,2026-09-20T20:59:24.808483+00:00,2026-09-20T16:59:24.808483-04:00,2026-09-20T16:59:24.808483-04:00,propline_free_sample
2026-09-20,2026-09-20 17:40:00+00:00,Rhett Lowder,3.5,under,100,fanduel,218692,Cincinnati Reds,Chicago Cubs,2026-09-20T17:33:32.865566+00:00,2026-09-20T20:59:24.808483+00:00,2026-09-20T16:59:24.808483-04:00,2026-09-20T16:59:24.808483-04:00,propline_free_sample
2026-09-20,2026-09-20 17:40:00+00:00,Patrick Sandoval,7.5,under,-2400,polymarket_us,218694,Tampa Bay Rays,Boston Red Sox,2026-09-20T15:01:27.255629+00:00,2026-09-20T20:59:24.808483+00:00,2026-09-20T16:59:24.808483-04:00,2026-09-20T16:59:24.808483-04:00,propline_free_sample
2026-09-20,2026-09-20 17:40:00+00:00,Rhett Lowder,7.5,over,9900,polymarket_us,218692,Cincinnati Reds,Chicago Cubs,2026-09-20T17:11:34.028381+00:00,2026-09-20T20:59:24.808483+00:00,2026-09-20T16:59:24.808483-04:00,2026-09-20T16:59:24.808483-04:00,propline_free_sample
2026-09-20,2026-09-20 17:40:00+00:00,Rhett Lowder,2.5,over,-1567,polymarket_us,218692,Cincinnati Reds,Chicago Cubs,2026-09-20T17:38:12.944163+00:00,2026-09-20T20:59:24.808483+00:00,2026-09-20T16:59:24.808483-04:00,2026-09-20T16:59:24.808483-04:00,propline_free_sample
2026-09-20,2026-09-20 17:40:00+00:00,Rhett Lowder,2.5,under,9900,polymarket_us,218692,Cincinnati Reds,Chicago Cubs,2026-09-20T16:20:22.895492+00:00,2026-09-20T20:59:24.808483+00:00,2026-09-20T16:59:24.808483-04:00,2026-09-20T16:59:24.808483-04:00,propline_free_sample
2026-09-20,2026-09-20 17:40:00+00:00,Rhett Lowder,3.5,over,9900,polymarket_us,218692,Cincinnati Reds,Chicago Cubs,2026-09-20T17:38:12.944163+00:00,2026-09-20T20:59:24.808483+00:00,2026-09-20T16:59:24.808483-04:00,2026-09-20T16:59:24.808483-04:00,propline_free_sample
2026-09-20,2026-09-20 17:40:00+00:00,Rhett Lowder,3.5,under,-138,polymarket_us,218692,Cincinnati Reds,Chicago Cubs,2026-09-20T14:42:28.215422+00:00,2026-09-20T20:59:24.808483+00:00,2026-09-20T16:59:24.808483-04:00,2026-09-20T16:59:24.808483-04:00,propline_free_sample
2026-09-20,2026-09-20 17:40:00+00:00,Rhett Lowder,1.5,over,-1900,polymarket_us,218692,Cincinnati Reds,Chicago Cubs,2026-09-20T17:34:09.793659+00:00,2026-09-20T20:59:24.808483+00:00,2026-09-20T16:59:24.808483-04:00,2026-09-20T16:59:24.808483-04:00,propline_free_sample
2026-09-20,2026-09-20 17:40:00+00:00,Rhett Lowder,1.5,under,9900,polymarket_us,218692,Cincinnati Reds,Chicago Cubs,2026-09-20T17:36:08.610116+00:00,2026-09-20T20:59:24.808483+00:00,2026-09-20T16:59:24.808483-04:00,2026-09-20T16:59:24.808483-04:00,propline_free_sample
2026-09-20,2026-09-20 17:40:00+00:00,Griffin Jax,5.5,over,130,fanduel,218694,Tampa Bay Rays,Boston Red Sox,2026-09-20T17:30:02.402664+00:00,2026-09-20T20:59:24.808483+00:00,2026-09-20T16:59:24.808483-04:00,2026-09-20T16:59:24.808483-04:00,propline_free_sample
2026-09-20,2026-09-20 17:40:00+00:00,Griffin Jax,5.5,under,-166,fanduel,218694,Tampa Bay Rays,Boston Red Sox,2026-09-20T17:30:02.402664+00:00,2026-09-20T20:59:24.808483+00:00,2026-09-20T16:59:24.808483-04:00,2026-09-20T16:59:24.808483-04:00,propline_free_sample
2026-09-20,2026-09-20 17:40:00+00:00,Patrick Sandoval,3.5,over,-158,fanduel,218694,Tampa Bay Rays,Boston Red Sox,2026-09-20T15:51:19.581483+00:00,2026-09-20T20:59:24.808483+00:00,2026-09-20T16:59:24.808483-04:00,2026-09-20T16:59:24.808483-04:00,propline_free_sample
2026-09-20,2026-09-20 17:40:00+00:00,Patrick Sandoval,3.5,under,124,fanduel,218694,Tampa Bay Rays,Boston Red Sox,2026-09-20T15:51:19.581483+00:00,2026-09-20T20:59:24.808483+00:00,2026-09-20T16:59:24.808483-04:00,2026-09-20T16:59:24.808483-04:00,propline_free_sample
2026-09-20,2026-09-20 17:40:00+00:00,Griffin Jax,3.5,over,-99900,novig,218694,Tampa Bay Rays,Boston Red Sox,2026-09-20T16:58:40.692934+00:00,2026-09-20T20:59:24.808483+00:00,2026-09-20T16:59:24.808483-04:00,2026-09-20T16:59:24.808483-04:00,propline_free_sample
2026-09-20,2026-09-20 17:40:00+00:00,Griffin Jax,3.5,under,111,novig,218694,Tampa Bay Rays,Boston Red Sox,2026-09-20T17:37:35.887937+00:00,2026-09-20T20:59:24.808483+00:00,2026-09-20T16:59:24.808483-04:00,2026-09-20T16:59:24.808483-04:00,propline_free_sample
2026-09-20,2026-09-20 17:40:00+00:00,Griffin Jax (TB),4.5,over,-220,bovada,218694,Tampa Bay Rays,Boston Red Sox,2026-09-20T16:08:10.761940+00:00,2026-09-20T20:59:24.808483+00:00,2026-09-20T16:59:24.808483-04:00,2026-09-20T16:59:24.808483-04:00,propline_free_sample
2026-09-20,2026-09-20 17:40:00+00:00,Griffin Jax (TB),4.5,under,165,bovada,218694,Tampa Bay Rays,Boston Red Sox,2026-09-20T16:08:10.761940+00:00,2026-09-20T20:59:24.808483+00:00,2026-09-20T16:59:24.808483-04:00,2026-09-20T16:59:24.808483-04:00,propline_free_sample
2026-09-20,2026-09-20 17:40:00+00:00,Patrick Sandoval (BOS),3.5,over,140,bovada,218694,Tampa Bay Rays,Boston Red Sox,2026-09-20T16:08:10.761940+00:00,2026-09-20T20:59:24.808483+00:00,2026-09-20T16:59:24.808483-04:00,2026-09-20T16:59:24.808483-04:00,propline_free_sample
2026-09-20,2026-09-20 17:40:00+00:00,Patrick Sandoval (BOS),3.5,under,-185,bovada,218694,Tampa Bay Rays,Boston Red Sox,2026-09-20T16:08:10.761940+00:00,2026-09-20T20:59:24.808483+00:00,2026-09-20T16:59:24.808483-04:00,2026-09-20T16:59:24.808483-04:00,propline_free_sample
2026-09-20,2026-09-20 17:40:00+00:00,Rhett Lowder,2.5,over,-99900,novig,218692,Cincinnati Reds,Chicago Cubs,2026-09-20T17:08:22.457434+00:00,2026-09-20T20:59:24.808483+00:00,2026-09-20T16:59:24.808483-04:00,2026-09-20T16:59:24.808483-04:00,propline_free_sample
2026-09-20,2026-09-20 17:40:00+00:00,Rhett Lowder,2.5,under,-106,novig,218692,Cincinnati Reds,Chicago Cubs,2026-09-20T15:49:31.277868+00:00,2026-09-20T20:59:24.808483+00:00,2026-09-20T16:59:24.808483-04:00,2026-09-20T16:59:24.808483-04:00,propline_free_sample
2026-09-20,2026-09-20 17:40:00+00:00,Rhett Lowder,6.5,under,-1900,polymarket_us,218692,Cincinnati Reds,Chicago Cubs,2026-09-20T17:09:46.777699+00:00,2026-09-20T20:59:24.808483+00:00,2026-09-20T16:59:24.808483-04:00,2026-09-20T16:59:24.808483-04:00,propline_free_sample
2026-09-20,2026-09-20 17:40:00+00:00,Rhett Lowder (CIN),4.5,over,120,bovada,218692,Cincinnati Reds,Chicago Cubs,2026-09-20T12:54:52.687210+00:00,2026-09-20T20:59:24.808483+00:00,2026-09-20T16:59:24.808483-04:00,2026-09-20T16:59:24.808483-04:00,propline_free_sample
2026-09-20,2026-09-20 17:40:00+00:00,Rhett Lowder (CIN),4.5,under,-155,bovada,218692,Cincinnati Reds,Chicago Cubs,2026-09-20T12:54:52.687210+00:00,2026-09-20T20:59:24.808483+00:00,2026-09-20T16:59:24.808483-04:00,2026-09-20T16:59:24.808483-04:00,propline_free_sample
2026-09-20,2026-09-20 17:40:00+00:00,Patrick Sandoval,3.5,over,-164,prophetx,218694,Tampa Bay Rays,Boston Red Sox,2026-09-20T17:38:05.024653+00:00,2026-09-20T20:59:24.808483+00:00,2026-09-20T16:59:24.808483-04:00,2026-09-20T16:59:24.808483-04:00,propline_free_sample
2026-09-20,2026-09-20 17:40:00+00:00,Patrick Sandoval,3.5,under,129,prophetx,218694,Tampa Bay Rays,Boston Red Sox,2026-09-20T15:37:22.605729+00:00,2026-09-20T20:59:24.808483+00:00,2026-09-20T16:59:24.808483-04:00,2026-09-20T16:59:24.808483-04:00,propline_free_sample
2026-09-20,2026-09-20 17:40:00+00:00,Rhett Lowder,0.5,over,-10000,hardrock,218692,Cincinnati Reds,Chicago Cubs,2026-09-20T13:21:54.469390+00:00,2026-09-20T20:59:24.808483+00:00,2026-09-20T16:59:24.808483-04:00,2026-09-20T16:59:24.808483-04:00,propline_free_sample
2026-09-20,2026-09-20 17:40:00+00:00,Rhett Lowder,0.5,under,2000,hardrock,218692,Cincinnati Reds,Chicago Cubs,2026-09-20T14:45:13.739684+00:00,2026-09-20T20:59:24.808483+00:00,2026-09-20T16:59:24.808483-04:00,2026-09-20T16:59:24.808483-04:00,propline_free_sample
2026-09-20,2026-09-20 17:40:00+00:00,Rhett Lowder,1.5,over,-5000,hardrock,218692,Cincinnati Reds,Chicago Cubs,2026-09-20T14:59:03.774185+00:00,2026-09-20T20:59:24.808483+00:00,2026-09-20T16:59:24.808483-04:00,2026-09-20T16:59:24.808483-04:00,propline_free_sample
2026-09-20,2026-09-20 17:40:00+00:00,Rhett Lowder,1.5,under,1100,hardrock,218692,Cincinnati Reds,Chicago Cubs,2026-09-20T14:59:03.774185+00:00,2026-09-20T20:59:24.808483+00:00,2026-09-20T16:59:24.808483-04:00,2026-09-20T16:59:24.808483-04:00,propline_free_sample
2026-09-20,2026-09-20 17:40:00+00:00,Rhett Lowder,2.5,over,-1600,hardrock,218692,Cincinnati Reds,Chicago Cubs,2026-09-20T14:18:03.634247+00:00,2026-09-20T20:59:24.808483+00:00,2026-09-20T16:59:24.808483-04:00,2026-09-20T16:59:24.808483-04:00,propline_free_sample
2026-09-20,2026-09-20 17:40:00+00:00,Rhett Lowder,2.5,under,550,hardrock,218692,Cincinnati Reds,Chicago Cubs,2026-09-20T15:04:06.555587+00:00,2026-09-20T20:59:24.808483+00:00,2026-09-20T16:59:24.808483-04:00,2026-09-20T16:59:24.808483-04:00,propline_free_sample
2026-09-20,2026-09-20 17:40:00+00:00,Rhett Lowder,3.5,over,-240,hardrock,218692,Cincinnati Reds,Chicago Cubs,2026-09-20T14:59:03.774185+00:00,2026-09-20T20:59:24.808483+00:00,2026-09-20T16:59:24.808483-04:00,2026-09-20T16:59:24.808483-04:00,propline_free_sample
2026-09-20,2026-09-20 17:40:00+00:00,Rhett Lowder,3.5,under,155,hardrock,218692,Cincinnati Reds,Chicago Cubs,2026-09-20T14:59:03.774185+00:00,2026-09-20T20:59:24.808483+00:00,2026-09-20T16:59:24.808483-04:00,2026-09-20T16:59:24.808483-04:00,propline_free_sample
2026-09-20,2026-09-20 17:40:00+00:00,Rhett Lowder,4.5,over,135,hardrock,218692,Cincinnati Reds,Chicago Cubs,2026-09-20T14:59:03.774185+00:00,2026-09-20T20:59:24.808483+00:00,2026-09-20T16:59:24.808483-04:00,2026-09-20T16:59:24.808483-04:00,propline_free_sample
2026-09-20,2026-09-20 17:40:00+00:00,Rhett Lowder,4.5,under,-200,hardrock,218692,Cincinnati Reds,Chicago Cubs,2026-09-20T15:04:06.555587+00:00,2026-09-20T20:59:24.808483+00:00,2026-09-20T16:59:24.808483-04:00,2026-09-20T16:59:24.808483-04:00,propline_free_sample
2026-09-20,2026-09-20 17:40:00+00:00,Rhett Lowder,5.5,over,375,hardrock,218692,Cincinnati Reds,Chicago Cubs,2026-09-20T17:00:17.532886+00:00,2026-09-20T20:59:24.808483+00:00,2026-09-20T16:59:24.808483-04:00,2026-09-20T16:59:24.808483-04:00,propline_free_sample
2026-09-20,2026-09-20 17:40:00+00:00,Rhett Lowder,5.5,under,-750,hardrock,218692,Cincinnati Reds,Chicago Cubs,2026-09-20T15:32:23.239101+00:00,2026-09-20T20:59:24.808483+00:00,2026-09-20T16:59:24.808483-04:00,2026-09-20T16:59:24.808483-04:00,propline_free_sample
2026-09-20,2026-09-20 17:40:00+00:00,Rhett Lowder,6.5,over,1000,hardrock,218692,Cincinnati Reds,Chicago Cubs,2026-09-20T15:32:23.239101+00:00,2026-09-20T20:59:24.808483+00:00,2026-09-20T16:59:24.808483-04:00,2026-09-20T16:59:24.808483-04:00,propline_free_sample
2026-09-20,2026-09-20 17:40:00+00:00,Rhett Lowder,6.5,under,-5000,hardrock,218692,Cincinnati Reds,Chicago Cubs,2026-09-20T14:18:03.634247+00:00,2026-09-20T20:59:24.808483+00:00,2026-09-20T16:59:24.808483-04:00,2026-09-20T16:59:24.808483-04:00,propline_free_sample
2026-09-20,2026-09-20 17:40:00+00:00,Rhett Lowder,7.5,over,4000,hardrock,218692,Cincinnati Reds,Chicago Cubs,2026-09-20T14:02:46.379010+00:00,2026-09-20T20:59:24.808483+00:00,2026-09-20T16:59:24.808483-04:00,2026-09-20T16:59:24.808483-04:00,propline_free_sample
2026-09-20,2026-09-20 17:40:00+00:00,Rhett Lowder,7.5,under,-50000,hardrock,218692,Cincinnati Reds,Chicago Cubs,2026-09-20T17:00:17.532886+00:00,2026-09-20T20:59:24.808483+00:00,2026-09-20T16:59:24.808483-04:00,2026-09-20T16:59:24.808483-04:00,propline_free_sample
2026-09-20,2026-09-20 17:40:00+00:00,Rhett Lowder,4.5,under,100,prizepicks,218692,Cincinnati Reds,Chicago Cubs,2026-09-20T09:38:20.341612+00:00,2026-09-20T20:59:24.808483+00:00,2026-09-20T16:59:24.808483-04:00,2026-09-20T16:59:24.808483-04:00,propline_free_sample
2026-09-20,2026-09-20 17:40:00+00:00,Rhett Lowder,5.5,under,100,prizepicks,218692,Cincinnati Reds,Chicago Cubs,2026-09-20T09:38:20.341612+00:00,2026-09-20T20:59:24.808483+00:00,2026-09-20T16:59:24.808483-04:00,2026-09-20T16:59:24.808483-04:00,propline_free_sample
2026-09-20,2026-09-20 17:40:00+00:00,Rhett Lowder,2.5,under,100,prizepicks,218692,Cincinnati Reds,Chicago Cubs,2026-09-20T09:38:20.341612+00:00,2026-09-20T20:59:24.808483+00:00,2026-09-20T16:59:24.808483-04:00,2026-09-20T16:59:24.808483-04:00,propline_free_sample
2026-09-20,2026-09-20 17:40:00+00:00,Rhett Lowder,3.5,over,-133,rebet,218692,Cincinnati Reds,Chicago Cubs,2026-09-20T14:52:10.247306+00:00,2026-09-20T20:59:24.808483+00:00,2026-09-20T16:59:24.808483-04:00,2026-09-20T16:59:24.808483-04:00,propline_free_sample
2026-09-20,2026-09-20 17:40:00+00:00,Rhett Lowder,3.5,under,-103,rebet,218692,Cincinnati Reds,Chicago Cubs,2026-09-20T14:52:10.247306+00:00,2026-09-20T20:59:24.808483+00:00,2026-09-20T16:59:24.808483-04:00,2026-09-20T16:59:24.808483-04:00,propline_free_sample
2026-09-20,2026-09-20 17:40:00+00:00,Griffin Jax,4.5,over,-154,rebet,218694,Tampa Bay Rays,Boston Red Sox,2026-09-20T14:51:00.946108+00:00,2026-09-20T20:59:24.808483+00:00,2026-09-20T16:59:24.808483-04:00,2026-09-20T16:59:24.808483-04:00,propline_free_sample
2026-09-20,2026-09-20 17:40:00+00:00,Patrick Sandoval,4.5,over,116,rebet,218694,Tampa Bay Rays,Boston Red Sox,2026-09-20T14:27:21.150543+00:00,2026-09-20T20:59:24.808483+00:00,2026-09-20T16:59:24.808483-04:00,2026-09-20T16:59:24.808483-04:00,propline_free_sample
2026-09-20,2026-09-20 17:40:00+00:00,Griffin Jax,4.5,under,111,rebet,218694,Tampa Bay Rays,Boston Red Sox,2026-09-20T14:33:01.959716+00:00,2026-09-20T20:59:24.808483+00:00,2026-09-20T16:59:24.808483-04:00,2026-09-20T16:59:24.808483-04:00,propline_free_sample
2026-09-20,2026-09-20 17:40:00+00:00,Patrick Sandoval,4.5,under,-160,rebet,218694,Tampa Bay Rays,Boston Red Sox,2026-09-20T14:27:21.150543+00:00,2026-09-20T20:59:24.808483+00:00,2026-09-20T16:59:24.808483-04:00,2026-09-20T16:59:24.808483-04:00,propline_free_sample
2026-09-20,2026-09-20 17:40:00+00:00,Griffin Jax,5.5,over,-185,betmgm,218694,Tampa Bay Rays,Boston Red Sox,2026-09-20T15:52:32.300262+00:00,2026-09-20T20:59:24.808483+00:00,2026-09-20T16:59:24.808483-04:00,2026-09-20T16:59:24.808483-04:00,propline_free_sample
2026-09-20,2026-09-20 17:40:00+00:00,Griffin Jax,5.5,under,130,betmgm,218694,Tampa Bay Rays,Boston Red Sox,2026-09-20T15:52:32.300262+00:00,2026-09-20T20:59:24.808483+00:00,2026-09-20T16:59:24.808483-04:00,2026-09-20T16:59:24.808483-04:00,propline_free_sample
2026-09-20,2026-09-20 17:40:00+00:00,Patrick Sandoval,3.5,over,130,betmgm,218694,Tampa Bay Rays,Boston Red Sox,2026-09-20T14:30:49.252388+00:00,2026-09-20T20:59:24.808483+00:00,2026-09-20T16:59:24.808483-04:00,2026-09-20T16:59:24.808483-04:00,propline_free_sample
2026-09-20,2026-09-20 17:40:00+00:00,Patrick Sandoval,3.5,under,-155,betmgm,218694,Tampa Bay Rays,Boston Red Sox,2026-09-20T14:30:49.252388+00:00,2026-09-20T20:59:24.808483+00:00,2026-09-20T16:59:24.808483-04:00,2026-09-20T16:59:24.808483-04:00,propline_free_sample
2026-09-20,2026-09-20 17:40:00+00:00,Rhett Lowder,4.5,over,138,betmgm,218692,Cincinnati Reds,Chicago Cubs,2026-09-20T14:07:09.312588+00:00,2026-09-20T20:59:24.808483+00:00,2026-09-20T16:59:24.808483-04:00,2026-09-20T16:59:24.808483-04:00,propline_free_sample
2026-09-20,2026-09-20 17:40:00+00:00,Rhett Lowder,4.5,under,-190,betmgm,218692,Cincinnati Reds,Chicago Cubs,2026-09-20T14:07:09.312588+00:00,2026-09-20T20:59:24.808483+00:00,2026-09-20T16:59:24.808483-04:00,2026-09-20T16:59:24.808483-04:00,propline_free_sample
2026-09-20,2026-09-20 17:40:00+00:00,Patrick Sandoval,4.0,over,100,prizepicks,218694,Tampa Bay Rays,Boston Red Sox,2026-09-20T11:23:02.766380+00:00,2026-09-20T20:59:24.808483+00:00,2026-09-20T16:59:24.808483-04:00,2026-09-20T16:59:24.808483-04:00,propline_free_sample
2026-09-20,2026-09-20 17:40:00+00:00,Patrick Sandoval,4.0,under,100,prizepicks,218694,Tampa Bay Rays,Boston Red Sox,2026-09-20T11:23:02.766380+00:00,2026-09-20T20:59:24.808483+00:00,2026-09-20T16:59:24.808483-04:00,2026-09-20T16:59:24.808483-04:00,propline_free_sample
2026-09-20,2026-09-20 17:40:00+00:00,Griffin Jax,5.5,over,-203,novig,218694,Tampa Bay Rays,Boston Red Sox,2026-09-20T17:35:52.902996+00:00,2026-09-20T20:59:24.808483+00:00,2026-09-20T16:59:24.808483-04:00,2026-09-20T16:59:24.808483-04:00,propline_free_sample
2026-09-20,2026-09-20 17:40:00+00:00,Griffin Jax,5.5,under,-99900,novig,218694,Tampa Bay Rays,Boston Red Sox,2026-09-20T16:20:04.140863+00:00,2026-09-20T20:59:24.808483+00:00,2026-09-20T16:59:24.808483-04:00,2026-09-20T16:59:24.808483-04:00,propline_free_sample
2026-09-20,2026-09-20 17:40:00+00:00,Rhett Lowder,4.5,over,-641,novig,218692,Cincinnati Reds,Chicago Cubs,2026-09-20T17:30:35.120627+00:00,2026-09-20T20:59:24.808483+00:00,2026-09-20T16:59:24.808483-04:00,2026-09-20T16:59:24.808483-04:00,propline_free_sample
2026-09-20,2026-09-20 17:40:00+00:00,Rhett Lowder,4.5,under,-99900,novig,218692,Cincinnati Reds,Chicago Cubs,2026-09-20T16:08:55.306729+00:00,2026-09-20T20:59:24.808483+00:00,2026-09-20T16:59:24.808483-04:00,2026-09-20T16:59:24.808483-04:00,propline_free_sample
2026-09-20,2026-09-20 17:40:00+00:00,Patrick Sandoval,5.5,over,102,novig,218694,Tampa Bay Rays,Boston Red Sox,2026-09-20T16:37:19.855732+00:00,2026-09-20T20:59:24.808483+00:00,2026-09-20T16:59:24.808483-04:00,2026-09-20T16:59:24.808483-04:00,propline_free_sample
2026-09-20,2026-09-20 17:40:00+00:00,Patrick Sandoval,5.5,under,-99900,novig,218694,Tampa Bay Rays,Boston Red Sox,2026-09-20T16:03:41.302084+00:00,2026-09-20T20:59:24.808483+00:00,2026-09-20T16:59:24.808483-04:00,2026-09-20T16:59:24.808483-04:00,propline_free_sample
2026-09-20,2026-09-20 17:40:00+00:00,Patrick Sandoval,3.5,over,-152,rebet,218694,Tampa Bay Rays,Boston Red Sox,2026-09-20T14:53:30.983372+00:00,2026-09-20T20:59:24.808483+00:00,2026-09-20T16:59:24.808483-04:00,2026-09-20T16:59:24.808483-04:00,propline_free_sample
2026-09-20,2026-09-20 17:40:00+00:00,Patrick Sandoval,3.5,under,109,rebet,218694,Tampa Bay Rays,Boston Red Sox,2026-09-20T14:53:30.983372+00:00,2026-09-20T20:59:24.808483+00:00,2026-09-20T16:59:24.808483-04:00,2026-09-20T16:59:24.808483-04:00,propline_free_sample
2026-09-20,2026-09-20 17:40:00+00:00,Griffin Jax,4.5,over,-154,rebet,218694,Tampa Bay Rays,Boston Red Sox,2026-09-20T17:35:59.991270+00:00,2026-09-20T20:59:24.808483+00:00,2026-09-20T16:59:24.808483-04:00,2026-09-20T16:59:24.808483-04:00,propline_free_sample
2026-09-20,2026-09-20 17:40:00+00:00,Griffin Jax,4.5,under,111,rebet,218694,Tampa Bay Rays,Boston Red Sox,2026-09-20T17:35:59.991270+00:00,2026-09-20T20:59:24.808483+00:00,2026-09-20T16:59:24.808483-04:00,2026-09-20T16:59:24.808483-04:00,propline_free_sample
2026-09-20,2026-09-20 17:40:00+00:00,Patrick Sandoval,2.5,over,-99900,novig,218694,Tampa Bay Rays,Boston Red Sox,2026-09-20T16:05:31.067689+00:00,2026-09-20T20:59:24.808483+00:00,2026-09-20T16:59:24.808483-04:00,2026-09-20T16:59:24.808483-04:00,propline_free_sample
2026-09-20,2026-09-20 17:40:00+00:00,Patrick Sandoval,2.5,under,-3900,novig,218694,Tampa Bay Rays,Boston Red Sox,2026-09-20T17:37:35.887937+00:00,2026-09-20T20:59:24.808483+00:00,2026-09-20T16:59:24.808483-04:00,2026-09-20T16:59:24.808483-04:00,propline_free_sample
2026-09-20,2026-09-20 17:40:00+00:00,Rhett Lowder,6.5,under,-1567,kalshi,218692,Cincinnati Reds,Chicago Cubs,2026-09-20T17:36:08.855250+00:00,2026-09-20T20:59:24.808483+00:00,2026-09-20T16:59:24.808483-04:00,2026-09-20T16:59:24.808483-04:00,propline_free_sample
2026-09-20,2026-09-20 17:40:00+00:00,Rhett Lowder,3.5,over,100,prizepicks,218692,Cincinnati Reds,Chicago Cubs,2026-09-20T12:53:49.708889+00:00,2026-09-20T20:59:24.808483+00:00,2026-09-20T16:59:24.808483-04:00,2026-09-20T16:59:24.808483-04:00,propline_free_sample
2026-09-20,2026-09-20 17:40:00+00:00,Rhett Lowder,3.5,under,100,prizepicks,218692,Cincinnati Reds,Chicago Cubs,2026-09-20T12:53:49.708889+00:00,2026-09-20T20:59:24.808483+00:00,2026-09-20T16:59:24.808483-04:00,2026-09-20T16:59:24.808483-04:00,propline_free_sample
2026-09-20,2026-09-20 17:40:00+00:00,Rhett Lowder,7.5,over,100,prizepicks,218692,Cincinnati Reds,Chicago Cubs,2026-09-20T13:23:20.508753+00:00,2026-09-20T20:59:24.808483+00:00,2026-09-20T16:59:24.808483-04:00,2026-09-20T16:59:24.808483-04:00,propline_free_sample
2026-09-20,2026-09-20 17:40:00+00:00,Rhett Lowder,3.5,over,-144,pinnacle,218692,Cincinnati Reds,Chicago Cubs,2026-09-20T13:37:04.110489+00:00,2026-09-20T20:59:24.808483+00:00,2026-09-20T16:59:24.808483-04:00,2026-09-20T16:59:24.808483-04:00,propline_free_sample
2026-09-20,2026-09-20 17:40:00+00:00,Rhett Lowder,3.5,under,113,pinnacle,218692,Cincinnati Reds,Chicago Cubs,2026-09-20T13:37:04.110489+00:00,2026-09-20T20:59:24.808483+00:00,2026-09-20T16:59:24.808483-04:00,2026-09-20T16:59:24.808483-04:00,propline_free_sample
2026-09-20,2026-09-20 17:40:00+00:00,Griffin Jax,4.5,over,-140,pinnacle,218694,Tampa Bay Rays,Boston Red Sox,2026-09-20T13:40:46.309738+00:00,2026-09-20T20:59:24.808483+00:00,2026-09-20T16:59:24.808483-04:00,2026-09-20T16:59:24.808483-04:00,propline_free_sample
2026-09-20,2026-09-20 17:40:00+00:00,Griffin Jax,4.5,under,110,pinnacle,218694,Tampa Bay Rays,Boston Red Sox,2026-09-20T13:40:46.309738+00:00,2026-09-20T20:59:24.808483+00:00,2026-09-20T16:59:24.808483-04:00,2026-09-20T16:59:24.808483-04:00,propline_free_sample
2026-09-20,2026-09-20 17:40:00+00:00,Patrick Sandoval,4.5,over,147,pinnacle,218694,Tampa Bay Rays,Boston Red Sox,2026-09-20T15:40:42.619501+00:00,2026-09-20T20:59:24.808483+00:00,2026-09-20T16:59:24.808483-04:00,2026-09-20T16:59:24.808483-04:00,propline_free_sample
2026-09-20,2026-09-20 17:40:00+00:00,Patrick Sandoval,4.5,under,-198,pinnacle,218694,Tampa Bay Rays,Boston Red Sox,2026-09-20T16:42:09.097477+00:00,2026-09-20T20:59:24.808483+00:00,2026-09-20T16:59:24.808483-04:00,2026-09-20T16:59:24.808483-04:00,propline_free_sample
2026-09-20,2026-09-20 17:40:00+00:00,Patrick Sandoval,7.5,under,-1900,kalshi,218694,Tampa Bay Rays,Boston Red Sox,2026-09-20T14:25:58.629257+00:00,2026-09-20T20:59:24.808483+00:00,2026-09-20T16:59:24.808483-04:00,2026-09-20T16:59:24.808483-04:00,propline_free_sample
2026-09-20,2026-09-20 17:40:00+00:00,Griffin Jax,5.5,over,152,prophetx,218694,Tampa Bay Rays,Boston Red Sox,2026-09-20T17:21:44.177708+00:00,2026-09-20T20:59:24.808483+00:00,2026-09-20T16:59:24.808483-04:00,2026-09-20T16:59:24.808483-04:00,propline_free_sample
2026-09-20,2026-09-20 17:40:00+00:00,Griffin Jax,5.5,under,-172,prophetx,218694,Tampa Bay Rays,Boston Red Sox,2026-09-20T17:16:39.042276+00:00,2026-09-20T20:59:24.808483+00:00,2026-09-20T16:59:24.808483-04:00,2026-09-20T16:59:24.808483-04:00,propline_free_sample
2026-09-20,2026-09-20 17:40:00+00:00,Patrick Sandoval,3.5,over,-156,smarkets,218694,Tampa Bay Rays,Boston Red Sox,2026-09-20T14:31:56.526970+00:00,2026-09-20T20:59:24.808483+00:00,2026-09-20T16:59:24.808483-04:00,2026-09-20T16:59:24.808483-04:00,propline_free_sample
2026-09-20,2026-09-20 17:40:00+00:00,Patrick Sandoval,3.5,under,110,smarkets,218694,Tampa Bay Rays,Boston Red Sox,2026-09-20T14:31:56.526970+00:00,2026-09-20T20:59:24.808483+00:00,2026-09-20T16:59:24.808483-04:00,2026-09-20T16:59:24.808483-04:00,propline_free_sample
2026-09-20,2026-09-20 17:40:00+00:00,David Peterson,4.5,over,-120,dabble,218692,Cincinnati Reds,Chicago Cubs,2026-09-20T15:05:57.142681+00:00,2026-09-20T20:59:24.808483+00:00,2026-09-20T16:59:24.808483-04:00,2026-09-20T16:59:24.808483-04:00,propline_free_sample
2026-09-20,2026-09-20 17:40:00+00:00,David Peterson,4.5,under,120,dabble,218692,Cincinnati Reds,Chicago Cubs,2026-09-20T15:05:57.142681+00:00,2026-09-20T20:59:24.808483+00:00,2026-09-20T16:59:24.808483-04:00,2026-09-20T16:59:24.808483-04:00,propline_free_sample
2026-09-20,2026-09-20 17:40:00+00:00,David Peterson,7.5,over,-186,underdog,218692,Cincinnati Reds,Chicago Cubs,2026-09-20T15:40:46.212586+00:00,2026-09-20T20:59:24.808483+00:00,2026-09-20T16:59:24.808483-04:00,2026-09-20T16:59:24.808483-04:00,propline_free_sample
2026-09-20,2026-09-20 17:40:00+00:00,David Peterson,7.5,under,125,underdog,218692,Cincinnati Reds,Chicago Cubs,2026-09-20T15:40:46.212586+00:00,2026-09-20T20:59:24.808483+00:00,2026-09-20T16:59:24.808483-04:00,2026-09-20T16:59:24.808483-04:00,propline_free_sample
2026-09-20,2026-09-20 17:40:00+00:00,David Peterson,4.5,over,-127,smarkets,218692,Cincinnati Reds,Chicago Cubs,2026-09-20T17:03:59.377319+00:00,2026-09-20T20:59:24.808483+00:00,2026-09-20T16:59:24.808483-04:00,2026-09-20T16:59:24.808483-04:00,propline_free_sample
2026-09-20,2026-09-20 17:40:00+00:00,David Peterson,4.5,under,-110,smarkets,218692,Cincinnati Reds,Chicago Cubs,2026-09-20T17:03:59.377319+00:00,2026-09-20T20:59:24.808483+00:00,2026-09-20T16:59:24.808483-04:00,2026-09-20T16:59:24.808483-04:00,propline_free_sample
2026-09-20,2026-09-20 17:40:00+00:00,David Peterson,4.5,over,-155,fanatics,218692,Cincinnati Reds,Chicago Cubs,2026-09-20T17:31:18.048520+00:00,2026-09-20T20:59:24.808483+00:00,2026-09-20T16:59:24.808483-04:00,2026-09-20T16:59:24.808483-04:00,propline_free_sample
2026-09-20,2026-09-20 17:40:00+00:00,David Peterson,4.5,under,115,fanatics,218692,Cincinnati Reds,Chicago Cubs,2026-09-20T17:31:18.048520+00:00,2026-09-20T20:59:24.808483+00:00,2026-09-20T16:59:24.808483-04:00,2026-09-20T16:59:24.808483-04:00,propline_free_sample
2026-09-20,2026-09-20 17:40:00+00:00,David Peterson,4.5,over,100,prizepicks,218692,Cincinnati Reds,Chicago Cubs,2026-09-20T14:51:45.769267+00:00,2026-09-20T20:59:24.808483+00:00,2026-09-20T16:59:24.808483-04:00,2026-09-20T16:59:24.808483-04:00,propline_free_sample
2026-09-20,2026-09-20 17:40:00+00:00,David Peterson,4.5,under,100,prizepicks,218692,Cincinnati Reds,Chicago Cubs,2026-09-20T14:51:45.769267+00:00,2026-09-20T20:59:24.808483+00:00,2026-09-20T16:59:24.808483-04:00,2026-09-20T16:59:24.808483-04:00,propline_free_sample
2026-09-20,2026-09-20 17:40:00+00:00,David Peterson,4.5,over,-138,draftkings,218692,Cincinnati Reds,Chicago Cubs,2026-09-20T16:01:41.864048+00:00,2026-09-20T20:59:24.808483+00:00,2026-09-20T16:59:24.808483-04:00,2026-09-20T16:59:24.808483-04:00,propline_free_sample
2026-09-20,2026-09-20 17:40:00+00:00,David Peterson,4.5,under,108,draftkings,218692,Cincinnati Reds,Chicago Cubs,2026-09-20T16:01:41.864048+00:00,2026-09-20T20:59:24.808483+00:00,2026-09-20T16:59:24.808483-04:00,2026-09-20T16:59:24.808483-04:00,propline_free_sample
2026-09-20,2026-09-20 17:40:00+00:00,Rhett Lowder,3.5,over,-138,rebet,218692,Cincinnati Reds,Chicago Cubs,2026-09-20T15:33:21.256624+00:00,2026-09-20T20:59:24.808483+00:00,2026-09-20T16:59:24.808483-04:00,2026-09-20T16:59:24.808483-04:00,propline_free_sample
2026-09-20,2026-09-20 17:40:00+00:00,Rhett Lowder,3.5,under,100,rebet,218692,Cincinnati Reds,Chicago Cubs,2026-09-20T15:33:21.256624+00:00,2026-09-20T20:59:24.808483+00:00,2026-09-20T16:59:24.808483-04:00,2026-09-20T16:59:24.808483-04:00,propline_free_sample
2026-09-20,2026-09-20 17:40:00+00:00,David Peterson,4.5,over,-144,rebet,218692,Cincinnati Reds,Chicago Cubs,2026-09-20T16:03:49.605273+00:00,2026-09-20T20:59:24.808483+00:00,2026-09-20T16:59:24.808483-04:00,2026-09-20T16:59:24.808483-04:00,propline_free_sample
2026-09-20,2026-09-20 17:40:00+00:00,David Peterson,4.5,under,104,rebet,218692,Cincinnati Reds,Chicago Cubs,2026-09-20T16:03:49.605273+00:00,2026-09-20T20:59:24.808483+00:00,2026-09-20T16:59:24.808483-04:00,2026-09-20T16:59:24.808483-04:00,propline_free_sample
2026-09-20,2026-09-20 17:40:00+00:00,David Peterson,4.5,over,-159,sleeper,218692,Cincinnati Reds,Chicago Cubs,2026-09-20T16:08:26.562975+00:00,2026-09-20T20:59:24.808483+00:00,2026-09-20T16:59:24.808483-04:00,2026-09-20T16:59:24.808483-04:00,propline_free_sample
2026-09-20,2026-09-20 17:40:00+00:00,David Peterson,4.5,under,-104,sleeper,218692,Cincinnati Reds,Chicago Cubs,2026-09-20T16:08:26.562975+00:00,2026-09-20T20:59:24.808483+00:00,2026-09-20T16:59:24.808483-04:00,2026-09-20T16:59:24.808483-04:00,propline_free_sample
2026-09-20,2026-09-20 17:40:00+00:00,Griffin Jax,6.5,over,-545,novig,218694,Tampa Bay Rays,Boston Red Sox,2026-09-20T16:37:19.855732+00:00,2026-09-20T20:59:24.808483+00:00,2026-09-20T16:59:24.808483-04:00,2026-09-20T16:59:24.808483-04:00,propline_free_sample
2026-09-20,2026-09-20 17:40:00+00:00,Griffin Jax,6.5,under,-99900,novig,218694,Tampa Bay Rays,Boston Red Sox,2026-09-20T14:58:38.107934+00:00,2026-09-20T20:59:24.808483+00:00,2026-09-20T16:59:24.808483-04:00,2026-09-20T16:59:24.808483-04:00,propline_free_sample
2026-09-20,2026-09-20 17:40:00+00:00,David Peterson,6.5,over,120,betmgm,218692,Cincinnati Reds,Chicago Cubs,2026-09-20T15:37:18.388257+00:00,2026-09-20T20:59:24.808483+00:00,2026-09-20T16:59:24.808483-04:00,2026-09-20T16:59:24.808483-04:00,propline_free_sample
2026-09-20,2026-09-20 17:40:00+00:00,David Peterson,6.5,under,-160,betmgm,218692,Cincinnati Reds,Chicago Cubs,2026-09-20T15:37:18.388257+00:00,2026-09-20T20:59:24.808483+00:00,2026-09-20T16:59:24.808483-04:00,2026-09-20T16:59:24.808483-04:00,propline_free_sample
2026-09-20,2026-09-20 17:40:00+00:00,David Peterson,0.5,over,-15000,hardrock,218692,Cincinnati Reds,Chicago Cubs,2026-09-20T15:00:22.453781+00:00,2026-09-20T20:59:24.808483+00:00,2026-09-20T16:59:24.808483-04:00,2026-09-20T16:59:24.808483-04:00,propline_free_sample
2026-09-20,2026-09-20 17:40:00+00:00,David Peterson,0.5,under,4000,hardrock,218692,Cincinnati Reds,Chicago Cubs,2026-09-20T15:00:22.453781+00:00,2026-09-20T20:59:24.808483+00:00,2026-09-20T16:59:24.808483-04:00,2026-09-20T16:59:24.808483-04:00,propline_free_sample
2026-09-20,2026-09-20 17:40:00+00:00,David Peterson,1.5,over,-4000,hardrock,218692,Cincinnati Reds,Chicago Cubs,2026-09-20T15:00:22.453781+00:00,2026-09-20T20:59:24.808483+00:00,2026-09-20T16:59:24.808483-04:00,2026-09-20T16:59:24.808483-04:00,propline_free_sample
2026-09-20,2026-09-20 17:40:00+00:00,David Peterson,1.5,under,800,hardrock,218692,Cincinnati Reds,Chicago Cubs,2026-09-20T15:00:22.453781+00:00,2026-09-20T20:59:24.808483+00:00,2026-09-20T16:59:24.808483-04:00,2026-09-20T16:59:24.808483-04:00,propline_free_sample
2026-09-20,2026-09-20 17:40:00+00:00,David Peterson,10.5,over,750,hardrock,218692,Cincinnati Reds,Chicago Cubs,2026-09-20T15:00:22.453781+00:00,2026-09-20T20:59:24.808483+00:00,2026-09-20T16:59:24.808483-04:00,2026-09-20T16:59:24.808483-04:00,propline_free_sample
2026-09-20,2026-09-20 17:40:00+00:00,David Peterson,10.5,under,-3000,hardrock,218692,Cincinnati Reds,Chicago Cubs,2026-09-20T15:00:22.453781+00:00,2026-09-20T20:59:24.808483+00:00,2026-09-20T16:59:24.808483-04:00,2026-09-20T16:59:24.808483-04:00,propline_free_sample
2026-09-20,2026-09-20 17:40:00+00:00,David Peterson,2.5,over,-850,hardrock,218692,Cincinnati Reds,Chicago Cubs,2026-09-20T15:37:42.960793+00:00,2026-09-20T20:59:24.808483+00:00,2026-09-20T16:59:24.808483-04:00,2026-09-20T16:59:24.808483-04:00,propline_free_sample
2026-09-20,2026-09-20 17:40:00+00:00,David Peterson,2.5,under,400,hardrock,218692,Cincinnati Reds,Chicago Cubs,2026-09-20T15:00:22.453781+00:00,2026-09-20T20:59:24.808483+00:00,2026-09-20T16:59:24.808483-04:00,2026-09-20T16:59:24.808483-04:00,propline_free_sample
2026-09-20,2026-09-20 17:40:00+00:00,David Peterson,3.5,over,-6000,hardrock,218692,Cincinnati Reds,Chicago Cubs,2026-09-20T15:37:42.960793+00:00,2026-09-20T20:59:24.808483+00:00,2026-09-20T16:59:24.808483-04:00,2026-09-20T16:59:24.808483-04:00,propline_free_sample
2026-09-20,2026-09-20 17:40:00+00:00,David Peterson,3.5,under,1500,hardrock,218692,Cincinnati Reds,Chicago Cubs,2026-09-20T16:11:37.790282+00:00,2026-09-20T20:59:24.808483+00:00,2026-09-20T16:59:24.808483-04:00,2026-09-20T16:59:24.808483-04:00,propline_free_sample
2026-09-20,2026-09-20 17:40:00+00:00,David Peterson,4.5,over,-4000,hardrock,218692,Cincinnati Reds,Chicago Cubs,2026-09-20T16:11:37.790282+00:00,2026-09-20T20:59:24.808483+00:00,2026-09-20T16:59:24.808483-04:00,2026-09-20T16:59:24.808483-04:00,propline_free_sample
2026-09-20,2026-09-20 17:40:00+00:00,David Peterson,4.5,under,1000,hardrock,218692,Cincinnati Reds,Chicago Cubs,2026-09-20T15:37:42.960793+00:00,2026-09-20T20:59:24.808483+00:00,2026-09-20T16:59:24.808483-04:00,2026-09-20T16:59:24.808483-04:00,propline_free_sample
2026-09-20,2026-09-20 17:40:00+00:00,David Peterson,5.5,over,-3000,hardrock,218692,Cincinnati Reds,Chicago Cubs,2026-09-20T16:11:37.790282+00:00,2026-09-20T20:59:24.808483+00:00,2026-09-20T16:59:24.808483-04:00,2026-09-20T16:59:24.808483-04:00,propline_free_sample
2026-09-20,2026-09-20 17:40:00+00:00,David Peterson,5.5,under,750,hardrock,218692,Cincinnati Reds,Chicago Cubs,2026-09-20T16:11:37.790282+00:00,2026-09-20T20:59:24.808483+00:00,2026-09-20T16:59:24.808483-04:00,2026-09-20T16:59:24.808483-04:00,propline_free_sample
2026-09-20,2026-09-20 17:40:00+00:00,David Peterson,6.5,over,-325,hardrock,218692,Cincinnati Reds,Chicago Cubs,2026-09-20T15:37:42.960793+00:00,2026-09-20T20:59:24.808483+00:00,2026-09-20T16:59:24.808483-04:00,2026-09-20T16:59:24.808483-04:00,propline_free_sample
2026-09-20,2026-09-20 17:40:00+00:00,David Peterson,6.5,under,200,hardrock,218692,Cincinnati Reds,Chicago Cubs,2026-09-20T17:00:17.532886+00:00,2026-09-20T20:59:24.808483+00:00,2026-09-20T16:59:24.808483-04:00,2026-09-20T16:59:24.808483-04:00,propline_free_sample
2026-09-20,2026-09-20 17:40:00+00:00,David Peterson,7.5,over,-525,hardrock,218692,Cincinnati Reds,Chicago Cubs,2026-09-20T15:37:42.960793+00:00,2026-09-20T20:59:24.808483+00:00,2026-09-20T16:59:24.808483-04:00,2026-09-20T16:59:24.808483-04:00,propline_free_sample
2026-09-20,2026-09-20 17:40:00+00:00,David Peterson,7.5,under,300,hardrock,218692,Cincinnati Reds,Chicago Cubs,2026-09-20T15:37:42.960793+00:00,2026-09-20T20:59:24.808483+00:00,2026-09-20T16:59:24.808483-04:00,2026-09-20T16:59:24.808483-04:00,propline_free_sample
2026-09-20,2026-09-20 17:40:00+00:00,David Peterson,8.5,over,-110,hardrock,218692,Cincinnati Reds,Chicago Cubs,2026-09-20T17:00:17.532886+00:00,2026-09-20T20:59:24.808483+00:00,2026-09-20T16:59:24.808483-04:00,2026-09-20T16:59:24.808483-04:00,propline_free_sample
2026-09-20,2026-09-20 17:40:00+00:00,David Peterson,8.5,under,-130,hardrock,218692,Cincinnati Reds,Chicago Cubs,2026-09-20T17:00:17.532886+00:00,2026-09-20T20:59:24.808483+00:00,2026-09-20T16:59:24.808483-04:00,2026-09-20T16:59:24.808483-04:00,propline_free_sample
2026-09-20,2026-09-20 17:40:00+00:00,David Peterson,9.5,over,275,hardrock,218692,Cincinnati Reds,Chicago Cubs,2026-09-20T15:37:42.960793+00:00,2026-09-20T20:59:24.808483+00:00,2026-09-20T16:59:24.808483-04:00,2026-09-20T16:59:24.808483-04:00,propline_free_sample
2026-09-20,2026-09-20 17:40:00+00:00,David Peterson,9.5,under,-500,hardrock,218692,Cincinnati Reds,Chicago Cubs,2026-09-20T15:37:42.960793+00:00,2026-09-20T20:59:24.808483+00:00,2026-09-20T16:59:24.808483-04:00,2026-09-20T16:59:24.808483-04:00,propline_free_sample
2026-09-20,2026-09-20 17:40:00+00:00,David Peterson,6.5,over,100,prizepicks,218692,Cincinnati Reds,Chicago Cubs,2026-09-20T15:02:05.669156+00:00,2026-09-20T20:59:24.808483+00:00,2026-09-20T16:59:24.808483-04:00,2026-09-20T16:59:24.808483-04:00,propline_free_sample
2026-09-20,2026-09-20 17:40:00+00:00,David Peterson,5.5,over,100,prizepicks,218692,Cincinnati Reds,Chicago Cubs,2026-09-20T15:02:05.669156+00:00,2026-09-20T20:59:24.808483+00:00,2026-09-20T16:59:24.808483-04:00,2026-09-20T16:59:24.808483-04:00,propline_free_sample
2026-09-20,2026-09-20 17:40:00+00:00,David Peterson,3.5,over,100,prizepicks,218692,Cincinnati Reds,Chicago Cubs,2026-09-20T15:02:05.669156+00:00,2026-09-20T20:59:24.808483+00:00,2026-09-20T16:59:24.808483-04:00,2026-09-20T16:59:24.808483-04:00,propline_free_sample
2026-09-20,2026-09-20 17:40:00+00:00,David Peterson,7.5,over,100,prizepicks,218692,Cincinnati Reds,Chicago Cubs,2026-09-20T15:02:05.669156+00:00,2026-09-20T20:59:24.808483+00:00,2026-09-20T16:59:24.808483-04:00,2026-09-20T16:59:24.808483-04:00,propline_free_sample
2026-09-20,2026-09-20 17:40:00+00:00,David Peterson,8.5,over,100,prizepicks,218692,Cincinnati Reds,Chicago Cubs,2026-09-20T15:02:05.669156+00:00,2026-09-20T20:59:24.808483+00:00,2026-09-20T16:59:24.808483-04:00,2026-09-20T16:59:24.808483-04:00,propline_free_sample
2026-09-20,2026-09-20 17:40:00+00:00,David Peterson (CHC),4.5,over,-135,betonlineag,218692,Cincinnati Reds,Chicago Cubs,2026-09-20T15:41:20.094829+00:00,2026-09-20T20:59:24.808483+00:00,2026-09-20T16:59:24.808483-04:00,2026-09-20T16:59:24.808483-04:00,propline_free_sample
2026-09-20,2026-09-20 17:40:00+00:00,David Peterson (CHC),4.5,under,-105,betonlineag,218692,Cincinnati Reds,Chicago Cubs,2026-09-20T15:41:20.094829+00:00,2026-09-20T20:59:24.808483+00:00,2026-09-20T16:59:24.808483-04:00,2026-09-20T16:59:24.808483-04:00,propline_free_sample
2026-09-20,2026-09-20 17:40:00+00:00,David Peterson (CHC),4.5,over,-135,lowvig,218692,Cincinnati Reds,Chicago Cubs,2026-09-20T15:41:24.888279+00:00,2026-09-20T20:59:24.808483+00:00,2026-09-20T16:59:24.808483-04:00,2026-09-20T16:59:24.808483-04:00,propline_free_sample
2026-09-20,2026-09-20 17:40:00+00:00,David Peterson (CHC),4.5,under,-105,lowvig,218692,Cincinnati Reds,Chicago Cubs,2026-09-20T15:41:24.888279+00:00,2026-09-20T20:59:24.808483+00:00,2026-09-20T16:59:24.808483-04:00,2026-09-20T16:59:24.808483-04:00,propline_free_sample
2026-09-20,2026-09-20 17:40:00+00:00,David Peterson,3.5,over,-900,polymarket_us,218692,Cincinnati Reds,Chicago Cubs,2026-09-20T17:16:42.413038+00:00,2026-09-20T20:59:24.808483+00:00,2026-09-20T16:59:24.808483-04:00,2026-09-20T16:59:24.808483-04:00,propline_free_sample
2026-09-20,2026-09-20 17:40:00+00:00,David Peterson,4.5,over,-257,polymarket_us,218692,Cincinnati Reds,Chicago Cubs,2026-09-20T17:38:12.944163+00:00,2026-09-20T20:59:24.808483+00:00,2026-09-20T16:59:24.808483-04:00,2026-09-20T16:59:24.808483-04:00,propline_free_sample
2026-09-20,2026-09-20 17:40:00+00:00,David Peterson,4.5,under,9900,polymarket_us,218692,Cincinnati Reds,Chicago Cubs,2026-09-20T17:14:54.906215+00:00,2026-09-20T20:59:24.808483+00:00,2026-09-20T16:59:24.808483-04:00,2026-09-20T16:59:24.808483-04:00,propline_free_sample
2026-09-20,2026-09-20 17:40:00+00:00,David Peterson,4.5,over,-140,fanduel,218692,Cincinnati Reds,Chicago Cubs,2026-09-20T15:20:00.082999+00:00,2026-09-20T20:59:24.808483+00:00,2026-09-20T16:59:24.808483-04:00,2026-09-20T16:59:24.808483-04:00,propline_free_sample
2026-09-20,2026-09-20 17:40:00+00:00,David Peterson,4.5,under,110,fanduel,218692,Cincinnati Reds,Chicago Cubs,2026-09-20T15:20:00.082999+00:00,2026-09-20T20:59:24.808483+00:00,2026-09-20T16:59:24.808483-04:00,2026-09-20T16:59:24.808483-04:00,propline_free_sample
2026-09-20,2026-09-20 17:40:00+00:00,David Peterson,4.5,over,-146,prophetx,218692,Cincinnati Reds,Chicago Cubs,2026-09-20T17:38:04.039740+00:00,2026-09-20T20:59:24.808483+00:00,2026-09-20T16:59:24.808483-04:00,2026-09-20T16:59:24.808483-04:00,propline_free_sample
2026-09-20,2026-09-20 17:40:00+00:00,David Peterson,4.5,under,-106,prophetx,218692,Cincinnati Reds,Chicago Cubs,2026-09-20T17:01:25.043901+00:00,2026-09-20T20:59:24.808483+00:00,2026-09-20T16:59:24.808483-04:00,2026-09-20T16:59:24.808483-04:00,propline_free_sample
2026-09-20,2026-09-20 17:40:00+00:00,David Peterson,3.5,under,9900,polymarket_us,218692,Cincinnati Reds,Chicago Cubs,2026-09-20T17:11:34.028381+00:00,2026-09-20T20:59:24.808483+00:00,2026-09-20T16:59:24.808483-04:00,2026-09-20T16:59:24.808483-04:00,propline_free_sample
2026-09-20,2026-09-20 17:40:00+00:00,David Peterson,7.5,over,9900,polymarket_us,218692,Cincinnati Reds,Chicago Cubs,2026-09-20T17:21:51.595503+00:00,2026-09-20T20:59:24.808483+00:00,2026-09-20T16:59:24.808483-04:00,2026-09-20T16:59:24.808483-04:00,propline_free_sample
2026-09-20,2026-09-20 17:40:00+00:00,David Peterson,6.5,under,100,prizepicks,218692,Cincinnati Reds,Chicago Cubs,2026-09-20T15:11:52.814028+00:00,2026-09-20T20:59:24.808483+00:00,2026-09-20T16:59:24.808483-04:00,2026-09-20T16:59:24.808483-04:00,propline_free_sample
2026-09-20,2026-09-20 17:40:00+00:00,David Peterson,5.5,under,100,prizepicks,218692,Cincinnati Reds,Chicago Cubs,2026-09-20T15:11:52.814028+00:00,2026-09-20T20:59:24.808483+00:00,2026-09-20T16:59:24.808483-04:00,2026-09-20T16:59:24.808483-04:00,propline_free_sample
2026-09-20,2026-09-20 17:40:00+00:00,David Peterson,2.5,over,100,prizepicks,218692,Cincinnati Reds,Chicago Cubs,2026-09-20T15:11:52.814028+00:00,2026-09-20T20:59:24.808483+00:00,2026-09-20T16:59:24.808483-04:00,2026-09-20T16:59:24.808483-04:00,propline_free_sample
2026-09-20,2026-09-20 17:40:00+00:00,David Peterson,2.5,under,100,prizepicks,218692,Cincinnati Reds,Chicago Cubs,2026-09-20T15:11:52.814028+00:00,2026-09-20T20:59:24.808483+00:00,2026-09-20T16:59:24.808483-04:00,2026-09-20T16:59:24.808483-04:00,propline_free_sample
2026-09-20,2026-09-20 17:40:00+00:00,David Peterson,3.5,under,100,prizepicks,218692,Cincinnati Reds,Chicago Cubs,2026-09-20T15:11:52.814028+00:00,2026-09-20T20:59:24.808483+00:00,2026-09-20T16:59:24.808483-04:00,2026-09-20T16:59:24.808483-04:00,propline_free_sample
2026-09-20,2026-09-20 17:40:00+00:00,David Peterson,4.5,over,100,prizepicks,218692,Cincinnati Reds,Chicago Cubs,2026-09-20T15:11:52.814028+00:00,2026-09-20T20:59:24.808483+00:00,2026-09-20T16:59:24.808483-04:00,2026-09-20T16:59:24.808483-04:00,propline_free_sample
2026-09-20,2026-09-20 17:40:00+00:00,David Peterson,4.5,under,100,prizepicks,218692,Cincinnati Reds,Chicago Cubs,2026-09-20T15:11:52.814028+00:00,2026-09-20T20:59:24.808483+00:00,2026-09-20T16:59:24.808483-04:00,2026-09-20T16:59:24.808483-04:00,propline_free_sample
2026-09-20,2026-09-20 17:40:00+00:00,David Peterson,6.5,over,-669,polymarket_us,218692,Cincinnati Reds,Chicago Cubs,2026-09-20T17:38:12.944163+00:00,2026-09-20T20:59:24.808483+00:00,2026-09-20T16:59:24.808483-04:00,2026-09-20T16:59:24.808483-04:00,propline_free_sample
2026-09-20,2026-09-20 17:40:00+00:00,David Peterson,4.5,over,-99900,novig,218692,Cincinnati Reds,Chicago Cubs,2026-09-20T17:37:36.092137+00:00,2026-09-20T20:59:24.808483+00:00,2026-09-20T16:59:24.808483-04:00,2026-09-20T16:59:24.808483-04:00,propline_free_sample
2026-09-20,2026-09-20 17:40:00+00:00,David Peterson,4.5,under,-174,novig,218692,Cincinnati Reds,Chicago Cubs,2026-09-20T17:21:33.668432+00:00,2026-09-20T20:59:24.808483+00:00,2026-09-20T16:59:24.808483-04:00,2026-09-20T16:59:24.808483-04:00,propline_free_sample
2026-09-20,2026-09-20 17:40:00+00:00,David Peterson (CHC),8.5,over,150,bovada,218692,Cincinnati Reds,Chicago Cubs,2026-09-20T15:18:13.033279+00:00,2026-09-20T20:59:24.808483+00:00,2026-09-20T16:59:24.808483-04:00,2026-09-20T16:59:24.808483-04:00,propline_free_sample
2026-09-20,2026-09-20 17:40:00+00:00,David Peterson (CHC),8.5,under,-200,bovada,218692,Cincinnati Reds,Chicago Cubs,2026-09-20T15:18:13.033279+00:00,2026-09-20T20:59:24.808483+00:00,2026-09-20T16:59:24.808483-04:00,2026-09-20T16:59:24.808483-04:00,propline_free_sample
2026-09-20,2026-09-20 17:40:00+00:00,David Peterson,2.5,over,-9900,kalshi,218692,Cincinnati Reds,Chicago Cubs,2026-09-20T17:35:40.079586+00:00,2026-09-20T20:59:24.808483+00:00,2026-09-20T16:59:24.808483-04:00,2026-09-20T16:59:24.808483-04:00,propline_free_sample
2026-09-20,2026-09-20 17:40:00+00:00,David Peterson,2.5,under,9900,kalshi,218692,Cincinnati Reds,Chicago Cubs,2026-09-20T17:39:55.412949+00:00,2026-09-20T20:59:24.808483+00:00,2026-09-20T16:59:24.808483-04:00,2026-09-20T16:59:24.808483-04:00,propline_free_sample
2026-09-20,2026-09-20 17:40:00+00:00,David Peterson,3.5,over,-9900,kalshi,218692,Cincinnati Reds,Chicago Cubs,2026-09-20T17:15:07.120955+00:00,2026-09-20T20:59:24.808483+00:00,2026-09-20T16:59:24.808483-04:00,2026-09-20T16:59:24.808483-04:00,propline_free_sample
2026-09-20,2026-09-20 17:40:00+00:00,David Peterson,3.5,under,9900,kalshi,218692,Cincinnati Reds,Chicago Cubs,2026-09-20T17:39:55.412949+00:00,2026-09-20T20:59:24.808483+00:00,2026-09-20T16:59:24.808483-04:00,2026-09-20T16:59:24.808483-04:00,propline_free_sample
2026-09-20,2026-09-20 17:40:00+00:00,David Peterson,4.5,over,-9900,kalshi,218692,Cincinnati Reds,Chicago Cubs,2026-09-20T17:37:37.939373+00:00,2026-09-20T20:59:24.808483+00:00,2026-09-20T16:59:24.808483-04:00,2026-09-20T16:59:24.808483-04:00,propline_free_sample
2026-09-20,2026-09-20 17:40:00+00:00,David Peterson,4.5,under,9900,kalshi,218692,Cincinnati Reds,Chicago Cubs,2026-09-20T17:37:37.939373+00:00,2026-09-20T20:59:24.808483+00:00,2026-09-20T16:59:24.808483-04:00,2026-09-20T16:59:24.808483-04:00,propline_free_sample
2026-09-20,2026-09-20 17:40:00+00:00,David Peterson,5.5,over,-9900,kalshi,218692,Cincinnati Reds,Chicago Cubs,2026-09-20T16:28:51.086480+00:00,2026-09-20T20:59:24.808483+00:00,2026-09-20T16:59:24.808483-04:00,2026-09-20T16:59:24.808483-04:00,propline_free_sample
2026-09-20,2026-09-20 17:40:00+00:00,David Peterson,5.5,under,9900,kalshi,218692,Cincinnati Reds,Chicago Cubs,2026-09-20T17:39:55.412949+00:00,2026-09-20T20:59:24.808483+00:00,2026-09-20T16:59:24.808483-04:00,2026-09-20T16:59:24.808483-04:00,propline_free_sample
2026-09-20,2026-09-20 17:40:00+00:00,David Peterson,6.5,over,-900,kalshi,218692,Cincinnati Reds,Chicago Cubs,2026-09-20T16:25:02.033328+00:00,2026-09-20T20:59:24.808483+00:00,2026-09-20T16:59:24.808483-04:00,2026-09-20T16:59:24.808483-04:00,propline_free_sample
2026-09-20,2026-09-20 17:40:00+00:00,David Peterson,7.5,over,9900,kalshi,218692,Cincinnati Reds,Chicago Cubs,2026-09-20T16:12:48.895893+00:00,2026-09-20T20:59:24.808483+00:00,2026-09-20T16:59:24.808483-04:00,2026-09-20T16:59:24.808483-04:00,propline_free_sample
2026-09-20,2026-09-20 17:40:00+00:00,David Peterson,8.5,over,9900,kalshi,218692,Cincinnati Reds,Chicago Cubs,2026-09-20T15:47:55.063952+00:00,2026-09-20T20:59:24.808483+00:00,2026-09-20T16:59:24.808483-04:00,2026-09-20T16:59:24.808483-04:00,propline_free_sample
2026-09-20,2026-09-20 17:40:00+00:00,David Peterson,6.5,under,9900,kalshi,218692,Cincinnati Reds,Chicago Cubs,2026-09-20T17:39:55.412949+00:00,2026-09-20T20:59:24.808483+00:00,2026-09-20T16:59:24.808483-04:00,2026-09-20T16:59:24.808483-04:00,propline_free_sample
2026-09-20,2026-09-20 17:40:00+00:00,David Peterson,7.5,under,-1900,kalshi,218692,Cincinnati Reds,Chicago Cubs,2026-09-20T17:05:36.803178+00:00,2026-09-20T20:59:24.808483+00:00,2026-09-20T16:59:24.808483-04:00,2026-09-20T16:59:24.808483-04:00,propline_free_sample
2026-09-20,2026-09-20 17:40:00+00:00,David Peterson,8.5,under,-4900,kalshi,218692,Cincinnati Reds,Chicago Cubs,2026-09-20T17:36:08.855250+00:00,2026-09-20T20:59:24.808483+00:00,2026-09-20T16:59:24.808483-04:00,2026-09-20T16:59:24.808483-04:00,propline_free_sample
2026-09-20,2026-09-20 17:40:00+00:00,Griffin Jax,8.5,under,-9900,kalshi,218694,Tampa Bay Rays,Boston Red Sox,2026-09-20T17:39:54.917709+00:00,2026-09-20T20:59:24.808483+00:00,2026-09-20T16:59:24.808483-04:00,2026-09-20T16:59:24.808483-04:00,propline_free_sample
2026-09-20,2026-09-20 17:40:00+00:00,Griffin Jax,5.5,over,121,rebet,218694,Tampa Bay Rays,Boston Red Sox,2026-09-20T15:55:03.405059+00:00,2026-09-20T20:59:24.808483+00:00,2026-09-20T16:59:24.808483-04:00,2026-09-20T16:59:24.808483-04:00,propline_free_sample
2026-09-20,2026-09-20 17:40:00+00:00,Griffin Jax,5.5,under,-168,rebet,218694,Tampa Bay Rays,Boston Red Sox,2026-09-20T15:55:03.405059+00:00,2026-09-20T20:59:24.808483+00:00,2026-09-20T16:59:24.808483-04:00,2026-09-20T16:59:24.808483-04:00,propline_free_sample
2026-09-20,2026-09-20 17:40:00+00:00,David Peterson,3.5,over,-317,novig,218692,Cincinnati Reds,Chicago Cubs,2026-09-20T17:35:52.538250+00:00,2026-09-20T20:59:24.808483+00:00,2026-09-20T16:59:24.808483-04:00,2026-09-20T16:59:24.808483-04:00,propline_free_sample
2026-09-20,2026-09-20 17:40:00+00:00,David Peterson,3.5,under,208,novig,218692,Cincinnati Reds,Chicago Cubs,2026-09-20T16:58:40.515452+00:00,2026-09-20T20:59:24.808483+00:00,2026-09-20T16:59:24.808483-04:00,2026-09-20T16:59:24.808483-04:00,propline_free_sample
2026-09-20,2026-09-20 17:40:00+00:00,David Peterson,5.5,over,-99900,novig,218692,Cincinnati Reds,Chicago Cubs,2026-09-20T17:35:52.538250+00:00,2026-09-20T20:59:24.808483+00:00,2026-09-20T16:59:24.808483-04:00,2026-09-20T16:59:24.808483-04:00,propline_free_sample
2026-09-20,2026-09-20 17:40:00+00:00,David Peterson,5.5,under,-228,novig,218692,Cincinnati Reds,Chicago Cubs,2026-09-20T17:21:33.668432+00:00,2026-09-20T20:59:24.808483+00:00,2026-09-20T16:59:24.808483-04:00,2026-09-20T16:59:24.808483-04:00,propline_free_sample
2026-09-20,2026-09-20 17:40:00+00:00,David Peterson,7.5,under,-144,polymarket_us,218692,Cincinnati Reds,Chicago Cubs,2026-09-20T17:38:12.944163+00:00,2026-09-20T20:59:24.808483+00:00,2026-09-20T16:59:24.808483-04:00,2026-09-20T16:59:24.808483-04:00,propline_free_sample
2026-09-20,2026-09-20 17:40:00+00:00,David Peterson,6.5,under,9900,polymarket_us,218692,Cincinnati Reds,Chicago Cubs,2026-09-20T17:38:12.944163+00:00,2026-09-20T20:59:24.808483+00:00,2026-09-20T16:59:24.808483-04:00,2026-09-20T16:59:24.808483-04:00,propline_free_sample
2026-09-20,2026-09-20 17:40:00+00:00,David Peterson,2.5,over,-614,polymarket_us,218692,Cincinnati Reds,Chicago Cubs,2026-09-20T17:11:34.028381+00:00,2026-09-20T20:59:24.808483+00:00,2026-09-20T16:59:24.808483-04:00,2026-09-20T16:59:24.808483-04:00,propline_free_sample
2026-09-20,2026-09-20 17:40:00+00:00,David Peterson,2.5,under,9900,polymarket_us,218692,Cincinnati Reds,Chicago Cubs,2026-09-20T17:09:46.777699+00:00,2026-09-20T20:59:24.808483+00:00,2026-09-20T16:59:24.808483-04:00,2026-09-20T16:59:24.808483-04:00,propline_free_sample
2026-09-20,2026-09-20 17:40:00+00:00,Griffin Jax,10.5,over,4000,hardrock,218694,Tampa Bay Rays,Boston Red Sox,2026-09-20T16:43:02.980637+00:00,2026-09-20T20:59:24.808483+00:00,2026-09-20T16:59:24.808483-04:00,2026-09-20T16:59:24.808483-04:00,propline_free_sample
2026-09-20,2026-09-20 17:40:00+00:00,Griffin Jax,10.5,under,-100000,hardrock,218694,Tampa Bay Rays,Boston Red Sox,2026-09-20T16:43:02.980637+00:00,2026-09-20T20:59:24.808483+00:00,2026-09-20T16:59:24.808483-04:00,2026-09-20T16:59:24.808483-04:00,propline_free_sample
2026-09-20,2026-09-20 17:40:00+00:00,David Peterson,4.5,over,-120,onexbet,218692,Cincinnati Reds,Chicago Cubs,2026-09-20T16:45:42.051387+00:00,2026-09-20T20:59:24.808483+00:00,2026-09-20T16:59:24.808483-04:00,2026-09-20T16:59:24.808483-04:00,propline_free_sample
2026-09-20,2026-09-20 17:40:00+00:00,David Peterson,4.5,under,-110,onexbet,218692,Cincinnati Reds,Chicago Cubs,2026-09-20T16:45:42.051387+00:00,2026-09-20T20:59:24.808483+00:00,2026-09-20T16:59:24.808483-04:00,2026-09-20T16:59:24.808483-04:00,propline_free_sample
2026-09-20,2026-09-20 17:40:00+00:00,Griffin Jax,5.5,over,114,smarkets,218694,Tampa Bay Rays,Boston Red Sox,2026-09-20T17:27:39.897502+00:00,2026-09-20T20:59:24.808483+00:00,2026-09-20T16:59:24.808483-04:00,2026-09-20T16:59:24.808483-04:00,propline_free_sample
2026-09-20,2026-09-20 17:40:00+00:00,Griffin Jax,5.5,under,-161,smarkets,218694,Tampa Bay Rays,Boston Red Sox,2026-09-20T17:27:39.897502+00:00,2026-09-20T20:59:24.808483+00:00,2026-09-20T16:59:24.808483-04:00,2026-09-20T16:59:24.808483-04:00,propline_free_sample
2026-09-20,2026-09-20 17:40:00+00:00,Griffin Jax,0.5,over,-50000,hardrock,218694,Tampa Bay Rays,Boston Red Sox,,2026-09-20T20:59:24.808483+00:00,2026-09-20T16:59:24.808483-04:00,2026-09-20T16:59:24.808483-04:00,propline_free_sample
2026-09-20,2026-09-20 17:40:00+00:00,Griffin Jax,0.5,under,4000,hardrock,218694,Tampa Bay Rays,Boston Red Sox,,2026-09-20T20:59:24.808483+00:00,2026-09-20T16:59:24.808483-04:00,2026-09-20T16:59:24.808483-04:00,propline_free_sample
2026-09-20,2026-09-20 17:40:00+00:00,David Peterson,11.5,over,3000,hardrock,218692,Cincinnati Reds,Chicago Cubs,,2026-09-20T20:59:24.808483+00:00,2026-09-20T16:59:24.808483-04:00,2026-09-20T16:59:24.808483-04:00,propline_free_sample
2026-09-20,2026-09-20 17:40:00+00:00,David Peterson,11.5,under,-20000,hardrock,218692,Cincinnati Reds,Chicago Cubs,,2026-09-20T20:59:24.808483+00:00,2026-09-20T16:59:24.808483-04:00,2026-09-20T16:59:24.808483-04:00,propline_free_sample
2026-09-20,2026-09-20 17:35:00+00:00,Lake Bachar,0.5,over,-176,underdog,218691,Pittsburgh Pirates,Kansas City Royals,2026-09-20T14:52:59.059519+00:00,2026-09-20T20:59:24.808483+00:00,2026-09-20T16:59:24.808483-04:00,2026-09-20T16:59:24.808483-04:00,propline_free_sample
2026-09-20,2026-09-20 17:35:00+00:00,Michael Wacha,6.5,over,139,underdog,218691,Pittsburgh Pirates,Kansas City Royals,2026-09-20T15:24:58.542121+00:00,2026-09-20T20:59:24.808483+00:00,2026-09-20T16:59:24.808483-04:00,2026-09-20T16:59:24.808483-04:00,propline_free_sample
2026-09-20,2026-09-20 17:35:00+00:00,Lake Bachar,0.5,under,117,underdog,218691,Pittsburgh Pirates,Kansas City Royals,2026-09-20T14:52:59.059519+00:00,2026-09-20T20:59:24.808483+00:00,2026-09-20T16:59:24.808483-04:00,2026-09-20T16:59:24.808483-04:00,propline_free_sample
2026-09-20,2026-09-20 17:35:00+00:00,Michael Wacha,6.5,under,-209,underdog,218691,Pittsburgh Pirates,Kansas City Royals,2026-09-20T15:24:58.542121+00:00,2026-09-20T20:59:24.808483+00:00,2026-09-20T16:59:24.808483-04:00,2026-09-20T16:59:24.808483-04:00,propline_free_sample
2026-09-20,2026-09-20 17:35:00+00:00,Lake Bachar,1.5,over,137,dabble,218691,Pittsburgh Pirates,Kansas City Royals,2026-09-20T14:54:13.726171+00:00,2026-09-20T20:59:24.808483+00:00,2026-09-20T16:59:24.808483-04:00,2026-09-20T16:59:24.808483-04:00,propline_free_sample
2026-09-20,2026-09-20 17:35:00+00:00,Michael Wacha,4.5,over,-120,dabble,218691,Pittsburgh Pirates,Kansas City Royals,2026-09-20T05:55:53.935400+00:00,2026-09-20T20:59:24.808483+00:00,2026-09-20T16:59:24.808483-04:00,2026-09-20T16:59:24.808483-04:00,propline_free_sample
2026-09-20,2026-09-20 17:35:00+00:00,Lake Bachar,1.5,under,-135,dabble,218691,Pittsburgh Pirates,Kansas City Royals,2026-09-20T14:54:13.726171+00:00,2026-09-20T20:59:24.808483+00:00,2026-09-20T16:59:24.808483-04:00,2026-09-20T16:59:24.808483-04:00,propline_free_sample
2026-09-20,2026-09-20 17:35:00+00:00,Michael Wacha,4.5,under,120,dabble,218691,Pittsburgh Pirates,Kansas City Royals,2026-09-20T05:55:53.935400+00:00,2026-09-20T20:59:24.808483+00:00,2026-09-20T16:59:24.808483-04:00,2026-09-20T16:59:24.808483-04:00,propline_free_sample
2026-09-20,2026-09-20 17:35:00+00:00,Michael Wacha,5.0,over,100,prizepicks,218691,Pittsburgh Pirates,Kansas City Royals,2026-09-20T17:28:26.048766+00:00,2026-09-20T20:59:24.808483+00:00,2026-09-20T16:59:24.808483-04:00,2026-09-20T16:59:24.808483-04:00,propline_free_sample
2026-09-20,2026-09-20 17:35:00+00:00,Michael Wacha,5.0,under,100,prizepicks,218691,Pittsburgh Pirates,Kansas City Royals,2026-09-20T17:28:26.048766+00:00,2026-09-20T20:59:24.808483+00:00,2026-09-20T16:59:24.808483-04:00,2026-09-20T16:59:24.808483-04:00,propline_free_sample
2026-09-20,2026-09-20 17:35:00+00:00,Lake Bachar,1.5,over,100,prizepicks,218691,Pittsburgh Pirates,Kansas City Royals,2026-09-20T03:35:30.354529+00:00,2026-09-20T20:59:24.808483+00:00,2026-09-20T16:59:24.808483-04:00,2026-09-20T16:59:24.808483-04:00,propline_free_sample
2026-09-20,2026-09-20 17:35:00+00:00,Lake Bachar,1.5,under,100,prizepicks,218691,Pittsburgh Pirates,Kansas City Royals,2026-09-20T03:35:30.354529+00:00,2026-09-20T20:59:24.808483+00:00,2026-09-20T16:59:24.808483-04:00,2026-09-20T16:59:24.808483-04:00,propline_free_sample
2026-09-20,2026-09-20 17:35:00+00:00,Lake Bachar,1.5,over,114,smarkets,218691,Pittsburgh Pirates,Kansas City Royals,2026-09-20T14:52:19.371419+00:00,2026-09-20T20:59:24.808483+00:00,2026-09-20T16:59:24.808483-04:00,2026-09-20T16:59:24.808483-04:00,propline_free_sample
2026-09-20,2026-09-20 17:35:00+00:00,Lake Bachar,1.5,under,-161,smarkets,218691,Pittsburgh Pirates,Kansas City Royals,2026-09-20T14:52:19.371419+00:00,2026-09-20T20:59:24.808483+00:00,2026-09-20T16:59:24.808483-04:00,2026-09-20T16:59:24.808483-04:00,propline_free_sample
2026-09-20,2026-09-20 17:35:00+00:00,Michael Wacha,4.5,over,-123,smarkets,218691,Pittsburgh Pirates,Kansas City Royals,2026-09-20T16:44:10.549332+00:00,2026-09-20T20:59:24.808483+00:00,2026-09-20T16:59:24.808483-04:00,2026-09-20T16:59:24.808483-04:00,propline_free_sample
2026-09-20,2026-09-20 17:35:00+00:00,Michael Wacha,4.5,under,-114,smarkets,218691,Pittsburgh Pirates,Kansas City Royals,2026-09-20T16:29:08.642864+00:00,2026-09-20T20:59:24.808483+00:00,2026-09-20T16:59:24.808483-04:00,2026-09-20T16:59:24.808483-04:00,propline_free_sample
2026-09-20,2026-09-20 17:35:00+00:00,Michael Wacha,6.5,over,100,prizepicks,218691,Pittsburgh Pirates,Kansas City Royals,2026-09-20T04:03:39.604670+00:00,2026-09-20T20:59:24.808483+00:00,2026-09-20T16:59:24.808483-04:00,2026-09-20T16:59:24.808483-04:00,propline_free_sample
2026-09-20,2026-09-20 17:35:00+00:00,Michael Wacha,3.5,over,100,prizepicks,218691,Pittsburgh Pirates,Kansas City Royals,2026-09-20T04:03:39.604670+00:00,2026-09-20T20:59:24.808483+00:00,2026-09-20T16:59:24.808483-04:00,2026-09-20T16:59:24.808483-04:00,propline_free_sample
2026-09-20,2026-09-20 17:35:00+00:00,Michael Wacha,4.5,over,-136,fanduel,218691,Pittsburgh Pirates,Kansas City Royals,2026-09-20T16:58:28.559015+00:00,2026-09-20T20:59:24.808483+00:00,2026-09-20T16:59:24.808483-04:00,2026-09-20T16:59:24.808483-04:00,propline_free_sample
2026-09-20,2026-09-20 17:35:00+00:00,Michael Wacha,4.5,under,106,fanduel,218691,Pittsburgh Pirates,Kansas City Royals,2026-09-20T16:58:28.559015+00:00,2026-09-20T20:59:24.808483+00:00,2026-09-20T16:59:24.808483-04:00,2026-09-20T16:59:24.808483-04:00,propline_free_sample
2026-09-20,2026-09-20 17:35:00+00:00,Michael Wacha (KC),5.5,over,-185,bovada,218691,Pittsburgh Pirates,Kansas City Royals,2026-09-20T17:19:06.481767+00:00,2026-09-20T20:59:24.808483+00:00,2026-09-20T16:59:24.808483-04:00,2026-09-20T16:59:24.808483-04:00,propline_free_sample
2026-09-20,2026-09-20 17:35:00+00:00,Michael Wacha (KC),5.5,under,140,bovada,218691,Pittsburgh Pirates,Kansas City Royals,2026-09-20T17:19:06.481767+00:00,2026-09-20T20:59:24.808483+00:00,2026-09-20T16:59:24.808483-04:00,2026-09-20T16:59:24.808483-04:00,propline_free_sample
2026-09-20,2026-09-20 17:35:00+00:00,Michael Wacha,4.5,over,-152,sleeper,218691,Pittsburgh Pirates,Kansas City Royals,2026-09-20T16:42:19.193487+00:00,2026-09-20T20:59:24.808483+00:00,2026-09-20T16:59:24.808483-04:00,2026-09-20T16:59:24.808483-04:00,propline_free_sample
2026-09-20,2026-09-20 17:35:00+00:00,Michael Wacha,4.5,under,-109,sleeper,218691,Pittsburgh Pirates,Kansas City Royals,2026-09-20T17:10:48.241493+00:00,2026-09-20T20:59:24.808483+00:00,2026-09-20T16:59:24.808483-04:00,2026-09-20T16:59:24.808483-04:00,propline_free_sample
2026-09-20,2026-09-20 17:35:00+00:00,Michael Wacha,5.5,over,100,prizepicks,218691,Pittsburgh Pirates,Kansas City Royals,2026-09-20T05:23:53.771717+00:00,2026-09-20T20:59:24.808483+00:00,2026-09-20T16:59:24.808483-04:00,2026-09-20T16:59:24.808483-04:00,propline_free_sample
2026-09-20,2026-09-20 17:35:00+00:00,Michael Wacha,7.5,over,100,prizepicks,218691,Pittsburgh Pirates,Kansas City Royals,2026-09-20T05:23:53.771717+00:00,2026-09-20T20:59:24.808483+00:00,2026-09-20T16:59:24.808483-04:00,2026-09-20T16:59:24.808483-04:00,propline_free_sample
2026-09-20,2026-09-20 17:35:00+00:00,Michael Wacha,4.5,over,-99900,novig,218691,Pittsburgh Pirates,Kansas City Royals,2026-09-20T17:23:28.115089+00:00,2026-09-20T20:59:24.808483+00:00,2026-09-20T16:59:24.808483-04:00,2026-09-20T16:59:24.808483-04:00,propline_free_sample
2026-09-20,2026-09-20 17:35:00+00:00,Michael Wacha,4.5,under,-257,novig,218691,Pittsburgh Pirates,Kansas City Royals,2026-09-20T17:33:49.196259+00:00,2026-09-20T20:59:24.808483+00:00,2026-09-20T16:59:24.808483-04:00,2026-09-20T16:59:24.808483-04:00,propline_free_sample
2026-09-20,2026-09-20 17:35:00+00:00,Michael Wacha,5.5,over,-115,fanatics,218691,Pittsburgh Pirates,Kansas City Royals,2026-09-20T17:24:13.005037+00:00,2026-09-20T20:59:24.808483+00:00,2026-09-20T16:59:24.808483-04:00,2026-09-20T16:59:24.808483-04:00,propline_free_sample
2026-09-20,2026-09-20 17:35:00+00:00,Michael Wacha,5.5,under,-115,fanatics,218691,Pittsburgh Pirates,Kansas City Royals,2026-09-20T17:24:13.005037+00:00,2026-09-20T20:59:24.808483+00:00,2026-09-20T16:59:24.808483-04:00,2026-09-20T16:59:24.808483-04:00,propline_free_sample
2026-09-20,2026-09-20 17:35:00+00:00,Michael Wacha,4.5,over,100,prizepicks,218691,Pittsburgh Pirates,Kansas City Royals,2026-09-20T05:41:51.593436+00:00,2026-09-20T20:59:24.808483+00:00,2026-09-20T16:59:24.808483-04:00,2026-09-20T16:59:24.808483-04:00,propline_free_sample
2026-09-20,2026-09-20 17:35:00+00:00,Michael Wacha,4.5,under,100,prizepicks,218691,Pittsburgh Pirates,Kansas City Royals,2026-09-20T05:41:51.593436+00:00,2026-09-20T20:59:24.808483+00:00,2026-09-20T16:59:24.808483-04:00,2026-09-20T16:59:24.808483-04:00,propline_free_sample
2026-09-20,2026-09-20 17:35:00+00:00,Michael Wacha,4.5,over,-900,polymarket_us,218691,Pittsburgh Pirates,Kansas City Royals,2026-09-20T17:11:36.000476+00:00,2026-09-20T20:59:24.808483+00:00,2026-09-20T16:59:24.808483-04:00,2026-09-20T16:59:24.808483-04:00,propline_free_sample
2026-09-20,2026-09-20 17:35:00+00:00,Michael Wacha,4.5,under,9900,polymarket_us,218691,Pittsburgh Pirates,Kansas City Royals,2026-09-20T15:21:48.972536+00:00,2026-09-20T20:59:24.808483+00:00,2026-09-20T16:59:24.808483-04:00,2026-09-20T16:59:24.808483-04:00,propline_free_sample
2026-09-20,2026-09-20 17:35:00+00:00,Michael Wacha,2.5,under,9900,polymarket_us,218691,Pittsburgh Pirates,Kansas City Royals,2026-09-20T12:24:21.577198+00:00,2026-09-20T20:59:24.808483+00:00,2026-09-20T16:59:24.808483-04:00,2026-09-20T16:59:24.808483-04:00,propline_free_sample
2026-09-20,2026-09-20 17:35:00+00:00,Michael Wacha,3.5,under,9900,polymarket_us,218691,Pittsburgh Pirates,Kansas City Royals,2026-09-20T17:14:57.188978+00:00,2026-09-20T20:59:24.808483+00:00,2026-09-20T16:59:24.808483-04:00,2026-09-20T16:59:24.808483-04:00,propline_free_sample
2026-09-20,2026-09-20 17:35:00+00:00,Michael Wacha,4.5,over,-138,prophetx,218691,Pittsburgh Pirates,Kansas City Royals,2026-09-20T17:32:30.413986+00:00,2026-09-20T20:59:24.808483+00:00,2026-09-20T16:59:24.808483-04:00,2026-09-20T16:59:24.808483-04:00,propline_free_sample
2026-09-20,2026-09-20 17:35:00+00:00,Michael Wacha,4.5,under,120,prophetx,218691,Pittsburgh Pirates,Kansas City Royals,2026-09-20T17:21:43.553746+00:00,2026-09-20T20:59:24.808483+00:00,2026-09-20T16:59:24.808483-04:00,2026-09-20T16:59:24.808483-04:00,propline_free_sample
2026-09-20,2026-09-20 17:35:00+00:00,Michael Wacha,7.5,over,9900,polymarket_us,218691,Pittsburgh Pirates,Kansas City Royals,2026-09-20T16:35:58.630651+00:00,2026-09-20T20:59:24.808483+00:00,2026-09-20T16:59:24.808483-04:00,2026-09-20T16:59:24.808483-04:00,propline_free_sample
2026-09-20,2026-09-20 17:35:00+00:00,Michael Wacha,6.5,over,9900,polymarket_us,218691,Pittsburgh Pirates,Kansas City Royals,2026-09-20T17:21:52.672431+00:00,2026-09-20T20:59:24.808483+00:00,2026-09-20T16:59:24.808483-04:00,2026-09-20T16:59:24.808483-04:00,propline_free_sample
2026-09-20,2026-09-20 17:35:00+00:00,Michael Wacha,8.5,over,100,prizepicks,218691,Pittsburgh Pirates,Kansas City Royals,2026-09-20T07:32:56.332555+00:00,2026-09-20T20:59:24.808483+00:00,2026-09-20T16:59:24.808483-04:00,2026-09-20T16:59:24.808483-04:00,propline_free_sample
2026-09-20,2026-09-20 17:35:00+00:00,Michael Wacha,4.5,over,-130,draftkings,218691,Pittsburgh Pirates,Kansas City Royals,2026-09-20T15:24:03.942672+00:00,2026-09-20T20:59:24.808483+00:00,2026-09-20T16:59:24.808483-04:00,2026-09-20T16:59:24.808483-04:00,propline_free_sample
2026-09-20,2026-09-20 17:35:00+00:00,Michael Wacha,4.5,under,102,draftkings,218691,Pittsburgh Pirates,Kansas City Royals,2026-09-20T15:24:03.942672+00:00,2026-09-20T20:59:24.808483+00:00,2026-09-20T16:59:24.808483-04:00,2026-09-20T16:59:24.808483-04:00,propline_free_sample
2026-09-20,2026-09-20 17:35:00+00:00,Michael Wacha,3.5,over,-1567,polymarket_us,218691,Pittsburgh Pirates,Kansas City Royals,2026-09-20T17:21:52.672431+00:00,2026-09-20T20:59:24.808483+00:00,2026-09-20T16:59:24.808483-04:00,2026-09-20T16:59:24.808483-04:00,propline_free_sample
2026-09-20,2026-09-20 17:35:00+00:00,Michael Wacha,4.5,over,-150,onexbet,218691,Pittsburgh Pirates,Kansas City Royals,2026-09-20T09:06:24.343321+00:00,2026-09-20T20:59:24.808483+00:00,2026-09-20T16:59:24.808483-04:00,2026-09-20T16:59:24.808483-04:00,propline_free_sample
2026-09-20,2026-09-20 17:35:00+00:00,Michael Wacha,4.5,under,110,onexbet,218691,Pittsburgh Pirates,Kansas City Royals,2026-09-20T09:06:24.343321+00:00,2026-09-20T20:59:24.808483+00:00,2026-09-20T16:59:24.808483-04:00,2026-09-20T16:59:24.808483-04:00,propline_free_sample
2026-09-20,2026-09-20 17:35:00+00:00,Michael Wacha,2.5,over,-335,polymarket_us,218691,Pittsburgh Pirates,Kansas City Royals,2026-09-20T16:20:25.012179+00:00,2026-09-20T20:59:24.808483+00:00,2026-09-20T16:59:24.808483-04:00,2026-09-20T16:59:24.808483-04:00,propline_free_sample
2026-09-20,2026-09-20 17:35:00+00:00,Michael Wacha,2.5,over,-4900,kalshi,218691,Pittsburgh Pirates,Kansas City Royals,2026-09-20T16:34:37.443128+00:00,2026-09-20T20:59:24.808483+00:00,2026-09-20T16:59:24.808483-04:00,2026-09-20T16:59:24.808483-04:00,propline_free_sample
2026-09-20,2026-09-20 17:35:00+00:00,Michael Wacha,3.5,over,-4900,kalshi,218691,Pittsburgh Pirates,Kansas City Royals,2026-09-20T15:44:40.550581+00:00,2026-09-20T20:59:24.808483+00:00,2026-09-20T16:59:24.808483-04:00,2026-09-20T16:59:24.808483-04:00,propline_free_sample
2026-09-20,2026-09-20 17:35:00+00:00,Michael Wacha,4.5,over,-376,kalshi,218691,Pittsburgh Pirates,Kansas City Royals,2026-09-20T17:11:34.712727+00:00,2026-09-20T20:59:24.808483+00:00,2026-09-20T16:59:24.808483-04:00,2026-09-20T16:59:24.808483-04:00,propline_free_sample
2026-09-20,2026-09-20 17:35:00+00:00,Michael Wacha,5.5,over,9900,kalshi,218691,Pittsburgh Pirates,Kansas City Royals,2026-09-20T15:22:17.984268+00:00,2026-09-20T20:59:24.808483+00:00,2026-09-20T16:59:24.808483-04:00,2026-09-20T16:59:24.808483-04:00,propline_free_sample
2026-09-20,2026-09-20 17:35:00+00:00,Michael Wacha,6.5,over,9900,kalshi,218691,Pittsburgh Pirates,Kansas City Royals,2026-09-20T16:52:28.281183+00:00,2026-09-20T20:59:24.808483+00:00,2026-09-20T16:59:24.808483-04:00,2026-09-20T16:59:24.808483-04:00,propline_free_sample
2026-09-20,2026-09-20 17:35:00+00:00,Michael Wacha,7.5,over,9900,kalshi,218691,Pittsburgh Pirates,Kansas City Royals,2026-09-20T15:19:34.264143+00:00,2026-09-20T20:59:24.808483+00:00,2026-09-20T16:59:24.808483-04:00,2026-09-20T16:59:24.808483-04:00,propline_free_sample
2026-09-20,2026-09-20 17:35:00+00:00,Michael Wacha,8.5,over,9900,kalshi,218691,Pittsburgh Pirates,Kansas City Royals,2026-09-20T15:39:21.042090+00:00,2026-09-20T20:59:24.808483+00:00,2026-09-20T16:59:24.808483-04:00,2026-09-20T16:59:24.808483-04:00,propline_free_sample
2026-09-20,2026-09-20 17:35:00+00:00,Michael Wacha,8.5,under,-9900,kalshi,218691,Pittsburgh Pirates,Kansas City Royals,2026-09-20T17:32:04.429246+00:00,2026-09-20T20:59:24.808483+00:00,2026-09-20T16:59:24.808483-04:00,2026-09-20T16:59:24.808483-04:00,propline_free_sample
2026-09-20,2026-09-20 17:35:00+00:00,Michael Wacha,2.5,under,9900,kalshi,218691,Pittsburgh Pirates,Kansas City Royals,2026-09-20T17:06:49.669664+00:00,2026-09-20T20:59:24.808483+00:00,2026-09-20T16:59:24.808483-04:00,2026-09-20T16:59:24.808483-04:00,propline_free_sample
2026-09-20,2026-09-20 17:35:00+00:00,Michael Wacha,3.5,under,9900,kalshi,218691,Pittsburgh Pirates,Kansas City Royals,2026-09-20T17:11:06.606388+00:00,2026-09-20T20:59:24.808483+00:00,2026-09-20T16:59:24.808483-04:00,2026-09-20T16:59:24.808483-04:00,propline_free_sample
2026-09-20,2026-09-20 17:35:00+00:00,Michael Wacha,4.5,under,9900,kalshi,218691,Pittsburgh Pirates,Kansas City Royals,2026-09-20T17:11:34.712727+00:00,2026-09-20T20:59:24.808483+00:00,2026-09-20T16:59:24.808483-04:00,2026-09-20T16:59:24.808483-04:00,propline_free_sample
2026-09-20,2026-09-20 17:35:00+00:00,Michael Wacha,5.5,under,-1011,kalshi,218691,Pittsburgh Pirates,Kansas City Royals,2026-09-20T17:32:04.429246+00:00,2026-09-20T20:59:24.808483+00:00,2026-09-20T16:59:24.808483-04:00,2026-09-20T16:59:24.808483-04:00,propline_free_sample
2026-09-20,2026-09-20 17:35:00+00:00,Michael Wacha,6.5,under,-614,polymarket_us,218691,Pittsburgh Pirates,Kansas City Royals,2026-09-20T16:44:25.939841+00:00,2026-09-20T20:59:24.808483+00:00,2026-09-20T16:59:24.808483-04:00,2026-09-20T16:59:24.808483-04:00,propline_free_sample
2026-09-20,2026-09-20 17:35:00+00:00,Michael Wacha,7.5,under,-1329,polymarket_us,218691,Pittsburgh Pirates,Kansas City Royals,2026-09-20T10:55:37.031132+00:00,2026-09-20T20:59:24.808483+00:00,2026-09-20T16:59:24.808483-04:00,2026-09-20T16:59:24.808483-04:00,propline_free_sample
2026-09-20,2026-09-20 17:35:00+00:00,Michael Wacha,6.5,under,-9900,kalshi,218691,Pittsburgh Pirates,Kansas City Royals,2026-09-20T17:06:49.669664+00:00,2026-09-20T20:59:24.808483+00:00,2026-09-20T16:59:24.808483-04:00,2026-09-20T16:59:24.808483-04:00,propline_free_sample
2026-09-20,2026-09-20 17:35:00+00:00,Michael Wacha,7.5,under,-9900,kalshi,218691,Pittsburgh Pirates,Kansas City Royals,2026-09-20T17:33:18.916066+00:00,2026-09-20T20:59:24.808483+00:00,2026-09-20T16:59:24.808483-04:00,2026-09-20T16:59:24.808483-04:00,propline_free_sample
2026-09-20,2026-09-20 17:35:00+00:00,Lake Bachar,1.5,over,120,onexbet,218691,Pittsburgh Pirates,Kansas City Royals,2026-09-20T14:59:53.685631+00:00,2026-09-20T20:59:24.808483+00:00,2026-09-20T16:59:24.808483-04:00,2026-09-20T16:59:24.808483-04:00,propline_free_sample
2026-09-20,2026-09-20 17:35:00+00:00,Lake Bachar,1.5,under,-160,onexbet,218691,Pittsburgh Pirates,Kansas City Royals,2026-09-20T14:59:53.685631+00:00,2026-09-20T20:59:24.808483+00:00,2026-09-20T16:59:24.808483-04:00,2026-09-20T16:59:24.808483-04:00,propline_free_sample
2026-09-20,2026-09-20 17:35:00+00:00,Michael Wacha,1.5,over,-1600,hardrock,218691,Pittsburgh Pirates,Kansas City Royals,2026-09-20T13:40:19.376042+00:00,2026-09-20T20:59:24.808483+00:00,2026-09-20T16:59:24.808483-04:00,2026-09-20T16:59:24.808483-04:00,propline_free_sample
2026-09-20,2026-09-20 17:35:00+00:00,Michael Wacha,1.5,under,550,hardrock,218691,Pittsburgh Pirates,Kansas City Royals,2026-09-20T15:21:56.037942+00:00,2026-09-20T20:59:24.808483+00:00,2026-09-20T16:59:24.808483-04:00,2026-09-20T16:59:24.808483-04:00,propline_free_sample
2026-09-20,2026-09-20 17:35:00+00:00,Michael Wacha,10.5,over,5000,hardrock,218691,Pittsburgh Pirates,Kansas City Royals,2026-09-20T09:26:58.679716+00:00,2026-09-20T20:59:24.808483+00:00,2026-09-20T16:59:24.808483-04:00,2026-09-20T16:59:24.808483-04:00,propline_free_sample
2026-09-20,2026-09-20 17:35:00+00:00,Michael Wacha,10.5,under,-100000,hardrock,218691,Pittsburgh Pirates,Kansas City Royals,2026-09-20T09:26:58.679716+00:00,2026-09-20T20:59:24.808483+00:00,2026-09-20T16:59:24.808483-04:00,2026-09-20T16:59:24.808483-04:00,propline_free_sample
2026-09-20,2026-09-20 17:35:00+00:00,Michael Wacha,2.5,over,-4000,hardrock,218691,Pittsburgh Pirates,Kansas City Royals,2026-09-20T15:21:56.037942+00:00,2026-09-20T20:59:24.808483+00:00,2026-09-20T16:59:24.808483-04:00,2026-09-20T16:59:24.808483-04:00,propline_free_sample
2026-09-20,2026-09-20 17:35:00+00:00,Michael Wacha,2.5,under,1000,hardrock,218691,Pittsburgh Pirates,Kansas City Royals,2026-09-20T15:21:56.037942+00:00,2026-09-20T20:59:24.808483+00:00,2026-09-20T16:59:24.808483-04:00,2026-09-20T16:59:24.808483-04:00,propline_free_sample
2026-09-20,2026-09-20 17:35:00+00:00,Michael Wacha,3.5,over,-1400,hardrock,218691,Pittsburgh Pirates,Kansas City Royals,2026-09-20T15:21:56.037942+00:00,2026-09-20T20:59:24.808483+00:00,2026-09-20T16:59:24.808483-04:00,2026-09-20T16:59:24.808483-04:00,propline_free_sample
2026-09-20,2026-09-20 17:35:00+00:00,Michael Wacha,3.5,under,525,hardrock,218691,Pittsburgh Pirates,Kansas City Royals,2026-09-20T15:21:56.037942+00:00,2026-09-20T20:59:24.808483+00:00,2026-09-20T16:59:24.808483-04:00,2026-09-20T16:59:24.808483-04:00,propline_free_sample
2026-09-20,2026-09-20 17:35:00+00:00,Michael Wacha,4.5,over,-750,hardrock,218691,Pittsburgh Pirates,Kansas City Royals,2026-09-20T15:21:56.037942+00:00,2026-09-20T20:59:24.808483+00:00,2026-09-20T16:59:24.808483-04:00,2026-09-20T16:59:24.808483-04:00,propline_free_sample
2026-09-20,2026-09-20 17:35:00+00:00,Michael Wacha,4.5,under,375,hardrock,218691,Pittsburgh Pirates,Kansas City Royals,2026-09-20T15:21:56.037942+00:00,2026-09-20T20:59:24.808483+00:00,2026-09-20T16:59:24.808483-04:00,2026-09-20T16:59:24.808483-04:00,propline_free_sample
2026-09-20,2026-09-20 17:35:00+00:00,Michael Wacha,5.5,over,-140,hardrock,218691,Pittsburgh Pirates,Kansas City Royals,2026-09-20T15:21:56.037942+00:00,2026-09-20T20:59:24.808483+00:00,2026-09-20T16:59:24.808483-04:00,2026-09-20T16:59:24.808483-04:00,propline_free_sample
2026-09-20,2026-09-20 17:35:00+00:00,Michael Wacha,5.5,under,100,hardrock,218691,Pittsburgh Pirates,Kansas City Royals,2026-09-20T15:21:56.037942+00:00,2026-09-20T20:59:24.808483+00:00,2026-09-20T16:59:24.808483-04:00,2026-09-20T16:59:24.808483-04:00,propline_free_sample
2026-09-20,2026-09-20 17:35:00+00:00,Michael Wacha,6.5,over,220,hardrock,218691,Pittsburgh Pirates,Kansas City Royals,2026-09-20T15:21:56.037942+00:00,2026-09-20T20:59:24.808483+00:00,2026-09-20T16:59:24.808483-04:00,2026-09-20T16:59:24.808483-04:00,propline_free_sample
2026-09-20,2026-09-20 17:35:00+00:00,Michael Wacha,6.5,under,-350,hardrock,218691,Pittsburgh Pirates,Kansas City Royals,2026-09-20T15:21:56.037942+00:00,2026-09-20T20:59:24.808483+00:00,2026-09-20T16:59:24.808483-04:00,2026-09-20T16:59:24.808483-04:00,propline_free_sample
2026-09-20,2026-09-20 17:35:00+00:00,Michael Wacha,7.5,over,550,hardrock,218691,Pittsburgh Pirates,Kansas City Royals,2026-09-20T15:21:56.037942+00:00,2026-09-20T20:59:24.808483+00:00,2026-09-20T16:59:24.808483-04:00,2026-09-20T16:59:24.808483-04:00,propline_free_sample
2026-09-20,2026-09-20 17:35:00+00:00,Michael Wacha,7.5,under,-1600,hardrock,218691,Pittsburgh Pirates,Kansas City Royals,2026-09-20T15:21:56.037942+00:00,2026-09-20T20:59:24.808483+00:00,2026-09-20T16:59:24.808483-04:00,2026-09-20T16:59:24.808483-04:00,propline_free_sample
2026-09-20,2026-09-20 17:35:00+00:00,Michael Wacha,8.5,over,1750,hardrock,218691,Pittsburgh Pirates,Kansas City Royals,2026-09-20T15:21:56.037942+00:00,2026-09-20T20:59:24.808483+00:00,2026-09-20T16:59:24.808483-04:00,2026-09-20T16:59:24.808483-04:00,propline_free_sample
2026-09-20,2026-09-20 17:35:00+00:00,Michael Wacha,8.5,under,-9000,hardrock,218691,Pittsburgh Pirates,Kansas City Royals,2026-09-20T09:26:58.679716+00:00,2026-09-20T20:59:24.808483+00:00,2026-09-20T16:59:24.808483-04:00,2026-09-20T16:59:24.808483-04:00,propline_free_sample
2026-09-20,2026-09-20 17:35:00+00:00,Michael Wacha,9.5,over,4000,hardrock,218691,Pittsburgh Pirates,Kansas City Royals,2026-09-20T15:21:56.037942+00:00,2026-09-20T20:59:24.808483+00:00,2026-09-20T16:59:24.808483-04:00,2026-09-20T16:59:24.808483-04:00,propline_free_sample
2026-09-20,2026-09-20 17:35:00+00:00,Michael Wacha,9.5,under,-50000,hardrock,218691,Pittsburgh Pirates,Kansas City Royals,2026-09-20T15:21:56.037942+00:00,2026-09-20T20:59:24.808483+00:00,2026-09-20T16:59:24.808483-04:00,2026-09-20T16:59:24.808483-04:00,propline_free_sample
2026-09-20,2026-09-20 17:35:00+00:00,Michael Wacha,4.5,over,-154,rebet,218691,Pittsburgh Pirates,Kansas City Royals,2026-09-20T15:24:10.437377+00:00,2026-09-20T20:59:24.808483+00:00,2026-09-20T16:59:24.808483-04:00,2026-09-20T16:59:24.808483-04:00,propline_free_sample
2026-09-20,2026-09-20 17:35:00+00:00,Michael Wacha,4.5,under,111,rebet,218691,Pittsburgh Pirates,Kansas City Royals,2026-09-20T15:24:10.437377+00:00,2026-09-20T20:59:24.808483+00:00,2026-09-20T16:59:24.808483-04:00,2026-09-20T16:59:24.808483-04:00,propline_free_sample
2026-09-20,2026-09-20 17:35:00+00:00,Michael Wacha,5.5,over,105,betmgm,218691,Pittsburgh Pirates,Kansas City Royals,2026-09-20T14:58:45.188888+00:00,2026-09-20T20:59:24.808483+00:00,2026-09-20T16:59:24.808483-04:00,2026-09-20T16:59:24.808483-04:00,propline_free_sample
2026-09-20,2026-09-20 17:35:00+00:00,Michael Wacha,5.5,under,-140,betmgm,218691,Pittsburgh Pirates,Kansas City Royals,2026-09-20T14:58:45.188888+00:00,2026-09-20T20:59:24.808483+00:00,2026-09-20T16:59:24.808483-04:00,2026-09-20T16:59:24.808483-04:00,propline_free_sample
2026-09-20,2026-09-20 17:35:00+00:00,Michael Wacha,3.5,over,-99900,novig,218691,Pittsburgh Pirates,Kansas City Royals,2026-09-20T17:04:03.564757+00:00,2026-09-20T20:59:24.808483+00:00,2026-09-20T16:59:24.808483-04:00,2026-09-20T16:59:24.808483-04:00,propline_free_sample
2026-09-20,2026-09-20 17:35:00+00:00,Michael Wacha,3.5,under,-102,novig,218691,Pittsburgh Pirates,Kansas City Royals,2026-09-20T17:11:15.861107+00:00,2026-09-20T20:59:24.808483+00:00,2026-09-20T16:59:24.808483-04:00,2026-09-20T16:59:24.808483-04:00,propline_free_sample
2026-09-20,2026-09-20 17:35:00+00:00,Michael Wacha,5.5,under,100,prizepicks,218691,Pittsburgh Pirates,Kansas City Royals,2026-09-20T10:19:15.711440+00:00,2026-09-20T20:59:24.808483+00:00,2026-09-20T16:59:24.808483-04:00,2026-09-20T16:59:24.808483-04:00,propline_free_sample
2026-09-20,2026-09-20 17:35:00+00:00,Michael Wacha,3.5,under,100,prizepicks,218691,Pittsburgh Pirates,Kansas City Royals,2026-09-20T11:04:23.200821+00:00,2026-09-20T20:59:24.808483+00:00,2026-09-20T16:59:24.808483-04:00,2026-09-20T16:59:24.808483-04:00,propline_free_sample
2026-09-20,2026-09-20 17:35:00+00:00,Michael Wacha,5.5,over,-99900,novig,218691,Pittsburgh Pirates,Kansas City Royals,2026-09-20T17:28:53.239217+00:00,2026-09-20T20:59:24.808483+00:00,2026-09-20T16:59:24.808483-04:00,2026-09-20T16:59:24.808483-04:00,propline_free_sample
2026-09-20,2026-09-20 17:35:00+00:00,Michael Wacha,5.5,under,-1900,novig,218691,Pittsburgh Pirates,Kansas City Royals,2026-09-20T16:20:03.679843+00:00,2026-09-20T20:59:24.808483+00:00,2026-09-20T16:59:24.808483-04:00,2026-09-20T16:59:24.808483-04:00,propline_free_sample
2026-09-20,2026-09-20 17:35:00+00:00,Michael Wacha,6.5,under,100,prizepicks,218691,Pittsburgh Pirates,Kansas City Royals,2026-09-20T12:10:41.683940+00:00,2026-09-20T20:59:24.808483+00:00,2026-09-20T16:59:24.808483-04:00,2026-09-20T16:59:24.808483-04:00,propline_free_sample
2026-09-20,2026-09-20 17:35:00+00:00,Michael Wacha,4.5,over,-128,pinnacle,218691,Pittsburgh Pirates,Kansas City Royals,2026-09-20T15:36:46.250841+00:00,2026-09-20T20:59:24.808483+00:00,2026-09-20T16:59:24.808483-04:00,2026-09-20T16:59:24.808483-04:00,propline_free_sample
2026-09-20,2026-09-20 17:35:00+00:00,Michael Wacha,4.5,under,-103,pinnacle,218691,Pittsburgh Pirates,Kansas City Royals,2026-09-20T15:36:46.250841+00:00,2026-09-20T20:59:24.808483+00:00,2026-09-20T16:59:24.808483-04:00,2026-09-20T16:59:24.808483-04:00,propline_free_sample
2026-09-20,2026-09-20 17:35:00+00:00,Michael Wacha,2.5,over,100,prizepicks,218691,Pittsburgh Pirates,Kansas City Royals,2026-09-20T13:40:47.720567+00:00,2026-09-20T20:59:24.808483+00:00,2026-09-20T16:59:24.808483-04:00,2026-09-20T16:59:24.808483-04:00,propline_free_sample
2026-09-20,2026-09-20 17:35:00+00:00,Michael Wacha,2.5,under,100,prizepicks,218691,Pittsburgh Pirates,Kansas City Royals,2026-09-20T13:40:47.720567+00:00,2026-09-20T20:59:24.808483+00:00,2026-09-20T16:59:24.808483-04:00,2026-09-20T16:59:24.808483-04:00,propline_free_sample
2026-09-20,2026-09-20 17:35:00+00:00,Michael Wacha (KC),4.5,over,-130,lowvig,218691,Pittsburgh Pirates,Kansas City Royals,2026-09-20T13:50:01.421014+00:00,2026-09-20T20:59:24.808483+00:00,2026-09-20T16:59:24.808483-04:00,2026-09-20T16:59:24.808483-04:00,propline_free_sample
2026-09-20,2026-09-20 17:35:00+00:00,Michael Wacha (KC),4.5,under,-110,lowvig,218691,Pittsburgh Pirates,Kansas City Royals,2026-09-20T13:50:01.421014+00:00,2026-09-20T20:59:24.808483+00:00,2026-09-20T16:59:24.808483-04:00,2026-09-20T16:59:24.808483-04:00,propline_free_sample
2026-09-20,2026-09-20 17:35:00+00:00,Michael Wacha (KC),4.5,over,-130,betonlineag,218691,Pittsburgh Pirates,Kansas City Royals,2026-09-20T13:52:10.348746+00:00,2026-09-20T20:59:24.808483+00:00,2026-09-20T16:59:24.808483-04:00,2026-09-20T16:59:24.808483-04:00,propline_free_sample
2026-09-20,2026-09-20 17:35:00+00:00,Michael Wacha (KC),4.5,under,-110,betonlineag,218691,Pittsburgh Pirates,Kansas City Royals,2026-09-20T13:52:10.348746+00:00,2026-09-20T20:59:24.808483+00:00,2026-09-20T16:59:24.808483-04:00,2026-09-20T16:59:24.808483-04:00,propline_free_sample
2026-09-20,2026-09-20 17:35:00+00:00,Lake Bachar,3.5,over,100,prizepicks,218691,Pittsburgh Pirates,Kansas City Royals,2026-09-20T15:02:04.368147+00:00,2026-09-20T20:59:24.808483+00:00,2026-09-20T16:59:24.808483-04:00,2026-09-20T16:59:24.808483-04:00,propline_free_sample
2026-09-20,2026-09-20 17:35:00+00:00,Michael Wacha,7.5,under,100,prizepicks,218691,Pittsburgh Pirates,Kansas City Royals,2026-09-20T15:26:13.204757+00:00,2026-09-20T20:59:24.808483+00:00,2026-09-20T16:59:24.808483-04:00,2026-09-20T16:59:24.808483-04:00,propline_free_sample
2026-09-20,2026-09-20 17:35:00+00:00,Michael Wacha,0.5,over,-8000,hardrock,218691,Pittsburgh Pirates,Kansas City Royals,,2026-09-20T20:59:24.808483+00:00,2026-09-20T16:59:24.808483-04:00,2026-09-20T16:59:24.808483-04:00,propline_free_sample
2026-09-20,2026-09-20 17:35:00+00:00,Michael Wacha,0.5,under,2000,hardrock,218691,Pittsburgh Pirates,Kansas City Royals,,2026-09-20T20:59:24.808483+00:00,2026-09-20T16:59:24.808483-04:00,2026-09-20T16:59:24.808483-04:00,propline_free_sample
