date,commence_time_utc,pitcher_name,line,side,price,sportsbook,event_id,home_team,away_team,vendor_snapshot_time,collected_at_utc,collected_at_et,snapshot_time_et,source
2026-09-20,2026-09-20 23:20:00+00:00,Jacob Misiorowski,8.5,over,112,fanduel,218704,Baltimore Orioles,Milwaukee Brewers,2026-09-20T21:46:48.898143+00:00,2026-09-21T23:28:42.189510+00:00,2026-09-21T19:28:42.189510-04:00,2026-09-21T19:28:42.189510-04:00,propline_free_sample
2026-09-20,2026-09-20 23:20:00+00:00,Jacob Misiorowski,8.5,under,-142,fanduel,218704,Baltimore Orioles,Milwaukee Brewers,2026-09-20T21:46:48.898143+00:00,2026-09-21T23:28:42.189510+00:00,2026-09-21T19:28:42.189510-04:00,2026-09-21T19:28:42.189510-04:00,propline_free_sample
2026-09-20,2026-09-20 23:20:00+00:00,Brandon Young,4.5,over,116,fanduel,218704,Baltimore Orioles,Milwaukee Brewers,2026-09-20T21:44:35.770255+00:00,2026-09-21T23:28:42.189510+00:00,2026-09-21T19:28:42.189510-04:00,2026-09-21T19:28:42.189510-04:00,propline_free_sample
2026-09-20,2026-09-20 23:20:00+00:00,Brandon Young,4.5,under,-148,fanduel,218704,Baltimore Orioles,Milwaukee Brewers,2026-09-20T21:44:35.770255+00:00,2026-09-21T23:28:42.189510+00:00,2026-09-21T19:28:42.189510-04:00,2026-09-21T19:28:42.189510-04:00,propline_free_sample
2026-09-20,2026-09-20 23:20:00+00:00,Jacob Misiorowski,10.5,over,100,prizepicks,218704,Baltimore Orioles,Milwaukee Brewers,2026-09-19T23:39:55.524606+00:00,2026-09-21T23:28:42.189510+00:00,2026-09-21T19:28:42.189510-04:00,2026-09-21T19:28:42.189510-04:00,propline_free_sample
2026-09-20,2026-09-20 23:20:00+00:00,Brandon Young,4.5,over,100,prizepicks,218704,Baltimore Orioles,Milwaukee Brewers,2026-09-19T23:39:55.524606+00:00,2026-09-21T23:28:42.189510+00:00,2026-09-21T19:28:42.189510-04:00,2026-09-21T19:28:42.189510-04:00,propline_free_sample
2026-09-20,2026-09-20 23:20:00+00:00,Brandon Young,4.5,under,100,prizepicks,218704,Baltimore Orioles,Milwaukee Brewers,2026-09-19T23:39:55.524606+00:00,2026-09-21T23:28:42.189510+00:00,2026-09-21T19:28:42.189510-04:00,2026-09-21T19:28:42.189510-04:00,propline_free_sample
2026-09-20,2026-09-20 23:20:00+00:00,Brandon Young,5.5,over,100,prizepicks,218704,Baltimore Orioles,Milwaukee Brewers,2026-09-19T23:39:55.524606+00:00,2026-09-21T23:28:42.189510+00:00,2026-09-21T19:28:42.189510-04:00,2026-09-21T19:28:42.189510-04:00,propline_free_sample
2026-09-20,2026-09-20 23:20:00+00:00,Brandon Young,6.5,over,100,prizepicks,218704,Baltimore Orioles,Milwaukee Brewers,2026-09-19T23:39:55.524606+00:00,2026-09-21T23:28:42.189510+00:00,2026-09-21T19:28:42.189510-04:00,2026-09-21T19:28:42.189510-04:00,propline_free_sample
2026-09-20,2026-09-20 23:20:00+00:00,Jacob Misiorowski,8.5,over,100,prizepicks,218704,Baltimore Orioles,Milwaukee Brewers,2026-09-19T23:39:55.524606+00:00,2026-09-21T23:28:42.189510+00:00,2026-09-21T19:28:42.189510-04:00,2026-09-21T19:28:42.189510-04:00,propline_free_sample
2026-09-20,2026-09-20 23:20:00+00:00,Jacob Misiorowski,9.5,over,100,prizepicks,218704,Baltimore Orioles,Milwaukee Brewers,2026-09-19T23:39:55.524606+00:00,2026-09-21T23:28:42.189510+00:00,2026-09-21T19:28:42.189510-04:00,2026-09-21T19:28:42.189510-04:00,propline_free_sample
2026-09-20,2026-09-20 23:20:00+00:00,Brandon Young,2.5,over,100,prizepicks,218704,Baltimore Orioles,Milwaukee Brewers,2026-09-19T23:39:55.524606+00:00,2026-09-21T23:28:42.189510+00:00,2026-09-21T19:28:42.189510-04:00,2026-09-21T19:28:42.189510-04:00,propline_free_sample
2026-09-20,2026-09-20 23:20:00+00:00,Brandon Young,3.5,over,100,prizepicks,218704,Baltimore Orioles,Milwaukee Brewers,2026-09-19T23:39:55.524606+00:00,2026-09-21T23:28:42.189510+00:00,2026-09-21T19:28:42.189510-04:00,2026-09-21T19:28:42.189510-04:00,propline_free_sample
2026-09-20,2026-09-20 23:20:00+00:00,Jacob Misiorowski,6.5,over,100,prizepicks,218704,Baltimore Orioles,Milwaukee Brewers,2026-09-19T23:39:55.524606+00:00,2026-09-21T23:28:42.189510+00:00,2026-09-21T19:28:42.189510-04:00,2026-09-21T19:28:42.189510-04:00,propline_free_sample
2026-09-20,2026-09-20 23:20:00+00:00,Jacob Misiorowski,7.5,over,100,prizepicks,218704,Baltimore Orioles,Milwaukee Brewers,2026-09-19T23:39:55.524606+00:00,2026-09-21T23:28:42.189510+00:00,2026-09-21T19:28:42.189510-04:00,2026-09-21T19:28:42.189510-04:00,propline_free_sample
2026-09-20,2026-09-20 23:20:00+00:00,Jacob Misiorowski,7.5,under,100,prizepicks,218704,Baltimore Orioles,Milwaukee Brewers,2026-09-19T23:39:55.524606+00:00,2026-09-21T23:28:42.189510+00:00,2026-09-21T19:28:42.189510-04:00,2026-09-21T19:28:42.189510-04:00,propline_free_sample
2026-09-20,2026-09-20 23:20:00+00:00,Brandon Young,4.5,over,118,prophetx,218704,Baltimore Orioles,Milwaukee Brewers,2026-09-20T22:38:06.181504+00:00,2026-09-21T23:28:42.189510+00:00,2026-09-21T19:28:42.189510-04:00,2026-09-21T19:28:42.189510-04:00,propline_free_sample
2026-09-20,2026-09-20 23:20:00+00:00,Brandon Young,4.5,under,-150,prophetx,218704,Baltimore Orioles,Milwaukee Brewers,2026-09-20T23:16:20.932511+00:00,2026-09-21T23:28:42.189510+00:00,2026-09-21T19:28:42.189510-04:00,2026-09-21T19:28:42.189510-04:00,propline_free_sample
2026-09-20,2026-09-20 23:20:00+00:00,Jacob Misiorowski,7.5,over,-210,prophetx,218704,Baltimore Orioles,Milwaukee Brewers,2026-09-20T22:08:20.956573+00:00,2026-09-21T23:28:42.189510+00:00,2026-09-21T19:28:42.189510-04:00,2026-09-21T19:28:42.189510-04:00,propline_free_sample
2026-09-20,2026-09-20 23:20:00+00:00,Jacob Misiorowski,7.5,under,150,prophetx,218704,Baltimore Orioles,Milwaukee Brewers,2026-09-20T22:08:20.956573+00:00,2026-09-21T23:28:42.189510+00:00,2026-09-21T19:28:42.189510-04:00,2026-09-21T19:28:42.189510-04:00,propline_free_sample
2026-09-20,2026-09-20 23:20:00+00:00,Brandon Young,7.5,over,-115,fanatics,218704,Baltimore Orioles,Milwaukee Brewers,2026-09-20T23:17:11.872636+00:00,2026-09-21T23:28:42.189510+00:00,2026-09-21T19:28:42.189510-04:00,2026-09-21T19:28:42.189510-04:00,propline_free_sample
2026-09-20,2026-09-20 23:20:00+00:00,Brandon Young,7.5,under,-115,fanatics,218704,Baltimore Orioles,Milwaukee Brewers,2026-09-20T23:17:11.872636+00:00,2026-09-21T23:28:42.189510+00:00,2026-09-21T19:28:42.189510-04:00,2026-09-21T19:28:42.189510-04:00,propline_free_sample
2026-09-20,2026-09-20 23:20:00+00:00,Jacob Misiorowski,7.5,over,120,fanatics,218704,Baltimore Orioles,Milwaukee Brewers,2026-09-20T23:18:16.610694+00:00,2026-09-21T23:28:42.189510+00:00,2026-09-21T19:28:42.189510-04:00,2026-09-21T19:28:42.189510-04:00,propline_free_sample
2026-09-20,2026-09-20 23:20:00+00:00,Jacob Misiorowski,7.5,under,-160,fanatics,218704,Baltimore Orioles,Milwaukee Brewers,2026-09-20T23:18:16.610694+00:00,2026-09-21T23:28:42.189510+00:00,2026-09-21T19:28:42.189510-04:00,2026-09-21T19:28:42.189510-04:00,propline_free_sample
2026-09-20,2026-09-20 23:20:00+00:00,Brandon Young,4.5,over,-3126,novig,218704,Baltimore Orioles,Milwaukee Brewers,2026-09-20T23:16:20.554268+00:00,2026-09-21T23:28:42.189510+00:00,2026-09-21T19:28:42.189510-04:00,2026-09-21T19:28:42.189510-04:00,propline_free_sample
2026-09-20,2026-09-20 23:20:00+00:00,Brandon Young,4.5,under,-144,novig,218704,Baltimore Orioles,Milwaukee Brewers,2026-09-20T23:19:16.606625+00:00,2026-09-21T23:28:42.189510+00:00,2026-09-21T19:28:42.189510-04:00,2026-09-21T19:28:42.189510-04:00,propline_free_sample
2026-09-20,2026-09-20 23:20:00+00:00,Jacob Misiorowski,7.5,over,-217,novig,218704,Baltimore Orioles,Milwaukee Brewers,2026-09-20T23:16:20.554268+00:00,2026-09-21T23:28:42.189510+00:00,2026-09-21T19:28:42.189510-04:00,2026-09-21T19:28:42.189510-04:00,propline_free_sample
2026-09-20,2026-09-20 23:20:00+00:00,Jacob Misiorowski,7.5,under,-99900,novig,218704,Baltimore Orioles,Milwaukee Brewers,2026-09-20T12:09:51.753929+00:00,2026-09-21T23:28:42.189510+00:00,2026-09-21T19:28:42.189510-04:00,2026-09-21T19:28:42.189510-04:00,propline_free_sample
2026-09-20,2026-09-20 23:20:00+00:00,Brandon Young,0.5,over,-8000,hardrock,218704,Baltimore Orioles,Milwaukee Brewers,2026-09-20T22:19:22.256534+00:00,2026-09-21T23:28:42.189510+00:00,2026-09-21T19:28:42.189510-04:00,2026-09-21T19:28:42.189510-04:00,propline_free_sample
2026-09-20,2026-09-20 23:20:00+00:00,Brandon Young,0.5,under,2000,hardrock,218704,Baltimore Orioles,Milwaukee Brewers,2026-09-20T23:03:19.609224+00:00,2026-09-21T23:28:42.189510+00:00,2026-09-21T19:28:42.189510-04:00,2026-09-21T19:28:42.189510-04:00,propline_free_sample
2026-09-20,2026-09-20 23:20:00+00:00,Brandon Young,1.5,over,-1800,hardrock,218704,Baltimore Orioles,Milwaukee Brewers,2026-09-20T22:39:09.225076+00:00,2026-09-21T23:28:42.189510+00:00,2026-09-21T19:28:42.189510-04:00,2026-09-21T19:28:42.189510-04:00,propline_free_sample
2026-09-20,2026-09-20 23:20:00+00:00,Brandon Young,1.5,under,575,hardrock,218704,Baltimore Orioles,Milwaukee Brewers,2026-09-20T23:03:19.609224+00:00,2026-09-21T23:28:42.189510+00:00,2026-09-21T19:28:42.189510-04:00,2026-09-21T19:28:42.189510-04:00,propline_free_sample
2026-09-20,2026-09-20 23:20:00+00:00,Brandon Young,2.5,over,-525,hardrock,218704,Baltimore Orioles,Milwaukee Brewers,2026-09-20T20:30:23.207881+00:00,2026-09-21T23:28:42.189510+00:00,2026-09-21T19:28:42.189510-04:00,2026-09-21T19:28:42.189510-04:00,propline_free_sample
2026-09-20,2026-09-20 23:20:00+00:00,Brandon Young,2.5,under,300,hardrock,218704,Baltimore Orioles,Milwaukee Brewers,2026-09-20T09:17:40.840076+00:00,2026-09-21T23:28:42.189510+00:00,2026-09-21T19:28:42.189510-04:00,2026-09-21T19:28:42.189510-04:00,propline_free_sample
2026-09-20,2026-09-20 23:20:00+00:00,Brandon Young,3.5,over,-4000,hardrock,218704,Baltimore Orioles,Milwaukee Brewers,2026-09-20T20:58:51.609083+00:00,2026-09-21T23:28:42.189510+00:00,2026-09-21T19:28:42.189510-04:00,2026-09-21T19:28:42.189510-04:00,propline_free_sample
2026-09-20,2026-09-20 23:20:00+00:00,Brandon Young,3.5,under,900,hardrock,218704,Baltimore Orioles,Milwaukee Brewers,2026-09-20T20:30:23.207881+00:00,2026-09-21T23:28:42.189510+00:00,2026-09-21T19:28:42.189510-04:00,2026-09-21T19:28:42.189510-04:00,propline_free_sample
2026-09-20,2026-09-20 23:20:00+00:00,Brandon Young,4.5,over,-4000,hardrock,218704,Baltimore Orioles,Milwaukee Brewers,2026-09-20T22:52:05.387329+00:00,2026-09-21T23:28:42.189510+00:00,2026-09-21T19:28:42.189510-04:00,2026-09-21T19:28:42.189510-04:00,propline_free_sample
2026-09-20,2026-09-20 23:20:00+00:00,Brandon Young,4.5,under,800,hardrock,218704,Baltimore Orioles,Milwaukee Brewers,2026-09-20T20:30:23.207881+00:00,2026-09-21T23:28:42.189510+00:00,2026-09-21T19:28:42.189510-04:00,2026-09-21T19:28:42.189510-04:00,propline_free_sample
2026-09-20,2026-09-20 23:20:00+00:00,Brandon Young,5.5,over,-3000,hardrock,218704,Baltimore Orioles,Milwaukee Brewers,2026-09-20T22:52:05.387329+00:00,2026-09-21T23:28:42.189510+00:00,2026-09-21T19:28:42.189510-04:00,2026-09-21T19:28:42.189510-04:00,propline_free_sample
2026-09-20,2026-09-20 23:20:00+00:00,Brandon Young,5.5,under,650,hardrock,218704,Baltimore Orioles,Milwaukee Brewers,2026-09-20T23:03:19.609224+00:00,2026-09-21T23:28:42.189510+00:00,2026-09-21T19:28:42.189510-04:00,2026-09-21T19:28:42.189510-04:00,propline_free_sample
2026-09-20,2026-09-20 23:20:00+00:00,Brandon Young,6.5,over,-425,hardrock,218704,Baltimore Orioles,Milwaukee Brewers,2026-09-20T20:25:12.360103+00:00,2026-09-21T23:28:42.189510+00:00,2026-09-21T19:28:42.189510-04:00,2026-09-21T19:28:42.189510-04:00,propline_free_sample
2026-09-20,2026-09-20 23:20:00+00:00,Brandon Young,6.5,under,250,hardrock,218704,Baltimore Orioles,Milwaukee Brewers,2026-09-20T20:30:23.207881+00:00,2026-09-21T23:28:42.189510+00:00,2026-09-21T19:28:42.189510-04:00,2026-09-21T19:28:42.189510-04:00,propline_free_sample
2026-09-20,2026-09-20 23:20:00+00:00,Brandon Young,7.5,over,-525,hardrock,218704,Baltimore Orioles,Milwaukee Brewers,2026-09-20T12:40:02.412512+00:00,2026-09-21T23:28:42.189510+00:00,2026-09-21T19:28:42.189510-04:00,2026-09-21T19:28:42.189510-04:00,propline_free_sample
2026-09-20,2026-09-20 23:20:00+00:00,Brandon Young,7.5,under,300,hardrock,218704,Baltimore Orioles,Milwaukee Brewers,2026-09-20T12:40:02.412512+00:00,2026-09-21T23:28:42.189510+00:00,2026-09-21T19:28:42.189510-04:00,2026-09-21T19:28:42.189510-04:00,propline_free_sample
2026-09-20,2026-09-20 23:20:00+00:00,Brandon Young,8.5,over,-105,hardrock,218704,Baltimore Orioles,Milwaukee Brewers,2026-09-20T12:40:02.412512+00:00,2026-09-21T23:28:42.189510+00:00,2026-09-21T19:28:42.189510-04:00,2026-09-21T19:28:42.189510-04:00,propline_free_sample
2026-09-20,2026-09-20 23:20:00+00:00,Brandon Young,8.5,under,-140,hardrock,218704,Baltimore Orioles,Milwaukee Brewers,2026-09-20T12:40:02.412512+00:00,2026-09-21T23:28:42.189510+00:00,2026-09-21T19:28:42.189510-04:00,2026-09-21T19:28:42.189510-04:00,propline_free_sample
2026-09-20,2026-09-20 23:20:00+00:00,Brandon Young,4.5,over,102,sleeper,218704,Baltimore Orioles,Milwaukee Brewers,2026-09-20T22:53:54.564978+00:00,2026-09-21T23:28:42.189510+00:00,2026-09-21T19:28:42.189510-04:00,2026-09-21T19:28:42.189510-04:00,propline_free_sample
2026-09-20,2026-09-20 23:20:00+00:00,Brandon Young,4.5,under,-169,sleeper,218704,Baltimore Orioles,Milwaukee Brewers,2026-09-20T20:22:04.144157+00:00,2026-09-21T23:28:42.189510+00:00,2026-09-21T19:28:42.189510-04:00,2026-09-21T19:28:42.189510-04:00,propline_free_sample
2026-09-20,2026-09-20 23:20:00+00:00,Brandon Young,5.5,under,100,prizepicks,218704,Baltimore Orioles,Milwaukee Brewers,2026-09-20T02:34:30.476112+00:00,2026-09-21T23:28:42.189510+00:00,2026-09-21T19:28:42.189510-04:00,2026-09-21T19:28:42.189510-04:00,propline_free_sample
2026-09-20,2026-09-20 23:20:00+00:00,Brandon Young,6.5,under,100,prizepicks,218704,Baltimore Orioles,Milwaukee Brewers,2026-09-20T02:34:30.476112+00:00,2026-09-21T23:28:42.189510+00:00,2026-09-21T19:28:42.189510-04:00,2026-09-21T19:28:42.189510-04:00,propline_free_sample
2026-09-20,2026-09-20 23:20:00+00:00,Brandon Young,2.5,under,100,prizepicks,218704,Baltimore Orioles,Milwaukee Brewers,2026-09-20T02:34:30.476112+00:00,2026-09-21T23:28:42.189510+00:00,2026-09-21T19:28:42.189510-04:00,2026-09-21T19:28:42.189510-04:00,propline_free_sample
2026-09-20,2026-09-20 23:20:00+00:00,Brandon Young,3.5,under,100,prizepicks,218704,Baltimore Orioles,Milwaukee Brewers,2026-09-20T02:34:30.476112+00:00,2026-09-21T23:28:42.189510+00:00,2026-09-21T19:28:42.189510-04:00,2026-09-21T19:28:42.189510-04:00,propline_free_sample
2026-09-20,2026-09-20 23:20:00+00:00,Brandon Young,7.5,over,100,prizepicks,218704,Baltimore Orioles,Milwaukee Brewers,2026-09-20T02:34:30.476112+00:00,2026-09-21T23:28:42.189510+00:00,2026-09-21T19:28:42.189510-04:00,2026-09-21T19:28:42.189510-04:00,propline_free_sample
2026-09-20,2026-09-20 23:20:00+00:00,Brandon Young,3.5,over,-186,polymarket_us,218704,Baltimore Orioles,Milwaukee Brewers,2026-09-20T22:18:10.335636+00:00,2026-09-21T23:28:42.189510+00:00,2026-09-21T19:28:42.189510-04:00,2026-09-21T19:28:42.189510-04:00,propline_free_sample
2026-09-20,2026-09-20 23:20:00+00:00,Brandon Young,3.5,under,9900,polymarket_us,218704,Baltimore Orioles,Milwaukee Brewers,2026-09-20T22:18:10.335636+00:00,2026-09-21T23:28:42.189510+00:00,2026-09-21T19:28:42.189510-04:00,2026-09-21T19:28:42.189510-04:00,propline_free_sample
2026-09-20,2026-09-20 23:20:00+00:00,Brandon Young,4.5,over,-2400,polymarket_us,218704,Baltimore Orioles,Milwaukee Brewers,2026-09-20T23:19:18.702594+00:00,2026-09-21T23:28:42.189510+00:00,2026-09-21T19:28:42.189510-04:00,2026-09-21T19:28:42.189510-04:00,propline_free_sample
2026-09-20,2026-09-20 23:20:00+00:00,Brandon Young,4.5,under,9900,polymarket_us,218704,Baltimore Orioles,Milwaukee Brewers,2026-09-20T23:19:18.702594+00:00,2026-09-21T23:28:42.189510+00:00,2026-09-21T19:28:42.189510-04:00,2026-09-21T19:28:42.189510-04:00,propline_free_sample
2026-09-20,2026-09-20 23:20:00+00:00,Brandon Young,2.5,under,9900,polymarket_us,218704,Baltimore Orioles,Milwaukee Brewers,2026-09-20T23:18:19.528473+00:00,2026-09-21T23:28:42.189510+00:00,2026-09-21T19:28:42.189510-04:00,2026-09-21T19:28:42.189510-04:00,propline_free_sample
2026-09-20,2026-09-20 23:20:00+00:00,Jacob Misiorowski,6.5,over,9900,polymarket_us,218704,Baltimore Orioles,Milwaukee Brewers,2026-09-20T23:16:20.969175+00:00,2026-09-21T23:28:42.189510+00:00,2026-09-21T19:28:42.189510-04:00,2026-09-21T19:28:42.189510-04:00,propline_free_sample
2026-09-20,2026-09-20 23:20:00+00:00,Jacob Misiorowski,6.5,under,-186,polymarket_us,218704,Baltimore Orioles,Milwaukee Brewers,2026-09-20T23:10:18.957143+00:00,2026-09-21T23:28:42.189510+00:00,2026-09-21T19:28:42.189510-04:00,2026-09-21T19:28:42.189510-04:00,propline_free_sample
2026-09-20,2026-09-20 23:20:00+00:00,Brandon Young,7.5,over,-733,polymarket_us,218704,Baltimore Orioles,Milwaukee Brewers,2026-09-20T20:05:09.414595+00:00,2026-09-21T23:28:42.189510+00:00,2026-09-21T19:28:42.189510-04:00,2026-09-21T19:28:42.189510-04:00,propline_free_sample
2026-09-20,2026-09-20 23:20:00+00:00,Jacob Misiorowski,7.5,over,9900,polymarket_us,218704,Baltimore Orioles,Milwaukee Brewers,2026-09-20T19:08:06.302130+00:00,2026-09-21T23:28:42.189510+00:00,2026-09-21T19:28:42.189510-04:00,2026-09-21T19:28:42.189510-04:00,propline_free_sample
2026-09-20,2026-09-20 23:20:00+00:00,Jacob Misiorowski,7.5,under,-2400,polymarket_us,218704,Baltimore Orioles,Milwaukee Brewers,2026-09-20T18:53:27.508284+00:00,2026-09-21T23:28:42.189510+00:00,2026-09-21T19:28:42.189510-04:00,2026-09-21T19:28:42.189510-04:00,propline_free_sample
2026-09-20,2026-09-20 23:20:00+00:00,Jacob Misiorowski,8.5,over,9900,polymarket_us,218704,Baltimore Orioles,Milwaukee Brewers,2026-09-20T23:18:19.528473+00:00,2026-09-21T23:28:42.189510+00:00,2026-09-21T19:28:42.189510-04:00,2026-09-21T19:28:42.189510-04:00,propline_free_sample
2026-09-20,2026-09-20 23:20:00+00:00,Brandon Young,6.5,over,-614,polymarket_us,218704,Baltimore Orioles,Milwaukee Brewers,2026-09-20T20:52:33.013786+00:00,2026-09-21T23:28:42.189510+00:00,2026-09-21T19:28:42.189510-04:00,2026-09-21T19:28:42.189510-04:00,propline_free_sample
2026-09-20,2026-09-20 23:20:00+00:00,Jacob Misiorowski,8.5,over,102,sleeper,218704,Baltimore Orioles,Milwaukee Brewers,2026-09-20T23:10:13.126408+00:00,2026-09-21T23:28:42.189510+00:00,2026-09-21T19:28:42.189510-04:00,2026-09-21T19:28:42.189510-04:00,propline_free_sample
2026-09-20,2026-09-20 23:20:00+00:00,Jacob Misiorowski,8.5,under,-169,sleeper,218704,Baltimore Orioles,Milwaukee Brewers,2026-09-20T23:10:13.126408+00:00,2026-09-21T23:28:42.189510+00:00,2026-09-21T19:28:42.189510-04:00,2026-09-21T19:28:42.189510-04:00,propline_free_sample
2026-09-20,2026-09-20 23:20:00+00:00,Jacob Misiorowski,1.5,over,-50000,hardrock,218704,Baltimore Orioles,Milwaukee Brewers,2026-09-20T09:13:38.375599+00:00,2026-09-21T23:28:42.189510+00:00,2026-09-21T19:28:42.189510-04:00,2026-09-21T19:28:42.189510-04:00,propline_free_sample
2026-09-20,2026-09-20 23:20:00+00:00,Jacob Misiorowski,1.5,under,4000,hardrock,218704,Baltimore Orioles,Milwaukee Brewers,2026-09-20T06:05:23.401839+00:00,2026-09-21T23:28:42.189510+00:00,2026-09-21T19:28:42.189510-04:00,2026-09-21T19:28:42.189510-04:00,propline_free_sample
2026-09-20,2026-09-20 23:20:00+00:00,Jacob Misiorowski,10.5,over,1200,hardrock,218704,Baltimore Orioles,Milwaukee Brewers,2026-09-20T22:55:05.188112+00:00,2026-09-21T23:28:42.189510+00:00,2026-09-21T19:28:42.189510-04:00,2026-09-21T19:28:42.189510-04:00,propline_free_sample
2026-09-20,2026-09-20 23:20:00+00:00,Jacob Misiorowski,10.5,under,-6000,hardrock,218704,Baltimore Orioles,Milwaukee Brewers,2026-09-20T22:55:05.188112+00:00,2026-09-21T23:28:42.189510+00:00,2026-09-21T19:28:42.189510-04:00,2026-09-21T19:28:42.189510-04:00,propline_free_sample
2026-09-20,2026-09-20 23:20:00+00:00,Jacob Misiorowski,11.5,over,4000,hardrock,218704,Baltimore Orioles,Milwaukee Brewers,2026-09-20T22:55:05.188112+00:00,2026-09-21T23:28:42.189510+00:00,2026-09-21T19:28:42.189510-04:00,2026-09-21T19:28:42.189510-04:00,propline_free_sample
2026-09-20,2026-09-20 23:20:00+00:00,Jacob Misiorowski,11.5,under,-50000,hardrock,218704,Baltimore Orioles,Milwaukee Brewers,2026-09-20T22:55:05.188112+00:00,2026-09-21T23:28:42.189510+00:00,2026-09-21T19:28:42.189510-04:00,2026-09-21T19:28:42.189510-04:00,propline_free_sample
2026-09-20,2026-09-20 23:20:00+00:00,Jacob Misiorowski,12.5,over,4000,hardrock,218704,Baltimore Orioles,Milwaukee Brewers,2026-09-20T22:59:20.227166+00:00,2026-09-21T23:28:42.189510+00:00,2026-09-21T19:28:42.189510-04:00,2026-09-21T19:28:42.189510-04:00,propline_free_sample
2026-09-20,2026-09-20 23:20:00+00:00,Jacob Misiorowski,12.5,under,-100000,hardrock,218704,Baltimore Orioles,Milwaukee Brewers,2026-09-20T22:59:20.227166+00:00,2026-09-21T23:28:42.189510+00:00,2026-09-21T19:28:42.189510-04:00,2026-09-21T19:28:42.189510-04:00,propline_free_sample
2026-09-20,2026-09-20 23:20:00+00:00,Jacob Misiorowski,13.5,over,4000,hardrock,218704,Baltimore Orioles,Milwaukee Brewers,2026-09-20T22:23:06.791932+00:00,2026-09-21T23:28:42.189510+00:00,2026-09-21T19:28:42.189510-04:00,2026-09-21T19:28:42.189510-04:00,propline_free_sample
2026-09-20,2026-09-20 23:20:00+00:00,Jacob Misiorowski,13.5,under,-50000,hardrock,218704,Baltimore Orioles,Milwaukee Brewers,2026-09-20T22:23:06.791932+00:00,2026-09-21T23:28:42.189510+00:00,2026-09-21T19:28:42.189510-04:00,2026-09-21T19:28:42.189510-04:00,propline_free_sample
2026-09-20,2026-09-20 23:20:00+00:00,Jacob Misiorowski,2.5,over,-50000,hardrock,218704,Baltimore Orioles,Milwaukee Brewers,2026-09-20T22:44:05.656806+00:00,2026-09-21T23:28:42.189510+00:00,2026-09-21T19:28:42.189510-04:00,2026-09-21T19:28:42.189510-04:00,propline_free_sample
2026-09-20,2026-09-20 23:20:00+00:00,Jacob Misiorowski,2.5,under,4000,hardrock,218704,Baltimore Orioles,Milwaukee Brewers,2026-09-20T22:44:05.656806+00:00,2026-09-21T23:28:42.189510+00:00,2026-09-21T19:28:42.189510-04:00,2026-09-21T19:28:42.189510-04:00,propline_free_sample
2026-09-20,2026-09-20 23:20:00+00:00,Jacob Misiorowski,3.5,over,-20000,hardrock,218704,Baltimore Orioles,Milwaukee Brewers,2026-09-20T22:44:05.656806+00:00,2026-09-21T23:28:42.189510+00:00,2026-09-21T19:28:42.189510-04:00,2026-09-21T19:28:42.189510-04:00,propline_free_sample
2026-09-20,2026-09-20 23:20:00+00:00,Jacob Misiorowski,3.5,under,4000,hardrock,218704,Baltimore Orioles,Milwaukee Brewers,2026-09-20T22:44:05.656806+00:00,2026-09-21T23:28:42.189510+00:00,2026-09-21T19:28:42.189510-04:00,2026-09-21T19:28:42.189510-04:00,propline_free_sample
2026-09-20,2026-09-20 23:20:00+00:00,Jacob Misiorowski,4.5,over,-15000,hardrock,218704,Baltimore Orioles,Milwaukee Brewers,2026-09-20T22:44:05.656806+00:00,2026-09-21T23:28:42.189510+00:00,2026-09-21T19:28:42.189510-04:00,2026-09-21T19:28:42.189510-04:00,propline_free_sample
2026-09-20,2026-09-20 23:20:00+00:00,Jacob Misiorowski,4.5,under,3000,hardrock,218704,Baltimore Orioles,Milwaukee Brewers,2026-09-20T22:44:05.656806+00:00,2026-09-21T23:28:42.189510+00:00,2026-09-21T19:28:42.189510-04:00,2026-09-21T19:28:42.189510-04:00,propline_free_sample
2026-09-20,2026-09-20 23:20:00+00:00,Jacob Misiorowski,5.5,over,-3000,hardrock,218704,Baltimore Orioles,Milwaukee Brewers,2026-09-20T22:55:05.188112+00:00,2026-09-21T23:28:42.189510+00:00,2026-09-21T19:28:42.189510-04:00,2026-09-21T19:28:42.189510-04:00,propline_free_sample
2026-09-20,2026-09-20 23:20:00+00:00,Jacob Misiorowski,5.5,under,700,hardrock,218704,Baltimore Orioles,Milwaukee Brewers,2026-09-20T20:53:56.948724+00:00,2026-09-21T23:28:42.189510+00:00,2026-09-21T19:28:42.189510-04:00,2026-09-21T19:28:42.189510-04:00,propline_free_sample
2026-09-20,2026-09-20 23:20:00+00:00,Jacob Misiorowski,6.5,over,-450,hardrock,218704,Baltimore Orioles,Milwaukee Brewers,2026-09-20T22:55:05.188112+00:00,2026-09-21T23:28:42.189510+00:00,2026-09-21T19:28:42.189510-04:00,2026-09-21T19:28:42.189510-04:00,propline_free_sample
2026-09-20,2026-09-20 23:20:00+00:00,Jacob Misiorowski,6.5,under,260,hardrock,218704,Baltimore Orioles,Milwaukee Brewers,2026-09-20T20:25:12.360103+00:00,2026-09-21T23:28:42.189510+00:00,2026-09-21T19:28:42.189510-04:00,2026-09-21T19:28:42.189510-04:00,propline_free_sample
2026-09-20,2026-09-20 23:20:00+00:00,Jacob Misiorowski,7.5,over,-140,hardrock,218704,Baltimore Orioles,Milwaukee Brewers,2026-09-20T22:55:05.188112+00:00,2026-09-21T23:28:42.189510+00:00,2026-09-21T19:28:42.189510-04:00,2026-09-21T19:28:42.189510-04:00,propline_free_sample
2026-09-20,2026-09-20 23:20:00+00:00,Jacob Misiorowski,7.5,under,100,hardrock,218704,Baltimore Orioles,Milwaukee Brewers,2026-09-20T22:55:05.188112+00:00,2026-09-21T23:28:42.189510+00:00,2026-09-21T19:28:42.189510-04:00,2026-09-21T19:28:42.189510-04:00,propline_free_sample
2026-09-20,2026-09-20 23:20:00+00:00,Jacob Misiorowski,8.5,over,190,hardrock,218704,Baltimore Orioles,Milwaukee Brewers,2026-09-20T22:55:05.188112+00:00,2026-09-21T23:28:42.189510+00:00,2026-09-21T19:28:42.189510-04:00,2026-09-21T19:28:42.189510-04:00,propline_free_sample
2026-09-20,2026-09-20 23:20:00+00:00,Jacob Misiorowski,8.5,under,-300,hardrock,218704,Baltimore Orioles,Milwaukee Brewers,2026-09-20T22:55:05.188112+00:00,2026-09-21T23:28:42.189510+00:00,2026-09-21T19:28:42.189510-04:00,2026-09-21T19:28:42.189510-04:00,propline_free_sample
2026-09-20,2026-09-20 23:20:00+00:00,Jacob Misiorowski,9.5,over,475,hardrock,218704,Baltimore Orioles,Milwaukee Brewers,2026-09-20T23:14:25.410054+00:00,2026-09-21T23:28:42.189510+00:00,2026-09-21T19:28:42.189510-04:00,2026-09-21T19:28:42.189510-04:00,propline_free_sample
2026-09-20,2026-09-20 23:20:00+00:00,Jacob Misiorowski,9.5,under,-1100,hardrock,218704,Baltimore Orioles,Milwaukee Brewers,2026-09-20T22:55:05.188112+00:00,2026-09-21T23:28:42.189510+00:00,2026-09-21T19:28:42.189510-04:00,2026-09-21T19:28:42.189510-04:00,propline_free_sample
2026-09-20,2026-09-20 23:20:00+00:00,Brandon Young,4.5,over,118,pinnacle,218704,Baltimore Orioles,Milwaukee Brewers,2026-09-20T13:39:28.000723+00:00,2026-09-21T23:28:42.189510+00:00,2026-09-21T19:28:42.189510-04:00,2026-09-21T19:28:42.189510-04:00,propline_free_sample
2026-09-20,2026-09-20 23:20:00+00:00,Brandon Young,4.5,under,-157,pinnacle,218704,Baltimore Orioles,Milwaukee Brewers,2026-09-20T22:58:11.157004+00:00,2026-09-21T23:28:42.189510+00:00,2026-09-21T19:28:42.189510-04:00,2026-09-21T19:28:42.189510-04:00,propline_free_sample
2026-09-20,2026-09-20 23:20:00+00:00,Jacob Misiorowski,8.5,over,112,pinnacle,218704,Baltimore Orioles,Milwaukee Brewers,2026-09-20T22:58:11.157004+00:00,2026-09-21T23:28:42.189510+00:00,2026-09-21T19:28:42.189510-04:00,2026-09-21T19:28:42.189510-04:00,propline_free_sample
2026-09-20,2026-09-20 23:20:00+00:00,Jacob Misiorowski,8.5,under,-149,pinnacle,218704,Baltimore Orioles,Milwaukee Brewers,2026-09-20T22:58:11.157004+00:00,2026-09-21T23:28:42.189510+00:00,2026-09-21T19:28:42.189510-04:00,2026-09-21T19:28:42.189510-04:00,propline_free_sample
2026-09-20,2026-09-20 23:20:00+00:00,Jacob Misiorowski,10.5,under,100,prizepicks,218704,Baltimore Orioles,Milwaukee Brewers,2026-09-20T06:19:55.522094+00:00,2026-09-21T23:28:42.189510+00:00,2026-09-21T19:28:42.189510-04:00,2026-09-21T19:28:42.189510-04:00,propline_free_sample
2026-09-20,2026-09-20 23:20:00+00:00,Jacob Misiorowski,8.5,under,100,prizepicks,218704,Baltimore Orioles,Milwaukee Brewers,2026-09-20T06:19:55.522094+00:00,2026-09-21T23:28:42.189510+00:00,2026-09-21T19:28:42.189510-04:00,2026-09-21T19:28:42.189510-04:00,propline_free_sample
2026-09-20,2026-09-20 23:20:00+00:00,Jacob Misiorowski,9.5,under,100,prizepicks,218704,Baltimore Orioles,Milwaukee Brewers,2026-09-20T06:19:55.522094+00:00,2026-09-21T23:28:42.189510+00:00,2026-09-21T19:28:42.189510-04:00,2026-09-21T19:28:42.189510-04:00,propline_free_sample
2026-09-20,2026-09-20 23:20:00+00:00,Jacob Misiorowski,6.5,under,100,prizepicks,218704,Baltimore Orioles,Milwaukee Brewers,2026-09-20T06:19:55.522094+00:00,2026-09-21T23:28:42.189510+00:00,2026-09-21T19:28:42.189510-04:00,2026-09-21T19:28:42.189510-04:00,propline_free_sample
2026-09-20,2026-09-20 23:20:00+00:00,Jacob Misiorowski,12.5,over,100,prizepicks,218704,Baltimore Orioles,Milwaukee Brewers,2026-09-20T06:19:55.522094+00:00,2026-09-21T23:28:42.189510+00:00,2026-09-21T19:28:42.189510-04:00,2026-09-21T19:28:42.189510-04:00,propline_free_sample
2026-09-20,2026-09-20 23:20:00+00:00,Jacob Misiorowski,5.5,over,100,prizepicks,218704,Baltimore Orioles,Milwaukee Brewers,2026-09-20T06:19:55.522094+00:00,2026-09-21T23:28:42.189510+00:00,2026-09-21T19:28:42.189510-04:00,2026-09-21T19:28:42.189510-04:00,propline_free_sample
2026-09-20,2026-09-20 23:20:00+00:00,Jacob Misiorowski,5.5,under,100,prizepicks,218704,Baltimore Orioles,Milwaukee Brewers,2026-09-20T06:19:55.522094+00:00,2026-09-21T23:28:42.189510+00:00,2026-09-21T19:28:42.189510-04:00,2026-09-21T19:28:42.189510-04:00,propline_free_sample
2026-09-20,2026-09-20 23:20:00+00:00,Brandon Young,4.5,over,133,dabble,218704,Baltimore Orioles,Milwaukee Brewers,2026-09-20T23:19:11.261619+00:00,2026-09-21T23:28:42.189510+00:00,2026-09-21T19:28:42.189510-04:00,2026-09-21T19:28:42.189510-04:00,propline_free_sample
2026-09-20,2026-09-20 23:20:00+00:00,Jacob Misiorowski,7.5,over,-120,dabble,218704,Baltimore Orioles,Milwaukee Brewers,2026-09-20T22:33:55.464484+00:00,2026-09-21T23:28:42.189510+00:00,2026-09-21T19:28:42.189510-04:00,2026-09-21T19:28:42.189510-04:00,propline_free_sample
2026-09-20,2026-09-20 23:20:00+00:00,Brandon Young,4.5,under,-132,dabble,218704,Baltimore Orioles,Milwaukee Brewers,2026-09-20T23:19:11.261619+00:00,2026-09-21T23:28:42.189510+00:00,2026-09-21T19:28:42.189510-04:00,2026-09-21T19:28:42.189510-04:00,propline_free_sample
2026-09-20,2026-09-20 23:20:00+00:00,Jacob Misiorowski,7.5,under,120,dabble,218704,Baltimore Orioles,Milwaukee Brewers,2026-09-20T22:33:55.464484+00:00,2026-09-21T23:28:42.189510+00:00,2026-09-21T19:28:42.189510-04:00,2026-09-21T19:28:42.189510-04:00,propline_free_sample
2026-09-20,2026-09-20 23:20:00+00:00,Jacob Misiorowski,14.5,over,4000,hardrock,218704,Baltimore Orioles,Milwaukee Brewers,2026-09-20T06:23:13.481559+00:00,2026-09-21T23:28:42.189510+00:00,2026-09-21T19:28:42.189510-04:00,2026-09-21T19:28:42.189510-04:00,propline_free_sample
2026-09-20,2026-09-20 23:20:00+00:00,Jacob Misiorowski,14.5,under,-100000,hardrock,218704,Baltimore Orioles,Milwaukee Brewers,2026-09-20T06:23:13.481559+00:00,2026-09-21T23:28:42.189510+00:00,2026-09-21T19:28:42.189510-04:00,2026-09-21T19:28:42.189510-04:00,propline_free_sample
2026-09-20,2026-09-20 23:20:00+00:00,Brandon Young,9.5,over,-213,underdog,218704,Baltimore Orioles,Milwaukee Brewers,2026-09-20T08:28:59.304535+00:00,2026-09-21T23:28:42.189510+00:00,2026-09-21T19:28:42.189510-04:00,2026-09-21T19:28:42.189510-04:00,propline_free_sample
2026-09-20,2026-09-20 23:20:00+00:00,Jacob Misiorowski,5.5,over,-130,underdog,218704,Baltimore Orioles,Milwaukee Brewers,2026-09-20T23:06:10.858474+00:00,2026-09-21T23:28:42.189510+00:00,2026-09-21T19:28:42.189510-04:00,2026-09-21T19:28:42.189510-04:00,propline_free_sample
2026-09-20,2026-09-20 23:20:00+00:00,Brandon Young,9.5,under,141,underdog,218704,Baltimore Orioles,Milwaukee Brewers,2026-09-20T08:28:59.304535+00:00,2026-09-21T23:28:42.189510+00:00,2026-09-21T19:28:42.189510-04:00,2026-09-21T19:28:42.189510-04:00,propline_free_sample
2026-09-20,2026-09-20 23:20:00+00:00,Jacob Misiorowski,5.5,under,-115,underdog,218704,Baltimore Orioles,Milwaukee Brewers,2026-09-20T23:06:10.858474+00:00,2026-09-21T23:28:42.189510+00:00,2026-09-21T19:28:42.189510-04:00,2026-09-21T19:28:42.189510-04:00,propline_free_sample
2026-09-20,2026-09-20 23:20:00+00:00,Brandon Young,4.5,over,112,smarkets,218704,Baltimore Orioles,Milwaukee Brewers,2026-09-20T23:18:16.606978+00:00,2026-09-21T23:28:42.189510+00:00,2026-09-21T19:28:42.189510-04:00,2026-09-21T19:28:42.189510-04:00,propline_free_sample
2026-09-20,2026-09-20 23:20:00+00:00,Brandon Young,4.5,under,-156,smarkets,218704,Baltimore Orioles,Milwaukee Brewers,2026-09-20T23:19:16.610779+00:00,2026-09-21T23:28:42.189510+00:00,2026-09-21T19:28:42.189510-04:00,2026-09-21T19:28:42.189510-04:00,propline_free_sample
2026-09-20,2026-09-20 23:20:00+00:00,Jacob Misiorowski,7.5,over,-167,smarkets,218704,Baltimore Orioles,Milwaukee Brewers,2026-09-20T23:19:16.610779+00:00,2026-09-21T23:28:42.189510+00:00,2026-09-21T19:28:42.189510-04:00,2026-09-21T19:28:42.189510-04:00,propline_free_sample
2026-09-20,2026-09-20 23:20:00+00:00,Jacob Misiorowski,7.5,under,112,smarkets,218704,Baltimore Orioles,Milwaukee Brewers,2026-09-20T23:19:16.610779+00:00,2026-09-21T23:28:42.189510+00:00,2026-09-21T19:28:42.189510-04:00,2026-09-21T19:28:42.189510-04:00,propline_free_sample
2026-09-20,2026-09-20 23:20:00+00:00,Jacob Misiorowski,8.5,over,108,prophetx,218704,Baltimore Orioles,Milwaukee Brewers,2026-09-20T23:17:21.597271+00:00,2026-09-21T23:28:42.189510+00:00,2026-09-21T19:28:42.189510-04:00,2026-09-21T19:28:42.189510-04:00,propline_free_sample
2026-09-20,2026-09-20 23:20:00+00:00,Jacob Misiorowski,8.5,under,-142,prophetx,218704,Baltimore Orioles,Milwaukee Brewers,2026-09-20T23:18:19.327003+00:00,2026-09-21T23:28:42.189510+00:00,2026-09-21T19:28:42.189510-04:00,2026-09-21T19:28:42.189510-04:00,propline_free_sample
2026-09-20,2026-09-20 23:20:00+00:00,Jacob Misiorowski,11.5,over,100,prizepicks,218704,Baltimore Orioles,Milwaukee Brewers,2026-09-20T06:57:57.683147+00:00,2026-09-21T23:28:42.189510+00:00,2026-09-21T19:28:42.189510-04:00,2026-09-21T19:28:42.189510-04:00,propline_free_sample
2026-09-20,2026-09-20 23:20:00+00:00,Brandon Young,2.5,over,-456,polymarket_us,218704,Baltimore Orioles,Milwaukee Brewers,2026-09-20T20:20:54.964488+00:00,2026-09-21T23:28:42.189510+00:00,2026-09-21T19:28:42.189510-04:00,2026-09-21T19:28:42.189510-04:00,propline_free_sample
2026-09-20,2026-09-20 23:20:00+00:00,Jacob Misiorowski,8.5,under,-426,polymarket_us,218704,Baltimore Orioles,Milwaukee Brewers,2026-09-20T23:19:18.702594+00:00,2026-09-21T23:28:42.189510+00:00,2026-09-21T19:28:42.189510-04:00,2026-09-21T19:28:42.189510-04:00,propline_free_sample
2026-09-20,2026-09-20 23:20:00+00:00,Brandon Young,4.5,over,115,draftkings,218704,Baltimore Orioles,Milwaukee Brewers,2026-09-20T23:13:25.296436+00:00,2026-09-21T23:28:42.189510+00:00,2026-09-21T19:28:42.189510-04:00,2026-09-21T19:28:42.189510-04:00,propline_free_sample
2026-09-20,2026-09-20 23:20:00+00:00,Brandon Young,4.5,under,-147,draftkings,218704,Baltimore Orioles,Milwaukee Brewers,2026-09-20T23:13:25.296436+00:00,2026-09-21T23:28:42.189510+00:00,2026-09-21T19:28:42.189510-04:00,2026-09-21T19:28:42.189510-04:00,propline_free_sample
2026-09-20,2026-09-20 23:20:00+00:00,Brandon Young,7.5,under,9900,polymarket_us,218704,Baltimore Orioles,Milwaukee Brewers,2026-09-20T21:28:50.566689+00:00,2026-09-21T23:28:42.189510+00:00,2026-09-21T19:28:42.189510-04:00,2026-09-21T19:28:42.189510-04:00,propline_free_sample
2026-09-20,2026-09-20 23:20:00+00:00,Brandon Young,6.5,under,9900,polymarket_us,218704,Baltimore Orioles,Milwaukee Brewers,2026-09-20T23:17:20.942379+00:00,2026-09-21T23:28:42.189510+00:00,2026-09-21T19:28:42.189510-04:00,2026-09-21T19:28:42.189510-04:00,propline_free_sample
2026-09-20,2026-09-20 23:20:00+00:00,Brandon Young,4.5,over,120,onexbet,218704,Baltimore Orioles,Milwaukee Brewers,2026-09-20T22:53:59.402224+00:00,2026-09-21T23:28:42.189510+00:00,2026-09-21T19:28:42.189510-04:00,2026-09-21T19:28:42.189510-04:00,propline_free_sample
2026-09-20,2026-09-20 23:20:00+00:00,Brandon Young,4.5,under,-160,onexbet,218704,Baltimore Orioles,Milwaukee Brewers,2026-09-20T22:53:59.402224+00:00,2026-09-21T23:28:42.189510+00:00,2026-09-21T19:28:42.189510-04:00,2026-09-21T19:28:42.189510-04:00,propline_free_sample
2026-09-20,2026-09-20 23:20:00+00:00,Brandon Young,2.5,over,-9900,kalshi,218704,Baltimore Orioles,Milwaukee Brewers,2026-09-20T23:18:11.018219+00:00,2026-09-21T23:28:42.189510+00:00,2026-09-21T19:28:42.189510-04:00,2026-09-21T19:28:42.189510-04:00,propline_free_sample
2026-09-20,2026-09-20 23:20:00+00:00,Brandon Young,3.5,over,-9900,kalshi,218704,Baltimore Orioles,Milwaukee Brewers,2026-09-20T17:53:57.890432+00:00,2026-09-21T23:28:42.189510+00:00,2026-09-21T19:28:42.189510-04:00,2026-09-21T19:28:42.189510-04:00,propline_free_sample
2026-09-20,2026-09-20 23:20:00+00:00,Brandon Young,4.5,over,-3233,kalshi,218704,Baltimore Orioles,Milwaukee Brewers,2026-09-20T20:32:10.390601+00:00,2026-09-21T23:28:42.189510+00:00,2026-09-21T19:28:42.189510-04:00,2026-09-21T19:28:42.189510-04:00,propline_free_sample
2026-09-20,2026-09-20 23:20:00+00:00,Brandon Young,5.5,over,-3233,kalshi,218704,Baltimore Orioles,Milwaukee Brewers,2026-09-20T21:28:08.929452+00:00,2026-09-21T23:28:42.189510+00:00,2026-09-21T19:28:42.189510-04:00,2026-09-21T19:28:42.189510-04:00,propline_free_sample
2026-09-20,2026-09-20 23:20:00+00:00,Brandon Young,6.5,over,-3233,kalshi,218704,Baltimore Orioles,Milwaukee Brewers,2026-09-20T19:26:34.883307+00:00,2026-09-21T23:28:42.189510+00:00,2026-09-21T19:28:42.189510-04:00,2026-09-21T19:28:42.189510-04:00,propline_free_sample
2026-09-20,2026-09-20 23:20:00+00:00,Brandon Young,7.5,over,-4900,kalshi,218704,Baltimore Orioles,Milwaukee Brewers,2026-09-20T16:16:29.714476+00:00,2026-09-21T23:28:42.189510+00:00,2026-09-21T19:28:42.189510-04:00,2026-09-21T19:28:42.189510-04:00,propline_free_sample
2026-09-20,2026-09-20 23:20:00+00:00,Brandon Young,8.5,over,-113,kalshi,218704,Baltimore Orioles,Milwaukee Brewers,2026-09-20T18:51:38.068210+00:00,2026-09-21T23:28:42.189510+00:00,2026-09-21T19:28:42.189510-04:00,2026-09-21T19:28:42.189510-04:00,propline_free_sample
2026-09-20,2026-09-20 23:20:00+00:00,Brandon Young,8.5,under,9900,kalshi,218704,Baltimore Orioles,Milwaukee Brewers,2026-09-20T21:29:50.227889+00:00,2026-09-21T23:28:42.189510+00:00,2026-09-21T19:28:42.189510-04:00,2026-09-21T19:28:42.189510-04:00,propline_free_sample
2026-09-20,2026-09-20 23:20:00+00:00,Brandon Young,4.5,under,9900,kalshi,218704,Baltimore Orioles,Milwaukee Brewers,2026-09-20T15:34:21.908699+00:00,2026-09-21T23:28:42.189510+00:00,2026-09-21T19:28:42.189510-04:00,2026-09-21T19:28:42.189510-04:00,propline_free_sample
2026-09-20,2026-09-20 23:20:00+00:00,Brandon Young,2.5,under,9900,kalshi,218704,Baltimore Orioles,Milwaukee Brewers,2026-09-20T23:19:41.317219+00:00,2026-09-21T23:28:42.189510+00:00,2026-09-21T19:28:42.189510-04:00,2026-09-21T19:28:42.189510-04:00,propline_free_sample
2026-09-20,2026-09-20 23:20:00+00:00,Brandon Young,3.5,under,9900,kalshi,218704,Baltimore Orioles,Milwaukee Brewers,2026-09-20T17:11:34.838096+00:00,2026-09-21T23:28:42.189510+00:00,2026-09-21T19:28:42.189510-04:00,2026-09-21T19:28:42.189510-04:00,propline_free_sample
2026-09-20,2026-09-20 23:20:00+00:00,Brandon Young,5.5,under,9900,kalshi,218704,Baltimore Orioles,Milwaukee Brewers,2026-09-20T21:29:50.227889+00:00,2026-09-21T23:28:42.189510+00:00,2026-09-21T19:28:42.189510-04:00,2026-09-21T19:28:42.189510-04:00,propline_free_sample
2026-09-20,2026-09-20 23:20:00+00:00,Brandon Young,6.5,under,9900,kalshi,218704,Baltimore Orioles,Milwaukee Brewers,2026-09-20T21:29:50.227889+00:00,2026-09-21T23:28:42.189510+00:00,2026-09-21T19:28:42.189510-04:00,2026-09-21T19:28:42.189510-04:00,propline_free_sample
2026-09-20,2026-09-20 23:20:00+00:00,Jacob Misiorowski,8.5,over,110,draftkings,218704,Baltimore Orioles,Milwaukee Brewers,2026-09-20T23:17:02.239423+00:00,2026-09-21T23:28:42.189510+00:00,2026-09-21T19:28:42.189510-04:00,2026-09-21T19:28:42.189510-04:00,propline_free_sample
2026-09-20,2026-09-20 23:20:00+00:00,Jacob Misiorowski,8.5,under,-141,draftkings,218704,Baltimore Orioles,Milwaukee Brewers,2026-09-20T23:17:02.239423+00:00,2026-09-21T23:28:42.189510+00:00,2026-09-21T19:28:42.189510-04:00,2026-09-21T19:28:42.189510-04:00,propline_free_sample
2026-09-20,2026-09-20 23:20:00+00:00,Jacob Misiorowski,7.5,over,-170,onexbet,218704,Baltimore Orioles,Milwaukee Brewers,2026-09-20T10:52:29.194966+00:00,2026-09-21T23:28:42.189510+00:00,2026-09-21T19:28:42.189510-04:00,2026-09-21T19:28:42.189510-04:00,propline_free_sample
2026-09-20,2026-09-20 23:20:00+00:00,Jacob Misiorowski,7.5,under,130,onexbet,218704,Baltimore Orioles,Milwaukee Brewers,2026-09-20T10:52:29.194966+00:00,2026-09-21T23:28:42.189510+00:00,2026-09-21T19:28:42.189510-04:00,2026-09-21T19:28:42.189510-04:00,propline_free_sample
2026-09-20,2026-09-20 23:20:00+00:00,Jacob Misiorowski,5.5,over,9900,polymarket_us,218704,Baltimore Orioles,Milwaukee Brewers,2026-09-20T23:08:20.316688+00:00,2026-09-21T23:28:42.189510+00:00,2026-09-21T19:28:42.189510-04:00,2026-09-21T19:28:42.189510-04:00,propline_free_sample
2026-09-20,2026-09-20 23:20:00+00:00,Jacob Misiorowski,4.5,over,9900,kalshi,218704,Baltimore Orioles,Milwaukee Brewers,2026-09-20T23:15:01.787461+00:00,2026-09-21T23:28:42.189510+00:00,2026-09-21T19:28:42.189510-04:00,2026-09-21T19:28:42.189510-04:00,propline_free_sample
2026-09-20,2026-09-20 23:20:00+00:00,Jacob Misiorowski,5.5,over,9900,kalshi,218704,Baltimore Orioles,Milwaukee Brewers,2026-09-20T23:18:11.018219+00:00,2026-09-21T23:28:42.189510+00:00,2026-09-21T19:28:42.189510-04:00,2026-09-21T19:28:42.189510-04:00,propline_free_sample
2026-09-20,2026-09-20 23:20:00+00:00,Jacob Misiorowski,6.5,over,9900,kalshi,218704,Baltimore Orioles,Milwaukee Brewers,2026-09-20T23:18:11.018219+00:00,2026-09-21T23:28:42.189510+00:00,2026-09-21T19:28:42.189510-04:00,2026-09-21T19:28:42.189510-04:00,propline_free_sample
2026-09-20,2026-09-20 23:20:00+00:00,Jacob Misiorowski,7.5,over,9900,kalshi,218704,Baltimore Orioles,Milwaukee Brewers,2026-09-20T23:19:17.865634+00:00,2026-09-21T23:28:42.189510+00:00,2026-09-21T19:28:42.189510-04:00,2026-09-21T19:28:42.189510-04:00,propline_free_sample
2026-09-20,2026-09-20 23:20:00+00:00,Jacob Misiorowski,8.5,over,9900,kalshi,218704,Baltimore Orioles,Milwaukee Brewers,2026-09-20T23:18:59.635357+00:00,2026-09-21T23:28:42.189510+00:00,2026-09-21T19:28:42.189510-04:00,2026-09-21T19:28:42.189510-04:00,propline_free_sample
2026-09-20,2026-09-20 23:20:00+00:00,Jacob Misiorowski,10.5,over,9900,kalshi,218704,Baltimore Orioles,Milwaukee Brewers,2026-09-20T23:02:12.050746+00:00,2026-09-21T23:28:42.189510+00:00,2026-09-21T19:28:42.189510-04:00,2026-09-21T19:28:42.189510-04:00,propline_free_sample
2026-09-20,2026-09-20 23:20:00+00:00,Jacob Misiorowski,11.5,over,9900,kalshi,218704,Baltimore Orioles,Milwaukee Brewers,2026-09-20T15:36:11.328158+00:00,2026-09-21T23:28:42.189510+00:00,2026-09-21T19:28:42.189510-04:00,2026-09-21T19:28:42.189510-04:00,propline_free_sample
2026-09-20,2026-09-20 23:20:00+00:00,Jacob Misiorowski,12.5,over,9900,kalshi,218704,Baltimore Orioles,Milwaukee Brewers,2026-09-20T22:27:05.570507+00:00,2026-09-21T23:28:42.189510+00:00,2026-09-21T19:28:42.189510-04:00,2026-09-21T19:28:42.189510-04:00,propline_free_sample
2026-09-20,2026-09-20 23:20:00+00:00,Jacob Misiorowski,9.5,over,9900,kalshi,218704,Baltimore Orioles,Milwaukee Brewers,2026-09-20T23:16:41.413307+00:00,2026-09-21T23:28:42.189510+00:00,2026-09-21T19:28:42.189510-04:00,2026-09-21T19:28:42.189510-04:00,propline_free_sample
2026-09-20,2026-09-20 23:20:00+00:00,Jacob Misiorowski,8.5,under,-1329,kalshi,218704,Baltimore Orioles,Milwaukee Brewers,2026-09-20T23:18:59.635357+00:00,2026-09-21T23:28:42.189510+00:00,2026-09-21T19:28:42.189510-04:00,2026-09-21T19:28:42.189510-04:00,propline_free_sample
2026-09-20,2026-09-20 23:20:00+00:00,Jacob Misiorowski,7.5,under,-1011,kalshi,218704,Baltimore Orioles,Milwaukee Brewers,2026-09-20T23:19:15.741166+00:00,2026-09-21T23:28:42.189510+00:00,2026-09-21T19:28:42.189510-04:00,2026-09-21T19:28:42.189510-04:00,propline_free_sample
2026-09-20,2026-09-20 23:20:00+00:00,Brandon Young,7.5,over,105,betmgm,218704,Baltimore Orioles,Milwaukee Brewers,2026-09-20T20:20:48.294478+00:00,2026-09-21T23:28:42.189510+00:00,2026-09-21T19:28:42.189510-04:00,2026-09-21T19:28:42.189510-04:00,propline_free_sample
2026-09-20,2026-09-20 23:20:00+00:00,Brandon Young,7.5,under,-140,betmgm,218704,Baltimore Orioles,Milwaukee Brewers,2026-09-20T20:20:48.294478+00:00,2026-09-21T23:28:42.189510+00:00,2026-09-21T19:28:42.189510-04:00,2026-09-21T19:28:42.189510-04:00,propline_free_sample
2026-09-20,2026-09-20 23:20:00+00:00,Jacob Misiorowski,8.5,over,130,betmgm,218704,Baltimore Orioles,Milwaukee Brewers,2026-09-20T20:46:17.453125+00:00,2026-09-21T23:28:42.189510+00:00,2026-09-21T19:28:42.189510-04:00,2026-09-21T19:28:42.189510-04:00,propline_free_sample
2026-09-20,2026-09-20 23:20:00+00:00,Jacob Misiorowski,8.5,under,-175,betmgm,218704,Baltimore Orioles,Milwaukee Brewers,2026-09-20T20:46:17.453125+00:00,2026-09-21T23:28:42.189510+00:00,2026-09-21T19:28:42.189510-04:00,2026-09-21T19:28:42.189510-04:00,propline_free_sample
2026-09-20,2026-09-20 23:20:00+00:00,Jacob Misiorowski,4.5,under,-900,kalshi,218704,Baltimore Orioles,Milwaukee Brewers,2026-09-20T23:16:41.413307+00:00,2026-09-21T23:28:42.189510+00:00,2026-09-21T19:28:42.189510-04:00,2026-09-21T19:28:42.189510-04:00,propline_free_sample
2026-09-20,2026-09-20 23:20:00+00:00,Jacob Misiorowski,5.5,under,-1150,kalshi,218704,Baltimore Orioles,Milwaukee Brewers,2026-09-20T22:40:48.126458+00:00,2026-09-21T23:28:42.189510+00:00,2026-09-21T19:28:42.189510-04:00,2026-09-21T19:28:42.189510-04:00,propline_free_sample
2026-09-20,2026-09-20 23:20:00+00:00,Jacob Misiorowski,6.5,under,-9900,kalshi,218704,Baltimore Orioles,Milwaukee Brewers,2026-09-20T23:06:15.078785+00:00,2026-09-21T23:28:42.189510+00:00,2026-09-21T19:28:42.189510-04:00,2026-09-21T19:28:42.189510-04:00,propline_free_sample
2026-09-20,2026-09-20 23:20:00+00:00,Jacob Misiorowski,10.5,under,-9900,kalshi,218704,Baltimore Orioles,Milwaukee Brewers,2026-09-20T23:18:11.018219+00:00,2026-09-21T23:28:42.189510+00:00,2026-09-21T19:28:42.189510-04:00,2026-09-21T19:28:42.189510-04:00,propline_free_sample
2026-09-20,2026-09-20 23:20:00+00:00,Jacob Misiorowski,9.5,under,-9900,kalshi,218704,Baltimore Orioles,Milwaukee Brewers,2026-09-20T23:15:01.787461+00:00,2026-09-21T23:28:42.189510+00:00,2026-09-21T19:28:42.189510-04:00,2026-09-21T19:28:42.189510-04:00,propline_free_sample
2026-09-20,2026-09-20 23:20:00+00:00,Jacob Misiorowski,5.5,under,-233,polymarket_us,218704,Baltimore Orioles,Milwaukee Brewers,2026-09-20T23:08:20.316688+00:00,2026-09-21T23:28:42.189510+00:00,2026-09-21T19:28:42.189510-04:00,2026-09-21T19:28:42.189510-04:00,propline_free_sample
2026-09-20,2026-09-20 23:20:00+00:00,Brandon Young,3.5,over,-190,novig,218704,Baltimore Orioles,Milwaukee Brewers,2026-09-20T21:40:09.671147+00:00,2026-09-21T23:28:42.189510+00:00,2026-09-21T19:28:42.189510-04:00,2026-09-21T19:28:42.189510-04:00,propline_free_sample
2026-09-20,2026-09-20 23:20:00+00:00,Brandon Young,3.5,under,144,novig,218704,Baltimore Orioles,Milwaukee Brewers,2026-09-20T20:06:51.497677+00:00,2026-09-21T23:28:42.189510+00:00,2026-09-21T19:28:42.189510-04:00,2026-09-21T19:28:42.189510-04:00,propline_free_sample
2026-09-20,2026-09-20 23:20:00+00:00,Jacob Misiorowski,8.5,over,-122,novig,218704,Baltimore Orioles,Milwaukee Brewers,2026-09-20T23:16:20.554268+00:00,2026-09-21T23:28:42.189510+00:00,2026-09-21T19:28:42.189510-04:00,2026-09-21T19:28:42.189510-04:00,propline_free_sample
2026-09-20,2026-09-20 23:20:00+00:00,Jacob Misiorowski,8.5,under,-99900,novig,218704,Baltimore Orioles,Milwaukee Brewers,2026-09-20T23:19:16.606625+00:00,2026-09-21T23:28:42.189510+00:00,2026-09-21T19:28:42.189510-04:00,2026-09-21T19:28:42.189510-04:00,propline_free_sample
2026-09-20,2026-09-20 23:20:00+00:00,Jacob Misiorowski,11.5,under,-3233,kalshi,218704,Baltimore Orioles,Milwaukee Brewers,2026-09-20T21:56:37.713889+00:00,2026-09-21T23:28:42.189510+00:00,2026-09-21T19:28:42.189510-04:00,2026-09-21T19:28:42.189510-04:00,propline_free_sample
2026-09-20,2026-09-20 23:20:00+00:00,Jacob Misiorowski,6.5,over,-1233,novig,218704,Baltimore Orioles,Milwaukee Brewers,2026-09-20T23:15:18.366215+00:00,2026-09-21T23:28:42.189510+00:00,2026-09-21T19:28:42.189510-04:00,2026-09-21T19:28:42.189510-04:00,propline_free_sample
2026-09-20,2026-09-20 23:20:00+00:00,Jacob Misiorowski,6.5,under,-99900,novig,218704,Baltimore Orioles,Milwaukee Brewers,2026-09-20T23:19:16.606625+00:00,2026-09-21T23:28:42.189510+00:00,2026-09-21T19:28:42.189510-04:00,2026-09-21T19:28:42.189510-04:00,propline_free_sample
2026-09-20,2026-09-20 23:20:00+00:00,Brandon Young,4.0,over,100,prizepicks,218704,Baltimore Orioles,Milwaukee Brewers,2026-09-20T11:23:08.307982+00:00,2026-09-21T23:28:42.189510+00:00,2026-09-21T19:28:42.189510-04:00,2026-09-21T19:28:42.189510-04:00,propline_free_sample
2026-09-20,2026-09-20 23:20:00+00:00,Jacob Misiorowski,8.0,over,100,prizepicks,218704,Baltimore Orioles,Milwaukee Brewers,2026-09-20T11:23:08.307982+00:00,2026-09-21T23:28:42.189510+00:00,2026-09-21T19:28:42.189510-04:00,2026-09-21T19:28:42.189510-04:00,propline_free_sample
2026-09-20,2026-09-20 23:20:00+00:00,Brandon Young,4.0,under,100,prizepicks,218704,Baltimore Orioles,Milwaukee Brewers,2026-09-20T11:23:08.307982+00:00,2026-09-21T23:28:42.189510+00:00,2026-09-21T19:28:42.189510-04:00,2026-09-21T19:28:42.189510-04:00,propline_free_sample
2026-09-20,2026-09-20 23:20:00+00:00,Brandon Young,4.0,over,120,prophetx,218704,Baltimore Orioles,Milwaukee Brewers,2026-09-20T11:57:12.055372+00:00,2026-09-21T23:28:42.189510+00:00,2026-09-21T19:28:42.189510-04:00,2026-09-21T19:28:42.189510-04:00,propline_free_sample
2026-09-20,2026-09-20 23:20:00+00:00,Brandon Young,4.0,under,-142,prophetx,218704,Baltimore Orioles,Milwaukee Brewers,2026-09-20T11:57:12.055372+00:00,2026-09-21T23:28:42.189510+00:00,2026-09-21T19:28:42.189510-04:00,2026-09-21T19:28:42.189510-04:00,propline_free_sample
2026-09-20,2026-09-20 23:20:00+00:00,Brandon Young,5.5,over,-99900,novig,218704,Baltimore Orioles,Milwaukee Brewers,2026-09-20T21:41:08.203608+00:00,2026-09-21T23:28:42.189510+00:00,2026-09-21T19:28:42.189510-04:00,2026-09-21T19:28:42.189510-04:00,propline_free_sample
2026-09-20,2026-09-20 23:20:00+00:00,Brandon Young,5.5,under,-135,novig,218704,Baltimore Orioles,Milwaukee Brewers,2026-09-20T23:19:16.606625+00:00,2026-09-21T23:28:42.189510+00:00,2026-09-21T19:28:42.189510-04:00,2026-09-21T19:28:42.189510-04:00,propline_free_sample
2026-09-20,2026-09-20 23:20:00+00:00,Brandon Young,4.5,over,112,rebet,218704,Baltimore Orioles,Milwaukee Brewers,2026-09-20T23:17:20.674232+00:00,2026-09-21T23:28:42.189510+00:00,2026-09-21T19:28:42.189510-04:00,2026-09-21T19:28:42.189510-04:00,propline_free_sample
2026-09-20,2026-09-20 23:20:00+00:00,Brandon Young,4.5,under,-156,rebet,218704,Baltimore Orioles,Milwaukee Brewers,2026-09-20T23:17:20.674232+00:00,2026-09-21T23:28:42.189510+00:00,2026-09-21T19:28:42.189510-04:00,2026-09-21T19:28:42.189510-04:00,propline_free_sample
2026-09-20,2026-09-20 23:20:00+00:00,Jacob Misiorowski,8.5,over,107,rebet,218704,Baltimore Orioles,Milwaukee Brewers,2026-09-20T23:02:18.272131+00:00,2026-09-21T23:28:42.189510+00:00,2026-09-21T19:28:42.189510-04:00,2026-09-21T19:28:42.189510-04:00,propline_free_sample
2026-09-20,2026-09-20 23:20:00+00:00,Jacob Misiorowski,8.5,under,-148,rebet,218704,Baltimore Orioles,Milwaukee Brewers,2026-09-20T23:02:18.272131+00:00,2026-09-21T23:28:42.189510+00:00,2026-09-21T19:28:42.189510-04:00,2026-09-21T19:28:42.189510-04:00,propline_free_sample
2026-09-20,2026-09-20 23:20:00+00:00,Jacob Misiorowski,13.5,over,100,prizepicks,218704,Baltimore Orioles,Milwaukee Brewers,2026-09-20T12:48:14.993832+00:00,2026-09-21T23:28:42.189510+00:00,2026-09-21T19:28:42.189510-04:00,2026-09-21T19:28:42.189510-04:00,propline_free_sample
2026-09-20,2026-09-20 23:20:00+00:00,Jacob Misiorowski,9.5,over,-122,novig,218704,Baltimore Orioles,Milwaukee Brewers,2026-09-20T22:40:01.304252+00:00,2026-09-21T23:28:42.189510+00:00,2026-09-21T19:28:42.189510-04:00,2026-09-21T19:28:42.189510-04:00,propline_free_sample
2026-09-20,2026-09-20 23:20:00+00:00,Jacob Misiorowski,9.5,under,-99900,novig,218704,Baltimore Orioles,Milwaukee Brewers,2026-09-20T23:19:16.606625+00:00,2026-09-21T23:28:42.189510+00:00,2026-09-21T19:28:42.189510-04:00,2026-09-21T19:28:42.189510-04:00,propline_free_sample
2026-09-20,2026-09-20 23:20:00+00:00,Jacob Misiorowski,8.5,over,114,smarkets,218704,Baltimore Orioles,Milwaukee Brewers,2026-09-20T21:27:42.710782+00:00,2026-09-21T23:28:42.189510+00:00,2026-09-21T19:28:42.189510-04:00,2026-09-21T19:28:42.189510-04:00,propline_free_sample
2026-09-20,2026-09-20 23:20:00+00:00,Jacob Misiorowski,8.5,under,-161,smarkets,218704,Baltimore Orioles,Milwaukee Brewers,2026-09-20T21:27:42.710782+00:00,2026-09-21T23:28:42.189510+00:00,2026-09-21T19:28:42.189510-04:00,2026-09-21T19:28:42.189510-04:00,propline_free_sample
2026-09-20,2026-09-20 23:20:00+00:00,Jacob Misiorowski,8.0,over,112,prophetx,218704,Baltimore Orioles,Milwaukee Brewers,2026-09-20T13:46:33.354706+00:00,2026-09-21T23:28:42.189510+00:00,2026-09-21T19:28:42.189510-04:00,2026-09-21T19:28:42.189510-04:00,propline_free_sample
2026-09-20,2026-09-20 23:20:00+00:00,Jacob Misiorowski,8.0,under,-132,prophetx,218704,Baltimore Orioles,Milwaukee Brewers,2026-09-20T13:46:33.354706+00:00,2026-09-21T23:28:42.189510+00:00,2026-09-21T19:28:42.189510-04:00,2026-09-21T19:28:42.189510-04:00,propline_free_sample
2026-09-20,2026-09-20 23:20:00+00:00,Brandon Young,7.5,under,9900,kalshi,218704,Baltimore Orioles,Milwaukee Brewers,2026-09-20T21:29:50.227889+00:00,2026-09-21T23:28:42.189510+00:00,2026-09-21T19:28:42.189510-04:00,2026-09-21T19:28:42.189510-04:00,propline_free_sample
2026-09-20,2026-09-20 23:20:00+00:00,Jacob Misiorowski (MIL),8.5,over,100,betonlineag,218704,Baltimore Orioles,Milwaukee Brewers,2026-09-20T15:08:50.076939+00:00,2026-09-21T23:28:42.189510+00:00,2026-09-21T19:28:42.189510-04:00,2026-09-21T19:28:42.189510-04:00,propline_free_sample
2026-09-20,2026-09-20 23:20:00+00:00,Jacob Misiorowski (MIL),8.5,under,-140,betonlineag,218704,Baltimore Orioles,Milwaukee Brewers,2026-09-20T15:08:50.076939+00:00,2026-09-21T23:28:42.189510+00:00,2026-09-21T19:28:42.189510-04:00,2026-09-21T19:28:42.189510-04:00,propline_free_sample
2026-09-20,2026-09-20 23:20:00+00:00,Jacob Misiorowski (MIL),8.5,over,100,lowvig,218704,Baltimore Orioles,Milwaukee Brewers,2026-09-20T15:08:53.630080+00:00,2026-09-21T23:28:42.189510+00:00,2026-09-21T19:28:42.189510-04:00,2026-09-21T19:28:42.189510-04:00,propline_free_sample
2026-09-20,2026-09-20 23:20:00+00:00,Jacob Misiorowski (MIL),8.5,under,-140,lowvig,218704,Baltimore Orioles,Milwaukee Brewers,2026-09-20T15:08:53.630080+00:00,2026-09-21T23:28:42.189510+00:00,2026-09-21T19:28:42.189510-04:00,2026-09-21T19:28:42.189510-04:00,propline_free_sample
2026-09-20,2026-09-20 23:20:00+00:00,Jacob Misiorowski,12.5,under,-3233,kalshi,218704,Baltimore Orioles,Milwaukee Brewers,2026-09-20T21:18:22.697443+00:00,2026-09-21T23:28:42.189510+00:00,2026-09-21T19:28:42.189510-04:00,2026-09-21T19:28:42.189510-04:00,propline_free_sample
2026-09-20,2026-09-20 23:20:00+00:00,Brandon Young,3.5,over,-175,smarkets,218704,Baltimore Orioles,Milwaukee Brewers,2026-09-20T20:47:51.752764+00:00,2026-09-21T23:28:42.189510+00:00,2026-09-21T19:28:42.189510-04:00,2026-09-21T19:28:42.189510-04:00,propline_free_sample
2026-09-20,2026-09-20 23:20:00+00:00,Brandon Young,3.5,under,124,smarkets,218704,Baltimore Orioles,Milwaukee Brewers,2026-09-20T20:47:51.752764+00:00,2026-09-21T23:28:42.189510+00:00,2026-09-21T19:28:42.189510-04:00,2026-09-21T19:28:42.189510-04:00,propline_free_sample
2026-09-20,2026-09-20 23:20:00+00:00,Brandon Young,10.5,over,155,hardrock,218704,Baltimore Orioles,Milwaukee Brewers,,2026-09-21T23:28:42.189510+00:00,2026-09-21T19:28:42.189510-04:00,2026-09-21T19:28:42.189510-04:00,propline_free_sample
2026-09-20,2026-09-20 23:20:00+00:00,Brandon Young,10.5,under,-225,hardrock,218704,Baltimore Orioles,Milwaukee Brewers,,2026-09-21T23:28:42.189510+00:00,2026-09-21T19:28:42.189510-04:00,2026-09-21T19:28:42.189510-04:00,propline_free_sample
2026-09-20,2026-09-20 23:20:00+00:00,Brandon Young,9.5,over,-300,hardrock,218704,Baltimore Orioles,Milwaukee Brewers,,2026-09-21T23:28:42.189510+00:00,2026-09-21T19:28:42.189510-04:00,2026-09-21T19:28:42.189510-04:00,propline_free_sample
2026-09-20,2026-09-20 23:20:00+00:00,Brandon Young,9.5,under,195,hardrock,218704,Baltimore Orioles,Milwaukee Brewers,,2026-09-21T23:28:42.189510+00:00,2026-09-21T19:28:42.189510-04:00,2026-09-21T19:28:42.189510-04:00,propline_free_sample
2026-09-20,2026-09-20 23:20:00+00:00,Brandon Young (BAL),10.5,over,170,bovada,218704,Baltimore Orioles,Milwaukee Brewers,,2026-09-21T23:28:42.189510+00:00,2026-09-21T19:28:42.189510-04:00,2026-09-21T19:28:42.189510-04:00,propline_free_sample
2026-09-20,2026-09-20 23:20:00+00:00,Brandon Young (BAL),10.5,under,-225,bovada,218704,Baltimore Orioles,Milwaukee Brewers,,2026-09-21T23:28:42.189510+00:00,2026-09-21T19:28:42.189510-04:00,2026-09-21T19:28:42.189510-04:00,propline_free_sample
2026-09-20,2026-09-20 23:20:00+00:00,Jacob Misiorowski (MIL),4.5,over,-165,bovada,218704,Baltimore Orioles,Milwaukee Brewers,,2026-09-21T23:28:42.189510+00:00,2026-09-21T19:28:42.189510-04:00,2026-09-21T19:28:42.189510-04:00,propline_free_sample
2026-09-20,2026-09-20 23:20:00+00:00,Jacob Misiorowski (MIL),4.5,under,125,bovada,218704,Baltimore Orioles,Milwaukee Brewers,,2026-09-21T23:28:42.189510+00:00,2026-09-21T19:28:42.189510-04:00,2026-09-21T19:28:42.189510-04:00,propline_free_sample
2026-09-20,2026-09-20 23:20:00+00:00,Brandon Young,11.5,over,475,hardrock,218704,Baltimore Orioles,Milwaukee Brewers,,2026-09-21T23:28:42.189510+00:00,2026-09-21T19:28:42.189510-04:00,2026-09-21T19:28:42.189510-04:00,propline_free_sample
2026-09-20,2026-09-20 23:20:00+00:00,Brandon Young,11.5,under,-1200,hardrock,218704,Baltimore Orioles,Milwaukee Brewers,,2026-09-21T23:28:42.189510+00:00,2026-09-21T19:28:42.189510-04:00,2026-09-21T19:28:42.189510-04:00,propline_free_sample
2026-09-20,2026-09-20 23:20:00+00:00,Brandon Young,12.5,over,1750,hardrock,218704,Baltimore Orioles,Milwaukee Brewers,,2026-09-21T23:28:42.189510+00:00,2026-09-21T19:28:42.189510-04:00,2026-09-21T19:28:42.189510-04:00,propline_free_sample
2026-09-20,2026-09-20 23:20:00+00:00,Brandon Young,12.5,under,-9000,hardrock,218704,Baltimore Orioles,Milwaukee Brewers,,2026-09-21T23:28:42.189510+00:00,2026-09-21T19:28:42.189510-04:00,2026-09-21T19:28:42.189510-04:00,propline_free_sample
2026-09-20,2026-09-20 22:05:00+00:00,Davis Martin,3.5,over,-108,fanduel,234573,Chicago White Sox,Detroit Tigers,2026-09-20T19:32:12.392223+00:00,2026-09-21T23:28:42.189510+00:00,2026-09-21T19:28:42.189510-04:00,2026-09-21T19:28:42.189510-04:00,propline_free_sample
2026-09-20,2026-09-20 22:05:00+00:00,Davis Martin,3.5,under,-118,fanduel,234573,Chicago White Sox,Detroit Tigers,2026-09-20T19:32:12.392223+00:00,2026-09-21T23:28:42.189510+00:00,2026-09-21T19:28:42.189510-04:00,2026-09-21T19:28:42.189510-04:00,propline_free_sample
2026-09-20,2026-09-20 22:05:00+00:00,Troy Melton,4.5,over,-132,fanduel,234573,Chicago White Sox,Detroit Tigers,2026-09-20T19:32:12.392223+00:00,2026-09-21T23:28:42.189510+00:00,2026-09-21T19:28:42.189510-04:00,2026-09-21T19:28:42.189510-04:00,propline_free_sample
2026-09-20,2026-09-20 22:05:00+00:00,Troy Melton,4.5,under,104,fanduel,234573,Chicago White Sox,Detroit Tigers,2026-09-20T19:32:12.392223+00:00,2026-09-21T23:28:42.189510+00:00,2026-09-21T19:28:42.189510-04:00,2026-09-21T19:28:42.189510-04:00,propline_free_sample
2026-09-20,2026-09-20 22:05:00+00:00,Troy Melton (DET),4.5,over,-130,lowvig,234573,Chicago White Sox,Detroit Tigers,2026-09-20T19:33:30.342498+00:00,2026-09-21T23:28:42.189510+00:00,2026-09-21T19:28:42.189510-04:00,2026-09-21T19:28:42.189510-04:00,propline_free_sample
2026-09-20,2026-09-20 22:05:00+00:00,Troy Melton (DET),4.5,under,-110,lowvig,234573,Chicago White Sox,Detroit Tigers,2026-09-20T19:33:30.342498+00:00,2026-09-21T23:28:42.189510+00:00,2026-09-21T19:28:42.189510-04:00,2026-09-21T19:28:42.189510-04:00,propline_free_sample
2026-09-20,2026-09-20 22:05:00+00:00,Troy Melton (DET),4.5,over,-130,betonlineag,234573,Chicago White Sox,Detroit Tigers,2026-09-20T19:35:18.384668+00:00,2026-09-21T23:28:42.189510+00:00,2026-09-21T19:28:42.189510-04:00,2026-09-21T19:28:42.189510-04:00,propline_free_sample
2026-09-20,2026-09-20 22:05:00+00:00,Troy Melton (DET),4.5,under,-110,betonlineag,234573,Chicago White Sox,Detroit Tigers,2026-09-20T19:35:18.384668+00:00,2026-09-21T23:28:42.189510+00:00,2026-09-21T19:28:42.189510-04:00,2026-09-21T19:28:42.189510-04:00,propline_free_sample
2026-09-20,2026-09-20 22:05:00+00:00,Davis Martin,0.5,over,-10000,hardrock,234573,Chicago White Sox,Detroit Tigers,2026-09-20T19:50:53.039519+00:00,2026-09-21T23:28:42.189510+00:00,2026-09-21T19:28:42.189510-04:00,2026-09-21T19:28:42.189510-04:00,propline_free_sample
2026-09-20,2026-09-20 22:05:00+00:00,Davis Martin,0.5,under,2250,hardrock,234573,Chicago White Sox,Detroit Tigers,2026-09-20T22:02:14.333950+00:00,2026-09-21T23:28:42.189510+00:00,2026-09-21T19:28:42.189510-04:00,2026-09-21T19:28:42.189510-04:00,propline_free_sample
2026-09-20,2026-09-20 22:05:00+00:00,Davis Martin,1.5,over,-9000,hardrock,234573,Chicago White Sox,Detroit Tigers,2026-09-20T22:04:18.335479+00:00,2026-09-21T23:28:42.189510+00:00,2026-09-21T19:28:42.189510-04:00,2026-09-21T19:28:42.189510-04:00,propline_free_sample
2026-09-20,2026-09-20 22:05:00+00:00,Davis Martin,1.5,under,2250,hardrock,234573,Chicago White Sox,Detroit Tigers,2026-09-20T22:04:18.335479+00:00,2026-09-21T23:28:42.189510+00:00,2026-09-21T19:28:42.189510-04:00,2026-09-21T19:28:42.189510-04:00,propline_free_sample
2026-09-20,2026-09-20 22:05:00+00:00,Davis Martin,2.5,over,-2500,hardrock,234573,Chicago White Sox,Detroit Tigers,2026-09-20T22:04:18.335479+00:00,2026-09-21T23:28:42.189510+00:00,2026-09-21T19:28:42.189510-04:00,2026-09-21T19:28:42.189510-04:00,propline_free_sample
2026-09-20,2026-09-20 22:05:00+00:00,Davis Martin,2.5,under,650,hardrock,234573,Chicago White Sox,Detroit Tigers,2026-09-20T22:04:18.335479+00:00,2026-09-21T23:28:42.189510+00:00,2026-09-21T19:28:42.189510-04:00,2026-09-21T19:28:42.189510-04:00,propline_free_sample
2026-09-20,2026-09-20 22:05:00+00:00,Davis Martin,3.5,over,-700,hardrock,234573,Chicago White Sox,Detroit Tigers,2026-09-20T22:04:18.335479+00:00,2026-09-21T23:28:42.189510+00:00,2026-09-21T19:28:42.189510-04:00,2026-09-21T19:28:42.189510-04:00,propline_free_sample
2026-09-20,2026-09-20 22:05:00+00:00,Davis Martin,3.5,under,350,hardrock,234573,Chicago White Sox,Detroit Tigers,2026-09-20T22:04:18.335479+00:00,2026-09-21T23:28:42.189510+00:00,2026-09-21T19:28:42.189510-04:00,2026-09-21T19:28:42.189510-04:00,propline_free_sample
2026-09-20,2026-09-20 22:05:00+00:00,Davis Martin,4.5,over,-110,hardrock,234573,Chicago White Sox,Detroit Tigers,2026-09-20T22:04:18.335479+00:00,2026-09-21T23:28:42.189510+00:00,2026-09-21T19:28:42.189510-04:00,2026-09-21T19:28:42.189510-04:00,propline_free_sample
2026-09-20,2026-09-20 22:05:00+00:00,Davis Martin,4.5,under,-130,hardrock,234573,Chicago White Sox,Detroit Tigers,2026-09-20T22:04:18.335479+00:00,2026-09-21T23:28:42.189510+00:00,2026-09-21T19:28:42.189510-04:00,2026-09-21T19:28:42.189510-04:00,propline_free_sample
2026-09-20,2026-09-20 22:05:00+00:00,Davis Martin,5.5,over,275,hardrock,234573,Chicago White Sox,Detroit Tigers,2026-09-20T22:04:18.335479+00:00,2026-09-21T23:28:42.189510+00:00,2026-09-21T19:28:42.189510-04:00,2026-09-21T19:28:42.189510-04:00,propline_free_sample
2026-09-20,2026-09-20 22:05:00+00:00,Davis Martin,5.5,under,-525,hardrock,234573,Chicago White Sox,Detroit Tigers,2026-09-20T22:04:18.335479+00:00,2026-09-21T23:28:42.189510+00:00,2026-09-21T19:28:42.189510-04:00,2026-09-21T19:28:42.189510-04:00,propline_free_sample
2026-09-20,2026-09-20 22:05:00+00:00,Davis Martin,6.5,over,900,hardrock,234573,Chicago White Sox,Detroit Tigers,2026-09-20T22:04:18.335479+00:00,2026-09-21T23:28:42.189510+00:00,2026-09-21T19:28:42.189510-04:00,2026-09-21T19:28:42.189510-04:00,propline_free_sample
2026-09-20,2026-09-20 22:05:00+00:00,Davis Martin,6.5,under,-4000,hardrock,234573,Chicago White Sox,Detroit Tigers,2026-09-20T22:04:18.335479+00:00,2026-09-21T23:28:42.189510+00:00,2026-09-21T19:28:42.189510-04:00,2026-09-21T19:28:42.189510-04:00,propline_free_sample
2026-09-20,2026-09-20 22:05:00+00:00,Davis Martin,7.5,over,4000,hardrock,234573,Chicago White Sox,Detroit Tigers,2026-09-20T22:04:18.335479+00:00,2026-09-21T23:28:42.189510+00:00,2026-09-21T19:28:42.189510-04:00,2026-09-21T19:28:42.189510-04:00,propline_free_sample
2026-09-20,2026-09-20 22:05:00+00:00,Davis Martin,7.5,under,-100000,hardrock,234573,Chicago White Sox,Detroit Tigers,2026-09-20T22:04:18.335479+00:00,2026-09-21T23:28:42.189510+00:00,2026-09-21T19:28:42.189510-04:00,2026-09-21T19:28:42.189510-04:00,propline_free_sample
2026-09-20,2026-09-20 22:05:00+00:00,Davis Martin,8.5,over,4000,hardrock,234573,Chicago White Sox,Detroit Tigers,2026-09-20T19:50:53.039519+00:00,2026-09-21T23:28:42.189510+00:00,2026-09-21T19:28:42.189510-04:00,2026-09-21T19:28:42.189510-04:00,propline_free_sample
2026-09-20,2026-09-20 22:05:00+00:00,Davis Martin,8.5,under,-50000,hardrock,234573,Chicago White Sox,Detroit Tigers,2026-09-20T19:50:53.039519+00:00,2026-09-21T23:28:42.189510+00:00,2026-09-21T19:28:42.189510-04:00,2026-09-21T19:28:42.189510-04:00,propline_free_sample
2026-09-20,2026-09-20 22:05:00+00:00,Troy Melton,0.5,over,-15000,hardrock,234573,Chicago White Sox,Detroit Tigers,2026-09-20T22:02:14.333950+00:00,2026-09-21T23:28:42.189510+00:00,2026-09-21T19:28:42.189510-04:00,2026-09-21T19:28:42.189510-04:00,propline_free_sample
2026-09-20,2026-09-20 22:05:00+00:00,Troy Melton,0.5,under,3000,hardrock,234573,Chicago White Sox,Detroit Tigers,2026-09-20T22:01:16.643450+00:00,2026-09-21T23:28:42.189510+00:00,2026-09-21T19:28:42.189510-04:00,2026-09-21T19:28:42.189510-04:00,propline_free_sample
2026-09-20,2026-09-20 22:05:00+00:00,Troy Melton,1.5,over,-10000,hardrock,234573,Chicago White Sox,Detroit Tigers,2026-09-20T19:50:53.039519+00:00,2026-09-21T23:28:42.189510+00:00,2026-09-21T19:28:42.189510-04:00,2026-09-21T19:28:42.189510-04:00,propline_free_sample
2026-09-20,2026-09-20 22:05:00+00:00,Troy Melton,1.5,under,2500,hardrock,234573,Chicago White Sox,Detroit Tigers,2026-09-20T19:50:53.039519+00:00,2026-09-21T23:28:42.189510+00:00,2026-09-21T19:28:42.189510-04:00,2026-09-21T19:28:42.189510-04:00,propline_free_sample
2026-09-20,2026-09-20 22:05:00+00:00,Troy Melton,10.5,over,5000,hardrock,234573,Chicago White Sox,Detroit Tigers,2026-09-20T19:50:53.039519+00:00,2026-09-21T23:28:42.189510+00:00,2026-09-21T19:28:42.189510-04:00,2026-09-21T19:28:42.189510-04:00,propline_free_sample
2026-09-20,2026-09-20 22:05:00+00:00,Troy Melton,10.5,under,-100000,hardrock,234573,Chicago White Sox,Detroit Tigers,2026-09-20T19:50:53.039519+00:00,2026-09-21T23:28:42.189510+00:00,2026-09-21T19:28:42.189510-04:00,2026-09-21T19:28:42.189510-04:00,propline_free_sample
2026-09-20,2026-09-20 22:05:00+00:00,Troy Melton,2.5,over,-3000,hardrock,234573,Chicago White Sox,Detroit Tigers,2026-09-20T22:04:18.335479+00:00,2026-09-21T23:28:42.189510+00:00,2026-09-21T19:28:42.189510-04:00,2026-09-21T19:28:42.189510-04:00,propline_free_sample
2026-09-20,2026-09-20 22:05:00+00:00,Troy Melton,2.5,under,700,hardrock,234573,Chicago White Sox,Detroit Tigers,2026-09-20T22:02:14.333950+00:00,2026-09-21T23:28:42.189510+00:00,2026-09-21T19:28:42.189510-04:00,2026-09-21T19:28:42.189510-04:00,propline_free_sample
2026-09-20,2026-09-20 22:05:00+00:00,Troy Melton,3.5,over,-425,hardrock,234573,Chicago White Sox,Detroit Tigers,2026-09-20T22:02:14.333950+00:00,2026-09-21T23:28:42.189510+00:00,2026-09-21T19:28:42.189510-04:00,2026-09-21T19:28:42.189510-04:00,propline_free_sample
2026-09-20,2026-09-20 22:05:00+00:00,Troy Melton,3.5,under,250,hardrock,234573,Chicago White Sox,Detroit Tigers,2026-09-20T22:02:14.333950+00:00,2026-09-21T23:28:42.189510+00:00,2026-09-21T19:28:42.189510-04:00,2026-09-21T19:28:42.189510-04:00,propline_free_sample
2026-09-20,2026-09-20 22:05:00+00:00,Troy Melton,4.5,over,-700,hardrock,234573,Chicago White Sox,Detroit Tigers,2026-09-20T22:04:18.335479+00:00,2026-09-21T23:28:42.189510+00:00,2026-09-21T19:28:42.189510-04:00,2026-09-21T19:28:42.189510-04:00,propline_free_sample
2026-09-20,2026-09-20 22:05:00+00:00,Troy Melton,4.5,under,350,hardrock,234573,Chicago White Sox,Detroit Tigers,2026-09-20T22:02:14.333950+00:00,2026-09-21T23:28:42.189510+00:00,2026-09-21T19:28:42.189510-04:00,2026-09-21T19:28:42.189510-04:00,propline_free_sample
2026-09-20,2026-09-20 22:05:00+00:00,Troy Melton,5.5,over,-130,hardrock,234573,Chicago White Sox,Detroit Tigers,2026-09-20T22:02:14.333950+00:00,2026-09-21T23:28:42.189510+00:00,2026-09-21T19:28:42.189510-04:00,2026-09-21T19:28:42.189510-04:00,propline_free_sample
2026-09-20,2026-09-20 22:05:00+00:00,Troy Melton,5.5,under,-110,hardrock,234573,Chicago White Sox,Detroit Tigers,2026-09-20T22:02:14.333950+00:00,2026-09-21T23:28:42.189510+00:00,2026-09-21T19:28:42.189510-04:00,2026-09-21T19:28:42.189510-04:00,propline_free_sample
2026-09-20,2026-09-20 22:05:00+00:00,Troy Melton,6.5,over,225,hardrock,234573,Chicago White Sox,Detroit Tigers,2026-09-20T22:01:16.643450+00:00,2026-09-21T23:28:42.189510+00:00,2026-09-21T19:28:42.189510-04:00,2026-09-21T19:28:42.189510-04:00,propline_free_sample
2026-09-20,2026-09-20 22:05:00+00:00,Troy Melton,6.5,under,-375,hardrock,234573,Chicago White Sox,Detroit Tigers,2026-09-20T22:02:14.333950+00:00,2026-09-21T23:28:42.189510+00:00,2026-09-21T19:28:42.189510-04:00,2026-09-21T19:28:42.189510-04:00,propline_free_sample
2026-09-20,2026-09-20 22:05:00+00:00,Troy Melton,7.5,over,575,hardrock,234573,Chicago White Sox,Detroit Tigers,2026-09-20T22:04:18.335479+00:00,2026-09-21T23:28:42.189510+00:00,2026-09-21T19:28:42.189510-04:00,2026-09-21T19:28:42.189510-04:00,propline_free_sample
2026-09-20,2026-09-20 22:05:00+00:00,Troy Melton,7.5,under,-1800,hardrock,234573,Chicago White Sox,Detroit Tigers,2026-09-20T22:02:14.333950+00:00,2026-09-21T23:28:42.189510+00:00,2026-09-21T19:28:42.189510-04:00,2026-09-21T19:28:42.189510-04:00,propline_free_sample
2026-09-20,2026-09-20 22:05:00+00:00,Troy Melton,8.5,over,2000,hardrock,234573,Chicago White Sox,Detroit Tigers,2026-09-20T22:02:14.333950+00:00,2026-09-21T23:28:42.189510+00:00,2026-09-21T19:28:42.189510-04:00,2026-09-21T19:28:42.189510-04:00,propline_free_sample
2026-09-20,2026-09-20 22:05:00+00:00,Troy Melton,8.5,under,-10000,hardrock,234573,Chicago White Sox,Detroit Tigers,2026-09-20T22:02:14.333950+00:00,2026-09-21T23:28:42.189510+00:00,2026-09-21T19:28:42.189510-04:00,2026-09-21T19:28:42.189510-04:00,propline_free_sample
2026-09-20,2026-09-20 22:05:00+00:00,Troy Melton,9.5,over,2250,hardrock,234573,Chicago White Sox,Detroit Tigers,2026-09-20T19:50:53.039519+00:00,2026-09-21T23:28:42.189510+00:00,2026-09-21T19:28:42.189510-04:00,2026-09-21T19:28:42.189510-04:00,propline_free_sample
2026-09-20,2026-09-20 22:05:00+00:00,Troy Melton,9.5,under,-15000,hardrock,234573,Chicago White Sox,Detroit Tigers,2026-09-20T19:50:53.039519+00:00,2026-09-21T23:28:42.189510+00:00,2026-09-21T19:28:42.189510-04:00,2026-09-21T19:28:42.189510-04:00,propline_free_sample
2026-09-20,2026-09-20 22:05:00+00:00,Davis Martin,3.5,over,-110,draftkings,234573,Chicago White Sox,Detroit Tigers,2026-09-20T19:57:16.373935+00:00,2026-09-21T23:28:42.189510+00:00,2026-09-21T19:28:42.189510-04:00,2026-09-21T19:28:42.189510-04:00,propline_free_sample
2026-09-20,2026-09-20 22:05:00+00:00,Davis Martin,3.5,under,-116,draftkings,234573,Chicago White Sox,Detroit Tigers,2026-09-20T19:57:16.373935+00:00,2026-09-21T23:28:42.189510+00:00,2026-09-21T19:28:42.189510-04:00,2026-09-21T19:28:42.189510-04:00,propline_free_sample
2026-09-20,2026-09-20 22:05:00+00:00,Troy Melton,4.5,over,-121,draftkings,234573,Chicago White Sox,Detroit Tigers,2026-09-20T19:57:16.373935+00:00,2026-09-21T23:28:42.189510+00:00,2026-09-21T19:28:42.189510-04:00,2026-09-21T19:28:42.189510-04:00,propline_free_sample
2026-09-20,2026-09-20 22:05:00+00:00,Troy Melton,4.5,under,-105,draftkings,234573,Chicago White Sox,Detroit Tigers,2026-09-20T19:57:16.373935+00:00,2026-09-21T23:28:42.189510+00:00,2026-09-21T19:28:42.189510-04:00,2026-09-21T19:28:42.189510-04:00,propline_free_sample
2026-09-20,2026-09-20 22:05:00+00:00,Davis Martin,4.5,over,-135,betmgm,234573,Chicago White Sox,Detroit Tigers,2026-09-20T22:04:16.354893+00:00,2026-09-21T23:28:42.189510+00:00,2026-09-21T19:28:42.189510-04:00,2026-09-21T19:28:42.189510-04:00,propline_free_sample
2026-09-20,2026-09-20 22:05:00+00:00,Davis Martin,4.5,under,100,betmgm,234573,Chicago White Sox,Detroit Tigers,2026-09-20T22:04:16.354893+00:00,2026-09-21T23:28:42.189510+00:00,2026-09-21T19:28:42.189510-04:00,2026-09-21T19:28:42.189510-04:00,propline_free_sample
2026-09-20,2026-09-20 22:05:00+00:00,Troy Melton,5.5,over,-130,betmgm,234573,Chicago White Sox,Detroit Tigers,2026-09-20T22:03:14.510344+00:00,2026-09-21T23:28:42.189510+00:00,2026-09-21T19:28:42.189510-04:00,2026-09-21T19:28:42.189510-04:00,propline_free_sample
2026-09-20,2026-09-20 22:05:00+00:00,Troy Melton,5.5,under,-105,betmgm,234573,Chicago White Sox,Detroit Tigers,2026-09-20T20:08:43.681650+00:00,2026-09-21T23:28:42.189510+00:00,2026-09-21T19:28:42.189510-04:00,2026-09-21T19:28:42.189510-04:00,propline_free_sample
2026-09-20,2026-09-20 22:05:00+00:00,Davis Martin,3.5,over,-113,pinnacle,234573,Chicago White Sox,Detroit Tigers,2026-09-20T20:17:49.414784+00:00,2026-09-21T23:28:42.189510+00:00,2026-09-21T19:28:42.189510-04:00,2026-09-21T19:28:42.189510-04:00,propline_free_sample
2026-09-20,2026-09-20 22:05:00+00:00,Davis Martin,3.5,under,-117,pinnacle,234573,Chicago White Sox,Detroit Tigers,2026-09-20T20:17:49.414784+00:00,2026-09-21T23:28:42.189510+00:00,2026-09-21T19:28:42.189510-04:00,2026-09-21T19:28:42.189510-04:00,propline_free_sample
2026-09-20,2026-09-20 22:05:00+00:00,Troy Melton,4.5,over,-131,pinnacle,234573,Chicago White Sox,Detroit Tigers,2026-09-20T20:17:49.414784+00:00,2026-09-21T23:28:42.189510+00:00,2026-09-21T19:28:42.189510-04:00,2026-09-21T19:28:42.189510-04:00,propline_free_sample
2026-09-20,2026-09-20 22:05:00+00:00,Troy Melton,4.5,under,-101,pinnacle,234573,Chicago White Sox,Detroit Tigers,2026-09-20T20:17:49.414784+00:00,2026-09-21T23:28:42.189510+00:00,2026-09-21T19:28:42.189510-04:00,2026-09-21T19:28:42.189510-04:00,propline_free_sample
2026-09-20,2026-09-20 22:05:00+00:00,Davis Martin,4.5,over,-145,fanatics,234573,Chicago White Sox,Detroit Tigers,2026-09-20T22:03:51.261860+00:00,2026-09-21T23:28:42.189510+00:00,2026-09-21T19:28:42.189510-04:00,2026-09-21T19:28:42.189510-04:00,propline_free_sample
2026-09-20,2026-09-20 22:05:00+00:00,Davis Martin,4.5,under,110,fanatics,234573,Chicago White Sox,Detroit Tigers,2026-09-20T22:03:51.261860+00:00,2026-09-21T23:28:42.189510+00:00,2026-09-21T19:28:42.189510-04:00,2026-09-21T19:28:42.189510-04:00,propline_free_sample
2026-09-20,2026-09-20 22:05:00+00:00,Troy Melton,5.5,over,-130,fanatics,234573,Chicago White Sox,Detroit Tigers,2026-09-20T22:04:51.521247+00:00,2026-09-21T23:28:42.189510+00:00,2026-09-21T19:28:42.189510-04:00,2026-09-21T19:28:42.189510-04:00,propline_free_sample
2026-09-20,2026-09-20 22:05:00+00:00,Troy Melton,5.5,under,100,fanatics,234573,Chicago White Sox,Detroit Tigers,2026-09-20T22:04:51.521247+00:00,2026-09-21T23:28:42.189510+00:00,2026-09-21T19:28:42.189510-04:00,2026-09-21T19:28:42.189510-04:00,propline_free_sample
2026-09-20,2026-09-20 22:05:00+00:00,Davis Martin,3.5,over,100,prizepicks,234573,Chicago White Sox,Detroit Tigers,2026-09-20T21:39:55.214150+00:00,2026-09-21T23:28:42.189510+00:00,2026-09-21T19:28:42.189510-04:00,2026-09-21T19:28:42.189510-04:00,propline_free_sample
2026-09-20,2026-09-20 22:05:00+00:00,Davis Martin,3.5,under,100,prizepicks,234573,Chicago White Sox,Detroit Tigers,2026-09-20T21:39:55.214150+00:00,2026-09-21T23:28:42.189510+00:00,2026-09-21T19:28:42.189510-04:00,2026-09-21T19:28:42.189510-04:00,propline_free_sample
2026-09-20,2026-09-20 22:05:00+00:00,Davis Martin,4.5,over,100,prizepicks,234573,Chicago White Sox,Detroit Tigers,2026-09-20T21:39:55.214150+00:00,2026-09-21T23:28:42.189510+00:00,2026-09-21T19:28:42.189510-04:00,2026-09-21T19:28:42.189510-04:00,propline_free_sample
2026-09-20,2026-09-20 22:05:00+00:00,Davis Martin,5.5,over,100,prizepicks,234573,Chicago White Sox,Detroit Tigers,2026-09-20T21:39:55.214150+00:00,2026-09-21T23:28:42.189510+00:00,2026-09-21T19:28:42.189510-04:00,2026-09-21T19:28:42.189510-04:00,propline_free_sample
2026-09-20,2026-09-20 22:05:00+00:00,Troy Melton,5.5,over,100,prizepicks,234573,Chicago White Sox,Detroit Tigers,2026-09-20T21:39:55.214150+00:00,2026-09-21T23:28:42.189510+00:00,2026-09-21T19:28:42.189510-04:00,2026-09-21T19:28:42.189510-04:00,propline_free_sample
2026-09-20,2026-09-20 22:05:00+00:00,Davis Martin,6.5,over,100,prizepicks,234573,Chicago White Sox,Detroit Tigers,2026-09-20T21:39:55.214150+00:00,2026-09-21T23:28:42.189510+00:00,2026-09-21T19:28:42.189510-04:00,2026-09-21T19:28:42.189510-04:00,propline_free_sample
2026-09-20,2026-09-20 22:05:00+00:00,Troy Melton,6.5,over,100,prizepicks,234573,Chicago White Sox,Detroit Tigers,2026-09-20T21:39:55.214150+00:00,2026-09-21T23:28:42.189510+00:00,2026-09-21T19:28:42.189510-04:00,2026-09-21T19:28:42.189510-04:00,propline_free_sample
2026-09-20,2026-09-20 22:05:00+00:00,Troy Melton,7.5,over,100,prizepicks,234573,Chicago White Sox,Detroit Tigers,2026-09-20T21:39:55.214150+00:00,2026-09-21T23:28:42.189510+00:00,2026-09-21T19:28:42.189510-04:00,2026-09-21T19:28:42.189510-04:00,propline_free_sample
2026-09-20,2026-09-20 22:05:00+00:00,Davis Martin,2.5,over,100,prizepicks,234573,Chicago White Sox,Detroit Tigers,2026-09-20T21:39:55.214150+00:00,2026-09-21T23:28:42.189510+00:00,2026-09-21T19:28:42.189510-04:00,2026-09-21T19:28:42.189510-04:00,propline_free_sample
2026-09-20,2026-09-20 22:05:00+00:00,Troy Melton,3.5,over,100,prizepicks,234573,Chicago White Sox,Detroit Tigers,2026-09-20T21:39:55.214150+00:00,2026-09-21T23:28:42.189510+00:00,2026-09-21T19:28:42.189510-04:00,2026-09-21T19:28:42.189510-04:00,propline_free_sample
2026-09-20,2026-09-20 22:05:00+00:00,Troy Melton,4.5,over,100,prizepicks,234573,Chicago White Sox,Detroit Tigers,2026-09-20T21:39:55.214150+00:00,2026-09-21T23:28:42.189510+00:00,2026-09-21T19:28:42.189510-04:00,2026-09-21T19:28:42.189510-04:00,propline_free_sample
2026-09-20,2026-09-20 22:05:00+00:00,Troy Melton,4.5,under,100,prizepicks,234573,Chicago White Sox,Detroit Tigers,2026-09-20T21:39:55.214150+00:00,2026-09-21T23:28:42.189510+00:00,2026-09-21T19:28:42.189510-04:00,2026-09-21T19:28:42.189510-04:00,propline_free_sample
2026-09-20,2026-09-20 22:05:00+00:00,Davis Martin (CWS),4.5,over,-110,bovada,234573,Chicago White Sox,Detroit Tigers,,2026-09-21T23:28:42.189510+00:00,2026-09-21T19:28:42.189510-04:00,2026-09-21T19:28:42.189510-04:00,propline_free_sample
2026-09-20,2026-09-20 22:05:00+00:00,Davis Martin (CWS),4.5,under,-120,bovada,234573,Chicago White Sox,Detroit Tigers,,2026-09-21T23:28:42.189510+00:00,2026-09-21T19:28:42.189510-04:00,2026-09-21T19:28:42.189510-04:00,propline_free_sample
2026-09-20,2026-09-20 22:05:00+00:00,Troy Melton (DET),4.5,over,-135,bovada,234573,Chicago White Sox,Detroit Tigers,,2026-09-21T23:28:42.189510+00:00,2026-09-21T19:28:42.189510-04:00,2026-09-21T19:28:42.189510-04:00,propline_free_sample
2026-09-20,2026-09-20 22:05:00+00:00,Troy Melton (DET),4.5,under,105,bovada,234573,Chicago White Sox,Detroit Tigers,,2026-09-21T23:28:42.189510+00:00,2026-09-21T19:28:42.189510-04:00,2026-09-21T19:28:42.189510-04:00,propline_free_sample
2026-09-20,2026-09-20 21:47:49+00:00,Gavin Williams (CLE),9.5,over,-110,bovada,236090,Cleveland,Oakland Athletics,2026-09-20T21:14:53.188521+00:00,2026-09-21T23:28:42.189510+00:00,2026-09-21T19:28:42.189510-04:00,2026-09-21T19:28:42.189510-04:00,propline_free_sample
2026-09-20,2026-09-20 21:47:49+00:00,Gavin Williams (CLE),9.5,under,-120,bovada,236090,Cleveland,Oakland Athletics,2026-09-20T21:14:53.188521+00:00,2026-09-21T23:28:42.189510+00:00,2026-09-21T19:28:42.189510-04:00,2026-09-21T19:28:42.189510-04:00,propline_free_sample
2026-09-20,2026-09-20 21:47:49+00:00,Jack Perkins,0.5,over,-5000,hardrock,236090,Cleveland,Oakland Athletics,2026-09-20T20:45:46.224192+00:00,2026-09-21T23:28:42.189510+00:00,2026-09-21T19:28:42.189510-04:00,2026-09-21T19:28:42.189510-04:00,propline_free_sample
2026-09-20,2026-09-20 21:47:49+00:00,Jack Perkins,0.5,under,1200,hardrock,236090,Cleveland,Oakland Athletics,2026-09-20T20:45:46.224192+00:00,2026-09-21T23:28:42.189510+00:00,2026-09-21T19:28:42.189510-04:00,2026-09-21T19:28:42.189510-04:00,propline_free_sample
2026-09-20,2026-09-20 21:47:49+00:00,Jack Perkins,1.5,over,-1000,hardrock,236090,Cleveland,Oakland Athletics,2026-09-20T20:45:46.224192+00:00,2026-09-21T23:28:42.189510+00:00,2026-09-21T19:28:42.189510-04:00,2026-09-21T19:28:42.189510-04:00,propline_free_sample
2026-09-20,2026-09-20 21:47:49+00:00,Jack Perkins,1.5,under,450,hardrock,236090,Cleveland,Oakland Athletics,2026-09-20T20:45:46.224192+00:00,2026-09-21T23:28:42.189510+00:00,2026-09-21T19:28:42.189510-04:00,2026-09-21T19:28:42.189510-04:00,propline_free_sample
2026-09-20,2026-09-20 21:47:49+00:00,Jack Perkins,2.5,over,-5000,hardrock,236090,Cleveland,Oakland Athletics,2026-09-20T20:45:46.224192+00:00,2026-09-21T23:28:42.189510+00:00,2026-09-21T19:28:42.189510-04:00,2026-09-21T19:28:42.189510-04:00,propline_free_sample
2026-09-20,2026-09-20 21:47:49+00:00,Jack Perkins,2.5,under,1200,hardrock,236090,Cleveland,Oakland Athletics,2026-09-20T20:45:46.224192+00:00,2026-09-21T23:28:42.189510+00:00,2026-09-21T19:28:42.189510-04:00,2026-09-21T19:28:42.189510-04:00,propline_free_sample
2026-09-20,2026-09-20 21:47:49+00:00,Jack Perkins,3.5,over,-750,hardrock,236090,Cleveland,Oakland Athletics,2026-09-20T20:45:46.224192+00:00,2026-09-21T23:28:42.189510+00:00,2026-09-21T19:28:42.189510-04:00,2026-09-21T19:28:42.189510-04:00,propline_free_sample
2026-09-20,2026-09-20 21:47:49+00:00,Jack Perkins,3.5,under,350,hardrock,236090,Cleveland,Oakland Athletics,2026-09-20T20:45:46.224192+00:00,2026-09-21T23:28:42.189510+00:00,2026-09-21T19:28:42.189510-04:00,2026-09-21T19:28:42.189510-04:00,propline_free_sample
2026-09-20,2026-09-20 21:47:49+00:00,Jack Perkins,4.5,over,-130,hardrock,236090,Cleveland,Oakland Athletics,2026-09-20T20:45:46.224192+00:00,2026-09-21T23:28:42.189510+00:00,2026-09-21T19:28:42.189510-04:00,2026-09-21T19:28:42.189510-04:00,propline_free_sample
2026-09-20,2026-09-20 21:47:49+00:00,Jack Perkins,4.5,under,-110,hardrock,236090,Cleveland,Oakland Athletics,2026-09-20T20:45:46.224192+00:00,2026-09-21T23:28:42.189510+00:00,2026-09-21T19:28:42.189510-04:00,2026-09-21T19:28:42.189510-04:00,propline_free_sample
2026-09-20,2026-09-20 21:47:49+00:00,Jack Perkins,5.5,over,250,hardrock,236090,Cleveland,Oakland Athletics,2026-09-20T20:45:46.224192+00:00,2026-09-21T23:28:42.189510+00:00,2026-09-21T19:28:42.189510-04:00,2026-09-21T19:28:42.189510-04:00,propline_free_sample
2026-09-20,2026-09-20 21:47:49+00:00,Jack Perkins,5.5,under,-425,hardrock,236090,Cleveland,Oakland Athletics,2026-09-20T20:47:49.095543+00:00,2026-09-21T23:28:42.189510+00:00,2026-09-21T19:28:42.189510-04:00,2026-09-21T19:28:42.189510-04:00,propline_free_sample
2026-09-20,2026-09-20 21:47:49+00:00,Jack Perkins,6.5,over,650,hardrock,236090,Cleveland,Oakland Athletics,2026-09-20T20:47:49.095543+00:00,2026-09-21T23:28:42.189510+00:00,2026-09-21T19:28:42.189510-04:00,2026-09-21T19:28:42.189510-04:00,propline_free_sample
2026-09-20,2026-09-20 21:47:49+00:00,Jack Perkins,6.5,under,-3000,hardrock,236090,Cleveland,Oakland Athletics,2026-09-20T20:47:49.095543+00:00,2026-09-21T23:28:42.189510+00:00,2026-09-21T19:28:42.189510-04:00,2026-09-21T19:28:42.189510-04:00,propline_free_sample
2026-09-20,2026-09-20 21:47:49+00:00,Jack Perkins,7.5,over,2500,hardrock,236090,Cleveland,Oakland Athletics,2026-09-20T20:45:46.224192+00:00,2026-09-21T23:28:42.189510+00:00,2026-09-21T19:28:42.189510-04:00,2026-09-21T19:28:42.189510-04:00,propline_free_sample
2026-09-20,2026-09-20 21:47:49+00:00,Jack Perkins,7.5,under,-15000,hardrock,236090,Cleveland,Oakland Athletics,2026-09-20T20:45:46.224192+00:00,2026-09-21T23:28:42.189510+00:00,2026-09-21T19:28:42.189510-04:00,2026-09-21T19:28:42.189510-04:00,propline_free_sample
2026-09-20,2026-09-20 21:47:49+00:00,Jack Perkins,8.5,over,3000,hardrock,236090,Cleveland,Oakland Athletics,2026-09-20T20:45:46.224192+00:00,2026-09-21T23:28:42.189510+00:00,2026-09-21T19:28:42.189510-04:00,2026-09-21T19:28:42.189510-04:00,propline_free_sample
2026-09-20,2026-09-20 21:47:49+00:00,Jack Perkins,8.5,under,-20000,hardrock,236090,Cleveland,Oakland Athletics,2026-09-20T20:45:46.224192+00:00,2026-09-21T23:28:42.189510+00:00,2026-09-21T19:28:42.189510-04:00,2026-09-21T19:28:42.189510-04:00,propline_free_sample
2026-09-20,2026-09-20 21:47:49+00:00,Jack Perkins,9.5,over,5000,hardrock,236090,Cleveland,Oakland Athletics,2026-09-20T20:45:46.224192+00:00,2026-09-21T23:28:42.189510+00:00,2026-09-21T19:28:42.189510-04:00,2026-09-21T19:28:42.189510-04:00,propline_free_sample
2026-09-20,2026-09-20 21:47:49+00:00,Jack Perkins,9.5,under,-100000,hardrock,236090,Cleveland,Oakland Athletics,2026-09-20T20:45:46.224192+00:00,2026-09-21T23:28:42.189510+00:00,2026-09-21T19:28:42.189510-04:00,2026-09-21T19:28:42.189510-04:00,propline_free_sample
2026-09-20,2026-09-20 21:47:49+00:00,Gavin Williams,1.5,over,-100000,hardrock,236090,Cleveland,Oakland Athletics,2026-09-20T20:47:49.095543+00:00,2026-09-21T23:28:42.189510+00:00,2026-09-21T19:28:42.189510-04:00,2026-09-21T19:28:42.189510-04:00,propline_free_sample
2026-09-20,2026-09-20 21:47:49+00:00,Gavin Williams,1.5,under,3000,hardrock,236090,Cleveland,Oakland Athletics,2026-09-20T20:47:49.095543+00:00,2026-09-21T23:28:42.189510+00:00,2026-09-21T19:28:42.189510-04:00,2026-09-21T19:28:42.189510-04:00,propline_free_sample
2026-09-20,2026-09-20 21:47:49+00:00,Gavin Williams,10.5,over,115,hardrock,236090,Cleveland,Oakland Athletics,2026-09-20T20:54:54.905551+00:00,2026-09-21T23:28:42.189510+00:00,2026-09-21T19:28:42.189510-04:00,2026-09-21T19:28:42.189510-04:00,propline_free_sample
2026-09-20,2026-09-20 21:47:49+00:00,Gavin Williams,10.5,under,-165,hardrock,236090,Cleveland,Oakland Athletics,2026-09-20T20:54:54.905551+00:00,2026-09-21T23:28:42.189510+00:00,2026-09-21T19:28:42.189510-04:00,2026-09-21T19:28:42.189510-04:00,propline_free_sample
2026-09-20,2026-09-20 21:47:49+00:00,Gavin Williams,11.5,over,325,hardrock,236090,Cleveland,Oakland Athletics,2026-09-20T20:54:54.905551+00:00,2026-09-21T23:28:42.189510+00:00,2026-09-21T19:28:42.189510-04:00,2026-09-21T19:28:42.189510-04:00,propline_free_sample
2026-09-20,2026-09-20 21:47:49+00:00,Gavin Williams,11.5,under,-600,hardrock,236090,Cleveland,Oakland Athletics,2026-09-20T20:54:54.905551+00:00,2026-09-21T23:28:42.189510+00:00,2026-09-21T19:28:42.189510-04:00,2026-09-21T19:28:42.189510-04:00,propline_free_sample
2026-09-20,2026-09-20 21:47:49+00:00,Gavin Williams,12.5,over,800,hardrock,236090,Cleveland,Oakland Athletics,2026-09-20T20:54:54.905551+00:00,2026-09-21T23:28:42.189510+00:00,2026-09-21T19:28:42.189510-04:00,2026-09-21T19:28:42.189510-04:00,propline_free_sample
2026-09-20,2026-09-20 21:47:49+00:00,Gavin Williams,12.5,under,-4000,hardrock,236090,Cleveland,Oakland Athletics,2026-09-20T20:54:54.905551+00:00,2026-09-21T23:28:42.189510+00:00,2026-09-21T19:28:42.189510-04:00,2026-09-21T19:28:42.189510-04:00,propline_free_sample
2026-09-20,2026-09-20 21:47:49+00:00,Gavin Williams,13.5,over,4000,hardrock,236090,Cleveland,Oakland Athletics,2026-09-20T20:47:49.095543+00:00,2026-09-21T23:28:42.189510+00:00,2026-09-21T19:28:42.189510-04:00,2026-09-21T19:28:42.189510-04:00,propline_free_sample
2026-09-20,2026-09-20 21:47:49+00:00,Gavin Williams,13.5,under,-50000,hardrock,236090,Cleveland,Oakland Athletics,2026-09-20T20:47:49.095543+00:00,2026-09-21T23:28:42.189510+00:00,2026-09-21T19:28:42.189510-04:00,2026-09-21T19:28:42.189510-04:00,propline_free_sample
2026-09-20,2026-09-20 21:47:49+00:00,Gavin Williams,14.5,over,3000,hardrock,236090,Cleveland,Oakland Athletics,2026-09-20T20:47:49.095543+00:00,2026-09-21T23:28:42.189510+00:00,2026-09-21T19:28:42.189510-04:00,2026-09-21T19:28:42.189510-04:00,propline_free_sample
2026-09-20,2026-09-20 21:47:49+00:00,Gavin Williams,14.5,under,-50000,hardrock,236090,Cleveland,Oakland Athletics,2026-09-20T20:47:49.095543+00:00,2026-09-21T23:28:42.189510+00:00,2026-09-21T19:28:42.189510-04:00,2026-09-21T19:28:42.189510-04:00,propline_free_sample
2026-09-20,2026-09-20 21:47:49+00:00,Gavin Williams,2.5,over,-8000,hardrock,236090,Cleveland,Oakland Athletics,2026-09-20T20:47:49.095543+00:00,2026-09-21T23:28:42.189510+00:00,2026-09-21T19:28:42.189510-04:00,2026-09-21T19:28:42.189510-04:00,propline_free_sample
2026-09-20,2026-09-20 21:47:49+00:00,Gavin Williams,2.5,under,1600,hardrock,236090,Cleveland,Oakland Athletics,2026-09-20T20:47:49.095543+00:00,2026-09-21T23:28:42.189510+00:00,2026-09-21T19:28:42.189510-04:00,2026-09-21T19:28:42.189510-04:00,propline_free_sample
2026-09-20,2026-09-20 21:47:49+00:00,Gavin Williams,3.5,over,-10000,hardrock,236090,Cleveland,Oakland Athletics,2026-09-20T20:47:49.095543+00:00,2026-09-21T23:28:42.189510+00:00,2026-09-21T19:28:42.189510-04:00,2026-09-21T19:28:42.189510-04:00,propline_free_sample
2026-09-20,2026-09-20 21:47:49+00:00,Gavin Williams,3.5,under,2500,hardrock,236090,Cleveland,Oakland Athletics,2026-09-20T20:47:49.095543+00:00,2026-09-21T23:28:42.189510+00:00,2026-09-21T19:28:42.189510-04:00,2026-09-21T19:28:42.189510-04:00,propline_free_sample
2026-09-20,2026-09-20 21:47:49+00:00,Gavin Williams,4.5,over,-10000,hardrock,236090,Cleveland,Oakland Athletics,2026-09-20T20:47:49.095543+00:00,2026-09-21T23:28:42.189510+00:00,2026-09-21T19:28:42.189510-04:00,2026-09-21T19:28:42.189510-04:00,propline_free_sample
2026-09-20,2026-09-20 21:47:49+00:00,Gavin Williams,4.5,under,3000,hardrock,236090,Cleveland,Oakland Athletics,2026-09-20T20:47:49.095543+00:00,2026-09-21T23:28:42.189510+00:00,2026-09-21T19:28:42.189510-04:00,2026-09-21T19:28:42.189510-04:00,propline_free_sample
2026-09-20,2026-09-20 21:47:49+00:00,Gavin Williams,5.5,over,-10000,hardrock,236090,Cleveland,Oakland Athletics,2026-09-20T20:47:49.095543+00:00,2026-09-21T23:28:42.189510+00:00,2026-09-21T19:28:42.189510-04:00,2026-09-21T19:28:42.189510-04:00,propline_free_sample
2026-09-20,2026-09-20 21:47:49+00:00,Gavin Williams,5.5,under,2250,hardrock,236090,Cleveland,Oakland Athletics,2026-09-20T20:47:49.095543+00:00,2026-09-21T23:28:42.189510+00:00,2026-09-21T19:28:42.189510-04:00,2026-09-21T19:28:42.189510-04:00,propline_free_sample
2026-09-20,2026-09-20 21:47:49+00:00,Gavin Williams,6.5,over,-10000,hardrock,236090,Cleveland,Oakland Athletics,2026-09-20T20:47:49.095543+00:00,2026-09-21T23:28:42.189510+00:00,2026-09-21T19:28:42.189510-04:00,2026-09-21T19:28:42.189510-04:00,propline_free_sample
2026-09-20,2026-09-20 21:47:49+00:00,Gavin Williams,6.5,under,2500,hardrock,236090,Cleveland,Oakland Athletics,2026-09-20T20:47:49.095543+00:00,2026-09-21T23:28:42.189510+00:00,2026-09-21T19:28:42.189510-04:00,2026-09-21T19:28:42.189510-04:00,propline_free_sample
2026-09-20,2026-09-20 21:47:49+00:00,Gavin Williams,7.5,over,-6000,hardrock,236090,Cleveland,Oakland Athletics,2026-09-20T20:47:49.095543+00:00,2026-09-21T23:28:42.189510+00:00,2026-09-21T19:28:42.189510-04:00,2026-09-21T19:28:42.189510-04:00,propline_free_sample
2026-09-20,2026-09-20 21:47:49+00:00,Gavin Williams,7.5,under,1500,hardrock,236090,Cleveland,Oakland Athletics,2026-09-20T20:47:49.095543+00:00,2026-09-21T23:28:42.189510+00:00,2026-09-21T19:28:42.189510-04:00,2026-09-21T19:28:42.189510-04:00,propline_free_sample
2026-09-20,2026-09-20 21:47:49+00:00,Gavin Williams,8.5,over,-1600,hardrock,236090,Cleveland,Oakland Athletics,2026-09-20T20:54:54.905551+00:00,2026-09-21T23:28:42.189510+00:00,2026-09-21T19:28:42.189510-04:00,2026-09-21T19:28:42.189510-04:00,propline_free_sample
2026-09-20,2026-09-20 21:47:49+00:00,Gavin Williams,8.5,under,550,hardrock,236090,Cleveland,Oakland Athletics,2026-09-20T20:54:54.905551+00:00,2026-09-21T23:28:42.189510+00:00,2026-09-21T19:28:42.189510-04:00,2026-09-21T19:28:42.189510-04:00,propline_free_sample
2026-09-20,2026-09-20 21:47:49+00:00,Gavin Williams,9.5,over,-325,hardrock,236090,Cleveland,Oakland Athletics,2026-09-20T20:49:43.267072+00:00,2026-09-21T23:28:42.189510+00:00,2026-09-21T19:28:42.189510-04:00,2026-09-21T19:28:42.189510-04:00,propline_free_sample
2026-09-20,2026-09-20 21:47:49+00:00,Gavin Williams,9.5,under,195,hardrock,236090,Cleveland,Oakland Athletics,2026-09-20T20:54:54.905551+00:00,2026-09-21T23:28:42.189510+00:00,2026-09-21T19:28:42.189510-04:00,2026-09-21T19:28:42.189510-04:00,propline_free_sample
2026-09-20,2026-09-20 20:10:00+00:00,Corbin Burnes,4.5,over,-111,fanduel,218701,Arizona Diamondbacks,New York Yankees,2026-09-20T19:07:31.557195+00:00,2026-09-21T23:28:42.189510+00:00,2026-09-21T19:28:42.189510-04:00,2026-09-21T19:28:42.189510-04:00,propline_free_sample
2026-09-20,2026-09-20 20:10:00+00:00,Corbin Burnes,4.5,under,-115,fanduel,218701,Arizona Diamondbacks,New York Yankees,2026-09-20T19:07:31.557195+00:00,2026-09-21T23:28:42.189510+00:00,2026-09-21T19:28:42.189510-04:00,2026-09-21T19:28:42.189510-04:00,propline_free_sample
2026-09-20,2026-09-20 20:10:00+00:00,Will Warren,4.5,over,104,fanduel,218701,Arizona Diamondbacks,New York Yankees,2026-09-20T18:54:57.245290+00:00,2026-09-21T23:28:42.189510+00:00,2026-09-21T19:28:42.189510-04:00,2026-09-21T19:28:42.189510-04:00,propline_free_sample
2026-09-20,2026-09-20 20:10:00+00:00,Will Warren,4.5,under,-132,fanduel,218701,Arizona Diamondbacks,New York Yankees,2026-09-20T18:54:57.245290+00:00,2026-09-21T23:28:42.189510+00:00,2026-09-21T19:28:42.189510-04:00,2026-09-21T19:28:42.189510-04:00,propline_free_sample
2026-09-20,2026-09-20 20:10:00+00:00,Corbin Burnes,4.5,over,100,prizepicks,218701,Arizona Diamondbacks,New York Yankees,2026-09-19T23:46:11.118002+00:00,2026-09-21T23:28:42.189510+00:00,2026-09-21T19:28:42.189510-04:00,2026-09-21T19:28:42.189510-04:00,propline_free_sample
2026-09-20,2026-09-20 20:10:00+00:00,Will Warren,4.0,over,100,prizepicks,218701,Arizona Diamondbacks,New York Yankees,2026-09-20T19:32:20.752694+00:00,2026-09-21T23:28:42.189510+00:00,2026-09-21T19:28:42.189510-04:00,2026-09-21T19:28:42.189510-04:00,propline_free_sample
2026-09-20,2026-09-20 20:10:00+00:00,Corbin Burnes,4.5,under,100,prizepicks,218701,Arizona Diamondbacks,New York Yankees,2026-09-19T23:46:11.118002+00:00,2026-09-21T23:28:42.189510+00:00,2026-09-21T19:28:42.189510-04:00,2026-09-21T19:28:42.189510-04:00,propline_free_sample
2026-09-20,2026-09-20 20:10:00+00:00,Will Warren,4.0,under,100,prizepicks,218701,Arizona Diamondbacks,New York Yankees,2026-09-20T19:32:20.752694+00:00,2026-09-21T23:28:42.189510+00:00,2026-09-21T19:28:42.189510-04:00,2026-09-21T19:28:42.189510-04:00,propline_free_sample
2026-09-20,2026-09-20 20:10:00+00:00,Corbin Burnes,5.5,over,100,prizepicks,218701,Arizona Diamondbacks,New York Yankees,2026-09-19T23:46:11.118002+00:00,2026-09-21T23:28:42.189510+00:00,2026-09-21T19:28:42.189510-04:00,2026-09-21T19:28:42.189510-04:00,propline_free_sample
2026-09-20,2026-09-20 20:10:00+00:00,Will Warren,5.5,over,100,prizepicks,218701,Arizona Diamondbacks,New York Yankees,2026-09-19T23:46:11.118002+00:00,2026-09-21T23:28:42.189510+00:00,2026-09-21T19:28:42.189510-04:00,2026-09-21T19:28:42.189510-04:00,propline_free_sample
2026-09-20,2026-09-20 20:10:00+00:00,Corbin Burnes,6.5,over,100,prizepicks,218701,Arizona Diamondbacks,New York Yankees,2026-09-19T23:46:11.118002+00:00,2026-09-21T23:28:42.189510+00:00,2026-09-21T19:28:42.189510-04:00,2026-09-21T19:28:42.189510-04:00,propline_free_sample
2026-09-20,2026-09-20 20:10:00+00:00,Will Warren,6.5,over,100,prizepicks,218701,Arizona Diamondbacks,New York Yankees,2026-09-19T23:46:11.118002+00:00,2026-09-21T23:28:42.189510+00:00,2026-09-21T19:28:42.189510-04:00,2026-09-21T19:28:42.189510-04:00,propline_free_sample
2026-09-20,2026-09-20 20:10:00+00:00,Corbin Burnes,3.5,over,100,prizepicks,218701,Arizona Diamondbacks,New York Yankees,2026-09-19T23:46:11.118002+00:00,2026-09-21T23:28:42.189510+00:00,2026-09-21T19:28:42.189510-04:00,2026-09-21T19:28:42.189510-04:00,propline_free_sample
2026-09-20,2026-09-20 20:10:00+00:00,Will Warren,3.5,over,100,prizepicks,218701,Arizona Diamondbacks,New York Yankees,2026-09-19T23:46:11.118002+00:00,2026-09-21T23:28:42.189510+00:00,2026-09-21T19:28:42.189510-04:00,2026-09-21T19:28:42.189510-04:00,propline_free_sample
2026-09-20,2026-09-20 20:10:00+00:00,Corbin Burnes,1.5,over,-4000,hardrock,218701,Arizona Diamondbacks,New York Yankees,2026-09-20T12:30:02.137412+00:00,2026-09-21T23:28:42.189510+00:00,2026-09-21T19:28:42.189510-04:00,2026-09-21T19:28:42.189510-04:00,propline_free_sample
2026-09-20,2026-09-20 20:10:00+00:00,Corbin Burnes,1.5,under,850,hardrock,218701,Arizona Diamondbacks,New York Yankees,2026-09-20T14:02:49.078588+00:00,2026-09-21T23:28:42.189510+00:00,2026-09-21T19:28:42.189510-04:00,2026-09-21T19:28:42.189510-04:00,propline_free_sample
2026-09-20,2026-09-20 20:10:00+00:00,Corbin Burnes,2.5,over,-450,hardrock,218701,Arizona Diamondbacks,New York Yankees,2026-09-20T18:00:38.839362+00:00,2026-09-21T23:28:42.189510+00:00,2026-09-21T19:28:42.189510-04:00,2026-09-21T19:28:42.189510-04:00,propline_free_sample
2026-09-20,2026-09-20 20:10:00+00:00,Corbin Burnes,2.5,under,260,hardrock,218701,Arizona Diamondbacks,New York Yankees,2026-09-20T18:00:38.839362+00:00,2026-09-21T23:28:42.189510+00:00,2026-09-21T19:28:42.189510-04:00,2026-09-21T19:28:42.189510-04:00,propline_free_sample
2026-09-20,2026-09-20 20:10:00+00:00,Corbin Burnes,3.5,over,-135,hardrock,218701,Arizona Diamondbacks,New York Yankees,2026-09-20T18:00:38.839362+00:00,2026-09-21T23:28:42.189510+00:00,2026-09-21T19:28:42.189510-04:00,2026-09-21T19:28:42.189510-04:00,propline_free_sample
2026-09-20,2026-09-20 20:10:00+00:00,Corbin Burnes,3.5,under,-110,hardrock,218701,Arizona Diamondbacks,New York Yankees,2026-09-20T18:31:12.310132+00:00,2026-09-21T23:28:42.189510+00:00,2026-09-21T19:28:42.189510-04:00,2026-09-21T19:28:42.189510-04:00,propline_free_sample
2026-09-20,2026-09-20 20:10:00+00:00,Corbin Burnes,4.5,over,200,hardrock,218701,Arizona Diamondbacks,New York Yankees,2026-09-20T15:12:47.389057+00:00,2026-09-21T23:28:42.189510+00:00,2026-09-21T19:28:42.189510-04:00,2026-09-21T19:28:42.189510-04:00,propline_free_sample
2026-09-20,2026-09-20 20:10:00+00:00,Corbin Burnes,4.5,under,-325,hardrock,218701,Arizona Diamondbacks,New York Yankees,2026-09-20T15:12:47.389057+00:00,2026-09-21T23:28:42.189510+00:00,2026-09-21T19:28:42.189510-04:00,2026-09-21T19:28:42.189510-04:00,propline_free_sample
2026-09-20,2026-09-20 20:10:00+00:00,Corbin Burnes,5.5,over,475,hardrock,218701,Arizona Diamondbacks,New York Yankees,2026-09-20T18:31:12.310132+00:00,2026-09-21T23:28:42.189510+00:00,2026-09-21T19:28:42.189510-04:00,2026-09-21T19:28:42.189510-04:00,propline_free_sample
2026-09-20,2026-09-20 20:10:00+00:00,Corbin Burnes,5.5,under,-1200,hardrock,218701,Arizona Diamondbacks,New York Yankees,2026-09-20T18:31:12.310132+00:00,2026-09-21T23:28:42.189510+00:00,2026-09-21T19:28:42.189510-04:00,2026-09-21T19:28:42.189510-04:00,propline_free_sample
2026-09-20,2026-09-20 20:10:00+00:00,Corbin Burnes,6.5,over,1300,hardrock,218701,Arizona Diamondbacks,New York Yankees,2026-09-20T18:31:12.310132+00:00,2026-09-21T23:28:42.189510+00:00,2026-09-21T19:28:42.189510-04:00,2026-09-21T19:28:42.189510-04:00,propline_free_sample
2026-09-20,2026-09-20 20:10:00+00:00,Corbin Burnes,6.5,under,-7000,hardrock,218701,Arizona Diamondbacks,New York Yankees,2026-09-20T18:31:12.310132+00:00,2026-09-21T23:28:42.189510+00:00,2026-09-21T19:28:42.189510-04:00,2026-09-21T19:28:42.189510-04:00,propline_free_sample
2026-09-20,2026-09-20 20:10:00+00:00,Corbin Burnes,7.5,over,4000,hardrock,218701,Arizona Diamondbacks,New York Yankees,2026-09-20T18:31:12.310132+00:00,2026-09-21T23:28:42.189510+00:00,2026-09-21T19:28:42.189510-04:00,2026-09-21T19:28:42.189510-04:00,propline_free_sample
2026-09-20,2026-09-20 20:10:00+00:00,Corbin Burnes,7.5,under,-100000,hardrock,218701,Arizona Diamondbacks,New York Yankees,2026-09-20T18:31:12.310132+00:00,2026-09-21T23:28:42.189510+00:00,2026-09-21T19:28:42.189510-04:00,2026-09-21T19:28:42.189510-04:00,propline_free_sample
2026-09-20,2026-09-20 20:10:00+00:00,Corbin Burnes,8.5,over,2000,hardrock,218701,Arizona Diamondbacks,New York Yankees,2026-09-20T18:31:12.310132+00:00,2026-09-21T23:28:42.189510+00:00,2026-09-21T19:28:42.189510-04:00,2026-09-21T19:28:42.189510-04:00,propline_free_sample
2026-09-20,2026-09-20 20:10:00+00:00,Corbin Burnes,8.5,under,-10000,hardrock,218701,Arizona Diamondbacks,New York Yankees,2026-09-20T18:31:12.310132+00:00,2026-09-21T23:28:42.189510+00:00,2026-09-21T19:28:42.189510-04:00,2026-09-21T19:28:42.189510-04:00,propline_free_sample
2026-09-20,2026-09-20 20:10:00+00:00,Corbin Burnes,9.5,over,4000,hardrock,218701,Arizona Diamondbacks,New York Yankees,2026-09-19T23:55:56.381718+00:00,2026-09-21T23:28:42.189510+00:00,2026-09-21T19:28:42.189510-04:00,2026-09-21T19:28:42.189510-04:00,propline_free_sample
2026-09-20,2026-09-20 20:10:00+00:00,Corbin Burnes,9.5,under,-20000,hardrock,218701,Arizona Diamondbacks,New York Yankees,2026-09-19T23:55:56.381718+00:00,2026-09-21T23:28:42.189510+00:00,2026-09-21T19:28:42.189510-04:00,2026-09-21T19:28:42.189510-04:00,propline_free_sample
2026-09-20,2026-09-20 20:10:00+00:00,Will Warren,1.5,over,-1200,hardrock,218701,Arizona Diamondbacks,New York Yankees,2026-09-20T14:37:01.652244+00:00,2026-09-21T23:28:42.189510+00:00,2026-09-21T19:28:42.189510-04:00,2026-09-21T19:28:42.189510-04:00,propline_free_sample
2026-09-20,2026-09-20 20:10:00+00:00,Will Warren,1.5,under,475,hardrock,218701,Arizona Diamondbacks,New York Yankees,2026-09-20T14:37:01.652244+00:00,2026-09-21T23:28:42.189510+00:00,2026-09-21T19:28:42.189510-04:00,2026-09-21T19:28:42.189510-04:00,propline_free_sample
2026-09-20,2026-09-20 20:10:00+00:00,Will Warren,2.5,over,-5000,hardrock,218701,Arizona Diamondbacks,New York Yankees,2026-09-20T17:45:41.161786+00:00,2026-09-21T23:28:42.189510+00:00,2026-09-21T19:28:42.189510-04:00,2026-09-21T19:28:42.189510-04:00,propline_free_sample
2026-09-20,2026-09-20 20:10:00+00:00,Will Warren,2.5,under,1000,hardrock,218701,Arizona Diamondbacks,New York Yankees,2026-09-20T17:04:35.073028+00:00,2026-09-21T23:28:42.189510+00:00,2026-09-21T19:28:42.189510-04:00,2026-09-21T19:28:42.189510-04:00,propline_free_sample
2026-09-20,2026-09-20 20:10:00+00:00,Will Warren,3.5,over,-1400,hardrock,218701,Arizona Diamondbacks,New York Yankees,2026-09-20T19:14:23.312621+00:00,2026-09-21T23:28:42.189510+00:00,2026-09-21T19:28:42.189510-04:00,2026-09-21T19:28:42.189510-04:00,propline_free_sample
2026-09-20,2026-09-20 20:10:00+00:00,Will Warren,3.5,under,500,hardrock,218701,Arizona Diamondbacks,New York Yankees,2026-09-20T18:11:45.307566+00:00,2026-09-21T23:28:42.189510+00:00,2026-09-21T19:28:42.189510-04:00,2026-09-21T19:28:42.189510-04:00,propline_free_sample
2026-09-20,2026-09-20 20:10:00+00:00,Will Warren,4.5,over,-230,hardrock,218701,Arizona Diamondbacks,New York Yankees,2026-09-20T18:11:45.307566+00:00,2026-09-21T23:28:42.189510+00:00,2026-09-21T19:28:42.189510-04:00,2026-09-21T19:28:42.189510-04:00,propline_free_sample
2026-09-20,2026-09-20 20:10:00+00:00,Will Warren,4.5,under,150,hardrock,218701,Arizona Diamondbacks,New York Yankees,2026-09-20T18:11:45.307566+00:00,2026-09-21T23:28:42.189510+00:00,2026-09-21T19:28:42.189510-04:00,2026-09-21T19:28:42.189510-04:00,propline_free_sample
2026-09-20,2026-09-20 20:10:00+00:00,Will Warren,5.5,over,140,hardrock,218701,Arizona Diamondbacks,New York Yankees,2026-09-20T18:35:37.713760+00:00,2026-09-21T23:28:42.189510+00:00,2026-09-21T19:28:42.189510-04:00,2026-09-21T19:28:42.189510-04:00,propline_free_sample
2026-09-20,2026-09-20 20:10:00+00:00,Will Warren,5.5,under,-200,hardrock,218701,Arizona Diamondbacks,New York Yankees,2026-09-20T18:35:37.713760+00:00,2026-09-21T23:28:42.189510+00:00,2026-09-21T19:28:42.189510-04:00,2026-09-21T19:28:42.189510-04:00,propline_free_sample
2026-09-20,2026-09-20 20:10:00+00:00,Will Warren,6.5,over,350,hardrock,218701,Arizona Diamondbacks,New York Yankees,2026-09-20T18:54:15.386164+00:00,2026-09-21T23:28:42.189510+00:00,2026-09-21T19:28:42.189510-04:00,2026-09-21T19:28:42.189510-04:00,propline_free_sample
2026-09-20,2026-09-20 20:10:00+00:00,Will Warren,6.5,under,-750,hardrock,218701,Arizona Diamondbacks,New York Yankees,2026-09-20T19:14:23.312621+00:00,2026-09-21T23:28:42.189510+00:00,2026-09-21T19:28:42.189510-04:00,2026-09-21T19:28:42.189510-04:00,propline_free_sample
2026-09-20,2026-09-20 20:10:00+00:00,Will Warren,7.5,over,1000,hardrock,218701,Arizona Diamondbacks,New York Yankees,2026-09-20T19:14:23.312621+00:00,2026-09-21T23:28:42.189510+00:00,2026-09-21T19:28:42.189510-04:00,2026-09-21T19:28:42.189510-04:00,propline_free_sample
2026-09-20,2026-09-20 20:10:00+00:00,Will Warren,7.5,under,-5000,hardrock,218701,Arizona Diamondbacks,New York Yankees,2026-09-20T14:47:43.354214+00:00,2026-09-21T23:28:42.189510+00:00,2026-09-21T19:28:42.189510-04:00,2026-09-21T19:28:42.189510-04:00,propline_free_sample
2026-09-20,2026-09-20 20:10:00+00:00,Will Warren,8.5,over,3000,hardrock,218701,Arizona Diamondbacks,New York Yankees,2026-09-20T14:47:43.354214+00:00,2026-09-21T23:28:42.189510+00:00,2026-09-21T19:28:42.189510-04:00,2026-09-21T19:28:42.189510-04:00,propline_free_sample
2026-09-20,2026-09-20 20:10:00+00:00,Will Warren,8.5,under,-50000,hardrock,218701,Arizona Diamondbacks,New York Yankees,2026-09-20T18:35:37.713760+00:00,2026-09-21T23:28:42.189510+00:00,2026-09-21T19:28:42.189510-04:00,2026-09-21T19:28:42.189510-04:00,propline_free_sample
2026-09-20,2026-09-20 20:10:00+00:00,Will Warren,9.5,over,4000,hardrock,218701,Arizona Diamondbacks,New York Yankees,2026-09-20T00:22:02.509455+00:00,2026-09-21T23:28:42.189510+00:00,2026-09-21T19:28:42.189510-04:00,2026-09-21T19:28:42.189510-04:00,propline_free_sample
2026-09-20,2026-09-20 20:10:00+00:00,Will Warren,9.5,under,-50000,hardrock,218701,Arizona Diamondbacks,New York Yankees,2026-09-20T13:53:32.961867+00:00,2026-09-21T23:28:42.189510+00:00,2026-09-21T19:28:42.189510-04:00,2026-09-21T19:28:42.189510-04:00,propline_free_sample
2026-09-20,2026-09-20 20:10:00+00:00,Corbin Burnes,5.5,under,100,prizepicks,218701,Arizona Diamondbacks,New York Yankees,2026-09-20T00:06:47.745249+00:00,2026-09-21T23:28:42.189510+00:00,2026-09-21T19:28:42.189510-04:00,2026-09-21T19:28:42.189510-04:00,propline_free_sample
2026-09-20,2026-09-20 20:10:00+00:00,Will Warren,5.5,under,100,prizepicks,218701,Arizona Diamondbacks,New York Yankees,2026-09-20T00:06:47.745249+00:00,2026-09-21T23:28:42.189510+00:00,2026-09-21T19:28:42.189510-04:00,2026-09-21T19:28:42.189510-04:00,propline_free_sample
2026-09-20,2026-09-20 20:10:00+00:00,Corbin Burnes,6.5,under,100,prizepicks,218701,Arizona Diamondbacks,New York Yankees,2026-09-20T00:06:47.745249+00:00,2026-09-21T23:28:42.189510+00:00,2026-09-21T19:28:42.189510-04:00,2026-09-21T19:28:42.189510-04:00,propline_free_sample
2026-09-20,2026-09-20 20:10:00+00:00,Will Warren,6.5,under,100,prizepicks,218701,Arizona Diamondbacks,New York Yankees,2026-09-20T00:06:47.745249+00:00,2026-09-21T23:28:42.189510+00:00,2026-09-21T19:28:42.189510-04:00,2026-09-21T19:28:42.189510-04:00,propline_free_sample
2026-09-20,2026-09-20 20:10:00+00:00,Corbin Burnes,3.5,under,100,prizepicks,218701,Arizona Diamondbacks,New York Yankees,2026-09-20T00:06:47.745249+00:00,2026-09-21T23:28:42.189510+00:00,2026-09-21T19:28:42.189510-04:00,2026-09-21T19:28:42.189510-04:00,propline_free_sample
2026-09-20,2026-09-20 20:10:00+00:00,Will Warren,3.5,under,100,prizepicks,218701,Arizona Diamondbacks,New York Yankees,2026-09-20T00:06:47.745249+00:00,2026-09-21T23:28:42.189510+00:00,2026-09-21T19:28:42.189510-04:00,2026-09-21T19:28:42.189510-04:00,propline_free_sample
2026-09-20,2026-09-20 20:10:00+00:00,Corbin Burnes,7.5,over,100,prizepicks,218701,Arizona Diamondbacks,New York Yankees,2026-09-20T00:06:47.745249+00:00,2026-09-21T23:28:42.189510+00:00,2026-09-21T19:28:42.189510-04:00,2026-09-21T19:28:42.189510-04:00,propline_free_sample
2026-09-20,2026-09-20 20:10:00+00:00,Will Warren,7.5,over,100,prizepicks,218701,Arizona Diamondbacks,New York Yankees,2026-09-20T00:06:47.745249+00:00,2026-09-21T23:28:42.189510+00:00,2026-09-21T19:28:42.189510-04:00,2026-09-21T19:28:42.189510-04:00,propline_free_sample
2026-09-20,2026-09-20 20:10:00+00:00,Corbin Burnes,8.5,over,100,prizepicks,218701,Arizona Diamondbacks,New York Yankees,2026-09-20T00:06:47.745249+00:00,2026-09-21T23:28:42.189510+00:00,2026-09-21T19:28:42.189510-04:00,2026-09-21T19:28:42.189510-04:00,propline_free_sample
2026-09-20,2026-09-20 20:10:00+00:00,Will Warren,8.5,over,100,prizepicks,218701,Arizona Diamondbacks,New York Yankees,2026-09-20T00:06:47.745249+00:00,2026-09-21T23:28:42.189510+00:00,2026-09-21T19:28:42.189510-04:00,2026-09-21T19:28:42.189510-04:00,propline_free_sample
2026-09-20,2026-09-20 20:10:00+00:00,Corbin Burnes,2.5,over,100,prizepicks,218701,Arizona Diamondbacks,New York Yankees,2026-09-20T00:06:47.745249+00:00,2026-09-21T23:28:42.189510+00:00,2026-09-21T19:28:42.189510-04:00,2026-09-21T19:28:42.189510-04:00,propline_free_sample
2026-09-20,2026-09-20 20:10:00+00:00,Will Warren,2.5,over,100,prizepicks,218701,Arizona Diamondbacks,New York Yankees,2026-09-20T00:06:47.745249+00:00,2026-09-21T23:28:42.189510+00:00,2026-09-21T19:28:42.189510-04:00,2026-09-21T19:28:42.189510-04:00,propline_free_sample
2026-09-20,2026-09-20 20:10:00+00:00,Corbin Burnes,2.5,under,100,prizepicks,218701,Arizona Diamondbacks,New York Yankees,2026-09-20T00:06:47.745249+00:00,2026-09-21T23:28:42.189510+00:00,2026-09-21T19:28:42.189510-04:00,2026-09-21T19:28:42.189510-04:00,propline_free_sample
2026-09-20,2026-09-20 20:10:00+00:00,Will Warren,2.5,under,100,prizepicks,218701,Arizona Diamondbacks,New York Yankees,2026-09-20T00:06:47.745249+00:00,2026-09-21T23:28:42.189510+00:00,2026-09-21T19:28:42.189510-04:00,2026-09-21T19:28:42.189510-04:00,propline_free_sample
2026-09-20,2026-09-20 20:10:00+00:00,Corbin Burnes,0.5,over,-5000,hardrock,218701,Arizona Diamondbacks,New York Yankees,2026-09-20T17:49:40.607418+00:00,2026-09-21T23:28:42.189510+00:00,2026-09-21T19:28:42.189510-04:00,2026-09-21T19:28:42.189510-04:00,propline_free_sample
2026-09-20,2026-09-20 20:10:00+00:00,Corbin Burnes,0.5,under,1300,hardrock,218701,Arizona Diamondbacks,New York Yankees,2026-09-20T12:30:02.137412+00:00,2026-09-21T23:28:42.189510+00:00,2026-09-21T19:28:42.189510-04:00,2026-09-21T19:28:42.189510-04:00,propline_free_sample
2026-09-20,2026-09-20 20:10:00+00:00,Will Warren,0.5,over,-5000,hardrock,218701,Arizona Diamondbacks,New York Yankees,2026-09-20T18:11:45.307566+00:00,2026-09-21T23:28:42.189510+00:00,2026-09-21T19:28:42.189510-04:00,2026-09-21T19:28:42.189510-04:00,propline_free_sample
2026-09-20,2026-09-20 20:10:00+00:00,Will Warren,0.5,under,1100,hardrock,218701,Arizona Diamondbacks,New York Yankees,2026-09-20T16:20:43.343494+00:00,2026-09-21T23:28:42.189510+00:00,2026-09-21T19:28:42.189510-04:00,2026-09-21T19:28:42.189510-04:00,propline_free_sample
2026-09-20,2026-09-20 20:10:00+00:00,Corbin Burnes,4.5,over,-111,prophetx,218701,Arizona Diamondbacks,New York Yankees,2026-09-20T19:35:14.235658+00:00,2026-09-21T23:28:42.189510+00:00,2026-09-21T19:28:42.189510-04:00,2026-09-21T19:28:42.189510-04:00,propline_free_sample
2026-09-20,2026-09-20 20:10:00+00:00,Corbin Burnes,4.5,under,-101,prophetx,218701,Arizona Diamondbacks,New York Yankees,2026-09-20T19:41:22.101137+00:00,2026-09-21T23:28:42.189510+00:00,2026-09-21T19:28:42.189510-04:00,2026-09-21T19:28:42.189510-04:00,propline_free_sample
2026-09-20,2026-09-20 20:10:00+00:00,Will Warren,4.5,over,118,prophetx,218701,Arizona Diamondbacks,New York Yankees,2026-09-20T20:05:09.600784+00:00,2026-09-21T23:28:42.189510+00:00,2026-09-21T19:28:42.189510-04:00,2026-09-21T19:28:42.189510-04:00,propline_free_sample
2026-09-20,2026-09-20 20:10:00+00:00,Will Warren,4.5,under,-132,prophetx,218701,Arizona Diamondbacks,New York Yankees,2026-09-20T18:48:36.148232+00:00,2026-09-21T23:28:42.189510+00:00,2026-09-21T19:28:42.189510-04:00,2026-09-21T19:28:42.189510-04:00,propline_free_sample
2026-09-20,2026-09-20 20:10:00+00:00,Corbin Burnes,4.5,over,-614,novig,218701,Arizona Diamondbacks,New York Yankees,2026-09-20T19:23:07.377032+00:00,2026-09-21T23:28:42.189510+00:00,2026-09-21T19:28:42.189510-04:00,2026-09-21T19:28:42.189510-04:00,propline_free_sample
2026-09-20,2026-09-20 20:10:00+00:00,Corbin Burnes,4.5,under,-2339,novig,218701,Arizona Diamondbacks,New York Yankees,2026-09-20T20:02:55.641197+00:00,2026-09-21T23:28:42.189510+00:00,2026-09-21T19:28:42.189510-04:00,2026-09-21T19:28:42.189510-04:00,propline_free_sample
2026-09-20,2026-09-20 20:10:00+00:00,Will Warren,4.5,over,-1567,novig,218701,Arizona Diamondbacks,New York Yankees,2026-09-20T19:52:30.884831+00:00,2026-09-21T23:28:42.189510+00:00,2026-09-21T19:28:42.189510-04:00,2026-09-21T19:28:42.189510-04:00,propline_free_sample
2026-09-20,2026-09-20 20:10:00+00:00,Will Warren,4.5,under,-2757,novig,218701,Arizona Diamondbacks,New York Yankees,2026-09-20T19:28:54.467872+00:00,2026-09-21T23:28:42.189510+00:00,2026-09-21T19:28:42.189510-04:00,2026-09-21T19:28:42.189510-04:00,propline_free_sample
2026-09-20,2026-09-20 20:10:00+00:00,Will Warren,2.5,over,-1900,polymarket_us,218701,Arizona Diamondbacks,New York Yankees,2026-09-20T20:05:12.055962+00:00,2026-09-21T23:28:42.189510+00:00,2026-09-21T19:28:42.189510-04:00,2026-09-21T19:28:42.189510-04:00,propline_free_sample
2026-09-20,2026-09-20 20:10:00+00:00,Will Warren,7.5,over,9900,polymarket_us,218701,Arizona Diamondbacks,New York Yankees,2026-09-20T20:08:48.406569+00:00,2026-09-21T23:28:42.189510+00:00,2026-09-21T19:28:42.189510-04:00,2026-09-21T19:28:42.189510-04:00,propline_free_sample
2026-09-20,2026-09-20 20:10:00+00:00,Will Warren,2.5,under,9900,polymarket_us,218701,Arizona Diamondbacks,New York Yankees,2026-09-20T20:07:04.742996+00:00,2026-09-21T23:28:42.189510+00:00,2026-09-21T19:28:42.189510-04:00,2026-09-21T19:28:42.189510-04:00,propline_free_sample
2026-09-20,2026-09-20 20:10:00+00:00,Will Warren,3.5,under,9900,polymarket_us,218701,Arizona Diamondbacks,New York Yankees,2026-09-20T18:20:48.997557+00:00,2026-09-21T23:28:42.189510+00:00,2026-09-21T19:28:42.189510-04:00,2026-09-21T19:28:42.189510-04:00,propline_free_sample
2026-09-20,2026-09-20 20:10:00+00:00,Will Warren,3.5,over,-1011,polymarket_us,218701,Arizona Diamondbacks,New York Yankees,2026-09-20T18:44:09.805175+00:00,2026-09-21T23:28:42.189510+00:00,2026-09-21T19:28:42.189510-04:00,2026-09-21T19:28:42.189510-04:00,propline_free_sample
2026-09-20,2026-09-20 20:10:00+00:00,Will Warren,4.5,over,9900,polymarket_us,218701,Arizona Diamondbacks,New York Yankees,2026-09-20T19:21:00.390415+00:00,2026-09-21T23:28:42.189510+00:00,2026-09-21T19:28:42.189510-04:00,2026-09-21T19:28:42.189510-04:00,propline_free_sample
2026-09-20,2026-09-20 20:10:00+00:00,Will Warren,4.5,under,127,polymarket_us,218701,Arizona Diamondbacks,New York Yankees,2026-09-20T19:21:00.390415+00:00,2026-09-21T23:28:42.189510+00:00,2026-09-21T19:28:42.189510-04:00,2026-09-21T19:28:42.189510-04:00,propline_free_sample
2026-09-20,2026-09-20 20:10:00+00:00,Will Warren,6.5,over,9900,polymarket_us,218701,Arizona Diamondbacks,New York Yankees,2026-09-20T18:44:09.805175+00:00,2026-09-21T23:28:42.189510+00:00,2026-09-21T19:28:42.189510-04:00,2026-09-21T19:28:42.189510-04:00,propline_free_sample
2026-09-20,2026-09-20 20:10:00+00:00,Corbin Burnes,3.5,over,-105,fanatics,218701,Arizona Diamondbacks,New York Yankees,2026-09-20T19:08:28.465643+00:00,2026-09-21T23:28:42.189510+00:00,2026-09-21T19:28:42.189510-04:00,2026-09-21T19:28:42.189510-04:00,propline_free_sample
2026-09-20,2026-09-20 20:10:00+00:00,Corbin Burnes,3.5,under,-125,fanatics,218701,Arizona Diamondbacks,New York Yankees,2026-09-20T19:08:28.465643+00:00,2026-09-21T23:28:42.189510+00:00,2026-09-21T19:28:42.189510-04:00,2026-09-21T19:28:42.189510-04:00,propline_free_sample
2026-09-20,2026-09-20 20:10:00+00:00,Will Warren,4.5,over,-125,fanatics,218701,Arizona Diamondbacks,New York Yankees,2026-09-20T19:08:28.465643+00:00,2026-09-21T23:28:42.189510+00:00,2026-09-21T19:28:42.189510-04:00,2026-09-21T19:28:42.189510-04:00,propline_free_sample
2026-09-20,2026-09-20 20:10:00+00:00,Will Warren,4.5,under,-105,fanatics,218701,Arizona Diamondbacks,New York Yankees,2026-09-20T19:08:28.465643+00:00,2026-09-21T23:28:42.189510+00:00,2026-09-21T19:28:42.189510-04:00,2026-09-21T19:28:42.189510-04:00,propline_free_sample
2026-09-20,2026-09-20 20:10:00+00:00,Corbin Burnes,4.5,over,-128,sleeper,218701,Arizona Diamondbacks,New York Yankees,2026-09-20T15:14:31.714531+00:00,2026-09-21T23:28:42.189510+00:00,2026-09-21T19:28:42.189510-04:00,2026-09-21T19:28:42.189510-04:00,propline_free_sample
2026-09-20,2026-09-20 20:10:00+00:00,Corbin Burnes,4.5,under,-128,sleeper,218701,Arizona Diamondbacks,New York Yankees,2026-09-20T15:14:31.714531+00:00,2026-09-21T23:28:42.189510+00:00,2026-09-21T19:28:42.189510-04:00,2026-09-21T19:28:42.189510-04:00,propline_free_sample
2026-09-20,2026-09-20 20:10:00+00:00,Will Warren,4.5,over,-105,sleeper,218701,Arizona Diamondbacks,New York Yankees,2026-09-20T19:36:02.204208+00:00,2026-09-21T23:28:42.189510+00:00,2026-09-21T19:28:42.189510-04:00,2026-09-21T19:28:42.189510-04:00,propline_free_sample
2026-09-20,2026-09-20 20:10:00+00:00,Will Warren,4.5,under,-156,sleeper,218701,Arizona Diamondbacks,New York Yankees,2026-09-20T19:36:02.204208+00:00,2026-09-21T23:28:42.189510+00:00,2026-09-21T19:28:42.189510-04:00,2026-09-21T19:28:42.189510-04:00,propline_free_sample
2026-09-20,2026-09-20 20:10:00+00:00,Will Warren,6.5,under,-1900,polymarket_us,218701,Arizona Diamondbacks,New York Yankees,2026-09-20T20:08:48.406569+00:00,2026-09-21T23:28:42.189510+00:00,2026-09-21T19:28:42.189510-04:00,2026-09-21T19:28:42.189510-04:00,propline_free_sample
2026-09-20,2026-09-20 20:10:00+00:00,Corbin Burnes,4.5,over,-104,dabble,218701,Arizona Diamondbacks,New York Yankees,2026-09-20T17:46:32.575149+00:00,2026-09-21T23:28:42.189510+00:00,2026-09-21T19:28:42.189510-04:00,2026-09-21T19:28:42.189510-04:00,propline_free_sample
2026-09-20,2026-09-20 20:10:00+00:00,Will Warren,4.5,over,-125,dabble,218701,Arizona Diamondbacks,New York Yankees,2026-09-20T19:30:21.333181+00:00,2026-09-21T23:28:42.189510+00:00,2026-09-21T19:28:42.189510-04:00,2026-09-21T19:28:42.189510-04:00,propline_free_sample
2026-09-20,2026-09-20 20:10:00+00:00,Corbin Burnes,4.5,under,105,dabble,218701,Arizona Diamondbacks,New York Yankees,2026-09-20T17:46:32.575149+00:00,2026-09-21T23:28:42.189510+00:00,2026-09-21T19:28:42.189510-04:00,2026-09-21T19:28:42.189510-04:00,propline_free_sample
2026-09-20,2026-09-20 20:10:00+00:00,Will Warren,4.5,under,120,dabble,218701,Arizona Diamondbacks,New York Yankees,2026-09-20T19:30:21.333181+00:00,2026-09-21T23:28:42.189510+00:00,2026-09-21T19:28:42.189510-04:00,2026-09-21T19:28:42.189510-04:00,propline_free_sample
2026-09-20,2026-09-20 20:10:00+00:00,Corbin Burnes,4.5,over,-123,smarkets,218701,Arizona Diamondbacks,New York Yankees,2026-09-20T17:48:52.878039+00:00,2026-09-21T23:28:42.189510+00:00,2026-09-21T19:28:42.189510-04:00,2026-09-21T19:28:42.189510-04:00,propline_free_sample
2026-09-20,2026-09-20 20:10:00+00:00,Corbin Burnes,4.5,under,-112,smarkets,218701,Arizona Diamondbacks,New York Yankees,2026-09-20T17:55:44.862958+00:00,2026-09-21T23:28:42.189510+00:00,2026-09-21T19:28:42.189510-04:00,2026-09-21T19:28:42.189510-04:00,propline_free_sample
2026-09-20,2026-09-20 20:10:00+00:00,Will Warren,4.5,over,-109,smarkets,218701,Arizona Diamondbacks,New York Yankees,2026-09-20T17:48:52.878039+00:00,2026-09-21T23:28:42.189510+00:00,2026-09-21T19:28:42.189510-04:00,2026-09-21T19:28:42.189510-04:00,propline_free_sample
2026-09-20,2026-09-20 20:10:00+00:00,Will Warren,4.5,under,-128,smarkets,218701,Arizona Diamondbacks,New York Yankees,2026-09-20T17:48:52.878039+00:00,2026-09-21T23:28:42.189510+00:00,2026-09-21T19:28:42.189510-04:00,2026-09-21T19:28:42.189510-04:00,propline_free_sample
2026-09-20,2026-09-20 20:10:00+00:00,Corbin Burnes,3.5,over,-154,underdog,218701,Arizona Diamondbacks,New York Yankees,2026-09-20T18:01:29.356923+00:00,2026-09-21T23:28:42.189510+00:00,2026-09-21T19:28:42.189510-04:00,2026-09-21T19:28:42.189510-04:00,propline_free_sample
2026-09-20,2026-09-20 20:10:00+00:00,Will Warren,4.5,over,-239,underdog,218701,Arizona Diamondbacks,New York Yankees,2026-09-20T19:02:08.012673+00:00,2026-09-21T23:28:42.189510+00:00,2026-09-21T19:28:42.189510-04:00,2026-09-21T19:28:42.189510-04:00,propline_free_sample
2026-09-20,2026-09-20 20:10:00+00:00,Corbin Burnes,3.5,under,103,underdog,218701,Arizona Diamondbacks,New York Yankees,2026-09-20T18:01:29.356923+00:00,2026-09-21T23:28:42.189510+00:00,2026-09-21T19:28:42.189510-04:00,2026-09-21T19:28:42.189510-04:00,propline_free_sample
2026-09-20,2026-09-20 20:10:00+00:00,Will Warren,4.5,under,157,underdog,218701,Arizona Diamondbacks,New York Yankees,2026-09-20T19:02:08.012673+00:00,2026-09-21T23:28:42.189510+00:00,2026-09-21T19:28:42.189510-04:00,2026-09-21T19:28:42.189510-04:00,propline_free_sample
2026-09-20,2026-09-20 20:10:00+00:00,Corbin Burnes,4.5,over,-127,draftkings,218701,Arizona Diamondbacks,New York Yankees,2026-09-20T17:47:04.683127+00:00,2026-09-21T23:28:42.189510+00:00,2026-09-21T19:28:42.189510-04:00,2026-09-21T19:28:42.189510-04:00,propline_free_sample
2026-09-20,2026-09-20 20:10:00+00:00,Corbin Burnes,4.5,under,100,draftkings,218701,Arizona Diamondbacks,New York Yankees,2026-09-20T17:47:04.683127+00:00,2026-09-21T23:28:42.189510+00:00,2026-09-21T19:28:42.189510-04:00,2026-09-21T19:28:42.189510-04:00,propline_free_sample
2026-09-20,2026-09-20 20:10:00+00:00,Will Warren,4.5,over,104,draftkings,218701,Arizona Diamondbacks,New York Yankees,2026-09-20T18:53:30.939988+00:00,2026-09-21T23:28:42.189510+00:00,2026-09-21T19:28:42.189510-04:00,2026-09-21T19:28:42.189510-04:00,propline_free_sample
2026-09-20,2026-09-20 20:10:00+00:00,Will Warren,4.5,under,-133,draftkings,218701,Arizona Diamondbacks,New York Yankees,2026-09-20T18:53:30.939988+00:00,2026-09-21T23:28:42.189510+00:00,2026-09-21T19:28:42.189510-04:00,2026-09-21T19:28:42.189510-04:00,propline_free_sample
2026-09-20,2026-09-20 20:10:00+00:00,Corbin Burnes,4.5,over,100,prizepicks,218701,Arizona Diamondbacks,New York Yankees,2026-09-20T04:34:53.643299+00:00,2026-09-21T23:28:42.189510+00:00,2026-09-21T19:28:42.189510-04:00,2026-09-21T19:28:42.189510-04:00,propline_free_sample
2026-09-20,2026-09-20 20:10:00+00:00,Corbin Burnes,4.5,under,100,prizepicks,218701,Arizona Diamondbacks,New York Yankees,2026-09-20T04:34:53.643299+00:00,2026-09-21T23:28:42.189510+00:00,2026-09-21T19:28:42.189510-04:00,2026-09-21T19:28:42.189510-04:00,propline_free_sample
2026-09-20,2026-09-20 20:10:00+00:00,Corbin Burnes,4.5,over,-120,onexbet,218701,Arizona Diamondbacks,New York Yankees,2026-09-20T19:57:48.343760+00:00,2026-09-21T23:28:42.189510+00:00,2026-09-21T19:28:42.189510-04:00,2026-09-21T19:28:42.189510-04:00,propline_free_sample
2026-09-20,2026-09-20 20:10:00+00:00,Will Warren,4.5,over,-105,onexbet,218701,Arizona Diamondbacks,New York Yankees,2026-09-20T19:57:48.343760+00:00,2026-09-21T23:28:42.189510+00:00,2026-09-21T19:28:42.189510-04:00,2026-09-21T19:28:42.189510-04:00,propline_free_sample
2026-09-20,2026-09-20 20:10:00+00:00,Corbin Burnes,4.5,under,-110,onexbet,218701,Arizona Diamondbacks,New York Yankees,2026-09-20T19:57:48.343760+00:00,2026-09-21T23:28:42.189510+00:00,2026-09-21T19:28:42.189510-04:00,2026-09-21T19:28:42.189510-04:00,propline_free_sample
2026-09-20,2026-09-20 20:10:00+00:00,Will Warren,4.5,under,-130,onexbet,218701,Arizona Diamondbacks,New York Yankees,2026-09-20T19:57:48.343760+00:00,2026-09-21T23:28:42.189510+00:00,2026-09-21T19:28:42.189510-04:00,2026-09-21T19:28:42.189510-04:00,propline_free_sample
2026-09-20,2026-09-20 20:10:00+00:00,Sandy Alcantara,3.5,over,-130,fanduel,218703,San Diego Padres,Miami Marlins,2026-09-20T18:28:18.611822+00:00,2026-09-21T23:28:42.189510+00:00,2026-09-21T19:28:42.189510-04:00,2026-09-21T19:28:42.189510-04:00,propline_free_sample
2026-09-20,2026-09-20 20:10:00+00:00,Sandy Alcantara,3.5,under,102,fanduel,218703,San Diego Padres,Miami Marlins,2026-09-20T18:28:18.611822+00:00,2026-09-21T23:28:42.189510+00:00,2026-09-21T19:28:42.189510-04:00,2026-09-21T19:28:42.189510-04:00,propline_free_sample
2026-09-20,2026-09-20 20:10:00+00:00,Walker Buehler,4.5,over,100,fanduel,218703,San Diego Padres,Miami Marlins,2026-09-20T18:29:38.958345+00:00,2026-09-21T23:28:42.189510+00:00,2026-09-21T19:28:42.189510-04:00,2026-09-21T19:28:42.189510-04:00,propline_free_sample
2026-09-20,2026-09-20 20:10:00+00:00,Walker Buehler,4.5,under,-128,fanduel,218703,San Diego Padres,Miami Marlins,2026-09-20T18:29:38.958345+00:00,2026-09-21T23:28:42.189510+00:00,2026-09-21T19:28:42.189510-04:00,2026-09-21T19:28:42.189510-04:00,propline_free_sample
2026-09-20,2026-09-20 20:10:00+00:00,Corbin Burnes,1.5,over,-9900,kalshi,218701,Arizona Diamondbacks,New York Yankees,2026-09-20T14:09:18.523346+00:00,2026-09-21T23:28:42.189510+00:00,2026-09-21T19:28:42.189510-04:00,2026-09-21T19:28:42.189510-04:00,propline_free_sample
2026-09-20,2026-09-20 20:10:00+00:00,Corbin Burnes,1.5,under,9900,kalshi,218701,Arizona Diamondbacks,New York Yankees,2026-09-20T20:05:46.086709+00:00,2026-09-21T23:28:42.189510+00:00,2026-09-21T19:28:42.189510-04:00,2026-09-21T19:28:42.189510-04:00,propline_free_sample
2026-09-20,2026-09-20 20:10:00+00:00,Corbin Burnes,2.5,over,9900,kalshi,218701,Arizona Diamondbacks,New York Yankees,2026-09-20T15:09:41.482524+00:00,2026-09-21T23:28:42.189510+00:00,2026-09-21T19:28:42.189510-04:00,2026-09-21T19:28:42.189510-04:00,propline_free_sample
2026-09-20,2026-09-20 20:10:00+00:00,Will Warren,2.5,over,-2400,kalshi,218701,Arizona Diamondbacks,New York Yankees,2026-09-20T18:42:49.259465+00:00,2026-09-21T23:28:42.189510+00:00,2026-09-21T19:28:42.189510-04:00,2026-09-21T19:28:42.189510-04:00,propline_free_sample
2026-09-20,2026-09-20 20:10:00+00:00,Corbin Burnes,3.5,over,9900,kalshi,218701,Arizona Diamondbacks,New York Yankees,2026-09-20T16:13:49.599371+00:00,2026-09-21T23:28:42.189510+00:00,2026-09-21T19:28:42.189510-04:00,2026-09-21T19:28:42.189510-04:00,propline_free_sample
2026-09-20,2026-09-20 20:10:00+00:00,Will Warren,3.5,over,-4900,kalshi,218701,Arizona Diamondbacks,New York Yankees,2026-09-20T18:42:49.259465+00:00,2026-09-21T23:28:42.189510+00:00,2026-09-21T19:28:42.189510-04:00,2026-09-21T19:28:42.189510-04:00,propline_free_sample
2026-09-20,2026-09-20 20:10:00+00:00,Corbin Burnes,4.5,over,9900,kalshi,218701,Arizona Diamondbacks,New York Yankees,2026-09-20T20:03:12.668144+00:00,2026-09-21T23:28:42.189510+00:00,2026-09-21T19:28:42.189510-04:00,2026-09-21T19:28:42.189510-04:00,propline_free_sample
2026-09-20,2026-09-20 20:10:00+00:00,Will Warren,4.5,over,9900,kalshi,218701,Arizona Diamondbacks,New York Yankees,2026-09-20T18:09:24.212417+00:00,2026-09-21T23:28:42.189510+00:00,2026-09-21T19:28:42.189510-04:00,2026-09-21T19:28:42.189510-04:00,propline_free_sample
2026-09-20,2026-09-20 20:10:00+00:00,Corbin Burnes,5.5,over,9900,kalshi,218701,Arizona Diamondbacks,New York Yankees,2026-09-20T16:51:17.375894+00:00,2026-09-21T23:28:42.189510+00:00,2026-09-21T19:28:42.189510-04:00,2026-09-21T19:28:42.189510-04:00,propline_free_sample
2026-09-20,2026-09-20 20:10:00+00:00,Will Warren,5.5,over,9900,kalshi,218701,Arizona Diamondbacks,New York Yankees,2026-09-20T18:42:49.259465+00:00,2026-09-21T23:28:42.189510+00:00,2026-09-21T19:28:42.189510-04:00,2026-09-21T19:28:42.189510-04:00,propline_free_sample
2026-09-20,2026-09-20 20:10:00+00:00,Corbin Burnes,6.5,over,9900,kalshi,218701,Arizona Diamondbacks,New York Yankees,2026-09-20T16:18:08.924168+00:00,2026-09-21T23:28:42.189510+00:00,2026-09-21T19:28:42.189510-04:00,2026-09-21T19:28:42.189510-04:00,propline_free_sample
2026-09-20,2026-09-20 20:10:00+00:00,Will Warren,6.5,over,9900,kalshi,218701,Arizona Diamondbacks,New York Yankees,2026-09-20T18:42:49.259465+00:00,2026-09-21T23:28:42.189510+00:00,2026-09-21T19:28:42.189510-04:00,2026-09-21T19:28:42.189510-04:00,propline_free_sample
2026-09-20,2026-09-20 20:10:00+00:00,Corbin Burnes,7.5,over,9900,kalshi,218701,Arizona Diamondbacks,New York Yankees,2026-09-20T10:53:33.223803+00:00,2026-09-21T23:28:42.189510+00:00,2026-09-21T19:28:42.189510-04:00,2026-09-21T19:28:42.189510-04:00,propline_free_sample
2026-09-20,2026-09-20 20:10:00+00:00,Will Warren,7.5,over,9900,kalshi,218701,Arizona Diamondbacks,New York Yankees,2026-09-20T18:51:37.956521+00:00,2026-09-21T23:28:42.189510+00:00,2026-09-21T19:28:42.189510-04:00,2026-09-21T19:28:42.189510-04:00,propline_free_sample
2026-09-20,2026-09-20 20:10:00+00:00,Will Warren,7.5,under,-1900,kalshi,218701,Arizona Diamondbacks,New York Yankees,2026-09-20T20:05:46.086709+00:00,2026-09-21T23:28:42.189510+00:00,2026-09-21T19:28:42.189510-04:00,2026-09-21T19:28:42.189510-04:00,propline_free_sample
2026-09-20,2026-09-20 20:10:00+00:00,Will Warren,8.5,over,9900,kalshi,218701,Arizona Diamondbacks,New York Yankees,2026-09-20T04:57:54.664790+00:00,2026-09-21T23:28:42.189510+00:00,2026-09-21T19:28:42.189510-04:00,2026-09-21T19:28:42.189510-04:00,propline_free_sample
2026-09-20,2026-09-20 20:10:00+00:00,Corbin Burnes,4.5,under,-525,kalshi,218701,Arizona Diamondbacks,New York Yankees,2026-09-20T20:05:08.539024+00:00,2026-09-21T23:28:42.189510+00:00,2026-09-21T19:28:42.189510-04:00,2026-09-21T19:28:42.189510-04:00,propline_free_sample
2026-09-20,2026-09-20 20:10:00+00:00,Will Warren,4.5,under,-525,kalshi,218701,Arizona Diamondbacks,New York Yankees,2026-09-20T18:09:24.212417+00:00,2026-09-21T23:28:42.189510+00:00,2026-09-21T19:28:42.189510-04:00,2026-09-21T19:28:42.189510-04:00,propline_free_sample
2026-09-20,2026-09-20 20:10:00+00:00,Sandy Alcantara,3.5,over,-133,novig,218703,San Diego Padres,Miami Marlins,2026-09-20T20:04:58.260043+00:00,2026-09-21T23:28:42.189510+00:00,2026-09-21T19:28:42.189510-04:00,2026-09-21T19:28:42.189510-04:00,propline_free_sample
2026-09-20,2026-09-20 20:10:00+00:00,Sandy Alcantara,3.5,under,104,novig,218703,San Diego Padres,Miami Marlins,2026-09-20T19:24:36.194617+00:00,2026-09-21T23:28:42.189510+00:00,2026-09-21T19:28:42.189510-04:00,2026-09-21T19:28:42.189510-04:00,propline_free_sample
2026-09-20,2026-09-20 20:10:00+00:00,Sandy Alcantara,0.5,over,-1200,hardrock,218703,San Diego Padres,Miami Marlins,2026-09-20T14:34:32.837051+00:00,2026-09-21T23:28:42.189510+00:00,2026-09-21T19:28:42.189510-04:00,2026-09-21T19:28:42.189510-04:00,propline_free_sample
2026-09-20,2026-09-20 20:10:00+00:00,Sandy Alcantara,0.5,under,475,hardrock,218703,San Diego Padres,Miami Marlins,2026-09-20T15:42:55.460425+00:00,2026-09-21T23:28:42.189510+00:00,2026-09-21T19:28:42.189510-04:00,2026-09-21T19:28:42.189510-04:00,propline_free_sample
2026-09-20,2026-09-20 20:10:00+00:00,Sandy Alcantara,1.5,over,-500,hardrock,218703,San Diego Padres,Miami Marlins,2026-09-20T18:09:15.509687+00:00,2026-09-21T23:28:42.189510+00:00,2026-09-21T19:28:42.189510-04:00,2026-09-21T19:28:42.189510-04:00,propline_free_sample
2026-09-20,2026-09-20 20:10:00+00:00,Sandy Alcantara,1.5,under,275,hardrock,218703,San Diego Padres,Miami Marlins,2026-09-20T19:25:29.624862+00:00,2026-09-21T23:28:42.189510+00:00,2026-09-21T19:28:42.189510-04:00,2026-09-21T19:28:42.189510-04:00,propline_free_sample
2026-09-20,2026-09-20 20:10:00+00:00,Sandy Alcantara,2.5,over,-105,hardrock,218703,San Diego Padres,Miami Marlins,2026-09-20T14:37:00.649850+00:00,2026-09-21T23:28:42.189510+00:00,2026-09-21T19:28:42.189510-04:00,2026-09-21T19:28:42.189510-04:00,propline_free_sample
2026-09-20,2026-09-20 20:10:00+00:00,Sandy Alcantara,2.5,under,-135,hardrock,218703,San Diego Padres,Miami Marlins,2026-09-20T14:45:14.961911+00:00,2026-09-21T23:28:42.189510+00:00,2026-09-21T19:28:42.189510-04:00,2026-09-21T19:28:42.189510-04:00,propline_free_sample
2026-09-20,2026-09-20 20:10:00+00:00,Sandy Alcantara,3.5,over,300,hardrock,218703,San Diego Padres,Miami Marlins,2026-09-20T15:42:55.460425+00:00,2026-09-21T23:28:42.189510+00:00,2026-09-21T19:28:42.189510-04:00,2026-09-21T19:28:42.189510-04:00,propline_free_sample
2026-09-20,2026-09-20 20:10:00+00:00,Sandy Alcantara,3.5,under,-525,hardrock,218703,San Diego Padres,Miami Marlins,2026-09-20T15:42:55.460425+00:00,2026-09-21T23:28:42.189510+00:00,2026-09-21T19:28:42.189510-04:00,2026-09-21T19:28:42.189510-04:00,propline_free_sample
2026-09-20,2026-09-20 20:10:00+00:00,Sandy Alcantara,4.5,over,800,hardrock,218703,San Diego Padres,Miami Marlins,2026-09-20T18:09:15.509687+00:00,2026-09-21T23:28:42.189510+00:00,2026-09-21T19:28:42.189510-04:00,2026-09-21T19:28:42.189510-04:00,propline_free_sample
2026-09-20,2026-09-20 20:10:00+00:00,Sandy Alcantara,4.5,under,-4000,hardrock,218703,San Diego Padres,Miami Marlins,2026-09-20T15:48:32.225564+00:00,2026-09-21T23:28:42.189510+00:00,2026-09-21T19:28:42.189510-04:00,2026-09-21T19:28:42.189510-04:00,propline_free_sample
2026-09-20,2026-09-20 20:10:00+00:00,Sandy Alcantara,5.5,over,3000,hardrock,218703,San Diego Padres,Miami Marlins,2026-09-20T15:48:32.225564+00:00,2026-09-21T23:28:42.189510+00:00,2026-09-21T19:28:42.189510-04:00,2026-09-21T19:28:42.189510-04:00,propline_free_sample
2026-09-20,2026-09-20 20:10:00+00:00,Sandy Alcantara,5.5,under,-20000,hardrock,218703,San Diego Padres,Miami Marlins,2026-09-20T14:45:14.961911+00:00,2026-09-21T23:28:42.189510+00:00,2026-09-21T19:28:42.189510-04:00,2026-09-21T19:28:42.189510-04:00,propline_free_sample
2026-09-20,2026-09-20 20:10:00+00:00,Sandy Alcantara,6.5,over,1500,hardrock,218703,San Diego Padres,Miami Marlins,2026-09-20T14:45:14.961911+00:00,2026-09-21T23:28:42.189510+00:00,2026-09-21T19:28:42.189510-04:00,2026-09-21T19:28:42.189510-04:00,propline_free_sample
2026-09-20,2026-09-20 20:10:00+00:00,Sandy Alcantara,6.5,under,-7000,hardrock,218703,San Diego Padres,Miami Marlins,2026-09-20T18:09:15.509687+00:00,2026-09-21T23:28:42.189510+00:00,2026-09-21T19:28:42.189510-04:00,2026-09-21T19:28:42.189510-04:00,propline_free_sample
2026-09-20,2026-09-20 20:10:00+00:00,Sandy Alcantara,7.5,over,4000,hardrock,218703,San Diego Padres,Miami Marlins,2026-09-20T14:45:14.961911+00:00,2026-09-21T23:28:42.189510+00:00,2026-09-21T19:28:42.189510-04:00,2026-09-21T19:28:42.189510-04:00,propline_free_sample
2026-09-20,2026-09-20 20:10:00+00:00,Sandy Alcantara,7.5,under,-50000,hardrock,218703,San Diego Padres,Miami Marlins,2026-09-20T17:01:43.426163+00:00,2026-09-21T23:28:42.189510+00:00,2026-09-21T19:28:42.189510-04:00,2026-09-21T19:28:42.189510-04:00,propline_free_sample
2026-09-20,2026-09-20 20:10:00+00:00,Sandy Alcantara,8.5,over,4000,hardrock,218703,San Diego Padres,Miami Marlins,2026-09-20T05:00:51.985264+00:00,2026-09-21T23:28:42.189510+00:00,2026-09-21T19:28:42.189510-04:00,2026-09-21T19:28:42.189510-04:00,propline_free_sample
2026-09-20,2026-09-20 20:10:00+00:00,Sandy Alcantara,8.5,under,-50000,hardrock,218703,San Diego Padres,Miami Marlins,2026-09-20T05:00:51.985264+00:00,2026-09-21T23:28:42.189510+00:00,2026-09-21T19:28:42.189510-04:00,2026-09-21T19:28:42.189510-04:00,propline_free_sample
2026-09-20,2026-09-20 20:10:00+00:00,Sandy Alcantara,2.5,over,115,fanatics,218703,San Diego Padres,Miami Marlins,2026-09-20T17:58:36.895636+00:00,2026-09-21T23:28:42.189510+00:00,2026-09-21T19:28:42.189510-04:00,2026-09-21T19:28:42.189510-04:00,propline_free_sample
2026-09-20,2026-09-20 20:10:00+00:00,Sandy Alcantara,2.5,under,-155,fanatics,218703,San Diego Padres,Miami Marlins,2026-09-20T17:58:36.895636+00:00,2026-09-21T23:28:42.189510+00:00,2026-09-21T19:28:42.189510-04:00,2026-09-21T19:28:42.189510-04:00,propline_free_sample
2026-09-20,2026-09-20 20:10:00+00:00,Walker Buehler,4.5,over,150,fanatics,218703,San Diego Padres,Miami Marlins,2026-09-20T18:29:26.580636+00:00,2026-09-21T23:28:42.189510+00:00,2026-09-21T19:28:42.189510-04:00,2026-09-21T19:28:42.189510-04:00,propline_free_sample
2026-09-20,2026-09-20 20:10:00+00:00,Walker Buehler,4.5,under,-205,fanatics,218703,San Diego Padres,Miami Marlins,2026-09-20T18:29:26.580636+00:00,2026-09-21T23:28:42.189510+00:00,2026-09-21T19:28:42.189510-04:00,2026-09-21T19:28:42.189510-04:00,propline_free_sample
2026-09-20,2026-09-20 20:10:00+00:00,Will Warren,2.5,under,9900,kalshi,218701,Arizona Diamondbacks,New York Yankees,2026-09-20T20:05:46.086709+00:00,2026-09-21T23:28:42.189510+00:00,2026-09-21T19:28:42.189510-04:00,2026-09-21T19:28:42.189510-04:00,propline_free_sample
2026-09-20,2026-09-20 20:10:00+00:00,Will Warren,5.5,under,-1011,kalshi,218701,Arizona Diamondbacks,New York Yankees,2026-09-20T17:58:46.252074+00:00,2026-09-21T23:28:42.189510+00:00,2026-09-21T19:28:42.189510-04:00,2026-09-21T19:28:42.189510-04:00,propline_free_sample
2026-09-20,2026-09-20 20:10:00+00:00,Corbin Burnes,3.5,under,-525,kalshi,218701,Arizona Diamondbacks,New York Yankees,2026-09-20T20:05:46.086709+00:00,2026-09-21T23:28:42.189510+00:00,2026-09-21T19:28:42.189510-04:00,2026-09-21T19:28:42.189510-04:00,propline_free_sample
2026-09-20,2026-09-20 20:10:00+00:00,Will Warren,3.5,under,9900,kalshi,218701,Arizona Diamondbacks,New York Yankees,2026-09-20T18:07:36.336024+00:00,2026-09-21T23:28:42.189510+00:00,2026-09-21T19:28:42.189510-04:00,2026-09-21T19:28:42.189510-04:00,propline_free_sample
2026-09-20,2026-09-20 20:10:00+00:00,Sandy Alcantara,3.5,over,100,prizepicks,218703,San Diego Padres,Miami Marlins,2026-09-20T05:10:11.051715+00:00,2026-09-21T23:28:42.189510+00:00,2026-09-21T19:28:42.189510-04:00,2026-09-21T19:28:42.189510-04:00,propline_free_sample
2026-09-20,2026-09-20 20:10:00+00:00,Sandy Alcantara,3.5,under,100,prizepicks,218703,San Diego Padres,Miami Marlins,2026-09-20T05:10:11.051715+00:00,2026-09-21T23:28:42.189510+00:00,2026-09-21T19:28:42.189510-04:00,2026-09-21T19:28:42.189510-04:00,propline_free_sample
2026-09-20,2026-09-20 20:10:00+00:00,Sandy Alcantara,4.5,over,100,prizepicks,218703,San Diego Padres,Miami Marlins,2026-09-20T05:10:11.051715+00:00,2026-09-21T23:28:42.189510+00:00,2026-09-21T19:28:42.189510-04:00,2026-09-21T19:28:42.189510-04:00,propline_free_sample
2026-09-20,2026-09-20 20:10:00+00:00,Walker Buehler,4.5,over,100,prizepicks,218703,San Diego Padres,Miami Marlins,2026-09-20T05:10:11.051715+00:00,2026-09-21T23:28:42.189510+00:00,2026-09-21T19:28:42.189510-04:00,2026-09-21T19:28:42.189510-04:00,propline_free_sample
2026-09-20,2026-09-20 20:10:00+00:00,Sandy Alcantara,4.5,under,100,prizepicks,218703,San Diego Padres,Miami Marlins,2026-09-20T05:10:11.051715+00:00,2026-09-21T23:28:42.189510+00:00,2026-09-21T19:28:42.189510-04:00,2026-09-21T19:28:42.189510-04:00,propline_free_sample
2026-09-20,2026-09-20 20:10:00+00:00,Sandy Alcantara,5.5,over,100,prizepicks,218703,San Diego Padres,Miami Marlins,2026-09-20T05:10:11.051715+00:00,2026-09-21T23:28:42.189510+00:00,2026-09-21T19:28:42.189510-04:00,2026-09-21T19:28:42.189510-04:00,propline_free_sample
2026-09-20,2026-09-20 20:10:00+00:00,Walker Buehler,5.5,over,100,prizepicks,218703,San Diego Padres,Miami Marlins,2026-09-20T05:10:11.051715+00:00,2026-09-21T23:28:42.189510+00:00,2026-09-21T19:28:42.189510-04:00,2026-09-21T19:28:42.189510-04:00,propline_free_sample
2026-09-20,2026-09-20 20:10:00+00:00,Sandy Alcantara,5.5,under,100,prizepicks,218703,San Diego Padres,Miami Marlins,2026-09-20T05:10:11.051715+00:00,2026-09-21T23:28:42.189510+00:00,2026-09-21T19:28:42.189510-04:00,2026-09-21T19:28:42.189510-04:00,propline_free_sample
2026-09-20,2026-09-20 20:10:00+00:00,Sandy Alcantara,6.5,over,100,prizepicks,218703,San Diego Padres,Miami Marlins,2026-09-20T05:10:11.051715+00:00,2026-09-21T23:28:42.189510+00:00,2026-09-21T19:28:42.189510-04:00,2026-09-21T19:28:42.189510-04:00,propline_free_sample
2026-09-20,2026-09-20 20:10:00+00:00,Sandy Alcantara,1.5,over,100,prizepicks,218703,San Diego Padres,Miami Marlins,2026-09-20T05:10:11.051715+00:00,2026-09-21T23:28:42.189510+00:00,2026-09-21T19:28:42.189510-04:00,2026-09-21T19:28:42.189510-04:00,propline_free_sample
2026-09-20,2026-09-20 20:10:00+00:00,Sandy Alcantara,1.5,under,100,prizepicks,218703,San Diego Padres,Miami Marlins,2026-09-20T05:10:11.051715+00:00,2026-09-21T23:28:42.189510+00:00,2026-09-21T19:28:42.189510-04:00,2026-09-21T19:28:42.189510-04:00,propline_free_sample
2026-09-20,2026-09-20 20:10:00+00:00,Sandy Alcantara,2.5,over,100,prizepicks,218703,San Diego Padres,Miami Marlins,2026-09-20T05:10:11.051715+00:00,2026-09-21T23:28:42.189510+00:00,2026-09-21T19:28:42.189510-04:00,2026-09-21T19:28:42.189510-04:00,propline_free_sample
2026-09-20,2026-09-20 20:10:00+00:00,Walker Buehler,2.5,over,100,prizepicks,218703,San Diego Padres,Miami Marlins,2026-09-20T05:10:11.051715+00:00,2026-09-21T23:28:42.189510+00:00,2026-09-21T19:28:42.189510-04:00,2026-09-21T19:28:42.189510-04:00,propline_free_sample
2026-09-20,2026-09-20 20:10:00+00:00,Sandy Alcantara,2.5,under,100,prizepicks,218703,San Diego Padres,Miami Marlins,2026-09-20T05:10:11.051715+00:00,2026-09-21T23:28:42.189510+00:00,2026-09-21T19:28:42.189510-04:00,2026-09-21T19:28:42.189510-04:00,propline_free_sample
2026-09-20,2026-09-20 20:10:00+00:00,Walker Buehler,3.5,over,100,prizepicks,218703,San Diego Padres,Miami Marlins,2026-09-20T05:10:11.051715+00:00,2026-09-21T23:28:42.189510+00:00,2026-09-21T19:28:42.189510-04:00,2026-09-21T19:28:42.189510-04:00,propline_free_sample
2026-09-20,2026-09-20 20:10:00+00:00,Walker Buehler,3.5,under,100,prizepicks,218703,San Diego Padres,Miami Marlins,2026-09-20T05:10:11.051715+00:00,2026-09-21T23:28:42.189510+00:00,2026-09-21T19:28:42.189510-04:00,2026-09-21T19:28:42.189510-04:00,propline_free_sample
2026-09-20,2026-09-20 20:10:00+00:00,Corbin Burnes,2.5,under,-525,kalshi,218701,Arizona Diamondbacks,New York Yankees,2026-09-20T20:05:46.086709+00:00,2026-09-21T23:28:42.189510+00:00,2026-09-21T19:28:42.189510-04:00,2026-09-21T19:28:42.189510-04:00,propline_free_sample
2026-09-20,2026-09-20 20:10:00+00:00,Will Warren,6.5,under,-1011,kalshi,218701,Arizona Diamondbacks,New York Yankees,2026-09-20T20:05:46.086709+00:00,2026-09-21T23:28:42.189510+00:00,2026-09-21T19:28:42.189510-04:00,2026-09-21T19:28:42.189510-04:00,propline_free_sample
2026-09-20,2026-09-20 20:10:00+00:00,Sandy Alcantara,3.5,over,-143,sleeper,218703,San Diego Padres,Miami Marlins,2026-09-20T17:12:27.566606+00:00,2026-09-21T23:28:42.189510+00:00,2026-09-21T19:28:42.189510-04:00,2026-09-21T19:28:42.189510-04:00,propline_free_sample
2026-09-20,2026-09-20 20:10:00+00:00,Sandy Alcantara,3.5,under,-115,sleeper,218703,San Diego Padres,Miami Marlins,2026-09-20T17:12:27.566606+00:00,2026-09-21T23:28:42.189510+00:00,2026-09-21T19:28:42.189510-04:00,2026-09-21T19:28:42.189510-04:00,propline_free_sample
2026-09-20,2026-09-20 20:10:00+00:00,Walker Buehler,0.5,over,-8000,hardrock,218703,San Diego Padres,Miami Marlins,2026-09-20T13:25:11.517237+00:00,2026-09-21T23:28:42.189510+00:00,2026-09-21T19:28:42.189510-04:00,2026-09-21T19:28:42.189510-04:00,propline_free_sample
2026-09-20,2026-09-20 20:10:00+00:00,Walker Buehler,0.5,under,1750,hardrock,218703,San Diego Padres,Miami Marlins,2026-09-20T11:38:04.430152+00:00,2026-09-21T23:28:42.189510+00:00,2026-09-21T19:28:42.189510-04:00,2026-09-21T19:28:42.189510-04:00,propline_free_sample
2026-09-20,2026-09-20 20:10:00+00:00,Walker Buehler,1.5,over,-5000,hardrock,218703,San Diego Padres,Miami Marlins,2026-09-20T14:40:22.824579+00:00,2026-09-21T23:28:42.189510+00:00,2026-09-21T19:28:42.189510-04:00,2026-09-21T19:28:42.189510-04:00,propline_free_sample
2026-09-20,2026-09-20 20:10:00+00:00,Walker Buehler,1.5,under,1200,hardrock,218703,San Diego Padres,Miami Marlins,2026-09-20T14:40:22.824579+00:00,2026-09-21T23:28:42.189510+00:00,2026-09-21T19:28:42.189510-04:00,2026-09-21T19:28:42.189510-04:00,propline_free_sample
2026-09-20,2026-09-20 20:10:00+00:00,Walker Buehler,2.5,over,-2500,hardrock,218703,San Diego Padres,Miami Marlins,2026-09-20T18:33:34.245444+00:00,2026-09-21T23:28:42.189510+00:00,2026-09-21T19:28:42.189510-04:00,2026-09-21T19:28:42.189510-04:00,propline_free_sample
2026-09-20,2026-09-20 20:10:00+00:00,Walker Buehler,2.5,under,650,hardrock,218703,San Diego Padres,Miami Marlins,2026-09-20T14:38:07.067037+00:00,2026-09-21T23:28:42.189510+00:00,2026-09-21T19:28:42.189510-04:00,2026-09-21T19:28:42.189510-04:00,propline_free_sample
2026-09-20,2026-09-20 20:10:00+00:00,Walker Buehler,3.5,over,-300,hardrock,218703,San Diego Padres,Miami Marlins,2026-09-20T14:38:07.067037+00:00,2026-09-21T23:28:42.189510+00:00,2026-09-21T19:28:42.189510-04:00,2026-09-21T19:28:42.189510-04:00,propline_free_sample
2026-09-20,2026-09-20 20:10:00+00:00,Walker Buehler,3.5,under,185,hardrock,218703,San Diego Padres,Miami Marlins,2026-09-20T18:04:44.654090+00:00,2026-09-21T23:28:42.189510+00:00,2026-09-21T19:28:42.189510-04:00,2026-09-21T19:28:42.189510-04:00,propline_free_sample
2026-09-20,2026-09-20 20:10:00+00:00,Walker Buehler,4.5,over,120,hardrock,218703,San Diego Padres,Miami Marlins,2026-09-20T18:04:44.654090+00:00,2026-09-21T23:28:42.189510+00:00,2026-09-21T19:28:42.189510-04:00,2026-09-21T19:28:42.189510-04:00,propline_free_sample
2026-09-20,2026-09-20 20:10:00+00:00,Walker Buehler,4.5,under,-170,hardrock,218703,San Diego Padres,Miami Marlins,2026-09-20T18:04:44.654090+00:00,2026-09-21T23:28:42.189510+00:00,2026-09-21T19:28:42.189510-04:00,2026-09-21T19:28:42.189510-04:00,propline_free_sample
2026-09-20,2026-09-20 20:10:00+00:00,Walker Buehler,5.5,over,-650,hardrock,218703,San Diego Padres,Miami Marlins,2026-09-20T18:04:44.654090+00:00,2026-09-21T23:28:42.189510+00:00,2026-09-21T19:28:42.189510-04:00,2026-09-21T19:28:42.189510-04:00,propline_free_sample
2026-09-20,2026-09-20 20:10:00+00:00,Walker Buehler,5.5,under,350,hardrock,218703,San Diego Padres,Miami Marlins,2026-09-20T18:04:44.654090+00:00,2026-09-21T23:28:42.189510+00:00,2026-09-21T19:28:42.189510-04:00,2026-09-21T19:28:42.189510-04:00,propline_free_sample
2026-09-20,2026-09-20 20:10:00+00:00,Walker Buehler,6.5,over,-120,hardrock,218703,San Diego Padres,Miami Marlins,2026-09-20T18:04:44.654090+00:00,2026-09-21T23:28:42.189510+00:00,2026-09-21T19:28:42.189510-04:00,2026-09-21T19:28:42.189510-04:00,propline_free_sample
2026-09-20,2026-09-20 20:10:00+00:00,Walker Buehler,6.5,under,-115,hardrock,218703,San Diego Padres,Miami Marlins,2026-09-20T18:59:13.850087+00:00,2026-09-21T23:28:42.189510+00:00,2026-09-21T19:28:42.189510-04:00,2026-09-21T19:28:42.189510-04:00,propline_free_sample
2026-09-20,2026-09-20 20:10:00+00:00,Walker Buehler,7.5,over,260,hardrock,218703,San Diego Padres,Miami Marlins,2026-09-20T18:04:44.654090+00:00,2026-09-21T23:28:42.189510+00:00,2026-09-21T19:28:42.189510-04:00,2026-09-21T19:28:42.189510-04:00,propline_free_sample
2026-09-20,2026-09-20 20:10:00+00:00,Walker Buehler,7.5,under,-475,hardrock,218703,San Diego Padres,Miami Marlins,2026-09-20T14:44:03.373377+00:00,2026-09-21T23:28:42.189510+00:00,2026-09-21T19:28:42.189510-04:00,2026-09-21T19:28:42.189510-04:00,propline_free_sample
2026-09-20,2026-09-20 20:10:00+00:00,Walker Buehler,8.5,over,750,hardrock,218703,San Diego Padres,Miami Marlins,2026-09-20T18:04:44.654090+00:00,2026-09-21T23:28:42.189510+00:00,2026-09-21T19:28:42.189510-04:00,2026-09-21T19:28:42.189510-04:00,propline_free_sample
2026-09-20,2026-09-20 20:10:00+00:00,Walker Buehler,8.5,under,-3000,hardrock,218703,San Diego Padres,Miami Marlins,2026-09-20T18:04:44.654090+00:00,2026-09-21T23:28:42.189510+00:00,2026-09-21T19:28:42.189510-04:00,2026-09-21T19:28:42.189510-04:00,propline_free_sample
2026-09-20,2026-09-20 20:10:00+00:00,Walker Buehler,4.5,over,-105,sleeper,218703,San Diego Padres,Miami Marlins,2026-09-20T18:19:52.113389+00:00,2026-09-21T23:28:42.189510+00:00,2026-09-21T19:28:42.189510-04:00,2026-09-21T19:28:42.189510-04:00,propline_free_sample
2026-09-20,2026-09-20 20:10:00+00:00,Walker Buehler,4.5,under,-156,sleeper,218703,San Diego Padres,Miami Marlins,2026-09-20T18:19:52.113389+00:00,2026-09-21T23:28:42.189510+00:00,2026-09-21T19:28:42.189510-04:00,2026-09-21T19:28:42.189510-04:00,propline_free_sample
2026-09-20,2026-09-20 20:10:00+00:00,Walker Buehler,3.5,over,-669,novig,218703,San Diego Padres,Miami Marlins,2026-09-20T19:36:24.453160+00:00,2026-09-21T23:28:42.189510+00:00,2026-09-21T19:28:42.189510-04:00,2026-09-21T19:28:42.189510-04:00,propline_free_sample
2026-09-20,2026-09-20 20:10:00+00:00,Walker Buehler,3.5,under,-99900,novig,218703,San Diego Padres,Miami Marlins,2026-09-20T20:02:55.968338+00:00,2026-09-21T23:28:42.189510+00:00,2026-09-21T19:28:42.189510-04:00,2026-09-21T19:28:42.189510-04:00,propline_free_sample
2026-09-20,2026-09-20 20:10:00+00:00,Walker Buehler,4.5,under,100,prizepicks,218703,San Diego Padres,Miami Marlins,2026-09-20T05:23:55.835185+00:00,2026-09-21T23:28:42.189510+00:00,2026-09-21T19:28:42.189510-04:00,2026-09-21T19:28:42.189510-04:00,propline_free_sample
2026-09-20,2026-09-20 20:10:00+00:00,Walker Buehler,5.5,under,100,prizepicks,218703,San Diego Padres,Miami Marlins,2026-09-20T05:23:55.835185+00:00,2026-09-21T23:28:42.189510+00:00,2026-09-21T19:28:42.189510-04:00,2026-09-21T19:28:42.189510-04:00,propline_free_sample
2026-09-20,2026-09-20 20:10:00+00:00,Walker Buehler,6.5,over,100,prizepicks,218703,San Diego Padres,Miami Marlins,2026-09-20T05:23:55.835185+00:00,2026-09-21T23:28:42.189510+00:00,2026-09-21T19:28:42.189510-04:00,2026-09-21T19:28:42.189510-04:00,propline_free_sample
2026-09-20,2026-09-20 20:10:00+00:00,Walker Buehler,2.5,under,100,prizepicks,218703,San Diego Padres,Miami Marlins,2026-09-20T05:23:55.835185+00:00,2026-09-21T23:28:42.189510+00:00,2026-09-21T19:28:42.189510-04:00,2026-09-21T19:28:42.189510-04:00,propline_free_sample
2026-09-20,2026-09-20 20:10:00+00:00,Walker Buehler,7.5,over,100,prizepicks,218703,San Diego Padres,Miami Marlins,2026-09-20T05:23:55.835185+00:00,2026-09-21T23:28:42.189510+00:00,2026-09-21T19:28:42.189510-04:00,2026-09-21T19:28:42.189510-04:00,propline_free_sample
2026-09-20,2026-09-20 20:10:00+00:00,Matt Wilkinson,2.5,over,-105,dabble,218702,Los Angeles Dodgers,San Francisco Giants,2026-09-20T18:38:47.866585+00:00,2026-09-21T23:28:42.189510+00:00,2026-09-21T19:28:42.189510-04:00,2026-09-21T19:28:42.189510-04:00,propline_free_sample
2026-09-20,2026-09-20 20:10:00+00:00,Matt Wilkinson,2.5,under,106,dabble,218702,Los Angeles Dodgers,San Francisco Giants,2026-09-20T18:38:47.866585+00:00,2026-09-21T23:28:42.189510+00:00,2026-09-21T19:28:42.189510-04:00,2026-09-21T19:28:42.189510-04:00,propline_free_sample
2026-09-20,2026-09-20 20:10:00+00:00,Matt Wilkinson,5.5,over,-179,underdog,218702,Los Angeles Dodgers,San Francisco Giants,2026-09-20T18:01:23.639510+00:00,2026-09-21T23:28:42.189510+00:00,2026-09-21T19:28:42.189510-04:00,2026-09-21T19:28:42.189510-04:00,propline_free_sample
2026-09-20,2026-09-20 20:10:00+00:00,Matt Wilkinson,5.5,under,120,underdog,218702,Los Angeles Dodgers,San Francisco Giants,2026-09-20T18:01:23.639510+00:00,2026-09-21T23:28:42.189510+00:00,2026-09-21T19:28:42.189510-04:00,2026-09-21T19:28:42.189510-04:00,propline_free_sample
2026-09-20,2026-09-20 20:10:00+00:00,Corbin Burnes,5.5,under,-9900,kalshi,218701,Arizona Diamondbacks,New York Yankees,2026-09-20T19:44:30.441371+00:00,2026-09-21T23:28:42.189510+00:00,2026-09-21T19:28:42.189510-04:00,2026-09-21T19:28:42.189510-04:00,propline_free_sample
2026-09-20,2026-09-20 20:10:00+00:00,Corbin Burnes,6.5,under,-1567,kalshi,218701,Arizona Diamondbacks,New York Yankees,2026-09-20T19:44:30.441371+00:00,2026-09-21T23:28:42.189510+00:00,2026-09-21T19:28:42.189510-04:00,2026-09-21T19:28:42.189510-04:00,propline_free_sample
2026-09-20,2026-09-20 20:10:00+00:00,Walker Buehler,1.5,under,9900,polymarket_us,218703,San Diego Padres,Miami Marlins,2026-09-20T18:13:17.067615+00:00,2026-09-21T23:28:42.189510+00:00,2026-09-21T19:28:42.189510-04:00,2026-09-21T19:28:42.189510-04:00,propline_free_sample
2026-09-20,2026-09-20 20:10:00+00:00,Sandy Alcantara,7.5,over,9900,polymarket_us,218703,San Diego Padres,Miami Marlins,2026-09-20T18:15:26.556680+00:00,2026-09-21T23:28:42.189510+00:00,2026-09-21T19:28:42.189510-04:00,2026-09-21T19:28:42.189510-04:00,propline_free_sample
2026-09-20,2026-09-20 20:10:00+00:00,Walker Buehler,7.5,over,9900,polymarket_us,218703,San Diego Padres,Miami Marlins,2026-09-20T20:05:10.571848+00:00,2026-09-21T23:28:42.189510+00:00,2026-09-21T19:28:42.189510-04:00,2026-09-21T19:28:42.189510-04:00,propline_free_sample
2026-09-20,2026-09-20 20:10:00+00:00,Sandy Alcantara,2.5,under,9900,polymarket_us,218703,San Diego Padres,Miami Marlins,2026-09-20T19:52:36.050962+00:00,2026-09-21T23:28:42.189510+00:00,2026-09-21T19:28:42.189510-04:00,2026-09-21T19:28:42.189510-04:00,propline_free_sample
2026-09-20,2026-09-20 20:10:00+00:00,Sandy Alcantara,1.5,under,9900,polymarket_us,218703,San Diego Padres,Miami Marlins,2026-09-20T20:07:02.842136+00:00,2026-09-21T23:28:42.189510+00:00,2026-09-21T19:28:42.189510-04:00,2026-09-21T19:28:42.189510-04:00,propline_free_sample
2026-09-20,2026-09-20 20:10:00+00:00,Corbin Burnes,4.5,over,-123,rebet,218701,Arizona Diamondbacks,New York Yankees,2026-09-20T19:05:23.476934+00:00,2026-09-21T23:28:42.189510+00:00,2026-09-21T19:28:42.189510-04:00,2026-09-21T19:28:42.189510-04:00,propline_free_sample
2026-09-20,2026-09-20 20:10:00+00:00,Will Warren,4.5,over,102,rebet,218701,Arizona Diamondbacks,New York Yankees,2026-09-20T14:37:48.318774+00:00,2026-09-21T23:28:42.189510+00:00,2026-09-21T19:28:42.189510-04:00,2026-09-21T19:28:42.189510-04:00,propline_free_sample
2026-09-20,2026-09-20 20:10:00+00:00,Corbin Burnes,4.5,under,-113,rebet,218701,Arizona Diamondbacks,New York Yankees,2026-09-20T19:05:23.476934+00:00,2026-09-21T23:28:42.189510+00:00,2026-09-21T19:28:42.189510-04:00,2026-09-21T19:28:42.189510-04:00,propline_free_sample
2026-09-20,2026-09-20 20:10:00+00:00,Will Warren,4.5,under,-141,rebet,218701,Arizona Diamondbacks,New York Yankees,2026-09-20T14:37:48.318774+00:00,2026-09-21T23:28:42.189510+00:00,2026-09-21T19:28:42.189510-04:00,2026-09-21T19:28:42.189510-04:00,propline_free_sample
2026-09-20,2026-09-20 20:10:00+00:00,Will Warren,3.5,over,-182,novig,218701,Arizona Diamondbacks,New York Yankees,2026-09-20T18:55:49.745646+00:00,2026-09-21T23:28:42.189510+00:00,2026-09-21T19:28:42.189510-04:00,2026-09-21T19:28:42.189510-04:00,propline_free_sample
2026-09-20,2026-09-20 20:10:00+00:00,Will Warren,3.5,under,135,novig,218701,Arizona Diamondbacks,New York Yankees,2026-09-20T18:55:49.745646+00:00,2026-09-21T23:28:42.189510+00:00,2026-09-21T19:28:42.189510-04:00,2026-09-21T19:28:42.189510-04:00,propline_free_sample
2026-09-20,2026-09-20 20:10:00+00:00,Sandy Alcantara,3.5,over,9900,polymarket_us,218703,San Diego Padres,Miami Marlins,2026-09-20T19:03:07.898706+00:00,2026-09-21T23:28:42.189510+00:00,2026-09-21T19:28:42.189510-04:00,2026-09-21T19:28:42.189510-04:00,propline_free_sample
2026-09-20,2026-09-20 20:10:00+00:00,Sandy Alcantara,3.5,under,-1011,polymarket_us,218703,San Diego Padres,Miami Marlins,2026-09-20T19:03:07.898706+00:00,2026-09-21T23:28:42.189510+00:00,2026-09-21T19:28:42.189510-04:00,2026-09-21T19:28:42.189510-04:00,propline_free_sample
2026-09-20,2026-09-20 20:10:00+00:00,Walker Buehler,3.5,over,-213,polymarket_us,218703,San Diego Padres,Miami Marlins,2026-09-20T19:31:21.986496+00:00,2026-09-21T23:28:42.189510+00:00,2026-09-21T19:28:42.189510-04:00,2026-09-21T19:28:42.189510-04:00,propline_free_sample
2026-09-20,2026-09-20 20:10:00+00:00,Walker Buehler,3.5,under,9900,polymarket_us,218703,San Diego Padres,Miami Marlins,2026-09-20T19:31:21.986496+00:00,2026-09-21T23:28:42.189510+00:00,2026-09-21T19:28:42.189510-04:00,2026-09-21T19:28:42.189510-04:00,propline_free_sample
2026-09-20,2026-09-20 20:10:00+00:00,Walker Buehler,2.5,under,9900,polymarket_us,218703,San Diego Padres,Miami Marlins,2026-09-20T20:08:45.997226+00:00,2026-09-21T23:28:42.189510+00:00,2026-09-21T19:28:42.189510-04:00,2026-09-21T19:28:42.189510-04:00,propline_free_sample
2026-09-20,2026-09-20 20:10:00+00:00,Sandy Alcantara,3.5,over,-119,pinnacle,218703,San Diego Padres,Miami Marlins,2026-09-20T14:51:43.630123+00:00,2026-09-21T23:28:42.189510+00:00,2026-09-21T19:28:42.189510-04:00,2026-09-21T19:28:42.189510-04:00,propline_free_sample
2026-09-20,2026-09-20 20:10:00+00:00,Sandy Alcantara,3.5,under,-111,pinnacle,218703,San Diego Padres,Miami Marlins,2026-09-20T14:51:43.630123+00:00,2026-09-21T23:28:42.189510+00:00,2026-09-21T19:28:42.189510-04:00,2026-09-21T19:28:42.189510-04:00,propline_free_sample
2026-09-20,2026-09-20 20:10:00+00:00,Walker Buehler,4.5,over,115,pinnacle,218703,San Diego Padres,Miami Marlins,2026-09-20T14:51:43.630123+00:00,2026-09-21T23:28:42.189510+00:00,2026-09-21T19:28:42.189510-04:00,2026-09-21T19:28:42.189510-04:00,propline_free_sample
2026-09-20,2026-09-20 20:10:00+00:00,Walker Buehler,4.5,under,-153,pinnacle,218703,San Diego Padres,Miami Marlins,2026-09-20T14:51:43.630123+00:00,2026-09-21T23:28:42.189510+00:00,2026-09-21T19:28:42.189510-04:00,2026-09-21T19:28:42.189510-04:00,propline_free_sample
2026-09-20,2026-09-20 20:10:00+00:00,Corbin Burnes,4.5,over,-124,pinnacle,218701,Arizona Diamondbacks,New York Yankees,2026-09-20T19:09:08.655291+00:00,2026-09-21T23:28:42.189510+00:00,2026-09-21T19:28:42.189510-04:00,2026-09-21T19:28:42.189510-04:00,propline_free_sample
2026-09-20,2026-09-20 20:10:00+00:00,Corbin Burnes,4.5,under,-107,pinnacle,218701,Arizona Diamondbacks,New York Yankees,2026-09-20T19:09:08.655291+00:00,2026-09-21T23:28:42.189510+00:00,2026-09-21T19:28:42.189510-04:00,2026-09-21T19:28:42.189510-04:00,propline_free_sample
2026-09-20,2026-09-20 20:10:00+00:00,Will Warren,4.5,over,101,pinnacle,218701,Arizona Diamondbacks,New York Yankees,2026-09-20T19:09:08.655291+00:00,2026-09-21T23:28:42.189510+00:00,2026-09-21T19:28:42.189510-04:00,2026-09-21T19:28:42.189510-04:00,propline_free_sample
2026-09-20,2026-09-20 20:10:00+00:00,Will Warren,4.5,under,-133,pinnacle,218701,Arizona Diamondbacks,New York Yankees,2026-09-20T19:09:08.655291+00:00,2026-09-21T23:28:42.189510+00:00,2026-09-21T19:28:42.189510-04:00,2026-09-21T19:28:42.189510-04:00,propline_free_sample
2026-09-20,2026-09-20 20:10:00+00:00,Walker Buehler,1.5,over,-2400,polymarket_us,218703,San Diego Padres,Miami Marlins,2026-09-20T19:08:07.193323+00:00,2026-09-21T23:28:42.189510+00:00,2026-09-21T19:28:42.189510-04:00,2026-09-21T19:28:42.189510-04:00,propline_free_sample
2026-09-20,2026-09-20 20:10:00+00:00,Sandy Alcantara,6.5,over,9900,polymarket_us,218703,San Diego Padres,Miami Marlins,2026-09-20T15:40:02.509360+00:00,2026-09-21T23:28:42.189510+00:00,2026-09-21T19:28:42.189510-04:00,2026-09-21T19:28:42.189510-04:00,propline_free_sample
2026-09-20,2026-09-20 20:10:00+00:00,Walker Buehler,6.5,over,9900,polymarket_us,218703,San Diego Padres,Miami Marlins,2026-09-20T20:07:02.842136+00:00,2026-09-21T23:28:42.189510+00:00,2026-09-21T19:28:42.189510-04:00,2026-09-21T19:28:42.189510-04:00,propline_free_sample
2026-09-20,2026-09-20 20:10:00+00:00,Sandy Alcantara,3.5,over,-122,prophetx,218703,San Diego Padres,Miami Marlins,2026-09-20T19:05:31.456796+00:00,2026-09-21T23:28:42.189510+00:00,2026-09-21T19:28:42.189510-04:00,2026-09-21T19:28:42.189510-04:00,propline_free_sample
2026-09-20,2026-09-20 20:10:00+00:00,Sandy Alcantara,3.5,under,107,prophetx,218703,San Diego Padres,Miami Marlins,2026-09-20T17:01:26.221596+00:00,2026-09-21T23:28:42.189510+00:00,2026-09-21T19:28:42.189510-04:00,2026-09-21T19:28:42.189510-04:00,propline_free_sample
2026-09-20,2026-09-20 20:10:00+00:00,Walker Buehler,3.5,over,-260,prophetx,218703,San Diego Padres,Miami Marlins,2026-09-20T20:08:46.355235+00:00,2026-09-21T23:28:42.189510+00:00,2026-09-21T19:28:42.189510-04:00,2026-09-21T19:28:42.189510-04:00,propline_free_sample
2026-09-20,2026-09-20 20:10:00+00:00,Walker Buehler,3.5,under,205,prophetx,218703,San Diego Padres,Miami Marlins,2026-09-20T19:35:15.513518+00:00,2026-09-21T23:28:42.189510+00:00,2026-09-21T19:28:42.189510-04:00,2026-09-21T19:28:42.189510-04:00,propline_free_sample
2026-09-20,2026-09-20 20:10:00+00:00,Sandy Alcantara,3.5,over,103,dabble,218703,San Diego Padres,Miami Marlins,2026-09-20T18:19:51.781153+00:00,2026-09-21T23:28:42.189510+00:00,2026-09-21T19:28:42.189510-04:00,2026-09-21T19:28:42.189510-04:00,propline_free_sample
2026-09-20,2026-09-20 20:10:00+00:00,Walker Buehler,4.5,over,128,dabble,218703,San Diego Padres,Miami Marlins,2026-09-20T18:19:51.781153+00:00,2026-09-21T23:28:42.189510+00:00,2026-09-21T19:28:42.189510-04:00,2026-09-21T19:28:42.189510-04:00,propline_free_sample
2026-09-20,2026-09-20 20:10:00+00:00,Sandy Alcantara,3.5,under,-102,dabble,218703,San Diego Padres,Miami Marlins,2026-09-20T18:19:51.781153+00:00,2026-09-21T23:28:42.189510+00:00,2026-09-21T19:28:42.189510-04:00,2026-09-21T19:28:42.189510-04:00,propline_free_sample
2026-09-20,2026-09-20 20:10:00+00:00,Walker Buehler,4.5,under,-127,dabble,218703,San Diego Padres,Miami Marlins,2026-09-20T18:01:27.482844+00:00,2026-09-21T23:28:42.189510+00:00,2026-09-21T19:28:42.189510-04:00,2026-09-21T19:28:42.189510-04:00,propline_free_sample
2026-09-20,2026-09-20 20:10:00+00:00,Sandy Alcantara,1.5,over,-209,underdog,218703,San Diego Padres,Miami Marlins,2026-09-20T14:37:24.889746+00:00,2026-09-21T23:28:42.189510+00:00,2026-09-21T19:28:42.189510-04:00,2026-09-21T19:28:42.189510-04:00,propline_free_sample
2026-09-20,2026-09-20 20:10:00+00:00,Walker Buehler,6.5,over,-200,underdog,218703,San Diego Padres,Miami Marlins,2026-09-20T19:55:23.520122+00:00,2026-09-21T23:28:42.189510+00:00,2026-09-21T19:28:42.189510-04:00,2026-09-21T19:28:42.189510-04:00,propline_free_sample
2026-09-20,2026-09-20 20:10:00+00:00,Sandy Alcantara,1.5,under,139,underdog,218703,San Diego Padres,Miami Marlins,2026-09-20T14:37:24.889746+00:00,2026-09-21T23:28:42.189510+00:00,2026-09-21T19:28:42.189510-04:00,2026-09-21T19:28:42.189510-04:00,propline_free_sample
2026-09-20,2026-09-20 20:10:00+00:00,Walker Buehler,6.5,under,133,underdog,218703,San Diego Padres,Miami Marlins,2026-09-20T19:55:23.520122+00:00,2026-09-21T23:28:42.189510+00:00,2026-09-21T19:28:42.189510-04:00,2026-09-21T19:28:42.189510-04:00,propline_free_sample
2026-09-20,2026-09-20 20:10:00+00:00,Sandy Alcantara,3.5,over,-115,smarkets,218703,San Diego Padres,Miami Marlins,2026-09-20T18:20:22.780899+00:00,2026-09-21T23:28:42.189510+00:00,2026-09-21T19:28:42.189510-04:00,2026-09-21T19:28:42.189510-04:00,propline_free_sample
2026-09-20,2026-09-20 20:10:00+00:00,Sandy Alcantara,3.5,under,-120,smarkets,218703,San Diego Padres,Miami Marlins,2026-09-20T18:20:22.780899+00:00,2026-09-21T23:28:42.189510+00:00,2026-09-21T19:28:42.189510-04:00,2026-09-21T19:28:42.189510-04:00,propline_free_sample
2026-09-20,2026-09-20 20:10:00+00:00,Walker Buehler,3.5,over,-167,smarkets,218703,San Diego Padres,Miami Marlins,2026-09-20T06:47:20.494275+00:00,2026-09-21T23:28:42.189510+00:00,2026-09-21T19:28:42.189510-04:00,2026-09-21T19:28:42.189510-04:00,propline_free_sample
2026-09-20,2026-09-20 20:10:00+00:00,Walker Buehler,3.5,under,118,smarkets,218703,San Diego Padres,Miami Marlins,2026-09-20T06:47:20.494275+00:00,2026-09-21T23:28:42.189510+00:00,2026-09-21T19:28:42.189510-04:00,2026-09-21T19:28:42.189510-04:00,propline_free_sample
2026-09-20,2026-09-20 20:10:00+00:00,Walker Buehler,9.5,over,3000,hardrock,218703,San Diego Padres,Miami Marlins,2026-09-20T14:37:00.649850+00:00,2026-09-21T23:28:42.189510+00:00,2026-09-21T19:28:42.189510-04:00,2026-09-21T19:28:42.189510-04:00,propline_free_sample
2026-09-20,2026-09-20 20:10:00+00:00,Walker Buehler,9.5,under,-20000,hardrock,218703,San Diego Padres,Miami Marlins,2026-09-20T08:15:25.077234+00:00,2026-09-21T23:28:42.189510+00:00,2026-09-21T19:28:42.189510-04:00,2026-09-21T19:28:42.189510-04:00,propline_free_sample
2026-09-20,2026-09-20 20:10:00+00:00,Walker Buehler,4.5,over,106,smarkets,218703,San Diego Padres,Miami Marlins,2026-09-20T18:03:58.571811+00:00,2026-09-21T23:28:42.189510+00:00,2026-09-21T19:28:42.189510-04:00,2026-09-21T19:28:42.189510-04:00,propline_free_sample
2026-09-20,2026-09-20 20:10:00+00:00,Walker Buehler,4.5,under,-149,smarkets,218703,San Diego Padres,Miami Marlins,2026-09-20T18:03:58.571811+00:00,2026-09-21T23:28:42.189510+00:00,2026-09-21T19:28:42.189510-04:00,2026-09-21T19:28:42.189510-04:00,propline_free_sample
2026-09-20,2026-09-20 20:10:00+00:00,Corbin Burnes,3.5,over,-426,novig,218701,Arizona Diamondbacks,New York Yankees,2026-09-20T18:08:39.176094+00:00,2026-09-21T23:28:42.189510+00:00,2026-09-21T19:28:42.189510-04:00,2026-09-21T19:28:42.189510-04:00,propline_free_sample
2026-09-20,2026-09-20 20:10:00+00:00,Corbin Burnes,3.5,under,-99900,novig,218701,Arizona Diamondbacks,New York Yankees,2026-09-20T15:52:19.359763+00:00,2026-09-21T23:28:42.189510+00:00,2026-09-21T19:28:42.189510-04:00,2026-09-21T19:28:42.189510-04:00,propline_free_sample
2026-09-20,2026-09-20 20:10:00+00:00,Sandy Alcantara,2.5,over,285,polymarket_us,218703,San Diego Padres,Miami Marlins,2026-09-20T20:08:45.997226+00:00,2026-09-21T23:28:42.189510+00:00,2026-09-21T19:28:42.189510-04:00,2026-09-21T19:28:42.189510-04:00,propline_free_sample
2026-09-20,2026-09-20 20:10:00+00:00,Walker Buehler,2.5,over,-1567,polymarket_us,218703,San Diego Padres,Miami Marlins,2026-09-20T19:41:24.002766+00:00,2026-09-21T23:28:42.189510+00:00,2026-09-21T19:28:42.189510-04:00,2026-09-21T19:28:42.189510-04:00,propline_free_sample
2026-09-20,2026-09-20 20:10:00+00:00,Sandy Alcantara,1.5,over,-525,polymarket_us,218703,San Diego Padres,Miami Marlins,2026-09-20T20:07:02.842136+00:00,2026-09-21T23:28:42.189510+00:00,2026-09-21T19:28:42.189510-04:00,2026-09-21T19:28:42.189510-04:00,propline_free_sample
2026-09-20,2026-09-20 20:10:00+00:00,Will Warren,7.5,under,-1900,polymarket_us,218701,Arizona Diamondbacks,New York Yankees,2026-09-20T18:56:19.959769+00:00,2026-09-21T23:28:42.189510+00:00,2026-09-21T19:28:42.189510-04:00,2026-09-21T19:28:42.189510-04:00,propline_free_sample
2026-09-20,2026-09-20 20:10:00+00:00,Matt Wilkinson,2.5,over,-125,smarkets,218702,Los Angeles Dodgers,San Francisco Giants,2026-09-20T18:41:48.161165+00:00,2026-09-21T23:28:42.189510+00:00,2026-09-21T19:28:42.189510-04:00,2026-09-21T19:28:42.189510-04:00,propline_free_sample
2026-09-20,2026-09-20 20:10:00+00:00,Matt Wilkinson,2.5,under,-111,smarkets,218702,Los Angeles Dodgers,San Francisco Giants,2026-09-20T18:41:48.161165+00:00,2026-09-21T23:28:42.189510+00:00,2026-09-21T19:28:42.189510-04:00,2026-09-21T19:28:42.189510-04:00,propline_free_sample
2026-09-20,2026-09-20 20:10:00+00:00,Walker Buehler,6.5,under,-285,polymarket_us,218703,San Diego Padres,Miami Marlins,2026-09-20T20:07:02.842136+00:00,2026-09-21T23:28:42.189510+00:00,2026-09-21T19:28:42.189510-04:00,2026-09-21T19:28:42.189510-04:00,propline_free_sample
2026-09-20,2026-09-20 20:10:00+00:00,Walker Buehler,7.5,under,-900,polymarket_us,218703,San Diego Padres,Miami Marlins,2026-09-20T20:05:10.571848+00:00,2026-09-21T23:28:42.189510+00:00,2026-09-21T19:28:42.189510-04:00,2026-09-21T19:28:42.189510-04:00,propline_free_sample
2026-09-20,2026-09-20 20:10:00+00:00,Walker Buehler,4.5,over,-104,draftkings,218703,San Diego Padres,Miami Marlins,2026-09-20T17:57:55.338268+00:00,2026-09-21T23:28:42.189510+00:00,2026-09-21T19:28:42.189510-04:00,2026-09-21T19:28:42.189510-04:00,propline_free_sample
2026-09-20,2026-09-20 20:10:00+00:00,Walker Buehler,4.5,under,-123,draftkings,218703,San Diego Padres,Miami Marlins,2026-09-20T17:57:55.338268+00:00,2026-09-21T23:28:42.189510+00:00,2026-09-21T19:28:42.189510-04:00,2026-09-21T19:28:42.189510-04:00,propline_free_sample
2026-09-20,2026-09-20 20:10:00+00:00,Walker Buehler,4.5,over,105,onexbet,218703,San Diego Padres,Miami Marlins,2026-09-20T18:55:47.441185+00:00,2026-09-21T23:28:42.189510+00:00,2026-09-21T19:28:42.189510-04:00,2026-09-21T19:28:42.189510-04:00,propline_free_sample
2026-09-20,2026-09-20 20:10:00+00:00,Walker Buehler,4.5,under,-140,onexbet,218703,San Diego Padres,Miami Marlins,2026-09-20T18:55:47.441185+00:00,2026-09-21T23:28:42.189510+00:00,2026-09-21T19:28:42.189510-04:00,2026-09-21T19:28:42.189510-04:00,propline_free_sample
2026-09-20,2026-09-20 20:10:00+00:00,Sandy Alcantara,3.5,over,-134,draftkings,218703,San Diego Padres,Miami Marlins,2026-09-20T17:58:19.804151+00:00,2026-09-21T23:28:42.189510+00:00,2026-09-21T19:28:42.189510-04:00,2026-09-21T19:28:42.189510-04:00,propline_free_sample
2026-09-20,2026-09-20 20:10:00+00:00,Sandy Alcantara,3.5,under,105,draftkings,218703,San Diego Padres,Miami Marlins,2026-09-20T17:58:19.804151+00:00,2026-09-21T23:28:42.189510+00:00,2026-09-21T19:28:42.189510-04:00,2026-09-21T19:28:42.189510-04:00,propline_free_sample
2026-09-20,2026-09-20 20:10:00+00:00,Sandy Alcantara,3.5,over,-130,onexbet,218703,San Diego Padres,Miami Marlins,2026-09-20T18:55:47.441185+00:00,2026-09-21T23:28:42.189510+00:00,2026-09-21T19:28:42.189510-04:00,2026-09-21T19:28:42.189510-04:00,propline_free_sample
2026-09-20,2026-09-20 20:10:00+00:00,Sandy Alcantara,3.5,under,-105,onexbet,218703,San Diego Padres,Miami Marlins,2026-09-20T18:55:47.441185+00:00,2026-09-21T23:28:42.189510+00:00,2026-09-21T19:28:42.189510-04:00,2026-09-21T19:28:42.189510-04:00,propline_free_sample
2026-09-20,2026-09-20 20:10:00+00:00,Sandy Alcantara,1.5,over,-4900,kalshi,218703,San Diego Padres,Miami Marlins,2026-09-20T13:23:30.361467+00:00,2026-09-21T23:28:42.189510+00:00,2026-09-21T19:28:42.189510-04:00,2026-09-21T19:28:42.189510-04:00,propline_free_sample
2026-09-20,2026-09-20 20:10:00+00:00,Walker Buehler,1.5,over,-9900,kalshi,218703,San Diego Padres,Miami Marlins,2026-09-20T20:00:54.111697+00:00,2026-09-21T23:28:42.189510+00:00,2026-09-21T19:28:42.189510-04:00,2026-09-21T19:28:42.189510-04:00,propline_free_sample
2026-09-20,2026-09-20 20:10:00+00:00,Walker Buehler,1.5,under,9900,kalshi,218703,San Diego Padres,Miami Marlins,2026-09-20T20:05:22.036581+00:00,2026-09-21T23:28:42.189510+00:00,2026-09-21T19:28:42.189510-04:00,2026-09-21T19:28:42.189510-04:00,propline_free_sample
2026-09-20,2026-09-20 20:10:00+00:00,Sandy Alcantara,2.5,over,-4900,kalshi,218703,San Diego Padres,Miami Marlins,2026-09-20T18:33:46.515957+00:00,2026-09-21T23:28:42.189510+00:00,2026-09-21T19:28:42.189510-04:00,2026-09-21T19:28:42.189510-04:00,propline_free_sample
2026-09-20,2026-09-20 20:10:00+00:00,Walker Buehler,2.5,over,-809,kalshi,218703,San Diego Padres,Miami Marlins,2026-09-20T18:21:20.742819+00:00,2026-09-21T23:28:42.189510+00:00,2026-09-21T19:28:42.189510-04:00,2026-09-21T19:28:42.189510-04:00,propline_free_sample
2026-09-20,2026-09-20 20:10:00+00:00,Sandy Alcantara,3.5,over,9900,kalshi,218703,San Diego Padres,Miami Marlins,2026-09-20T17:07:32.814675+00:00,2026-09-21T23:28:42.189510+00:00,2026-09-21T19:28:42.189510-04:00,2026-09-21T19:28:42.189510-04:00,propline_free_sample
2026-09-20,2026-09-20 20:10:00+00:00,Walker Buehler,3.5,over,-4900,kalshi,218703,San Diego Padres,Miami Marlins,2026-09-20T19:00:12.581447+00:00,2026-09-21T23:28:42.189510+00:00,2026-09-21T19:28:42.189510-04:00,2026-09-21T19:28:42.189510-04:00,propline_free_sample
2026-09-20,2026-09-20 20:10:00+00:00,Sandy Alcantara,4.5,over,9900,kalshi,218703,San Diego Padres,Miami Marlins,2026-09-20T18:31:17.692185+00:00,2026-09-21T23:28:42.189510+00:00,2026-09-21T19:28:42.189510-04:00,2026-09-21T19:28:42.189510-04:00,propline_free_sample
2026-09-20,2026-09-20 20:10:00+00:00,Walker Buehler,4.5,over,-3233,kalshi,218703,San Diego Padres,Miami Marlins,2026-09-20T18:03:07.935833+00:00,2026-09-21T23:28:42.189510+00:00,2026-09-21T19:28:42.189510-04:00,2026-09-21T19:28:42.189510-04:00,propline_free_sample
2026-09-20,2026-09-20 20:10:00+00:00,Sandy Alcantara,5.5,over,9900,kalshi,218703,San Diego Padres,Miami Marlins,2026-09-20T18:35:48.384152+00:00,2026-09-21T23:28:42.189510+00:00,2026-09-21T19:28:42.189510-04:00,2026-09-21T19:28:42.189510-04:00,propline_free_sample
2026-09-20,2026-09-20 20:10:00+00:00,Walker Buehler,5.5,over,-456,kalshi,218703,San Diego Padres,Miami Marlins,2026-09-20T19:21:43.966632+00:00,2026-09-21T23:28:42.189510+00:00,2026-09-21T19:28:42.189510-04:00,2026-09-21T19:28:42.189510-04:00,propline_free_sample
2026-09-20,2026-09-20 20:10:00+00:00,Sandy Alcantara,5.5,under,-9900,kalshi,218703,San Diego Padres,Miami Marlins,2026-09-20T20:07:58.569297+00:00,2026-09-21T23:28:42.189510+00:00,2026-09-21T19:28:42.189510-04:00,2026-09-21T19:28:42.189510-04:00,propline_free_sample
2026-09-20,2026-09-20 20:10:00+00:00,Sandy Alcantara,6.5,over,9900,kalshi,218703,San Diego Padres,Miami Marlins,2026-09-20T18:14:27.716732+00:00,2026-09-21T23:28:42.189510+00:00,2026-09-21T19:28:42.189510-04:00,2026-09-21T19:28:42.189510-04:00,propline_free_sample
2026-09-20,2026-09-20 20:10:00+00:00,Walker Buehler,6.5,over,9900,kalshi,218703,San Diego Padres,Miami Marlins,2026-09-20T20:08:50.053140+00:00,2026-09-21T23:28:42.189510+00:00,2026-09-21T19:28:42.189510-04:00,2026-09-21T19:28:42.189510-04:00,propline_free_sample
2026-09-20,2026-09-20 20:10:00+00:00,Walker Buehler,7.5,over,9900,kalshi,218703,San Diego Padres,Miami Marlins,2026-09-20T20:08:50.053140+00:00,2026-09-21T23:28:42.189510+00:00,2026-09-21T19:28:42.189510-04:00,2026-09-21T19:28:42.189510-04:00,propline_free_sample
2026-09-20,2026-09-20 20:10:00+00:00,Sandy Alcantara,2.5,under,9900,kalshi,218703,San Diego Padres,Miami Marlins,2026-09-20T20:05:22.036581+00:00,2026-09-21T23:28:42.189510+00:00,2026-09-21T19:28:42.189510-04:00,2026-09-21T19:28:42.189510-04:00,propline_free_sample
2026-09-20,2026-09-20 20:10:00+00:00,Walker Buehler,2.5,under,9900,kalshi,218703,San Diego Padres,Miami Marlins,2026-09-20T20:08:50.053140+00:00,2026-09-21T23:28:42.189510+00:00,2026-09-21T19:28:42.189510-04:00,2026-09-21T19:28:42.189510-04:00,propline_free_sample
2026-09-20,2026-09-20 20:10:00+00:00,Sandy Alcantara,3.5,under,-1150,kalshi,218703,San Diego Padres,Miami Marlins,2026-09-20T20:08:50.053140+00:00,2026-09-21T23:28:42.189510+00:00,2026-09-21T19:28:42.189510-04:00,2026-09-21T19:28:42.189510-04:00,propline_free_sample
2026-09-20,2026-09-20 20:10:00+00:00,Walker Buehler,3.5,under,9900,kalshi,218703,San Diego Padres,Miami Marlins,2026-09-20T20:08:50.053140+00:00,2026-09-21T23:28:42.189510+00:00,2026-09-21T19:28:42.189510-04:00,2026-09-21T19:28:42.189510-04:00,propline_free_sample
2026-09-20,2026-09-20 20:10:00+00:00,Sandy Alcantara,4.5,under,-4900,kalshi,218703,San Diego Padres,Miami Marlins,2026-09-20T20:05:22.036581+00:00,2026-09-21T23:28:42.189510+00:00,2026-09-21T19:28:42.189510-04:00,2026-09-21T19:28:42.189510-04:00,propline_free_sample
2026-09-20,2026-09-20 20:10:00+00:00,Walker Buehler,4.5,under,9900,kalshi,218703,San Diego Padres,Miami Marlins,2026-09-20T20:05:22.036581+00:00,2026-09-21T23:28:42.189510+00:00,2026-09-21T19:28:42.189510-04:00,2026-09-21T19:28:42.189510-04:00,propline_free_sample
2026-09-20,2026-09-20 20:10:00+00:00,Sandy Alcantara,6.5,under,-1011,polymarket_us,218703,San Diego Padres,Miami Marlins,2026-09-20T19:35:16.862233+00:00,2026-09-21T23:28:42.189510+00:00,2026-09-21T19:28:42.189510-04:00,2026-09-21T19:28:42.189510-04:00,propline_free_sample
2026-09-20,2026-09-20 20:10:00+00:00,Walker Buehler,5.5,under,9900,kalshi,218703,San Diego Padres,Miami Marlins,2026-09-20T19:42:00.478588+00:00,2026-09-21T23:28:42.189510+00:00,2026-09-21T19:28:42.189510-04:00,2026-09-21T19:28:42.189510-04:00,propline_free_sample
2026-09-20,2026-09-20 20:10:00+00:00,Sandy Alcantara,1.5,under,9900,kalshi,218703,San Diego Padres,Miami Marlins,2026-09-20T18:09:31.238334+00:00,2026-09-21T23:28:42.189510+00:00,2026-09-21T19:28:42.189510-04:00,2026-09-21T19:28:42.189510-04:00,propline_free_sample
2026-09-20,2026-09-20 20:10:00+00:00,Walker Buehler,6.5,under,-525,kalshi,218703,San Diego Padres,Miami Marlins,2026-09-20T20:08:50.053140+00:00,2026-09-21T23:28:42.189510+00:00,2026-09-21T19:28:42.189510-04:00,2026-09-21T19:28:42.189510-04:00,propline_free_sample
2026-09-20,2026-09-20 20:10:00+00:00,Sandy Alcantara,2.5,over,145,betmgm,218703,San Diego Padres,Miami Marlins,2026-09-20T18:03:59.430131+00:00,2026-09-21T23:28:42.189510+00:00,2026-09-21T19:28:42.189510-04:00,2026-09-21T19:28:42.189510-04:00,propline_free_sample
2026-09-20,2026-09-20 20:10:00+00:00,Sandy Alcantara,2.5,under,-200,betmgm,218703,San Diego Padres,Miami Marlins,2026-09-20T18:03:59.430131+00:00,2026-09-21T23:28:42.189510+00:00,2026-09-21T19:28:42.189510-04:00,2026-09-21T19:28:42.189510-04:00,propline_free_sample
2026-09-20,2026-09-20 20:10:00+00:00,Walker Buehler,3.5,over,-135,betmgm,218703,San Diego Padres,Miami Marlins,2026-09-20T18:03:59.430131+00:00,2026-09-21T23:28:42.189510+00:00,2026-09-21T19:28:42.189510-04:00,2026-09-21T19:28:42.189510-04:00,propline_free_sample
2026-09-20,2026-09-20 20:10:00+00:00,Walker Buehler,3.5,under,100,betmgm,218703,San Diego Padres,Miami Marlins,2026-09-20T18:03:59.430131+00:00,2026-09-21T23:28:42.189510+00:00,2026-09-21T19:28:42.189510-04:00,2026-09-21T19:28:42.189510-04:00,propline_free_sample
2026-09-20,2026-09-20 20:10:00+00:00,Walker Buehler,4.5,over,144,polymarket_us,218703,San Diego Padres,Miami Marlins,2026-09-20T18:11:15.461349+00:00,2026-09-21T23:28:42.189510+00:00,2026-09-21T19:28:42.189510-04:00,2026-09-21T19:28:42.189510-04:00,propline_free_sample
2026-09-20,2026-09-20 20:10:00+00:00,Walker Buehler,4.5,under,9900,polymarket_us,218703,San Diego Padres,Miami Marlins,2026-09-20T18:11:15.461349+00:00,2026-09-21T23:28:42.189510+00:00,2026-09-21T19:28:42.189510-04:00,2026-09-21T19:28:42.189510-04:00,propline_free_sample
2026-09-20,2026-09-20 20:10:00+00:00,Sandy Alcantara,2.5,over,-456,novig,218703,San Diego Padres,Miami Marlins,2026-09-20T19:23:07.779320+00:00,2026-09-21T23:28:42.189510+00:00,2026-09-21T19:28:42.189510-04:00,2026-09-21T19:28:42.189510-04:00,propline_free_sample
2026-09-20,2026-09-20 20:10:00+00:00,Sandy Alcantara,2.5,under,-99900,novig,218703,San Diego Padres,Miami Marlins,2026-09-20T19:24:36.194617+00:00,2026-09-21T23:28:42.189510+00:00,2026-09-21T19:28:42.189510-04:00,2026-09-21T19:28:42.189510-04:00,propline_free_sample
2026-09-20,2026-09-20 20:10:00+00:00,Walker Buehler,2.5,over,-99900,novig,218703,San Diego Padres,Miami Marlins,2026-09-20T18:37:04.217602+00:00,2026-09-21T23:28:42.189510+00:00,2026-09-21T19:28:42.189510-04:00,2026-09-21T19:28:42.189510-04:00,propline_free_sample
2026-09-20,2026-09-20 20:10:00+00:00,Walker Buehler,2.5,under,-308,novig,218703,San Diego Padres,Miami Marlins,2026-09-20T16:39:58.258357+00:00,2026-09-21T23:28:42.189510+00:00,2026-09-21T19:28:42.189510-04:00,2026-09-21T19:28:42.189510-04:00,propline_free_sample
2026-09-20,2026-09-20 20:10:00+00:00,Corbin Burnes,3.5,over,-150,betmgm,218701,Arizona Diamondbacks,New York Yankees,2026-09-20T18:41:59.100432+00:00,2026-09-21T23:28:42.189510+00:00,2026-09-21T19:28:42.189510-04:00,2026-09-21T19:28:42.189510-04:00,propline_free_sample
2026-09-20,2026-09-20 20:10:00+00:00,Corbin Burnes,3.5,under,110,betmgm,218701,Arizona Diamondbacks,New York Yankees,2026-09-20T18:41:59.100432+00:00,2026-09-21T23:28:42.189510+00:00,2026-09-21T19:28:42.189510-04:00,2026-09-21T19:28:42.189510-04:00,propline_free_sample
2026-09-20,2026-09-20 20:10:00+00:00,Will Warren,4.5,over,-135,betmgm,218701,Arizona Diamondbacks,New York Yankees,2026-09-20T19:13:43.651748+00:00,2026-09-21T23:28:42.189510+00:00,2026-09-21T19:28:42.189510-04:00,2026-09-21T19:28:42.189510-04:00,propline_free_sample
2026-09-20,2026-09-20 20:10:00+00:00,Will Warren,4.5,under,100,betmgm,218701,Arizona Diamondbacks,New York Yankees,2026-09-20T19:13:43.651748+00:00,2026-09-21T23:28:42.189510+00:00,2026-09-21T19:28:42.189510-04:00,2026-09-21T19:28:42.189510-04:00,propline_free_sample
2026-09-20,2026-09-20 20:10:00+00:00,Sandy Alcantara,6.5,under,-1900,kalshi,218703,San Diego Padres,Miami Marlins,2026-09-20T20:08:50.053140+00:00,2026-09-21T23:28:42.189510+00:00,2026-09-21T19:28:42.189510-04:00,2026-09-21T19:28:42.189510-04:00,propline_free_sample
2026-09-20,2026-09-20 20:10:00+00:00,Walker Buehler,4.5,over,-456,novig,218703,San Diego Padres,Miami Marlins,2026-09-20T18:20:33.407958+00:00,2026-09-21T23:28:42.189510+00:00,2026-09-21T19:28:42.189510-04:00,2026-09-21T19:28:42.189510-04:00,propline_free_sample
2026-09-20,2026-09-20 20:10:00+00:00,Walker Buehler,4.5,under,-99900,novig,218703,San Diego Padres,Miami Marlins,2026-09-20T18:08:39.619329+00:00,2026-09-21T23:28:42.189510+00:00,2026-09-21T19:28:42.189510-04:00,2026-09-21T19:28:42.189510-04:00,propline_free_sample
2026-09-20,2026-09-20 20:10:00+00:00,Walker Buehler,4.0,over,100,prizepicks,218703,San Diego Padres,Miami Marlins,2026-09-20T11:23:07.976535+00:00,2026-09-21T23:28:42.189510+00:00,2026-09-21T19:28:42.189510-04:00,2026-09-21T19:28:42.189510-04:00,propline_free_sample
2026-09-20,2026-09-20 20:10:00+00:00,Walker Buehler,4.0,under,100,prizepicks,218703,San Diego Padres,Miami Marlins,2026-09-20T11:23:07.976535+00:00,2026-09-21T23:28:42.189510+00:00,2026-09-21T19:28:42.189510-04:00,2026-09-21T19:28:42.189510-04:00,propline_free_sample
2026-09-20,2026-09-20 20:10:00+00:00,Corbin Burnes,5.5,over,178,novig,218701,Arizona Diamondbacks,New York Yankees,2026-09-20T19:57:58.675321+00:00,2026-09-21T23:28:42.189510+00:00,2026-09-21T19:28:42.189510-04:00,2026-09-21T19:28:42.189510-04:00,propline_free_sample
2026-09-20,2026-09-20 20:10:00+00:00,Corbin Burnes,5.5,under,-251,novig,218701,Arizona Diamondbacks,New York Yankees,2026-09-20T12:09:51.257338+00:00,2026-09-21T23:28:42.189510+00:00,2026-09-21T19:28:42.189510-04:00,2026-09-21T19:28:42.189510-04:00,propline_free_sample
2026-09-20,2026-09-20 20:10:00+00:00,Sandy Alcantara,4.5,over,-182,novig,218703,San Diego Padres,Miami Marlins,2026-09-20T19:24:36.194617+00:00,2026-09-21T23:28:42.189510+00:00,2026-09-21T19:28:42.189510-04:00,2026-09-21T19:28:42.189510-04:00,propline_free_sample
2026-09-20,2026-09-20 20:10:00+00:00,Sandy Alcantara,4.5,under,-99900,novig,218703,San Diego Padres,Miami Marlins,2026-09-20T16:20:05.960557+00:00,2026-09-21T23:28:42.189510+00:00,2026-09-21T19:28:42.189510-04:00,2026-09-21T19:28:42.189510-04:00,propline_free_sample
2026-09-20,2026-09-20 20:10:00+00:00,Will Warren,5.5,over,257,novig,218701,Arizona Diamondbacks,New York Yankees,2026-09-20T18:55:49.745646+00:00,2026-09-21T23:28:42.189510+00:00,2026-09-21T19:28:42.189510-04:00,2026-09-21T19:28:42.189510-04:00,propline_free_sample
2026-09-20,2026-09-20 20:10:00+00:00,Will Warren,5.5,under,-376,novig,218701,Arizona Diamondbacks,New York Yankees,2026-09-20T17:57:58.090647+00:00,2026-09-21T23:28:42.189510+00:00,2026-09-21T19:28:42.189510-04:00,2026-09-21T19:28:42.189510-04:00,propline_free_sample
2026-09-20,2026-09-20 20:10:00+00:00,Matt Wilkinson,2.5,over,103,draftkings,218702,Los Angeles Dodgers,San Francisco Giants,2026-09-20T18:17:23.866762+00:00,2026-09-21T23:28:42.189510+00:00,2026-09-21T19:28:42.189510-04:00,2026-09-21T19:28:42.189510-04:00,propline_free_sample
2026-09-20,2026-09-20 20:10:00+00:00,Matt Wilkinson,2.5,under,-131,draftkings,218702,Los Angeles Dodgers,San Francisco Giants,2026-09-20T18:17:23.866762+00:00,2026-09-21T23:28:42.189510+00:00,2026-09-21T19:28:42.189510-04:00,2026-09-21T19:28:42.189510-04:00,propline_free_sample
2026-09-20,2026-09-20 20:10:00+00:00,Matt Wilkinson,0.5,over,-1300,hardrock,218702,Los Angeles Dodgers,San Francisco Giants,2026-09-20T18:09:22.683046+00:00,2026-09-21T23:28:42.189510+00:00,2026-09-21T19:28:42.189510-04:00,2026-09-21T19:28:42.189510-04:00,propline_free_sample
2026-09-20,2026-09-20 20:10:00+00:00,Matt Wilkinson,0.5,under,500,hardrock,218702,Los Angeles Dodgers,San Francisco Giants,2026-09-20T18:09:22.683046+00:00,2026-09-21T23:28:42.189510+00:00,2026-09-21T19:28:42.189510-04:00,2026-09-21T19:28:42.189510-04:00,propline_free_sample
2026-09-20,2026-09-20 20:10:00+00:00,Matt Wilkinson,1.5,over,-800,hardrock,218702,Los Angeles Dodgers,San Francisco Giants,2026-09-20T18:09:22.683046+00:00,2026-09-21T23:28:42.189510+00:00,2026-09-21T19:28:42.189510-04:00,2026-09-21T19:28:42.189510-04:00,propline_free_sample
2026-09-20,2026-09-20 20:10:00+00:00,Matt Wilkinson,1.5,under,400,hardrock,218702,Los Angeles Dodgers,San Francisco Giants,2026-09-20T18:09:22.683046+00:00,2026-09-21T23:28:42.189510+00:00,2026-09-21T19:28:42.189510-04:00,2026-09-21T19:28:42.189510-04:00,propline_free_sample
2026-09-20,2026-09-20 20:10:00+00:00,Matt Wilkinson,2.5,over,-140,hardrock,218702,Los Angeles Dodgers,San Francisco Giants,2026-09-20T18:09:22.683046+00:00,2026-09-21T23:28:42.189510+00:00,2026-09-21T19:28:42.189510-04:00,2026-09-21T19:28:42.189510-04:00,propline_free_sample
2026-09-20,2026-09-20 20:10:00+00:00,Matt Wilkinson,2.5,under,-105,hardrock,218702,Los Angeles Dodgers,San Francisco Giants,2026-09-20T18:09:22.683046+00:00,2026-09-21T23:28:42.189510+00:00,2026-09-21T19:28:42.189510-04:00,2026-09-21T19:28:42.189510-04:00,propline_free_sample
2026-09-20,2026-09-20 20:10:00+00:00,Matt Wilkinson,3.5,over,230,hardrock,218702,Los Angeles Dodgers,San Francisco Giants,2026-09-20T18:09:22.683046+00:00,2026-09-21T23:28:42.189510+00:00,2026-09-21T19:28:42.189510-04:00,2026-09-21T19:28:42.189510-04:00,propline_free_sample
2026-09-20,2026-09-20 20:10:00+00:00,Matt Wilkinson,3.5,under,-400,hardrock,218702,Los Angeles Dodgers,San Francisco Giants,2026-09-20T18:09:22.683046+00:00,2026-09-21T23:28:42.189510+00:00,2026-09-21T19:28:42.189510-04:00,2026-09-21T19:28:42.189510-04:00,propline_free_sample
2026-09-20,2026-09-20 20:10:00+00:00,Matt Wilkinson,4.5,over,700,hardrock,218702,Los Angeles Dodgers,San Francisco Giants,2026-09-20T18:09:22.683046+00:00,2026-09-21T23:28:42.189510+00:00,2026-09-21T19:28:42.189510-04:00,2026-09-21T19:28:42.189510-04:00,propline_free_sample
2026-09-20,2026-09-20 20:10:00+00:00,Matt Wilkinson,4.5,under,-3000,hardrock,218702,Los Angeles Dodgers,San Francisco Giants,2026-09-20T18:09:22.683046+00:00,2026-09-21T23:28:42.189510+00:00,2026-09-21T19:28:42.189510-04:00,2026-09-21T19:28:42.189510-04:00,propline_free_sample
2026-09-20,2026-09-20 20:10:00+00:00,Matt Wilkinson,5.5,over,3000,hardrock,218702,Los Angeles Dodgers,San Francisco Giants,2026-09-20T18:09:22.683046+00:00,2026-09-21T23:28:42.189510+00:00,2026-09-21T19:28:42.189510-04:00,2026-09-21T19:28:42.189510-04:00,propline_free_sample
2026-09-20,2026-09-20 20:10:00+00:00,Matt Wilkinson,5.5,under,-20000,hardrock,218702,Los Angeles Dodgers,San Francisco Giants,2026-09-20T18:09:22.683046+00:00,2026-09-21T23:28:42.189510+00:00,2026-09-21T19:28:42.189510-04:00,2026-09-21T19:28:42.189510-04:00,propline_free_sample
2026-09-20,2026-09-20 20:10:00+00:00,Matt Wilkinson,6.5,over,5000,hardrock,218702,Los Angeles Dodgers,San Francisco Giants,2026-09-20T12:20:19.494103+00:00,2026-09-21T23:28:42.189510+00:00,2026-09-21T19:28:42.189510-04:00,2026-09-21T19:28:42.189510-04:00,propline_free_sample
2026-09-20,2026-09-20 20:10:00+00:00,Matt Wilkinson,6.5,under,-50000,hardrock,218702,Los Angeles Dodgers,San Francisco Giants,2026-09-20T16:46:12.034216+00:00,2026-09-21T23:28:42.189510+00:00,2026-09-21T19:28:42.189510-04:00,2026-09-21T19:28:42.189510-04:00,propline_free_sample
2026-09-20,2026-09-20 20:10:00+00:00,Matt Wilkinson,2.5,over,-109,sleeper,218702,Los Angeles Dodgers,San Francisco Giants,2026-09-20T18:08:08.677153+00:00,2026-09-21T23:28:42.189510+00:00,2026-09-21T19:28:42.189510-04:00,2026-09-21T19:28:42.189510-04:00,propline_free_sample
2026-09-20,2026-09-20 20:10:00+00:00,Matt Wilkinson,2.5,under,-152,sleeper,218702,Los Angeles Dodgers,San Francisco Giants,2026-09-20T18:08:08.677153+00:00,2026-09-21T23:28:42.189510+00:00,2026-09-21T19:28:42.189510-04:00,2026-09-21T19:28:42.189510-04:00,propline_free_sample
2026-09-20,2026-09-20 20:10:00+00:00,Matt Wilkinson,0.5,over,-3233,kalshi,218702,Los Angeles Dodgers,San Francisco Giants,2026-09-20T18:18:52.629980+00:00,2026-09-21T23:28:42.189510+00:00,2026-09-21T19:28:42.189510-04:00,2026-09-21T19:28:42.189510-04:00,propline_free_sample
2026-09-20,2026-09-20 20:10:00+00:00,Matt Wilkinson,0.5,under,9900,kalshi,218702,Los Angeles Dodgers,San Francisco Giants,2026-09-20T20:05:22.401315+00:00,2026-09-21T23:28:42.189510+00:00,2026-09-21T19:28:42.189510-04:00,2026-09-21T19:28:42.189510-04:00,propline_free_sample
2026-09-20,2026-09-20 20:10:00+00:00,Matt Wilkinson,1.5,over,-9900,kalshi,218702,Los Angeles Dodgers,San Francisco Giants,2026-09-20T19:50:16.188135+00:00,2026-09-21T23:28:42.189510+00:00,2026-09-21T19:28:42.189510-04:00,2026-09-21T19:28:42.189510-04:00,propline_free_sample
2026-09-20,2026-09-20 20:10:00+00:00,Matt Wilkinson,1.5,under,9900,kalshi,218702,Los Angeles Dodgers,San Francisco Giants,2026-09-20T19:50:16.188135+00:00,2026-09-21T23:28:42.189510+00:00,2026-09-21T19:28:42.189510-04:00,2026-09-21T19:28:42.189510-04:00,propline_free_sample
2026-09-20,2026-09-20 20:10:00+00:00,Matt Wilkinson,2.5,over,-9900,kalshi,218702,Los Angeles Dodgers,San Francisco Giants,2026-09-20T20:09:17.306708+00:00,2026-09-21T23:28:42.189510+00:00,2026-09-21T19:28:42.189510-04:00,2026-09-21T19:28:42.189510-04:00,propline_free_sample
