date,commence_time_utc,pitcher_name,line,side,price,sportsbook,event_id,home_team,away_team,vendor_snapshot_time,collected_at_utc,collected_at_et,snapshot_time_et,source
2026-08-27,2026-08-27 18:15:00+00:00,Trevor Rogers,4.5,over,-110,dabble,168339,St. Louis Cardinals,Baltimore Orioles,2026-08-27T18:11:59.254584+00:00,2026-08-27T23:52:12.362143+00:00,2026-08-27T19:52:12.362143-04:00,2026-08-27T19:52:12.362143-04:00,propline_free_sample
2026-08-27,2026-08-27 18:15:00+00:00,Trevor Rogers,4.5,under,111,dabble,168339,St. Louis Cardinals,Baltimore Orioles,2026-08-27T18:11:59.254584+00:00,2026-08-27T23:52:12.362143+00:00,2026-08-27T19:52:12.362143-04:00,2026-08-27T19:52:12.362143-04:00,propline_free_sample
2026-08-27,2026-08-27 18:15:00+00:00,Trevor Rogers,4.5,over,-164,smarkets,168339,St. Louis Cardinals,Baltimore Orioles,2026-08-27T15:21:20.700629+00:00,2026-08-27T23:52:12.362143+00:00,2026-08-27T19:52:12.362143-04:00,2026-08-27T19:52:12.362143-04:00,propline_free_sample
2026-08-27,2026-08-27 18:15:00+00:00,Trevor Rogers,4.5,under,116,smarkets,168339,St. Louis Cardinals,Baltimore Orioles,2026-08-27T15:21:20.700629+00:00,2026-08-27T23:52:12.362143+00:00,2026-08-27T19:52:12.362143-04:00,2026-08-27T19:52:12.362143-04:00,propline_free_sample
2026-08-27,2026-08-27 18:15:00+00:00,Trevor Rogers,4.5,over,-129,underdog,168339,St. Louis Cardinals,Baltimore Orioles,2026-08-27T16:49:48.462260+00:00,2026-08-27T23:52:12.362143+00:00,2026-08-27T19:52:12.362143-04:00,2026-08-27T19:52:12.362143-04:00,propline_free_sample
2026-08-27,2026-08-27 18:15:00+00:00,Trevor Rogers,4.5,under,-106,underdog,168339,St. Louis Cardinals,Baltimore Orioles,2026-08-27T16:49:48.462260+00:00,2026-08-27T23:52:12.362143+00:00,2026-08-27T19:52:12.362143-04:00,2026-08-27T19:52:12.362143-04:00,propline_free_sample
2026-08-27,2026-08-27 18:15:00+00:00,Trevor Rogers,4.5,over,100,prizepicks,168339,St. Louis Cardinals,Baltimore Orioles,2026-08-27T16:01:56.256189+00:00,2026-08-27T23:52:12.362143+00:00,2026-08-27T19:52:12.362143-04:00,2026-08-27T19:52:12.362143-04:00,propline_free_sample
2026-08-27,2026-08-27 18:15:00+00:00,Trevor Rogers,4.5,under,100,prizepicks,168339,St. Louis Cardinals,Baltimore Orioles,2026-08-27T16:01:56.256189+00:00,2026-08-27T23:52:12.362143+00:00,2026-08-27T19:52:12.362143-04:00,2026-08-27T19:52:12.362143-04:00,propline_free_sample
2026-08-27,2026-08-27 18:15:00+00:00,Trevor Rogers,6.5,over,100,prizepicks,168339,St. Louis Cardinals,Baltimore Orioles,2026-08-27T03:31:56.366144+00:00,2026-08-27T23:52:12.362143+00:00,2026-08-27T19:52:12.362143-04:00,2026-08-27T19:52:12.362143-04:00,propline_free_sample
2026-08-27,2026-08-27 18:15:00+00:00,Trevor Rogers,6.5,under,100,prizepicks,168339,St. Louis Cardinals,Baltimore Orioles,2026-08-27T03:31:56.366144+00:00,2026-08-27T23:52:12.362143+00:00,2026-08-27T19:52:12.362143-04:00,2026-08-27T19:52:12.362143-04:00,propline_free_sample
2026-08-27,2026-08-27 18:15:00+00:00,Trevor Rogers,3.5,over,100,prizepicks,168339,St. Louis Cardinals,Baltimore Orioles,2026-08-27T03:31:56.366144+00:00,2026-08-27T23:52:12.362143+00:00,2026-08-27T19:52:12.362143-04:00,2026-08-27T19:52:12.362143-04:00,propline_free_sample
2026-08-27,2026-08-27 18:15:00+00:00,Trevor Rogers,3.5,under,100,prizepicks,168339,St. Louis Cardinals,Baltimore Orioles,2026-08-27T03:31:56.366144+00:00,2026-08-27T23:52:12.362143+00:00,2026-08-27T19:52:12.362143-04:00,2026-08-27T19:52:12.362143-04:00,propline_free_sample
2026-08-27,2026-08-27 18:15:00+00:00,Trevor Rogers,4.5,over,100,prizepicks,168339,St. Louis Cardinals,Baltimore Orioles,2026-08-27T03:31:56.366144+00:00,2026-08-27T23:52:12.362143+00:00,2026-08-27T19:52:12.362143-04:00,2026-08-27T19:52:12.362143-04:00,propline_free_sample
2026-08-27,2026-08-27 18:15:00+00:00,Trevor Rogers,4.5,under,100,prizepicks,168339,St. Louis Cardinals,Baltimore Orioles,2026-08-27T03:31:56.366144+00:00,2026-08-27T23:52:12.362143+00:00,2026-08-27T19:52:12.362143-04:00,2026-08-27T19:52:12.362143-04:00,propline_free_sample
2026-08-27,2026-08-27 18:15:00+00:00,Trevor Rogers,4.5,over,-131,draftkings,168339,St. Louis Cardinals,Baltimore Orioles,2026-08-27T17:41:05.491005+00:00,2026-08-27T23:52:12.362143+00:00,2026-08-27T19:52:12.362143-04:00,2026-08-27T19:52:12.362143-04:00,propline_free_sample
2026-08-27,2026-08-27 18:15:00+00:00,Trevor Rogers,4.5,under,102,draftkings,168339,St. Louis Cardinals,Baltimore Orioles,2026-08-27T17:41:05.491005+00:00,2026-08-27T23:52:12.362143+00:00,2026-08-27T19:52:12.362143-04:00,2026-08-27T19:52:12.362143-04:00,propline_free_sample
2026-08-27,2026-08-27 18:15:00+00:00,Trevor Rogers,5.5,over,100,prizepicks,168339,St. Louis Cardinals,Baltimore Orioles,2026-08-27T04:29:09.874285+00:00,2026-08-27T23:52:12.362143+00:00,2026-08-27T19:52:12.362143-04:00,2026-08-27T19:52:12.362143-04:00,propline_free_sample
2026-08-27,2026-08-27 18:15:00+00:00,Trevor Rogers,5.5,under,100,prizepicks,168339,St. Louis Cardinals,Baltimore Orioles,2026-08-27T04:29:09.874285+00:00,2026-08-27T23:52:12.362143+00:00,2026-08-27T19:52:12.362143-04:00,2026-08-27T19:52:12.362143-04:00,propline_free_sample
2026-08-27,2026-08-27 18:15:00+00:00,Trevor Rogers,7.5,over,100,prizepicks,168339,St. Louis Cardinals,Baltimore Orioles,2026-08-27T04:29:09.874285+00:00,2026-08-27T23:52:12.362143+00:00,2026-08-27T19:52:12.362143-04:00,2026-08-27T19:52:12.362143-04:00,propline_free_sample
2026-08-27,2026-08-27 18:15:00+00:00,Trevor Rogers,7.5,under,100,prizepicks,168339,St. Louis Cardinals,Baltimore Orioles,2026-08-27T04:29:09.874285+00:00,2026-08-27T23:52:12.362143+00:00,2026-08-27T19:52:12.362143-04:00,2026-08-27T19:52:12.362143-04:00,propline_free_sample
2026-08-27,2026-08-27 18:15:00+00:00,Trevor Rogers,8.5,over,100,prizepicks,168339,St. Louis Cardinals,Baltimore Orioles,2026-08-27T04:29:09.874285+00:00,2026-08-27T23:52:12.362143+00:00,2026-08-27T19:52:12.362143-04:00,2026-08-27T19:52:12.362143-04:00,propline_free_sample
2026-08-27,2026-08-27 18:15:00+00:00,Trevor Rogers,8.5,under,100,prizepicks,168339,St. Louis Cardinals,Baltimore Orioles,2026-08-27T04:29:09.874285+00:00,2026-08-27T23:52:12.362143+00:00,2026-08-27T19:52:12.362143-04:00,2026-08-27T19:52:12.362143-04:00,propline_free_sample
2026-08-27,2026-08-27 18:15:00+00:00,Trevor Rogers,4.5,over,-139,sleeper,168339,St. Louis Cardinals,Baltimore Orioles,2026-08-27T17:39:31.119062+00:00,2026-08-27T23:52:12.362143+00:00,2026-08-27T19:52:12.362143-04:00,2026-08-27T19:52:12.362143-04:00,propline_free_sample
2026-08-27,2026-08-27 18:15:00+00:00,Trevor Rogers,4.5,under,-118,sleeper,168339,St. Louis Cardinals,Baltimore Orioles,2026-08-27T17:48:12.299430+00:00,2026-08-27T23:52:12.362143+00:00,2026-08-27T19:52:12.362143-04:00,2026-08-27T19:52:12.362143-04:00,propline_free_sample
2026-08-27,2026-08-27 18:15:00+00:00,Trevor Rogers,5.5,over,160,novig,168339,St. Louis Cardinals,Baltimore Orioles,2026-08-27T18:08:54.521331+00:00,2026-08-27T23:52:12.362143+00:00,2026-08-27T19:52:12.362143-04:00,2026-08-27T19:52:12.362143-04:00,propline_free_sample
2026-08-27,2026-08-27 18:15:00+00:00,Trevor Rogers,5.5,under,-182,novig,168339,St. Louis Cardinals,Baltimore Orioles,2026-08-27T17:14:34.153501+00:00,2026-08-27T23:52:12.362143+00:00,2026-08-27T19:52:12.362143-04:00,2026-08-27T19:52:12.362143-04:00,propline_free_sample
2026-08-27,2026-08-27 18:15:00+00:00,Trevor Rogers,9.5,over,100,prizepicks,168339,St. Louis Cardinals,Baltimore Orioles,2026-08-27T04:39:47.286470+00:00,2026-08-27T23:52:12.362143+00:00,2026-08-27T19:52:12.362143-04:00,2026-08-27T19:52:12.362143-04:00,propline_free_sample
2026-08-27,2026-08-27 18:15:00+00:00,Trevor Rogers,9.5,under,100,prizepicks,168339,St. Louis Cardinals,Baltimore Orioles,2026-08-27T04:39:47.286470+00:00,2026-08-27T23:52:12.362143+00:00,2026-08-27T19:52:12.362143-04:00,2026-08-27T19:52:12.362143-04:00,propline_free_sample
2026-08-27,2026-08-27 18:15:00+00:00,Trevor Rogers,2.5,over,100,prizepicks,168339,St. Louis Cardinals,Baltimore Orioles,2026-08-27T04:39:47.286470+00:00,2026-08-27T23:52:12.362143+00:00,2026-08-27T19:52:12.362143-04:00,2026-08-27T19:52:12.362143-04:00,propline_free_sample
2026-08-27,2026-08-27 18:15:00+00:00,Trevor Rogers,2.5,under,100,prizepicks,168339,St. Louis Cardinals,Baltimore Orioles,2026-08-27T04:39:47.286470+00:00,2026-08-27T23:52:12.362143+00:00,2026-08-27T19:52:12.362143-04:00,2026-08-27T19:52:12.362143-04:00,propline_free_sample
2026-08-27,2026-08-27 18:15:00+00:00,Trevor Rogers,4.5,over,-113,novig,168339,St. Louis Cardinals,Baltimore Orioles,2026-08-27T18:13:26.665918+00:00,2026-08-27T23:52:12.362143+00:00,2026-08-27T19:52:12.362143-04:00,2026-08-27T19:52:12.362143-04:00,propline_free_sample
2026-08-27,2026-08-27 18:15:00+00:00,Trevor Rogers,4.5,under,-106,novig,168339,St. Louis Cardinals,Baltimore Orioles,2026-08-27T17:53:37.105623+00:00,2026-08-27T23:52:12.362143+00:00,2026-08-27T19:52:12.362143-04:00,2026-08-27T19:52:12.362143-04:00,propline_free_sample
2026-08-27,2026-08-27 18:15:00+00:00,Trevor Rogers,4.5,over,-165,onexbet,168339,St. Louis Cardinals,Baltimore Orioles,2026-08-27T15:00:58.850380+00:00,2026-08-27T23:52:12.362143+00:00,2026-08-27T19:52:12.362143-04:00,2026-08-27T19:52:12.362143-04:00,propline_free_sample
2026-08-27,2026-08-27 18:15:00+00:00,Trevor Rogers,4.5,under,125,onexbet,168339,St. Louis Cardinals,Baltimore Orioles,2026-08-27T15:00:58.850380+00:00,2026-08-27T23:52:12.362143+00:00,2026-08-27T19:52:12.362143-04:00,2026-08-27T19:52:12.362143-04:00,propline_free_sample
2026-08-27,2026-08-27 18:15:00+00:00,Trevor Rogers,2.5,over,-4900,kalshi,168339,St. Louis Cardinals,Baltimore Orioles,2026-08-27T15:17:50.841461+00:00,2026-08-27T23:52:12.362143+00:00,2026-08-27T19:52:12.362143-04:00,2026-08-27T19:52:12.362143-04:00,propline_free_sample
2026-08-27,2026-08-27 18:15:00+00:00,Trevor Rogers,2.5,under,9900,kalshi,168339,St. Louis Cardinals,Baltimore Orioles,2026-08-27T15:17:50.841461+00:00,2026-08-27T23:52:12.362143+00:00,2026-08-27T19:52:12.362143-04:00,2026-08-27T19:52:12.362143-04:00,propline_free_sample
2026-08-27,2026-08-27 18:15:00+00:00,Trevor Rogers,3.5,over,-4900,kalshi,168339,St. Louis Cardinals,Baltimore Orioles,2026-08-27T17:59:10.848283+00:00,2026-08-27T23:52:12.362143+00:00,2026-08-27T19:52:12.362143-04:00,2026-08-27T19:52:12.362143-04:00,propline_free_sample
2026-08-27,2026-08-27 18:15:00+00:00,Trevor Rogers,3.5,under,9900,kalshi,168339,St. Louis Cardinals,Baltimore Orioles,2026-08-27T17:59:10.848283+00:00,2026-08-27T23:52:12.362143+00:00,2026-08-27T19:52:12.362143-04:00,2026-08-27T19:52:12.362143-04:00,propline_free_sample
2026-08-27,2026-08-27 18:15:00+00:00,Trevor Rogers,4.5,over,-669,kalshi,168339,St. Louis Cardinals,Baltimore Orioles,2026-08-27T17:46:33.655811+00:00,2026-08-27T23:52:12.362143+00:00,2026-08-27T19:52:12.362143-04:00,2026-08-27T19:52:12.362143-04:00,propline_free_sample
2026-08-27,2026-08-27 18:15:00+00:00,Trevor Rogers,4.5,under,9900,kalshi,168339,St. Louis Cardinals,Baltimore Orioles,2026-08-27T18:04:22.278416+00:00,2026-08-27T23:52:12.362143+00:00,2026-08-27T19:52:12.362143-04:00,2026-08-27T19:52:12.362143-04:00,propline_free_sample
2026-08-27,2026-08-27 18:15:00+00:00,Trevor Rogers,5.5,over,-223,kalshi,168339,St. Louis Cardinals,Baltimore Orioles,2026-08-27T15:48:07.343563+00:00,2026-08-27T23:52:12.362143+00:00,2026-08-27T19:52:12.362143-04:00,2026-08-27T19:52:12.362143-04:00,propline_free_sample
2026-08-27,2026-08-27 18:15:00+00:00,Trevor Rogers,5.5,under,9900,kalshi,168339,St. Louis Cardinals,Baltimore Orioles,2026-08-27T15:48:07.343563+00:00,2026-08-27T23:52:12.362143+00:00,2026-08-27T19:52:12.362143-04:00,2026-08-27T19:52:12.362143-04:00,propline_free_sample
2026-08-27,2026-08-27 18:15:00+00:00,Trevor Rogers,6.5,over,-1567,kalshi,168339,St. Louis Cardinals,Baltimore Orioles,2026-08-27T15:00:45.348816+00:00,2026-08-27T23:52:12.362143+00:00,2026-08-27T19:52:12.362143-04:00,2026-08-27T19:52:12.362143-04:00,propline_free_sample
2026-08-27,2026-08-27 18:15:00+00:00,Trevor Rogers,6.5,under,9900,kalshi,168339,St. Louis Cardinals,Baltimore Orioles,2026-08-27T14:59:02.370535+00:00,2026-08-27T23:52:12.362143+00:00,2026-08-27T19:52:12.362143-04:00,2026-08-27T19:52:12.362143-04:00,propline_free_sample
2026-08-27,2026-08-27 18:15:00+00:00,Trevor Rogers,7.5,over,9900,kalshi,168339,St. Louis Cardinals,Baltimore Orioles,2026-08-27T15:35:06.552401+00:00,2026-08-27T23:52:12.362143+00:00,2026-08-27T19:52:12.362143-04:00,2026-08-27T19:52:12.362143-04:00,propline_free_sample
2026-08-27,2026-08-27 18:15:00+00:00,Trevor Rogers,7.5,under,-223,kalshi,168339,St. Louis Cardinals,Baltimore Orioles,2026-08-27T15:38:30.502578+00:00,2026-08-27T23:52:12.362143+00:00,2026-08-27T19:52:12.362143-04:00,2026-08-27T19:52:12.362143-04:00,propline_free_sample
2026-08-27,2026-08-27 18:15:00+00:00,Trevor Rogers,8.5,over,9900,kalshi,168339,St. Louis Cardinals,Baltimore Orioles,2026-08-27T16:38:17.173758+00:00,2026-08-27T23:52:12.362143+00:00,2026-08-27T19:52:12.362143-04:00,2026-08-27T19:52:12.362143-04:00,propline_free_sample
2026-08-27,2026-08-27 18:15:00+00:00,Trevor Rogers,8.5,under,-9900,kalshi,168339,St. Louis Cardinals,Baltimore Orioles,2026-08-27T17:59:10.848283+00:00,2026-08-27T23:52:12.362143+00:00,2026-08-27T19:52:12.362143-04:00,2026-08-27T19:52:12.362143-04:00,propline_free_sample
2026-08-27,2026-08-27 18:15:00+00:00,Trevor Rogers,4.5,over,-104,prophetx,168339,St. Louis Cardinals,Baltimore Orioles,2026-08-27T17:45:04.963883+00:00,2026-08-27T23:52:12.362143+00:00,2026-08-27T19:52:12.362143-04:00,2026-08-27T19:52:12.362143-04:00,propline_free_sample
2026-08-27,2026-08-27 18:15:00+00:00,Trevor Rogers,4.5,under,101,prophetx,168339,St. Louis Cardinals,Baltimore Orioles,2026-08-27T17:41:34.048883+00:00,2026-08-27T23:52:12.362143+00:00,2026-08-27T19:52:12.362143-04:00,2026-08-27T19:52:12.362143-04:00,propline_free_sample
2026-08-27,2026-08-27 18:15:00+00:00,Trevor Rogers,5.5,over,154,prophetx,168339,St. Louis Cardinals,Baltimore Orioles,2026-08-27T16:11:24.494806+00:00,2026-08-27T23:52:12.362143+00:00,2026-08-27T19:52:12.362143-04:00,2026-08-27T19:52:12.362143-04:00,propline_free_sample
2026-08-27,2026-08-27 18:15:00+00:00,Trevor Rogers,5.5,under,-162,prophetx,168339,St. Louis Cardinals,Baltimore Orioles,2026-08-27T17:51:11.879217+00:00,2026-08-27T23:52:12.362143+00:00,2026-08-27T19:52:12.362143-04:00,2026-08-27T19:52:12.362143-04:00,propline_free_sample
2026-08-27,2026-08-27 18:15:00+00:00,Trevor Rogers,4.5,over,-127,rebet,168339,St. Louis Cardinals,Baltimore Orioles,2026-08-27T16:45:21.965496+00:00,2026-08-27T23:52:12.362143+00:00,2026-08-27T19:52:12.362143-04:00,2026-08-27T19:52:12.362143-04:00,propline_free_sample
2026-08-27,2026-08-27 18:15:00+00:00,Trevor Rogers,4.5,under,-108,rebet,168339,St. Louis Cardinals,Baltimore Orioles,2026-08-27T16:45:21.965496+00:00,2026-08-27T23:52:12.362143+00:00,2026-08-27T19:52:12.362143-04:00,2026-08-27T19:52:12.362143-04:00,propline_free_sample
2026-08-27,2026-08-27 18:15:00+00:00,Trevor Rogers,6.5,over,105,betmgm,168339,St. Louis Cardinals,Baltimore Orioles,2026-08-27T10:21:57.132392+00:00,2026-08-27T23:52:12.362143+00:00,2026-08-27T19:52:12.362143-04:00,2026-08-27T19:52:12.362143-04:00,propline_free_sample
2026-08-27,2026-08-27 18:15:00+00:00,Trevor Rogers,6.5,under,-140,betmgm,168339,St. Louis Cardinals,Baltimore Orioles,2026-08-27T08:36:31.012236+00:00,2026-08-27T23:52:12.362143+00:00,2026-08-27T19:52:12.362143-04:00,2026-08-27T19:52:12.362143-04:00,propline_free_sample
2026-08-27,2026-08-27 18:15:00+00:00,Trevor Rogers,4.5,over,-120,fanduel,168339,St. Louis Cardinals,Baltimore Orioles,2026-08-27T17:22:23.703640+00:00,2026-08-27T23:52:12.362143+00:00,2026-08-27T19:52:12.362143-04:00,2026-08-27T19:52:12.362143-04:00,propline_free_sample
2026-08-27,2026-08-27 18:15:00+00:00,Trevor Rogers,4.5,under,-106,fanduel,168339,St. Louis Cardinals,Baltimore Orioles,2026-08-27T17:22:23.703640+00:00,2026-08-27T23:52:12.362143+00:00,2026-08-27T19:52:12.362143-04:00,2026-08-27T19:52:12.362143-04:00,propline_free_sample
2026-08-27,2026-08-27 18:15:00+00:00,Trevor Rogers (BAL),4.5,over,-120,bovada,168339,St. Louis Cardinals,Baltimore Orioles,2026-08-27T15:58:11.152983+00:00,2026-08-27T23:52:12.362143+00:00,2026-08-27T19:52:12.362143-04:00,2026-08-27T19:52:12.362143-04:00,propline_free_sample
2026-08-27,2026-08-27 18:15:00+00:00,Trevor Rogers (BAL),4.5,under,-110,bovada,168339,St. Louis Cardinals,Baltimore Orioles,2026-08-27T15:58:11.152983+00:00,2026-08-27T23:52:12.362143+00:00,2026-08-27T19:52:12.362143-04:00,2026-08-27T19:52:12.362143-04:00,propline_free_sample
2026-08-27,2026-08-27 18:15:00+00:00,Trevor Rogers,5.5,over,122,smarkets,168339,St. Louis Cardinals,Baltimore Orioles,2026-08-27T09:53:00.044454+00:00,2026-08-27T23:52:12.362143+00:00,2026-08-27T19:52:12.362143-04:00,2026-08-27T19:52:12.362143-04:00,propline_free_sample
2026-08-27,2026-08-27 18:15:00+00:00,Trevor Rogers,5.5,under,-172,smarkets,168339,St. Louis Cardinals,Baltimore Orioles,2026-08-27T09:53:00.044454+00:00,2026-08-27T23:52:12.362143+00:00,2026-08-27T19:52:12.362143-04:00,2026-08-27T19:52:12.362143-04:00,propline_free_sample
2026-08-27,2026-08-27 18:15:00+00:00,Trevor Rogers,4.5,over,-152,betrivers,168339,St. Louis Cardinals,Baltimore Orioles,2026-08-27T12:49:55.396059+00:00,2026-08-27T23:52:12.362143+00:00,2026-08-27T19:52:12.362143-04:00,2026-08-27T19:52:12.362143-04:00,propline_free_sample
2026-08-27,2026-08-27 18:15:00+00:00,Trevor Rogers,4.5,under,114,betrivers,168339,St. Louis Cardinals,Baltimore Orioles,2026-08-27T12:49:55.396059+00:00,2026-08-27T23:52:12.362143+00:00,2026-08-27T19:52:12.362143-04:00,2026-08-27T19:52:12.362143-04:00,propline_free_sample
2026-08-27,2026-08-27 18:15:00+00:00,Trevor Rogers,4.5,over,-115,pinnacle,168339,St. Louis Cardinals,Baltimore Orioles,2026-08-27T18:10:20.806940+00:00,2026-08-27T23:52:12.362143+00:00,2026-08-27T19:52:12.362143-04:00,2026-08-27T19:52:12.362143-04:00,propline_free_sample
2026-08-27,2026-08-27 18:15:00+00:00,Trevor Rogers,4.5,under,-115,pinnacle,168339,St. Louis Cardinals,Baltimore Orioles,2026-08-27T18:10:20.806940+00:00,2026-08-27T23:52:12.362143+00:00,2026-08-27T19:52:12.362143-04:00,2026-08-27T19:52:12.362143-04:00,propline_free_sample
2026-08-27,2026-08-27 18:15:00+00:00,Trevor Rogers,3.5,over,-300,novig,168339,St. Louis Cardinals,Baltimore Orioles,2026-08-27T18:12:56.265004+00:00,2026-08-27T23:52:12.362143+00:00,2026-08-27T19:52:12.362143-04:00,2026-08-27T19:52:12.362143-04:00,propline_free_sample
2026-08-27,2026-08-27 18:15:00+00:00,Trevor Rogers,3.5,under,228,novig,168339,St. Louis Cardinals,Baltimore Orioles,2026-08-27T18:08:54.521331+00:00,2026-08-27T23:52:12.362143+00:00,2026-08-27T19:52:12.362143-04:00,2026-08-27T19:52:12.362143-04:00,propline_free_sample
2026-08-27,2026-08-27 18:15:00+00:00,Trevor Rogers,6.5,over,326,novig,168339,St. Louis Cardinals,Baltimore Orioles,2026-08-27T18:04:30.301361+00:00,2026-08-27T23:52:12.362143+00:00,2026-08-27T19:52:12.362143-04:00,2026-08-27T19:52:12.362143-04:00,propline_free_sample
2026-08-27,2026-08-27 18:15:00+00:00,Trevor Rogers,6.5,under,-413,novig,168339,St. Louis Cardinals,Baltimore Orioles,2026-08-27T18:10:35.297559+00:00,2026-08-27T23:52:12.362143+00:00,2026-08-27T19:52:12.362143-04:00,2026-08-27T19:52:12.362143-04:00,propline_free_sample
2026-08-27,2026-08-27 18:15:00+00:00,Gordon Graceffo,0.5,over,-264,underdog,168339,St. Louis Cardinals,Baltimore Orioles,2026-08-27T15:56:34.905142+00:00,2026-08-27T23:52:12.362143+00:00,2026-08-27T19:52:12.362143-04:00,2026-08-27T19:52:12.362143-04:00,propline_free_sample
2026-08-27,2026-08-27 18:15:00+00:00,Gordon Graceffo,0.5,under,186,underdog,168339,St. Louis Cardinals,Baltimore Orioles,2026-08-27T15:56:34.905142+00:00,2026-08-27T23:52:12.362143+00:00,2026-08-27T19:52:12.362143-04:00,2026-08-27T19:52:12.362143-04:00,propline_free_sample
2026-08-27,2026-08-27 18:15:00+00:00,Gordon Graceffo,0.5,over,-217,dabble,168339,St. Louis Cardinals,Baltimore Orioles,2026-08-27T16:48:09.920370+00:00,2026-08-27T23:52:12.362143+00:00,2026-08-27T19:52:12.362143-04:00,2026-08-27T19:52:12.362143-04:00,propline_free_sample
2026-08-27,2026-08-27 18:15:00+00:00,Gordon Graceffo,0.5,under,218,dabble,168339,St. Louis Cardinals,Baltimore Orioles,2026-08-27T16:12:45.773525+00:00,2026-08-27T23:52:12.362143+00:00,2026-08-27T19:52:12.362143-04:00,2026-08-27T19:52:12.362143-04:00,propline_free_sample
2026-08-27,2026-08-27 18:15:00+00:00,Gordon Graceffo,1.5,over,180,smarkets,168339,St. Louis Cardinals,Baltimore Orioles,2026-08-27T15:53:26.024226+00:00,2026-08-27T23:52:12.362143+00:00,2026-08-27T19:52:12.362143-04:00,2026-08-27T19:52:12.362143-04:00,propline_free_sample
2026-08-27,2026-08-27 18:15:00+00:00,Gordon Graceffo,1.5,under,-270,smarkets,168339,St. Louis Cardinals,Baltimore Orioles,2026-08-27T15:53:26.024226+00:00,2026-08-27T23:52:12.362143+00:00,2026-08-27T19:52:12.362143-04:00,2026-08-27T19:52:12.362143-04:00,propline_free_sample
2026-08-27,2026-08-27 18:15:00+00:00,Gordon Graceffo,0.5,over,-256,smarkets,168339,St. Louis Cardinals,Baltimore Orioles,2026-08-27T15:58:39.728197+00:00,2026-08-27T23:52:12.362143+00:00,2026-08-27T19:52:12.362143-04:00,2026-08-27T19:52:12.362143-04:00,propline_free_sample
2026-08-27,2026-08-27 18:15:00+00:00,Gordon Graceffo,0.5,under,176,smarkets,168339,St. Louis Cardinals,Baltimore Orioles,2026-08-27T15:58:39.728197+00:00,2026-08-27T23:52:12.362143+00:00,2026-08-27T19:52:12.362143-04:00,2026-08-27T19:52:12.362143-04:00,propline_free_sample
2026-08-27,2026-08-27 18:15:00+00:00,Gordon Graceffo,0.5,over,100,prizepicks,168339,St. Louis Cardinals,Baltimore Orioles,2026-08-27T16:01:56.256189+00:00,2026-08-27T23:52:12.362143+00:00,2026-08-27T19:52:12.362143-04:00,2026-08-27T19:52:12.362143-04:00,propline_free_sample
2026-08-27,2026-08-27 18:15:00+00:00,Gordon Graceffo,0.5,under,100,prizepicks,168339,St. Louis Cardinals,Baltimore Orioles,2026-08-27T16:01:56.256189+00:00,2026-08-27T23:52:12.362143+00:00,2026-08-27T19:52:12.362143-04:00,2026-08-27T19:52:12.362143-04:00,propline_free_sample
2026-08-27,2026-08-27 18:15:00+00:00,Trevor Rogers,5.5,over,-145,fanatics,168339,St. Louis Cardinals,Baltimore Orioles,2026-08-27T18:02:59.242699+00:00,2026-08-27T23:52:12.362143+00:00,2026-08-27T19:52:12.362143-04:00,2026-08-27T19:52:12.362143-04:00,propline_free_sample
2026-08-27,2026-08-27 18:15:00+00:00,Trevor Rogers,5.5,under,110,fanatics,168339,St. Louis Cardinals,Baltimore Orioles,2026-08-27T18:02:59.242699+00:00,2026-08-27T23:52:12.362143+00:00,2026-08-27T19:52:12.362143-04:00,2026-08-27T19:52:12.362143-04:00,propline_free_sample
2026-08-27,2026-08-27 17:05:00+00:00,Jake Irvin,4.5,over,-103,underdog,167287,Washington Nationals,Colorado Rockies,2026-08-27T16:43:13.130007+00:00,2026-08-27T23:52:12.362143+00:00,2026-08-27T19:52:12.362143-04:00,2026-08-27T19:52:12.362143-04:00,propline_free_sample
2026-08-27,2026-08-27 17:05:00+00:00,Jake Irvin,4.5,under,-132,underdog,167287,Washington Nationals,Colorado Rockies,2026-08-27T16:43:13.130007+00:00,2026-08-27T23:52:12.362143+00:00,2026-08-27T19:52:12.362143-04:00,2026-08-27T19:52:12.362143-04:00,propline_free_sample
2026-08-27,2026-08-27 17:05:00+00:00,Jake Irvin,4.5,over,109,dabble,167287,Washington Nationals,Colorado Rockies,2026-08-27T16:22:51.309581+00:00,2026-08-27T23:52:12.362143+00:00,2026-08-27T19:52:12.362143-04:00,2026-08-27T19:52:12.362143-04:00,propline_free_sample
2026-08-27,2026-08-27 17:05:00+00:00,Jake Irvin,4.5,under,-108,dabble,167287,Washington Nationals,Colorado Rockies,2026-08-27T16:22:51.309581+00:00,2026-08-27T23:52:12.362143+00:00,2026-08-27T19:52:12.362143-04:00,2026-08-27T19:52:12.362143-04:00,propline_free_sample
2026-08-27,2026-08-27 17:05:00+00:00,Jake Irvin,4.5,over,-110,smarkets,167287,Washington Nationals,Colorado Rockies,2026-08-27T16:23:07.799636+00:00,2026-08-27T23:52:12.362143+00:00,2026-08-27T19:52:12.362143-04:00,2026-08-27T19:52:12.362143-04:00,propline_free_sample
2026-08-27,2026-08-27 17:05:00+00:00,Jake Irvin,4.5,under,-128,smarkets,167287,Washington Nationals,Colorado Rockies,2026-08-27T16:07:44.136893+00:00,2026-08-27T23:52:12.362143+00:00,2026-08-27T19:52:12.362143-04:00,2026-08-27T19:52:12.362143-04:00,propline_free_sample
2026-08-27,2026-08-27 17:05:00+00:00,Jake Irvin,4.5,over,100,prizepicks,167287,Washington Nationals,Colorado Rockies,2026-08-27T03:00:07.842558+00:00,2026-08-27T23:52:12.362143+00:00,2026-08-27T19:52:12.362143-04:00,2026-08-27T19:52:12.362143-04:00,propline_free_sample
2026-08-27,2026-08-27 17:05:00+00:00,Jake Irvin,4.5,under,100,prizepicks,167287,Washington Nationals,Colorado Rockies,2026-08-27T03:00:07.842558+00:00,2026-08-27T23:52:12.362143+00:00,2026-08-27T19:52:12.362143-04:00,2026-08-27T19:52:12.362143-04:00,propline_free_sample
2026-08-27,2026-08-27 17:05:00+00:00,Jake Irvin,6.5,over,100,prizepicks,167287,Washington Nationals,Colorado Rockies,2026-08-27T03:00:07.842558+00:00,2026-08-27T23:52:12.362143+00:00,2026-08-27T19:52:12.362143-04:00,2026-08-27T19:52:12.362143-04:00,propline_free_sample
2026-08-27,2026-08-27 17:05:00+00:00,Jake Irvin,6.5,under,100,prizepicks,167287,Washington Nationals,Colorado Rockies,2026-08-27T03:00:07.842558+00:00,2026-08-27T23:52:12.362143+00:00,2026-08-27T19:52:12.362143-04:00,2026-08-27T19:52:12.362143-04:00,propline_free_sample
2026-08-27,2026-08-27 17:05:00+00:00,Jake Irvin,3.5,over,100,prizepicks,167287,Washington Nationals,Colorado Rockies,2026-08-27T03:00:07.842558+00:00,2026-08-27T23:52:12.362143+00:00,2026-08-27T19:52:12.362143-04:00,2026-08-27T19:52:12.362143-04:00,propline_free_sample
2026-08-27,2026-08-27 17:05:00+00:00,Jake Irvin,3.5,under,100,prizepicks,167287,Washington Nationals,Colorado Rockies,2026-08-27T03:00:07.842558+00:00,2026-08-27T23:52:12.362143+00:00,2026-08-27T19:52:12.362143-04:00,2026-08-27T19:52:12.362143-04:00,propline_free_sample
2026-08-27,2026-08-27 17:05:00+00:00,Jake Irvin,4.5,over,-119,sleeper,167287,Washington Nationals,Colorado Rockies,2026-08-27T16:46:23.217031+00:00,2026-08-27T23:52:12.362143+00:00,2026-08-27T19:52:12.362143-04:00,2026-08-27T19:52:12.362143-04:00,propline_free_sample
2026-08-27,2026-08-27 17:05:00+00:00,Jake Irvin,4.5,under,-137,sleeper,167287,Washington Nationals,Colorado Rockies,2026-08-27T16:46:23.217031+00:00,2026-08-27T23:52:12.362143+00:00,2026-08-27T19:52:12.362143-04:00,2026-08-27T19:52:12.362143-04:00,propline_free_sample
2026-08-27,2026-08-27 17:05:00+00:00,Gabriel Hughes (COL),3.5,over,-110,bovada,167287,Washington Nationals,Colorado Rockies,2026-08-27T14:53:41.814512+00:00,2026-08-27T23:52:12.362143+00:00,2026-08-27T19:52:12.362143-04:00,2026-08-27T19:52:12.362143-04:00,propline_free_sample
2026-08-27,2026-08-27 17:05:00+00:00,Gabriel Hughes (COL),3.5,under,-120,bovada,167287,Washington Nationals,Colorado Rockies,2026-08-27T14:53:41.814512+00:00,2026-08-27T23:52:12.362143+00:00,2026-08-27T19:52:12.362143-04:00,2026-08-27T19:52:12.362143-04:00,propline_free_sample
2026-08-27,2026-08-27 17:05:00+00:00,Jake Irvin (WAS),4.5,over,100,bovada,167287,Washington Nationals,Colorado Rockies,2026-08-27T16:46:10.131045+00:00,2026-08-27T23:52:12.362143+00:00,2026-08-27T19:52:12.362143-04:00,2026-08-27T19:52:12.362143-04:00,propline_free_sample
2026-08-27,2026-08-27 17:05:00+00:00,Jake Irvin (WAS),4.5,under,-130,bovada,167287,Washington Nationals,Colorado Rockies,2026-08-27T16:46:10.131045+00:00,2026-08-27T23:52:12.362143+00:00,2026-08-27T19:52:12.362143-04:00,2026-08-27T19:52:12.362143-04:00,propline_free_sample
2026-08-27,2026-08-27 17:05:00+00:00,Gabriel Hughes,3.5,over,-108,fanduel,167287,Washington Nationals,Colorado Rockies,2026-08-27T16:54:38.170574+00:00,2026-08-27T23:52:12.362143+00:00,2026-08-27T19:52:12.362143-04:00,2026-08-27T19:52:12.362143-04:00,propline_free_sample
2026-08-27,2026-08-27 17:05:00+00:00,Gabriel Hughes,3.5,under,-118,fanduel,167287,Washington Nationals,Colorado Rockies,2026-08-27T16:54:38.170574+00:00,2026-08-27T23:52:12.362143+00:00,2026-08-27T19:52:12.362143-04:00,2026-08-27T19:52:12.362143-04:00,propline_free_sample
2026-08-27,2026-08-27 17:05:00+00:00,Jake Irvin,4.5,over,100,fanduel,167287,Washington Nationals,Colorado Rockies,2026-08-27T16:39:48.314268+00:00,2026-08-27T23:52:12.362143+00:00,2026-08-27T19:52:12.362143-04:00,2026-08-27T19:52:12.362143-04:00,propline_free_sample
2026-08-27,2026-08-27 17:05:00+00:00,Jake Irvin,4.5,under,-128,fanduel,167287,Washington Nationals,Colorado Rockies,2026-08-27T16:39:48.314268+00:00,2026-08-27T23:52:12.362143+00:00,2026-08-27T19:52:12.362143-04:00,2026-08-27T19:52:12.362143-04:00,propline_free_sample
2026-08-27,2026-08-27 17:05:00+00:00,Jake Irvin,4.5,over,-135,onexbet,167287,Washington Nationals,Colorado Rockies,2026-08-27T16:05:55.765342+00:00,2026-08-27T23:52:12.362143+00:00,2026-08-27T19:52:12.362143-04:00,2026-08-27T19:52:12.362143-04:00,propline_free_sample
2026-08-27,2026-08-27 17:05:00+00:00,Jake Irvin,4.5,under,100,onexbet,167287,Washington Nationals,Colorado Rockies,2026-08-27T16:05:55.765342+00:00,2026-08-27T23:52:12.362143+00:00,2026-08-27T19:52:12.362143-04:00,2026-08-27T19:52:12.362143-04:00,propline_free_sample
2026-08-27,2026-08-27 17:05:00+00:00,Gabriel Hughes,6.5,over,100,prizepicks,167287,Washington Nationals,Colorado Rockies,2026-08-27T05:01:06.201853+00:00,2026-08-27T23:52:12.362143+00:00,2026-08-27T19:52:12.362143-04:00,2026-08-27T19:52:12.362143-04:00,propline_free_sample
2026-08-27,2026-08-27 17:05:00+00:00,Gabriel Hughes,6.5,under,100,prizepicks,167287,Washington Nationals,Colorado Rockies,2026-08-27T05:01:06.201853+00:00,2026-08-27T23:52:12.362143+00:00,2026-08-27T19:52:12.362143-04:00,2026-08-27T19:52:12.362143-04:00,propline_free_sample
2026-08-27,2026-08-27 17:05:00+00:00,Gabriel Hughes,3.5,over,100,prizepicks,167287,Washington Nationals,Colorado Rockies,2026-08-27T05:01:06.201853+00:00,2026-08-27T23:52:12.362143+00:00,2026-08-27T19:52:12.362143-04:00,2026-08-27T19:52:12.362143-04:00,propline_free_sample
2026-08-27,2026-08-27 17:05:00+00:00,Gabriel Hughes,3.5,under,100,prizepicks,167287,Washington Nationals,Colorado Rockies,2026-08-27T05:01:06.201853+00:00,2026-08-27T23:52:12.362143+00:00,2026-08-27T19:52:12.362143-04:00,2026-08-27T19:52:12.362143-04:00,propline_free_sample
2026-08-27,2026-08-27 17:05:00+00:00,Gabriel Hughes,4.5,over,100,prizepicks,167287,Washington Nationals,Colorado Rockies,2026-08-27T05:01:06.201853+00:00,2026-08-27T23:52:12.362143+00:00,2026-08-27T19:52:12.362143-04:00,2026-08-27T19:52:12.362143-04:00,propline_free_sample
2026-08-27,2026-08-27 17:05:00+00:00,Gabriel Hughes,4.5,under,100,prizepicks,167287,Washington Nationals,Colorado Rockies,2026-08-27T05:01:06.201853+00:00,2026-08-27T23:52:12.362143+00:00,2026-08-27T19:52:12.362143-04:00,2026-08-27T19:52:12.362143-04:00,propline_free_sample
2026-08-27,2026-08-27 17:05:00+00:00,Gabriel Hughes,5.5,over,100,prizepicks,167287,Washington Nationals,Colorado Rockies,2026-08-27T05:01:06.201853+00:00,2026-08-27T23:52:12.362143+00:00,2026-08-27T19:52:12.362143-04:00,2026-08-27T19:52:12.362143-04:00,propline_free_sample
2026-08-27,2026-08-27 17:05:00+00:00,Jake Irvin,5.5,over,100,prizepicks,167287,Washington Nationals,Colorado Rockies,2026-08-27T05:01:06.201853+00:00,2026-08-27T23:52:12.362143+00:00,2026-08-27T19:52:12.362143-04:00,2026-08-27T19:52:12.362143-04:00,propline_free_sample
2026-08-27,2026-08-27 17:05:00+00:00,Gabriel Hughes,5.5,under,100,prizepicks,167287,Washington Nationals,Colorado Rockies,2026-08-27T05:01:06.201853+00:00,2026-08-27T23:52:12.362143+00:00,2026-08-27T19:52:12.362143-04:00,2026-08-27T19:52:12.362143-04:00,propline_free_sample
2026-08-27,2026-08-27 17:05:00+00:00,Jake Irvin,5.5,under,100,prizepicks,167287,Washington Nationals,Colorado Rockies,2026-08-27T05:01:06.201853+00:00,2026-08-27T23:52:12.362143+00:00,2026-08-27T19:52:12.362143-04:00,2026-08-27T19:52:12.362143-04:00,propline_free_sample
2026-08-27,2026-08-27 17:05:00+00:00,Gabriel Hughes,7.5,over,100,prizepicks,167287,Washington Nationals,Colorado Rockies,2026-08-27T05:01:06.201853+00:00,2026-08-27T23:52:12.362143+00:00,2026-08-27T19:52:12.362143-04:00,2026-08-27T19:52:12.362143-04:00,propline_free_sample
2026-08-27,2026-08-27 17:05:00+00:00,Jake Irvin,7.5,over,100,prizepicks,167287,Washington Nationals,Colorado Rockies,2026-08-27T05:01:06.201853+00:00,2026-08-27T23:52:12.362143+00:00,2026-08-27T19:52:12.362143-04:00,2026-08-27T19:52:12.362143-04:00,propline_free_sample
2026-08-27,2026-08-27 17:05:00+00:00,Gabriel Hughes,7.5,under,100,prizepicks,167287,Washington Nationals,Colorado Rockies,2026-08-27T05:01:06.201853+00:00,2026-08-27T23:52:12.362143+00:00,2026-08-27T19:52:12.362143-04:00,2026-08-27T19:52:12.362143-04:00,propline_free_sample
2026-08-27,2026-08-27 17:05:00+00:00,Jake Irvin,7.5,under,100,prizepicks,167287,Washington Nationals,Colorado Rockies,2026-08-27T05:01:06.201853+00:00,2026-08-27T23:52:12.362143+00:00,2026-08-27T19:52:12.362143-04:00,2026-08-27T19:52:12.362143-04:00,propline_free_sample
2026-08-27,2026-08-27 17:05:00+00:00,Jake Irvin,8.5,over,100,prizepicks,167287,Washington Nationals,Colorado Rockies,2026-08-27T05:01:06.201853+00:00,2026-08-27T23:52:12.362143+00:00,2026-08-27T19:52:12.362143-04:00,2026-08-27T19:52:12.362143-04:00,propline_free_sample
2026-08-27,2026-08-27 17:05:00+00:00,Jake Irvin,8.5,under,100,prizepicks,167287,Washington Nationals,Colorado Rockies,2026-08-27T05:01:06.201853+00:00,2026-08-27T23:52:12.362143+00:00,2026-08-27T19:52:12.362143-04:00,2026-08-27T19:52:12.362143-04:00,propline_free_sample
2026-08-27,2026-08-27 17:05:00+00:00,Gabriel Hughes,2.5,over,100,prizepicks,167287,Washington Nationals,Colorado Rockies,2026-08-27T05:01:06.201853+00:00,2026-08-27T23:52:12.362143+00:00,2026-08-27T19:52:12.362143-04:00,2026-08-27T19:52:12.362143-04:00,propline_free_sample
2026-08-27,2026-08-27 17:05:00+00:00,Jake Irvin,2.5,over,100,prizepicks,167287,Washington Nationals,Colorado Rockies,2026-08-27T05:01:06.201853+00:00,2026-08-27T23:52:12.362143+00:00,2026-08-27T19:52:12.362143-04:00,2026-08-27T19:52:12.362143-04:00,propline_free_sample
2026-08-27,2026-08-27 17:05:00+00:00,Gabriel Hughes,2.5,under,100,prizepicks,167287,Washington Nationals,Colorado Rockies,2026-08-27T05:01:06.201853+00:00,2026-08-27T23:52:12.362143+00:00,2026-08-27T19:52:12.362143-04:00,2026-08-27T19:52:12.362143-04:00,propline_free_sample
2026-08-27,2026-08-27 17:05:00+00:00,Jake Irvin,2.5,under,100,prizepicks,167287,Washington Nationals,Colorado Rockies,2026-08-27T05:01:06.201853+00:00,2026-08-27T23:52:12.362143+00:00,2026-08-27T19:52:12.362143-04:00,2026-08-27T19:52:12.362143-04:00,propline_free_sample
2026-08-27,2026-08-27 17:05:00+00:00,Gabriel Hughes,3.5,over,108,novig,167287,Washington Nationals,Colorado Rockies,2026-08-27T16:58:28.217708+00:00,2026-08-27T23:52:12.362143+00:00,2026-08-27T19:52:12.362143-04:00,2026-08-27T19:52:12.362143-04:00,propline_free_sample
2026-08-27,2026-08-27 17:05:00+00:00,Gabriel Hughes,3.5,under,-113,novig,167287,Washington Nationals,Colorado Rockies,2026-08-27T16:56:41.147304+00:00,2026-08-27T23:52:12.362143+00:00,2026-08-27T19:52:12.362143-04:00,2026-08-27T19:52:12.362143-04:00,propline_free_sample
2026-08-27,2026-08-27 17:05:00+00:00,Jake Irvin,4.5,over,122,novig,167287,Washington Nationals,Colorado Rockies,2026-08-27T16:43:29.170462+00:00,2026-08-27T23:52:12.362143+00:00,2026-08-27T19:52:12.362143-04:00,2026-08-27T19:52:12.362143-04:00,propline_free_sample
2026-08-27,2026-08-27 17:05:00+00:00,Jake Irvin,4.5,under,-127,novig,167287,Washington Nationals,Colorado Rockies,2026-08-27T17:01:50.829404+00:00,2026-08-27T23:52:12.362143+00:00,2026-08-27T19:52:12.362143-04:00,2026-08-27T19:52:12.362143-04:00,propline_free_sample
2026-08-27,2026-08-27 17:05:00+00:00,Jake Irvin,4.5,over,113,prophetx,167287,Washington Nationals,Colorado Rockies,2026-08-27T16:53:25.779271+00:00,2026-08-27T23:52:12.362143+00:00,2026-08-27T19:52:12.362143-04:00,2026-08-27T19:52:12.362143-04:00,propline_free_sample
2026-08-27,2026-08-27 17:05:00+00:00,Jake Irvin,4.5,under,-126,prophetx,167287,Washington Nationals,Colorado Rockies,2026-08-27T17:01:57.575253+00:00,2026-08-27T23:52:12.362143+00:00,2026-08-27T19:52:12.362143-04:00,2026-08-27T19:52:12.362143-04:00,propline_free_sample
2026-08-27,2026-08-27 17:05:00+00:00,Jake Irvin,4.5,over,-106,draftkings,167287,Washington Nationals,Colorado Rockies,2026-08-27T16:44:48.142975+00:00,2026-08-27T23:52:12.362143+00:00,2026-08-27T19:52:12.362143-04:00,2026-08-27T19:52:12.362143-04:00,propline_free_sample
2026-08-27,2026-08-27 17:05:00+00:00,Jake Irvin,4.5,under,-120,draftkings,167287,Washington Nationals,Colorado Rockies,2026-08-27T16:44:48.142975+00:00,2026-08-27T23:52:12.362143+00:00,2026-08-27T19:52:12.362143-04:00,2026-08-27T19:52:12.362143-04:00,propline_free_sample
2026-08-27,2026-08-27 17:05:00+00:00,Gabriel Hughes,3.5,over,-120,sleeper,167287,Washington Nationals,Colorado Rockies,2026-08-27T16:54:43.534794+00:00,2026-08-27T23:52:12.362143+00:00,2026-08-27T19:52:12.362143-04:00,2026-08-27T19:52:12.362143-04:00,propline_free_sample
2026-08-27,2026-08-27 17:05:00+00:00,Gabriel Hughes,3.5,under,-137,sleeper,167287,Washington Nationals,Colorado Rockies,2026-08-27T16:26:15.520267+00:00,2026-08-27T23:52:12.362143+00:00,2026-08-27T19:52:12.362143-04:00,2026-08-27T19:52:12.362143-04:00,propline_free_sample
2026-08-27,2026-08-27 17:05:00+00:00,Jake Irvin,3.5,over,-217,novig,167287,Washington Nationals,Colorado Rockies,2026-08-27T15:19:36.548720+00:00,2026-08-27T23:52:12.362143+00:00,2026-08-27T19:52:12.362143-04:00,2026-08-27T19:52:12.362143-04:00,propline_free_sample
2026-08-27,2026-08-27 17:05:00+00:00,Jake Irvin,3.5,under,212,novig,167287,Washington Nationals,Colorado Rockies,2026-08-27T15:46:33.991677+00:00,2026-08-27T23:52:12.362143+00:00,2026-08-27T19:52:12.362143-04:00,2026-08-27T19:52:12.362143-04:00,propline_free_sample
2026-08-27,2026-08-27 17:05:00+00:00,Jake Irvin,5.5,over,233,novig,167287,Washington Nationals,Colorado Rockies,2026-08-27T16:51:46.142779+00:00,2026-08-27T23:52:12.362143+00:00,2026-08-27T19:52:12.362143-04:00,2026-08-27T19:52:12.362143-04:00,propline_free_sample
2026-08-27,2026-08-27 17:05:00+00:00,Jake Irvin,5.5,under,-251,novig,167287,Washington Nationals,Colorado Rockies,2026-08-27T16:50:02.873020+00:00,2026-08-27T23:52:12.362143+00:00,2026-08-27T19:52:12.362143-04:00,2026-08-27T19:52:12.362143-04:00,propline_free_sample
2026-08-27,2026-08-27 17:05:00+00:00,Gabriel Hughes,3.5,over,-101,draftkings,167287,Washington Nationals,Colorado Rockies,2026-08-27T16:24:24.715538+00:00,2026-08-27T23:52:12.362143+00:00,2026-08-27T19:52:12.362143-04:00,2026-08-27T19:52:12.362143-04:00,propline_free_sample
2026-08-27,2026-08-27 17:05:00+00:00,Gabriel Hughes,3.5,under,-127,draftkings,167287,Washington Nationals,Colorado Rockies,2026-08-27T16:24:24.715538+00:00,2026-08-27T23:52:12.362143+00:00,2026-08-27T19:52:12.362143-04:00,2026-08-27T19:52:12.362143-04:00,propline_free_sample
2026-08-27,2026-08-27 17:05:00+00:00,Gabriel Hughes,2.5,over,-264,novig,167287,Washington Nationals,Colorado Rockies,2026-08-27T15:58:35.132698+00:00,2026-08-27T23:52:12.362143+00:00,2026-08-27T19:52:12.362143-04:00,2026-08-27T19:52:12.362143-04:00,propline_free_sample
2026-08-27,2026-08-27 17:05:00+00:00,Gabriel Hughes,2.5,under,239,novig,167287,Washington Nationals,Colorado Rockies,2026-08-27T15:53:20.957012+00:00,2026-08-27T23:52:12.362143+00:00,2026-08-27T19:52:12.362143-04:00,2026-08-27T19:52:12.362143-04:00,propline_free_sample
2026-08-27,2026-08-27 17:05:00+00:00,Gabriel Hughes,4.5,over,212,novig,167287,Washington Nationals,Colorado Rockies,2026-08-27T16:41:49.509240+00:00,2026-08-27T23:52:12.362143+00:00,2026-08-27T19:52:12.362143-04:00,2026-08-27T19:52:12.362143-04:00,propline_free_sample
2026-08-27,2026-08-27 17:05:00+00:00,Gabriel Hughes,4.5,under,-240,novig,167287,Washington Nationals,Colorado Rockies,2026-08-27T17:00:08.026467+00:00,2026-08-27T23:52:12.362143+00:00,2026-08-27T19:52:12.362143-04:00,2026-08-27T19:52:12.362143-04:00,propline_free_sample
2026-08-27,2026-08-27 17:05:00+00:00,Jake Irvin,2.5,over,-4900,kalshi,167287,Washington Nationals,Colorado Rockies,2026-08-27T15:36:44.115126+00:00,2026-08-27T23:52:12.362143+00:00,2026-08-27T19:52:12.362143-04:00,2026-08-27T19:52:12.362143-04:00,propline_free_sample
2026-08-27,2026-08-27 17:05:00+00:00,Jake Irvin,2.5,under,9900,kalshi,167287,Washington Nationals,Colorado Rockies,2026-08-27T15:36:44.115126+00:00,2026-08-27T23:52:12.362143+00:00,2026-08-27T19:52:12.362143-04:00,2026-08-27T19:52:12.362143-04:00,propline_free_sample
2026-08-27,2026-08-27 17:05:00+00:00,Jake Irvin,3.5,over,-1567,kalshi,167287,Washington Nationals,Colorado Rockies,2026-08-27T15:58:27.946568+00:00,2026-08-27T23:52:12.362143+00:00,2026-08-27T19:52:12.362143-04:00,2026-08-27T19:52:12.362143-04:00,propline_free_sample
2026-08-27,2026-08-27 17:05:00+00:00,Jake Irvin,3.5,under,9900,kalshi,167287,Washington Nationals,Colorado Rockies,2026-08-27T15:58:27.946568+00:00,2026-08-27T23:52:12.362143+00:00,2026-08-27T19:52:12.362143-04:00,2026-08-27T19:52:12.362143-04:00,propline_free_sample
2026-08-27,2026-08-27 17:05:00+00:00,Jake Irvin,4.5,over,-257,kalshi,167287,Washington Nationals,Colorado Rockies,2026-08-27T17:03:25.676845+00:00,2026-08-27T23:52:12.362143+00:00,2026-08-27T19:52:12.362143-04:00,2026-08-27T19:52:12.362143-04:00,propline_free_sample
2026-08-27,2026-08-27 17:05:00+00:00,Jake Irvin,4.5,under,9900,kalshi,167287,Washington Nationals,Colorado Rockies,2026-08-27T17:03:25.676845+00:00,2026-08-27T23:52:12.362143+00:00,2026-08-27T19:52:12.362143-04:00,2026-08-27T19:52:12.362143-04:00,propline_free_sample
2026-08-27,2026-08-27 17:05:00+00:00,Jake Irvin,5.5,over,-300,kalshi,167287,Washington Nationals,Colorado Rockies,2026-08-27T16:39:59.399220+00:00,2026-08-27T23:52:12.362143+00:00,2026-08-27T19:52:12.362143-04:00,2026-08-27T19:52:12.362143-04:00,propline_free_sample
2026-08-27,2026-08-27 17:05:00+00:00,Jake Irvin,5.5,under,9900,kalshi,167287,Washington Nationals,Colorado Rockies,2026-08-27T16:39:59.399220+00:00,2026-08-27T23:52:12.362143+00:00,2026-08-27T19:52:12.362143-04:00,2026-08-27T19:52:12.362143-04:00,propline_free_sample
2026-08-27,2026-08-27 17:05:00+00:00,Jake Irvin,6.5,over,9900,kalshi,167287,Washington Nationals,Colorado Rockies,2026-08-27T17:03:25.676845+00:00,2026-08-27T23:52:12.362143+00:00,2026-08-27T19:52:12.362143-04:00,2026-08-27T19:52:12.362143-04:00,propline_free_sample
2026-08-27,2026-08-27 17:05:00+00:00,Jake Irvin,6.5,under,-488,kalshi,167287,Washington Nationals,Colorado Rockies,2026-08-27T17:01:39.245188+00:00,2026-08-27T23:52:12.362143+00:00,2026-08-27T19:52:12.362143-04:00,2026-08-27T19:52:12.362143-04:00,propline_free_sample
2026-08-27,2026-08-27 17:05:00+00:00,Jake Irvin,7.5,over,9900,kalshi,167287,Washington Nationals,Colorado Rockies,2026-08-27T17:01:39.245188+00:00,2026-08-27T23:52:12.362143+00:00,2026-08-27T19:52:12.362143-04:00,2026-08-27T19:52:12.362143-04:00,propline_free_sample
2026-08-27,2026-08-27 17:05:00+00:00,Jake Irvin,7.5,under,-1900,kalshi,167287,Washington Nationals,Colorado Rockies,2026-08-27T17:01:39.245188+00:00,2026-08-27T23:52:12.362143+00:00,2026-08-27T19:52:12.362143-04:00,2026-08-27T19:52:12.362143-04:00,propline_free_sample
2026-08-27,2026-08-27 17:05:00+00:00,Jake Irvin,8.5,over,9900,kalshi,167287,Washington Nationals,Colorado Rockies,2026-08-27T14:13:17.316684+00:00,2026-08-27T23:52:12.362143+00:00,2026-08-27T19:52:12.362143-04:00,2026-08-27T19:52:12.362143-04:00,propline_free_sample
2026-08-27,2026-08-27 17:05:00+00:00,Jake Irvin,8.5,under,-1900,kalshi,167287,Washington Nationals,Colorado Rockies,2026-08-27T16:38:17.028375+00:00,2026-08-27T23:52:12.362143+00:00,2026-08-27T19:52:12.362143-04:00,2026-08-27T19:52:12.362143-04:00,propline_free_sample
2026-08-27,2026-08-27 17:05:00+00:00,Gabriel Hughes,3.5,over,-120,dabble,167287,Washington Nationals,Colorado Rockies,2026-08-27T05:43:02.953835+00:00,2026-08-27T23:52:12.362143+00:00,2026-08-27T19:52:12.362143-04:00,2026-08-27T19:52:12.362143-04:00,propline_free_sample
2026-08-27,2026-08-27 17:05:00+00:00,Gabriel Hughes,3.5,under,120,dabble,167287,Washington Nationals,Colorado Rockies,2026-08-27T05:44:31.186818+00:00,2026-08-27T23:52:12.362143+00:00,2026-08-27T19:52:12.362143-04:00,2026-08-27T19:52:12.362143-04:00,propline_free_sample
2026-08-27,2026-08-27 17:05:00+00:00,Gabriel Hughes,3.5,over,-114,smarkets,167287,Washington Nationals,Colorado Rockies,2026-08-27T16:53:23.971741+00:00,2026-08-27T23:52:12.362143+00:00,2026-08-27T19:52:12.362143-04:00,2026-08-27T19:52:12.362143-04:00,propline_free_sample
2026-08-27,2026-08-27 17:05:00+00:00,Gabriel Hughes,3.5,under,-139,smarkets,167287,Washington Nationals,Colorado Rockies,2026-08-27T16:23:07.799636+00:00,2026-08-27T23:52:12.362143+00:00,2026-08-27T19:52:12.362143-04:00,2026-08-27T19:52:12.362143-04:00,propline_free_sample
2026-08-27,2026-08-27 17:05:00+00:00,Gabriel Hughes,3.5,over,-115,underdog,167287,Washington Nationals,Colorado Rockies,2026-08-27T15:31:30.415910+00:00,2026-08-27T23:52:12.362143+00:00,2026-08-27T19:52:12.362143-04:00,2026-08-27T19:52:12.362143-04:00,propline_free_sample
2026-08-27,2026-08-27 17:05:00+00:00,Gabriel Hughes,3.5,under,-115,underdog,167287,Washington Nationals,Colorado Rockies,2026-08-27T15:31:30.415910+00:00,2026-08-27T23:52:12.362143+00:00,2026-08-27T19:52:12.362143-04:00,2026-08-27T19:52:12.362143-04:00,propline_free_sample
2026-08-27,2026-08-27 17:05:00+00:00,Gabriel Hughes,3.5,over,-104,pinnacle,167287,Washington Nationals,Colorado Rockies,2026-08-27T16:43:13.950724+00:00,2026-08-27T23:52:12.362143+00:00,2026-08-27T19:52:12.362143-04:00,2026-08-27T19:52:12.362143-04:00,propline_free_sample
2026-08-27,2026-08-27 17:05:00+00:00,Gabriel Hughes,3.5,under,-127,pinnacle,167287,Washington Nationals,Colorado Rockies,2026-08-27T16:43:13.950724+00:00,2026-08-27T23:52:12.362143+00:00,2026-08-27T19:52:12.362143-04:00,2026-08-27T19:52:12.362143-04:00,propline_free_sample
2026-08-27,2026-08-27 17:05:00+00:00,Jake Irvin,4.5,over,-103,pinnacle,167287,Washington Nationals,Colorado Rockies,2026-08-27T16:43:13.950724+00:00,2026-08-27T23:52:12.362143+00:00,2026-08-27T19:52:12.362143-04:00,2026-08-27T19:52:12.362143-04:00,propline_free_sample
2026-08-27,2026-08-27 17:05:00+00:00,Jake Irvin,4.5,under,-129,pinnacle,167287,Washington Nationals,Colorado Rockies,2026-08-27T16:43:13.950724+00:00,2026-08-27T23:52:12.362143+00:00,2026-08-27T19:52:12.362143-04:00,2026-08-27T19:52:12.362143-04:00,propline_free_sample
2026-08-27,2026-08-27 17:05:00+00:00,Gabriel Hughes,3.5,over,-115,onexbet,167287,Washington Nationals,Colorado Rockies,2026-08-27T16:05:55.765342+00:00,2026-08-27T23:52:12.362143+00:00,2026-08-27T19:52:12.362143-04:00,2026-08-27T19:52:12.362143-04:00,propline_free_sample
2026-08-27,2026-08-27 17:05:00+00:00,Gabriel Hughes,3.5,under,-115,onexbet,167287,Washington Nationals,Colorado Rockies,2026-08-27T16:05:55.765342+00:00,2026-08-27T23:52:12.362143+00:00,2026-08-27T19:52:12.362143-04:00,2026-08-27T19:52:12.362143-04:00,propline_free_sample
2026-08-27,2026-08-27 17:05:00+00:00,Gabriel Hughes,3.5,over,-101,rebet,167287,Washington Nationals,Colorado Rockies,2026-08-27T16:45:21.610271+00:00,2026-08-27T23:52:12.362143+00:00,2026-08-27T19:52:12.362143-04:00,2026-08-27T19:52:12.362143-04:00,propline_free_sample
2026-08-27,2026-08-27 17:05:00+00:00,Gabriel Hughes,3.5,under,-136,rebet,167287,Washington Nationals,Colorado Rockies,2026-08-27T16:45:21.610271+00:00,2026-08-27T23:52:12.362143+00:00,2026-08-27T19:52:12.362143-04:00,2026-08-27T19:52:12.362143-04:00,propline_free_sample
2026-08-27,2026-08-27 17:05:00+00:00,Jake Irvin,4.5,over,108,rebet,167287,Washington Nationals,Colorado Rockies,2026-08-27T16:36:52.256827+00:00,2026-08-27T23:52:12.362143+00:00,2026-08-27T19:52:12.362143-04:00,2026-08-27T19:52:12.362143-04:00,propline_free_sample
2026-08-27,2026-08-27 17:05:00+00:00,Jake Irvin,4.5,under,-149,rebet,167287,Washington Nationals,Colorado Rockies,2026-08-27T16:36:52.256827+00:00,2026-08-27T23:52:12.362143+00:00,2026-08-27T19:52:12.362143-04:00,2026-08-27T19:52:12.362143-04:00,propline_free_sample
2026-08-27,2026-08-27 17:05:00+00:00,Gabriel Hughes,2.5,over,-567,kalshi,167287,Washington Nationals,Colorado Rockies,2026-08-27T16:51:34.570767+00:00,2026-08-27T23:52:12.362143+00:00,2026-08-27T19:52:12.362143-04:00,2026-08-27T19:52:12.362143-04:00,propline_free_sample
2026-08-27,2026-08-27 17:05:00+00:00,Gabriel Hughes,2.5,under,9900,kalshi,167287,Washington Nationals,Colorado Rockies,2026-08-27T16:53:13.750265+00:00,2026-08-27T23:52:12.362143+00:00,2026-08-27T19:52:12.362143-04:00,2026-08-27T19:52:12.362143-04:00,propline_free_sample
2026-08-27,2026-08-27 17:05:00+00:00,Gabriel Hughes,3.5,over,9900,kalshi,167287,Washington Nationals,Colorado Rockies,2026-08-27T15:22:58.816273+00:00,2026-08-27T23:52:12.362143+00:00,2026-08-27T19:52:12.362143-04:00,2026-08-27T19:52:12.362143-04:00,propline_free_sample
2026-08-27,2026-08-27 17:05:00+00:00,Gabriel Hughes,3.5,under,-2400,kalshi,167287,Washington Nationals,Colorado Rockies,2026-08-27T15:22:58.816273+00:00,2026-08-27T23:52:12.362143+00:00,2026-08-27T19:52:12.362143-04:00,2026-08-27T19:52:12.362143-04:00,propline_free_sample
2026-08-27,2026-08-27 17:05:00+00:00,Gabriel Hughes,4.5,over,9900,kalshi,167287,Washington Nationals,Colorado Rockies,2026-08-27T17:01:39.245188+00:00,2026-08-27T23:52:12.362143+00:00,2026-08-27T19:52:12.362143-04:00,2026-08-27T19:52:12.362143-04:00,propline_free_sample
2026-08-27,2026-08-27 17:05:00+00:00,Gabriel Hughes,4.5,under,-4900,kalshi,167287,Washington Nationals,Colorado Rockies,2026-08-27T17:01:39.245188+00:00,2026-08-27T23:52:12.362143+00:00,2026-08-27T19:52:12.362143-04:00,2026-08-27T19:52:12.362143-04:00,propline_free_sample
2026-08-27,2026-08-27 17:05:00+00:00,Gabriel Hughes,5.5,over,9900,kalshi,167287,Washington Nationals,Colorado Rockies,2026-08-27T14:43:50.086424+00:00,2026-08-27T23:52:12.362143+00:00,2026-08-27T19:52:12.362143-04:00,2026-08-27T19:52:12.362143-04:00,propline_free_sample
2026-08-27,2026-08-27 17:05:00+00:00,Gabriel Hughes,5.5,under,-4900,kalshi,167287,Washington Nationals,Colorado Rockies,2026-08-27T14:38:51.844920+00:00,2026-08-27T23:52:12.362143+00:00,2026-08-27T19:52:12.362143-04:00,2026-08-27T19:52:12.362143-04:00,propline_free_sample
2026-08-27,2026-08-27 17:05:00+00:00,Gabriel Hughes,6.5,over,9900,kalshi,167287,Washington Nationals,Colorado Rockies,2026-08-27T15:48:07.234687+00:00,2026-08-27T23:52:12.362143+00:00,2026-08-27T19:52:12.362143-04:00,2026-08-27T19:52:12.362143-04:00,propline_free_sample
2026-08-27,2026-08-27 17:05:00+00:00,Gabriel Hughes,6.5,under,-9900,kalshi,167287,Washington Nationals,Colorado Rockies,2026-08-27T15:28:19.845725+00:00,2026-08-27T23:52:12.362143+00:00,2026-08-27T19:52:12.362143-04:00,2026-08-27T19:52:12.362143-04:00,propline_free_sample
2026-08-27,2026-08-27 17:05:00+00:00,Gabriel Hughes,7.5,over,9900,kalshi,167287,Washington Nationals,Colorado Rockies,2026-08-27T14:13:17.316684+00:00,2026-08-27T23:52:12.362143+00:00,2026-08-27T19:52:12.362143-04:00,2026-08-27T19:52:12.362143-04:00,propline_free_sample
2026-08-27,2026-08-27 17:05:00+00:00,Gabriel Hughes,7.5,under,-1900,kalshi,167287,Washington Nationals,Colorado Rockies,2026-08-27T14:09:44.563168+00:00,2026-08-27T23:52:12.362143+00:00,2026-08-27T19:52:12.362143-04:00,2026-08-27T19:52:12.362143-04:00,propline_free_sample
2026-08-27,2026-08-27 17:05:00+00:00,Gabriel Hughes,1.5,over,-4900,kalshi,167287,Washington Nationals,Colorado Rockies,2026-08-27T14:38:51.844920+00:00,2026-08-27T23:52:12.362143+00:00,2026-08-27T19:52:12.362143-04:00,2026-08-27T19:52:12.362143-04:00,propline_free_sample
2026-08-27,2026-08-27 17:05:00+00:00,Gabriel Hughes,1.5,under,9900,kalshi,167287,Washington Nationals,Colorado Rockies,2026-08-27T13:52:53.283971+00:00,2026-08-27T23:52:12.362143+00:00,2026-08-27T19:52:12.362143-04:00,2026-08-27T19:52:12.362143-04:00,propline_free_sample
2026-08-27,2026-08-27 17:05:00+00:00,Gabriel Hughes,3.5,over,106,prophetx,167287,Washington Nationals,Colorado Rockies,2026-08-27T16:00:34.336746+00:00,2026-08-27T23:52:12.362143+00:00,2026-08-27T19:52:12.362143-04:00,2026-08-27T19:52:12.362143-04:00,propline_free_sample
2026-08-27,2026-08-27 17:05:00+00:00,Gabriel Hughes,3.5,under,-112,prophetx,167287,Washington Nationals,Colorado Rockies,2026-08-27T17:03:39.746676+00:00,2026-08-27T23:52:12.362143+00:00,2026-08-27T19:52:12.362143-04:00,2026-08-27T19:52:12.362143-04:00,propline_free_sample
2026-08-27,2026-08-27 17:05:00+00:00,Gabriel Hughes,2.5,over,-185,betmgm,167287,Washington Nationals,Colorado Rockies,2026-08-27T16:24:53.330620+00:00,2026-08-27T23:52:12.362143+00:00,2026-08-27T19:52:12.362143-04:00,2026-08-27T19:52:12.362143-04:00,propline_free_sample
2026-08-27,2026-08-27 17:05:00+00:00,Gabriel Hughes,2.5,under,135,betmgm,167287,Washington Nationals,Colorado Rockies,2026-08-27T16:24:53.330620+00:00,2026-08-27T23:52:12.362143+00:00,2026-08-27T19:52:12.362143-04:00,2026-08-27T19:52:12.362143-04:00,propline_free_sample
2026-08-27,2026-08-27 17:05:00+00:00,Jake Irvin,4.5,over,105,betmgm,167287,Washington Nationals,Colorado Rockies,2026-08-27T16:45:22.438780+00:00,2026-08-27T23:52:12.362143+00:00,2026-08-27T19:52:12.362143-04:00,2026-08-27T19:52:12.362143-04:00,propline_free_sample
2026-08-27,2026-08-27 17:05:00+00:00,Jake Irvin,4.5,under,-140,betmgm,167287,Washington Nationals,Colorado Rockies,2026-08-27T16:45:22.438780+00:00,2026-08-27T23:52:12.362143+00:00,2026-08-27T19:52:12.362143-04:00,2026-08-27T19:52:12.362143-04:00,propline_free_sample
2026-08-27,2026-08-27 17:05:00+00:00,Gabriel Hughes (COL),3.5,over,100,betonlineag,167287,Washington Nationals,Colorado Rockies,2026-08-27T14:26:03.381469+00:00,2026-08-27T23:52:12.362143+00:00,2026-08-27T19:52:12.362143-04:00,2026-08-27T19:52:12.362143-04:00,propline_free_sample
2026-08-27,2026-08-27 17:05:00+00:00,Gabriel Hughes (COL),3.5,under,-140,betonlineag,167287,Washington Nationals,Colorado Rockies,2026-08-27T14:26:03.381469+00:00,2026-08-27T23:52:12.362143+00:00,2026-08-27T19:52:12.362143-04:00,2026-08-27T19:52:12.362143-04:00,propline_free_sample
2026-08-27,2026-08-27 17:05:00+00:00,Jake Irvin (WSH),4.5,over,-105,betonlineag,167287,Washington Nationals,Colorado Rockies,2026-08-27T16:45:28.843203+00:00,2026-08-27T23:52:12.362143+00:00,2026-08-27T19:52:12.362143-04:00,2026-08-27T19:52:12.362143-04:00,propline_free_sample
2026-08-27,2026-08-27 17:05:00+00:00,Jake Irvin (WSH),4.5,under,-135,betonlineag,167287,Washington Nationals,Colorado Rockies,2026-08-27T16:45:28.843203+00:00,2026-08-27T23:52:12.362143+00:00,2026-08-27T19:52:12.362143-04:00,2026-08-27T19:52:12.362143-04:00,propline_free_sample
2026-08-27,2026-08-27 17:05:00+00:00,Gabriel Hughes (COL),3.5,over,100,lowvig,167287,Washington Nationals,Colorado Rockies,2026-08-27T14:26:03.180492+00:00,2026-08-27T23:52:12.362143+00:00,2026-08-27T19:52:12.362143-04:00,2026-08-27T19:52:12.362143-04:00,propline_free_sample
2026-08-27,2026-08-27 17:05:00+00:00,Gabriel Hughes (COL),3.5,under,-140,lowvig,167287,Washington Nationals,Colorado Rockies,2026-08-27T14:26:03.180492+00:00,2026-08-27T23:52:12.362143+00:00,2026-08-27T19:52:12.362143-04:00,2026-08-27T19:52:12.362143-04:00,propline_free_sample
2026-08-27,2026-08-27 17:05:00+00:00,Jake Irvin (WSH),4.5,over,-105,lowvig,167287,Washington Nationals,Colorado Rockies,2026-08-27T16:50:13.094556+00:00,2026-08-27T23:52:12.362143+00:00,2026-08-27T19:52:12.362143-04:00,2026-08-27T19:52:12.362143-04:00,propline_free_sample
2026-08-27,2026-08-27 17:05:00+00:00,Jake Irvin (WSH),4.5,under,-135,lowvig,167287,Washington Nationals,Colorado Rockies,2026-08-27T16:50:13.094556+00:00,2026-08-27T23:52:12.362143+00:00,2026-08-27T19:52:12.362143-04:00,2026-08-27T19:52:12.362143-04:00,propline_free_sample
2026-08-27,2026-08-27 17:05:00+00:00,Gabriel Hughes,3.5,over,100,prizepicks,167287,Washington Nationals,Colorado Rockies,2026-08-27T14:14:47.566686+00:00,2026-08-27T23:52:12.362143+00:00,2026-08-27T19:52:12.362143-04:00,2026-08-27T19:52:12.362143-04:00,propline_free_sample
2026-08-27,2026-08-27 17:05:00+00:00,Gabriel Hughes,3.5,under,100,prizepicks,167287,Washington Nationals,Colorado Rockies,2026-08-27T14:14:47.566686+00:00,2026-08-27T23:52:12.362143+00:00,2026-08-27T19:52:12.362143-04:00,2026-08-27T19:52:12.362143-04:00,propline_free_sample
2026-08-27,2026-08-27 17:05:00+00:00,Jake Irvin,4.5,over,100,prizepicks,167287,Washington Nationals,Colorado Rockies,2026-08-27T14:23:52.084046+00:00,2026-08-27T23:52:12.362143+00:00,2026-08-27T19:52:12.362143-04:00,2026-08-27T19:52:12.362143-04:00,propline_free_sample
2026-08-27,2026-08-27 17:05:00+00:00,Jake Irvin,4.5,under,100,prizepicks,167287,Washington Nationals,Colorado Rockies,2026-08-27T14:23:52.084046+00:00,2026-08-27T23:52:12.362143+00:00,2026-08-27T19:52:12.362143-04:00,2026-08-27T19:52:12.362143-04:00,propline_free_sample
2026-08-27,2026-08-27 17:05:00+00:00,Gabriel Hughes,1.5,over,100,prizepicks,167287,Washington Nationals,Colorado Rockies,2026-08-27T15:29:51.686929+00:00,2026-08-27T23:52:12.362143+00:00,2026-08-27T19:52:12.362143-04:00,2026-08-27T19:52:12.362143-04:00,propline_free_sample
2026-08-27,2026-08-27 17:05:00+00:00,Gabriel Hughes,1.5,under,100,prizepicks,167287,Washington Nationals,Colorado Rockies,2026-08-27T15:29:51.686929+00:00,2026-08-27T23:52:12.362143+00:00,2026-08-27T19:52:12.362143-04:00,2026-08-27T19:52:12.362143-04:00,propline_free_sample
2026-08-27,2026-08-27 17:05:00+00:00,Gabriel Hughes,2.5,over,-190,fanatics,167287,Washington Nationals,Colorado Rockies,2026-08-27T16:58:42.395508+00:00,2026-08-27T23:52:12.362143+00:00,2026-08-27T19:52:12.362143-04:00,2026-08-27T19:52:12.362143-04:00,propline_free_sample
2026-08-27,2026-08-27 17:05:00+00:00,Gabriel Hughes,2.5,under,140,fanatics,167287,Washington Nationals,Colorado Rockies,2026-08-27T16:58:42.395508+00:00,2026-08-27T23:52:12.362143+00:00,2026-08-27T19:52:12.362143-04:00,2026-08-27T19:52:12.362143-04:00,propline_free_sample
2026-08-27,2026-08-27 17:05:00+00:00,Jake Irvin,5.5,over,-145,fanatics,167287,Washington Nationals,Colorado Rockies,2026-08-27T17:03:45.132497+00:00,2026-08-27T23:52:12.362143+00:00,2026-08-27T19:52:12.362143-04:00,2026-08-27T19:52:12.362143-04:00,propline_free_sample
2026-08-27,2026-08-27 17:05:00+00:00,Jake Irvin,5.5,under,110,fanatics,167287,Washington Nationals,Colorado Rockies,2026-08-27T17:03:45.132497+00:00,2026-08-27T23:52:12.362143+00:00,2026-08-27T19:52:12.362143-04:00,2026-08-27T19:52:12.362143-04:00,propline_free_sample
2026-08-26,2026-08-27 01:05:00+00:00,Connor Prielipp,5.5,over,-106,fanduel,167229,Athletics,Minnesota Twins,2026-08-26T22:06:44.998461+00:00,2026-08-27T23:52:12.362143+00:00,2026-08-27T19:52:12.362143-04:00,2026-08-27T19:52:12.362143-04:00,propline_free_sample
2026-08-26,2026-08-27 01:05:00+00:00,Connor Prielipp,5.5,under,-120,fanduel,167229,Athletics,Minnesota Twins,2026-08-26T22:06:44.998461+00:00,2026-08-27T23:52:12.362143+00:00,2026-08-27T19:52:12.362143-04:00,2026-08-27T19:52:12.362143-04:00,propline_free_sample
2026-08-26,2026-08-27 01:05:00+00:00,J.T. Ginn,4.5,over,120,fanduel,167229,Athletics,Minnesota Twins,2026-08-26T19:48:53.393665+00:00,2026-08-27T23:52:12.362143+00:00,2026-08-27T19:52:12.362143-04:00,2026-08-27T19:52:12.362143-04:00,propline_free_sample
2026-08-26,2026-08-27 01:05:00+00:00,J.T. Ginn,4.5,under,-154,fanduel,167229,Athletics,Minnesota Twins,2026-08-26T19:48:53.393665+00:00,2026-08-27T23:52:12.362143+00:00,2026-08-27T19:52:12.362143-04:00,2026-08-27T19:52:12.362143-04:00,propline_free_sample
2026-08-26,2026-08-27 01:05:00+00:00,Connor Prielipp,5.5,over,100,prizepicks,167229,Athletics,Minnesota Twins,2026-08-26T01:01:45.843554+00:00,2026-08-27T23:52:12.362143+00:00,2026-08-27T19:52:12.362143-04:00,2026-08-27T19:52:12.362143-04:00,propline_free_sample
2026-08-26,2026-08-27 01:05:00+00:00,J.T. Ginn,4.0,over,100,prizepicks,167229,Athletics,Minnesota Twins,2026-08-26T11:09:42.742336+00:00,2026-08-27T23:52:12.362143+00:00,2026-08-27T19:52:12.362143-04:00,2026-08-27T19:52:12.362143-04:00,propline_free_sample
2026-08-26,2026-08-27 01:05:00+00:00,Connor Prielipp,5.5,under,100,prizepicks,167229,Athletics,Minnesota Twins,2026-08-26T01:01:45.843554+00:00,2026-08-27T23:52:12.362143+00:00,2026-08-27T19:52:12.362143-04:00,2026-08-27T19:52:12.362143-04:00,propline_free_sample
2026-08-26,2026-08-27 01:05:00+00:00,J.T. Ginn,4.0,under,100,prizepicks,167229,Athletics,Minnesota Twins,2026-08-26T11:09:42.742336+00:00,2026-08-27T23:52:12.362143+00:00,2026-08-27T19:52:12.362143-04:00,2026-08-27T19:52:12.362143-04:00,propline_free_sample
2026-08-26,2026-08-27 01:05:00+00:00,J.T. Ginn,5.5,over,100,prizepicks,167229,Athletics,Minnesota Twins,2026-08-26T01:01:45.843554+00:00,2026-08-27T23:52:12.362143+00:00,2026-08-27T19:52:12.362143-04:00,2026-08-27T19:52:12.362143-04:00,propline_free_sample
2026-08-26,2026-08-27 01:05:00+00:00,J.T. Ginn,5.5,under,100,prizepicks,167229,Athletics,Minnesota Twins,2026-08-26T01:01:45.843554+00:00,2026-08-27T23:52:12.362143+00:00,2026-08-27T19:52:12.362143-04:00,2026-08-27T19:52:12.362143-04:00,propline_free_sample
2026-08-26,2026-08-27 01:05:00+00:00,Connor Prielipp,6.5,over,100,prizepicks,167229,Athletics,Minnesota Twins,2026-08-26T01:01:45.843554+00:00,2026-08-27T23:52:12.362143+00:00,2026-08-27T19:52:12.362143-04:00,2026-08-27T19:52:12.362143-04:00,propline_free_sample
2026-08-26,2026-08-27 01:05:00+00:00,J.T. Ginn,6.5,over,100,prizepicks,167229,Athletics,Minnesota Twins,2026-08-26T01:01:45.843554+00:00,2026-08-27T23:52:12.362143+00:00,2026-08-27T19:52:12.362143-04:00,2026-08-27T19:52:12.362143-04:00,propline_free_sample
2026-08-26,2026-08-27 01:05:00+00:00,Connor Prielipp,6.5,under,100,prizepicks,167229,Athletics,Minnesota Twins,2026-08-26T01:01:45.843554+00:00,2026-08-27T23:52:12.362143+00:00,2026-08-27T19:52:12.362143-04:00,2026-08-27T19:52:12.362143-04:00,propline_free_sample
2026-08-26,2026-08-27 01:05:00+00:00,J.T. Ginn,6.5,under,100,prizepicks,167229,Athletics,Minnesota Twins,2026-08-26T01:01:45.843554+00:00,2026-08-27T23:52:12.362143+00:00,2026-08-27T19:52:12.362143-04:00,2026-08-27T19:52:12.362143-04:00,propline_free_sample
2026-08-26,2026-08-27 01:05:00+00:00,Connor Prielipp,7.5,over,100,prizepicks,167229,Athletics,Minnesota Twins,2026-08-26T01:01:45.843554+00:00,2026-08-27T23:52:12.362143+00:00,2026-08-27T19:52:12.362143-04:00,2026-08-27T19:52:12.362143-04:00,propline_free_sample
2026-08-26,2026-08-27 01:05:00+00:00,Connor Prielipp,7.5,under,100,prizepicks,167229,Athletics,Minnesota Twins,2026-08-26T01:01:45.843554+00:00,2026-08-27T23:52:12.362143+00:00,2026-08-27T19:52:12.362143-04:00,2026-08-27T19:52:12.362143-04:00,propline_free_sample
2026-08-26,2026-08-27 01:05:00+00:00,Connor Prielipp,8.5,over,100,prizepicks,167229,Athletics,Minnesota Twins,2026-08-26T01:01:45.843554+00:00,2026-08-27T23:52:12.362143+00:00,2026-08-27T19:52:12.362143-04:00,2026-08-27T19:52:12.362143-04:00,propline_free_sample
2026-08-26,2026-08-27 01:05:00+00:00,Connor Prielipp,8.5,under,100,prizepicks,167229,Athletics,Minnesota Twins,2026-08-26T01:01:45.843554+00:00,2026-08-27T23:52:12.362143+00:00,2026-08-27T19:52:12.362143-04:00,2026-08-27T19:52:12.362143-04:00,propline_free_sample
2026-08-26,2026-08-27 01:05:00+00:00,J.T. Ginn,3.5,over,100,prizepicks,167229,Athletics,Minnesota Twins,2026-08-26T01:01:45.843554+00:00,2026-08-27T23:52:12.362143+00:00,2026-08-27T19:52:12.362143-04:00,2026-08-27T19:52:12.362143-04:00,propline_free_sample
2026-08-26,2026-08-27 01:05:00+00:00,J.T. Ginn,3.5,under,100,prizepicks,167229,Athletics,Minnesota Twins,2026-08-26T01:01:45.843554+00:00,2026-08-27T23:52:12.362143+00:00,2026-08-27T19:52:12.362143-04:00,2026-08-27T19:52:12.362143-04:00,propline_free_sample
2026-08-26,2026-08-27 01:05:00+00:00,Connor Prielipp,4.5,over,100,prizepicks,167229,Athletics,Minnesota Twins,2026-08-26T01:01:45.843554+00:00,2026-08-27T23:52:12.362143+00:00,2026-08-27T19:52:12.362143-04:00,2026-08-27T19:52:12.362143-04:00,propline_free_sample
2026-08-26,2026-08-27 01:05:00+00:00,Connor Prielipp,4.5,under,100,prizepicks,167229,Athletics,Minnesota Twins,2026-08-26T01:01:45.843554+00:00,2026-08-27T23:52:12.362143+00:00,2026-08-27T19:52:12.362143-04:00,2026-08-27T19:52:12.362143-04:00,propline_free_sample
2026-08-26,2026-08-27 01:05:00+00:00,Connor Prielipp,5.5,over,-123,sleeper,167229,Athletics,Minnesota Twins,2026-08-27T00:52:50.385540+00:00,2026-08-27T23:52:12.362143+00:00,2026-08-27T19:52:12.362143-04:00,2026-08-27T19:52:12.362143-04:00,propline_free_sample
2026-08-26,2026-08-27 01:05:00+00:00,J.T. Ginn,4.5,over,102,sleeper,167229,Athletics,Minnesota Twins,2026-08-27T00:40:09.062124+00:00,2026-08-27T23:52:12.362143+00:00,2026-08-27T19:52:12.362143-04:00,2026-08-27T19:52:12.362143-04:00,propline_free_sample
2026-08-26,2026-08-27 01:05:00+00:00,Connor Prielipp,5.5,under,-133,sleeper,167229,Athletics,Minnesota Twins,2026-08-27T00:52:50.385540+00:00,2026-08-27T23:52:12.362143+00:00,2026-08-27T19:52:12.362143-04:00,2026-08-27T19:52:12.362143-04:00,propline_free_sample
2026-08-26,2026-08-27 01:05:00+00:00,J.T. Ginn,4.5,under,-169,sleeper,167229,Athletics,Minnesota Twins,2026-08-26T23:30:35.998777+00:00,2026-08-27T23:52:12.362143+00:00,2026-08-27T19:52:12.362143-04:00,2026-08-27T19:52:12.362143-04:00,propline_free_sample
2026-08-26,2026-08-27 01:05:00+00:00,J.T. Ginn,7.5,over,100,prizepicks,167229,Athletics,Minnesota Twins,2026-08-26T01:11:51.877181+00:00,2026-08-27T23:52:12.362143+00:00,2026-08-27T19:52:12.362143-04:00,2026-08-27T19:52:12.362143-04:00,propline_free_sample
2026-08-26,2026-08-27 01:05:00+00:00,J.T. Ginn,7.5,under,100,prizepicks,167229,Athletics,Minnesota Twins,2026-08-26T01:11:51.877181+00:00,2026-08-27T23:52:12.362143+00:00,2026-08-27T19:52:12.362143-04:00,2026-08-27T19:52:12.362143-04:00,propline_free_sample
2026-08-26,2026-08-27 01:05:00+00:00,J.T. Ginn,8.5,over,100,prizepicks,167229,Athletics,Minnesota Twins,2026-08-26T01:11:51.877181+00:00,2026-08-27T23:52:12.362143+00:00,2026-08-27T19:52:12.362143-04:00,2026-08-27T19:52:12.362143-04:00,propline_free_sample
2026-08-26,2026-08-27 01:05:00+00:00,J.T. Ginn,8.5,under,100,prizepicks,167229,Athletics,Minnesota Twins,2026-08-26T01:11:51.877181+00:00,2026-08-27T23:52:12.362143+00:00,2026-08-27T19:52:12.362143-04:00,2026-08-27T19:52:12.362143-04:00,propline_free_sample
2026-08-26,2026-08-27 01:05:00+00:00,Connor Prielipp,3.5,over,100,prizepicks,167229,Athletics,Minnesota Twins,2026-08-26T01:11:51.877181+00:00,2026-08-27T23:52:12.362143+00:00,2026-08-27T19:52:12.362143-04:00,2026-08-27T19:52:12.362143-04:00,propline_free_sample
2026-08-26,2026-08-27 01:05:00+00:00,Connor Prielipp,3.5,under,100,prizepicks,167229,Athletics,Minnesota Twins,2026-08-26T01:11:51.877181+00:00,2026-08-27T23:52:12.362143+00:00,2026-08-27T19:52:12.362143-04:00,2026-08-27T19:52:12.362143-04:00,propline_free_sample
2026-08-26,2026-08-27 01:05:00+00:00,Connor Prielipp,10.5,over,100,prizepicks,167229,Athletics,Minnesota Twins,2026-08-26T01:11:51.877181+00:00,2026-08-27T23:52:12.362143+00:00,2026-08-27T19:52:12.362143-04:00,2026-08-27T19:52:12.362143-04:00,propline_free_sample
2026-08-26,2026-08-27 01:05:00+00:00,Connor Prielipp,10.5,under,100,prizepicks,167229,Athletics,Minnesota Twins,2026-08-26T01:11:51.877181+00:00,2026-08-27T23:52:12.362143+00:00,2026-08-27T19:52:12.362143-04:00,2026-08-27T19:52:12.362143-04:00,propline_free_sample
2026-08-26,2026-08-27 01:05:00+00:00,J.T. Ginn,2.5,over,100,prizepicks,167229,Athletics,Minnesota Twins,2026-08-26T01:11:51.877181+00:00,2026-08-27T23:52:12.362143+00:00,2026-08-27T19:52:12.362143-04:00,2026-08-27T19:52:12.362143-04:00,propline_free_sample
2026-08-26,2026-08-27 01:05:00+00:00,J.T. Ginn,2.5,under,100,prizepicks,167229,Athletics,Minnesota Twins,2026-08-26T01:11:51.877181+00:00,2026-08-27T23:52:12.362143+00:00,2026-08-27T19:52:12.362143-04:00,2026-08-27T19:52:12.362143-04:00,propline_free_sample
2026-08-26,2026-08-27 01:05:00+00:00,Connor Prielipp,5.5,over,102,novig,167229,Athletics,Minnesota Twins,2026-08-27T01:01:55.130911+00:00,2026-08-27T23:52:12.362143+00:00,2026-08-27T19:52:12.362143-04:00,2026-08-27T19:52:12.362143-04:00,propline_free_sample
2026-08-26,2026-08-27 01:05:00+00:00,Connor Prielipp,5.5,under,-115,novig,167229,Athletics,Minnesota Twins,2026-08-27T00:59:53.250766+00:00,2026-08-27T23:52:12.362143+00:00,2026-08-27T19:52:12.362143-04:00,2026-08-27T19:52:12.362143-04:00,propline_free_sample
2026-08-26,2026-08-27 01:05:00+00:00,J.T. Ginn,4.5,over,113,novig,167229,Athletics,Minnesota Twins,2026-08-27T00:57:53.350461+00:00,2026-08-27T23:52:12.362143+00:00,2026-08-27T19:52:12.362143-04:00,2026-08-27T19:52:12.362143-04:00,propline_free_sample
2026-08-26,2026-08-27 01:05:00+00:00,J.T. Ginn,4.5,under,-163,novig,167229,Athletics,Minnesota Twins,2026-08-27T01:04:55.025426+00:00,2026-08-27T23:52:12.362143+00:00,2026-08-27T19:52:12.362143-04:00,2026-08-27T19:52:12.362143-04:00,propline_free_sample
2026-08-26,2026-08-27 01:05:00+00:00,Connor Prielipp (MIN),5.5,over,-110,bovada,167229,Athletics,Minnesota Twins,2026-08-26T22:18:24.865370+00:00,2026-08-27T23:52:12.362143+00:00,2026-08-27T19:52:12.362143-04:00,2026-08-27T19:52:12.362143-04:00,propline_free_sample
2026-08-26,2026-08-27 01:05:00+00:00,Connor Prielipp (MIN),5.5,under,-120,bovada,167229,Athletics,Minnesota Twins,2026-08-26T22:18:24.865370+00:00,2026-08-27T23:52:12.362143+00:00,2026-08-27T19:52:12.362143-04:00,2026-08-27T19:52:12.362143-04:00,propline_free_sample
2026-08-26,2026-08-27 01:05:00+00:00,J.T. Ginn (ATH),4.5,over,120,bovada,167229,Athletics,Minnesota Twins,2026-08-26T14:50:45.720775+00:00,2026-08-27T23:52:12.362143+00:00,2026-08-27T19:52:12.362143-04:00,2026-08-27T19:52:12.362143-04:00,propline_free_sample
2026-08-26,2026-08-27 01:05:00+00:00,J.T. Ginn (ATH),4.5,under,-160,bovada,167229,Athletics,Minnesota Twins,2026-08-26T14:50:45.720775+00:00,2026-08-27T23:52:12.362143+00:00,2026-08-27T19:52:12.362143-04:00,2026-08-27T19:52:12.362143-04:00,propline_free_sample
2026-08-26,2026-08-27 01:05:00+00:00,Connor Prielipp,5.5,over,-108,pinnacle,167229,Athletics,Minnesota Twins,2026-08-26T22:30:02.216741+00:00,2026-08-27T23:52:12.362143+00:00,2026-08-27T19:52:12.362143-04:00,2026-08-27T19:52:12.362143-04:00,propline_free_sample
2026-08-26,2026-08-27 01:05:00+00:00,Connor Prielipp,5.5,under,-123,pinnacle,167229,Athletics,Minnesota Twins,2026-08-27T01:00:28.568218+00:00,2026-08-27T23:52:12.362143+00:00,2026-08-27T19:52:12.362143-04:00,2026-08-27T19:52:12.362143-04:00,propline_free_sample
2026-08-26,2026-08-27 01:05:00+00:00,J.T. Ginn,4.5,over,123,pinnacle,167229,Athletics,Minnesota Twins,2026-08-26T19:59:10.303115+00:00,2026-08-27T23:52:12.362143+00:00,2026-08-27T19:52:12.362143-04:00,2026-08-27T19:52:12.362143-04:00,propline_free_sample
2026-08-26,2026-08-27 01:05:00+00:00,J.T. Ginn,4.5,under,-164,pinnacle,167229,Athletics,Minnesota Twins,2026-08-26T19:59:10.303115+00:00,2026-08-27T23:52:12.362143+00:00,2026-08-27T19:52:12.362143-04:00,2026-08-27T19:52:12.362143-04:00,propline_free_sample
2026-08-26,2026-08-27 01:05:00+00:00,J.T. Ginn,4.5,over,144,prophetx,167229,Athletics,Minnesota Twins,2026-08-27T00:51:31.629814+00:00,2026-08-27T23:52:12.362143+00:00,2026-08-27T19:52:12.362143-04:00,2026-08-27T19:52:12.362143-04:00,propline_free_sample
2026-08-26,2026-08-27 01:05:00+00:00,J.T. Ginn,4.5,under,-2500,prophetx,167229,Athletics,Minnesota Twins,2026-08-27T01:02:08.783435+00:00,2026-08-27T23:52:12.362143+00:00,2026-08-27T19:52:12.362143-04:00,2026-08-27T19:52:12.362143-04:00,propline_free_sample
2026-08-26,2026-08-27 01:05:00+00:00,Connor Prielipp,5.5,over,117,dabble,167229,Athletics,Minnesota Twins,2026-08-27T00:51:15.516298+00:00,2026-08-27T23:52:12.362143+00:00,2026-08-27T19:52:12.362143-04:00,2026-08-27T19:52:12.362143-04:00,propline_free_sample
2026-08-26,2026-08-27 01:05:00+00:00,J.T. Ginn,4.5,over,123,dabble,167229,Athletics,Minnesota Twins,2026-08-27T00:51:15.516298+00:00,2026-08-27T23:52:12.362143+00:00,2026-08-27T19:52:12.362143-04:00,2026-08-27T19:52:12.362143-04:00,propline_free_sample
2026-08-26,2026-08-27 01:05:00+00:00,Connor Prielipp,5.5,under,-115,dabble,167229,Athletics,Minnesota Twins,2026-08-27T00:35:39.935758+00:00,2026-08-27T23:52:12.362143+00:00,2026-08-27T19:52:12.362143-04:00,2026-08-27T19:52:12.362143-04:00,propline_free_sample
2026-08-26,2026-08-27 01:05:00+00:00,J.T. Ginn,4.5,under,-122,dabble,167229,Athletics,Minnesota Twins,2026-08-27T00:51:15.516298+00:00,2026-08-27T23:52:12.362143+00:00,2026-08-27T19:52:12.362143-04:00,2026-08-27T19:52:12.362143-04:00,propline_free_sample
2026-08-26,2026-08-27 01:05:00+00:00,Connor Prielipp,5.5,over,-109,underdog,167229,Athletics,Minnesota Twins,2026-08-26T22:47:22.134407+00:00,2026-08-27T23:52:12.362143+00:00,2026-08-27T19:52:12.362143-04:00,2026-08-27T19:52:12.362143-04:00,propline_free_sample
2026-08-26,2026-08-27 01:05:00+00:00,J.T. Ginn,4.5,over,108,underdog,167229,Athletics,Minnesota Twins,2026-08-27T00:51:14.696505+00:00,2026-08-27T23:52:12.362143+00:00,2026-08-27T19:52:12.362143-04:00,2026-08-27T19:52:12.362143-04:00,propline_free_sample
2026-08-26,2026-08-27 01:05:00+00:00,Connor Prielipp,5.5,under,-124,underdog,167229,Athletics,Minnesota Twins,2026-08-26T22:47:22.134407+00:00,2026-08-27T23:52:12.362143+00:00,2026-08-27T19:52:12.362143-04:00,2026-08-27T19:52:12.362143-04:00,propline_free_sample
2026-08-26,2026-08-27 01:05:00+00:00,J.T. Ginn,4.5,under,-145,underdog,167229,Athletics,Minnesota Twins,2026-08-27T00:51:14.696505+00:00,2026-08-27T23:52:12.362143+00:00,2026-08-27T19:52:12.362143-04:00,2026-08-27T19:52:12.362143-04:00,propline_free_sample
2026-08-26,2026-08-27 01:05:00+00:00,Connor Prielipp,5.5,over,-102,smarkets,167229,Athletics,Minnesota Twins,2026-08-27T00:35:46.226627+00:00,2026-08-27T23:52:12.362143+00:00,2026-08-27T19:52:12.362143-04:00,2026-08-27T19:52:12.362143-04:00,propline_free_sample
2026-08-26,2026-08-27 01:05:00+00:00,Connor Prielipp,5.5,under,-137,smarkets,167229,Athletics,Minnesota Twins,2026-08-27T00:35:46.226627+00:00,2026-08-27T23:52:12.362143+00:00,2026-08-27T19:52:12.362143-04:00,2026-08-27T19:52:12.362143-04:00,propline_free_sample
2026-08-26,2026-08-27 01:05:00+00:00,J.T. Ginn,4.5,over,102,smarkets,167229,Athletics,Minnesota Twins,2026-08-27T00:51:26.387401+00:00,2026-08-27T23:52:12.362143+00:00,2026-08-27T19:52:12.362143-04:00,2026-08-27T19:52:12.362143-04:00,propline_free_sample
2026-08-26,2026-08-27 01:05:00+00:00,J.T. Ginn,4.5,under,-143,smarkets,167229,Athletics,Minnesota Twins,2026-08-27T00:51:26.387401+00:00,2026-08-27T23:52:12.362143+00:00,2026-08-27T19:52:12.362143-04:00,2026-08-27T19:52:12.362143-04:00,propline_free_sample
2026-08-26,2026-08-27 01:05:00+00:00,Connor Prielipp,9.5,over,100,prizepicks,167229,Athletics,Minnesota Twins,2026-08-26T03:02:05.485068+00:00,2026-08-27T23:52:12.362143+00:00,2026-08-27T19:52:12.362143-04:00,2026-08-27T19:52:12.362143-04:00,propline_free_sample
2026-08-26,2026-08-27 01:05:00+00:00,Connor Prielipp,9.5,under,100,prizepicks,167229,Athletics,Minnesota Twins,2026-08-26T03:02:05.485068+00:00,2026-08-27T23:52:12.362143+00:00,2026-08-27T19:52:12.362143-04:00,2026-08-27T19:52:12.362143-04:00,propline_free_sample
2026-08-26,2026-08-27 01:05:00+00:00,J.T. Ginn,5.5,over,239,novig,167229,Athletics,Minnesota Twins,2026-08-26T23:34:20.760074+00:00,2026-08-27T23:52:12.362143+00:00,2026-08-27T19:52:12.362143-04:00,2026-08-27T19:52:12.362143-04:00,propline_free_sample
2026-08-26,2026-08-27 01:05:00+00:00,J.T. Ginn,5.5,under,-388,novig,167229,Athletics,Minnesota Twins,2026-08-27T00:10:23.043223+00:00,2026-08-27T23:52:12.362143+00:00,2026-08-27T19:52:12.362143-04:00,2026-08-27T19:52:12.362143-04:00,propline_free_sample
2026-08-26,2026-08-27 01:05:00+00:00,Connor Prielipp,5.5,over,-118,draftkings,167229,Athletics,Minnesota Twins,2026-08-27T00:35:36.000307+00:00,2026-08-27T23:52:12.362143+00:00,2026-08-27T19:52:12.362143-04:00,2026-08-27T19:52:12.362143-04:00,propline_free_sample
2026-08-26,2026-08-27 01:05:00+00:00,Connor Prielipp,5.5,under,-108,draftkings,167229,Athletics,Minnesota Twins,2026-08-27T00:35:36.000307+00:00,2026-08-27T23:52:12.362143+00:00,2026-08-27T19:52:12.362143-04:00,2026-08-27T19:52:12.362143-04:00,propline_free_sample
2026-08-26,2026-08-27 01:05:00+00:00,J.T. Ginn,4.5,over,-103,draftkings,167229,Athletics,Minnesota Twins,2026-08-27T00:32:36.024099+00:00,2026-08-27T23:52:12.362143+00:00,2026-08-27T19:52:12.362143-04:00,2026-08-27T19:52:12.362143-04:00,propline_free_sample
2026-08-26,2026-08-27 01:05:00+00:00,J.T. Ginn,4.5,under,-124,draftkings,167229,Athletics,Minnesota Twins,2026-08-27T00:32:36.024099+00:00,2026-08-27T23:52:12.362143+00:00,2026-08-27T19:52:12.362143-04:00,2026-08-27T19:52:12.362143-04:00,propline_free_sample
2026-08-26,2026-08-27 01:05:00+00:00,Connor Prielipp,5.5,over,-150,prophetx,167229,Athletics,Minnesota Twins,2026-08-27T00:59:10.909369+00:00,2026-08-27T23:52:12.362143+00:00,2026-08-27T19:52:12.362143-04:00,2026-08-27T19:52:12.362143-04:00,propline_free_sample
2026-08-26,2026-08-27 01:05:00+00:00,Connor Prielipp,5.5,under,-385,prophetx,167229,Athletics,Minnesota Twins,2026-08-27T01:02:08.783435+00:00,2026-08-27T23:52:12.362143+00:00,2026-08-27T19:52:12.362143-04:00,2026-08-27T19:52:12.362143-04:00,propline_free_sample
2026-08-26,2026-08-27 01:05:00+00:00,J.T. Ginn,1.5,over,-3233,kalshi,167229,Athletics,Minnesota Twins,2026-08-26T23:43:21.240588+00:00,2026-08-27T23:52:12.362143+00:00,2026-08-27T19:52:12.362143-04:00,2026-08-27T19:52:12.362143-04:00,propline_free_sample
2026-08-26,2026-08-27 01:05:00+00:00,Connor Prielipp,2.5,over,-3233,kalshi,167229,Athletics,Minnesota Twins,2026-08-27T01:04:55.364596+00:00,2026-08-27T23:52:12.362143+00:00,2026-08-27T19:52:12.362143-04:00,2026-08-27T19:52:12.362143-04:00,propline_free_sample
2026-08-26,2026-08-27 01:05:00+00:00,J.T. Ginn,2.5,over,-4900,kalshi,167229,Athletics,Minnesota Twins,2026-08-27T00:52:24.099214+00:00,2026-08-27T23:52:12.362143+00:00,2026-08-27T19:52:12.362143-04:00,2026-08-27T19:52:12.362143-04:00,propline_free_sample
2026-08-26,2026-08-27 01:05:00+00:00,Connor Prielipp,3.5,over,-4900,kalshi,167229,Athletics,Minnesota Twins,2026-08-26T20:15:37.701833+00:00,2026-08-27T23:52:12.362143+00:00,2026-08-27T19:52:12.362143-04:00,2026-08-27T19:52:12.362143-04:00,propline_free_sample
2026-08-26,2026-08-27 01:05:00+00:00,J.T. Ginn,3.5,over,9900,kalshi,167229,Athletics,Minnesota Twins,2026-08-26T19:50:29.702217+00:00,2026-08-27T23:52:12.362143+00:00,2026-08-27T19:52:12.362143-04:00,2026-08-27T19:52:12.362143-04:00,propline_free_sample
2026-08-26,2026-08-27 01:05:00+00:00,Connor Prielipp,4.5,over,-809,kalshi,167229,Athletics,Minnesota Twins,2026-08-26T22:03:43.485649+00:00,2026-08-27T23:52:12.362143+00:00,2026-08-27T19:52:12.362143-04:00,2026-08-27T19:52:12.362143-04:00,propline_free_sample
2026-08-26,2026-08-27 01:05:00+00:00,J.T. Ginn,4.5,over,9900,kalshi,167229,Athletics,Minnesota Twins,2026-08-26T23:01:19.450408+00:00,2026-08-27T23:52:12.362143+00:00,2026-08-27T19:52:12.362143-04:00,2026-08-27T19:52:12.362143-04:00,propline_free_sample
2026-08-26,2026-08-27 01:05:00+00:00,Connor Prielipp,5.5,over,9900,kalshi,167229,Athletics,Minnesota Twins,2026-08-27T00:32:23.116477+00:00,2026-08-27T23:52:12.362143+00:00,2026-08-27T19:52:12.362143-04:00,2026-08-27T19:52:12.362143-04:00,propline_free_sample
2026-08-26,2026-08-27 01:05:00+00:00,J.T. Ginn,5.5,over,9900,kalshi,167229,Athletics,Minnesota Twins,2026-08-26T23:01:19.450408+00:00,2026-08-27T23:52:12.362143+00:00,2026-08-27T19:52:12.362143-04:00,2026-08-27T19:52:12.362143-04:00,propline_free_sample
2026-08-26,2026-08-27 01:05:00+00:00,Connor Prielipp,5.5,under,-285,kalshi,167229,Athletics,Minnesota Twins,2026-08-27T01:04:55.364596+00:00,2026-08-27T23:52:12.362143+00:00,2026-08-27T19:52:12.362143-04:00,2026-08-27T19:52:12.362143-04:00,propline_free_sample
2026-08-26,2026-08-27 01:05:00+00:00,Connor Prielipp,6.5,over,9900,kalshi,167229,Athletics,Minnesota Twins,2026-08-27T00:49:23.618552+00:00,2026-08-27T23:52:12.362143+00:00,2026-08-27T19:52:12.362143-04:00,2026-08-27T19:52:12.362143-04:00,propline_free_sample
2026-08-26,2026-08-27 01:05:00+00:00,J.T. Ginn,6.5,over,9900,kalshi,167229,Athletics,Minnesota Twins,2026-08-27T00:03:00.003594+00:00,2026-08-27T23:52:12.362143+00:00,2026-08-27T19:52:12.362143-04:00,2026-08-27T19:52:12.362143-04:00,propline_free_sample
2026-08-26,2026-08-27 01:05:00+00:00,Connor Prielipp,7.5,over,9900,kalshi,167229,Athletics,Minnesota Twins,2026-08-26T14:40:33.916137+00:00,2026-08-27T23:52:12.362143+00:00,2026-08-27T19:52:12.362143-04:00,2026-08-27T19:52:12.362143-04:00,propline_free_sample
2026-08-26,2026-08-27 01:05:00+00:00,J.T. Ginn,7.5,over,9900,kalshi,167229,Athletics,Minnesota Twins,2026-08-26T14:44:53.576512+00:00,2026-08-27T23:52:12.362143+00:00,2026-08-27T19:52:12.362143-04:00,2026-08-27T19:52:12.362143-04:00,propline_free_sample
2026-08-26,2026-08-27 01:05:00+00:00,Connor Prielipp,8.5,over,9900,kalshi,167229,Athletics,Minnesota Twins,2026-08-27T01:01:54.948786+00:00,2026-08-27T23:52:12.362143+00:00,2026-08-27T19:52:12.362143-04:00,2026-08-27T19:52:12.362143-04:00,propline_free_sample
2026-08-26,2026-08-27 01:05:00+00:00,Connor Prielipp,9.5,over,9900,kalshi,167229,Athletics,Minnesota Twins,2026-08-27T01:01:54.948786+00:00,2026-08-27T23:52:12.362143+00:00,2026-08-27T19:52:12.362143-04:00,2026-08-27T19:52:12.362143-04:00,propline_free_sample
2026-08-26,2026-08-27 01:05:00+00:00,Connor Prielipp,2.5,under,9900,kalshi,167229,Athletics,Minnesota Twins,2026-08-27T01:04:55.364596+00:00,2026-08-27T23:52:12.362143+00:00,2026-08-27T19:52:12.362143-04:00,2026-08-27T19:52:12.362143-04:00,propline_free_sample
2026-08-26,2026-08-27 01:05:00+00:00,J.T. Ginn,2.5,under,9900,kalshi,167229,Athletics,Minnesota Twins,2026-08-27T00:52:24.099214+00:00,2026-08-27T23:52:12.362143+00:00,2026-08-27T19:52:12.362143-04:00,2026-08-27T19:52:12.362143-04:00,propline_free_sample
2026-08-26,2026-08-27 01:05:00+00:00,Connor Prielipp,3.5,under,9900,kalshi,167229,Athletics,Minnesota Twins,2026-08-27T01:04:55.364596+00:00,2026-08-27T23:52:12.362143+00:00,2026-08-27T19:52:12.362143-04:00,2026-08-27T19:52:12.362143-04:00,propline_free_sample
2026-08-26,2026-08-27 01:05:00+00:00,J.T. Ginn,3.5,under,-1011,kalshi,167229,Athletics,Minnesota Twins,2026-08-26T19:50:29.702217+00:00,2026-08-27T23:52:12.362143+00:00,2026-08-27T19:52:12.362143-04:00,2026-08-27T19:52:12.362143-04:00,propline_free_sample
2026-08-26,2026-08-27 01:05:00+00:00,Connor Prielipp,4.5,under,9900,kalshi,167229,Athletics,Minnesota Twins,2026-08-26T22:03:43.485649+00:00,2026-08-27T23:52:12.362143+00:00,2026-08-27T19:52:12.362143-04:00,2026-08-27T19:52:12.362143-04:00,propline_free_sample
2026-08-26,2026-08-27 01:05:00+00:00,J.T. Ginn,4.5,under,-3233,kalshi,167229,Athletics,Minnesota Twins,2026-08-26T23:01:19.450408+00:00,2026-08-27T23:52:12.362143+00:00,2026-08-27T19:52:12.362143-04:00,2026-08-27T19:52:12.362143-04:00,propline_free_sample
2026-08-26,2026-08-27 01:05:00+00:00,J.T. Ginn,5.5,under,-2400,kalshi,167229,Athletics,Minnesota Twins,2026-08-26T23:01:19.450408+00:00,2026-08-27T23:52:12.362143+00:00,2026-08-27T19:52:12.362143-04:00,2026-08-27T19:52:12.362143-04:00,propline_free_sample
2026-08-26,2026-08-27 01:05:00+00:00,Connor Prielipp,6.5,under,-9900,kalshi,167229,Athletics,Minnesota Twins,2026-08-27T00:49:23.618552+00:00,2026-08-27T23:52:12.362143+00:00,2026-08-27T19:52:12.362143-04:00,2026-08-27T19:52:12.362143-04:00,propline_free_sample
2026-08-26,2026-08-27 01:05:00+00:00,J.T. Ginn,6.5,under,-2400,kalshi,167229,Athletics,Minnesota Twins,2026-08-26T19:32:15.180637+00:00,2026-08-27T23:52:12.362143+00:00,2026-08-27T19:52:12.362143-04:00,2026-08-27T19:52:12.362143-04:00,propline_free_sample
2026-08-26,2026-08-27 01:05:00+00:00,Connor Prielipp,7.5,under,-9900,kalshi,167229,Athletics,Minnesota Twins,2026-08-26T14:40:33.916137+00:00,2026-08-27T23:52:12.362143+00:00,2026-08-27T19:52:12.362143-04:00,2026-08-27T19:52:12.362143-04:00,propline_free_sample
2026-08-26,2026-08-27 01:05:00+00:00,Connor Prielipp,8.5,under,-9900,kalshi,167229,Athletics,Minnesota Twins,2026-08-27T01:01:54.948786+00:00,2026-08-27T23:52:12.362143+00:00,2026-08-27T19:52:12.362143-04:00,2026-08-27T19:52:12.362143-04:00,propline_free_sample
2026-08-26,2026-08-27 01:05:00+00:00,J.T. Ginn,1.5,under,9900,kalshi,167229,Athletics,Minnesota Twins,2026-08-27T01:01:54.948786+00:00,2026-08-27T23:52:12.362143+00:00,2026-08-27T19:52:12.362143-04:00,2026-08-27T19:52:12.362143-04:00,propline_free_sample
2026-08-26,2026-08-27 01:05:00+00:00,J.T. Ginn,7.5,under,-9900,kalshi,167229,Athletics,Minnesota Twins,2026-08-26T14:44:53.576512+00:00,2026-08-27T23:52:12.362143+00:00,2026-08-27T19:52:12.362143-04:00,2026-08-27T19:52:12.362143-04:00,propline_free_sample
2026-08-26,2026-08-27 01:05:00+00:00,Connor Prielipp,9.5,under,-9900,kalshi,167229,Athletics,Minnesota Twins,2026-08-27T01:01:54.948786+00:00,2026-08-27T23:52:12.362143+00:00,2026-08-27T19:52:12.362143-04:00,2026-08-27T19:52:12.362143-04:00,propline_free_sample
2026-08-26,2026-08-27 01:05:00+00:00,J.T. Ginn,4.5,over,100,prizepicks,167229,Athletics,Minnesota Twins,2026-08-26T04:51:00.411072+00:00,2026-08-27T23:52:12.362143+00:00,2026-08-27T19:52:12.362143-04:00,2026-08-27T19:52:12.362143-04:00,propline_free_sample
2026-08-26,2026-08-27 01:05:00+00:00,J.T. Ginn,4.5,under,100,prizepicks,167229,Athletics,Minnesota Twins,2026-08-26T04:51:00.411072+00:00,2026-08-27T23:52:12.362143+00:00,2026-08-27T19:52:12.362143-04:00,2026-08-27T19:52:12.362143-04:00,propline_free_sample
2026-08-26,2026-08-27 01:05:00+00:00,Connor Prielipp,5.5,over,100,onexbet,167229,Athletics,Minnesota Twins,2026-08-26T23:02:04.059824+00:00,2026-08-27T23:52:12.362143+00:00,2026-08-27T19:52:12.362143-04:00,2026-08-27T19:52:12.362143-04:00,propline_free_sample
2026-08-26,2026-08-27 01:05:00+00:00,John Thomas Ginn,4.5,over,110,onexbet,167229,Athletics,Minnesota Twins,2026-08-26T23:02:04.059824+00:00,2026-08-27T23:52:12.362143+00:00,2026-08-27T19:52:12.362143-04:00,2026-08-27T19:52:12.362143-04:00,propline_free_sample
2026-08-26,2026-08-27 01:05:00+00:00,Connor Prielipp,5.5,under,-135,onexbet,167229,Athletics,Minnesota Twins,2026-08-26T23:02:04.059824+00:00,2026-08-27T23:52:12.362143+00:00,2026-08-27T19:52:12.362143-04:00,2026-08-27T19:52:12.362143-04:00,propline_free_sample
2026-08-26,2026-08-27 01:05:00+00:00,John Thomas Ginn,4.5,under,-150,onexbet,167229,Athletics,Minnesota Twins,2026-08-26T23:02:04.059824+00:00,2026-08-27T23:52:12.362143+00:00,2026-08-27T19:52:12.362143-04:00,2026-08-27T19:52:12.362143-04:00,propline_free_sample
2026-08-26,2026-08-27 01:05:00+00:00,J.T. Ginn,3.5,over,-179,smarkets,167229,Athletics,Minnesota Twins,2026-08-26T06:52:15.341639+00:00,2026-08-27T23:52:12.362143+00:00,2026-08-27T19:52:12.362143-04:00,2026-08-27T19:52:12.362143-04:00,propline_free_sample
2026-08-26,2026-08-27 01:05:00+00:00,J.T. Ginn,3.5,under,124,smarkets,167229,Athletics,Minnesota Twins,2026-08-26T06:52:15.341639+00:00,2026-08-27T23:52:12.362143+00:00,2026-08-27T19:52:12.362143-04:00,2026-08-27T19:52:12.362143-04:00,propline_free_sample
2026-08-26,2026-08-27 01:05:00+00:00,J.T. Ginn,3.5,over,-205,prophetx,167229,Athletics,Minnesota Twins,2026-08-27T00:06:14.581125+00:00,2026-08-27T23:52:12.362143+00:00,2026-08-27T19:52:12.362143-04:00,2026-08-27T19:52:12.362143-04:00,propline_free_sample
2026-08-26,2026-08-27 01:05:00+00:00,J.T. Ginn,3.5,under,142,prophetx,167229,Athletics,Minnesota Twins,2026-08-27T00:06:14.581125+00:00,2026-08-27T23:52:12.362143+00:00,2026-08-27T19:52:12.362143-04:00,2026-08-27T19:52:12.362143-04:00,propline_free_sample
2026-08-26,2026-08-27 01:05:00+00:00,Connor Prielipp,5.5,over,-107,betrivers,167229,Athletics,Minnesota Twins,2026-08-27T00:35:41.186651+00:00,2026-08-27T23:52:12.362143+00:00,2026-08-27T19:52:12.362143-04:00,2026-08-27T19:52:12.362143-04:00,propline_free_sample
2026-08-26,2026-08-27 01:05:00+00:00,Connor Prielipp,5.5,under,-125,betrivers,167229,Athletics,Minnesota Twins,2026-08-27T00:35:41.186651+00:00,2026-08-27T23:52:12.362143+00:00,2026-08-27T19:52:12.362143-04:00,2026-08-27T19:52:12.362143-04:00,propline_free_sample
2026-08-26,2026-08-27 01:05:00+00:00,J.T. Ginn,4.5,over,125,betrivers,167229,Athletics,Minnesota Twins,2026-08-26T23:25:52.215829+00:00,2026-08-27T23:52:12.362143+00:00,2026-08-27T19:52:12.362143-04:00,2026-08-27T19:52:12.362143-04:00,propline_free_sample
2026-08-26,2026-08-27 01:05:00+00:00,J.T. Ginn,4.5,under,-167,betrivers,167229,Athletics,Minnesota Twins,2026-08-26T23:25:52.215829+00:00,2026-08-27T23:52:12.362143+00:00,2026-08-27T19:52:12.362143-04:00,2026-08-27T19:52:12.362143-04:00,propline_free_sample
2026-08-26,2026-08-27 01:05:00+00:00,J.T. Ginn,4.5,over,111,rebet,167229,Athletics,Minnesota Twins,2026-08-26T23:30:46.771453+00:00,2026-08-27T23:52:12.362143+00:00,2026-08-27T19:52:12.362143-04:00,2026-08-27T19:52:12.362143-04:00,propline_free_sample
2026-08-26,2026-08-27 01:05:00+00:00,J.T. Ginn,4.5,under,-154,rebet,167229,Athletics,Minnesota Twins,2026-08-26T23:30:46.771453+00:00,2026-08-27T23:52:12.362143+00:00,2026-08-27T19:52:12.362143-04:00,2026-08-27T19:52:12.362143-04:00,propline_free_sample
2026-08-26,2026-08-27 01:05:00+00:00,Connor Prielipp,5.5,over,-111,rebet,167229,Athletics,Minnesota Twins,2026-08-27T01:02:08.196916+00:00,2026-08-27T23:52:12.362143+00:00,2026-08-27T19:52:12.362143-04:00,2026-08-27T19:52:12.362143-04:00,propline_free_sample
2026-08-26,2026-08-27 01:05:00+00:00,Connor Prielipp,5.5,under,-124,rebet,167229,Athletics,Minnesota Twins,2026-08-27T01:02:08.196916+00:00,2026-08-27T23:52:12.362143+00:00,2026-08-27T19:52:12.362143-04:00,2026-08-27T19:52:12.362143-04:00,propline_free_sample
2026-08-26,2026-08-27 01:05:00+00:00,Connor Prielipp,4.5,over,-194,novig,167229,Athletics,Minnesota Twins,2026-08-26T22:43:20.283196+00:00,2026-08-27T23:52:12.362143+00:00,2026-08-27T19:52:12.362143-04:00,2026-08-27T19:52:12.362143-04:00,propline_free_sample
2026-08-26,2026-08-27 01:05:00+00:00,Connor Prielipp,4.5,under,160,novig,167229,Athletics,Minnesota Twins,2026-08-27T01:04:55.025426+00:00,2026-08-27T23:52:12.362143+00:00,2026-08-27T19:52:12.362143-04:00,2026-08-27T19:52:12.362143-04:00,propline_free_sample
2026-08-26,2026-08-27 01:05:00+00:00,J.T. Ginn,3.5,over,-174,novig,167229,Athletics,Minnesota Twins,2026-08-26T20:51:53.991318+00:00,2026-08-27T23:52:12.362143+00:00,2026-08-27T19:52:12.362143-04:00,2026-08-27T19:52:12.362143-04:00,propline_free_sample
2026-08-26,2026-08-27 01:05:00+00:00,J.T. Ginn,3.5,under,144,novig,167229,Athletics,Minnesota Twins,2026-08-27T00:26:22.886504+00:00,2026-08-27T23:52:12.362143+00:00,2026-08-27T19:52:12.362143-04:00,2026-08-27T19:52:12.362143-04:00,propline_free_sample
2026-08-26,2026-08-27 01:05:00+00:00,Connor Prielipp,5.5,over,-160,betmgm,167229,Athletics,Minnesota Twins,2026-08-26T22:36:19.612892+00:00,2026-08-27T23:52:12.362143+00:00,2026-08-27T19:52:12.362143-04:00,2026-08-27T19:52:12.362143-04:00,propline_free_sample
2026-08-26,2026-08-27 01:05:00+00:00,Connor Prielipp,5.5,under,120,betmgm,167229,Athletics,Minnesota Twins,2026-08-26T22:36:19.612892+00:00,2026-08-27T23:52:12.362143+00:00,2026-08-27T19:52:12.362143-04:00,2026-08-27T19:52:12.362143-04:00,propline_free_sample
2026-08-26,2026-08-27 01:05:00+00:00,J.T. Ginn,3.5,over,110,betmgm,167229,Athletics,Minnesota Twins,2026-08-26T19:36:45.160885+00:00,2026-08-27T23:52:12.362143+00:00,2026-08-27T19:52:12.362143-04:00,2026-08-27T19:52:12.362143-04:00,propline_free_sample
2026-08-26,2026-08-27 01:05:00+00:00,J.T. Ginn,3.5,under,-150,betmgm,167229,Athletics,Minnesota Twins,2026-08-26T19:36:45.160885+00:00,2026-08-27T23:52:12.362143+00:00,2026-08-27T19:52:12.362143-04:00,2026-08-27T19:52:12.362143-04:00,propline_free_sample
2026-08-26,2026-08-27 01:05:00+00:00,J.T. Ginn,3.5,over,-156,rebet,167229,Athletics,Minnesota Twins,2026-08-26T12:13:22.314148+00:00,2026-08-27T23:52:12.362143+00:00,2026-08-27T19:52:12.362143-04:00,2026-08-27T19:52:12.362143-04:00,propline_free_sample
2026-08-26,2026-08-27 01:05:00+00:00,J.T. Ginn,3.5,under,113,rebet,167229,Athletics,Minnesota Twins,2026-08-26T12:13:22.314148+00:00,2026-08-27T23:52:12.362143+00:00,2026-08-27T19:52:12.362143-04:00,2026-08-27T19:52:12.362143-04:00,propline_free_sample
2026-08-26,2026-08-27 01:05:00+00:00,Connor Prielipp,6.5,over,203,novig,167229,Athletics,Minnesota Twins,2026-08-27T00:53:24.538264+00:00,2026-08-27T23:52:12.362143+00:00,2026-08-27T19:52:12.362143-04:00,2026-08-27T19:52:12.362143-04:00,propline_free_sample
2026-08-26,2026-08-27 01:05:00+00:00,Connor Prielipp,6.5,under,-257,novig,167229,Athletics,Minnesota Twins,2026-08-27T00:21:23.311738+00:00,2026-08-27T23:52:12.362143+00:00,2026-08-27T19:52:12.362143-04:00,2026-08-27T19:52:12.362143-04:00,propline_free_sample
2026-08-26,2026-08-27 01:05:00+00:00,Connor Prielipp (MIN),5.5,over,-120,betonlineag,167229,Athletics,Minnesota Twins,2026-08-26T15:17:27.968242+00:00,2026-08-27T23:52:12.362143+00:00,2026-08-27T19:52:12.362143-04:00,2026-08-27T19:52:12.362143-04:00,propline_free_sample
2026-08-26,2026-08-27 01:05:00+00:00,Connor Prielipp (MIN),5.5,under,-120,betonlineag,167229,Athletics,Minnesota Twins,2026-08-26T15:17:27.968242+00:00,2026-08-27T23:52:12.362143+00:00,2026-08-27T19:52:12.362143-04:00,2026-08-27T19:52:12.362143-04:00,propline_free_sample
2026-08-26,2026-08-27 01:05:00+00:00,J.T. Ginn (ATH),4.5,over,115,betonlineag,167229,Athletics,Minnesota Twins,2026-08-26T15:17:27.968242+00:00,2026-08-27T23:52:12.362143+00:00,2026-08-27T19:52:12.362143-04:00,2026-08-27T19:52:12.362143-04:00,propline_free_sample
2026-08-26,2026-08-27 01:05:00+00:00,J.T. Ginn (ATH),4.5,under,-155,betonlineag,167229,Athletics,Minnesota Twins,2026-08-26T15:17:27.968242+00:00,2026-08-27T23:52:12.362143+00:00,2026-08-27T19:52:12.362143-04:00,2026-08-27T19:52:12.362143-04:00,propline_free_sample
2026-08-26,2026-08-27 01:05:00+00:00,Connor Prielipp (MIN),5.5,over,-120,lowvig,167229,Athletics,Minnesota Twins,2026-08-26T15:17:30.481769+00:00,2026-08-27T23:52:12.362143+00:00,2026-08-27T19:52:12.362143-04:00,2026-08-27T19:52:12.362143-04:00,propline_free_sample
2026-08-26,2026-08-27 01:05:00+00:00,Connor Prielipp (MIN),5.5,under,-120,lowvig,167229,Athletics,Minnesota Twins,2026-08-26T15:17:30.481769+00:00,2026-08-27T23:52:12.362143+00:00,2026-08-27T19:52:12.362143-04:00,2026-08-27T19:52:12.362143-04:00,propline_free_sample
2026-08-26,2026-08-27 01:05:00+00:00,J.T. Ginn (ATH),4.5,over,115,lowvig,167229,Athletics,Minnesota Twins,2026-08-26T15:17:30.481769+00:00,2026-08-27T23:52:12.362143+00:00,2026-08-27T19:52:12.362143-04:00,2026-08-27T19:52:12.362143-04:00,propline_free_sample
2026-08-26,2026-08-27 01:05:00+00:00,J.T. Ginn (ATH),4.5,under,-155,lowvig,167229,Athletics,Minnesota Twins,2026-08-26T15:17:30.481769+00:00,2026-08-27T23:52:12.362143+00:00,2026-08-27T19:52:12.362143-04:00,2026-08-27T19:52:12.362143-04:00,propline_free_sample
2026-08-26,2026-08-26 23:45:00+00:00,Kyle Bradish,4.5,over,-104,fanduel,167095,St. Louis Cardinals,Baltimore Orioles,2026-08-26T19:55:00.727820+00:00,2026-08-27T23:52:12.362143+00:00,2026-08-27T19:52:12.362143-04:00,2026-08-27T19:52:12.362143-04:00,propline_free_sample
2026-08-26,2026-08-26 23:45:00+00:00,Kyle Bradish,4.5,under,-122,fanduel,167095,St. Louis Cardinals,Baltimore Orioles,2026-08-26T19:55:00.727820+00:00,2026-08-27T23:52:12.362143+00:00,2026-08-27T19:52:12.362143-04:00,2026-08-27T19:52:12.362143-04:00,propline_free_sample
2026-08-26,2026-08-26 23:45:00+00:00,Michael McGreevy,4.5,over,120,fanduel,167095,St. Louis Cardinals,Baltimore Orioles,2026-08-26T20:03:14.424649+00:00,2026-08-27T23:52:12.362143+00:00,2026-08-27T19:52:12.362143-04:00,2026-08-27T19:52:12.362143-04:00,propline_free_sample
2026-08-26,2026-08-26 23:45:00+00:00,Michael McGreevy,4.5,under,-154,fanduel,167095,St. Louis Cardinals,Baltimore Orioles,2026-08-26T20:03:14.424649+00:00,2026-08-27T23:52:12.362143+00:00,2026-08-27T19:52:12.362143-04:00,2026-08-27T19:52:12.362143-04:00,propline_free_sample
2026-08-26,2026-08-26 23:45:00+00:00,Kyle Bradish,4.5,over,100,prizepicks,167095,St. Louis Cardinals,Baltimore Orioles,2026-08-26T01:01:45.783464+00:00,2026-08-27T23:52:12.362143+00:00,2026-08-27T19:52:12.362143-04:00,2026-08-27T19:52:12.362143-04:00,propline_free_sample
2026-08-26,2026-08-26 23:45:00+00:00,Michael McGreevy,4.0,over,100,prizepicks,167095,St. Louis Cardinals,Baltimore Orioles,2026-08-26T13:47:40.079868+00:00,2026-08-27T23:52:12.362143+00:00,2026-08-27T19:52:12.362143-04:00,2026-08-27T19:52:12.362143-04:00,propline_free_sample
2026-08-26,2026-08-26 23:45:00+00:00,Kyle Bradish,4.5,under,100,prizepicks,167095,St. Louis Cardinals,Baltimore Orioles,2026-08-26T01:01:45.783464+00:00,2026-08-27T23:52:12.362143+00:00,2026-08-27T19:52:12.362143-04:00,2026-08-27T19:52:12.362143-04:00,propline_free_sample
2026-08-26,2026-08-26 23:45:00+00:00,Michael McGreevy,4.0,under,100,prizepicks,167095,St. Louis Cardinals,Baltimore Orioles,2026-08-26T13:47:40.079868+00:00,2026-08-27T23:52:12.362143+00:00,2026-08-27T19:52:12.362143-04:00,2026-08-27T19:52:12.362143-04:00,propline_free_sample
2026-08-26,2026-08-26 23:45:00+00:00,Kyle Bradish,5.5,over,100,prizepicks,167095,St. Louis Cardinals,Baltimore Orioles,2026-08-26T01:01:45.783464+00:00,2026-08-27T23:52:12.362143+00:00,2026-08-27T19:52:12.362143-04:00,2026-08-27T19:52:12.362143-04:00,propline_free_sample
2026-08-26,2026-08-26 23:45:00+00:00,Michael McGreevy,5.5,over,100,prizepicks,167095,St. Louis Cardinals,Baltimore Orioles,2026-08-26T01:01:45.783464+00:00,2026-08-27T23:52:12.362143+00:00,2026-08-27T19:52:12.362143-04:00,2026-08-27T19:52:12.362143-04:00,propline_free_sample
2026-08-26,2026-08-26 23:45:00+00:00,Kyle Bradish,5.5,under,100,prizepicks,167095,St. Louis Cardinals,Baltimore Orioles,2026-08-26T01:01:45.783464+00:00,2026-08-27T23:52:12.362143+00:00,2026-08-27T19:52:12.362143-04:00,2026-08-27T19:52:12.362143-04:00,propline_free_sample
2026-08-26,2026-08-26 23:45:00+00:00,Michael McGreevy,5.5,under,100,prizepicks,167095,St. Louis Cardinals,Baltimore Orioles,2026-08-26T01:01:45.783464+00:00,2026-08-27T23:52:12.362143+00:00,2026-08-27T19:52:12.362143-04:00,2026-08-27T19:52:12.362143-04:00,propline_free_sample
2026-08-26,2026-08-26 23:45:00+00:00,Kyle Bradish,6.5,over,100,prizepicks,167095,St. Louis Cardinals,Baltimore Orioles,2026-08-26T01:01:45.783464+00:00,2026-08-27T23:52:12.362143+00:00,2026-08-27T19:52:12.362143-04:00,2026-08-27T19:52:12.362143-04:00,propline_free_sample
2026-08-26,2026-08-26 23:45:00+00:00,Michael McGreevy,6.5,over,100,prizepicks,167095,St. Louis Cardinals,Baltimore Orioles,2026-08-26T01:01:45.783464+00:00,2026-08-27T23:52:12.362143+00:00,2026-08-27T19:52:12.362143-04:00,2026-08-27T19:52:12.362143-04:00,propline_free_sample
2026-08-26,2026-08-26 23:45:00+00:00,Kyle Bradish,6.5,under,100,prizepicks,167095,St. Louis Cardinals,Baltimore Orioles,2026-08-26T01:01:45.783464+00:00,2026-08-27T23:52:12.362143+00:00,2026-08-27T19:52:12.362143-04:00,2026-08-27T19:52:12.362143-04:00,propline_free_sample
2026-08-26,2026-08-26 23:45:00+00:00,Michael McGreevy,6.5,under,100,prizepicks,167095,St. Louis Cardinals,Baltimore Orioles,2026-08-26T01:01:45.783464+00:00,2026-08-27T23:52:12.362143+00:00,2026-08-27T19:52:12.362143-04:00,2026-08-27T19:52:12.362143-04:00,propline_free_sample
2026-08-26,2026-08-26 23:45:00+00:00,Kyle Bradish,3.5,over,100,prizepicks,167095,St. Louis Cardinals,Baltimore Orioles,2026-08-26T01:01:45.783464+00:00,2026-08-27T23:52:12.362143+00:00,2026-08-27T19:52:12.362143-04:00,2026-08-27T19:52:12.362143-04:00,propline_free_sample
2026-08-26,2026-08-26 23:45:00+00:00,Michael McGreevy,3.5,over,100,prizepicks,167095,St. Louis Cardinals,Baltimore Orioles,2026-08-26T01:01:45.783464+00:00,2026-08-27T23:52:12.362143+00:00,2026-08-27T19:52:12.362143-04:00,2026-08-27T19:52:12.362143-04:00,propline_free_sample
2026-08-26,2026-08-26 23:45:00+00:00,Kyle Bradish,3.5,under,100,prizepicks,167095,St. Louis Cardinals,Baltimore Orioles,2026-08-26T01:01:45.783464+00:00,2026-08-27T23:52:12.362143+00:00,2026-08-27T19:52:12.362143-04:00,2026-08-27T19:52:12.362143-04:00,propline_free_sample
2026-08-26,2026-08-26 23:45:00+00:00,Michael McGreevy,3.5,under,100,prizepicks,167095,St. Louis Cardinals,Baltimore Orioles,2026-08-26T01:01:45.783464+00:00,2026-08-27T23:52:12.362143+00:00,2026-08-27T19:52:12.362143-04:00,2026-08-27T19:52:12.362143-04:00,propline_free_sample
2026-08-26,2026-08-26 23:45:00+00:00,Kyle Bradish (BAL),4.5,over,-105,bovada,167095,St. Louis Cardinals,Baltimore Orioles,2026-08-26T20:11:34.175134+00:00,2026-08-27T23:52:12.362143+00:00,2026-08-27T19:52:12.362143-04:00,2026-08-27T19:52:12.362143-04:00,propline_free_sample
2026-08-26,2026-08-26 23:45:00+00:00,Kyle Bradish (BAL),4.5,under,-125,bovada,167095,St. Louis Cardinals,Baltimore Orioles,2026-08-26T20:11:34.175134+00:00,2026-08-27T23:52:12.362143+00:00,2026-08-27T19:52:12.362143-04:00,2026-08-27T19:52:12.362143-04:00,propline_free_sample
2026-08-26,2026-08-26 23:45:00+00:00,Michael McGreevy (STL),4.5,over,120,bovada,167095,St. Louis Cardinals,Baltimore Orioles,2026-08-26T19:50:44.174482+00:00,2026-08-27T23:52:12.362143+00:00,2026-08-27T19:52:12.362143-04:00,2026-08-27T19:52:12.362143-04:00,propline_free_sample
2026-08-26,2026-08-26 23:45:00+00:00,Michael McGreevy (STL),4.5,under,-160,bovada,167095,St. Louis Cardinals,Baltimore Orioles,2026-08-26T19:50:44.174482+00:00,2026-08-27T23:52:12.362143+00:00,2026-08-27T19:52:12.362143-04:00,2026-08-27T19:52:12.362143-04:00,propline_free_sample
2026-08-26,2026-08-26 23:45:00+00:00,Kyle Bradish,7.5,over,100,prizepicks,167095,St. Louis Cardinals,Baltimore Orioles,2026-08-26T01:07:49.258555+00:00,2026-08-27T23:52:12.362143+00:00,2026-08-27T19:52:12.362143-04:00,2026-08-27T19:52:12.362143-04:00,propline_free_sample
2026-08-26,2026-08-26 23:45:00+00:00,Michael McGreevy,7.5,over,100,prizepicks,167095,St. Louis Cardinals,Baltimore Orioles,2026-08-26T01:07:49.258555+00:00,2026-08-27T23:52:12.362143+00:00,2026-08-27T19:52:12.362143-04:00,2026-08-27T19:52:12.362143-04:00,propline_free_sample
2026-08-26,2026-08-26 23:45:00+00:00,Kyle Bradish,7.5,under,100,prizepicks,167095,St. Louis Cardinals,Baltimore Orioles,2026-08-26T01:07:49.258555+00:00,2026-08-27T23:52:12.362143+00:00,2026-08-27T19:52:12.362143-04:00,2026-08-27T19:52:12.362143-04:00,propline_free_sample
2026-08-26,2026-08-26 23:45:00+00:00,Michael McGreevy,7.5,under,100,prizepicks,167095,St. Louis Cardinals,Baltimore Orioles,2026-08-26T01:07:49.258555+00:00,2026-08-27T23:52:12.362143+00:00,2026-08-27T19:52:12.362143-04:00,2026-08-27T19:52:12.362143-04:00,propline_free_sample
2026-08-26,2026-08-26 23:45:00+00:00,Kyle Bradish,8.5,over,100,prizepicks,167095,St. Louis Cardinals,Baltimore Orioles,2026-08-26T01:07:49.258555+00:00,2026-08-27T23:52:12.362143+00:00,2026-08-27T19:52:12.362143-04:00,2026-08-27T19:52:12.362143-04:00,propline_free_sample
2026-08-26,2026-08-26 23:45:00+00:00,Michael McGreevy,8.5,over,100,prizepicks,167095,St. Louis Cardinals,Baltimore Orioles,2026-08-26T01:07:49.258555+00:00,2026-08-27T23:52:12.362143+00:00,2026-08-27T19:52:12.362143-04:00,2026-08-27T19:52:12.362143-04:00,propline_free_sample
2026-08-26,2026-08-26 23:45:00+00:00,Kyle Bradish,8.5,under,100,prizepicks,167095,St. Louis Cardinals,Baltimore Orioles,2026-08-26T01:07:49.258555+00:00,2026-08-27T23:52:12.362143+00:00,2026-08-27T19:52:12.362143-04:00,2026-08-27T19:52:12.362143-04:00,propline_free_sample
2026-08-26,2026-08-26 23:45:00+00:00,Michael McGreevy,8.5,under,100,prizepicks,167095,St. Louis Cardinals,Baltimore Orioles,2026-08-26T01:07:49.258555+00:00,2026-08-27T23:52:12.362143+00:00,2026-08-27T19:52:12.362143-04:00,2026-08-27T19:52:12.362143-04:00,propline_free_sample
2026-08-26,2026-08-26 23:45:00+00:00,Kyle Bradish,2.5,over,100,prizepicks,167095,St. Louis Cardinals,Baltimore Orioles,2026-08-26T01:07:49.258555+00:00,2026-08-27T23:52:12.362143+00:00,2026-08-27T19:52:12.362143-04:00,2026-08-27T19:52:12.362143-04:00,propline_free_sample
2026-08-26,2026-08-26 23:45:00+00:00,Michael McGreevy,2.5,over,100,prizepicks,167095,St. Louis Cardinals,Baltimore Orioles,2026-08-26T01:07:49.258555+00:00,2026-08-27T23:52:12.362143+00:00,2026-08-27T19:52:12.362143-04:00,2026-08-27T19:52:12.362143-04:00,propline_free_sample
2026-08-26,2026-08-26 23:45:00+00:00,Kyle Bradish,2.5,under,100,prizepicks,167095,St. Louis Cardinals,Baltimore Orioles,2026-08-26T01:07:49.258555+00:00,2026-08-27T23:52:12.362143+00:00,2026-08-27T19:52:12.362143-04:00,2026-08-27T19:52:12.362143-04:00,propline_free_sample
2026-08-26,2026-08-26 23:45:00+00:00,Michael McGreevy,2.5,under,100,prizepicks,167095,St. Louis Cardinals,Baltimore Orioles,2026-08-26T01:07:49.258555+00:00,2026-08-27T23:52:12.362143+00:00,2026-08-27T19:52:12.362143-04:00,2026-08-27T19:52:12.362143-04:00,propline_free_sample
2026-08-26,2026-08-26 23:45:00+00:00,Kyle Bradish,4.5,over,-120,sleeper,167095,St. Louis Cardinals,Baltimore Orioles,2026-08-26T23:25:49.863689+00:00,2026-08-27T23:52:12.362143+00:00,2026-08-27T19:52:12.362143-04:00,2026-08-27T19:52:12.362143-04:00,propline_free_sample
2026-08-26,2026-08-26 23:45:00+00:00,Michael McGreevy,4.5,over,102,sleeper,167095,St. Louis Cardinals,Baltimore Orioles,2026-08-26T22:20:41.277004+00:00,2026-08-27T23:52:12.362143+00:00,2026-08-27T19:52:12.362143-04:00,2026-08-27T19:52:12.362143-04:00,propline_free_sample
2026-08-26,2026-08-26 23:45:00+00:00,Kyle Bradish,4.5,under,-137,sleeper,167095,St. Louis Cardinals,Baltimore Orioles,2026-08-26T23:30:35.900071+00:00,2026-08-27T23:52:12.362143+00:00,2026-08-27T19:52:12.362143-04:00,2026-08-27T19:52:12.362143-04:00,propline_free_sample
2026-08-26,2026-08-26 23:45:00+00:00,Michael McGreevy,4.5,under,-169,sleeper,167095,St. Louis Cardinals,Baltimore Orioles,2026-08-26T22:20:41.277004+00:00,2026-08-27T23:52:12.362143+00:00,2026-08-27T19:52:12.362143-04:00,2026-08-27T19:52:12.362143-04:00,propline_free_sample
2026-08-26,2026-08-26 23:45:00+00:00,Kyle Bradish,4.5,over,-104,novig,167095,St. Louis Cardinals,Baltimore Orioles,2026-08-26T23:26:02.727115+00:00,2026-08-27T23:52:12.362143+00:00,2026-08-27T19:52:12.362143-04:00,2026-08-27T19:52:12.362143-04:00,propline_free_sample
2026-08-26,2026-08-26 23:45:00+00:00,Kyle Bradish,4.5,under,-111,novig,167095,St. Louis Cardinals,Baltimore Orioles,2026-08-26T23:43:20.837999+00:00,2026-08-27T23:52:12.362143+00:00,2026-08-27T19:52:12.362143-04:00,2026-08-27T19:52:12.362143-04:00,propline_free_sample
2026-08-26,2026-08-26 23:45:00+00:00,Kyle Bradish,4.5,over,-162,prophetx,167095,St. Louis Cardinals,Baltimore Orioles,2026-08-26T23:40:44.674354+00:00,2026-08-27T23:52:12.362143+00:00,2026-08-27T19:52:12.362143-04:00,2026-08-27T19:52:12.362143-04:00,propline_free_sample
2026-08-26,2026-08-26 23:45:00+00:00,Kyle Bradish,4.5,under,122,prophetx,167095,St. Louis Cardinals,Baltimore Orioles,2026-08-26T23:42:20.614253+00:00,2026-08-27T23:52:12.362143+00:00,2026-08-27T19:52:12.362143-04:00,2026-08-27T19:52:12.362143-04:00,propline_free_sample
2026-08-26,2026-08-26 23:45:00+00:00,Michael McGreevy,4.5,over,120,prophetx,167095,St. Louis Cardinals,Baltimore Orioles,2026-08-26T23:43:55.277750+00:00,2026-08-27T23:52:12.362143+00:00,2026-08-27T19:52:12.362143-04:00,2026-08-27T19:52:12.362143-04:00,propline_free_sample
2026-08-26,2026-08-26 23:45:00+00:00,Michael McGreevy,4.5,under,-142,prophetx,167095,St. Louis Cardinals,Baltimore Orioles,2026-08-26T23:30:48.880546+00:00,2026-08-27T23:52:12.362143+00:00,2026-08-27T19:52:12.362143-04:00,2026-08-27T19:52:12.362143-04:00,propline_free_sample
2026-08-26,2026-08-26 23:45:00+00:00,Kyle Bradish,4.5,over,101,dabble,167095,St. Louis Cardinals,Baltimore Orioles,2026-08-26T23:33:45.423868+00:00,2026-08-27T23:52:12.362143+00:00,2026-08-27T19:52:12.362143-04:00,2026-08-27T19:52:12.362143-04:00,propline_free_sample
2026-08-26,2026-08-26 23:45:00+00:00,Michael McGreevy,4.5,over,-125,dabble,167095,St. Louis Cardinals,Baltimore Orioles,2026-08-26T13:41:37.618162+00:00,2026-08-27T23:52:12.362143+00:00,2026-08-27T19:52:12.362143-04:00,2026-08-27T19:52:12.362143-04:00,propline_free_sample
2026-08-26,2026-08-26 23:45:00+00:00,Kyle Bradish,4.5,under,100,dabble,167095,St. Louis Cardinals,Baltimore Orioles,2026-08-26T23:33:45.423868+00:00,2026-08-27T23:52:12.362143+00:00,2026-08-27T19:52:12.362143-04:00,2026-08-27T19:52:12.362143-04:00,propline_free_sample
2026-08-26,2026-08-26 23:45:00+00:00,Michael McGreevy,4.5,under,120,dabble,167095,St. Louis Cardinals,Baltimore Orioles,2026-08-26T13:41:37.618162+00:00,2026-08-27T23:52:12.362143+00:00,2026-08-27T19:52:12.362143-04:00,2026-08-27T19:52:12.362143-04:00,propline_free_sample
2026-08-26,2026-08-26 23:45:00+00:00,Kyle Bradish,4.5,over,-118,smarkets,167095,St. Louis Cardinals,Baltimore Orioles,2026-08-26T23:37:19.644389+00:00,2026-08-27T23:52:12.362143+00:00,2026-08-27T19:52:12.362143-04:00,2026-08-27T19:52:12.362143-04:00,propline_free_sample
2026-08-26,2026-08-26 23:45:00+00:00,Kyle Bradish,4.5,under,-119,smarkets,167095,St. Louis Cardinals,Baltimore Orioles,2026-08-26T23:37:19.644389+00:00,2026-08-27T23:52:12.362143+00:00,2026-08-27T19:52:12.362143-04:00,2026-08-27T19:52:12.362143-04:00,propline_free_sample
2026-08-26,2026-08-26 23:45:00+00:00,Michael McGreevy,4.5,over,118,smarkets,167095,St. Louis Cardinals,Baltimore Orioles,2026-08-26T20:40:35.252767+00:00,2026-08-27T23:52:12.362143+00:00,2026-08-27T19:52:12.362143-04:00,2026-08-27T19:52:12.362143-04:00,propline_free_sample
2026-08-26,2026-08-26 23:45:00+00:00,Michael McGreevy,4.5,under,-167,smarkets,167095,St. Louis Cardinals,Baltimore Orioles,2026-08-26T21:47:31.152908+00:00,2026-08-27T23:52:12.362143+00:00,2026-08-27T19:52:12.362143-04:00,2026-08-27T19:52:12.362143-04:00,propline_free_sample
2026-08-26,2026-08-26 23:45:00+00:00,Kyle Bradish,4.5,over,-102,underdog,167095,St. Louis Cardinals,Baltimore Orioles,2026-08-26T21:17:45.248305+00:00,2026-08-27T23:52:12.362143+00:00,2026-08-27T19:52:12.362143-04:00,2026-08-27T19:52:12.362143-04:00,propline_free_sample
2026-08-26,2026-08-26 23:45:00+00:00,Kyle Bradish,4.5,under,-134,underdog,167095,St. Louis Cardinals,Baltimore Orioles,2026-08-26T21:17:45.248305+00:00,2026-08-27T23:52:12.362143+00:00,2026-08-27T19:52:12.362143-04:00,2026-08-27T19:52:12.362143-04:00,propline_free_sample
2026-08-26,2026-08-26 23:45:00+00:00,Michael McGreevy,4.5,over,104,underdog,167095,St. Louis Cardinals,Baltimore Orioles,2026-08-26T11:11:35.096490+00:00,2026-08-27T23:52:12.362143+00:00,2026-08-27T19:52:12.362143-04:00,2026-08-27T19:52:12.362143-04:00,propline_free_sample
2026-08-26,2026-08-26 23:45:00+00:00,Michael McGreevy,4.5,under,-141,underdog,167095,St. Louis Cardinals,Baltimore Orioles,2026-08-26T11:11:35.096490+00:00,2026-08-27T23:52:12.362143+00:00,2026-08-27T19:52:12.362143-04:00,2026-08-27T19:52:12.362143-04:00,propline_free_sample
2026-08-26,2026-08-26 23:45:00+00:00,Michael McGreevy,4.5,over,110,draftkings,167095,St. Louis Cardinals,Baltimore Orioles,2026-08-26T23:33:41.169058+00:00,2026-08-27T23:52:12.362143+00:00,2026-08-27T19:52:12.362143-04:00,2026-08-27T19:52:12.362143-04:00,propline_free_sample
2026-08-26,2026-08-26 23:45:00+00:00,Michael McGreevy,4.5,under,-140,draftkings,167095,St. Louis Cardinals,Baltimore Orioles,2026-08-26T23:33:41.169058+00:00,2026-08-27T23:52:12.362143+00:00,2026-08-27T19:52:12.362143-04:00,2026-08-27T19:52:12.362143-04:00,propline_free_sample
2026-08-26,2026-08-26 23:45:00+00:00,Michael McGreevy,4.5,over,-104,novig,167095,St. Louis Cardinals,Baltimore Orioles,2026-08-26T23:41:20.197993+00:00,2026-08-27T23:52:12.362143+00:00,2026-08-27T19:52:12.362143-04:00,2026-08-27T19:52:12.362143-04:00,propline_free_sample
2026-08-26,2026-08-26 23:45:00+00:00,Michael McGreevy,4.5,under,-194,novig,167095,St. Louis Cardinals,Baltimore Orioles,2026-08-26T23:43:47.291530+00:00,2026-08-27T23:52:12.362143+00:00,2026-08-27T19:52:12.362143-04:00,2026-08-27T19:52:12.362143-04:00,propline_free_sample
2026-08-26,2026-08-26 23:45:00+00:00,Kyle Bradish,4.5,over,-110,draftkings,167095,St. Louis Cardinals,Baltimore Orioles,2026-08-26T22:18:45.142282+00:00,2026-08-27T23:52:12.362143+00:00,2026-08-27T19:52:12.362143-04:00,2026-08-27T19:52:12.362143-04:00,propline_free_sample
2026-08-26,2026-08-26 23:45:00+00:00,Kyle Bradish,4.5,under,-116,draftkings,167095,St. Louis Cardinals,Baltimore Orioles,2026-08-26T22:18:45.142282+00:00,2026-08-27T23:52:12.362143+00:00,2026-08-27T19:52:12.362143-04:00,2026-08-27T19:52:12.362143-04:00,propline_free_sample
2026-08-26,2026-08-26 23:45:00+00:00,Kyle Bradish,1.5,over,-4900,kalshi,167095,St. Louis Cardinals,Baltimore Orioles,2026-08-26T23:23:51.250026+00:00,2026-08-27T23:52:12.362143+00:00,2026-08-27T19:52:12.362143-04:00,2026-08-27T19:52:12.362143-04:00,propline_free_sample
2026-08-26,2026-08-26 23:45:00+00:00,Kyle Bradish,2.5,over,-4900,kalshi,167095,St. Louis Cardinals,Baltimore Orioles,2026-08-26T23:41:50.257335+00:00,2026-08-27T23:52:12.362143+00:00,2026-08-27T19:52:12.362143-04:00,2026-08-27T19:52:12.362143-04:00,propline_free_sample
2026-08-26,2026-08-26 23:45:00+00:00,Michael McGreevy,2.5,over,-223,kalshi,167095,St. Louis Cardinals,Baltimore Orioles,2026-08-26T19:56:02.512801+00:00,2026-08-27T23:52:12.362143+00:00,2026-08-27T19:52:12.362143-04:00,2026-08-27T19:52:12.362143-04:00,propline_free_sample
2026-08-26,2026-08-26 23:45:00+00:00,Kyle Bradish,3.5,over,-4900,kalshi,167095,St. Louis Cardinals,Baltimore Orioles,2026-08-26T23:43:21.294530+00:00,2026-08-27T23:52:12.362143+00:00,2026-08-27T19:52:12.362143-04:00,2026-08-27T19:52:12.362143-04:00,propline_free_sample
2026-08-26,2026-08-26 23:45:00+00:00,Michael McGreevy,3.5,over,9900,kalshi,167095,St. Louis Cardinals,Baltimore Orioles,2026-08-26T22:58:27.613109+00:00,2026-08-27T23:52:12.362143+00:00,2026-08-27T19:52:12.362143-04:00,2026-08-27T19:52:12.362143-04:00,propline_free_sample
2026-08-26,2026-08-26 23:45:00+00:00,Kyle Bradish,4.5,over,9900,kalshi,167095,St. Louis Cardinals,Baltimore Orioles,2026-08-26T23:44:50.774355+00:00,2026-08-27T23:52:12.362143+00:00,2026-08-27T19:52:12.362143-04:00,2026-08-27T19:52:12.362143-04:00,propline_free_sample
2026-08-26,2026-08-26 23:45:00+00:00,Michael McGreevy,4.5,over,9900,kalshi,167095,St. Louis Cardinals,Baltimore Orioles,2026-08-26T23:31:50.070006+00:00,2026-08-27T23:52:12.362143+00:00,2026-08-27T19:52:12.362143-04:00,2026-08-27T19:52:12.362143-04:00,propline_free_sample
2026-08-26,2026-08-26 23:45:00+00:00,Kyle Bradish,4.5,under,-525,kalshi,167095,St. Louis Cardinals,Baltimore Orioles,2026-08-26T22:52:19.489668+00:00,2026-08-27T23:52:12.362143+00:00,2026-08-27T19:52:12.362143-04:00,2026-08-27T19:52:12.362143-04:00,propline_free_sample
2026-08-26,2026-08-26 23:45:00+00:00,Kyle Bradish,5.5,over,9900,kalshi,167095,St. Louis Cardinals,Baltimore Orioles,2026-08-26T22:58:27.613109+00:00,2026-08-27T23:52:12.362143+00:00,2026-08-27T19:52:12.362143-04:00,2026-08-27T19:52:12.362143-04:00,propline_free_sample
2026-08-26,2026-08-26 23:45:00+00:00,Michael McGreevy,5.5,over,9900,kalshi,167095,St. Louis Cardinals,Baltimore Orioles,2026-08-26T23:41:50.257335+00:00,2026-08-27T23:52:12.362143+00:00,2026-08-27T19:52:12.362143-04:00,2026-08-27T19:52:12.362143-04:00,propline_free_sample
2026-08-26,2026-08-26 23:45:00+00:00,Kyle Bradish,6.5,over,9900,kalshi,167095,St. Louis Cardinals,Baltimore Orioles,2026-08-26T19:40:53.687290+00:00,2026-08-27T23:52:12.362143+00:00,2026-08-27T19:52:12.362143-04:00,2026-08-27T19:52:12.362143-04:00,propline_free_sample
2026-08-26,2026-08-26 23:45:00+00:00,Michael McGreevy,6.5,over,9900,kalshi,167095,St. Louis Cardinals,Baltimore Orioles,2026-08-26T19:32:15.247912+00:00,2026-08-27T23:52:12.362143+00:00,2026-08-27T19:52:12.362143-04:00,2026-08-27T19:52:12.362143-04:00,propline_free_sample
2026-08-26,2026-08-26 23:45:00+00:00,Kyle Bradish,7.5,over,9900,kalshi,167095,St. Louis Cardinals,Baltimore Orioles,2026-08-26T19:40:53.687290+00:00,2026-08-27T23:52:12.362143+00:00,2026-08-27T19:52:12.362143-04:00,2026-08-27T19:52:12.362143-04:00,propline_free_sample
2026-08-26,2026-08-26 23:45:00+00:00,Michael McGreevy,7.5,over,9900,kalshi,167095,St. Louis Cardinals,Baltimore Orioles,2026-08-26T16:36:49.008792+00:00,2026-08-27T23:52:12.362143+00:00,2026-08-27T19:52:12.362143-04:00,2026-08-27T19:52:12.362143-04:00,propline_free_sample
2026-08-26,2026-08-26 23:45:00+00:00,Kyle Bradish,2.5,under,9900,kalshi,167095,St. Louis Cardinals,Baltimore Orioles,2026-08-26T23:43:21.294530+00:00,2026-08-27T23:52:12.362143+00:00,2026-08-27T19:52:12.362143-04:00,2026-08-27T19:52:12.362143-04:00,propline_free_sample
2026-08-26,2026-08-26 23:45:00+00:00,Michael McGreevy,2.5,under,9900,kalshi,167095,St. Louis Cardinals,Baltimore Orioles,2026-08-26T20:09:45.372596+00:00,2026-08-27T23:52:12.362143+00:00,2026-08-27T19:52:12.362143-04:00,2026-08-27T19:52:12.362143-04:00,propline_free_sample
2026-08-26,2026-08-26 23:45:00+00:00,Kyle Bradish,3.5,under,9900,kalshi,167095,St. Louis Cardinals,Baltimore Orioles,2026-08-26T23:43:21.294530+00:00,2026-08-27T23:52:12.362143+00:00,2026-08-27T19:52:12.362143-04:00,2026-08-27T19:52:12.362143-04:00,propline_free_sample
2026-08-26,2026-08-26 23:45:00+00:00,Michael McGreevy,3.5,under,-1567,kalshi,167095,St. Louis Cardinals,Baltimore Orioles,2026-08-26T22:58:27.613109+00:00,2026-08-27T23:52:12.362143+00:00,2026-08-27T19:52:12.362143-04:00,2026-08-27T19:52:12.362143-04:00,propline_free_sample
2026-08-26,2026-08-26 23:45:00+00:00,Michael McGreevy,4.5,under,-1900,kalshi,167095,St. Louis Cardinals,Baltimore Orioles,2026-08-26T23:31:50.070006+00:00,2026-08-27T23:52:12.362143+00:00,2026-08-27T19:52:12.362143-04:00,2026-08-27T19:52:12.362143-04:00,propline_free_sample
2026-08-26,2026-08-26 23:45:00+00:00,Kyle Bradish,5.5,under,-1011,kalshi,167095,St. Louis Cardinals,Baltimore Orioles,2026-08-26T22:58:27.613109+00:00,2026-08-27T23:52:12.362143+00:00,2026-08-27T19:52:12.362143-04:00,2026-08-27T19:52:12.362143-04:00,propline_free_sample
2026-08-26,2026-08-26 23:45:00+00:00,Michael McGreevy,5.5,under,-4900,kalshi,167095,St. Louis Cardinals,Baltimore Orioles,2026-08-26T23:41:50.257335+00:00,2026-08-27T23:52:12.362143+00:00,2026-08-27T19:52:12.362143-04:00,2026-08-27T19:52:12.362143-04:00,propline_free_sample
2026-08-26,2026-08-26 23:45:00+00:00,Kyle Bradish,6.5,under,-3233,kalshi,167095,St. Louis Cardinals,Baltimore Orioles,2026-08-26T19:40:53.687290+00:00,2026-08-27T23:52:12.362143+00:00,2026-08-27T19:52:12.362143-04:00,2026-08-27T19:52:12.362143-04:00,propline_free_sample
2026-08-26,2026-08-26 23:45:00+00:00,Michael McGreevy,6.5,under,-9900,kalshi,167095,St. Louis Cardinals,Baltimore Orioles,2026-08-26T23:41:50.257335+00:00,2026-08-27T23:52:12.362143+00:00,2026-08-27T19:52:12.362143-04:00,2026-08-27T19:52:12.362143-04:00,propline_free_sample
2026-08-26,2026-08-26 23:45:00+00:00,Kyle Bradish,7.5,under,-4900,kalshi,167095,St. Louis Cardinals,Baltimore Orioles,2026-08-26T19:40:53.687290+00:00,2026-08-27T23:52:12.362143+00:00,2026-08-27T19:52:12.362143-04:00,2026-08-27T19:52:12.362143-04:00,propline_free_sample
2026-08-26,2026-08-26 23:45:00+00:00,Kyle Bradish,4.5,over,-111,rebet,167095,St. Louis Cardinals,Baltimore Orioles,2026-08-26T23:12:52.699734+00:00,2026-08-27T23:52:12.362143+00:00,2026-08-27T19:52:12.362143-04:00,2026-08-27T19:52:12.362143-04:00,propline_free_sample
2026-08-26,2026-08-26 23:45:00+00:00,Mike McGreevy,4.5,over,111,rebet,167095,St. Louis Cardinals,Baltimore Orioles,2026-08-26T23:37:22.454132+00:00,2026-08-27T23:52:12.362143+00:00,2026-08-27T19:52:12.362143-04:00,2026-08-27T19:52:12.362143-04:00,propline_free_sample
2026-08-26,2026-08-26 23:45:00+00:00,Kyle Bradish,4.5,under,-124,rebet,167095,St. Louis Cardinals,Baltimore Orioles,2026-08-26T23:12:52.699734+00:00,2026-08-27T23:52:12.362143+00:00,2026-08-27T19:52:12.362143-04:00,2026-08-27T19:52:12.362143-04:00,propline_free_sample
2026-08-26,2026-08-26 23:45:00+00:00,Mike McGreevy,4.5,under,-154,rebet,167095,St. Louis Cardinals,Baltimore Orioles,2026-08-26T23:37:22.454132+00:00,2026-08-27T23:52:12.362143+00:00,2026-08-27T19:52:12.362143-04:00,2026-08-27T19:52:12.362143-04:00,propline_free_sample
2026-08-26,2026-08-26 23:45:00+00:00,Kyle Bradish,1.5,under,9900,kalshi,167095,St. Louis Cardinals,Baltimore Orioles,2026-08-26T23:36:50.671921+00:00,2026-08-27T23:52:12.362143+00:00,2026-08-27T19:52:12.362143-04:00,2026-08-27T19:52:12.362143-04:00,propline_free_sample
2026-08-26,2026-08-26 23:45:00+00:00,Michael McGreevy,7.5,under,-9900,kalshi,167095,St. Louis Cardinals,Baltimore Orioles,2026-08-26T16:14:07.003426+00:00,2026-08-27T23:52:12.362143+00:00,2026-08-27T19:52:12.362143-04:00,2026-08-27T19:52:12.362143-04:00,propline_free_sample
2026-08-26,2026-08-26 23:45:00+00:00,Kyle Bradish,4.5,over,-105,onexbet,167095,St. Louis Cardinals,Baltimore Orioles,2026-08-26T18:16:18.933414+00:00,2026-08-27T23:52:12.362143+00:00,2026-08-27T19:52:12.362143-04:00,2026-08-27T19:52:12.362143-04:00,propline_free_sample
2026-08-26,2026-08-26 23:45:00+00:00,Michael McGreevy,4.5,over,130,onexbet,167095,St. Louis Cardinals,Baltimore Orioles,2026-08-26T23:12:44.718790+00:00,2026-08-27T23:52:12.362143+00:00,2026-08-27T19:52:12.362143-04:00,2026-08-27T19:52:12.362143-04:00,propline_free_sample
2026-08-26,2026-08-26 23:45:00+00:00,Kyle Bradish,4.5,under,-130,onexbet,167095,St. Louis Cardinals,Baltimore Orioles,2026-08-26T18:16:18.933414+00:00,2026-08-27T23:52:12.362143+00:00,2026-08-27T19:52:12.362143-04:00,2026-08-27T19:52:12.362143-04:00,propline_free_sample
2026-08-26,2026-08-26 23:45:00+00:00,Michael McGreevy,4.5,under,-170,onexbet,167095,St. Louis Cardinals,Baltimore Orioles,2026-08-26T23:12:44.718790+00:00,2026-08-27T23:52:12.362143+00:00,2026-08-27T19:52:12.362143-04:00,2026-08-27T19:52:12.362143-04:00,propline_free_sample
2026-08-26,2026-08-26 23:45:00+00:00,Kyle Bradish,4.5,over,-102,pinnacle,167095,St. Louis Cardinals,Baltimore Orioles,2026-08-26T23:16:01.439652+00:00,2026-08-27T23:52:12.362143+00:00,2026-08-27T19:52:12.362143-04:00,2026-08-27T19:52:12.362143-04:00,propline_free_sample
2026-08-26,2026-08-26 23:45:00+00:00,Kyle Bradish,4.5,under,-129,pinnacle,167095,St. Louis Cardinals,Baltimore Orioles,2026-08-26T23:16:01.439652+00:00,2026-08-27T23:52:12.362143+00:00,2026-08-27T19:52:12.362143-04:00,2026-08-27T19:52:12.362143-04:00,propline_free_sample
2026-08-26,2026-08-26 23:45:00+00:00,Michael McGreevy,4.5,over,112,pinnacle,167095,St. Louis Cardinals,Baltimore Orioles,2026-08-26T19:14:53.988872+00:00,2026-08-27T23:52:12.362143+00:00,2026-08-27T19:52:12.362143-04:00,2026-08-27T19:52:12.362143-04:00,propline_free_sample
2026-08-26,2026-08-26 23:45:00+00:00,Michael McGreevy,4.5,under,-149,pinnacle,167095,St. Louis Cardinals,Baltimore Orioles,2026-08-26T19:14:53.988872+00:00,2026-08-27T23:52:12.362143+00:00,2026-08-27T19:52:12.362143-04:00,2026-08-27T19:52:12.362143-04:00,propline_free_sample
2026-08-26,2026-08-26 23:45:00+00:00,Kyle Bradish,5.5,over,115,betmgm,167095,St. Louis Cardinals,Baltimore Orioles,2026-08-26T19:59:39.194070+00:00,2026-08-27T23:52:12.362143+00:00,2026-08-27T19:52:12.362143-04:00,2026-08-27T19:52:12.362143-04:00,propline_free_sample
2026-08-26,2026-08-26 23:45:00+00:00,Kyle Bradish,5.5,under,-155,betmgm,167095,St. Louis Cardinals,Baltimore Orioles,2026-08-26T19:59:39.194070+00:00,2026-08-27T23:52:12.362143+00:00,2026-08-27T19:52:12.362143-04:00,2026-08-27T19:52:12.362143-04:00,propline_free_sample
2026-08-26,2026-08-26 23:45:00+00:00,Michael McGreevy,2.5,over,125,betmgm,167095,St. Louis Cardinals,Baltimore Orioles,2026-08-26T19:32:33.230249+00:00,2026-08-27T23:52:12.362143+00:00,2026-08-27T19:52:12.362143-04:00,2026-08-27T19:52:12.362143-04:00,propline_free_sample
2026-08-26,2026-08-26 23:45:00+00:00,Michael McGreevy,2.5,under,-165,betmgm,167095,St. Louis Cardinals,Baltimore Orioles,2026-08-26T19:32:33.230249+00:00,2026-08-27T23:52:12.362143+00:00,2026-08-27T19:52:12.362143-04:00,2026-08-27T19:52:12.362143-04:00,propline_free_sample
2026-08-26,2026-08-26 23:45:00+00:00,Kyle Bradish,4.5,over,-104,betrivers,167095,St. Louis Cardinals,Baltimore Orioles,2026-08-26T21:19:50.818297+00:00,2026-08-27T23:52:12.362143+00:00,2026-08-27T19:52:12.362143-04:00,2026-08-27T19:52:12.362143-04:00,propline_free_sample
2026-08-26,2026-08-26 23:45:00+00:00,Kyle Bradish,4.5,under,-129,betrivers,167095,St. Louis Cardinals,Baltimore Orioles,2026-08-26T21:19:50.818297+00:00,2026-08-27T23:52:12.362143+00:00,2026-08-27T19:52:12.362143-04:00,2026-08-27T19:52:12.362143-04:00,propline_free_sample
2026-08-26,2026-08-26 23:45:00+00:00,Michael McGreevy,4.5,over,112,betrivers,167095,St. Louis Cardinals,Baltimore Orioles,2026-08-26T21:13:55.368870+00:00,2026-08-27T23:52:12.362143+00:00,2026-08-27T19:52:12.362143-04:00,2026-08-27T19:52:12.362143-04:00,propline_free_sample
2026-08-26,2026-08-26 23:45:00+00:00,Michael McGreevy,4.5,under,-148,betrivers,167095,St. Louis Cardinals,Baltimore Orioles,2026-08-26T21:15:54.954039+00:00,2026-08-27T23:52:12.362143+00:00,2026-08-27T19:52:12.362143-04:00,2026-08-27T19:52:12.362143-04:00,propline_free_sample
2026-08-26,2026-08-26 23:45:00+00:00,Kyle Bradish,5.5,over,186,novig,167095,St. Louis Cardinals,Baltimore Orioles,2026-08-26T21:52:41.222629+00:00,2026-08-27T23:52:12.362143+00:00,2026-08-27T19:52:12.362143-04:00,2026-08-27T19:52:12.362143-04:00,propline_free_sample
2026-08-26,2026-08-26 23:45:00+00:00,Kyle Bradish,5.5,under,-245,novig,167095,St. Louis Cardinals,Baltimore Orioles,2026-08-26T22:07:44.974146+00:00,2026-08-27T23:52:12.362143+00:00,2026-08-27T19:52:12.362143-04:00,2026-08-27T19:52:12.362143-04:00,propline_free_sample
2026-08-26,2026-08-26 23:45:00+00:00,Michael McGreevy,4.5,over,100,prizepicks,167095,St. Louis Cardinals,Baltimore Orioles,2026-08-26T12:30:49.485242+00:00,2026-08-27T23:52:12.362143+00:00,2026-08-27T19:52:12.362143-04:00,2026-08-27T19:52:12.362143-04:00,propline_free_sample
2026-08-26,2026-08-26 23:45:00+00:00,Michael McGreevy,4.5,under,100,prizepicks,167095,St. Louis Cardinals,Baltimore Orioles,2026-08-26T12:30:49.485242+00:00,2026-08-27T23:52:12.362143+00:00,2026-08-27T19:52:12.362143-04:00,2026-08-27T19:52:12.362143-04:00,propline_free_sample
2026-08-26,2026-08-26 23:45:00+00:00,Kyle Bradish (BAL),4.5,over,-115,betonlineag,167095,St. Louis Cardinals,Baltimore Orioles,2026-08-26T15:29:11.030062+00:00,2026-08-27T23:52:12.362143+00:00,2026-08-27T19:52:12.362143-04:00,2026-08-27T19:52:12.362143-04:00,propline_free_sample
2026-08-26,2026-08-26 23:45:00+00:00,Kyle Bradish (BAL),4.5,under,-125,betonlineag,167095,St. Louis Cardinals,Baltimore Orioles,2026-08-26T15:29:11.030062+00:00,2026-08-27T23:52:12.362143+00:00,2026-08-27T19:52:12.362143-04:00,2026-08-27T19:52:12.362143-04:00,propline_free_sample
2026-08-26,2026-08-26 23:45:00+00:00,Michael McGreevy (STL),4.5,over,115,betonlineag,167095,St. Louis Cardinals,Baltimore Orioles,2026-08-26T21:23:58.847280+00:00,2026-08-27T23:52:12.362143+00:00,2026-08-27T19:52:12.362143-04:00,2026-08-27T19:52:12.362143-04:00,propline_free_sample
2026-08-26,2026-08-26 23:45:00+00:00,Michael McGreevy (STL),4.5,under,-155,betonlineag,167095,St. Louis Cardinals,Baltimore Orioles,2026-08-26T21:23:58.847280+00:00,2026-08-27T23:52:12.362143+00:00,2026-08-27T19:52:12.362143-04:00,2026-08-27T19:52:12.362143-04:00,propline_free_sample
2026-08-26,2026-08-26 23:45:00+00:00,Kyle Bradish (BAL),4.5,over,-115,lowvig,167095,St. Louis Cardinals,Baltimore Orioles,2026-08-26T15:29:12.514047+00:00,2026-08-27T23:52:12.362143+00:00,2026-08-27T19:52:12.362143-04:00,2026-08-27T19:52:12.362143-04:00,propline_free_sample
2026-08-26,2026-08-26 23:45:00+00:00,Kyle Bradish (BAL),4.5,under,-125,lowvig,167095,St. Louis Cardinals,Baltimore Orioles,2026-08-26T15:29:12.514047+00:00,2026-08-27T23:52:12.362143+00:00,2026-08-27T19:52:12.362143-04:00,2026-08-27T19:52:12.362143-04:00,propline_free_sample
2026-08-26,2026-08-26 23:45:00+00:00,Michael McGreevy (STL),4.5,over,115,lowvig,167095,St. Louis Cardinals,Baltimore Orioles,2026-08-26T21:24:00.343069+00:00,2026-08-27T23:52:12.362143+00:00,2026-08-27T19:52:12.362143-04:00,2026-08-27T19:52:12.362143-04:00,propline_free_sample
2026-08-26,2026-08-26 23:45:00+00:00,Michael McGreevy (STL),4.5,under,-155,lowvig,167095,St. Louis Cardinals,Baltimore Orioles,2026-08-26T21:24:00.343069+00:00,2026-08-27T23:52:12.362143+00:00,2026-08-27T19:52:12.362143-04:00,2026-08-27T19:52:12.362143-04:00,propline_free_sample
2026-08-26,2026-08-26 23:45:00+00:00,Michael McGreevy,3.5,over,-163,novig,167095,St. Louis Cardinals,Baltimore Orioles,2026-08-26T21:58:42.197171+00:00,2026-08-27T23:52:12.362143+00:00,2026-08-27T19:52:12.362143-04:00,2026-08-27T19:52:12.362143-04:00,propline_free_sample
2026-08-26,2026-08-26 23:45:00+00:00,Michael McGreevy,3.5,under,150,novig,167095,St. Louis Cardinals,Baltimore Orioles,2026-08-26T23:44:50.247187+00:00,2026-08-27T23:52:12.362143+00:00,2026-08-27T19:52:12.362143-04:00,2026-08-27T19:52:12.362143-04:00,propline_free_sample
2026-08-26,2026-08-26 23:45:00+00:00,Michael McGreevy,5.5,over,277,novig,167095,St. Louis Cardinals,Baltimore Orioles,2026-08-26T22:36:09.702150+00:00,2026-08-27T23:52:12.362143+00:00,2026-08-27T19:52:12.362143-04:00,2026-08-27T19:52:12.362143-04:00,propline_free_sample
2026-08-26,2026-08-26 23:45:00+00:00,Michael McGreevy,5.5,under,-365,novig,167095,St. Louis Cardinals,Baltimore Orioles,2026-08-26T23:40:37.677071+00:00,2026-08-27T23:52:12.362143+00:00,2026-08-27T19:52:12.362143-04:00,2026-08-27T19:52:12.362143-04:00,propline_free_sample
2026-08-26,2026-08-26 23:45:00+00:00,Kyle Bradish,3.5,over,-264,novig,167095,St. Louis Cardinals,Baltimore Orioles,2026-08-26T23:44:50.247187+00:00,2026-08-27T23:52:12.362143+00:00,2026-08-27T19:52:12.362143-04:00,2026-08-27T19:52:12.362143-04:00,propline_free_sample
2026-08-26,2026-08-26 23:45:00+00:00,Kyle Bradish,3.5,under,186,novig,167095,St. Louis Cardinals,Baltimore Orioles,2026-08-26T23:44:50.247187+00:00,2026-08-27T23:52:12.362143+00:00,2026-08-27T19:52:12.362143-04:00,2026-08-27T19:52:12.362143-04:00,propline_free_sample
2026-08-26,2026-08-26 23:45:00+00:00,Kyle Bradish,9.5,over,100,prizepicks,167095,St. Louis Cardinals,Baltimore Orioles,2026-08-26T19:44:35.935577+00:00,2026-08-27T23:52:12.362143+00:00,2026-08-27T19:52:12.362143-04:00,2026-08-27T19:52:12.362143-04:00,propline_free_sample
2026-08-26,2026-08-26 23:45:00+00:00,Kyle Bradish,9.5,under,100,prizepicks,167095,St. Louis Cardinals,Baltimore Orioles,2026-08-26T19:44:35.935577+00:00,2026-08-27T23:52:12.362143+00:00,2026-08-27T19:52:12.362143-04:00,2026-08-27T19:52:12.362143-04:00,propline_free_sample
2026-08-26,2026-08-26 23:45:00+00:00,Michael McGreevy,4.0,over,117,prophetx,167095,St. Louis Cardinals,Baltimore Orioles,2026-08-26T22:47:52.997544+00:00,2026-08-27T23:52:12.362143+00:00,2026-08-27T19:52:12.362143-04:00,2026-08-27T19:52:12.362143-04:00,propline_free_sample
2026-08-26,2026-08-26 23:45:00+00:00,Michael McGreevy,4.0,under,-138,prophetx,167095,St. Louis Cardinals,Baltimore Orioles,2026-08-26T22:47:52.997544+00:00,2026-08-27T23:52:12.362143+00:00,2026-08-27T19:52:12.362143-04:00,2026-08-27T19:52:12.362143-04:00,propline_free_sample
2026-08-26,2026-08-26 23:40:00+00:00,MacKenzie Gore,6.5,over,132,fanduel,167080,Chicago White Sox,Texas Rangers,2026-08-26T22:31:45.439032+00:00,2026-08-27T23:52:12.362143+00:00,2026-08-27T19:52:12.362143-04:00,2026-08-27T19:52:12.362143-04:00,propline_free_sample
2026-08-26,2026-08-26 23:40:00+00:00,MacKenzie Gore,6.5,under,-170,fanduel,167080,Chicago White Sox,Texas Rangers,2026-08-26T22:31:45.439032+00:00,2026-08-27T23:52:12.362143+00:00,2026-08-27T19:52:12.362143-04:00,2026-08-27T19:52:12.362143-04:00,propline_free_sample
2026-08-26,2026-08-26 23:40:00+00:00,Sean Burke,5.5,over,-132,fanduel,167080,Chicago White Sox,Texas Rangers,2026-08-26T22:31:45.439032+00:00,2026-08-27T23:52:12.362143+00:00,2026-08-27T19:52:12.362143-04:00,2026-08-27T19:52:12.362143-04:00,propline_free_sample
2026-08-26,2026-08-26 23:40:00+00:00,Sean Burke,5.5,under,104,fanduel,167080,Chicago White Sox,Texas Rangers,2026-08-26T22:31:45.439032+00:00,2026-08-27T23:52:12.362143+00:00,2026-08-27T19:52:12.362143-04:00,2026-08-27T19:52:12.362143-04:00,propline_free_sample
2026-08-26,2026-08-26 23:40:00+00:00,MacKenzie Gore (TEX),6.5,over,120,bovada,167080,Chicago White Sox,Texas Rangers,2026-08-26T22:04:35.989413+00:00,2026-08-27T23:52:12.362143+00:00,2026-08-27T19:52:12.362143-04:00,2026-08-27T19:52:12.362143-04:00,propline_free_sample
2026-08-26,2026-08-26 23:40:00+00:00,MacKenzie Gore (TEX),6.5,under,-160,bovada,167080,Chicago White Sox,Texas Rangers,2026-08-26T22:04:35.989413+00:00,2026-08-27T23:52:12.362143+00:00,2026-08-27T19:52:12.362143-04:00,2026-08-27T19:52:12.362143-04:00,propline_free_sample
2026-08-26,2026-08-26 23:40:00+00:00,Sean Burke (CWS),5.5,over,-160,bovada,167080,Chicago White Sox,Texas Rangers,2026-08-26T22:39:40.084145+00:00,2026-08-27T23:52:12.362143+00:00,2026-08-27T19:52:12.362143-04:00,2026-08-27T19:52:12.362143-04:00,propline_free_sample
2026-08-26,2026-08-26 23:40:00+00:00,Sean Burke (CWS),5.5,under,120,bovada,167080,Chicago White Sox,Texas Rangers,2026-08-26T22:39:40.084145+00:00,2026-08-27T23:52:12.362143+00:00,2026-08-27T19:52:12.362143-04:00,2026-08-27T19:52:12.362143-04:00,propline_free_sample
2026-08-26,2026-08-26 23:40:00+00:00,MacKenzie Gore,6.5,over,100,prizepicks,167080,Chicago White Sox,Texas Rangers,2026-08-26T01:01:43.940429+00:00,2026-08-27T23:52:12.362143+00:00,2026-08-27T19:52:12.362143-04:00,2026-08-27T19:52:12.362143-04:00,propline_free_sample
2026-08-26,2026-08-26 23:40:00+00:00,Sean Burke,6.5,over,100,prizepicks,167080,Chicago White Sox,Texas Rangers,2026-08-26T01:01:43.940429+00:00,2026-08-27T23:52:12.362143+00:00,2026-08-27T19:52:12.362143-04:00,2026-08-27T19:52:12.362143-04:00,propline_free_sample
2026-08-26,2026-08-26 23:40:00+00:00,MacKenzie Gore,6.5,under,100,prizepicks,167080,Chicago White Sox,Texas Rangers,2026-08-26T01:01:43.940429+00:00,2026-08-27T23:52:12.362143+00:00,2026-08-27T19:52:12.362143-04:00,2026-08-27T19:52:12.362143-04:00,propline_free_sample
2026-08-26,2026-08-26 23:40:00+00:00,Sean Burke,6.5,under,100,prizepicks,167080,Chicago White Sox,Texas Rangers,2026-08-26T01:01:43.940429+00:00,2026-08-27T23:52:12.362143+00:00,2026-08-27T19:52:12.362143-04:00,2026-08-27T19:52:12.362143-04:00,propline_free_sample
2026-08-26,2026-08-26 23:40:00+00:00,MacKenzie Gore,7.5,over,100,prizepicks,167080,Chicago White Sox,Texas Rangers,2026-08-26T01:01:43.940429+00:00,2026-08-27T23:52:12.362143+00:00,2026-08-27T19:52:12.362143-04:00,2026-08-27T19:52:12.362143-04:00,propline_free_sample
2026-08-26,2026-08-26 23:40:00+00:00,Sean Burke,7.5,over,100,prizepicks,167080,Chicago White Sox,Texas Rangers,2026-08-26T01:01:43.940429+00:00,2026-08-27T23:52:12.362143+00:00,2026-08-27T19:52:12.362143-04:00,2026-08-27T19:52:12.362143-04:00,propline_free_sample
2026-08-26,2026-08-26 23:40:00+00:00,MacKenzie Gore,7.5,under,100,prizepicks,167080,Chicago White Sox,Texas Rangers,2026-08-26T01:01:43.940429+00:00,2026-08-27T23:52:12.362143+00:00,2026-08-27T19:52:12.362143-04:00,2026-08-27T19:52:12.362143-04:00,propline_free_sample
2026-08-26,2026-08-26 23:40:00+00:00,Sean Burke,7.5,under,100,prizepicks,167080,Chicago White Sox,Texas Rangers,2026-08-26T01:01:43.940429+00:00,2026-08-27T23:52:12.362143+00:00,2026-08-27T19:52:12.362143-04:00,2026-08-27T19:52:12.362143-04:00,propline_free_sample
2026-08-26,2026-08-26 23:40:00+00:00,MacKenzie Gore,8.5,over,100,prizepicks,167080,Chicago White Sox,Texas Rangers,2026-08-26T01:01:43.940429+00:00,2026-08-27T23:52:12.362143+00:00,2026-08-27T19:52:12.362143-04:00,2026-08-27T19:52:12.362143-04:00,propline_free_sample
2026-08-26,2026-08-26 23:40:00+00:00,Sean Burke,8.5,over,100,prizepicks,167080,Chicago White Sox,Texas Rangers,2026-08-26T01:01:43.940429+00:00,2026-08-27T23:52:12.362143+00:00,2026-08-27T19:52:12.362143-04:00,2026-08-27T19:52:12.362143-04:00,propline_free_sample
2026-08-26,2026-08-26 23:40:00+00:00,MacKenzie Gore,8.5,under,100,prizepicks,167080,Chicago White Sox,Texas Rangers,2026-08-26T01:01:43.940429+00:00,2026-08-27T23:52:12.362143+00:00,2026-08-27T19:52:12.362143-04:00,2026-08-27T19:52:12.362143-04:00,propline_free_sample
2026-08-26,2026-08-26 23:40:00+00:00,Sean Burke,8.5,under,100,prizepicks,167080,Chicago White Sox,Texas Rangers,2026-08-26T01:01:43.940429+00:00,2026-08-27T23:52:12.362143+00:00,2026-08-27T19:52:12.362143-04:00,2026-08-27T19:52:12.362143-04:00,propline_free_sample
2026-08-26,2026-08-26 23:40:00+00:00,MacKenzie Gore,4.5,over,100,prizepicks,167080,Chicago White Sox,Texas Rangers,2026-08-26T01:01:43.940429+00:00,2026-08-27T23:52:12.362143+00:00,2026-08-27T19:52:12.362143-04:00,2026-08-27T19:52:12.362143-04:00,propline_free_sample
2026-08-26,2026-08-26 23:40:00+00:00,Sean Burke,4.5,over,100,prizepicks,167080,Chicago White Sox,Texas Rangers,2026-08-26T01:01:43.940429+00:00,2026-08-27T23:52:12.362143+00:00,2026-08-27T19:52:12.362143-04:00,2026-08-27T19:52:12.362143-04:00,propline_free_sample
2026-08-26,2026-08-26 23:40:00+00:00,MacKenzie Gore,4.5,under,100,prizepicks,167080,Chicago White Sox,Texas Rangers,2026-08-26T01:01:43.940429+00:00,2026-08-27T23:52:12.362143+00:00,2026-08-27T19:52:12.362143-04:00,2026-08-27T19:52:12.362143-04:00,propline_free_sample
2026-08-26,2026-08-26 23:40:00+00:00,Sean Burke,4.5,under,100,prizepicks,167080,Chicago White Sox,Texas Rangers,2026-08-26T01:01:43.940429+00:00,2026-08-27T23:52:12.362143+00:00,2026-08-27T19:52:12.362143-04:00,2026-08-27T19:52:12.362143-04:00,propline_free_sample
2026-08-26,2026-08-26 23:40:00+00:00,MacKenzie Gore,5.5,over,100,prizepicks,167080,Chicago White Sox,Texas Rangers,2026-08-26T01:01:43.940429+00:00,2026-08-27T23:52:12.362143+00:00,2026-08-27T19:52:12.362143-04:00,2026-08-27T19:52:12.362143-04:00,propline_free_sample
2026-08-26,2026-08-26 23:40:00+00:00,Sean Burke,5.5,over,100,prizepicks,167080,Chicago White Sox,Texas Rangers,2026-08-26T01:01:43.940429+00:00,2026-08-27T23:52:12.362143+00:00,2026-08-27T19:52:12.362143-04:00,2026-08-27T19:52:12.362143-04:00,propline_free_sample
2026-08-26,2026-08-26 23:40:00+00:00,MacKenzie Gore,5.5,under,100,prizepicks,167080,Chicago White Sox,Texas Rangers,2026-08-26T01:01:43.940429+00:00,2026-08-27T23:52:12.362143+00:00,2026-08-27T19:52:12.362143-04:00,2026-08-27T19:52:12.362143-04:00,propline_free_sample
2026-08-26,2026-08-26 23:40:00+00:00,Sean Burke,5.5,under,100,prizepicks,167080,Chicago White Sox,Texas Rangers,2026-08-26T01:01:43.940429+00:00,2026-08-27T23:52:12.362143+00:00,2026-08-27T19:52:12.362143-04:00,2026-08-27T19:52:12.362143-04:00,propline_free_sample
2026-08-26,2026-08-26 23:40:00+00:00,MacKenzie Gore,10.5,over,100,prizepicks,167080,Chicago White Sox,Texas Rangers,2026-08-26T01:44:25.894541+00:00,2026-08-27T23:52:12.362143+00:00,2026-08-27T19:52:12.362143-04:00,2026-08-27T19:52:12.362143-04:00,propline_free_sample
2026-08-26,2026-08-26 23:40:00+00:00,Sean Burke,10.5,over,100,prizepicks,167080,Chicago White Sox,Texas Rangers,2026-08-26T01:44:25.894541+00:00,2026-08-27T23:52:12.362143+00:00,2026-08-27T19:52:12.362143-04:00,2026-08-27T19:52:12.362143-04:00,propline_free_sample
2026-08-26,2026-08-26 23:40:00+00:00,MacKenzie Gore,10.5,under,100,prizepicks,167080,Chicago White Sox,Texas Rangers,2026-08-26T01:44:25.894541+00:00,2026-08-27T23:52:12.362143+00:00,2026-08-27T19:52:12.362143-04:00,2026-08-27T19:52:12.362143-04:00,propline_free_sample
2026-08-26,2026-08-26 23:40:00+00:00,Sean Burke,10.5,under,100,prizepicks,167080,Chicago White Sox,Texas Rangers,2026-08-26T01:44:25.894541+00:00,2026-08-27T23:52:12.362143+00:00,2026-08-27T19:52:12.362143-04:00,2026-08-27T19:52:12.362143-04:00,propline_free_sample
2026-08-26,2026-08-26 23:40:00+00:00,MacKenzie Gore,3.5,over,100,prizepicks,167080,Chicago White Sox,Texas Rangers,2026-08-26T01:44:25.894541+00:00,2026-08-27T23:52:12.362143+00:00,2026-08-27T19:52:12.362143-04:00,2026-08-27T19:52:12.362143-04:00,propline_free_sample
2026-08-26,2026-08-26 23:40:00+00:00,Sean Burke,3.5,over,100,prizepicks,167080,Chicago White Sox,Texas Rangers,2026-08-26T01:44:25.894541+00:00,2026-08-27T23:52:12.362143+00:00,2026-08-27T19:52:12.362143-04:00,2026-08-27T19:52:12.362143-04:00,propline_free_sample
2026-08-26,2026-08-26 23:40:00+00:00,MacKenzie Gore,3.5,under,100,prizepicks,167080,Chicago White Sox,Texas Rangers,2026-08-26T01:44:25.894541+00:00,2026-08-27T23:52:12.362143+00:00,2026-08-27T19:52:12.362143-04:00,2026-08-27T19:52:12.362143-04:00,propline_free_sample
2026-08-26,2026-08-26 23:40:00+00:00,Sean Burke,3.5,under,100,prizepicks,167080,Chicago White Sox,Texas Rangers,2026-08-26T01:44:25.894541+00:00,2026-08-27T23:52:12.362143+00:00,2026-08-27T19:52:12.362143-04:00,2026-08-27T19:52:12.362143-04:00,propline_free_sample
2026-08-26,2026-08-26 23:40:00+00:00,MacKenzie Gore,6.5,over,-143,dabble,167080,Chicago White Sox,Texas Rangers,2026-08-26T06:19:37.905536+00:00,2026-08-27T23:52:12.362143+00:00,2026-08-27T19:52:12.362143-04:00,2026-08-27T19:52:12.362143-04:00,propline_free_sample
2026-08-26,2026-08-26 23:40:00+00:00,Sean Burke,5.5,over,-133,dabble,167080,Chicago White Sox,Texas Rangers,2026-08-26T23:24:09.812514+00:00,2026-08-27T23:52:12.362143+00:00,2026-08-27T19:52:12.362143-04:00,2026-08-27T19:52:12.362143-04:00,propline_free_sample
2026-08-26,2026-08-26 23:40:00+00:00,MacKenzie Gore,6.5,under,140,dabble,167080,Chicago White Sox,Texas Rangers,2026-08-26T06:19:37.905536+00:00,2026-08-27T23:52:12.362143+00:00,2026-08-27T19:52:12.362143-04:00,2026-08-27T19:52:12.362143-04:00,propline_free_sample
2026-08-26,2026-08-26 23:40:00+00:00,Sean Burke,5.5,under,136,dabble,167080,Chicago White Sox,Texas Rangers,2026-08-26T22:18:20.406550+00:00,2026-08-27T23:52:12.362143+00:00,2026-08-27T19:52:12.362143-04:00,2026-08-27T19:52:12.362143-04:00,propline_free_sample
2026-08-26,2026-08-26 23:40:00+00:00,MacKenzie Gore,6.5,over,112,smarkets,167080,Chicago White Sox,Texas Rangers,2026-08-26T21:20:01.825279+00:00,2026-08-27T23:52:12.362143+00:00,2026-08-27T19:52:12.362143-04:00,2026-08-27T19:52:12.362143-04:00,propline_free_sample
2026-08-26,2026-08-26 23:40:00+00:00,MacKenzie Gore,6.5,under,-159,smarkets,167080,Chicago White Sox,Texas Rangers,2026-08-26T21:41:35.307042+00:00,2026-08-27T23:52:12.362143+00:00,2026-08-27T19:52:12.362143-04:00,2026-08-27T19:52:12.362143-04:00,propline_free_sample
2026-08-26,2026-08-26 23:40:00+00:00,Sean Burke,5.5,over,-159,smarkets,167080,Chicago White Sox,Texas Rangers,2026-08-26T20:50:13.903558+00:00,2026-08-27T23:52:12.362143+00:00,2026-08-27T19:52:12.362143-04:00,2026-08-27T19:52:12.362143-04:00,propline_free_sample
2026-08-26,2026-08-26 23:40:00+00:00,Sean Burke,5.5,under,112,smarkets,167080,Chicago White Sox,Texas Rangers,2026-08-26T21:20:01.825279+00:00,2026-08-27T23:52:12.362143+00:00,2026-08-27T19:52:12.362143-04:00,2026-08-27T19:52:12.362143-04:00,propline_free_sample
2026-08-26,2026-08-26 23:40:00+00:00,MacKenzie Gore,6.5,over,111,underdog,167080,Chicago White Sox,Texas Rangers,2026-08-26T19:40:45.862590+00:00,2026-08-27T23:52:12.362143+00:00,2026-08-27T19:52:12.362143-04:00,2026-08-27T19:52:12.362143-04:00,propline_free_sample
2026-08-26,2026-08-26 23:40:00+00:00,Sean Burke,5.5,over,-137,underdog,167080,Chicago White Sox,Texas Rangers,2026-08-26T22:45:25.264354+00:00,2026-08-27T23:52:12.362143+00:00,2026-08-27T19:52:12.362143-04:00,2026-08-27T19:52:12.362143-04:00,propline_free_sample
2026-08-26,2026-08-26 23:40:00+00:00,MacKenzie Gore,6.5,under,-152,underdog,167080,Chicago White Sox,Texas Rangers,2026-08-26T19:40:45.862590+00:00,2026-08-27T23:52:12.362143+00:00,2026-08-27T19:52:12.362143-04:00,2026-08-27T19:52:12.362143-04:00,propline_free_sample
2026-08-26,2026-08-26 23:40:00+00:00,Sean Burke,5.5,under,101,underdog,167080,Chicago White Sox,Texas Rangers,2026-08-26T22:45:25.264354+00:00,2026-08-27T23:52:12.362143+00:00,2026-08-27T19:52:12.362143-04:00,2026-08-27T19:52:12.362143-04:00,propline_free_sample
2026-08-26,2026-08-26 23:40:00+00:00,MacKenzie Gore,6.5,over,141,pinnacle,167080,Chicago White Sox,Texas Rangers,2026-08-26T21:15:50.635892+00:00,2026-08-27T23:52:12.362143+00:00,2026-08-27T19:52:12.362143-04:00,2026-08-27T19:52:12.362143-04:00,propline_free_sample
2026-08-26,2026-08-26 23:40:00+00:00,MacKenzie Gore,6.5,under,-190,pinnacle,167080,Chicago White Sox,Texas Rangers,2026-08-26T21:15:50.635892+00:00,2026-08-27T23:52:12.362143+00:00,2026-08-27T19:52:12.362143-04:00,2026-08-27T19:52:12.362143-04:00,propline_free_sample
2026-08-26,2026-08-26 23:40:00+00:00,Sean Burke,5.5,over,-136,pinnacle,167080,Chicago White Sox,Texas Rangers,2026-08-26T23:00:13.922366+00:00,2026-08-27T23:52:12.362143+00:00,2026-08-27T19:52:12.362143-04:00,2026-08-27T19:52:12.362143-04:00,propline_free_sample
2026-08-26,2026-08-26 23:40:00+00:00,Sean Burke,5.5,under,103,pinnacle,167080,Chicago White Sox,Texas Rangers,2026-08-26T23:00:13.922366+00:00,2026-08-27T23:52:12.362143+00:00,2026-08-27T19:52:12.362143-04:00,2026-08-27T19:52:12.362143-04:00,propline_free_sample
2026-08-26,2026-08-26 23:40:00+00:00,MacKenzie Gore,6.5,over,112,sleeper,167080,Chicago White Sox,Texas Rangers,2026-08-26T22:33:45.695176+00:00,2026-08-27T23:52:12.362143+00:00,2026-08-27T19:52:12.362143-04:00,2026-08-27T19:52:12.362143-04:00,propline_free_sample
2026-08-26,2026-08-26 23:40:00+00:00,Sean Burke,5.5,over,-161,sleeper,167080,Chicago White Sox,Texas Rangers,2026-08-26T23:30:36.509165+00:00,2026-08-27T23:52:12.362143+00:00,2026-08-27T19:52:12.362143-04:00,2026-08-27T19:52:12.362143-04:00,propline_free_sample
2026-08-26,2026-08-26 23:40:00+00:00,MacKenzie Gore,6.5,under,-189,sleeper,167080,Chicago White Sox,Texas Rangers,2026-08-26T23:20:52.292269+00:00,2026-08-27T23:52:12.362143+00:00,2026-08-27T19:52:12.362143-04:00,2026-08-27T19:52:12.362143-04:00,propline_free_sample
2026-08-26,2026-08-26 23:40:00+00:00,Sean Burke,5.5,under,-102,sleeper,167080,Chicago White Sox,Texas Rangers,2026-08-26T23:30:36.509165+00:00,2026-08-27T23:52:12.362143+00:00,2026-08-27T19:52:12.362143-04:00,2026-08-27T19:52:12.362143-04:00,propline_free_sample
2026-08-26,2026-08-26 23:40:00+00:00,Sean Burke,5.5,over,-125,prophetx,167080,Chicago White Sox,Texas Rangers,2026-08-26T23:39:00.141060+00:00,2026-08-27T23:52:12.362143+00:00,2026-08-27T19:52:12.362143-04:00,2026-08-27T19:52:12.362143-04:00,propline_free_sample
2026-08-26,2026-08-26 23:40:00+00:00,Sean Burke,5.5,under,112,prophetx,167080,Chicago White Sox,Texas Rangers,2026-08-26T23:34:05.068134+00:00,2026-08-27T23:52:12.362143+00:00,2026-08-27T19:52:12.362143-04:00,2026-08-27T19:52:12.362143-04:00,propline_free_sample
2026-08-26,2026-08-26 23:40:00+00:00,Sean Burke,9.5,over,100,prizepicks,167080,Chicago White Sox,Texas Rangers,2026-08-26T02:21:26.710514+00:00,2026-08-27T23:52:12.362143+00:00,2026-08-27T19:52:12.362143-04:00,2026-08-27T19:52:12.362143-04:00,propline_free_sample
2026-08-26,2026-08-26 23:40:00+00:00,Sean Burke,9.5,under,100,prizepicks,167080,Chicago White Sox,Texas Rangers,2026-08-26T02:21:26.710514+00:00,2026-08-27T23:52:12.362143+00:00,2026-08-27T19:52:12.362143-04:00,2026-08-27T19:52:12.362143-04:00,propline_free_sample
2026-08-26,2026-08-26 23:40:00+00:00,MacKenzie Gore,6.5,over,120,draftkings,167080,Chicago White Sox,Texas Rangers,2026-08-26T20:13:40.478477+00:00,2026-08-27T23:52:12.362143+00:00,2026-08-27T19:52:12.362143-04:00,2026-08-27T19:52:12.362143-04:00,propline_free_sample
2026-08-26,2026-08-26 23:40:00+00:00,MacKenzie Gore,6.5,under,-153,draftkings,167080,Chicago White Sox,Texas Rangers,2026-08-26T20:13:40.478477+00:00,2026-08-27T23:52:12.362143+00:00,2026-08-27T19:52:12.362143-04:00,2026-08-27T19:52:12.362143-04:00,propline_free_sample
2026-08-26,2026-08-26 23:40:00+00:00,Sean Burke,5.5,over,-156,draftkings,167080,Chicago White Sox,Texas Rangers,2026-08-26T23:28:59.083029+00:00,2026-08-27T23:52:12.362143+00:00,2026-08-27T19:52:12.362143-04:00,2026-08-27T19:52:12.362143-04:00,propline_free_sample
2026-08-26,2026-08-26 23:40:00+00:00,Sean Burke,5.5,under,122,draftkings,167080,Chicago White Sox,Texas Rangers,2026-08-26T23:28:59.083029+00:00,2026-08-27T23:52:12.362143+00:00,2026-08-27T19:52:12.362143-04:00,2026-08-27T19:52:12.362143-04:00,propline_free_sample
2026-08-26,2026-08-26 23:40:00+00:00,MacKenzie Gore,10.5,over,9900,kalshi,167080,Chicago White Sox,Texas Rangers,2026-08-26T02:58:09.433844+00:00,2026-08-27T23:52:12.362143+00:00,2026-08-27T19:52:12.362143-04:00,2026-08-27T19:52:12.362143-04:00,propline_free_sample
2026-08-26,2026-08-26 23:40:00+00:00,Sean Burke,10.5,over,9900,kalshi,167080,Chicago White Sox,Texas Rangers,2026-08-26T19:02:41.863487+00:00,2026-08-27T23:52:12.362143+00:00,2026-08-27T19:52:12.362143-04:00,2026-08-27T19:52:12.362143-04:00,propline_free_sample
2026-08-26,2026-08-26 23:40:00+00:00,MacKenzie Gore,2.5,over,-4900,kalshi,167080,Chicago White Sox,Texas Rangers,2026-08-26T19:42:22.087542+00:00,2026-08-27T23:52:12.362143+00:00,2026-08-27T19:52:12.362143-04:00,2026-08-27T19:52:12.362143-04:00,propline_free_sample
2026-08-26,2026-08-26 23:40:00+00:00,Sean Burke,2.5,over,-4900,kalshi,167080,Chicago White Sox,Texas Rangers,2026-08-26T23:01:19.645919+00:00,2026-08-27T23:52:12.362143+00:00,2026-08-27T19:52:12.362143-04:00,2026-08-27T19:52:12.362143-04:00,propline_free_sample
2026-08-26,2026-08-26 23:40:00+00:00,MacKenzie Gore,3.5,over,-1567,kalshi,167080,Chicago White Sox,Texas Rangers,2026-08-26T20:23:53.171286+00:00,2026-08-27T23:52:12.362143+00:00,2026-08-27T19:52:12.362143-04:00,2026-08-27T19:52:12.362143-04:00,propline_free_sample
2026-08-26,2026-08-26 23:40:00+00:00,Sean Burke,3.5,over,9900,kalshi,167080,Chicago White Sox,Texas Rangers,2026-08-26T09:50:31.047001+00:00,2026-08-27T23:52:12.362143+00:00,2026-08-27T19:52:12.362143-04:00,2026-08-27T19:52:12.362143-04:00,propline_free_sample
2026-08-26,2026-08-26 23:40:00+00:00,MacKenzie Gore,4.5,over,9900,kalshi,167080,Chicago White Sox,Texas Rangers,2026-08-26T21:37:26.321442+00:00,2026-08-27T23:52:12.362143+00:00,2026-08-27T19:52:12.362143-04:00,2026-08-27T19:52:12.362143-04:00,propline_free_sample
2026-08-26,2026-08-26 23:40:00+00:00,Sean Burke,4.5,over,9900,kalshi,167080,Chicago White Sox,Texas Rangers,2026-08-26T23:01:19.645919+00:00,2026-08-27T23:52:12.362143+00:00,2026-08-27T19:52:12.362143-04:00,2026-08-27T19:52:12.362143-04:00,propline_free_sample
2026-08-26,2026-08-26 23:40:00+00:00,MacKenzie Gore,5.5,over,9900,kalshi,167080,Chicago White Sox,Texas Rangers,2026-08-26T23:35:28.440698+00:00,2026-08-27T23:52:12.362143+00:00,2026-08-27T19:52:12.362143-04:00,2026-08-27T19:52:12.362143-04:00,propline_free_sample
2026-08-26,2026-08-26 23:40:00+00:00,Sean Burke,5.5,over,9900,kalshi,167080,Chicago White Sox,Texas Rangers,2026-08-26T23:33:48.682933+00:00,2026-08-27T23:52:12.362143+00:00,2026-08-27T19:52:12.362143-04:00,2026-08-27T19:52:12.362143-04:00,propline_free_sample
2026-08-26,2026-08-26 23:40:00+00:00,MacKenzie Gore,6.5,over,9900,kalshi,167080,Chicago White Sox,Texas Rangers,2026-08-26T22:22:38.979917+00:00,2026-08-27T23:52:12.362143+00:00,2026-08-27T19:52:12.362143-04:00,2026-08-27T19:52:12.362143-04:00,propline_free_sample
2026-08-26,2026-08-26 23:40:00+00:00,Sean Burke,6.5,over,9900,kalshi,167080,Chicago White Sox,Texas Rangers,2026-08-26T20:18:42.638648+00:00,2026-08-27T23:52:12.362143+00:00,2026-08-27T19:52:12.362143-04:00,2026-08-27T19:52:12.362143-04:00,propline_free_sample
2026-08-26,2026-08-26 23:40:00+00:00,MacKenzie Gore,7.5,over,9900,kalshi,167080,Chicago White Sox,Texas Rangers,2026-08-26T23:28:21.559028+00:00,2026-08-27T23:52:12.362143+00:00,2026-08-27T19:52:12.362143-04:00,2026-08-27T19:52:12.362143-04:00,propline_free_sample
2026-08-26,2026-08-26 23:40:00+00:00,Sean Burke,7.5,over,9900,kalshi,167080,Chicago White Sox,Texas Rangers,2026-08-26T22:34:20.275032+00:00,2026-08-27T23:52:12.362143+00:00,2026-08-27T19:52:12.362143-04:00,2026-08-27T19:52:12.362143-04:00,propline_free_sample
2026-08-26,2026-08-26 23:40:00+00:00,MacKenzie Gore,8.5,over,9900,kalshi,167080,Chicago White Sox,Texas Rangers,2026-08-26T23:36:50.790015+00:00,2026-08-27T23:52:12.362143+00:00,2026-08-27T19:52:12.362143-04:00,2026-08-27T19:52:12.362143-04:00,propline_free_sample
2026-08-26,2026-08-26 23:40:00+00:00,Sean Burke,8.5,over,9900,kalshi,167080,Chicago White Sox,Texas Rangers,2026-08-26T22:35:57.331872+00:00,2026-08-27T23:52:12.362143+00:00,2026-08-27T19:52:12.362143-04:00,2026-08-27T19:52:12.362143-04:00,propline_free_sample
2026-08-26,2026-08-26 23:40:00+00:00,MacKenzie Gore,9.5,over,9900,kalshi,167080,Chicago White Sox,Texas Rangers,2026-08-26T20:11:33.850238+00:00,2026-08-27T23:52:12.362143+00:00,2026-08-27T19:52:12.362143-04:00,2026-08-27T19:52:12.362143-04:00,propline_free_sample
2026-08-26,2026-08-26 23:40:00+00:00,Sean Burke,9.5,over,9900,kalshi,167080,Chicago White Sox,Texas Rangers,2026-08-26T21:47:17.478974+00:00,2026-08-27T23:52:12.362143+00:00,2026-08-27T19:52:12.362143-04:00,2026-08-27T19:52:12.362143-04:00,propline_free_sample
2026-08-26,2026-08-26 23:40:00+00:00,MacKenzie Gore,6.5,under,-2400,kalshi,167080,Chicago White Sox,Texas Rangers,2026-08-26T22:22:38.979917+00:00,2026-08-27T23:52:12.362143+00:00,2026-08-27T19:52:12.362143-04:00,2026-08-27T19:52:12.362143-04:00,propline_free_sample
2026-08-26,2026-08-26 23:40:00+00:00,MacKenzie Gore,3.5,under,9900,kalshi,167080,Chicago White Sox,Texas Rangers,2026-08-26T23:38:21.522526+00:00,2026-08-27T23:52:12.362143+00:00,2026-08-27T19:52:12.362143-04:00,2026-08-27T19:52:12.362143-04:00,propline_free_sample
2026-08-26,2026-08-26 23:40:00+00:00,Sean Burke,3.5,under,-156,kalshi,167080,Chicago White Sox,Texas Rangers,2026-08-26T23:38:21.522526+00:00,2026-08-27T23:52:12.362143+00:00,2026-08-27T19:52:12.362143-04:00,2026-08-27T19:52:12.362143-04:00,propline_free_sample
2026-08-26,2026-08-26 23:40:00+00:00,MacKenzie Gore,4.5,under,-1329,kalshi,167080,Chicago White Sox,Texas Rangers,2026-08-26T21:37:26.321442+00:00,2026-08-27T23:52:12.362143+00:00,2026-08-27T19:52:12.362143-04:00,2026-08-27T19:52:12.362143-04:00,propline_free_sample
2026-08-26,2026-08-26 23:40:00+00:00,Sean Burke,4.5,under,-1011,kalshi,167080,Chicago White Sox,Texas Rangers,2026-08-26T23:01:19.645919+00:00,2026-08-27T23:52:12.362143+00:00,2026-08-27T19:52:12.362143-04:00,2026-08-27T19:52:12.362143-04:00,propline_free_sample
2026-08-26,2026-08-26 23:40:00+00:00,MacKenzie Gore,5.5,under,-4900,kalshi,167080,Chicago White Sox,Texas Rangers,2026-08-26T23:35:28.440698+00:00,2026-08-27T23:52:12.362143+00:00,2026-08-27T19:52:12.362143-04:00,2026-08-27T19:52:12.362143-04:00,propline_free_sample
2026-08-26,2026-08-26 23:40:00+00:00,Sean Burke,5.5,under,-9900,kalshi,167080,Chicago White Sox,Texas Rangers,2026-08-26T23:33:48.682933+00:00,2026-08-27T23:52:12.362143+00:00,2026-08-27T19:52:12.362143-04:00,2026-08-27T19:52:12.362143-04:00,propline_free_sample
2026-08-26,2026-08-26 23:40:00+00:00,Sean Burke,6.5,under,-1150,kalshi,167080,Chicago White Sox,Texas Rangers,2026-08-26T19:40:53.857237+00:00,2026-08-27T23:52:12.362143+00:00,2026-08-27T19:52:12.362143-04:00,2026-08-27T19:52:12.362143-04:00,propline_free_sample
2026-08-26,2026-08-26 23:40:00+00:00,MacKenzie Gore,7.5,under,-9900,kalshi,167080,Chicago White Sox,Texas Rangers,2026-08-26T19:44:45.387599+00:00,2026-08-27T23:52:12.362143+00:00,2026-08-27T19:52:12.362143-04:00,2026-08-27T19:52:12.362143-04:00,propline_free_sample
2026-08-26,2026-08-26 23:40:00+00:00,Sean Burke,7.5,under,-1567,kalshi,167080,Chicago White Sox,Texas Rangers,2026-08-26T22:34:20.275032+00:00,2026-08-27T23:52:12.362143+00:00,2026-08-27T19:52:12.362143-04:00,2026-08-27T19:52:12.362143-04:00,propline_free_sample
2026-08-26,2026-08-26 23:40:00+00:00,MacKenzie Gore,8.5,under,-9900,kalshi,167080,Chicago White Sox,Texas Rangers,2026-08-26T23:36:50.790015+00:00,2026-08-27T23:52:12.362143+00:00,2026-08-27T19:52:12.362143-04:00,2026-08-27T19:52:12.362143-04:00,propline_free_sample
2026-08-26,2026-08-26 23:40:00+00:00,Sean Burke,8.5,under,-9900,kalshi,167080,Chicago White Sox,Texas Rangers,2026-08-26T23:35:28.440698+00:00,2026-08-27T23:52:12.362143+00:00,2026-08-27T19:52:12.362143-04:00,2026-08-27T19:52:12.362143-04:00,propline_free_sample
2026-08-26,2026-08-26 23:40:00+00:00,MacKenzie Gore,9.5,under,-4900,kalshi,167080,Chicago White Sox,Texas Rangers,2026-08-26T20:11:33.850238+00:00,2026-08-27T23:52:12.362143+00:00,2026-08-27T19:52:12.362143-04:00,2026-08-27T19:52:12.362143-04:00,propline_free_sample
2026-08-26,2026-08-26 23:40:00+00:00,Sean Burke,9.5,under,-3233,kalshi,167080,Chicago White Sox,Texas Rangers,2026-08-26T23:35:28.440698+00:00,2026-08-27T23:52:12.362143+00:00,2026-08-27T19:52:12.362143-04:00,2026-08-27T19:52:12.362143-04:00,propline_free_sample
2026-08-26,2026-08-26 23:40:00+00:00,MacKenzie Gore,10.5,under,-9900,kalshi,167080,Chicago White Sox,Texas Rangers,2026-08-26T15:18:56.680490+00:00,2026-08-27T23:52:12.362143+00:00,2026-08-27T19:52:12.362143-04:00,2026-08-27T19:52:12.362143-04:00,propline_free_sample
2026-08-26,2026-08-26 23:40:00+00:00,MacKenzie Gore,2.5,under,9900,kalshi,167080,Chicago White Sox,Texas Rangers,2026-08-26T23:35:28.440698+00:00,2026-08-27T23:52:12.362143+00:00,2026-08-27T19:52:12.362143-04:00,2026-08-27T19:52:12.362143-04:00,propline_free_sample
2026-08-26,2026-08-26 23:40:00+00:00,Sean Burke,2.5,under,9900,kalshi,167080,Chicago White Sox,Texas Rangers,2026-08-26T23:35:28.440698+00:00,2026-08-27T23:52:12.362143+00:00,2026-08-27T19:52:12.362143-04:00,2026-08-27T19:52:12.362143-04:00,propline_free_sample
2026-08-26,2026-08-26 23:40:00+00:00,MacKenzie Gore,6.5,over,144,prophetx,167080,Chicago White Sox,Texas Rangers,2026-08-26T23:39:00.141060+00:00,2026-08-27T23:52:12.362143+00:00,2026-08-27T19:52:12.362143-04:00,2026-08-27T19:52:12.362143-04:00,propline_free_sample
2026-08-26,2026-08-26 23:40:00+00:00,MacKenzie Gore,6.5,under,-1850,prophetx,167080,Chicago White Sox,Texas Rangers,2026-08-26T23:32:26.771217+00:00,2026-08-27T23:52:12.362143+00:00,2026-08-27T19:52:12.362143-04:00,2026-08-27T19:52:12.362143-04:00,propline_free_sample
2026-08-26,2026-08-26 23:40:00+00:00,MacKenzie Gore,6.5,over,135,novig,167080,Chicago White Sox,Texas Rangers,2026-08-26T23:38:20.937784+00:00,2026-08-27T23:52:12.362143+00:00,2026-08-27T19:52:12.362143-04:00,2026-08-27T19:52:12.362143-04:00,propline_free_sample
2026-08-26,2026-08-26 23:40:00+00:00,MacKenzie Gore,6.5,under,-213,novig,167080,Chicago White Sox,Texas Rangers,2026-08-26T23:37:16.437250+00:00,2026-08-27T23:52:12.362143+00:00,2026-08-27T19:52:12.362143-04:00,2026-08-27T19:52:12.362143-04:00,propline_free_sample
2026-08-26,2026-08-26 23:40:00+00:00,Sean Burke,5.5,over,-133,novig,167080,Chicago White Sox,Texas Rangers,2026-08-26T23:34:20.006835+00:00,2026-08-27T23:52:12.362143+00:00,2026-08-27T19:52:12.362143-04:00,2026-08-27T19:52:12.362143-04:00,propline_free_sample
2026-08-26,2026-08-26 23:40:00+00:00,Sean Burke,5.5,under,102,novig,167080,Chicago White Sox,Texas Rangers,2026-08-26T23:38:20.937784+00:00,2026-08-27T23:52:12.362143+00:00,2026-08-27T19:52:12.362143-04:00,2026-08-27T19:52:12.362143-04:00,propline_free_sample
2026-08-26,2026-08-26 23:40:00+00:00,Sean Burke,5.5,over,-158,rebet,167080,Chicago White Sox,Texas Rangers,2026-08-26T03:58:41.668232+00:00,2026-08-27T23:52:12.362143+00:00,2026-08-27T19:52:12.362143-04:00,2026-08-27T19:52:12.362143-04:00,propline_free_sample
2026-08-26,2026-08-26 23:40:00+00:00,Sean Burke,5.5,under,114,rebet,167080,Chicago White Sox,Texas Rangers,2026-08-26T03:58:41.668232+00:00,2026-08-27T23:52:12.362143+00:00,2026-08-27T19:52:12.362143-04:00,2026-08-27T19:52:12.362143-04:00,propline_free_sample
2026-08-26,2026-08-26 23:40:00+00:00,Sean Burke,5.5,over,-128,rebet,167080,Chicago White Sox,Texas Rangers,2026-08-26T23:32:25.585076+00:00,2026-08-27T23:52:12.362143+00:00,2026-08-27T19:52:12.362143-04:00,2026-08-27T19:52:12.362143-04:00,propline_free_sample
2026-08-26,2026-08-26 23:40:00+00:00,Sean Burke,5.5,under,-107,rebet,167080,Chicago White Sox,Texas Rangers,2026-08-26T23:32:25.585076+00:00,2026-08-27T23:52:12.362143+00:00,2026-08-27T19:52:12.362143-04:00,2026-08-27T19:52:12.362143-04:00,propline_free_sample
2026-08-26,2026-08-26 23:40:00+00:00,MacKenzie Gore,6.5,over,121,rebet,167080,Chicago White Sox,Texas Rangers,2026-08-26T23:34:03.337724+00:00,2026-08-27T23:52:12.362143+00:00,2026-08-27T19:52:12.362143-04:00,2026-08-27T19:52:12.362143-04:00,propline_free_sample
2026-08-26,2026-08-26 23:40:00+00:00,MacKenzie Gore,6.5,under,-168,rebet,167080,Chicago White Sox,Texas Rangers,2026-08-26T23:34:03.337724+00:00,2026-08-27T23:52:12.362143+00:00,2026-08-27T19:52:12.362143-04:00,2026-08-27T19:52:12.362143-04:00,propline_free_sample
2026-08-26,2026-08-26 23:40:00+00:00,Sean Burke,6.5,over,147,novig,167080,Chicago White Sox,Texas Rangers,2026-08-26T23:38:20.937784+00:00,2026-08-27T23:52:12.362143+00:00,2026-08-27T19:52:12.362143-04:00,2026-08-27T19:52:12.362143-04:00,propline_free_sample
2026-08-26,2026-08-26 23:40:00+00:00,Sean Burke,6.5,under,-167,novig,167080,Chicago White Sox,Texas Rangers,2026-08-26T23:24:18.197550+00:00,2026-08-27T23:52:12.362143+00:00,2026-08-27T19:52:12.362143-04:00,2026-08-27T19:52:12.362143-04:00,propline_free_sample
2026-08-26,2026-08-26 23:40:00+00:00,Sean Burke,6.5,over,194,prophetx,167080,Chicago White Sox,Texas Rangers,2026-08-26T23:26:08.565818+00:00,2026-08-27T23:52:12.362143+00:00,2026-08-27T19:52:12.362143-04:00,2026-08-27T19:52:12.362143-04:00,propline_free_sample
2026-08-26,2026-08-26 23:40:00+00:00,Sean Burke,6.5,under,-5000,prophetx,167080,Chicago White Sox,Texas Rangers,2026-08-26T22:36:23.947818+00:00,2026-08-27T23:52:12.362143+00:00,2026-08-27T19:52:12.362143-04:00,2026-08-27T19:52:12.362143-04:00,propline_free_sample
2026-08-26,2026-08-26 23:40:00+00:00,MacKenzie Gore,6.5,over,120,onexbet,167080,Chicago White Sox,Texas Rangers,2026-08-26T23:12:44.451875+00:00,2026-08-27T23:52:12.362143+00:00,2026-08-27T19:52:12.362143-04:00,2026-08-27T19:52:12.362143-04:00,propline_free_sample
2026-08-26,2026-08-26 23:40:00+00:00,Sean Burke,6.5,over,125,onexbet,167080,Chicago White Sox,Texas Rangers,2026-08-26T16:12:25.038788+00:00,2026-08-27T23:52:12.362143+00:00,2026-08-27T19:52:12.362143-04:00,2026-08-27T19:52:12.362143-04:00,propline_free_sample
2026-08-26,2026-08-26 23:40:00+00:00,MacKenzie Gore,6.5,under,-160,onexbet,167080,Chicago White Sox,Texas Rangers,2026-08-26T23:12:44.451875+00:00,2026-08-27T23:52:12.362143+00:00,2026-08-27T19:52:12.362143-04:00,2026-08-27T19:52:12.362143-04:00,propline_free_sample
2026-08-26,2026-08-26 23:40:00+00:00,Sean Burke,6.5,under,-165,onexbet,167080,Chicago White Sox,Texas Rangers,2026-08-26T16:12:25.038788+00:00,2026-08-27T23:52:12.362143+00:00,2026-08-27T19:52:12.362143-04:00,2026-08-27T19:52:12.362143-04:00,propline_free_sample
