date,commence_time_utc,pitcher_name,line,side,price,sportsbook,event_id,home_team,away_team,vendor_snapshot_time,collected_at_utc,collected_at_et,snapshot_time_et,source
2026-09-02,2026-09-02 17:05:00+00:00,Brad Lord,2.5,over,162,dabble,185185,Washington Nationals,Atlanta Braves,2026-09-02T16:26:27.086413+00:00,2026-09-02T21:12:03.355436+00:00,2026-09-02T17:12:03.355436-04:00,2026-09-02T17:12:03.355436-04:00,propline_free_sample
2026-09-02,2026-09-02 17:05:00+00:00,Grant Holmes,3.5,over,-145,dabble,185185,Washington Nationals,Atlanta Braves,2026-09-02T16:49:05.877326+00:00,2026-09-02T21:12:03.355436+00:00,2026-09-02T17:12:03.355436-04:00,2026-09-02T17:12:03.355436-04:00,propline_free_sample
2026-09-02,2026-09-02 17:05:00+00:00,Brad Lord,2.5,under,-159,dabble,185185,Washington Nationals,Atlanta Braves,2026-09-02T16:49:05.877326+00:00,2026-09-02T21:12:03.355436+00:00,2026-09-02T17:12:03.355436-04:00,2026-09-02T17:12:03.355436-04:00,propline_free_sample
2026-09-02,2026-09-02 17:05:00+00:00,Grant Holmes,3.5,under,146,dabble,185185,Washington Nationals,Atlanta Braves,2026-09-02T16:49:05.877326+00:00,2026-09-02T21:12:03.355436+00:00,2026-09-02T17:12:03.355436-04:00,2026-09-02T17:12:03.355436-04:00,propline_free_sample
2026-09-02,2026-09-02 17:05:00+00:00,Brad Lord,2.5,over,139,underdog,185185,Washington Nationals,Atlanta Braves,2026-09-02T16:30:11.359169+00:00,2026-09-02T21:12:03.355436+00:00,2026-09-02T17:12:03.355436-04:00,2026-09-02T17:12:03.355436-04:00,propline_free_sample
2026-09-02,2026-09-02 17:05:00+00:00,Grant Holmes,3.5,over,-173,underdog,185185,Washington Nationals,Atlanta Braves,2026-09-02T16:47:52.752097+00:00,2026-09-02T21:12:03.355436+00:00,2026-09-02T17:12:03.355436-04:00,2026-09-02T17:12:03.355436-04:00,propline_free_sample
2026-09-02,2026-09-02 17:05:00+00:00,Brad Lord,2.5,under,-193,underdog,185185,Washington Nationals,Atlanta Braves,2026-09-02T14:48:28.010692+00:00,2026-09-02T21:12:03.355436+00:00,2026-09-02T17:12:03.355436-04:00,2026-09-02T17:12:03.355436-04:00,propline_free_sample
2026-09-02,2026-09-02 17:05:00+00:00,Grant Holmes,3.5,under,127,underdog,185185,Washington Nationals,Atlanta Braves,2026-09-02T16:47:52.752097+00:00,2026-09-02T21:12:03.355436+00:00,2026-09-02T17:12:03.355436-04:00,2026-09-02T17:12:03.355436-04:00,propline_free_sample
2026-09-02,2026-09-02 17:05:00+00:00,Brad Lord,2.5,over,134,smarkets,185185,Washington Nationals,Atlanta Braves,2026-09-02T16:22:47.933131+00:00,2026-09-02T21:12:03.355436+00:00,2026-09-02T17:12:03.355436-04:00,2026-09-02T17:12:03.355436-04:00,propline_free_sample
2026-09-02,2026-09-02 17:05:00+00:00,Brad Lord,2.5,under,-189,smarkets,185185,Washington Nationals,Atlanta Braves,2026-09-02T16:26:49.568518+00:00,2026-09-02T21:12:03.355436+00:00,2026-09-02T17:12:03.355436-04:00,2026-09-02T17:12:03.355436-04:00,propline_free_sample
2026-09-02,2026-09-02 17:05:00+00:00,Grant Holmes,4.5,over,122,smarkets,185185,Washington Nationals,Atlanta Braves,2026-09-02T16:34:40.642007+00:00,2026-09-02T21:12:03.355436+00:00,2026-09-02T17:12:03.355436-04:00,2026-09-02T17:12:03.355436-04:00,propline_free_sample
2026-09-02,2026-09-02 17:05:00+00:00,Grant Holmes,4.5,under,-172,smarkets,185185,Washington Nationals,Atlanta Braves,2026-09-02T16:34:40.642007+00:00,2026-09-02T21:12:03.355436+00:00,2026-09-02T17:12:03.355436-04:00,2026-09-02T17:12:03.355436-04:00,propline_free_sample
2026-09-02,2026-09-02 17:05:00+00:00,Brad Lord,2.5,over,100,prizepicks,185185,Washington Nationals,Atlanta Braves,2026-09-02T04:22:15.093976+00:00,2026-09-02T21:12:03.355436+00:00,2026-09-02T17:12:03.355436-04:00,2026-09-02T17:12:03.355436-04:00,propline_free_sample
2026-09-02,2026-09-02 17:05:00+00:00,Brad Lord,2.5,under,100,prizepicks,185185,Washington Nationals,Atlanta Braves,2026-09-02T04:22:15.093976+00:00,2026-09-02T21:12:03.355436+00:00,2026-09-02T17:12:03.355436-04:00,2026-09-02T17:12:03.355436-04:00,propline_free_sample
2026-09-02,2026-09-02 17:05:00+00:00,Brad Lord,3.5,over,100,prizepicks,185185,Washington Nationals,Atlanta Braves,2026-09-02T04:22:15.093976+00:00,2026-09-02T21:12:03.355436+00:00,2026-09-02T17:12:03.355436-04:00,2026-09-02T17:12:03.355436-04:00,propline_free_sample
2026-09-02,2026-09-02 17:05:00+00:00,Grant Holmes,4.5,over,100,prizepicks,185185,Washington Nationals,Atlanta Braves,2026-09-02T04:22:15.093976+00:00,2026-09-02T21:12:03.355436+00:00,2026-09-02T17:12:03.355436-04:00,2026-09-02T17:12:03.355436-04:00,propline_free_sample
2026-09-02,2026-09-02 17:05:00+00:00,Grant Holmes,4.5,under,100,prizepicks,185185,Washington Nationals,Atlanta Braves,2026-09-02T04:22:15.093976+00:00,2026-09-02T21:12:03.355436+00:00,2026-09-02T17:12:03.355436-04:00,2026-09-02T17:12:03.355436-04:00,propline_free_sample
2026-09-02,2026-09-02 17:05:00+00:00,Grant Holmes,6.5,over,100,prizepicks,185185,Washington Nationals,Atlanta Braves,2026-09-02T04:22:15.093976+00:00,2026-09-02T21:12:03.355436+00:00,2026-09-02T17:12:03.355436-04:00,2026-09-02T17:12:03.355436-04:00,propline_free_sample
2026-09-02,2026-09-02 17:05:00+00:00,Grant Holmes,3.5,over,100,prizepicks,185185,Washington Nationals,Atlanta Braves,2026-09-02T04:22:15.093976+00:00,2026-09-02T21:12:03.355436+00:00,2026-09-02T17:12:03.355436-04:00,2026-09-02T17:12:03.355436-04:00,propline_free_sample
2026-09-02,2026-09-02 17:05:00+00:00,Brad Lord,2.5,over,135,draftkings,185185,Washington Nationals,Atlanta Braves,2026-09-02T04:22:15.741803+00:00,2026-09-02T21:12:03.355436+00:00,2026-09-02T17:12:03.355436-04:00,2026-09-02T17:12:03.355436-04:00,propline_free_sample
2026-09-02,2026-09-02 17:05:00+00:00,Brad Lord,2.5,under,-173,draftkings,185185,Washington Nationals,Atlanta Braves,2026-09-02T04:22:15.741803+00:00,2026-09-02T21:12:03.355436+00:00,2026-09-02T17:12:03.355436-04:00,2026-09-02T17:12:03.355436-04:00,propline_free_sample
2026-09-02,2026-09-02 17:05:00+00:00,Brad Lord,4.5,over,100,prizepicks,185185,Washington Nationals,Atlanta Braves,2026-09-02T04:25:15.243835+00:00,2026-09-02T21:12:03.355436+00:00,2026-09-02T17:12:03.355436-04:00,2026-09-02T17:12:03.355436-04:00,propline_free_sample
2026-09-02,2026-09-02 17:05:00+00:00,Grant Holmes,3.5,under,100,prizepicks,185185,Washington Nationals,Atlanta Braves,2026-09-02T04:25:15.243835+00:00,2026-09-02T21:12:03.355436+00:00,2026-09-02T17:12:03.355436-04:00,2026-09-02T17:12:03.355436-04:00,propline_free_sample
2026-09-02,2026-09-02 17:05:00+00:00,Brad Lord,5.5,over,100,prizepicks,185185,Washington Nationals,Atlanta Braves,2026-09-02T04:25:15.243835+00:00,2026-09-02T21:12:03.355436+00:00,2026-09-02T17:12:03.355436-04:00,2026-09-02T17:12:03.355436-04:00,propline_free_sample
2026-09-02,2026-09-02 17:05:00+00:00,Grant Holmes,5.5,over,100,prizepicks,185185,Washington Nationals,Atlanta Braves,2026-09-02T04:25:15.243835+00:00,2026-09-02T21:12:03.355436+00:00,2026-09-02T17:12:03.355436-04:00,2026-09-02T17:12:03.355436-04:00,propline_free_sample
2026-09-02,2026-09-02 17:05:00+00:00,Grant Holmes,7.5,over,100,prizepicks,185185,Washington Nationals,Atlanta Braves,2026-09-02T04:25:15.243835+00:00,2026-09-02T21:12:03.355436+00:00,2026-09-02T17:12:03.355436-04:00,2026-09-02T17:12:03.355436-04:00,propline_free_sample
2026-09-02,2026-09-02 17:05:00+00:00,Brad Lord,1.5,over,100,prizepicks,185185,Washington Nationals,Atlanta Braves,2026-09-02T04:25:15.243835+00:00,2026-09-02T21:12:03.355436+00:00,2026-09-02T17:12:03.355436-04:00,2026-09-02T17:12:03.355436-04:00,propline_free_sample
2026-09-02,2026-09-02 17:05:00+00:00,Grant Holmes,2.5,over,100,prizepicks,185185,Washington Nationals,Atlanta Braves,2026-09-02T04:25:15.243835+00:00,2026-09-02T21:12:03.355436+00:00,2026-09-02T17:12:03.355436-04:00,2026-09-02T17:12:03.355436-04:00,propline_free_sample
2026-09-02,2026-09-02 17:05:00+00:00,Grant Holmes,3.5,over,-168,draftkings,185185,Washington Nationals,Atlanta Braves,2026-09-02T17:04:39.006841+00:00,2026-09-02T21:12:03.355436+00:00,2026-09-02T17:12:03.355436-04:00,2026-09-02T17:12:03.355436-04:00,propline_free_sample
2026-09-02,2026-09-02 17:05:00+00:00,Grant Holmes,3.5,under,131,draftkings,185185,Washington Nationals,Atlanta Braves,2026-09-02T17:04:39.006841+00:00,2026-09-02T21:12:03.355436+00:00,2026-09-02T17:12:03.355436-04:00,2026-09-02T17:12:03.355436-04:00,propline_free_sample
2026-09-02,2026-09-02 17:05:00+00:00,Grant Holmes,4.5,over,130,fanatics,185185,Washington Nationals,Atlanta Braves,2026-09-02T16:54:56.298342+00:00,2026-09-02T21:12:03.355436+00:00,2026-09-02T17:12:03.355436-04:00,2026-09-02T17:12:03.355436-04:00,propline_free_sample
2026-09-02,2026-09-02 17:05:00+00:00,Grant Holmes,4.5,under,-175,fanatics,185185,Washington Nationals,Atlanta Braves,2026-09-02T16:54:56.298342+00:00,2026-09-02T21:12:03.355436+00:00,2026-09-02T17:12:03.355436-04:00,2026-09-02T17:12:03.355436-04:00,propline_free_sample
2026-09-02,2026-09-02 17:05:00+00:00,Grant Holmes,4.5,over,110,sleeper,185185,Washington Nationals,Atlanta Braves,2026-09-02T16:42:57.906193+00:00,2026-09-02T21:12:03.355436+00:00,2026-09-02T17:12:03.355436-04:00,2026-09-02T17:12:03.355436-04:00,propline_free_sample
2026-09-02,2026-09-02 17:05:00+00:00,Grant Holmes,4.5,under,-185,sleeper,185185,Washington Nationals,Atlanta Braves,2026-09-02T16:18:17.286970+00:00,2026-09-02T21:12:03.355436+00:00,2026-09-02T17:12:03.355436-04:00,2026-09-02T17:12:03.355436-04:00,propline_free_sample
2026-09-02,2026-09-02 17:05:00+00:00,Grant Holmes,4.0,over,100,betr,185185,Washington Nationals,Atlanta Braves,2026-09-02T04:36:32.090439+00:00,2026-09-02T21:12:03.355436+00:00,2026-09-02T17:12:03.355436-04:00,2026-09-02T17:12:03.355436-04:00,propline_free_sample
2026-09-02,2026-09-02 17:05:00+00:00,Grant Holmes,4.0,under,100,betr,185185,Washington Nationals,Atlanta Braves,2026-09-02T04:36:32.090439+00:00,2026-09-02T21:12:03.355436+00:00,2026-09-02T17:12:03.355436-04:00,2026-09-02T17:12:03.355436-04:00,propline_free_sample
2026-09-02,2026-09-02 17:05:00+00:00,Brad Lord,3.5,under,100,prizepicks,185185,Washington Nationals,Atlanta Braves,2026-09-02T04:37:15.096026+00:00,2026-09-02T21:12:03.355436+00:00,2026-09-02T17:12:03.355436-04:00,2026-09-02T17:12:03.355436-04:00,propline_free_sample
2026-09-02,2026-09-02 17:05:00+00:00,Brad Lord,1.5,under,100,prizepicks,185185,Washington Nationals,Atlanta Braves,2026-09-02T04:37:15.096026+00:00,2026-09-02T21:12:03.355436+00:00,2026-09-02T17:12:03.355436-04:00,2026-09-02T17:12:03.355436-04:00,propline_free_sample
2026-09-02,2026-09-02 17:05:00+00:00,Brad Lord,0.5,over,100,prizepicks,185185,Washington Nationals,Atlanta Braves,2026-09-02T04:37:15.096026+00:00,2026-09-02T21:12:03.355436+00:00,2026-09-02T17:12:03.355436-04:00,2026-09-02T17:12:03.355436-04:00,propline_free_sample
2026-09-02,2026-09-02 17:05:00+00:00,Brad Lord,0.5,under,100,prizepicks,185185,Washington Nationals,Atlanta Braves,2026-09-02T04:37:15.096026+00:00,2026-09-02T21:12:03.355436+00:00,2026-09-02T17:12:03.355436-04:00,2026-09-02T17:12:03.355436-04:00,propline_free_sample
2026-09-02,2026-09-02 17:05:00+00:00,Brad Lord,2.5,over,140,onexbet,185185,Washington Nationals,Atlanta Braves,2026-09-02T15:56:34.689846+00:00,2026-09-02T21:12:03.355436+00:00,2026-09-02T17:12:03.355436-04:00,2026-09-02T17:12:03.355436-04:00,propline_free_sample
2026-09-02,2026-09-02 17:05:00+00:00,Grant Holmes,4.5,over,110,onexbet,185185,Washington Nationals,Atlanta Braves,2026-09-02T15:00:12.494638+00:00,2026-09-02T21:12:03.355436+00:00,2026-09-02T17:12:03.355436-04:00,2026-09-02T17:12:03.355436-04:00,propline_free_sample
2026-09-02,2026-09-02 17:05:00+00:00,Brad Lord,2.5,under,-190,onexbet,185185,Washington Nationals,Atlanta Braves,2026-09-02T15:56:34.689846+00:00,2026-09-02T21:12:03.355436+00:00,2026-09-02T17:12:03.355436-04:00,2026-09-02T17:12:03.355436-04:00,propline_free_sample
2026-09-02,2026-09-02 17:05:00+00:00,Grant Holmes,4.5,under,-150,onexbet,185185,Washington Nationals,Atlanta Braves,2026-09-02T15:00:12.494638+00:00,2026-09-02T21:12:03.355436+00:00,2026-09-02T17:12:03.355436-04:00,2026-09-02T17:12:03.355436-04:00,propline_free_sample
2026-09-02,2026-09-02 17:05:00+00:00,Grant Holmes,6.5,under,100,prizepicks,185185,Washington Nationals,Atlanta Braves,2026-09-02T04:43:16.881298+00:00,2026-09-02T21:12:03.355436+00:00,2026-09-02T17:12:03.355436-04:00,2026-09-02T17:12:03.355436-04:00,propline_free_sample
2026-09-02,2026-09-02 17:05:00+00:00,Grant Holmes,5.5,under,100,prizepicks,185185,Washington Nationals,Atlanta Braves,2026-09-02T04:43:16.881298+00:00,2026-09-02T21:12:03.355436+00:00,2026-09-02T17:12:03.355436-04:00,2026-09-02T17:12:03.355436-04:00,propline_free_sample
2026-09-02,2026-09-02 17:05:00+00:00,Grant Holmes,2.5,under,100,prizepicks,185185,Washington Nationals,Atlanta Braves,2026-09-02T04:43:16.881298+00:00,2026-09-02T21:12:03.355436+00:00,2026-09-02T17:12:03.355436-04:00,2026-09-02T17:12:03.355436-04:00,propline_free_sample
2026-09-02,2026-09-02 17:05:00+00:00,Brad Lord,1.5,over,-180,fanatics,185185,Washington Nationals,Atlanta Braves,2026-09-02T16:51:36.393386+00:00,2026-09-02T21:12:03.355436+00:00,2026-09-02T17:12:03.355436-04:00,2026-09-02T17:12:03.355436-04:00,propline_free_sample
2026-09-02,2026-09-02 17:05:00+00:00,Brad Lord,1.5,under,135,fanatics,185185,Washington Nationals,Atlanta Braves,2026-09-02T16:51:36.393386+00:00,2026-09-02T21:12:03.355436+00:00,2026-09-02T17:12:03.355436-04:00,2026-09-02T17:12:03.355436-04:00,propline_free_sample
2026-09-02,2026-09-02 17:05:00+00:00,Brad Lord,0.5,over,-4900,kalshi,185185,Washington Nationals,Atlanta Braves,2026-09-02T14:48:32.009217+00:00,2026-09-02T21:12:03.355436+00:00,2026-09-02T17:12:03.355436-04:00,2026-09-02T17:12:03.355436-04:00,propline_free_sample
2026-09-02,2026-09-02 17:05:00+00:00,Brad Lord,0.5,under,9900,kalshi,185185,Washington Nationals,Atlanta Braves,2026-09-02T14:43:37.533709+00:00,2026-09-02T21:12:03.355436+00:00,2026-09-02T17:12:03.355436-04:00,2026-09-02T17:12:03.355436-04:00,propline_free_sample
2026-09-02,2026-09-02 17:05:00+00:00,Brad Lord,1.5,over,-4900,kalshi,185185,Washington Nationals,Atlanta Braves,2026-09-02T15:25:39.750109+00:00,2026-09-02T21:12:03.355436+00:00,2026-09-02T17:12:03.355436-04:00,2026-09-02T17:12:03.355436-04:00,propline_free_sample
2026-09-02,2026-09-02 17:05:00+00:00,Grant Holmes,1.5,over,9900,kalshi,185185,Washington Nationals,Atlanta Braves,2026-09-02T14:45:45.270053+00:00,2026-09-02T21:12:03.355436+00:00,2026-09-02T17:12:03.355436-04:00,2026-09-02T17:12:03.355436-04:00,propline_free_sample
2026-09-02,2026-09-02 17:05:00+00:00,Brad Lord,1.5,under,9900,kalshi,185185,Washington Nationals,Atlanta Braves,2026-09-02T15:21:00.591993+00:00,2026-09-02T21:12:03.355436+00:00,2026-09-02T17:12:03.355436-04:00,2026-09-02T17:12:03.355436-04:00,propline_free_sample
2026-09-02,2026-09-02 17:05:00+00:00,Grant Holmes,1.5,under,-9900,kalshi,185185,Washington Nationals,Atlanta Braves,2026-09-02T14:45:45.270053+00:00,2026-09-02T21:12:03.355436+00:00,2026-09-02T17:12:03.355436-04:00,2026-09-02T17:12:03.355436-04:00,propline_free_sample
2026-09-02,2026-09-02 17:05:00+00:00,Brad Lord,2.5,over,-300,kalshi,185185,Washington Nationals,Atlanta Braves,2026-09-02T16:46:02.412216+00:00,2026-09-02T21:12:03.355436+00:00,2026-09-02T17:12:03.355436-04:00,2026-09-02T17:12:03.355436-04:00,propline_free_sample
2026-09-02,2026-09-02 17:05:00+00:00,Grant Holmes,2.5,over,9900,kalshi,185185,Washington Nationals,Atlanta Braves,2026-09-02T15:01:55.645022+00:00,2026-09-02T21:12:03.355436+00:00,2026-09-02T17:12:03.355436-04:00,2026-09-02T17:12:03.355436-04:00,propline_free_sample
2026-09-02,2026-09-02 17:05:00+00:00,Brad Lord,2.5,under,9900,kalshi,185185,Washington Nationals,Atlanta Braves,2026-09-02T17:01:42.536887+00:00,2026-09-02T21:12:03.355436+00:00,2026-09-02T17:12:03.355436-04:00,2026-09-02T17:12:03.355436-04:00,propline_free_sample
2026-09-02,2026-09-02 17:05:00+00:00,Grant Holmes,2.5,under,-1900,kalshi,185185,Washington Nationals,Atlanta Braves,2026-09-02T15:01:55.645022+00:00,2026-09-02T21:12:03.355436+00:00,2026-09-02T17:12:03.355436-04:00,2026-09-02T17:12:03.355436-04:00,propline_free_sample
2026-09-02,2026-09-02 17:05:00+00:00,Brad Lord,3.5,over,-213,kalshi,185185,Washington Nationals,Atlanta Braves,2026-09-02T14:58:13.821008+00:00,2026-09-02T21:12:03.355436+00:00,2026-09-02T17:12:03.355436-04:00,2026-09-02T17:12:03.355436-04:00,propline_free_sample
2026-09-02,2026-09-02 17:05:00+00:00,Grant Holmes,3.5,over,9900,kalshi,185185,Washington Nationals,Atlanta Braves,2026-09-02T16:46:02.412216+00:00,2026-09-02T21:12:03.355436+00:00,2026-09-02T17:12:03.355436-04:00,2026-09-02T17:12:03.355436-04:00,propline_free_sample
2026-09-02,2026-09-02 17:05:00+00:00,Brad Lord,3.5,under,9900,kalshi,185185,Washington Nationals,Atlanta Braves,2026-09-02T15:51:04.769131+00:00,2026-09-02T21:12:03.355436+00:00,2026-09-02T17:12:03.355436-04:00,2026-09-02T17:12:03.355436-04:00,propline_free_sample
2026-09-02,2026-09-02 17:05:00+00:00,Grant Holmes,3.5,under,-4900,kalshi,185185,Washington Nationals,Atlanta Braves,2026-09-02T16:36:33.495651+00:00,2026-09-02T21:12:03.355436+00:00,2026-09-02T17:12:03.355436-04:00,2026-09-02T17:12:03.355436-04:00,propline_free_sample
2026-09-02,2026-09-02 17:05:00+00:00,Brad Lord,4.5,over,104,kalshi,185185,Washington Nationals,Atlanta Braves,2026-09-02T14:58:13.821008+00:00,2026-09-02T21:12:03.355436+00:00,2026-09-02T17:12:03.355436-04:00,2026-09-02T17:12:03.355436-04:00,propline_free_sample
2026-09-02,2026-09-02 17:05:00+00:00,Grant Holmes,4.5,over,9900,kalshi,185185,Washington Nationals,Atlanta Braves,2026-09-02T16:11:38.222379+00:00,2026-09-02T21:12:03.355436+00:00,2026-09-02T17:12:03.355436-04:00,2026-09-02T17:12:03.355436-04:00,propline_free_sample
2026-09-02,2026-09-02 17:05:00+00:00,Brad Lord,4.5,under,9900,kalshi,185185,Washington Nationals,Atlanta Braves,2026-09-02T15:51:04.769131+00:00,2026-09-02T21:12:03.355436+00:00,2026-09-02T17:12:03.355436-04:00,2026-09-02T17:12:03.355436-04:00,propline_free_sample
2026-09-02,2026-09-02 17:05:00+00:00,Grant Holmes,4.5,under,-9900,kalshi,185185,Washington Nationals,Atlanta Braves,2026-09-02T16:11:38.222379+00:00,2026-09-02T21:12:03.355436+00:00,2026-09-02T17:12:03.355436-04:00,2026-09-02T17:12:03.355436-04:00,propline_free_sample
2026-09-02,2026-09-02 17:05:00+00:00,Brad Lord,5.5,over,-1900,kalshi,185185,Washington Nationals,Atlanta Braves,2026-09-02T13:40:50.479623+00:00,2026-09-02T21:12:03.355436+00:00,2026-09-02T17:12:03.355436-04:00,2026-09-02T17:12:03.355436-04:00,propline_free_sample
2026-09-02,2026-09-02 17:05:00+00:00,Grant Holmes,5.5,over,9900,kalshi,185185,Washington Nationals,Atlanta Braves,2026-09-02T15:54:45.955872+00:00,2026-09-02T21:12:03.355436+00:00,2026-09-02T17:12:03.355436-04:00,2026-09-02T17:12:03.355436-04:00,propline_free_sample
2026-09-02,2026-09-02 17:05:00+00:00,Brad Lord,5.5,under,9900,kalshi,185185,Washington Nationals,Atlanta Braves,2026-09-02T14:52:18.424619+00:00,2026-09-02T21:12:03.355436+00:00,2026-09-02T17:12:03.355436-04:00,2026-09-02T17:12:03.355436-04:00,propline_free_sample
2026-09-02,2026-09-02 17:05:00+00:00,Grant Holmes,5.5,under,-2400,kalshi,185185,Washington Nationals,Atlanta Braves,2026-09-02T15:58:26.886440+00:00,2026-09-02T21:12:03.355436+00:00,2026-09-02T17:12:03.355436-04:00,2026-09-02T17:12:03.355436-04:00,propline_free_sample
2026-09-02,2026-09-02 17:05:00+00:00,Grant Holmes,6.5,over,9900,kalshi,185185,Washington Nationals,Atlanta Braves,2026-09-02T15:21:00.591993+00:00,2026-09-02T21:12:03.355436+00:00,2026-09-02T17:12:03.355436-04:00,2026-09-02T17:12:03.355436-04:00,propline_free_sample
2026-09-02,2026-09-02 17:05:00+00:00,Grant Holmes,6.5,under,-9900,kalshi,185185,Washington Nationals,Atlanta Braves,2026-09-02T15:21:00.591993+00:00,2026-09-02T21:12:03.355436+00:00,2026-09-02T17:12:03.355436-04:00,2026-09-02T17:12:03.355436-04:00,propline_free_sample
2026-09-02,2026-09-02 17:05:00+00:00,Grant Holmes,7.5,over,9900,kalshi,185185,Washington Nationals,Atlanta Braves,2026-09-02T12:04:22.890586+00:00,2026-09-02T21:12:03.355436+00:00,2026-09-02T17:12:03.355436-04:00,2026-09-02T17:12:03.355436-04:00,propline_free_sample
2026-09-02,2026-09-02 17:05:00+00:00,Grant Holmes,7.5,under,-9900,kalshi,185185,Washington Nationals,Atlanta Braves,2026-09-02T17:01:42.536887+00:00,2026-09-02T21:12:03.355436+00:00,2026-09-02T17:12:03.355436-04:00,2026-09-02T17:12:03.355436-04:00,propline_free_sample
2026-09-02,2026-09-02 17:05:00+00:00,Brad Lord,2.5,over,182,novig,185185,Washington Nationals,Atlanta Braves,2026-09-02T16:43:07.401313+00:00,2026-09-02T21:12:03.355436+00:00,2026-09-02T17:12:03.355436-04:00,2026-09-02T17:12:03.355436-04:00,propline_free_sample
2026-09-02,2026-09-02 17:05:00+00:00,Brad Lord,2.5,under,-190,novig,185185,Washington Nationals,Atlanta Braves,2026-09-02T16:20:15.904474+00:00,2026-09-02T21:12:03.355436+00:00,2026-09-02T17:12:03.355436-04:00,2026-09-02T17:12:03.355436-04:00,propline_free_sample
2026-09-02,2026-09-02 17:05:00+00:00,Grant Holmes,3.5,over,-167,novig,185185,Washington Nationals,Atlanta Braves,2026-09-02T17:03:49.855572+00:00,2026-09-02T21:12:03.355436+00:00,2026-09-02T17:12:03.355436-04:00,2026-09-02T17:12:03.355436-04:00,propline_free_sample
2026-09-02,2026-09-02 17:05:00+00:00,Grant Holmes,3.5,under,147,novig,185185,Washington Nationals,Atlanta Braves,2026-09-02T17:04:58.666882+00:00,2026-09-02T21:12:03.355436+00:00,2026-09-02T17:12:03.355436-04:00,2026-09-02T17:12:03.355436-04:00,propline_free_sample
2026-09-02,2026-09-02 17:05:00+00:00,Grant Holmes,3.5,over,-175,smarkets,185185,Washington Nationals,Atlanta Braves,2026-09-02T05:20:39.318186+00:00,2026-09-02T21:12:03.355436+00:00,2026-09-02T17:12:03.355436-04:00,2026-09-02T17:12:03.355436-04:00,propline_free_sample
2026-09-02,2026-09-02 17:05:00+00:00,Grant Holmes,3.5,under,124,smarkets,185185,Washington Nationals,Atlanta Braves,2026-09-02T05:20:39.318186+00:00,2026-09-02T21:12:03.355436+00:00,2026-09-02T17:12:03.355436-04:00,2026-09-02T17:12:03.355436-04:00,propline_free_sample
2026-09-02,2026-09-02 17:05:00+00:00,Brad Lord,2.5,over,128,prophetx,185185,Washington Nationals,Atlanta Braves,2026-09-02T12:53:56.564871+00:00,2026-09-02T21:12:03.355436+00:00,2026-09-02T17:12:03.355436-04:00,2026-09-02T17:12:03.355436-04:00,propline_free_sample
2026-09-02,2026-09-02 17:05:00+00:00,Brad Lord,2.5,under,-144,prophetx,185185,Washington Nationals,Atlanta Braves,2026-09-02T12:53:56.564871+00:00,2026-09-02T21:12:03.355436+00:00,2026-09-02T17:12:03.355436-04:00,2026-09-02T17:12:03.355436-04:00,propline_free_sample
2026-09-02,2026-09-02 17:05:00+00:00,Grant Holmes,4.5,over,130,novig,185185,Washington Nationals,Atlanta Braves,2026-09-02T17:04:58.666882+00:00,2026-09-02T21:12:03.355436+00:00,2026-09-02T17:12:03.355436-04:00,2026-09-02T17:12:03.355436-04:00,propline_free_sample
2026-09-02,2026-09-02 17:05:00+00:00,Grant Holmes,4.5,under,-141,novig,185185,Washington Nationals,Atlanta Braves,2026-09-02T16:09:58.339551+00:00,2026-09-02T21:12:03.355436+00:00,2026-09-02T17:12:03.355436-04:00,2026-09-02T17:12:03.355436-04:00,propline_free_sample
2026-09-02,2026-09-02 17:05:00+00:00,Grant Holmes,4.5,over,125,prophetx,185185,Washington Nationals,Atlanta Braves,2026-09-02T17:02:56.231663+00:00,2026-09-02T21:12:03.355436+00:00,2026-09-02T17:12:03.355436-04:00,2026-09-02T17:12:03.355436-04:00,propline_free_sample
2026-09-02,2026-09-02 17:05:00+00:00,Grant Holmes,4.5,under,-136,prophetx,185185,Washington Nationals,Atlanta Braves,2026-09-02T16:06:22.200255+00:00,2026-09-02T21:12:03.355436+00:00,2026-09-02T17:12:03.355436-04:00,2026-09-02T17:12:03.355436-04:00,propline_free_sample
2026-09-02,2026-09-02 17:05:00+00:00,Grant Holmes,4.5,over,126,fanduel,185185,Washington Nationals,Atlanta Braves,2026-09-02T16:56:20.733873+00:00,2026-09-02T21:12:03.355436+00:00,2026-09-02T17:12:03.355436-04:00,2026-09-02T17:12:03.355436-04:00,propline_free_sample
2026-09-02,2026-09-02 17:05:00+00:00,Grant Holmes,4.5,under,-162,fanduel,185185,Washington Nationals,Atlanta Braves,2026-09-02T16:56:20.733873+00:00,2026-09-02T21:12:03.355436+00:00,2026-09-02T17:12:03.355436-04:00,2026-09-02T17:12:03.355436-04:00,propline_free_sample
2026-09-02,2026-09-02 17:05:00+00:00,Grant Holmes (ATL),4.5,over,125,bovada,185185,Washington Nationals,Atlanta Braves,2026-09-02T15:29:01.824386+00:00,2026-09-02T21:12:03.355436+00:00,2026-09-02T17:12:03.355436-04:00,2026-09-02T17:12:03.355436-04:00,propline_free_sample
2026-09-02,2026-09-02 17:05:00+00:00,Grant Holmes (ATL),4.5,under,-165,bovada,185185,Washington Nationals,Atlanta Braves,2026-09-02T15:29:01.824386+00:00,2026-09-02T21:12:03.355436+00:00,2026-09-02T17:12:03.355436-04:00,2026-09-02T17:12:03.355436-04:00,propline_free_sample
2026-09-02,2026-09-02 17:05:00+00:00,Grant Holmes,4.0,over,100,prizepicks,185185,Washington Nationals,Atlanta Braves,2026-09-02T09:14:11.875853+00:00,2026-09-02T21:12:03.355436+00:00,2026-09-02T17:12:03.355436-04:00,2026-09-02T17:12:03.355436-04:00,propline_free_sample
2026-09-02,2026-09-02 17:05:00+00:00,Grant Holmes,4.0,under,100,prizepicks,185185,Washington Nationals,Atlanta Braves,2026-09-02T09:14:11.875853+00:00,2026-09-02T21:12:03.355436+00:00,2026-09-02T17:12:03.355436-04:00,2026-09-02T17:12:03.355436-04:00,propline_free_sample
2026-09-02,2026-09-02 17:05:00+00:00,Grant Holmes,3.5,over,-173,rebet,185185,Washington Nationals,Atlanta Braves,2026-09-02T16:40:52.093494+00:00,2026-09-02T21:12:03.355436+00:00,2026-09-02T17:12:03.355436-04:00,2026-09-02T17:12:03.355436-04:00,propline_free_sample
2026-09-02,2026-09-02 17:05:00+00:00,Grant Holmes,3.5,under,124,rebet,185185,Washington Nationals,Atlanta Braves,2026-09-02T16:40:52.093494+00:00,2026-09-02T21:12:03.355436+00:00,2026-09-02T17:12:03.355436-04:00,2026-09-02T17:12:03.355436-04:00,propline_free_sample
2026-09-02,2026-09-02 17:05:00+00:00,Grant Holmes,4.5,over,135,betmgm,185185,Washington Nationals,Atlanta Braves,2026-09-02T15:15:10.734005+00:00,2026-09-02T21:12:03.355436+00:00,2026-09-02T17:12:03.355436-04:00,2026-09-02T17:12:03.355436-04:00,propline_free_sample
2026-09-02,2026-09-02 17:05:00+00:00,Grant Holmes,4.5,under,-185,betmgm,185185,Washington Nationals,Atlanta Braves,2026-09-02T15:15:10.734005+00:00,2026-09-02T21:12:03.355436+00:00,2026-09-02T17:12:03.355436-04:00,2026-09-02T17:12:03.355436-04:00,propline_free_sample
2026-09-02,2026-09-02 17:05:00+00:00,Grant Holmes,3.5,over,-170,prophetx,185185,Washington Nationals,Atlanta Braves,2026-09-02T17:02:56.231663+00:00,2026-09-02T21:12:03.355436+00:00,2026-09-02T17:12:03.355436-04:00,2026-09-02T17:12:03.355436-04:00,propline_free_sample
2026-09-02,2026-09-02 17:05:00+00:00,Grant Holmes,3.5,under,142,prophetx,185185,Washington Nationals,Atlanta Braves,2026-09-02T17:04:02.366241+00:00,2026-09-02T21:12:03.355436+00:00,2026-09-02T17:12:03.355436-04:00,2026-09-02T17:12:03.355436-04:00,propline_free_sample
2026-09-02,2026-09-02 17:05:00+00:00,Grant Holmes,2.5,over,-471,novig,185185,Washington Nationals,Atlanta Braves,2026-09-02T17:04:17.674755+00:00,2026-09-02T21:12:03.355436+00:00,2026-09-02T17:12:03.355436-04:00,2026-09-02T17:12:03.355436-04:00,propline_free_sample
2026-09-02,2026-09-02 17:05:00+00:00,Grant Holmes,2.5,under,300,novig,185185,Washington Nationals,Atlanta Braves,2026-09-02T13:07:31.590543+00:00,2026-09-02T21:12:03.355436+00:00,2026-09-02T17:12:03.355436-04:00,2026-09-02T17:12:03.355436-04:00,propline_free_sample
2026-09-02,2026-09-02 17:05:00+00:00,Grant Holmes,5.5,over,285,novig,185185,Washington Nationals,Atlanta Braves,2026-09-02T15:11:08.928916+00:00,2026-09-02T21:12:03.355436+00:00,2026-09-02T17:12:03.355436-04:00,2026-09-02T17:12:03.355436-04:00,propline_free_sample
2026-09-02,2026-09-02 17:05:00+00:00,Grant Holmes,5.5,under,-308,novig,185185,Washington Nationals,Atlanta Braves,2026-09-02T15:11:08.928916+00:00,2026-09-02T21:12:03.355436+00:00,2026-09-02T17:12:03.355436-04:00,2026-09-02T17:12:03.355436-04:00,propline_free_sample
2026-09-02,2026-09-02 17:05:00+00:00,Grant Holmes (ATL),4.0,over,-120,betonlineag,185185,Washington Nationals,Atlanta Braves,2026-09-02T14:30:23.758014+00:00,2026-09-02T21:12:03.355436+00:00,2026-09-02T17:12:03.355436-04:00,2026-09-02T17:12:03.355436-04:00,propline_free_sample
2026-09-02,2026-09-02 17:05:00+00:00,Grant Holmes (ATL),4.0,under,-120,betonlineag,185185,Washington Nationals,Atlanta Braves,2026-09-02T14:30:23.758014+00:00,2026-09-02T21:12:03.355436+00:00,2026-09-02T17:12:03.355436-04:00,2026-09-02T17:12:03.355436-04:00,propline_free_sample
2026-09-02,2026-09-02 17:05:00+00:00,Grant Holmes (ATL),4.0,over,-120,lowvig,185185,Washington Nationals,Atlanta Braves,2026-09-02T14:30:19.864735+00:00,2026-09-02T21:12:03.355436+00:00,2026-09-02T17:12:03.355436-04:00,2026-09-02T17:12:03.355436-04:00,propline_free_sample
2026-09-02,2026-09-02 17:05:00+00:00,Grant Holmes (ATL),4.0,under,-120,lowvig,185185,Washington Nationals,Atlanta Braves,2026-09-02T14:30:19.864735+00:00,2026-09-02T21:12:03.355436+00:00,2026-09-02T17:12:03.355436-04:00,2026-09-02T17:12:03.355436-04:00,propline_free_sample
2026-09-02,2026-09-02 17:05:00+00:00,Brad Lord,1.5,over,-200,smarkets,185185,Washington Nationals,Atlanta Braves,2026-09-02T13:53:09.964948+00:00,2026-09-02T21:12:03.355436+00:00,2026-09-02T17:12:03.355436-04:00,2026-09-02T17:12:03.355436-04:00,propline_free_sample
2026-09-02,2026-09-02 17:05:00+00:00,Brad Lord,1.5,under,138,smarkets,185185,Washington Nationals,Atlanta Braves,2026-09-02T13:53:09.964948+00:00,2026-09-02T21:12:03.355436+00:00,2026-09-02T17:12:03.355436-04:00,2026-09-02T17:12:03.355436-04:00,propline_free_sample
2026-09-02,2026-09-02 17:05:00+00:00,Brad Lord,1.5,over,-235,prophetx,185185,Washington Nationals,Atlanta Braves,2026-09-02T14:45:00.668487+00:00,2026-09-02T21:12:03.355436+00:00,2026-09-02T17:12:03.355436-04:00,2026-09-02T17:12:03.355436-04:00,propline_free_sample
2026-09-02,2026-09-02 17:05:00+00:00,Brad Lord,1.5,under,182,prophetx,185185,Washington Nationals,Atlanta Braves,2026-09-02T13:56:32.562051+00:00,2026-09-02T21:12:03.355436+00:00,2026-09-02T17:12:03.355436-04:00,2026-09-02T17:12:03.355436-04:00,propline_free_sample
2026-09-02,2026-09-02 17:05:00+00:00,Grant Holmes,3.5,over,-209,pinnacle,185185,Washington Nationals,Atlanta Braves,2026-09-02T16:49:02.396452+00:00,2026-09-02T21:12:03.355436+00:00,2026-09-02T17:12:03.355436-04:00,2026-09-02T17:12:03.355436-04:00,propline_free_sample
2026-09-02,2026-09-02 17:05:00+00:00,Grant Holmes,3.5,under,154,pinnacle,185185,Washington Nationals,Atlanta Braves,2026-09-02T16:49:02.396452+00:00,2026-09-02T21:12:03.355436+00:00,2026-09-02T17:12:03.355436-04:00,2026-09-02T17:12:03.355436-04:00,propline_free_sample
2026-09-02,2026-09-02 16:40:00+00:00,Brandon Williamson,3.5,over,104,dabble,184829,Cincinnati Reds,San Diego Padres,2026-09-02T07:22:36.643101+00:00,2026-09-02T21:12:03.355436+00:00,2026-09-02T17:12:03.355436-04:00,2026-09-02T17:12:03.355436-04:00,propline_free_sample
2026-09-02,2026-09-02 16:40:00+00:00,Casey Mize,4.5,over,105,dabble,184829,Cincinnati Reds,San Diego Padres,2026-09-02T15:52:51.510677+00:00,2026-09-02T21:12:03.355436+00:00,2026-09-02T17:12:03.355436-04:00,2026-09-02T17:12:03.355436-04:00,propline_free_sample
2026-09-02,2026-09-02 16:40:00+00:00,Brandon Williamson,3.5,under,-103,dabble,184829,Cincinnati Reds,San Diego Padres,2026-09-02T07:22:36.643101+00:00,2026-09-02T21:12:03.355436+00:00,2026-09-02T17:12:03.355436-04:00,2026-09-02T17:12:03.355436-04:00,propline_free_sample
2026-09-02,2026-09-02 16:40:00+00:00,Casey Mize,4.5,under,-104,dabble,184829,Cincinnati Reds,San Diego Padres,2026-09-02T15:36:39.385316+00:00,2026-09-02T21:12:03.355436+00:00,2026-09-02T17:12:03.355436-04:00,2026-09-02T17:12:03.355436-04:00,propline_free_sample
2026-09-02,2026-09-02 16:40:00+00:00,Brandon Williamson,2.5,over,-109,underdog,184829,Cincinnati Reds,San Diego Padres,2026-09-02T16:36:25.665547+00:00,2026-09-02T21:12:03.355436+00:00,2026-09-02T17:12:03.355436-04:00,2026-09-02T17:12:03.355436-04:00,propline_free_sample
2026-09-02,2026-09-02 16:40:00+00:00,Casey Mize,3.5,over,-150,underdog,184829,Cincinnati Reds,San Diego Padres,2026-09-02T14:01:15.924485+00:00,2026-09-02T21:12:03.355436+00:00,2026-09-02T17:12:03.355436-04:00,2026-09-02T17:12:03.355436-04:00,propline_free_sample
2026-09-02,2026-09-02 16:40:00+00:00,Brandon Williamson,2.5,under,-125,underdog,184829,Cincinnati Reds,San Diego Padres,2026-09-02T16:36:25.665547+00:00,2026-09-02T21:12:03.355436+00:00,2026-09-02T17:12:03.355436-04:00,2026-09-02T17:12:03.355436-04:00,propline_free_sample
2026-09-02,2026-09-02 16:40:00+00:00,Casey Mize,3.5,under,111,underdog,184829,Cincinnati Reds,San Diego Padres,2026-09-02T14:01:15.924485+00:00,2026-09-02T21:12:03.355436+00:00,2026-09-02T17:12:03.355436-04:00,2026-09-02T17:12:03.355436-04:00,propline_free_sample
2026-09-02,2026-09-02 16:40:00+00:00,Brandon Williamson,3.5,over,-103,smarkets,184829,Cincinnati Reds,San Diego Padres,2026-09-02T15:27:46.759337+00:00,2026-09-02T21:12:03.355436+00:00,2026-09-02T17:12:03.355436-04:00,2026-09-02T17:12:03.355436-04:00,propline_free_sample
2026-09-02,2026-09-02 16:40:00+00:00,Brandon Williamson,3.5,under,-135,smarkets,184829,Cincinnati Reds,San Diego Padres,2026-09-02T15:34:55.000572+00:00,2026-09-02T21:12:03.355436+00:00,2026-09-02T17:12:03.355436-04:00,2026-09-02T17:12:03.355436-04:00,propline_free_sample
2026-09-02,2026-09-02 16:40:00+00:00,Casey Mize,4.5,over,-112,smarkets,184829,Cincinnati Reds,San Diego Padres,2026-09-02T15:39:54.050553+00:00,2026-09-02T21:12:03.355436+00:00,2026-09-02T17:12:03.355436-04:00,2026-09-02T17:12:03.355436-04:00,propline_free_sample
2026-09-02,2026-09-02 16:40:00+00:00,Casey Mize,4.5,under,-123,smarkets,184829,Cincinnati Reds,San Diego Padres,2026-09-02T15:39:54.050553+00:00,2026-09-02T21:12:03.355436+00:00,2026-09-02T17:12:03.355436-04:00,2026-09-02T17:12:03.355436-04:00,propline_free_sample
2026-09-02,2026-09-02 16:40:00+00:00,Brandon Williamson,3.5,over,100,prizepicks,184829,Cincinnati Reds,San Diego Padres,2026-09-02T02:40:02.649769+00:00,2026-09-02T21:12:03.355436+00:00,2026-09-02T17:12:03.355436-04:00,2026-09-02T17:12:03.355436-04:00,propline_free_sample
2026-09-02,2026-09-02 16:40:00+00:00,Brandon Williamson,3.5,under,100,prizepicks,184829,Cincinnati Reds,San Diego Padres,2026-09-02T02:40:02.649769+00:00,2026-09-02T21:12:03.355436+00:00,2026-09-02T17:12:03.355436-04:00,2026-09-02T17:12:03.355436-04:00,propline_free_sample
2026-09-02,2026-09-02 16:40:00+00:00,Casey Mize,4.5,over,100,prizepicks,184829,Cincinnati Reds,San Diego Padres,2026-09-02T02:40:02.649769+00:00,2026-09-02T21:12:03.355436+00:00,2026-09-02T17:12:03.355436-04:00,2026-09-02T17:12:03.355436-04:00,propline_free_sample
2026-09-02,2026-09-02 16:40:00+00:00,Casey Mize,4.5,under,100,prizepicks,184829,Cincinnati Reds,San Diego Padres,2026-09-02T02:40:02.649769+00:00,2026-09-02T21:12:03.355436+00:00,2026-09-02T17:12:03.355436-04:00,2026-09-02T17:12:03.355436-04:00,propline_free_sample
2026-09-02,2026-09-02 16:40:00+00:00,Brandon Williamson,6.5,over,100,prizepicks,184829,Cincinnati Reds,San Diego Padres,2026-09-02T02:40:02.649769+00:00,2026-09-02T21:12:03.355436+00:00,2026-09-02T17:12:03.355436-04:00,2026-09-02T17:12:03.355436-04:00,propline_free_sample
2026-09-02,2026-09-02 16:40:00+00:00,Casey Mize,3.5,over,-172,smarkets,184829,Cincinnati Reds,San Diego Padres,2026-09-02T03:19:26.839491+00:00,2026-09-02T21:12:03.355436+00:00,2026-09-02T17:12:03.355436-04:00,2026-09-02T17:12:03.355436-04:00,propline_free_sample
2026-09-02,2026-09-02 16:40:00+00:00,Casey Mize,3.5,under,122,smarkets,184829,Cincinnati Reds,San Diego Padres,2026-09-02T03:19:26.839491+00:00,2026-09-02T21:12:03.355436+00:00,2026-09-02T17:12:03.355436-04:00,2026-09-02T17:12:03.355436-04:00,propline_free_sample
2026-09-02,2026-09-02 16:40:00+00:00,Casey Mize,3.5,over,100,prizepicks,184829,Cincinnati Reds,San Diego Padres,2026-09-02T02:53:02.530733+00:00,2026-09-02T21:12:03.355436+00:00,2026-09-02T17:12:03.355436-04:00,2026-09-02T17:12:03.355436-04:00,propline_free_sample
2026-09-02,2026-09-02 16:40:00+00:00,Casey Mize,3.5,under,100,prizepicks,184829,Cincinnati Reds,San Diego Padres,2026-09-02T02:53:02.530733+00:00,2026-09-02T21:12:03.355436+00:00,2026-09-02T17:12:03.355436-04:00,2026-09-02T17:12:03.355436-04:00,propline_free_sample
2026-09-02,2026-09-02 16:40:00+00:00,Brandon Williamson,3.5,over,100,betr,184829,Cincinnati Reds,San Diego Padres,2026-09-02T03:10:20.557362+00:00,2026-09-02T21:12:03.355436+00:00,2026-09-02T17:12:03.355436-04:00,2026-09-02T17:12:03.355436-04:00,propline_free_sample
2026-09-02,2026-09-02 16:40:00+00:00,Brandon Williamson,3.5,under,100,betr,184829,Cincinnati Reds,San Diego Padres,2026-09-02T03:10:20.557362+00:00,2026-09-02T21:12:03.355436+00:00,2026-09-02T17:12:03.355436-04:00,2026-09-02T17:12:03.355436-04:00,propline_free_sample
2026-09-02,2026-09-02 16:40:00+00:00,Casey Mize,4.5,over,100,betr,184829,Cincinnati Reds,San Diego Padres,2026-09-02T05:33:35.696752+00:00,2026-09-02T21:12:03.355436+00:00,2026-09-02T17:12:03.355436-04:00,2026-09-02T17:12:03.355436-04:00,propline_free_sample
2026-09-02,2026-09-02 16:40:00+00:00,Casey Mize,4.5,under,100,betr,184829,Cincinnati Reds,San Diego Padres,2026-09-02T05:33:35.696752+00:00,2026-09-02T21:12:03.355436+00:00,2026-09-02T17:12:03.355436-04:00,2026-09-02T17:12:03.355436-04:00,propline_free_sample
2026-09-02,2026-09-02 16:40:00+00:00,Brandon Williamson,3.5,over,111,draftkings,184829,Cincinnati Reds,San Diego Padres,2026-09-02T16:35:17.432132+00:00,2026-09-02T21:12:03.355436+00:00,2026-09-02T17:12:03.355436-04:00,2026-09-02T17:12:03.355436-04:00,propline_free_sample
2026-09-02,2026-09-02 16:40:00+00:00,Brandon Williamson,3.5,under,-142,draftkings,184829,Cincinnati Reds,San Diego Padres,2026-09-02T16:35:17.432132+00:00,2026-09-02T21:12:03.355436+00:00,2026-09-02T17:12:03.355436-04:00,2026-09-02T17:12:03.355436-04:00,propline_free_sample
2026-09-02,2026-09-02 16:40:00+00:00,Casey Mize,4.5,over,-112,draftkings,184829,Cincinnati Reds,San Diego Padres,2026-09-02T16:35:17.432132+00:00,2026-09-02T21:12:03.355436+00:00,2026-09-02T17:12:03.355436-04:00,2026-09-02T17:12:03.355436-04:00,propline_free_sample
2026-09-02,2026-09-02 16:40:00+00:00,Casey Mize,4.5,under,-114,draftkings,184829,Cincinnati Reds,San Diego Padres,2026-09-02T16:35:17.432132+00:00,2026-09-02T21:12:03.355436+00:00,2026-09-02T17:12:03.355436-04:00,2026-09-02T17:12:03.355436-04:00,propline_free_sample
2026-09-02,2026-09-02 16:40:00+00:00,Brandon Williamson,2.5,over,105,fanatics,184829,Cincinnati Reds,San Diego Padres,2026-09-02T16:33:04.759508+00:00,2026-09-02T21:12:03.355436+00:00,2026-09-02T17:12:03.355436-04:00,2026-09-02T17:12:03.355436-04:00,propline_free_sample
2026-09-02,2026-09-02 16:40:00+00:00,Brandon Williamson,2.5,under,-140,fanatics,184829,Cincinnati Reds,San Diego Padres,2026-09-02T16:33:04.759508+00:00,2026-09-02T21:12:03.355436+00:00,2026-09-02T17:12:03.355436-04:00,2026-09-02T17:12:03.355436-04:00,propline_free_sample
2026-09-02,2026-09-02 16:40:00+00:00,Casey Mize,4.5,over,140,fanatics,184829,Cincinnati Reds,San Diego Padres,2026-09-02T16:33:04.759508+00:00,2026-09-02T21:12:03.355436+00:00,2026-09-02T17:12:03.355436-04:00,2026-09-02T17:12:03.355436-04:00,propline_free_sample
2026-09-02,2026-09-02 16:40:00+00:00,Casey Mize,4.5,under,-190,fanatics,184829,Cincinnati Reds,San Diego Padres,2026-09-02T16:33:04.759508+00:00,2026-09-02T21:12:03.355436+00:00,2026-09-02T17:12:03.355436-04:00,2026-09-02T17:12:03.355436-04:00,propline_free_sample
2026-09-02,2026-09-02 16:40:00+00:00,Brandon Williamson,3.5,over,100,sleeper,184829,Cincinnati Reds,San Diego Padres,2026-09-02T16:00:55.746847+00:00,2026-09-02T21:12:03.355436+00:00,2026-09-02T17:12:03.355436-04:00,2026-09-02T17:12:03.355436-04:00,propline_free_sample
2026-09-02,2026-09-02 16:40:00+00:00,Casey Mize,4.5,over,-133,sleeper,184829,Cincinnati Reds,San Diego Padres,2026-09-02T16:19:59.859374+00:00,2026-09-02T21:12:03.355436+00:00,2026-09-02T17:12:03.355436-04:00,2026-09-02T17:12:03.355436-04:00,propline_free_sample
2026-09-02,2026-09-02 16:40:00+00:00,Brandon Williamson,3.5,under,-167,sleeper,184829,Cincinnati Reds,San Diego Padres,2026-09-02T16:37:54.326430+00:00,2026-09-02T21:12:03.355436+00:00,2026-09-02T17:12:03.355436-04:00,2026-09-02T17:12:03.355436-04:00,propline_free_sample
2026-09-02,2026-09-02 16:40:00+00:00,Casey Mize,4.5,under,-123,sleeper,184829,Cincinnati Reds,San Diego Padres,2026-09-02T16:19:59.859374+00:00,2026-09-02T21:12:03.355436+00:00,2026-09-02T17:12:03.355436-04:00,2026-09-02T17:12:03.355436-04:00,propline_free_sample
2026-09-02,2026-09-02 16:40:00+00:00,Brandon Williamson,4.5,over,100,prizepicks,184829,Cincinnati Reds,San Diego Padres,2026-09-02T03:56:13.694943+00:00,2026-09-02T21:12:03.355436+00:00,2026-09-02T17:12:03.355436-04:00,2026-09-02T17:12:03.355436-04:00,propline_free_sample
2026-09-02,2026-09-02 16:40:00+00:00,Casey Mize,6.5,over,100,prizepicks,184829,Cincinnati Reds,San Diego Padres,2026-09-02T03:56:13.694943+00:00,2026-09-02T21:12:03.355436+00:00,2026-09-02T17:12:03.355436-04:00,2026-09-02T17:12:03.355436-04:00,propline_free_sample
2026-09-02,2026-09-02 16:40:00+00:00,Casey Mize,6.5,under,100,prizepicks,184829,Cincinnati Reds,San Diego Padres,2026-09-02T03:56:13.694943+00:00,2026-09-02T21:12:03.355436+00:00,2026-09-02T17:12:03.355436-04:00,2026-09-02T17:12:03.355436-04:00,propline_free_sample
2026-09-02,2026-09-02 16:40:00+00:00,Brandon Williamson,5.5,over,100,prizepicks,184829,Cincinnati Reds,San Diego Padres,2026-09-02T03:56:13.694943+00:00,2026-09-02T21:12:03.355436+00:00,2026-09-02T17:12:03.355436-04:00,2026-09-02T17:12:03.355436-04:00,propline_free_sample
2026-09-02,2026-09-02 16:40:00+00:00,Casey Mize,5.5,over,100,prizepicks,184829,Cincinnati Reds,San Diego Padres,2026-09-02T03:56:13.694943+00:00,2026-09-02T21:12:03.355436+00:00,2026-09-02T17:12:03.355436-04:00,2026-09-02T17:12:03.355436-04:00,propline_free_sample
2026-09-02,2026-09-02 16:40:00+00:00,Casey Mize,5.5,under,100,prizepicks,184829,Cincinnati Reds,San Diego Padres,2026-09-02T03:56:13.694943+00:00,2026-09-02T21:12:03.355436+00:00,2026-09-02T17:12:03.355436-04:00,2026-09-02T17:12:03.355436-04:00,propline_free_sample
2026-09-02,2026-09-02 16:40:00+00:00,Casey Mize,8.5,over,100,prizepicks,184829,Cincinnati Reds,San Diego Padres,2026-09-02T03:56:13.694943+00:00,2026-09-02T21:12:03.355436+00:00,2026-09-02T17:12:03.355436-04:00,2026-09-02T17:12:03.355436-04:00,propline_free_sample
2026-09-02,2026-09-02 16:40:00+00:00,Brandon Williamson,2.5,over,100,prizepicks,184829,Cincinnati Reds,San Diego Padres,2026-09-02T03:56:13.694943+00:00,2026-09-02T21:12:03.355436+00:00,2026-09-02T17:12:03.355436-04:00,2026-09-02T17:12:03.355436-04:00,propline_free_sample
2026-09-02,2026-09-02 16:40:00+00:00,Casey Mize,2.5,over,100,prizepicks,184829,Cincinnati Reds,San Diego Padres,2026-09-02T03:56:13.694943+00:00,2026-09-02T21:12:03.355436+00:00,2026-09-02T17:12:03.355436-04:00,2026-09-02T17:12:03.355436-04:00,propline_free_sample
2026-09-02,2026-09-02 16:40:00+00:00,Casey Mize,2.5,under,100,prizepicks,184829,Cincinnati Reds,San Diego Padres,2026-09-02T03:56:13.694943+00:00,2026-09-02T21:12:03.355436+00:00,2026-09-02T17:12:03.355436-04:00,2026-09-02T17:12:03.355436-04:00,propline_free_sample
2026-09-02,2026-09-02 16:40:00+00:00,Brandon Williamson,3.5,over,101,onexbet,184829,Cincinnati Reds,San Diego Padres,2026-09-02T16:16:45.285629+00:00,2026-09-02T21:12:03.355436+00:00,2026-09-02T17:12:03.355436-04:00,2026-09-02T17:12:03.355436-04:00,propline_free_sample
2026-09-02,2026-09-02 16:40:00+00:00,Casey Mize,4.5,over,-106,onexbet,184829,Cincinnati Reds,San Diego Padres,2026-09-02T16:16:45.285629+00:00,2026-09-02T21:12:03.355436+00:00,2026-09-02T17:12:03.355436-04:00,2026-09-02T17:12:03.355436-04:00,propline_free_sample
2026-09-02,2026-09-02 16:40:00+00:00,Brandon Williamson,3.5,under,-130,onexbet,184829,Cincinnati Reds,San Diego Padres,2026-09-02T16:16:45.285629+00:00,2026-09-02T21:12:03.355436+00:00,2026-09-02T17:12:03.355436-04:00,2026-09-02T17:12:03.355436-04:00,propline_free_sample
2026-09-02,2026-09-02 16:40:00+00:00,Casey Mize,4.5,under,-120,onexbet,184829,Cincinnati Reds,San Diego Padres,2026-09-02T16:16:45.285629+00:00,2026-09-02T21:12:03.355436+00:00,2026-09-02T17:12:03.355436-04:00,2026-09-02T17:12:03.355436-04:00,propline_free_sample
2026-09-02,2026-09-02 16:40:00+00:00,Casey Mize,7.5,over,100,prizepicks,184829,Cincinnati Reds,San Diego Padres,2026-09-02T04:00:13.151804+00:00,2026-09-02T21:12:03.355436+00:00,2026-09-02T17:12:03.355436-04:00,2026-09-02T17:12:03.355436-04:00,propline_free_sample
2026-09-02,2026-09-02 16:40:00+00:00,Brandon Williamson,1.5,over,100,prizepicks,184829,Cincinnati Reds,San Diego Padres,2026-09-02T04:00:13.151804+00:00,2026-09-02T21:12:03.355436+00:00,2026-09-02T17:12:03.355436-04:00,2026-09-02T17:12:03.355436-04:00,propline_free_sample
2026-09-02,2026-09-02 16:40:00+00:00,Casey Mize,4.5,over,-122,novig,184829,Cincinnati Reds,San Diego Padres,2026-09-02T16:34:26.997110+00:00,2026-09-02T21:12:03.355436+00:00,2026-09-02T17:12:03.355436-04:00,2026-09-02T17:12:03.355436-04:00,propline_free_sample
2026-09-02,2026-09-02 16:40:00+00:00,Casey Mize,4.5,under,100,novig,184829,Cincinnati Reds,San Diego Padres,2026-09-02T16:28:32.858937+00:00,2026-09-02T21:12:03.355436+00:00,2026-09-02T17:12:03.355436-04:00,2026-09-02T17:12:03.355436-04:00,propline_free_sample
2026-09-02,2026-09-02 16:40:00+00:00,Casey Mize,4.5,over,-128,prophetx,184829,Cincinnati Reds,San Diego Padres,2026-09-02T16:38:24.346964+00:00,2026-09-02T21:12:03.355436+00:00,2026-09-02T17:12:03.355436-04:00,2026-09-02T17:12:03.355436-04:00,propline_free_sample
2026-09-02,2026-09-02 16:40:00+00:00,Casey Mize,4.5,under,105,prophetx,184829,Cincinnati Reds,San Diego Padres,2026-09-02T16:38:24.346964+00:00,2026-09-02T21:12:03.355436+00:00,2026-09-02T17:12:03.355436-04:00,2026-09-02T17:12:03.355436-04:00,propline_free_sample
2026-09-02,2026-09-02 16:40:00+00:00,Brandon Williamson,1.5,over,-270,kalshi,184829,Cincinnati Reds,San Diego Padres,2026-09-02T16:38:00.487341+00:00,2026-09-02T21:12:03.355436+00:00,2026-09-02T17:12:03.355436-04:00,2026-09-02T17:12:03.355436-04:00,propline_free_sample
2026-09-02,2026-09-02 16:40:00+00:00,Casey Mize,1.5,over,-4900,kalshi,184829,Cincinnati Reds,San Diego Padres,2026-09-02T16:30:24.146453+00:00,2026-09-02T21:12:03.355436+00:00,2026-09-02T17:12:03.355436-04:00,2026-09-02T17:12:03.355436-04:00,propline_free_sample
2026-09-02,2026-09-02 16:40:00+00:00,Brandon Williamson,1.5,under,9900,kalshi,184829,Cincinnati Reds,San Diego Padres,2026-09-02T16:11:38.286383+00:00,2026-09-02T21:12:03.355436+00:00,2026-09-02T17:12:03.355436-04:00,2026-09-02T17:12:03.355436-04:00,propline_free_sample
2026-09-02,2026-09-02 16:40:00+00:00,Casey Mize,1.5,under,9900,kalshi,184829,Cincinnati Reds,San Diego Padres,2026-09-02T16:30:24.146453+00:00,2026-09-02T21:12:03.355436+00:00,2026-09-02T17:12:03.355436-04:00,2026-09-02T17:12:03.355436-04:00,propline_free_sample
2026-09-02,2026-09-02 16:40:00+00:00,Brandon Williamson,2.5,over,-426,kalshi,184829,Cincinnati Reds,San Diego Padres,2026-09-02T16:18:21.512625+00:00,2026-09-02T21:12:03.355436+00:00,2026-09-02T17:12:03.355436-04:00,2026-09-02T17:12:03.355436-04:00,propline_free_sample
2026-09-02,2026-09-02 16:40:00+00:00,Casey Mize,2.5,over,-4900,kalshi,184829,Cincinnati Reds,San Diego Padres,2026-09-02T14:03:40.301299+00:00,2026-09-02T21:12:03.355436+00:00,2026-09-02T17:12:03.355436-04:00,2026-09-02T17:12:03.355436-04:00,propline_free_sample
2026-09-02,2026-09-02 16:40:00+00:00,Brandon Williamson,2.5,under,9900,kalshi,184829,Cincinnati Reds,San Diego Padres,2026-09-02T16:32:28.508558+00:00,2026-09-02T21:12:03.355436+00:00,2026-09-02T17:12:03.355436-04:00,2026-09-02T17:12:03.355436-04:00,propline_free_sample
2026-09-02,2026-09-02 16:40:00+00:00,Casey Mize,2.5,under,9900,kalshi,184829,Cincinnati Reds,San Diego Padres,2026-09-02T14:13:27.897480+00:00,2026-09-02T21:12:03.355436+00:00,2026-09-02T17:12:03.355436-04:00,2026-09-02T17:12:03.355436-04:00,propline_free_sample
2026-09-02,2026-09-02 16:40:00+00:00,Brandon Williamson,3.5,over,-900,kalshi,184829,Cincinnati Reds,San Diego Padres,2026-09-02T16:38:00.487341+00:00,2026-09-02T21:12:03.355436+00:00,2026-09-02T17:12:03.355436-04:00,2026-09-02T17:12:03.355436-04:00,propline_free_sample
2026-09-02,2026-09-02 16:40:00+00:00,Casey Mize,3.5,over,-170,kalshi,184829,Cincinnati Reds,San Diego Padres,2026-09-02T13:38:47.859809+00:00,2026-09-02T21:12:03.355436+00:00,2026-09-02T17:12:03.355436-04:00,2026-09-02T17:12:03.355436-04:00,propline_free_sample
2026-09-02,2026-09-02 16:40:00+00:00,Brandon Williamson,3.5,under,9900,kalshi,184829,Cincinnati Reds,San Diego Padres,2026-09-02T16:38:00.487341+00:00,2026-09-02T21:12:03.355436+00:00,2026-09-02T17:12:03.355436-04:00,2026-09-02T17:12:03.355436-04:00,propline_free_sample
2026-09-02,2026-09-02 16:40:00+00:00,Casey Mize,3.5,under,9900,kalshi,184829,Cincinnati Reds,San Diego Padres,2026-09-02T14:29:58.309026+00:00,2026-09-02T21:12:03.355436+00:00,2026-09-02T17:12:03.355436-04:00,2026-09-02T17:12:03.355436-04:00,propline_free_sample
2026-09-02,2026-09-02 16:40:00+00:00,Brandon Williamson,4.5,over,-100,kalshi,184829,Cincinnati Reds,San Diego Padres,2026-09-02T16:30:24.146453+00:00,2026-09-02T21:12:03.355436+00:00,2026-09-02T17:12:03.355436-04:00,2026-09-02T17:12:03.355436-04:00,propline_free_sample
2026-09-02,2026-09-02 16:40:00+00:00,Casey Mize,4.5,over,9900,kalshi,184829,Cincinnati Reds,San Diego Padres,2026-09-02T16:34:21.823018+00:00,2026-09-02T21:12:03.355436+00:00,2026-09-02T17:12:03.355436-04:00,2026-09-02T17:12:03.355436-04:00,propline_free_sample
2026-09-02,2026-09-02 16:40:00+00:00,Brandon Williamson,4.5,under,9900,kalshi,184829,Cincinnati Reds,San Diego Padres,2026-09-02T16:38:00.487341+00:00,2026-09-02T21:12:03.355436+00:00,2026-09-02T17:12:03.355436-04:00,2026-09-02T17:12:03.355436-04:00,propline_free_sample
2026-09-02,2026-09-02 16:40:00+00:00,Casey Mize,4.5,under,-1900,kalshi,184829,Cincinnati Reds,San Diego Padres,2026-09-02T16:34:21.823018+00:00,2026-09-02T21:12:03.355436+00:00,2026-09-02T17:12:03.355436-04:00,2026-09-02T17:12:03.355436-04:00,propline_free_sample
2026-09-02,2026-09-02 16:40:00+00:00,Brandon Williamson,5.5,over,9900,kalshi,184829,Cincinnati Reds,San Diego Padres,2026-09-02T15:25:39.887870+00:00,2026-09-02T21:12:03.355436+00:00,2026-09-02T17:12:03.355436-04:00,2026-09-02T17:12:03.355436-04:00,propline_free_sample
2026-09-02,2026-09-02 16:40:00+00:00,Casey Mize,5.5,over,9900,kalshi,184829,Cincinnati Reds,San Diego Padres,2026-09-02T13:40:50.580479+00:00,2026-09-02T21:12:03.355436+00:00,2026-09-02T17:12:03.355436-04:00,2026-09-02T17:12:03.355436-04:00,propline_free_sample
2026-09-02,2026-09-02 16:40:00+00:00,Brandon Williamson,5.5,under,-9900,kalshi,184829,Cincinnati Reds,San Diego Padres,2026-09-02T16:36:33.557145+00:00,2026-09-02T21:12:03.355436+00:00,2026-09-02T17:12:03.355436-04:00,2026-09-02T17:12:03.355436-04:00,propline_free_sample
2026-09-02,2026-09-02 16:40:00+00:00,Casey Mize,5.5,under,-9900,kalshi,184829,Cincinnati Reds,San Diego Padres,2026-09-02T13:36:26.497285+00:00,2026-09-02T21:12:03.355436+00:00,2026-09-02T17:12:03.355436-04:00,2026-09-02T17:12:03.355436-04:00,propline_free_sample
2026-09-02,2026-09-02 16:40:00+00:00,Casey Mize,6.5,over,9900,kalshi,184829,Cincinnati Reds,San Diego Padres,2026-09-02T16:36:33.557145+00:00,2026-09-02T21:12:03.355436+00:00,2026-09-02T17:12:03.355436-04:00,2026-09-02T17:12:03.355436-04:00,propline_free_sample
2026-09-02,2026-09-02 16:40:00+00:00,Casey Mize,6.5,under,-4900,kalshi,184829,Cincinnati Reds,San Diego Padres,2026-09-02T15:41:44.132554+00:00,2026-09-02T21:12:03.355436+00:00,2026-09-02T17:12:03.355436-04:00,2026-09-02T17:12:03.355436-04:00,propline_free_sample
2026-09-02,2026-09-02 16:40:00+00:00,Casey Mize,7.5,over,9900,kalshi,184829,Cincinnati Reds,San Diego Padres,2026-09-02T15:41:44.132554+00:00,2026-09-02T21:12:03.355436+00:00,2026-09-02T17:12:03.355436-04:00,2026-09-02T17:12:03.355436-04:00,propline_free_sample
2026-09-02,2026-09-02 16:40:00+00:00,Casey Mize,7.5,under,-1900,kalshi,184829,Cincinnati Reds,San Diego Padres,2026-09-02T15:41:44.132554+00:00,2026-09-02T21:12:03.355436+00:00,2026-09-02T17:12:03.355436-04:00,2026-09-02T17:12:03.355436-04:00,propline_free_sample
2026-09-02,2026-09-02 16:40:00+00:00,Brandon Williamson,3.5,over,120,novig,184829,Cincinnati Reds,San Diego Padres,2026-09-02T16:35:31.898218+00:00,2026-09-02T21:12:03.355436+00:00,2026-09-02T17:12:03.355436-04:00,2026-09-02T17:12:03.355436-04:00,propline_free_sample
2026-09-02,2026-09-02 16:40:00+00:00,Brandon Williamson,3.5,under,-144,novig,184829,Cincinnati Reds,San Diego Padres,2026-09-02T16:34:26.997110+00:00,2026-09-02T21:12:03.355436+00:00,2026-09-02T17:12:03.355436-04:00,2026-09-02T17:12:03.355436-04:00,propline_free_sample
2026-09-02,2026-09-02 16:40:00+00:00,Brandon Williamson,4.5,under,100,prizepicks,184829,Cincinnati Reds,San Diego Padres,2026-09-02T05:09:16.069267+00:00,2026-09-02T21:12:03.355436+00:00,2026-09-02T17:12:03.355436-04:00,2026-09-02T17:12:03.355436-04:00,propline_free_sample
2026-09-02,2026-09-02 16:40:00+00:00,Brandon Williamson,2.5,under,100,prizepicks,184829,Cincinnati Reds,San Diego Padres,2026-09-02T05:09:16.069267+00:00,2026-09-02T21:12:03.355436+00:00,2026-09-02T17:12:03.355436-04:00,2026-09-02T17:12:03.355436-04:00,propline_free_sample
2026-09-02,2026-09-02 16:40:00+00:00,Brandon Williamson,1.5,under,100,prizepicks,184829,Cincinnati Reds,San Diego Padres,2026-09-02T05:09:16.069267+00:00,2026-09-02T21:12:03.355436+00:00,2026-09-02T17:12:03.355436-04:00,2026-09-02T17:12:03.355436-04:00,propline_free_sample
2026-09-02,2026-09-02 16:40:00+00:00,Brandon Williamson,3.5,over,129,prophetx,184829,Cincinnati Reds,San Diego Padres,2026-09-02T15:32:05.959442+00:00,2026-09-02T21:12:03.355436+00:00,2026-09-02T17:12:03.355436-04:00,2026-09-02T17:12:03.355436-04:00,propline_free_sample
2026-09-02,2026-09-02 16:40:00+00:00,Brandon Williamson,3.5,under,-134,prophetx,184829,Cincinnati Reds,San Diego Padres,2026-09-02T16:22:50.709777+00:00,2026-09-02T21:12:03.355436+00:00,2026-09-02T17:12:03.355436-04:00,2026-09-02T17:12:03.355436-04:00,propline_free_sample
2026-09-02,2026-09-02 16:40:00+00:00,Brandon Williamson,3.5,over,112,fanduel,184829,Cincinnati Reds,San Diego Padres,2026-09-02T16:11:08.384191+00:00,2026-09-02T21:12:03.355436+00:00,2026-09-02T17:12:03.355436-04:00,2026-09-02T17:12:03.355436-04:00,propline_free_sample
2026-09-02,2026-09-02 16:40:00+00:00,Brandon Williamson,3.5,under,-142,fanduel,184829,Cincinnati Reds,San Diego Padres,2026-09-02T16:11:08.384191+00:00,2026-09-02T21:12:03.355436+00:00,2026-09-02T17:12:03.355436-04:00,2026-09-02T17:12:03.355436-04:00,propline_free_sample
2026-09-02,2026-09-02 16:40:00+00:00,Casey Mize,4.5,over,-118,fanduel,184829,Cincinnati Reds,San Diego Padres,2026-09-02T15:50:44.673991+00:00,2026-09-02T21:12:03.355436+00:00,2026-09-02T17:12:03.355436-04:00,2026-09-02T17:12:03.355436-04:00,propline_free_sample
2026-09-02,2026-09-02 16:40:00+00:00,Casey Mize,4.5,under,-108,fanduel,184829,Cincinnati Reds,San Diego Padres,2026-09-02T15:50:44.673991+00:00,2026-09-02T21:12:03.355436+00:00,2026-09-02T17:12:03.355436-04:00,2026-09-02T17:12:03.355436-04:00,propline_free_sample
2026-09-02,2026-09-02 16:40:00+00:00,Casey Mize,4.5,over,100,prizepicks,184829,Cincinnati Reds,San Diego Padres,2026-09-02T05:19:16.525005+00:00,2026-09-02T21:12:03.355436+00:00,2026-09-02T17:12:03.355436-04:00,2026-09-02T17:12:03.355436-04:00,propline_free_sample
2026-09-02,2026-09-02 16:40:00+00:00,Casey Mize,4.5,under,100,prizepicks,184829,Cincinnati Reds,San Diego Padres,2026-09-02T05:19:16.525005+00:00,2026-09-02T21:12:03.355436+00:00,2026-09-02T17:12:03.355436-04:00,2026-09-02T17:12:03.355436-04:00,propline_free_sample
2026-09-02,2026-09-02 16:40:00+00:00,Brandon Williamson (CIN),3.5,over,110,bovada,184829,Cincinnati Reds,San Diego Padres,2026-09-02T16:28:07.516846+00:00,2026-09-02T21:12:03.355436+00:00,2026-09-02T17:12:03.355436-04:00,2026-09-02T17:12:03.355436-04:00,propline_free_sample
2026-09-02,2026-09-02 16:40:00+00:00,Brandon Williamson (CIN),3.5,under,-145,bovada,184829,Cincinnati Reds,San Diego Padres,2026-09-02T16:28:07.516846+00:00,2026-09-02T21:12:03.355436+00:00,2026-09-02T17:12:03.355436-04:00,2026-09-02T17:12:03.355436-04:00,propline_free_sample
2026-09-02,2026-09-02 16:40:00+00:00,Casey Mize (SD),4.5,over,-120,bovada,184829,Cincinnati Reds,San Diego Padres,2026-09-02T15:55:58.974481+00:00,2026-09-02T21:12:03.355436+00:00,2026-09-02T17:12:03.355436-04:00,2026-09-02T17:12:03.355436-04:00,propline_free_sample
2026-09-02,2026-09-02 16:40:00+00:00,Casey Mize (SD),4.5,under,-110,bovada,184829,Cincinnati Reds,San Diego Padres,2026-09-02T15:55:58.974481+00:00,2026-09-02T21:12:03.355436+00:00,2026-09-02T17:12:03.355436-04:00,2026-09-02T17:12:03.355436-04:00,propline_free_sample
2026-09-02,2026-09-02 16:40:00+00:00,Brandon Williamson,5.5,under,100,prizepicks,184829,Cincinnati Reds,San Diego Padres,2026-09-02T05:27:14.781981+00:00,2026-09-02T21:12:03.355436+00:00,2026-09-02T17:12:03.355436-04:00,2026-09-02T17:12:03.355436-04:00,propline_free_sample
2026-09-02,2026-09-02 16:40:00+00:00,Brandon Williamson,3.5,over,123,rebet,184829,Cincinnati Reds,San Diego Padres,2026-09-02T16:20:37.062994+00:00,2026-09-02T21:12:03.355436+00:00,2026-09-02T17:12:03.355436-04:00,2026-09-02T17:12:03.355436-04:00,propline_free_sample
2026-09-02,2026-09-02 16:40:00+00:00,Brandon Williamson,3.5,under,-171,rebet,184829,Cincinnati Reds,San Diego Padres,2026-09-02T16:20:37.062994+00:00,2026-09-02T21:12:03.355436+00:00,2026-09-02T17:12:03.355436-04:00,2026-09-02T17:12:03.355436-04:00,propline_free_sample
2026-09-02,2026-09-02 16:40:00+00:00,Casey Mize,4.5,over,-124,rebet,184829,Cincinnati Reds,San Diego Padres,2026-09-02T16:39:40.106868+00:00,2026-09-02T21:12:03.355436+00:00,2026-09-02T17:12:03.355436-04:00,2026-09-02T17:12:03.355436-04:00,propline_free_sample
2026-09-02,2026-09-02 16:40:00+00:00,Casey Mize,4.5,under,-111,rebet,184829,Cincinnati Reds,San Diego Padres,2026-09-02T16:39:40.106868+00:00,2026-09-02T21:12:03.355436+00:00,2026-09-02T17:12:03.355436-04:00,2026-09-02T17:12:03.355436-04:00,propline_free_sample
2026-09-02,2026-09-02 16:40:00+00:00,Brandon Williamson,4.5,over,270,novig,184829,Cincinnati Reds,San Diego Padres,2026-09-02T16:35:31.898218+00:00,2026-09-02T21:12:03.355436+00:00,2026-09-02T17:12:03.355436-04:00,2026-09-02T17:12:03.355436-04:00,propline_free_sample
2026-09-02,2026-09-02 16:40:00+00:00,Brandon Williamson,4.5,under,-365,novig,184829,Cincinnati Reds,San Diego Padres,2026-09-02T16:35:31.898218+00:00,2026-09-02T21:12:03.355436+00:00,2026-09-02T17:12:03.355436-04:00,2026-09-02T17:12:03.355436-04:00,propline_free_sample
2026-09-02,2026-09-02 16:40:00+00:00,Brandon Williamson,3.5,over,135,betmgm,184829,Cincinnati Reds,San Diego Padres,2026-09-02T15:30:03.234109+00:00,2026-09-02T21:12:03.355436+00:00,2026-09-02T17:12:03.355436-04:00,2026-09-02T17:12:03.355436-04:00,propline_free_sample
2026-09-02,2026-09-02 16:40:00+00:00,Brandon Williamson,3.5,under,-185,betmgm,184829,Cincinnati Reds,San Diego Padres,2026-09-02T15:30:03.234109+00:00,2026-09-02T21:12:03.355436+00:00,2026-09-02T17:12:03.355436-04:00,2026-09-02T17:12:03.355436-04:00,propline_free_sample
2026-09-02,2026-09-02 16:40:00+00:00,Casey Mize,3.5,over,-150,betmgm,184829,Cincinnati Reds,San Diego Padres,2026-09-02T12:19:28.803732+00:00,2026-09-02T21:12:03.355436+00:00,2026-09-02T17:12:03.355436-04:00,2026-09-02T17:12:03.355436-04:00,propline_free_sample
2026-09-02,2026-09-02 16:40:00+00:00,Casey Mize,3.5,under,110,betmgm,184829,Cincinnati Reds,San Diego Padres,2026-09-02T12:19:28.803732+00:00,2026-09-02T21:12:03.355436+00:00,2026-09-02T17:12:03.355436-04:00,2026-09-02T17:12:03.355436-04:00,propline_free_sample
2026-09-02,2026-09-02 16:40:00+00:00,Brandon Williamson,2.5,over,-223,novig,184829,Cincinnati Reds,San Diego Padres,2026-09-02T15:27:38.571359+00:00,2026-09-02T21:12:03.355436+00:00,2026-09-02T17:12:03.355436-04:00,2026-09-02T17:12:03.355436-04:00,propline_free_sample
2026-09-02,2026-09-02 16:40:00+00:00,Brandon Williamson,2.5,under,174,novig,184829,Cincinnati Reds,San Diego Padres,2026-09-02T13:07:31.418512+00:00,2026-09-02T21:12:03.355436+00:00,2026-09-02T17:12:03.355436-04:00,2026-09-02T17:12:03.355436-04:00,propline_free_sample
2026-09-02,2026-09-02 16:40:00+00:00,Casey Mize,3.5,over,-257,novig,184829,Cincinnati Reds,San Diego Padres,2026-09-02T16:39:16.693065+00:00,2026-09-02T21:12:03.355436+00:00,2026-09-02T17:12:03.355436-04:00,2026-09-02T17:12:03.355436-04:00,propline_free_sample
2026-09-02,2026-09-02 16:40:00+00:00,Casey Mize,3.5,under,199,novig,184829,Cincinnati Reds,San Diego Padres,2026-09-02T13:51:48.042951+00:00,2026-09-02T21:12:03.355436+00:00,2026-09-02T17:12:03.355436-04:00,2026-09-02T17:12:03.355436-04:00,propline_free_sample
2026-09-02,2026-09-02 16:40:00+00:00,Casey Mize,5.5,over,208,novig,184829,Cincinnati Reds,San Diego Padres,2026-09-02T15:13:03.052368+00:00,2026-09-02T21:12:03.355436+00:00,2026-09-02T17:12:03.355436-04:00,2026-09-02T17:12:03.355436-04:00,propline_free_sample
2026-09-02,2026-09-02 16:40:00+00:00,Casey Mize,5.5,under,-223,novig,184829,Cincinnati Reds,San Diego Padres,2026-09-02T15:07:05.667175+00:00,2026-09-02T21:12:03.355436+00:00,2026-09-02T17:12:03.355436-04:00,2026-09-02T17:12:03.355436-04:00,propline_free_sample
2026-09-02,2026-09-02 16:40:00+00:00,Brandon Williamson (CIN),3.5,over,105,betonlineag,184829,Cincinnati Reds,San Diego Padres,2026-09-02T12:55:17.782004+00:00,2026-09-02T21:12:03.355436+00:00,2026-09-02T17:12:03.355436-04:00,2026-09-02T17:12:03.355436-04:00,propline_free_sample
2026-09-02,2026-09-02 16:40:00+00:00,Brandon Williamson (CIN),3.5,under,-145,betonlineag,184829,Cincinnati Reds,San Diego Padres,2026-09-02T12:55:17.782004+00:00,2026-09-02T21:12:03.355436+00:00,2026-09-02T17:12:03.355436-04:00,2026-09-02T17:12:03.355436-04:00,propline_free_sample
2026-09-02,2026-09-02 16:40:00+00:00,Casey Mize (SD),4.5,over,-125,betonlineag,184829,Cincinnati Reds,San Diego Padres,2026-09-02T12:55:17.782004+00:00,2026-09-02T21:12:03.355436+00:00,2026-09-02T17:12:03.355436-04:00,2026-09-02T17:12:03.355436-04:00,propline_free_sample
2026-09-02,2026-09-02 16:40:00+00:00,Casey Mize (SD),4.5,under,-115,betonlineag,184829,Cincinnati Reds,San Diego Padres,2026-09-02T12:55:17.782004+00:00,2026-09-02T21:12:03.355436+00:00,2026-09-02T17:12:03.355436-04:00,2026-09-02T17:12:03.355436-04:00,propline_free_sample
2026-09-02,2026-09-02 16:40:00+00:00,Brandon Williamson (CIN),3.5,over,105,lowvig,184829,Cincinnati Reds,San Diego Padres,2026-09-02T12:55:20.833904+00:00,2026-09-02T21:12:03.355436+00:00,2026-09-02T17:12:03.355436-04:00,2026-09-02T17:12:03.355436-04:00,propline_free_sample
2026-09-02,2026-09-02 16:40:00+00:00,Brandon Williamson (CIN),3.5,under,-145,lowvig,184829,Cincinnati Reds,San Diego Padres,2026-09-02T12:55:20.833904+00:00,2026-09-02T21:12:03.355436+00:00,2026-09-02T17:12:03.355436-04:00,2026-09-02T17:12:03.355436-04:00,propline_free_sample
2026-09-02,2026-09-02 16:40:00+00:00,Casey Mize (SD),4.5,over,-125,lowvig,184829,Cincinnati Reds,San Diego Padres,2026-09-02T12:55:20.833904+00:00,2026-09-02T21:12:03.355436+00:00,2026-09-02T17:12:03.355436-04:00,2026-09-02T17:12:03.355436-04:00,propline_free_sample
2026-09-02,2026-09-02 16:40:00+00:00,Casey Mize (SD),4.5,under,-115,lowvig,184829,Cincinnati Reds,San Diego Padres,2026-09-02T12:55:20.833904+00:00,2026-09-02T21:12:03.355436+00:00,2026-09-02T17:12:03.355436-04:00,2026-09-02T17:12:03.355436-04:00,propline_free_sample
2026-09-02,2026-09-02 16:40:00+00:00,Brandon Williamson,3.5,over,100,prizepicks,184829,Cincinnati Reds,San Diego Padres,2026-09-02T14:29:46.564697+00:00,2026-09-02T21:12:03.355436+00:00,2026-09-02T17:12:03.355436-04:00,2026-09-02T17:12:03.355436-04:00,propline_free_sample
2026-09-02,2026-09-02 16:40:00+00:00,Brandon Williamson,3.5,under,100,prizepicks,184829,Cincinnati Reds,San Diego Padres,2026-09-02T14:29:46.564697+00:00,2026-09-02T21:12:03.355436+00:00,2026-09-02T17:12:03.355436-04:00,2026-09-02T17:12:03.355436-04:00,propline_free_sample
2026-09-02,2026-09-02 16:40:00+00:00,Brandon Williamson,3.5,over,114,pinnacle,184829,Cincinnati Reds,San Diego Padres,2026-09-02T15:41:36.268778+00:00,2026-09-02T21:12:03.355436+00:00,2026-09-02T17:12:03.355436-04:00,2026-09-02T17:12:03.355436-04:00,propline_free_sample
2026-09-02,2026-09-02 16:40:00+00:00,Brandon Williamson,3.5,under,-152,pinnacle,184829,Cincinnati Reds,San Diego Padres,2026-09-02T15:41:36.268778+00:00,2026-09-02T21:12:03.355436+00:00,2026-09-02T17:12:03.355436-04:00,2026-09-02T17:12:03.355436-04:00,propline_free_sample
2026-09-02,2026-09-02 16:40:00+00:00,Casey Mize,4.5,over,-126,pinnacle,184829,Cincinnati Reds,San Diego Padres,2026-09-02T16:26:26.151805+00:00,2026-09-02T21:12:03.355436+00:00,2026-09-02T17:12:03.355436-04:00,2026-09-02T17:12:03.355436-04:00,propline_free_sample
2026-09-02,2026-09-02 16:40:00+00:00,Casey Mize,4.5,under,-105,pinnacle,184829,Cincinnati Reds,San Diego Padres,2026-09-02T16:26:26.151805+00:00,2026-09-02T21:12:03.355436+00:00,2026-09-02T17:12:03.355436-04:00,2026-09-02T17:12:03.355436-04:00,propline_free_sample
2026-09-02,2026-09-02 16:40:00+00:00,Casey Mize,3.5,over,-265,prophetx,184829,Cincinnati Reds,San Diego Padres,2026-09-02T15:27:52.545846+00:00,2026-09-02T21:12:03.355436+00:00,2026-09-02T17:12:03.355436-04:00,2026-09-02T17:12:03.355436-04:00,propline_free_sample
2026-09-02,2026-09-02 16:40:00+00:00,Casey Mize,3.5,under,215,prophetx,184829,Cincinnati Reds,San Diego Padres,2026-09-02T15:00:18.906946+00:00,2026-09-02T21:12:03.355436+00:00,2026-09-02T17:12:03.355436-04:00,2026-09-02T17:12:03.355436-04:00,propline_free_sample
2026-09-01,2026-09-02 02:10:00+00:00,Eric Lauer,3.5,over,-150,underdog,183298,Los Angeles Dodgers,St. Louis Cardinals,2026-09-02T00:06:24.661455+00:00,2026-09-02T21:12:03.355436+00:00,2026-09-02T17:12:03.355436-04:00,2026-09-02T17:12:03.355436-04:00,propline_free_sample
2026-09-01,2026-09-02 02:10:00+00:00,Michael McGreevy,3.5,over,122,underdog,183298,Los Angeles Dodgers,St. Louis Cardinals,2026-09-01T23:56:38.425005+00:00,2026-09-02T21:12:03.355436+00:00,2026-09-02T17:12:03.355436-04:00,2026-09-02T17:12:03.355436-04:00,propline_free_sample
2026-09-01,2026-09-02 02:10:00+00:00,Eric Lauer,3.5,under,111,underdog,183298,Los Angeles Dodgers,St. Louis Cardinals,2026-09-02T00:06:24.661455+00:00,2026-09-02T21:12:03.355436+00:00,2026-09-02T17:12:03.355436-04:00,2026-09-02T17:12:03.355436-04:00,propline_free_sample
2026-09-01,2026-09-02 02:10:00+00:00,Michael McGreevy,3.5,under,-164,underdog,183298,Los Angeles Dodgers,St. Louis Cardinals,2026-09-01T23:56:38.425005+00:00,2026-09-02T21:12:03.355436+00:00,2026-09-02T17:12:03.355436-04:00,2026-09-02T17:12:03.355436-04:00,propline_free_sample
2026-09-01,2026-09-02 02:10:00+00:00,Eric Lauer,3.5,over,-137,dabble,183298,Los Angeles Dodgers,St. Louis Cardinals,2026-09-02T00:00:38.106687+00:00,2026-09-02T21:12:03.355436+00:00,2026-09-02T17:12:03.355436-04:00,2026-09-02T17:12:03.355436-04:00,propline_free_sample
2026-09-01,2026-09-02 02:10:00+00:00,Michael McGreevy,3.5,over,132,dabble,183298,Los Angeles Dodgers,St. Louis Cardinals,2026-09-02T01:36:31.221274+00:00,2026-09-02T21:12:03.355436+00:00,2026-09-02T17:12:03.355436-04:00,2026-09-02T17:12:03.355436-04:00,propline_free_sample
2026-09-01,2026-09-02 02:10:00+00:00,Eric Lauer,3.5,under,138,dabble,183298,Los Angeles Dodgers,St. Louis Cardinals,2026-09-02T01:21:04.801596+00:00,2026-09-02T21:12:03.355436+00:00,2026-09-02T17:12:03.355436-04:00,2026-09-02T17:12:03.355436-04:00,propline_free_sample
2026-09-01,2026-09-02 02:10:00+00:00,Michael McGreevy,3.5,under,-132,dabble,183298,Los Angeles Dodgers,St. Louis Cardinals,2026-09-01T22:11:37.938992+00:00,2026-09-02T21:12:03.355436+00:00,2026-09-02T17:12:03.355436-04:00,2026-09-02T17:12:03.355436-04:00,propline_free_sample
2026-09-01,2026-09-02 02:10:00+00:00,Eric Lauer,3.5,over,-161,smarkets,183298,Los Angeles Dodgers,St. Louis Cardinals,2026-09-02T01:24:26.865967+00:00,2026-09-02T21:12:03.355436+00:00,2026-09-02T17:12:03.355436-04:00,2026-09-02T17:12:03.355436-04:00,propline_free_sample
2026-09-01,2026-09-02 02:10:00+00:00,Eric Lauer,3.5,under,114,smarkets,183298,Los Angeles Dodgers,St. Louis Cardinals,2026-09-02T01:24:26.865967+00:00,2026-09-02T21:12:03.355436+00:00,2026-09-02T17:12:03.355436-04:00,2026-09-02T17:12:03.355436-04:00,propline_free_sample
2026-09-01,2026-09-02 02:10:00+00:00,Michael McGreevy,3.5,over,110,smarkets,183298,Los Angeles Dodgers,St. Louis Cardinals,2026-09-01T22:13:46.128570+00:00,2026-09-02T21:12:03.355436+00:00,2026-09-02T17:12:03.355436-04:00,2026-09-02T17:12:03.355436-04:00,propline_free_sample
2026-09-01,2026-09-02 02:10:00+00:00,Michael McGreevy,3.5,under,-156,smarkets,183298,Los Angeles Dodgers,St. Louis Cardinals,2026-09-01T22:13:46.128570+00:00,2026-09-02T21:12:03.355436+00:00,2026-09-02T17:12:03.355436-04:00,2026-09-02T17:12:03.355436-04:00,propline_free_sample
2026-09-01,2026-09-02 02:10:00+00:00,Michael McGreevy,3.5,over,100,prizepicks,183298,Los Angeles Dodgers,St. Louis Cardinals,2026-09-01T03:22:10.795143+00:00,2026-09-02T21:12:03.355436+00:00,2026-09-02T17:12:03.355436-04:00,2026-09-02T17:12:03.355436-04:00,propline_free_sample
2026-09-01,2026-09-02 02:10:00+00:00,Michael McGreevy,3.5,under,100,prizepicks,183298,Los Angeles Dodgers,St. Louis Cardinals,2026-09-01T03:22:10.795143+00:00,2026-09-02T21:12:03.355436+00:00,2026-09-02T17:12:03.355436-04:00,2026-09-02T17:12:03.355436-04:00,propline_free_sample
2026-09-01,2026-09-02 02:10:00+00:00,Eric Lauer,6.5,over,100,prizepicks,183298,Los Angeles Dodgers,St. Louis Cardinals,2026-09-01T03:22:10.795143+00:00,2026-09-02T21:12:03.355436+00:00,2026-09-02T17:12:03.355436-04:00,2026-09-02T17:12:03.355436-04:00,propline_free_sample
2026-09-01,2026-09-02 02:10:00+00:00,Michael McGreevy,6.5,over,100,prizepicks,183298,Los Angeles Dodgers,St. Louis Cardinals,2026-09-01T03:22:10.795143+00:00,2026-09-02T21:12:03.355436+00:00,2026-09-02T17:12:03.355436-04:00,2026-09-02T17:12:03.355436-04:00,propline_free_sample
2026-09-01,2026-09-02 02:10:00+00:00,Eric Lauer,6.5,under,100,prizepicks,183298,Los Angeles Dodgers,St. Louis Cardinals,2026-09-01T03:22:10.795143+00:00,2026-09-02T21:12:03.355436+00:00,2026-09-02T17:12:03.355436-04:00,2026-09-02T17:12:03.355436-04:00,propline_free_sample
2026-09-01,2026-09-02 02:10:00+00:00,Michael McGreevy,6.5,under,100,prizepicks,183298,Los Angeles Dodgers,St. Louis Cardinals,2026-09-01T03:22:10.795143+00:00,2026-09-02T21:12:03.355436+00:00,2026-09-02T17:12:03.355436-04:00,2026-09-02T17:12:03.355436-04:00,propline_free_sample
2026-09-01,2026-09-02 02:10:00+00:00,Eric Lauer,3.5,over,100,prizepicks,183298,Los Angeles Dodgers,St. Louis Cardinals,2026-09-01T03:22:10.795143+00:00,2026-09-02T21:12:03.355436+00:00,2026-09-02T17:12:03.355436-04:00,2026-09-02T17:12:03.355436-04:00,propline_free_sample
2026-09-01,2026-09-02 02:10:00+00:00,Eric Lauer,3.5,under,100,prizepicks,183298,Los Angeles Dodgers,St. Louis Cardinals,2026-09-01T03:22:10.795143+00:00,2026-09-02T21:12:03.355436+00:00,2026-09-02T17:12:03.355436-04:00,2026-09-02T17:12:03.355436-04:00,propline_free_sample
2026-09-01,2026-09-02 02:10:00+00:00,Eric Lauer,3.5,over,-145,draftkings,183298,Los Angeles Dodgers,St. Louis Cardinals,2026-09-02T00:03:48.249418+00:00,2026-09-02T21:12:03.355436+00:00,2026-09-02T17:12:03.355436-04:00,2026-09-02T17:12:03.355436-04:00,propline_free_sample
2026-09-01,2026-09-02 02:10:00+00:00,Eric Lauer,3.5,under,114,draftkings,183298,Los Angeles Dodgers,St. Louis Cardinals,2026-09-02T00:03:48.249418+00:00,2026-09-02T21:12:03.355436+00:00,2026-09-02T17:12:03.355436-04:00,2026-09-02T17:12:03.355436-04:00,propline_free_sample
2026-09-01,2026-09-02 02:10:00+00:00,Michael McGreevy,3.5,over,125,draftkings,183298,Los Angeles Dodgers,St. Louis Cardinals,2026-09-01T23:50:57.988011+00:00,2026-09-02T21:12:03.355436+00:00,2026-09-02T17:12:03.355436-04:00,2026-09-02T17:12:03.355436-04:00,propline_free_sample
2026-09-01,2026-09-02 02:10:00+00:00,Michael McGreevy,3.5,under,-160,draftkings,183298,Los Angeles Dodgers,St. Louis Cardinals,2026-09-01T23:50:57.988011+00:00,2026-09-02T21:12:03.355436+00:00,2026-09-02T17:12:03.355436-04:00,2026-09-02T17:12:03.355436-04:00,propline_free_sample
2026-09-01,2026-09-02 02:10:00+00:00,Eric Lauer,2.5,over,-175,fanatics,183298,Los Angeles Dodgers,St. Louis Cardinals,2026-09-02T02:02:03.566576+00:00,2026-09-02T21:12:03.355436+00:00,2026-09-02T17:12:03.355436-04:00,2026-09-02T17:12:03.355436-04:00,propline_free_sample
2026-09-01,2026-09-02 02:10:00+00:00,Eric Lauer,2.5,under,130,fanatics,183298,Los Angeles Dodgers,St. Louis Cardinals,2026-09-02T02:02:03.566576+00:00,2026-09-02T21:12:03.355436+00:00,2026-09-02T17:12:03.355436-04:00,2026-09-02T17:12:03.355436-04:00,propline_free_sample
2026-09-01,2026-09-02 02:10:00+00:00,Mike McGreevy,3.5,over,-120,fanatics,183298,Los Angeles Dodgers,St. Louis Cardinals,2026-09-01T15:56:47.099300+00:00,2026-09-02T21:12:03.355436+00:00,2026-09-02T17:12:03.355436-04:00,2026-09-02T17:12:03.355436-04:00,propline_free_sample
2026-09-01,2026-09-02 02:10:00+00:00,Mike McGreevy,3.5,under,-110,fanatics,183298,Los Angeles Dodgers,St. Louis Cardinals,2026-09-01T15:56:47.099300+00:00,2026-09-02T21:12:03.355436+00:00,2026-09-02T17:12:03.355436-04:00,2026-09-02T17:12:03.355436-04:00,propline_free_sample
2026-09-01,2026-09-02 02:10:00+00:00,Eric Lauer,4.5,over,100,prizepicks,183298,Los Angeles Dodgers,St. Louis Cardinals,2026-09-01T04:01:41.189711+00:00,2026-09-02T21:12:03.355436+00:00,2026-09-02T17:12:03.355436-04:00,2026-09-02T17:12:03.355436-04:00,propline_free_sample
2026-09-01,2026-09-02 02:10:00+00:00,Michael McGreevy,4.5,over,100,prizepicks,183298,Los Angeles Dodgers,St. Louis Cardinals,2026-09-01T04:01:41.189711+00:00,2026-09-02T21:12:03.355436+00:00,2026-09-02T17:12:03.355436-04:00,2026-09-02T17:12:03.355436-04:00,propline_free_sample
2026-09-01,2026-09-02 02:10:00+00:00,Eric Lauer,4.5,under,100,prizepicks,183298,Los Angeles Dodgers,St. Louis Cardinals,2026-09-01T04:01:41.189711+00:00,2026-09-02T21:12:03.355436+00:00,2026-09-02T17:12:03.355436-04:00,2026-09-02T17:12:03.355436-04:00,propline_free_sample
2026-09-01,2026-09-02 02:10:00+00:00,Michael McGreevy,4.5,under,100,prizepicks,183298,Los Angeles Dodgers,St. Louis Cardinals,2026-09-01T04:01:41.189711+00:00,2026-09-02T21:12:03.355436+00:00,2026-09-02T17:12:03.355436-04:00,2026-09-02T17:12:03.355436-04:00,propline_free_sample
2026-09-01,2026-09-02 02:10:00+00:00,Eric Lauer,5.5,over,100,prizepicks,183298,Los Angeles Dodgers,St. Louis Cardinals,2026-09-01T04:01:41.189711+00:00,2026-09-02T21:12:03.355436+00:00,2026-09-02T17:12:03.355436-04:00,2026-09-02T17:12:03.355436-04:00,propline_free_sample
2026-09-01,2026-09-02 02:10:00+00:00,Michael McGreevy,5.5,over,100,prizepicks,183298,Los Angeles Dodgers,St. Louis Cardinals,2026-09-01T04:01:41.189711+00:00,2026-09-02T21:12:03.355436+00:00,2026-09-02T17:12:03.355436-04:00,2026-09-02T17:12:03.355436-04:00,propline_free_sample
2026-09-01,2026-09-02 02:10:00+00:00,Eric Lauer,5.5,under,100,prizepicks,183298,Los Angeles Dodgers,St. Louis Cardinals,2026-09-01T04:01:41.189711+00:00,2026-09-02T21:12:03.355436+00:00,2026-09-02T17:12:03.355436-04:00,2026-09-02T17:12:03.355436-04:00,propline_free_sample
2026-09-01,2026-09-02 02:10:00+00:00,Michael McGreevy,5.5,under,100,prizepicks,183298,Los Angeles Dodgers,St. Louis Cardinals,2026-09-01T04:01:41.189711+00:00,2026-09-02T21:12:03.355436+00:00,2026-09-02T17:12:03.355436-04:00,2026-09-02T17:12:03.355436-04:00,propline_free_sample
2026-09-01,2026-09-02 02:10:00+00:00,Eric Lauer,7.5,over,100,prizepicks,183298,Los Angeles Dodgers,St. Louis Cardinals,2026-09-01T04:01:41.189711+00:00,2026-09-02T21:12:03.355436+00:00,2026-09-02T17:12:03.355436-04:00,2026-09-02T17:12:03.355436-04:00,propline_free_sample
2026-09-01,2026-09-02 02:10:00+00:00,Eric Lauer,7.5,under,100,prizepicks,183298,Los Angeles Dodgers,St. Louis Cardinals,2026-09-01T04:01:41.189711+00:00,2026-09-02T21:12:03.355436+00:00,2026-09-02T17:12:03.355436-04:00,2026-09-02T17:12:03.355436-04:00,propline_free_sample
2026-09-01,2026-09-02 02:10:00+00:00,Eric Lauer,2.5,over,100,prizepicks,183298,Los Angeles Dodgers,St. Louis Cardinals,2026-09-01T04:01:41.189711+00:00,2026-09-02T21:12:03.355436+00:00,2026-09-02T17:12:03.355436-04:00,2026-09-02T17:12:03.355436-04:00,propline_free_sample
2026-09-01,2026-09-02 02:10:00+00:00,Michael McGreevy,2.5,over,100,prizepicks,183298,Los Angeles Dodgers,St. Louis Cardinals,2026-09-01T04:01:41.189711+00:00,2026-09-02T21:12:03.355436+00:00,2026-09-02T17:12:03.355436-04:00,2026-09-02T17:12:03.355436-04:00,propline_free_sample
2026-09-01,2026-09-02 02:10:00+00:00,Eric Lauer,2.5,under,100,prizepicks,183298,Los Angeles Dodgers,St. Louis Cardinals,2026-09-01T04:01:41.189711+00:00,2026-09-02T21:12:03.355436+00:00,2026-09-02T17:12:03.355436-04:00,2026-09-02T17:12:03.355436-04:00,propline_free_sample
2026-09-01,2026-09-02 02:10:00+00:00,Michael McGreevy,2.5,under,100,prizepicks,183298,Los Angeles Dodgers,St. Louis Cardinals,2026-09-01T04:01:41.189711+00:00,2026-09-02T21:12:03.355436+00:00,2026-09-02T17:12:03.355436-04:00,2026-09-02T17:12:03.355436-04:00,propline_free_sample
2026-09-01,2026-09-02 02:10:00+00:00,Eric Lauer,3.5,over,-161,sleeper,183298,Los Angeles Dodgers,St. Louis Cardinals,2026-09-01T23:39:05.370142+00:00,2026-09-02T21:12:03.355436+00:00,2026-09-02T17:12:03.355436-04:00,2026-09-02T17:12:03.355436-04:00,propline_free_sample
2026-09-01,2026-09-02 02:10:00+00:00,Michael McGreevy,3.5,over,111,sleeper,183298,Los Angeles Dodgers,St. Louis Cardinals,2026-09-02T00:45:38.875873+00:00,2026-09-02T21:12:03.355436+00:00,2026-09-02T17:12:03.355436-04:00,2026-09-02T17:12:03.355436-04:00,propline_free_sample
2026-09-01,2026-09-02 02:10:00+00:00,Eric Lauer,3.5,under,-102,sleeper,183298,Los Angeles Dodgers,St. Louis Cardinals,2026-09-02T01:08:57.120965+00:00,2026-09-02T21:12:03.355436+00:00,2026-09-02T17:12:03.355436-04:00,2026-09-02T17:12:03.355436-04:00,propline_free_sample
2026-09-01,2026-09-02 02:10:00+00:00,Michael McGreevy,3.5,under,-189,sleeper,183298,Los Angeles Dodgers,St. Louis Cardinals,2026-09-02T00:43:12.958008+00:00,2026-09-02T21:12:03.355436+00:00,2026-09-02T17:12:03.355436-04:00,2026-09-02T17:12:03.355436-04:00,propline_free_sample
2026-09-01,2026-09-02 02:10:00+00:00,Michael McGreevy,1.5,over,100,prizepicks,183298,Los Angeles Dodgers,St. Louis Cardinals,2026-09-01T04:07:44.504274+00:00,2026-09-02T21:12:03.355436+00:00,2026-09-02T17:12:03.355436-04:00,2026-09-02T17:12:03.355436-04:00,propline_free_sample
2026-09-01,2026-09-02 02:10:00+00:00,Michael McGreevy,1.5,under,100,prizepicks,183298,Los Angeles Dodgers,St. Louis Cardinals,2026-09-01T04:07:44.504274+00:00,2026-09-02T21:12:03.355436+00:00,2026-09-02T17:12:03.355436-04:00,2026-09-02T17:12:03.355436-04:00,propline_free_sample
2026-09-01,2026-09-02 02:10:00+00:00,Michael McGreevy,3.5,over,100,betr,183298,Los Angeles Dodgers,St. Louis Cardinals,2026-09-01T19:04:16.543848+00:00,2026-09-02T21:12:03.355436+00:00,2026-09-02T17:12:03.355436-04:00,2026-09-02T17:12:03.355436-04:00,propline_free_sample
2026-09-01,2026-09-02 02:10:00+00:00,Michael McGreevy,3.5,under,100,betr,183298,Los Angeles Dodgers,St. Louis Cardinals,2026-09-01T19:04:16.543848+00:00,2026-09-02T21:12:03.355436+00:00,2026-09-02T17:12:03.355436-04:00,2026-09-02T17:12:03.355436-04:00,propline_free_sample
2026-09-01,2026-09-02 02:10:00+00:00,Eric Lauer,3.5,over,-128,prophetx,183298,Los Angeles Dodgers,St. Louis Cardinals,2026-09-02T01:55:55.384529+00:00,2026-09-02T21:12:03.355436+00:00,2026-09-02T17:12:03.355436-04:00,2026-09-02T17:12:03.355436-04:00,propline_free_sample
2026-09-01,2026-09-02 02:10:00+00:00,Eric Lauer,3.5,under,110,prophetx,183298,Los Angeles Dodgers,St. Louis Cardinals,2026-09-02T00:37:48.563344+00:00,2026-09-02T21:12:03.355436+00:00,2026-09-02T17:12:03.355436-04:00,2026-09-02T17:12:03.355436-04:00,propline_free_sample
2026-09-01,2026-09-02 02:10:00+00:00,Michael McGreevy,3.5,over,138,prophetx,183298,Los Angeles Dodgers,St. Louis Cardinals,2026-09-01T22:19:54.743506+00:00,2026-09-02T21:12:03.355436+00:00,2026-09-02T17:12:03.355436-04:00,2026-09-02T17:12:03.355436-04:00,propline_free_sample
2026-09-01,2026-09-02 02:10:00+00:00,Michael McGreevy,3.5,under,-144,prophetx,183298,Los Angeles Dodgers,St. Louis Cardinals,2026-09-01T23:21:35.343679+00:00,2026-09-02T21:12:03.355436+00:00,2026-09-02T17:12:03.355436-04:00,2026-09-02T17:12:03.355436-04:00,propline_free_sample
2026-09-01,2026-09-02 02:10:00+00:00,Eric Lauer,3.5,over,-125,novig,183298,Los Angeles Dodgers,St. Louis Cardinals,2026-09-02T02:08:50.707324+00:00,2026-09-02T21:12:03.355436+00:00,2026-09-02T17:12:03.355436-04:00,2026-09-02T17:12:03.355436-04:00,propline_free_sample
2026-09-01,2026-09-02 02:10:00+00:00,Eric Lauer,3.5,under,111,novig,183298,Los Angeles Dodgers,St. Louis Cardinals,2026-09-02T02:08:50.707324+00:00,2026-09-02T21:12:03.355436+00:00,2026-09-02T17:12:03.355436-04:00,2026-09-02T17:12:03.355436-04:00,propline_free_sample
2026-09-01,2026-09-02 02:10:00+00:00,Michael McGreevy,3.5,over,104,novig,183298,Los Angeles Dodgers,St. Louis Cardinals,2026-09-02T02:08:05.356146+00:00,2026-09-02T21:12:03.355436+00:00,2026-09-02T17:12:03.355436-04:00,2026-09-02T17:12:03.355436-04:00,propline_free_sample
2026-09-01,2026-09-02 02:10:00+00:00,Michael McGreevy,3.5,under,-213,novig,183298,Los Angeles Dodgers,St. Louis Cardinals,2026-09-02T02:09:34.256708+00:00,2026-09-02T21:12:03.355436+00:00,2026-09-02T17:12:03.355436-04:00,2026-09-02T17:12:03.355436-04:00,propline_free_sample
2026-09-01,2026-09-02 02:10:00+00:00,Eric Lauer,3.5,over,-138,fanduel,183298,Los Angeles Dodgers,St. Louis Cardinals,2026-09-02T00:38:25.834878+00:00,2026-09-02T21:12:03.355436+00:00,2026-09-02T17:12:03.355436-04:00,2026-09-02T17:12:03.355436-04:00,propline_free_sample
2026-09-01,2026-09-02 02:10:00+00:00,Eric Lauer,3.5,under,108,fanduel,183298,Los Angeles Dodgers,St. Louis Cardinals,2026-09-02T00:38:25.834878+00:00,2026-09-02T21:12:03.355436+00:00,2026-09-02T17:12:03.355436-04:00,2026-09-02T17:12:03.355436-04:00,propline_free_sample
2026-09-01,2026-09-02 02:10:00+00:00,Michael McGreevy,3.5,over,130,fanduel,183298,Los Angeles Dodgers,St. Louis Cardinals,2026-09-01T23:04:42.133094+00:00,2026-09-02T21:12:03.355436+00:00,2026-09-02T17:12:03.355436-04:00,2026-09-02T17:12:03.355436-04:00,propline_free_sample
2026-09-01,2026-09-02 02:10:00+00:00,Michael McGreevy,3.5,under,-166,fanduel,183298,Los Angeles Dodgers,St. Louis Cardinals,2026-09-01T23:04:42.133094+00:00,2026-09-02T21:12:03.355436+00:00,2026-09-02T17:12:03.355436-04:00,2026-09-02T17:12:03.355436-04:00,propline_free_sample
2026-09-01,2026-09-02 02:10:00+00:00,Eric Lauer,4.0,over,100,betr,183298,Los Angeles Dodgers,St. Louis Cardinals,2026-09-01T04:14:16.007748+00:00,2026-09-02T21:12:03.355436+00:00,2026-09-02T17:12:03.355436-04:00,2026-09-02T17:12:03.355436-04:00,propline_free_sample
2026-09-01,2026-09-02 02:10:00+00:00,Eric Lauer,4.0,under,100,betr,183298,Los Angeles Dodgers,St. Louis Cardinals,2026-09-01T04:14:16.007748+00:00,2026-09-02T21:12:03.355436+00:00,2026-09-02T17:12:03.355436-04:00,2026-09-02T17:12:03.355436-04:00,propline_free_sample
2026-09-01,2026-09-02 02:10:00+00:00,Eric Lauer,1.5,over,-4900,kalshi,183298,Los Angeles Dodgers,St. Louis Cardinals,2026-09-01T22:26:04.479216+00:00,2026-09-02T21:12:03.355436+00:00,2026-09-02T17:12:03.355436-04:00,2026-09-02T17:12:03.355436-04:00,propline_free_sample
2026-09-01,2026-09-02 02:10:00+00:00,Michael McGreevy,1.5,over,-4900,kalshi,183298,Los Angeles Dodgers,St. Louis Cardinals,2026-09-01T19:29:48.165506+00:00,2026-09-02T21:12:03.355436+00:00,2026-09-02T17:12:03.355436-04:00,2026-09-02T17:12:03.355436-04:00,propline_free_sample
2026-09-01,2026-09-02 02:10:00+00:00,Eric Lauer,1.5,under,9900,kalshi,183298,Los Angeles Dodgers,St. Louis Cardinals,2026-09-01T15:58:59.628836+00:00,2026-09-02T21:12:03.355436+00:00,2026-09-02T17:12:03.355436-04:00,2026-09-02T17:12:03.355436-04:00,propline_free_sample
2026-09-01,2026-09-02 02:10:00+00:00,Michael McGreevy,1.5,under,9900,kalshi,183298,Los Angeles Dodgers,St. Louis Cardinals,2026-09-01T15:41:53.872535+00:00,2026-09-02T21:12:03.355436+00:00,2026-09-02T17:12:03.355436-04:00,2026-09-02T17:12:03.355436-04:00,propline_free_sample
2026-09-01,2026-09-02 02:10:00+00:00,Eric Lauer,2.5,over,9900,kalshi,183298,Los Angeles Dodgers,St. Louis Cardinals,2026-09-01T23:38:33.402060+00:00,2026-09-02T21:12:03.355436+00:00,2026-09-02T17:12:03.355436-04:00,2026-09-02T17:12:03.355436-04:00,propline_free_sample
2026-09-01,2026-09-02 02:10:00+00:00,Michael McGreevy,2.5,over,-4900,kalshi,183298,Los Angeles Dodgers,St. Louis Cardinals,2026-09-01T21:51:39.855434+00:00,2026-09-02T21:12:03.355436+00:00,2026-09-02T17:12:03.355436-04:00,2026-09-02T17:12:03.355436-04:00,propline_free_sample
2026-09-01,2026-09-02 02:10:00+00:00,Eric Lauer,2.5,under,-245,kalshi,183298,Los Angeles Dodgers,St. Louis Cardinals,2026-09-01T23:41:46.892022+00:00,2026-09-02T21:12:03.355436+00:00,2026-09-02T17:12:03.355436-04:00,2026-09-02T17:12:03.355436-04:00,propline_free_sample
2026-09-01,2026-09-02 02:10:00+00:00,Michael McGreevy,2.5,under,9900,kalshi,183298,Los Angeles Dodgers,St. Louis Cardinals,2026-09-01T21:51:39.855434+00:00,2026-09-02T21:12:03.355436+00:00,2026-09-02T17:12:03.355436-04:00,2026-09-02T17:12:03.355436-04:00,propline_free_sample
2026-09-01,2026-09-02 02:10:00+00:00,Eric Lauer,3.5,over,9900,kalshi,183298,Los Angeles Dodgers,St. Louis Cardinals,2026-09-02T00:10:17.012289+00:00,2026-09-02T21:12:03.355436+00:00,2026-09-02T17:12:03.355436-04:00,2026-09-02T17:12:03.355436-04:00,propline_free_sample
2026-09-01,2026-09-02 02:10:00+00:00,Michael McGreevy,3.5,over,-669,kalshi,183298,Los Angeles Dodgers,St. Louis Cardinals,2026-09-01T23:27:53.028140+00:00,2026-09-02T21:12:03.355436+00:00,2026-09-02T17:12:03.355436-04:00,2026-09-02T17:12:03.355436-04:00,propline_free_sample
2026-09-01,2026-09-02 02:10:00+00:00,Eric Lauer,3.5,under,-9900,kalshi,183298,Los Angeles Dodgers,St. Louis Cardinals,2026-09-02T00:10:17.012289+00:00,2026-09-02T21:12:03.355436+00:00,2026-09-02T17:12:03.355436-04:00,2026-09-02T17:12:03.355436-04:00,propline_free_sample
2026-09-01,2026-09-02 02:10:00+00:00,Michael McGreevy,3.5,under,9900,kalshi,183298,Los Angeles Dodgers,St. Louis Cardinals,2026-09-01T23:27:53.028140+00:00,2026-09-02T21:12:03.355436+00:00,2026-09-02T17:12:03.355436-04:00,2026-09-02T17:12:03.355436-04:00,propline_free_sample
2026-09-01,2026-09-02 02:10:00+00:00,Eric Lauer,4.5,over,9900,kalshi,183298,Los Angeles Dodgers,St. Louis Cardinals,2026-09-01T22:43:49.349538+00:00,2026-09-02T21:12:03.355436+00:00,2026-09-02T17:12:03.355436-04:00,2026-09-02T17:12:03.355436-04:00,propline_free_sample
2026-09-01,2026-09-02 02:10:00+00:00,Michael McGreevy,4.5,over,9900,kalshi,183298,Los Angeles Dodgers,St. Louis Cardinals,2026-09-01T22:54:21.483360+00:00,2026-09-02T21:12:03.355436+00:00,2026-09-02T17:12:03.355436-04:00,2026-09-02T17:12:03.355436-04:00,propline_free_sample
2026-09-01,2026-09-02 02:10:00+00:00,Eric Lauer,4.5,under,-9900,kalshi,183298,Los Angeles Dodgers,St. Louis Cardinals,2026-09-01T22:43:49.349538+00:00,2026-09-02T21:12:03.355436+00:00,2026-09-02T17:12:03.355436-04:00,2026-09-02T17:12:03.355436-04:00,propline_free_sample
2026-09-01,2026-09-02 02:10:00+00:00,Michael McGreevy,4.5,under,-9900,kalshi,183298,Los Angeles Dodgers,St. Louis Cardinals,2026-09-01T22:17:27.988930+00:00,2026-09-02T21:12:03.355436+00:00,2026-09-02T17:12:03.355436-04:00,2026-09-02T17:12:03.355436-04:00,propline_free_sample
2026-09-01,2026-09-02 02:10:00+00:00,Eric Lauer,5.5,over,9900,kalshi,183298,Los Angeles Dodgers,St. Louis Cardinals,2026-09-02T00:03:15.659402+00:00,2026-09-02T21:12:03.355436+00:00,2026-09-02T17:12:03.355436-04:00,2026-09-02T17:12:03.355436-04:00,propline_free_sample
2026-09-01,2026-09-02 02:10:00+00:00,Michael McGreevy,5.5,over,9900,kalshi,183298,Los Angeles Dodgers,St. Louis Cardinals,2026-09-01T21:49:47.027638+00:00,2026-09-02T21:12:03.355436+00:00,2026-09-02T17:12:03.355436-04:00,2026-09-02T17:12:03.355436-04:00,propline_free_sample
2026-09-01,2026-09-02 02:10:00+00:00,Eric Lauer,5.5,under,-1150,kalshi,183298,Los Angeles Dodgers,St. Louis Cardinals,2026-09-02T00:01:46.397608+00:00,2026-09-02T21:12:03.355436+00:00,2026-09-02T17:12:03.355436-04:00,2026-09-02T17:12:03.355436-04:00,propline_free_sample
2026-09-01,2026-09-02 02:10:00+00:00,Michael McGreevy,5.5,under,-9900,kalshi,183298,Los Angeles Dodgers,St. Louis Cardinals,2026-09-01T21:49:47.027638+00:00,2026-09-02T21:12:03.355436+00:00,2026-09-02T17:12:03.355436-04:00,2026-09-02T17:12:03.355436-04:00,propline_free_sample
2026-09-01,2026-09-02 02:10:00+00:00,Eric Lauer,6.5,over,9900,kalshi,183298,Los Angeles Dodgers,St. Louis Cardinals,2026-09-02T00:04:55.102206+00:00,2026-09-02T21:12:03.355436+00:00,2026-09-02T17:12:03.355436-04:00,2026-09-02T17:12:03.355436-04:00,propline_free_sample
2026-09-01,2026-09-02 02:10:00+00:00,Michael McGreevy,6.5,over,9900,kalshi,183298,Los Angeles Dodgers,St. Louis Cardinals,2026-09-01T20:05:25.488720+00:00,2026-09-02T21:12:03.355436+00:00,2026-09-02T17:12:03.355436-04:00,2026-09-02T17:12:03.355436-04:00,propline_free_sample
2026-09-01,2026-09-02 02:10:00+00:00,Eric Lauer,6.5,under,-3233,kalshi,183298,Los Angeles Dodgers,St. Louis Cardinals,2026-09-02T00:03:15.659402+00:00,2026-09-02T21:12:03.355436+00:00,2026-09-02T17:12:03.355436-04:00,2026-09-02T17:12:03.355436-04:00,propline_free_sample
2026-09-01,2026-09-02 02:10:00+00:00,Michael McGreevy,6.5,under,-3233,kalshi,183298,Los Angeles Dodgers,St. Louis Cardinals,2026-09-01T20:07:19.783538+00:00,2026-09-02T21:12:03.355436+00:00,2026-09-02T17:12:03.355436-04:00,2026-09-02T17:12:03.355436-04:00,propline_free_sample
2026-09-01,2026-09-02 02:10:00+00:00,Eric Lauer,7.5,over,9900,kalshi,183298,Los Angeles Dodgers,St. Louis Cardinals,2026-09-01T23:45:11.982055+00:00,2026-09-02T21:12:03.355436+00:00,2026-09-02T17:12:03.355436-04:00,2026-09-02T17:12:03.355436-04:00,propline_free_sample
2026-09-01,2026-09-02 02:10:00+00:00,Eric Lauer,7.5,under,-3233,kalshi,183298,Los Angeles Dodgers,St. Louis Cardinals,2026-09-02T02:05:55.650112+00:00,2026-09-02T21:12:03.355436+00:00,2026-09-02T17:12:03.355436-04:00,2026-09-02T17:12:03.355436-04:00,propline_free_sample
2026-09-01,2026-09-02 02:10:00+00:00,Eric Lauer (LAD),3.5,over,-145,bovada,183298,Los Angeles Dodgers,St. Louis Cardinals,2026-09-01T22:40:03.735662+00:00,2026-09-02T21:12:03.355436+00:00,2026-09-02T17:12:03.355436-04:00,2026-09-02T17:12:03.355436-04:00,propline_free_sample
2026-09-01,2026-09-02 02:10:00+00:00,Eric Lauer (LAD),3.5,under,110,bovada,183298,Los Angeles Dodgers,St. Louis Cardinals,2026-09-01T22:40:03.735662+00:00,2026-09-02T21:12:03.355436+00:00,2026-09-02T17:12:03.355436-04:00,2026-09-02T17:12:03.355436-04:00,propline_free_sample
2026-09-01,2026-09-02 02:10:00+00:00,Michael McGreevy (STL),3.5,over,130,bovada,183298,Los Angeles Dodgers,St. Louis Cardinals,2026-09-01T23:20:04.020766+00:00,2026-09-02T21:12:03.355436+00:00,2026-09-02T17:12:03.355436-04:00,2026-09-02T17:12:03.355436-04:00,propline_free_sample
2026-09-01,2026-09-02 02:10:00+00:00,Michael McGreevy (STL),3.5,under,-170,bovada,183298,Los Angeles Dodgers,St. Louis Cardinals,2026-09-01T23:20:04.020766+00:00,2026-09-02T21:12:03.355436+00:00,2026-09-02T17:12:03.355436-04:00,2026-09-02T17:12:03.355436-04:00,propline_free_sample
2026-09-01,2026-09-02 02:10:00+00:00,Eric Lauer,3.5,over,-155,onexbet,183298,Los Angeles Dodgers,St. Louis Cardinals,2026-09-02T01:23:21.825984+00:00,2026-09-02T21:12:03.355436+00:00,2026-09-02T17:12:03.355436-04:00,2026-09-02T17:12:03.355436-04:00,propline_free_sample
2026-09-01,2026-09-02 02:10:00+00:00,Michael McGreevy,3.5,over,115,onexbet,183298,Los Angeles Dodgers,St. Louis Cardinals,2026-09-02T01:23:21.825984+00:00,2026-09-02T21:12:03.355436+00:00,2026-09-02T17:12:03.355436-04:00,2026-09-02T17:12:03.355436-04:00,propline_free_sample
2026-09-01,2026-09-02 02:10:00+00:00,Eric Lauer,3.5,under,115,onexbet,183298,Los Angeles Dodgers,St. Louis Cardinals,2026-09-02T01:23:21.825984+00:00,2026-09-02T21:12:03.355436+00:00,2026-09-02T17:12:03.355436-04:00,2026-09-02T17:12:03.355436-04:00,propline_free_sample
2026-09-01,2026-09-02 02:10:00+00:00,Michael McGreevy,3.5,under,-155,onexbet,183298,Los Angeles Dodgers,St. Louis Cardinals,2026-09-02T01:23:21.825984+00:00,2026-09-02T21:12:03.355436+00:00,2026-09-02T17:12:03.355436-04:00,2026-09-02T17:12:03.355436-04:00,propline_free_sample
2026-09-01,2026-09-02 02:10:00+00:00,Eric Lauer,3.5,over,-140,pinnacle,183298,Los Angeles Dodgers,St. Louis Cardinals,2026-09-01T16:40:09.641417+00:00,2026-09-02T21:12:03.355436+00:00,2026-09-02T17:12:03.355436-04:00,2026-09-02T17:12:03.355436-04:00,propline_free_sample
2026-09-01,2026-09-02 02:10:00+00:00,Eric Lauer,3.5,under,106,pinnacle,183298,Los Angeles Dodgers,St. Louis Cardinals,2026-09-01T16:40:09.641417+00:00,2026-09-02T21:12:03.355436+00:00,2026-09-02T17:12:03.355436-04:00,2026-09-02T17:12:03.355436-04:00,propline_free_sample
2026-09-01,2026-09-02 02:10:00+00:00,Michael McGreevy,3.5,over,125,pinnacle,183298,Los Angeles Dodgers,St. Louis Cardinals,2026-09-02T01:28:15.577932+00:00,2026-09-02T21:12:03.355436+00:00,2026-09-02T17:12:03.355436-04:00,2026-09-02T17:12:03.355436-04:00,propline_free_sample
2026-09-01,2026-09-02 02:10:00+00:00,Michael McGreevy,3.5,under,-167,pinnacle,183298,Los Angeles Dodgers,St. Louis Cardinals,2026-09-02T01:28:15.577932+00:00,2026-09-02T21:12:03.355436+00:00,2026-09-02T17:12:03.355436-04:00,2026-09-02T17:12:03.355436-04:00,propline_free_sample
2026-09-01,2026-09-02 02:10:00+00:00,Eric Lauer,4.5,over,120,betmgm,183298,Los Angeles Dodgers,St. Louis Cardinals,2026-09-01T23:22:37.575042+00:00,2026-09-02T21:12:03.355436+00:00,2026-09-02T17:12:03.355436-04:00,2026-09-02T17:12:03.355436-04:00,propline_free_sample
2026-09-01,2026-09-02 02:10:00+00:00,Eric Lauer,4.5,under,-160,betmgm,183298,Los Angeles Dodgers,St. Louis Cardinals,2026-09-01T23:22:37.575042+00:00,2026-09-02T21:12:03.355436+00:00,2026-09-02T17:12:03.355436-04:00,2026-09-02T17:12:03.355436-04:00,propline_free_sample
2026-09-01,2026-09-02 02:10:00+00:00,Michael McGreevy,3.5,over,-135,betmgm,183298,Los Angeles Dodgers,St. Louis Cardinals,2026-09-01T22:04:53.239266+00:00,2026-09-02T21:12:03.355436+00:00,2026-09-02T17:12:03.355436-04:00,2026-09-02T17:12:03.355436-04:00,propline_free_sample
2026-09-01,2026-09-02 02:10:00+00:00,Michael McGreevy,3.5,under,-105,betmgm,183298,Los Angeles Dodgers,St. Louis Cardinals,2026-09-01T22:04:53.239266+00:00,2026-09-02T21:12:03.355436+00:00,2026-09-02T17:12:03.355436-04:00,2026-09-02T17:12:03.355436-04:00,propline_free_sample
2026-09-01,2026-09-02 02:10:00+00:00,Eric Lauer,3.5,over,-152,betrivers,183298,Los Angeles Dodgers,St. Louis Cardinals,2026-09-01T23:34:18.795491+00:00,2026-09-02T21:12:03.355436+00:00,2026-09-02T17:12:03.355436-04:00,2026-09-02T17:12:03.355436-04:00,propline_free_sample
2026-09-01,2026-09-02 02:10:00+00:00,Eric Lauer,3.5,under,115,betrivers,183298,Los Angeles Dodgers,St. Louis Cardinals,2026-09-01T23:37:37.236872+00:00,2026-09-02T21:12:03.355436+00:00,2026-09-02T17:12:03.355436-04:00,2026-09-02T17:12:03.355436-04:00,propline_free_sample
2026-09-01,2026-09-02 02:10:00+00:00,Michael McGreevy,3.5,over,117,betrivers,183298,Los Angeles Dodgers,St. Louis Cardinals,2026-09-02T01:56:41.153128+00:00,2026-09-02T21:12:03.355436+00:00,2026-09-02T17:12:03.355436-04:00,2026-09-02T17:12:03.355436-04:00,propline_free_sample
2026-09-01,2026-09-02 02:10:00+00:00,Michael McGreevy,3.5,under,-157,betrivers,183298,Los Angeles Dodgers,St. Louis Cardinals,2026-09-02T01:56:41.153128+00:00,2026-09-02T21:12:03.355436+00:00,2026-09-02T17:12:03.355436-04:00,2026-09-02T17:12:03.355436-04:00,propline_free_sample
2026-09-01,2026-09-02 02:10:00+00:00,Eric Lauer,3.5,over,-138,rebet,183298,Los Angeles Dodgers,St. Louis Cardinals,2026-09-02T01:45:55.999974+00:00,2026-09-02T21:12:03.355436+00:00,2026-09-02T17:12:03.355436-04:00,2026-09-02T17:12:03.355436-04:00,propline_free_sample
2026-09-01,2026-09-02 02:10:00+00:00,Mike McGreevy,3.5,over,119,rebet,183298,Los Angeles Dodgers,St. Louis Cardinals,2026-09-02T00:34:16.931928+00:00,2026-09-02T21:12:03.355436+00:00,2026-09-02T17:12:03.355436-04:00,2026-09-02T17:12:03.355436-04:00,propline_free_sample
2026-09-01,2026-09-02 02:10:00+00:00,Eric Lauer,3.5,under,100,rebet,183298,Los Angeles Dodgers,St. Louis Cardinals,2026-09-02T01:45:55.999974+00:00,2026-09-02T21:12:03.355436+00:00,2026-09-02T17:12:03.355436-04:00,2026-09-02T17:12:03.355436-04:00,propline_free_sample
2026-09-01,2026-09-02 02:10:00+00:00,Mike McGreevy,3.5,under,-165,rebet,183298,Los Angeles Dodgers,St. Louis Cardinals,2026-09-02T00:34:16.931928+00:00,2026-09-02T21:12:03.355436+00:00,2026-09-02T17:12:03.355436-04:00,2026-09-02T17:12:03.355436-04:00,propline_free_sample
2026-09-01,2026-09-02 02:10:00+00:00,Eric Lauer,4.0,over,100,prizepicks,183298,Los Angeles Dodgers,St. Louis Cardinals,2026-09-01T11:15:23.085783+00:00,2026-09-02T21:12:03.355436+00:00,2026-09-02T17:12:03.355436-04:00,2026-09-02T17:12:03.355436-04:00,propline_free_sample
2026-09-01,2026-09-02 02:10:00+00:00,Eric Lauer,4.0,under,100,prizepicks,183298,Los Angeles Dodgers,St. Louis Cardinals,2026-09-01T11:15:23.085783+00:00,2026-09-02T21:12:03.355436+00:00,2026-09-02T17:12:03.355436-04:00,2026-09-02T17:12:03.355436-04:00,propline_free_sample
2026-09-01,2026-09-02 02:10:00+00:00,Eric Lauer,2.5,over,-308,novig,183298,Los Angeles Dodgers,St. Louis Cardinals,2026-09-01T21:02:49.019508+00:00,2026-09-02T21:12:03.355436+00:00,2026-09-02T17:12:03.355436-04:00,2026-09-02T17:12:03.355436-04:00,propline_free_sample
2026-09-01,2026-09-02 02:10:00+00:00,Eric Lauer,2.5,under,277,novig,183298,Los Angeles Dodgers,St. Louis Cardinals,2026-09-01T23:06:19.478080+00:00,2026-09-02T21:12:03.355436+00:00,2026-09-02T17:12:03.355436-04:00,2026-09-02T17:12:03.355436-04:00,propline_free_sample
2026-09-01,2026-09-02 02:10:00+00:00,Eric Lauer,4.5,over,167,novig,183298,Los Angeles Dodgers,St. Louis Cardinals,2026-09-02T01:31:25.931869+00:00,2026-09-02T21:12:03.355436+00:00,2026-09-02T17:12:03.355436-04:00,2026-09-02T17:12:03.355436-04:00,propline_free_sample
2026-09-01,2026-09-02 02:10:00+00:00,Eric Lauer,4.5,under,-199,novig,183298,Los Angeles Dodgers,St. Louis Cardinals,2026-09-02T02:09:34.256708+00:00,2026-09-02T21:12:03.355436+00:00,2026-09-02T17:12:03.355436-04:00,2026-09-02T17:12:03.355436-04:00,propline_free_sample
2026-09-01,2026-09-02 02:10:00+00:00,Eric Lauer,5.5,over,355,novig,183298,Los Angeles Dodgers,St. Louis Cardinals,2026-09-02T00:28:16.008639+00:00,2026-09-02T21:12:03.355436+00:00,2026-09-02T17:12:03.355436-04:00,2026-09-02T17:12:03.355436-04:00,propline_free_sample
2026-09-01,2026-09-02 02:10:00+00:00,Eric Lauer,5.5,under,-525,novig,183298,Los Angeles Dodgers,St. Louis Cardinals,2026-09-02T02:09:05.557021+00:00,2026-09-02T21:12:03.355436+00:00,2026-09-02T17:12:03.355436-04:00,2026-09-02T17:12:03.355436-04:00,propline_free_sample
2026-09-01,2026-09-02 02:10:00+00:00,Michael McGreevy,2.5,over,-217,novig,183298,Los Angeles Dodgers,St. Louis Cardinals,2026-09-01T22:29:57.282780+00:00,2026-09-02T21:12:03.355436+00:00,2026-09-02T17:12:03.355436-04:00,2026-09-02T17:12:03.355436-04:00,propline_free_sample
2026-09-01,2026-09-02 02:10:00+00:00,Michael McGreevy,2.5,under,170,novig,183298,Los Angeles Dodgers,St. Louis Cardinals,2026-09-02T02:09:05.557021+00:00,2026-09-02T21:12:03.355436+00:00,2026-09-02T17:12:03.355436-04:00,2026-09-02T17:12:03.355436-04:00,propline_free_sample
2026-09-01,2026-09-02 02:10:00+00:00,Michael McGreevy,4.5,over,285,novig,183298,Los Angeles Dodgers,St. Louis Cardinals,2026-09-02T00:37:40.210107+00:00,2026-09-02T21:12:03.355436+00:00,2026-09-02T17:12:03.355436-04:00,2026-09-02T17:12:03.355436-04:00,propline_free_sample
2026-09-01,2026-09-02 02:10:00+00:00,Michael McGreevy,4.5,under,-388,novig,183298,Los Angeles Dodgers,St. Louis Cardinals,2026-09-01T20:13:10.219048+00:00,2026-09-02T21:12:03.355436+00:00,2026-09-02T17:12:03.355436-04:00,2026-09-02T17:12:03.355436-04:00,propline_free_sample
2026-09-01,2026-09-02 02:10:00+00:00,Michael McGreevy,3.0,over,100,prizepicks,183298,Los Angeles Dodgers,St. Louis Cardinals,2026-09-01T13:24:00.619472+00:00,2026-09-02T21:12:03.355436+00:00,2026-09-02T17:12:03.355436-04:00,2026-09-02T17:12:03.355436-04:00,propline_free_sample
2026-09-01,2026-09-02 02:10:00+00:00,Michael McGreevy,3.0,under,100,prizepicks,183298,Los Angeles Dodgers,St. Louis Cardinals,2026-09-01T13:24:00.619472+00:00,2026-09-02T21:12:03.355436+00:00,2026-09-02T17:12:03.355436-04:00,2026-09-02T17:12:03.355436-04:00,propline_free_sample
2026-09-01,2026-09-02 02:10:00+00:00,Eric Lauer,4.5,over,166,prophetx,183298,Los Angeles Dodgers,St. Louis Cardinals,2026-09-02T01:55:55.384529+00:00,2026-09-02T21:12:03.355436+00:00,2026-09-02T17:12:03.355436-04:00,2026-09-02T17:12:03.355436-04:00,propline_free_sample
2026-09-01,2026-09-02 02:10:00+00:00,Eric Lauer,4.5,under,-205,prophetx,183298,Los Angeles Dodgers,St. Louis Cardinals,2026-09-02T01:36:51.527382+00:00,2026-09-02T21:12:03.355436+00:00,2026-09-02T17:12:03.355436-04:00,2026-09-02T17:12:03.355436-04:00,propline_free_sample
2026-09-01,2026-09-02 02:10:00+00:00,Michael McGreevy,3.5,over,-140,fanatics,183298,Los Angeles Dodgers,St. Louis Cardinals,2026-09-02T01:50:00.933966+00:00,2026-09-02T21:12:03.355436+00:00,2026-09-02T17:12:03.355436-04:00,2026-09-02T17:12:03.355436-04:00,propline_free_sample
2026-09-01,2026-09-02 02:10:00+00:00,Michael McGreevy,3.5,under,105,fanatics,183298,Los Angeles Dodgers,St. Louis Cardinals,2026-09-02T01:50:00.933966+00:00,2026-09-02T21:12:03.355436+00:00,2026-09-02T17:12:03.355436-04:00,2026-09-02T17:12:03.355436-04:00,propline_free_sample
2026-09-01,2026-09-02 02:10:00+00:00,Michael McGreevy,3.0,over,128,prophetx,183298,Los Angeles Dodgers,St. Louis Cardinals,2026-09-02T01:50:54.097058+00:00,2026-09-02T21:12:03.355436+00:00,2026-09-02T17:12:03.355436-04:00,2026-09-02T17:12:03.355436-04:00,propline_free_sample
2026-09-01,2026-09-02 02:10:00+00:00,Michael McGreevy,3.0,under,-130,prophetx,183298,Los Angeles Dodgers,St. Louis Cardinals,2026-09-02T01:50:54.097058+00:00,2026-09-02T21:12:03.355436+00:00,2026-09-02T17:12:03.355436-04:00,2026-09-02T17:12:03.355436-04:00,propline_free_sample
2026-09-01,2026-09-02 01:40:00+00:00,Jesús Luzardo,5.5,over,-109,dabble,183262,Arizona Diamondbacks,Philadelphia Phillies,2026-09-02T01:39:29.499406+00:00,2026-09-02T21:12:03.355436+00:00,2026-09-02T17:12:03.355436-04:00,2026-09-02T17:12:03.355436-04:00,propline_free_sample
2026-09-01,2026-09-02 01:40:00+00:00,Jesús Luzardo,5.5,under,110,dabble,183262,Arizona Diamondbacks,Philadelphia Phillies,2026-09-02T01:39:29.499406+00:00,2026-09-02T21:12:03.355436+00:00,2026-09-02T17:12:03.355436-04:00,2026-09-02T17:12:03.355436-04:00,propline_free_sample
2026-09-01,2026-09-02 01:40:00+00:00,Eduardo Rodriguez,4.5,over,119,underdog,183262,Arizona Diamondbacks,Philadelphia Phillies,2026-09-02T01:20:03.913918+00:00,2026-09-02T21:12:03.355436+00:00,2026-09-02T17:12:03.355436-04:00,2026-09-02T17:12:03.355436-04:00,propline_free_sample
2026-09-01,2026-09-02 01:40:00+00:00,Jesús Luzardo,5.5,over,-137,underdog,183262,Arizona Diamondbacks,Philadelphia Phillies,2026-09-02T01:25:17.793090+00:00,2026-09-02T21:12:03.355436+00:00,2026-09-02T17:12:03.355436-04:00,2026-09-02T17:12:03.355436-04:00,propline_free_sample
2026-09-01,2026-09-02 01:40:00+00:00,Eduardo Rodriguez,4.5,under,-162,underdog,183262,Arizona Diamondbacks,Philadelphia Phillies,2026-09-02T01:20:03.913918+00:00,2026-09-02T21:12:03.355436+00:00,2026-09-02T17:12:03.355436-04:00,2026-09-02T17:12:03.355436-04:00,propline_free_sample
2026-09-01,2026-09-02 01:40:00+00:00,Jesús Luzardo,5.5,under,101,underdog,183262,Arizona Diamondbacks,Philadelphia Phillies,2026-09-02T01:25:17.793090+00:00,2026-09-02T21:12:03.355436+00:00,2026-09-02T17:12:03.355436-04:00,2026-09-02T17:12:03.355436-04:00,propline_free_sample
2026-09-01,2026-09-02 01:40:00+00:00,Eduardo Rodriguez,4.5,over,100,smarkets,183262,Arizona Diamondbacks,Philadelphia Phillies,2026-09-01T22:18:02.609237+00:00,2026-09-02T21:12:03.355436+00:00,2026-09-02T17:12:03.355436-04:00,2026-09-02T17:12:03.355436-04:00,propline_free_sample
2026-09-01,2026-09-02 01:40:00+00:00,Eduardo Rodriguez,4.5,under,-141,smarkets,183262,Arizona Diamondbacks,Philadelphia Phillies,2026-09-01T22:18:02.609237+00:00,2026-09-02T21:12:03.355436+00:00,2026-09-02T17:12:03.355436-04:00,2026-09-02T17:12:03.355436-04:00,propline_free_sample
2026-09-01,2026-09-02 01:40:00+00:00,Jesús Luzardo,6.5,over,120,smarkets,183262,Arizona Diamondbacks,Philadelphia Phillies,2026-09-01T09:00:37.373699+00:00,2026-09-02T21:12:03.355436+00:00,2026-09-02T17:12:03.355436-04:00,2026-09-02T17:12:03.355436-04:00,propline_free_sample
2026-09-01,2026-09-02 01:40:00+00:00,Jesús Luzardo,6.5,under,-169,smarkets,183262,Arizona Diamondbacks,Philadelphia Phillies,2026-09-01T09:00:37.373699+00:00,2026-09-02T21:12:03.355436+00:00,2026-09-02T17:12:03.355436-04:00,2026-09-02T17:12:03.355436-04:00,propline_free_sample
2026-09-01,2026-09-02 01:40:00+00:00,Eduardo Rodriguez,4.5,over,126,fanduel,183262,Arizona Diamondbacks,Philadelphia Phillies,2026-09-02T00:45:31.306749+00:00,2026-09-02T21:12:03.355436+00:00,2026-09-02T17:12:03.355436-04:00,2026-09-02T17:12:03.355436-04:00,propline_free_sample
2026-09-01,2026-09-02 01:40:00+00:00,Eduardo Rodriguez,4.5,under,-162,fanduel,183262,Arizona Diamondbacks,Philadelphia Phillies,2026-09-02T00:45:31.306749+00:00,2026-09-02T21:12:03.355436+00:00,2026-09-02T17:12:03.355436-04:00,2026-09-02T17:12:03.355436-04:00,propline_free_sample
2026-09-01,2026-09-02 01:40:00+00:00,Jesus Luzardo,5.5,over,-130,fanduel,183262,Arizona Diamondbacks,Philadelphia Phillies,2026-09-02T00:00:32.798271+00:00,2026-09-02T21:12:03.355436+00:00,2026-09-02T17:12:03.355436-04:00,2026-09-02T17:12:03.355436-04:00,propline_free_sample
2026-09-01,2026-09-02 01:40:00+00:00,Jesus Luzardo,5.5,under,102,fanduel,183262,Arizona Diamondbacks,Philadelphia Phillies,2026-09-02T00:00:32.798271+00:00,2026-09-02T21:12:03.355436+00:00,2026-09-02T17:12:03.355436-04:00,2026-09-02T17:12:03.355436-04:00,propline_free_sample
2026-09-01,2026-09-02 01:40:00+00:00,Eduardo Rodriguez,4.0,over,100,prizepicks,183262,Arizona Diamondbacks,Philadelphia Phillies,2026-09-01T13:42:48.907383+00:00,2026-09-02T21:12:03.355436+00:00,2026-09-02T17:12:03.355436-04:00,2026-09-02T17:12:03.355436-04:00,propline_free_sample
2026-09-01,2026-09-02 01:40:00+00:00,Eduardo Rodriguez,4.0,under,100,prizepicks,183262,Arizona Diamondbacks,Philadelphia Phillies,2026-09-01T13:42:48.907383+00:00,2026-09-02T21:12:03.355436+00:00,2026-09-02T17:12:03.355436-04:00,2026-09-02T17:12:03.355436-04:00,propline_free_sample
2026-09-01,2026-09-02 01:40:00+00:00,Eduardo Rodriguez,6.5,over,100,prizepicks,183262,Arizona Diamondbacks,Philadelphia Phillies,2026-09-01T04:19:19.260640+00:00,2026-09-02T21:12:03.355436+00:00,2026-09-02T17:12:03.355436-04:00,2026-09-02T17:12:03.355436-04:00,propline_free_sample
2026-09-01,2026-09-02 01:40:00+00:00,Jesús Luzardo,6.5,over,100,prizepicks,183262,Arizona Diamondbacks,Philadelphia Phillies,2026-09-01T04:19:19.260640+00:00,2026-09-02T21:12:03.355436+00:00,2026-09-02T17:12:03.355436-04:00,2026-09-02T17:12:03.355436-04:00,propline_free_sample
2026-09-01,2026-09-02 01:40:00+00:00,Eduardo Rodriguez,6.5,under,100,prizepicks,183262,Arizona Diamondbacks,Philadelphia Phillies,2026-09-01T04:19:19.260640+00:00,2026-09-02T21:12:03.355436+00:00,2026-09-02T17:12:03.355436-04:00,2026-09-02T17:12:03.355436-04:00,propline_free_sample
2026-09-01,2026-09-02 01:40:00+00:00,Jesús Luzardo,6.5,under,100,prizepicks,183262,Arizona Diamondbacks,Philadelphia Phillies,2026-09-01T04:19:19.260640+00:00,2026-09-02T21:12:03.355436+00:00,2026-09-02T17:12:03.355436-04:00,2026-09-02T17:12:03.355436-04:00,propline_free_sample
2026-09-01,2026-09-02 01:40:00+00:00,Jesús Luzardo,9.5,over,100,prizepicks,183262,Arizona Diamondbacks,Philadelphia Phillies,2026-09-01T04:19:19.260640+00:00,2026-09-02T21:12:03.355436+00:00,2026-09-02T17:12:03.355436-04:00,2026-09-02T17:12:03.355436-04:00,propline_free_sample
2026-09-01,2026-09-02 01:40:00+00:00,Jesús Luzardo,9.5,under,100,prizepicks,183262,Arizona Diamondbacks,Philadelphia Phillies,2026-09-01T04:19:19.260640+00:00,2026-09-02T21:12:03.355436+00:00,2026-09-02T17:12:03.355436-04:00,2026-09-02T17:12:03.355436-04:00,propline_free_sample
2026-09-01,2026-09-02 01:40:00+00:00,Eduardo Rodriguez,3.5,over,100,prizepicks,183262,Arizona Diamondbacks,Philadelphia Phillies,2026-09-01T04:19:19.260640+00:00,2026-09-02T21:12:03.355436+00:00,2026-09-02T17:12:03.355436-04:00,2026-09-02T17:12:03.355436-04:00,propline_free_sample
2026-09-01,2026-09-02 01:40:00+00:00,Eduardo Rodriguez,3.5,under,100,prizepicks,183262,Arizona Diamondbacks,Philadelphia Phillies,2026-09-01T04:19:19.260640+00:00,2026-09-02T21:12:03.355436+00:00,2026-09-02T17:12:03.355436-04:00,2026-09-02T17:12:03.355436-04:00,propline_free_sample
2026-09-01,2026-09-02 01:40:00+00:00,Eduardo Rodriguez,5.5,over,100,prizepicks,183262,Arizona Diamondbacks,Philadelphia Phillies,2026-09-01T04:21:13.441869+00:00,2026-09-02T21:12:03.355436+00:00,2026-09-02T17:12:03.355436-04:00,2026-09-02T17:12:03.355436-04:00,propline_free_sample
2026-09-01,2026-09-02 01:40:00+00:00,Eduardo Rodriguez,5.5,under,100,prizepicks,183262,Arizona Diamondbacks,Philadelphia Phillies,2026-09-01T04:21:13.441869+00:00,2026-09-02T21:12:03.355436+00:00,2026-09-02T17:12:03.355436-04:00,2026-09-02T17:12:03.355436-04:00,propline_free_sample
2026-09-01,2026-09-02 01:40:00+00:00,Jesús Luzardo,7.5,over,100,prizepicks,183262,Arizona Diamondbacks,Philadelphia Phillies,2026-09-01T04:21:13.441869+00:00,2026-09-02T21:12:03.355436+00:00,2026-09-02T17:12:03.355436-04:00,2026-09-02T17:12:03.355436-04:00,propline_free_sample
2026-09-01,2026-09-02 01:40:00+00:00,Jesús Luzardo,7.5,under,100,prizepicks,183262,Arizona Diamondbacks,Philadelphia Phillies,2026-09-01T04:21:13.441869+00:00,2026-09-02T21:12:03.355436+00:00,2026-09-02T17:12:03.355436-04:00,2026-09-02T17:12:03.355436-04:00,propline_free_sample
2026-09-01,2026-09-02 01:40:00+00:00,Jesús Luzardo,8.5,over,100,prizepicks,183262,Arizona Diamondbacks,Philadelphia Phillies,2026-09-01T04:21:13.441869+00:00,2026-09-02T21:12:03.355436+00:00,2026-09-02T17:12:03.355436-04:00,2026-09-02T17:12:03.355436-04:00,propline_free_sample
2026-09-01,2026-09-02 01:40:00+00:00,Jesús Luzardo,8.5,under,100,prizepicks,183262,Arizona Diamondbacks,Philadelphia Phillies,2026-09-01T04:21:13.441869+00:00,2026-09-02T21:12:03.355436+00:00,2026-09-02T17:12:03.355436-04:00,2026-09-02T17:12:03.355436-04:00,propline_free_sample
2026-09-01,2026-09-02 01:40:00+00:00,Jesús Luzardo,4.5,over,100,prizepicks,183262,Arizona Diamondbacks,Philadelphia Phillies,2026-09-01T04:21:13.441869+00:00,2026-09-02T21:12:03.355436+00:00,2026-09-02T17:12:03.355436-04:00,2026-09-02T17:12:03.355436-04:00,propline_free_sample
2026-09-01,2026-09-02 01:40:00+00:00,Jesús Luzardo,4.5,under,100,prizepicks,183262,Arizona Diamondbacks,Philadelphia Phillies,2026-09-01T04:21:13.441869+00:00,2026-09-02T21:12:03.355436+00:00,2026-09-02T17:12:03.355436-04:00,2026-09-02T17:12:03.355436-04:00,propline_free_sample
2026-09-01,2026-09-02 01:40:00+00:00,Jesús Luzardo,5.5,over,100,prizepicks,183262,Arizona Diamondbacks,Philadelphia Phillies,2026-09-01T04:21:13.441869+00:00,2026-09-02T21:12:03.355436+00:00,2026-09-02T17:12:03.355436-04:00,2026-09-02T17:12:03.355436-04:00,propline_free_sample
2026-09-01,2026-09-02 01:40:00+00:00,Jesús Luzardo,5.5,under,100,prizepicks,183262,Arizona Diamondbacks,Philadelphia Phillies,2026-09-01T04:21:13.441869+00:00,2026-09-02T21:12:03.355436+00:00,2026-09-02T17:12:03.355436-04:00,2026-09-02T17:12:03.355436-04:00,propline_free_sample
2026-09-01,2026-09-02 01:40:00+00:00,Eduardo Rodriguez,4.5,over,108,sleeper,183262,Arizona Diamondbacks,Philadelphia Phillies,2026-09-02T01:37:35.998958+00:00,2026-09-02T21:12:03.355436+00:00,2026-09-02T17:12:03.355436-04:00,2026-09-02T17:12:03.355436-04:00,propline_free_sample
2026-09-01,2026-09-02 01:40:00+00:00,Eduardo Rodriguez,4.5,under,-182,sleeper,183262,Arizona Diamondbacks,Philadelphia Phillies,2026-09-02T01:37:35.998958+00:00,2026-09-02T21:12:03.355436+00:00,2026-09-02T17:12:03.355436-04:00,2026-09-02T17:12:03.355436-04:00,propline_free_sample
2026-09-01,2026-09-02 01:40:00+00:00,Eduardo Rodriguez,2.5,over,-225,fanatics,183262,Arizona Diamondbacks,Philadelphia Phillies,2026-09-02T01:02:03.682109+00:00,2026-09-02T21:12:03.355436+00:00,2026-09-02T17:12:03.355436-04:00,2026-09-02T17:12:03.355436-04:00,propline_free_sample
2026-09-01,2026-09-02 01:40:00+00:00,Eduardo Rodriguez,2.5,under,165,fanatics,183262,Arizona Diamondbacks,Philadelphia Phillies,2026-09-02T01:02:03.682109+00:00,2026-09-02T21:12:03.355436+00:00,2026-09-02T17:12:03.355436-04:00,2026-09-02T17:12:03.355436-04:00,propline_free_sample
2026-09-01,2026-09-02 01:40:00+00:00,Jesus Luzardo,7.5,over,120,fanatics,183262,Arizona Diamondbacks,Philadelphia Phillies,2026-09-01T15:56:45.342007+00:00,2026-09-02T21:12:03.355436+00:00,2026-09-02T17:12:03.355436-04:00,2026-09-02T17:12:03.355436-04:00,propline_free_sample
2026-09-01,2026-09-02 01:40:00+00:00,Jesus Luzardo,7.5,under,-160,fanatics,183262,Arizona Diamondbacks,Philadelphia Phillies,2026-09-01T15:56:45.342007+00:00,2026-09-02T21:12:03.355436+00:00,2026-09-02T17:12:03.355436-04:00,2026-09-02T17:12:03.355436-04:00,propline_free_sample
2026-09-01,2026-09-02 01:40:00+00:00,Jesús Luzardo,5.5,over,-143,sleeper,183262,Arizona Diamondbacks,Philadelphia Phillies,2026-09-02T01:35:31.931823+00:00,2026-09-02T21:12:03.355436+00:00,2026-09-02T17:12:03.355436-04:00,2026-09-02T17:12:03.355436-04:00,propline_free_sample
2026-09-01,2026-09-02 01:40:00+00:00,Jesús Luzardo,5.5,under,-116,sleeper,183262,Arizona Diamondbacks,Philadelphia Phillies,2026-09-02T01:39:32.880063+00:00,2026-09-02T21:12:03.355436+00:00,2026-09-02T17:12:03.355436-04:00,2026-09-02T17:12:03.355436-04:00,propline_free_sample
2026-09-01,2026-09-02 01:40:00+00:00,Eduardo Rodriguez,7.5,over,100,prizepicks,183262,Arizona Diamondbacks,Philadelphia Phillies,2026-09-01T04:24:54.107260+00:00,2026-09-02T21:12:03.355436+00:00,2026-09-02T17:12:03.355436-04:00,2026-09-02T17:12:03.355436-04:00,propline_free_sample
2026-09-01,2026-09-02 01:40:00+00:00,Eduardo Rodriguez,7.5,under,100,prizepicks,183262,Arizona Diamondbacks,Philadelphia Phillies,2026-09-01T04:24:54.107260+00:00,2026-09-02T21:12:03.355436+00:00,2026-09-02T17:12:03.355436-04:00,2026-09-02T17:12:03.355436-04:00,propline_free_sample
2026-09-01,2026-09-02 01:40:00+00:00,Eduardo Rodriguez (ARI),4.5,over,125,bovada,183262,Arizona Diamondbacks,Philadelphia Phillies,2026-09-02T00:53:50.846526+00:00,2026-09-02T21:12:03.355436+00:00,2026-09-02T17:12:03.355436-04:00,2026-09-02T17:12:03.355436-04:00,propline_free_sample
2026-09-01,2026-09-02 01:40:00+00:00,Eduardo Rodriguez (ARI),4.5,under,-165,bovada,183262,Arizona Diamondbacks,Philadelphia Phillies,2026-09-02T00:53:50.846526+00:00,2026-09-02T21:12:03.355436+00:00,2026-09-02T17:12:03.355436-04:00,2026-09-02T17:12:03.355436-04:00,propline_free_sample
2026-09-01,2026-09-02 01:40:00+00:00,Jesús Luzardo (PHI),5.5,over,-130,bovada,183262,Arizona Diamondbacks,Philadelphia Phillies,2026-09-02T00:14:54.546384+00:00,2026-09-02T21:12:03.355436+00:00,2026-09-02T17:12:03.355436-04:00,2026-09-02T17:12:03.355436-04:00,propline_free_sample
2026-09-01,2026-09-02 01:40:00+00:00,Jesús Luzardo (PHI),5.5,under,100,bovada,183262,Arizona Diamondbacks,Philadelphia Phillies,2026-09-02T00:14:54.546384+00:00,2026-09-02T21:12:03.355436+00:00,2026-09-02T17:12:03.355436-04:00,2026-09-02T17:12:03.355436-04:00,propline_free_sample
2026-09-01,2026-09-02 01:40:00+00:00,Jesús Luzardo,3.5,over,100,prizepicks,183262,Arizona Diamondbacks,Philadelphia Phillies,2026-09-01T04:32:36.062541+00:00,2026-09-02T21:12:03.355436+00:00,2026-09-02T17:12:03.355436-04:00,2026-09-02T17:12:03.355436-04:00,propline_free_sample
2026-09-01,2026-09-02 01:40:00+00:00,Jesús Luzardo,3.5,under,100,prizepicks,183262,Arizona Diamondbacks,Philadelphia Phillies,2026-09-01T04:32:36.062541+00:00,2026-09-02T21:12:03.355436+00:00,2026-09-02T17:12:03.355436-04:00,2026-09-02T17:12:03.355436-04:00,propline_free_sample
2026-09-01,2026-09-02 01:40:00+00:00,Eduardo Rodriguez,8.5,over,100,prizepicks,183262,Arizona Diamondbacks,Philadelphia Phillies,2026-09-01T04:32:36.062541+00:00,2026-09-02T21:12:03.355436+00:00,2026-09-02T17:12:03.355436-04:00,2026-09-02T17:12:03.355436-04:00,propline_free_sample
2026-09-01,2026-09-02 01:40:00+00:00,Eduardo Rodriguez,8.5,under,100,prizepicks,183262,Arizona Diamondbacks,Philadelphia Phillies,2026-09-01T04:32:36.062541+00:00,2026-09-02T21:12:03.355436+00:00,2026-09-02T17:12:03.355436-04:00,2026-09-02T17:12:03.355436-04:00,propline_free_sample
2026-09-01,2026-09-02 01:40:00+00:00,Jesús Luzardo,10.5,over,100,prizepicks,183262,Arizona Diamondbacks,Philadelphia Phillies,2026-09-01T04:32:36.062541+00:00,2026-09-02T21:12:03.355436+00:00,2026-09-02T17:12:03.355436-04:00,2026-09-02T17:12:03.355436-04:00,propline_free_sample
2026-09-01,2026-09-02 01:40:00+00:00,Jesús Luzardo,10.5,under,100,prizepicks,183262,Arizona Diamondbacks,Philadelphia Phillies,2026-09-01T04:32:36.062541+00:00,2026-09-02T21:12:03.355436+00:00,2026-09-02T17:12:03.355436-04:00,2026-09-02T17:12:03.355436-04:00,propline_free_sample
2026-09-01,2026-09-02 01:40:00+00:00,Eduardo Rodriguez,2.5,over,100,prizepicks,183262,Arizona Diamondbacks,Philadelphia Phillies,2026-09-01T04:32:36.062541+00:00,2026-09-02T21:12:03.355436+00:00,2026-09-02T17:12:03.355436-04:00,2026-09-02T17:12:03.355436-04:00,propline_free_sample
2026-09-01,2026-09-02 01:40:00+00:00,Eduardo Rodriguez,2.5,under,100,prizepicks,183262,Arizona Diamondbacks,Philadelphia Phillies,2026-09-01T04:32:36.062541+00:00,2026-09-02T21:12:03.355436+00:00,2026-09-02T17:12:03.355436-04:00,2026-09-02T17:12:03.355436-04:00,propline_free_sample
2026-09-01,2026-09-02 01:40:00+00:00,Eduardo Rodriguez,4.5,over,125,novig,183262,Arizona Diamondbacks,Philadelphia Phillies,2026-09-02T01:37:00.475845+00:00,2026-09-02T21:12:03.355436+00:00,2026-09-02T17:12:03.355436-04:00,2026-09-02T17:12:03.355436-04:00,propline_free_sample
2026-09-01,2026-09-02 01:40:00+00:00,Eduardo Rodriguez,4.5,under,-203,novig,183262,Arizona Diamondbacks,Philadelphia Phillies,2026-09-02T01:37:00.475845+00:00,2026-09-02T21:12:03.355436+00:00,2026-09-02T17:12:03.355436-04:00,2026-09-02T17:12:03.355436-04:00,propline_free_sample
2026-09-01,2026-09-02 01:40:00+00:00,Jesus Luzardo,5.5,over,-133,novig,183262,Arizona Diamondbacks,Philadelphia Phillies,2026-09-02T01:38:00.887516+00:00,2026-09-02T21:12:03.355436+00:00,2026-09-02T17:12:03.355436-04:00,2026-09-02T17:12:03.355436-04:00,propline_free_sample
2026-09-01,2026-09-02 01:40:00+00:00,Jesus Luzardo,5.5,under,100,novig,183262,Arizona Diamondbacks,Philadelphia Phillies,2026-09-02T01:34:30.809289+00:00,2026-09-02T21:12:03.355436+00:00,2026-09-02T17:12:03.355436-04:00,2026-09-02T17:12:03.355436-04:00,propline_free_sample
2026-09-01,2026-09-02 01:40:00+00:00,Eduardo Rodriguez,4.5,over,121,draftkings,183262,Arizona Diamondbacks,Philadelphia Phillies,2026-09-01T23:53:03.703710+00:00,2026-09-02T21:12:03.355436+00:00,2026-09-02T17:12:03.355436-04:00,2026-09-02T17:12:03.355436-04:00,propline_free_sample
2026-09-01,2026-09-02 01:40:00+00:00,Eduardo Rodriguez,4.5,under,-154,draftkings,183262,Arizona Diamondbacks,Philadelphia Phillies,2026-09-01T23:53:03.703710+00:00,2026-09-02T21:12:03.355436+00:00,2026-09-02T17:12:03.355436-04:00,2026-09-02T17:12:03.355436-04:00,propline_free_sample
2026-09-01,2026-09-02 01:40:00+00:00,Eduardo Rodriguez,4.5,over,134,prophetx,183262,Arizona Diamondbacks,Philadelphia Phillies,2026-09-01T22:26:39.749347+00:00,2026-09-02T21:12:03.355436+00:00,2026-09-02T17:12:03.355436-04:00,2026-09-02T17:12:03.355436-04:00,propline_free_sample
2026-09-01,2026-09-02 01:40:00+00:00,Eduardo Rodriguez,4.5,under,-158,prophetx,183262,Arizona Diamondbacks,Philadelphia Phillies,2026-09-02T01:39:45.910203+00:00,2026-09-02T21:12:03.355436+00:00,2026-09-02T17:12:03.355436-04:00,2026-09-02T17:12:03.355436-04:00,propline_free_sample
2026-09-01,2026-09-02 01:40:00+00:00,Jesus Luzardo,6.5,over,153,novig,183262,Arizona Diamondbacks,Philadelphia Phillies,2026-09-02T01:29:28.017349+00:00,2026-09-02T21:12:03.355436+00:00,2026-09-02T17:12:03.355436-04:00,2026-09-02T17:12:03.355436-04:00,propline_free_sample
2026-09-01,2026-09-02 01:40:00+00:00,Jesus Luzardo,6.5,under,-186,novig,183262,Arizona Diamondbacks,Philadelphia Phillies,2026-09-02T00:42:10.927114+00:00,2026-09-02T21:12:03.355436+00:00,2026-09-02T17:12:03.355436-04:00,2026-09-02T17:12:03.355436-04:00,propline_free_sample
2026-09-01,2026-09-02 01:40:00+00:00,Eduardo Rodriguez,1.5,over,-4900,kalshi,183262,Arizona Diamondbacks,Philadelphia Phillies,2026-09-01T22:13:32.474016+00:00,2026-09-02T21:12:03.355436+00:00,2026-09-02T17:12:03.355436-04:00,2026-09-02T17:12:03.355436-04:00,propline_free_sample
2026-09-01,2026-09-02 01:40:00+00:00,Eduardo Rodriguez,1.5,under,9900,kalshi,183262,Arizona Diamondbacks,Philadelphia Phillies,2026-09-02T01:39:59.001643+00:00,2026-09-02T21:12:03.355436+00:00,2026-09-02T17:12:03.355436-04:00,2026-09-02T17:12:03.355436-04:00,propline_free_sample
2026-09-01,2026-09-02 01:40:00+00:00,Eduardo Rodriguez,2.5,over,-4900,kalshi,183262,Arizona Diamondbacks,Philadelphia Phillies,2026-09-02T00:50:47.018587+00:00,2026-09-02T21:12:03.355436+00:00,2026-09-02T17:12:03.355436-04:00,2026-09-02T17:12:03.355436-04:00,propline_free_sample
2026-09-01,2026-09-02 01:40:00+00:00,Eduardo Rodriguez,2.5,under,9900,kalshi,183262,Arizona Diamondbacks,Philadelphia Phillies,2026-09-02T01:35:39.509215+00:00,2026-09-02T21:12:03.355436+00:00,2026-09-02T17:12:03.355436-04:00,2026-09-02T17:12:03.355436-04:00,propline_free_sample
2026-09-01,2026-09-02 01:40:00+00:00,Eduardo Rodriguez,3.5,over,9900,kalshi,183262,Arizona Diamondbacks,Philadelphia Phillies,2026-09-02T00:10:16.844691+00:00,2026-09-02T21:12:03.355436+00:00,2026-09-02T17:12:03.355436-04:00,2026-09-02T17:12:03.355436-04:00,propline_free_sample
2026-09-01,2026-09-02 01:40:00+00:00,Eduardo Rodriguez,3.5,under,-1150,kalshi,183262,Arizona Diamondbacks,Philadelphia Phillies,2026-09-02T00:10:16.844691+00:00,2026-09-02T21:12:03.355436+00:00,2026-09-02T17:12:03.355436-04:00,2026-09-02T17:12:03.355436-04:00,propline_free_sample
2026-09-01,2026-09-02 01:40:00+00:00,Eduardo Rodriguez,4.5,over,9900,kalshi,183262,Arizona Diamondbacks,Philadelphia Phillies,2026-09-02T01:35:39.509215+00:00,2026-09-02T21:12:03.355436+00:00,2026-09-02T17:12:03.355436-04:00,2026-09-02T17:12:03.355436-04:00,propline_free_sample
2026-09-01,2026-09-02 01:40:00+00:00,Eduardo Rodriguez,4.5,under,-1900,kalshi,183262,Arizona Diamondbacks,Philadelphia Phillies,2026-09-02T01:35:39.509215+00:00,2026-09-02T21:12:03.355436+00:00,2026-09-02T17:12:03.355436-04:00,2026-09-02T17:12:03.355436-04:00,propline_free_sample
2026-09-01,2026-09-02 01:40:00+00:00,Eduardo Rodriguez,5.5,over,9900,kalshi,183262,Arizona Diamondbacks,Philadelphia Phillies,2026-09-02T01:39:59.001643+00:00,2026-09-02T21:12:03.355436+00:00,2026-09-02T17:12:03.355436-04:00,2026-09-02T17:12:03.355436-04:00,propline_free_sample
2026-09-01,2026-09-02 01:40:00+00:00,Eduardo Rodriguez,5.5,under,-9900,kalshi,183262,Arizona Diamondbacks,Philadelphia Phillies,2026-09-01T23:03:21.316581+00:00,2026-09-02T21:12:03.355436+00:00,2026-09-02T17:12:03.355436-04:00,2026-09-02T17:12:03.355436-04:00,propline_free_sample
2026-09-01,2026-09-02 01:40:00+00:00,Eduardo Rodriguez,6.5,over,9900,kalshi,183262,Arizona Diamondbacks,Philadelphia Phillies,2026-09-02T01:10:51.779148+00:00,2026-09-02T21:12:03.355436+00:00,2026-09-02T17:12:03.355436-04:00,2026-09-02T17:12:03.355436-04:00,propline_free_sample
2026-09-01,2026-09-02 01:40:00+00:00,Eduardo Rodriguez,6.5,under,-3233,kalshi,183262,Arizona Diamondbacks,Philadelphia Phillies,2026-09-01T23:15:16.051284+00:00,2026-09-02T21:12:03.355436+00:00,2026-09-02T17:12:03.355436-04:00,2026-09-02T17:12:03.355436-04:00,propline_free_sample
2026-09-01,2026-09-02 01:40:00+00:00,Eduardo Rodriguez,7.5,over,9900,kalshi,183262,Arizona Diamondbacks,Philadelphia Phillies,2026-09-02T00:19:03.204370+00:00,2026-09-02T21:12:03.355436+00:00,2026-09-02T17:12:03.355436-04:00,2026-09-02T17:12:03.355436-04:00,propline_free_sample
2026-09-01,2026-09-02 01:40:00+00:00,Eduardo Rodriguez,7.5,under,-2400,kalshi,183262,Arizona Diamondbacks,Philadelphia Phillies,2026-09-01T23:51:49.773632+00:00,2026-09-02T21:12:03.355436+00:00,2026-09-02T17:12:03.355436-04:00,2026-09-02T17:12:03.355436-04:00,propline_free_sample
2026-09-01,2026-09-02 01:40:00+00:00,Jesus Luzardo,5.5,over,-132,draftkings,183262,Arizona Diamondbacks,Philadelphia Phillies,2026-09-02T01:24:14.921427+00:00,2026-09-02T21:12:03.355436+00:00,2026-09-02T17:12:03.355436-04:00,2026-09-02T17:12:03.355436-04:00,propline_free_sample
2026-09-01,2026-09-02 01:40:00+00:00,Jesus Luzardo,5.5,under,104,draftkings,183262,Arizona Diamondbacks,Philadelphia Phillies,2026-09-02T01:24:14.921427+00:00,2026-09-02T21:12:03.355436+00:00,2026-09-02T17:12:03.355436-04:00,2026-09-02T17:12:03.355436-04:00,propline_free_sample
2026-09-01,2026-09-02 01:40:00+00:00,Eduardo Rodriguez,4.5,over,100,prizepicks,183262,Arizona Diamondbacks,Philadelphia Phillies,2026-09-01T05:04:09.880663+00:00,2026-09-02T21:12:03.355436+00:00,2026-09-02T17:12:03.355436-04:00,2026-09-02T17:12:03.355436-04:00,propline_free_sample
2026-09-01,2026-09-02 01:40:00+00:00,Eduardo Rodriguez,4.5,under,100,prizepicks,183262,Arizona Diamondbacks,Philadelphia Phillies,2026-09-01T05:04:09.880663+00:00,2026-09-02T21:12:03.355436+00:00,2026-09-02T17:12:03.355436-04:00,2026-09-02T17:12:03.355436-04:00,propline_free_sample
2026-09-01,2026-09-02 01:40:00+00:00,Eduardo Rodriguez,4.5,over,120,dabble,183262,Arizona Diamondbacks,Philadelphia Phillies,2026-09-01T14:03:55.038711+00:00,2026-09-02T21:12:03.355436+00:00,2026-09-02T17:12:03.355436-04:00,2026-09-02T17:12:03.355436-04:00,propline_free_sample
2026-09-01,2026-09-02 01:40:00+00:00,Eduardo Rodriguez,4.5,under,180,dabble,183262,Arizona Diamondbacks,Philadelphia Phillies,2026-09-01T14:03:55.038711+00:00,2026-09-02T21:12:03.355436+00:00,2026-09-02T17:12:03.355436-04:00,2026-09-02T17:12:03.355436-04:00,propline_free_sample
2026-09-01,2026-09-02 01:40:00+00:00,Eduardo Rodriguez,4.0,over,100,betr,183262,Arizona Diamondbacks,Philadelphia Phillies,2026-09-01T13:50:28.347618+00:00,2026-09-02T21:12:03.355436+00:00,2026-09-02T17:12:03.355436-04:00,2026-09-02T17:12:03.355436-04:00,propline_free_sample
2026-09-01,2026-09-02 01:40:00+00:00,Jesús Luzardo,6.0,over,100,betr,183262,Arizona Diamondbacks,Philadelphia Phillies,2026-09-01T05:15:50.973994+00:00,2026-09-02T21:12:03.355436+00:00,2026-09-02T17:12:03.355436-04:00,2026-09-02T17:12:03.355436-04:00,propline_free_sample
2026-09-01,2026-09-02 01:40:00+00:00,Eduardo Rodriguez,4.0,under,100,betr,183262,Arizona Diamondbacks,Philadelphia Phillies,2026-09-01T13:50:28.347618+00:00,2026-09-02T21:12:03.355436+00:00,2026-09-02T17:12:03.355436-04:00,2026-09-02T17:12:03.355436-04:00,propline_free_sample
2026-09-01,2026-09-02 01:40:00+00:00,Jesús Luzardo,6.0,under,100,betr,183262,Arizona Diamondbacks,Philadelphia Phillies,2026-09-01T05:15:50.973994+00:00,2026-09-02T21:12:03.355436+00:00,2026-09-02T17:12:03.355436-04:00,2026-09-02T17:12:03.355436-04:00,propline_free_sample
2026-09-01,2026-09-02 01:40:00+00:00,Jesús Luzardo,2.5,over,-3233,kalshi,183262,Arizona Diamondbacks,Philadelphia Phillies,2026-09-02T00:03:15.292864+00:00,2026-09-02T21:12:03.355436+00:00,2026-09-02T17:12:03.355436-04:00,2026-09-02T17:12:03.355436-04:00,propline_free_sample
2026-09-01,2026-09-02 01:40:00+00:00,Jesús Luzardo,2.5,under,9900,kalshi,183262,Arizona Diamondbacks,Philadelphia Phillies,2026-09-02T01:39:59.001643+00:00,2026-09-02T21:12:03.355436+00:00,2026-09-02T17:12:03.355436-04:00,2026-09-02T17:12:03.355436-04:00,propline_free_sample
2026-09-01,2026-09-02 01:40:00+00:00,Jesús Luzardo,3.5,over,-4900,kalshi,183262,Arizona Diamondbacks,Philadelphia Phillies,2026-09-02T01:39:59.001643+00:00,2026-09-02T21:12:03.355436+00:00,2026-09-02T17:12:03.355436-04:00,2026-09-02T17:12:03.355436-04:00,propline_free_sample
2026-09-01,2026-09-02 01:40:00+00:00,Jesús Luzardo,3.5,under,9900,kalshi,183262,Arizona Diamondbacks,Philadelphia Phillies,2026-09-02T01:39:59.001643+00:00,2026-09-02T21:12:03.355436+00:00,2026-09-02T17:12:03.355436-04:00,2026-09-02T17:12:03.355436-04:00,propline_free_sample
2026-09-01,2026-09-02 01:40:00+00:00,Jesús Luzardo,4.5,over,-1900,kalshi,183262,Arizona Diamondbacks,Philadelphia Phillies,2026-09-02T01:32:21.065218+00:00,2026-09-02T21:12:03.355436+00:00,2026-09-02T17:12:03.355436-04:00,2026-09-02T17:12:03.355436-04:00,propline_free_sample
2026-09-01,2026-09-02 01:40:00+00:00,Jesús Luzardo,4.5,under,9900,kalshi,183262,Arizona Diamondbacks,Philadelphia Phillies,2026-09-02T01:32:21.065218+00:00,2026-09-02T21:12:03.355436+00:00,2026-09-02T17:12:03.355436-04:00,2026-09-02T17:12:03.355436-04:00,propline_free_sample
2026-09-01,2026-09-02 01:40:00+00:00,Jesús Luzardo,5.5,over,-1567,kalshi,183262,Arizona Diamondbacks,Philadelphia Phillies,2026-09-02T01:38:36.903691+00:00,2026-09-02T21:12:03.355436+00:00,2026-09-02T17:12:03.355436-04:00,2026-09-02T17:12:03.355436-04:00,propline_free_sample
2026-09-01,2026-09-02 01:40:00+00:00,Jesús Luzardo,5.5,under,9900,kalshi,183262,Arizona Diamondbacks,Philadelphia Phillies,2026-09-02T01:38:36.903691+00:00,2026-09-02T21:12:03.355436+00:00,2026-09-02T17:12:03.355436-04:00,2026-09-02T17:12:03.355436-04:00,propline_free_sample
2026-09-01,2026-09-02 01:40:00+00:00,Jesús Luzardo,6.5,over,9900,kalshi,183262,Arizona Diamondbacks,Philadelphia Phillies,2026-09-02T01:39:59.001643+00:00,2026-09-02T21:12:03.355436+00:00,2026-09-02T17:12:03.355436-04:00,2026-09-02T17:12:03.355436-04:00,propline_free_sample
2026-09-01,2026-09-02 01:40:00+00:00,Jesús Luzardo,6.5,under,-525,kalshi,183262,Arizona Diamondbacks,Philadelphia Phillies,2026-09-02T01:39:59.001643+00:00,2026-09-02T21:12:03.355436+00:00,2026-09-02T17:12:03.355436-04:00,2026-09-02T17:12:03.355436-04:00,propline_free_sample
2026-09-01,2026-09-02 01:40:00+00:00,Jesús Luzardo,7.5,over,9900,kalshi,183262,Arizona Diamondbacks,Philadelphia Phillies,2026-09-02T01:35:39.509215+00:00,2026-09-02T21:12:03.355436+00:00,2026-09-02T17:12:03.355436-04:00,2026-09-02T17:12:03.355436-04:00,propline_free_sample
2026-09-01,2026-09-02 01:40:00+00:00,Jesús Luzardo,7.5,under,-9900,kalshi,183262,Arizona Diamondbacks,Philadelphia Phillies,2026-09-02T01:35:39.509215+00:00,2026-09-02T21:12:03.355436+00:00,2026-09-02T17:12:03.355436-04:00,2026-09-02T17:12:03.355436-04:00,propline_free_sample
2026-09-01,2026-09-02 01:40:00+00:00,Jesús Luzardo,10.5,over,9900,kalshi,183262,Arizona Diamondbacks,Philadelphia Phillies,2026-09-02T01:39:59.001643+00:00,2026-09-02T21:12:03.355436+00:00,2026-09-02T17:12:03.355436-04:00,2026-09-02T17:12:03.355436-04:00,propline_free_sample
2026-09-01,2026-09-02 01:40:00+00:00,Jesús Luzardo,10.5,under,-4900,kalshi,183262,Arizona Diamondbacks,Philadelphia Phillies,2026-09-01T23:59:47.443589+00:00,2026-09-02T21:12:03.355436+00:00,2026-09-02T17:12:03.355436-04:00,2026-09-02T17:12:03.355436-04:00,propline_free_sample
2026-09-01,2026-09-02 01:40:00+00:00,Jesús Luzardo,8.5,over,9900,kalshi,183262,Arizona Diamondbacks,Philadelphia Phillies,2026-09-02T01:09:19.087557+00:00,2026-09-02T21:12:03.355436+00:00,2026-09-02T17:12:03.355436-04:00,2026-09-02T17:12:03.355436-04:00,propline_free_sample
2026-09-01,2026-09-02 01:40:00+00:00,Jesús Luzardo,8.5,under,-2400,kalshi,183262,Arizona Diamondbacks,Philadelphia Phillies,2026-09-02T00:04:54.993383+00:00,2026-09-02T21:12:03.355436+00:00,2026-09-02T17:12:03.355436-04:00,2026-09-02T17:12:03.355436-04:00,propline_free_sample
2026-09-01,2026-09-02 01:40:00+00:00,Jesús Luzardo,9.5,over,9900,kalshi,183262,Arizona Diamondbacks,Philadelphia Phillies,2026-09-02T01:39:59.001643+00:00,2026-09-02T21:12:03.355436+00:00,2026-09-02T17:12:03.355436-04:00,2026-09-02T17:12:03.355436-04:00,propline_free_sample
2026-09-01,2026-09-02 01:40:00+00:00,Jesús Luzardo,9.5,under,-4900,kalshi,183262,Arizona Diamondbacks,Philadelphia Phillies,2026-09-02T01:23:25.361152+00:00,2026-09-02T21:12:03.355436+00:00,2026-09-02T17:12:03.355436-04:00,2026-09-02T17:12:03.355436-04:00,propline_free_sample
2026-09-01,2026-09-02 01:40:00+00:00,Eduardo Rodriguez,4.5,over,120,pinnacle,183262,Arizona Diamondbacks,Philadelphia Phillies,2026-09-02T01:23:04.630384+00:00,2026-09-02T21:12:03.355436+00:00,2026-09-02T17:12:03.355436-04:00,2026-09-02T17:12:03.355436-04:00,propline_free_sample
2026-09-01,2026-09-02 01:40:00+00:00,Eduardo Rodriguez,4.5,under,-160,pinnacle,183262,Arizona Diamondbacks,Philadelphia Phillies,2026-09-02T01:23:04.630384+00:00,2026-09-02T21:12:03.355436+00:00,2026-09-02T17:12:03.355436-04:00,2026-09-02T17:12:03.355436-04:00,propline_free_sample
2026-09-01,2026-09-02 01:40:00+00:00,Jesus Luzardo,5.5,over,-126,pinnacle,183262,Arizona Diamondbacks,Philadelphia Phillies,2026-09-01T23:37:25.819429+00:00,2026-09-02T21:12:03.355436+00:00,2026-09-02T17:12:03.355436-04:00,2026-09-02T17:12:03.355436-04:00,propline_free_sample
2026-09-01,2026-09-02 01:40:00+00:00,Jesus Luzardo,5.5,under,-105,pinnacle,183262,Arizona Diamondbacks,Philadelphia Phillies,2026-09-01T23:37:25.819429+00:00,2026-09-02T21:12:03.355436+00:00,2026-09-02T17:12:03.355436-04:00,2026-09-02T17:12:03.355436-04:00,propline_free_sample
2026-09-01,2026-09-02 01:40:00+00:00,Jesús Luzardo,5.5,over,-112,prophetx,183262,Arizona Diamondbacks,Philadelphia Phillies,2026-09-02T01:35:54.036889+00:00,2026-09-02T21:12:03.355436+00:00,2026-09-02T17:12:03.355436-04:00,2026-09-02T17:12:03.355436-04:00,propline_free_sample
2026-09-01,2026-09-02 01:40:00+00:00,Jesús Luzardo,5.5,under,-127,prophetx,183262,Arizona Diamondbacks,Philadelphia Phillies,2026-09-02T01:35:54.036889+00:00,2026-09-02T21:12:03.355436+00:00,2026-09-02T17:12:03.355436-04:00,2026-09-02T17:12:03.355436-04:00,propline_free_sample
2026-09-01,2026-09-02 01:40:00+00:00,Jesús Luzardo,6.5,over,154,prophetx,183262,Arizona Diamondbacks,Philadelphia Phillies,2026-09-01T22:36:48.953297+00:00,2026-09-02T21:12:03.355436+00:00,2026-09-02T17:12:03.355436-04:00,2026-09-02T17:12:03.355436-04:00,propline_free_sample
2026-09-01,2026-09-02 01:40:00+00:00,Jesús Luzardo,6.5,under,-174,prophetx,183262,Arizona Diamondbacks,Philadelphia Phillies,2026-09-01T22:34:29.701200+00:00,2026-09-02T21:12:03.355436+00:00,2026-09-02T17:12:03.355436-04:00,2026-09-02T17:12:03.355436-04:00,propline_free_sample
2026-09-01,2026-09-02 01:40:00+00:00,Eduardo Rodriguez,4.5,over,-105,onexbet,183262,Arizona Diamondbacks,Philadelphia Phillies,2026-09-02T00:53:05.572828+00:00,2026-09-02T21:12:03.355436+00:00,2026-09-02T17:12:03.355436-04:00,2026-09-02T17:12:03.355436-04:00,propline_free_sample
2026-09-01,2026-09-02 01:40:00+00:00,Jesus Luzardo,5.5,over,-155,onexbet,183262,Arizona Diamondbacks,Philadelphia Phillies,2026-09-01T23:51:13.792834+00:00,2026-09-02T21:12:03.355436+00:00,2026-09-02T17:12:03.355436-04:00,2026-09-02T17:12:03.355436-04:00,propline_free_sample
2026-09-01,2026-09-02 01:40:00+00:00,Eduardo Rodriguez,4.5,under,-130,onexbet,183262,Arizona Diamondbacks,Philadelphia Phillies,2026-09-02T00:53:05.572828+00:00,2026-09-02T21:12:03.355436+00:00,2026-09-02T17:12:03.355436-04:00,2026-09-02T17:12:03.355436-04:00,propline_free_sample
2026-09-01,2026-09-02 01:40:00+00:00,Jesus Luzardo,5.5,under,115,onexbet,183262,Arizona Diamondbacks,Philadelphia Phillies,2026-09-01T23:51:13.792834+00:00,2026-09-02T21:12:03.355436+00:00,2026-09-02T17:12:03.355436-04:00,2026-09-02T17:12:03.355436-04:00,propline_free_sample
2026-09-01,2026-09-02 01:40:00+00:00,Eduardo Rodriguez,4.5,over,110,betmgm,183262,Arizona Diamondbacks,Philadelphia Phillies,2026-09-01T14:13:37.429494+00:00,2026-09-02T21:12:03.355436+00:00,2026-09-02T17:12:03.355436-04:00,2026-09-02T17:12:03.355436-04:00,propline_free_sample
2026-09-01,2026-09-02 01:40:00+00:00,Eduardo Rodriguez,4.5,under,-150,betmgm,183262,Arizona Diamondbacks,Philadelphia Phillies,2026-09-01T14:13:37.429494+00:00,2026-09-02T21:12:03.355436+00:00,2026-09-02T17:12:03.355436-04:00,2026-09-02T17:12:03.355436-04:00,propline_free_sample
2026-09-01,2026-09-02 01:40:00+00:00,Jesus Luzardo,8.5,over,105,betmgm,183262,Arizona Diamondbacks,Philadelphia Phillies,2026-09-01T22:56:26.322002+00:00,2026-09-02T21:12:03.355436+00:00,2026-09-02T17:12:03.355436-04:00,2026-09-02T17:12:03.355436-04:00,propline_free_sample
2026-09-01,2026-09-02 01:40:00+00:00,Jesus Luzardo,8.5,under,-140,betmgm,183262,Arizona Diamondbacks,Philadelphia Phillies,2026-09-01T22:56:26.322002+00:00,2026-09-02T21:12:03.355436+00:00,2026-09-02T17:12:03.355436-04:00,2026-09-02T17:12:03.355436-04:00,propline_free_sample
2026-09-01,2026-09-02 01:40:00+00:00,Jesús Luzardo,5.5,over,-145,smarkets,183262,Arizona Diamondbacks,Philadelphia Phillies,2026-09-01T22:55:18.914589+00:00,2026-09-02T21:12:03.355436+00:00,2026-09-02T17:12:03.355436-04:00,2026-09-02T17:12:03.355436-04:00,propline_free_sample
2026-09-01,2026-09-02 01:40:00+00:00,Jesús Luzardo,5.5,under,104,smarkets,183262,Arizona Diamondbacks,Philadelphia Phillies,2026-09-01T22:18:02.609237+00:00,2026-09-02T21:12:03.355436+00:00,2026-09-02T17:12:03.355436-04:00,2026-09-02T17:12:03.355436-04:00,propline_free_sample
2026-09-01,2026-09-02 01:40:00+00:00,Jesus Luzardo,4.5,over,-217,novig,183262,Arizona Diamondbacks,Philadelphia Phillies,2026-09-02T01:37:40.924227+00:00,2026-09-02T21:12:03.355436+00:00,2026-09-02T17:12:03.355436-04:00,2026-09-02T17:12:03.355436-04:00,propline_free_sample
2026-09-01,2026-09-02 01:40:00+00:00,Jesus Luzardo,4.5,under,150,novig,183262,Arizona Diamondbacks,Philadelphia Phillies,2026-09-01T23:37:48.780225+00:00,2026-09-02T21:12:03.355436+00:00,2026-09-02T17:12:03.355436-04:00,2026-09-02T17:12:03.355436-04:00,propline_free_sample
2026-09-01,2026-09-02 01:40:00+00:00,Jesús Luzardo,6.0,over,100,prizepicks,183262,Arizona Diamondbacks,Philadelphia Phillies,2026-09-01T10:20:47.578527+00:00,2026-09-02T21:12:03.355436+00:00,2026-09-02T17:12:03.355436-04:00,2026-09-02T17:12:03.355436-04:00,propline_free_sample
2026-09-01,2026-09-02 01:40:00+00:00,Jesús Luzardo,6.0,under,100,prizepicks,183262,Arizona Diamondbacks,Philadelphia Phillies,2026-09-01T10:20:47.578527+00:00,2026-09-02T21:12:03.355436+00:00,2026-09-02T17:12:03.355436-04:00,2026-09-02T17:12:03.355436-04:00,propline_free_sample
2026-09-01,2026-09-02 01:40:00+00:00,Eduardo Rodriguez,4.5,over,132,betrivers,183262,Arizona Diamondbacks,Philadelphia Phillies,2026-09-02T01:39:33.904102+00:00,2026-09-02T21:12:03.355436+00:00,2026-09-02T17:12:03.355436-04:00,2026-09-02T17:12:03.355436-04:00,propline_free_sample
2026-09-01,2026-09-02 01:40:00+00:00,Eduardo Rodriguez,4.5,under,-177,betrivers,183262,Arizona Diamondbacks,Philadelphia Phillies,2026-09-02T01:39:33.904102+00:00,2026-09-02T21:12:03.355436+00:00,2026-09-02T17:12:03.355436-04:00,2026-09-02T17:12:03.355436-04:00,propline_free_sample
2026-09-01,2026-09-02 01:40:00+00:00,Jesus Luzardo,5.5,over,-143,betrivers,183262,Arizona Diamondbacks,Philadelphia Phillies,2026-09-02T01:39:33.904102+00:00,2026-09-02T21:12:03.355436+00:00,2026-09-02T17:12:03.355436-04:00,2026-09-02T17:12:03.355436-04:00,propline_free_sample
2026-09-01,2026-09-02 01:40:00+00:00,Jesus Luzardo,5.5,under,108,betrivers,183262,Arizona Diamondbacks,Philadelphia Phillies,2026-09-02T01:39:33.904102+00:00,2026-09-02T21:12:03.355436+00:00,2026-09-02T17:12:03.355436-04:00,2026-09-02T17:12:03.355436-04:00,propline_free_sample
2026-09-01,2026-09-02 01:40:00+00:00,Eduardo Rodriguez,4.5,over,114,rebet,183262,Arizona Diamondbacks,Philadelphia Phillies,2026-09-01T19:58:04.949674+00:00,2026-09-02T21:12:03.355436+00:00,2026-09-02T17:12:03.355436-04:00,2026-09-02T17:12:03.355436-04:00,propline_free_sample
2026-09-01,2026-09-02 01:40:00+00:00,Eduardo Rodriguez,4.5,under,-158,rebet,183262,Arizona Diamondbacks,Philadelphia Phillies,2026-09-01T19:58:04.949674+00:00,2026-09-02T21:12:03.355436+00:00,2026-09-02T17:12:03.355436-04:00,2026-09-02T17:12:03.355436-04:00,propline_free_sample
2026-09-01,2026-09-02 01:40:00+00:00,Jesus Luzardo,5.5,over,-128,rebet,183262,Arizona Diamondbacks,Philadelphia Phillies,2026-09-02T01:27:34.781231+00:00,2026-09-02T21:12:03.355436+00:00,2026-09-02T17:12:03.355436-04:00,2026-09-02T17:12:03.355436-04:00,propline_free_sample
2026-09-01,2026-09-02 01:40:00+00:00,Jesus Luzardo,5.5,under,-107,rebet,183262,Arizona Diamondbacks,Philadelphia Phillies,2026-09-02T01:27:34.781231+00:00,2026-09-02T21:12:03.355436+00:00,2026-09-02T17:12:03.355436-04:00,2026-09-02T17:12:03.355436-04:00,propline_free_sample
2026-09-01,2026-09-02 01:40:00+00:00,Eduardo Rodriguez,3.5,over,-147,novig,183262,Arizona Diamondbacks,Philadelphia Phillies,2026-09-02T00:30:31.236475+00:00,2026-09-02T21:12:03.355436+00:00,2026-09-02T17:12:03.355436-04:00,2026-09-02T17:12:03.355436-04:00,propline_free_sample
2026-09-01,2026-09-02 01:40:00+00:00,Eduardo Rodriguez,3.5,under,135,novig,183262,Arizona Diamondbacks,Philadelphia Phillies,2026-09-02T00:39:46.263667+00:00,2026-09-02T21:12:03.355436+00:00,2026-09-02T17:12:03.355436-04:00,2026-09-02T17:12:03.355436-04:00,propline_free_sample
2026-09-01,2026-09-02 01:40:00+00:00,Eduardo Rodriguez,5.5,over,264,novig,183262,Arizona Diamondbacks,Philadelphia Phillies,2026-09-01T23:01:50.424719+00:00,2026-09-02T21:12:03.355436+00:00,2026-09-02T17:12:03.355436-04:00,2026-09-02T17:12:03.355436-04:00,propline_free_sample
2026-09-01,2026-09-02 01:40:00+00:00,Eduardo Rodriguez,5.5,under,-326,novig,183262,Arizona Diamondbacks,Philadelphia Phillies,2026-09-01T23:10:12.861291+00:00,2026-09-02T21:12:03.355436+00:00,2026-09-02T17:12:03.355436-04:00,2026-09-02T17:12:03.355436-04:00,propline_free_sample
2026-09-01,2026-09-02 01:40:00+00:00,Jesus Luzardo,5.5,over,-147,rebet,183262,Arizona Diamondbacks,Philadelphia Phillies,2026-09-01T13:46:06.997487+00:00,2026-09-02T21:12:03.355436+00:00,2026-09-02T17:12:03.355436-04:00,2026-09-02T17:12:03.355436-04:00,propline_free_sample
2026-09-01,2026-09-02 01:40:00+00:00,Jesus Luzardo,5.5,under,106,rebet,183262,Arizona Diamondbacks,Philadelphia Phillies,2026-09-01T13:46:06.997487+00:00,2026-09-02T21:12:03.355436+00:00,2026-09-02T17:12:03.355436-04:00,2026-09-02T17:12:03.355436-04:00,propline_free_sample
2026-09-01,2026-09-02 01:40:00+00:00,Eduardo Rodriguez (ARI),4.5,over,105,betonlineag,183262,Arizona Diamondbacks,Philadelphia Phillies,2026-09-01T15:33:59.128877+00:00,2026-09-02T21:12:03.355436+00:00,2026-09-02T17:12:03.355436-04:00,2026-09-02T17:12:03.355436-04:00,propline_free_sample
2026-09-01,2026-09-02 01:40:00+00:00,Eduardo Rodriguez (ARI),4.5,under,-145,betonlineag,183262,Arizona Diamondbacks,Philadelphia Phillies,2026-09-01T15:33:59.128877+00:00,2026-09-02T21:12:03.355436+00:00,2026-09-02T17:12:03.355436-04:00,2026-09-02T17:12:03.355436-04:00,propline_free_sample
2026-09-01,2026-09-02 01:40:00+00:00,Jesus Luzardo (PHI),5.5,over,-145,betonlineag,183262,Arizona Diamondbacks,Philadelphia Phillies,2026-09-01T20:49:31.530540+00:00,2026-09-02T21:12:03.355436+00:00,2026-09-02T17:12:03.355436-04:00,2026-09-02T17:12:03.355436-04:00,propline_free_sample
2026-09-01,2026-09-02 01:40:00+00:00,Jesus Luzardo (PHI),5.5,under,105,betonlineag,183262,Arizona Diamondbacks,Philadelphia Phillies,2026-09-01T20:49:31.530540+00:00,2026-09-02T21:12:03.355436+00:00,2026-09-02T17:12:03.355436-04:00,2026-09-02T17:12:03.355436-04:00,propline_free_sample
2026-09-01,2026-09-02 01:40:00+00:00,Eduardo Rodriguez (ARI),4.5,over,105,lowvig,183262,Arizona Diamondbacks,Philadelphia Phillies,2026-09-01T15:33:59.940366+00:00,2026-09-02T21:12:03.355436+00:00,2026-09-02T17:12:03.355436-04:00,2026-09-02T17:12:03.355436-04:00,propline_free_sample
2026-09-01,2026-09-02 01:40:00+00:00,Eduardo Rodriguez (ARI),4.5,under,-145,lowvig,183262,Arizona Diamondbacks,Philadelphia Phillies,2026-09-01T15:33:59.940366+00:00,2026-09-02T21:12:03.355436+00:00,2026-09-02T17:12:03.355436-04:00,2026-09-02T17:12:03.355436-04:00,propline_free_sample
2026-09-01,2026-09-02 01:40:00+00:00,Jesus Luzardo (PHI),5.5,over,-145,lowvig,183262,Arizona Diamondbacks,Philadelphia Phillies,2026-09-01T20:49:35.387122+00:00,2026-09-02T21:12:03.355436+00:00,2026-09-02T17:12:03.355436-04:00,2026-09-02T17:12:03.355436-04:00,propline_free_sample
2026-09-01,2026-09-02 01:40:00+00:00,Jesus Luzardo (PHI),5.5,under,105,lowvig,183262,Arizona Diamondbacks,Philadelphia Phillies,2026-09-01T20:49:35.387122+00:00,2026-09-02T21:12:03.355436+00:00,2026-09-02T17:12:03.355436-04:00,2026-09-02T17:12:03.355436-04:00,propline_free_sample
2026-09-01,2026-09-02 01:40:00+00:00,Jesús Luzardo,5.5,over,-130,fanatics,183262,Arizona Diamondbacks,Philadelphia Phillies,2026-09-02T01:39:08.699967+00:00,2026-09-02T21:12:03.355436+00:00,2026-09-02T17:12:03.355436-04:00,2026-09-02T17:12:03.355436-04:00,propline_free_sample
2026-09-01,2026-09-02 01:40:00+00:00,Jesús Luzardo,5.5,under,100,fanatics,183262,Arizona Diamondbacks,Philadelphia Phillies,2026-09-02T01:39:08.699967+00:00,2026-09-02T21:12:03.355436+00:00,2026-09-02T17:12:03.355436-04:00,2026-09-02T17:12:03.355436-04:00,propline_free_sample
2026-09-01,2026-09-02 01:38:00+00:00,Gerrit Cole,6.5,over,-104,fanduel,183261,Los Angeles Angels,New York Yankees,2026-09-01T23:27:45.937801+00:00,2026-09-02T21:12:03.355436+00:00,2026-09-02T17:12:03.355436-04:00,2026-09-02T17:12:03.355436-04:00,propline_free_sample
2026-09-01,2026-09-02 01:38:00+00:00,Gerrit Cole,6.5,under,-122,fanduel,183261,Los Angeles Angels,New York Yankees,2026-09-01T23:27:45.937801+00:00,2026-09-02T21:12:03.355436+00:00,2026-09-02T17:12:03.355436-04:00,2026-09-02T17:12:03.355436-04:00,propline_free_sample
2026-09-01,2026-09-02 01:38:00+00:00,Grayson Rodriguez,5.5,over,102,fanduel,183261,Los Angeles Angels,New York Yankees,2026-09-01T23:27:45.937801+00:00,2026-09-02T21:12:03.355436+00:00,2026-09-02T17:12:03.355436-04:00,2026-09-02T17:12:03.355436-04:00,propline_free_sample
2026-09-01,2026-09-02 01:38:00+00:00,Grayson Rodriguez,5.5,under,-130,fanduel,183261,Los Angeles Angels,New York Yankees,2026-09-01T23:27:45.937801+00:00,2026-09-02T21:12:03.355436+00:00,2026-09-02T17:12:03.355436-04:00,2026-09-02T17:12:03.355436-04:00,propline_free_sample
2026-09-01,2026-09-02 01:38:00+00:00,Gerrit Cole,6.5,over,100,prizepicks,183261,Los Angeles Angels,New York Yankees,2026-09-01T00:28:00.340843+00:00,2026-09-02T21:12:03.355436+00:00,2026-09-02T17:12:03.355436-04:00,2026-09-02T17:12:03.355436-04:00,propline_free_sample
2026-09-01,2026-09-02 01:38:00+00:00,Gerrit Cole,6.5,under,100,prizepicks,183261,Los Angeles Angels,New York Yankees,2026-09-01T00:28:00.340843+00:00,2026-09-02T21:12:03.355436+00:00,2026-09-02T17:12:03.355436-04:00,2026-09-02T17:12:03.355436-04:00,propline_free_sample
2026-09-01,2026-09-02 01:38:00+00:00,Grayson Rodriguez,5.5,over,100,prizepicks,183261,Los Angeles Angels,New York Yankees,2026-09-01T00:28:00.340843+00:00,2026-09-02T21:12:03.355436+00:00,2026-09-02T17:12:03.355436-04:00,2026-09-02T17:12:03.355436-04:00,propline_free_sample
2026-09-01,2026-09-02 01:38:00+00:00,Grayson Rodriguez,5.5,under,100,prizepicks,183261,Los Angeles Angels,New York Yankees,2026-09-01T00:28:00.340843+00:00,2026-09-02T21:12:03.355436+00:00,2026-09-02T17:12:03.355436-04:00,2026-09-02T17:12:03.355436-04:00,propline_free_sample
2026-09-01,2026-09-02 01:38:00+00:00,Grayson Rodriguez,6.5,over,100,prizepicks,183261,Los Angeles Angels,New York Yankees,2026-09-01T00:28:00.340843+00:00,2026-09-02T21:12:03.355436+00:00,2026-09-02T17:12:03.355436-04:00,2026-09-02T17:12:03.355436-04:00,propline_free_sample
2026-09-01,2026-09-02 01:38:00+00:00,Grayson Rodriguez,6.5,under,100,prizepicks,183261,Los Angeles Angels,New York Yankees,2026-09-01T00:28:00.340843+00:00,2026-09-02T21:12:03.355436+00:00,2026-09-02T17:12:03.355436-04:00,2026-09-02T17:12:03.355436-04:00,propline_free_sample
2026-09-01,2026-09-02 01:38:00+00:00,Gerrit Cole,7.5,over,100,prizepicks,183261,Los Angeles Angels,New York Yankees,2026-09-01T00:28:00.340843+00:00,2026-09-02T21:12:03.355436+00:00,2026-09-02T17:12:03.355436-04:00,2026-09-02T17:12:03.355436-04:00,propline_free_sample
2026-09-01,2026-09-02 01:38:00+00:00,Grayson Rodriguez,7.5,over,100,prizepicks,183261,Los Angeles Angels,New York Yankees,2026-09-01T00:28:00.340843+00:00,2026-09-02T21:12:03.355436+00:00,2026-09-02T17:12:03.355436-04:00,2026-09-02T17:12:03.355436-04:00,propline_free_sample
2026-09-01,2026-09-02 01:38:00+00:00,Gerrit Cole,7.5,under,100,prizepicks,183261,Los Angeles Angels,New York Yankees,2026-09-01T00:28:00.340843+00:00,2026-09-02T21:12:03.355436+00:00,2026-09-02T17:12:03.355436-04:00,2026-09-02T17:12:03.355436-04:00,propline_free_sample
2026-09-01,2026-09-02 01:38:00+00:00,Grayson Rodriguez,7.5,under,100,prizepicks,183261,Los Angeles Angels,New York Yankees,2026-09-01T00:28:00.340843+00:00,2026-09-02T21:12:03.355436+00:00,2026-09-02T17:12:03.355436-04:00,2026-09-02T17:12:03.355436-04:00,propline_free_sample
2026-09-01,2026-09-02 01:38:00+00:00,Gerrit Cole,8.5,over,100,prizepicks,183261,Los Angeles Angels,New York Yankees,2026-09-01T00:28:00.340843+00:00,2026-09-02T21:12:03.355436+00:00,2026-09-02T17:12:03.355436-04:00,2026-09-02T17:12:03.355436-04:00,propline_free_sample
2026-09-01,2026-09-02 01:38:00+00:00,Gerrit Cole,8.5,under,100,prizepicks,183261,Los Angeles Angels,New York Yankees,2026-09-01T00:28:00.340843+00:00,2026-09-02T21:12:03.355436+00:00,2026-09-02T17:12:03.355436-04:00,2026-09-02T17:12:03.355436-04:00,propline_free_sample
2026-09-01,2026-09-02 01:38:00+00:00,Grayson Rodriguez,3.5,over,100,prizepicks,183261,Los Angeles Angels,New York Yankees,2026-09-01T00:28:00.340843+00:00,2026-09-02T21:12:03.355436+00:00,2026-09-02T17:12:03.355436-04:00,2026-09-02T17:12:03.355436-04:00,propline_free_sample
2026-09-01,2026-09-02 01:38:00+00:00,Grayson Rodriguez,3.5,under,100,prizepicks,183261,Los Angeles Angels,New York Yankees,2026-09-01T00:28:00.340843+00:00,2026-09-02T21:12:03.355436+00:00,2026-09-02T17:12:03.355436-04:00,2026-09-02T17:12:03.355436-04:00,propline_free_sample
2026-09-01,2026-09-02 01:38:00+00:00,Gerrit Cole,4.5,over,100,prizepicks,183261,Los Angeles Angels,New York Yankees,2026-09-01T00:28:00.340843+00:00,2026-09-02T21:12:03.355436+00:00,2026-09-02T17:12:03.355436-04:00,2026-09-02T17:12:03.355436-04:00,propline_free_sample
2026-09-01,2026-09-02 01:38:00+00:00,Grayson Rodriguez,4.5,over,100,prizepicks,183261,Los Angeles Angels,New York Yankees,2026-09-01T00:28:00.340843+00:00,2026-09-02T21:12:03.355436+00:00,2026-09-02T17:12:03.355436-04:00,2026-09-02T17:12:03.355436-04:00,propline_free_sample
2026-09-01,2026-09-02 01:38:00+00:00,Gerrit Cole,4.5,under,100,prizepicks,183261,Los Angeles Angels,New York Yankees,2026-09-01T00:28:00.340843+00:00,2026-09-02T21:12:03.355436+00:00,2026-09-02T17:12:03.355436-04:00,2026-09-02T17:12:03.355436-04:00,propline_free_sample
2026-09-01,2026-09-02 01:38:00+00:00,Grayson Rodriguez,4.5,under,100,prizepicks,183261,Los Angeles Angels,New York Yankees,2026-09-01T00:28:00.340843+00:00,2026-09-02T21:12:03.355436+00:00,2026-09-02T17:12:03.355436-04:00,2026-09-02T17:12:03.355436-04:00,propline_free_sample
2026-09-01,2026-09-02 01:38:00+00:00,Gerrit Cole,5.5,over,100,prizepicks,183261,Los Angeles Angels,New York Yankees,2026-09-01T00:28:00.340843+00:00,2026-09-02T21:12:03.355436+00:00,2026-09-02T17:12:03.355436-04:00,2026-09-02T17:12:03.355436-04:00,propline_free_sample
2026-09-01,2026-09-02 01:38:00+00:00,Gerrit Cole,5.5,under,100,prizepicks,183261,Los Angeles Angels,New York Yankees,2026-09-01T00:28:00.340843+00:00,2026-09-02T21:12:03.355436+00:00,2026-09-02T17:12:03.355436-04:00,2026-09-02T17:12:03.355436-04:00,propline_free_sample
2026-09-01,2026-09-02 01:38:00+00:00,Gerrit Cole,6.5,over,-125,sleeper,183261,Los Angeles Angels,New York Yankees,2026-09-02T01:37:35.871805+00:00,2026-09-02T21:12:03.355436+00:00,2026-09-02T17:12:03.355436-04:00,2026-09-02T17:12:03.355436-04:00,propline_free_sample
2026-09-01,2026-09-02 01:38:00+00:00,Gerrit Cole,6.5,under,-132,sleeper,183261,Los Angeles Angels,New York Yankees,2026-09-02T01:37:35.871805+00:00,2026-09-02T21:12:03.355436+00:00,2026-09-02T17:12:03.355436-04:00,2026-09-02T17:12:03.355436-04:00,propline_free_sample
2026-09-01,2026-09-02 01:38:00+00:00,Gerrit Cole (NYY),6.5,over,-105,bovada,183261,Los Angeles Angels,New York Yankees,2026-09-01T10:43:32.051992+00:00,2026-09-02T21:12:03.355436+00:00,2026-09-02T17:12:03.355436-04:00,2026-09-02T17:12:03.355436-04:00,propline_free_sample
2026-09-01,2026-09-02 01:38:00+00:00,Gerrit Cole (NYY),6.5,under,-125,bovada,183261,Los Angeles Angels,New York Yankees,2026-09-01T10:43:32.051992+00:00,2026-09-02T21:12:03.355436+00:00,2026-09-02T17:12:03.355436-04:00,2026-09-02T17:12:03.355436-04:00,propline_free_sample
2026-09-01,2026-09-02 01:38:00+00:00,Grayson Rodriguez (LAA),5.5,over,100,bovada,183261,Los Angeles Angels,New York Yankees,2026-09-01T14:21:43.237688+00:00,2026-09-02T21:12:03.355436+00:00,2026-09-02T17:12:03.355436-04:00,2026-09-02T17:12:03.355436-04:00,propline_free_sample
2026-09-01,2026-09-02 01:38:00+00:00,Grayson Rodriguez (LAA),5.5,under,-130,bovada,183261,Los Angeles Angels,New York Yankees,2026-09-01T14:21:43.237688+00:00,2026-09-02T21:12:03.355436+00:00,2026-09-02T17:12:03.355436-04:00,2026-09-02T17:12:03.355436-04:00,propline_free_sample
2026-09-01,2026-09-02 01:38:00+00:00,Gerrit Cole,10.5,over,100,prizepicks,183261,Los Angeles Angels,New York Yankees,2026-09-01T00:48:19.624877+00:00,2026-09-02T21:12:03.355436+00:00,2026-09-02T17:12:03.355436-04:00,2026-09-02T17:12:03.355436-04:00,propline_free_sample
2026-09-01,2026-09-02 01:38:00+00:00,Gerrit Cole,10.5,under,100,prizepicks,183261,Los Angeles Angels,New York Yankees,2026-09-01T00:48:19.624877+00:00,2026-09-02T21:12:03.355436+00:00,2026-09-02T17:12:03.355436-04:00,2026-09-02T17:12:03.355436-04:00,propline_free_sample
2026-09-01,2026-09-02 01:38:00+00:00,Gerrit Cole,9.5,over,100,prizepicks,183261,Los Angeles Angels,New York Yankees,2026-09-01T00:48:19.624877+00:00,2026-09-02T21:12:03.355436+00:00,2026-09-02T17:12:03.355436-04:00,2026-09-02T17:12:03.355436-04:00,propline_free_sample
2026-09-01,2026-09-02 01:38:00+00:00,Gerrit Cole,9.5,under,100,prizepicks,183261,Los Angeles Angels,New York Yankees,2026-09-01T00:48:19.624877+00:00,2026-09-02T21:12:03.355436+00:00,2026-09-02T17:12:03.355436-04:00,2026-09-02T17:12:03.355436-04:00,propline_free_sample
2026-09-01,2026-09-02 01:38:00+00:00,Gerrit Cole,6.5,over,105,prophetx,183261,Los Angeles Angels,New York Yankees,2026-09-02T01:33:37.525898+00:00,2026-09-02T21:12:03.355436+00:00,2026-09-02T17:12:03.355436-04:00,2026-09-02T17:12:03.355436-04:00,propline_free_sample
2026-09-01,2026-09-02 01:38:00+00:00,Gerrit Cole,6.5,under,-136,prophetx,183261,Los Angeles Angels,New York Yankees,2026-09-02T01:37:47.960437+00:00,2026-09-02T21:12:03.355436+00:00,2026-09-02T17:12:03.355436-04:00,2026-09-02T17:12:03.355436-04:00,propline_free_sample
2026-09-01,2026-09-02 01:38:00+00:00,Grayson Rodriguez,5.5,over,102,prophetx,183261,Los Angeles Angels,New York Yankees,2026-09-01T23:59:40.412739+00:00,2026-09-02T21:12:03.355436+00:00,2026-09-02T17:12:03.355436-04:00,2026-09-02T17:12:03.355436-04:00,propline_free_sample
2026-09-01,2026-09-02 01:38:00+00:00,Grayson Rodriguez,5.5,under,-105,prophetx,183261,Los Angeles Angels,New York Yankees,2026-09-02T01:22:17.011114+00:00,2026-09-02T21:12:03.355436+00:00,2026-09-02T17:12:03.355436-04:00,2026-09-02T17:12:03.355436-04:00,propline_free_sample
2026-09-01,2026-09-02 01:38:00+00:00,Gerrit Cole,6.5,over,108,dabble,183261,Los Angeles Angels,New York Yankees,2026-09-02T00:35:22.652246+00:00,2026-09-02T21:12:03.355436+00:00,2026-09-02T17:12:03.355436-04:00,2026-09-02T17:12:03.355436-04:00,propline_free_sample
2026-09-01,2026-09-02 01:38:00+00:00,Grayson Rodriguez,5.5,over,105,dabble,183261,Los Angeles Angels,New York Yankees,2026-09-02T01:37:29.238480+00:00,2026-09-02T21:12:03.355436+00:00,2026-09-02T17:12:03.355436-04:00,2026-09-02T17:12:03.355436-04:00,propline_free_sample
2026-09-01,2026-09-02 01:38:00+00:00,Gerrit Cole,6.5,under,-106,dabble,183261,Los Angeles Angels,New York Yankees,2026-09-02T00:35:22.652246+00:00,2026-09-02T21:12:03.355436+00:00,2026-09-02T17:12:03.355436-04:00,2026-09-02T17:12:03.355436-04:00,propline_free_sample
2026-09-01,2026-09-02 01:38:00+00:00,Grayson Rodriguez,5.5,under,-104,dabble,183261,Los Angeles Angels,New York Yankees,2026-09-02T01:37:29.238480+00:00,2026-09-02T21:12:03.355436+00:00,2026-09-02T17:12:03.355436-04:00,2026-09-02T17:12:03.355436-04:00,propline_free_sample
2026-09-01,2026-09-02 01:38:00+00:00,Gerrit Cole,6.5,over,-110,smarkets,183261,Los Angeles Angels,New York Yankees,2026-09-02T00:35:44.727988+00:00,2026-09-02T21:12:03.355436+00:00,2026-09-02T17:12:03.355436-04:00,2026-09-02T17:12:03.355436-04:00,propline_free_sample
2026-09-01,2026-09-02 01:38:00+00:00,Gerrit Cole,6.5,under,-127,smarkets,183261,Los Angeles Angels,New York Yankees,2026-09-02T00:35:44.727988+00:00,2026-09-02T21:12:03.355436+00:00,2026-09-02T17:12:03.355436-04:00,2026-09-02T17:12:03.355436-04:00,propline_free_sample
2026-09-01,2026-09-02 01:38:00+00:00,Grayson Rodriguez,5.5,over,-114,smarkets,183261,Los Angeles Angels,New York Yankees,2026-09-02T01:37:46.134718+00:00,2026-09-02T21:12:03.355436+00:00,2026-09-02T17:12:03.355436-04:00,2026-09-02T17:12:03.355436-04:00,propline_free_sample
2026-09-01,2026-09-02 01:38:00+00:00,Grayson Rodriguez,5.5,under,-123,smarkets,183261,Los Angeles Angels,New York Yankees,2026-09-02T01:37:46.134718+00:00,2026-09-02T21:12:03.355436+00:00,2026-09-02T17:12:03.355436-04:00,2026-09-02T17:12:03.355436-04:00,propline_free_sample
2026-09-01,2026-09-02 01:38:00+00:00,Gerrit Cole,6.5,over,-118,underdog,183261,Los Angeles Angels,New York Yankees,2026-09-01T13:33:44.518884+00:00,2026-09-02T21:12:03.355436+00:00,2026-09-02T17:12:03.355436-04:00,2026-09-02T17:12:03.355436-04:00,propline_free_sample
2026-09-01,2026-09-02 01:38:00+00:00,Grayson Rodriguez,5.5,over,-112,underdog,183261,Los Angeles Angels,New York Yankees,2026-09-01T22:45:23.158750+00:00,2026-09-02T21:12:03.355436+00:00,2026-09-02T17:12:03.355436-04:00,2026-09-02T17:12:03.355436-04:00,propline_free_sample
2026-09-01,2026-09-02 01:38:00+00:00,Gerrit Cole,6.5,under,-114,underdog,183261,Los Angeles Angels,New York Yankees,2026-09-01T13:33:44.518884+00:00,2026-09-02T21:12:03.355436+00:00,2026-09-02T17:12:03.355436-04:00,2026-09-02T17:12:03.355436-04:00,propline_free_sample
2026-09-01,2026-09-02 01:38:00+00:00,Grayson Rodriguez,5.5,under,-121,underdog,183261,Los Angeles Angels,New York Yankees,2026-09-01T22:45:23.158750+00:00,2026-09-02T21:12:03.355436+00:00,2026-09-02T17:12:03.355436-04:00,2026-09-02T17:12:03.355436-04:00,propline_free_sample
2026-09-01,2026-09-02 01:38:00+00:00,Grayson Rodriguez,9.5,over,100,prizepicks,183261,Los Angeles Angels,New York Yankees,2026-09-01T03:11:05.639228+00:00,2026-09-02T21:12:03.355436+00:00,2026-09-02T17:12:03.355436-04:00,2026-09-02T17:12:03.355436-04:00,propline_free_sample
2026-09-01,2026-09-02 01:38:00+00:00,Grayson Rodriguez,9.5,under,100,prizepicks,183261,Los Angeles Angels,New York Yankees,2026-09-01T03:11:05.639228+00:00,2026-09-02T21:12:03.355436+00:00,2026-09-02T17:12:03.355436-04:00,2026-09-02T17:12:03.355436-04:00,propline_free_sample
2026-09-01,2026-09-02 01:38:00+00:00,Grayson Rodriguez,2.5,over,100,prizepicks,183261,Los Angeles Angels,New York Yankees,2026-09-01T03:11:05.639228+00:00,2026-09-02T21:12:03.355436+00:00,2026-09-02T17:12:03.355436-04:00,2026-09-02T17:12:03.355436-04:00,propline_free_sample
2026-09-01,2026-09-02 01:38:00+00:00,Grayson Rodriguez,2.5,under,100,prizepicks,183261,Los Angeles Angels,New York Yankees,2026-09-01T03:11:05.639228+00:00,2026-09-02T21:12:03.355436+00:00,2026-09-02T17:12:03.355436-04:00,2026-09-02T17:12:03.355436-04:00,propline_free_sample
2026-09-01,2026-09-02 01:38:00+00:00,Grayson Rodriguez,5.5,over,-115,sleeper,183261,Los Angeles Angels,New York Yankees,2026-09-02T01:29:16.313418+00:00,2026-09-02T21:12:03.355436+00:00,2026-09-02T17:12:03.355436-04:00,2026-09-02T17:12:03.355436-04:00,propline_free_sample
2026-09-01,2026-09-02 01:38:00+00:00,Grayson Rodriguez,5.5,under,-143,sleeper,183261,Los Angeles Angels,New York Yankees,2026-09-02T01:29:16.313418+00:00,2026-09-02T21:12:03.355436+00:00,2026-09-02T17:12:03.355436-04:00,2026-09-02T17:12:03.355436-04:00,propline_free_sample
2026-09-01,2026-09-02 01:38:00+00:00,Grayson Rodriguez,8.5,over,100,prizepicks,183261,Los Angeles Angels,New York Yankees,2026-09-01T03:22:10.608936+00:00,2026-09-02T21:12:03.355436+00:00,2026-09-02T17:12:03.355436-04:00,2026-09-02T17:12:03.355436-04:00,propline_free_sample
2026-09-01,2026-09-02 01:38:00+00:00,Grayson Rodriguez,8.5,under,100,prizepicks,183261,Los Angeles Angels,New York Yankees,2026-09-01T03:22:10.608936+00:00,2026-09-02T21:12:03.355436+00:00,2026-09-02T17:12:03.355436-04:00,2026-09-02T17:12:03.355436-04:00,propline_free_sample
2026-09-01,2026-09-02 01:38:00+00:00,Gerrit Cole,6.5,over,102,novig,183261,Los Angeles Angels,New York Yankees,2026-09-02T01:29:27.913257+00:00,2026-09-02T21:12:03.355436+00:00,2026-09-02T17:12:03.355436-04:00,2026-09-02T17:12:03.355436-04:00,propline_free_sample
2026-09-01,2026-09-02 01:38:00+00:00,Gerrit Cole,6.5,under,-120,novig,183261,Los Angeles Angels,New York Yankees,2026-09-02T01:37:40.774462+00:00,2026-09-02T21:12:03.355436+00:00,2026-09-02T17:12:03.355436-04:00,2026-09-02T17:12:03.355436-04:00,propline_free_sample
2026-09-01,2026-09-02 01:38:00+00:00,Grayson Rodriguez,5.5,over,102,novig,183261,Los Angeles Angels,New York Yankees,2026-09-02T01:33:54.521412+00:00,2026-09-02T21:12:03.355436+00:00,2026-09-02T17:12:03.355436-04:00,2026-09-02T17:12:03.355436-04:00,propline_free_sample
2026-09-01,2026-09-02 01:38:00+00:00,Grayson Rodriguez,5.5,under,-163,novig,183261,Los Angeles Angels,New York Yankees,2026-09-02T01:37:40.774462+00:00,2026-09-02T21:12:03.355436+00:00,2026-09-02T17:12:03.355436-04:00,2026-09-02T17:12:03.355436-04:00,propline_free_sample
2026-09-01,2026-09-02 01:38:00+00:00,Gerrit Cole,6.5,over,-110,draftkings,183261,Los Angeles Angels,New York Yankees,2026-09-02T01:34:21.583035+00:00,2026-09-02T21:12:03.355436+00:00,2026-09-02T17:12:03.355436-04:00,2026-09-02T17:12:03.355436-04:00,propline_free_sample
2026-09-01,2026-09-02 01:38:00+00:00,Gerrit Cole,6.5,under,-116,draftkings,183261,Los Angeles Angels,New York Yankees,2026-09-02T01:34:21.583035+00:00,2026-09-02T21:12:03.355436+00:00,2026-09-02T17:12:03.355436-04:00,2026-09-02T17:12:03.355436-04:00,propline_free_sample
2026-09-01,2026-09-02 01:38:00+00:00,Grayson Rodriguez,5.5,over,-109,draftkings,183261,Los Angeles Angels,New York Yankees,2026-09-01T23:46:56.681231+00:00,2026-09-02T21:12:03.355436+00:00,2026-09-02T17:12:03.355436-04:00,2026-09-02T17:12:03.355436-04:00,propline_free_sample
2026-09-01,2026-09-02 01:38:00+00:00,Grayson Rodriguez,5.5,under,-117,draftkings,183261,Los Angeles Angels,New York Yankees,2026-09-01T23:46:56.681231+00:00,2026-09-02T21:12:03.355436+00:00,2026-09-02T17:12:03.355436-04:00,2026-09-02T17:12:03.355436-04:00,propline_free_sample
2026-09-01,2026-09-02 01:38:00+00:00,Gerrit Cole,6.5,over,-165,fanatics,183261,Los Angeles Angels,New York Yankees,2026-09-02T01:36:07.241166+00:00,2026-09-02T21:12:03.355436+00:00,2026-09-02T17:12:03.355436-04:00,2026-09-02T17:12:03.355436-04:00,propline_free_sample
2026-09-01,2026-09-02 01:38:00+00:00,Gerrit Cole,6.5,under,125,fanatics,183261,Los Angeles Angels,New York Yankees,2026-09-02T01:36:07.241166+00:00,2026-09-02T21:12:03.355436+00:00,2026-09-02T17:12:03.355436-04:00,2026-09-02T17:12:03.355436-04:00,propline_free_sample
2026-09-01,2026-09-02 01:38:00+00:00,Grayson Rodriguez,5.5,over,120,fanatics,183261,Los Angeles Angels,New York Yankees,2026-09-02T00:02:21.103318+00:00,2026-09-02T21:12:03.355436+00:00,2026-09-02T17:12:03.355436-04:00,2026-09-02T17:12:03.355436-04:00,propline_free_sample
2026-09-01,2026-09-02 01:38:00+00:00,Grayson Rodriguez,5.5,under,-160,fanatics,183261,Los Angeles Angels,New York Yankees,2026-09-02T00:02:21.103318+00:00,2026-09-02T21:12:03.355436+00:00,2026-09-02T17:12:03.355436-04:00,2026-09-02T17:12:03.355436-04:00,propline_free_sample
2026-09-01,2026-09-02 01:38:00+00:00,Gerrit Cole,10.5,over,9900,kalshi,183261,Los Angeles Angels,New York Yankees,2026-09-02T01:09:19.208241+00:00,2026-09-02T21:12:03.355436+00:00,2026-09-02T17:12:03.355436-04:00,2026-09-02T17:12:03.355436-04:00,propline_free_sample
2026-09-01,2026-09-02 01:38:00+00:00,Gerrit Cole,10.5,under,-9900,kalshi,183261,Los Angeles Angels,New York Yankees,2026-09-02T01:33:56.193630+00:00,2026-09-02T21:12:03.355436+00:00,2026-09-02T17:12:03.355436-04:00,2026-09-02T17:12:03.355436-04:00,propline_free_sample
2026-09-01,2026-09-02 01:38:00+00:00,Grayson Rodriguez,2.5,over,-4900,kalshi,183261,Los Angeles Angels,New York Yankees,2026-09-02T01:37:02.788840+00:00,2026-09-02T21:12:03.355436+00:00,2026-09-02T17:12:03.355436-04:00,2026-09-02T17:12:03.355436-04:00,propline_free_sample
2026-09-01,2026-09-02 01:38:00+00:00,Grayson Rodriguez,2.5,under,9900,kalshi,183261,Los Angeles Angels,New York Yankees,2026-09-02T01:33:56.193630+00:00,2026-09-02T21:12:03.355436+00:00,2026-09-02T17:12:03.355436-04:00,2026-09-02T17:12:03.355436-04:00,propline_free_sample
2026-09-01,2026-09-02 01:38:00+00:00,Gerrit Cole,3.5,over,-4900,kalshi,183261,Los Angeles Angels,New York Yankees,2026-09-01T23:41:46.976602+00:00,2026-09-02T21:12:03.355436+00:00,2026-09-02T17:12:03.355436-04:00,2026-09-02T17:12:03.355436-04:00,propline_free_sample
2026-09-01,2026-09-02 01:38:00+00:00,Grayson Rodriguez,3.5,over,-4900,kalshi,183261,Los Angeles Angels,New York Yankees,2026-09-01T21:30:51.935973+00:00,2026-09-02T21:12:03.355436+00:00,2026-09-02T17:12:03.355436-04:00,2026-09-02T17:12:03.355436-04:00,propline_free_sample
2026-09-01,2026-09-02 01:38:00+00:00,Gerrit Cole,3.5,under,9900,kalshi,183261,Los Angeles Angels,New York Yankees,2026-09-01T23:41:46.976602+00:00,2026-09-02T21:12:03.355436+00:00,2026-09-02T17:12:03.355436-04:00,2026-09-02T17:12:03.355436-04:00,propline_free_sample
2026-09-01,2026-09-02 01:38:00+00:00,Grayson Rodriguez,3.5,under,9900,kalshi,183261,Los Angeles Angels,New York Yankees,2026-09-01T21:40:27.479085+00:00,2026-09-02T21:12:03.355436+00:00,2026-09-02T17:12:03.355436-04:00,2026-09-02T17:12:03.355436-04:00,propline_free_sample
2026-09-01,2026-09-02 01:38:00+00:00,Gerrit Cole,4.5,over,-4900,kalshi,183261,Los Angeles Angels,New York Yankees,2026-09-01T20:54:37.660134+00:00,2026-09-02T21:12:03.355436+00:00,2026-09-02T17:12:03.355436-04:00,2026-09-02T17:12:03.355436-04:00,propline_free_sample
2026-09-01,2026-09-02 01:38:00+00:00,Grayson Rodriguez,4.5,over,-3233,kalshi,183261,Los Angeles Angels,New York Yankees,2026-09-01T23:00:07.183138+00:00,2026-09-02T21:12:03.355436+00:00,2026-09-02T17:12:03.355436-04:00,2026-09-02T17:12:03.355436-04:00,propline_free_sample
2026-09-01,2026-09-02 01:38:00+00:00,Gerrit Cole,4.5,under,9900,kalshi,183261,Los Angeles Angels,New York Yankees,2026-09-01T23:27:54.399626+00:00,2026-09-02T21:12:03.355436+00:00,2026-09-02T17:12:03.355436-04:00,2026-09-02T17:12:03.355436-04:00,propline_free_sample
2026-09-01,2026-09-02 01:38:00+00:00,Grayson Rodriguez,4.5,under,9900,kalshi,183261,Los Angeles Angels,New York Yankees,2026-09-01T23:00:07.183138+00:00,2026-09-02T21:12:03.355436+00:00,2026-09-02T17:12:03.355436-04:00,2026-09-02T17:12:03.355436-04:00,propline_free_sample
2026-09-01,2026-09-02 01:38:00+00:00,Gerrit Cole,5.5,over,9900,kalshi,183261,Los Angeles Angels,New York Yankees,2026-09-02T00:38:18.007638+00:00,2026-09-02T21:12:03.355436+00:00,2026-09-02T17:12:03.355436-04:00,2026-09-02T17:12:03.355436-04:00,propline_free_sample
2026-09-01,2026-09-02 01:38:00+00:00,Grayson Rodriguez,5.5,over,-1900,kalshi,183261,Los Angeles Angels,New York Yankees,2026-09-01T22:45:27.164394+00:00,2026-09-02T21:12:03.355436+00:00,2026-09-02T17:12:03.355436-04:00,2026-09-02T17:12:03.355436-04:00,propline_free_sample
2026-09-01,2026-09-02 01:38:00+00:00,Gerrit Cole,5.5,under,-223,kalshi,183261,Los Angeles Angels,New York Yankees,2026-09-02T01:33:56.193630+00:00,2026-09-02T21:12:03.355436+00:00,2026-09-02T17:12:03.355436-04:00,2026-09-02T17:12:03.355436-04:00,propline_free_sample
2026-09-01,2026-09-02 01:38:00+00:00,Grayson Rodriguez,5.5,under,9900,kalshi,183261,Los Angeles Angels,New York Yankees,2026-09-01T22:45:27.164394+00:00,2026-09-02T21:12:03.355436+00:00,2026-09-02T17:12:03.355436-04:00,2026-09-02T17:12:03.355436-04:00,propline_free_sample
2026-09-01,2026-09-02 01:38:00+00:00,Gerrit Cole,6.5,over,9900,kalshi,183261,Los Angeles Angels,New York Yankees,2026-09-01T22:09:32.445145+00:00,2026-09-02T21:12:03.355436+00:00,2026-09-02T17:12:03.355436-04:00,2026-09-02T17:12:03.355436-04:00,propline_free_sample
2026-09-01,2026-09-02 01:38:00+00:00,Grayson Rodriguez,6.5,over,-223,kalshi,183261,Los Angeles Angels,New York Yankees,2026-09-01T21:30:51.935973+00:00,2026-09-02T21:12:03.355436+00:00,2026-09-02T17:12:03.355436-04:00,2026-09-02T17:12:03.355436-04:00,propline_free_sample
2026-09-01,2026-09-02 01:38:00+00:00,Gerrit Cole,6.5,under,-488,kalshi,183261,Los Angeles Angels,New York Yankees,2026-09-01T22:09:32.445145+00:00,2026-09-02T21:12:03.355436+00:00,2026-09-02T17:12:03.355436-04:00,2026-09-02T17:12:03.355436-04:00,propline_free_sample
2026-09-01,2026-09-02 01:38:00+00:00,Grayson Rodriguez,6.5,under,9900,kalshi,183261,Los Angeles Angels,New York Yankees,2026-09-01T20:39:17.198060+00:00,2026-09-02T21:12:03.355436+00:00,2026-09-02T17:12:03.355436-04:00,2026-09-02T17:12:03.355436-04:00,propline_free_sample
2026-09-01,2026-09-02 01:38:00+00:00,Gerrit Cole,7.5,over,9900,kalshi,183261,Los Angeles Angels,New York Yankees,2026-09-02T00:36:50.234378+00:00,2026-09-02T21:12:03.355436+00:00,2026-09-02T17:12:03.355436-04:00,2026-09-02T17:12:03.355436-04:00,propline_free_sample
2026-09-01,2026-09-02 01:38:00+00:00,Grayson Rodriguez,7.5,over,9900,kalshi,183261,Los Angeles Angels,New York Yankees,2026-09-02T00:36:50.234378+00:00,2026-09-02T21:12:03.355436+00:00,2026-09-02T17:12:03.355436-04:00,2026-09-02T17:12:03.355436-04:00,propline_free_sample
2026-09-01,2026-09-02 01:38:00+00:00,Gerrit Cole,7.5,under,-1567,kalshi,183261,Los Angeles Angels,New York Yankees,2026-09-02T00:36:50.234378+00:00,2026-09-02T21:12:03.355436+00:00,2026-09-02T17:12:03.355436-04:00,2026-09-02T17:12:03.355436-04:00,propline_free_sample
2026-09-01,2026-09-02 01:38:00+00:00,Grayson Rodriguez,7.5,under,-1900,kalshi,183261,Los Angeles Angels,New York Yankees,2026-09-01T23:00:07.183138+00:00,2026-09-02T21:12:03.355436+00:00,2026-09-02T17:12:03.355436-04:00,2026-09-02T17:12:03.355436-04:00,propline_free_sample
2026-09-01,2026-09-02 01:38:00+00:00,Gerrit Cole,8.5,over,9900,kalshi,183261,Los Angeles Angels,New York Yankees,2026-09-01T22:11:41.270010+00:00,2026-09-02T21:12:03.355436+00:00,2026-09-02T17:12:03.355436-04:00,2026-09-02T17:12:03.355436-04:00,propline_free_sample
2026-09-01,2026-09-02 01:38:00+00:00,Grayson Rodriguez,8.5,over,9900,kalshi,183261,Los Angeles Angels,New York Yankees,2026-09-01T23:10:36.772778+00:00,2026-09-02T21:12:03.355436+00:00,2026-09-02T17:12:03.355436-04:00,2026-09-02T17:12:03.355436-04:00,propline_free_sample
2026-09-01,2026-09-02 01:38:00+00:00,Gerrit Cole,8.5,under,-3233,kalshi,183261,Los Angeles Angels,New York Yankees,2026-09-01T22:13:32.646117+00:00,2026-09-02T21:12:03.355436+00:00,2026-09-02T17:12:03.355436-04:00,2026-09-02T17:12:03.355436-04:00,propline_free_sample
2026-09-01,2026-09-02 01:38:00+00:00,Grayson Rodriguez,8.5,under,-3233,kalshi,183261,Los Angeles Angels,New York Yankees,2026-09-01T23:10:36.772778+00:00,2026-09-02T21:12:03.355436+00:00,2026-09-02T17:12:03.355436-04:00,2026-09-02T17:12:03.355436-04:00,propline_free_sample
2026-09-01,2026-09-02 01:38:00+00:00,Gerrit Cole,9.5,over,9900,kalshi,183261,Los Angeles Angels,New York Yankees,2026-09-02T01:23:25.617169+00:00,2026-09-02T21:12:03.355436+00:00,2026-09-02T17:12:03.355436-04:00,2026-09-02T17:12:03.355436-04:00,propline_free_sample
2026-09-01,2026-09-02 01:38:00+00:00,Gerrit Cole,9.5,under,-9900,kalshi,183261,Los Angeles Angels,New York Yankees,2026-09-02T01:21:46.874338+00:00,2026-09-02T21:12:03.355436+00:00,2026-09-02T17:12:03.355436-04:00,2026-09-02T17:12:03.355436-04:00,propline_free_sample
2026-09-01,2026-09-02 01:38:00+00:00,Gerrit Cole,6.5,over,-105,onexbet,183261,Los Angeles Angels,New York Yankees,2026-09-02T00:17:44.423115+00:00,2026-09-02T21:12:03.355436+00:00,2026-09-02T17:12:03.355436-04:00,2026-09-02T17:12:03.355436-04:00,propline_free_sample
2026-09-01,2026-09-02 01:38:00+00:00,Grayson Rodriguez,5.5,over,-110,onexbet,183261,Los Angeles Angels,New York Yankees,2026-09-01T23:51:12.999806+00:00,2026-09-02T21:12:03.355436+00:00,2026-09-02T17:12:03.355436-04:00,2026-09-02T17:12:03.355436-04:00,propline_free_sample
