date,commence_time_utc,pitcher_name,line,side,price,sportsbook,event_id,home_team,away_team,vendor_snapshot_time,collected_at_utc,collected_at_et,snapshot_time_et,source
2026-09-02,2026-09-02 20:10:00+00:00,Bryce Miller,4.5,over,120,dabble,186497,Boston Red Sox,Seattle Mariners,2026-09-02T17:49:28.535458+00:00,2026-09-03T01:22:52.543407+00:00,2026-09-02T21:22:52.543407-04:00,2026-09-02T21:22:52.543407-04:00,propline_free_sample
2026-09-02,2026-09-02 20:10:00+00:00,Patrick Sandoval,5.5,over,120,dabble,186497,Boston Red Sox,Seattle Mariners,2026-09-02T12:17:41.404410+00:00,2026-09-03T01:22:52.543407+00:00,2026-09-02T21:22:52.543407-04:00,2026-09-02T21:22:52.543407-04:00,propline_free_sample
2026-09-02,2026-09-02 20:10:00+00:00,Bryce Miller,4.5,under,-120,dabble,186497,Boston Red Sox,Seattle Mariners,2026-09-02T17:49:28.535458+00:00,2026-09-03T01:22:52.543407+00:00,2026-09-02T21:22:52.543407-04:00,2026-09-02T21:22:52.543407-04:00,propline_free_sample
2026-09-02,2026-09-02 20:10:00+00:00,Patrick Sandoval,5.5,under,-125,dabble,186497,Boston Red Sox,Seattle Mariners,2026-09-02T12:17:41.404410+00:00,2026-09-03T01:22:52.543407+00:00,2026-09-02T21:22:52.543407-04:00,2026-09-02T21:22:52.543407-04:00,propline_free_sample
2026-09-02,2026-09-02 20:10:00+00:00,Bryce Miller,4.5,over,112,underdog,186497,Boston Red Sox,Seattle Mariners,2026-09-02T19:32:59.429719+00:00,2026-09-03T01:22:52.543407+00:00,2026-09-02T21:22:52.543407-04:00,2026-09-02T21:22:52.543407-04:00,propline_free_sample
2026-09-02,2026-09-02 20:10:00+00:00,Patrick Sandoval,5.5,over,119,underdog,186497,Boston Red Sox,Seattle Mariners,2026-09-02T20:08:35.670087+00:00,2026-09-03T01:22:52.543407+00:00,2026-09-02T21:22:52.543407-04:00,2026-09-02T21:22:52.543407-04:00,propline_free_sample
2026-09-02,2026-09-02 20:10:00+00:00,Bryce Miller,4.5,under,-152,underdog,186497,Boston Red Sox,Seattle Mariners,2026-09-02T19:32:59.429719+00:00,2026-09-03T01:22:52.543407+00:00,2026-09-02T21:22:52.543407-04:00,2026-09-02T21:22:52.543407-04:00,propline_free_sample
2026-09-02,2026-09-02 20:10:00+00:00,Patrick Sandoval,5.5,under,-162,underdog,186497,Boston Red Sox,Seattle Mariners,2026-09-02T20:08:35.670087+00:00,2026-09-03T01:22:52.543407+00:00,2026-09-02T21:22:52.543407-04:00,2026-09-02T21:22:52.543407-04:00,propline_free_sample
2026-09-02,2026-09-02 20:10:00+00:00,Bryce Miller,4.0,over,100,prizepicks,186497,Boston Red Sox,Seattle Mariners,2026-09-02T14:31:54.342195+00:00,2026-09-03T01:22:52.543407+00:00,2026-09-02T21:22:52.543407-04:00,2026-09-02T21:22:52.543407-04:00,propline_free_sample
2026-09-02,2026-09-02 20:10:00+00:00,Patrick Sandoval,5.0,over,100,prizepicks,186497,Boston Red Sox,Seattle Mariners,2026-09-02T11:19:20.207779+00:00,2026-09-03T01:22:52.543407+00:00,2026-09-02T21:22:52.543407-04:00,2026-09-02T21:22:52.543407-04:00,propline_free_sample
2026-09-02,2026-09-02 20:10:00+00:00,Bryce Miller,4.0,under,100,prizepicks,186497,Boston Red Sox,Seattle Mariners,2026-09-02T14:31:54.342195+00:00,2026-09-03T01:22:52.543407+00:00,2026-09-02T21:22:52.543407-04:00,2026-09-02T21:22:52.543407-04:00,propline_free_sample
2026-09-02,2026-09-02 20:10:00+00:00,Patrick Sandoval,5.0,under,100,prizepicks,186497,Boston Red Sox,Seattle Mariners,2026-09-02T11:19:20.207779+00:00,2026-09-03T01:22:52.543407+00:00,2026-09-02T21:22:52.543407-04:00,2026-09-02T21:22:52.543407-04:00,propline_free_sample
2026-09-02,2026-09-02 20:10:00+00:00,Bryce Miller,4.5,over,-109,smarkets,186497,Boston Red Sox,Seattle Mariners,2026-09-02T19:00:42.151640+00:00,2026-09-03T01:22:52.543407+00:00,2026-09-02T21:22:52.543407-04:00,2026-09-02T21:22:52.543407-04:00,propline_free_sample
2026-09-02,2026-09-02 20:10:00+00:00,Bryce Miller,4.5,under,-128,smarkets,186497,Boston Red Sox,Seattle Mariners,2026-09-02T19:00:42.151640+00:00,2026-09-03T01:22:52.543407+00:00,2026-09-02T21:22:52.543407-04:00,2026-09-02T21:22:52.543407-04:00,propline_free_sample
2026-09-02,2026-09-02 20:10:00+00:00,Patrick Sandoval,5.5,over,116,smarkets,186497,Boston Red Sox,Seattle Mariners,2026-09-02T19:00:42.151640+00:00,2026-09-03T01:22:52.543407+00:00,2026-09-02T21:22:52.543407-04:00,2026-09-02T21:22:52.543407-04:00,propline_free_sample
2026-09-02,2026-09-02 20:10:00+00:00,Patrick Sandoval,5.5,under,-172,smarkets,186497,Boston Red Sox,Seattle Mariners,2026-09-02T19:00:42.151640+00:00,2026-09-03T01:22:52.543407+00:00,2026-09-02T21:22:52.543407-04:00,2026-09-02T21:22:52.543407-04:00,propline_free_sample
2026-09-02,2026-09-02 20:10:00+00:00,Bryce Miller,6.5,over,100,prizepicks,186497,Boston Red Sox,Seattle Mariners,2026-09-02T01:01:35.813363+00:00,2026-09-03T01:22:52.543407+00:00,2026-09-02T21:22:52.543407-04:00,2026-09-02T21:22:52.543407-04:00,propline_free_sample
2026-09-02,2026-09-02 20:10:00+00:00,Patrick Sandoval,6.5,over,100,prizepicks,186497,Boston Red Sox,Seattle Mariners,2026-09-02T01:01:35.813363+00:00,2026-09-03T01:22:52.543407+00:00,2026-09-02T21:22:52.543407-04:00,2026-09-02T21:22:52.543407-04:00,propline_free_sample
2026-09-02,2026-09-02 20:10:00+00:00,Patrick Sandoval,9.5,over,100,prizepicks,186497,Boston Red Sox,Seattle Mariners,2026-09-02T01:01:35.813363+00:00,2026-09-03T01:22:52.543407+00:00,2026-09-02T21:22:52.543407-04:00,2026-09-02T21:22:52.543407-04:00,propline_free_sample
2026-09-02,2026-09-02 20:10:00+00:00,Bryce Miller,3.5,over,100,prizepicks,186497,Boston Red Sox,Seattle Mariners,2026-09-02T01:01:35.813363+00:00,2026-09-03T01:22:52.543407+00:00,2026-09-02T21:22:52.543407-04:00,2026-09-02T21:22:52.543407-04:00,propline_free_sample
2026-09-02,2026-09-02 20:10:00+00:00,Patrick Sandoval,3.5,over,100,prizepicks,186497,Boston Red Sox,Seattle Mariners,2026-09-02T01:01:35.813363+00:00,2026-09-03T01:22:52.543407+00:00,2026-09-02T21:22:52.543407-04:00,2026-09-02T21:22:52.543407-04:00,propline_free_sample
2026-09-02,2026-09-02 20:10:00+00:00,Patrick Sandoval,5.5,over,111,sleeper,186497,Boston Red Sox,Seattle Mariners,2026-09-02T19:29:57.417893+00:00,2026-09-03T01:22:52.543407+00:00,2026-09-02T21:22:52.543407-04:00,2026-09-02T21:22:52.543407-04:00,propline_free_sample
2026-09-02,2026-09-02 20:10:00+00:00,Patrick Sandoval,5.5,under,-189,sleeper,186497,Boston Red Sox,Seattle Mariners,2026-09-02T19:29:57.417893+00:00,2026-09-03T01:22:52.543407+00:00,2026-09-02T21:22:52.543407-04:00,2026-09-02T21:22:52.543407-04:00,propline_free_sample
2026-09-02,2026-09-02 20:10:00+00:00,Bryce Miller,4.5,over,100,sleeper,186497,Boston Red Sox,Seattle Mariners,2026-09-02T20:06:06.256959+00:00,2026-09-03T01:22:52.543407+00:00,2026-09-02T21:22:52.543407-04:00,2026-09-02T21:22:52.543407-04:00,propline_free_sample
2026-09-02,2026-09-02 20:10:00+00:00,Bryce Miller,4.5,under,-167,sleeper,186497,Boston Red Sox,Seattle Mariners,2026-09-02T19:33:08.657972+00:00,2026-09-03T01:22:52.543407+00:00,2026-09-02T21:22:52.543407-04:00,2026-09-02T21:22:52.543407-04:00,propline_free_sample
2026-09-02,2026-09-02 20:10:00+00:00,Bryce Miller,4.5,over,114,draftkings,186497,Boston Red Sox,Seattle Mariners,2026-09-02T19:23:03.618721+00:00,2026-09-03T01:22:52.543407+00:00,2026-09-02T21:22:52.543407-04:00,2026-09-02T21:22:52.543407-04:00,propline_free_sample
2026-09-02,2026-09-02 20:10:00+00:00,Bryce Miller,4.5,under,-146,draftkings,186497,Boston Red Sox,Seattle Mariners,2026-09-02T19:23:03.618721+00:00,2026-09-03T01:22:52.543407+00:00,2026-09-02T21:22:52.543407-04:00,2026-09-02T21:22:52.543407-04:00,propline_free_sample
2026-09-02,2026-09-02 20:10:00+00:00,Patrick Sandoval,5.5,over,117,draftkings,186497,Boston Red Sox,Seattle Mariners,2026-09-02T19:50:16.555047+00:00,2026-09-03T01:22:52.543407+00:00,2026-09-02T21:22:52.543407-04:00,2026-09-02T21:22:52.543407-04:00,propline_free_sample
2026-09-02,2026-09-02 20:10:00+00:00,Patrick Sandoval,5.5,under,-149,draftkings,186497,Boston Red Sox,Seattle Mariners,2026-09-02T19:50:16.555047+00:00,2026-09-03T01:22:52.543407+00:00,2026-09-02T21:22:52.543407-04:00,2026-09-02T21:22:52.543407-04:00,propline_free_sample
2026-09-02,2026-09-02 20:10:00+00:00,Bryce Miller,4.5,over,120,fanatics,186497,Boston Red Sox,Seattle Mariners,2026-09-02T20:07:51.428599+00:00,2026-09-03T01:22:52.543407+00:00,2026-09-02T21:22:52.543407-04:00,2026-09-02T21:22:52.543407-04:00,propline_free_sample
2026-09-02,2026-09-02 20:10:00+00:00,Bryce Miller,4.5,under,-160,fanatics,186497,Boston Red Sox,Seattle Mariners,2026-09-02T20:07:51.428599+00:00,2026-09-03T01:22:52.543407+00:00,2026-09-02T21:22:52.543407-04:00,2026-09-02T21:22:52.543407-04:00,propline_free_sample
2026-09-02,2026-09-02 20:10:00+00:00,Patrick Sandoval,3.5,over,-175,fanatics,186497,Boston Red Sox,Seattle Mariners,2026-09-02T20:07:51.428599+00:00,2026-09-03T01:22:52.543407+00:00,2026-09-02T21:22:52.543407-04:00,2026-09-02T21:22:52.543407-04:00,propline_free_sample
2026-09-02,2026-09-02 20:10:00+00:00,Patrick Sandoval,3.5,under,130,fanatics,186497,Boston Red Sox,Seattle Mariners,2026-09-02T20:07:51.428599+00:00,2026-09-03T01:22:52.543407+00:00,2026-09-02T21:22:52.543407-04:00,2026-09-02T21:22:52.543407-04:00,propline_free_sample
2026-09-02,2026-09-02 20:10:00+00:00,Bryce Miller,5.5,over,100,prizepicks,186497,Boston Red Sox,Seattle Mariners,2026-09-02T01:27:16.140481+00:00,2026-09-03T01:22:52.543407+00:00,2026-09-02T21:22:52.543407-04:00,2026-09-02T21:22:52.543407-04:00,propline_free_sample
2026-09-02,2026-09-02 20:10:00+00:00,Bryce Miller,7.5,over,100,prizepicks,186497,Boston Red Sox,Seattle Mariners,2026-09-02T01:27:16.140481+00:00,2026-09-03T01:22:52.543407+00:00,2026-09-02T21:22:52.543407-04:00,2026-09-02T21:22:52.543407-04:00,propline_free_sample
2026-09-02,2026-09-02 20:10:00+00:00,Patrick Sandoval,7.5,over,100,prizepicks,186497,Boston Red Sox,Seattle Mariners,2026-09-02T01:27:16.140481+00:00,2026-09-03T01:22:52.543407+00:00,2026-09-02T21:22:52.543407-04:00,2026-09-02T21:22:52.543407-04:00,propline_free_sample
2026-09-02,2026-09-02 20:10:00+00:00,Patrick Sandoval,8.5,over,100,prizepicks,186497,Boston Red Sox,Seattle Mariners,2026-09-02T01:27:16.140481+00:00,2026-09-03T01:22:52.543407+00:00,2026-09-02T21:22:52.543407-04:00,2026-09-02T21:22:52.543407-04:00,propline_free_sample
2026-09-02,2026-09-02 20:10:00+00:00,Bryce Miller,2.5,over,100,prizepicks,186497,Boston Red Sox,Seattle Mariners,2026-09-02T01:27:16.140481+00:00,2026-09-03T01:22:52.543407+00:00,2026-09-02T21:22:52.543407-04:00,2026-09-02T21:22:52.543407-04:00,propline_free_sample
2026-09-02,2026-09-02 20:10:00+00:00,Patrick Sandoval,4.5,over,100,prizepicks,186497,Boston Red Sox,Seattle Mariners,2026-09-02T01:27:16.140481+00:00,2026-09-03T01:22:52.543407+00:00,2026-09-02T21:22:52.543407-04:00,2026-09-02T21:22:52.543407-04:00,propline_free_sample
2026-09-02,2026-09-02 20:10:00+00:00,Bryce Miller,6.5,under,100,prizepicks,186497,Boston Red Sox,Seattle Mariners,2026-09-02T01:35:29.160870+00:00,2026-09-03T01:22:52.543407+00:00,2026-09-02T21:22:52.543407-04:00,2026-09-02T21:22:52.543407-04:00,propline_free_sample
2026-09-02,2026-09-02 20:10:00+00:00,Patrick Sandoval,6.5,under,100,prizepicks,186497,Boston Red Sox,Seattle Mariners,2026-09-02T01:35:29.160870+00:00,2026-09-03T01:22:52.543407+00:00,2026-09-02T21:22:52.543407-04:00,2026-09-02T21:22:52.543407-04:00,propline_free_sample
2026-09-02,2026-09-02 20:10:00+00:00,Bryce Miller,3.5,under,100,prizepicks,186497,Boston Red Sox,Seattle Mariners,2026-09-02T01:35:29.160870+00:00,2026-09-03T01:22:52.543407+00:00,2026-09-02T21:22:52.543407-04:00,2026-09-02T21:22:52.543407-04:00,propline_free_sample
2026-09-02,2026-09-02 20:10:00+00:00,Patrick Sandoval,3.5,under,100,prizepicks,186497,Boston Red Sox,Seattle Mariners,2026-09-02T01:35:29.160870+00:00,2026-09-03T01:22:52.543407+00:00,2026-09-02T21:22:52.543407-04:00,2026-09-02T21:22:52.543407-04:00,propline_free_sample
2026-09-02,2026-09-02 20:10:00+00:00,Bryce Miller,5.5,under,100,prizepicks,186497,Boston Red Sox,Seattle Mariners,2026-09-02T01:35:29.160870+00:00,2026-09-03T01:22:52.543407+00:00,2026-09-02T21:22:52.543407-04:00,2026-09-02T21:22:52.543407-04:00,propline_free_sample
2026-09-02,2026-09-02 20:10:00+00:00,Patrick Sandoval,7.5,under,100,prizepicks,186497,Boston Red Sox,Seattle Mariners,2026-09-02T01:35:29.160870+00:00,2026-09-03T01:22:52.543407+00:00,2026-09-02T21:22:52.543407-04:00,2026-09-02T21:22:52.543407-04:00,propline_free_sample
2026-09-02,2026-09-02 20:10:00+00:00,Bryce Miller,8.5,over,100,prizepicks,186497,Boston Red Sox,Seattle Mariners,2026-09-02T01:35:29.160870+00:00,2026-09-03T01:22:52.543407+00:00,2026-09-02T21:22:52.543407-04:00,2026-09-02T21:22:52.543407-04:00,propline_free_sample
2026-09-02,2026-09-02 20:10:00+00:00,Bryce Miller,2.5,under,100,prizepicks,186497,Boston Red Sox,Seattle Mariners,2026-09-02T01:35:29.160870+00:00,2026-09-03T01:22:52.543407+00:00,2026-09-02T21:22:52.543407-04:00,2026-09-02T21:22:52.543407-04:00,propline_free_sample
2026-09-02,2026-09-02 20:10:00+00:00,Patrick Sandoval,4.5,under,100,prizepicks,186497,Boston Red Sox,Seattle Mariners,2026-09-02T01:35:29.160870+00:00,2026-09-03T01:22:52.543407+00:00,2026-09-02T21:22:52.543407-04:00,2026-09-02T21:22:52.543407-04:00,propline_free_sample
2026-09-02,2026-09-02 20:10:00+00:00,Bryce Miller,4.5,over,-105,onexbet,186497,Boston Red Sox,Seattle Mariners,2026-09-02T19:26:24.268228+00:00,2026-09-03T01:22:52.543407+00:00,2026-09-02T21:22:52.543407-04:00,2026-09-02T21:22:52.543407-04:00,propline_free_sample
2026-09-02,2026-09-02 20:10:00+00:00,Patrick Sandoval,5.5,over,105,onexbet,186497,Boston Red Sox,Seattle Mariners,2026-09-02T18:31:30.516323+00:00,2026-09-03T01:22:52.543407+00:00,2026-09-02T21:22:52.543407-04:00,2026-09-02T21:22:52.543407-04:00,propline_free_sample
2026-09-02,2026-09-02 20:10:00+00:00,Bryce Miller,4.5,under,-130,onexbet,186497,Boston Red Sox,Seattle Mariners,2026-09-02T19:26:24.268228+00:00,2026-09-03T01:22:52.543407+00:00,2026-09-02T21:22:52.543407-04:00,2026-09-02T21:22:52.543407-04:00,propline_free_sample
2026-09-02,2026-09-02 20:10:00+00:00,Patrick Sandoval,5.5,under,-140,onexbet,186497,Boston Red Sox,Seattle Mariners,2026-09-02T18:31:30.516323+00:00,2026-09-03T01:22:52.543407+00:00,2026-09-02T21:22:52.543407-04:00,2026-09-02T21:22:52.543407-04:00,propline_free_sample
2026-09-02,2026-09-02 20:10:00+00:00,Patrick Sandoval,5.5,over,140,prophetx,186497,Boston Red Sox,Seattle Mariners,2026-09-02T18:31:36.537181+00:00,2026-09-03T01:22:52.543407+00:00,2026-09-02T21:22:52.543407-04:00,2026-09-02T21:22:52.543407-04:00,propline_free_sample
2026-09-02,2026-09-02 20:10:00+00:00,Patrick Sandoval,5.5,under,-182,prophetx,186497,Boston Red Sox,Seattle Mariners,2026-09-02T20:08:59.888731+00:00,2026-09-03T01:22:52.543407+00:00,2026-09-02T21:22:52.543407-04:00,2026-09-02T21:22:52.543407-04:00,propline_free_sample
2026-09-02,2026-09-02 20:10:00+00:00,Bryce Miller,4.5,over,118,prophetx,186497,Boston Red Sox,Seattle Mariners,2026-09-02T20:00:03.052123+00:00,2026-09-03T01:22:52.543407+00:00,2026-09-02T21:22:52.543407-04:00,2026-09-02T21:22:52.543407-04:00,propline_free_sample
2026-09-02,2026-09-02 20:10:00+00:00,Bryce Miller,4.5,under,-132,prophetx,186497,Boston Red Sox,Seattle Mariners,2026-09-02T20:00:03.052123+00:00,2026-09-03T01:22:52.543407+00:00,2026-09-02T21:22:52.543407-04:00,2026-09-02T21:22:52.543407-04:00,propline_free_sample
2026-09-02,2026-09-02 20:10:00+00:00,Bryce Miller,1.5,over,-4900,kalshi,186497,Boston Red Sox,Seattle Mariners,2026-09-02T20:05:37.989184+00:00,2026-09-03T01:22:52.543407+00:00,2026-09-02T21:22:52.543407-04:00,2026-09-02T21:22:52.543407-04:00,propline_free_sample
2026-09-02,2026-09-02 20:10:00+00:00,Bryce Miller,1.5,under,9900,kalshi,186497,Boston Red Sox,Seattle Mariners,2026-09-02T20:05:37.989184+00:00,2026-09-03T01:22:52.543407+00:00,2026-09-02T21:22:52.543407-04:00,2026-09-02T21:22:52.543407-04:00,propline_free_sample
2026-09-02,2026-09-02 20:10:00+00:00,Bryce Miller,2.5,over,-4900,kalshi,186497,Boston Red Sox,Seattle Mariners,2026-09-02T14:59:55.216625+00:00,2026-09-03T01:22:52.543407+00:00,2026-09-02T21:22:52.543407-04:00,2026-09-02T21:22:52.543407-04:00,propline_free_sample
2026-09-02,2026-09-02 20:10:00+00:00,Patrick Sandoval,2.5,over,9900,kalshi,186497,Boston Red Sox,Seattle Mariners,2026-09-02T20:08:16.868749+00:00,2026-09-03T01:22:52.543407+00:00,2026-09-02T21:22:52.543407-04:00,2026-09-02T21:22:52.543407-04:00,propline_free_sample
2026-09-02,2026-09-02 20:10:00+00:00,Bryce Miller,2.5,under,9900,kalshi,186497,Boston Red Sox,Seattle Mariners,2026-09-02T17:25:15.093751+00:00,2026-09-03T01:22:52.543407+00:00,2026-09-02T21:22:52.543407-04:00,2026-09-02T21:22:52.543407-04:00,propline_free_sample
2026-09-02,2026-09-02 20:10:00+00:00,Patrick Sandoval,2.5,under,122,kalshi,186497,Boston Red Sox,Seattle Mariners,2026-09-02T20:05:37.989184+00:00,2026-09-03T01:22:52.543407+00:00,2026-09-02T21:22:52.543407-04:00,2026-09-02T21:22:52.543407-04:00,propline_free_sample
2026-09-02,2026-09-02 20:10:00+00:00,Bryce Miller,3.5,over,9900,kalshi,186497,Boston Red Sox,Seattle Mariners,2026-09-02T17:26:57.441137+00:00,2026-09-03T01:22:52.543407+00:00,2026-09-02T21:22:52.543407-04:00,2026-09-02T21:22:52.543407-04:00,propline_free_sample
2026-09-02,2026-09-02 20:10:00+00:00,Patrick Sandoval,3.5,over,9900,kalshi,186497,Boston Red Sox,Seattle Mariners,2026-09-02T19:32:01.141396+00:00,2026-09-03T01:22:52.543407+00:00,2026-09-02T21:22:52.543407-04:00,2026-09-02T21:22:52.543407-04:00,propline_free_sample
2026-09-02,2026-09-02 20:10:00+00:00,Bryce Miller,3.5,under,-809,kalshi,186497,Boston Red Sox,Seattle Mariners,2026-09-02T17:26:57.441137+00:00,2026-09-03T01:22:52.543407+00:00,2026-09-02T21:22:52.543407-04:00,2026-09-02T21:22:52.543407-04:00,propline_free_sample
2026-09-02,2026-09-02 20:10:00+00:00,Patrick Sandoval,3.5,under,-3233,kalshi,186497,Boston Red Sox,Seattle Mariners,2026-09-02T20:08:42.163810+00:00,2026-09-03T01:22:52.543407+00:00,2026-09-02T21:22:52.543407-04:00,2026-09-02T21:22:52.543407-04:00,propline_free_sample
2026-09-02,2026-09-02 20:10:00+00:00,Bryce Miller,4.5,over,9900,kalshi,186497,Boston Red Sox,Seattle Mariners,2026-09-02T19:25:06.449182+00:00,2026-09-03T01:22:52.543407+00:00,2026-09-02T21:22:52.543407-04:00,2026-09-02T21:22:52.543407-04:00,propline_free_sample
2026-09-02,2026-09-02 20:10:00+00:00,Patrick Sandoval,4.5,over,9900,kalshi,186497,Boston Red Sox,Seattle Mariners,2026-09-02T19:54:05.072195+00:00,2026-09-03T01:22:52.543407+00:00,2026-09-02T21:22:52.543407-04:00,2026-09-02T21:22:52.543407-04:00,propline_free_sample
2026-09-02,2026-09-02 20:10:00+00:00,Bryce Miller,4.5,under,-1150,kalshi,186497,Boston Red Sox,Seattle Mariners,2026-09-02T19:25:52.574376+00:00,2026-09-03T01:22:52.543407+00:00,2026-09-02T21:22:52.543407-04:00,2026-09-02T21:22:52.543407-04:00,propline_free_sample
2026-09-02,2026-09-02 20:10:00+00:00,Patrick Sandoval,4.5,under,-9900,kalshi,186497,Boston Red Sox,Seattle Mariners,2026-09-02T19:54:05.072195+00:00,2026-09-03T01:22:52.543407+00:00,2026-09-02T21:22:52.543407-04:00,2026-09-02T21:22:52.543407-04:00,propline_free_sample
2026-09-02,2026-09-02 20:10:00+00:00,Bryce Miller,5.5,over,9900,kalshi,186497,Boston Red Sox,Seattle Mariners,2026-09-02T17:25:15.093751+00:00,2026-09-03T01:22:52.543407+00:00,2026-09-02T21:22:52.543407-04:00,2026-09-02T21:22:52.543407-04:00,propline_free_sample
2026-09-02,2026-09-02 20:10:00+00:00,Patrick Sandoval,5.5,over,9900,kalshi,186497,Boston Red Sox,Seattle Mariners,2026-09-02T18:52:31.908896+00:00,2026-09-03T01:22:52.543407+00:00,2026-09-02T21:22:52.543407-04:00,2026-09-02T21:22:52.543407-04:00,propline_free_sample
2026-09-02,2026-09-02 20:10:00+00:00,Bryce Miller,5.5,under,-3233,kalshi,186497,Boston Red Sox,Seattle Mariners,2026-09-02T17:29:22.330614+00:00,2026-09-03T01:22:52.543407+00:00,2026-09-02T21:22:52.543407-04:00,2026-09-02T21:22:52.543407-04:00,propline_free_sample
2026-09-02,2026-09-02 20:10:00+00:00,Patrick Sandoval,5.5,under,-1150,kalshi,186497,Boston Red Sox,Seattle Mariners,2026-09-02T18:52:31.908896+00:00,2026-09-03T01:22:52.543407+00:00,2026-09-02T21:22:52.543407-04:00,2026-09-02T21:22:52.543407-04:00,propline_free_sample
2026-09-02,2026-09-02 20:10:00+00:00,Bryce Miller,6.5,over,9900,kalshi,186497,Boston Red Sox,Seattle Mariners,2026-09-02T18:54:02.832227+00:00,2026-09-03T01:22:52.543407+00:00,2026-09-02T21:22:52.543407-04:00,2026-09-02T21:22:52.543407-04:00,propline_free_sample
2026-09-02,2026-09-02 20:10:00+00:00,Patrick Sandoval,6.5,over,9900,kalshi,186497,Boston Red Sox,Seattle Mariners,2026-09-02T19:44:37.973369+00:00,2026-09-03T01:22:52.543407+00:00,2026-09-02T21:22:52.543407-04:00,2026-09-02T21:22:52.543407-04:00,propline_free_sample
2026-09-02,2026-09-02 20:10:00+00:00,Bryce Miller,6.5,under,-4900,kalshi,186497,Boston Red Sox,Seattle Mariners,2026-09-02T19:25:52.574376+00:00,2026-09-03T01:22:52.543407+00:00,2026-09-02T21:22:52.543407-04:00,2026-09-02T21:22:52.543407-04:00,propline_free_sample
2026-09-02,2026-09-02 20:10:00+00:00,Patrick Sandoval,6.5,under,-9900,kalshi,186497,Boston Red Sox,Seattle Mariners,2026-09-02T20:08:42.163810+00:00,2026-09-03T01:22:52.543407+00:00,2026-09-02T21:22:52.543407-04:00,2026-09-02T21:22:52.543407-04:00,propline_free_sample
2026-09-02,2026-09-02 20:10:00+00:00,Bryce Miller,7.5,over,9900,kalshi,186497,Boston Red Sox,Seattle Mariners,2026-09-02T14:15:33.324527+00:00,2026-09-03T01:22:52.543407+00:00,2026-09-02T21:22:52.543407-04:00,2026-09-02T21:22:52.543407-04:00,propline_free_sample
2026-09-02,2026-09-02 20:10:00+00:00,Patrick Sandoval,7.5,over,9900,kalshi,186497,Boston Red Sox,Seattle Mariners,2026-09-02T20:05:37.989184+00:00,2026-09-03T01:22:52.543407+00:00,2026-09-02T21:22:52.543407-04:00,2026-09-02T21:22:52.543407-04:00,propline_free_sample
2026-09-02,2026-09-02 20:10:00+00:00,Bryce Miller,7.5,under,-3233,kalshi,186497,Boston Red Sox,Seattle Mariners,2026-09-02T14:07:23.904611+00:00,2026-09-03T01:22:52.543407+00:00,2026-09-02T21:22:52.543407-04:00,2026-09-02T21:22:52.543407-04:00,propline_free_sample
2026-09-02,2026-09-02 20:10:00+00:00,Patrick Sandoval,7.5,under,-3233,kalshi,186497,Boston Red Sox,Seattle Mariners,2026-09-02T19:44:37.973369+00:00,2026-09-03T01:22:52.543407+00:00,2026-09-02T21:22:52.543407-04:00,2026-09-02T21:22:52.543407-04:00,propline_free_sample
2026-09-02,2026-09-02 20:10:00+00:00,Patrick Sandoval,8.5,over,9900,kalshi,186497,Boston Red Sox,Seattle Mariners,2026-09-02T17:41:08.971684+00:00,2026-09-03T01:22:52.543407+00:00,2026-09-02T21:22:52.543407-04:00,2026-09-02T21:22:52.543407-04:00,propline_free_sample
2026-09-02,2026-09-02 20:10:00+00:00,Patrick Sandoval,8.5,under,-3233,kalshi,186497,Boston Red Sox,Seattle Mariners,2026-09-02T20:05:37.989184+00:00,2026-09-03T01:22:52.543407+00:00,2026-09-02T21:22:52.543407-04:00,2026-09-02T21:22:52.543407-04:00,propline_free_sample
2026-09-02,2026-09-02 20:10:00+00:00,Patrick Sandoval,9.5,over,9900,kalshi,186497,Boston Red Sox,Seattle Mariners,2026-09-02T07:50:10.506835+00:00,2026-09-03T01:22:52.543407+00:00,2026-09-02T21:22:52.543407-04:00,2026-09-02T21:22:52.543407-04:00,propline_free_sample
2026-09-02,2026-09-02 20:10:00+00:00,Patrick Sandoval,9.5,under,-4900,kalshi,186497,Boston Red Sox,Seattle Mariners,2026-09-02T07:53:57.417680+00:00,2026-09-03T01:22:52.543407+00:00,2026-09-02T21:22:52.543407-04:00,2026-09-02T21:22:52.543407-04:00,propline_free_sample
2026-09-02,2026-09-02 20:10:00+00:00,Bryce Miller,4.0,over,100,betr,186497,Boston Red Sox,Seattle Mariners,2026-09-02T15:32:04.864675+00:00,2026-09-03T01:22:52.543407+00:00,2026-09-02T21:22:52.543407-04:00,2026-09-02T21:22:52.543407-04:00,propline_free_sample
2026-09-02,2026-09-02 20:10:00+00:00,Patrick Sandoval,5.0,over,100,betr,186497,Boston Red Sox,Seattle Mariners,2026-09-02T13:31:04.243105+00:00,2026-09-03T01:22:52.543407+00:00,2026-09-02T21:22:52.543407-04:00,2026-09-02T21:22:52.543407-04:00,propline_free_sample
2026-09-02,2026-09-02 20:10:00+00:00,Bryce Miller,4.0,under,100,betr,186497,Boston Red Sox,Seattle Mariners,2026-09-02T15:32:04.864675+00:00,2026-09-03T01:22:52.543407+00:00,2026-09-02T21:22:52.543407-04:00,2026-09-02T21:22:52.543407-04:00,propline_free_sample
2026-09-02,2026-09-02 20:10:00+00:00,Patrick Sandoval,5.0,under,100,betr,186497,Boston Red Sox,Seattle Mariners,2026-09-02T13:31:04.243105+00:00,2026-09-03T01:22:52.543407+00:00,2026-09-02T21:22:52.543407-04:00,2026-09-02T21:22:52.543407-04:00,propline_free_sample
2026-09-02,2026-09-02 20:10:00+00:00,Bryce Miller,4.5,over,117,novig,186497,Boston Red Sox,Seattle Mariners,2026-09-02T20:09:49.785145+00:00,2026-09-03T01:22:52.543407+00:00,2026-09-02T21:22:52.543407-04:00,2026-09-02T21:22:52.543407-04:00,propline_free_sample
2026-09-02,2026-09-02 20:10:00+00:00,Bryce Miller,4.5,under,-144,novig,186497,Boston Red Sox,Seattle Mariners,2026-09-02T20:09:49.785145+00:00,2026-09-03T01:22:52.543407+00:00,2026-09-02T21:22:52.543407-04:00,2026-09-02T21:22:52.543407-04:00,propline_free_sample
2026-09-02,2026-09-02 20:10:00+00:00,Patrick Sandoval,5.5,over,117,novig,186497,Boston Red Sox,Seattle Mariners,2026-09-02T20:08:45.864650+00:00,2026-09-03T01:22:52.543407+00:00,2026-09-02T21:22:52.543407-04:00,2026-09-02T21:22:52.543407-04:00,propline_free_sample
2026-09-02,2026-09-02 20:10:00+00:00,Patrick Sandoval,5.5,under,-156,novig,186497,Boston Red Sox,Seattle Mariners,2026-09-02T20:08:45.864650+00:00,2026-09-03T01:22:52.543407+00:00,2026-09-02T21:22:52.543407-04:00,2026-09-02T21:22:52.543407-04:00,propline_free_sample
2026-09-02,2026-09-02 20:10:00+00:00,Bryce Miller,4.5,over,110,fanduel,186497,Boston Red Sox,Seattle Mariners,2026-09-02T18:32:37.209592+00:00,2026-09-03T01:22:52.543407+00:00,2026-09-02T21:22:52.543407-04:00,2026-09-02T21:22:52.543407-04:00,propline_free_sample
2026-09-02,2026-09-02 20:10:00+00:00,Bryce Miller,4.5,under,-140,fanduel,186497,Boston Red Sox,Seattle Mariners,2026-09-02T18:32:37.209592+00:00,2026-09-03T01:22:52.543407+00:00,2026-09-02T21:22:52.543407-04:00,2026-09-02T21:22:52.543407-04:00,propline_free_sample
2026-09-02,2026-09-02 20:10:00+00:00,Patrick Sandoval,5.5,over,122,fanduel,186497,Boston Red Sox,Seattle Mariners,2026-09-02T20:08:23.967038+00:00,2026-09-03T01:22:52.543407+00:00,2026-09-02T21:22:52.543407-04:00,2026-09-02T21:22:52.543407-04:00,propline_free_sample
2026-09-02,2026-09-02 20:10:00+00:00,Patrick Sandoval,5.5,under,-156,fanduel,186497,Boston Red Sox,Seattle Mariners,2026-09-02T20:08:23.967038+00:00,2026-09-03T01:22:52.543407+00:00,2026-09-02T21:22:52.543407-04:00,2026-09-02T21:22:52.543407-04:00,propline_free_sample
2026-09-02,2026-09-02 20:10:00+00:00,Bryce Miller (SEA),4.5,over,110,bovada,186497,Boston Red Sox,Seattle Mariners,2026-09-02T14:39:10.025488+00:00,2026-09-03T01:22:52.543407+00:00,2026-09-02T21:22:52.543407-04:00,2026-09-02T21:22:52.543407-04:00,propline_free_sample
2026-09-02,2026-09-02 20:10:00+00:00,Bryce Miller (SEA),4.5,under,-145,bovada,186497,Boston Red Sox,Seattle Mariners,2026-09-02T14:39:10.025488+00:00,2026-09-03T01:22:52.543407+00:00,2026-09-02T21:22:52.543407-04:00,2026-09-02T21:22:52.543407-04:00,propline_free_sample
2026-09-02,2026-09-02 20:10:00+00:00,Patrick Sandoval (BOS),5.5,over,120,bovada,186497,Boston Red Sox,Seattle Mariners,2026-09-02T18:57:05.136611+00:00,2026-09-03T01:22:52.543407+00:00,2026-09-02T21:22:52.543407-04:00,2026-09-02T21:22:52.543407-04:00,propline_free_sample
2026-09-02,2026-09-02 20:10:00+00:00,Patrick Sandoval (BOS),5.5,under,-160,bovada,186497,Boston Red Sox,Seattle Mariners,2026-09-02T18:57:05.136611+00:00,2026-09-03T01:22:52.543407+00:00,2026-09-02T21:22:52.543407-04:00,2026-09-02T21:22:52.543407-04:00,propline_free_sample
2026-09-02,2026-09-02 20:10:00+00:00,Bryce Miller,3.5,over,-182,novig,186497,Boston Red Sox,Seattle Mariners,2026-09-02T20:08:45.864650+00:00,2026-09-03T01:22:52.543407+00:00,2026-09-02T21:22:52.543407-04:00,2026-09-02T21:22:52.543407-04:00,propline_free_sample
2026-09-02,2026-09-02 20:10:00+00:00,Bryce Miller,3.5,under,163,novig,186497,Boston Red Sox,Seattle Mariners,2026-09-02T20:09:49.785145+00:00,2026-09-03T01:22:52.543407+00:00,2026-09-02T21:22:52.543407-04:00,2026-09-02T21:22:52.543407-04:00,propline_free_sample
2026-09-02,2026-09-02 20:10:00+00:00,Bryce Miller,4.5,over,112,betrivers,186497,Boston Red Sox,Seattle Mariners,2026-09-02T19:58:13.428451+00:00,2026-09-03T01:22:52.543407+00:00,2026-09-02T21:22:52.543407-04:00,2026-09-02T21:22:52.543407-04:00,propline_free_sample
2026-09-02,2026-09-02 20:10:00+00:00,Bryce Miller,4.5,under,-150,betrivers,186497,Boston Red Sox,Seattle Mariners,2026-09-02T17:54:31.776196+00:00,2026-09-03T01:22:52.543407+00:00,2026-09-02T21:22:52.543407-04:00,2026-09-02T21:22:52.543407-04:00,propline_free_sample
2026-09-02,2026-09-02 20:10:00+00:00,Patrick Sandoval,5.5,over,112,betrivers,186497,Boston Red Sox,Seattle Mariners,2026-09-02T17:34:17.374257+00:00,2026-09-03T01:22:52.543407+00:00,2026-09-02T21:22:52.543407-04:00,2026-09-02T21:22:52.543407-04:00,propline_free_sample
2026-09-02,2026-09-02 20:10:00+00:00,Patrick Sandoval,5.5,under,-150,betrivers,186497,Boston Red Sox,Seattle Mariners,2026-09-02T17:35:21.210537+00:00,2026-09-03T01:22:52.543407+00:00,2026-09-02T21:22:52.543407-04:00,2026-09-02T21:22:52.543407-04:00,propline_free_sample
2026-09-02,2026-09-02 20:10:00+00:00,Bryce Miller,4.5,over,119,rebet,186497,Boston Red Sox,Seattle Mariners,2026-09-02T19:51:18.698227+00:00,2026-09-03T01:22:52.543407+00:00,2026-09-02T21:22:52.543407-04:00,2026-09-02T21:22:52.543407-04:00,propline_free_sample
2026-09-02,2026-09-02 20:10:00+00:00,Bryce Miller,4.5,under,-165,rebet,186497,Boston Red Sox,Seattle Mariners,2026-09-02T19:51:18.698227+00:00,2026-09-03T01:22:52.543407+00:00,2026-09-02T21:22:52.543407-04:00,2026-09-02T21:22:52.543407-04:00,propline_free_sample
2026-09-02,2026-09-02 20:10:00+00:00,Patrick Sandoval,5.5,over,119,rebet,186497,Boston Red Sox,Seattle Mariners,2026-09-02T19:55:22.452054+00:00,2026-09-03T01:22:52.543407+00:00,2026-09-02T21:22:52.543407-04:00,2026-09-02T21:22:52.543407-04:00,propline_free_sample
2026-09-02,2026-09-02 20:10:00+00:00,Patrick Sandoval,5.5,under,-165,rebet,186497,Boston Red Sox,Seattle Mariners,2026-09-02T19:55:22.452054+00:00,2026-09-03T01:22:52.543407+00:00,2026-09-02T21:22:52.543407-04:00,2026-09-02T21:22:52.543407-04:00,propline_free_sample
2026-09-02,2026-09-02 20:10:00+00:00,Patrick Sandoval,5.5,over,100,prizepicks,186497,Boston Red Sox,Seattle Mariners,2026-09-02T10:28:23.107660+00:00,2026-09-03T01:22:52.543407+00:00,2026-09-02T21:22:52.543407-04:00,2026-09-02T21:22:52.543407-04:00,propline_free_sample
2026-09-02,2026-09-02 20:10:00+00:00,Patrick Sandoval,5.5,under,100,prizepicks,186497,Boston Red Sox,Seattle Mariners,2026-09-02T10:28:23.107660+00:00,2026-09-03T01:22:52.543407+00:00,2026-09-02T21:22:52.543407-04:00,2026-09-02T21:22:52.543407-04:00,propline_free_sample
2026-09-02,2026-09-02 20:10:00+00:00,Bryce Miller,3.5,over,105,betmgm,186497,Boston Red Sox,Seattle Mariners,2026-09-02T14:35:45.257179+00:00,2026-09-03T01:22:52.543407+00:00,2026-09-02T21:22:52.543407-04:00,2026-09-02T21:22:52.543407-04:00,propline_free_sample
2026-09-02,2026-09-02 20:10:00+00:00,Bryce Miller,3.5,under,-140,betmgm,186497,Boston Red Sox,Seattle Mariners,2026-09-02T14:35:45.257179+00:00,2026-09-03T01:22:52.543407+00:00,2026-09-02T21:22:52.543407-04:00,2026-09-02T21:22:52.543407-04:00,propline_free_sample
2026-09-02,2026-09-02 20:10:00+00:00,Patrick Sandoval,4.5,over,-120,betmgm,186497,Boston Red Sox,Seattle Mariners,2026-09-02T19:53:48.247008+00:00,2026-09-03T01:22:52.543407+00:00,2026-09-02T21:22:52.543407-04:00,2026-09-02T21:22:52.543407-04:00,propline_free_sample
2026-09-02,2026-09-02 20:10:00+00:00,Patrick Sandoval,4.5,under,-115,betmgm,186497,Boston Red Sox,Seattle Mariners,2026-09-02T19:53:48.247008+00:00,2026-09-03T01:22:52.543407+00:00,2026-09-02T21:22:52.543407-04:00,2026-09-02T21:22:52.543407-04:00,propline_free_sample
2026-09-02,2026-09-02 20:10:00+00:00,Patrick Sandoval,6.5,over,285,novig,186497,Boston Red Sox,Seattle Mariners,2026-09-02T18:56:09.274305+00:00,2026-09-03T01:22:52.543407+00:00,2026-09-02T21:22:52.543407-04:00,2026-09-02T21:22:52.543407-04:00,propline_free_sample
2026-09-02,2026-09-02 20:10:00+00:00,Patrick Sandoval,6.5,under,-355,novig,186497,Boston Red Sox,Seattle Mariners,2026-09-02T19:50:35.633329+00:00,2026-09-03T01:22:52.543407+00:00,2026-09-02T21:22:52.543407-04:00,2026-09-02T21:22:52.543407-04:00,propline_free_sample
2026-09-02,2026-09-02 20:10:00+00:00,Bryce Miller,5.5,over,245,novig,186497,Boston Red Sox,Seattle Mariners,2026-09-02T20:09:49.785145+00:00,2026-09-03T01:22:52.543407+00:00,2026-09-02T21:22:52.543407-04:00,2026-09-02T21:22:52.543407-04:00,propline_free_sample
2026-09-02,2026-09-02 20:10:00+00:00,Bryce Miller,5.5,under,-344,novig,186497,Boston Red Sox,Seattle Mariners,2026-09-02T20:09:49.785145+00:00,2026-09-03T01:22:52.543407+00:00,2026-09-02T21:22:52.543407-04:00,2026-09-02T21:22:52.543407-04:00,propline_free_sample
2026-09-02,2026-09-02 20:10:00+00:00,Patrick Sandoval,4.5,over,-156,novig,186497,Boston Red Sox,Seattle Mariners,2026-09-02T20:06:09.215484+00:00,2026-09-03T01:22:52.543407+00:00,2026-09-02T21:22:52.543407-04:00,2026-09-02T21:22:52.543407-04:00,propline_free_sample
2026-09-02,2026-09-02 20:10:00+00:00,Patrick Sandoval,4.5,under,138,novig,186497,Boston Red Sox,Seattle Mariners,2026-09-02T20:08:45.864650+00:00,2026-09-03T01:22:52.543407+00:00,2026-09-02T21:22:52.543407-04:00,2026-09-02T21:22:52.543407-04:00,propline_free_sample
2026-09-02,2026-09-02 20:10:00+00:00,Patrick Sandoval,5.5,over,104,rebet,186497,Boston Red Sox,Seattle Mariners,2026-09-02T14:11:38.230437+00:00,2026-09-03T01:22:52.543407+00:00,2026-09-02T21:22:52.543407-04:00,2026-09-02T21:22:52.543407-04:00,propline_free_sample
2026-09-02,2026-09-02 20:10:00+00:00,Patrick Sandoval,5.5,under,-144,rebet,186497,Boston Red Sox,Seattle Mariners,2026-09-02T14:11:38.230437+00:00,2026-09-03T01:22:52.543407+00:00,2026-09-02T21:22:52.543407-04:00,2026-09-02T21:22:52.543407-04:00,propline_free_sample
2026-09-02,2026-09-02 20:10:00+00:00,Bryce Miller (SEA),4.5,over,100,betonlineag,186497,Boston Red Sox,Seattle Mariners,2026-09-02T14:27:21.073228+00:00,2026-09-03T01:22:52.543407+00:00,2026-09-02T21:22:52.543407-04:00,2026-09-02T21:22:52.543407-04:00,propline_free_sample
2026-09-02,2026-09-02 20:10:00+00:00,Bryce Miller (SEA),4.5,under,-140,betonlineag,186497,Boston Red Sox,Seattle Mariners,2026-09-02T14:27:21.073228+00:00,2026-09-03T01:22:52.543407+00:00,2026-09-02T21:22:52.543407-04:00,2026-09-02T21:22:52.543407-04:00,propline_free_sample
2026-09-02,2026-09-02 20:10:00+00:00,Patrick Sandoval (BOS),5.5,over,125,betonlineag,186497,Boston Red Sox,Seattle Mariners,2026-09-02T18:53:54.297434+00:00,2026-09-03T01:22:52.543407+00:00,2026-09-02T21:22:52.543407-04:00,2026-09-02T21:22:52.543407-04:00,propline_free_sample
2026-09-02,2026-09-02 20:10:00+00:00,Patrick Sandoval (BOS),5.5,under,-165,betonlineag,186497,Boston Red Sox,Seattle Mariners,2026-09-02T18:53:54.297434+00:00,2026-09-03T01:22:52.543407+00:00,2026-09-02T21:22:52.543407-04:00,2026-09-02T21:22:52.543407-04:00,propline_free_sample
2026-09-02,2026-09-02 20:10:00+00:00,Bryce Miller (SEA),4.5,over,100,lowvig,186497,Boston Red Sox,Seattle Mariners,2026-09-02T14:27:21.183942+00:00,2026-09-03T01:22:52.543407+00:00,2026-09-02T21:22:52.543407-04:00,2026-09-02T21:22:52.543407-04:00,propline_free_sample
2026-09-02,2026-09-02 20:10:00+00:00,Bryce Miller (SEA),4.5,under,-140,lowvig,186497,Boston Red Sox,Seattle Mariners,2026-09-02T14:27:21.183942+00:00,2026-09-03T01:22:52.543407+00:00,2026-09-02T21:22:52.543407-04:00,2026-09-02T21:22:52.543407-04:00,propline_free_sample
2026-09-02,2026-09-02 20:10:00+00:00,Patrick Sandoval (BOS),5.5,over,125,lowvig,186497,Boston Red Sox,Seattle Mariners,2026-09-02T18:53:55.120778+00:00,2026-09-03T01:22:52.543407+00:00,2026-09-02T21:22:52.543407-04:00,2026-09-02T21:22:52.543407-04:00,propline_free_sample
2026-09-02,2026-09-02 20:10:00+00:00,Patrick Sandoval (BOS),5.5,under,-165,lowvig,186497,Boston Red Sox,Seattle Mariners,2026-09-02T18:53:55.120778+00:00,2026-09-03T01:22:52.543407+00:00,2026-09-02T21:22:52.543407-04:00,2026-09-02T21:22:52.543407-04:00,propline_free_sample
2026-09-02,2026-09-02 20:10:00+00:00,Bryce Miller,4.5,over,100,prizepicks,186497,Boston Red Sox,Seattle Mariners,2026-09-02T14:25:26.148844+00:00,2026-09-03T01:22:52.543407+00:00,2026-09-02T21:22:52.543407-04:00,2026-09-02T21:22:52.543407-04:00,propline_free_sample
2026-09-02,2026-09-02 20:10:00+00:00,Bryce Miller,4.5,under,100,prizepicks,186497,Boston Red Sox,Seattle Mariners,2026-09-02T14:25:26.148844+00:00,2026-09-03T01:22:52.543407+00:00,2026-09-02T21:22:52.543407-04:00,2026-09-02T21:22:52.543407-04:00,propline_free_sample
2026-09-02,2026-09-02 20:10:00+00:00,Bryce Miller,4.5,over,109,pinnacle,186497,Boston Red Sox,Seattle Mariners,2026-09-02T18:34:20.151640+00:00,2026-09-03T01:22:52.543407+00:00,2026-09-02T21:22:52.543407-04:00,2026-09-02T21:22:52.543407-04:00,propline_free_sample
2026-09-02,2026-09-02 20:10:00+00:00,Bryce Miller,4.5,under,-145,pinnacle,186497,Boston Red Sox,Seattle Mariners,2026-09-02T18:34:20.151640+00:00,2026-09-03T01:22:52.543407+00:00,2026-09-02T21:22:52.543407-04:00,2026-09-02T21:22:52.543407-04:00,propline_free_sample
2026-09-02,2026-09-02 20:10:00+00:00,Patrick Sandoval,5.5,over,124,pinnacle,186497,Boston Red Sox,Seattle Mariners,2026-09-02T18:34:20.151640+00:00,2026-09-03T01:22:52.543407+00:00,2026-09-02T21:22:52.543407-04:00,2026-09-02T21:22:52.543407-04:00,propline_free_sample
2026-09-02,2026-09-02 20:10:00+00:00,Patrick Sandoval,5.5,under,-165,pinnacle,186497,Boston Red Sox,Seattle Mariners,2026-09-02T18:34:20.151640+00:00,2026-09-03T01:22:52.543407+00:00,2026-09-02T21:22:52.543407-04:00,2026-09-02T21:22:52.543407-04:00,propline_free_sample
2026-09-02,2026-09-02 20:10:00+00:00,Bryce Miller,4.0,over,119,prophetx,186497,Boston Red Sox,Seattle Mariners,2026-09-02T14:52:44.568593+00:00,2026-09-03T01:22:52.543407+00:00,2026-09-02T21:22:52.543407-04:00,2026-09-02T21:22:52.543407-04:00,propline_free_sample
2026-09-02,2026-09-02 20:10:00+00:00,Bryce Miller,4.0,under,-142,prophetx,186497,Boston Red Sox,Seattle Mariners,2026-09-02T14:52:44.568593+00:00,2026-09-03T01:22:52.543407+00:00,2026-09-02T21:22:52.543407-04:00,2026-09-02T21:22:52.543407-04:00,propline_free_sample
2026-09-02,2026-09-02 20:10:00+00:00,Patrick Sandoval,5.0,over,119,prophetx,186497,Boston Red Sox,Seattle Mariners,2026-09-02T18:31:36.537181+00:00,2026-09-03T01:22:52.543407+00:00,2026-09-02T21:22:52.543407-04:00,2026-09-02T21:22:52.543407-04:00,propline_free_sample
2026-09-02,2026-09-02 20:10:00+00:00,Patrick Sandoval,5.0,under,-130,prophetx,186497,Boston Red Sox,Seattle Mariners,2026-09-02T14:52:44.568593+00:00,2026-09-03T01:22:52.543407+00:00,2026-09-02T21:22:52.543407-04:00,2026-09-02T21:22:52.543407-04:00,propline_free_sample
2026-09-02,2026-09-02 20:10:00+00:00,Bryce Miller,4.5,over,114,rebet,186497,Boston Red Sox,Seattle Mariners,2026-09-02T18:31:28.222357+00:00,2026-09-03T01:22:52.543407+00:00,2026-09-02T21:22:52.543407-04:00,2026-09-02T21:22:52.543407-04:00,propline_free_sample
2026-09-02,2026-09-02 20:10:00+00:00,Bryce Miller,4.5,under,-158,rebet,186497,Boston Red Sox,Seattle Mariners,2026-09-02T18:31:28.222357+00:00,2026-09-03T01:22:52.543407+00:00,2026-09-02T21:22:52.543407-04:00,2026-09-02T21:22:52.543407-04:00,propline_free_sample
2026-09-02,2026-09-02 19:40:00+00:00,Andrew Painter,3.5,over,-106,dabble,186158,Arizona Diamondbacks,Philadelphia Phillies,2026-09-02T08:47:13.768024+00:00,2026-09-03T01:22:52.543407+00:00,2026-09-02T21:22:52.543407-04:00,2026-09-02T21:22:52.543407-04:00,propline_free_sample
2026-09-02,2026-09-02 19:40:00+00:00,Andrew Painter,3.5,under,108,dabble,186158,Arizona Diamondbacks,Philadelphia Phillies,2026-09-02T08:47:13.768024+00:00,2026-09-03T01:22:52.543407+00:00,2026-09-02T21:22:52.543407-04:00,2026-09-02T21:22:52.543407-04:00,propline_free_sample
2026-09-02,2026-09-02 19:40:00+00:00,Andrew Painter,4.5,over,126,underdog,186158,Arizona Diamondbacks,Philadelphia Phillies,2026-09-02T18:12:53.297045+00:00,2026-09-03T01:22:52.543407+00:00,2026-09-02T21:22:52.543407-04:00,2026-09-02T21:22:52.543407-04:00,propline_free_sample
2026-09-02,2026-09-02 19:40:00+00:00,Andrew Painter,4.5,under,-170,underdog,186158,Arizona Diamondbacks,Philadelphia Phillies,2026-09-02T18:12:53.297045+00:00,2026-09-03T01:22:52.543407+00:00,2026-09-02T21:22:52.543407-04:00,2026-09-02T21:22:52.543407-04:00,propline_free_sample
2026-09-02,2026-09-02 19:40:00+00:00,Andrew Painter,4.0,over,100,prizepicks,186158,Arizona Diamondbacks,Philadelphia Phillies,2026-09-02T16:11:24.468026+00:00,2026-09-03T01:22:52.543407+00:00,2026-09-02T21:22:52.543407-04:00,2026-09-02T21:22:52.543407-04:00,propline_free_sample
2026-09-02,2026-09-02 19:40:00+00:00,Andrew Painter,4.0,under,100,prizepicks,186158,Arizona Diamondbacks,Philadelphia Phillies,2026-09-02T16:11:24.468026+00:00,2026-09-03T01:22:52.543407+00:00,2026-09-02T21:22:52.543407-04:00,2026-09-02T21:22:52.543407-04:00,propline_free_sample
2026-09-02,2026-09-02 19:40:00+00:00,Andrew Painter,3.5,over,-192,sleeper,186158,Arizona Diamondbacks,Philadelphia Phillies,2026-09-02T17:41:03.663163+00:00,2026-09-03T01:22:52.543407+00:00,2026-09-02T21:22:52.543407-04:00,2026-09-02T21:22:52.543407-04:00,propline_free_sample
2026-09-02,2026-09-02 19:40:00+00:00,Andrew Painter,3.5,under,113,sleeper,186158,Arizona Diamondbacks,Philadelphia Phillies,2026-09-02T18:01:17.820936+00:00,2026-09-03T01:22:52.543407+00:00,2026-09-02T21:22:52.543407-04:00,2026-09-02T21:22:52.543407-04:00,propline_free_sample
2026-09-02,2026-09-02 19:40:00+00:00,Taylor Clarke,0.5,over,-108,dabble,186158,Arizona Diamondbacks,Philadelphia Phillies,2026-09-02T15:24:12.254396+00:00,2026-09-03T01:22:52.543407+00:00,2026-09-02T21:22:52.543407-04:00,2026-09-02T21:22:52.543407-04:00,propline_free_sample
2026-09-02,2026-09-02 19:40:00+00:00,Taylor Clarke,0.5,under,109,dabble,186158,Arizona Diamondbacks,Philadelphia Phillies,2026-09-02T18:53:27.647477+00:00,2026-09-03T01:22:52.543407+00:00,2026-09-02T21:22:52.543407-04:00,2026-09-02T21:22:52.543407-04:00,propline_free_sample
2026-09-02,2026-09-02 19:40:00+00:00,Taylor Clarke,0.5,over,-129,underdog,186158,Arizona Diamondbacks,Philadelphia Phillies,2026-09-02T07:29:40.462549+00:00,2026-09-03T01:22:52.543407+00:00,2026-09-02T21:22:52.543407-04:00,2026-09-02T21:22:52.543407-04:00,propline_free_sample
2026-09-02,2026-09-02 19:40:00+00:00,Taylor Clarke,0.5,under,-106,underdog,186158,Arizona Diamondbacks,Philadelphia Phillies,2026-09-02T07:29:40.462549+00:00,2026-09-03T01:22:52.543407+00:00,2026-09-02T21:22:52.543407-04:00,2026-09-02T21:22:52.543407-04:00,propline_free_sample
2026-09-02,2026-09-02 19:40:00+00:00,Taylor Clarke,0.5,over,100,prizepicks,186158,Arizona Diamondbacks,Philadelphia Phillies,2026-09-02T05:43:18.153449+00:00,2026-09-03T01:22:52.543407+00:00,2026-09-02T21:22:52.543407-04:00,2026-09-02T21:22:52.543407-04:00,propline_free_sample
2026-09-02,2026-09-02 19:40:00+00:00,Taylor Clarke,0.5,under,100,prizepicks,186158,Arizona Diamondbacks,Philadelphia Phillies,2026-09-02T05:43:18.153449+00:00,2026-09-03T01:22:52.543407+00:00,2026-09-02T21:22:52.543407-04:00,2026-09-02T21:22:52.543407-04:00,propline_free_sample
2026-09-02,2026-09-02 19:40:00+00:00,Andrew Painter,3.5,over,-159,smarkets,186158,Arizona Diamondbacks,Philadelphia Phillies,2026-09-02T17:12:37.681532+00:00,2026-09-03T01:22:52.543407+00:00,2026-09-02T21:22:52.543407-04:00,2026-09-02T21:22:52.543407-04:00,propline_free_sample
2026-09-02,2026-09-02 19:40:00+00:00,Andrew Painter,3.5,under,112,smarkets,186158,Arizona Diamondbacks,Philadelphia Phillies,2026-09-02T17:12:37.681532+00:00,2026-09-03T01:22:52.543407+00:00,2026-09-02T21:22:52.543407-04:00,2026-09-02T21:22:52.543407-04:00,propline_free_sample
2026-09-02,2026-09-02 19:40:00+00:00,Taylor Clarke,0.5,over,-127,smarkets,186158,Arizona Diamondbacks,Philadelphia Phillies,2026-09-02T15:25:53.385384+00:00,2026-09-03T01:22:52.543407+00:00,2026-09-02T21:22:52.543407-04:00,2026-09-02T21:22:52.543407-04:00,propline_free_sample
2026-09-02,2026-09-02 19:40:00+00:00,Taylor Clarke,0.5,under,-110,smarkets,186158,Arizona Diamondbacks,Philadelphia Phillies,2026-09-02T15:25:53.385384+00:00,2026-09-03T01:22:52.543407+00:00,2026-09-02T21:22:52.543407-04:00,2026-09-02T21:22:52.543407-04:00,propline_free_sample
2026-09-02,2026-09-02 19:40:00+00:00,Andrew Painter,6.5,over,100,prizepicks,186158,Arizona Diamondbacks,Philadelphia Phillies,2026-09-02T06:03:20.559527+00:00,2026-09-03T01:22:52.543407+00:00,2026-09-02T21:22:52.543407-04:00,2026-09-02T21:22:52.543407-04:00,propline_free_sample
2026-09-02,2026-09-02 19:40:00+00:00,Taylor Clarke,0.5,over,-133,sleeper,186158,Arizona Diamondbacks,Philadelphia Phillies,2026-09-02T12:56:46.407787+00:00,2026-09-03T01:22:52.543407+00:00,2026-09-02T21:22:52.543407-04:00,2026-09-02T21:22:52.543407-04:00,propline_free_sample
2026-09-02,2026-09-02 19:40:00+00:00,Taylor Clarke,0.5,under,-123,sleeper,186158,Arizona Diamondbacks,Philadelphia Phillies,2026-09-02T12:56:46.407787+00:00,2026-09-03T01:22:52.543407+00:00,2026-09-02T21:22:52.543407-04:00,2026-09-02T21:22:52.543407-04:00,propline_free_sample
2026-09-02,2026-09-02 19:40:00+00:00,Andrew Painter,4.0,over,100,betr,186158,Arizona Diamondbacks,Philadelphia Phillies,2026-09-02T15:53:17.117464+00:00,2026-09-03T01:22:52.543407+00:00,2026-09-02T21:22:52.543407-04:00,2026-09-02T21:22:52.543407-04:00,propline_free_sample
2026-09-02,2026-09-02 19:40:00+00:00,Andrew Painter,4.0,under,100,betr,186158,Arizona Diamondbacks,Philadelphia Phillies,2026-09-02T15:53:17.117464+00:00,2026-09-03T01:22:52.543407+00:00,2026-09-02T21:22:52.543407-04:00,2026-09-02T21:22:52.543407-04:00,propline_free_sample
2026-09-02,2026-09-02 19:40:00+00:00,Andrew Painter,4.5,over,129,draftkings,186158,Arizona Diamondbacks,Philadelphia Phillies,2026-09-02T18:08:06.566371+00:00,2026-09-03T01:22:52.543407+00:00,2026-09-02T21:22:52.543407-04:00,2026-09-02T21:22:52.543407-04:00,propline_free_sample
2026-09-02,2026-09-02 19:40:00+00:00,Andrew Painter,4.5,under,-165,draftkings,186158,Arizona Diamondbacks,Philadelphia Phillies,2026-09-02T18:08:06.566371+00:00,2026-09-03T01:22:52.543407+00:00,2026-09-02T21:22:52.543407-04:00,2026-09-02T21:22:52.543407-04:00,propline_free_sample
2026-09-02,2026-09-02 19:40:00+00:00,Andrew Painter,5.5,over,105,fanatics,186158,Arizona Diamondbacks,Philadelphia Phillies,2026-09-02T19:26:49.600415+00:00,2026-09-03T01:22:52.543407+00:00,2026-09-02T21:22:52.543407-04:00,2026-09-02T21:22:52.543407-04:00,propline_free_sample
2026-09-02,2026-09-02 19:40:00+00:00,Andrew Painter,5.5,under,-140,fanatics,186158,Arizona Diamondbacks,Philadelphia Phillies,2026-09-02T19:26:49.600415+00:00,2026-09-03T01:22:52.543407+00:00,2026-09-02T21:22:52.543407-04:00,2026-09-02T21:22:52.543407-04:00,propline_free_sample
2026-09-02,2026-09-02 19:40:00+00:00,Andrew Painter,4.5,over,100,prizepicks,186158,Arizona Diamondbacks,Philadelphia Phillies,2026-09-02T08:27:23.055663+00:00,2026-09-03T01:22:52.543407+00:00,2026-09-02T21:22:52.543407-04:00,2026-09-02T21:22:52.543407-04:00,propline_free_sample
2026-09-02,2026-09-02 19:40:00+00:00,Andrew Painter,5.5,over,100,prizepicks,186158,Arizona Diamondbacks,Philadelphia Phillies,2026-09-02T08:27:23.055663+00:00,2026-09-03T01:22:52.543407+00:00,2026-09-02T21:22:52.543407-04:00,2026-09-02T21:22:52.543407-04:00,propline_free_sample
2026-09-02,2026-09-02 19:40:00+00:00,Andrew Painter,7.5,over,100,prizepicks,186158,Arizona Diamondbacks,Philadelphia Phillies,2026-09-02T08:27:23.055663+00:00,2026-09-03T01:22:52.543407+00:00,2026-09-02T21:22:52.543407-04:00,2026-09-02T21:22:52.543407-04:00,propline_free_sample
2026-09-02,2026-09-02 19:40:00+00:00,Andrew Painter,2.5,over,100,prizepicks,186158,Arizona Diamondbacks,Philadelphia Phillies,2026-09-02T08:27:23.055663+00:00,2026-09-03T01:22:52.543407+00:00,2026-09-02T21:22:52.543407-04:00,2026-09-02T21:22:52.543407-04:00,propline_free_sample
2026-09-02,2026-09-02 19:40:00+00:00,Andrew Painter,3.5,over,-144,novig,186158,Arizona Diamondbacks,Philadelphia Phillies,2026-09-02T18:53:37.830636+00:00,2026-09-03T01:22:52.543407+00:00,2026-09-02T21:22:52.543407-04:00,2026-09-02T21:22:52.543407-04:00,propline_free_sample
2026-09-02,2026-09-02 19:40:00+00:00,Andrew Painter,3.5,under,104,novig,186158,Arizona Diamondbacks,Philadelphia Phillies,2026-09-02T19:37:47.446941+00:00,2026-09-03T01:22:52.543407+00:00,2026-09-02T21:22:52.543407-04:00,2026-09-02T21:22:52.543407-04:00,propline_free_sample
2026-09-02,2026-09-02 19:40:00+00:00,Andrew Painter,4.5,under,100,prizepicks,186158,Arizona Diamondbacks,Philadelphia Phillies,2026-09-02T08:51:06.758604+00:00,2026-09-03T01:22:52.543407+00:00,2026-09-02T21:22:52.543407-04:00,2026-09-02T21:22:52.543407-04:00,propline_free_sample
2026-09-02,2026-09-02 19:40:00+00:00,Andrew Painter,5.5,under,100,prizepicks,186158,Arizona Diamondbacks,Philadelphia Phillies,2026-09-02T08:51:06.758604+00:00,2026-09-03T01:22:52.543407+00:00,2026-09-02T21:22:52.543407-04:00,2026-09-02T21:22:52.543407-04:00,propline_free_sample
2026-09-02,2026-09-02 19:40:00+00:00,Andrew Painter,2.5,under,100,prizepicks,186158,Arizona Diamondbacks,Philadelphia Phillies,2026-09-02T08:51:06.758604+00:00,2026-09-03T01:22:52.543407+00:00,2026-09-02T21:22:52.543407-04:00,2026-09-02T21:22:52.543407-04:00,propline_free_sample
2026-09-02,2026-09-02 19:40:00+00:00,Andrew Painter,3.5,over,100,prizepicks,186158,Arizona Diamondbacks,Philadelphia Phillies,2026-09-02T08:51:06.758604+00:00,2026-09-03T01:22:52.543407+00:00,2026-09-02T21:22:52.543407-04:00,2026-09-02T21:22:52.543407-04:00,propline_free_sample
2026-09-02,2026-09-02 19:40:00+00:00,Andrew Painter,3.5,under,100,prizepicks,186158,Arizona Diamondbacks,Philadelphia Phillies,2026-09-02T08:51:06.758604+00:00,2026-09-03T01:22:52.543407+00:00,2026-09-02T21:22:52.543407-04:00,2026-09-02T21:22:52.543407-04:00,propline_free_sample
2026-09-02,2026-09-02 19:40:00+00:00,Andrew Painter,1.5,over,-4900,kalshi,186158,Arizona Diamondbacks,Philadelphia Phillies,2026-09-02T19:36:58.027969+00:00,2026-09-03T01:22:52.543407+00:00,2026-09-02T21:22:52.543407-04:00,2026-09-02T21:22:52.543407-04:00,propline_free_sample
2026-09-02,2026-09-02 19:40:00+00:00,Andrew Painter,1.5,under,9900,kalshi,186158,Arizona Diamondbacks,Philadelphia Phillies,2026-09-02T19:39:57.203008+00:00,2026-09-03T01:22:52.543407+00:00,2026-09-02T21:22:52.543407-04:00,2026-09-02T21:22:52.543407-04:00,propline_free_sample
2026-09-02,2026-09-02 19:40:00+00:00,Andrew Painter,2.5,over,-4900,kalshi,186158,Arizona Diamondbacks,Philadelphia Phillies,2026-09-02T18:05:27.456580+00:00,2026-09-03T01:22:52.543407+00:00,2026-09-02T21:22:52.543407-04:00,2026-09-02T21:22:52.543407-04:00,propline_free_sample
2026-09-02,2026-09-02 19:40:00+00:00,Andrew Painter,2.5,under,9900,kalshi,186158,Arizona Diamondbacks,Philadelphia Phillies,2026-09-02T17:42:44.735627+00:00,2026-09-03T01:22:52.543407+00:00,2026-09-02T21:22:52.543407-04:00,2026-09-02T21:22:52.543407-04:00,propline_free_sample
2026-09-02,2026-09-02 19:40:00+00:00,Andrew Painter,3.5,over,-900,kalshi,186158,Arizona Diamondbacks,Philadelphia Phillies,2026-09-02T17:12:20.085603+00:00,2026-09-03T01:22:52.543407+00:00,2026-09-02T21:22:52.543407-04:00,2026-09-02T21:22:52.543407-04:00,propline_free_sample
2026-09-02,2026-09-02 19:40:00+00:00,Andrew Painter,3.5,under,9900,kalshi,186158,Arizona Diamondbacks,Philadelphia Phillies,2026-09-02T17:12:20.085603+00:00,2026-09-03T01:22:52.543407+00:00,2026-09-02T21:22:52.543407-04:00,2026-09-02T21:22:52.543407-04:00,propline_free_sample
2026-09-02,2026-09-02 19:40:00+00:00,Andrew Painter,4.5,over,-400,kalshi,186158,Arizona Diamondbacks,Philadelphia Phillies,2026-09-02T17:05:20.526119+00:00,2026-09-03T01:22:52.543407+00:00,2026-09-02T21:22:52.543407-04:00,2026-09-02T21:22:52.543407-04:00,propline_free_sample
2026-09-02,2026-09-02 19:40:00+00:00,Andrew Painter,4.5,under,9900,kalshi,186158,Arizona Diamondbacks,Philadelphia Phillies,2026-09-02T17:05:20.526119+00:00,2026-09-03T01:22:52.543407+00:00,2026-09-02T21:22:52.543407-04:00,2026-09-02T21:22:52.543407-04:00,propline_free_sample
2026-09-02,2026-09-02 19:40:00+00:00,Andrew Painter,5.5,over,-133,kalshi,186158,Arizona Diamondbacks,Philadelphia Phillies,2026-09-02T19:34:30.775610+00:00,2026-09-03T01:22:52.543407+00:00,2026-09-02T21:22:52.543407-04:00,2026-09-02T21:22:52.543407-04:00,propline_free_sample
2026-09-02,2026-09-02 19:40:00+00:00,Andrew Painter,5.5,under,9900,kalshi,186158,Arizona Diamondbacks,Philadelphia Phillies,2026-09-02T17:10:30.556479+00:00,2026-09-03T01:22:52.543407+00:00,2026-09-02T21:22:52.543407-04:00,2026-09-02T21:22:52.543407-04:00,propline_free_sample
2026-09-02,2026-09-02 19:40:00+00:00,Andrew Painter,6.5,over,9900,kalshi,186158,Arizona Diamondbacks,Philadelphia Phillies,2026-09-02T19:18:09.639166+00:00,2026-09-03T01:22:52.543407+00:00,2026-09-02T21:22:52.543407-04:00,2026-09-02T21:22:52.543407-04:00,propline_free_sample
2026-09-02,2026-09-02 19:40:00+00:00,Andrew Painter,6.5,under,-3233,kalshi,186158,Arizona Diamondbacks,Philadelphia Phillies,2026-09-02T19:35:29.327705+00:00,2026-09-03T01:22:52.543407+00:00,2026-09-02T21:22:52.543407-04:00,2026-09-02T21:22:52.543407-04:00,propline_free_sample
2026-09-02,2026-09-02 19:40:00+00:00,Andrew Painter,7.5,over,9900,kalshi,186158,Arizona Diamondbacks,Philadelphia Phillies,2026-09-02T19:39:57.203008+00:00,2026-09-03T01:22:52.543407+00:00,2026-09-02T21:22:52.543407-04:00,2026-09-02T21:22:52.543407-04:00,propline_free_sample
2026-09-02,2026-09-02 19:40:00+00:00,Andrew Painter,7.5,under,-9900,kalshi,186158,Arizona Diamondbacks,Philadelphia Phillies,2026-09-02T15:09:20.899614+00:00,2026-09-03T01:22:52.543407+00:00,2026-09-02T21:22:52.543407-04:00,2026-09-02T21:22:52.543407-04:00,propline_free_sample
2026-09-02,2026-09-02 19:40:00+00:00,Andrew Painter,3.5,over,-158,fanduel,186158,Arizona Diamondbacks,Philadelphia Phillies,2026-09-02T19:24:44.024769+00:00,2026-09-03T01:22:52.543407+00:00,2026-09-02T21:22:52.543407-04:00,2026-09-02T21:22:52.543407-04:00,propline_free_sample
2026-09-02,2026-09-02 19:40:00+00:00,Andrew Painter,3.5,under,124,fanduel,186158,Arizona Diamondbacks,Philadelphia Phillies,2026-09-02T18:19:33.770365+00:00,2026-09-03T01:22:52.543407+00:00,2026-09-02T21:22:52.543407-04:00,2026-09-02T21:22:52.543407-04:00,propline_free_sample
2026-09-02,2026-09-02 19:40:00+00:00,Andrew Painter,3.5,over,-130,onexbet,186158,Arizona Diamondbacks,Philadelphia Phillies,2026-09-02T17:54:49.238833+00:00,2026-09-03T01:22:52.543407+00:00,2026-09-02T21:22:52.543407-04:00,2026-09-02T21:22:52.543407-04:00,propline_free_sample
2026-09-02,2026-09-02 19:40:00+00:00,Taylor Clarke,0.5,over,-130,onexbet,186158,Arizona Diamondbacks,Philadelphia Phillies,2026-09-02T09:12:36.649862+00:00,2026-09-03T01:22:52.543407+00:00,2026-09-02T21:22:52.543407-04:00,2026-09-02T21:22:52.543407-04:00,propline_free_sample
2026-09-02,2026-09-02 19:40:00+00:00,Andrew Painter,3.5,under,-105,onexbet,186158,Arizona Diamondbacks,Philadelphia Phillies,2026-09-02T17:54:49.238833+00:00,2026-09-03T01:22:52.543407+00:00,2026-09-02T21:22:52.543407-04:00,2026-09-02T21:22:52.543407-04:00,propline_free_sample
2026-09-02,2026-09-02 19:40:00+00:00,Taylor Clarke,0.5,under,-105,onexbet,186158,Arizona Diamondbacks,Philadelphia Phillies,2026-09-02T09:12:36.649862+00:00,2026-09-03T01:22:52.543407+00:00,2026-09-02T21:22:52.543407-04:00,2026-09-02T21:22:52.543407-04:00,propline_free_sample
2026-09-02,2026-09-02 19:40:00+00:00,Andrew Painter (PHI),3.5,over,-160,bovada,186158,Arizona Diamondbacks,Philadelphia Phillies,2026-09-02T18:46:15.467048+00:00,2026-09-03T01:22:52.543407+00:00,2026-09-02T21:22:52.543407-04:00,2026-09-02T21:22:52.543407-04:00,propline_free_sample
2026-09-02,2026-09-02 19:40:00+00:00,Andrew Painter (PHI),3.5,under,120,bovada,186158,Arizona Diamondbacks,Philadelphia Phillies,2026-09-02T18:46:15.467048+00:00,2026-09-03T01:22:52.543407+00:00,2026-09-02T21:22:52.543407-04:00,2026-09-02T21:22:52.543407-04:00,propline_free_sample
2026-09-02,2026-09-02 19:40:00+00:00,Andrew Painter,3.5,over,-138,prophetx,186158,Arizona Diamondbacks,Philadelphia Phillies,2026-09-02T19:31:40.189875+00:00,2026-09-03T01:22:52.543407+00:00,2026-09-02T21:22:52.543407-04:00,2026-09-02T21:22:52.543407-04:00,propline_free_sample
2026-09-02,2026-09-02 19:40:00+00:00,Andrew Painter,3.5,under,119,prophetx,186158,Arizona Diamondbacks,Philadelphia Phillies,2026-09-02T19:39:26.835583+00:00,2026-09-03T01:22:52.543407+00:00,2026-09-02T21:22:52.543407-04:00,2026-09-02T21:22:52.543407-04:00,propline_free_sample
2026-09-02,2026-09-02 19:40:00+00:00,Andrew Painter,3.5,over,-175,betmgm,186158,Arizona Diamondbacks,Philadelphia Phillies,2026-09-02T17:15:05.345644+00:00,2026-09-03T01:22:52.543407+00:00,2026-09-02T21:22:52.543407-04:00,2026-09-02T21:22:52.543407-04:00,propline_free_sample
2026-09-02,2026-09-02 19:40:00+00:00,Andrew Painter,3.5,under,130,betmgm,186158,Arizona Diamondbacks,Philadelphia Phillies,2026-09-02T16:04:38.847434+00:00,2026-09-03T01:22:52.543407+00:00,2026-09-02T21:22:52.543407-04:00,2026-09-02T21:22:52.543407-04:00,propline_free_sample
2026-09-02,2026-09-02 19:40:00+00:00,Andrew Painter,3.5,over,-167,betrivers,186158,Arizona Diamondbacks,Philadelphia Phillies,2026-09-02T17:43:50.516649+00:00,2026-09-03T01:22:52.543407+00:00,2026-09-02T21:22:52.543407-04:00,2026-09-02T21:22:52.543407-04:00,propline_free_sample
2026-09-02,2026-09-02 19:40:00+00:00,Andrew Painter,3.5,under,125,betrivers,186158,Arizona Diamondbacks,Philadelphia Phillies,2026-09-02T17:43:50.516649+00:00,2026-09-03T01:22:52.543407+00:00,2026-09-02T21:22:52.543407-04:00,2026-09-02T21:22:52.543407-04:00,propline_free_sample
2026-09-02,2026-09-02 19:40:00+00:00,Andrew Painter,2.5,over,-400,novig,186158,Arizona Diamondbacks,Philadelphia Phillies,2026-09-02T18:51:59.316628+00:00,2026-09-03T01:22:52.543407+00:00,2026-09-02T21:22:52.543407-04:00,2026-09-02T21:22:52.543407-04:00,propline_free_sample
2026-09-02,2026-09-02 19:40:00+00:00,Andrew Painter,2.5,under,300,novig,186158,Arizona Diamondbacks,Philadelphia Phillies,2026-09-02T19:36:47.864547+00:00,2026-09-03T01:22:52.543407+00:00,2026-09-02T21:22:52.543407-04:00,2026-09-02T21:22:52.543407-04:00,propline_free_sample
2026-09-02,2026-09-02 19:40:00+00:00,Andrew Painter,4.5,over,141,novig,186158,Arizona Diamondbacks,Philadelphia Phillies,2026-09-02T18:45:02.237235+00:00,2026-09-03T01:22:52.543407+00:00,2026-09-02T21:22:52.543407-04:00,2026-09-02T21:22:52.543407-04:00,propline_free_sample
2026-09-02,2026-09-02 19:40:00+00:00,Andrew Painter,4.5,under,-182,novig,186158,Arizona Diamondbacks,Philadelphia Phillies,2026-09-02T19:39:10.526092+00:00,2026-09-03T01:22:52.543407+00:00,2026-09-02T21:22:52.543407-04:00,2026-09-02T21:22:52.543407-04:00,propline_free_sample
2026-09-02,2026-09-02 19:40:00+00:00,Andrew Painter,3.5,over,-150,rebet,186158,Arizona Diamondbacks,Philadelphia Phillies,2026-09-02T19:22:01.853103+00:00,2026-09-03T01:22:52.543407+00:00,2026-09-02T21:22:52.543407-04:00,2026-09-02T21:22:52.543407-04:00,propline_free_sample
2026-09-02,2026-09-02 19:40:00+00:00,Andrew Painter,3.5,under,108,rebet,186158,Arizona Diamondbacks,Philadelphia Phillies,2026-09-02T17:45:25.348211+00:00,2026-09-03T01:22:52.543407+00:00,2026-09-02T21:22:52.543407-04:00,2026-09-02T21:22:52.543407-04:00,propline_free_sample
2026-09-02,2026-09-02 19:40:00+00:00,Andrew Painter (PHI),3.5,over,-140,lowvig,186158,Arizona Diamondbacks,Philadelphia Phillies,2026-09-02T14:11:42.339756+00:00,2026-09-03T01:22:52.543407+00:00,2026-09-02T21:22:52.543407-04:00,2026-09-02T21:22:52.543407-04:00,propline_free_sample
2026-09-02,2026-09-02 19:40:00+00:00,Andrew Painter (PHI),3.5,under,100,lowvig,186158,Arizona Diamondbacks,Philadelphia Phillies,2026-09-02T14:11:42.339756+00:00,2026-09-03T01:22:52.543407+00:00,2026-09-02T21:22:52.543407-04:00,2026-09-02T21:22:52.543407-04:00,propline_free_sample
2026-09-02,2026-09-02 19:40:00+00:00,Andrew Painter (PHI),3.5,over,-140,betonlineag,186158,Arizona Diamondbacks,Philadelphia Phillies,2026-09-02T14:15:56.528790+00:00,2026-09-03T01:22:52.543407+00:00,2026-09-02T21:22:52.543407-04:00,2026-09-02T21:22:52.543407-04:00,propline_free_sample
2026-09-02,2026-09-02 19:40:00+00:00,Andrew Painter (PHI),3.5,under,100,betonlineag,186158,Arizona Diamondbacks,Philadelphia Phillies,2026-09-02T14:15:56.528790+00:00,2026-09-03T01:22:52.543407+00:00,2026-09-02T21:22:52.543407-04:00,2026-09-02T21:22:52.543407-04:00,propline_free_sample
2026-09-02,2026-09-02 19:40:00+00:00,Andrew Painter,3.5,over,-154,pinnacle,186158,Arizona Diamondbacks,Philadelphia Phillies,2026-09-02T17:25:48.354519+00:00,2026-09-03T01:22:52.543407+00:00,2026-09-02T21:22:52.543407-04:00,2026-09-02T21:22:52.543407-04:00,propline_free_sample
2026-09-02,2026-09-02 19:40:00+00:00,Andrew Painter,3.5,under,116,pinnacle,186158,Arizona Diamondbacks,Philadelphia Phillies,2026-09-02T17:25:48.354519+00:00,2026-09-03T01:22:52.543407+00:00,2026-09-02T21:22:52.543407-04:00,2026-09-02T21:22:52.543407-04:00,propline_free_sample
2026-09-02,2026-09-02 19:40:00+00:00,Andrew Painter,5.5,over,300,novig,186158,Arizona Diamondbacks,Philadelphia Phillies,2026-09-02T19:38:02.890019+00:00,2026-09-03T01:22:52.543407+00:00,2026-09-02T21:22:52.543407-04:00,2026-09-02T21:22:52.543407-04:00,propline_free_sample
2026-09-02,2026-09-02 19:40:00+00:00,Andrew Painter,5.5,under,-1150,novig,186158,Arizona Diamondbacks,Philadelphia Phillies,2026-09-02T19:39:10.526092+00:00,2026-09-03T01:22:52.543407+00:00,2026-09-02T21:22:52.543407-04:00,2026-09-02T21:22:52.543407-04:00,propline_free_sample
2026-09-02,2026-09-02 19:40:00+00:00,Andrew Painter,4.5,over,156,prophetx,186158,Arizona Diamondbacks,Philadelphia Phillies,2026-09-02T18:38:10.723828+00:00,2026-09-03T01:22:52.543407+00:00,2026-09-02T21:22:52.543407-04:00,2026-09-02T21:22:52.543407-04:00,propline_free_sample
2026-09-02,2026-09-02 19:40:00+00:00,Andrew Painter,4.5,under,-174,prophetx,186158,Arizona Diamondbacks,Philadelphia Phillies,2026-09-02T18:46:48.229383+00:00,2026-09-03T01:22:52.543407+00:00,2026-09-02T21:22:52.543407-04:00,2026-09-02T21:22:52.543407-04:00,propline_free_sample
2026-09-02,2026-09-02 19:10:00+00:00,Tomoyuki Sugano,3.5,over,-118,fanduel,185883,Colorado Rockies,Baltimore Orioles,2026-09-02T17:58:23.586563+00:00,2026-09-03T01:22:52.543407+00:00,2026-09-02T21:22:52.543407-04:00,2026-09-02T21:22:52.543407-04:00,propline_free_sample
2026-09-02,2026-09-02 19:10:00+00:00,Tomoyuki Sugano,3.5,under,-108,fanduel,185883,Colorado Rockies,Baltimore Orioles,2026-09-02T17:58:23.586563+00:00,2026-09-03T01:22:52.543407+00:00,2026-09-02T21:22:52.543407-04:00,2026-09-02T21:22:52.543407-04:00,propline_free_sample
2026-09-02,2026-09-02 19:10:00+00:00,Trevor Rogers,5.5,over,104,fanduel,185883,Colorado Rockies,Baltimore Orioles,2026-09-02T19:07:44.278035+00:00,2026-09-03T01:22:52.543407+00:00,2026-09-02T21:22:52.543407-04:00,2026-09-02T21:22:52.543407-04:00,propline_free_sample
2026-09-02,2026-09-02 19:10:00+00:00,Trevor Rogers,5.5,under,-132,fanduel,185883,Colorado Rockies,Baltimore Orioles,2026-09-02T19:07:44.278035+00:00,2026-09-03T01:22:52.543407+00:00,2026-09-02T21:22:52.543407-04:00,2026-09-02T21:22:52.543407-04:00,propline_free_sample
2026-09-02,2026-09-02 19:10:00+00:00,Tomoyuki Sugano,4.5,over,120,fanatics,185883,Colorado Rockies,Baltimore Orioles,2026-09-02T18:26:57.019368+00:00,2026-09-03T01:22:52.543407+00:00,2026-09-02T21:22:52.543407-04:00,2026-09-02T21:22:52.543407-04:00,propline_free_sample
2026-09-02,2026-09-02 19:10:00+00:00,Tomoyuki Sugano,4.5,under,-160,fanatics,185883,Colorado Rockies,Baltimore Orioles,2026-09-02T18:26:57.019368+00:00,2026-09-03T01:22:52.543407+00:00,2026-09-02T21:22:52.543407-04:00,2026-09-02T21:22:52.543407-04:00,propline_free_sample
2026-09-02,2026-09-02 19:10:00+00:00,Trevor Rogers,7.5,over,125,fanatics,185883,Colorado Rockies,Baltimore Orioles,2026-09-02T19:02:07.826613+00:00,2026-09-03T01:22:52.543407+00:00,2026-09-02T21:22:52.543407-04:00,2026-09-02T21:22:52.543407-04:00,propline_free_sample
2026-09-02,2026-09-02 19:10:00+00:00,Trevor Rogers,7.5,under,-165,fanatics,185883,Colorado Rockies,Baltimore Orioles,2026-09-02T19:02:07.826613+00:00,2026-09-03T01:22:52.543407+00:00,2026-09-02T21:22:52.543407-04:00,2026-09-02T21:22:52.543407-04:00,propline_free_sample
2026-09-02,2026-09-02 19:10:00+00:00,Tomoyuki Sugano (COL),3.5,over,-115,bovada,185883,Colorado Rockies,Baltimore Orioles,2026-09-02T18:02:40.371912+00:00,2026-09-03T01:22:52.543407+00:00,2026-09-02T21:22:52.543407-04:00,2026-09-02T21:22:52.543407-04:00,propline_free_sample
2026-09-02,2026-09-02 19:10:00+00:00,Tomoyuki Sugano (COL),3.5,under,-115,bovada,185883,Colorado Rockies,Baltimore Orioles,2026-09-02T18:02:40.371912+00:00,2026-09-03T01:22:52.543407+00:00,2026-09-02T21:22:52.543407-04:00,2026-09-02T21:22:52.543407-04:00,propline_free_sample
2026-09-02,2026-09-02 19:10:00+00:00,Trevor Rogers (BAL),5.5,over,105,bovada,185883,Colorado Rockies,Baltimore Orioles,2026-09-02T18:02:40.371912+00:00,2026-09-03T01:22:52.543407+00:00,2026-09-02T21:22:52.543407-04:00,2026-09-02T21:22:52.543407-04:00,propline_free_sample
2026-09-02,2026-09-02 19:10:00+00:00,Trevor Rogers (BAL),5.5,under,-135,bovada,185883,Colorado Rockies,Baltimore Orioles,2026-09-02T18:02:40.371912+00:00,2026-09-03T01:22:52.543407+00:00,2026-09-02T21:22:52.543407-04:00,2026-09-02T21:22:52.543407-04:00,propline_free_sample
2026-09-02,2026-09-02 19:10:00+00:00,Tomoyuki Sugano,3.5,over,100,prizepicks,185883,Colorado Rockies,Baltimore Orioles,2026-09-02T04:43:17.330513+00:00,2026-09-03T01:22:52.543407+00:00,2026-09-02T21:22:52.543407-04:00,2026-09-02T21:22:52.543407-04:00,propline_free_sample
2026-09-02,2026-09-02 19:10:00+00:00,Tomoyuki Sugano,3.5,under,100,prizepicks,185883,Colorado Rockies,Baltimore Orioles,2026-09-02T04:43:17.330513+00:00,2026-09-03T01:22:52.543407+00:00,2026-09-02T21:22:52.543407-04:00,2026-09-02T21:22:52.543407-04:00,propline_free_sample
2026-09-02,2026-09-02 19:10:00+00:00,Tomoyuki Sugano,4.5,over,100,prizepicks,185883,Colorado Rockies,Baltimore Orioles,2026-09-02T04:43:17.330513+00:00,2026-09-03T01:22:52.543407+00:00,2026-09-02T21:22:52.543407-04:00,2026-09-02T21:22:52.543407-04:00,propline_free_sample
2026-09-02,2026-09-02 19:10:00+00:00,Tomoyuki Sugano,5.5,over,100,prizepicks,185883,Colorado Rockies,Baltimore Orioles,2026-09-02T04:43:17.330513+00:00,2026-09-03T01:22:52.543407+00:00,2026-09-02T21:22:52.543407-04:00,2026-09-02T21:22:52.543407-04:00,propline_free_sample
2026-09-02,2026-09-02 19:10:00+00:00,Trevor Rogers,5.5,over,100,prizepicks,185883,Colorado Rockies,Baltimore Orioles,2026-09-02T04:43:17.330513+00:00,2026-09-03T01:22:52.543407+00:00,2026-09-02T21:22:52.543407-04:00,2026-09-02T21:22:52.543407-04:00,propline_free_sample
2026-09-02,2026-09-02 19:10:00+00:00,Trevor Rogers,5.5,under,100,prizepicks,185883,Colorado Rockies,Baltimore Orioles,2026-09-02T04:43:17.330513+00:00,2026-09-03T01:22:52.543407+00:00,2026-09-02T21:22:52.543407-04:00,2026-09-02T21:22:52.543407-04:00,propline_free_sample
2026-09-02,2026-09-02 19:10:00+00:00,Trevor Rogers,6.5,over,100,prizepicks,185883,Colorado Rockies,Baltimore Orioles,2026-09-02T04:43:17.330513+00:00,2026-09-03T01:22:52.543407+00:00,2026-09-02T21:22:52.543407-04:00,2026-09-02T21:22:52.543407-04:00,propline_free_sample
2026-09-02,2026-09-02 19:10:00+00:00,Trevor Rogers,7.5,over,100,prizepicks,185883,Colorado Rockies,Baltimore Orioles,2026-09-02T04:43:17.330513+00:00,2026-09-03T01:22:52.543407+00:00,2026-09-02T21:22:52.543407-04:00,2026-09-02T21:22:52.543407-04:00,propline_free_sample
2026-09-02,2026-09-02 19:10:00+00:00,Tomoyuki Sugano,2.5,over,100,prizepicks,185883,Colorado Rockies,Baltimore Orioles,2026-09-02T04:43:17.330513+00:00,2026-09-03T01:22:52.543407+00:00,2026-09-02T21:22:52.543407-04:00,2026-09-02T21:22:52.543407-04:00,propline_free_sample
2026-09-02,2026-09-02 19:10:00+00:00,Trevor Rogers,3.5,over,100,prizepicks,185883,Colorado Rockies,Baltimore Orioles,2026-09-02T04:43:17.330513+00:00,2026-09-03T01:22:52.543407+00:00,2026-09-02T21:22:52.543407-04:00,2026-09-02T21:22:52.543407-04:00,propline_free_sample
2026-09-02,2026-09-02 19:10:00+00:00,Trevor Rogers,4.5,over,100,prizepicks,185883,Colorado Rockies,Baltimore Orioles,2026-09-02T04:43:17.330513+00:00,2026-09-03T01:22:52.543407+00:00,2026-09-02T21:22:52.543407-04:00,2026-09-02T21:22:52.543407-04:00,propline_free_sample
2026-09-02,2026-09-02 19:10:00+00:00,Tomoyuki Sugano,4.5,under,100,prizepicks,185883,Colorado Rockies,Baltimore Orioles,2026-09-02T04:47:15.080435+00:00,2026-09-03T01:22:52.543407+00:00,2026-09-02T21:22:52.543407-04:00,2026-09-02T21:22:52.543407-04:00,propline_free_sample
2026-09-02,2026-09-02 19:10:00+00:00,Tomoyuki Sugano,5.5,under,100,prizepicks,185883,Colorado Rockies,Baltimore Orioles,2026-09-02T04:47:15.080435+00:00,2026-09-03T01:22:52.543407+00:00,2026-09-02T21:22:52.543407-04:00,2026-09-02T21:22:52.543407-04:00,propline_free_sample
2026-09-02,2026-09-02 19:10:00+00:00,Tomoyuki Sugano,6.5,over,100,prizepicks,185883,Colorado Rockies,Baltimore Orioles,2026-09-02T04:47:15.080435+00:00,2026-09-03T01:22:52.543407+00:00,2026-09-02T21:22:52.543407-04:00,2026-09-02T21:22:52.543407-04:00,propline_free_sample
2026-09-02,2026-09-02 19:10:00+00:00,Trevor Rogers,6.5,under,100,prizepicks,185883,Colorado Rockies,Baltimore Orioles,2026-09-02T04:47:15.080435+00:00,2026-09-03T01:22:52.543407+00:00,2026-09-02T21:22:52.543407-04:00,2026-09-02T21:22:52.543407-04:00,propline_free_sample
2026-09-02,2026-09-02 19:10:00+00:00,Trevor Rogers,7.5,under,100,prizepicks,185883,Colorado Rockies,Baltimore Orioles,2026-09-02T04:47:15.080435+00:00,2026-09-03T01:22:52.543407+00:00,2026-09-02T21:22:52.543407-04:00,2026-09-02T21:22:52.543407-04:00,propline_free_sample
2026-09-02,2026-09-02 19:10:00+00:00,Trevor Rogers,2.5,over,100,prizepicks,185883,Colorado Rockies,Baltimore Orioles,2026-09-02T04:47:15.080435+00:00,2026-09-03T01:22:52.543407+00:00,2026-09-02T21:22:52.543407-04:00,2026-09-02T21:22:52.543407-04:00,propline_free_sample
2026-09-02,2026-09-02 19:10:00+00:00,Tomoyuki Sugano,2.5,under,100,prizepicks,185883,Colorado Rockies,Baltimore Orioles,2026-09-02T04:47:15.080435+00:00,2026-09-03T01:22:52.543407+00:00,2026-09-02T21:22:52.543407-04:00,2026-09-02T21:22:52.543407-04:00,propline_free_sample
2026-09-02,2026-09-02 19:10:00+00:00,Trevor Rogers,2.5,under,100,prizepicks,185883,Colorado Rockies,Baltimore Orioles,2026-09-02T04:47:15.080435+00:00,2026-09-03T01:22:52.543407+00:00,2026-09-02T21:22:52.543407-04:00,2026-09-02T21:22:52.543407-04:00,propline_free_sample
2026-09-02,2026-09-02 19:10:00+00:00,Trevor Rogers,3.5,under,100,prizepicks,185883,Colorado Rockies,Baltimore Orioles,2026-09-02T04:47:15.080435+00:00,2026-09-03T01:22:52.543407+00:00,2026-09-02T21:22:52.543407-04:00,2026-09-02T21:22:52.543407-04:00,propline_free_sample
2026-09-02,2026-09-02 19:10:00+00:00,Trevor Rogers,4.5,under,100,prizepicks,185883,Colorado Rockies,Baltimore Orioles,2026-09-02T04:47:15.080435+00:00,2026-09-03T01:22:52.543407+00:00,2026-09-02T21:22:52.543407-04:00,2026-09-02T21:22:52.543407-04:00,propline_free_sample
2026-09-02,2026-09-02 19:10:00+00:00,Trevor Rogers,9.5,over,100,prizepicks,185883,Colorado Rockies,Baltimore Orioles,2026-09-02T04:47:15.080435+00:00,2026-09-03T01:22:52.543407+00:00,2026-09-02T21:22:52.543407-04:00,2026-09-02T21:22:52.543407-04:00,propline_free_sample
2026-09-02,2026-09-02 19:10:00+00:00,Tomoyuki Sugano,1.5,over,100,prizepicks,185883,Colorado Rockies,Baltimore Orioles,2026-09-02T04:47:15.080435+00:00,2026-09-03T01:22:52.543407+00:00,2026-09-02T21:22:52.543407-04:00,2026-09-02T21:22:52.543407-04:00,propline_free_sample
2026-09-02,2026-09-02 19:10:00+00:00,Tomoyuki Sugano,1.5,under,100,prizepicks,185883,Colorado Rockies,Baltimore Orioles,2026-09-02T04:47:15.080435+00:00,2026-09-03T01:22:52.543407+00:00,2026-09-02T21:22:52.543407-04:00,2026-09-02T21:22:52.543407-04:00,propline_free_sample
2026-09-02,2026-09-02 19:10:00+00:00,Tomoyuki Sugano,3.5,over,-128,sleeper,185883,Colorado Rockies,Baltimore Orioles,2026-09-02T17:50:58.906968+00:00,2026-09-03T01:22:52.543407+00:00,2026-09-02T21:22:52.543407-04:00,2026-09-02T21:22:52.543407-04:00,propline_free_sample
2026-09-02,2026-09-02 19:10:00+00:00,Trevor Rogers,5.5,over,-110,sleeper,185883,Colorado Rockies,Baltimore Orioles,2026-09-02T19:02:50.655537+00:00,2026-09-03T01:22:52.543407+00:00,2026-09-02T21:22:52.543407-04:00,2026-09-02T21:22:52.543407-04:00,propline_free_sample
2026-09-02,2026-09-02 19:10:00+00:00,Tomoyuki Sugano,3.5,under,-128,sleeper,185883,Colorado Rockies,Baltimore Orioles,2026-09-02T17:50:58.906968+00:00,2026-09-03T01:22:52.543407+00:00,2026-09-02T21:22:52.543407-04:00,2026-09-02T21:22:52.543407-04:00,propline_free_sample
2026-09-02,2026-09-02 19:10:00+00:00,Trevor Rogers,5.5,under,-149,sleeper,185883,Colorado Rockies,Baltimore Orioles,2026-09-02T17:52:21.833308+00:00,2026-09-03T01:22:52.543407+00:00,2026-09-02T21:22:52.543407-04:00,2026-09-02T21:22:52.543407-04:00,propline_free_sample
2026-09-02,2026-09-02 19:10:00+00:00,Tomoyuki Sugano,3.5,over,-150,novig,185883,Colorado Rockies,Baltimore Orioles,2026-09-02T18:33:10.953053+00:00,2026-09-03T01:22:52.543407+00:00,2026-09-02T21:22:52.543407-04:00,2026-09-02T21:22:52.543407-04:00,propline_free_sample
2026-09-02,2026-09-02 19:10:00+00:00,Tomoyuki Sugano,3.5,under,-133,novig,185883,Colorado Rockies,Baltimore Orioles,2026-09-02T19:09:28.710530+00:00,2026-09-03T01:22:52.543407+00:00,2026-09-02T21:22:52.543407-04:00,2026-09-02T21:22:52.543407-04:00,propline_free_sample
2026-09-02,2026-09-02 19:10:00+00:00,Trevor Rogers,5.5,over,-122,novig,185883,Colorado Rockies,Baltimore Orioles,2026-09-02T19:09:28.710530+00:00,2026-09-03T01:22:52.543407+00:00,2026-09-02T21:22:52.543407-04:00,2026-09-02T21:22:52.543407-04:00,propline_free_sample
2026-09-02,2026-09-02 19:10:00+00:00,Trevor Rogers,5.5,under,-133,novig,185883,Colorado Rockies,Baltimore Orioles,2026-09-02T19:06:59.880811+00:00,2026-09-03T01:22:52.543407+00:00,2026-09-02T21:22:52.543407-04:00,2026-09-02T21:22:52.543407-04:00,propline_free_sample
2026-09-02,2026-09-02 19:10:00+00:00,Trevor Rogers,5.5,over,105,dabble,185883,Colorado Rockies,Baltimore Orioles,2026-09-02T07:06:26.143549+00:00,2026-09-03T01:22:52.543407+00:00,2026-09-02T21:22:52.543407-04:00,2026-09-02T21:22:52.543407-04:00,propline_free_sample
2026-09-02,2026-09-02 19:10:00+00:00,Trevor Rogers,5.5,under,-104,dabble,185883,Colorado Rockies,Baltimore Orioles,2026-09-02T07:06:26.143549+00:00,2026-09-03T01:22:52.543407+00:00,2026-09-02T21:22:52.543407-04:00,2026-09-02T21:22:52.543407-04:00,propline_free_sample
2026-09-02,2026-09-02 19:10:00+00:00,Trevor Rogers,5.5,over,-101,smarkets,185883,Colorado Rockies,Baltimore Orioles,2026-09-02T17:44:09.681805+00:00,2026-09-03T01:22:52.543407+00:00,2026-09-02T21:22:52.543407-04:00,2026-09-02T21:22:52.543407-04:00,propline_free_sample
2026-09-02,2026-09-02 19:10:00+00:00,Trevor Rogers,5.5,under,-139,smarkets,185883,Colorado Rockies,Baltimore Orioles,2026-09-02T17:44:09.681805+00:00,2026-09-03T01:22:52.543407+00:00,2026-09-02T21:22:52.543407-04:00,2026-09-02T21:22:52.543407-04:00,propline_free_sample
2026-09-02,2026-09-02 19:10:00+00:00,Trevor Rogers,5.5,over,109,underdog,185883,Colorado Rockies,Baltimore Orioles,2026-09-02T18:14:29.747890+00:00,2026-09-03T01:22:52.543407+00:00,2026-09-02T21:22:52.543407-04:00,2026-09-02T21:22:52.543407-04:00,propline_free_sample
2026-09-02,2026-09-02 19:10:00+00:00,Trevor Rogers,5.5,under,-148,underdog,185883,Colorado Rockies,Baltimore Orioles,2026-09-02T18:14:29.747890+00:00,2026-09-03T01:22:52.543407+00:00,2026-09-02T21:22:52.543407-04:00,2026-09-02T21:22:52.543407-04:00,propline_free_sample
2026-09-02,2026-09-02 19:10:00+00:00,Tomoyuki Sugano,3.5,over,105,dabble,185883,Colorado Rockies,Baltimore Orioles,2026-09-02T17:37:29.386623+00:00,2026-09-03T01:22:52.543407+00:00,2026-09-02T21:22:52.543407-04:00,2026-09-02T21:22:52.543407-04:00,propline_free_sample
2026-09-02,2026-09-02 19:10:00+00:00,Tomoyuki Sugano,3.5,under,-104,dabble,185883,Colorado Rockies,Baltimore Orioles,2026-09-02T17:37:29.386623+00:00,2026-09-03T01:22:52.543407+00:00,2026-09-02T21:22:52.543407-04:00,2026-09-02T21:22:52.543407-04:00,propline_free_sample
2026-09-02,2026-09-02 19:10:00+00:00,Tomoyuki Sugano,3.5,over,-112,smarkets,185883,Colorado Rockies,Baltimore Orioles,2026-09-02T18:18:57.327268+00:00,2026-09-03T01:22:52.543407+00:00,2026-09-02T21:22:52.543407-04:00,2026-09-02T21:22:52.543407-04:00,propline_free_sample
2026-09-02,2026-09-02 19:10:00+00:00,Tomoyuki Sugano,3.5,under,-123,smarkets,185883,Colorado Rockies,Baltimore Orioles,2026-09-02T17:37:52.239392+00:00,2026-09-03T01:22:52.543407+00:00,2026-09-02T21:22:52.543407-04:00,2026-09-02T21:22:52.543407-04:00,propline_free_sample
2026-09-02,2026-09-02 19:10:00+00:00,Tomoyuki Sugano,3.5,over,-107,underdog,185883,Colorado Rockies,Baltimore Orioles,2026-09-02T17:44:54.845289+00:00,2026-09-03T01:22:52.543407+00:00,2026-09-02T21:22:52.543407-04:00,2026-09-02T21:22:52.543407-04:00,propline_free_sample
2026-09-02,2026-09-02 19:10:00+00:00,Tomoyuki Sugano,3.5,under,-127,underdog,185883,Colorado Rockies,Baltimore Orioles,2026-09-02T17:44:54.845289+00:00,2026-09-03T01:22:52.543407+00:00,2026-09-02T21:22:52.543407-04:00,2026-09-02T21:22:52.543407-04:00,propline_free_sample
2026-09-02,2026-09-02 19:10:00+00:00,Trevor Rogers,5.5,over,108,prophetx,185883,Colorado Rockies,Baltimore Orioles,2026-09-02T19:08:04.518390+00:00,2026-09-03T01:22:52.543407+00:00,2026-09-02T21:22:52.543407-04:00,2026-09-02T21:22:52.543407-04:00,propline_free_sample
2026-09-02,2026-09-02 19:10:00+00:00,Trevor Rogers,5.5,under,-123,prophetx,185883,Colorado Rockies,Baltimore Orioles,2026-09-02T19:06:21.549683+00:00,2026-09-03T01:22:52.543407+00:00,2026-09-02T21:22:52.543407-04:00,2026-09-02T21:22:52.543407-04:00,propline_free_sample
2026-09-02,2026-09-02 19:10:00+00:00,Tomoyuki Sugano,3.5,over,100,prizepicks,185883,Colorado Rockies,Baltimore Orioles,2026-09-02T05:45:17.784001+00:00,2026-09-03T01:22:52.543407+00:00,2026-09-02T21:22:52.543407-04:00,2026-09-02T21:22:52.543407-04:00,propline_free_sample
2026-09-02,2026-09-02 19:10:00+00:00,Tomoyuki Sugano,3.5,under,100,prizepicks,185883,Colorado Rockies,Baltimore Orioles,2026-09-02T05:45:17.784001+00:00,2026-09-03T01:22:52.543407+00:00,2026-09-02T21:22:52.543407-04:00,2026-09-02T21:22:52.543407-04:00,propline_free_sample
2026-09-02,2026-09-02 19:10:00+00:00,Tomoyuki Sugano,3.5,over,100,betr,185883,Colorado Rockies,Baltimore Orioles,2026-09-02T05:49:40.990417+00:00,2026-09-03T01:22:52.543407+00:00,2026-09-02T21:22:52.543407-04:00,2026-09-02T21:22:52.543407-04:00,propline_free_sample
2026-09-02,2026-09-02 19:10:00+00:00,Trevor Rogers,5.5,over,100,betr,185883,Colorado Rockies,Baltimore Orioles,2026-09-02T05:49:40.990417+00:00,2026-09-03T01:22:52.543407+00:00,2026-09-02T21:22:52.543407-04:00,2026-09-02T21:22:52.543407-04:00,propline_free_sample
2026-09-02,2026-09-02 19:10:00+00:00,Tomoyuki Sugano,3.5,under,100,betr,185883,Colorado Rockies,Baltimore Orioles,2026-09-02T05:49:40.990417+00:00,2026-09-03T01:22:52.543407+00:00,2026-09-02T21:22:52.543407-04:00,2026-09-02T21:22:52.543407-04:00,propline_free_sample
2026-09-02,2026-09-02 19:10:00+00:00,Trevor Rogers,5.5,under,100,betr,185883,Colorado Rockies,Baltimore Orioles,2026-09-02T05:49:40.990417+00:00,2026-09-03T01:22:52.543407+00:00,2026-09-02T21:22:52.543407-04:00,2026-09-02T21:22:52.543407-04:00,propline_free_sample
2026-09-02,2026-09-02 19:10:00+00:00,Tomoyuki Sugano,3.5,over,-102,prophetx,185883,Colorado Rockies,Baltimore Orioles,2026-09-02T18:12:08.940673+00:00,2026-09-03T01:22:52.543407+00:00,2026-09-02T21:22:52.543407-04:00,2026-09-02T21:22:52.543407-04:00,propline_free_sample
2026-09-02,2026-09-02 19:10:00+00:00,Tomoyuki Sugano,3.5,under,-101,prophetx,185883,Colorado Rockies,Baltimore Orioles,2026-09-02T19:09:48.873436+00:00,2026-09-03T01:22:52.543407+00:00,2026-09-02T21:22:52.543407-04:00,2026-09-02T21:22:52.543407-04:00,propline_free_sample
2026-09-02,2026-09-02 19:10:00+00:00,Trevor Rogers,8.5,over,100,prizepicks,185883,Colorado Rockies,Baltimore Orioles,2026-09-02T06:13:24.963742+00:00,2026-09-03T01:22:52.543407+00:00,2026-09-02T21:22:52.543407-04:00,2026-09-02T21:22:52.543407-04:00,propline_free_sample
2026-09-02,2026-09-02 19:10:00+00:00,Trevor Rogers,5.5,over,114,draftkings,185883,Colorado Rockies,Baltimore Orioles,2026-09-02T19:09:34.022580+00:00,2026-09-03T01:22:52.543407+00:00,2026-09-02T21:22:52.543407-04:00,2026-09-02T21:22:52.543407-04:00,propline_free_sample
2026-09-02,2026-09-02 19:10:00+00:00,Trevor Rogers,5.5,under,-146,draftkings,185883,Colorado Rockies,Baltimore Orioles,2026-09-02T19:09:34.022580+00:00,2026-09-03T01:22:52.543407+00:00,2026-09-02T21:22:52.543407-04:00,2026-09-02T21:22:52.543407-04:00,propline_free_sample
2026-09-02,2026-09-02 19:10:00+00:00,Tomoyuki Sugano,3.5,over,-112,draftkings,185883,Colorado Rockies,Baltimore Orioles,2026-09-02T17:57:17.431176+00:00,2026-09-03T01:22:52.543407+00:00,2026-09-02T21:22:52.543407-04:00,2026-09-02T21:22:52.543407-04:00,propline_free_sample
2026-09-02,2026-09-02 19:10:00+00:00,Tomoyuki Sugano,3.5,under,-113,draftkings,185883,Colorado Rockies,Baltimore Orioles,2026-09-02T17:57:17.431176+00:00,2026-09-03T01:22:52.543407+00:00,2026-09-02T21:22:52.543407-04:00,2026-09-02T21:22:52.543407-04:00,propline_free_sample
2026-09-02,2026-09-02 19:10:00+00:00,Trevor Rogers,5.5,over,105,onexbet,185883,Colorado Rockies,Baltimore Orioles,2026-09-02T18:11:56.431045+00:00,2026-09-03T01:22:52.543407+00:00,2026-09-02T21:22:52.543407-04:00,2026-09-02T21:22:52.543407-04:00,propline_free_sample
2026-09-02,2026-09-02 19:10:00+00:00,Trevor Rogers,5.5,under,-140,onexbet,185883,Colorado Rockies,Baltimore Orioles,2026-09-02T18:11:56.431045+00:00,2026-09-03T01:22:52.543407+00:00,2026-09-02T21:22:52.543407-04:00,2026-09-02T21:22:52.543407-04:00,propline_free_sample
2026-09-02,2026-09-02 19:10:00+00:00,Tomoyuki Sugano,3.5,over,-110,onexbet,185883,Colorado Rockies,Baltimore Orioles,2026-09-02T18:11:56.431045+00:00,2026-09-03T01:22:52.543407+00:00,2026-09-02T21:22:52.543407-04:00,2026-09-02T21:22:52.543407-04:00,propline_free_sample
2026-09-02,2026-09-02 19:10:00+00:00,Tomoyuki Sugano,3.5,under,-120,onexbet,185883,Colorado Rockies,Baltimore Orioles,2026-09-02T18:11:56.431045+00:00,2026-09-03T01:22:52.543407+00:00,2026-09-02T21:22:52.543407-04:00,2026-09-02T21:22:52.543407-04:00,propline_free_sample
2026-09-02,2026-09-02 19:10:00+00:00,Tomoyuki Sugano,1.5,over,-4900,kalshi,185883,Colorado Rockies,Baltimore Orioles,2026-09-02T16:13:03.572565+00:00,2026-09-03T01:22:52.543407+00:00,2026-09-02T21:22:52.543407-04:00,2026-09-02T21:22:52.543407-04:00,propline_free_sample
2026-09-02,2026-09-02 19:10:00+00:00,Tomoyuki Sugano,1.5,under,9900,kalshi,185883,Colorado Rockies,Baltimore Orioles,2026-09-02T18:30:45.564050+00:00,2026-09-03T01:22:52.543407+00:00,2026-09-02T21:22:52.543407-04:00,2026-09-02T21:22:52.543407-04:00,propline_free_sample
2026-09-02,2026-09-02 19:10:00+00:00,Tomoyuki Sugano,2.5,over,-4900,kalshi,185883,Colorado Rockies,Baltimore Orioles,2026-09-02T09:32:00.836919+00:00,2026-09-03T01:22:52.543407+00:00,2026-09-02T21:22:52.543407-04:00,2026-09-02T21:22:52.543407-04:00,propline_free_sample
2026-09-02,2026-09-02 19:10:00+00:00,Trevor Rogers,2.5,over,-4900,kalshi,185883,Colorado Rockies,Baltimore Orioles,2026-09-02T17:12:20.230651+00:00,2026-09-03T01:22:52.543407+00:00,2026-09-02T21:22:52.543407-04:00,2026-09-02T21:22:52.543407-04:00,propline_free_sample
2026-09-02,2026-09-02 19:10:00+00:00,Tomoyuki Sugano,2.5,under,9900,kalshi,185883,Colorado Rockies,Baltimore Orioles,2026-09-02T17:49:36.346246+00:00,2026-09-03T01:22:52.543407+00:00,2026-09-02T21:22:52.543407-04:00,2026-09-02T21:22:52.543407-04:00,propline_free_sample
2026-09-02,2026-09-02 19:10:00+00:00,Trevor Rogers,2.5,under,9900,kalshi,185883,Colorado Rockies,Baltimore Orioles,2026-09-02T17:19:24.602586+00:00,2026-09-03T01:22:52.543407+00:00,2026-09-02T21:22:52.543407-04:00,2026-09-02T21:22:52.543407-04:00,propline_free_sample
2026-09-02,2026-09-02 19:10:00+00:00,Tomoyuki Sugano,3.5,over,-1900,kalshi,185883,Colorado Rockies,Baltimore Orioles,2026-09-02T17:46:08.014039+00:00,2026-09-03T01:22:52.543407+00:00,2026-09-02T21:22:52.543407-04:00,2026-09-02T21:22:52.543407-04:00,propline_free_sample
2026-09-02,2026-09-02 19:10:00+00:00,Trevor Rogers,3.5,over,-4900,kalshi,185883,Colorado Rockies,Baltimore Orioles,2026-09-02T17:12:20.230651+00:00,2026-09-03T01:22:52.543407+00:00,2026-09-02T21:22:52.543407-04:00,2026-09-02T21:22:52.543407-04:00,propline_free_sample
2026-09-02,2026-09-02 19:10:00+00:00,Tomoyuki Sugano,3.5,under,9900,kalshi,185883,Colorado Rockies,Baltimore Orioles,2026-09-02T17:46:08.014039+00:00,2026-09-03T01:22:52.543407+00:00,2026-09-02T21:22:52.543407-04:00,2026-09-02T21:22:52.543407-04:00,propline_free_sample
2026-09-02,2026-09-02 19:10:00+00:00,Trevor Rogers,3.5,under,9900,kalshi,185883,Colorado Rockies,Baltimore Orioles,2026-09-02T17:15:19.995492+00:00,2026-09-03T01:22:52.543407+00:00,2026-09-02T21:22:52.543407-04:00,2026-09-02T21:22:52.543407-04:00,propline_free_sample
2026-09-02,2026-09-02 19:10:00+00:00,Tomoyuki Sugano,4.5,over,9900,kalshi,185883,Colorado Rockies,Baltimore Orioles,2026-09-02T19:05:48.099209+00:00,2026-09-03T01:22:52.543407+00:00,2026-09-02T21:22:52.543407-04:00,2026-09-02T21:22:52.543407-04:00,propline_free_sample
2026-09-02,2026-09-02 19:10:00+00:00,Trevor Rogers,4.5,over,-2400,kalshi,185883,Colorado Rockies,Baltimore Orioles,2026-09-02T16:36:33.311446+00:00,2026-09-03T01:22:52.543407+00:00,2026-09-02T21:22:52.543407-04:00,2026-09-02T21:22:52.543407-04:00,propline_free_sample
2026-09-02,2026-09-02 19:10:00+00:00,Tomoyuki Sugano,4.5,under,-9900,kalshi,185883,Colorado Rockies,Baltimore Orioles,2026-09-02T19:06:33.870652+00:00,2026-09-03T01:22:52.543407+00:00,2026-09-02T21:22:52.543407-04:00,2026-09-02T21:22:52.543407-04:00,propline_free_sample
2026-09-02,2026-09-02 19:10:00+00:00,Trevor Rogers,4.5,under,9900,kalshi,185883,Colorado Rockies,Baltimore Orioles,2026-09-02T18:10:30.802169+00:00,2026-09-03T01:22:52.543407+00:00,2026-09-02T21:22:52.543407-04:00,2026-09-02T21:22:52.543407-04:00,propline_free_sample
2026-09-02,2026-09-02 19:10:00+00:00,Tomoyuki Sugano,5.5,over,9900,kalshi,185883,Colorado Rockies,Baltimore Orioles,2026-09-02T10:12:46.788903+00:00,2026-09-03T01:22:52.543407+00:00,2026-09-02T21:22:52.543407-04:00,2026-09-02T21:22:52.543407-04:00,propline_free_sample
2026-09-02,2026-09-02 19:10:00+00:00,Trevor Rogers,5.5,over,-1329,kalshi,185883,Colorado Rockies,Baltimore Orioles,2026-09-02T19:09:21.314151+00:00,2026-09-03T01:22:52.543407+00:00,2026-09-02T21:22:52.543407-04:00,2026-09-02T21:22:52.543407-04:00,propline_free_sample
2026-09-02,2026-09-02 19:10:00+00:00,Tomoyuki Sugano,5.5,under,-3233,kalshi,185883,Colorado Rockies,Baltimore Orioles,2026-09-02T19:09:21.314151+00:00,2026-09-03T01:22:52.543407+00:00,2026-09-02T21:22:52.543407-04:00,2026-09-02T21:22:52.543407-04:00,propline_free_sample
2026-09-02,2026-09-02 19:10:00+00:00,Trevor Rogers,5.5,under,9900,kalshi,185883,Colorado Rockies,Baltimore Orioles,2026-09-02T19:05:48.099209+00:00,2026-09-03T01:22:52.543407+00:00,2026-09-02T21:22:52.543407-04:00,2026-09-02T21:22:52.543407-04:00,propline_free_sample
2026-09-02,2026-09-02 19:10:00+00:00,Tomoyuki Sugano,6.5,over,9900,kalshi,185883,Colorado Rockies,Baltimore Orioles,2026-09-02T13:40:50.284587+00:00,2026-09-03T01:22:52.543407+00:00,2026-09-02T21:22:52.543407-04:00,2026-09-02T21:22:52.543407-04:00,propline_free_sample
2026-09-02,2026-09-02 19:10:00+00:00,Trevor Rogers,6.5,over,-567,kalshi,185883,Colorado Rockies,Baltimore Orioles,2026-09-02T18:52:29.621813+00:00,2026-09-03T01:22:52.543407+00:00,2026-09-02T21:22:52.543407-04:00,2026-09-02T21:22:52.543407-04:00,propline_free_sample
2026-09-02,2026-09-02 19:10:00+00:00,Tomoyuki Sugano,6.5,under,-1567,kalshi,185883,Colorado Rockies,Baltimore Orioles,2026-09-02T13:09:11.319215+00:00,2026-09-03T01:22:52.543407+00:00,2026-09-02T21:22:52.543407-04:00,2026-09-02T21:22:52.543407-04:00,propline_free_sample
2026-09-02,2026-09-02 19:10:00+00:00,Trevor Rogers,6.5,under,9900,kalshi,185883,Colorado Rockies,Baltimore Orioles,2026-09-02T19:09:21.314151+00:00,2026-09-03T01:22:52.543407+00:00,2026-09-02T21:22:52.543407-04:00,2026-09-02T21:22:52.543407-04:00,propline_free_sample
2026-09-02,2026-09-02 19:10:00+00:00,Trevor Rogers,7.5,over,-567,kalshi,185883,Colorado Rockies,Baltimore Orioles,2026-09-02T18:25:47.270179+00:00,2026-09-03T01:22:52.543407+00:00,2026-09-02T21:22:52.543407-04:00,2026-09-02T21:22:52.543407-04:00,propline_free_sample
2026-09-02,2026-09-02 19:10:00+00:00,Trevor Rogers,7.5,under,9900,kalshi,185883,Colorado Rockies,Baltimore Orioles,2026-09-02T18:25:47.270179+00:00,2026-09-03T01:22:52.543407+00:00,2026-09-02T21:22:52.543407-04:00,2026-09-02T21:22:52.543407-04:00,propline_free_sample
2026-09-02,2026-09-02 19:10:00+00:00,Trevor Rogers,8.5,over,-144,kalshi,185883,Colorado Rockies,Baltimore Orioles,2026-09-02T12:46:12.568970+00:00,2026-09-03T01:22:52.543407+00:00,2026-09-02T21:22:52.543407-04:00,2026-09-02T21:22:52.543407-04:00,propline_free_sample
2026-09-02,2026-09-02 19:10:00+00:00,Trevor Rogers,8.5,under,9900,kalshi,185883,Colorado Rockies,Baltimore Orioles,2026-09-02T12:46:12.568970+00:00,2026-09-03T01:22:52.543407+00:00,2026-09-02T21:22:52.543407-04:00,2026-09-02T21:22:52.543407-04:00,propline_free_sample
2026-09-02,2026-09-02 19:10:00+00:00,Trevor Rogers,5.5,over,112,betrivers,185883,Colorado Rockies,Baltimore Orioles,2026-09-02T18:13:03.020766+00:00,2026-09-03T01:22:52.543407+00:00,2026-09-02T21:22:52.543407-04:00,2026-09-02T21:22:52.543407-04:00,propline_free_sample
2026-09-02,2026-09-02 19:10:00+00:00,Trevor Rogers,5.5,under,-148,betrivers,185883,Colorado Rockies,Baltimore Orioles,2026-09-02T18:13:03.020766+00:00,2026-09-03T01:22:52.543407+00:00,2026-09-02T21:22:52.543407-04:00,2026-09-02T21:22:52.543407-04:00,propline_free_sample
2026-09-02,2026-09-02 19:10:00+00:00,Trevor Rogers,5.5,over,100,prizepicks,185883,Colorado Rockies,Baltimore Orioles,2026-09-02T13:38:32.055289+00:00,2026-09-03T01:22:52.543407+00:00,2026-09-02T21:22:52.543407-04:00,2026-09-02T21:22:52.543407-04:00,propline_free_sample
2026-09-02,2026-09-02 19:10:00+00:00,Trevor Rogers,5.5,under,100,prizepicks,185883,Colorado Rockies,Baltimore Orioles,2026-09-02T13:38:32.055289+00:00,2026-09-03T01:22:52.543407+00:00,2026-09-02T21:22:52.543407-04:00,2026-09-02T21:22:52.543407-04:00,propline_free_sample
2026-09-02,2026-09-02 19:10:00+00:00,Trevor Rogers,4.5,over,-182,novig,185883,Colorado Rockies,Baltimore Orioles,2026-09-02T17:23:53.198453+00:00,2026-09-03T01:22:52.543407+00:00,2026-09-02T21:22:52.543407-04:00,2026-09-02T21:22:52.543407-04:00,propline_free_sample
2026-09-02,2026-09-02 19:10:00+00:00,Trevor Rogers,4.5,under,156,novig,185883,Colorado Rockies,Baltimore Orioles,2026-09-02T15:24:28.343907+00:00,2026-09-03T01:22:52.543407+00:00,2026-09-02T21:22:52.543407-04:00,2026-09-02T21:22:52.543407-04:00,propline_free_sample
2026-09-02,2026-09-02 19:10:00+00:00,Tomoyuki Sugano,4.5,over,130,betmgm,185883,Colorado Rockies,Baltimore Orioles,2026-09-02T17:50:00.795653+00:00,2026-09-03T01:22:52.543407+00:00,2026-09-02T21:22:52.543407-04:00,2026-09-02T21:22:52.543407-04:00,propline_free_sample
2026-09-02,2026-09-02 19:10:00+00:00,Tomoyuki Sugano,4.5,under,-175,betmgm,185883,Colorado Rockies,Baltimore Orioles,2026-09-02T17:50:00.795653+00:00,2026-09-03T01:22:52.543407+00:00,2026-09-02T21:22:52.543407-04:00,2026-09-02T21:22:52.543407-04:00,propline_free_sample
2026-09-02,2026-09-02 19:10:00+00:00,Trevor Rogers,5.5,over,-135,betmgm,185883,Colorado Rockies,Baltimore Orioles,2026-09-02T17:52:41.631675+00:00,2026-09-03T01:22:52.543407+00:00,2026-09-02T21:22:52.543407-04:00,2026-09-02T21:22:52.543407-04:00,propline_free_sample
2026-09-02,2026-09-02 19:10:00+00:00,Trevor Rogers,5.5,under,100,betmgm,185883,Colorado Rockies,Baltimore Orioles,2026-09-02T17:52:41.631675+00:00,2026-09-03T01:22:52.543407+00:00,2026-09-02T21:22:52.543407-04:00,2026-09-02T21:22:52.543407-04:00,propline_free_sample
2026-09-02,2026-09-02 19:10:00+00:00,Trevor Rogers,6.5,over,223,novig,185883,Colorado Rockies,Baltimore Orioles,2026-09-02T17:24:22.254505+00:00,2026-09-03T01:22:52.543407+00:00,2026-09-02T21:22:52.543407-04:00,2026-09-02T21:22:52.543407-04:00,propline_free_sample
2026-09-02,2026-09-02 19:10:00+00:00,Trevor Rogers,6.5,under,-264,novig,185883,Colorado Rockies,Baltimore Orioles,2026-09-02T13:07:31.966966+00:00,2026-09-03T01:22:52.543407+00:00,2026-09-02T21:22:52.543407-04:00,2026-09-02T21:22:52.543407-04:00,propline_free_sample
2026-09-02,2026-09-02 19:10:00+00:00,Tomoyuki Sugano,2.5,over,-456,novig,185883,Colorado Rockies,Baltimore Orioles,2026-09-02T18:03:46.706591+00:00,2026-09-03T01:22:52.543407+00:00,2026-09-02T21:22:52.543407-04:00,2026-09-02T21:22:52.543407-04:00,propline_free_sample
2026-09-02,2026-09-02 19:10:00+00:00,Tomoyuki Sugano,2.5,under,212,novig,185883,Colorado Rockies,Baltimore Orioles,2026-09-02T17:21:31.746401+00:00,2026-09-03T01:22:52.543407+00:00,2026-09-02T21:22:52.543407-04:00,2026-09-02T21:22:52.543407-04:00,propline_free_sample
2026-09-02,2026-09-02 19:10:00+00:00,Tomoyuki Sugano,4.5,over,208,novig,185883,Colorado Rockies,Baltimore Orioles,2026-09-02T18:11:51.278650+00:00,2026-09-03T01:22:52.543407+00:00,2026-09-02T21:22:52.543407-04:00,2026-09-02T21:22:52.543407-04:00,propline_free_sample
2026-09-02,2026-09-02 19:10:00+00:00,Tomoyuki Sugano,4.5,under,-223,novig,185883,Colorado Rockies,Baltimore Orioles,2026-09-02T18:10:34.681516+00:00,2026-09-03T01:22:52.543407+00:00,2026-09-02T21:22:52.543407-04:00,2026-09-02T21:22:52.543407-04:00,propline_free_sample
2026-09-02,2026-09-02 19:10:00+00:00,Tomoyuki Sugano,3.5,over,-120,rebet,185883,Colorado Rockies,Baltimore Orioles,2026-09-02T17:59:04.111222+00:00,2026-09-03T01:22:52.543407+00:00,2026-09-02T21:22:52.543407-04:00,2026-09-02T21:22:52.543407-04:00,propline_free_sample
2026-09-02,2026-09-02 19:10:00+00:00,Tomoyuki Sugano,3.5,under,-115,rebet,185883,Colorado Rockies,Baltimore Orioles,2026-09-02T17:59:04.111222+00:00,2026-09-03T01:22:52.543407+00:00,2026-09-02T21:22:52.543407-04:00,2026-09-02T21:22:52.543407-04:00,propline_free_sample
2026-09-02,2026-09-02 19:10:00+00:00,Trevor Rogers,5.5,over,-101,rebet,185883,Colorado Rockies,Baltimore Orioles,2026-09-02T18:33:27.443641+00:00,2026-09-03T01:22:52.543407+00:00,2026-09-02T21:22:52.543407-04:00,2026-09-02T21:22:52.543407-04:00,propline_free_sample
2026-09-02,2026-09-02 19:10:00+00:00,Trevor Rogers,5.5,under,-136,rebet,185883,Colorado Rockies,Baltimore Orioles,2026-09-02T18:33:27.443641+00:00,2026-09-03T01:22:52.543407+00:00,2026-09-02T21:22:52.543407-04:00,2026-09-02T21:22:52.543407-04:00,propline_free_sample
2026-09-02,2026-09-02 19:10:00+00:00,Tomoyuki Sugano (COL),3.5,over,-120,betonlineag,185883,Colorado Rockies,Baltimore Orioles,2026-09-02T14:11:36.496586+00:00,2026-09-03T01:22:52.543407+00:00,2026-09-02T21:22:52.543407-04:00,2026-09-02T21:22:52.543407-04:00,propline_free_sample
2026-09-02,2026-09-02 19:10:00+00:00,Tomoyuki Sugano (COL),3.5,under,-120,betonlineag,185883,Colorado Rockies,Baltimore Orioles,2026-09-02T14:11:36.496586+00:00,2026-09-03T01:22:52.543407+00:00,2026-09-02T21:22:52.543407-04:00,2026-09-02T21:22:52.543407-04:00,propline_free_sample
2026-09-02,2026-09-02 19:10:00+00:00,Trevor Rogers (BAL),5.5,over,100,betonlineag,185883,Colorado Rockies,Baltimore Orioles,2026-09-02T18:04:51.964232+00:00,2026-09-03T01:22:52.543407+00:00,2026-09-02T21:22:52.543407-04:00,2026-09-02T21:22:52.543407-04:00,propline_free_sample
2026-09-02,2026-09-02 19:10:00+00:00,Trevor Rogers (BAL),5.5,under,-140,betonlineag,185883,Colorado Rockies,Baltimore Orioles,2026-09-02T18:04:51.964232+00:00,2026-09-03T01:22:52.543407+00:00,2026-09-02T21:22:52.543407-04:00,2026-09-02T21:22:52.543407-04:00,propline_free_sample
2026-09-02,2026-09-02 19:10:00+00:00,Tomoyuki Sugano (COL),3.5,over,-120,lowvig,185883,Colorado Rockies,Baltimore Orioles,2026-09-02T14:11:42.223841+00:00,2026-09-03T01:22:52.543407+00:00,2026-09-02T21:22:52.543407-04:00,2026-09-02T21:22:52.543407-04:00,propline_free_sample
2026-09-02,2026-09-02 19:10:00+00:00,Tomoyuki Sugano (COL),3.5,under,-120,lowvig,185883,Colorado Rockies,Baltimore Orioles,2026-09-02T14:11:42.223841+00:00,2026-09-03T01:22:52.543407+00:00,2026-09-02T21:22:52.543407-04:00,2026-09-02T21:22:52.543407-04:00,propline_free_sample
2026-09-02,2026-09-02 19:10:00+00:00,Trevor Rogers (BAL),5.5,over,100,lowvig,185883,Colorado Rockies,Baltimore Orioles,2026-09-02T18:04:51.032091+00:00,2026-09-03T01:22:52.543407+00:00,2026-09-02T21:22:52.543407-04:00,2026-09-02T21:22:52.543407-04:00,propline_free_sample
2026-09-02,2026-09-02 19:10:00+00:00,Trevor Rogers (BAL),5.5,under,-140,lowvig,185883,Colorado Rockies,Baltimore Orioles,2026-09-02T18:04:51.032091+00:00,2026-09-03T01:22:52.543407+00:00,2026-09-02T21:22:52.543407-04:00,2026-09-02T21:22:52.543407-04:00,propline_free_sample
2026-09-02,2026-09-02 19:10:00+00:00,Trevor Rogers,5.5,over,-102,pinnacle,185883,Colorado Rockies,Baltimore Orioles,2026-09-02T18:27:29.130926+00:00,2026-09-03T01:22:52.543407+00:00,2026-09-02T21:22:52.543407-04:00,2026-09-02T21:22:52.543407-04:00,propline_free_sample
2026-09-02,2026-09-02 19:10:00+00:00,Trevor Rogers,5.5,under,-130,pinnacle,185883,Colorado Rockies,Baltimore Orioles,2026-09-02T18:27:29.130926+00:00,2026-09-03T01:22:52.543407+00:00,2026-09-02T21:22:52.543407-04:00,2026-09-02T21:22:52.543407-04:00,propline_free_sample
2026-09-02,2026-09-02 19:10:00+00:00,Tomoyuki Sugano,3.5,over,-118,pinnacle,185883,Colorado Rockies,Baltimore Orioles,2026-09-02T18:12:52.196368+00:00,2026-09-03T01:22:52.543407+00:00,2026-09-02T21:22:52.543407-04:00,2026-09-02T21:22:52.543407-04:00,propline_free_sample
2026-09-02,2026-09-02 19:10:00+00:00,Tomoyuki Sugano,3.5,under,-112,pinnacle,185883,Colorado Rockies,Baltimore Orioles,2026-09-02T18:12:52.196368+00:00,2026-09-03T01:22:52.543407+00:00,2026-09-02T21:22:52.543407-04:00,2026-09-02T21:22:52.543407-04:00,propline_free_sample
2026-09-02,2026-09-02 19:10:00+00:00,Trevor Rogers,5.0,over,-105,prophetx,185883,Colorado Rockies,Baltimore Orioles,2026-09-02T15:22:29.185641+00:00,2026-09-03T01:22:52.543407+00:00,2026-09-02T21:22:52.543407-04:00,2026-09-02T21:22:52.543407-04:00,propline_free_sample
2026-09-02,2026-09-02 19:10:00+00:00,Trevor Rogers,5.0,under,-113,prophetx,185883,Colorado Rockies,Baltimore Orioles,2026-09-02T15:22:29.185641+00:00,2026-09-03T01:22:52.543407+00:00,2026-09-02T21:22:52.543407-04:00,2026-09-02T21:22:52.543407-04:00,propline_free_sample
2026-09-02,2026-09-02 18:35:00+00:00,Cody Bradford,4.5,over,134,dabble,185587,Texas Rangers,Athletics,2026-09-02T18:17:30.986309+00:00,2026-09-03T01:22:52.543407+00:00,2026-09-02T21:22:52.543407-04:00,2026-09-02T21:22:52.543407-04:00,propline_free_sample
2026-09-02,2026-09-02 18:35:00+00:00,Jacob Lopez,5.5,over,119,dabble,185587,Texas Rangers,Athletics,2026-09-02T18:17:30.986309+00:00,2026-09-03T01:22:52.543407+00:00,2026-09-02T21:22:52.543407-04:00,2026-09-02T21:22:52.543407-04:00,propline_free_sample
2026-09-02,2026-09-02 18:35:00+00:00,Cody Bradford,4.5,under,-133,dabble,185587,Texas Rangers,Athletics,2026-09-02T18:17:30.986309+00:00,2026-09-03T01:22:52.543407+00:00,2026-09-02T21:22:52.543407-04:00,2026-09-02T21:22:52.543407-04:00,propline_free_sample
2026-09-02,2026-09-02 18:35:00+00:00,Jacob Lopez,5.5,under,-118,dabble,185587,Texas Rangers,Athletics,2026-09-02T18:17:30.986309+00:00,2026-09-03T01:22:52.543407+00:00,2026-09-02T21:22:52.543407-04:00,2026-09-02T21:22:52.543407-04:00,propline_free_sample
2026-09-02,2026-09-02 18:35:00+00:00,Cody Bradford,3.5,over,-164,underdog,185587,Texas Rangers,Athletics,2026-09-02T18:28:34.885336+00:00,2026-09-03T01:22:52.543407+00:00,2026-09-02T21:22:52.543407-04:00,2026-09-02T21:22:52.543407-04:00,propline_free_sample
2026-09-02,2026-09-02 18:35:00+00:00,Jacob Lopez,5.5,over,-102,underdog,185587,Texas Rangers,Athletics,2026-09-02T15:16:33.894877+00:00,2026-09-03T01:22:52.543407+00:00,2026-09-02T21:22:52.543407-04:00,2026-09-02T21:22:52.543407-04:00,propline_free_sample
2026-09-02,2026-09-02 18:35:00+00:00,Cody Bradford,3.5,under,121,underdog,185587,Texas Rangers,Athletics,2026-09-02T18:28:34.885336+00:00,2026-09-03T01:22:52.543407+00:00,2026-09-02T21:22:52.543407-04:00,2026-09-02T21:22:52.543407-04:00,propline_free_sample
2026-09-02,2026-09-02 18:35:00+00:00,Jacob Lopez,5.5,under,-134,underdog,185587,Texas Rangers,Athletics,2026-09-02T15:16:33.894877+00:00,2026-09-03T01:22:52.543407+00:00,2026-09-02T21:22:52.543407-04:00,2026-09-02T21:22:52.543407-04:00,propline_free_sample
2026-09-02,2026-09-02 18:35:00+00:00,Cody Bradford,4.5,over,112,smarkets,185587,Texas Rangers,Athletics,2026-09-02T18:25:47.427404+00:00,2026-09-03T01:22:52.543407+00:00,2026-09-02T21:22:52.543407-04:00,2026-09-02T21:22:52.543407-04:00,propline_free_sample
2026-09-02,2026-09-02 18:35:00+00:00,Cody Bradford,4.5,under,-159,smarkets,185587,Texas Rangers,Athletics,2026-09-02T18:25:47.427404+00:00,2026-09-03T01:22:52.543407+00:00,2026-09-02T21:22:52.543407-04:00,2026-09-02T21:22:52.543407-04:00,propline_free_sample
2026-09-02,2026-09-02 18:35:00+00:00,Jacob Lopez,5.5,over,100,smarkets,185587,Texas Rangers,Athletics,2026-09-02T18:25:47.427404+00:00,2026-09-03T01:22:52.543407+00:00,2026-09-02T21:22:52.543407-04:00,2026-09-02T21:22:52.543407-04:00,propline_free_sample
2026-09-02,2026-09-02 18:35:00+00:00,Jacob Lopez,5.5,under,-139,smarkets,185587,Texas Rangers,Athletics,2026-09-02T18:25:47.427404+00:00,2026-09-03T01:22:52.543407+00:00,2026-09-02T21:22:52.543407-04:00,2026-09-02T21:22:52.543407-04:00,propline_free_sample
2026-09-02,2026-09-02 18:35:00+00:00,Jacob Lopez,5.5,over,100,prizepicks,185587,Texas Rangers,Athletics,2026-09-02T04:11:14.785192+00:00,2026-09-03T01:22:52.543407+00:00,2026-09-02T21:22:52.543407-04:00,2026-09-02T21:22:52.543407-04:00,propline_free_sample
2026-09-02,2026-09-02 18:35:00+00:00,Jacob Lopez,5.5,under,100,prizepicks,185587,Texas Rangers,Athletics,2026-09-02T04:11:14.785192+00:00,2026-09-03T01:22:52.543407+00:00,2026-09-02T21:22:52.543407-04:00,2026-09-02T21:22:52.543407-04:00,propline_free_sample
2026-09-02,2026-09-02 18:35:00+00:00,Cody Bradford,4.5,over,100,prizepicks,185587,Texas Rangers,Athletics,2026-09-02T04:11:14.785192+00:00,2026-09-03T01:22:52.543407+00:00,2026-09-02T21:22:52.543407-04:00,2026-09-02T21:22:52.543407-04:00,propline_free_sample
2026-09-02,2026-09-02 18:35:00+00:00,Cody Bradford,4.5,under,100,prizepicks,185587,Texas Rangers,Athletics,2026-09-02T04:11:14.785192+00:00,2026-09-03T01:22:52.543407+00:00,2026-09-02T21:22:52.543407-04:00,2026-09-02T21:22:52.543407-04:00,propline_free_sample
2026-09-02,2026-09-02 18:35:00+00:00,Cody Bradford,6.5,over,100,prizepicks,185587,Texas Rangers,Athletics,2026-09-02T04:13:13.647964+00:00,2026-09-03T01:22:52.543407+00:00,2026-09-02T21:22:52.543407-04:00,2026-09-02T21:22:52.543407-04:00,propline_free_sample
2026-09-02,2026-09-02 18:35:00+00:00,Jacob Lopez,6.5,over,100,prizepicks,185587,Texas Rangers,Athletics,2026-09-02T04:13:13.647964+00:00,2026-09-03T01:22:52.543407+00:00,2026-09-02T21:22:52.543407-04:00,2026-09-02T21:22:52.543407-04:00,propline_free_sample
2026-09-02,2026-09-02 18:35:00+00:00,Jacob Lopez,9.5,over,100,prizepicks,185587,Texas Rangers,Athletics,2026-09-02T04:13:13.647964+00:00,2026-09-03T01:22:52.543407+00:00,2026-09-02T21:22:52.543407-04:00,2026-09-02T21:22:52.543407-04:00,propline_free_sample
2026-09-02,2026-09-02 18:35:00+00:00,Cody Bradford,3.5,over,100,prizepicks,185587,Texas Rangers,Athletics,2026-09-02T04:13:13.647964+00:00,2026-09-03T01:22:52.543407+00:00,2026-09-02T21:22:52.543407-04:00,2026-09-02T21:22:52.543407-04:00,propline_free_sample
2026-09-02,2026-09-02 18:35:00+00:00,Jacob Lopez,3.5,over,100,prizepicks,185587,Texas Rangers,Athletics,2026-09-02T04:13:13.647964+00:00,2026-09-03T01:22:52.543407+00:00,2026-09-02T21:22:52.543407-04:00,2026-09-02T21:22:52.543407-04:00,propline_free_sample
2026-09-02,2026-09-02 18:35:00+00:00,Cody Bradford,5.5,over,100,prizepicks,185587,Texas Rangers,Athletics,2026-09-02T04:19:16.077529+00:00,2026-09-03T01:22:52.543407+00:00,2026-09-02T21:22:52.543407-04:00,2026-09-02T21:22:52.543407-04:00,propline_free_sample
2026-09-02,2026-09-02 18:35:00+00:00,Cody Bradford,5.5,under,100,prizepicks,185587,Texas Rangers,Athletics,2026-09-02T04:19:16.077529+00:00,2026-09-03T01:22:52.543407+00:00,2026-09-02T21:22:52.543407-04:00,2026-09-02T21:22:52.543407-04:00,propline_free_sample
2026-09-02,2026-09-02 18:35:00+00:00,Cody Bradford,4.5,over,125,draftkings,185587,Texas Rangers,Athletics,2026-09-02T17:23:03.740446+00:00,2026-09-03T01:22:52.543407+00:00,2026-09-02T21:22:52.543407-04:00,2026-09-02T21:22:52.543407-04:00,propline_free_sample
2026-09-02,2026-09-02 18:35:00+00:00,Cody Bradford,4.5,under,-160,draftkings,185587,Texas Rangers,Athletics,2026-09-02T17:23:03.740446+00:00,2026-09-03T01:22:52.543407+00:00,2026-09-02T21:22:52.543407-04:00,2026-09-02T21:22:52.543407-04:00,propline_free_sample
2026-09-02,2026-09-02 18:35:00+00:00,Jacob Lopez,5.5,over,100,draftkings,185587,Texas Rangers,Athletics,2026-09-02T18:24:06.466538+00:00,2026-09-03T01:22:52.543407+00:00,2026-09-02T21:22:52.543407-04:00,2026-09-02T21:22:52.543407-04:00,propline_free_sample
2026-09-02,2026-09-02 18:35:00+00:00,Jacob Lopez,5.5,under,-128,draftkings,185587,Texas Rangers,Athletics,2026-09-02T18:24:06.466538+00:00,2026-09-03T01:22:52.543407+00:00,2026-09-02T21:22:52.543407-04:00,2026-09-02T21:22:52.543407-04:00,propline_free_sample
2026-09-02,2026-09-02 18:35:00+00:00,Cody Bradford,4.5,over,125,fanatics,185587,Texas Rangers,Athletics,2026-09-02T18:19:20.334659+00:00,2026-09-03T01:22:52.543407+00:00,2026-09-02T21:22:52.543407-04:00,2026-09-02T21:22:52.543407-04:00,propline_free_sample
2026-09-02,2026-09-02 18:35:00+00:00,Cody Bradford,4.5,under,-165,fanatics,185587,Texas Rangers,Athletics,2026-09-02T18:19:20.334659+00:00,2026-09-03T01:22:52.543407+00:00,2026-09-02T21:22:52.543407-04:00,2026-09-02T21:22:52.543407-04:00,propline_free_sample
2026-09-02,2026-09-02 18:35:00+00:00,Jacob Lopez,6.5,over,-120,fanatics,185587,Texas Rangers,Athletics,2026-09-02T18:19:20.334659+00:00,2026-09-03T01:22:52.543407+00:00,2026-09-02T21:22:52.543407-04:00,2026-09-02T21:22:52.543407-04:00,propline_free_sample
2026-09-02,2026-09-02 18:35:00+00:00,Jacob Lopez,6.5,under,-110,fanatics,185587,Texas Rangers,Athletics,2026-09-02T18:19:20.334659+00:00,2026-09-03T01:22:52.543407+00:00,2026-09-02T21:22:52.543407-04:00,2026-09-02T21:22:52.543407-04:00,propline_free_sample
2026-09-02,2026-09-02 18:35:00+00:00,Jacob Lopez,5.5,over,-112,sleeper,185587,Texas Rangers,Athletics,2026-09-02T18:28:38.338288+00:00,2026-09-03T01:22:52.543407+00:00,2026-09-02T21:22:52.543407-04:00,2026-09-02T21:22:52.543407-04:00,propline_free_sample
2026-09-02,2026-09-02 18:35:00+00:00,Jacob Lopez,5.5,under,-147,sleeper,185587,Texas Rangers,Athletics,2026-09-02T18:28:38.338288+00:00,2026-09-03T01:22:52.543407+00:00,2026-09-02T21:22:52.543407-04:00,2026-09-02T21:22:52.543407-04:00,propline_free_sample
2026-09-02,2026-09-02 18:35:00+00:00,Cody Bradford,4.5,over,111,sleeper,185587,Texas Rangers,Athletics,2026-09-02T18:31:04.598774+00:00,2026-09-03T01:22:52.543407+00:00,2026-09-02T21:22:52.543407-04:00,2026-09-02T21:22:52.543407-04:00,propline_free_sample
2026-09-02,2026-09-02 18:35:00+00:00,Cody Bradford,4.5,under,-189,sleeper,185587,Texas Rangers,Athletics,2026-09-02T18:31:04.598774+00:00,2026-09-03T01:22:52.543407+00:00,2026-09-02T21:22:52.543407-04:00,2026-09-02T21:22:52.543407-04:00,propline_free_sample
2026-09-02,2026-09-02 18:35:00+00:00,Jacob Lopez,4.5,over,100,prizepicks,185587,Texas Rangers,Athletics,2026-09-02T04:47:14.893799+00:00,2026-09-03T01:22:52.543407+00:00,2026-09-02T21:22:52.543407-04:00,2026-09-02T21:22:52.543407-04:00,propline_free_sample
2026-09-02,2026-09-02 18:35:00+00:00,Cody Bradford,7.5,over,100,prizepicks,185587,Texas Rangers,Athletics,2026-09-02T04:47:14.893799+00:00,2026-09-03T01:22:52.543407+00:00,2026-09-02T21:22:52.543407-04:00,2026-09-02T21:22:52.543407-04:00,propline_free_sample
2026-09-02,2026-09-02 18:35:00+00:00,Jacob Lopez,7.5,over,100,prizepicks,185587,Texas Rangers,Athletics,2026-09-02T04:47:14.893799+00:00,2026-09-03T01:22:52.543407+00:00,2026-09-02T21:22:52.543407-04:00,2026-09-02T21:22:52.543407-04:00,propline_free_sample
2026-09-02,2026-09-02 18:35:00+00:00,Cody Bradford,8.5,over,100,prizepicks,185587,Texas Rangers,Athletics,2026-09-02T04:47:14.893799+00:00,2026-09-03T01:22:52.543407+00:00,2026-09-02T21:22:52.543407-04:00,2026-09-02T21:22:52.543407-04:00,propline_free_sample
2026-09-02,2026-09-02 18:35:00+00:00,Jacob Lopez,8.5,over,100,prizepicks,185587,Texas Rangers,Athletics,2026-09-02T04:47:14.893799+00:00,2026-09-03T01:22:52.543407+00:00,2026-09-02T21:22:52.543407-04:00,2026-09-02T21:22:52.543407-04:00,propline_free_sample
2026-09-02,2026-09-02 18:35:00+00:00,Cody Bradford,4.5,over,105,onexbet,185587,Texas Rangers,Athletics,2026-09-02T16:53:39.577813+00:00,2026-09-03T01:22:52.543407+00:00,2026-09-02T21:22:52.543407-04:00,2026-09-02T21:22:52.543407-04:00,propline_free_sample
2026-09-02,2026-09-02 18:35:00+00:00,Jacob Lopez,5.5,over,-110,onexbet,185587,Texas Rangers,Athletics,2026-09-02T16:53:39.577813+00:00,2026-09-03T01:22:52.543407+00:00,2026-09-02T21:22:52.543407-04:00,2026-09-02T21:22:52.543407-04:00,propline_free_sample
2026-09-02,2026-09-02 18:35:00+00:00,Cody Bradford,4.5,under,-140,onexbet,185587,Texas Rangers,Athletics,2026-09-02T16:53:39.577813+00:00,2026-09-03T01:22:52.543407+00:00,2026-09-02T21:22:52.543407-04:00,2026-09-02T21:22:52.543407-04:00,propline_free_sample
2026-09-02,2026-09-02 18:35:00+00:00,Jacob Lopez,5.5,under,-120,onexbet,185587,Texas Rangers,Athletics,2026-09-02T16:53:39.577813+00:00,2026-09-03T01:22:52.543407+00:00,2026-09-02T21:22:52.543407-04:00,2026-09-02T21:22:52.543407-04:00,propline_free_sample
2026-09-02,2026-09-02 18:35:00+00:00,Jacob Lopez,4.5,under,100,prizepicks,185587,Texas Rangers,Athletics,2026-09-02T04:53:18.195543+00:00,2026-09-03T01:22:52.543407+00:00,2026-09-02T21:22:52.543407-04:00,2026-09-02T21:22:52.543407-04:00,propline_free_sample
2026-09-02,2026-09-02 18:35:00+00:00,Cody Bradford,6.5,under,100,prizepicks,185587,Texas Rangers,Athletics,2026-09-02T04:53:18.195543+00:00,2026-09-03T01:22:52.543407+00:00,2026-09-02T21:22:52.543407-04:00,2026-09-02T21:22:52.543407-04:00,propline_free_sample
2026-09-02,2026-09-02 18:35:00+00:00,Jacob Lopez,6.5,under,100,prizepicks,185587,Texas Rangers,Athletics,2026-09-02T04:53:18.195543+00:00,2026-09-03T01:22:52.543407+00:00,2026-09-02T21:22:52.543407-04:00,2026-09-02T21:22:52.543407-04:00,propline_free_sample
2026-09-02,2026-09-02 18:35:00+00:00,Cody Bradford,9.5,over,100,prizepicks,185587,Texas Rangers,Athletics,2026-09-02T04:53:18.195543+00:00,2026-09-03T01:22:52.543407+00:00,2026-09-02T21:22:52.543407-04:00,2026-09-02T21:22:52.543407-04:00,propline_free_sample
2026-09-02,2026-09-02 18:35:00+00:00,Cody Bradford,3.5,under,100,prizepicks,185587,Texas Rangers,Athletics,2026-09-02T04:53:18.195543+00:00,2026-09-03T01:22:52.543407+00:00,2026-09-02T21:22:52.543407-04:00,2026-09-02T21:22:52.543407-04:00,propline_free_sample
2026-09-02,2026-09-02 18:35:00+00:00,Jacob Lopez,3.5,under,100,prizepicks,185587,Texas Rangers,Athletics,2026-09-02T04:53:18.195543+00:00,2026-09-03T01:22:52.543407+00:00,2026-09-02T21:22:52.543407-04:00,2026-09-02T21:22:52.543407-04:00,propline_free_sample
2026-09-02,2026-09-02 18:35:00+00:00,Cody Bradford,7.5,under,100,prizepicks,185587,Texas Rangers,Athletics,2026-09-02T04:53:18.195543+00:00,2026-09-03T01:22:52.543407+00:00,2026-09-02T21:22:52.543407-04:00,2026-09-02T21:22:52.543407-04:00,propline_free_sample
2026-09-02,2026-09-02 18:35:00+00:00,Jacob Lopez,7.5,under,100,prizepicks,185587,Texas Rangers,Athletics,2026-09-02T04:53:18.195543+00:00,2026-09-03T01:22:52.543407+00:00,2026-09-02T21:22:52.543407-04:00,2026-09-02T21:22:52.543407-04:00,propline_free_sample
2026-09-02,2026-09-02 18:35:00+00:00,Jacob Lopez,5.5,over,100,prizepicks,185587,Texas Rangers,Athletics,2026-09-02T04:53:18.195543+00:00,2026-09-03T01:22:52.543407+00:00,2026-09-02T21:22:52.543407-04:00,2026-09-02T21:22:52.543407-04:00,propline_free_sample
2026-09-02,2026-09-02 18:35:00+00:00,Jacob Lopez,5.5,under,100,prizepicks,185587,Texas Rangers,Athletics,2026-09-02T04:53:18.195543+00:00,2026-09-03T01:22:52.543407+00:00,2026-09-02T21:22:52.543407-04:00,2026-09-02T21:22:52.543407-04:00,propline_free_sample
2026-09-02,2026-09-02 18:35:00+00:00,Jacob Lopez,8.5,under,100,prizepicks,185587,Texas Rangers,Athletics,2026-09-02T05:09:17.492947+00:00,2026-09-03T01:22:52.543407+00:00,2026-09-02T21:22:52.543407-04:00,2026-09-02T21:22:52.543407-04:00,propline_free_sample
2026-09-02,2026-09-02 18:35:00+00:00,Cody Bradford,5.5,over,292,novig,185587,Texas Rangers,Athletics,2026-09-02T18:30:46.973503+00:00,2026-09-03T01:22:52.543407+00:00,2026-09-02T21:22:52.543407-04:00,2026-09-02T21:22:52.543407-04:00,propline_free_sample
2026-09-02,2026-09-02 18:35:00+00:00,Cody Bradford,5.5,under,-413,novig,185587,Texas Rangers,Athletics,2026-09-02T18:30:05.311669+00:00,2026-09-03T01:22:52.543407+00:00,2026-09-02T21:22:52.543407-04:00,2026-09-02T21:22:52.543407-04:00,propline_free_sample
2026-09-02,2026-09-02 18:35:00+00:00,Cody Bradford,5.5,over,300,prophetx,185587,Texas Rangers,Athletics,2026-09-02T18:31:32.674553+00:00,2026-09-03T01:22:52.543407+00:00,2026-09-02T21:22:52.543407-04:00,2026-09-02T21:22:52.543407-04:00,propline_free_sample
2026-09-02,2026-09-02 18:35:00+00:00,Cody Bradford,5.5,under,-380,prophetx,185587,Texas Rangers,Athletics,2026-09-02T18:31:32.674553+00:00,2026-09-03T01:22:52.543407+00:00,2026-09-02T21:22:52.543407-04:00,2026-09-02T21:22:52.543407-04:00,propline_free_sample
2026-09-02,2026-09-02 18:35:00+00:00,Cody Bradford,4.0,over,100,betr,185587,Texas Rangers,Athletics,2026-09-02T16:20:28.874875+00:00,2026-09-03T01:22:52.543407+00:00,2026-09-02T21:22:52.543407-04:00,2026-09-02T21:22:52.543407-04:00,propline_free_sample
2026-09-02,2026-09-02 18:35:00+00:00,Jacob Lopez,5.5,over,100,betr,185587,Texas Rangers,Athletics,2026-09-02T05:29:37.276421+00:00,2026-09-03T01:22:52.543407+00:00,2026-09-02T21:22:52.543407-04:00,2026-09-02T21:22:52.543407-04:00,propline_free_sample
2026-09-02,2026-09-02 18:35:00+00:00,Cody Bradford,4.0,under,100,betr,185587,Texas Rangers,Athletics,2026-09-02T16:20:28.874875+00:00,2026-09-03T01:22:52.543407+00:00,2026-09-02T21:22:52.543407-04:00,2026-09-02T21:22:52.543407-04:00,propline_free_sample
2026-09-02,2026-09-02 18:35:00+00:00,Jacob Lopez,5.5,under,100,betr,185587,Texas Rangers,Athletics,2026-09-02T05:29:37.276421+00:00,2026-09-03T01:22:52.543407+00:00,2026-09-02T21:22:52.543407-04:00,2026-09-02T21:22:52.543407-04:00,propline_free_sample
2026-09-02,2026-09-02 18:35:00+00:00,Jacob Lopez,5.5,over,-122,novig,185587,Texas Rangers,Athletics,2026-09-02T17:18:10.518698+00:00,2026-09-03T01:22:52.543407+00:00,2026-09-02T21:22:52.543407-04:00,2026-09-02T21:22:52.543407-04:00,propline_free_sample
2026-09-02,2026-09-02 18:35:00+00:00,Jacob Lopez,5.5,under,-163,novig,185587,Texas Rangers,Athletics,2026-09-02T18:34:55.411863+00:00,2026-09-03T01:22:52.543407+00:00,2026-09-02T21:22:52.543407-04:00,2026-09-02T21:22:52.543407-04:00,propline_free_sample
2026-09-02,2026-09-02 18:35:00+00:00,Jacob Lopez,5.5,over,110,prophetx,185587,Texas Rangers,Athletics,2026-09-02T18:03:21.670824+00:00,2026-09-03T01:22:52.543407+00:00,2026-09-02T21:22:52.543407-04:00,2026-09-02T21:22:52.543407-04:00,propline_free_sample
2026-09-02,2026-09-02 18:35:00+00:00,Jacob Lopez,5.5,under,-138,prophetx,185587,Texas Rangers,Athletics,2026-09-02T17:52:45.758006+00:00,2026-09-03T01:22:52.543407+00:00,2026-09-02T21:22:52.543407-04:00,2026-09-02T21:22:52.543407-04:00,propline_free_sample
2026-09-02,2026-09-02 18:35:00+00:00,Cody Bradford,4.5,over,124,fanduel,185587,Texas Rangers,Athletics,2026-09-02T18:29:16.635929+00:00,2026-09-03T01:22:52.543407+00:00,2026-09-02T21:22:52.543407-04:00,2026-09-02T21:22:52.543407-04:00,propline_free_sample
2026-09-02,2026-09-02 18:35:00+00:00,Cody Bradford,4.5,under,-158,fanduel,185587,Texas Rangers,Athletics,2026-09-02T18:29:16.635929+00:00,2026-09-03T01:22:52.543407+00:00,2026-09-02T21:22:52.543407-04:00,2026-09-02T21:22:52.543407-04:00,propline_free_sample
2026-09-02,2026-09-02 18:35:00+00:00,Jacob Lopez,5.5,over,104,fanduel,185587,Texas Rangers,Athletics,2026-09-02T18:16:21.663843+00:00,2026-09-03T01:22:52.543407+00:00,2026-09-02T21:22:52.543407-04:00,2026-09-02T21:22:52.543407-04:00,propline_free_sample
2026-09-02,2026-09-02 18:35:00+00:00,Jacob Lopez,5.5,under,-132,fanduel,185587,Texas Rangers,Athletics,2026-09-02T18:16:21.663843+00:00,2026-09-03T01:22:52.543407+00:00,2026-09-02T21:22:52.543407-04:00,2026-09-02T21:22:52.543407-04:00,propline_free_sample
2026-09-02,2026-09-02 18:35:00+00:00,Cody Bradford (TEX),4.5,over,120,bovada,185587,Texas Rangers,Athletics,2026-09-02T16:28:08.164789+00:00,2026-09-03T01:22:52.543407+00:00,2026-09-02T21:22:52.543407-04:00,2026-09-02T21:22:52.543407-04:00,propline_free_sample
2026-09-02,2026-09-02 18:35:00+00:00,Cody Bradford (TEX),4.5,under,-160,bovada,185587,Texas Rangers,Athletics,2026-09-02T16:28:08.164789+00:00,2026-09-03T01:22:52.543407+00:00,2026-09-02T21:22:52.543407-04:00,2026-09-02T21:22:52.543407-04:00,propline_free_sample
2026-09-02,2026-09-02 18:35:00+00:00,Jacob Lopez (ATH),5.5,over,105,bovada,185587,Texas Rangers,Athletics,2026-09-02T18:26:13.280071+00:00,2026-09-03T01:22:52.543407+00:00,2026-09-02T21:22:52.543407-04:00,2026-09-02T21:22:52.543407-04:00,propline_free_sample
2026-09-02,2026-09-02 18:35:00+00:00,Jacob Lopez (ATH),5.5,under,-135,bovada,185587,Texas Rangers,Athletics,2026-09-02T18:26:13.280071+00:00,2026-09-03T01:22:52.543407+00:00,2026-09-02T21:22:52.543407-04:00,2026-09-02T21:22:52.543407-04:00,propline_free_sample
2026-09-02,2026-09-02 18:35:00+00:00,Cody Bradford,4.5,over,138,prophetx,185587,Texas Rangers,Athletics,2026-09-02T18:10:52.554110+00:00,2026-09-03T01:22:52.543407+00:00,2026-09-02T21:22:52.543407-04:00,2026-09-02T21:22:52.543407-04:00,propline_free_sample
2026-09-02,2026-09-02 18:35:00+00:00,Cody Bradford,4.5,under,-164,prophetx,185587,Texas Rangers,Athletics,2026-09-02T17:52:45.758006+00:00,2026-09-03T01:22:52.543407+00:00,2026-09-02T21:22:52.543407-04:00,2026-09-02T21:22:52.543407-04:00,propline_free_sample
2026-09-02,2026-09-02 18:35:00+00:00,Cody Bradford,2.5,over,-9900,kalshi,185587,Texas Rangers,Athletics,2026-09-02T18:34:36.484158+00:00,2026-09-03T01:22:52.543407+00:00,2026-09-02T21:22:52.543407-04:00,2026-09-02T21:22:52.543407-04:00,propline_free_sample
2026-09-02,2026-09-02 18:35:00+00:00,Cody Bradford,2.5,under,9900,kalshi,185587,Texas Rangers,Athletics,2026-09-02T18:34:36.484158+00:00,2026-09-03T01:22:52.543407+00:00,2026-09-02T21:22:52.543407-04:00,2026-09-02T21:22:52.543407-04:00,propline_free_sample
2026-09-02,2026-09-02 18:35:00+00:00,Cody Bradford,3.5,over,9900,kalshi,185587,Texas Rangers,Athletics,2026-09-02T18:10:30.861062+00:00,2026-09-03T01:22:52.543407+00:00,2026-09-02T21:22:52.543407-04:00,2026-09-02T21:22:52.543407-04:00,propline_free_sample
2026-09-02,2026-09-02 18:35:00+00:00,Cody Bradford,3.5,under,-194,kalshi,185587,Texas Rangers,Athletics,2026-09-02T18:08:31.650442+00:00,2026-09-03T01:22:52.543407+00:00,2026-09-02T21:22:52.543407-04:00,2026-09-02T21:22:52.543407-04:00,propline_free_sample
2026-09-02,2026-09-02 18:35:00+00:00,Cody Bradford,4.5,over,9900,kalshi,185587,Texas Rangers,Athletics,2026-09-02T16:44:03.466740+00:00,2026-09-03T01:22:52.543407+00:00,2026-09-02T21:22:52.543407-04:00,2026-09-02T21:22:52.543407-04:00,propline_free_sample
2026-09-02,2026-09-02 18:35:00+00:00,Cody Bradford,4.5,under,-1567,kalshi,185587,Texas Rangers,Athletics,2026-09-02T16:32:28.319307+00:00,2026-09-03T01:22:52.543407+00:00,2026-09-02T21:22:52.543407-04:00,2026-09-02T21:22:52.543407-04:00,propline_free_sample
2026-09-02,2026-09-02 18:35:00+00:00,Cody Bradford,5.5,over,9900,kalshi,185587,Texas Rangers,Athletics,2026-09-02T18:30:49.896660+00:00,2026-09-03T01:22:52.543407+00:00,2026-09-02T21:22:52.543407-04:00,2026-09-02T21:22:52.543407-04:00,propline_free_sample
2026-09-02,2026-09-02 18:35:00+00:00,Cody Bradford,5.5,under,-9900,kalshi,185587,Texas Rangers,Athletics,2026-09-02T18:30:49.896660+00:00,2026-09-03T01:22:52.543407+00:00,2026-09-02T21:22:52.543407-04:00,2026-09-02T21:22:52.543407-04:00,propline_free_sample
2026-09-02,2026-09-02 18:35:00+00:00,Cody Bradford,6.5,over,9900,kalshi,185587,Texas Rangers,Athletics,2026-09-02T18:30:49.896660+00:00,2026-09-03T01:22:52.543407+00:00,2026-09-02T21:22:52.543407-04:00,2026-09-02T21:22:52.543407-04:00,propline_free_sample
2026-09-02,2026-09-02 18:35:00+00:00,Cody Bradford,6.5,under,-9900,kalshi,185587,Texas Rangers,Athletics,2026-09-02T18:34:36.484158+00:00,2026-09-03T01:22:52.543407+00:00,2026-09-02T21:22:52.543407-04:00,2026-09-02T21:22:52.543407-04:00,propline_free_sample
2026-09-02,2026-09-02 18:35:00+00:00,Cody Bradford,7.5,over,9900,kalshi,185587,Texas Rangers,Athletics,2026-09-02T16:28:27.563994+00:00,2026-09-03T01:22:52.543407+00:00,2026-09-02T21:22:52.543407-04:00,2026-09-02T21:22:52.543407-04:00,propline_free_sample
2026-09-02,2026-09-02 18:35:00+00:00,Cody Bradford,7.5,under,-1150,kalshi,185587,Texas Rangers,Athletics,2026-09-02T18:30:49.896660+00:00,2026-09-03T01:22:52.543407+00:00,2026-09-02T21:22:52.543407-04:00,2026-09-02T21:22:52.543407-04:00,propline_free_sample
2026-09-02,2026-09-02 18:35:00+00:00,Cody Bradford,8.5,over,9900,kalshi,185587,Texas Rangers,Athletics,2026-09-02T14:21:59.027494+00:00,2026-09-03T01:22:52.543407+00:00,2026-09-02T21:22:52.543407-04:00,2026-09-02T21:22:52.543407-04:00,propline_free_sample
2026-09-02,2026-09-02 18:35:00+00:00,Cody Bradford,8.5,under,-9900,kalshi,185587,Texas Rangers,Athletics,2026-09-02T16:02:33.094855+00:00,2026-09-03T01:22:52.543407+00:00,2026-09-02T21:22:52.543407-04:00,2026-09-02T21:22:52.543407-04:00,propline_free_sample
2026-09-02,2026-09-02 18:35:00+00:00,Cody Bradford,4.5,over,141,novig,185587,Texas Rangers,Athletics,2026-09-02T18:28:14.386878+00:00,2026-09-03T01:22:52.543407+00:00,2026-09-02T21:22:52.543407-04:00,2026-09-02T21:22:52.543407-04:00,propline_free_sample
2026-09-02,2026-09-02 18:35:00+00:00,Cody Bradford,4.5,under,-153,novig,185587,Texas Rangers,Athletics,2026-09-02T18:01:44.916478+00:00,2026-09-03T01:22:52.543407+00:00,2026-09-02T21:22:52.543407-04:00,2026-09-02T21:22:52.543407-04:00,propline_free_sample
2026-09-02,2026-09-02 18:35:00+00:00,Jacob Lopez,2.5,over,-9900,kalshi,185587,Texas Rangers,Athletics,2026-09-02T15:49:06.281362+00:00,2026-09-03T01:22:52.543407+00:00,2026-09-02T21:22:52.543407-04:00,2026-09-02T21:22:52.543407-04:00,propline_free_sample
2026-09-02,2026-09-02 18:35:00+00:00,Jacob Lopez,2.5,under,9900,kalshi,185587,Texas Rangers,Athletics,2026-09-02T16:28:27.563994+00:00,2026-09-03T01:22:52.543407+00:00,2026-09-02T21:22:52.543407-04:00,2026-09-02T21:22:52.543407-04:00,propline_free_sample
2026-09-02,2026-09-02 18:35:00+00:00,Jacob Lopez,3.5,over,-4900,kalshi,185587,Texas Rangers,Athletics,2026-09-02T17:23:06.943022+00:00,2026-09-03T01:22:52.543407+00:00,2026-09-02T21:22:52.543407-04:00,2026-09-02T21:22:52.543407-04:00,propline_free_sample
2026-09-02,2026-09-02 18:35:00+00:00,Jacob Lopez,3.5,under,9900,kalshi,185587,Texas Rangers,Athletics,2026-09-02T17:23:06.943022+00:00,2026-09-03T01:22:52.543407+00:00,2026-09-02T21:22:52.543407-04:00,2026-09-02T21:22:52.543407-04:00,propline_free_sample
2026-09-02,2026-09-02 18:35:00+00:00,Jacob Lopez,4.5,over,-2400,kalshi,185587,Texas Rangers,Athletics,2026-09-02T13:44:13.381300+00:00,2026-09-03T01:22:52.543407+00:00,2026-09-02T21:22:52.543407-04:00,2026-09-02T21:22:52.543407-04:00,propline_free_sample
2026-09-02,2026-09-02 18:35:00+00:00,Jacob Lopez,4.5,under,9900,kalshi,185587,Texas Rangers,Athletics,2026-09-02T13:44:13.381300+00:00,2026-09-03T01:22:52.543407+00:00,2026-09-02T21:22:52.543407-04:00,2026-09-02T21:22:52.543407-04:00,propline_free_sample
2026-09-02,2026-09-02 18:35:00+00:00,Jacob Lopez,5.5,over,-2400,kalshi,185587,Texas Rangers,Athletics,2026-09-02T16:57:34.791761+00:00,2026-09-03T01:22:52.543407+00:00,2026-09-02T21:22:52.543407-04:00,2026-09-02T21:22:52.543407-04:00,propline_free_sample
2026-09-02,2026-09-02 18:35:00+00:00,Jacob Lopez,5.5,under,9900,kalshi,185587,Texas Rangers,Athletics,2026-09-02T16:57:34.791761+00:00,2026-09-03T01:22:52.543407+00:00,2026-09-02T21:22:52.543407-04:00,2026-09-02T21:22:52.543407-04:00,propline_free_sample
2026-09-02,2026-09-02 18:35:00+00:00,Jacob Lopez,6.5,over,-233,kalshi,185587,Texas Rangers,Athletics,2026-09-02T16:14:37.764970+00:00,2026-09-03T01:22:52.543407+00:00,2026-09-02T21:22:52.543407-04:00,2026-09-02T21:22:52.543407-04:00,propline_free_sample
2026-09-02,2026-09-02 18:35:00+00:00,Jacob Lopez,6.5,under,9900,kalshi,185587,Texas Rangers,Athletics,2026-09-02T16:44:03.466740+00:00,2026-09-03T01:22:52.543407+00:00,2026-09-02T21:22:52.543407-04:00,2026-09-02T21:22:52.543407-04:00,propline_free_sample
2026-09-02,2026-09-02 18:35:00+00:00,Jacob Lopez,7.5,over,9900,kalshi,185587,Texas Rangers,Athletics,2026-09-02T13:40:50.333243+00:00,2026-09-03T01:22:52.543407+00:00,2026-09-02T21:22:52.543407-04:00,2026-09-02T21:22:52.543407-04:00,propline_free_sample
2026-09-02,2026-09-02 18:35:00+00:00,Jacob Lopez,7.5,under,-1900,kalshi,185587,Texas Rangers,Athletics,2026-09-02T13:05:37.808636+00:00,2026-09-03T01:22:52.543407+00:00,2026-09-02T21:22:52.543407-04:00,2026-09-02T21:22:52.543407-04:00,propline_free_sample
2026-09-02,2026-09-02 18:35:00+00:00,Jacob Lopez,8.5,over,9900,kalshi,185587,Texas Rangers,Athletics,2026-09-02T18:34:36.484158+00:00,2026-09-03T01:22:52.543407+00:00,2026-09-02T21:22:52.543407-04:00,2026-09-02T21:22:52.543407-04:00,propline_free_sample
2026-09-02,2026-09-02 18:35:00+00:00,Jacob Lopez,8.5,under,-1900,kalshi,185587,Texas Rangers,Athletics,2026-09-02T18:13:44.892019+00:00,2026-09-03T01:22:52.543407+00:00,2026-09-02T21:22:52.543407-04:00,2026-09-02T21:22:52.543407-04:00,propline_free_sample
2026-09-02,2026-09-02 18:35:00+00:00,Jacob Lopez,9.5,over,9900,kalshi,185587,Texas Rangers,Athletics,2026-09-02T18:12:28.313555+00:00,2026-09-03T01:22:52.543407+00:00,2026-09-02T21:22:52.543407-04:00,2026-09-02T21:22:52.543407-04:00,propline_free_sample
2026-09-02,2026-09-02 18:35:00+00:00,Jacob Lopez,9.5,under,-1900,kalshi,185587,Texas Rangers,Athletics,2026-09-02T18:31:57.872190+00:00,2026-09-03T01:22:52.543407+00:00,2026-09-02T21:22:52.543407-04:00,2026-09-02T21:22:52.543407-04:00,propline_free_sample
2026-09-02,2026-09-02 18:35:00+00:00,Cody Bradford,4.0,over,100,prizepicks,185587,Texas Rangers,Athletics,2026-09-02T16:32:14.938625+00:00,2026-09-03T01:22:52.543407+00:00,2026-09-02T21:22:52.543407-04:00,2026-09-02T21:22:52.543407-04:00,propline_free_sample
2026-09-02,2026-09-02 18:35:00+00:00,Cody Bradford,4.0,under,100,prizepicks,185587,Texas Rangers,Athletics,2026-09-02T16:32:14.938625+00:00,2026-09-03T01:22:52.543407+00:00,2026-09-02T21:22:52.543407-04:00,2026-09-02T21:22:52.543407-04:00,propline_free_sample
2026-09-02,2026-09-02 18:35:00+00:00,Cody Bradford,4.5,over,121,rebet,185587,Texas Rangers,Athletics,2026-09-02T17:54:56.794419+00:00,2026-09-03T01:22:52.543407+00:00,2026-09-02T21:22:52.543407-04:00,2026-09-02T21:22:52.543407-04:00,propline_free_sample
2026-09-02,2026-09-02 18:35:00+00:00,Cody Bradford,4.5,under,-168,rebet,185587,Texas Rangers,Athletics,2026-09-02T17:54:56.794419+00:00,2026-09-03T01:22:52.543407+00:00,2026-09-02T21:22:52.543407-04:00,2026-09-02T21:22:52.543407-04:00,propline_free_sample
2026-09-02,2026-09-02 18:35:00+00:00,Jacob Lopez,5.5,over,-101,rebet,185587,Texas Rangers,Athletics,2026-09-02T16:33:36.245920+00:00,2026-09-03T01:22:52.543407+00:00,2026-09-02T21:22:52.543407-04:00,2026-09-02T21:22:52.543407-04:00,propline_free_sample
2026-09-02,2026-09-02 18:35:00+00:00,Jacob Lopez,5.5,under,-136,rebet,185587,Texas Rangers,Athletics,2026-09-02T16:33:36.245920+00:00,2026-09-03T01:22:52.543407+00:00,2026-09-02T21:22:52.543407-04:00,2026-09-02T21:22:52.543407-04:00,propline_free_sample
2026-09-02,2026-09-02 18:35:00+00:00,Cody Bradford,2.5,over,100,prizepicks,185587,Texas Rangers,Athletics,2026-09-02T10:12:37.777931+00:00,2026-09-03T01:22:52.543407+00:00,2026-09-02T21:22:52.543407-04:00,2026-09-02T21:22:52.543407-04:00,propline_free_sample
2026-09-02,2026-09-02 18:35:00+00:00,Cody Bradford,2.5,under,100,prizepicks,185587,Texas Rangers,Athletics,2026-09-02T10:12:37.777931+00:00,2026-09-03T01:22:52.543407+00:00,2026-09-02T21:22:52.543407-04:00,2026-09-02T21:22:52.543407-04:00,propline_free_sample
2026-09-02,2026-09-02 18:35:00+00:00,Cody Bradford (TEX),4.5,over,110,betonlineag,185587,Texas Rangers,Athletics,2026-09-02T16:21:54.395455+00:00,2026-09-03T01:22:52.543407+00:00,2026-09-02T21:22:52.543407-04:00,2026-09-02T21:22:52.543407-04:00,propline_free_sample
2026-09-02,2026-09-02 18:35:00+00:00,Cody Bradford (TEX),4.5,under,-150,betonlineag,185587,Texas Rangers,Athletics,2026-09-02T16:21:54.395455+00:00,2026-09-03T01:22:52.543407+00:00,2026-09-02T21:22:52.543407-04:00,2026-09-02T21:22:52.543407-04:00,propline_free_sample
2026-09-02,2026-09-02 18:35:00+00:00,Jacob Lopez (ATH),5.5,over,105,betonlineag,185587,Texas Rangers,Athletics,2026-09-02T18:04:51.909264+00:00,2026-09-03T01:22:52.543407+00:00,2026-09-02T21:22:52.543407-04:00,2026-09-02T21:22:52.543407-04:00,propline_free_sample
2026-09-02,2026-09-02 18:35:00+00:00,Jacob Lopez (ATH),5.5,under,-145,betonlineag,185587,Texas Rangers,Athletics,2026-09-02T18:04:51.909264+00:00,2026-09-03T01:22:52.543407+00:00,2026-09-02T21:22:52.543407-04:00,2026-09-02T21:22:52.543407-04:00,propline_free_sample
2026-09-02,2026-09-02 18:35:00+00:00,Cody Bradford (TEX),4.5,over,110,lowvig,185587,Texas Rangers,Athletics,2026-09-02T16:18:49.833088+00:00,2026-09-03T01:22:52.543407+00:00,2026-09-02T21:22:52.543407-04:00,2026-09-02T21:22:52.543407-04:00,propline_free_sample
2026-09-02,2026-09-02 18:35:00+00:00,Cody Bradford (TEX),4.5,under,-150,lowvig,185587,Texas Rangers,Athletics,2026-09-02T16:18:49.833088+00:00,2026-09-03T01:22:52.543407+00:00,2026-09-02T21:22:52.543407-04:00,2026-09-02T21:22:52.543407-04:00,propline_free_sample
2026-09-02,2026-09-02 18:35:00+00:00,Jacob Lopez (ATH),5.5,over,105,lowvig,185587,Texas Rangers,Athletics,2026-09-02T18:04:50.956133+00:00,2026-09-03T01:22:52.543407+00:00,2026-09-02T21:22:52.543407-04:00,2026-09-02T21:22:52.543407-04:00,propline_free_sample
2026-09-02,2026-09-02 18:35:00+00:00,Jacob Lopez (ATH),5.5,under,-145,lowvig,185587,Texas Rangers,Athletics,2026-09-02T18:04:50.956133+00:00,2026-09-03T01:22:52.543407+00:00,2026-09-02T21:22:52.543407-04:00,2026-09-02T21:22:52.543407-04:00,propline_free_sample
2026-09-02,2026-09-02 18:35:00+00:00,Cody Bradford,3.5,over,-170,novig,185587,Texas Rangers,Athletics,2026-09-02T18:34:55.411863+00:00,2026-09-03T01:22:52.543407+00:00,2026-09-02T21:22:52.543407-04:00,2026-09-02T21:22:52.543407-04:00,propline_free_sample
2026-09-02,2026-09-02 18:35:00+00:00,Cody Bradford,3.5,under,117,novig,185587,Texas Rangers,Athletics,2026-09-02T18:09:33.170694+00:00,2026-09-03T01:22:52.543407+00:00,2026-09-02T21:22:52.543407-04:00,2026-09-02T21:22:52.543407-04:00,propline_free_sample
2026-09-02,2026-09-02 18:35:00+00:00,Cody Bradford,6.5,over,590,novig,185587,Texas Rangers,Athletics,2026-09-02T17:24:22.126638+00:00,2026-09-03T01:22:52.543407+00:00,2026-09-02T21:22:52.543407-04:00,2026-09-02T21:22:52.543407-04:00,propline_free_sample
2026-09-02,2026-09-02 18:35:00+00:00,Cody Bradford,6.5,under,-1150,novig,185587,Texas Rangers,Athletics,2026-09-02T16:43:07.567163+00:00,2026-09-03T01:22:52.543407+00:00,2026-09-02T21:22:52.543407-04:00,2026-09-02T21:22:52.543407-04:00,propline_free_sample
2026-09-02,2026-09-02 18:35:00+00:00,Jacob Lopez,4.5,over,-194,novig,185587,Texas Rangers,Athletics,2026-09-02T18:13:12.835601+00:00,2026-09-03T01:22:52.543407+00:00,2026-09-02T21:22:52.543407-04:00,2026-09-02T21:22:52.543407-04:00,propline_free_sample
2026-09-02,2026-09-02 18:35:00+00:00,Jacob Lopez,4.5,under,167,novig,185587,Texas Rangers,Athletics,2026-09-02T18:34:55.411863+00:00,2026-09-03T01:22:52.543407+00:00,2026-09-02T21:22:52.543407-04:00,2026-09-02T21:22:52.543407-04:00,propline_free_sample
2026-09-02,2026-09-02 18:35:00+00:00,Jacob Lopez,6.5,over,212,novig,185587,Texas Rangers,Athletics,2026-09-02T16:20:16.143979+00:00,2026-09-03T01:22:52.543407+00:00,2026-09-02T21:22:52.543407-04:00,2026-09-02T21:22:52.543407-04:00,propline_free_sample
2026-09-02,2026-09-02 18:35:00+00:00,Jacob Lopez,6.5,under,-223,novig,185587,Texas Rangers,Athletics,2026-09-02T17:14:57.102165+00:00,2026-09-03T01:22:52.543407+00:00,2026-09-02T21:22:52.543407-04:00,2026-09-02T21:22:52.543407-04:00,propline_free_sample
2026-09-02,2026-09-02 18:35:00+00:00,Cody Bradford,5.5,over,100,betmgm,185587,Texas Rangers,Athletics,2026-09-02T17:56:53.579260+00:00,2026-09-03T01:22:52.543407+00:00,2026-09-02T21:22:52.543407-04:00,2026-09-02T21:22:52.543407-04:00,propline_free_sample
2026-09-02,2026-09-02 18:35:00+00:00,Cody Bradford,5.5,under,-135,betmgm,185587,Texas Rangers,Athletics,2026-09-02T17:56:53.579260+00:00,2026-09-03T01:22:52.543407+00:00,2026-09-02T21:22:52.543407-04:00,2026-09-02T21:22:52.543407-04:00,propline_free_sample
2026-09-02,2026-09-02 18:35:00+00:00,Jacob Lopez,5.5,over,110,betmgm,185587,Texas Rangers,Athletics,2026-09-02T16:06:16.035063+00:00,2026-09-03T01:22:52.543407+00:00,2026-09-02T21:22:52.543407-04:00,2026-09-02T21:22:52.543407-04:00,propline_free_sample
2026-09-02,2026-09-02 18:35:00+00:00,Jacob Lopez,5.5,under,-150,betmgm,185587,Texas Rangers,Athletics,2026-09-02T16:06:16.035063+00:00,2026-09-03T01:22:52.543407+00:00,2026-09-02T21:22:52.543407-04:00,2026-09-02T21:22:52.543407-04:00,propline_free_sample
2026-09-02,2026-09-02 18:35:00+00:00,Cody Bradford,4.5,over,120,pinnacle,185587,Texas Rangers,Athletics,2026-09-02T18:26:22.376308+00:00,2026-09-03T01:22:52.543407+00:00,2026-09-02T21:22:52.543407-04:00,2026-09-02T21:22:52.543407-04:00,propline_free_sample
2026-09-02,2026-09-02 18:35:00+00:00,Cody Bradford,4.5,under,-160,pinnacle,185587,Texas Rangers,Athletics,2026-09-02T18:26:22.376308+00:00,2026-09-03T01:22:52.543407+00:00,2026-09-02T21:22:52.543407-04:00,2026-09-02T21:22:52.543407-04:00,propline_free_sample
2026-09-02,2026-09-02 18:35:00+00:00,Jacob Lopez,5.5,over,-101,pinnacle,185587,Texas Rangers,Athletics,2026-09-02T17:26:48.590316+00:00,2026-09-03T01:22:52.543407+00:00,2026-09-02T21:22:52.543407-04:00,2026-09-02T21:22:52.543407-04:00,propline_free_sample
2026-09-02,2026-09-02 18:35:00+00:00,Jacob Lopez,5.5,under,-131,pinnacle,185587,Texas Rangers,Athletics,2026-09-02T17:26:48.590316+00:00,2026-09-03T01:22:52.543407+00:00,2026-09-02T21:22:52.543407-04:00,2026-09-02T21:22:52.543407-04:00,propline_free_sample
2026-09-02,2026-09-02 18:35:00+00:00,Cody Bradford,4.5,over,100,prizepicks,185587,Texas Rangers,Athletics,2026-09-02T16:21:11.913341+00:00,2026-09-03T01:22:52.543407+00:00,2026-09-02T21:22:52.543407-04:00,2026-09-02T21:22:52.543407-04:00,propline_free_sample
2026-09-02,2026-09-02 18:35:00+00:00,Cody Bradford,4.5,under,100,prizepicks,185587,Texas Rangers,Athletics,2026-09-02T16:21:11.913341+00:00,2026-09-03T01:22:52.543407+00:00,2026-09-02T21:22:52.543407-04:00,2026-09-02T21:22:52.543407-04:00,propline_free_sample
2026-09-02,2026-09-02 18:35:00+00:00,Cody Bradford,4.0,over,110,prophetx,185587,Texas Rangers,Athletics,2026-09-02T17:17:23.746029+00:00,2026-09-03T01:22:52.543407+00:00,2026-09-02T21:22:52.543407-04:00,2026-09-02T21:22:52.543407-04:00,propline_free_sample
2026-09-02,2026-09-02 18:35:00+00:00,Cody Bradford,4.0,under,-130,prophetx,185587,Texas Rangers,Athletics,2026-09-02T17:17:23.746029+00:00,2026-09-03T01:22:52.543407+00:00,2026-09-02T21:22:52.543407-04:00,2026-09-02T21:22:52.543407-04:00,propline_free_sample
2026-09-02,2026-09-02 18:35:00+00:00,Jacob Lopez,5.5,over,100,prizepicks,185587,Texas Rangers,Athletics,2026-09-02T17:30:42.856496+00:00,2026-09-03T01:22:52.543407+00:00,2026-09-02T21:22:52.543407-04:00,2026-09-02T21:22:52.543407-04:00,propline_free_sample
2026-09-02,2026-09-02 18:35:00+00:00,Jacob Lopez,5.5,under,100,prizepicks,185587,Texas Rangers,Athletics,2026-09-02T17:30:42.856496+00:00,2026-09-03T01:22:52.543407+00:00,2026-09-02T21:22:52.543407-04:00,2026-09-02T21:22:52.543407-04:00,propline_free_sample
2026-09-02,2026-09-02 17:05:00+00:00,Brad Lord,2.5,over,162,dabble,185185,Washington Nationals,Atlanta Braves,2026-09-02T16:26:27.086413+00:00,2026-09-03T01:22:52.543407+00:00,2026-09-02T21:22:52.543407-04:00,2026-09-02T21:22:52.543407-04:00,propline_free_sample
2026-09-02,2026-09-02 17:05:00+00:00,Grant Holmes,3.5,over,-145,dabble,185185,Washington Nationals,Atlanta Braves,2026-09-02T16:49:05.877326+00:00,2026-09-03T01:22:52.543407+00:00,2026-09-02T21:22:52.543407-04:00,2026-09-02T21:22:52.543407-04:00,propline_free_sample
2026-09-02,2026-09-02 17:05:00+00:00,Brad Lord,2.5,under,-159,dabble,185185,Washington Nationals,Atlanta Braves,2026-09-02T16:49:05.877326+00:00,2026-09-03T01:22:52.543407+00:00,2026-09-02T21:22:52.543407-04:00,2026-09-02T21:22:52.543407-04:00,propline_free_sample
2026-09-02,2026-09-02 17:05:00+00:00,Grant Holmes,3.5,under,146,dabble,185185,Washington Nationals,Atlanta Braves,2026-09-02T16:49:05.877326+00:00,2026-09-03T01:22:52.543407+00:00,2026-09-02T21:22:52.543407-04:00,2026-09-02T21:22:52.543407-04:00,propline_free_sample
2026-09-02,2026-09-02 17:05:00+00:00,Brad Lord,2.5,over,139,underdog,185185,Washington Nationals,Atlanta Braves,2026-09-02T16:30:11.359169+00:00,2026-09-03T01:22:52.543407+00:00,2026-09-02T21:22:52.543407-04:00,2026-09-02T21:22:52.543407-04:00,propline_free_sample
2026-09-02,2026-09-02 17:05:00+00:00,Grant Holmes,3.5,over,-173,underdog,185185,Washington Nationals,Atlanta Braves,2026-09-02T16:47:52.752097+00:00,2026-09-03T01:22:52.543407+00:00,2026-09-02T21:22:52.543407-04:00,2026-09-02T21:22:52.543407-04:00,propline_free_sample
2026-09-02,2026-09-02 17:05:00+00:00,Brad Lord,2.5,under,-193,underdog,185185,Washington Nationals,Atlanta Braves,2026-09-02T14:48:28.010692+00:00,2026-09-03T01:22:52.543407+00:00,2026-09-02T21:22:52.543407-04:00,2026-09-02T21:22:52.543407-04:00,propline_free_sample
2026-09-02,2026-09-02 17:05:00+00:00,Grant Holmes,3.5,under,127,underdog,185185,Washington Nationals,Atlanta Braves,2026-09-02T16:47:52.752097+00:00,2026-09-03T01:22:52.543407+00:00,2026-09-02T21:22:52.543407-04:00,2026-09-02T21:22:52.543407-04:00,propline_free_sample
2026-09-02,2026-09-02 17:05:00+00:00,Brad Lord,2.5,over,134,smarkets,185185,Washington Nationals,Atlanta Braves,2026-09-02T16:22:47.933131+00:00,2026-09-03T01:22:52.543407+00:00,2026-09-02T21:22:52.543407-04:00,2026-09-02T21:22:52.543407-04:00,propline_free_sample
2026-09-02,2026-09-02 17:05:00+00:00,Brad Lord,2.5,under,-189,smarkets,185185,Washington Nationals,Atlanta Braves,2026-09-02T16:26:49.568518+00:00,2026-09-03T01:22:52.543407+00:00,2026-09-02T21:22:52.543407-04:00,2026-09-02T21:22:52.543407-04:00,propline_free_sample
2026-09-02,2026-09-02 17:05:00+00:00,Grant Holmes,4.5,over,122,smarkets,185185,Washington Nationals,Atlanta Braves,2026-09-02T16:34:40.642007+00:00,2026-09-03T01:22:52.543407+00:00,2026-09-02T21:22:52.543407-04:00,2026-09-02T21:22:52.543407-04:00,propline_free_sample
2026-09-02,2026-09-02 17:05:00+00:00,Grant Holmes,4.5,under,-172,smarkets,185185,Washington Nationals,Atlanta Braves,2026-09-02T16:34:40.642007+00:00,2026-09-03T01:22:52.543407+00:00,2026-09-02T21:22:52.543407-04:00,2026-09-02T21:22:52.543407-04:00,propline_free_sample
2026-09-02,2026-09-02 17:05:00+00:00,Brad Lord,2.5,over,100,prizepicks,185185,Washington Nationals,Atlanta Braves,2026-09-02T04:22:15.093976+00:00,2026-09-03T01:22:52.543407+00:00,2026-09-02T21:22:52.543407-04:00,2026-09-02T21:22:52.543407-04:00,propline_free_sample
2026-09-02,2026-09-02 17:05:00+00:00,Brad Lord,2.5,under,100,prizepicks,185185,Washington Nationals,Atlanta Braves,2026-09-02T04:22:15.093976+00:00,2026-09-03T01:22:52.543407+00:00,2026-09-02T21:22:52.543407-04:00,2026-09-02T21:22:52.543407-04:00,propline_free_sample
2026-09-02,2026-09-02 17:05:00+00:00,Brad Lord,3.5,over,100,prizepicks,185185,Washington Nationals,Atlanta Braves,2026-09-02T04:22:15.093976+00:00,2026-09-03T01:22:52.543407+00:00,2026-09-02T21:22:52.543407-04:00,2026-09-02T21:22:52.543407-04:00,propline_free_sample
2026-09-02,2026-09-02 17:05:00+00:00,Grant Holmes,4.5,over,100,prizepicks,185185,Washington Nationals,Atlanta Braves,2026-09-02T04:22:15.093976+00:00,2026-09-03T01:22:52.543407+00:00,2026-09-02T21:22:52.543407-04:00,2026-09-02T21:22:52.543407-04:00,propline_free_sample
2026-09-02,2026-09-02 17:05:00+00:00,Grant Holmes,4.5,under,100,prizepicks,185185,Washington Nationals,Atlanta Braves,2026-09-02T04:22:15.093976+00:00,2026-09-03T01:22:52.543407+00:00,2026-09-02T21:22:52.543407-04:00,2026-09-02T21:22:52.543407-04:00,propline_free_sample
2026-09-02,2026-09-02 17:05:00+00:00,Grant Holmes,6.5,over,100,prizepicks,185185,Washington Nationals,Atlanta Braves,2026-09-02T04:22:15.093976+00:00,2026-09-03T01:22:52.543407+00:00,2026-09-02T21:22:52.543407-04:00,2026-09-02T21:22:52.543407-04:00,propline_free_sample
2026-09-02,2026-09-02 17:05:00+00:00,Grant Holmes,3.5,over,100,prizepicks,185185,Washington Nationals,Atlanta Braves,2026-09-02T04:22:15.093976+00:00,2026-09-03T01:22:52.543407+00:00,2026-09-02T21:22:52.543407-04:00,2026-09-02T21:22:52.543407-04:00,propline_free_sample
2026-09-02,2026-09-02 17:05:00+00:00,Brad Lord,2.5,over,135,draftkings,185185,Washington Nationals,Atlanta Braves,2026-09-02T04:22:15.741803+00:00,2026-09-03T01:22:52.543407+00:00,2026-09-02T21:22:52.543407-04:00,2026-09-02T21:22:52.543407-04:00,propline_free_sample
2026-09-02,2026-09-02 17:05:00+00:00,Brad Lord,2.5,under,-173,draftkings,185185,Washington Nationals,Atlanta Braves,2026-09-02T04:22:15.741803+00:00,2026-09-03T01:22:52.543407+00:00,2026-09-02T21:22:52.543407-04:00,2026-09-02T21:22:52.543407-04:00,propline_free_sample
2026-09-02,2026-09-02 17:05:00+00:00,Brad Lord,4.5,over,100,prizepicks,185185,Washington Nationals,Atlanta Braves,2026-09-02T04:25:15.243835+00:00,2026-09-03T01:22:52.543407+00:00,2026-09-02T21:22:52.543407-04:00,2026-09-02T21:22:52.543407-04:00,propline_free_sample
2026-09-02,2026-09-02 17:05:00+00:00,Grant Holmes,3.5,under,100,prizepicks,185185,Washington Nationals,Atlanta Braves,2026-09-02T04:25:15.243835+00:00,2026-09-03T01:22:52.543407+00:00,2026-09-02T21:22:52.543407-04:00,2026-09-02T21:22:52.543407-04:00,propline_free_sample
2026-09-02,2026-09-02 17:05:00+00:00,Brad Lord,5.5,over,100,prizepicks,185185,Washington Nationals,Atlanta Braves,2026-09-02T04:25:15.243835+00:00,2026-09-03T01:22:52.543407+00:00,2026-09-02T21:22:52.543407-04:00,2026-09-02T21:22:52.543407-04:00,propline_free_sample
2026-09-02,2026-09-02 17:05:00+00:00,Grant Holmes,5.5,over,100,prizepicks,185185,Washington Nationals,Atlanta Braves,2026-09-02T04:25:15.243835+00:00,2026-09-03T01:22:52.543407+00:00,2026-09-02T21:22:52.543407-04:00,2026-09-02T21:22:52.543407-04:00,propline_free_sample
2026-09-02,2026-09-02 17:05:00+00:00,Grant Holmes,7.5,over,100,prizepicks,185185,Washington Nationals,Atlanta Braves,2026-09-02T04:25:15.243835+00:00,2026-09-03T01:22:52.543407+00:00,2026-09-02T21:22:52.543407-04:00,2026-09-02T21:22:52.543407-04:00,propline_free_sample
2026-09-02,2026-09-02 17:05:00+00:00,Brad Lord,1.5,over,100,prizepicks,185185,Washington Nationals,Atlanta Braves,2026-09-02T04:25:15.243835+00:00,2026-09-03T01:22:52.543407+00:00,2026-09-02T21:22:52.543407-04:00,2026-09-02T21:22:52.543407-04:00,propline_free_sample
2026-09-02,2026-09-02 17:05:00+00:00,Grant Holmes,2.5,over,100,prizepicks,185185,Washington Nationals,Atlanta Braves,2026-09-02T04:25:15.243835+00:00,2026-09-03T01:22:52.543407+00:00,2026-09-02T21:22:52.543407-04:00,2026-09-02T21:22:52.543407-04:00,propline_free_sample
2026-09-02,2026-09-02 17:05:00+00:00,Grant Holmes,3.5,over,-168,draftkings,185185,Washington Nationals,Atlanta Braves,2026-09-02T17:04:39.006841+00:00,2026-09-03T01:22:52.543407+00:00,2026-09-02T21:22:52.543407-04:00,2026-09-02T21:22:52.543407-04:00,propline_free_sample
2026-09-02,2026-09-02 17:05:00+00:00,Grant Holmes,3.5,under,131,draftkings,185185,Washington Nationals,Atlanta Braves,2026-09-02T17:04:39.006841+00:00,2026-09-03T01:22:52.543407+00:00,2026-09-02T21:22:52.543407-04:00,2026-09-02T21:22:52.543407-04:00,propline_free_sample
2026-09-02,2026-09-02 17:05:00+00:00,Grant Holmes,4.5,over,130,fanatics,185185,Washington Nationals,Atlanta Braves,2026-09-02T16:54:56.298342+00:00,2026-09-03T01:22:52.543407+00:00,2026-09-02T21:22:52.543407-04:00,2026-09-02T21:22:52.543407-04:00,propline_free_sample
2026-09-02,2026-09-02 17:05:00+00:00,Grant Holmes,4.5,under,-175,fanatics,185185,Washington Nationals,Atlanta Braves,2026-09-02T16:54:56.298342+00:00,2026-09-03T01:22:52.543407+00:00,2026-09-02T21:22:52.543407-04:00,2026-09-02T21:22:52.543407-04:00,propline_free_sample
2026-09-02,2026-09-02 17:05:00+00:00,Grant Holmes,4.5,over,110,sleeper,185185,Washington Nationals,Atlanta Braves,2026-09-02T16:42:57.906193+00:00,2026-09-03T01:22:52.543407+00:00,2026-09-02T21:22:52.543407-04:00,2026-09-02T21:22:52.543407-04:00,propline_free_sample
2026-09-02,2026-09-02 17:05:00+00:00,Grant Holmes,4.5,under,-185,sleeper,185185,Washington Nationals,Atlanta Braves,2026-09-02T16:18:17.286970+00:00,2026-09-03T01:22:52.543407+00:00,2026-09-02T21:22:52.543407-04:00,2026-09-02T21:22:52.543407-04:00,propline_free_sample
2026-09-02,2026-09-02 17:05:00+00:00,Grant Holmes,4.0,over,100,betr,185185,Washington Nationals,Atlanta Braves,2026-09-02T04:36:32.090439+00:00,2026-09-03T01:22:52.543407+00:00,2026-09-02T21:22:52.543407-04:00,2026-09-02T21:22:52.543407-04:00,propline_free_sample
2026-09-02,2026-09-02 17:05:00+00:00,Grant Holmes,4.0,under,100,betr,185185,Washington Nationals,Atlanta Braves,2026-09-02T04:36:32.090439+00:00,2026-09-03T01:22:52.543407+00:00,2026-09-02T21:22:52.543407-04:00,2026-09-02T21:22:52.543407-04:00,propline_free_sample
2026-09-02,2026-09-02 17:05:00+00:00,Brad Lord,3.5,under,100,prizepicks,185185,Washington Nationals,Atlanta Braves,2026-09-02T04:37:15.096026+00:00,2026-09-03T01:22:52.543407+00:00,2026-09-02T21:22:52.543407-04:00,2026-09-02T21:22:52.543407-04:00,propline_free_sample
2026-09-02,2026-09-02 17:05:00+00:00,Brad Lord,1.5,under,100,prizepicks,185185,Washington Nationals,Atlanta Braves,2026-09-02T04:37:15.096026+00:00,2026-09-03T01:22:52.543407+00:00,2026-09-02T21:22:52.543407-04:00,2026-09-02T21:22:52.543407-04:00,propline_free_sample
2026-09-02,2026-09-02 17:05:00+00:00,Brad Lord,0.5,over,100,prizepicks,185185,Washington Nationals,Atlanta Braves,2026-09-02T04:37:15.096026+00:00,2026-09-03T01:22:52.543407+00:00,2026-09-02T21:22:52.543407-04:00,2026-09-02T21:22:52.543407-04:00,propline_free_sample
2026-09-02,2026-09-02 17:05:00+00:00,Brad Lord,0.5,under,100,prizepicks,185185,Washington Nationals,Atlanta Braves,2026-09-02T04:37:15.096026+00:00,2026-09-03T01:22:52.543407+00:00,2026-09-02T21:22:52.543407-04:00,2026-09-02T21:22:52.543407-04:00,propline_free_sample
2026-09-02,2026-09-02 17:05:00+00:00,Brad Lord,2.5,over,140,onexbet,185185,Washington Nationals,Atlanta Braves,2026-09-02T15:56:34.689846+00:00,2026-09-03T01:22:52.543407+00:00,2026-09-02T21:22:52.543407-04:00,2026-09-02T21:22:52.543407-04:00,propline_free_sample
2026-09-02,2026-09-02 17:05:00+00:00,Grant Holmes,4.5,over,110,onexbet,185185,Washington Nationals,Atlanta Braves,2026-09-02T15:00:12.494638+00:00,2026-09-03T01:22:52.543407+00:00,2026-09-02T21:22:52.543407-04:00,2026-09-02T21:22:52.543407-04:00,propline_free_sample
2026-09-02,2026-09-02 17:05:00+00:00,Brad Lord,2.5,under,-190,onexbet,185185,Washington Nationals,Atlanta Braves,2026-09-02T15:56:34.689846+00:00,2026-09-03T01:22:52.543407+00:00,2026-09-02T21:22:52.543407-04:00,2026-09-02T21:22:52.543407-04:00,propline_free_sample
2026-09-02,2026-09-02 17:05:00+00:00,Grant Holmes,4.5,under,-150,onexbet,185185,Washington Nationals,Atlanta Braves,2026-09-02T15:00:12.494638+00:00,2026-09-03T01:22:52.543407+00:00,2026-09-02T21:22:52.543407-04:00,2026-09-02T21:22:52.543407-04:00,propline_free_sample
2026-09-02,2026-09-02 17:05:00+00:00,Grant Holmes,6.5,under,100,prizepicks,185185,Washington Nationals,Atlanta Braves,2026-09-02T04:43:16.881298+00:00,2026-09-03T01:22:52.543407+00:00,2026-09-02T21:22:52.543407-04:00,2026-09-02T21:22:52.543407-04:00,propline_free_sample
2026-09-02,2026-09-02 17:05:00+00:00,Grant Holmes,5.5,under,100,prizepicks,185185,Washington Nationals,Atlanta Braves,2026-09-02T04:43:16.881298+00:00,2026-09-03T01:22:52.543407+00:00,2026-09-02T21:22:52.543407-04:00,2026-09-02T21:22:52.543407-04:00,propline_free_sample
2026-09-02,2026-09-02 17:05:00+00:00,Grant Holmes,2.5,under,100,prizepicks,185185,Washington Nationals,Atlanta Braves,2026-09-02T04:43:16.881298+00:00,2026-09-03T01:22:52.543407+00:00,2026-09-02T21:22:52.543407-04:00,2026-09-02T21:22:52.543407-04:00,propline_free_sample
2026-09-02,2026-09-02 17:05:00+00:00,Brad Lord,1.5,over,-180,fanatics,185185,Washington Nationals,Atlanta Braves,2026-09-02T16:51:36.393386+00:00,2026-09-03T01:22:52.543407+00:00,2026-09-02T21:22:52.543407-04:00,2026-09-02T21:22:52.543407-04:00,propline_free_sample
2026-09-02,2026-09-02 17:05:00+00:00,Brad Lord,1.5,under,135,fanatics,185185,Washington Nationals,Atlanta Braves,2026-09-02T16:51:36.393386+00:00,2026-09-03T01:22:52.543407+00:00,2026-09-02T21:22:52.543407-04:00,2026-09-02T21:22:52.543407-04:00,propline_free_sample
2026-09-02,2026-09-02 17:05:00+00:00,Brad Lord,0.5,over,-4900,kalshi,185185,Washington Nationals,Atlanta Braves,2026-09-02T14:48:32.009217+00:00,2026-09-03T01:22:52.543407+00:00,2026-09-02T21:22:52.543407-04:00,2026-09-02T21:22:52.543407-04:00,propline_free_sample
2026-09-02,2026-09-02 17:05:00+00:00,Brad Lord,0.5,under,9900,kalshi,185185,Washington Nationals,Atlanta Braves,2026-09-02T14:43:37.533709+00:00,2026-09-03T01:22:52.543407+00:00,2026-09-02T21:22:52.543407-04:00,2026-09-02T21:22:52.543407-04:00,propline_free_sample
2026-09-02,2026-09-02 17:05:00+00:00,Brad Lord,1.5,over,-4900,kalshi,185185,Washington Nationals,Atlanta Braves,2026-09-02T15:25:39.750109+00:00,2026-09-03T01:22:52.543407+00:00,2026-09-02T21:22:52.543407-04:00,2026-09-02T21:22:52.543407-04:00,propline_free_sample
2026-09-02,2026-09-02 17:05:00+00:00,Grant Holmes,1.5,over,9900,kalshi,185185,Washington Nationals,Atlanta Braves,2026-09-02T14:45:45.270053+00:00,2026-09-03T01:22:52.543407+00:00,2026-09-02T21:22:52.543407-04:00,2026-09-02T21:22:52.543407-04:00,propline_free_sample
2026-09-02,2026-09-02 17:05:00+00:00,Brad Lord,1.5,under,9900,kalshi,185185,Washington Nationals,Atlanta Braves,2026-09-02T15:21:00.591993+00:00,2026-09-03T01:22:52.543407+00:00,2026-09-02T21:22:52.543407-04:00,2026-09-02T21:22:52.543407-04:00,propline_free_sample
2026-09-02,2026-09-02 17:05:00+00:00,Grant Holmes,1.5,under,-9900,kalshi,185185,Washington Nationals,Atlanta Braves,2026-09-02T14:45:45.270053+00:00,2026-09-03T01:22:52.543407+00:00,2026-09-02T21:22:52.543407-04:00,2026-09-02T21:22:52.543407-04:00,propline_free_sample
2026-09-02,2026-09-02 17:05:00+00:00,Brad Lord,2.5,over,-300,kalshi,185185,Washington Nationals,Atlanta Braves,2026-09-02T16:46:02.412216+00:00,2026-09-03T01:22:52.543407+00:00,2026-09-02T21:22:52.543407-04:00,2026-09-02T21:22:52.543407-04:00,propline_free_sample
2026-09-02,2026-09-02 17:05:00+00:00,Grant Holmes,2.5,over,9900,kalshi,185185,Washington Nationals,Atlanta Braves,2026-09-02T15:01:55.645022+00:00,2026-09-03T01:22:52.543407+00:00,2026-09-02T21:22:52.543407-04:00,2026-09-02T21:22:52.543407-04:00,propline_free_sample
2026-09-02,2026-09-02 17:05:00+00:00,Brad Lord,2.5,under,9900,kalshi,185185,Washington Nationals,Atlanta Braves,2026-09-02T17:01:42.536887+00:00,2026-09-03T01:22:52.543407+00:00,2026-09-02T21:22:52.543407-04:00,2026-09-02T21:22:52.543407-04:00,propline_free_sample
2026-09-02,2026-09-02 17:05:00+00:00,Grant Holmes,2.5,under,-1900,kalshi,185185,Washington Nationals,Atlanta Braves,2026-09-02T15:01:55.645022+00:00,2026-09-03T01:22:52.543407+00:00,2026-09-02T21:22:52.543407-04:00,2026-09-02T21:22:52.543407-04:00,propline_free_sample
2026-09-02,2026-09-02 17:05:00+00:00,Brad Lord,3.5,over,-213,kalshi,185185,Washington Nationals,Atlanta Braves,2026-09-02T14:58:13.821008+00:00,2026-09-03T01:22:52.543407+00:00,2026-09-02T21:22:52.543407-04:00,2026-09-02T21:22:52.543407-04:00,propline_free_sample
2026-09-02,2026-09-02 17:05:00+00:00,Grant Holmes,3.5,over,9900,kalshi,185185,Washington Nationals,Atlanta Braves,2026-09-02T16:46:02.412216+00:00,2026-09-03T01:22:52.543407+00:00,2026-09-02T21:22:52.543407-04:00,2026-09-02T21:22:52.543407-04:00,propline_free_sample
2026-09-02,2026-09-02 17:05:00+00:00,Brad Lord,3.5,under,9900,kalshi,185185,Washington Nationals,Atlanta Braves,2026-09-02T15:51:04.769131+00:00,2026-09-03T01:22:52.543407+00:00,2026-09-02T21:22:52.543407-04:00,2026-09-02T21:22:52.543407-04:00,propline_free_sample
2026-09-02,2026-09-02 17:05:00+00:00,Grant Holmes,3.5,under,-4900,kalshi,185185,Washington Nationals,Atlanta Braves,2026-09-02T16:36:33.495651+00:00,2026-09-03T01:22:52.543407+00:00,2026-09-02T21:22:52.543407-04:00,2026-09-02T21:22:52.543407-04:00,propline_free_sample
2026-09-02,2026-09-02 17:05:00+00:00,Brad Lord,4.5,over,104,kalshi,185185,Washington Nationals,Atlanta Braves,2026-09-02T14:58:13.821008+00:00,2026-09-03T01:22:52.543407+00:00,2026-09-02T21:22:52.543407-04:00,2026-09-02T21:22:52.543407-04:00,propline_free_sample
2026-09-02,2026-09-02 17:05:00+00:00,Grant Holmes,4.5,over,9900,kalshi,185185,Washington Nationals,Atlanta Braves,2026-09-02T16:11:38.222379+00:00,2026-09-03T01:22:52.543407+00:00,2026-09-02T21:22:52.543407-04:00,2026-09-02T21:22:52.543407-04:00,propline_free_sample
2026-09-02,2026-09-02 17:05:00+00:00,Brad Lord,4.5,under,9900,kalshi,185185,Washington Nationals,Atlanta Braves,2026-09-02T15:51:04.769131+00:00,2026-09-03T01:22:52.543407+00:00,2026-09-02T21:22:52.543407-04:00,2026-09-02T21:22:52.543407-04:00,propline_free_sample
2026-09-02,2026-09-02 17:05:00+00:00,Grant Holmes,4.5,under,-9900,kalshi,185185,Washington Nationals,Atlanta Braves,2026-09-02T16:11:38.222379+00:00,2026-09-03T01:22:52.543407+00:00,2026-09-02T21:22:52.543407-04:00,2026-09-02T21:22:52.543407-04:00,propline_free_sample
2026-09-02,2026-09-02 17:05:00+00:00,Brad Lord,5.5,over,-1900,kalshi,185185,Washington Nationals,Atlanta Braves,2026-09-02T13:40:50.479623+00:00,2026-09-03T01:22:52.543407+00:00,2026-09-02T21:22:52.543407-04:00,2026-09-02T21:22:52.543407-04:00,propline_free_sample
2026-09-02,2026-09-02 17:05:00+00:00,Grant Holmes,5.5,over,9900,kalshi,185185,Washington Nationals,Atlanta Braves,2026-09-02T15:54:45.955872+00:00,2026-09-03T01:22:52.543407+00:00,2026-09-02T21:22:52.543407-04:00,2026-09-02T21:22:52.543407-04:00,propline_free_sample
2026-09-02,2026-09-02 17:05:00+00:00,Brad Lord,5.5,under,9900,kalshi,185185,Washington Nationals,Atlanta Braves,2026-09-02T14:52:18.424619+00:00,2026-09-03T01:22:52.543407+00:00,2026-09-02T21:22:52.543407-04:00,2026-09-02T21:22:52.543407-04:00,propline_free_sample
2026-09-02,2026-09-02 17:05:00+00:00,Grant Holmes,5.5,under,-2400,kalshi,185185,Washington Nationals,Atlanta Braves,2026-09-02T15:58:26.886440+00:00,2026-09-03T01:22:52.543407+00:00,2026-09-02T21:22:52.543407-04:00,2026-09-02T21:22:52.543407-04:00,propline_free_sample
2026-09-02,2026-09-02 17:05:00+00:00,Grant Holmes,6.5,over,9900,kalshi,185185,Washington Nationals,Atlanta Braves,2026-09-02T15:21:00.591993+00:00,2026-09-03T01:22:52.543407+00:00,2026-09-02T21:22:52.543407-04:00,2026-09-02T21:22:52.543407-04:00,propline_free_sample
2026-09-02,2026-09-02 17:05:00+00:00,Grant Holmes,6.5,under,-9900,kalshi,185185,Washington Nationals,Atlanta Braves,2026-09-02T15:21:00.591993+00:00,2026-09-03T01:22:52.543407+00:00,2026-09-02T21:22:52.543407-04:00,2026-09-02T21:22:52.543407-04:00,propline_free_sample
2026-09-02,2026-09-02 17:05:00+00:00,Grant Holmes,7.5,over,9900,kalshi,185185,Washington Nationals,Atlanta Braves,2026-09-02T12:04:22.890586+00:00,2026-09-03T01:22:52.543407+00:00,2026-09-02T21:22:52.543407-04:00,2026-09-02T21:22:52.543407-04:00,propline_free_sample
2026-09-02,2026-09-02 17:05:00+00:00,Grant Holmes,7.5,under,-9900,kalshi,185185,Washington Nationals,Atlanta Braves,2026-09-02T17:01:42.536887+00:00,2026-09-03T01:22:52.543407+00:00,2026-09-02T21:22:52.543407-04:00,2026-09-02T21:22:52.543407-04:00,propline_free_sample
2026-09-02,2026-09-02 17:05:00+00:00,Brad Lord,2.5,over,182,novig,185185,Washington Nationals,Atlanta Braves,2026-09-02T16:43:07.401313+00:00,2026-09-03T01:22:52.543407+00:00,2026-09-02T21:22:52.543407-04:00,2026-09-02T21:22:52.543407-04:00,propline_free_sample
2026-09-02,2026-09-02 17:05:00+00:00,Brad Lord,2.5,under,-190,novig,185185,Washington Nationals,Atlanta Braves,2026-09-02T16:20:15.904474+00:00,2026-09-03T01:22:52.543407+00:00,2026-09-02T21:22:52.543407-04:00,2026-09-02T21:22:52.543407-04:00,propline_free_sample
2026-09-02,2026-09-02 17:05:00+00:00,Grant Holmes,3.5,over,-167,novig,185185,Washington Nationals,Atlanta Braves,2026-09-02T17:03:49.855572+00:00,2026-09-03T01:22:52.543407+00:00,2026-09-02T21:22:52.543407-04:00,2026-09-02T21:22:52.543407-04:00,propline_free_sample
2026-09-02,2026-09-02 17:05:00+00:00,Grant Holmes,3.5,under,147,novig,185185,Washington Nationals,Atlanta Braves,2026-09-02T17:04:58.666882+00:00,2026-09-03T01:22:52.543407+00:00,2026-09-02T21:22:52.543407-04:00,2026-09-02T21:22:52.543407-04:00,propline_free_sample
2026-09-02,2026-09-02 17:05:00+00:00,Grant Holmes,3.5,over,-175,smarkets,185185,Washington Nationals,Atlanta Braves,2026-09-02T05:20:39.318186+00:00,2026-09-03T01:22:52.543407+00:00,2026-09-02T21:22:52.543407-04:00,2026-09-02T21:22:52.543407-04:00,propline_free_sample
2026-09-02,2026-09-02 17:05:00+00:00,Grant Holmes,3.5,under,124,smarkets,185185,Washington Nationals,Atlanta Braves,2026-09-02T05:20:39.318186+00:00,2026-09-03T01:22:52.543407+00:00,2026-09-02T21:22:52.543407-04:00,2026-09-02T21:22:52.543407-04:00,propline_free_sample
2026-09-02,2026-09-02 17:05:00+00:00,Brad Lord,2.5,over,128,prophetx,185185,Washington Nationals,Atlanta Braves,2026-09-02T12:53:56.564871+00:00,2026-09-03T01:22:52.543407+00:00,2026-09-02T21:22:52.543407-04:00,2026-09-02T21:22:52.543407-04:00,propline_free_sample
2026-09-02,2026-09-02 17:05:00+00:00,Brad Lord,2.5,under,-144,prophetx,185185,Washington Nationals,Atlanta Braves,2026-09-02T12:53:56.564871+00:00,2026-09-03T01:22:52.543407+00:00,2026-09-02T21:22:52.543407-04:00,2026-09-02T21:22:52.543407-04:00,propline_free_sample
2026-09-02,2026-09-02 17:05:00+00:00,Grant Holmes,4.5,over,130,novig,185185,Washington Nationals,Atlanta Braves,2026-09-02T17:04:58.666882+00:00,2026-09-03T01:22:52.543407+00:00,2026-09-02T21:22:52.543407-04:00,2026-09-02T21:22:52.543407-04:00,propline_free_sample
2026-09-02,2026-09-02 17:05:00+00:00,Grant Holmes,4.5,under,-141,novig,185185,Washington Nationals,Atlanta Braves,2026-09-02T16:09:58.339551+00:00,2026-09-03T01:22:52.543407+00:00,2026-09-02T21:22:52.543407-04:00,2026-09-02T21:22:52.543407-04:00,propline_free_sample
2026-09-02,2026-09-02 17:05:00+00:00,Grant Holmes,4.5,over,125,prophetx,185185,Washington Nationals,Atlanta Braves,2026-09-02T17:02:56.231663+00:00,2026-09-03T01:22:52.543407+00:00,2026-09-02T21:22:52.543407-04:00,2026-09-02T21:22:52.543407-04:00,propline_free_sample
2026-09-02,2026-09-02 17:05:00+00:00,Grant Holmes,4.5,under,-136,prophetx,185185,Washington Nationals,Atlanta Braves,2026-09-02T16:06:22.200255+00:00,2026-09-03T01:22:52.543407+00:00,2026-09-02T21:22:52.543407-04:00,2026-09-02T21:22:52.543407-04:00,propline_free_sample
2026-09-02,2026-09-02 17:05:00+00:00,Grant Holmes,4.5,over,126,fanduel,185185,Washington Nationals,Atlanta Braves,2026-09-02T16:56:20.733873+00:00,2026-09-03T01:22:52.543407+00:00,2026-09-02T21:22:52.543407-04:00,2026-09-02T21:22:52.543407-04:00,propline_free_sample
2026-09-02,2026-09-02 17:05:00+00:00,Grant Holmes,4.5,under,-162,fanduel,185185,Washington Nationals,Atlanta Braves,2026-09-02T16:56:20.733873+00:00,2026-09-03T01:22:52.543407+00:00,2026-09-02T21:22:52.543407-04:00,2026-09-02T21:22:52.543407-04:00,propline_free_sample
2026-09-02,2026-09-02 17:05:00+00:00,Grant Holmes (ATL),4.5,over,125,bovada,185185,Washington Nationals,Atlanta Braves,2026-09-02T15:29:01.824386+00:00,2026-09-03T01:22:52.543407+00:00,2026-09-02T21:22:52.543407-04:00,2026-09-02T21:22:52.543407-04:00,propline_free_sample
2026-09-02,2026-09-02 17:05:00+00:00,Grant Holmes (ATL),4.5,under,-165,bovada,185185,Washington Nationals,Atlanta Braves,2026-09-02T15:29:01.824386+00:00,2026-09-03T01:22:52.543407+00:00,2026-09-02T21:22:52.543407-04:00,2026-09-02T21:22:52.543407-04:00,propline_free_sample
2026-09-02,2026-09-02 17:05:00+00:00,Grant Holmes,4.0,over,100,prizepicks,185185,Washington Nationals,Atlanta Braves,2026-09-02T09:14:11.875853+00:00,2026-09-03T01:22:52.543407+00:00,2026-09-02T21:22:52.543407-04:00,2026-09-02T21:22:52.543407-04:00,propline_free_sample
2026-09-02,2026-09-02 17:05:00+00:00,Grant Holmes,4.0,under,100,prizepicks,185185,Washington Nationals,Atlanta Braves,2026-09-02T09:14:11.875853+00:00,2026-09-03T01:22:52.543407+00:00,2026-09-02T21:22:52.543407-04:00,2026-09-02T21:22:52.543407-04:00,propline_free_sample
2026-09-02,2026-09-02 17:05:00+00:00,Grant Holmes,3.5,over,-173,rebet,185185,Washington Nationals,Atlanta Braves,2026-09-02T16:40:52.093494+00:00,2026-09-03T01:22:52.543407+00:00,2026-09-02T21:22:52.543407-04:00,2026-09-02T21:22:52.543407-04:00,propline_free_sample
2026-09-02,2026-09-02 17:05:00+00:00,Grant Holmes,3.5,under,124,rebet,185185,Washington Nationals,Atlanta Braves,2026-09-02T16:40:52.093494+00:00,2026-09-03T01:22:52.543407+00:00,2026-09-02T21:22:52.543407-04:00,2026-09-02T21:22:52.543407-04:00,propline_free_sample
2026-09-02,2026-09-02 17:05:00+00:00,Grant Holmes,4.5,over,135,betmgm,185185,Washington Nationals,Atlanta Braves,2026-09-02T15:15:10.734005+00:00,2026-09-03T01:22:52.543407+00:00,2026-09-02T21:22:52.543407-04:00,2026-09-02T21:22:52.543407-04:00,propline_free_sample
2026-09-02,2026-09-02 17:05:00+00:00,Grant Holmes,4.5,under,-185,betmgm,185185,Washington Nationals,Atlanta Braves,2026-09-02T15:15:10.734005+00:00,2026-09-03T01:22:52.543407+00:00,2026-09-02T21:22:52.543407-04:00,2026-09-02T21:22:52.543407-04:00,propline_free_sample
2026-09-02,2026-09-02 17:05:00+00:00,Grant Holmes,3.5,over,-170,prophetx,185185,Washington Nationals,Atlanta Braves,2026-09-02T17:02:56.231663+00:00,2026-09-03T01:22:52.543407+00:00,2026-09-02T21:22:52.543407-04:00,2026-09-02T21:22:52.543407-04:00,propline_free_sample
2026-09-02,2026-09-02 17:05:00+00:00,Grant Holmes,3.5,under,142,prophetx,185185,Washington Nationals,Atlanta Braves,2026-09-02T17:04:02.366241+00:00,2026-09-03T01:22:52.543407+00:00,2026-09-02T21:22:52.543407-04:00,2026-09-02T21:22:52.543407-04:00,propline_free_sample
2026-09-02,2026-09-02 17:05:00+00:00,Grant Holmes,2.5,over,-471,novig,185185,Washington Nationals,Atlanta Braves,2026-09-02T17:04:17.674755+00:00,2026-09-03T01:22:52.543407+00:00,2026-09-02T21:22:52.543407-04:00,2026-09-02T21:22:52.543407-04:00,propline_free_sample
2026-09-02,2026-09-02 17:05:00+00:00,Grant Holmes,2.5,under,300,novig,185185,Washington Nationals,Atlanta Braves,2026-09-02T13:07:31.590543+00:00,2026-09-03T01:22:52.543407+00:00,2026-09-02T21:22:52.543407-04:00,2026-09-02T21:22:52.543407-04:00,propline_free_sample
2026-09-02,2026-09-02 17:05:00+00:00,Grant Holmes,5.5,over,285,novig,185185,Washington Nationals,Atlanta Braves,2026-09-02T15:11:08.928916+00:00,2026-09-03T01:22:52.543407+00:00,2026-09-02T21:22:52.543407-04:00,2026-09-02T21:22:52.543407-04:00,propline_free_sample
2026-09-02,2026-09-02 17:05:00+00:00,Grant Holmes,5.5,under,-308,novig,185185,Washington Nationals,Atlanta Braves,2026-09-02T15:11:08.928916+00:00,2026-09-03T01:22:52.543407+00:00,2026-09-02T21:22:52.543407-04:00,2026-09-02T21:22:52.543407-04:00,propline_free_sample
2026-09-02,2026-09-02 17:05:00+00:00,Grant Holmes (ATL),4.0,over,-120,betonlineag,185185,Washington Nationals,Atlanta Braves,2026-09-02T14:30:23.758014+00:00,2026-09-03T01:22:52.543407+00:00,2026-09-02T21:22:52.543407-04:00,2026-09-02T21:22:52.543407-04:00,propline_free_sample
2026-09-02,2026-09-02 17:05:00+00:00,Grant Holmes (ATL),4.0,under,-120,betonlineag,185185,Washington Nationals,Atlanta Braves,2026-09-02T14:30:23.758014+00:00,2026-09-03T01:22:52.543407+00:00,2026-09-02T21:22:52.543407-04:00,2026-09-02T21:22:52.543407-04:00,propline_free_sample
2026-09-02,2026-09-02 17:05:00+00:00,Grant Holmes (ATL),4.0,over,-120,lowvig,185185,Washington Nationals,Atlanta Braves,2026-09-02T14:30:19.864735+00:00,2026-09-03T01:22:52.543407+00:00,2026-09-02T21:22:52.543407-04:00,2026-09-02T21:22:52.543407-04:00,propline_free_sample
2026-09-02,2026-09-02 17:05:00+00:00,Grant Holmes (ATL),4.0,under,-120,lowvig,185185,Washington Nationals,Atlanta Braves,2026-09-02T14:30:19.864735+00:00,2026-09-03T01:22:52.543407+00:00,2026-09-02T21:22:52.543407-04:00,2026-09-02T21:22:52.543407-04:00,propline_free_sample
2026-09-02,2026-09-02 17:05:00+00:00,Brad Lord,1.5,over,-200,smarkets,185185,Washington Nationals,Atlanta Braves,2026-09-02T13:53:09.964948+00:00,2026-09-03T01:22:52.543407+00:00,2026-09-02T21:22:52.543407-04:00,2026-09-02T21:22:52.543407-04:00,propline_free_sample
2026-09-02,2026-09-02 17:05:00+00:00,Brad Lord,1.5,under,138,smarkets,185185,Washington Nationals,Atlanta Braves,2026-09-02T13:53:09.964948+00:00,2026-09-03T01:22:52.543407+00:00,2026-09-02T21:22:52.543407-04:00,2026-09-02T21:22:52.543407-04:00,propline_free_sample
2026-09-02,2026-09-02 17:05:00+00:00,Brad Lord,1.5,over,-235,prophetx,185185,Washington Nationals,Atlanta Braves,2026-09-02T14:45:00.668487+00:00,2026-09-03T01:22:52.543407+00:00,2026-09-02T21:22:52.543407-04:00,2026-09-02T21:22:52.543407-04:00,propline_free_sample
2026-09-02,2026-09-02 17:05:00+00:00,Brad Lord,1.5,under,182,prophetx,185185,Washington Nationals,Atlanta Braves,2026-09-02T13:56:32.562051+00:00,2026-09-03T01:22:52.543407+00:00,2026-09-02T21:22:52.543407-04:00,2026-09-02T21:22:52.543407-04:00,propline_free_sample
2026-09-02,2026-09-02 17:05:00+00:00,Grant Holmes,3.5,over,-209,pinnacle,185185,Washington Nationals,Atlanta Braves,2026-09-02T16:49:02.396452+00:00,2026-09-03T01:22:52.543407+00:00,2026-09-02T21:22:52.543407-04:00,2026-09-02T21:22:52.543407-04:00,propline_free_sample
2026-09-02,2026-09-02 17:05:00+00:00,Grant Holmes,3.5,under,154,pinnacle,185185,Washington Nationals,Atlanta Braves,2026-09-02T16:49:02.396452+00:00,2026-09-03T01:22:52.543407+00:00,2026-09-02T21:22:52.543407-04:00,2026-09-02T21:22:52.543407-04:00,propline_free_sample
2026-09-02,2026-09-02 16:40:00+00:00,Brandon Williamson,3.5,over,104,dabble,184829,Cincinnati Reds,San Diego Padres,2026-09-02T07:22:36.643101+00:00,2026-09-03T01:22:52.543407+00:00,2026-09-02T21:22:52.543407-04:00,2026-09-02T21:22:52.543407-04:00,propline_free_sample
2026-09-02,2026-09-02 16:40:00+00:00,Casey Mize,4.5,over,105,dabble,184829,Cincinnati Reds,San Diego Padres,2026-09-02T15:52:51.510677+00:00,2026-09-03T01:22:52.543407+00:00,2026-09-02T21:22:52.543407-04:00,2026-09-02T21:22:52.543407-04:00,propline_free_sample
