date,commence_time_utc,pitcher_name,line,side,price,sportsbook,event_id,home_team,away_team,vendor_snapshot_time,collected_at_utc,collected_at_et,snapshot_time_et,source
2026-09-27,2026-09-27 21:05:00+00:00,Elmer Rodríguez,5.0,over,100,prizepicks,288443,New York Yankees,Baltimore Orioles,2026-09-27T18:52:19.248159+00:00,2026-09-29T19:33:50.155431+00:00,2026-09-29T15:33:50.155431-04:00,2026-09-29T15:33:50.155431-04:00,propline_free_sample
2026-09-27,2026-09-27 21:05:00+00:00,Elmer Rodríguez,5.0,under,100,prizepicks,288443,New York Yankees,Baltimore Orioles,2026-09-27T18:52:19.248159+00:00,2026-09-29T19:33:50.155431+00:00,2026-09-29T15:33:50.155431-04:00,2026-09-29T15:33:50.155431-04:00,propline_free_sample
2026-09-27,2026-09-27 21:05:00+00:00,Shane Baz,10.5,over,100,prizepicks,288443,New York Yankees,Baltimore Orioles,2026-09-27T18:52:19.248159+00:00,2026-09-29T19:33:50.155431+00:00,2026-09-29T15:33:50.155431-04:00,2026-09-29T15:33:50.155431-04:00,propline_free_sample
2026-09-27,2026-09-27 21:05:00+00:00,Elmer Rodríguez,5.5,over,100,prizepicks,288443,New York Yankees,Baltimore Orioles,2026-09-27T18:52:19.248159+00:00,2026-09-29T19:33:50.155431+00:00,2026-09-29T15:33:50.155431-04:00,2026-09-29T15:33:50.155431-04:00,propline_free_sample
2026-09-27,2026-09-27 21:05:00+00:00,Shane Baz,5.5,over,100,prizepicks,288443,New York Yankees,Baltimore Orioles,2026-09-27T18:52:19.248159+00:00,2026-09-29T19:33:50.155431+00:00,2026-09-29T15:33:50.155431-04:00,2026-09-29T15:33:50.155431-04:00,propline_free_sample
2026-09-27,2026-09-27 21:05:00+00:00,Elmer Rodríguez,5.5,under,100,prizepicks,288443,New York Yankees,Baltimore Orioles,2026-09-27T18:52:19.248159+00:00,2026-09-29T19:33:50.155431+00:00,2026-09-29T15:33:50.155431-04:00,2026-09-29T15:33:50.155431-04:00,propline_free_sample
2026-09-27,2026-09-27 21:05:00+00:00,Shane Baz,5.5,under,100,prizepicks,288443,New York Yankees,Baltimore Orioles,2026-09-27T18:52:19.248159+00:00,2026-09-29T19:33:50.155431+00:00,2026-09-29T15:33:50.155431-04:00,2026-09-29T15:33:50.155431-04:00,propline_free_sample
2026-09-27,2026-09-27 21:05:00+00:00,Elmer Rodríguez,6.5,over,100,prizepicks,288443,New York Yankees,Baltimore Orioles,2026-09-27T18:52:19.248159+00:00,2026-09-29T19:33:50.155431+00:00,2026-09-29T15:33:50.155431-04:00,2026-09-29T15:33:50.155431-04:00,propline_free_sample
2026-09-27,2026-09-27 21:05:00+00:00,Shane Baz,6.5,over,100,prizepicks,288443,New York Yankees,Baltimore Orioles,2026-09-27T18:52:19.248159+00:00,2026-09-29T19:33:50.155431+00:00,2026-09-29T15:33:50.155431-04:00,2026-09-29T15:33:50.155431-04:00,propline_free_sample
2026-09-27,2026-09-27 21:05:00+00:00,Shane Baz,6.5,under,100,prizepicks,288443,New York Yankees,Baltimore Orioles,2026-09-27T18:52:19.248159+00:00,2026-09-29T19:33:50.155431+00:00,2026-09-29T15:33:50.155431-04:00,2026-09-29T15:33:50.155431-04:00,propline_free_sample
2026-09-27,2026-09-27 21:05:00+00:00,Elmer Rodríguez,7.5,over,100,prizepicks,288443,New York Yankees,Baltimore Orioles,2026-09-27T18:52:19.248159+00:00,2026-09-29T19:33:50.155431+00:00,2026-09-29T15:33:50.155431-04:00,2026-09-29T15:33:50.155431-04:00,propline_free_sample
2026-09-27,2026-09-27 21:05:00+00:00,Shane Baz,7.5,over,100,prizepicks,288443,New York Yankees,Baltimore Orioles,2026-09-27T18:52:19.248159+00:00,2026-09-29T19:33:50.155431+00:00,2026-09-29T15:33:50.155431-04:00,2026-09-29T15:33:50.155431-04:00,propline_free_sample
2026-09-27,2026-09-27 21:05:00+00:00,Shane Baz,7.5,under,100,prizepicks,288443,New York Yankees,Baltimore Orioles,2026-09-27T18:52:19.248159+00:00,2026-09-29T19:33:50.155431+00:00,2026-09-29T15:33:50.155431-04:00,2026-09-29T15:33:50.155431-04:00,propline_free_sample
2026-09-27,2026-09-27 21:05:00+00:00,Elmer Rodríguez,8.5,over,100,prizepicks,288443,New York Yankees,Baltimore Orioles,2026-09-27T18:52:19.248159+00:00,2026-09-29T19:33:50.155431+00:00,2026-09-29T15:33:50.155431-04:00,2026-09-29T15:33:50.155431-04:00,propline_free_sample
2026-09-27,2026-09-27 21:05:00+00:00,Shane Baz,2.5,over,100,prizepicks,288443,New York Yankees,Baltimore Orioles,2026-09-27T18:52:19.248159+00:00,2026-09-29T19:33:50.155431+00:00,2026-09-29T15:33:50.155431-04:00,2026-09-29T15:33:50.155431-04:00,propline_free_sample
2026-09-27,2026-09-27 21:05:00+00:00,Shane Baz,2.5,under,100,prizepicks,288443,New York Yankees,Baltimore Orioles,2026-09-27T18:52:19.248159+00:00,2026-09-29T19:33:50.155431+00:00,2026-09-29T15:33:50.155431-04:00,2026-09-29T15:33:50.155431-04:00,propline_free_sample
2026-09-27,2026-09-27 21:05:00+00:00,Elmer Rodríguez,3.5,over,100,prizepicks,288443,New York Yankees,Baltimore Orioles,2026-09-27T18:52:19.248159+00:00,2026-09-29T19:33:50.155431+00:00,2026-09-29T15:33:50.155431-04:00,2026-09-29T15:33:50.155431-04:00,propline_free_sample
2026-09-27,2026-09-27 21:05:00+00:00,Shane Baz,3.5,over,100,prizepicks,288443,New York Yankees,Baltimore Orioles,2026-09-27T18:52:19.248159+00:00,2026-09-29T19:33:50.155431+00:00,2026-09-29T15:33:50.155431-04:00,2026-09-29T15:33:50.155431-04:00,propline_free_sample
2026-09-27,2026-09-27 21:05:00+00:00,Shane Baz,3.5,under,100,prizepicks,288443,New York Yankees,Baltimore Orioles,2026-09-27T18:52:19.248159+00:00,2026-09-29T19:33:50.155431+00:00,2026-09-29T15:33:50.155431-04:00,2026-09-29T15:33:50.155431-04:00,propline_free_sample
2026-09-27,2026-09-27 21:05:00+00:00,Elmer Rodríguez,4.5,over,100,prizepicks,288443,New York Yankees,Baltimore Orioles,2026-09-27T18:52:19.248159+00:00,2026-09-29T19:33:50.155431+00:00,2026-09-29T15:33:50.155431-04:00,2026-09-29T15:33:50.155431-04:00,propline_free_sample
2026-09-27,2026-09-27 21:05:00+00:00,Shane Baz,4.5,over,100,prizepicks,288443,New York Yankees,Baltimore Orioles,2026-09-27T18:52:19.248159+00:00,2026-09-29T19:33:50.155431+00:00,2026-09-29T15:33:50.155431-04:00,2026-09-29T15:33:50.155431-04:00,propline_free_sample
2026-09-27,2026-09-27 21:05:00+00:00,Shane Baz,4.5,under,100,prizepicks,288443,New York Yankees,Baltimore Orioles,2026-09-27T18:52:19.248159+00:00,2026-09-29T19:33:50.155431+00:00,2026-09-29T15:33:50.155431-04:00,2026-09-29T15:33:50.155431-04:00,propline_free_sample
2026-09-27,2026-09-27 21:05:00+00:00,Elmer Rodriguez,5.5,over,119,draftkings,288443,New York Yankees,Baltimore Orioles,2026-09-27T18:52:22.486500+00:00,2026-09-29T19:33:50.155431+00:00,2026-09-29T15:33:50.155431-04:00,2026-09-29T15:33:50.155431-04:00,propline_free_sample
2026-09-27,2026-09-27 21:05:00+00:00,Elmer Rodriguez,5.5,under,-152,draftkings,288443,New York Yankees,Baltimore Orioles,2026-09-27T18:52:22.486500+00:00,2026-09-29T19:33:50.155431+00:00,2026-09-29T15:33:50.155431-04:00,2026-09-29T15:33:50.155431-04:00,propline_free_sample
2026-09-27,2026-09-27 21:05:00+00:00,Shane Baz,5.5,over,110,draftkings,288443,New York Yankees,Baltimore Orioles,2026-09-27T18:52:22.486500+00:00,2026-09-29T19:33:50.155431+00:00,2026-09-29T15:33:50.155431-04:00,2026-09-29T15:33:50.155431-04:00,propline_free_sample
2026-09-27,2026-09-27 21:05:00+00:00,Shane Baz,5.5,under,-140,draftkings,288443,New York Yankees,Baltimore Orioles,2026-09-27T18:52:22.486500+00:00,2026-09-29T19:33:50.155431+00:00,2026-09-29T15:33:50.155431-04:00,2026-09-29T15:33:50.155431-04:00,propline_free_sample
2026-09-27,2026-09-27 21:05:00+00:00,Elmer Rodríguez-Cruz,2.5,over,-3233,kalshi,288443,New York Yankees,Baltimore Orioles,2026-09-27T18:52:31.183833+00:00,2026-09-29T19:33:50.155431+00:00,2026-09-29T15:33:50.155431-04:00,2026-09-29T15:33:50.155431-04:00,propline_free_sample
2026-09-27,2026-09-27 21:05:00+00:00,Shane Baz,2.5,over,-1900,kalshi,288443,New York Yankees,Baltimore Orioles,2026-09-27T20:03:56.358890+00:00,2026-09-29T19:33:50.155431+00:00,2026-09-29T15:33:50.155431-04:00,2026-09-29T15:33:50.155431-04:00,propline_free_sample
2026-09-27,2026-09-27 21:05:00+00:00,Elmer Rodríguez-Cruz,2.5,under,138,kalshi,288443,New York Yankees,Baltimore Orioles,2026-09-27T18:52:31.183833+00:00,2026-09-29T19:33:50.155431+00:00,2026-09-29T15:33:50.155431-04:00,2026-09-29T15:33:50.155431-04:00,propline_free_sample
2026-09-27,2026-09-27 21:05:00+00:00,Shane Baz,2.5,under,150,kalshi,288443,New York Yankees,Baltimore Orioles,2026-09-27T20:05:27.713244+00:00,2026-09-29T19:33:50.155431+00:00,2026-09-29T15:33:50.155431-04:00,2026-09-29T15:33:50.155431-04:00,propline_free_sample
2026-09-27,2026-09-27 21:05:00+00:00,Elmer Rodríguez-Cruz,3.5,over,-3233,kalshi,288443,New York Yankees,Baltimore Orioles,2026-09-27T18:52:31.183833+00:00,2026-09-29T19:33:50.155431+00:00,2026-09-29T15:33:50.155431-04:00,2026-09-29T15:33:50.155431-04:00,propline_free_sample
2026-09-27,2026-09-27 21:05:00+00:00,Shane Baz,3.5,over,-525,kalshi,288443,New York Yankees,Baltimore Orioles,2026-09-27T20:03:56.358890+00:00,2026-09-29T19:33:50.155431+00:00,2026-09-29T15:33:50.155431-04:00,2026-09-29T15:33:50.155431-04:00,propline_free_sample
2026-09-27,2026-09-27 21:05:00+00:00,Elmer Rodríguez-Cruz,3.5,under,-117,kalshi,288443,New York Yankees,Baltimore Orioles,2026-09-27T18:52:31.183833+00:00,2026-09-29T19:33:50.155431+00:00,2026-09-29T15:33:50.155431-04:00,2026-09-29T15:33:50.155431-04:00,propline_free_sample
2026-09-27,2026-09-27 21:05:00+00:00,Shane Baz,3.5,under,-108,kalshi,288443,New York Yankees,Baltimore Orioles,2026-09-27T20:05:27.713244+00:00,2026-09-29T19:33:50.155431+00:00,2026-09-29T15:33:50.155431-04:00,2026-09-29T15:33:50.155431-04:00,propline_free_sample
2026-09-27,2026-09-27 21:05:00+00:00,Elmer Rodríguez-Cruz,4.5,over,-1011,kalshi,288443,New York Yankees,Baltimore Orioles,2026-09-27T18:52:31.183833+00:00,2026-09-29T19:33:50.155431+00:00,2026-09-29T15:33:50.155431-04:00,2026-09-29T15:33:50.155431-04:00,propline_free_sample
2026-09-27,2026-09-27 21:05:00+00:00,Shane Baz,4.5,over,-203,kalshi,288443,New York Yankees,Baltimore Orioles,2026-09-27T20:03:56.358890+00:00,2026-09-29T19:33:50.155431+00:00,2026-09-29T15:33:50.155431-04:00,2026-09-29T15:33:50.155431-04:00,propline_free_sample
2026-09-27,2026-09-27 21:05:00+00:00,Elmer Rodríguez-Cruz,4.5,under,-233,kalshi,288443,New York Yankees,Baltimore Orioles,2026-09-27T18:52:31.183833+00:00,2026-09-29T19:33:50.155431+00:00,2026-09-29T15:33:50.155431-04:00,2026-09-29T15:33:50.155431-04:00,propline_free_sample
2026-09-27,2026-09-27 21:05:00+00:00,Shane Baz,4.5,under,-213,kalshi,288443,New York Yankees,Baltimore Orioles,2026-09-27T20:05:27.713244+00:00,2026-09-29T19:33:50.155431+00:00,2026-09-29T15:33:50.155431-04:00,2026-09-29T15:33:50.155431-04:00,propline_free_sample
2026-09-27,2026-09-27 21:05:00+00:00,Elmer Rodríguez-Cruz,5.5,over,-270,kalshi,288443,New York Yankees,Baltimore Orioles,2026-09-27T18:52:31.183833+00:00,2026-09-29T19:33:50.155431+00:00,2026-09-29T15:33:50.155431-04:00,2026-09-29T15:33:50.155431-04:00,propline_free_sample
2026-09-27,2026-09-27 21:05:00+00:00,Shane Baz,5.5,over,-108,kalshi,288443,New York Yankees,Baltimore Orioles,2026-09-27T20:03:56.358890+00:00,2026-09-29T19:33:50.155431+00:00,2026-09-29T15:33:50.155431-04:00,2026-09-29T15:33:50.155431-04:00,propline_free_sample
2026-09-27,2026-09-27 21:05:00+00:00,Elmer Rodríguez-Cruz,5.5,under,-733,kalshi,288443,New York Yankees,Baltimore Orioles,2026-09-27T18:52:31.183833+00:00,2026-09-29T19:33:50.155431+00:00,2026-09-29T15:33:50.155431-04:00,2026-09-29T15:33:50.155431-04:00,propline_free_sample
2026-09-27,2026-09-27 21:05:00+00:00,Shane Baz,5.5,under,-163,kalshi,288443,New York Yankees,Baltimore Orioles,2026-09-27T19:39:09.522784+00:00,2026-09-29T19:33:50.155431+00:00,2026-09-29T15:33:50.155431-04:00,2026-09-29T15:33:50.155431-04:00,propline_free_sample
2026-09-27,2026-09-27 21:05:00+00:00,Elmer Rodríguez-Cruz,6.5,over,-127,kalshi,288443,New York Yankees,Baltimore Orioles,2026-09-27T18:52:31.183833+00:00,2026-09-29T19:33:50.155431+00:00,2026-09-29T15:33:50.155431-04:00,2026-09-29T15:33:50.155431-04:00,propline_free_sample
2026-09-27,2026-09-27 21:05:00+00:00,Shane Baz,6.5,over,-138,kalshi,288443,New York Yankees,Baltimore Orioles,2026-09-27T20:03:56.358890+00:00,2026-09-29T19:33:50.155431+00:00,2026-09-29T15:33:50.155431-04:00,2026-09-29T15:33:50.155431-04:00,propline_free_sample
2026-09-27,2026-09-27 21:05:00+00:00,Shane Baz,6.5,under,-1900,kalshi,288443,New York Yankees,Baltimore Orioles,2026-09-27T20:05:27.713244+00:00,2026-09-29T19:33:50.155431+00:00,2026-09-29T15:33:50.155431-04:00,2026-09-29T15:33:50.155431-04:00,propline_free_sample
2026-09-27,2026-09-27 21:05:00+00:00,Elmer Rodríguez-Cruz,7.5,over,122,kalshi,288443,New York Yankees,Baltimore Orioles,2026-09-27T18:52:31.183833+00:00,2026-09-29T19:33:50.155431+00:00,2026-09-29T15:33:50.155431-04:00,2026-09-29T15:33:50.155431-04:00,propline_free_sample
2026-09-27,2026-09-27 21:05:00+00:00,Shane Baz,7.5,over,335,kalshi,288443,New York Yankees,Baltimore Orioles,2026-09-27T20:03:56.358890+00:00,2026-09-29T19:33:50.155431+00:00,2026-09-29T15:33:50.155431-04:00,2026-09-29T15:33:50.155431-04:00,propline_free_sample
2026-09-27,2026-09-27 21:05:00+00:00,Shane Baz,7.5,under,-1900,kalshi,288443,New York Yankees,Baltimore Orioles,2026-09-27T20:05:27.713244+00:00,2026-09-29T19:33:50.155431+00:00,2026-09-29T15:33:50.155431-04:00,2026-09-29T15:33:50.155431-04:00,propline_free_sample
2026-09-27,2026-09-27 21:05:00+00:00,Elmer Rodríguez-Cruz,8.5,over,170,kalshi,288443,New York Yankees,Baltimore Orioles,2026-09-27T18:52:31.183833+00:00,2026-09-29T19:33:50.155431+00:00,2026-09-29T15:33:50.155431-04:00,2026-09-29T15:33:50.155431-04:00,propline_free_sample
2026-09-27,2026-09-27 21:05:00+00:00,Shane Baz,8.5,over,809,kalshi,288443,New York Yankees,Baltimore Orioles,2026-09-27T20:03:56.358890+00:00,2026-09-29T19:33:50.155431+00:00,2026-09-29T15:33:50.155431-04:00,2026-09-29T15:33:50.155431-04:00,propline_free_sample
2026-09-27,2026-09-27 21:05:00+00:00,Shane Baz,8.5,under,-3233,kalshi,288443,New York Yankees,Baltimore Orioles,2026-09-27T19:33:35.283691+00:00,2026-09-29T19:33:50.155431+00:00,2026-09-29T15:33:50.155431-04:00,2026-09-29T15:33:50.155431-04:00,propline_free_sample
2026-09-27,2026-09-27 21:05:00+00:00,Elmer Rodriguez,5.5,over,115,betmgm,288443,New York Yankees,Baltimore Orioles,2026-09-27T18:52:53.493974+00:00,2026-09-29T19:33:50.155431+00:00,2026-09-29T15:33:50.155431-04:00,2026-09-29T15:33:50.155431-04:00,propline_free_sample
2026-09-27,2026-09-27 21:05:00+00:00,Elmer Rodriguez,5.5,under,-155,betmgm,288443,New York Yankees,Baltimore Orioles,2026-09-27T18:52:53.493974+00:00,2026-09-29T19:33:50.155431+00:00,2026-09-29T15:33:50.155431-04:00,2026-09-29T15:33:50.155431-04:00,propline_free_sample
2026-09-27,2026-09-27 21:05:00+00:00,Shane Baz,5.5,over,110,betmgm,288443,New York Yankees,Baltimore Orioles,2026-09-27T18:52:53.493974+00:00,2026-09-29T19:33:50.155431+00:00,2026-09-29T15:33:50.155431-04:00,2026-09-29T15:33:50.155431-04:00,propline_free_sample
2026-09-27,2026-09-27 21:05:00+00:00,Shane Baz,5.5,under,-150,betmgm,288443,New York Yankees,Baltimore Orioles,2026-09-27T18:52:53.493974+00:00,2026-09-29T19:33:50.155431+00:00,2026-09-29T15:33:50.155431-04:00,2026-09-29T15:33:50.155431-04:00,propline_free_sample
2026-09-27,2026-09-27 21:05:00+00:00,Shane Baz,0.5,over,-50000,hardrock,288443,New York Yankees,Baltimore Orioles,2026-09-27T18:53:42.159980+00:00,2026-09-29T19:33:50.155431+00:00,2026-09-29T15:33:50.155431-04:00,2026-09-29T15:33:50.155431-04:00,propline_free_sample
2026-09-27,2026-09-27 21:05:00+00:00,Shane Baz,0.5,under,3000,hardrock,288443,New York Yankees,Baltimore Orioles,2026-09-27T18:53:42.159980+00:00,2026-09-29T19:33:50.155431+00:00,2026-09-29T15:33:50.155431-04:00,2026-09-29T15:33:50.155431-04:00,propline_free_sample
2026-09-27,2026-09-27 21:05:00+00:00,Shane Baz,1.5,over,-4000,hardrock,288443,New York Yankees,Baltimore Orioles,2026-09-27T18:53:42.159980+00:00,2026-09-29T19:33:50.155431+00:00,2026-09-29T15:33:50.155431-04:00,2026-09-29T15:33:50.155431-04:00,propline_free_sample
2026-09-27,2026-09-27 21:05:00+00:00,Shane Baz,1.5,under,1000,hardrock,288443,New York Yankees,Baltimore Orioles,2026-09-27T18:53:42.159980+00:00,2026-09-29T19:33:50.155431+00:00,2026-09-29T15:33:50.155431-04:00,2026-09-29T15:33:50.155431-04:00,propline_free_sample
2026-09-27,2026-09-27 21:05:00+00:00,Shane Baz,10.5,over,4000,hardrock,288443,New York Yankees,Baltimore Orioles,2026-09-27T18:53:42.159980+00:00,2026-09-29T19:33:50.155431+00:00,2026-09-29T15:33:50.155431-04:00,2026-09-29T15:33:50.155431-04:00,propline_free_sample
2026-09-27,2026-09-27 21:05:00+00:00,Shane Baz,10.5,under,-20000,hardrock,288443,New York Yankees,Baltimore Orioles,2026-09-27T18:53:42.159980+00:00,2026-09-29T19:33:50.155431+00:00,2026-09-29T15:33:50.155431-04:00,2026-09-29T15:33:50.155431-04:00,propline_free_sample
2026-09-27,2026-09-27 21:05:00+00:00,Shane Baz,2.5,over,-1100,hardrock,288443,New York Yankees,Baltimore Orioles,2026-09-27T20:05:30.231157+00:00,2026-09-29T19:33:50.155431+00:00,2026-09-29T15:33:50.155431-04:00,2026-09-29T15:33:50.155431-04:00,propline_free_sample
2026-09-27,2026-09-27 21:05:00+00:00,Shane Baz,2.5,under,500,hardrock,288443,New York Yankees,Baltimore Orioles,2026-09-27T20:05:30.231157+00:00,2026-09-29T19:33:50.155431+00:00,2026-09-29T15:33:50.155431-04:00,2026-09-29T15:33:50.155431-04:00,propline_free_sample
2026-09-27,2026-09-27 21:05:00+00:00,Shane Baz,3.5,over,-400,hardrock,288443,New York Yankees,Baltimore Orioles,2026-09-27T20:05:30.231157+00:00,2026-09-29T19:33:50.155431+00:00,2026-09-29T15:33:50.155431-04:00,2026-09-29T15:33:50.155431-04:00,propline_free_sample
2026-09-27,2026-09-27 21:05:00+00:00,Shane Baz,3.5,under,250,hardrock,288443,New York Yankees,Baltimore Orioles,2026-09-27T20:05:30.231157+00:00,2026-09-29T19:33:50.155431+00:00,2026-09-29T15:33:50.155431-04:00,2026-09-29T15:33:50.155431-04:00,propline_free_sample
2026-09-27,2026-09-27 21:05:00+00:00,Shane Baz,4.5,over,-175,hardrock,288443,New York Yankees,Baltimore Orioles,2026-09-27T20:05:30.231157+00:00,2026-09-29T19:33:50.155431+00:00,2026-09-29T15:33:50.155431-04:00,2026-09-29T15:33:50.155431-04:00,propline_free_sample
2026-09-27,2026-09-27 21:05:00+00:00,Shane Baz,4.5,under,125,hardrock,288443,New York Yankees,Baltimore Orioles,2026-09-27T20:05:30.231157+00:00,2026-09-29T19:33:50.155431+00:00,2026-09-29T15:33:50.155431-04:00,2026-09-29T15:33:50.155431-04:00,propline_free_sample
2026-09-27,2026-09-27 21:05:00+00:00,Shane Baz,5.5,over,120,hardrock,288443,New York Yankees,Baltimore Orioles,2026-09-27T20:05:30.231157+00:00,2026-09-29T19:33:50.155431+00:00,2026-09-29T15:33:50.155431-04:00,2026-09-29T15:33:50.155431-04:00,propline_free_sample
2026-09-27,2026-09-27 21:05:00+00:00,Shane Baz,5.5,under,-160,hardrock,288443,New York Yankees,Baltimore Orioles,2026-09-27T20:05:30.231157+00:00,2026-09-29T19:33:50.155431+00:00,2026-09-29T15:33:50.155431-04:00,2026-09-29T15:33:50.155431-04:00,propline_free_sample
2026-09-27,2026-09-27 21:05:00+00:00,Shane Baz,6.5,over,240,hardrock,288443,New York Yankees,Baltimore Orioles,2026-09-27T20:05:30.231157+00:00,2026-09-29T19:33:50.155431+00:00,2026-09-29T15:33:50.155431-04:00,2026-09-29T15:33:50.155431-04:00,propline_free_sample
2026-09-27,2026-09-27 21:05:00+00:00,Shane Baz,6.5,under,-375,hardrock,288443,New York Yankees,Baltimore Orioles,2026-09-27T20:05:30.231157+00:00,2026-09-29T19:33:50.155431+00:00,2026-09-29T15:33:50.155431-04:00,2026-09-29T15:33:50.155431-04:00,propline_free_sample
2026-09-27,2026-09-27 21:05:00+00:00,Shane Baz,7.5,over,475,hardrock,288443,New York Yankees,Baltimore Orioles,2026-09-27T20:05:30.231157+00:00,2026-09-29T19:33:50.155431+00:00,2026-09-29T15:33:50.155431-04:00,2026-09-29T15:33:50.155431-04:00,propline_free_sample
2026-09-27,2026-09-27 21:05:00+00:00,Shane Baz,7.5,under,-1000,hardrock,288443,New York Yankees,Baltimore Orioles,2026-09-27T20:05:30.231157+00:00,2026-09-29T19:33:50.155431+00:00,2026-09-29T15:33:50.155431-04:00,2026-09-29T15:33:50.155431-04:00,propline_free_sample
2026-09-27,2026-09-27 21:05:00+00:00,Shane Baz,8.5,over,1000,hardrock,288443,New York Yankees,Baltimore Orioles,2026-09-27T19:06:36.399869+00:00,2026-09-29T19:33:50.155431+00:00,2026-09-29T15:33:50.155431-04:00,2026-09-29T15:33:50.155431-04:00,propline_free_sample
2026-09-27,2026-09-27 21:05:00+00:00,Shane Baz,8.5,under,-4000,hardrock,288443,New York Yankees,Baltimore Orioles,2026-09-27T18:53:42.159980+00:00,2026-09-29T19:33:50.155431+00:00,2026-09-29T15:33:50.155431-04:00,2026-09-29T15:33:50.155431-04:00,propline_free_sample
2026-09-27,2026-09-27 21:05:00+00:00,Shane Baz,9.5,over,3000,hardrock,288443,New York Yankees,Baltimore Orioles,2026-09-27T19:06:36.399869+00:00,2026-09-29T19:33:50.155431+00:00,2026-09-29T15:33:50.155431-04:00,2026-09-29T15:33:50.155431-04:00,propline_free_sample
2026-09-27,2026-09-27 21:05:00+00:00,Shane Baz,9.5,under,-10000,hardrock,288443,New York Yankees,Baltimore Orioles,2026-09-27T18:53:42.159980+00:00,2026-09-29T19:33:50.155431+00:00,2026-09-29T15:33:50.155431-04:00,2026-09-29T15:33:50.155431-04:00,propline_free_sample
2026-09-27,2026-09-27 21:05:00+00:00,Elmer Rodriguez,5.5,over,122,fanduel,288443,New York Yankees,Baltimore Orioles,2026-09-27T18:54:42.976845+00:00,2026-09-29T19:33:50.155431+00:00,2026-09-29T15:33:50.155431-04:00,2026-09-29T15:33:50.155431-04:00,propline_free_sample
2026-09-27,2026-09-27 21:05:00+00:00,Elmer Rodriguez,5.5,under,-156,fanduel,288443,New York Yankees,Baltimore Orioles,2026-09-27T18:54:42.976845+00:00,2026-09-29T19:33:50.155431+00:00,2026-09-29T15:33:50.155431-04:00,2026-09-29T15:33:50.155431-04:00,propline_free_sample
2026-09-27,2026-09-27 21:05:00+00:00,Shane Baz,5.5,over,124,fanduel,288443,New York Yankees,Baltimore Orioles,2026-09-27T18:54:42.976845+00:00,2026-09-29T19:33:50.155431+00:00,2026-09-29T15:33:50.155431-04:00,2026-09-29T15:33:50.155431-04:00,propline_free_sample
2026-09-27,2026-09-27 21:05:00+00:00,Shane Baz,5.5,under,-158,fanduel,288443,New York Yankees,Baltimore Orioles,2026-09-27T18:54:42.976845+00:00,2026-09-29T19:33:50.155431+00:00,2026-09-29T15:33:50.155431-04:00,2026-09-29T15:33:50.155431-04:00,propline_free_sample
2026-09-27,2026-09-27 21:05:00+00:00,Elmer Rodríguez,5.5,over,124,pinnacle,288443,New York Yankees,Baltimore Orioles,2026-09-27T18:54:53.747564+00:00,2026-09-29T19:33:50.155431+00:00,2026-09-29T15:33:50.155431-04:00,2026-09-29T15:33:50.155431-04:00,propline_free_sample
2026-09-27,2026-09-27 21:05:00+00:00,Elmer Rodríguez,5.5,under,-158,pinnacle,288443,New York Yankees,Baltimore Orioles,2026-09-27T18:54:53.747564+00:00,2026-09-29T19:33:50.155431+00:00,2026-09-29T15:33:50.155431-04:00,2026-09-29T15:33:50.155431-04:00,propline_free_sample
2026-09-27,2026-09-27 21:05:00+00:00,Shane Baz,5.5,over,138,pinnacle,288443,New York Yankees,Baltimore Orioles,2026-09-27T19:24:35.601964+00:00,2026-09-29T19:33:50.155431+00:00,2026-09-29T15:33:50.155431-04:00,2026-09-29T15:33:50.155431-04:00,propline_free_sample
2026-09-27,2026-09-27 21:05:00+00:00,Shane Baz,5.5,under,-186,pinnacle,288443,New York Yankees,Baltimore Orioles,2026-09-27T19:24:35.601964+00:00,2026-09-29T19:33:50.155431+00:00,2026-09-29T15:33:50.155431-04:00,2026-09-29T15:33:50.155431-04:00,propline_free_sample
2026-09-27,2026-09-27 21:05:00+00:00,Elmer Rodríguez,6.5,under,100,prizepicks,288443,New York Yankees,Baltimore Orioles,2026-09-27T18:57:41.008624+00:00,2026-09-29T19:33:50.155431+00:00,2026-09-29T15:33:50.155431-04:00,2026-09-29T15:33:50.155431-04:00,propline_free_sample
2026-09-27,2026-09-27 21:05:00+00:00,Elmer Rodríguez,7.5,under,100,prizepicks,288443,New York Yankees,Baltimore Orioles,2026-09-27T18:57:41.008624+00:00,2026-09-29T19:33:50.155431+00:00,2026-09-29T15:33:50.155431-04:00,2026-09-29T15:33:50.155431-04:00,propline_free_sample
2026-09-27,2026-09-27 21:05:00+00:00,Elmer Rodríguez,2.5,over,100,prizepicks,288443,New York Yankees,Baltimore Orioles,2026-09-27T18:57:41.008624+00:00,2026-09-29T19:33:50.155431+00:00,2026-09-29T15:33:50.155431-04:00,2026-09-29T15:33:50.155431-04:00,propline_free_sample
2026-09-27,2026-09-27 21:05:00+00:00,Elmer Rodríguez,2.5,under,100,prizepicks,288443,New York Yankees,Baltimore Orioles,2026-09-27T18:57:41.008624+00:00,2026-09-29T19:33:50.155431+00:00,2026-09-29T15:33:50.155431-04:00,2026-09-29T15:33:50.155431-04:00,propline_free_sample
2026-09-27,2026-09-27 21:05:00+00:00,Elmer Rodríguez,3.5,under,100,prizepicks,288443,New York Yankees,Baltimore Orioles,2026-09-27T18:57:41.008624+00:00,2026-09-29T19:33:50.155431+00:00,2026-09-29T15:33:50.155431-04:00,2026-09-29T15:33:50.155431-04:00,propline_free_sample
2026-09-27,2026-09-27 21:05:00+00:00,Elmer Rodríguez,4.5,under,100,prizepicks,288443,New York Yankees,Baltimore Orioles,2026-09-27T18:57:41.008624+00:00,2026-09-29T19:33:50.155431+00:00,2026-09-29T15:33:50.155431-04:00,2026-09-29T15:33:50.155431-04:00,propline_free_sample
2026-09-27,2026-09-27 21:05:00+00:00,Elmer Rodríguez,9.5,over,100,prizepicks,288443,New York Yankees,Baltimore Orioles,2026-09-27T18:57:41.008624+00:00,2026-09-29T19:33:50.155431+00:00,2026-09-29T15:33:50.155431-04:00,2026-09-29T15:33:50.155431-04:00,propline_free_sample
2026-09-27,2026-09-27 21:05:00+00:00,Elmer Rodriguez,5.5,over,125,fanatics,288443,New York Yankees,Baltimore Orioles,2026-09-27T20:09:57.395692+00:00,2026-09-29T19:33:50.155431+00:00,2026-09-29T15:33:50.155431-04:00,2026-09-29T15:33:50.155431-04:00,propline_free_sample
2026-09-27,2026-09-27 21:05:00+00:00,Elmer Rodriguez,5.5,under,-165,fanatics,288443,New York Yankees,Baltimore Orioles,2026-09-27T20:09:57.395692+00:00,2026-09-29T19:33:50.155431+00:00,2026-09-29T15:33:50.155431-04:00,2026-09-29T15:33:50.155431-04:00,propline_free_sample
2026-09-27,2026-09-27 21:05:00+00:00,Shane Baz,5.5,over,115,fanatics,288443,New York Yankees,Baltimore Orioles,2026-09-27T20:09:57.395692+00:00,2026-09-29T19:33:50.155431+00:00,2026-09-29T15:33:50.155431-04:00,2026-09-29T15:33:50.155431-04:00,propline_free_sample
2026-09-27,2026-09-27 21:05:00+00:00,Shane Baz,5.5,under,-150,fanatics,288443,New York Yankees,Baltimore Orioles,2026-09-27T20:09:57.395692+00:00,2026-09-29T19:33:50.155431+00:00,2026-09-29T15:33:50.155431-04:00,2026-09-29T15:33:50.155431-04:00,propline_free_sample
2026-09-27,2026-09-27 19:10:00+00:00,Andre Pallante,1.5,over,-129,underdog,238668,Milwaukee Brewers,St. Louis Cardinals,2026-09-27T18:22:28.087151+00:00,2026-09-29T19:33:50.155431+00:00,2026-09-29T15:33:50.155431-04:00,2026-09-29T15:33:50.155431-04:00,propline_free_sample
2026-09-27,2026-09-27 19:10:00+00:00,Jacob Misiorowski,4.5,over,-106,underdog,238668,Milwaukee Brewers,St. Louis Cardinals,2026-09-27T18:33:52.113922+00:00,2026-09-29T19:33:50.155431+00:00,2026-09-29T15:33:50.155431-04:00,2026-09-29T15:33:50.155431-04:00,propline_free_sample
2026-09-27,2026-09-27 19:10:00+00:00,Andre Pallante,1.5,under,-115,underdog,238668,Milwaukee Brewers,St. Louis Cardinals,2026-09-27T18:22:28.087151+00:00,2026-09-29T19:33:50.155431+00:00,2026-09-29T15:33:50.155431-04:00,2026-09-29T15:33:50.155431-04:00,propline_free_sample
2026-09-27,2026-09-27 19:10:00+00:00,Jacob Misiorowski,4.5,under,-141,underdog,238668,Milwaukee Brewers,St. Louis Cardinals,2026-09-27T18:33:52.113922+00:00,2026-09-29T19:33:50.155431+00:00,2026-09-29T15:33:50.155431-04:00,2026-09-29T15:33:50.155431-04:00,propline_free_sample
2026-09-27,2026-09-27 19:10:00+00:00,Andre Pallante,2.5,over,-133,dabble,238668,Milwaukee Brewers,St. Louis Cardinals,2026-09-27T18:36:58.496274+00:00,2026-09-29T19:33:50.155431+00:00,2026-09-29T15:33:50.155431-04:00,2026-09-29T15:33:50.155431-04:00,propline_free_sample
2026-09-27,2026-09-27 19:10:00+00:00,Jacob Misiorowski,6.5,over,131,dabble,238668,Milwaukee Brewers,St. Louis Cardinals,2026-09-27T18:08:17.558432+00:00,2026-09-29T19:33:50.155431+00:00,2026-09-29T15:33:50.155431-04:00,2026-09-29T15:33:50.155431-04:00,propline_free_sample
2026-09-27,2026-09-27 19:10:00+00:00,Andre Pallante,2.5,under,135,dabble,238668,Milwaukee Brewers,St. Louis Cardinals,2026-09-27T18:36:58.496274+00:00,2026-09-29T19:33:50.155431+00:00,2026-09-29T15:33:50.155431-04:00,2026-09-29T15:33:50.155431-04:00,propline_free_sample
2026-09-27,2026-09-27 19:10:00+00:00,Jacob Misiorowski,6.5,under,-130,dabble,238668,Milwaukee Brewers,St. Louis Cardinals,2026-09-27T18:08:17.558432+00:00,2026-09-29T19:33:50.155431+00:00,2026-09-29T15:33:50.155431-04:00,2026-09-29T15:33:50.155431-04:00,propline_free_sample
2026-09-27,2026-09-27 19:10:00+00:00,Andre Pallante,3.5,over,-152,smarkets,238668,Milwaukee Brewers,St. Louis Cardinals,2026-09-27T16:25:08.748261+00:00,2026-09-29T19:33:50.155431+00:00,2026-09-29T15:33:50.155431-04:00,2026-09-29T15:33:50.155431-04:00,propline_free_sample
2026-09-27,2026-09-27 19:10:00+00:00,Andre Pallante,3.5,under,108,smarkets,238668,Milwaukee Brewers,St. Louis Cardinals,2026-09-27T16:25:08.748261+00:00,2026-09-29T19:33:50.155431+00:00,2026-09-29T15:33:50.155431-04:00,2026-09-29T15:33:50.155431-04:00,propline_free_sample
2026-09-27,2026-09-27 19:10:00+00:00,Jacob Misiorowski,6.5,over,110,smarkets,238668,Milwaukee Brewers,St. Louis Cardinals,2026-09-27T18:10:57.010482+00:00,2026-09-29T19:33:50.155431+00:00,2026-09-29T15:33:50.155431-04:00,2026-09-29T15:33:50.155431-04:00,propline_free_sample
2026-09-27,2026-09-27 19:10:00+00:00,Jacob Misiorowski,6.5,under,-154,smarkets,238668,Milwaukee Brewers,St. Louis Cardinals,2026-09-27T18:10:57.010482+00:00,2026-09-29T19:33:50.155431+00:00,2026-09-29T15:33:50.155431-04:00,2026-09-29T15:33:50.155431-04:00,propline_free_sample
2026-09-27,2026-09-27 19:10:00+00:00,JR Ritchie,4.5,over,108,fanduel,238667,Miami Marlins,Atlanta Braves,2026-09-27T16:49:52.043863+00:00,2026-09-29T19:33:50.155431+00:00,2026-09-29T15:33:50.155431-04:00,2026-09-29T15:33:50.155431-04:00,propline_free_sample
2026-09-27,2026-09-27 19:10:00+00:00,JR Ritchie,4.5,under,-138,fanduel,238667,Miami Marlins,Atlanta Braves,2026-09-27T16:49:52.043863+00:00,2026-09-29T19:33:50.155431+00:00,2026-09-29T15:33:50.155431-04:00,2026-09-29T15:33:50.155431-04:00,propline_free_sample
2026-09-27,2026-09-27 19:10:00+00:00,Janson Junk,3.5,over,102,fanduel,238667,Miami Marlins,Atlanta Braves,2026-09-27T17:01:13.358807+00:00,2026-09-29T19:33:50.155431+00:00,2026-09-29T15:33:50.155431-04:00,2026-09-29T15:33:50.155431-04:00,propline_free_sample
2026-09-27,2026-09-27 19:10:00+00:00,Janson Junk,3.5,under,-130,fanduel,238667,Miami Marlins,Atlanta Braves,2026-09-27T17:01:13.358807+00:00,2026-09-29T19:33:50.155431+00:00,2026-09-29T15:33:50.155431-04:00,2026-09-29T15:33:50.155431-04:00,propline_free_sample
2026-09-27,2026-09-27 19:10:00+00:00,Jacob Misiorowski,6.5,over,100,prizepicks,238668,Milwaukee Brewers,St. Louis Cardinals,2026-09-27T00:31:22.528859+00:00,2026-09-29T19:33:50.155431+00:00,2026-09-29T15:33:50.155431-04:00,2026-09-29T15:33:50.155431-04:00,propline_free_sample
2026-09-27,2026-09-27 19:10:00+00:00,Jacob Misiorowski,6.5,under,100,prizepicks,238668,Milwaukee Brewers,St. Louis Cardinals,2026-09-27T00:31:22.528859+00:00,2026-09-29T19:33:50.155431+00:00,2026-09-29T15:33:50.155431-04:00,2026-09-29T15:33:50.155431-04:00,propline_free_sample
2026-09-27,2026-09-27 19:10:00+00:00,Andre Pallante,6.5,over,100,prizepicks,238668,Milwaukee Brewers,St. Louis Cardinals,2026-09-27T00:31:22.528859+00:00,2026-09-29T19:33:50.155431+00:00,2026-09-29T15:33:50.155431-04:00,2026-09-29T15:33:50.155431-04:00,propline_free_sample
2026-09-27,2026-09-27 19:10:00+00:00,Jacob Misiorowski,9.5,over,100,prizepicks,238668,Milwaukee Brewers,St. Louis Cardinals,2026-09-27T00:31:22.528859+00:00,2026-09-29T19:33:50.155431+00:00,2026-09-29T15:33:50.155431-04:00,2026-09-29T15:33:50.155431-04:00,propline_free_sample
2026-09-27,2026-09-27 19:10:00+00:00,Andre Pallante,3.5,over,100,prizepicks,238668,Milwaukee Brewers,St. Louis Cardinals,2026-09-27T00:31:22.528859+00:00,2026-09-29T19:33:50.155431+00:00,2026-09-29T15:33:50.155431-04:00,2026-09-29T15:33:50.155431-04:00,propline_free_sample
2026-09-27,2026-09-27 19:10:00+00:00,Andre Pallante,3.5,under,100,prizepicks,238668,Milwaukee Brewers,St. Louis Cardinals,2026-09-27T00:31:22.528859+00:00,2026-09-29T19:33:50.155431+00:00,2026-09-29T15:33:50.155431-04:00,2026-09-29T15:33:50.155431-04:00,propline_free_sample
2026-09-27,2026-09-27 19:10:00+00:00,Anthony Kay,3.5,over,119,dabble,238664,Chicago White Sox,Colorado Rockies,2026-09-27T18:10:26.070326+00:00,2026-09-29T19:33:50.155431+00:00,2026-09-29T15:33:50.155431-04:00,2026-09-29T15:33:50.155431-04:00,propline_free_sample
2026-09-27,2026-09-27 19:10:00+00:00,Kyle Freeland,3.5,over,-132,dabble,238664,Chicago White Sox,Colorado Rockies,2026-09-27T18:10:26.070326+00:00,2026-09-29T19:33:50.155431+00:00,2026-09-29T15:33:50.155431-04:00,2026-09-29T15:33:50.155431-04:00,propline_free_sample
2026-09-27,2026-09-27 19:10:00+00:00,Anthony Kay,3.5,under,-118,dabble,238664,Chicago White Sox,Colorado Rockies,2026-09-27T18:10:26.070326+00:00,2026-09-29T19:33:50.155431+00:00,2026-09-29T15:33:50.155431-04:00,2026-09-29T15:33:50.155431-04:00,propline_free_sample
2026-09-27,2026-09-27 19:10:00+00:00,Kyle Freeland,3.5,under,133,dabble,238664,Chicago White Sox,Colorado Rockies,2026-09-27T18:10:26.070326+00:00,2026-09-29T19:33:50.155431+00:00,2026-09-29T15:33:50.155431-04:00,2026-09-29T15:33:50.155431-04:00,propline_free_sample
2026-09-27,2026-09-27 19:10:00+00:00,Anthony Kay,3.5,over,-218,underdog,238664,Chicago White Sox,Colorado Rockies,2026-09-27T16:15:51.642341+00:00,2026-09-29T19:33:50.155431+00:00,2026-09-29T15:33:50.155431-04:00,2026-09-29T15:33:50.155431-04:00,propline_free_sample
2026-09-27,2026-09-27 19:10:00+00:00,Kyle Freeland,2.5,over,-148,underdog,238664,Chicago White Sox,Colorado Rockies,2026-09-27T11:25:06.885455+00:00,2026-09-29T19:33:50.155431+00:00,2026-09-29T15:33:50.155431-04:00,2026-09-29T15:33:50.155431-04:00,propline_free_sample
2026-09-27,2026-09-27 19:10:00+00:00,Anthony Kay,3.5,under,144,underdog,238664,Chicago White Sox,Colorado Rockies,2026-09-27T16:15:51.642341+00:00,2026-09-29T19:33:50.155431+00:00,2026-09-29T15:33:50.155431-04:00,2026-09-29T15:33:50.155431-04:00,propline_free_sample
2026-09-27,2026-09-27 19:10:00+00:00,Kyle Freeland,2.5,under,-102,underdog,238664,Chicago White Sox,Colorado Rockies,2026-09-27T11:25:06.885455+00:00,2026-09-29T19:33:50.155431+00:00,2026-09-29T15:33:50.155431-04:00,2026-09-29T15:33:50.155431-04:00,propline_free_sample
2026-09-27,2026-09-27 19:10:00+00:00,Anthony Kay,3.5,over,-101,smarkets,238664,Chicago White Sox,Colorado Rockies,2026-09-27T18:12:40.103615+00:00,2026-09-29T19:33:50.155431+00:00,2026-09-29T15:33:50.155431-04:00,2026-09-29T15:33:50.155431-04:00,propline_free_sample
2026-09-27,2026-09-27 19:10:00+00:00,Anthony Kay,3.5,under,-139,smarkets,238664,Chicago White Sox,Colorado Rockies,2026-09-27T18:12:40.103615+00:00,2026-09-29T19:33:50.155431+00:00,2026-09-29T15:33:50.155431-04:00,2026-09-29T15:33:50.155431-04:00,propline_free_sample
2026-09-27,2026-09-27 19:10:00+00:00,Kyle Freeland,4.5,over,122,smarkets,238664,Chicago White Sox,Colorado Rockies,2026-09-27T01:01:01.673128+00:00,2026-09-29T19:33:50.155431+00:00,2026-09-29T15:33:50.155431-04:00,2026-09-29T15:33:50.155431-04:00,propline_free_sample
2026-09-27,2026-09-27 19:10:00+00:00,Kyle Freeland,4.5,under,-175,smarkets,238664,Chicago White Sox,Colorado Rockies,2026-09-27T11:27:59.797528+00:00,2026-09-29T19:33:50.155431+00:00,2026-09-29T15:33:50.155431-04:00,2026-09-29T15:33:50.155431-04:00,propline_free_sample
2026-09-27,2026-09-27 19:10:00+00:00,Kyle Freeland,4.5,over,100,prizepicks,238664,Chicago White Sox,Colorado Rockies,2026-09-27T01:02:18.599834+00:00,2026-09-29T19:33:50.155431+00:00,2026-09-29T15:33:50.155431-04:00,2026-09-29T15:33:50.155431-04:00,propline_free_sample
2026-09-27,2026-09-27 19:10:00+00:00,Kyle Freeland,4.5,under,100,prizepicks,238664,Chicago White Sox,Colorado Rockies,2026-09-27T01:02:18.599834+00:00,2026-09-29T19:33:50.155431+00:00,2026-09-29T15:33:50.155431-04:00,2026-09-29T15:33:50.155431-04:00,propline_free_sample
2026-09-27,2026-09-27 19:10:00+00:00,Anthony Kay,6.5,over,100,prizepicks,238664,Chicago White Sox,Colorado Rockies,2026-09-27T01:02:18.599834+00:00,2026-09-29T19:33:50.155431+00:00,2026-09-29T15:33:50.155431-04:00,2026-09-29T15:33:50.155431-04:00,propline_free_sample
2026-09-27,2026-09-27 19:10:00+00:00,Kyle Freeland,6.5,over,100,prizepicks,238664,Chicago White Sox,Colorado Rockies,2026-09-27T01:02:18.599834+00:00,2026-09-29T19:33:50.155431+00:00,2026-09-29T15:33:50.155431-04:00,2026-09-29T15:33:50.155431-04:00,propline_free_sample
2026-09-27,2026-09-27 19:10:00+00:00,Anthony Kay,3.5,over,100,prizepicks,238664,Chicago White Sox,Colorado Rockies,2026-09-27T01:02:18.599834+00:00,2026-09-29T19:33:50.155431+00:00,2026-09-29T15:33:50.155431-04:00,2026-09-29T15:33:50.155431-04:00,propline_free_sample
2026-09-27,2026-09-27 19:10:00+00:00,Kyle Freeland,3.5,over,100,prizepicks,238664,Chicago White Sox,Colorado Rockies,2026-09-27T01:02:18.599834+00:00,2026-09-29T19:33:50.155431+00:00,2026-09-29T15:33:50.155431-04:00,2026-09-29T15:33:50.155431-04:00,propline_free_sample
2026-09-27,2026-09-27 19:10:00+00:00,Anthony Kay,3.5,under,100,prizepicks,238664,Chicago White Sox,Colorado Rockies,2026-09-27T01:02:18.599834+00:00,2026-09-29T19:33:50.155431+00:00,2026-09-29T15:33:50.155431-04:00,2026-09-29T15:33:50.155431-04:00,propline_free_sample
2026-09-27,2026-09-27 19:10:00+00:00,Anthony Kay,4.5,over,130,fanatics,238664,Chicago White Sox,Colorado Rockies,2026-09-27T19:08:03.226984+00:00,2026-09-29T19:33:50.155431+00:00,2026-09-29T15:33:50.155431-04:00,2026-09-29T15:33:50.155431-04:00,propline_free_sample
2026-09-27,2026-09-27 19:10:00+00:00,Anthony Kay,4.5,under,-175,fanatics,238664,Chicago White Sox,Colorado Rockies,2026-09-27T19:08:03.226984+00:00,2026-09-29T19:33:50.155431+00:00,2026-09-29T15:33:50.155431-04:00,2026-09-29T15:33:50.155431-04:00,propline_free_sample
2026-09-27,2026-09-27 19:10:00+00:00,Kyle Freeland,3.5,over,-175,fanatics,238664,Chicago White Sox,Colorado Rockies,2026-09-27T19:08:03.226984+00:00,2026-09-29T19:33:50.155431+00:00,2026-09-29T15:33:50.155431-04:00,2026-09-29T15:33:50.155431-04:00,propline_free_sample
2026-09-27,2026-09-27 19:10:00+00:00,Kyle Freeland,3.5,under,130,fanatics,238664,Chicago White Sox,Colorado Rockies,2026-09-27T19:08:03.226984+00:00,2026-09-29T19:33:50.155431+00:00,2026-09-29T15:33:50.155431-04:00,2026-09-29T15:33:50.155431-04:00,propline_free_sample
2026-09-27,2026-09-27 19:10:00+00:00,Anthony Kay,3.5,over,105,courtside,238664,Chicago White Sox,Colorado Rockies,2026-09-27T19:06:56.858989+00:00,2026-09-29T19:33:50.155431+00:00,2026-09-29T15:33:50.155431-04:00,2026-09-29T15:33:50.155431-04:00,propline_free_sample
2026-09-27,2026-09-27 19:10:00+00:00,Anthony Kay,3.5,under,-140,courtside,238664,Chicago White Sox,Colorado Rockies,2026-09-27T19:06:56.858989+00:00,2026-09-29T19:33:50.155431+00:00,2026-09-29T15:33:50.155431-04:00,2026-09-29T15:33:50.155431-04:00,propline_free_sample
2026-09-27,2026-09-27 19:10:00+00:00,Kyle Freeland,4.5,over,255,courtside,238664,Chicago White Sox,Colorado Rockies,2026-09-27T16:27:24.648846+00:00,2026-09-29T19:33:50.155431+00:00,2026-09-29T15:33:50.155431-04:00,2026-09-29T15:33:50.155431-04:00,propline_free_sample
2026-09-27,2026-09-27 19:10:00+00:00,Kyle Freeland,4.5,under,-165,courtside,238664,Chicago White Sox,Colorado Rockies,2026-09-27T16:27:24.648846+00:00,2026-09-29T19:33:50.155431+00:00,2026-09-29T15:33:50.155431-04:00,2026-09-29T15:33:50.155431-04:00,propline_free_sample
2026-09-27,2026-09-27 19:10:00+00:00,Anthony Kay,3.5,over,101,draftkings,238664,Chicago White Sox,Colorado Rockies,2026-09-27T19:05:24.604240+00:00,2026-09-29T19:33:50.155431+00:00,2026-09-29T15:33:50.155431-04:00,2026-09-29T15:33:50.155431-04:00,propline_free_sample
2026-09-27,2026-09-27 19:10:00+00:00,Anthony Kay,3.5,under,-128,draftkings,238664,Chicago White Sox,Colorado Rockies,2026-09-27T19:05:24.604240+00:00,2026-09-29T19:33:50.155431+00:00,2026-09-29T15:33:50.155431-04:00,2026-09-29T15:33:50.155431-04:00,propline_free_sample
2026-09-27,2026-09-27 19:10:00+00:00,Kyle Freeland,4.5,over,128,draftkings,238664,Chicago White Sox,Colorado Rockies,2026-09-27T16:23:48.943149+00:00,2026-09-29T19:33:50.155431+00:00,2026-09-29T15:33:50.155431-04:00,2026-09-29T15:33:50.155431-04:00,propline_free_sample
2026-09-27,2026-09-27 19:10:00+00:00,Kyle Freeland,4.5,under,-164,draftkings,238664,Chicago White Sox,Colorado Rockies,2026-09-27T16:23:48.943149+00:00,2026-09-29T19:33:50.155431+00:00,2026-09-29T15:33:50.155431-04:00,2026-09-29T15:33:50.155431-04:00,propline_free_sample
2026-09-27,2026-09-27 19:10:00+00:00,Kyle Freeland,4.5,over,111,sleeper,238664,Chicago White Sox,Colorado Rockies,2026-09-27T18:26:33.636861+00:00,2026-09-29T19:33:50.155431+00:00,2026-09-29T15:33:50.155431-04:00,2026-09-29T15:33:50.155431-04:00,propline_free_sample
2026-09-27,2026-09-27 19:10:00+00:00,Kyle Freeland,4.5,under,-189,sleeper,238664,Chicago White Sox,Colorado Rockies,2026-09-27T18:26:33.636861+00:00,2026-09-29T19:33:50.155431+00:00,2026-09-29T15:33:50.155431-04:00,2026-09-29T15:33:50.155431-04:00,propline_free_sample
2026-09-27,2026-09-27 19:10:00+00:00,Anthony Kay,3.5,over,-102,sleeper,238664,Chicago White Sox,Colorado Rockies,2026-09-27T19:08:07.174882+00:00,2026-09-29T19:33:50.155431+00:00,2026-09-29T15:33:50.155431-04:00,2026-09-29T15:33:50.155431-04:00,propline_free_sample
2026-09-27,2026-09-27 19:10:00+00:00,Anthony Kay,3.5,under,-161,sleeper,238664,Chicago White Sox,Colorado Rockies,2026-09-27T19:08:07.174882+00:00,2026-09-29T19:33:50.155431+00:00,2026-09-29T15:33:50.155431-04:00,2026-09-29T15:33:50.155431-04:00,propline_free_sample
2026-09-27,2026-09-27 19:10:00+00:00,Daniel Lynch IV,3.5,over,128,dabble,238666,Kansas City Royals,Cleveland Guardians,2026-09-27T17:04:18.812188+00:00,2026-09-29T19:33:50.155431+00:00,2026-09-29T15:33:50.155431-04:00,2026-09-29T15:33:50.155431-04:00,propline_free_sample
2026-09-27,2026-09-27 19:10:00+00:00,Daniel Lynch IV,3.5,under,-127,dabble,238666,Kansas City Royals,Cleveland Guardians,2026-09-27T17:04:18.812188+00:00,2026-09-29T19:33:50.155431+00:00,2026-09-29T15:33:50.155431-04:00,2026-09-29T15:33:50.155431-04:00,propline_free_sample
2026-09-27,2026-09-27 19:10:00+00:00,Kyle Freeland,0.5,over,-9000,hardrock,238664,Chicago White Sox,Colorado Rockies,2026-09-27T11:57:33.302500+00:00,2026-09-29T19:33:50.155431+00:00,2026-09-29T15:33:50.155431-04:00,2026-09-29T15:33:50.155431-04:00,propline_free_sample
2026-09-27,2026-09-27 19:10:00+00:00,Kyle Freeland,0.5,under,2000,hardrock,238664,Chicago White Sox,Colorado Rockies,2026-09-27T12:09:40.227825+00:00,2026-09-29T19:33:50.155431+00:00,2026-09-29T15:33:50.155431-04:00,2026-09-29T15:33:50.155431-04:00,propline_free_sample
2026-09-27,2026-09-27 19:10:00+00:00,Kyle Freeland,1.5,over,-425,hardrock,238664,Chicago White Sox,Colorado Rockies,2026-09-27T11:57:33.302500+00:00,2026-09-29T19:33:50.155431+00:00,2026-09-29T15:33:50.155431-04:00,2026-09-29T15:33:50.155431-04:00,propline_free_sample
2026-09-27,2026-09-27 19:10:00+00:00,Kyle Freeland,1.5,under,250,hardrock,238664,Chicago White Sox,Colorado Rockies,2026-09-27T11:57:33.302500+00:00,2026-09-29T19:33:50.155431+00:00,2026-09-29T15:33:50.155431-04:00,2026-09-29T15:33:50.155431-04:00,propline_free_sample
2026-09-27,2026-09-27 19:10:00+00:00,Kyle Freeland,2.5,over,105,hardrock,238664,Chicago White Sox,Colorado Rockies,2026-09-27T16:20:01.516015+00:00,2026-09-29T19:33:50.155431+00:00,2026-09-29T15:33:50.155431-04:00,2026-09-29T15:33:50.155431-04:00,propline_free_sample
2026-09-27,2026-09-27 19:10:00+00:00,Kyle Freeland,2.5,under,-150,hardrock,238664,Chicago White Sox,Colorado Rockies,2026-09-27T11:57:33.302500+00:00,2026-09-29T19:33:50.155431+00:00,2026-09-29T15:33:50.155431-04:00,2026-09-29T15:33:50.155431-04:00,propline_free_sample
2026-09-27,2026-09-27 19:10:00+00:00,Kyle Freeland,3.5,over,325,hardrock,238664,Chicago White Sox,Colorado Rockies,2026-09-27T16:20:01.516015+00:00,2026-09-29T19:33:50.155431+00:00,2026-09-29T15:33:50.155431-04:00,2026-09-29T15:33:50.155431-04:00,propline_free_sample
2026-09-27,2026-09-27 19:10:00+00:00,Kyle Freeland,3.5,under,-600,hardrock,238664,Chicago White Sox,Colorado Rockies,2026-09-27T11:57:33.302500+00:00,2026-09-29T19:33:50.155431+00:00,2026-09-29T15:33:50.155431-04:00,2026-09-29T15:33:50.155431-04:00,propline_free_sample
2026-09-27,2026-09-27 19:10:00+00:00,Kyle Freeland,4.5,over,900,hardrock,238664,Chicago White Sox,Colorado Rockies,2026-09-27T11:46:27.992890+00:00,2026-09-29T19:33:50.155431+00:00,2026-09-29T15:33:50.155431-04:00,2026-09-29T15:33:50.155431-04:00,propline_free_sample
2026-09-27,2026-09-27 19:10:00+00:00,Kyle Freeland,4.5,under,-4000,hardrock,238664,Chicago White Sox,Colorado Rockies,2026-09-27T11:46:27.992890+00:00,2026-09-29T19:33:50.155431+00:00,2026-09-29T15:33:50.155431-04:00,2026-09-29T15:33:50.155431-04:00,propline_free_sample
2026-09-27,2026-09-27 19:10:00+00:00,Kyle Freeland,5.5,over,4000,hardrock,238664,Chicago White Sox,Colorado Rockies,2026-09-27T16:04:27.032072+00:00,2026-09-29T19:33:50.155431+00:00,2026-09-29T15:33:50.155431-04:00,2026-09-29T15:33:50.155431-04:00,propline_free_sample
2026-09-27,2026-09-27 19:10:00+00:00,Kyle Freeland,5.5,under,-50000,hardrock,238664,Chicago White Sox,Colorado Rockies,2026-09-27T16:04:27.032072+00:00,2026-09-29T19:33:50.155431+00:00,2026-09-29T15:33:50.155431-04:00,2026-09-29T15:33:50.155431-04:00,propline_free_sample
2026-09-27,2026-09-27 19:10:00+00:00,Kyle Freeland,6.5,over,700,hardrock,238664,Chicago White Sox,Colorado Rockies,2026-09-27T15:54:01.070675+00:00,2026-09-29T19:33:50.155431+00:00,2026-09-29T15:33:50.155431-04:00,2026-09-29T15:33:50.155431-04:00,propline_free_sample
2026-09-27,2026-09-27 19:10:00+00:00,Kyle Freeland,6.5,under,-3000,hardrock,238664,Chicago White Sox,Colorado Rockies,2026-09-27T15:54:01.070675+00:00,2026-09-29T19:33:50.155431+00:00,2026-09-29T15:33:50.155431-04:00,2026-09-29T15:33:50.155431-04:00,propline_free_sample
2026-09-27,2026-09-27 19:10:00+00:00,Kyle Freeland,7.5,over,2250,hardrock,238664,Chicago White Sox,Colorado Rockies,2026-09-27T18:46:19.371039+00:00,2026-09-29T19:33:50.155431+00:00,2026-09-29T15:33:50.155431-04:00,2026-09-29T15:33:50.155431-04:00,propline_free_sample
2026-09-27,2026-09-27 19:10:00+00:00,Kyle Freeland,7.5,under,-15000,hardrock,238664,Chicago White Sox,Colorado Rockies,2026-09-27T11:57:33.302500+00:00,2026-09-29T19:33:50.155431+00:00,2026-09-29T15:33:50.155431-04:00,2026-09-29T15:33:50.155431-04:00,propline_free_sample
2026-09-27,2026-09-27 19:10:00+00:00,Kyle Freeland,8.5,over,3000,hardrock,238664,Chicago White Sox,Colorado Rockies,2026-09-27T11:57:33.302500+00:00,2026-09-29T19:33:50.155431+00:00,2026-09-29T15:33:50.155431-04:00,2026-09-29T15:33:50.155431-04:00,propline_free_sample
2026-09-27,2026-09-27 19:10:00+00:00,Kyle Freeland,8.5,under,-50000,hardrock,238664,Chicago White Sox,Colorado Rockies,2026-09-27T15:54:01.070675+00:00,2026-09-29T19:33:50.155431+00:00,2026-09-29T15:33:50.155431-04:00,2026-09-29T15:33:50.155431-04:00,propline_free_sample
2026-09-27,2026-09-27 19:10:00+00:00,Kyle Freeland,9.5,over,4000,hardrock,238664,Chicago White Sox,Colorado Rockies,2026-09-27T06:57:58.868656+00:00,2026-09-29T19:33:50.155431+00:00,2026-09-29T15:33:50.155431-04:00,2026-09-29T15:33:50.155431-04:00,propline_free_sample
2026-09-27,2026-09-27 19:10:00+00:00,Kyle Freeland,9.5,under,-50000,hardrock,238664,Chicago White Sox,Colorado Rockies,2026-09-27T06:57:58.868656+00:00,2026-09-29T19:33:50.155431+00:00,2026-09-29T15:33:50.155431-04:00,2026-09-29T15:33:50.155431-04:00,propline_free_sample
2026-09-27,2026-09-27 19:10:00+00:00,Andre Pallante,2.5,over,-105,fanatics,238668,Milwaukee Brewers,St. Louis Cardinals,2026-09-27T18:41:51.141412+00:00,2026-09-29T19:33:50.155431+00:00,2026-09-29T15:33:50.155431-04:00,2026-09-29T15:33:50.155431-04:00,propline_free_sample
2026-09-27,2026-09-27 19:10:00+00:00,Andre Pallante,2.5,under,-125,fanatics,238668,Milwaukee Brewers,St. Louis Cardinals,2026-09-27T18:41:51.141412+00:00,2026-09-29T19:33:50.155431+00:00,2026-09-29T15:33:50.155431-04:00,2026-09-29T15:33:50.155431-04:00,propline_free_sample
2026-09-27,2026-09-27 19:10:00+00:00,Andre Pallante,3.5,over,115,courtside,238668,Milwaukee Brewers,St. Louis Cardinals,2026-09-27T18:44:01.601718+00:00,2026-09-29T19:33:50.155431+00:00,2026-09-29T15:33:50.155431-04:00,2026-09-29T15:33:50.155431-04:00,propline_free_sample
2026-09-27,2026-09-27 19:10:00+00:00,Andre Pallante,3.5,under,-155,courtside,238668,Milwaukee Brewers,St. Louis Cardinals,2026-09-27T18:38:41.321440+00:00,2026-09-29T19:33:50.155431+00:00,2026-09-29T15:33:50.155431-04:00,2026-09-29T15:33:50.155431-04:00,propline_free_sample
2026-09-27,2026-09-27 19:10:00+00:00,Andre Pallante,3.5,over,113,draftkings,238668,Milwaukee Brewers,St. Louis Cardinals,2026-09-27T18:38:11.639044+00:00,2026-09-29T19:33:50.155431+00:00,2026-09-29T15:33:50.155431-04:00,2026-09-29T15:33:50.155431-04:00,propline_free_sample
2026-09-27,2026-09-27 19:10:00+00:00,Andre Pallante,3.5,under,-144,draftkings,238668,Milwaukee Brewers,St. Louis Cardinals,2026-09-27T18:38:11.639044+00:00,2026-09-29T19:33:50.155431+00:00,2026-09-29T15:33:50.155431-04:00,2026-09-29T15:33:50.155431-04:00,propline_free_sample
2026-09-27,2026-09-27 19:10:00+00:00,Daniel Lynch,2.5,over,-228,underdog,238666,Kansas City Royals,Cleveland Guardians,2026-09-27T16:42:50.591376+00:00,2026-09-29T19:33:50.155431+00:00,2026-09-29T15:33:50.155431-04:00,2026-09-29T15:33:50.155431-04:00,propline_free_sample
2026-09-27,2026-09-27 19:10:00+00:00,Daniel Lynch,2.5,under,149,underdog,238666,Kansas City Royals,Cleveland Guardians,2026-09-27T16:42:50.591376+00:00,2026-09-29T19:33:50.155431+00:00,2026-09-29T15:33:50.155431-04:00,2026-09-29T15:33:50.155431-04:00,propline_free_sample
2026-09-27,2026-09-27 19:10:00+00:00,Andre Pallante,3.5,over,-167,sleeper,238668,Milwaukee Brewers,St. Louis Cardinals,2026-09-27T16:48:07.204374+00:00,2026-09-29T19:33:50.155431+00:00,2026-09-29T15:33:50.155431-04:00,2026-09-29T15:33:50.155431-04:00,propline_free_sample
2026-09-27,2026-09-27 19:10:00+00:00,Andre Pallante,3.5,under,100,sleeper,238668,Milwaukee Brewers,St. Louis Cardinals,2026-09-27T16:48:07.204374+00:00,2026-09-29T19:33:50.155431+00:00,2026-09-29T15:33:50.155431-04:00,2026-09-29T15:33:50.155431-04:00,propline_free_sample
2026-09-27,2026-09-27 19:10:00+00:00,Anthony Kay,4.5,over,100,prizepicks,238664,Chicago White Sox,Colorado Rockies,2026-09-27T02:00:35.842495+00:00,2026-09-29T19:33:50.155431+00:00,2026-09-29T15:33:50.155431-04:00,2026-09-29T15:33:50.155431-04:00,propline_free_sample
2026-09-27,2026-09-27 19:10:00+00:00,Anthony Kay,5.5,over,100,prizepicks,238664,Chicago White Sox,Colorado Rockies,2026-09-27T02:00:35.842495+00:00,2026-09-29T19:33:50.155431+00:00,2026-09-29T15:33:50.155431-04:00,2026-09-29T15:33:50.155431-04:00,propline_free_sample
2026-09-27,2026-09-27 19:10:00+00:00,Kyle Freeland,5.5,over,100,prizepicks,238664,Chicago White Sox,Colorado Rockies,2026-09-27T02:00:35.842495+00:00,2026-09-29T19:33:50.155431+00:00,2026-09-29T15:33:50.155431-04:00,2026-09-29T15:33:50.155431-04:00,propline_free_sample
2026-09-27,2026-09-27 19:10:00+00:00,Anthony Kay,7.5,over,100,prizepicks,238664,Chicago White Sox,Colorado Rockies,2026-09-27T02:00:35.842495+00:00,2026-09-29T19:33:50.155431+00:00,2026-09-29T15:33:50.155431-04:00,2026-09-29T15:33:50.155431-04:00,propline_free_sample
2026-09-27,2026-09-27 19:10:00+00:00,Kyle Freeland,7.5,over,100,prizepicks,238664,Chicago White Sox,Colorado Rockies,2026-09-27T02:00:35.842495+00:00,2026-09-29T19:33:50.155431+00:00,2026-09-29T15:33:50.155431-04:00,2026-09-29T15:33:50.155431-04:00,propline_free_sample
2026-09-27,2026-09-27 19:10:00+00:00,Anthony Kay,2.5,over,100,prizepicks,238664,Chicago White Sox,Colorado Rockies,2026-09-27T02:00:35.842495+00:00,2026-09-29T19:33:50.155431+00:00,2026-09-29T15:33:50.155431-04:00,2026-09-29T15:33:50.155431-04:00,propline_free_sample
2026-09-27,2026-09-27 19:10:00+00:00,Kyle Freeland,2.5,over,100,prizepicks,238664,Chicago White Sox,Colorado Rockies,2026-09-27T02:00:35.842495+00:00,2026-09-29T19:33:50.155431+00:00,2026-09-29T15:33:50.155431-04:00,2026-09-29T15:33:50.155431-04:00,propline_free_sample
2026-09-27,2026-09-27 19:10:00+00:00,Andre Pallante,0.5,over,-6000,hardrock,238668,Milwaukee Brewers,St. Louis Cardinals,2026-09-27T18:21:29.450919+00:00,2026-09-29T19:33:50.155431+00:00,2026-09-29T15:33:50.155431-04:00,2026-09-29T15:33:50.155431-04:00,propline_free_sample
2026-09-27,2026-09-27 19:10:00+00:00,Andre Pallante,0.5,under,1300,hardrock,238668,Milwaukee Brewers,St. Louis Cardinals,2026-09-27T18:21:29.450919+00:00,2026-09-29T19:33:50.155431+00:00,2026-09-29T15:33:50.155431-04:00,2026-09-29T15:33:50.155431-04:00,propline_free_sample
2026-09-27,2026-09-27 19:10:00+00:00,Andre Pallante,1.5,over,-700,hardrock,238668,Milwaukee Brewers,St. Louis Cardinals,2026-09-27T18:46:13.441744+00:00,2026-09-29T19:33:50.155431+00:00,2026-09-29T15:33:50.155431-04:00,2026-09-29T15:33:50.155431-04:00,propline_free_sample
2026-09-27,2026-09-27 19:10:00+00:00,Andre Pallante,1.5,under,400,hardrock,238668,Milwaukee Brewers,St. Louis Cardinals,2026-09-27T18:21:29.450919+00:00,2026-09-29T19:33:50.155431+00:00,2026-09-29T15:33:50.155431-04:00,2026-09-29T15:33:50.155431-04:00,propline_free_sample
2026-09-27,2026-09-27 19:10:00+00:00,Andre Pallante,2.5,over,-210,hardrock,238668,Milwaukee Brewers,St. Louis Cardinals,2026-09-27T18:46:13.441744+00:00,2026-09-29T19:33:50.155431+00:00,2026-09-29T15:33:50.155431-04:00,2026-09-29T15:33:50.155431-04:00,propline_free_sample
2026-09-27,2026-09-27 19:10:00+00:00,Andre Pallante,2.5,under,150,hardrock,238668,Milwaukee Brewers,St. Louis Cardinals,2026-09-27T18:46:13.441744+00:00,2026-09-29T19:33:50.155431+00:00,2026-09-29T15:33:50.155431-04:00,2026-09-29T15:33:50.155431-04:00,propline_free_sample
2026-09-27,2026-09-27 19:10:00+00:00,Andre Pallante,3.5,over,120,hardrock,238668,Milwaukee Brewers,St. Louis Cardinals,2026-09-27T18:46:13.441744+00:00,2026-09-29T19:33:50.155431+00:00,2026-09-29T15:33:50.155431-04:00,2026-09-29T15:33:50.155431-04:00,propline_free_sample
2026-09-27,2026-09-27 19:10:00+00:00,Andre Pallante,3.5,under,-155,hardrock,238668,Milwaukee Brewers,St. Louis Cardinals,2026-09-27T18:46:13.441744+00:00,2026-09-29T19:33:50.155431+00:00,2026-09-29T15:33:50.155431-04:00,2026-09-29T15:33:50.155431-04:00,propline_free_sample
2026-09-27,2026-09-27 19:10:00+00:00,Andre Pallante,4.5,over,250,hardrock,238668,Milwaukee Brewers,St. Louis Cardinals,2026-09-27T18:46:13.441744+00:00,2026-09-29T19:33:50.155431+00:00,2026-09-29T15:33:50.155431-04:00,2026-09-29T15:33:50.155431-04:00,propline_free_sample
2026-09-27,2026-09-27 19:10:00+00:00,Andre Pallante,4.5,under,-375,hardrock,238668,Milwaukee Brewers,St. Louis Cardinals,2026-09-27T18:21:29.450919+00:00,2026-09-29T19:33:50.155431+00:00,2026-09-29T15:33:50.155431-04:00,2026-09-29T15:33:50.155431-04:00,propline_free_sample
2026-09-27,2026-09-27 19:10:00+00:00,Andre Pallante,5.5,over,500,hardrock,238668,Milwaukee Brewers,St. Louis Cardinals,2026-09-27T18:46:13.441744+00:00,2026-09-29T19:33:50.155431+00:00,2026-09-29T15:33:50.155431-04:00,2026-09-29T15:33:50.155431-04:00,propline_free_sample
2026-09-27,2026-09-27 19:10:00+00:00,Andre Pallante,5.5,under,-1000,hardrock,238668,Milwaukee Brewers,St. Louis Cardinals,2026-09-27T18:21:29.450919+00:00,2026-09-29T19:33:50.155431+00:00,2026-09-29T15:33:50.155431-04:00,2026-09-29T15:33:50.155431-04:00,propline_free_sample
2026-09-27,2026-09-27 19:10:00+00:00,Andre Pallante,6.5,over,1000,hardrock,238668,Milwaukee Brewers,St. Louis Cardinals,2026-09-27T18:21:29.450919+00:00,2026-09-29T19:33:50.155431+00:00,2026-09-29T15:33:50.155431-04:00,2026-09-29T15:33:50.155431-04:00,propline_free_sample
2026-09-27,2026-09-27 19:10:00+00:00,Andre Pallante,6.5,under,-4000,hardrock,238668,Milwaukee Brewers,St. Louis Cardinals,2026-09-27T18:21:29.450919+00:00,2026-09-29T19:33:50.155431+00:00,2026-09-29T15:33:50.155431-04:00,2026-09-29T15:33:50.155431-04:00,propline_free_sample
2026-09-27,2026-09-27 19:10:00+00:00,Andre Pallante,7.5,over,2500,hardrock,238668,Milwaukee Brewers,St. Louis Cardinals,2026-09-27T18:21:29.450919+00:00,2026-09-29T19:33:50.155431+00:00,2026-09-29T15:33:50.155431-04:00,2026-09-29T15:33:50.155431-04:00,propline_free_sample
2026-09-27,2026-09-27 19:10:00+00:00,Andre Pallante,7.5,under,-10000,hardrock,238668,Milwaukee Brewers,St. Louis Cardinals,2026-09-27T18:21:29.450919+00:00,2026-09-29T19:33:50.155431+00:00,2026-09-29T15:33:50.155431-04:00,2026-09-29T15:33:50.155431-04:00,propline_free_sample
2026-09-27,2026-09-27 19:10:00+00:00,Andre Pallante,3.5,over,-150,onexbet,238668,Milwaukee Brewers,St. Louis Cardinals,2026-09-27T17:28:30.084200+00:00,2026-09-29T19:33:50.155431+00:00,2026-09-29T15:33:50.155431-04:00,2026-09-29T15:33:50.155431-04:00,propline_free_sample
2026-09-27,2026-09-27 19:10:00+00:00,Andre Pallante,3.5,under,110,onexbet,238668,Milwaukee Brewers,St. Louis Cardinals,2026-09-27T17:28:30.084200+00:00,2026-09-29T19:33:50.155431+00:00,2026-09-29T15:33:50.155431-04:00,2026-09-29T15:33:50.155431-04:00,propline_free_sample
2026-09-27,2026-09-27 19:10:00+00:00,Anthony Kay,0.5,over,-10000,hardrock,238664,Chicago White Sox,Colorado Rockies,2026-09-27T19:06:21.615014+00:00,2026-09-29T19:33:50.155431+00:00,2026-09-29T15:33:50.155431-04:00,2026-09-29T15:33:50.155431-04:00,propline_free_sample
2026-09-27,2026-09-27 19:10:00+00:00,Anthony Kay,0.5,under,2000,hardrock,238664,Chicago White Sox,Colorado Rockies,2026-09-27T16:20:01.516015+00:00,2026-09-29T19:33:50.155431+00:00,2026-09-29T15:33:50.155431-04:00,2026-09-29T15:33:50.155431-04:00,propline_free_sample
2026-09-27,2026-09-27 19:10:00+00:00,Anthony Kay,1.5,over,-950,hardrock,238664,Chicago White Sox,Colorado Rockies,2026-09-27T19:09:41.859364+00:00,2026-09-29T19:33:50.155431+00:00,2026-09-29T15:33:50.155431-04:00,2026-09-29T15:33:50.155431-04:00,propline_free_sample
2026-09-27,2026-09-27 19:10:00+00:00,Anthony Kay,1.5,under,475,hardrock,238664,Chicago White Sox,Colorado Rockies,2026-09-27T19:06:21.615014+00:00,2026-09-29T19:33:50.155431+00:00,2026-09-29T15:33:50.155431-04:00,2026-09-29T15:33:50.155431-04:00,propline_free_sample
2026-09-27,2026-09-27 19:10:00+00:00,Anthony Kay,2.5,over,-4000,hardrock,238664,Chicago White Sox,Colorado Rockies,2026-09-27T19:09:41.859364+00:00,2026-09-29T19:33:50.155431+00:00,2026-09-29T15:33:50.155431-04:00,2026-09-29T15:33:50.155431-04:00,propline_free_sample
2026-09-27,2026-09-27 19:10:00+00:00,Anthony Kay,2.5,under,850,hardrock,238664,Chicago White Sox,Colorado Rockies,2026-09-27T19:09:41.859364+00:00,2026-09-29T19:33:50.155431+00:00,2026-09-29T15:33:50.155431-04:00,2026-09-29T15:33:50.155431-04:00,propline_free_sample
2026-09-27,2026-09-27 19:10:00+00:00,Anthony Kay,3.5,over,-1800,hardrock,238664,Chicago White Sox,Colorado Rockies,2026-09-27T19:09:41.859364+00:00,2026-09-29T19:33:50.155431+00:00,2026-09-29T15:33:50.155431-04:00,2026-09-29T15:33:50.155431-04:00,propline_free_sample
2026-09-27,2026-09-27 19:10:00+00:00,Anthony Kay,3.5,under,575,hardrock,238664,Chicago White Sox,Colorado Rockies,2026-09-27T19:09:41.859364+00:00,2026-09-29T19:33:50.155431+00:00,2026-09-29T15:33:50.155431-04:00,2026-09-29T15:33:50.155431-04:00,propline_free_sample
2026-09-27,2026-09-27 19:10:00+00:00,Anthony Kay,4.5,over,-240,hardrock,238664,Chicago White Sox,Colorado Rockies,2026-09-27T19:09:41.859364+00:00,2026-09-29T19:33:50.155431+00:00,2026-09-29T15:33:50.155431-04:00,2026-09-29T15:33:50.155431-04:00,propline_free_sample
2026-09-27,2026-09-27 19:10:00+00:00,Anthony Kay,4.5,under,160,hardrock,238664,Chicago White Sox,Colorado Rockies,2026-09-27T19:09:41.859364+00:00,2026-09-29T19:33:50.155431+00:00,2026-09-29T15:33:50.155431-04:00,2026-09-29T15:33:50.155431-04:00,propline_free_sample
2026-09-27,2026-09-27 19:10:00+00:00,Anthony Kay,5.5,over,145,hardrock,238664,Chicago White Sox,Colorado Rockies,2026-09-27T19:09:41.859364+00:00,2026-09-29T19:33:50.155431+00:00,2026-09-29T15:33:50.155431-04:00,2026-09-29T15:33:50.155431-04:00,propline_free_sample
2026-09-27,2026-09-27 19:10:00+00:00,Anthony Kay,5.5,under,-195,hardrock,238664,Chicago White Sox,Colorado Rockies,2026-09-27T19:06:21.615014+00:00,2026-09-29T19:33:50.155431+00:00,2026-09-29T15:33:50.155431-04:00,2026-09-29T15:33:50.155431-04:00,propline_free_sample
2026-09-27,2026-09-27 19:10:00+00:00,Anthony Kay,6.5,over,375,hardrock,238664,Chicago White Sox,Colorado Rockies,2026-09-27T19:06:21.615014+00:00,2026-09-29T19:33:50.155431+00:00,2026-09-29T15:33:50.155431-04:00,2026-09-29T15:33:50.155431-04:00,propline_free_sample
2026-09-27,2026-09-27 19:10:00+00:00,Anthony Kay,6.5,under,-850,hardrock,238664,Chicago White Sox,Colorado Rockies,2026-09-27T19:06:21.615014+00:00,2026-09-29T19:33:50.155431+00:00,2026-09-29T15:33:50.155431-04:00,2026-09-29T15:33:50.155431-04:00,propline_free_sample
2026-09-27,2026-09-27 19:10:00+00:00,Anthony Kay,7.5,over,1200,hardrock,238664,Chicago White Sox,Colorado Rockies,2026-09-27T14:02:44.025920+00:00,2026-09-29T19:33:50.155431+00:00,2026-09-29T15:33:50.155431-04:00,2026-09-29T15:33:50.155431-04:00,propline_free_sample
2026-09-27,2026-09-27 19:10:00+00:00,Anthony Kay,7.5,under,-6000,hardrock,238664,Chicago White Sox,Colorado Rockies,2026-09-27T17:05:14.258337+00:00,2026-09-29T19:33:50.155431+00:00,2026-09-29T15:33:50.155431-04:00,2026-09-29T15:33:50.155431-04:00,propline_free_sample
2026-09-27,2026-09-27 19:10:00+00:00,Anthony Kay,8.5,over,4000,hardrock,238664,Chicago White Sox,Colorado Rockies,2026-09-27T12:04:29.642619+00:00,2026-09-29T19:33:50.155431+00:00,2026-09-29T15:33:50.155431-04:00,2026-09-29T15:33:50.155431-04:00,propline_free_sample
2026-09-27,2026-09-27 19:10:00+00:00,Anthony Kay,8.5,under,-50000,hardrock,238664,Chicago White Sox,Colorado Rockies,2026-09-27T12:04:29.642619+00:00,2026-09-29T19:33:50.155431+00:00,2026-09-29T15:33:50.155431-04:00,2026-09-29T15:33:50.155431-04:00,propline_free_sample
2026-09-27,2026-09-27 19:10:00+00:00,Kyle Freeland,6.5,under,100,prizepicks,238664,Chicago White Sox,Colorado Rockies,2026-09-27T02:07:41.982915+00:00,2026-09-29T19:33:50.155431+00:00,2026-09-29T15:33:50.155431-04:00,2026-09-29T15:33:50.155431-04:00,propline_free_sample
2026-09-27,2026-09-27 19:10:00+00:00,Kyle Freeland,3.5,under,100,prizepicks,238664,Chicago White Sox,Colorado Rockies,2026-09-27T02:07:41.982915+00:00,2026-09-29T19:33:50.155431+00:00,2026-09-29T15:33:50.155431-04:00,2026-09-29T15:33:50.155431-04:00,propline_free_sample
2026-09-27,2026-09-27 19:10:00+00:00,Kyle Freeland,5.5,under,100,prizepicks,238664,Chicago White Sox,Colorado Rockies,2026-09-27T02:07:41.982915+00:00,2026-09-29T19:33:50.155431+00:00,2026-09-29T15:33:50.155431-04:00,2026-09-29T15:33:50.155431-04:00,propline_free_sample
2026-09-27,2026-09-27 19:10:00+00:00,Kyle Freeland,2.5,under,100,prizepicks,238664,Chicago White Sox,Colorado Rockies,2026-09-27T02:07:41.982915+00:00,2026-09-29T19:33:50.155431+00:00,2026-09-29T15:33:50.155431-04:00,2026-09-29T15:33:50.155431-04:00,propline_free_sample
2026-09-27,2026-09-27 19:10:00+00:00,Andre Pallante,4.5,over,100,prizepicks,238668,Milwaukee Brewers,St. Louis Cardinals,2026-09-27T02:07:42.226032+00:00,2026-09-29T19:33:50.155431+00:00,2026-09-29T15:33:50.155431-04:00,2026-09-29T15:33:50.155431-04:00,propline_free_sample
2026-09-27,2026-09-27 19:10:00+00:00,Andre Pallante,5.5,over,100,prizepicks,238668,Milwaukee Brewers,St. Louis Cardinals,2026-09-27T02:07:42.226032+00:00,2026-09-29T19:33:50.155431+00:00,2026-09-29T15:33:50.155431-04:00,2026-09-29T15:33:50.155431-04:00,propline_free_sample
2026-09-27,2026-09-27 19:10:00+00:00,Andre Pallante,7.5,over,100,prizepicks,238668,Milwaukee Brewers,St. Louis Cardinals,2026-09-27T02:07:42.226032+00:00,2026-09-29T19:33:50.155431+00:00,2026-09-29T15:33:50.155431-04:00,2026-09-29T15:33:50.155431-04:00,propline_free_sample
2026-09-27,2026-09-27 19:10:00+00:00,Andre Pallante,2.5,over,100,prizepicks,238668,Milwaukee Brewers,St. Louis Cardinals,2026-09-27T02:07:42.226032+00:00,2026-09-29T19:33:50.155431+00:00,2026-09-29T15:33:50.155431-04:00,2026-09-29T15:33:50.155431-04:00,propline_free_sample
2026-09-27,2026-09-27 19:10:00+00:00,Daniel Lynch IV,2.5,over,100,prizepicks,238666,Kansas City Royals,Cleveland Guardians,2026-09-27T02:07:42.430251+00:00,2026-09-29T19:33:50.155431+00:00,2026-09-29T15:33:50.155431-04:00,2026-09-29T15:33:50.155431-04:00,propline_free_sample
2026-09-27,2026-09-27 19:10:00+00:00,Daniel Lynch IV,2.5,under,100,prizepicks,238666,Kansas City Royals,Cleveland Guardians,2026-09-27T02:07:42.430251+00:00,2026-09-29T19:33:50.155431+00:00,2026-09-29T15:33:50.155431-04:00,2026-09-29T15:33:50.155431-04:00,propline_free_sample
2026-09-27,2026-09-27 19:10:00+00:00,Andre Pallante,4.5,under,100,prizepicks,238668,Milwaukee Brewers,St. Louis Cardinals,2026-09-27T02:10:22.923393+00:00,2026-09-29T19:33:50.155431+00:00,2026-09-29T15:33:50.155431-04:00,2026-09-29T15:33:50.155431-04:00,propline_free_sample
2026-09-27,2026-09-27 19:10:00+00:00,Andre Pallante,5.5,under,100,prizepicks,238668,Milwaukee Brewers,St. Louis Cardinals,2026-09-27T02:10:22.923393+00:00,2026-09-29T19:33:50.155431+00:00,2026-09-29T15:33:50.155431-04:00,2026-09-29T15:33:50.155431-04:00,propline_free_sample
2026-09-27,2026-09-27 19:10:00+00:00,Andre Pallante,2.5,under,100,prizepicks,238668,Milwaukee Brewers,St. Louis Cardinals,2026-09-27T02:10:22.923393+00:00,2026-09-29T19:33:50.155431+00:00,2026-09-29T15:33:50.155431-04:00,2026-09-29T15:33:50.155431-04:00,propline_free_sample
2026-09-27,2026-09-27 19:10:00+00:00,Anthony Kay,3.5,over,-130,onexbet,238664,Chicago White Sox,Colorado Rockies,2026-09-27T18:21:07.030847+00:00,2026-09-29T19:33:50.155431+00:00,2026-09-29T15:33:50.155431-04:00,2026-09-29T15:33:50.155431-04:00,propline_free_sample
2026-09-27,2026-09-27 19:10:00+00:00,Kyle Freeland,3.5,over,-150,onexbet,238664,Chicago White Sox,Colorado Rockies,2026-09-27T18:21:07.030847+00:00,2026-09-29T19:33:50.155431+00:00,2026-09-29T15:33:50.155431-04:00,2026-09-29T15:33:50.155431-04:00,propline_free_sample
2026-09-27,2026-09-27 19:10:00+00:00,Anthony Kay,3.5,under,-105,onexbet,238664,Chicago White Sox,Colorado Rockies,2026-09-27T18:21:07.030847+00:00,2026-09-29T19:33:50.155431+00:00,2026-09-29T15:33:50.155431-04:00,2026-09-29T15:33:50.155431-04:00,propline_free_sample
2026-09-27,2026-09-27 19:10:00+00:00,Kyle Freeland,3.5,under,110,onexbet,238664,Chicago White Sox,Colorado Rockies,2026-09-27T18:21:07.030847+00:00,2026-09-29T19:33:50.155431+00:00,2026-09-29T15:33:50.155431-04:00,2026-09-29T15:33:50.155431-04:00,propline_free_sample
2026-09-27,2026-09-27 19:10:00+00:00,Anthony Kay,4.5,under,100,prizepicks,238664,Chicago White Sox,Colorado Rockies,2026-09-27T02:16:14.850379+00:00,2026-09-29T19:33:50.155431+00:00,2026-09-29T15:33:50.155431-04:00,2026-09-29T15:33:50.155431-04:00,propline_free_sample
2026-09-27,2026-09-27 19:10:00+00:00,Anthony Kay,5.5,under,100,prizepicks,238664,Chicago White Sox,Colorado Rockies,2026-09-27T02:16:14.850379+00:00,2026-09-29T19:33:50.155431+00:00,2026-09-29T15:33:50.155431-04:00,2026-09-29T15:33:50.155431-04:00,propline_free_sample
2026-09-27,2026-09-27 19:10:00+00:00,Anthony Kay,2.5,under,100,prizepicks,238664,Chicago White Sox,Colorado Rockies,2026-09-27T02:16:14.850379+00:00,2026-09-29T19:33:50.155431+00:00,2026-09-29T15:33:50.155431-04:00,2026-09-29T15:33:50.155431-04:00,propline_free_sample
2026-09-27,2026-09-27 19:10:00+00:00,Anthony Kay,1.5,over,-3233,kalshi,238664,Chicago White Sox,Colorado Rockies,2026-09-27T17:59:26.845561+00:00,2026-09-29T19:33:50.155431+00:00,2026-09-29T15:33:50.155431-04:00,2026-09-29T15:33:50.155431-04:00,propline_free_sample
2026-09-27,2026-09-27 19:10:00+00:00,Kyle Freeland,1.5,over,-2400,kalshi,238664,Chicago White Sox,Colorado Rockies,2026-09-27T16:00:47.362487+00:00,2026-09-29T19:33:50.155431+00:00,2026-09-29T15:33:50.155431-04:00,2026-09-29T15:33:50.155431-04:00,propline_free_sample
2026-09-27,2026-09-27 19:10:00+00:00,Anthony Kay,2.5,over,-1011,kalshi,238664,Chicago White Sox,Colorado Rockies,2026-09-27T19:03:50.158001+00:00,2026-09-29T19:33:50.155431+00:00,2026-09-29T15:33:50.155431-04:00,2026-09-29T15:33:50.155431-04:00,propline_free_sample
2026-09-27,2026-09-27 19:10:00+00:00,Kyle Freeland,2.5,over,9900,kalshi,238664,Chicago White Sox,Colorado Rockies,2026-09-27T14:47:00.157619+00:00,2026-09-29T19:33:50.155431+00:00,2026-09-29T15:33:50.155431-04:00,2026-09-29T15:33:50.155431-04:00,propline_free_sample
2026-09-27,2026-09-27 19:10:00+00:00,Anthony Kay,3.5,over,-1567,kalshi,238664,Chicago White Sox,Colorado Rockies,2026-09-27T19:06:04.961132+00:00,2026-09-29T19:33:50.155431+00:00,2026-09-29T15:33:50.155431-04:00,2026-09-29T15:33:50.155431-04:00,propline_free_sample
2026-09-27,2026-09-27 19:10:00+00:00,Kyle Freeland,3.5,over,9900,kalshi,238664,Chicago White Sox,Colorado Rockies,2026-09-27T14:47:00.157619+00:00,2026-09-29T19:33:50.155431+00:00,2026-09-29T15:33:50.155431-04:00,2026-09-29T15:33:50.155431-04:00,propline_free_sample
2026-09-27,2026-09-27 19:10:00+00:00,Anthony Kay,4.5,over,9900,kalshi,238664,Chicago White Sox,Colorado Rockies,2026-09-27T15:48:04.204210+00:00,2026-09-29T19:33:50.155431+00:00,2026-09-29T15:33:50.155431-04:00,2026-09-29T15:33:50.155431-04:00,propline_free_sample
2026-09-27,2026-09-27 19:10:00+00:00,Kyle Freeland,4.5,over,9900,kalshi,238664,Chicago White Sox,Colorado Rockies,2026-09-27T14:47:00.157619+00:00,2026-09-29T19:33:50.155431+00:00,2026-09-29T15:33:50.155431-04:00,2026-09-29T15:33:50.155431-04:00,propline_free_sample
2026-09-27,2026-09-27 19:10:00+00:00,Anthony Kay,5.5,over,9900,kalshi,238664,Chicago White Sox,Colorado Rockies,2026-09-27T16:44:35.301493+00:00,2026-09-29T19:33:50.155431+00:00,2026-09-29T15:33:50.155431-04:00,2026-09-29T15:33:50.155431-04:00,propline_free_sample
2026-09-27,2026-09-27 19:10:00+00:00,Kyle Freeland,5.5,over,9900,kalshi,238664,Chicago White Sox,Colorado Rockies,2026-09-27T18:50:59.578090+00:00,2026-09-29T19:33:50.155431+00:00,2026-09-29T15:33:50.155431-04:00,2026-09-29T15:33:50.155431-04:00,propline_free_sample
2026-09-27,2026-09-27 19:10:00+00:00,Anthony Kay,6.5,over,9900,kalshi,238664,Chicago White Sox,Colorado Rockies,2026-09-27T18:29:34.037476+00:00,2026-09-29T19:33:50.155431+00:00,2026-09-29T15:33:50.155431-04:00,2026-09-29T15:33:50.155431-04:00,propline_free_sample
2026-09-27,2026-09-27 19:10:00+00:00,Kyle Freeland,6.5,over,9900,kalshi,238664,Chicago White Sox,Colorado Rockies,2026-09-27T15:37:41.259063+00:00,2026-09-29T19:33:50.155431+00:00,2026-09-29T15:33:50.155431-04:00,2026-09-29T15:33:50.155431-04:00,propline_free_sample
2026-09-27,2026-09-27 19:10:00+00:00,Anthony Kay,7.5,over,9900,kalshi,238664,Chicago White Sox,Colorado Rockies,2026-09-27T14:32:30.352425+00:00,2026-09-29T19:33:50.155431+00:00,2026-09-29T15:33:50.155431-04:00,2026-09-29T15:33:50.155431-04:00,propline_free_sample
2026-09-27,2026-09-27 19:10:00+00:00,Kyle Freeland,7.5,over,9900,kalshi,238664,Chicago White Sox,Colorado Rockies,2026-09-27T18:31:32.081691+00:00,2026-09-29T19:33:50.155431+00:00,2026-09-29T15:33:50.155431-04:00,2026-09-29T15:33:50.155431-04:00,propline_free_sample
2026-09-27,2026-09-27 19:10:00+00:00,Anthony Kay,1.5,under,9900,kalshi,238664,Chicago White Sox,Colorado Rockies,2026-09-27T19:08:25.183375+00:00,2026-09-29T19:33:50.155431+00:00,2026-09-29T15:33:50.155431-04:00,2026-09-29T15:33:50.155431-04:00,propline_free_sample
2026-09-27,2026-09-27 19:10:00+00:00,Kyle Freeland,1.5,under,9900,kalshi,238664,Chicago White Sox,Colorado Rockies,2026-09-27T19:06:04.961132+00:00,2026-09-29T19:33:50.155431+00:00,2026-09-29T15:33:50.155431-04:00,2026-09-29T15:33:50.155431-04:00,propline_free_sample
2026-09-27,2026-09-27 19:10:00+00:00,Anthony Kay,2.5,under,9900,kalshi,238664,Chicago White Sox,Colorado Rockies,2026-09-27T19:06:04.961132+00:00,2026-09-29T19:33:50.155431+00:00,2026-09-29T15:33:50.155431-04:00,2026-09-29T15:33:50.155431-04:00,propline_free_sample
2026-09-27,2026-09-27 19:10:00+00:00,Kyle Freeland,2.5,under,-1900,kalshi,238664,Chicago White Sox,Colorado Rockies,2026-09-27T19:06:04.961132+00:00,2026-09-29T19:33:50.155431+00:00,2026-09-29T15:33:50.155431-04:00,2026-09-29T15:33:50.155431-04:00,propline_free_sample
2026-09-27,2026-09-27 19:10:00+00:00,Anthony Kay,3.5,under,9900,kalshi,238664,Chicago White Sox,Colorado Rockies,2026-09-27T19:05:06.364466+00:00,2026-09-29T19:33:50.155431+00:00,2026-09-29T15:33:50.155431-04:00,2026-09-29T15:33:50.155431-04:00,propline_free_sample
2026-09-27,2026-09-27 19:10:00+00:00,Kyle Freeland,3.5,under,-3233,kalshi,238664,Chicago White Sox,Colorado Rockies,2026-09-27T19:06:04.961132+00:00,2026-09-29T19:33:50.155431+00:00,2026-09-29T15:33:50.155431-04:00,2026-09-29T15:33:50.155431-04:00,propline_free_sample
2026-09-27,2026-09-27 19:10:00+00:00,Anthony Kay,4.5,under,-1900,kalshi,238664,Chicago White Sox,Colorado Rockies,2026-09-27T15:54:05.331432+00:00,2026-09-29T19:33:50.155431+00:00,2026-09-29T15:33:50.155431-04:00,2026-09-29T15:33:50.155431-04:00,propline_free_sample
2026-09-27,2026-09-27 19:10:00+00:00,Kyle Freeland,4.5,under,-1900,kalshi,238664,Chicago White Sox,Colorado Rockies,2026-09-27T17:17:16.350956+00:00,2026-09-29T19:33:50.155431+00:00,2026-09-29T15:33:50.155431-04:00,2026-09-29T15:33:50.155431-04:00,propline_free_sample
2026-09-27,2026-09-27 19:10:00+00:00,Anthony Kay,5.5,under,-1900,kalshi,238664,Chicago White Sox,Colorado Rockies,2026-09-27T16:46:18.066456+00:00,2026-09-29T19:33:50.155431+00:00,2026-09-29T15:33:50.155431-04:00,2026-09-29T15:33:50.155431-04:00,propline_free_sample
2026-09-27,2026-09-27 19:10:00+00:00,Kyle Freeland,5.5,under,-1900,kalshi,238664,Chicago White Sox,Colorado Rockies,2026-09-27T19:05:06.364466+00:00,2026-09-29T19:33:50.155431+00:00,2026-09-29T15:33:50.155431-04:00,2026-09-29T15:33:50.155431-04:00,propline_free_sample
2026-09-27,2026-09-27 19:10:00+00:00,Andre Pallante,1.5,over,-2400,kalshi,238668,Milwaukee Brewers,St. Louis Cardinals,2026-09-27T18:19:56.872276+00:00,2026-09-29T19:33:50.155431+00:00,2026-09-29T15:33:50.155431-04:00,2026-09-29T15:33:50.155431-04:00,propline_free_sample
2026-09-27,2026-09-27 19:10:00+00:00,Andre Pallante,1.5,under,9900,kalshi,238668,Milwaukee Brewers,St. Louis Cardinals,2026-09-27T18:37:17.806261+00:00,2026-09-29T19:33:50.155431+00:00,2026-09-29T15:33:50.155431-04:00,2026-09-29T15:33:50.155431-04:00,propline_free_sample
2026-09-27,2026-09-27 19:10:00+00:00,Andre Pallante,2.5,over,-3233,kalshi,238668,Milwaukee Brewers,St. Louis Cardinals,2026-09-27T18:28:52.109048+00:00,2026-09-29T19:33:50.155431+00:00,2026-09-29T15:33:50.155431-04:00,2026-09-29T15:33:50.155431-04:00,propline_free_sample
2026-09-27,2026-09-27 19:10:00+00:00,Andre Pallante,2.5,under,9900,kalshi,238668,Milwaukee Brewers,St. Louis Cardinals,2026-09-27T18:23:50.948223+00:00,2026-09-29T19:33:50.155431+00:00,2026-09-29T15:33:50.155431-04:00,2026-09-29T15:33:50.155431-04:00,propline_free_sample
2026-09-27,2026-09-27 19:10:00+00:00,Andre Pallante,3.5,over,-3233,kalshi,238668,Milwaukee Brewers,St. Louis Cardinals,2026-09-27T18:31:11.383263+00:00,2026-09-29T19:33:50.155431+00:00,2026-09-29T15:33:50.155431-04:00,2026-09-29T15:33:50.155431-04:00,propline_free_sample
2026-09-27,2026-09-27 19:10:00+00:00,Andre Pallante,3.5,under,9900,kalshi,238668,Milwaukee Brewers,St. Louis Cardinals,2026-09-27T18:31:11.383263+00:00,2026-09-29T19:33:50.155431+00:00,2026-09-29T15:33:50.155431-04:00,2026-09-29T15:33:50.155431-04:00,propline_free_sample
2026-09-27,2026-09-27 19:10:00+00:00,Andre Pallante,4.5,over,9900,kalshi,238668,Milwaukee Brewers,St. Louis Cardinals,2026-09-27T18:29:25.727373+00:00,2026-09-29T19:33:50.155431+00:00,2026-09-29T15:33:50.155431-04:00,2026-09-29T15:33:50.155431-04:00,propline_free_sample
2026-09-27,2026-09-27 19:10:00+00:00,Andre Pallante,4.5,under,-1900,kalshi,238668,Milwaukee Brewers,St. Louis Cardinals,2026-09-27T19:01:39.018461+00:00,2026-09-29T19:33:50.155431+00:00,2026-09-29T15:33:50.155431-04:00,2026-09-29T15:33:50.155431-04:00,propline_free_sample
2026-09-27,2026-09-27 19:10:00+00:00,Andre Pallante,5.5,over,9900,kalshi,238668,Milwaukee Brewers,St. Louis Cardinals,2026-09-27T19:09:37.726950+00:00,2026-09-29T19:33:50.155431+00:00,2026-09-29T15:33:50.155431-04:00,2026-09-29T15:33:50.155431-04:00,propline_free_sample
2026-09-27,2026-09-27 19:10:00+00:00,Andre Pallante,5.5,under,-1900,kalshi,238668,Milwaukee Brewers,St. Louis Cardinals,2026-09-27T18:37:17.806261+00:00,2026-09-29T19:33:50.155431+00:00,2026-09-29T15:33:50.155431-04:00,2026-09-29T15:33:50.155431-04:00,propline_free_sample
2026-09-27,2026-09-27 19:10:00+00:00,Andre Pallante,6.5,over,9900,kalshi,238668,Milwaukee Brewers,St. Louis Cardinals,2026-09-27T19:09:37.726950+00:00,2026-09-29T19:33:50.155431+00:00,2026-09-29T15:33:50.155431-04:00,2026-09-29T15:33:50.155431-04:00,propline_free_sample
2026-09-27,2026-09-27 19:10:00+00:00,Andre Pallante,7.5,over,9900,kalshi,238668,Milwaukee Brewers,St. Louis Cardinals,2026-09-27T19:09:37.726950+00:00,2026-09-29T19:33:50.155431+00:00,2026-09-29T15:33:50.155431-04:00,2026-09-29T15:33:50.155431-04:00,propline_free_sample
2026-09-27,2026-09-27 19:10:00+00:00,Anthony Kay,7.5,over,9900,polymarket_us,238664,Chicago White Sox,Colorado Rockies,2026-09-27T19:09:22.228174+00:00,2026-09-29T19:33:50.155431+00:00,2026-09-29T15:33:50.155431-04:00,2026-09-29T15:33:50.155431-04:00,propline_free_sample
2026-09-27,2026-09-27 19:10:00+00:00,Andre Pallante,7.5,over,9900,polymarket_us,238668,Milwaukee Brewers,St. Louis Cardinals,2026-09-27T18:21:25.217447+00:00,2026-09-29T19:33:50.155431+00:00,2026-09-29T15:33:50.155431-04:00,2026-09-29T15:33:50.155431-04:00,propline_free_sample
2026-09-27,2026-09-27 19:10:00+00:00,Kyle Freeland,4.5,under,-156,polymarket_us,238664,Chicago White Sox,Colorado Rockies,2026-09-27T17:18:00.630837+00:00,2026-09-29T19:33:50.155431+00:00,2026-09-29T15:33:50.155431-04:00,2026-09-29T15:33:50.155431-04:00,propline_free_sample
2026-09-27,2026-09-27 19:10:00+00:00,Janson Junk,3.5,over,111,dabble,238667,Miami Marlins,Atlanta Braves,2026-09-27T16:53:08.814217+00:00,2026-09-29T19:33:50.155431+00:00,2026-09-29T15:33:50.155431-04:00,2026-09-29T15:33:50.155431-04:00,propline_free_sample
2026-09-27,2026-09-27 19:10:00+00:00,JR Ritchie,4.5,over,120,dabble,238667,Miami Marlins,Atlanta Braves,2026-09-27T16:54:48.874829+00:00,2026-09-29T19:33:50.155431+00:00,2026-09-29T15:33:50.155431-04:00,2026-09-29T15:33:50.155431-04:00,propline_free_sample
2026-09-27,2026-09-27 19:10:00+00:00,Janson Junk,3.5,under,-110,dabble,238667,Miami Marlins,Atlanta Braves,2026-09-27T16:53:08.814217+00:00,2026-09-29T19:33:50.155431+00:00,2026-09-29T15:33:50.155431-04:00,2026-09-29T15:33:50.155431-04:00,propline_free_sample
2026-09-27,2026-09-27 19:10:00+00:00,JR Ritchie,4.5,under,-119,dabble,238667,Miami Marlins,Atlanta Braves,2026-09-27T16:53:08.814217+00:00,2026-09-29T19:33:50.155431+00:00,2026-09-29T15:33:50.155431-04:00,2026-09-29T15:33:50.155431-04:00,propline_free_sample
2026-09-27,2026-09-27 19:10:00+00:00,Kyle Freeland,4.5,over,9900,polymarket_us,238664,Chicago White Sox,Colorado Rockies,2026-09-27T18:48:41.721195+00:00,2026-09-29T19:33:50.155431+00:00,2026-09-29T15:33:50.155431-04:00,2026-09-29T15:33:50.155431-04:00,propline_free_sample
2026-09-27,2026-09-27 19:10:00+00:00,Janson Junk,5.5,over,118,underdog,238667,Miami Marlins,Atlanta Braves,2026-09-27T17:01:48.347403+00:00,2026-09-29T19:33:50.155431+00:00,2026-09-29T15:33:50.155431-04:00,2026-09-29T15:33:50.155431-04:00,propline_free_sample
2026-09-27,2026-09-27 19:10:00+00:00,JR Ritchie,3.5,over,168,underdog,238667,Miami Marlins,Atlanta Braves,2026-09-27T16:54:40.286143+00:00,2026-09-29T19:33:50.155431+00:00,2026-09-29T15:33:50.155431-04:00,2026-09-29T15:33:50.155431-04:00,propline_free_sample
2026-09-27,2026-09-27 19:10:00+00:00,Janson Junk,5.5,under,-176,underdog,238667,Miami Marlins,Atlanta Braves,2026-09-27T17:01:48.347403+00:00,2026-09-29T19:33:50.155431+00:00,2026-09-29T15:33:50.155431-04:00,2026-09-29T15:33:50.155431-04:00,propline_free_sample
2026-09-27,2026-09-27 19:10:00+00:00,JR Ritchie,3.5,under,-257,underdog,238667,Miami Marlins,Atlanta Braves,2026-09-27T16:54:40.286143+00:00,2026-09-29T19:33:50.155431+00:00,2026-09-29T15:33:50.155431-04:00,2026-09-29T15:33:50.155431-04:00,propline_free_sample
2026-09-27,2026-09-27 19:10:00+00:00,JR Ritchie,4.5,over,100,smarkets,238667,Miami Marlins,Atlanta Braves,2026-09-27T16:56:58.163947+00:00,2026-09-29T19:33:50.155431+00:00,2026-09-29T15:33:50.155431-04:00,2026-09-29T15:33:50.155431-04:00,propline_free_sample
2026-09-27,2026-09-27 19:10:00+00:00,JR Ritchie,4.5,under,-141,smarkets,238667,Miami Marlins,Atlanta Braves,2026-09-27T16:56:58.163947+00:00,2026-09-29T19:33:50.155431+00:00,2026-09-29T15:33:50.155431-04:00,2026-09-29T15:33:50.155431-04:00,propline_free_sample
2026-09-27,2026-09-27 19:10:00+00:00,Janson Junk,3.5,over,-108,smarkets,238667,Miami Marlins,Atlanta Braves,2026-09-27T16:56:58.163947+00:00,2026-09-29T19:33:50.155431+00:00,2026-09-29T15:33:50.155431-04:00,2026-09-29T15:33:50.155431-04:00,propline_free_sample
2026-09-27,2026-09-27 19:10:00+00:00,Janson Junk,3.5,under,-130,smarkets,238667,Miami Marlins,Atlanta Braves,2026-09-27T16:56:58.163947+00:00,2026-09-29T19:33:50.155431+00:00,2026-09-29T15:33:50.155431-04:00,2026-09-29T15:33:50.155431-04:00,propline_free_sample
2026-09-27,2026-09-27 19:10:00+00:00,Anthony Kay,3.5,over,-245,polymarket_us,238664,Chicago White Sox,Colorado Rockies,2026-09-27T19:06:17.377973+00:00,2026-09-29T19:33:50.155431+00:00,2026-09-29T15:33:50.155431-04:00,2026-09-29T15:33:50.155431-04:00,propline_free_sample
2026-09-27,2026-09-27 19:10:00+00:00,Anthony Kay,3.5,under,9900,polymarket_us,238664,Chicago White Sox,Colorado Rockies,2026-09-27T19:09:22.228174+00:00,2026-09-29T19:33:50.155431+00:00,2026-09-29T15:33:50.155431-04:00,2026-09-29T15:33:50.155431-04:00,propline_free_sample
2026-09-27,2026-09-27 19:10:00+00:00,Anthony Kay,4.5,over,9900,polymarket_us,238664,Chicago White Sox,Colorado Rockies,2026-09-27T19:09:22.228174+00:00,2026-09-29T19:33:50.155431+00:00,2026-09-29T15:33:50.155431-04:00,2026-09-29T15:33:50.155431-04:00,propline_free_sample
2026-09-27,2026-09-27 19:10:00+00:00,Anthony Kay,5.5,over,9900,polymarket_us,238664,Chicago White Sox,Colorado Rockies,2026-09-27T19:09:22.228174+00:00,2026-09-29T19:33:50.155431+00:00,2026-09-29T15:33:50.155431-04:00,2026-09-29T15:33:50.155431-04:00,propline_free_sample
2026-09-27,2026-09-27 19:10:00+00:00,Kyle Freeland,5.5,over,9900,polymarket_us,238664,Chicago White Sox,Colorado Rockies,2026-09-27T19:06:17.377973+00:00,2026-09-29T19:33:50.155431+00:00,2026-09-29T15:33:50.155431-04:00,2026-09-29T15:33:50.155431-04:00,propline_free_sample
2026-09-27,2026-09-27 19:10:00+00:00,Anthony Kay,6.5,over,9900,polymarket_us,238664,Chicago White Sox,Colorado Rockies,2026-09-27T19:09:22.228174+00:00,2026-09-29T19:33:50.155431+00:00,2026-09-29T15:33:50.155431-04:00,2026-09-29T15:33:50.155431-04:00,propline_free_sample
2026-09-27,2026-09-27 19:10:00+00:00,Kyle Freeland,6.5,over,9900,polymarket_us,238664,Chicago White Sox,Colorado Rockies,2026-09-27T18:51:00.333532+00:00,2026-09-29T19:33:50.155431+00:00,2026-09-29T15:33:50.155431-04:00,2026-09-29T15:33:50.155431-04:00,propline_free_sample
2026-09-27,2026-09-27 19:10:00+00:00,Andre Pallante,3.5,over,127,polymarket_us,238668,Milwaukee Brewers,St. Louis Cardinals,2026-09-27T18:58:41.280048+00:00,2026-09-29T19:33:50.155431+00:00,2026-09-29T15:33:50.155431-04:00,2026-09-29T15:33:50.155431-04:00,propline_free_sample
2026-09-27,2026-09-27 19:10:00+00:00,Andre Pallante,4.5,over,9900,polymarket_us,238668,Milwaukee Brewers,St. Louis Cardinals,2026-09-27T19:06:18.115929+00:00,2026-09-29T19:33:50.155431+00:00,2026-09-29T15:33:50.155431-04:00,2026-09-29T15:33:50.155431-04:00,propline_free_sample
2026-09-27,2026-09-27 19:10:00+00:00,Andre Pallante,5.5,over,9900,polymarket_us,238668,Milwaukee Brewers,St. Louis Cardinals,2026-09-27T19:09:24.579718+00:00,2026-09-29T19:33:50.155431+00:00,2026-09-29T15:33:50.155431-04:00,2026-09-29T15:33:50.155431-04:00,propline_free_sample
2026-09-27,2026-09-27 19:10:00+00:00,Janson Junk,3.5,over,100,prizepicks,238667,Miami Marlins,Atlanta Braves,2026-09-27T02:50:30.201936+00:00,2026-09-29T19:33:50.155431+00:00,2026-09-29T15:33:50.155431-04:00,2026-09-29T15:33:50.155431-04:00,propline_free_sample
2026-09-27,2026-09-27 19:10:00+00:00,Janson Junk,3.5,under,100,prizepicks,238667,Miami Marlins,Atlanta Braves,2026-09-27T02:50:30.201936+00:00,2026-09-29T19:33:50.155431+00:00,2026-09-29T15:33:50.155431-04:00,2026-09-29T15:33:50.155431-04:00,propline_free_sample
2026-09-27,2026-09-27 19:10:00+00:00,JR Ritchie,4.5,over,100,prizepicks,238667,Miami Marlins,Atlanta Braves,2026-09-27T02:50:30.201936+00:00,2026-09-29T19:33:50.155431+00:00,2026-09-29T15:33:50.155431-04:00,2026-09-29T15:33:50.155431-04:00,propline_free_sample
2026-09-27,2026-09-27 19:10:00+00:00,JR Ritchie,4.5,under,100,prizepicks,238667,Miami Marlins,Atlanta Braves,2026-09-27T02:50:30.201936+00:00,2026-09-29T19:33:50.155431+00:00,2026-09-29T15:33:50.155431-04:00,2026-09-29T15:33:50.155431-04:00,propline_free_sample
2026-09-27,2026-09-27 19:10:00+00:00,JR Ritchie,6.5,over,100,prizepicks,238667,Miami Marlins,Atlanta Braves,2026-09-27T02:50:30.201936+00:00,2026-09-29T19:33:50.155431+00:00,2026-09-29T15:33:50.155431-04:00,2026-09-29T15:33:50.155431-04:00,propline_free_sample
2026-09-27,2026-09-27 19:10:00+00:00,JR Ritchie,3.5,over,100,prizepicks,238667,Miami Marlins,Atlanta Braves,2026-09-27T02:50:30.201936+00:00,2026-09-29T19:33:50.155431+00:00,2026-09-29T15:33:50.155431-04:00,2026-09-29T15:33:50.155431-04:00,propline_free_sample
2026-09-27,2026-09-27 19:10:00+00:00,Kyle Freeland,7.5,over,9900,polymarket_us,238664,Chicago White Sox,Colorado Rockies,2026-09-27T19:09:22.228174+00:00,2026-09-29T19:33:50.155431+00:00,2026-09-29T15:33:50.155431-04:00,2026-09-29T15:33:50.155431-04:00,propline_free_sample
2026-09-27,2026-09-27 19:10:00+00:00,Andre Pallante,6.5,over,9900,polymarket_us,238668,Milwaukee Brewers,St. Louis Cardinals,2026-09-27T19:06:18.115929+00:00,2026-09-29T19:33:50.155431+00:00,2026-09-29T15:33:50.155431-04:00,2026-09-29T15:33:50.155431-04:00,propline_free_sample
2026-09-27,2026-09-27 19:10:00+00:00,Andre Pallante,6.5,under,-3233,kalshi,238668,Milwaukee Brewers,St. Louis Cardinals,2026-09-27T19:06:16.714309+00:00,2026-09-29T19:33:50.155431+00:00,2026-09-29T15:33:50.155431-04:00,2026-09-29T15:33:50.155431-04:00,propline_free_sample
2026-09-27,2026-09-27 19:10:00+00:00,Andre Pallante,2.5,over,156,polymarket_us,238668,Milwaukee Brewers,St. Louis Cardinals,2026-09-27T19:01:07.638723+00:00,2026-09-29T19:33:50.155431+00:00,2026-09-29T15:33:50.155431-04:00,2026-09-29T15:33:50.155431-04:00,propline_free_sample
2026-09-27,2026-09-27 19:10:00+00:00,Anthony Kay,6.5,under,-3233,kalshi,238664,Chicago White Sox,Colorado Rockies,2026-09-27T19:06:04.961132+00:00,2026-09-29T19:33:50.155431+00:00,2026-09-29T15:33:50.155431-04:00,2026-09-29T15:33:50.155431-04:00,propline_free_sample
2026-09-27,2026-09-27 19:10:00+00:00,Daniel Lynch IV,2.5,over,-135,smarkets,238666,Kansas City Royals,Cleveland Guardians,2026-09-27T15:46:45.391247+00:00,2026-09-29T19:33:50.155431+00:00,2026-09-29T15:33:50.155431-04:00,2026-09-29T15:33:50.155431-04:00,propline_free_sample
2026-09-27,2026-09-27 19:10:00+00:00,Daniel Lynch IV,2.5,under,-103,smarkets,238666,Kansas City Royals,Cleveland Guardians,2026-09-27T15:46:45.391247+00:00,2026-09-29T19:33:50.155431+00:00,2026-09-29T15:33:50.155431-04:00,2026-09-29T15:33:50.155431-04:00,propline_free_sample
2026-09-27,2026-09-27 19:10:00+00:00,Kyle Freeland,6.5,under,-1900,kalshi,238664,Chicago White Sox,Colorado Rockies,2026-09-27T19:06:04.961132+00:00,2026-09-29T19:33:50.155431+00:00,2026-09-29T15:33:50.155431-04:00,2026-09-29T15:33:50.155431-04:00,propline_free_sample
2026-09-27,2026-09-27 19:10:00+00:00,Parker Messick,2.5,over,-213,underdog,238666,Kansas City Royals,Cleveland Guardians,2026-09-27T15:42:56.682118+00:00,2026-09-29T19:33:50.155431+00:00,2026-09-29T15:33:50.155431-04:00,2026-09-29T15:33:50.155431-04:00,propline_free_sample
2026-09-27,2026-09-27 19:10:00+00:00,Parker Messick,2.5,under,141,underdog,238666,Kansas City Royals,Cleveland Guardians,2026-09-27T15:42:56.682118+00:00,2026-09-29T19:33:50.155431+00:00,2026-09-29T15:33:50.155431-04:00,2026-09-29T15:33:50.155431-04:00,propline_free_sample
2026-09-27,2026-09-27 19:10:00+00:00,Daniel Lynch IV,3.5,over,100,prizepicks,238666,Kansas City Royals,Cleveland Guardians,2026-09-27T03:29:07.098612+00:00,2026-09-29T19:33:50.155431+00:00,2026-09-29T15:33:50.155431-04:00,2026-09-29T15:33:50.155431-04:00,propline_free_sample
2026-09-27,2026-09-27 19:10:00+00:00,Parker Messick,3.5,over,-120,dabble,238666,Kansas City Royals,Cleveland Guardians,2026-09-27T08:27:28.878948+00:00,2026-09-29T19:33:50.155431+00:00,2026-09-29T15:33:50.155431-04:00,2026-09-29T15:33:50.155431-04:00,propline_free_sample
2026-09-27,2026-09-27 19:10:00+00:00,Parker Messick,3.5,under,120,dabble,238666,Kansas City Royals,Cleveland Guardians,2026-09-27T08:27:28.878948+00:00,2026-09-29T19:33:50.155431+00:00,2026-09-29T15:33:50.155431-04:00,2026-09-29T15:33:50.155431-04:00,propline_free_sample
2026-09-27,2026-09-27 19:10:00+00:00,Parker Messick,4.5,over,112,smarkets,238666,Kansas City Royals,Cleveland Guardians,2026-09-27T03:29:33.036160+00:00,2026-09-29T19:33:50.155431+00:00,2026-09-29T15:33:50.155431-04:00,2026-09-29T15:33:50.155431-04:00,propline_free_sample
2026-09-27,2026-09-27 19:10:00+00:00,Parker Messick,4.5,under,-159,smarkets,238666,Kansas City Royals,Cleveland Guardians,2026-09-27T03:29:33.036160+00:00,2026-09-29T19:33:50.155431+00:00,2026-09-29T15:33:50.155431-04:00,2026-09-29T15:33:50.155431-04:00,propline_free_sample
2026-09-27,2026-09-27 19:10:00+00:00,Andre Pallante,3.5,over,-159,rebet,238668,Milwaukee Brewers,St. Louis Cardinals,2026-09-27T03:41:21.344614+00:00,2026-09-29T19:33:50.155431+00:00,2026-09-29T15:33:50.155431-04:00,2026-09-29T15:33:50.155431-04:00,propline_free_sample
2026-09-27,2026-09-27 19:10:00+00:00,Andre Pallante,3.5,under,114,rebet,238668,Milwaukee Brewers,St. Louis Cardinals,2026-09-27T03:41:21.344614+00:00,2026-09-29T19:33:50.155431+00:00,2026-09-29T15:33:50.155431-04:00,2026-09-29T15:33:50.155431-04:00,propline_free_sample
2026-09-27,2026-09-27 19:10:00+00:00,Andre Pallante,8.5,over,100,prizepicks,238668,Milwaukee Brewers,St. Louis Cardinals,2026-09-27T03:34:12.362050+00:00,2026-09-29T19:33:50.155431+00:00,2026-09-29T15:33:50.155431-04:00,2026-09-29T15:33:50.155431-04:00,propline_free_sample
2026-09-27,2026-09-27 19:10:00+00:00,Parker Messick,4.5,over,100,prizepicks,238666,Kansas City Royals,Cleveland Guardians,2026-09-27T03:34:12.620133+00:00,2026-09-29T19:33:50.155431+00:00,2026-09-29T15:33:50.155431-04:00,2026-09-29T15:33:50.155431-04:00,propline_free_sample
2026-09-27,2026-09-27 19:10:00+00:00,Parker Messick,4.5,under,100,prizepicks,238666,Kansas City Royals,Cleveland Guardians,2026-09-27T03:34:12.620133+00:00,2026-09-29T19:33:50.155431+00:00,2026-09-29T15:33:50.155431-04:00,2026-09-29T15:33:50.155431-04:00,propline_free_sample
2026-09-27,2026-09-27 19:10:00+00:00,Parker Messick,6.5,over,100,prizepicks,238666,Kansas City Royals,Cleveland Guardians,2026-09-27T03:34:12.620133+00:00,2026-09-29T19:33:50.155431+00:00,2026-09-29T15:33:50.155431-04:00,2026-09-29T15:33:50.155431-04:00,propline_free_sample
2026-09-27,2026-09-27 19:10:00+00:00,Parker Messick,3.5,over,100,prizepicks,238666,Kansas City Royals,Cleveland Guardians,2026-09-27T03:34:12.620133+00:00,2026-09-29T19:33:50.155431+00:00,2026-09-29T15:33:50.155431-04:00,2026-09-29T15:33:50.155431-04:00,propline_free_sample
2026-09-27,2026-09-27 19:10:00+00:00,JR Ritchie,3.5,over,-205,fanatics,238667,Miami Marlins,Atlanta Braves,2026-09-27T18:59:53.452107+00:00,2026-09-29T19:33:50.155431+00:00,2026-09-29T15:33:50.155431-04:00,2026-09-29T15:33:50.155431-04:00,propline_free_sample
2026-09-27,2026-09-27 19:10:00+00:00,JR Ritchie,3.5,under,150,fanatics,238667,Miami Marlins,Atlanta Braves,2026-09-27T18:59:53.452107+00:00,2026-09-29T19:33:50.155431+00:00,2026-09-29T15:33:50.155431-04:00,2026-09-29T15:33:50.155431-04:00,propline_free_sample
2026-09-27,2026-09-27 19:10:00+00:00,Janson Junk,5.5,over,105,fanatics,238667,Miami Marlins,Atlanta Braves,2026-09-27T19:08:46.345250+00:00,2026-09-29T19:33:50.155431+00:00,2026-09-29T15:33:50.155431-04:00,2026-09-29T15:33:50.155431-04:00,propline_free_sample
2026-09-27,2026-09-27 19:10:00+00:00,Janson Junk,5.5,under,-140,fanatics,238667,Miami Marlins,Atlanta Braves,2026-09-27T19:08:46.345250+00:00,2026-09-29T19:33:50.155431+00:00,2026-09-29T15:33:50.155431-04:00,2026-09-29T15:33:50.155431-04:00,propline_free_sample
2026-09-27,2026-09-27 19:10:00+00:00,JR Ritchie,4.5,over,112,draftkings,238667,Miami Marlins,Atlanta Braves,2026-09-27T19:00:57.690016+00:00,2026-09-29T19:33:50.155431+00:00,2026-09-29T15:33:50.155431-04:00,2026-09-29T15:33:50.155431-04:00,propline_free_sample
2026-09-27,2026-09-27 19:10:00+00:00,JR Ritchie,4.5,under,-143,draftkings,238667,Miami Marlins,Atlanta Braves,2026-09-27T19:00:57.690016+00:00,2026-09-29T19:33:50.155431+00:00,2026-09-29T15:33:50.155431-04:00,2026-09-29T15:33:50.155431-04:00,propline_free_sample
2026-09-27,2026-09-27 19:10:00+00:00,Janson Junk,3.5,over,-115,draftkings,238667,Miami Marlins,Atlanta Braves,2026-09-27T17:00:54.651138+00:00,2026-09-29T19:33:50.155431+00:00,2026-09-29T15:33:50.155431-04:00,2026-09-29T15:33:50.155431-04:00,propline_free_sample
2026-09-27,2026-09-27 19:10:00+00:00,Janson Junk,3.5,under,-111,draftkings,238667,Miami Marlins,Atlanta Braves,2026-09-27T17:00:54.651138+00:00,2026-09-29T19:33:50.155431+00:00,2026-09-29T15:33:50.155431-04:00,2026-09-29T15:33:50.155431-04:00,propline_free_sample
2026-09-27,2026-09-27 19:10:00+00:00,Kyle Freeland,7.5,under,-4900,kalshi,238664,Chicago White Sox,Colorado Rockies,2026-09-27T19:06:04.961132+00:00,2026-09-29T19:33:50.155431+00:00,2026-09-29T15:33:50.155431-04:00,2026-09-29T15:33:50.155431-04:00,propline_free_sample
2026-09-27,2026-09-27 19:10:00+00:00,Janson Junk,3.5,over,-116,sleeper,238667,Miami Marlins,Atlanta Braves,2026-09-27T17:09:46.407397+00:00,2026-09-29T19:33:50.155431+00:00,2026-09-29T15:33:50.155431-04:00,2026-09-29T15:33:50.155431-04:00,propline_free_sample
2026-09-27,2026-09-27 19:10:00+00:00,JR Ritchie,4.5,over,-103,sleeper,238667,Miami Marlins,Atlanta Braves,2026-09-27T17:04:17.080524+00:00,2026-09-29T19:33:50.155431+00:00,2026-09-29T15:33:50.155431-04:00,2026-09-29T15:33:50.155431-04:00,propline_free_sample
2026-09-27,2026-09-27 19:10:00+00:00,Janson Junk,3.5,under,-141,sleeper,238667,Miami Marlins,Atlanta Braves,2026-09-27T17:09:46.407397+00:00,2026-09-29T19:33:50.155431+00:00,2026-09-29T15:33:50.155431-04:00,2026-09-29T15:33:50.155431-04:00,propline_free_sample
2026-09-27,2026-09-27 19:10:00+00:00,JR Ritchie,4.5,under,-159,sleeper,238667,Miami Marlins,Atlanta Braves,2026-09-27T18:49:55.249321+00:00,2026-09-29T19:33:50.155431+00:00,2026-09-29T15:33:50.155431-04:00,2026-09-29T15:33:50.155431-04:00,propline_free_sample
2026-09-27,2026-09-27 19:10:00+00:00,Parker Messick,3.5,over,-159,smarkets,238666,Kansas City Royals,Cleveland Guardians,2026-09-27T16:50:34.866171+00:00,2026-09-29T19:33:50.155431+00:00,2026-09-29T15:33:50.155431-04:00,2026-09-29T15:33:50.155431-04:00,propline_free_sample
2026-09-27,2026-09-27 19:10:00+00:00,Parker Messick,3.5,under,-149,smarkets,238666,Kansas City Royals,Cleveland Guardians,2026-09-27T16:50:34.866171+00:00,2026-09-29T19:33:50.155431+00:00,2026-09-29T15:33:50.155431-04:00,2026-09-29T15:33:50.155431-04:00,propline_free_sample
2026-09-27,2026-09-27 19:10:00+00:00,JR Ritchie,4.5,over,-110,courtside,238667,Miami Marlins,Atlanta Braves,2026-09-27T19:04:07.577044+00:00,2026-09-29T19:33:50.155431+00:00,2026-09-29T15:33:50.155431-04:00,2026-09-29T15:33:50.155431-04:00,propline_free_sample
2026-09-27,2026-09-27 19:10:00+00:00,JR Ritchie,4.5,under,-120,courtside,238667,Miami Marlins,Atlanta Braves,2026-09-27T19:04:07.577044+00:00,2026-09-29T19:33:50.155431+00:00,2026-09-29T15:33:50.155431-04:00,2026-09-29T15:33:50.155431-04:00,propline_free_sample
2026-09-27,2026-09-27 19:10:00+00:00,Janson Junk,3.5,over,-115,courtside,238667,Miami Marlins,Atlanta Braves,2026-09-27T17:05:27.195914+00:00,2026-09-29T19:33:50.155431+00:00,2026-09-29T15:33:50.155431-04:00,2026-09-29T15:33:50.155431-04:00,propline_free_sample
2026-09-27,2026-09-27 19:10:00+00:00,Janson Junk,3.5,under,-111,courtside,238667,Miami Marlins,Atlanta Braves,2026-09-27T17:05:27.195914+00:00,2026-09-29T19:33:50.155431+00:00,2026-09-29T15:33:50.155431-04:00,2026-09-29T15:33:50.155431-04:00,propline_free_sample
2026-09-27,2026-09-27 19:10:00+00:00,Janson Junk,4.5,over,100,prizepicks,238667,Miami Marlins,Atlanta Braves,2026-09-27T03:48:04.043621+00:00,2026-09-29T19:33:50.155431+00:00,2026-09-29T15:33:50.155431-04:00,2026-09-29T15:33:50.155431-04:00,propline_free_sample
2026-09-27,2026-09-27 19:10:00+00:00,Janson Junk,6.5,over,100,prizepicks,238667,Miami Marlins,Atlanta Braves,2026-09-27T03:48:04.043621+00:00,2026-09-29T19:33:50.155431+00:00,2026-09-29T15:33:50.155431-04:00,2026-09-29T15:33:50.155431-04:00,propline_free_sample
2026-09-27,2026-09-27 19:10:00+00:00,Janson Junk,5.5,over,100,prizepicks,238667,Miami Marlins,Atlanta Braves,2026-09-27T03:48:04.043621+00:00,2026-09-29T19:33:50.155431+00:00,2026-09-29T15:33:50.155431-04:00,2026-09-29T15:33:50.155431-04:00,propline_free_sample
2026-09-27,2026-09-27 19:10:00+00:00,JR Ritchie,5.5,over,100,prizepicks,238667,Miami Marlins,Atlanta Braves,2026-09-27T03:48:04.043621+00:00,2026-09-29T19:33:50.155431+00:00,2026-09-29T15:33:50.155431-04:00,2026-09-29T15:33:50.155431-04:00,propline_free_sample
2026-09-27,2026-09-27 19:10:00+00:00,JR Ritchie,7.5,over,100,prizepicks,238667,Miami Marlins,Atlanta Braves,2026-09-27T03:48:04.043621+00:00,2026-09-29T19:33:50.155431+00:00,2026-09-29T15:33:50.155431-04:00,2026-09-29T15:33:50.155431-04:00,propline_free_sample
2026-09-27,2026-09-27 19:10:00+00:00,Janson Junk,1.5,over,100,prizepicks,238667,Miami Marlins,Atlanta Braves,2026-09-27T03:48:04.043621+00:00,2026-09-29T19:33:50.155431+00:00,2026-09-29T15:33:50.155431-04:00,2026-09-29T15:33:50.155431-04:00,propline_free_sample
2026-09-27,2026-09-27 19:10:00+00:00,Janson Junk,2.5,over,100,prizepicks,238667,Miami Marlins,Atlanta Braves,2026-09-27T03:48:04.043621+00:00,2026-09-29T19:33:50.155431+00:00,2026-09-29T15:33:50.155431-04:00,2026-09-29T15:33:50.155431-04:00,propline_free_sample
2026-09-27,2026-09-27 19:10:00+00:00,JR Ritchie,2.5,over,100,prizepicks,238667,Miami Marlins,Atlanta Braves,2026-09-27T03:48:04.043621+00:00,2026-09-29T19:33:50.155431+00:00,2026-09-29T15:33:50.155431-04:00,2026-09-29T15:33:50.155431-04:00,propline_free_sample
2026-09-27,2026-09-27 19:10:00+00:00,Parker Messick,3.5,over,100,prizepicks,238666,Kansas City Royals,Cleveland Guardians,2026-09-27T15:15:50.646189+00:00,2026-09-29T19:33:50.155431+00:00,2026-09-29T15:33:50.155431-04:00,2026-09-29T15:33:50.155431-04:00,propline_free_sample
2026-09-27,2026-09-27 19:10:00+00:00,Parker Messick,3.5,under,100,prizepicks,238666,Kansas City Royals,Cleveland Guardians,2026-09-27T15:15:50.646189+00:00,2026-09-29T19:33:50.155431+00:00,2026-09-29T15:33:50.155431-04:00,2026-09-29T15:33:50.155431-04:00,propline_free_sample
2026-09-27,2026-09-27 19:10:00+00:00,Ian Ritchie Jr.,4.5,over,108,onexbet,238667,Miami Marlins,Atlanta Braves,2026-09-27T17:17:58.562388+00:00,2026-09-29T19:33:50.155431+00:00,2026-09-29T15:33:50.155431-04:00,2026-09-29T15:33:50.155431-04:00,propline_free_sample
2026-09-27,2026-09-27 19:10:00+00:00,Janson Junk,3.5,over,-116,onexbet,238667,Miami Marlins,Atlanta Braves,2026-09-27T17:17:58.562388+00:00,2026-09-29T19:33:50.155431+00:00,2026-09-29T15:33:50.155431-04:00,2026-09-29T15:33:50.155431-04:00,propline_free_sample
2026-09-27,2026-09-27 19:10:00+00:00,Ian Ritchie Jr.,4.5,under,-139,onexbet,238667,Miami Marlins,Atlanta Braves,2026-09-27T17:17:58.562388+00:00,2026-09-29T19:33:50.155431+00:00,2026-09-29T15:33:50.155431-04:00,2026-09-29T15:33:50.155431-04:00,propline_free_sample
2026-09-27,2026-09-27 19:10:00+00:00,Janson Junk,3.5,under,-111,onexbet,238667,Miami Marlins,Atlanta Braves,2026-09-27T17:17:58.562388+00:00,2026-09-29T19:33:50.155431+00:00,2026-09-29T15:33:50.155431-04:00,2026-09-29T15:33:50.155431-04:00,propline_free_sample
2026-09-27,2026-09-27 19:10:00+00:00,Janson Junk,1.5,over,-3233,kalshi,238667,Miami Marlins,Atlanta Braves,2026-09-27T17:59:29.658165+00:00,2026-09-29T19:33:50.155431+00:00,2026-09-29T15:33:50.155431-04:00,2026-09-29T15:33:50.155431-04:00,propline_free_sample
2026-09-27,2026-09-27 19:10:00+00:00,JR Ritchie,1.5,over,-3233,kalshi,238667,Miami Marlins,Atlanta Braves,2026-09-27T18:30:32.046078+00:00,2026-09-29T19:33:50.155431+00:00,2026-09-29T15:33:50.155431-04:00,2026-09-29T15:33:50.155431-04:00,propline_free_sample
2026-09-27,2026-09-27 19:10:00+00:00,Janson Junk,1.5,under,9900,kalshi,238667,Miami Marlins,Atlanta Braves,2026-09-27T17:00:27.373800+00:00,2026-09-29T19:33:50.155431+00:00,2026-09-29T15:33:50.155431-04:00,2026-09-29T15:33:50.155431-04:00,propline_free_sample
2026-09-27,2026-09-27 19:10:00+00:00,Janson Junk,2.5,over,-3233,kalshi,238667,Miami Marlins,Atlanta Braves,2026-09-27T19:06:17.897755+00:00,2026-09-29T19:33:50.155431+00:00,2026-09-29T15:33:50.155431-04:00,2026-09-29T15:33:50.155431-04:00,propline_free_sample
2026-09-27,2026-09-27 19:10:00+00:00,JR Ritchie,2.5,over,9900,kalshi,238667,Miami Marlins,Atlanta Braves,2026-09-27T17:10:08.718961+00:00,2026-09-29T19:33:50.155431+00:00,2026-09-29T15:33:50.155431-04:00,2026-09-29T15:33:50.155431-04:00,propline_free_sample
2026-09-27,2026-09-27 19:10:00+00:00,JR Ritchie,2.5,under,-1900,kalshi,238667,Miami Marlins,Atlanta Braves,2026-09-27T19:06:17.897755+00:00,2026-09-29T19:33:50.155431+00:00,2026-09-29T15:33:50.155431-04:00,2026-09-29T15:33:50.155431-04:00,propline_free_sample
2026-09-27,2026-09-27 19:10:00+00:00,Janson Junk,3.5,over,-3233,kalshi,238667,Miami Marlins,Atlanta Braves,2026-09-27T18:57:21.148713+00:00,2026-09-29T19:33:50.155431+00:00,2026-09-29T15:33:50.155431-04:00,2026-09-29T15:33:50.155431-04:00,propline_free_sample
2026-09-27,2026-09-27 19:10:00+00:00,JR Ritchie,3.5,over,9900,kalshi,238667,Miami Marlins,Atlanta Braves,2026-09-27T19:01:51.634304+00:00,2026-09-29T19:33:50.155431+00:00,2026-09-29T15:33:50.155431-04:00,2026-09-29T15:33:50.155431-04:00,propline_free_sample
2026-09-27,2026-09-27 19:10:00+00:00,Janson Junk,4.5,over,-3233,kalshi,238667,Miami Marlins,Atlanta Braves,2026-09-27T16:21:49.322212+00:00,2026-09-29T19:33:50.155431+00:00,2026-09-29T15:33:50.155431-04:00,2026-09-29T15:33:50.155431-04:00,propline_free_sample
2026-09-27,2026-09-27 19:10:00+00:00,JR Ritchie,4.5,over,9900,kalshi,238667,Miami Marlins,Atlanta Braves,2026-09-27T16:54:47.968941+00:00,2026-09-29T19:33:50.155431+00:00,2026-09-29T15:33:50.155431-04:00,2026-09-29T15:33:50.155431-04:00,propline_free_sample
2026-09-27,2026-09-27 19:10:00+00:00,JR Ritchie,4.5,under,-1900,kalshi,238667,Miami Marlins,Atlanta Braves,2026-09-27T18:45:22.023886+00:00,2026-09-29T19:33:50.155431+00:00,2026-09-29T15:33:50.155431-04:00,2026-09-29T15:33:50.155431-04:00,propline_free_sample
2026-09-27,2026-09-27 19:10:00+00:00,Janson Junk,5.5,over,9900,kalshi,238667,Miami Marlins,Atlanta Braves,2026-09-27T16:30:51.420979+00:00,2026-09-29T19:33:50.155431+00:00,2026-09-29T15:33:50.155431-04:00,2026-09-29T15:33:50.155431-04:00,propline_free_sample
2026-09-27,2026-09-27 19:10:00+00:00,JR Ritchie,5.5,over,9900,kalshi,238667,Miami Marlins,Atlanta Braves,2026-09-27T19:06:17.897755+00:00,2026-09-29T19:33:50.155431+00:00,2026-09-29T15:33:50.155431-04:00,2026-09-29T15:33:50.155431-04:00,propline_free_sample
2026-09-27,2026-09-27 19:10:00+00:00,Janson Junk,6.5,over,9900,kalshi,238667,Miami Marlins,Atlanta Braves,2026-09-27T19:06:17.897755+00:00,2026-09-29T19:33:50.155431+00:00,2026-09-29T15:33:50.155431-04:00,2026-09-29T15:33:50.155431-04:00,propline_free_sample
2026-09-27,2026-09-27 19:10:00+00:00,JR Ritchie,6.5,over,9900,kalshi,238667,Miami Marlins,Atlanta Braves,2026-09-27T16:53:15.401650+00:00,2026-09-29T19:33:50.155431+00:00,2026-09-29T15:33:50.155431-04:00,2026-09-29T15:33:50.155431-04:00,propline_free_sample
2026-09-27,2026-09-27 19:10:00+00:00,JR Ritchie,7.5,over,9900,kalshi,238667,Miami Marlins,Atlanta Braves,2026-09-27T16:53:02.180577+00:00,2026-09-29T19:33:50.155431+00:00,2026-09-29T15:33:50.155431-04:00,2026-09-29T15:33:50.155431-04:00,propline_free_sample
2026-09-27,2026-09-27 19:10:00+00:00,Andre Pallante,3.5,over,-99900,novig,238668,Milwaukee Brewers,St. Louis Cardinals,2026-09-27T18:48:05.677798+00:00,2026-09-29T19:33:50.155431+00:00,2026-09-29T15:33:50.155431-04:00,2026-09-29T15:33:50.155431-04:00,propline_free_sample
2026-09-27,2026-09-27 19:10:00+00:00,Andre Pallante,3.5,under,-99900,novig,238668,Milwaukee Brewers,St. Louis Cardinals,2026-09-27T18:40:05.147331+00:00,2026-09-29T19:33:50.155431+00:00,2026-09-29T15:33:50.155431-04:00,2026-09-29T15:33:50.155431-04:00,propline_free_sample
2026-09-27,2026-09-27 19:10:00+00:00,Anthony Kay,3.5,over,-99900,novig,238664,Chicago White Sox,Colorado Rockies,2026-09-27T18:55:38.982473+00:00,2026-09-29T19:33:50.155431+00:00,2026-09-29T15:33:50.155431-04:00,2026-09-29T15:33:50.155431-04:00,propline_free_sample
2026-09-27,2026-09-27 19:10:00+00:00,Anthony Kay,3.5,under,-99900,novig,238664,Chicago White Sox,Colorado Rockies,2026-09-27T18:58:07.905237+00:00,2026-09-29T19:33:50.155431+00:00,2026-09-29T15:33:50.155431-04:00,2026-09-29T15:33:50.155431-04:00,propline_free_sample
2026-09-27,2026-09-27 19:10:00+00:00,Kyle Freeland,4.5,over,120,novig,238664,Chicago White Sox,Colorado Rockies,2026-09-27T18:16:45.961520+00:00,2026-09-29T19:33:50.155431+00:00,2026-09-29T15:33:50.155431-04:00,2026-09-29T15:33:50.155431-04:00,propline_free_sample
2026-09-27,2026-09-27 19:10:00+00:00,Kyle Freeland,4.5,under,-156,novig,238664,Chicago White Sox,Colorado Rockies,2026-09-27T18:16:45.961520+00:00,2026-09-29T19:33:50.155431+00:00,2026-09-29T15:33:50.155431-04:00,2026-09-29T15:33:50.155431-04:00,propline_free_sample
2026-09-27,2026-09-27 19:10:00+00:00,Kyle Freeland,4.5,over,126,prophetx,238664,Chicago White Sox,Colorado Rockies,2026-09-27T13:56:56.978185+00:00,2026-09-29T19:33:50.155431+00:00,2026-09-29T15:33:50.155431-04:00,2026-09-29T15:33:50.155431-04:00,propline_free_sample
2026-09-27,2026-09-27 19:10:00+00:00,JR Ritchie,1.5,under,9900,kalshi,238667,Miami Marlins,Atlanta Braves,2026-09-27T19:05:28.326275+00:00,2026-09-29T19:33:50.155431+00:00,2026-09-29T15:33:50.155431-04:00,2026-09-29T15:33:50.155431-04:00,propline_free_sample
2026-09-27,2026-09-27 19:10:00+00:00,Janson Junk,2.5,under,9900,kalshi,238667,Miami Marlins,Atlanta Braves,2026-09-27T19:06:17.897755+00:00,2026-09-29T19:33:50.155431+00:00,2026-09-29T15:33:50.155431-04:00,2026-09-29T15:33:50.155431-04:00,propline_free_sample
2026-09-27,2026-09-27 19:10:00+00:00,Janson Junk,3.5,under,9900,kalshi,238667,Miami Marlins,Atlanta Braves,2026-09-27T19:06:17.897755+00:00,2026-09-29T19:33:50.155431+00:00,2026-09-29T15:33:50.155431-04:00,2026-09-29T15:33:50.155431-04:00,propline_free_sample
2026-09-27,2026-09-27 19:10:00+00:00,JR Ritchie,3.5,under,-1900,kalshi,238667,Miami Marlins,Atlanta Braves,2026-09-27T19:06:17.897755+00:00,2026-09-29T19:33:50.155431+00:00,2026-09-29T15:33:50.155431-04:00,2026-09-29T15:33:50.155431-04:00,propline_free_sample
2026-09-27,2026-09-27 19:10:00+00:00,Janson Junk,4.5,under,9900,kalshi,238667,Miami Marlins,Atlanta Braves,2026-09-27T16:22:49.779170+00:00,2026-09-29T19:33:50.155431+00:00,2026-09-29T15:33:50.155431-04:00,2026-09-29T15:33:50.155431-04:00,propline_free_sample
2026-09-27,2026-09-27 19:10:00+00:00,JR Ritchie,5.5,under,-1900,kalshi,238667,Miami Marlins,Atlanta Braves,2026-09-27T19:06:17.897755+00:00,2026-09-29T19:33:50.155431+00:00,2026-09-29T15:33:50.155431-04:00,2026-09-29T15:33:50.155431-04:00,propline_free_sample
2026-09-27,2026-09-27 19:10:00+00:00,Jared Jones,5.5,over,-137,dabble,238665,Detroit Tigers,Pittsburgh Pirates,2026-09-27T19:00:04.609165+00:00,2026-09-29T19:33:50.155431+00:00,2026-09-29T15:33:50.155431-04:00,2026-09-29T15:33:50.155431-04:00,propline_free_sample
2026-09-27,2026-09-27 19:10:00+00:00,River Ryan,2.5,over,-114,dabble,238665,Detroit Tigers,Pittsburgh Pirates,2026-09-27T18:02:14.657275+00:00,2026-09-29T19:33:50.155431+00:00,2026-09-29T15:33:50.155431-04:00,2026-09-29T15:33:50.155431-04:00,propline_free_sample
2026-09-27,2026-09-27 19:10:00+00:00,Jared Jones,5.5,under,139,dabble,238665,Detroit Tigers,Pittsburgh Pirates,2026-09-27T19:00:04.609165+00:00,2026-09-29T19:33:50.155431+00:00,2026-09-29T15:33:50.155431-04:00,2026-09-29T15:33:50.155431-04:00,propline_free_sample
2026-09-27,2026-09-27 19:10:00+00:00,River Ryan,2.5,under,115,dabble,238665,Detroit Tigers,Pittsburgh Pirates,2026-09-27T18:02:14.657275+00:00,2026-09-29T19:33:50.155431+00:00,2026-09-29T15:33:50.155431-04:00,2026-09-29T15:33:50.155431-04:00,propline_free_sample
2026-09-27,2026-09-27 19:10:00+00:00,Jacob Misiorowski,6.5,over,110,onexbet,238668,Milwaukee Brewers,St. Louis Cardinals,2026-09-27T17:28:30.084200+00:00,2026-09-29T19:33:50.155431+00:00,2026-09-29T15:33:50.155431-04:00,2026-09-29T15:33:50.155431-04:00,propline_free_sample
2026-09-27,2026-09-27 19:10:00+00:00,Jacob Misiorowski,6.5,under,-150,onexbet,238668,Milwaukee Brewers,St. Louis Cardinals,2026-09-27T17:28:30.084200+00:00,2026-09-29T19:33:50.155431+00:00,2026-09-29T15:33:50.155431-04:00,2026-09-29T15:33:50.155431-04:00,propline_free_sample
2026-09-27,2026-09-27 19:10:00+00:00,Jared Jones,5.5,over,-164,smarkets,238665,Detroit Tigers,Pittsburgh Pirates,2026-09-27T19:05:46.024309+00:00,2026-09-29T19:33:50.155431+00:00,2026-09-29T15:33:50.155431-04:00,2026-09-29T15:33:50.155431-04:00,propline_free_sample
2026-09-27,2026-09-27 19:10:00+00:00,Jared Jones,5.5,under,116,smarkets,238665,Detroit Tigers,Pittsburgh Pirates,2026-09-27T19:05:46.024309+00:00,2026-09-29T19:33:50.155431+00:00,2026-09-29T15:33:50.155431-04:00,2026-09-29T15:33:50.155431-04:00,propline_free_sample
2026-09-27,2026-09-27 19:10:00+00:00,River Ryan,2.5,over,-135,smarkets,238665,Detroit Tigers,Pittsburgh Pirates,2026-09-27T18:04:35.363596+00:00,2026-09-29T19:33:50.155431+00:00,2026-09-29T15:33:50.155431-04:00,2026-09-29T15:33:50.155431-04:00,propline_free_sample
2026-09-27,2026-09-27 19:10:00+00:00,River Ryan,2.5,under,-103,smarkets,238665,Detroit Tigers,Pittsburgh Pirates,2026-09-27T18:04:35.363596+00:00,2026-09-29T19:33:50.155431+00:00,2026-09-29T15:33:50.155431-04:00,2026-09-29T15:33:50.155431-04:00,propline_free_sample
2026-09-27,2026-09-27 19:10:00+00:00,JR Ritchie,6.5,under,-1900,kalshi,238667,Miami Marlins,Atlanta Braves,2026-09-27T19:09:38.291489+00:00,2026-09-29T19:33:50.155431+00:00,2026-09-29T15:33:50.155431-04:00,2026-09-29T15:33:50.155431-04:00,propline_free_sample
2026-09-27,2026-09-27 19:10:00+00:00,Jared Jones,7.5,over,106,underdog,238665,Detroit Tigers,Pittsburgh Pirates,2026-09-27T18:55:02.504937+00:00,2026-09-29T19:33:50.155431+00:00,2026-09-29T15:33:50.155431-04:00,2026-09-29T15:33:50.155431-04:00,propline_free_sample
2026-09-27,2026-09-27 19:10:00+00:00,River Ryan,2.5,over,-176,underdog,238665,Detroit Tigers,Pittsburgh Pirates,2026-09-27T17:22:56.483180+00:00,2026-09-29T19:33:50.155431+00:00,2026-09-29T15:33:50.155431-04:00,2026-09-29T15:33:50.155431-04:00,propline_free_sample
2026-09-27,2026-09-27 19:10:00+00:00,Jared Jones,7.5,under,-157,underdog,238665,Detroit Tigers,Pittsburgh Pirates,2026-09-27T18:55:02.504937+00:00,2026-09-29T19:33:50.155431+00:00,2026-09-29T15:33:50.155431-04:00,2026-09-29T15:33:50.155431-04:00,propline_free_sample
2026-09-27,2026-09-27 19:10:00+00:00,River Ryan,2.5,under,118,underdog,238665,Detroit Tigers,Pittsburgh Pirates,2026-09-27T17:22:56.483180+00:00,2026-09-29T19:33:50.155431+00:00,2026-09-29T15:33:50.155431-04:00,2026-09-29T15:33:50.155431-04:00,propline_free_sample
2026-09-27,2026-09-27 19:10:00+00:00,Parker Messick,2.5,over,100,fanatics,238666,Kansas City Royals,Cleveland Guardians,2026-09-27T19:02:43.297933+00:00,2026-09-29T19:33:50.155431+00:00,2026-09-29T15:33:50.155431-04:00,2026-09-29T15:33:50.155431-04:00,propline_free_sample
2026-09-27,2026-09-27 19:10:00+00:00,Parker Messick,2.5,under,-130,fanatics,238666,Kansas City Royals,Cleveland Guardians,2026-09-27T19:02:43.297933+00:00,2026-09-29T19:33:50.155431+00:00,2026-09-29T15:33:50.155431-04:00,2026-09-29T15:33:50.155431-04:00,propline_free_sample
2026-09-27,2026-09-27 19:10:00+00:00,Parker Messick,3.5,over,-111,draftkings,238666,Kansas City Royals,Cleveland Guardians,2026-09-27T17:54:18.003492+00:00,2026-09-29T19:33:50.155431+00:00,2026-09-29T15:33:50.155431-04:00,2026-09-29T15:33:50.155431-04:00,propline_free_sample
2026-09-27,2026-09-27 19:10:00+00:00,Parker Messick,3.5,under,-115,draftkings,238666,Kansas City Royals,Cleveland Guardians,2026-09-27T17:54:18.003492+00:00,2026-09-29T19:33:50.155431+00:00,2026-09-29T15:33:50.155431-04:00,2026-09-29T15:33:50.155431-04:00,propline_free_sample
2026-09-27,2026-09-27 19:10:00+00:00,Andre Pallante,3.5,over,130,prophetx,238668,Milwaukee Brewers,St. Louis Cardinals,2026-09-27T18:58:34.604267+00:00,2026-09-29T19:33:50.155431+00:00,2026-09-29T15:33:50.155431-04:00,2026-09-29T15:33:50.155431-04:00,propline_free_sample
2026-09-27,2026-09-27 19:10:00+00:00,Jacob Misiorowski,6.5,over,105,prophetx,238668,Milwaukee Brewers,St. Louis Cardinals,2026-09-27T18:04:45.851828+00:00,2026-09-29T19:33:50.155431+00:00,2026-09-29T15:33:50.155431-04:00,2026-09-29T15:33:50.155431-04:00,propline_free_sample
2026-09-27,2026-09-27 19:10:00+00:00,JR Ritchie,4.5,over,-101,prophetx,238667,Miami Marlins,Atlanta Braves,2026-09-27T19:09:16.674593+00:00,2026-09-29T19:33:50.155431+00:00,2026-09-29T15:33:50.155431-04:00,2026-09-29T15:33:50.155431-04:00,propline_free_sample
2026-09-27,2026-09-27 19:10:00+00:00,Janson Junk,3.5,over,105,prophetx,238667,Miami Marlins,Atlanta Braves,2026-09-27T07:11:48.418667+00:00,2026-09-29T19:33:50.155431+00:00,2026-09-29T15:33:50.155431-04:00,2026-09-29T15:33:50.155431-04:00,propline_free_sample
2026-09-27,2026-09-27 19:10:00+00:00,Anthony Kay,3.5,over,-104,prophetx,238664,Chicago White Sox,Colorado Rockies,2026-09-27T19:06:00.782833+00:00,2026-09-29T19:33:50.155431+00:00,2026-09-29T15:33:50.155431-04:00,2026-09-29T15:33:50.155431-04:00,propline_free_sample
2026-09-27,2026-09-27 19:10:00+00:00,Daniel Lynch IV,2.5,over,-162,prophetx,238666,Kansas City Royals,Cleveland Guardians,2026-09-27T15:42:09.137888+00:00,2026-09-29T19:33:50.155431+00:00,2026-09-29T15:33:50.155431-04:00,2026-09-29T15:33:50.155431-04:00,propline_free_sample
2026-09-27,2026-09-27 19:10:00+00:00,Parker Messick,3.5,over,100,prophetx,238666,Kansas City Royals,Cleveland Guardians,2026-09-27T19:06:03.865067+00:00,2026-09-29T19:33:50.155431+00:00,2026-09-29T15:33:50.155431-04:00,2026-09-29T15:33:50.155431-04:00,propline_free_sample
2026-09-27,2026-09-27 19:10:00+00:00,Parker Messick,4.5,over,178,prophetx,238666,Kansas City Royals,Cleveland Guardians,2026-09-27T19:06:03.865067+00:00,2026-09-29T19:33:50.155431+00:00,2026-09-29T15:33:50.155431-04:00,2026-09-29T15:33:50.155431-04:00,propline_free_sample
2026-09-27,2026-09-27 19:10:00+00:00,Kyle Freeland,3.5,over,9900,polymarket_us,238664,Chicago White Sox,Colorado Rockies,2026-09-27T18:37:59.552901+00:00,2026-09-29T19:33:50.155431+00:00,2026-09-29T15:33:50.155431-04:00,2026-09-29T15:33:50.155431-04:00,propline_free_sample
2026-09-27,2026-09-27 19:10:00+00:00,Kyle Freeland,3.5,under,-335,polymarket_us,238664,Chicago White Sox,Colorado Rockies,2026-09-27T16:08:42.418479+00:00,2026-09-29T19:33:50.155431+00:00,2026-09-29T15:33:50.155431-04:00,2026-09-29T15:33:50.155431-04:00,propline_free_sample
2026-09-27,2026-09-27 19:10:00+00:00,Parker Messick,3.5,over,-110,courtside,238666,Kansas City Royals,Cleveland Guardians,2026-09-27T18:30:01.273534+00:00,2026-09-29T19:33:50.155431+00:00,2026-09-29T15:33:50.155431-04:00,2026-09-29T15:33:50.155431-04:00,propline_free_sample
2026-09-27,2026-09-27 19:10:00+00:00,Parker Messick,3.5,under,-125,courtside,238666,Kansas City Royals,Cleveland Guardians,2026-09-27T17:56:19.302548+00:00,2026-09-29T19:33:50.155431+00:00,2026-09-29T15:33:50.155431-04:00,2026-09-29T15:33:50.155431-04:00,propline_free_sample
2026-09-27,2026-09-27 19:10:00+00:00,Janson Junk,5.5,under,-1900,kalshi,238667,Miami Marlins,Atlanta Braves,2026-09-27T16:22:49.779170+00:00,2026-09-29T19:33:50.155431+00:00,2026-09-29T15:33:50.155431-04:00,2026-09-29T15:33:50.155431-04:00,propline_free_sample
2026-09-27,2026-09-27 19:10:00+00:00,Anthony Kay,2.5,over,-900,polymarket_us,238664,Chicago White Sox,Colorado Rockies,2026-09-27T19:09:22.228174+00:00,2026-09-29T19:33:50.155431+00:00,2026-09-29T15:33:50.155431-04:00,2026-09-29T15:33:50.155431-04:00,propline_free_sample
2026-09-27,2026-09-27 19:10:00+00:00,Anthony Kay,2.5,under,9900,polymarket_us,238664,Chicago White Sox,Colorado Rockies,2026-09-27T16:19:51.360348+00:00,2026-09-29T19:33:50.155431+00:00,2026-09-29T15:33:50.155431-04:00,2026-09-29T15:33:50.155431-04:00,propline_free_sample
2026-09-27,2026-09-27 19:10:00+00:00,River Ryan,2.5,over,100,prizepicks,238665,Detroit Tigers,Pittsburgh Pirates,2026-09-27T04:21:38.238715+00:00,2026-09-29T19:33:50.155431+00:00,2026-09-29T15:33:50.155431-04:00,2026-09-29T15:33:50.155431-04:00,propline_free_sample
2026-09-27,2026-09-27 19:10:00+00:00,River Ryan,2.5,under,100,prizepicks,238665,Detroit Tigers,Pittsburgh Pirates,2026-09-27T04:21:38.238715+00:00,2026-09-29T19:33:50.155431+00:00,2026-09-29T15:33:50.155431-04:00,2026-09-29T15:33:50.155431-04:00,propline_free_sample
2026-09-27,2026-09-27 19:10:00+00:00,River Ryan,3.5,over,100,prizepicks,238665,Detroit Tigers,Pittsburgh Pirates,2026-09-27T04:21:38.238715+00:00,2026-09-29T19:33:50.155431+00:00,2026-09-29T15:33:50.155431-04:00,2026-09-29T15:33:50.155431-04:00,propline_free_sample
2026-09-27,2026-09-27 19:10:00+00:00,Jared Jones,6.5,over,100,prizepicks,238665,Detroit Tigers,Pittsburgh Pirates,2026-09-27T04:21:38.238715+00:00,2026-09-29T19:33:50.155431+00:00,2026-09-29T15:33:50.155431-04:00,2026-09-29T15:33:50.155431-04:00,propline_free_sample
2026-09-27,2026-09-27 19:10:00+00:00,Jared Jones,9.5,over,100,prizepicks,238665,Detroit Tigers,Pittsburgh Pirates,2026-09-27T04:21:38.238715+00:00,2026-09-29T19:33:50.155431+00:00,2026-09-29T15:33:50.155431-04:00,2026-09-29T15:33:50.155431-04:00,propline_free_sample
2026-09-27,2026-09-27 19:10:00+00:00,Jared Jones,3.5,over,100,prizepicks,238665,Detroit Tigers,Pittsburgh Pirates,2026-09-27T04:21:38.238715+00:00,2026-09-29T19:33:50.155431+00:00,2026-09-29T15:33:50.155431-04:00,2026-09-29T15:33:50.155431-04:00,propline_free_sample
2026-09-27,2026-09-27 19:10:00+00:00,Jared Jones,5.5,over,100,prizepicks,238665,Detroit Tigers,Pittsburgh Pirates,2026-09-27T04:21:38.238715+00:00,2026-09-29T19:33:50.155431+00:00,2026-09-29T15:33:50.155431-04:00,2026-09-29T15:33:50.155431-04:00,propline_free_sample
2026-09-27,2026-09-27 19:10:00+00:00,Jared Jones,5.5,under,100,prizepicks,238665,Detroit Tigers,Pittsburgh Pirates,2026-09-27T04:21:38.238715+00:00,2026-09-29T19:33:50.155431+00:00,2026-09-29T15:33:50.155431-04:00,2026-09-29T15:33:50.155431-04:00,propline_free_sample
2026-09-27,2026-09-27 19:10:00+00:00,Parker Messick,5.5,over,100,prizepicks,238666,Kansas City Royals,Cleveland Guardians,2026-09-27T04:21:40.384109+00:00,2026-09-29T19:33:50.155431+00:00,2026-09-29T15:33:50.155431-04:00,2026-09-29T15:33:50.155431-04:00,propline_free_sample
2026-09-27,2026-09-27 19:10:00+00:00,Parker Messick,7.5,over,100,prizepicks,238666,Kansas City Royals,Cleveland Guardians,2026-09-27T04:21:40.384109+00:00,2026-09-29T19:33:50.155431+00:00,2026-09-29T15:33:50.155431-04:00,2026-09-29T15:33:50.155431-04:00,propline_free_sample
2026-09-27,2026-09-27 19:10:00+00:00,Parker Messick,2.5,over,100,prizepicks,238666,Kansas City Royals,Cleveland Guardians,2026-09-27T04:21:40.384109+00:00,2026-09-29T19:33:50.155431+00:00,2026-09-29T15:33:50.155431-04:00,2026-09-29T15:33:50.155431-04:00,propline_free_sample
2026-09-27,2026-09-27 19:10:00+00:00,Anthony Kay,1.5,over,-669,polymarket_us,238664,Chicago White Sox,Colorado Rockies,2026-09-27T19:06:17.377973+00:00,2026-09-29T19:33:50.155431+00:00,2026-09-29T15:33:50.155431-04:00,2026-09-29T15:33:50.155431-04:00,propline_free_sample
2026-09-27,2026-09-27 19:10:00+00:00,Anthony Kay,1.5,under,9900,polymarket_us,238664,Chicago White Sox,Colorado Rockies,2026-09-27T19:09:22.228174+00:00,2026-09-29T19:33:50.155431+00:00,2026-09-29T15:33:50.155431-04:00,2026-09-29T15:33:50.155431-04:00,propline_free_sample
2026-09-27,2026-09-27 19:10:00+00:00,Janson Junk,3.5,over,104,polymarket_us,238667,Miami Marlins,Atlanta Braves,2026-09-27T19:03:44.690167+00:00,2026-09-29T19:33:50.155431+00:00,2026-09-29T15:33:50.155431-04:00,2026-09-29T15:33:50.155431-04:00,propline_free_sample
2026-09-27,2026-09-27 19:10:00+00:00,Janson Junk,3.5,under,9900,polymarket_us,238667,Miami Marlins,Atlanta Braves,2026-09-27T18:53:21.054585+00:00,2026-09-29T19:33:50.155431+00:00,2026-09-29T15:33:50.155431-04:00,2026-09-29T15:33:50.155431-04:00,propline_free_sample
2026-09-27,2026-09-27 19:10:00+00:00,Janson Junk,6.5,over,9900,polymarket_us,238667,Miami Marlins,Atlanta Braves,2026-09-27T19:09:21.277322+00:00,2026-09-29T19:33:50.155431+00:00,2026-09-29T15:33:50.155431-04:00,2026-09-29T15:33:50.155431-04:00,propline_free_sample
2026-09-27,2026-09-27 19:10:00+00:00,Parker Messick,1.5,over,100,prizepicks,238666,Kansas City Royals,Cleveland Guardians,2026-09-27T04:26:43.817236+00:00,2026-09-29T19:33:50.155431+00:00,2026-09-29T15:33:50.155431-04:00,2026-09-29T15:33:50.155431-04:00,propline_free_sample
2026-09-27,2026-09-27 19:10:00+00:00,Anthony Kay,3.5,over,-105,fliff,238664,Chicago White Sox,Colorado Rockies,2026-09-27T17:22:20.761229+00:00,2026-09-29T19:33:50.155431+00:00,2026-09-29T15:33:50.155431-04:00,2026-09-29T15:33:50.155431-04:00,propline_free_sample
2026-09-27,2026-09-27 19:10:00+00:00,Kyle Freeland,3.5,over,-175,fliff,238664,Chicago White Sox,Colorado Rockies,2026-09-27T11:50:39.683412+00:00,2026-09-29T19:33:50.155431+00:00,2026-09-29T15:33:50.155431-04:00,2026-09-29T15:33:50.155431-04:00,propline_free_sample
2026-09-27,2026-09-27 19:10:00+00:00,Anthony Kay,3.5,under,-160,fliff,238664,Chicago White Sox,Colorado Rockies,2026-09-27T16:20:33.421589+00:00,2026-09-29T19:33:50.155431+00:00,2026-09-29T15:33:50.155431-04:00,2026-09-29T15:33:50.155431-04:00,propline_free_sample
2026-09-27,2026-09-27 19:10:00+00:00,Kyle Freeland,3.5,under,130,fliff,238664,Chicago White Sox,Colorado Rockies,2026-09-27T18:23:40.955721+00:00,2026-09-29T19:33:50.155431+00:00,2026-09-29T15:33:50.155431-04:00,2026-09-29T15:33:50.155431-04:00,propline_free_sample
2026-09-27,2026-09-27 19:10:00+00:00,Janson Junk,3.5,over,-115,fliff,238667,Miami Marlins,Atlanta Braves,2026-09-27T12:53:06.992959+00:00,2026-09-29T19:33:50.155431+00:00,2026-09-29T15:33:50.155431-04:00,2026-09-29T15:33:50.155431-04:00,propline_free_sample
2026-09-27,2026-09-27 19:10:00+00:00,JR Ritchie,4.5,over,-105,fliff,238667,Miami Marlins,Atlanta Braves,2026-09-27T10:16:26.921152+00:00,2026-09-29T19:33:50.155431+00:00,2026-09-29T15:33:50.155431-04:00,2026-09-29T15:33:50.155431-04:00,propline_free_sample
2026-09-27,2026-09-27 19:10:00+00:00,Janson Junk,3.5,under,-140,fliff,238667,Miami Marlins,Atlanta Braves,2026-09-27T12:53:06.992959+00:00,2026-09-29T19:33:50.155431+00:00,2026-09-29T15:33:50.155431-04:00,2026-09-29T15:33:50.155431-04:00,propline_free_sample
2026-09-27,2026-09-27 19:10:00+00:00,JR Ritchie,4.5,under,-160,fliff,238667,Miami Marlins,Atlanta Braves,2026-09-27T17:05:22.629955+00:00,2026-09-29T19:33:50.155431+00:00,2026-09-29T15:33:50.155431-04:00,2026-09-29T15:33:50.155431-04:00,propline_free_sample
2026-09-27,2026-09-27 19:10:00+00:00,Andre Pallante,3.5,over,100,fliff,238668,Milwaukee Brewers,St. Louis Cardinals,2026-09-27T16:47:31.632567+00:00,2026-09-29T19:33:50.155431+00:00,2026-09-29T15:33:50.155431-04:00,2026-09-29T15:33:50.155431-04:00,propline_free_sample
2026-09-27,2026-09-27 19:10:00+00:00,Andre Pallante,3.5,under,-150,fliff,238668,Milwaukee Brewers,St. Louis Cardinals,2026-09-27T16:47:31.632567+00:00,2026-09-29T19:33:50.155431+00:00,2026-09-29T15:33:50.155431-04:00,2026-09-29T15:33:50.155431-04:00,propline_free_sample
2026-09-27,2026-09-27 19:10:00+00:00,JR Ritchie,4.5,over,9900,polymarket_us,238667,Miami Marlins,Atlanta Braves,2026-09-27T18:46:06.690866+00:00,2026-09-29T19:33:50.155431+00:00,2026-09-29T15:33:50.155431-04:00,2026-09-29T15:33:50.155431-04:00,propline_free_sample
2026-09-27,2026-09-27 19:10:00+00:00,JR Ritchie,4.5,under,-127,polymarket_us,238667,Miami Marlins,Atlanta Braves,2026-09-27T19:03:44.690167+00:00,2026-09-29T19:33:50.155431+00:00,2026-09-29T15:33:50.155431-04:00,2026-09-29T15:33:50.155431-04:00,propline_free_sample
2026-09-27,2026-09-27 19:10:00+00:00,Parker Messick,3.5,over,-116,sleeper,238666,Kansas City Royals,Cleveland Guardians,2026-09-27T18:49:54.179971+00:00,2026-09-29T19:33:50.155431+00:00,2026-09-29T15:33:50.155431-04:00,2026-09-29T15:33:50.155431-04:00,propline_free_sample
2026-09-27,2026-09-27 19:10:00+00:00,Parker Messick,3.5,under,-143,sleeper,238666,Kansas City Royals,Cleveland Guardians,2026-09-27T18:49:54.179971+00:00,2026-09-29T19:33:50.155431+00:00,2026-09-29T15:33:50.155431-04:00,2026-09-29T15:33:50.155431-04:00,propline_free_sample
2026-09-27,2026-09-27 19:10:00+00:00,Parker Messick,3.5,over,-1233,novig,238666,Kansas City Royals,Cleveland Guardians,2026-09-27T19:08:49.171622+00:00,2026-09-29T19:33:50.155431+00:00,2026-09-29T15:33:50.155431-04:00,2026-09-29T15:33:50.155431-04:00,propline_free_sample
2026-09-27,2026-09-27 19:10:00+00:00,Parker Messick,3.5,under,-2028,novig,238666,Kansas City Royals,Cleveland Guardians,2026-09-27T18:22:41.937290+00:00,2026-09-29T19:33:50.155431+00:00,2026-09-29T15:33:50.155431-04:00,2026-09-29T15:33:50.155431-04:00,propline_free_sample
2026-09-27,2026-09-27 19:10:00+00:00,Daniel Lynch,3.5,over,109,draftkings,238666,Kansas City Royals,Cleveland Guardians,2026-09-27T17:54:19.726280+00:00,2026-09-29T19:33:50.155431+00:00,2026-09-29T15:33:50.155431-04:00,2026-09-29T15:33:50.155431-04:00,propline_free_sample
2026-09-27,2026-09-27 19:10:00+00:00,Daniel Lynch,3.5,under,-140,draftkings,238666,Kansas City Royals,Cleveland Guardians,2026-09-27T17:54:19.726280+00:00,2026-09-29T19:33:50.155431+00:00,2026-09-29T15:33:50.155431-04:00,2026-09-29T15:33:50.155431-04:00,propline_free_sample
2026-09-27,2026-09-27 19:10:00+00:00,Daniel Lynch IV,2.5,over,-105,fanatics,238666,Kansas City Royals,Cleveland Guardians,2026-09-27T19:02:43.297933+00:00,2026-09-29T19:33:50.155431+00:00,2026-09-29T15:33:50.155431-04:00,2026-09-29T15:33:50.155431-04:00,propline_free_sample
2026-09-27,2026-09-27 19:10:00+00:00,Daniel Lynch IV,2.5,under,-125,fanatics,238666,Kansas City Royals,Cleveland Guardians,2026-09-27T19:02:43.297933+00:00,2026-09-29T19:33:50.155431+00:00,2026-09-29T15:33:50.155431-04:00,2026-09-29T15:33:50.155431-04:00,propline_free_sample
2026-09-27,2026-09-27 19:10:00+00:00,Daniel Lynch IV,2.5,over,280,courtside,238666,Kansas City Royals,Cleveland Guardians,2026-09-27T15:41:05.102289+00:00,2026-09-29T19:33:50.155431+00:00,2026-09-29T15:33:50.155431-04:00,2026-09-29T15:33:50.155431-04:00,propline_free_sample
2026-09-27,2026-09-27 19:10:00+00:00,Daniel Lynch IV,2.5,under,-190,courtside,238666,Kansas City Royals,Cleveland Guardians,2026-09-27T14:20:04.912498+00:00,2026-09-29T19:33:50.155431+00:00,2026-09-29T15:33:50.155431-04:00,2026-09-29T15:33:50.155431-04:00,propline_free_sample
2026-09-27,2026-09-27 19:10:00+00:00,Daniel Lynch IV,4.5,over,100,prizepicks,238666,Kansas City Royals,Cleveland Guardians,2026-09-27T04:37:49.122332+00:00,2026-09-29T19:33:50.155431+00:00,2026-09-29T15:33:50.155431-04:00,2026-09-29T15:33:50.155431-04:00,propline_free_sample
2026-09-27,2026-09-27 19:10:00+00:00,Daniel Lynch IV,5.5,over,100,prizepicks,238666,Kansas City Royals,Cleveland Guardians,2026-09-27T04:37:49.122332+00:00,2026-09-29T19:33:50.155431+00:00,2026-09-29T15:33:50.155431-04:00,2026-09-29T15:33:50.155431-04:00,propline_free_sample
2026-09-27,2026-09-27 19:10:00+00:00,Daniel Lynch IV,1.5,over,100,prizepicks,238666,Kansas City Royals,Cleveland Guardians,2026-09-27T04:37:49.122332+00:00,2026-09-29T19:33:50.155431+00:00,2026-09-29T15:33:50.155431-04:00,2026-09-29T15:33:50.155431-04:00,propline_free_sample
2026-09-27,2026-09-27 19:10:00+00:00,Daniel Lynch,3.5,over,-106,sleeper,238666,Kansas City Royals,Cleveland Guardians,2026-09-27T16:58:23.353429+00:00,2026-09-29T19:33:50.155431+00:00,2026-09-29T15:33:50.155431-04:00,2026-09-29T15:33:50.155431-04:00,propline_free_sample
2026-09-27,2026-09-27 19:10:00+00:00,Daniel Lynch,3.5,under,-156,sleeper,238666,Kansas City Royals,Cleveland Guardians,2026-09-27T16:48:05.850903+00:00,2026-09-29T19:33:50.155431+00:00,2026-09-29T15:33:50.155431-04:00,2026-09-29T15:33:50.155431-04:00,propline_free_sample
2026-09-27,2026-09-27 19:10:00+00:00,Jacob Misiorowski,6.5,over,104,draftkings,238668,Milwaukee Brewers,St. Louis Cardinals,2026-09-27T18:33:46.942497+00:00,2026-09-29T19:33:50.155431+00:00,2026-09-29T15:33:50.155431-04:00,2026-09-29T15:33:50.155431-04:00,propline_free_sample
2026-09-27,2026-09-27 19:10:00+00:00,Jacob Misiorowski,6.5,under,-133,draftkings,238668,Milwaukee Brewers,St. Louis Cardinals,2026-09-27T18:33:46.942497+00:00,2026-09-29T19:33:50.155431+00:00,2026-09-29T15:33:50.155431-04:00,2026-09-29T15:33:50.155431-04:00,propline_free_sample
2026-09-27,2026-09-27 19:10:00+00:00,Jacob Misiorowski,6.5,over,-145,fanatics,238668,Milwaukee Brewers,St. Louis Cardinals,2026-09-27T18:38:50.839040+00:00,2026-09-29T19:33:50.155431+00:00,2026-09-29T15:33:50.155431-04:00,2026-09-29T15:33:50.155431-04:00,propline_free_sample
2026-09-27,2026-09-27 19:10:00+00:00,Jacob Misiorowski,6.5,under,110,fanatics,238668,Milwaukee Brewers,St. Louis Cardinals,2026-09-27T18:38:50.839040+00:00,2026-09-29T19:33:50.155431+00:00,2026-09-29T15:33:50.155431-04:00,2026-09-29T15:33:50.155431-04:00,propline_free_sample
2026-09-27,2026-09-27 19:10:00+00:00,Jacob Misiorowski,6.5,over,100,courtside,238668,Milwaukee Brewers,St. Louis Cardinals,2026-09-27T18:38:41.321440+00:00,2026-09-29T19:33:50.155431+00:00,2026-09-29T15:33:50.155431-04:00,2026-09-29T15:33:50.155431-04:00,propline_free_sample
2026-09-27,2026-09-27 19:10:00+00:00,Jacob Misiorowski,6.5,under,-135,courtside,238668,Milwaukee Brewers,St. Louis Cardinals,2026-09-27T18:32:54.463570+00:00,2026-09-29T19:33:50.155431+00:00,2026-09-29T15:33:50.155431-04:00,2026-09-29T15:33:50.155431-04:00,propline_free_sample
2026-09-27,2026-09-27 19:10:00+00:00,Daniel Lynch,3.5,over,110,onexbet,238666,Kansas City Royals,Cleveland Guardians,2026-09-27T18:14:33.380636+00:00,2026-09-29T19:33:50.155431+00:00,2026-09-29T15:33:50.155431-04:00,2026-09-29T15:33:50.155431-04:00,propline_free_sample
2026-09-27,2026-09-27 19:10:00+00:00,Parker Messick,3.5,over,-130,onexbet,238666,Kansas City Royals,Cleveland Guardians,2026-09-27T13:18:29.548215+00:00,2026-09-29T19:33:50.155431+00:00,2026-09-29T15:33:50.155431-04:00,2026-09-29T15:33:50.155431-04:00,propline_free_sample
2026-09-27,2026-09-27 19:10:00+00:00,Daniel Lynch,3.5,under,-150,onexbet,238666,Kansas City Royals,Cleveland Guardians,2026-09-27T18:14:33.380636+00:00,2026-09-29T19:33:50.155431+00:00,2026-09-29T15:33:50.155431-04:00,2026-09-29T15:33:50.155431-04:00,propline_free_sample
2026-09-27,2026-09-27 19:10:00+00:00,Parker Messick,3.5,under,-105,onexbet,238666,Kansas City Royals,Cleveland Guardians,2026-09-27T13:18:29.548215+00:00,2026-09-29T19:33:50.155431+00:00,2026-09-29T15:33:50.155431-04:00,2026-09-29T15:33:50.155431-04:00,propline_free_sample
2026-09-27,2026-09-27 19:10:00+00:00,Daniel Lynch IV,2.5,over,-155,fliff,238666,Kansas City Royals,Cleveland Guardians,2026-09-27T16:47:30.631499+00:00,2026-09-29T19:33:50.155431+00:00,2026-09-29T15:33:50.155431-04:00,2026-09-29T15:33:50.155431-04:00,propline_free_sample
2026-09-27,2026-09-27 19:10:00+00:00,Parker Messick,3.5,over,-115,fliff,238666,Kansas City Royals,Cleveland Guardians,2026-09-27T18:03:17.548062+00:00,2026-09-29T19:33:50.155431+00:00,2026-09-29T15:33:50.155431-04:00,2026-09-29T15:33:50.155431-04:00,propline_free_sample
2026-09-27,2026-09-27 19:10:00+00:00,Daniel Lynch IV,2.5,under,105,fliff,238666,Kansas City Royals,Cleveland Guardians,2026-09-27T16:47:30.631499+00:00,2026-09-29T19:33:50.155431+00:00,2026-09-29T15:33:50.155431-04:00,2026-09-29T15:33:50.155431-04:00,propline_free_sample
2026-09-27,2026-09-27 19:10:00+00:00,Parker Messick,3.5,under,-140,fliff,238666,Kansas City Royals,Cleveland Guardians,2026-09-27T18:03:17.548062+00:00,2026-09-29T19:33:50.155431+00:00,2026-09-29T15:33:50.155431-04:00,2026-09-29T15:33:50.155431-04:00,propline_free_sample
2026-09-27,2026-09-27 19:10:00+00:00,Janson Junk,3.5,over,-105,rebet,238667,Miami Marlins,Atlanta Braves,2026-09-27T16:58:51.243006+00:00,2026-09-29T19:33:50.155431+00:00,2026-09-29T15:33:50.155431-04:00,2026-09-29T15:33:50.155431-04:00,propline_free_sample
2026-09-27,2026-09-27 19:10:00+00:00,Janson Junk,3.5,under,-131,rebet,238667,Miami Marlins,Atlanta Braves,2026-09-27T16:58:51.243006+00:00,2026-09-29T19:33:50.155431+00:00,2026-09-29T15:33:50.155431-04:00,2026-09-29T15:33:50.155431-04:00,propline_free_sample
2026-09-27,2026-09-27 19:10:00+00:00,JR Ritchie,4.5,over,-109,rebet,238667,Miami Marlins,Atlanta Braves,2026-09-27T12:48:35.619315+00:00,2026-09-29T19:33:50.155431+00:00,2026-09-29T15:33:50.155431-04:00,2026-09-29T15:33:50.155431-04:00,propline_free_sample
2026-09-27,2026-09-27 19:10:00+00:00,JR Ritchie,4.5,under,-127,rebet,238667,Miami Marlins,Atlanta Braves,2026-09-27T12:48:35.619315+00:00,2026-09-29T19:33:50.155431+00:00,2026-09-29T15:33:50.155431-04:00,2026-09-29T15:33:50.155431-04:00,propline_free_sample
2026-09-27,2026-09-27 19:10:00+00:00,Andre Pallante,3.5,over,-156,rebet,238668,Milwaukee Brewers,St. Louis Cardinals,2026-09-27T18:21:15.726409+00:00,2026-09-29T19:33:50.155431+00:00,2026-09-29T15:33:50.155431-04:00,2026-09-29T15:33:50.155431-04:00,propline_free_sample
2026-09-27,2026-09-27 19:10:00+00:00,Andre Pallante,3.5,under,112,rebet,238668,Milwaukee Brewers,St. Louis Cardinals,2026-09-27T18:21:15.726409+00:00,2026-09-29T19:33:50.155431+00:00,2026-09-29T15:33:50.155431-04:00,2026-09-29T15:33:50.155431-04:00,propline_free_sample
2026-09-27,2026-09-27 19:10:00+00:00,Jacob Misiorowski,6.5,over,102,rebet,238668,Milwaukee Brewers,St. Louis Cardinals,2026-09-27T17:04:49.263482+00:00,2026-09-29T19:33:50.155431+00:00,2026-09-29T15:33:50.155431-04:00,2026-09-29T15:33:50.155431-04:00,propline_free_sample
2026-09-27,2026-09-27 19:10:00+00:00,Jacob Misiorowski,6.5,under,-141,rebet,238668,Milwaukee Brewers,St. Louis Cardinals,2026-09-27T17:04:49.263482+00:00,2026-09-29T19:33:50.155431+00:00,2026-09-29T15:33:50.155431-04:00,2026-09-29T15:33:50.155431-04:00,propline_free_sample
2026-09-27,2026-09-27 19:10:00+00:00,Anthony Kay,5.5,under,-809,polymarket_us,238664,Chicago White Sox,Colorado Rockies,2026-09-27T19:09:22.228174+00:00,2026-09-29T19:33:50.155431+00:00,2026-09-29T15:33:50.155431-04:00,2026-09-29T15:33:50.155431-04:00,propline_free_sample
2026-09-27,2026-09-27 19:10:00+00:00,Jacob Misiorowski,10.5,over,4000,hardrock,238668,Milwaukee Brewers,St. Louis Cardinals,2026-09-27T12:39:58.590603+00:00,2026-09-29T19:33:50.155431+00:00,2026-09-29T15:33:50.155431-04:00,2026-09-29T15:33:50.155431-04:00,propline_free_sample
2026-09-27,2026-09-27 19:10:00+00:00,Jacob Misiorowski,10.5,under,-50000,hardrock,238668,Milwaukee Brewers,St. Louis Cardinals,2026-09-27T13:37:32.273799+00:00,2026-09-29T19:33:50.155431+00:00,2026-09-29T15:33:50.155431-04:00,2026-09-29T15:33:50.155431-04:00,propline_free_sample
2026-09-27,2026-09-27 19:10:00+00:00,Jacob Misiorowski,11.5,over,1500,hardrock,238668,Milwaukee Brewers,St. Louis Cardinals,2026-09-27T11:54:31.792686+00:00,2026-09-29T19:33:50.155431+00:00,2026-09-29T15:33:50.155431-04:00,2026-09-29T15:33:50.155431-04:00,propline_free_sample
2026-09-27,2026-09-27 19:10:00+00:00,Jacob Misiorowski,11.5,under,-6000,hardrock,238668,Milwaukee Brewers,St. Louis Cardinals,2026-09-27T06:09:57.599727+00:00,2026-09-29T19:33:50.155431+00:00,2026-09-29T15:33:50.155431-04:00,2026-09-29T15:33:50.155431-04:00,propline_free_sample
2026-09-27,2026-09-27 19:10:00+00:00,Jacob Misiorowski,12.5,over,3000,hardrock,238668,Milwaukee Brewers,St. Louis Cardinals,2026-09-27T06:09:57.599727+00:00,2026-09-29T19:33:50.155431+00:00,2026-09-29T15:33:50.155431-04:00,2026-09-29T15:33:50.155431-04:00,propline_free_sample
2026-09-27,2026-09-27 19:10:00+00:00,Jacob Misiorowski,12.5,under,-15000,hardrock,238668,Milwaukee Brewers,St. Louis Cardinals,2026-09-27T06:09:57.599727+00:00,2026-09-29T19:33:50.155431+00:00,2026-09-29T15:33:50.155431-04:00,2026-09-29T15:33:50.155431-04:00,propline_free_sample
2026-09-27,2026-09-27 19:10:00+00:00,Jacob Misiorowski,2.5,over,-15000,hardrock,238668,Milwaukee Brewers,St. Louis Cardinals,2026-09-27T16:38:17.710929+00:00,2026-09-29T19:33:50.155431+00:00,2026-09-29T15:33:50.155431-04:00,2026-09-29T15:33:50.155431-04:00,propline_free_sample
2026-09-27,2026-09-27 19:10:00+00:00,Jacob Misiorowski,2.5,under,3000,hardrock,238668,Milwaukee Brewers,St. Louis Cardinals,2026-09-27T16:38:17.710929+00:00,2026-09-29T19:33:50.155431+00:00,2026-09-29T15:33:50.155431-04:00,2026-09-29T15:33:50.155431-04:00,propline_free_sample
2026-09-27,2026-09-27 19:10:00+00:00,Jacob Misiorowski,3.5,over,-4000,hardrock,238668,Milwaukee Brewers,St. Louis Cardinals,2026-09-27T16:38:17.710929+00:00,2026-09-29T19:33:50.155431+00:00,2026-09-29T15:33:50.155431-04:00,2026-09-29T15:33:50.155431-04:00,propline_free_sample
2026-09-27,2026-09-27 19:10:00+00:00,Jacob Misiorowski,3.5,under,900,hardrock,238668,Milwaukee Brewers,St. Louis Cardinals,2026-09-27T16:47:18.903202+00:00,2026-09-29T19:33:50.155431+00:00,2026-09-29T15:33:50.155431-04:00,2026-09-29T15:33:50.155431-04:00,propline_free_sample
2026-09-27,2026-09-27 19:10:00+00:00,Jacob Misiorowski,4.5,over,-700,hardrock,238668,Milwaukee Brewers,St. Louis Cardinals,2026-09-27T18:38:05.281837+00:00,2026-09-29T19:33:50.155431+00:00,2026-09-29T15:33:50.155431-04:00,2026-09-29T15:33:50.155431-04:00,propline_free_sample
2026-09-27,2026-09-27 19:10:00+00:00,Jacob Misiorowski,4.5,under,350,hardrock,238668,Milwaukee Brewers,St. Louis Cardinals,2026-09-27T16:38:17.710929+00:00,2026-09-29T19:33:50.155431+00:00,2026-09-29T15:33:50.155431-04:00,2026-09-29T15:33:50.155431-04:00,propline_free_sample
2026-09-27,2026-09-27 19:10:00+00:00,Jacob Misiorowski,5.5,over,-200,hardrock,238668,Milwaukee Brewers,St. Louis Cardinals,2026-09-27T18:38:05.281837+00:00,2026-09-29T19:33:50.155431+00:00,2026-09-29T15:33:50.155431-04:00,2026-09-29T15:33:50.155431-04:00,propline_free_sample
2026-09-27,2026-09-27 19:10:00+00:00,Jacob Misiorowski,5.5,under,135,hardrock,238668,Milwaukee Brewers,St. Louis Cardinals,2026-09-27T18:38:05.281837+00:00,2026-09-29T19:33:50.155431+00:00,2026-09-29T15:33:50.155431-04:00,2026-09-29T15:33:50.155431-04:00,propline_free_sample
2026-09-27,2026-09-27 19:10:00+00:00,Jacob Misiorowski,6.5,over,135,hardrock,238668,Milwaukee Brewers,St. Louis Cardinals,2026-09-27T16:47:18.903202+00:00,2026-09-29T19:33:50.155431+00:00,2026-09-29T15:33:50.155431-04:00,2026-09-29T15:33:50.155431-04:00,propline_free_sample
2026-09-27,2026-09-27 19:10:00+00:00,Jacob Misiorowski,6.5,under,-200,hardrock,238668,Milwaukee Brewers,St. Louis Cardinals,2026-09-27T18:40:47.447341+00:00,2026-09-29T19:33:50.155431+00:00,2026-09-29T15:33:50.155431-04:00,2026-09-29T15:33:50.155431-04:00,propline_free_sample
2026-09-27,2026-09-27 19:10:00+00:00,Jacob Misiorowski,7.5,over,350,hardrock,238668,Milwaukee Brewers,St. Louis Cardinals,2026-09-27T18:38:05.281837+00:00,2026-09-29T19:33:50.155431+00:00,2026-09-29T15:33:50.155431-04:00,2026-09-29T15:33:50.155431-04:00,propline_free_sample
2026-09-27,2026-09-27 19:10:00+00:00,Jacob Misiorowski,7.5,under,-700,hardrock,238668,Milwaukee Brewers,St. Louis Cardinals,2026-09-27T18:38:05.281837+00:00,2026-09-29T19:33:50.155431+00:00,2026-09-29T15:33:50.155431-04:00,2026-09-29T15:33:50.155431-04:00,propline_free_sample
2026-09-27,2026-09-27 19:10:00+00:00,Jacob Misiorowski,8.5,over,1100,hardrock,238668,Milwaukee Brewers,St. Louis Cardinals,2026-09-27T18:38:05.281837+00:00,2026-09-29T19:33:50.155431+00:00,2026-09-29T15:33:50.155431-04:00,2026-09-29T15:33:50.155431-04:00,propline_free_sample
2026-09-27,2026-09-27 19:10:00+00:00,Jacob Misiorowski,8.5,under,-5000,hardrock,238668,Milwaukee Brewers,St. Louis Cardinals,2026-09-27T18:38:05.281837+00:00,2026-09-29T19:33:50.155431+00:00,2026-09-29T15:33:50.155431-04:00,2026-09-29T15:33:50.155431-04:00,propline_free_sample
2026-09-27,2026-09-27 19:10:00+00:00,Jacob Misiorowski,9.5,over,4000,hardrock,238668,Milwaukee Brewers,St. Louis Cardinals,2026-09-27T16:38:17.710929+00:00,2026-09-29T19:33:50.155431+00:00,2026-09-29T15:33:50.155431-04:00,2026-09-29T15:33:50.155431-04:00,propline_free_sample
2026-09-27,2026-09-27 19:10:00+00:00,Jacob Misiorowski,9.5,under,-100000,hardrock,238668,Milwaukee Brewers,St. Louis Cardinals,2026-09-27T12:39:58.590603+00:00,2026-09-29T19:33:50.155431+00:00,2026-09-29T15:33:50.155431-04:00,2026-09-29T15:33:50.155431-04:00,propline_free_sample
2026-09-27,2026-09-27 19:10:00+00:00,Anthony Kay,7.5,under,-2400,kalshi,238664,Chicago White Sox,Colorado Rockies,2026-09-27T12:02:52.951677+00:00,2026-09-29T19:33:50.155431+00:00,2026-09-29T15:33:50.155431-04:00,2026-09-29T15:33:50.155431-04:00,propline_free_sample
2026-09-27,2026-09-27 19:10:00+00:00,Michael Soroka,4.5,over,-213,underdog,238670,San Diego Padres,Arizona Diamondbacks,2026-09-27T18:18:17.727715+00:00,2026-09-29T19:33:50.155431+00:00,2026-09-29T15:33:50.155431-04:00,2026-09-29T15:33:50.155431-04:00,propline_free_sample
2026-09-27,2026-09-27 19:10:00+00:00,Michael Soroka,4.5,under,143,underdog,238670,San Diego Padres,Arizona Diamondbacks,2026-09-27T18:18:17.727715+00:00,2026-09-29T19:33:50.155431+00:00,2026-09-29T15:33:50.155431-04:00,2026-09-29T15:33:50.155431-04:00,propline_free_sample
2026-09-27,2026-09-27 19:10:00+00:00,Jacob Misiorowski,9.5,under,100,prizepicks,238668,Milwaukee Brewers,St. Louis Cardinals,2026-09-27T04:59:26.925422+00:00,2026-09-29T19:33:50.155431+00:00,2026-09-29T15:33:50.155431-04:00,2026-09-29T15:33:50.155431-04:00,propline_free_sample
2026-09-27,2026-09-27 19:10:00+00:00,Jacob Misiorowski,7.5,over,100,prizepicks,238668,Milwaukee Brewers,St. Louis Cardinals,2026-09-27T04:59:26.925422+00:00,2026-09-29T19:33:50.155431+00:00,2026-09-29T15:33:50.155431-04:00,2026-09-29T15:33:50.155431-04:00,propline_free_sample
2026-09-27,2026-09-27 19:10:00+00:00,Jacob Misiorowski,7.5,under,100,prizepicks,238668,Milwaukee Brewers,St. Louis Cardinals,2026-09-27T04:59:26.925422+00:00,2026-09-29T19:33:50.155431+00:00,2026-09-29T15:33:50.155431-04:00,2026-09-29T15:33:50.155431-04:00,propline_free_sample
2026-09-27,2026-09-27 19:10:00+00:00,Jacob Misiorowski,8.5,over,100,prizepicks,238668,Milwaukee Brewers,St. Louis Cardinals,2026-09-27T04:59:26.925422+00:00,2026-09-29T19:33:50.155431+00:00,2026-09-29T15:33:50.155431-04:00,2026-09-29T15:33:50.155431-04:00,propline_free_sample
2026-09-27,2026-09-27 19:10:00+00:00,Jacob Misiorowski,8.5,under,100,prizepicks,238668,Milwaukee Brewers,St. Louis Cardinals,2026-09-27T04:59:26.925422+00:00,2026-09-29T19:33:50.155431+00:00,2026-09-29T15:33:50.155431-04:00,2026-09-29T15:33:50.155431-04:00,propline_free_sample
2026-09-27,2026-09-27 19:10:00+00:00,Jacob Misiorowski,11.5,over,100,prizepicks,238668,Milwaukee Brewers,St. Louis Cardinals,2026-09-27T04:59:26.925422+00:00,2026-09-29T19:33:50.155431+00:00,2026-09-29T15:33:50.155431-04:00,2026-09-29T15:33:50.155431-04:00,propline_free_sample
2026-09-27,2026-09-27 19:10:00+00:00,Jacob Misiorowski,4.5,over,100,prizepicks,238668,Milwaukee Brewers,St. Louis Cardinals,2026-09-27T04:59:26.925422+00:00,2026-09-29T19:33:50.155431+00:00,2026-09-29T15:33:50.155431-04:00,2026-09-29T15:33:50.155431-04:00,propline_free_sample
2026-09-27,2026-09-27 19:10:00+00:00,Jacob Misiorowski,4.5,under,100,prizepicks,238668,Milwaukee Brewers,St. Louis Cardinals,2026-09-27T04:59:26.925422+00:00,2026-09-29T19:33:50.155431+00:00,2026-09-29T15:33:50.155431-04:00,2026-09-29T15:33:50.155431-04:00,propline_free_sample
2026-09-27,2026-09-27 19:10:00+00:00,Jacob Misiorowski,5.5,over,100,prizepicks,238668,Milwaukee Brewers,St. Louis Cardinals,2026-09-27T04:59:26.925422+00:00,2026-09-29T19:33:50.155431+00:00,2026-09-29T15:33:50.155431-04:00,2026-09-29T15:33:50.155431-04:00,propline_free_sample
2026-09-27,2026-09-27 19:10:00+00:00,Jacob Misiorowski,5.5,under,100,prizepicks,238668,Milwaukee Brewers,St. Louis Cardinals,2026-09-27T04:59:26.925422+00:00,2026-09-29T19:33:50.155431+00:00,2026-09-29T15:33:50.155431-04:00,2026-09-29T15:33:50.155431-04:00,propline_free_sample
2026-09-27,2026-09-27 19:10:00+00:00,JR Ritchie,9.5,over,100,prizepicks,238667,Miami Marlins,Atlanta Braves,2026-09-27T04:59:27.338747+00:00,2026-09-29T19:33:50.155431+00:00,2026-09-29T15:33:50.155431-04:00,2026-09-29T15:33:50.155431-04:00,propline_free_sample
2026-09-27,2026-09-27 19:10:00+00:00,Michael Soroka,4.5,over,135,dabble,238670,San Diego Padres,Arizona Diamondbacks,2026-09-27T18:36:56.894290+00:00,2026-09-29T19:33:50.155431+00:00,2026-09-29T15:33:50.155431-04:00,2026-09-29T15:33:50.155431-04:00,propline_free_sample
2026-09-27,2026-09-27 19:10:00+00:00,Michael Soroka,4.5,under,-133,dabble,238670,San Diego Padres,Arizona Diamondbacks,2026-09-27T18:36:56.894290+00:00,2026-09-29T19:33:50.155431+00:00,2026-09-29T15:33:50.155431-04:00,2026-09-29T15:33:50.155431-04:00,propline_free_sample
2026-09-27,2026-09-27 19:10:00+00:00,Daniel Lynch,0.5,over,-2400,kalshi,238666,Kansas City Royals,Cleveland Guardians,2026-09-27T17:00:27.918894+00:00,2026-09-29T19:33:50.155431+00:00,2026-09-29T15:33:50.155431-04:00,2026-09-29T15:33:50.155431-04:00,propline_free_sample
2026-09-27,2026-09-27 19:10:00+00:00,Daniel Lynch,1.5,over,-2400,kalshi,238666,Kansas City Royals,Cleveland Guardians,2026-09-27T18:06:21.970848+00:00,2026-09-29T19:33:50.155431+00:00,2026-09-29T15:33:50.155431-04:00,2026-09-29T15:33:50.155431-04:00,propline_free_sample
2026-09-27,2026-09-27 19:10:00+00:00,Parker Messick,1.5,over,-2400,kalshi,238666,Kansas City Royals,Cleveland Guardians,2026-09-27T19:06:24.892641+00:00,2026-09-29T19:33:50.155431+00:00,2026-09-29T15:33:50.155431-04:00,2026-09-29T15:33:50.155431-04:00,propline_free_sample
2026-09-27,2026-09-27 19:10:00+00:00,Daniel Lynch,2.5,over,9900,kalshi,238666,Kansas City Royals,Cleveland Guardians,2026-09-27T16:56:17.801681+00:00,2026-09-29T19:33:50.155431+00:00,2026-09-29T15:33:50.155431-04:00,2026-09-29T15:33:50.155431-04:00,propline_free_sample
2026-09-27,2026-09-27 19:10:00+00:00,Parker Messick,2.5,over,9900,kalshi,238666,Kansas City Royals,Cleveland Guardians,2026-09-27T16:16:29.215176+00:00,2026-09-29T19:33:50.155431+00:00,2026-09-29T15:33:50.155431-04:00,2026-09-29T15:33:50.155431-04:00,propline_free_sample
2026-09-27,2026-09-27 19:10:00+00:00,Daniel Lynch,3.5,over,9900,kalshi,238666,Kansas City Royals,Cleveland Guardians,2026-09-27T18:51:16.702651+00:00,2026-09-29T19:33:50.155431+00:00,2026-09-29T15:33:50.155431-04:00,2026-09-29T15:33:50.155431-04:00,propline_free_sample
2026-09-27,2026-09-27 19:10:00+00:00,Parker Messick,3.5,over,9900,kalshi,238666,Kansas City Royals,Cleveland Guardians,2026-09-27T18:54:24.728857+00:00,2026-09-29T19:33:50.155431+00:00,2026-09-29T15:33:50.155431-04:00,2026-09-29T15:33:50.155431-04:00,propline_free_sample
2026-09-27,2026-09-27 19:10:00+00:00,Daniel Lynch,4.5,over,9900,kalshi,238666,Kansas City Royals,Cleveland Guardians,2026-09-27T18:37:12.183145+00:00,2026-09-29T19:33:50.155431+00:00,2026-09-29T15:33:50.155431-04:00,2026-09-29T15:33:50.155431-04:00,propline_free_sample
2026-09-27,2026-09-27 19:10:00+00:00,Parker Messick,4.5,over,9900,kalshi,238666,Kansas City Royals,Cleveland Guardians,2026-09-27T19:01:38.798635+00:00,2026-09-29T19:33:50.155431+00:00,2026-09-29T15:33:50.155431-04:00,2026-09-29T15:33:50.155431-04:00,propline_free_sample
2026-09-27,2026-09-27 19:10:00+00:00,Daniel Lynch,5.5,over,9900,kalshi,238666,Kansas City Royals,Cleveland Guardians,2026-09-27T18:38:18.116798+00:00,2026-09-29T19:33:50.155431+00:00,2026-09-29T15:33:50.155431-04:00,2026-09-29T15:33:50.155431-04:00,propline_free_sample
2026-09-27,2026-09-27 19:10:00+00:00,Parker Messick,5.5,over,9900,kalshi,238666,Kansas City Royals,Cleveland Guardians,2026-09-27T19:02:46.366028+00:00,2026-09-29T19:33:50.155431+00:00,2026-09-29T15:33:50.155431-04:00,2026-09-29T15:33:50.155431-04:00,propline_free_sample
2026-09-27,2026-09-27 19:10:00+00:00,Parker Messick,6.5,over,9900,kalshi,238666,Kansas City Royals,Cleveland Guardians,2026-09-27T19:06:24.892641+00:00,2026-09-29T19:33:50.155431+00:00,2026-09-29T15:33:50.155431-04:00,2026-09-29T15:33:50.155431-04:00,propline_free_sample
2026-09-27,2026-09-27 19:10:00+00:00,Parker Messick,7.5,over,9900,kalshi,238666,Kansas City Royals,Cleveland Guardians,2026-09-27T18:44:07.606528+00:00,2026-09-29T19:33:50.155431+00:00,2026-09-29T15:33:50.155431-04:00,2026-09-29T15:33:50.155431-04:00,propline_free_sample
2026-09-27,2026-09-27 19:10:00+00:00,JR Ritchie,4.5,over,-99900,novig,238667,Miami Marlins,Atlanta Braves,2026-09-27T18:04:22.355477+00:00,2026-09-29T19:33:50.155431+00:00,2026-09-29T15:33:50.155431-04:00,2026-09-29T15:33:50.155431-04:00,propline_free_sample
2026-09-27,2026-09-27 19:10:00+00:00,JR Ritchie,4.5,under,-99900,novig,238667,Miami Marlins,Atlanta Braves,2026-09-27T18:14:26.815105+00:00,2026-09-29T19:33:50.155431+00:00,2026-09-29T15:33:50.155431-04:00,2026-09-29T15:33:50.155431-04:00,propline_free_sample
2026-09-27,2026-09-27 19:10:00+00:00,Janson Junk,3.5,over,-99900,novig,238667,Miami Marlins,Atlanta Braves,2026-09-27T18:24:51.501038+00:00,2026-09-29T19:33:50.155431+00:00,2026-09-29T15:33:50.155431-04:00,2026-09-29T15:33:50.155431-04:00,propline_free_sample
2026-09-27,2026-09-27 19:10:00+00:00,Janson Junk,3.5,under,-1900,novig,238667,Miami Marlins,Atlanta Braves,2026-09-27T17:02:01.566744+00:00,2026-09-29T19:33:50.155431+00:00,2026-09-29T15:33:50.155431-04:00,2026-09-29T15:33:50.155431-04:00,propline_free_sample
2026-09-27,2026-09-27 19:10:00+00:00,JR Ritchie,3.5,over,9900,polymarket_us,238667,Miami Marlins,Atlanta Braves,2026-09-27T19:03:44.690167+00:00,2026-09-29T19:33:50.155431+00:00,2026-09-29T15:33:50.155431-04:00,2026-09-29T15:33:50.155431-04:00,propline_free_sample
2026-09-27,2026-09-27 19:10:00+00:00,Janson Junk,4.5,over,-669,polymarket_us,238667,Miami Marlins,Atlanta Braves,2026-09-27T19:09:21.277322+00:00,2026-09-29T19:33:50.155431+00:00,2026-09-29T15:33:50.155431-04:00,2026-09-29T15:33:50.155431-04:00,propline_free_sample
2026-09-27,2026-09-27 19:10:00+00:00,Janson Junk,4.5,under,9900,polymarket_us,238667,Miami Marlins,Atlanta Braves,2026-09-27T19:09:21.277322+00:00,2026-09-29T19:33:50.155431+00:00,2026-09-29T15:33:50.155431-04:00,2026-09-29T15:33:50.155431-04:00,propline_free_sample
2026-09-27,2026-09-27 19:10:00+00:00,JR Ritchie,2.5,over,9900,polymarket_us,238667,Miami Marlins,Atlanta Braves,2026-09-27T19:06:16.633828+00:00,2026-09-29T19:33:50.155431+00:00,2026-09-29T15:33:50.155431-04:00,2026-09-29T15:33:50.155431-04:00,propline_free_sample
2026-09-27,2026-09-27 19:10:00+00:00,Janson Junk,7.5,over,669,polymarket_us,238667,Miami Marlins,Atlanta Braves,2026-09-27T19:09:21.277322+00:00,2026-09-29T19:33:50.155431+00:00,2026-09-29T15:33:50.155431-04:00,2026-09-29T15:33:50.155431-04:00,propline_free_sample
2026-09-27,2026-09-27 19:10:00+00:00,Andre Pallante,3.5,under,9900,polymarket_us,238668,Milwaukee Brewers,St. Louis Cardinals,2026-09-27T18:58:41.280048+00:00,2026-09-29T19:33:50.155431+00:00,2026-09-29T15:33:50.155431-04:00,2026-09-29T15:33:50.155431-04:00,propline_free_sample
2026-09-27,2026-09-27 19:10:00+00:00,Andre Pallante,4.5,under,-426,polymarket_us,238668,Milwaukee Brewers,St. Louis Cardinals,2026-09-27T19:06:18.115929+00:00,2026-09-29T19:33:50.155431+00:00,2026-09-29T15:33:50.155431-04:00,2026-09-29T15:33:50.155431-04:00,propline_free_sample
2026-09-27,2026-09-27 19:10:00+00:00,Andre Pallante,5.5,under,-809,polymarket_us,238668,Milwaukee Brewers,St. Louis Cardinals,2026-09-27T19:09:24.579718+00:00,2026-09-29T19:33:50.155431+00:00,2026-09-29T15:33:50.155431-04:00,2026-09-29T15:33:50.155431-04:00,propline_free_sample
2026-09-27,2026-09-27 19:10:00+00:00,Andre Pallante,6.5,under,-1900,polymarket_us,238668,Milwaukee Brewers,St. Louis Cardinals,2026-09-27T18:46:07.063079+00:00,2026-09-29T19:33:50.155431+00:00,2026-09-29T15:33:50.155431-04:00,2026-09-29T15:33:50.155431-04:00,propline_free_sample
2026-09-27,2026-09-27 19:10:00+00:00,Parker Messick,3.5,under,-1900,kalshi,238666,Kansas City Royals,Cleveland Guardians,2026-09-27T18:47:21.182152+00:00,2026-09-29T19:33:50.155431+00:00,2026-09-29T15:33:50.155431-04:00,2026-09-29T15:33:50.155431-04:00,propline_free_sample
2026-09-27,2026-09-27 19:10:00+00:00,Daniel Lynch,2.5,under,-1900,kalshi,238666,Kansas City Royals,Cleveland Guardians,2026-09-27T16:57:42.845142+00:00,2026-09-29T19:33:50.155431+00:00,2026-09-29T15:33:50.155431-04:00,2026-09-29T15:33:50.155431-04:00,propline_free_sample
2026-09-27,2026-09-27 19:10:00+00:00,Ian Ritchie,4.5,over,106,pinnacle,238667,Miami Marlins,Atlanta Braves,2026-09-27T18:22:19.258312+00:00,2026-09-29T19:33:50.155431+00:00,2026-09-29T15:33:50.155431-04:00,2026-09-29T15:33:50.155431-04:00,propline_free_sample
2026-09-27,2026-09-27 19:10:00+00:00,Ian Ritchie,4.5,under,-136,pinnacle,238667,Miami Marlins,Atlanta Braves,2026-09-27T18:22:19.258312+00:00,2026-09-29T19:33:50.155431+00:00,2026-09-29T15:33:50.155431-04:00,2026-09-29T15:33:50.155431-04:00,propline_free_sample
2026-09-27,2026-09-27 19:10:00+00:00,Janson Junk,3.5,over,-100,pinnacle,238667,Miami Marlins,Atlanta Braves,2026-09-27T18:22:19.258312+00:00,2026-09-29T19:33:50.155431+00:00,2026-09-29T15:33:50.155431-04:00,2026-09-29T15:33:50.155431-04:00,propline_free_sample
2026-09-27,2026-09-27 19:10:00+00:00,Janson Junk,3.5,under,-132,pinnacle,238667,Miami Marlins,Atlanta Braves,2026-09-27T18:22:19.258312+00:00,2026-09-29T19:33:50.155431+00:00,2026-09-29T15:33:50.155431-04:00,2026-09-29T15:33:50.155431-04:00,propline_free_sample
2026-09-27,2026-09-27 19:10:00+00:00,Michael Soroka,4.0,over,100,prizepicks,238670,San Diego Padres,Arizona Diamondbacks,2026-09-27T13:07:47.010613+00:00,2026-09-29T19:33:50.155431+00:00,2026-09-29T15:33:50.155431-04:00,2026-09-29T15:33:50.155431-04:00,propline_free_sample
2026-09-27,2026-09-27 19:10:00+00:00,Michael Soroka,3.5,under,100,prizepicks,238670,San Diego Padres,Arizona Diamondbacks,2026-09-27T05:09:26.682614+00:00,2026-09-29T19:33:50.155431+00:00,2026-09-29T15:33:50.155431-04:00,2026-09-29T15:33:50.155431-04:00,propline_free_sample
2026-09-27,2026-09-27 19:10:00+00:00,Kyle Freeland,8.5,over,100,prizepicks,238664,Chicago White Sox,Colorado Rockies,2026-09-27T05:09:26.920096+00:00,2026-09-29T19:33:50.155431+00:00,2026-09-29T15:33:50.155431-04:00,2026-09-29T15:33:50.155431-04:00,propline_free_sample
2026-09-27,2026-09-27 19:10:00+00:00,Dean Kremer,4.5,over,-313,underdog,238669,Minnesota Twins,Texas Rangers,2026-09-27T13:06:20.127884+00:00,2026-09-29T19:33:50.155431+00:00,2026-09-29T15:33:50.155431-04:00,2026-09-29T15:33:50.155431-04:00,propline_free_sample
2026-09-27,2026-09-27 19:10:00+00:00,Dean Kremer,4.5,under,199,underdog,238669,Minnesota Twins,Texas Rangers,2026-09-27T13:06:20.127884+00:00,2026-09-29T19:33:50.155431+00:00,2026-09-29T15:33:50.155431-04:00,2026-09-29T15:33:50.155431-04:00,propline_free_sample
2026-09-27,2026-09-27 19:10:00+00:00,Daniel Lynch IV,2.5,over,100,prizepicks,238666,Kansas City Royals,Cleveland Guardians,2026-09-27T05:09:27.618773+00:00,2026-09-29T19:33:50.155431+00:00,2026-09-29T15:33:50.155431-04:00,2026-09-29T15:33:50.155431-04:00,propline_free_sample
2026-09-27,2026-09-27 19:10:00+00:00,Daniel Lynch IV,2.5,under,100,prizepicks,238666,Kansas City Royals,Cleveland Guardians,2026-09-27T05:09:27.618773+00:00,2026-09-29T19:33:50.155431+00:00,2026-09-29T15:33:50.155431-04:00,2026-09-29T15:33:50.155431-04:00,propline_free_sample
2026-09-27,2026-09-27 19:10:00+00:00,Parker Messick,8.5,over,100,prizepicks,238666,Kansas City Royals,Cleveland Guardians,2026-09-27T05:09:27.618773+00:00,2026-09-29T19:33:50.155431+00:00,2026-09-29T15:33:50.155431-04:00,2026-09-29T15:33:50.155431-04:00,propline_free_sample
2026-09-27,2026-09-27 19:10:00+00:00,Dean Kremer,4.5,over,100,prizepicks,238669,Minnesota Twins,Texas Rangers,2026-09-27T05:09:29.586829+00:00,2026-09-29T19:33:50.155431+00:00,2026-09-29T15:33:50.155431-04:00,2026-09-29T15:33:50.155431-04:00,propline_free_sample
2026-09-27,2026-09-27 19:10:00+00:00,Dean Kremer,4.5,under,100,prizepicks,238669,Minnesota Twins,Texas Rangers,2026-09-27T05:09:29.586829+00:00,2026-09-29T19:33:50.155431+00:00,2026-09-29T15:33:50.155431-04:00,2026-09-29T15:33:50.155431-04:00,propline_free_sample
2026-09-27,2026-09-27 19:10:00+00:00,Dean Kremer,6.5,over,100,prizepicks,238669,Minnesota Twins,Texas Rangers,2026-09-27T05:09:29.586829+00:00,2026-09-29T19:33:50.155431+00:00,2026-09-29T15:33:50.155431-04:00,2026-09-29T15:33:50.155431-04:00,propline_free_sample
2026-09-27,2026-09-27 19:10:00+00:00,Dean Kremer,3.5,over,100,prizepicks,238669,Minnesota Twins,Texas Rangers,2026-09-27T05:09:29.586829+00:00,2026-09-29T19:33:50.155431+00:00,2026-09-29T15:33:50.155431-04:00,2026-09-29T15:33:50.155431-04:00,propline_free_sample
2026-09-27,2026-09-27 19:10:00+00:00,Dean Kremer,4.5,over,107,dabble,238669,Minnesota Twins,Texas Rangers,2026-09-27T18:36:57.325311+00:00,2026-09-29T19:33:50.155431+00:00,2026-09-29T15:33:50.155431-04:00,2026-09-29T15:33:50.155431-04:00,propline_free_sample
2026-09-27,2026-09-27 19:10:00+00:00,Dean Kremer,4.5,under,-105,dabble,238669,Minnesota Twins,Texas Rangers,2026-09-27T19:02:53.123541+00:00,2026-09-29T19:33:50.155431+00:00,2026-09-29T15:33:50.155431-04:00,2026-09-29T15:33:50.155431-04:00,propline_free_sample
2026-09-27,2026-09-27 19:10:00+00:00,Jacob Misiorowski,2.5,over,-3233,kalshi,238668,Milwaukee Brewers,St. Louis Cardinals,2026-09-27T17:56:21.474886+00:00,2026-09-29T19:33:50.155431+00:00,2026-09-29T15:33:50.155431-04:00,2026-09-29T15:33:50.155431-04:00,propline_free_sample
2026-09-27,2026-09-27 19:10:00+00:00,Jacob Misiorowski,3.5,over,-3233,kalshi,238668,Milwaukee Brewers,St. Louis Cardinals,2026-09-27T19:07:59.241321+00:00,2026-09-29T19:33:50.155431+00:00,2026-09-29T15:33:50.155431-04:00,2026-09-29T15:33:50.155431-04:00,propline_free_sample
2026-09-27,2026-09-27 19:10:00+00:00,Jacob Misiorowski,4.5,over,-9900,kalshi,238668,Milwaukee Brewers,St. Louis Cardinals,2026-09-27T19:06:16.714309+00:00,2026-09-29T19:33:50.155431+00:00,2026-09-29T15:33:50.155431-04:00,2026-09-29T15:33:50.155431-04:00,propline_free_sample
2026-09-27,2026-09-27 19:10:00+00:00,Jacob Misiorowski,5.5,over,9900,kalshi,238668,Milwaukee Brewers,St. Louis Cardinals,2026-09-27T19:01:51.706046+00:00,2026-09-29T19:33:50.155431+00:00,2026-09-29T15:33:50.155431-04:00,2026-09-29T15:33:50.155431-04:00,propline_free_sample
2026-09-27,2026-09-27 19:10:00+00:00,Jacob Misiorowski,6.5,over,9900,kalshi,238668,Milwaukee Brewers,St. Louis Cardinals,2026-09-27T19:06:16.714309+00:00,2026-09-29T19:33:50.155431+00:00,2026-09-29T15:33:50.155431-04:00,2026-09-29T15:33:50.155431-04:00,propline_free_sample
2026-09-27,2026-09-27 19:10:00+00:00,Jacob Misiorowski,6.5,under,-4900,kalshi,238668,Milwaukee Brewers,St. Louis Cardinals,2026-09-27T18:54:28.073252+00:00,2026-09-29T19:33:50.155431+00:00,2026-09-29T15:33:50.155431-04:00,2026-09-29T15:33:50.155431-04:00,propline_free_sample
2026-09-27,2026-09-27 19:10:00+00:00,Jacob Misiorowski,7.5,over,9900,kalshi,238668,Milwaukee Brewers,St. Louis Cardinals,2026-09-27T19:06:16.714309+00:00,2026-09-29T19:33:50.155431+00:00,2026-09-29T15:33:50.155431-04:00,2026-09-29T15:33:50.155431-04:00,propline_free_sample
2026-09-27,2026-09-27 19:10:00+00:00,Jacob Misiorowski,10.5,over,9900,kalshi,238668,Milwaukee Brewers,St. Louis Cardinals,2026-09-27T18:08:34.915275+00:00,2026-09-29T19:33:50.155431+00:00,2026-09-29T15:33:50.155431-04:00,2026-09-29T15:33:50.155431-04:00,propline_free_sample
2026-09-27,2026-09-27 19:10:00+00:00,Jacob Misiorowski,11.5,over,9900,kalshi,238668,Milwaukee Brewers,St. Louis Cardinals,2026-09-27T18:37:17.806261+00:00,2026-09-29T19:33:50.155431+00:00,2026-09-29T15:33:50.155431-04:00,2026-09-29T15:33:50.155431-04:00,propline_free_sample
2026-09-27,2026-09-27 19:10:00+00:00,Jacob Misiorowski,12.5,over,9900,kalshi,238668,Milwaukee Brewers,St. Louis Cardinals,2026-09-27T19:02:52.366584+00:00,2026-09-29T19:33:50.155431+00:00,2026-09-29T15:33:50.155431-04:00,2026-09-29T15:33:50.155431-04:00,propline_free_sample
2026-09-27,2026-09-27 19:10:00+00:00,Jacob Misiorowski,8.5,over,9900,kalshi,238668,Milwaukee Brewers,St. Louis Cardinals,2026-09-27T16:37:44.075663+00:00,2026-09-29T19:33:50.155431+00:00,2026-09-29T15:33:50.155431-04:00,2026-09-29T15:33:50.155431-04:00,propline_free_sample
2026-09-27,2026-09-27 19:10:00+00:00,Jacob Misiorowski,9.5,over,9900,kalshi,238668,Milwaukee Brewers,St. Louis Cardinals,2026-09-27T16:41:36.555504+00:00,2026-09-29T19:33:50.155431+00:00,2026-09-29T15:33:50.155431-04:00,2026-09-29T15:33:50.155431-04:00,propline_free_sample
2026-09-27,2026-09-27 19:10:00+00:00,JR Ritchie,6.5,over,9900,polymarket_us,238667,Miami Marlins,Atlanta Braves,2026-09-27T19:01:06.950836+00:00,2026-09-29T19:33:50.155431+00:00,2026-09-29T15:33:50.155431-04:00,2026-09-29T15:33:50.155431-04:00,propline_free_sample
2026-09-27,2026-09-27 19:10:00+00:00,Janson Junk,5.5,over,9900,polymarket_us,238667,Miami Marlins,Atlanta Braves,2026-09-27T15:13:33.317135+00:00,2026-09-29T19:33:50.155431+00:00,2026-09-29T15:33:50.155431-04:00,2026-09-29T15:33:50.155431-04:00,propline_free_sample
2026-09-27,2026-09-27 19:10:00+00:00,JR Ritchie,5.5,over,9900,polymarket_us,238667,Miami Marlins,Atlanta Braves,2026-09-27T18:40:38.933370+00:00,2026-09-29T19:33:50.155431+00:00,2026-09-29T15:33:50.155431-04:00,2026-09-29T15:33:50.155431-04:00,propline_free_sample
2026-09-27,2026-09-27 19:10:00+00:00,Janson Junk,5.5,under,-400,polymarket_us,238667,Miami Marlins,Atlanta Braves,2026-09-27T18:53:21.054585+00:00,2026-09-29T19:33:50.155431+00:00,2026-09-29T15:33:50.155431-04:00,2026-09-29T15:33:50.155431-04:00,propline_free_sample
2026-09-27,2026-09-27 19:10:00+00:00,Anthony Kay,4.5,under,-156,polymarket_us,238664,Chicago White Sox,Colorado Rockies,2026-09-27T19:09:22.228174+00:00,2026-09-29T19:33:50.155431+00:00,2026-09-29T15:33:50.155431-04:00,2026-09-29T15:33:50.155431-04:00,propline_free_sample
2026-09-27,2026-09-27 19:10:00+00:00,Kyle Freeland,5.5,under,-525,polymarket_us,238664,Chicago White Sox,Colorado Rockies,2026-09-27T19:06:17.377973+00:00,2026-09-29T19:33:50.155431+00:00,2026-09-29T15:33:50.155431-04:00,2026-09-29T15:33:50.155431-04:00,propline_free_sample
2026-09-27,2026-09-27 19:10:00+00:00,Kyle Freeland,2.5,over,-108,polymarket_us,238664,Chicago White Sox,Colorado Rockies,2026-09-27T19:09:22.228174+00:00,2026-09-29T19:33:50.155431+00:00,2026-09-29T15:33:50.155431-04:00,2026-09-29T15:33:50.155431-04:00,propline_free_sample
2026-09-27,2026-09-27 19:10:00+00:00,Kyle Freeland,2.5,under,-257,polymarket_us,238664,Chicago White Sox,Colorado Rockies,2026-09-27T14:51:41.651132+00:00,2026-09-29T19:33:50.155431+00:00,2026-09-29T15:33:50.155431-04:00,2026-09-29T15:33:50.155431-04:00,propline_free_sample
2026-09-27,2026-09-27 19:10:00+00:00,Andre Pallante,2.5,under,9900,polymarket_us,238668,Milwaukee Brewers,St. Louis Cardinals,2026-09-27T18:53:21.792421+00:00,2026-09-29T19:33:50.155431+00:00,2026-09-29T15:33:50.155431-04:00,2026-09-29T15:33:50.155431-04:00,propline_free_sample
2026-09-27,2026-09-27 19:10:00+00:00,Andre Pallante,1.5,under,9900,polymarket_us,238668,Milwaukee Brewers,St. Louis Cardinals,2026-09-27T19:09:24.579718+00:00,2026-09-29T19:33:50.155431+00:00,2026-09-29T15:33:50.155431-04:00,2026-09-29T15:33:50.155431-04:00,propline_free_sample
2026-09-27,2026-09-27 19:10:00+00:00,Dean Kremer,4.5,over,-111,smarkets,238669,Minnesota Twins,Texas Rangers,2026-09-27T18:45:42.484821+00:00,2026-09-29T19:33:50.155431+00:00,2026-09-29T15:33:50.155431-04:00,2026-09-29T15:33:50.155431-04:00,propline_free_sample
2026-09-27,2026-09-27 19:10:00+00:00,Dean Kremer,4.5,under,-125,smarkets,238669,Minnesota Twins,Texas Rangers,2026-09-27T18:45:42.484821+00:00,2026-09-29T19:33:50.155431+00:00,2026-09-29T15:33:50.155431-04:00,2026-09-29T15:33:50.155431-04:00,propline_free_sample
2026-09-27,2026-09-27 19:10:00+00:00,Kyle Freeland,6.5,under,-1567,polymarket_us,238664,Chicago White Sox,Colorado Rockies,2026-09-27T19:09:22.228174+00:00,2026-09-29T19:33:50.155431+00:00,2026-09-29T15:33:50.155431-04:00,2026-09-29T15:33:50.155431-04:00,propline_free_sample
2026-09-27,2026-09-27 19:10:00+00:00,Anthony Kay,6.5,under,-2400,polymarket_us,238664,Chicago White Sox,Colorado Rockies,2026-09-27T18:48:41.721195+00:00,2026-09-29T19:33:50.155431+00:00,2026-09-29T15:33:50.155431-04:00,2026-09-29T15:33:50.155431-04:00,propline_free_sample
2026-09-27,2026-09-27 19:10:00+00:00,Daniel Lynch,3.5,under,-1900,kalshi,238666,Kansas City Royals,Cleveland Guardians,2026-09-27T18:43:39.690640+00:00,2026-09-29T19:33:50.155431+00:00,2026-09-29T15:33:50.155431-04:00,2026-09-29T15:33:50.155431-04:00,propline_free_sample
2026-09-27,2026-09-27 19:10:00+00:00,Andre Pallante,1.5,over,-567,polymarket_us,238668,Milwaukee Brewers,St. Louis Cardinals,2026-09-27T19:09:24.579718+00:00,2026-09-29T19:33:50.155431+00:00,2026-09-29T15:33:50.155431-04:00,2026-09-29T15:33:50.155431-04:00,propline_free_sample
2026-09-27,2026-09-27 19:10:00+00:00,Jacob Misiorowski,2.5,under,9900,kalshi,238668,Milwaukee Brewers,St. Louis Cardinals,2026-09-27T19:06:16.714309+00:00,2026-09-29T19:33:50.155431+00:00,2026-09-29T15:33:50.155431-04:00,2026-09-29T15:33:50.155431-04:00,propline_free_sample
2026-09-27,2026-09-27 19:10:00+00:00,Daniel Lynch,1.5,under,9900,kalshi,238666,Kansas City Royals,Cleveland Guardians,2026-09-27T16:51:16.582966+00:00,2026-09-29T19:33:50.155431+00:00,2026-09-29T15:33:50.155431-04:00,2026-09-29T15:33:50.155431-04:00,propline_free_sample
2026-09-27,2026-09-27 19:10:00+00:00,Parker Messick,2.5,under,-1567,kalshi,238666,Kansas City Royals,Cleveland Guardians,2026-09-27T16:18:47.436518+00:00,2026-09-29T19:33:50.155431+00:00,2026-09-29T15:33:50.155431-04:00,2026-09-29T15:33:50.155431-04:00,propline_free_sample
2026-09-27,2026-09-27 19:10:00+00:00,Jacob Misiorowski,9.5,under,-1900,kalshi,238668,Milwaukee Brewers,St. Louis Cardinals,2026-09-27T19:06:16.714309+00:00,2026-09-29T19:33:50.155431+00:00,2026-09-29T15:33:50.155431-04:00,2026-09-29T15:33:50.155431-04:00,propline_free_sample
2026-09-27,2026-09-27 19:10:00+00:00,Parker Messick,5.5,under,-1900,kalshi,238666,Kansas City Royals,Cleveland Guardians,2026-09-27T17:31:32.043826+00:00,2026-09-29T19:33:50.155431+00:00,2026-09-29T15:33:50.155431-04:00,2026-09-29T15:33:50.155431-04:00,propline_free_sample
2026-09-27,2026-09-27 19:10:00+00:00,Daniel Lynch,4.5,under,-1900,kalshi,238666,Kansas City Royals,Cleveland Guardians,2026-09-27T18:43:39.690640+00:00,2026-09-29T19:33:50.155431+00:00,2026-09-29T15:33:50.155431-04:00,2026-09-29T15:33:50.155431-04:00,propline_free_sample
2026-09-27,2026-09-27 19:10:00+00:00,Jacob Misiorowski,10.5,under,-2400,kalshi,238668,Milwaukee Brewers,St. Louis Cardinals,2026-09-27T14:05:23.477741+00:00,2026-09-29T19:33:50.155431+00:00,2026-09-29T15:33:50.155431-04:00,2026-09-29T15:33:50.155431-04:00,propline_free_sample
2026-09-27,2026-09-27 19:10:00+00:00,Parker Messick,3.5,over,9900,polymarket_us,238666,Kansas City Royals,Cleveland Guardians,2026-09-27T18:50:52.333081+00:00,2026-09-29T19:33:50.155431+00:00,2026-09-29T15:33:50.155431-04:00,2026-09-29T15:33:50.155431-04:00,propline_free_sample
2026-09-27,2026-09-27 19:10:00+00:00,Parker Messick,3.5,under,-122,polymarket_us,238666,Kansas City Royals,Cleveland Guardians,2026-09-27T18:50:52.333081+00:00,2026-09-29T19:33:50.155431+00:00,2026-09-29T15:33:50.155431-04:00,2026-09-29T15:33:50.155431-04:00,propline_free_sample
2026-09-27,2026-09-27 19:10:00+00:00,Janson Junk,5.5,over,-119,parlayplay,238667,Miami Marlins,Atlanta Braves,2026-09-27T17:02:48.153562+00:00,2026-09-29T19:33:50.155431+00:00,2026-09-29T15:33:50.155431-04:00,2026-09-29T15:33:50.155431-04:00,propline_free_sample
2026-09-27,2026-09-27 19:10:00+00:00,JR Ritchie,3.5,over,-167,parlayplay,238667,Miami Marlins,Atlanta Braves,2026-09-27T08:16:53.904134+00:00,2026-09-29T19:33:50.155431+00:00,2026-09-29T15:33:50.155431-04:00,2026-09-29T15:33:50.155431-04:00,propline_free_sample
2026-09-27,2026-09-27 19:10:00+00:00,Janson Junk,5.5,under,-135,parlayplay,238667,Miami Marlins,Atlanta Braves,2026-09-27T17:02:48.153562+00:00,2026-09-29T19:33:50.155431+00:00,2026-09-29T15:33:50.155431-04:00,2026-09-29T15:33:50.155431-04:00,propline_free_sample
2026-09-27,2026-09-27 19:10:00+00:00,JR Ritchie,3.5,under,-114,parlayplay,238667,Miami Marlins,Atlanta Braves,2026-09-27T08:16:53.904134+00:00,2026-09-29T19:33:50.155431+00:00,2026-09-29T15:33:50.155431-04:00,2026-09-29T15:33:50.155431-04:00,propline_free_sample
2026-09-27,2026-09-27 19:10:00+00:00,Jacob Misiorowski,4.5,under,9900,kalshi,238668,Milwaukee Brewers,St. Louis Cardinals,2026-09-27T18:53:23.006021+00:00,2026-09-29T19:33:50.155431+00:00,2026-09-29T15:33:50.155431-04:00,2026-09-29T15:33:50.155431-04:00,propline_free_sample
2026-09-27,2026-09-27 19:10:00+00:00,Jacob Misiorowski,8.5,under,-1900,kalshi,238668,Milwaukee Brewers,St. Louis Cardinals,2026-09-27T19:07:59.241321+00:00,2026-09-29T19:33:50.155431+00:00,2026-09-29T15:33:50.155431-04:00,2026-09-29T15:33:50.155431-04:00,propline_free_sample
2026-09-27,2026-09-27 19:10:00+00:00,Parker Messick,6.5,under,-3233,kalshi,238666,Kansas City Royals,Cleveland Guardians,2026-09-27T19:08:06.850482+00:00,2026-09-29T19:33:50.155431+00:00,2026-09-29T15:33:50.155431-04:00,2026-09-29T15:33:50.155431-04:00,propline_free_sample
2026-09-27,2026-09-27 19:10:00+00:00,Parker Messick,1.5,over,-147,parlayplay,238666,Kansas City Royals,Cleveland Guardians,2026-09-27T18:59:03.509548+00:00,2026-09-29T19:33:50.155431+00:00,2026-09-29T15:33:50.155431-04:00,2026-09-29T15:33:50.155431-04:00,propline_free_sample
2026-09-27,2026-09-27 19:10:00+00:00,Parker Messick,1.5,under,-108,parlayplay,238666,Kansas City Royals,Cleveland Guardians,2026-09-27T18:59:03.509548+00:00,2026-09-29T19:33:50.155431+00:00,2026-09-29T15:33:50.155431-04:00,2026-09-29T15:33:50.155431-04:00,propline_free_sample
2026-09-27,2026-09-27 19:10:00+00:00,Parker Messick,1.5,under,9900,kalshi,238666,Kansas City Royals,Cleveland Guardians,2026-09-27T19:06:24.892641+00:00,2026-09-29T19:33:50.155431+00:00,2026-09-29T15:33:50.155431-04:00,2026-09-29T15:33:50.155431-04:00,propline_free_sample
2026-09-27,2026-09-27 19:10:00+00:00,Daniel Lynch,0.5,under,9900,kalshi,238666,Kansas City Royals,Cleveland Guardians,2026-09-27T19:06:24.892641+00:00,2026-09-29T19:33:50.155431+00:00,2026-09-29T15:33:50.155431-04:00,2026-09-29T15:33:50.155431-04:00,propline_free_sample
2026-09-27,2026-09-27 19:10:00+00:00,Daniel Lynch,1.5,over,-135,parlayplay,238666,Kansas City Royals,Cleveland Guardians,2026-09-27T17:56:15.400466+00:00,2026-09-29T19:33:50.155431+00:00,2026-09-29T15:33:50.155431-04:00,2026-09-29T15:33:50.155431-04:00,propline_free_sample
2026-09-27,2026-09-27 19:10:00+00:00,Daniel Lynch,1.5,under,-119,parlayplay,238666,Kansas City Royals,Cleveland Guardians,2026-09-27T17:56:15.400466+00:00,2026-09-29T19:33:50.155431+00:00,2026-09-29T15:33:50.155431-04:00,2026-09-29T15:33:50.155431-04:00,propline_free_sample
2026-09-27,2026-09-27 19:10:00+00:00,Randy Vásquez,2.5,over,135,dabble,238670,San Diego Padres,Arizona Diamondbacks,2026-09-27T18:33:59.096291+00:00,2026-09-29T19:33:50.155431+00:00,2026-09-29T15:33:50.155431-04:00,2026-09-29T15:33:50.155431-04:00,propline_free_sample
2026-09-27,2026-09-27 19:10:00+00:00,Randy Vásquez,2.5,under,-133,dabble,238670,San Diego Padres,Arizona Diamondbacks,2026-09-27T18:33:59.096291+00:00,2026-09-29T19:33:50.155431+00:00,2026-09-29T15:33:50.155431-04:00,2026-09-29T15:33:50.155431-04:00,propline_free_sample
2026-09-27,2026-09-27 19:10:00+00:00,Parker Messick,4.5,under,-1567,kalshi,238666,Kansas City Royals,Cleveland Guardians,2026-09-27T19:01:38.798635+00:00,2026-09-29T19:33:50.155431+00:00,2026-09-29T15:33:50.155431-04:00,2026-09-29T15:33:50.155431-04:00,propline_free_sample
2026-09-27,2026-09-27 19:10:00+00:00,Jacob Misiorowski,3.5,under,9900,kalshi,238668,Milwaukee Brewers,St. Louis Cardinals,2026-09-27T19:06:16.714309+00:00,2026-09-29T19:33:50.155431+00:00,2026-09-29T15:33:50.155431-04:00,2026-09-29T15:33:50.155431-04:00,propline_free_sample
2026-09-27,2026-09-27 19:10:00+00:00,Jacob Misiorowski,5.5,under,-1900,kalshi,238668,Milwaukee Brewers,St. Louis Cardinals,2026-09-27T19:06:16.714309+00:00,2026-09-29T19:33:50.155431+00:00,2026-09-29T15:33:50.155431-04:00,2026-09-29T15:33:50.155431-04:00,propline_free_sample
2026-09-27,2026-09-27 19:10:00+00:00,Jacob Misiorowski,7.5,under,-1900,kalshi,238668,Milwaukee Brewers,St. Louis Cardinals,2026-09-27T19:06:16.714309+00:00,2026-09-29T19:33:50.155431+00:00,2026-09-29T15:33:50.155431-04:00,2026-09-29T15:33:50.155431-04:00,propline_free_sample
2026-09-27,2026-09-27 19:10:00+00:00,Jacob Misiorowski,5.5,over,-317,polymarket_us,238668,Milwaukee Brewers,St. Louis Cardinals,2026-09-27T19:06:18.115929+00:00,2026-09-29T19:33:50.155431+00:00,2026-09-29T15:33:50.155431-04:00,2026-09-29T15:33:50.155431-04:00,propline_free_sample
2026-09-27,2026-09-27 19:10:00+00:00,Randy Vásquez,2.5,over,152,underdog,238670,San Diego Padres,Arizona Diamondbacks,2026-09-27T18:33:46.809630+00:00,2026-09-29T19:33:50.155431+00:00,2026-09-29T15:33:50.155431-04:00,2026-09-29T15:33:50.155431-04:00,propline_free_sample
2026-09-27,2026-09-27 19:10:00+00:00,Randy Vásquez,2.5,under,-228,underdog,238670,San Diego Padres,Arizona Diamondbacks,2026-09-27T18:22:27.339776+00:00,2026-09-29T19:33:50.155431+00:00,2026-09-29T15:33:50.155431-04:00,2026-09-29T15:33:50.155431-04:00,propline_free_sample
2026-09-27,2026-09-27 19:10:00+00:00,Kyle Freeland,3.5,over,-167,parlayplay,238664,Chicago White Sox,Colorado Rockies,2026-09-27T16:25:41.706824+00:00,2026-09-29T19:33:50.155431+00:00,2026-09-29T15:33:50.155431-04:00,2026-09-29T15:33:50.155431-04:00,propline_free_sample
2026-09-27,2026-09-27 19:10:00+00:00,Kyle Freeland,3.5,under,-114,parlayplay,238664,Chicago White Sox,Colorado Rockies,2026-09-27T16:25:41.706824+00:00,2026-09-29T19:33:50.155431+00:00,2026-09-29T15:33:50.155431-04:00,2026-09-29T15:33:50.155431-04:00,propline_free_sample
2026-09-27,2026-09-27 19:10:00+00:00,Jacob Misiorowski,6.5,over,9900,polymarket_us,238668,Milwaukee Brewers,St. Louis Cardinals,2026-09-27T19:06:18.115929+00:00,2026-09-29T19:33:50.155431+00:00,2026-09-29T15:33:50.155431-04:00,2026-09-29T15:33:50.155431-04:00,propline_free_sample
2026-09-27,2026-09-27 19:10:00+00:00,Anthony Kay,5.5,over,106,parlayplay,238664,Chicago White Sox,Colorado Rockies,2026-09-27T19:06:51.616688+00:00,2026-09-29T19:33:50.155431+00:00,2026-09-29T15:33:50.155431-04:00,2026-09-29T15:33:50.155431-04:00,propline_free_sample
2026-09-27,2026-09-27 19:10:00+00:00,Anthony Kay,5.5,under,-185,parlayplay,238664,Chicago White Sox,Colorado Rockies,2026-09-27T19:06:51.616688+00:00,2026-09-29T19:33:50.155431+00:00,2026-09-29T15:33:50.155431-04:00,2026-09-29T15:33:50.155431-04:00,propline_free_sample
2026-09-27,2026-09-27 19:10:00+00:00,Jacob Misiorowski,7.5,over,9900,polymarket_us,238668,Milwaukee Brewers,St. Louis Cardinals,2026-09-27T19:09:24.579718+00:00,2026-09-29T19:33:50.155431+00:00,2026-09-29T15:33:50.155431-04:00,2026-09-29T15:33:50.155431-04:00,propline_free_sample
2026-09-27,2026-09-27 19:10:00+00:00,Jacob Misiorowski,4.5,over,-317,polymarket_us,238668,Milwaukee Brewers,St. Louis Cardinals,2026-09-27T17:41:40.305304+00:00,2026-09-29T19:33:50.155431+00:00,2026-09-29T15:33:50.155431-04:00,2026-09-29T15:33:50.155431-04:00,propline_free_sample
2026-09-27,2026-09-27 19:10:00+00:00,Andre Pallante,1.5,over,-119,parlayplay,238668,Milwaukee Brewers,St. Louis Cardinals,2026-09-27T18:43:58.560558+00:00,2026-09-29T19:33:50.155431+00:00,2026-09-29T15:33:50.155431-04:00,2026-09-29T15:33:50.155431-04:00,propline_free_sample
2026-09-27,2026-09-27 19:10:00+00:00,Jacob Misiorowski,6.5,over,-167,parlayplay,238668,Milwaukee Brewers,St. Louis Cardinals,2026-09-27T14:06:16.556055+00:00,2026-09-29T19:33:50.155431+00:00,2026-09-29T15:33:50.155431-04:00,2026-09-29T15:33:50.155431-04:00,propline_free_sample
2026-09-27,2026-09-27 19:10:00+00:00,Andre Pallante,1.5,under,-130,parlayplay,238668,Milwaukee Brewers,St. Louis Cardinals,2026-09-27T18:41:02.687651+00:00,2026-09-29T19:33:50.155431+00:00,2026-09-29T15:33:50.155431-04:00,2026-09-29T15:33:50.155431-04:00,propline_free_sample
2026-09-27,2026-09-27 19:10:00+00:00,Jacob Misiorowski,6.5,under,-141,parlayplay,238668,Milwaukee Brewers,St. Louis Cardinals,2026-09-27T14:06:16.556055+00:00,2026-09-29T19:33:50.155431+00:00,2026-09-29T15:33:50.155431-04:00,2026-09-29T15:33:50.155431-04:00,propline_free_sample
2026-09-27,2026-09-27 19:10:00+00:00,Jacob Misiorowski,5.5,under,156,polymarket_us,238668,Milwaukee Brewers,St. Louis Cardinals,2026-09-27T16:40:14.426911+00:00,2026-09-29T19:33:50.155431+00:00,2026-09-29T15:33:50.155431-04:00,2026-09-29T15:33:50.155431-04:00,propline_free_sample
2026-09-27,2026-09-27 19:10:00+00:00,Jacob Misiorowski,6.5,under,-133,polymarket_us,238668,Milwaukee Brewers,St. Louis Cardinals,2026-09-27T18:48:43.619801+00:00,2026-09-29T19:33:50.155431+00:00,2026-09-29T15:33:50.155431-04:00,2026-09-29T15:33:50.155431-04:00,propline_free_sample
2026-09-27,2026-09-27 19:10:00+00:00,Michael Soroka,3.5,over,-169,smarkets,238670,San Diego Padres,Arizona Diamondbacks,2026-09-27T16:38:00.271401+00:00,2026-09-29T19:33:50.155431+00:00,2026-09-29T15:33:50.155431-04:00,2026-09-29T15:33:50.155431-04:00,propline_free_sample
2026-09-27,2026-09-27 19:10:00+00:00,Michael Soroka,3.5,under,120,smarkets,238670,San Diego Padres,Arizona Diamondbacks,2026-09-27T16:38:00.271401+00:00,2026-09-29T19:33:50.155431+00:00,2026-09-29T15:33:50.155431-04:00,2026-09-29T15:33:50.155431-04:00,propline_free_sample
2026-09-27,2026-09-27 19:10:00+00:00,Randy Vásquez,2.5,over,112,smarkets,238670,San Diego Padres,Arizona Diamondbacks,2026-09-27T18:34:36.192597+00:00,2026-09-29T19:33:50.155431+00:00,2026-09-29T15:33:50.155431-04:00,2026-09-29T15:33:50.155431-04:00,propline_free_sample
2026-09-27,2026-09-27 19:10:00+00:00,Randy Vásquez,2.5,under,-159,smarkets,238670,San Diego Padres,Arizona Diamondbacks,2026-09-27T18:34:36.192597+00:00,2026-09-29T19:33:50.155431+00:00,2026-09-29T15:33:50.155431-04:00,2026-09-29T15:33:50.155431-04:00,propline_free_sample
2026-09-27,2026-09-27 19:10:00+00:00,Jacob Misiorowski,6.5,over,-99900,novig,238668,Milwaukee Brewers,St. Louis Cardinals,2026-09-27T18:55:36.408448+00:00,2026-09-29T19:33:50.155431+00:00,2026-09-29T15:33:50.155431-04:00,2026-09-29T15:33:50.155431-04:00,propline_free_sample
2026-09-27,2026-09-27 19:10:00+00:00,Jacob Misiorowski,6.5,under,-99900,novig,238668,Milwaukee Brewers,St. Louis Cardinals,2026-09-27T19:08:44.846413+00:00,2026-09-29T19:33:50.155431+00:00,2026-09-29T15:33:50.155431-04:00,2026-09-29T15:33:50.155431-04:00,propline_free_sample
2026-09-27,2026-09-27 19:10:00+00:00,Daniel Lynch IV,2.5,over,-257,novig,238666,Kansas City Royals,Cleveland Guardians,2026-09-27T17:53:59.057866+00:00,2026-09-29T19:33:50.155431+00:00,2026-09-29T15:33:50.155431-04:00,2026-09-29T15:33:50.155431-04:00,propline_free_sample
2026-09-27,2026-09-27 19:10:00+00:00,Daniel Lynch IV,2.5,under,170,novig,238666,Kansas City Royals,Cleveland Guardians,2026-09-27T17:55:32.282527+00:00,2026-09-29T19:33:50.155431+00:00,2026-09-29T15:33:50.155431-04:00,2026-09-29T15:33:50.155431-04:00,propline_free_sample
2026-09-27,2026-09-27 19:10:00+00:00,Jacob Misiorowski,6.5,under,-125,prophetx,238668,Milwaukee Brewers,St. Louis Cardinals,2026-09-27T19:09:09.918995+00:00,2026-09-29T19:33:50.155431+00:00,2026-09-29T15:33:50.155431-04:00,2026-09-29T15:33:50.155431-04:00,propline_free_sample
2026-09-27,2026-09-27 19:10:00+00:00,Daniel Lynch IV,2.5,over,9900,polymarket_us,238666,Kansas City Royals,Cleveland Guardians,2026-09-27T18:37:55.084920+00:00,2026-09-29T19:33:50.155431+00:00,2026-09-29T15:33:50.155431-04:00,2026-09-29T15:33:50.155431-04:00,propline_free_sample
2026-09-27,2026-09-27 19:10:00+00:00,Daniel Lynch IV,2.5,under,-245,polymarket_us,238666,Kansas City Royals,Cleveland Guardians,2026-09-27T18:50:52.333081+00:00,2026-09-29T19:33:50.155431+00:00,2026-09-29T15:33:50.155431-04:00,2026-09-29T15:33:50.155431-04:00,propline_free_sample
2026-09-27,2026-09-27 19:10:00+00:00,JR Ritchie,7.5,over,9900,polymarket_us,238667,Miami Marlins,Atlanta Braves,2026-09-27T18:53:21.054585+00:00,2026-09-29T19:33:50.155431+00:00,2026-09-29T15:33:50.155431-04:00,2026-09-29T15:33:50.155431-04:00,propline_free_sample
2026-09-27,2026-09-27 19:10:00+00:00,Jacob Misiorowski,4.5,under,9900,polymarket_us,238668,Milwaukee Brewers,St. Louis Cardinals,2026-09-27T16:40:14.426911+00:00,2026-09-29T19:33:50.155431+00:00,2026-09-29T15:33:50.155431-04:00,2026-09-29T15:33:50.155431-04:00,propline_free_sample
2026-09-27,2026-09-27 19:10:00+00:00,Jacob Misiorowski,11.5,under,-3233,kalshi,238668,Milwaukee Brewers,St. Louis Cardinals,2026-09-27T17:14:57.124791+00:00,2026-09-29T19:33:50.155431+00:00,2026-09-29T15:33:50.155431-04:00,2026-09-29T15:33:50.155431-04:00,propline_free_sample
2026-09-27,2026-09-27 19:10:00+00:00,Randy Vásquez,2.5,over,100,prizepicks,238670,San Diego Padres,Arizona Diamondbacks,2026-09-27T05:35:34.002872+00:00,2026-09-29T19:33:50.155431+00:00,2026-09-29T15:33:50.155431-04:00,2026-09-29T15:33:50.155431-04:00,propline_free_sample
2026-09-27,2026-09-27 19:10:00+00:00,Randy Vásquez,2.5,under,100,prizepicks,238670,San Diego Padres,Arizona Diamondbacks,2026-09-27T05:35:34.002872+00:00,2026-09-29T19:33:50.155431+00:00,2026-09-29T15:33:50.155431-04:00,2026-09-29T15:33:50.155431-04:00,propline_free_sample
2026-09-27,2026-09-27 19:10:00+00:00,Randy Vásquez,3.5,over,100,prizepicks,238670,San Diego Padres,Arizona Diamondbacks,2026-09-27T05:35:34.002872+00:00,2026-09-29T19:33:50.155431+00:00,2026-09-29T15:33:50.155431-04:00,2026-09-29T15:33:50.155431-04:00,propline_free_sample
2026-09-27,2026-09-27 19:10:00+00:00,Michael Soroka,6.5,over,100,prizepicks,238670,San Diego Padres,Arizona Diamondbacks,2026-09-27T05:35:34.002872+00:00,2026-09-29T19:33:50.155431+00:00,2026-09-29T15:33:50.155431-04:00,2026-09-29T15:33:50.155431-04:00,propline_free_sample
2026-09-27,2026-09-27 19:10:00+00:00,Michael Soroka,3.5,over,100,prizepicks,238670,San Diego Padres,Arizona Diamondbacks,2026-09-27T05:35:34.002872+00:00,2026-09-29T19:33:50.155431+00:00,2026-09-29T15:33:50.155431-04:00,2026-09-29T15:33:50.155431-04:00,propline_free_sample
2026-09-27,2026-09-27 19:10:00+00:00,Michael Soroka,3.5,under,100,prizepicks,238670,San Diego Padres,Arizona Diamondbacks,2026-09-27T05:35:34.002872+00:00,2026-09-29T19:33:50.155431+00:00,2026-09-29T15:33:50.155431-04:00,2026-09-29T15:33:50.155431-04:00,propline_free_sample
2026-09-27,2026-09-27 19:10:00+00:00,Jacob Misiorowski,6.5,over,100,prizepicks,238668,Milwaukee Brewers,St. Louis Cardinals,2026-09-27T05:40:38.993834+00:00,2026-09-29T19:33:50.155431+00:00,2026-09-29T15:33:50.155431-04:00,2026-09-29T15:33:50.155431-04:00,propline_free_sample
2026-09-27,2026-09-27 19:10:00+00:00,Jacob Misiorowski,6.5,under,100,prizepicks,238668,Milwaukee Brewers,St. Louis Cardinals,2026-09-27T05:40:38.993834+00:00,2026-09-29T19:33:50.155431+00:00,2026-09-29T15:33:50.155431-04:00,2026-09-29T15:33:50.155431-04:00,propline_free_sample
2026-09-27,2026-09-27 19:10:00+00:00,Logan Gilbert,7.5,over,129,dabble,238671,Seattle Mariners,Los Angeles Angels,2026-09-27T16:50:03.221708+00:00,2026-09-29T19:33:50.155431+00:00,2026-09-29T15:33:50.155431-04:00,2026-09-29T15:33:50.155431-04:00,propline_free_sample
2026-09-27,2026-09-27 19:10:00+00:00,Yusei Kikuchi,4.5,over,-135,dabble,238671,Seattle Mariners,Los Angeles Angels,2026-09-27T17:15:26.330390+00:00,2026-09-29T19:33:50.155431+00:00,2026-09-29T15:33:50.155431-04:00,2026-09-29T15:33:50.155431-04:00,propline_free_sample
2026-09-27,2026-09-27 19:10:00+00:00,Logan Gilbert,7.5,under,-128,dabble,238671,Seattle Mariners,Los Angeles Angels,2026-09-27T16:50:03.221708+00:00,2026-09-29T19:33:50.155431+00:00,2026-09-29T15:33:50.155431-04:00,2026-09-29T15:33:50.155431-04:00,propline_free_sample
2026-09-27,2026-09-27 19:10:00+00:00,Yusei Kikuchi,4.5,under,136,dabble,238671,Seattle Mariners,Los Angeles Angels,2026-09-27T17:15:26.330390+00:00,2026-09-29T19:33:50.155431+00:00,2026-09-29T15:33:50.155431-04:00,2026-09-29T15:33:50.155431-04:00,propline_free_sample
