date,commence_time_utc,pitcher_name,line,side,price,sportsbook,event_id,home_team,away_team,vendor_snapshot_time,collected_at_utc,collected_at_et,snapshot_time_et,source
2026-09-12,2026-09-12 19:07:00+00:00,Kyle Bradish,3.5,over,-120,fanduel,209922,Toronto Blue Jays,Baltimore Orioles,2026-09-12T17:29:51.999049+00:00,2026-09-12T22:28:11.263349+00:00,2026-09-12T18:28:11.263349-04:00,2026-09-12T18:28:11.263349-04:00,propline_free_sample
2026-09-12,2026-09-12 19:07:00+00:00,Kyle Bradish,3.5,under,-104,fanduel,209922,Toronto Blue Jays,Baltimore Orioles,2026-09-12T19:02:12.355949+00:00,2026-09-12T22:28:11.263349+00:00,2026-09-12T18:28:11.263349-04:00,2026-09-12T18:28:11.263349-04:00,propline_free_sample
2026-09-12,2026-09-12 19:07:00+00:00,Spencer Miles,4.5,over,-170,fanduel,209922,Toronto Blue Jays,Baltimore Orioles,2026-09-12T04:01:38.450492+00:00,2026-09-12T22:28:11.263349+00:00,2026-09-12T18:28:11.263349-04:00,2026-09-12T18:28:11.263349-04:00,propline_free_sample
2026-09-12,2026-09-12 19:07:00+00:00,Spencer Miles,4.5,under,132,fanduel,209922,Toronto Blue Jays,Baltimore Orioles,2026-09-12T04:01:38.450492+00:00,2026-09-12T22:28:11.263349+00:00,2026-09-12T18:28:11.263349-04:00,2026-09-12T18:28:11.263349-04:00,propline_free_sample
2026-09-12,2026-09-12 19:07:00+00:00,Kyle Bradish,3.5,over,-111,dabble,209922,Toronto Blue Jays,Baltimore Orioles,2026-09-12T18:31:19.795148+00:00,2026-09-12T22:28:11.263349+00:00,2026-09-12T18:28:11.263349-04:00,2026-09-12T18:28:11.263349-04:00,propline_free_sample
2026-09-12,2026-09-12 19:07:00+00:00,Spencer Miles,1.5,over,-159,dabble,209922,Toronto Blue Jays,Baltimore Orioles,2026-09-12T16:39:40.463406+00:00,2026-09-12T22:28:11.263349+00:00,2026-09-12T18:28:11.263349-04:00,2026-09-12T18:28:11.263349-04:00,propline_free_sample
2026-09-12,2026-09-12 19:07:00+00:00,Kyle Bradish,3.5,under,112,dabble,209922,Toronto Blue Jays,Baltimore Orioles,2026-09-12T16:14:05.325626+00:00,2026-09-12T22:28:11.263349+00:00,2026-09-12T18:28:11.263349-04:00,2026-09-12T18:28:11.263349-04:00,propline_free_sample
2026-09-12,2026-09-12 19:07:00+00:00,Spencer Miles,1.5,under,160,dabble,209922,Toronto Blue Jays,Baltimore Orioles,2026-09-12T16:39:40.463406+00:00,2026-09-12T22:28:11.263349+00:00,2026-09-12T18:28:11.263349-04:00,2026-09-12T18:28:11.263349-04:00,propline_free_sample
2026-09-12,2026-09-12 19:07:00+00:00,Kyle Bradish,3.5,over,-110,underdog,209922,Toronto Blue Jays,Baltimore Orioles,2026-09-12T18:49:39.900486+00:00,2026-09-12T22:28:11.263349+00:00,2026-09-12T18:28:11.263349-04:00,2026-09-12T18:28:11.263349-04:00,propline_free_sample
2026-09-12,2026-09-12 19:07:00+00:00,Spencer Miles,2.5,over,-218,underdog,209922,Toronto Blue Jays,Baltimore Orioles,2026-09-12T16:39:48.894496+00:00,2026-09-12T22:28:11.263349+00:00,2026-09-12T18:28:11.263349-04:00,2026-09-12T18:28:11.263349-04:00,propline_free_sample
2026-09-12,2026-09-12 19:07:00+00:00,Kyle Bradish,3.5,under,-136,underdog,209922,Toronto Blue Jays,Baltimore Orioles,2026-09-12T19:06:13.704957+00:00,2026-09-12T22:28:11.263349+00:00,2026-09-12T18:28:11.263349-04:00,2026-09-12T18:28:11.263349-04:00,propline_free_sample
2026-09-12,2026-09-12 19:07:00+00:00,Spencer Miles,2.5,under,144,underdog,209922,Toronto Blue Jays,Baltimore Orioles,2026-09-12T16:39:48.894496+00:00,2026-09-12T22:28:11.263349+00:00,2026-09-12T18:28:11.263349-04:00,2026-09-12T18:28:11.263349-04:00,propline_free_sample
2026-09-12,2026-09-12 19:07:00+00:00,Kyle Bradish (BAL),3.5,over,110,bovada,209922,Toronto Blue Jays,Baltimore Orioles,2026-09-12T17:47:13.874367+00:00,2026-09-12T22:28:11.263349+00:00,2026-09-12T18:28:11.263349-04:00,2026-09-12T18:28:11.263349-04:00,propline_free_sample
2026-09-12,2026-09-12 19:07:00+00:00,Kyle Bradish (BAL),3.5,under,-145,bovada,209922,Toronto Blue Jays,Baltimore Orioles,2026-09-12T17:47:13.874367+00:00,2026-09-12T22:28:11.263349+00:00,2026-09-12T18:28:11.263349-04:00,2026-09-12T18:28:11.263349-04:00,propline_free_sample
2026-09-12,2026-09-12 19:07:00+00:00,Spencer Miles (TOR),4.5,over,-170,bovada,209922,Toronto Blue Jays,Baltimore Orioles,2026-09-12T04:09:14.503690+00:00,2026-09-12T22:28:11.263349+00:00,2026-09-12T18:28:11.263349-04:00,2026-09-12T18:28:11.263349-04:00,propline_free_sample
2026-09-12,2026-09-12 19:07:00+00:00,Spencer Miles (TOR),4.5,under,130,bovada,209922,Toronto Blue Jays,Baltimore Orioles,2026-09-12T04:09:14.503690+00:00,2026-09-12T22:28:11.263349+00:00,2026-09-12T18:28:11.263349-04:00,2026-09-12T18:28:11.263349-04:00,propline_free_sample
2026-09-12,2026-09-12 19:07:00+00:00,Kyle Bradish,3.5,over,-132,smarkets,209922,Toronto Blue Jays,Baltimore Orioles,2026-09-12T18:39:16.216633+00:00,2026-09-12T22:28:11.263349+00:00,2026-09-12T18:28:11.263349-04:00,2026-09-12T18:28:11.263349-04:00,propline_free_sample
2026-09-12,2026-09-12 19:07:00+00:00,Kyle Bradish,3.5,under,-105,smarkets,209922,Toronto Blue Jays,Baltimore Orioles,2026-09-12T17:55:18.956460+00:00,2026-09-12T22:28:11.263349+00:00,2026-09-12T18:28:11.263349-04:00,2026-09-12T18:28:11.263349-04:00,propline_free_sample
2026-09-12,2026-09-12 19:07:00+00:00,Spencer Miles,1.5,over,-101,smarkets,209922,Toronto Blue Jays,Baltimore Orioles,2026-09-12T16:19:11.515338+00:00,2026-09-12T22:28:11.263349+00:00,2026-09-12T18:28:11.263349-04:00,2026-09-12T18:28:11.263349-04:00,propline_free_sample
2026-09-12,2026-09-12 19:07:00+00:00,Spencer Miles,1.5,under,-139,smarkets,209922,Toronto Blue Jays,Baltimore Orioles,2026-09-12T16:19:11.515338+00:00,2026-09-12T22:28:11.263349+00:00,2026-09-12T18:28:11.263349-04:00,2026-09-12T18:28:11.263349-04:00,propline_free_sample
2026-09-12,2026-09-12 19:07:00+00:00,Kyle Bradish,3.5,over,-120,prophetx,209922,Toronto Blue Jays,Baltimore Orioles,2026-09-12T18:29:14.608166+00:00,2026-09-12T22:28:11.263349+00:00,2026-09-12T18:28:11.263349-04:00,2026-09-12T18:28:11.263349-04:00,propline_free_sample
2026-09-12,2026-09-12 19:07:00+00:00,Kyle Bradish,3.5,under,-104,prophetx,209922,Toronto Blue Jays,Baltimore Orioles,2026-09-12T18:57:37.569637+00:00,2026-09-12T22:28:11.263349+00:00,2026-09-12T18:28:11.263349-04:00,2026-09-12T18:28:11.263349-04:00,propline_free_sample
2026-09-12,2026-09-12 19:07:00+00:00,Kyle Bradish,3.5,over,-120,fanatics,209922,Toronto Blue Jays,Baltimore Orioles,2026-09-12T18:35:15.155106+00:00,2026-09-12T22:28:11.263349+00:00,2026-09-12T18:28:11.263349-04:00,2026-09-12T18:28:11.263349-04:00,propline_free_sample
2026-09-12,2026-09-12 19:07:00+00:00,Kyle Bradish,3.5,under,-110,fanatics,209922,Toronto Blue Jays,Baltimore Orioles,2026-09-12T18:35:15.155106+00:00,2026-09-12T22:28:11.263349+00:00,2026-09-12T18:28:11.263349-04:00,2026-09-12T18:28:11.263349-04:00,propline_free_sample
2026-09-12,2026-09-12 19:07:00+00:00,Kyle Bradish,3.5,over,-112,novig,209922,Toronto Blue Jays,Baltimore Orioles,2026-09-12T19:01:39.409100+00:00,2026-09-12T22:28:11.263349+00:00,2026-09-12T18:28:11.263349-04:00,2026-09-12T18:28:11.263349-04:00,propline_free_sample
2026-09-12,2026-09-12 19:07:00+00:00,Kyle Bradish,3.5,under,108,novig,209922,Toronto Blue Jays,Baltimore Orioles,2026-09-12T18:37:52.320892+00:00,2026-09-12T22:28:11.263349+00:00,2026-09-12T18:28:11.263349-04:00,2026-09-12T18:28:11.263349-04:00,propline_free_sample
2026-09-12,2026-09-12 19:07:00+00:00,Spencer Miles,1.5,over,100,prizepicks,209922,Toronto Blue Jays,Baltimore Orioles,2026-09-12T04:15:34.989365+00:00,2026-09-12T22:28:11.263349+00:00,2026-09-12T18:28:11.263349-04:00,2026-09-12T18:28:11.263349-04:00,propline_free_sample
2026-09-12,2026-09-12 19:07:00+00:00,Spencer Miles,1.5,under,100,prizepicks,209922,Toronto Blue Jays,Baltimore Orioles,2026-09-12T04:15:34.989365+00:00,2026-09-12T22:28:11.263349+00:00,2026-09-12T18:28:11.263349-04:00,2026-09-12T18:28:11.263349-04:00,propline_free_sample
2026-09-12,2026-09-12 19:07:00+00:00,Spencer Miles,3.5,over,100,prizepicks,209922,Toronto Blue Jays,Baltimore Orioles,2026-09-12T04:15:34.989365+00:00,2026-09-12T22:28:11.263349+00:00,2026-09-12T18:28:11.263349-04:00,2026-09-12T18:28:11.263349-04:00,propline_free_sample
2026-09-12,2026-09-12 19:07:00+00:00,Kyle Bradish,4.5,over,100,prizepicks,209922,Toronto Blue Jays,Baltimore Orioles,2026-09-12T04:15:34.989365+00:00,2026-09-12T22:28:11.263349+00:00,2026-09-12T18:28:11.263349-04:00,2026-09-12T18:28:11.263349-04:00,propline_free_sample
2026-09-12,2026-09-12 19:07:00+00:00,Kyle Bradish,5.5,over,100,prizepicks,209922,Toronto Blue Jays,Baltimore Orioles,2026-09-12T04:15:34.989365+00:00,2026-09-12T22:28:11.263349+00:00,2026-09-12T18:28:11.263349-04:00,2026-09-12T18:28:11.263349-04:00,propline_free_sample
2026-09-12,2026-09-12 19:07:00+00:00,Kyle Bradish,6.5,over,100,prizepicks,209922,Toronto Blue Jays,Baltimore Orioles,2026-09-12T04:15:34.989365+00:00,2026-09-12T22:28:11.263349+00:00,2026-09-12T18:28:11.263349-04:00,2026-09-12T18:28:11.263349-04:00,propline_free_sample
2026-09-12,2026-09-12 19:07:00+00:00,Kyle Bradish,2.5,over,100,prizepicks,209922,Toronto Blue Jays,Baltimore Orioles,2026-09-12T04:15:34.989365+00:00,2026-09-12T22:28:11.263349+00:00,2026-09-12T18:28:11.263349-04:00,2026-09-12T18:28:11.263349-04:00,propline_free_sample
2026-09-12,2026-09-12 19:07:00+00:00,Kyle Bradish,3.5,over,100,prizepicks,209922,Toronto Blue Jays,Baltimore Orioles,2026-09-12T04:15:34.989365+00:00,2026-09-12T22:28:11.263349+00:00,2026-09-12T18:28:11.263349-04:00,2026-09-12T18:28:11.263349-04:00,propline_free_sample
2026-09-12,2026-09-12 19:07:00+00:00,Kyle Bradish,3.5,under,100,prizepicks,209922,Toronto Blue Jays,Baltimore Orioles,2026-09-12T04:15:34.989365+00:00,2026-09-12T22:28:11.263349+00:00,2026-09-12T18:28:11.263349-04:00,2026-09-12T18:28:11.263349-04:00,propline_free_sample
2026-09-12,2026-09-12 19:07:00+00:00,Kyle Bradish,3.5,over,-147,sleeper,209922,Toronto Blue Jays,Baltimore Orioles,2026-09-12T17:30:57.891919+00:00,2026-09-12T22:28:11.263349+00:00,2026-09-12T18:28:11.263349-04:00,2026-09-12T18:28:11.263349-04:00,propline_free_sample
2026-09-12,2026-09-12 19:07:00+00:00,Kyle Bradish,3.5,under,-111,sleeper,209922,Toronto Blue Jays,Baltimore Orioles,2026-09-12T17:30:57.891919+00:00,2026-09-12T22:28:11.263349+00:00,2026-09-12T18:28:11.263349-04:00,2026-09-12T18:28:11.263349-04:00,propline_free_sample
2026-09-12,2026-09-12 19:07:00+00:00,Kyle Bradish,0.5,over,-5000,hardrock,209922,Toronto Blue Jays,Baltimore Orioles,2026-09-12T17:34:53.950424+00:00,2026-09-12T22:28:11.263349+00:00,2026-09-12T18:28:11.263349-04:00,2026-09-12T18:28:11.263349-04:00,propline_free_sample
2026-09-12,2026-09-12 19:07:00+00:00,Kyle Bradish,0.5,under,1200,hardrock,209922,Toronto Blue Jays,Baltimore Orioles,2026-09-12T14:49:48.877650+00:00,2026-09-12T22:28:11.263349+00:00,2026-09-12T18:28:11.263349-04:00,2026-09-12T18:28:11.263349-04:00,propline_free_sample
2026-09-12,2026-09-12 19:07:00+00:00,Kyle Bradish,1.5,over,-3000,hardrock,209922,Toronto Blue Jays,Baltimore Orioles,2026-09-12T14:49:48.877650+00:00,2026-09-12T22:28:11.263349+00:00,2026-09-12T18:28:11.263349-04:00,2026-09-12T18:28:11.263349-04:00,propline_free_sample
2026-09-12,2026-09-12 19:07:00+00:00,Kyle Bradish,1.5,under,700,hardrock,209922,Toronto Blue Jays,Baltimore Orioles,2026-09-12T17:34:53.950424+00:00,2026-09-12T22:28:11.263349+00:00,2026-09-12T18:28:11.263349-04:00,2026-09-12T18:28:11.263349-04:00,propline_free_sample
2026-09-12,2026-09-12 19:07:00+00:00,Kyle Bradish,2.5,over,-450,hardrock,209922,Toronto Blue Jays,Baltimore Orioles,2026-09-12T14:49:48.877650+00:00,2026-09-12T22:28:11.263349+00:00,2026-09-12T18:28:11.263349-04:00,2026-09-12T18:28:11.263349-04:00,propline_free_sample
2026-09-12,2026-09-12 19:07:00+00:00,Kyle Bradish,2.5,under,260,hardrock,209922,Toronto Blue Jays,Baltimore Orioles,2026-09-12T17:34:53.950424+00:00,2026-09-12T22:28:11.263349+00:00,2026-09-12T18:28:11.263349-04:00,2026-09-12T18:28:11.263349-04:00,propline_free_sample
2026-09-12,2026-09-12 19:07:00+00:00,Kyle Bradish,3.5,over,-145,hardrock,209922,Toronto Blue Jays,Baltimore Orioles,2026-09-12T17:34:53.950424+00:00,2026-09-12T22:28:11.263349+00:00,2026-09-12T18:28:11.263349-04:00,2026-09-12T18:28:11.263349-04:00,propline_free_sample
2026-09-12,2026-09-12 19:07:00+00:00,Kyle Bradish,3.5,under,100,hardrock,209922,Toronto Blue Jays,Baltimore Orioles,2026-09-12T15:51:54.944967+00:00,2026-09-12T22:28:11.263349+00:00,2026-09-12T18:28:11.263349-04:00,2026-09-12T18:28:11.263349-04:00,propline_free_sample
2026-09-12,2026-09-12 19:07:00+00:00,Kyle Bradish,4.5,over,170,hardrock,209922,Toronto Blue Jays,Baltimore Orioles,2026-09-12T17:34:53.950424+00:00,2026-09-12T22:28:11.263349+00:00,2026-09-12T18:28:11.263349-04:00,2026-09-12T18:28:11.263349-04:00,propline_free_sample
2026-09-12,2026-09-12 19:07:00+00:00,Kyle Bradish,4.5,under,-260,hardrock,209922,Toronto Blue Jays,Baltimore Orioles,2026-09-12T17:34:53.950424+00:00,2026-09-12T22:28:11.263349+00:00,2026-09-12T18:28:11.263349-04:00,2026-09-12T18:28:11.263349-04:00,propline_free_sample
2026-09-12,2026-09-12 19:07:00+00:00,Kyle Bradish,5.5,over,400,hardrock,209922,Toronto Blue Jays,Baltimore Orioles,2026-09-12T18:35:50.986091+00:00,2026-09-12T22:28:11.263349+00:00,2026-09-12T18:28:11.263349-04:00,2026-09-12T18:28:11.263349-04:00,propline_free_sample
2026-09-12,2026-09-12 19:07:00+00:00,Kyle Bradish,5.5,under,-850,hardrock,209922,Toronto Blue Jays,Baltimore Orioles,2026-09-12T17:34:53.950424+00:00,2026-09-12T22:28:11.263349+00:00,2026-09-12T18:28:11.263349-04:00,2026-09-12T18:28:11.263349-04:00,propline_free_sample
2026-09-12,2026-09-12 19:07:00+00:00,Kyle Bradish,6.5,over,900,hardrock,209922,Toronto Blue Jays,Baltimore Orioles,2026-09-12T18:35:50.986091+00:00,2026-09-12T22:28:11.263349+00:00,2026-09-12T18:28:11.263349-04:00,2026-09-12T18:28:11.263349-04:00,propline_free_sample
2026-09-12,2026-09-12 19:07:00+00:00,Kyle Bradish,6.5,under,-4000,hardrock,209922,Toronto Blue Jays,Baltimore Orioles,2026-09-12T18:35:50.986091+00:00,2026-09-12T22:28:11.263349+00:00,2026-09-12T18:28:11.263349-04:00,2026-09-12T18:28:11.263349-04:00,propline_free_sample
2026-09-12,2026-09-12 19:07:00+00:00,Kyle Bradish,7.5,over,3000,hardrock,209922,Toronto Blue Jays,Baltimore Orioles,2026-09-12T15:45:09.268961+00:00,2026-09-12T22:28:11.263349+00:00,2026-09-12T18:28:11.263349-04:00,2026-09-12T18:28:11.263349-04:00,propline_free_sample
2026-09-12,2026-09-12 19:07:00+00:00,Kyle Bradish,7.5,under,-20000,hardrock,209922,Toronto Blue Jays,Baltimore Orioles,2026-09-12T17:34:53.950424+00:00,2026-09-12T22:28:11.263349+00:00,2026-09-12T18:28:11.263349-04:00,2026-09-12T18:28:11.263349-04:00,propline_free_sample
2026-09-12,2026-09-12 19:07:00+00:00,Kyle Bradish,8.5,over,4000,hardrock,209922,Toronto Blue Jays,Baltimore Orioles,2026-09-12T18:35:50.986091+00:00,2026-09-12T22:28:11.263349+00:00,2026-09-12T18:28:11.263349-04:00,2026-09-12T18:28:11.263349-04:00,propline_free_sample
2026-09-12,2026-09-12 19:07:00+00:00,Kyle Bradish,8.5,under,-100000,hardrock,209922,Toronto Blue Jays,Baltimore Orioles,2026-09-12T18:35:50.986091+00:00,2026-09-12T22:28:11.263349+00:00,2026-09-12T18:28:11.263349-04:00,2026-09-12T18:28:11.263349-04:00,propline_free_sample
2026-09-12,2026-09-12 19:07:00+00:00,Spencer Miles,5.5,over,100,prizepicks,209922,Toronto Blue Jays,Baltimore Orioles,2026-09-12T04:18:17.499910+00:00,2026-09-12T22:28:11.263349+00:00,2026-09-12T18:28:11.263349-04:00,2026-09-12T18:28:11.263349-04:00,propline_free_sample
2026-09-12,2026-09-12 19:07:00+00:00,Spencer Miles,7.5,over,100,prizepicks,209922,Toronto Blue Jays,Baltimore Orioles,2026-09-12T04:18:17.499910+00:00,2026-09-12T22:28:11.263349+00:00,2026-09-12T18:28:11.263349-04:00,2026-09-12T18:28:11.263349-04:00,propline_free_sample
2026-09-12,2026-09-12 19:07:00+00:00,Spencer Miles,4.5,over,100,prizepicks,209922,Toronto Blue Jays,Baltimore Orioles,2026-09-12T04:18:17.499910+00:00,2026-09-12T22:28:11.263349+00:00,2026-09-12T18:28:11.263349-04:00,2026-09-12T18:28:11.263349-04:00,propline_free_sample
2026-09-12,2026-09-12 19:07:00+00:00,Spencer Miles,4.5,under,100,prizepicks,209922,Toronto Blue Jays,Baltimore Orioles,2026-09-12T04:18:17.499910+00:00,2026-09-12T22:28:11.263349+00:00,2026-09-12T18:28:11.263349-04:00,2026-09-12T18:28:11.263349-04:00,propline_free_sample
2026-09-12,2026-09-12 19:07:00+00:00,Kyle Bradish,4.5,under,100,prizepicks,209922,Toronto Blue Jays,Baltimore Orioles,2026-09-12T04:20:03.700232+00:00,2026-09-12T22:28:11.263349+00:00,2026-09-12T18:28:11.263349-04:00,2026-09-12T18:28:11.263349-04:00,propline_free_sample
2026-09-12,2026-09-12 19:07:00+00:00,Kyle Bradish,5.5,under,100,prizepicks,209922,Toronto Blue Jays,Baltimore Orioles,2026-09-12T04:20:03.700232+00:00,2026-09-12T22:28:11.263349+00:00,2026-09-12T18:28:11.263349-04:00,2026-09-12T18:28:11.263349-04:00,propline_free_sample
2026-09-12,2026-09-12 19:07:00+00:00,Kyle Bradish,2.5,under,100,prizepicks,209922,Toronto Blue Jays,Baltimore Orioles,2026-09-12T04:20:03.700232+00:00,2026-09-12T22:28:11.263349+00:00,2026-09-12T18:28:11.263349-04:00,2026-09-12T18:28:11.263349-04:00,propline_free_sample
2026-09-12,2026-09-12 19:07:00+00:00,Kyle Bradish,7.5,over,100,prizepicks,209922,Toronto Blue Jays,Baltimore Orioles,2026-09-12T04:20:03.700232+00:00,2026-09-12T22:28:11.263349+00:00,2026-09-12T18:28:11.263349-04:00,2026-09-12T18:28:11.263349-04:00,propline_free_sample
2026-09-12,2026-09-12 19:07:00+00:00,Kyle Bradish,3.5,over,-150,draftkings,209922,Toronto Blue Jays,Baltimore Orioles,2026-09-12T17:36:03.446333+00:00,2026-09-12T22:28:11.263349+00:00,2026-09-12T18:28:11.263349-04:00,2026-09-12T18:28:11.263349-04:00,propline_free_sample
2026-09-12,2026-09-12 19:07:00+00:00,Kyle Bradish,3.5,under,117,draftkings,209922,Toronto Blue Jays,Baltimore Orioles,2026-09-12T17:36:03.446333+00:00,2026-09-12T22:28:11.263349+00:00,2026-09-12T18:28:11.263349-04:00,2026-09-12T18:28:11.263349-04:00,propline_free_sample
2026-09-12,2026-09-12 19:07:00+00:00,Kyle Bradish,3.5,over,100,prizepicks,209922,Toronto Blue Jays,Baltimore Orioles,2026-09-12T16:39:22.149865+00:00,2026-09-12T22:28:11.263349+00:00,2026-09-12T18:28:11.263349-04:00,2026-09-12T18:28:11.263349-04:00,propline_free_sample
2026-09-12,2026-09-12 19:07:00+00:00,Kyle Bradish,3.5,under,100,prizepicks,209922,Toronto Blue Jays,Baltimore Orioles,2026-09-12T16:39:22.149865+00:00,2026-09-12T22:28:11.263349+00:00,2026-09-12T18:28:11.263349-04:00,2026-09-12T18:28:11.263349-04:00,propline_free_sample
2026-09-12,2026-09-12 19:07:00+00:00,Kyle Bradish,1.5,over,-3233,kalshi,209922,Toronto Blue Jays,Baltimore Orioles,2026-09-12T17:38:15.696227+00:00,2026-09-12T22:28:11.263349+00:00,2026-09-12T18:28:11.263349-04:00,2026-09-12T18:28:11.263349-04:00,propline_free_sample
2026-09-12,2026-09-12 19:07:00+00:00,Kyle Bradish,1.5,under,9900,kalshi,209922,Toronto Blue Jays,Baltimore Orioles,2026-09-12T19:06:13.526278+00:00,2026-09-12T22:28:11.263349+00:00,2026-09-12T18:28:11.263349-04:00,2026-09-12T18:28:11.263349-04:00,propline_free_sample
2026-09-12,2026-09-12 19:07:00+00:00,Kyle Bradish,2.5,over,9900,kalshi,209922,Toronto Blue Jays,Baltimore Orioles,2026-09-12T18:58:15.868666+00:00,2026-09-12T22:28:11.263349+00:00,2026-09-12T18:28:11.263349-04:00,2026-09-12T18:28:11.263349-04:00,propline_free_sample
2026-09-12,2026-09-12 19:07:00+00:00,Kyle Bradish,2.5,under,203,kalshi,209922,Toronto Blue Jays,Baltimore Orioles,2026-09-12T18:45:49.604857+00:00,2026-09-12T22:28:11.263349+00:00,2026-09-12T18:28:11.263349-04:00,2026-09-12T18:28:11.263349-04:00,propline_free_sample
2026-09-12,2026-09-12 19:07:00+00:00,Kyle Bradish,3.5,over,9900,kalshi,209922,Toronto Blue Jays,Baltimore Orioles,2026-09-12T19:00:43.910928+00:00,2026-09-12T22:28:11.263349+00:00,2026-09-12T18:28:11.263349-04:00,2026-09-12T18:28:11.263349-04:00,propline_free_sample
2026-09-12,2026-09-12 19:07:00+00:00,Kyle Bradish,3.5,under,-194,kalshi,209922,Toronto Blue Jays,Baltimore Orioles,2026-09-12T19:00:43.910928+00:00,2026-09-12T22:28:11.263349+00:00,2026-09-12T18:28:11.263349-04:00,2026-09-12T18:28:11.263349-04:00,propline_free_sample
2026-09-12,2026-09-12 19:07:00+00:00,Kyle Bradish,4.5,over,9900,kalshi,209922,Toronto Blue Jays,Baltimore Orioles,2026-09-12T18:58:15.868666+00:00,2026-09-12T22:28:11.263349+00:00,2026-09-12T18:28:11.263349-04:00,2026-09-12T18:28:11.263349-04:00,propline_free_sample
2026-09-12,2026-09-12 19:07:00+00:00,Kyle Bradish,4.5,under,-733,kalshi,209922,Toronto Blue Jays,Baltimore Orioles,2026-09-12T18:49:40.153485+00:00,2026-09-12T22:28:11.263349+00:00,2026-09-12T18:28:11.263349-04:00,2026-09-12T18:28:11.263349-04:00,propline_free_sample
2026-09-12,2026-09-12 19:07:00+00:00,Kyle Bradish,5.5,over,9900,kalshi,209922,Toronto Blue Jays,Baltimore Orioles,2026-09-12T19:06:13.526278+00:00,2026-09-12T22:28:11.263349+00:00,2026-09-12T18:28:11.263349-04:00,2026-09-12T18:28:11.263349-04:00,propline_free_sample
2026-09-12,2026-09-12 19:07:00+00:00,Kyle Bradish,5.5,under,-4900,kalshi,209922,Toronto Blue Jays,Baltimore Orioles,2026-09-12T19:06:13.526278+00:00,2026-09-12T22:28:11.263349+00:00,2026-09-12T18:28:11.263349-04:00,2026-09-12T18:28:11.263349-04:00,propline_free_sample
2026-09-12,2026-09-12 19:07:00+00:00,Kyle Bradish,6.5,over,9900,kalshi,209922,Toronto Blue Jays,Baltimore Orioles,2026-09-12T19:06:13.526278+00:00,2026-09-12T22:28:11.263349+00:00,2026-09-12T18:28:11.263349-04:00,2026-09-12T18:28:11.263349-04:00,propline_free_sample
2026-09-12,2026-09-12 19:07:00+00:00,Kyle Bradish,6.5,under,-4900,kalshi,209922,Toronto Blue Jays,Baltimore Orioles,2026-09-12T19:06:13.526278+00:00,2026-09-12T22:28:11.263349+00:00,2026-09-12T18:28:11.263349-04:00,2026-09-12T18:28:11.263349-04:00,propline_free_sample
2026-09-12,2026-09-12 19:07:00+00:00,Kyle Bradish,7.5,over,9900,kalshi,209922,Toronto Blue Jays,Baltimore Orioles,2026-09-12T19:06:13.526278+00:00,2026-09-12T22:28:11.263349+00:00,2026-09-12T18:28:11.263349-04:00,2026-09-12T18:28:11.263349-04:00,propline_free_sample
2026-09-12,2026-09-12 19:07:00+00:00,Kyle Bradish,3.5,over,-130,onexbet,209922,Toronto Blue Jays,Baltimore Orioles,2026-09-12T18:18:20.606309+00:00,2026-09-12T22:28:11.263349+00:00,2026-09-12T18:28:11.263349-04:00,2026-09-12T18:28:11.263349-04:00,propline_free_sample
2026-09-12,2026-09-12 19:07:00+00:00,Spencer Miles,1.5,over,-190,onexbet,209922,Toronto Blue Jays,Baltimore Orioles,2026-09-12T18:18:20.606309+00:00,2026-09-12T22:28:11.263349+00:00,2026-09-12T18:28:11.263349-04:00,2026-09-12T18:28:11.263349-04:00,propline_free_sample
2026-09-12,2026-09-12 19:07:00+00:00,Kyle Bradish,3.5,under,-105,onexbet,209922,Toronto Blue Jays,Baltimore Orioles,2026-09-12T18:18:20.606309+00:00,2026-09-12T22:28:11.263349+00:00,2026-09-12T18:28:11.263349-04:00,2026-09-12T18:28:11.263349-04:00,propline_free_sample
2026-09-12,2026-09-12 19:07:00+00:00,Spencer Miles,1.5,under,140,onexbet,209922,Toronto Blue Jays,Baltimore Orioles,2026-09-12T18:18:20.606309+00:00,2026-09-12T22:28:11.263349+00:00,2026-09-12T18:28:11.263349-04:00,2026-09-12T18:28:11.263349-04:00,propline_free_sample
2026-09-12,2026-09-12 19:07:00+00:00,Kyle Bradish,3.5,over,-145,betmgm,209922,Toronto Blue Jays,Baltimore Orioles,2026-09-12T15:48:32.250352+00:00,2026-09-12T22:28:11.263349+00:00,2026-09-12T18:28:11.263349-04:00,2026-09-12T18:28:11.263349-04:00,propline_free_sample
2026-09-12,2026-09-12 19:07:00+00:00,Kyle Bradish,3.5,under,105,betmgm,209922,Toronto Blue Jays,Baltimore Orioles,2026-09-12T15:48:32.250352+00:00,2026-09-12T22:28:11.263349+00:00,2026-09-12T18:28:11.263349-04:00,2026-09-12T18:28:11.263349-04:00,propline_free_sample
2026-09-12,2026-09-12 19:07:00+00:00,Kyle Bradish,3.5,over,-127,rebet,209922,Toronto Blue Jays,Baltimore Orioles,2026-09-12T14:49:23.598984+00:00,2026-09-12T22:28:11.263349+00:00,2026-09-12T18:28:11.263349-04:00,2026-09-12T18:28:11.263349-04:00,propline_free_sample
2026-09-12,2026-09-12 19:07:00+00:00,Kyle Bradish,3.5,under,-109,rebet,209922,Toronto Blue Jays,Baltimore Orioles,2026-09-12T14:49:23.598984+00:00,2026-09-12T22:28:11.263349+00:00,2026-09-12T18:28:11.263349-04:00,2026-09-12T18:28:11.263349-04:00,propline_free_sample
2026-09-12,2026-09-12 19:07:00+00:00,Kyle Bradish,3.5,over,-127,pinnacle,209922,Toronto Blue Jays,Baltimore Orioles,2026-09-12T15:43:04.826431+00:00,2026-09-12T22:28:11.263349+00:00,2026-09-12T18:28:11.263349-04:00,2026-09-12T18:28:11.263349-04:00,propline_free_sample
2026-09-12,2026-09-12 19:07:00+00:00,Kyle Bradish,3.5,under,-104,pinnacle,209922,Toronto Blue Jays,Baltimore Orioles,2026-09-12T15:43:04.826431+00:00,2026-09-12T22:28:11.263349+00:00,2026-09-12T18:28:11.263349-04:00,2026-09-12T18:28:11.263349-04:00,propline_free_sample
2026-09-12,2026-09-12 19:07:00+00:00,Kyle Bradish,2.5,over,-317,novig,209922,Toronto Blue Jays,Baltimore Orioles,2026-09-12T19:02:41.175056+00:00,2026-09-12T22:28:11.263349+00:00,2026-09-12T18:28:11.263349-04:00,2026-09-12T18:28:11.263349-04:00,propline_free_sample
2026-09-12,2026-09-12 19:07:00+00:00,Kyle Bradish,2.5,under,223,novig,209922,Toronto Blue Jays,Baltimore Orioles,2026-09-12T17:20:15.369107+00:00,2026-09-12T22:28:11.263349+00:00,2026-09-12T18:28:11.263349-04:00,2026-09-12T18:28:11.263349-04:00,propline_free_sample
2026-09-12,2026-09-12 19:07:00+00:00,Kyle Bradish,4.5,over,174,novig,209922,Toronto Blue Jays,Baltimore Orioles,2026-09-12T18:56:54.430195+00:00,2026-09-12T22:28:11.263349+00:00,2026-09-12T18:28:11.263349-04:00,2026-09-12T18:28:11.263349-04:00,propline_free_sample
2026-09-12,2026-09-12 19:07:00+00:00,Kyle Bradish,4.5,under,-203,novig,209922,Toronto Blue Jays,Baltimore Orioles,2026-09-12T18:22:03.108766+00:00,2026-09-12T22:28:11.263349+00:00,2026-09-12T18:28:11.263349-04:00,2026-09-12T18:28:11.263349-04:00,propline_free_sample
2026-09-12,2026-09-12 19:07:00+00:00,Kyle Bradish,7.5,under,-1900,kalshi,209922,Toronto Blue Jays,Baltimore Orioles,2026-09-12T18:47:26.409191+00:00,2026-09-12T22:28:11.263349+00:00,2026-09-12T18:28:11.263349-04:00,2026-09-12T18:28:11.263349-04:00,propline_free_sample
2026-09-12,2026-09-12 19:07:00+00:00,Kyle Bradish (BAL),3.5,over,-145,betonlineag,209922,Toronto Blue Jays,Baltimore Orioles,2026-09-12T14:46:42.380239+00:00,2026-09-12T22:28:11.263349+00:00,2026-09-12T18:28:11.263349-04:00,2026-09-12T18:28:11.263349-04:00,propline_free_sample
2026-09-12,2026-09-12 19:07:00+00:00,Kyle Bradish (BAL),3.5,under,105,betonlineag,209922,Toronto Blue Jays,Baltimore Orioles,2026-09-12T14:46:42.380239+00:00,2026-09-12T22:28:11.263349+00:00,2026-09-12T18:28:11.263349-04:00,2026-09-12T18:28:11.263349-04:00,propline_free_sample
2026-09-12,2026-09-12 19:07:00+00:00,Kyle Bradish (BAL),3.5,over,-145,lowvig,209922,Toronto Blue Jays,Baltimore Orioles,2026-09-12T14:46:50.078363+00:00,2026-09-12T22:28:11.263349+00:00,2026-09-12T18:28:11.263349-04:00,2026-09-12T18:28:11.263349-04:00,propline_free_sample
2026-09-12,2026-09-12 19:07:00+00:00,Kyle Bradish (BAL),3.5,under,105,lowvig,209922,Toronto Blue Jays,Baltimore Orioles,2026-09-12T14:46:50.078363+00:00,2026-09-12T22:28:11.263349+00:00,2026-09-12T18:28:11.263349-04:00,2026-09-12T18:28:11.263349-04:00,propline_free_sample
2026-09-12,2026-09-12 19:07:00+00:00,Kyle Bradish,8.5,over,100,prizepicks,209922,Toronto Blue Jays,Baltimore Orioles,2026-09-12T15:52:45.783473+00:00,2026-09-12T22:28:11.263349+00:00,2026-09-12T18:28:11.263349-04:00,2026-09-12T18:28:11.263349-04:00,propline_free_sample
2026-09-12,2026-09-12 19:07:00+00:00,Kyle Bradish,1.5,over,100,prizepicks,209922,Toronto Blue Jays,Baltimore Orioles,2026-09-12T15:52:45.783473+00:00,2026-09-12T22:28:11.263349+00:00,2026-09-12T18:28:11.263349-04:00,2026-09-12T18:28:11.263349-04:00,propline_free_sample
2026-09-12,2026-09-12 19:07:00+00:00,Kyle Bradish,1.5,under,100,prizepicks,209922,Toronto Blue Jays,Baltimore Orioles,2026-09-12T15:52:45.783473+00:00,2026-09-12T22:28:11.263349+00:00,2026-09-12T18:28:11.263349-04:00,2026-09-12T18:28:11.263349-04:00,propline_free_sample
2026-09-12,2026-09-12 19:07:00+00:00,Spencer Miles,1.5,over,100,prizepicks,209922,Toronto Blue Jays,Baltimore Orioles,2026-09-12T16:26:52.943908+00:00,2026-09-12T22:28:11.263349+00:00,2026-09-12T18:28:11.263349-04:00,2026-09-12T18:28:11.263349-04:00,propline_free_sample
2026-09-12,2026-09-12 19:07:00+00:00,Spencer Miles,1.5,under,100,prizepicks,209922,Toronto Blue Jays,Baltimore Orioles,2026-09-12T16:26:52.943908+00:00,2026-09-12T22:28:11.263349+00:00,2026-09-12T18:28:11.263349-04:00,2026-09-12T18:28:11.263349-04:00,propline_free_sample
2026-09-12,2026-09-12 19:07:00+00:00,Spencer Miles,1.5,over,100,prizepicks,209922,Toronto Blue Jays,Baltimore Orioles,2026-09-12T17:07:38.573712+00:00,2026-09-12T22:28:11.263349+00:00,2026-09-12T18:28:11.263349-04:00,2026-09-12T18:28:11.263349-04:00,propline_free_sample
2026-09-12,2026-09-12 19:07:00+00:00,Spencer Miles,1.5,under,100,prizepicks,209922,Toronto Blue Jays,Baltimore Orioles,2026-09-12T17:07:38.573712+00:00,2026-09-12T22:28:11.263349+00:00,2026-09-12T18:28:11.263349-04:00,2026-09-12T18:28:11.263349-04:00,propline_free_sample
2026-09-12,2026-09-12 19:07:00+00:00,Spencer Miles,4.5,over,100,prizepicks,209922,Toronto Blue Jays,Baltimore Orioles,2026-09-12T17:36:52.690172+00:00,2026-09-12T22:28:11.263349+00:00,2026-09-12T18:28:11.263349-04:00,2026-09-12T18:28:11.263349-04:00,propline_free_sample
2026-09-12,2026-09-12 19:07:00+00:00,Spencer Miles,4.5,under,100,prizepicks,209922,Toronto Blue Jays,Baltimore Orioles,2026-09-12T17:36:52.690172+00:00,2026-09-12T22:28:11.263349+00:00,2026-09-12T18:28:11.263349-04:00,2026-09-12T18:28:11.263349-04:00,propline_free_sample
2026-09-12,2026-09-12 19:07:00+00:00,Spencer Miles,2.5,over,100,prizepicks,209922,Toronto Blue Jays,Baltimore Orioles,2026-09-12T17:36:52.690172+00:00,2026-09-12T22:28:11.263349+00:00,2026-09-12T18:28:11.263349-04:00,2026-09-12T18:28:11.263349-04:00,propline_free_sample
2026-09-12,2026-09-12 19:07:00+00:00,Spencer Miles,2.5,under,100,prizepicks,209922,Toronto Blue Jays,Baltimore Orioles,2026-09-12T17:36:52.690172+00:00,2026-09-12T22:28:11.263349+00:00,2026-09-12T18:28:11.263349-04:00,2026-09-12T18:28:11.263349-04:00,propline_free_sample
2026-09-12,2026-09-12 19:07:00+00:00,Spencer Miles,3.5,over,100,prizepicks,209922,Toronto Blue Jays,Baltimore Orioles,2026-09-12T17:36:52.690172+00:00,2026-09-12T22:28:11.263349+00:00,2026-09-12T18:28:11.263349-04:00,2026-09-12T18:28:11.263349-04:00,propline_free_sample
2026-09-12,2026-09-12 19:07:00+00:00,Spencer Miles,3.5,under,100,prizepicks,209922,Toronto Blue Jays,Baltimore Orioles,2026-09-12T17:36:52.690172+00:00,2026-09-12T22:28:11.263349+00:00,2026-09-12T18:28:11.263349-04:00,2026-09-12T18:28:11.263349-04:00,propline_free_sample
2026-09-12,2026-09-12 18:20:00+00:00,Clay Holmes,4.5,over,116,smarkets,209868,Chicago Cubs,Pittsburgh Pirates,2026-09-12T18:17:33.319067+00:00,2026-09-12T22:28:11.263349+00:00,2026-09-12T18:28:11.263349-04:00,2026-09-12T18:28:11.263349-04:00,propline_free_sample
2026-09-12,2026-09-12 18:20:00+00:00,Clay Holmes,4.5,under,-161,smarkets,209868,Chicago Cubs,Pittsburgh Pirates,2026-09-12T16:19:05.947923+00:00,2026-09-12T22:28:11.263349+00:00,2026-09-12T18:28:11.263349-04:00,2026-09-12T18:28:11.263349-04:00,propline_free_sample
2026-09-12,2026-09-12 18:20:00+00:00,Paul Skenes,5.5,over,118,smarkets,209868,Chicago Cubs,Pittsburgh Pirates,2026-09-12T17:18:00.391553+00:00,2026-09-12T22:28:11.263349+00:00,2026-09-12T18:28:11.263349-04:00,2026-09-12T18:28:11.263349-04:00,propline_free_sample
2026-09-12,2026-09-12 18:20:00+00:00,Paul Skenes,5.5,under,-167,smarkets,209868,Chicago Cubs,Pittsburgh Pirates,2026-09-12T17:18:00.391553+00:00,2026-09-12T22:28:11.263349+00:00,2026-09-12T18:28:11.263349-04:00,2026-09-12T18:28:11.263349-04:00,propline_free_sample
2026-09-12,2026-09-12 18:20:00+00:00,Clay Holmes,6.5,over,-136,underdog,209868,Chicago Cubs,Pittsburgh Pirates,2026-09-12T17:24:56.858217+00:00,2026-09-12T22:28:11.263349+00:00,2026-09-12T18:28:11.263349-04:00,2026-09-12T18:28:11.263349-04:00,propline_free_sample
2026-09-12,2026-09-12 18:20:00+00:00,Paul Skenes,3.5,over,-200,underdog,209868,Chicago Cubs,Pittsburgh Pirates,2026-09-12T17:24:56.858217+00:00,2026-09-12T22:28:11.263349+00:00,2026-09-12T18:28:11.263349-04:00,2026-09-12T18:28:11.263349-04:00,propline_free_sample
2026-09-12,2026-09-12 18:20:00+00:00,Clay Holmes,6.5,under,-110,underdog,209868,Chicago Cubs,Pittsburgh Pirates,2026-09-12T17:24:56.858217+00:00,2026-09-12T22:28:11.263349+00:00,2026-09-12T18:28:11.263349-04:00,2026-09-12T18:28:11.263349-04:00,propline_free_sample
2026-09-12,2026-09-12 18:20:00+00:00,Paul Skenes,3.5,under,134,underdog,209868,Chicago Cubs,Pittsburgh Pirates,2026-09-12T17:24:56.858217+00:00,2026-09-12T22:28:11.263349+00:00,2026-09-12T18:28:11.263349-04:00,2026-09-12T18:28:11.263349-04:00,propline_free_sample
2026-09-12,2026-09-12 18:20:00+00:00,Clay Holmes,4.5,over,138,dabble,209868,Chicago Cubs,Pittsburgh Pirates,2026-09-12T17:59:48.330572+00:00,2026-09-12T22:28:11.263349+00:00,2026-09-12T18:28:11.263349-04:00,2026-09-12T18:28:11.263349-04:00,propline_free_sample
2026-09-12,2026-09-12 18:20:00+00:00,Paul Skenes,5.5,over,120,dabble,209868,Chicago Cubs,Pittsburgh Pirates,2026-09-12T00:06:23.859793+00:00,2026-09-12T22:28:11.263349+00:00,2026-09-12T18:28:11.263349-04:00,2026-09-12T18:28:11.263349-04:00,propline_free_sample
2026-09-12,2026-09-12 18:20:00+00:00,Clay Holmes,4.5,under,-137,dabble,209868,Chicago Cubs,Pittsburgh Pirates,2026-09-12T17:59:48.330572+00:00,2026-09-12T22:28:11.263349+00:00,2026-09-12T18:28:11.263349-04:00,2026-09-12T18:28:11.263349-04:00,propline_free_sample
2026-09-12,2026-09-12 18:20:00+00:00,Paul Skenes,5.5,under,-120,dabble,209868,Chicago Cubs,Pittsburgh Pirates,2026-09-12T00:06:23.859793+00:00,2026-09-12T22:28:11.263349+00:00,2026-09-12T18:28:11.263349-04:00,2026-09-12T18:28:11.263349-04:00,propline_free_sample
2026-09-12,2026-09-12 18:20:00+00:00,Paul Skenes,5.5,over,100,prizepicks,209868,Chicago Cubs,Pittsburgh Pirates,2026-09-11T22:24:19.012801+00:00,2026-09-12T22:28:11.263349+00:00,2026-09-12T18:28:11.263349-04:00,2026-09-12T18:28:11.263349-04:00,propline_free_sample
2026-09-12,2026-09-12 18:20:00+00:00,Paul Skenes,5.5,under,100,prizepicks,209868,Chicago Cubs,Pittsburgh Pirates,2026-09-11T22:24:19.012801+00:00,2026-09-12T22:28:11.263349+00:00,2026-09-12T18:28:11.263349-04:00,2026-09-12T18:28:11.263349-04:00,propline_free_sample
2026-09-12,2026-09-12 18:20:00+00:00,Clay Holmes,4.5,over,100,prizepicks,209868,Chicago Cubs,Pittsburgh Pirates,2026-09-11T22:24:19.012801+00:00,2026-09-12T22:28:11.263349+00:00,2026-09-12T18:28:11.263349-04:00,2026-09-12T18:28:11.263349-04:00,propline_free_sample
2026-09-12,2026-09-12 18:20:00+00:00,Clay Holmes,4.5,under,100,prizepicks,209868,Chicago Cubs,Pittsburgh Pirates,2026-09-11T22:24:19.012801+00:00,2026-09-12T22:28:11.263349+00:00,2026-09-12T18:28:11.263349-04:00,2026-09-12T18:28:11.263349-04:00,propline_free_sample
2026-09-12,2026-09-12 18:20:00+00:00,Clay Holmes,6.5,over,100,prizepicks,209868,Chicago Cubs,Pittsburgh Pirates,2026-09-11T22:24:19.012801+00:00,2026-09-12T22:28:11.263349+00:00,2026-09-12T18:28:11.263349-04:00,2026-09-12T18:28:11.263349-04:00,propline_free_sample
2026-09-12,2026-09-12 18:20:00+00:00,Paul Skenes,6.5,over,100,prizepicks,209868,Chicago Cubs,Pittsburgh Pirates,2026-09-11T22:24:19.012801+00:00,2026-09-12T22:28:11.263349+00:00,2026-09-12T18:28:11.263349-04:00,2026-09-12T18:28:11.263349-04:00,propline_free_sample
2026-09-12,2026-09-12 18:20:00+00:00,Clay Holmes,3.5,over,100,prizepicks,209868,Chicago Cubs,Pittsburgh Pirates,2026-09-11T22:24:19.012801+00:00,2026-09-12T22:28:11.263349+00:00,2026-09-12T18:28:11.263349-04:00,2026-09-12T18:28:11.263349-04:00,propline_free_sample
2026-09-12,2026-09-12 18:20:00+00:00,Paul Skenes,3.5,over,100,prizepicks,209868,Chicago Cubs,Pittsburgh Pirates,2026-09-11T22:24:19.012801+00:00,2026-09-12T22:28:11.263349+00:00,2026-09-12T18:28:11.263349-04:00,2026-09-12T18:28:11.263349-04:00,propline_free_sample
2026-09-12,2026-09-12 18:20:00+00:00,Clay Holmes,4.5,over,116,draftkings,209868,Chicago Cubs,Pittsburgh Pirates,2026-09-12T17:23:58.290619+00:00,2026-09-12T22:28:11.263349+00:00,2026-09-12T18:28:11.263349-04:00,2026-09-12T18:28:11.263349-04:00,propline_free_sample
2026-09-12,2026-09-12 18:20:00+00:00,Clay Holmes,4.5,under,-148,draftkings,209868,Chicago Cubs,Pittsburgh Pirates,2026-09-12T17:23:58.290619+00:00,2026-09-12T22:28:11.263349+00:00,2026-09-12T18:28:11.263349-04:00,2026-09-12T18:28:11.263349-04:00,propline_free_sample
2026-09-12,2026-09-12 18:20:00+00:00,Paul Skenes,5.5,over,109,draftkings,209868,Chicago Cubs,Pittsburgh Pirates,2026-09-12T16:17:35.517043+00:00,2026-09-12T22:28:11.263349+00:00,2026-09-12T18:28:11.263349-04:00,2026-09-12T18:28:11.263349-04:00,propline_free_sample
2026-09-12,2026-09-12 18:20:00+00:00,Paul Skenes,5.5,under,-140,draftkings,209868,Chicago Cubs,Pittsburgh Pirates,2026-09-12T16:17:35.517043+00:00,2026-09-12T22:28:11.263349+00:00,2026-09-12T18:28:11.263349-04:00,2026-09-12T18:28:11.263349-04:00,propline_free_sample
2026-09-12,2026-09-12 18:20:00+00:00,Clay Holmes,5.5,over,100,prizepicks,209868,Chicago Cubs,Pittsburgh Pirates,2026-09-11T23:32:37.964757+00:00,2026-09-12T22:28:11.263349+00:00,2026-09-12T18:28:11.263349-04:00,2026-09-12T18:28:11.263349-04:00,propline_free_sample
2026-09-12,2026-09-12 18:20:00+00:00,Clay Holmes,7.5,over,100,prizepicks,209868,Chicago Cubs,Pittsburgh Pirates,2026-09-11T23:32:37.964757+00:00,2026-09-12T22:28:11.263349+00:00,2026-09-12T18:28:11.263349-04:00,2026-09-12T18:28:11.263349-04:00,propline_free_sample
2026-09-12,2026-09-12 18:20:00+00:00,Paul Skenes,7.5,over,100,prizepicks,209868,Chicago Cubs,Pittsburgh Pirates,2026-09-11T23:32:37.964757+00:00,2026-09-12T22:28:11.263349+00:00,2026-09-12T18:28:11.263349-04:00,2026-09-12T18:28:11.263349-04:00,propline_free_sample
2026-09-12,2026-09-12 18:20:00+00:00,Paul Skenes,8.5,over,100,prizepicks,209868,Chicago Cubs,Pittsburgh Pirates,2026-09-11T23:32:37.964757+00:00,2026-09-12T22:28:11.263349+00:00,2026-09-12T18:28:11.263349-04:00,2026-09-12T18:28:11.263349-04:00,propline_free_sample
2026-09-12,2026-09-12 18:20:00+00:00,Clay Holmes,2.5,over,100,prizepicks,209868,Chicago Cubs,Pittsburgh Pirates,2026-09-11T23:32:37.964757+00:00,2026-09-12T22:28:11.263349+00:00,2026-09-12T18:28:11.263349-04:00,2026-09-12T18:28:11.263349-04:00,propline_free_sample
2026-09-12,2026-09-12 18:20:00+00:00,Paul Skenes,4.5,over,100,prizepicks,209868,Chicago Cubs,Pittsburgh Pirates,2026-09-11T23:32:37.964757+00:00,2026-09-12T22:28:11.263349+00:00,2026-09-12T18:28:11.263349-04:00,2026-09-12T18:28:11.263349-04:00,propline_free_sample
2026-09-12,2026-09-12 18:20:00+00:00,Paul Skenes,6.5,under,100,prizepicks,209868,Chicago Cubs,Pittsburgh Pirates,2026-09-11T23:36:44.699580+00:00,2026-09-12T22:28:11.263349+00:00,2026-09-12T18:28:11.263349-04:00,2026-09-12T18:28:11.263349-04:00,propline_free_sample
2026-09-12,2026-09-12 18:20:00+00:00,Paul Skenes,3.5,under,100,prizepicks,209868,Chicago Cubs,Pittsburgh Pirates,2026-09-11T23:36:44.699580+00:00,2026-09-12T22:28:11.263349+00:00,2026-09-12T18:28:11.263349-04:00,2026-09-12T18:28:11.263349-04:00,propline_free_sample
2026-09-12,2026-09-12 18:20:00+00:00,Paul Skenes,7.5,under,100,prizepicks,209868,Chicago Cubs,Pittsburgh Pirates,2026-09-11T23:36:44.699580+00:00,2026-09-12T22:28:11.263349+00:00,2026-09-12T18:28:11.263349-04:00,2026-09-12T18:28:11.263349-04:00,propline_free_sample
2026-09-12,2026-09-12 18:20:00+00:00,Paul Skenes,4.5,under,100,prizepicks,209868,Chicago Cubs,Pittsburgh Pirates,2026-09-11T23:36:44.699580+00:00,2026-09-12T22:28:11.263349+00:00,2026-09-12T18:28:11.263349-04:00,2026-09-12T18:28:11.263349-04:00,propline_free_sample
2026-09-12,2026-09-12 18:20:00+00:00,Paul Skenes,9.5,over,100,prizepicks,209868,Chicago Cubs,Pittsburgh Pirates,2026-09-11T23:36:44.699580+00:00,2026-09-12T22:28:11.263349+00:00,2026-09-12T18:28:11.263349-04:00,2026-09-12T18:28:11.263349-04:00,propline_free_sample
2026-09-12,2026-09-12 18:20:00+00:00,Paul Skenes,5.5,over,-103,sleeper,209868,Chicago Cubs,Pittsburgh Pirates,2026-09-12T17:59:46.849899+00:00,2026-09-12T22:28:11.263349+00:00,2026-09-12T18:28:11.263349-04:00,2026-09-12T18:28:11.263349-04:00,propline_free_sample
2026-09-12,2026-09-12 18:20:00+00:00,Paul Skenes,5.5,under,-161,sleeper,209868,Chicago Cubs,Pittsburgh Pirates,2026-09-12T17:25:03.823562+00:00,2026-09-12T22:28:11.263349+00:00,2026-09-12T18:28:11.263349-04:00,2026-09-12T18:28:11.263349-04:00,propline_free_sample
2026-09-12,2026-09-12 18:20:00+00:00,Clay Holmes,4.5,over,-101,sleeper,209868,Chicago Cubs,Pittsburgh Pirates,2026-09-12T17:25:03.823562+00:00,2026-09-12T22:28:11.263349+00:00,2026-09-12T18:28:11.263349-04:00,2026-09-12T18:28:11.263349-04:00,propline_free_sample
2026-09-12,2026-09-12 18:20:00+00:00,Clay Holmes,4.5,under,-164,sleeper,209868,Chicago Cubs,Pittsburgh Pirates,2026-09-12T17:25:03.823562+00:00,2026-09-12T22:28:11.263349+00:00,2026-09-12T18:28:11.263349-04:00,2026-09-12T18:28:11.263349-04:00,propline_free_sample
2026-09-12,2026-09-12 18:20:00+00:00,Clay Holmes,1.5,over,-3233,kalshi,209868,Chicago Cubs,Pittsburgh Pirates,2026-09-12T15:06:55.993601+00:00,2026-09-12T22:28:11.263349+00:00,2026-09-12T18:28:11.263349-04:00,2026-09-12T18:28:11.263349-04:00,propline_free_sample
2026-09-12,2026-09-12 18:20:00+00:00,Clay Holmes,1.5,under,9900,kalshi,209868,Chicago Cubs,Pittsburgh Pirates,2026-09-12T18:18:20.286961+00:00,2026-09-12T22:28:11.263349+00:00,2026-09-12T18:28:11.263349-04:00,2026-09-12T18:28:11.263349-04:00,propline_free_sample
2026-09-12,2026-09-12 18:20:00+00:00,Clay Holmes,2.5,over,-3233,kalshi,209868,Chicago Cubs,Pittsburgh Pirates,2026-09-12T17:28:19.857748+00:00,2026-09-12T22:28:11.263349+00:00,2026-09-12T18:28:11.263349-04:00,2026-09-12T18:28:11.263349-04:00,propline_free_sample
2026-09-12,2026-09-12 18:20:00+00:00,Paul Skenes,2.5,over,-733,kalshi,209868,Chicago Cubs,Pittsburgh Pirates,2026-09-12T17:20:03.583916+00:00,2026-09-12T22:28:11.263349+00:00,2026-09-12T18:28:11.263349-04:00,2026-09-12T18:28:11.263349-04:00,propline_free_sample
2026-09-12,2026-09-12 18:20:00+00:00,Clay Holmes,2.5,under,9900,kalshi,209868,Chicago Cubs,Pittsburgh Pirates,2026-09-12T18:18:20.286961+00:00,2026-09-12T22:28:11.263349+00:00,2026-09-12T18:28:11.263349-04:00,2026-09-12T18:28:11.263349-04:00,propline_free_sample
2026-09-12,2026-09-12 18:20:00+00:00,Paul Skenes,2.5,under,9900,kalshi,209868,Chicago Cubs,Pittsburgh Pirates,2026-09-12T18:18:01.936080+00:00,2026-09-12T22:28:11.263349+00:00,2026-09-12T18:28:11.263349-04:00,2026-09-12T18:28:11.263349-04:00,propline_free_sample
2026-09-12,2026-09-12 18:20:00+00:00,Clay Holmes,3.5,over,-3233,kalshi,209868,Chicago Cubs,Pittsburgh Pirates,2026-09-12T17:30:34.813097+00:00,2026-09-12T22:28:11.263349+00:00,2026-09-12T18:28:11.263349-04:00,2026-09-12T18:28:11.263349-04:00,propline_free_sample
2026-09-12,2026-09-12 18:20:00+00:00,Paul Skenes,3.5,over,-3233,kalshi,209868,Chicago Cubs,Pittsburgh Pirates,2026-09-12T17:58:08.847934+00:00,2026-09-12T22:28:11.263349+00:00,2026-09-12T18:28:11.263349-04:00,2026-09-12T18:28:11.263349-04:00,propline_free_sample
2026-09-12,2026-09-12 18:20:00+00:00,Clay Holmes,3.5,under,9900,kalshi,209868,Chicago Cubs,Pittsburgh Pirates,2026-09-12T18:18:20.286961+00:00,2026-09-12T22:28:11.263349+00:00,2026-09-12T18:28:11.263349-04:00,2026-09-12T18:28:11.263349-04:00,propline_free_sample
2026-09-12,2026-09-12 18:20:00+00:00,Paul Skenes,3.5,under,9900,kalshi,209868,Chicago Cubs,Pittsburgh Pirates,2026-09-12T17:58:08.847934+00:00,2026-09-12T22:28:11.263349+00:00,2026-09-12T18:28:11.263349-04:00,2026-09-12T18:28:11.263349-04:00,propline_free_sample
2026-09-12,2026-09-12 18:20:00+00:00,Clay Holmes,4.5,over,-3233,kalshi,209868,Chicago Cubs,Pittsburgh Pirates,2026-09-12T17:27:00.354389+00:00,2026-09-12T22:28:11.263349+00:00,2026-09-12T18:28:11.263349-04:00,2026-09-12T18:28:11.263349-04:00,propline_free_sample
2026-09-12,2026-09-12 18:20:00+00:00,Paul Skenes,4.5,over,9900,kalshi,209868,Chicago Cubs,Pittsburgh Pirates,2026-09-12T17:58:08.847934+00:00,2026-09-12T22:28:11.263349+00:00,2026-09-12T18:28:11.263349-04:00,2026-09-12T18:28:11.263349-04:00,propline_free_sample
2026-09-12,2026-09-12 18:20:00+00:00,Clay Holmes,4.5,under,9900,kalshi,209868,Chicago Cubs,Pittsburgh Pirates,2026-09-12T17:27:00.354389+00:00,2026-09-12T22:28:11.263349+00:00,2026-09-12T18:28:11.263349-04:00,2026-09-12T18:28:11.263349-04:00,propline_free_sample
2026-09-12,2026-09-12 18:20:00+00:00,Paul Skenes,4.5,under,-400,kalshi,209868,Chicago Cubs,Pittsburgh Pirates,2026-09-12T17:58:08.847934+00:00,2026-09-12T22:28:11.263349+00:00,2026-09-12T18:28:11.263349-04:00,2026-09-12T18:28:11.263349-04:00,propline_free_sample
2026-09-12,2026-09-12 18:20:00+00:00,Clay Holmes,5.5,over,-3233,kalshi,209868,Chicago Cubs,Pittsburgh Pirates,2026-09-12T16:38:26.367274+00:00,2026-09-12T22:28:11.263349+00:00,2026-09-12T18:28:11.263349-04:00,2026-09-12T18:28:11.263349-04:00,propline_free_sample
2026-09-12,2026-09-12 18:20:00+00:00,Paul Skenes,5.5,over,9900,kalshi,209868,Chicago Cubs,Pittsburgh Pirates,2026-09-12T17:27:00.354389+00:00,2026-09-12T22:28:11.263349+00:00,2026-09-12T18:28:11.263349-04:00,2026-09-12T18:28:11.263349-04:00,propline_free_sample
2026-09-12,2026-09-12 18:20:00+00:00,Clay Holmes,5.5,under,9900,kalshi,209868,Chicago Cubs,Pittsburgh Pirates,2026-09-12T17:27:00.354389+00:00,2026-09-12T22:28:11.263349+00:00,2026-09-12T18:28:11.263349-04:00,2026-09-12T18:28:11.263349-04:00,propline_free_sample
2026-09-12,2026-09-12 18:20:00+00:00,Paul Skenes,5.5,under,-9900,kalshi,209868,Chicago Cubs,Pittsburgh Pirates,2026-09-12T17:44:00.743257+00:00,2026-09-12T22:28:11.263349+00:00,2026-09-12T18:28:11.263349-04:00,2026-09-12T18:28:11.263349-04:00,propline_free_sample
2026-09-12,2026-09-12 18:20:00+00:00,Clay Holmes,6.5,over,9900,kalshi,209868,Chicago Cubs,Pittsburgh Pirates,2026-09-12T17:20:03.583916+00:00,2026-09-12T22:28:11.263349+00:00,2026-09-12T18:28:11.263349-04:00,2026-09-12T18:28:11.263349-04:00,propline_free_sample
2026-09-12,2026-09-12 18:20:00+00:00,Paul Skenes,6.5,over,9900,kalshi,209868,Chicago Cubs,Pittsburgh Pirates,2026-09-12T18:09:52.913580+00:00,2026-09-12T22:28:11.263349+00:00,2026-09-12T18:28:11.263349-04:00,2026-09-12T18:28:11.263349-04:00,propline_free_sample
2026-09-12,2026-09-12 18:20:00+00:00,Clay Holmes,6.5,under,-809,kalshi,209868,Chicago Cubs,Pittsburgh Pirates,2026-09-12T18:18:20.286961+00:00,2026-09-12T22:28:11.263349+00:00,2026-09-12T18:28:11.263349-04:00,2026-09-12T18:28:11.263349-04:00,propline_free_sample
2026-09-12,2026-09-12 18:20:00+00:00,Paul Skenes,6.5,under,-4900,kalshi,209868,Chicago Cubs,Pittsburgh Pirates,2026-09-12T18:09:52.913580+00:00,2026-09-12T22:28:11.263349+00:00,2026-09-12T18:28:11.263349-04:00,2026-09-12T18:28:11.263349-04:00,propline_free_sample
2026-09-12,2026-09-12 18:20:00+00:00,Clay Holmes,7.5,over,9900,kalshi,209868,Chicago Cubs,Pittsburgh Pirates,2026-09-12T17:37:28.492865+00:00,2026-09-12T22:28:11.263349+00:00,2026-09-12T18:28:11.263349-04:00,2026-09-12T18:28:11.263349-04:00,propline_free_sample
2026-09-12,2026-09-12 18:20:00+00:00,Paul Skenes,7.5,over,9900,kalshi,209868,Chicago Cubs,Pittsburgh Pirates,2026-09-12T15:02:44.853805+00:00,2026-09-12T22:28:11.263349+00:00,2026-09-12T18:28:11.263349-04:00,2026-09-12T18:28:11.263349-04:00,propline_free_sample
2026-09-12,2026-09-12 18:20:00+00:00,Clay Holmes,7.5,under,-456,kalshi,209868,Chicago Cubs,Pittsburgh Pirates,2026-09-12T18:18:01.936080+00:00,2026-09-12T22:28:11.263349+00:00,2026-09-12T18:28:11.263349-04:00,2026-09-12T18:28:11.263349-04:00,propline_free_sample
2026-09-12,2026-09-12 18:20:00+00:00,Paul Skenes,7.5,under,-9900,kalshi,209868,Chicago Cubs,Pittsburgh Pirates,2026-09-12T16:14:30.192394+00:00,2026-09-12T22:28:11.263349+00:00,2026-09-12T18:28:11.263349-04:00,2026-09-12T18:28:11.263349-04:00,propline_free_sample
2026-09-12,2026-09-12 18:20:00+00:00,Paul Skenes,8.5,over,9900,kalshi,209868,Chicago Cubs,Pittsburgh Pirates,2026-09-12T17:27:00.354389+00:00,2026-09-12T22:28:11.263349+00:00,2026-09-12T18:28:11.263349-04:00,2026-09-12T18:28:11.263349-04:00,propline_free_sample
2026-09-12,2026-09-12 18:20:00+00:00,Paul Skenes,8.5,under,-9900,kalshi,209868,Chicago Cubs,Pittsburgh Pirates,2026-09-12T18:18:01.936080+00:00,2026-09-12T22:28:11.263349+00:00,2026-09-12T18:28:11.263349-04:00,2026-09-12T18:28:11.263349-04:00,propline_free_sample
2026-09-12,2026-09-12 18:20:00+00:00,Paul Skenes,9.5,over,9900,kalshi,209868,Chicago Cubs,Pittsburgh Pirates,2026-09-12T17:27:00.354389+00:00,2026-09-12T22:28:11.263349+00:00,2026-09-12T18:28:11.263349-04:00,2026-09-12T18:28:11.263349-04:00,propline_free_sample
2026-09-12,2026-09-12 18:20:00+00:00,Paul Skenes,9.5,under,-1900,kalshi,209868,Chicago Cubs,Pittsburgh Pirates,2026-09-11T23:56:53.956225+00:00,2026-09-12T22:28:11.263349+00:00,2026-09-12T18:28:11.263349-04:00,2026-09-12T18:28:11.263349-04:00,propline_free_sample
2026-09-12,2026-09-12 18:20:00+00:00,Clay Holmes,6.5,under,100,prizepicks,209868,Chicago Cubs,Pittsburgh Pirates,2026-09-11T23:57:08.104035+00:00,2026-09-12T22:28:11.263349+00:00,2026-09-12T18:28:11.263349-04:00,2026-09-12T18:28:11.263349-04:00,propline_free_sample
2026-09-12,2026-09-12 18:20:00+00:00,Clay Holmes,3.5,under,100,prizepicks,209868,Chicago Cubs,Pittsburgh Pirates,2026-09-11T23:57:08.104035+00:00,2026-09-12T22:28:11.263349+00:00,2026-09-12T18:28:11.263349-04:00,2026-09-12T18:28:11.263349-04:00,propline_free_sample
2026-09-12,2026-09-12 18:20:00+00:00,Clay Holmes,5.5,under,100,prizepicks,209868,Chicago Cubs,Pittsburgh Pirates,2026-09-11T23:57:08.104035+00:00,2026-09-12T22:28:11.263349+00:00,2026-09-12T18:28:11.263349-04:00,2026-09-12T18:28:11.263349-04:00,propline_free_sample
2026-09-12,2026-09-12 18:20:00+00:00,Clay Holmes,2.5,under,100,prizepicks,209868,Chicago Cubs,Pittsburgh Pirates,2026-09-11T23:57:08.104035+00:00,2026-09-12T22:28:11.263349+00:00,2026-09-12T18:28:11.263349-04:00,2026-09-12T18:28:11.263349-04:00,propline_free_sample
2026-09-12,2026-09-12 18:20:00+00:00,Clay Holmes,4.5,over,125,onexbet,209868,Chicago Cubs,Pittsburgh Pirates,2026-09-12T17:50:00.328788+00:00,2026-09-12T22:28:11.263349+00:00,2026-09-12T18:28:11.263349-04:00,2026-09-12T18:28:11.263349-04:00,propline_free_sample
2026-09-12,2026-09-12 18:20:00+00:00,Paul Skenes,5.5,over,110,onexbet,209868,Chicago Cubs,Pittsburgh Pirates,2026-09-12T17:50:00.328788+00:00,2026-09-12T22:28:11.263349+00:00,2026-09-12T18:28:11.263349-04:00,2026-09-12T18:28:11.263349-04:00,propline_free_sample
2026-09-12,2026-09-12 18:20:00+00:00,Clay Holmes,4.5,under,-165,onexbet,209868,Chicago Cubs,Pittsburgh Pirates,2026-09-12T17:50:00.328788+00:00,2026-09-12T22:28:11.263349+00:00,2026-09-12T18:28:11.263349-04:00,2026-09-12T18:28:11.263349-04:00,propline_free_sample
2026-09-12,2026-09-12 18:20:00+00:00,Paul Skenes,5.5,under,-150,onexbet,209868,Chicago Cubs,Pittsburgh Pirates,2026-09-12T17:50:00.328788+00:00,2026-09-12T22:28:11.263349+00:00,2026-09-12T18:28:11.263349-04:00,2026-09-12T18:28:11.263349-04:00,propline_free_sample
2026-09-12,2026-09-12 18:20:00+00:00,Clay Holmes,0.5,over,-15000,hardrock,209868,Chicago Cubs,Pittsburgh Pirates,2026-09-12T15:45:11.029279+00:00,2026-09-12T22:28:11.263349+00:00,2026-09-12T18:28:11.263349-04:00,2026-09-12T18:28:11.263349-04:00,propline_free_sample
2026-09-12,2026-09-12 18:20:00+00:00,Clay Holmes,0.5,under,2500,hardrock,209868,Chicago Cubs,Pittsburgh Pirates,2026-09-12T15:45:11.029279+00:00,2026-09-12T22:28:11.263349+00:00,2026-09-12T18:28:11.263349-04:00,2026-09-12T18:28:11.263349-04:00,propline_free_sample
2026-09-12,2026-09-12 18:20:00+00:00,Clay Holmes,1.5,over,-2000,hardrock,209868,Chicago Cubs,Pittsburgh Pirates,2026-09-12T17:22:47.169226+00:00,2026-09-12T22:28:11.263349+00:00,2026-09-12T18:28:11.263349-04:00,2026-09-12T18:28:11.263349-04:00,propline_free_sample
2026-09-12,2026-09-12 18:20:00+00:00,Clay Holmes,1.5,under,700,hardrock,209868,Chicago Cubs,Pittsburgh Pirates,2026-09-12T17:22:47.169226+00:00,2026-09-12T22:28:11.263349+00:00,2026-09-12T18:28:11.263349-04:00,2026-09-12T18:28:11.263349-04:00,propline_free_sample
2026-09-12,2026-09-12 18:20:00+00:00,Clay Holmes,2.5,over,-6000,hardrock,209868,Chicago Cubs,Pittsburgh Pirates,2026-09-12T17:22:47.169226+00:00,2026-09-12T22:28:11.263349+00:00,2026-09-12T18:28:11.263349-04:00,2026-09-12T18:28:11.263349-04:00,propline_free_sample
2026-09-12,2026-09-12 18:20:00+00:00,Clay Holmes,2.5,under,1300,hardrock,209868,Chicago Cubs,Pittsburgh Pirates,2026-09-12T17:46:34.089213+00:00,2026-09-12T22:28:11.263349+00:00,2026-09-12T18:28:11.263349-04:00,2026-09-12T18:28:11.263349-04:00,propline_free_sample
2026-09-12,2026-09-12 18:20:00+00:00,Clay Holmes,3.5,over,-1100,hardrock,209868,Chicago Cubs,Pittsburgh Pirates,2026-09-12T16:38:27.292417+00:00,2026-09-12T22:28:11.263349+00:00,2026-09-12T18:28:11.263349-04:00,2026-09-12T18:28:11.263349-04:00,propline_free_sample
2026-09-12,2026-09-12 18:20:00+00:00,Clay Holmes,3.5,under,450,hardrock,209868,Chicago Cubs,Pittsburgh Pirates,2026-09-12T16:29:42.821513+00:00,2026-09-12T22:28:11.263349+00:00,2026-09-12T18:28:11.263349-04:00,2026-09-12T18:28:11.263349-04:00,propline_free_sample
2026-09-12,2026-09-12 18:20:00+00:00,Clay Holmes,4.5,over,-3000,hardrock,209868,Chicago Cubs,Pittsburgh Pirates,2026-09-12T16:11:49.515684+00:00,2026-09-12T22:28:11.263349+00:00,2026-09-12T18:28:11.263349-04:00,2026-09-12T18:28:11.263349-04:00,propline_free_sample
2026-09-12,2026-09-12 18:20:00+00:00,Clay Holmes,4.5,under,800,hardrock,209868,Chicago Cubs,Pittsburgh Pirates,2026-09-12T14:32:59.153955+00:00,2026-09-12T22:28:11.263349+00:00,2026-09-12T18:28:11.263349-04:00,2026-09-12T18:28:11.263349-04:00,propline_free_sample
2026-09-12,2026-09-12 18:20:00+00:00,Clay Holmes,5.5,over,-1600,hardrock,209868,Chicago Cubs,Pittsburgh Pirates,2026-09-12T16:38:27.292417+00:00,2026-09-12T22:28:11.263349+00:00,2026-09-12T18:28:11.263349-04:00,2026-09-12T18:28:11.263349-04:00,propline_free_sample
2026-09-12,2026-09-12 18:20:00+00:00,Clay Holmes,5.5,under,550,hardrock,209868,Chicago Cubs,Pittsburgh Pirates,2026-09-12T16:06:59.042656+00:00,2026-09-12T22:28:11.263349+00:00,2026-09-12T18:28:11.263349-04:00,2026-09-12T18:28:11.263349-04:00,propline_free_sample
2026-09-12,2026-09-12 18:20:00+00:00,Clay Holmes,6.5,over,-650,hardrock,209868,Chicago Cubs,Pittsburgh Pirates,2026-09-12T16:25:46.966621+00:00,2026-09-12T22:28:11.263349+00:00,2026-09-12T18:28:11.263349-04:00,2026-09-12T18:28:11.263349-04:00,propline_free_sample
2026-09-12,2026-09-12 18:20:00+00:00,Clay Holmes,6.5,under,325,hardrock,209868,Chicago Cubs,Pittsburgh Pirates,2026-09-12T17:22:47.169226+00:00,2026-09-12T22:28:11.263349+00:00,2026-09-12T18:28:11.263349-04:00,2026-09-12T18:28:11.263349-04:00,propline_free_sample
2026-09-12,2026-09-12 18:20:00+00:00,Clay Holmes,7.5,over,-120,hardrock,209868,Chicago Cubs,Pittsburgh Pirates,2026-09-12T16:25:46.966621+00:00,2026-09-12T22:28:11.263349+00:00,2026-09-12T18:28:11.263349-04:00,2026-09-12T18:28:11.263349-04:00,propline_free_sample
2026-09-12,2026-09-12 18:20:00+00:00,Clay Holmes,7.5,under,-120,hardrock,209868,Chicago Cubs,Pittsburgh Pirates,2026-09-12T16:06:59.042656+00:00,2026-09-12T22:28:11.263349+00:00,2026-09-12T18:28:11.263349-04:00,2026-09-12T18:28:11.263349-04:00,propline_free_sample
2026-09-12,2026-09-12 18:20:00+00:00,Clay Holmes,8.5,over,260,hardrock,209868,Chicago Cubs,Pittsburgh Pirates,2026-09-12T16:25:46.966621+00:00,2026-09-12T22:28:11.263349+00:00,2026-09-12T18:28:11.263349-04:00,2026-09-12T18:28:11.263349-04:00,propline_free_sample
2026-09-12,2026-09-12 18:20:00+00:00,Clay Holmes,8.5,under,-450,hardrock,209868,Chicago Cubs,Pittsburgh Pirates,2026-09-12T16:16:47.399706+00:00,2026-09-12T22:28:11.263349+00:00,2026-09-12T18:28:11.263349-04:00,2026-09-12T18:28:11.263349-04:00,propline_free_sample
2026-09-12,2026-09-12 18:20:00+00:00,Paul Skenes,1.5,over,-10000,hardrock,209868,Chicago Cubs,Pittsburgh Pirates,2026-09-12T13:13:34.399558+00:00,2026-09-12T22:28:11.263349+00:00,2026-09-12T18:28:11.263349-04:00,2026-09-12T18:28:11.263349-04:00,propline_free_sample
2026-09-12,2026-09-12 18:20:00+00:00,Paul Skenes,1.5,under,2500,hardrock,209868,Chicago Cubs,Pittsburgh Pirates,2026-09-12T14:59:21.722278+00:00,2026-09-12T22:28:11.263349+00:00,2026-09-12T18:28:11.263349-04:00,2026-09-12T18:28:11.263349-04:00,propline_free_sample
2026-09-12,2026-09-12 18:20:00+00:00,Paul Skenes,10.5,over,5000,hardrock,209868,Chicago Cubs,Pittsburgh Pirates,2026-09-12T14:59:21.722278+00:00,2026-09-12T22:28:11.263349+00:00,2026-09-12T18:28:11.263349-04:00,2026-09-12T18:28:11.263349-04:00,propline_free_sample
2026-09-12,2026-09-12 18:20:00+00:00,Paul Skenes,10.5,under,-100000,hardrock,209868,Chicago Cubs,Pittsburgh Pirates,2026-09-12T13:23:44.667832+00:00,2026-09-12T22:28:11.263349+00:00,2026-09-12T18:28:11.263349-04:00,2026-09-12T18:28:11.263349-04:00,propline_free_sample
2026-09-12,2026-09-12 18:20:00+00:00,Paul Skenes,11.5,over,4000,hardrock,209868,Chicago Cubs,Pittsburgh Pirates,2026-09-12T00:19:45.267970+00:00,2026-09-12T22:28:11.263349+00:00,2026-09-12T18:28:11.263349-04:00,2026-09-12T18:28:11.263349-04:00,propline_free_sample
2026-09-12,2026-09-12 18:20:00+00:00,Paul Skenes,11.5,under,-50000,hardrock,209868,Chicago Cubs,Pittsburgh Pirates,2026-09-12T00:19:45.267970+00:00,2026-09-12T22:28:11.263349+00:00,2026-09-12T18:28:11.263349-04:00,2026-09-12T18:28:11.263349-04:00,propline_free_sample
2026-09-12,2026-09-12 18:20:00+00:00,Paul Skenes,2.5,over,-1400,hardrock,209868,Chicago Cubs,Pittsburgh Pirates,2026-09-12T16:11:49.515684+00:00,2026-09-12T22:28:11.263349+00:00,2026-09-12T18:28:11.263349-04:00,2026-09-12T18:28:11.263349-04:00,propline_free_sample
2026-09-12,2026-09-12 18:20:00+00:00,Paul Skenes,2.5,under,500,hardrock,209868,Chicago Cubs,Pittsburgh Pirates,2026-09-12T16:11:49.515684+00:00,2026-09-12T22:28:11.263349+00:00,2026-09-12T18:28:11.263349-04:00,2026-09-12T18:28:11.263349-04:00,propline_free_sample
2026-09-12,2026-09-12 18:20:00+00:00,Paul Skenes,3.5,over,-325,hardrock,209868,Chicago Cubs,Pittsburgh Pirates,2026-09-12T16:11:49.515684+00:00,2026-09-12T22:28:11.263349+00:00,2026-09-12T18:28:11.263349-04:00,2026-09-12T18:28:11.263349-04:00,propline_free_sample
2026-09-12,2026-09-12 18:20:00+00:00,Paul Skenes,3.5,under,200,hardrock,209868,Chicago Cubs,Pittsburgh Pirates,2026-09-12T00:19:45.267970+00:00,2026-09-12T22:28:11.263349+00:00,2026-09-12T18:28:11.263349-04:00,2026-09-12T18:28:11.263349-04:00,propline_free_sample
2026-09-12,2026-09-12 18:20:00+00:00,Paul Skenes,4.5,over,140,hardrock,209868,Chicago Cubs,Pittsburgh Pirates,2026-09-12T16:11:49.515684+00:00,2026-09-12T22:28:11.263349+00:00,2026-09-12T18:28:11.263349-04:00,2026-09-12T18:28:11.263349-04:00,propline_free_sample
2026-09-12,2026-09-12 18:20:00+00:00,Paul Skenes,4.5,under,-200,hardrock,209868,Chicago Cubs,Pittsburgh Pirates,2026-09-12T17:22:47.169226+00:00,2026-09-12T22:28:11.263349+00:00,2026-09-12T18:28:11.263349-04:00,2026-09-12T18:28:11.263349-04:00,propline_free_sample
2026-09-12,2026-09-12 18:20:00+00:00,Paul Skenes,5.5,over,450,hardrock,209868,Chicago Cubs,Pittsburgh Pirates,2026-09-12T16:11:49.515684+00:00,2026-09-12T22:28:11.263349+00:00,2026-09-12T18:28:11.263349-04:00,2026-09-12T18:28:11.263349-04:00,propline_free_sample
2026-09-12,2026-09-12 18:20:00+00:00,Paul Skenes,5.5,under,-1100,hardrock,209868,Chicago Cubs,Pittsburgh Pirates,2026-09-12T16:11:49.515684+00:00,2026-09-12T22:28:11.263349+00:00,2026-09-12T18:28:11.263349-04:00,2026-09-12T18:28:11.263349-04:00,propline_free_sample
2026-09-12,2026-09-12 18:20:00+00:00,Paul Skenes,6.5,over,1600,hardrock,209868,Chicago Cubs,Pittsburgh Pirates,2026-09-12T16:16:47.399706+00:00,2026-09-12T22:28:11.263349+00:00,2026-09-12T18:28:11.263349-04:00,2026-09-12T18:28:11.263349-04:00,propline_free_sample
2026-09-12,2026-09-12 18:20:00+00:00,Paul Skenes,6.5,under,-8000,hardrock,209868,Chicago Cubs,Pittsburgh Pirates,2026-09-12T16:11:49.515684+00:00,2026-09-12T22:28:11.263349+00:00,2026-09-12T18:28:11.263349-04:00,2026-09-12T18:28:11.263349-04:00,propline_free_sample
2026-09-12,2026-09-12 18:20:00+00:00,Paul Skenes,7.5,over,1100,hardrock,209868,Chicago Cubs,Pittsburgh Pirates,2026-09-12T16:16:47.399706+00:00,2026-09-12T22:28:11.263349+00:00,2026-09-12T18:28:11.263349-04:00,2026-09-12T18:28:11.263349-04:00,propline_free_sample
2026-09-12,2026-09-12 18:20:00+00:00,Paul Skenes,7.5,under,-5000,hardrock,209868,Chicago Cubs,Pittsburgh Pirates,2026-09-12T16:16:47.399706+00:00,2026-09-12T22:28:11.263349+00:00,2026-09-12T18:28:11.263349-04:00,2026-09-12T18:28:11.263349-04:00,propline_free_sample
2026-09-12,2026-09-12 18:20:00+00:00,Paul Skenes,8.5,over,4000,hardrock,209868,Chicago Cubs,Pittsburgh Pirates,2026-09-12T16:16:47.399706+00:00,2026-09-12T22:28:11.263349+00:00,2026-09-12T18:28:11.263349-04:00,2026-09-12T18:28:11.263349-04:00,propline_free_sample
2026-09-12,2026-09-12 18:20:00+00:00,Paul Skenes,8.5,under,-50000,hardrock,209868,Chicago Cubs,Pittsburgh Pirates,2026-09-12T15:12:43.107032+00:00,2026-09-12T22:28:11.263349+00:00,2026-09-12T18:28:11.263349-04:00,2026-09-12T18:28:11.263349-04:00,propline_free_sample
2026-09-12,2026-09-12 18:20:00+00:00,Paul Skenes,9.5,over,2250,hardrock,209868,Chicago Cubs,Pittsburgh Pirates,2026-09-12T17:22:47.169226+00:00,2026-09-12T22:28:11.263349+00:00,2026-09-12T18:28:11.263349-04:00,2026-09-12T18:28:11.263349-04:00,propline_free_sample
2026-09-12,2026-09-12 18:20:00+00:00,Paul Skenes,9.5,under,-15000,hardrock,209868,Chicago Cubs,Pittsburgh Pirates,2026-09-12T16:25:46.966621+00:00,2026-09-12T22:28:11.263349+00:00,2026-09-12T18:28:11.263349-04:00,2026-09-12T18:28:11.263349-04:00,propline_free_sample
2026-09-12,2026-09-12 18:20:00+00:00,Clay Holmes,4.5,over,127,prophetx,209868,Chicago Cubs,Pittsburgh Pirates,2026-09-12T18:19:16.972413+00:00,2026-09-12T22:28:11.263349+00:00,2026-09-12T18:28:11.263349-04:00,2026-09-12T18:28:11.263349-04:00,propline_free_sample
2026-09-12,2026-09-12 18:20:00+00:00,Clay Holmes,4.5,under,-140,prophetx,209868,Chicago Cubs,Pittsburgh Pirates,2026-09-12T18:19:16.972413+00:00,2026-09-12T22:28:11.263349+00:00,2026-09-12T18:28:11.263349-04:00,2026-09-12T18:28:11.263349-04:00,propline_free_sample
2026-09-12,2026-09-12 18:20:00+00:00,Paul Skenes,5.5,over,113,prophetx,209868,Chicago Cubs,Pittsburgh Pirates,2026-09-12T17:57:17.882752+00:00,2026-09-12T22:28:11.263349+00:00,2026-09-12T18:28:11.263349-04:00,2026-09-12T18:28:11.263349-04:00,propline_free_sample
2026-09-12,2026-09-12 18:20:00+00:00,Paul Skenes,5.5,under,-136,prophetx,209868,Chicago Cubs,Pittsburgh Pirates,2026-09-12T18:19:16.972413+00:00,2026-09-12T22:28:11.263349+00:00,2026-09-12T18:28:11.263349-04:00,2026-09-12T18:28:11.263349-04:00,propline_free_sample
2026-09-12,2026-09-12 18:20:00+00:00,Clay Holmes,9.5,over,750,hardrock,209868,Chicago Cubs,Pittsburgh Pirates,2026-09-12T00:50:23.943908+00:00,2026-09-12T22:28:11.263349+00:00,2026-09-12T18:28:11.263349-04:00,2026-09-12T18:28:11.263349-04:00,propline_free_sample
2026-09-12,2026-09-12 18:20:00+00:00,Clay Holmes,9.5,under,-3000,hardrock,209868,Chicago Cubs,Pittsburgh Pirates,2026-09-12T14:59:21.722278+00:00,2026-09-12T22:28:11.263349+00:00,2026-09-12T18:28:11.263349-04:00,2026-09-12T18:28:11.263349-04:00,propline_free_sample
2026-09-12,2026-09-12 18:20:00+00:00,Paul Skenes,5.5,over,-108,novig,209868,Chicago Cubs,Pittsburgh Pirates,2026-09-12T18:19:29.842290+00:00,2026-09-12T22:28:11.263349+00:00,2026-09-12T18:28:11.263349-04:00,2026-09-12T18:28:11.263349-04:00,propline_free_sample
2026-09-12,2026-09-12 18:20:00+00:00,Paul Skenes,5.5,under,-154,novig,209868,Chicago Cubs,Pittsburgh Pirates,2026-09-12T18:16:50.783000+00:00,2026-09-12T22:28:11.263349+00:00,2026-09-12T18:28:11.263349-04:00,2026-09-12T18:28:11.263349-04:00,propline_free_sample
2026-09-12,2026-09-12 18:20:00+00:00,Clay Holmes,8.5,over,100,prizepicks,209868,Chicago Cubs,Pittsburgh Pirates,2026-09-12T02:02:44.466514+00:00,2026-09-12T22:28:11.263349+00:00,2026-09-12T18:28:11.263349-04:00,2026-09-12T18:28:11.263349-04:00,propline_free_sample
2026-09-12,2026-09-12 18:20:00+00:00,Clay Holmes,4.5,over,125,novig,209868,Chicago Cubs,Pittsburgh Pirates,2026-09-12T18:18:27.507262+00:00,2026-09-12T22:28:11.263349+00:00,2026-09-12T18:28:11.263349-04:00,2026-09-12T18:28:11.263349-04:00,propline_free_sample
2026-09-12,2026-09-12 18:20:00+00:00,Clay Holmes,4.5,under,-138,novig,209868,Chicago Cubs,Pittsburgh Pirates,2026-09-12T17:11:29.016699+00:00,2026-09-12T22:28:11.263349+00:00,2026-09-12T18:28:11.263349-04:00,2026-09-12T18:28:11.263349-04:00,propline_free_sample
2026-09-12,2026-09-12 18:20:00+00:00,Clay Holmes,7.5,over,135,fanatics,209868,Chicago Cubs,Pittsburgh Pirates,2026-09-12T18:02:52.206569+00:00,2026-09-12T22:28:11.263349+00:00,2026-09-12T18:28:11.263349-04:00,2026-09-12T18:28:11.263349-04:00,propline_free_sample
2026-09-12,2026-09-12 18:20:00+00:00,Clay Holmes,7.5,under,-180,fanatics,209868,Chicago Cubs,Pittsburgh Pirates,2026-09-12T18:02:52.206569+00:00,2026-09-12T22:28:11.263349+00:00,2026-09-12T18:28:11.263349-04:00,2026-09-12T18:28:11.263349-04:00,propline_free_sample
2026-09-12,2026-09-12 18:20:00+00:00,Paul Skenes,4.5,over,-130,fanatics,209868,Chicago Cubs,Pittsburgh Pirates,2026-09-12T18:02:52.206569+00:00,2026-09-12T22:28:11.263349+00:00,2026-09-12T18:28:11.263349-04:00,2026-09-12T18:28:11.263349-04:00,propline_free_sample
2026-09-12,2026-09-12 18:20:00+00:00,Paul Skenes,4.5,under,100,fanatics,209868,Chicago Cubs,Pittsburgh Pirates,2026-09-12T18:02:52.206569+00:00,2026-09-12T22:28:11.263349+00:00,2026-09-12T18:28:11.263349-04:00,2026-09-12T18:28:11.263349-04:00,propline_free_sample
2026-09-12,2026-09-12 18:20:00+00:00,Clay Holmes,4.5,over,106,fanduel,209868,Chicago Cubs,Pittsburgh Pirates,2026-09-12T18:19:29.294894+00:00,2026-09-12T22:28:11.263349+00:00,2026-09-12T18:28:11.263349-04:00,2026-09-12T18:28:11.263349-04:00,propline_free_sample
2026-09-12,2026-09-12 18:20:00+00:00,Clay Holmes,4.5,under,-136,fanduel,209868,Chicago Cubs,Pittsburgh Pirates,2026-09-12T18:19:29.294894+00:00,2026-09-12T22:28:11.263349+00:00,2026-09-12T18:28:11.263349-04:00,2026-09-12T18:28:11.263349-04:00,propline_free_sample
2026-09-12,2026-09-12 18:20:00+00:00,Paul Skenes,5.5,over,106,fanduel,209868,Chicago Cubs,Pittsburgh Pirates,2026-09-12T18:19:29.294894+00:00,2026-09-12T22:28:11.263349+00:00,2026-09-12T18:28:11.263349-04:00,2026-09-12T18:28:11.263349-04:00,propline_free_sample
2026-09-12,2026-09-12 18:20:00+00:00,Paul Skenes,5.5,under,-136,fanduel,209868,Chicago Cubs,Pittsburgh Pirates,2026-09-12T18:19:29.294894+00:00,2026-09-12T22:28:11.263349+00:00,2026-09-12T18:28:11.263349-04:00,2026-09-12T18:28:11.263349-04:00,propline_free_sample
2026-09-12,2026-09-12 18:20:00+00:00,Clay Holmes (CHC),6.5,over,-165,bovada,209868,Chicago Cubs,Pittsburgh Pirates,2026-09-12T17:47:11.865325+00:00,2026-09-12T22:28:11.263349+00:00,2026-09-12T18:28:11.263349-04:00,2026-09-12T18:28:11.263349-04:00,propline_free_sample
2026-09-12,2026-09-12 18:20:00+00:00,Clay Holmes (CHC),6.5,under,125,bovada,209868,Chicago Cubs,Pittsburgh Pirates,2026-09-12T17:47:11.865325+00:00,2026-09-12T22:28:11.263349+00:00,2026-09-12T18:28:11.263349-04:00,2026-09-12T18:28:11.263349-04:00,propline_free_sample
2026-09-12,2026-09-12 18:20:00+00:00,Paul Skenes (PIT),3.5,over,-110,bovada,209868,Chicago Cubs,Pittsburgh Pirates,2026-09-12T16:30:26.859565+00:00,2026-09-12T22:28:11.263349+00:00,2026-09-12T18:28:11.263349-04:00,2026-09-12T18:28:11.263349-04:00,propline_free_sample
2026-09-12,2026-09-12 18:20:00+00:00,Paul Skenes (PIT),3.5,under,-120,bovada,209868,Chicago Cubs,Pittsburgh Pirates,2026-09-12T16:30:26.859565+00:00,2026-09-12T22:28:11.263349+00:00,2026-09-12T18:28:11.263349-04:00,2026-09-12T18:28:11.263349-04:00,propline_free_sample
2026-09-12,2026-09-12 18:20:00+00:00,Clay Holmes,4.5,over,107,rebet,209868,Chicago Cubs,Pittsburgh Pirates,2026-09-12T16:33:23.109286+00:00,2026-09-12T22:28:11.263349+00:00,2026-09-12T18:28:11.263349-04:00,2026-09-12T18:28:11.263349-04:00,propline_free_sample
2026-09-12,2026-09-12 18:20:00+00:00,Clay Holmes,4.5,under,-148,rebet,209868,Chicago Cubs,Pittsburgh Pirates,2026-09-12T16:33:23.109286+00:00,2026-09-12T22:28:11.263349+00:00,2026-09-12T18:28:11.263349-04:00,2026-09-12T18:28:11.263349-04:00,propline_free_sample
2026-09-12,2026-09-12 18:20:00+00:00,Paul Skenes,5.5,over,100,rebet,209868,Chicago Cubs,Pittsburgh Pirates,2026-09-12T17:33:41.034471+00:00,2026-09-12T22:28:11.263349+00:00,2026-09-12T18:28:11.263349-04:00,2026-09-12T18:28:11.263349-04:00,propline_free_sample
2026-09-12,2026-09-12 18:20:00+00:00,Paul Skenes,5.5,under,-138,rebet,209868,Chicago Cubs,Pittsburgh Pirates,2026-09-12T17:33:41.034471+00:00,2026-09-12T22:28:11.263349+00:00,2026-09-12T18:28:11.263349-04:00,2026-09-12T18:28:11.263349-04:00,propline_free_sample
2026-09-12,2026-09-12 18:20:00+00:00,Clay Holmes,4.0,over,100,prizepicks,209868,Chicago Cubs,Pittsburgh Pirates,2026-09-12T13:09:08.794457+00:00,2026-09-12T22:28:11.263349+00:00,2026-09-12T18:28:11.263349-04:00,2026-09-12T18:28:11.263349-04:00,propline_free_sample
2026-09-12,2026-09-12 18:20:00+00:00,Clay Holmes,4.0,under,100,prizepicks,209868,Chicago Cubs,Pittsburgh Pirates,2026-09-12T13:09:08.794457+00:00,2026-09-12T22:28:11.263349+00:00,2026-09-12T18:28:11.263349-04:00,2026-09-12T18:28:11.263349-04:00,propline_free_sample
2026-09-12,2026-09-12 18:20:00+00:00,Clay Holmes,3.5,over,-178,novig,209868,Chicago Cubs,Pittsburgh Pirates,2026-09-12T17:27:06.041684+00:00,2026-09-12T22:28:11.263349+00:00,2026-09-12T18:28:11.263349-04:00,2026-09-12T18:28:11.263349-04:00,propline_free_sample
2026-09-12,2026-09-12 18:20:00+00:00,Clay Holmes,3.5,under,141,novig,209868,Chicago Cubs,Pittsburgh Pirates,2026-09-12T18:19:29.842290+00:00,2026-09-12T22:28:11.263349+00:00,2026-09-12T18:28:11.263349-04:00,2026-09-12T18:28:11.263349-04:00,propline_free_sample
2026-09-12,2026-09-12 18:20:00+00:00,Clay Holmes,5.5,over,105,betmgm,209868,Chicago Cubs,Pittsburgh Pirates,2026-09-12T16:05:53.112884+00:00,2026-09-12T22:28:11.263349+00:00,2026-09-12T18:28:11.263349-04:00,2026-09-12T18:28:11.263349-04:00,propline_free_sample
2026-09-12,2026-09-12 18:20:00+00:00,Clay Holmes,5.5,under,-140,betmgm,209868,Chicago Cubs,Pittsburgh Pirates,2026-09-12T16:05:53.112884+00:00,2026-09-12T22:28:11.263349+00:00,2026-09-12T18:28:11.263349-04:00,2026-09-12T18:28:11.263349-04:00,propline_free_sample
2026-09-12,2026-09-12 18:20:00+00:00,Paul Skenes,4.5,over,-125,betmgm,209868,Chicago Cubs,Pittsburgh Pirates,2026-09-12T16:16:04.698755+00:00,2026-09-12T22:28:11.263349+00:00,2026-09-12T18:28:11.263349-04:00,2026-09-12T18:28:11.263349-04:00,propline_free_sample
2026-09-12,2026-09-12 18:20:00+00:00,Paul Skenes,4.5,under,-105,betmgm,209868,Chicago Cubs,Pittsburgh Pirates,2026-09-12T16:16:04.698755+00:00,2026-09-12T22:28:11.263349+00:00,2026-09-12T18:28:11.263349-04:00,2026-09-12T18:28:11.263349-04:00,propline_free_sample
2026-09-12,2026-09-12 18:20:00+00:00,Clay Holmes,5.5,over,251,novig,209868,Chicago Cubs,Pittsburgh Pirates,2026-09-12T17:29:52.373905+00:00,2026-09-12T22:28:11.263349+00:00,2026-09-12T18:28:11.263349-04:00,2026-09-12T18:28:11.263349-04:00,propline_free_sample
2026-09-12,2026-09-12 18:20:00+00:00,Clay Holmes,5.5,under,-308,novig,209868,Chicago Cubs,Pittsburgh Pirates,2026-09-12T17:27:29.649234+00:00,2026-09-12T22:28:11.263349+00:00,2026-09-12T18:28:11.263349-04:00,2026-09-12T18:28:11.263349-04:00,propline_free_sample
2026-09-12,2026-09-12 18:20:00+00:00,Paul Skenes,4.5,over,-178,novig,209868,Chicago Cubs,Pittsburgh Pirates,2026-09-12T17:25:49.790755+00:00,2026-09-12T22:28:11.263349+00:00,2026-09-12T18:28:11.263349-04:00,2026-09-12T18:28:11.263349-04:00,propline_free_sample
2026-09-12,2026-09-12 18:20:00+00:00,Paul Skenes,4.5,under,133,novig,209868,Chicago Cubs,Pittsburgh Pirates,2026-09-12T17:49:33.238730+00:00,2026-09-12T22:28:11.263349+00:00,2026-09-12T18:28:11.263349-04:00,2026-09-12T18:28:11.263349-04:00,propline_free_sample
2026-09-12,2026-09-12 18:20:00+00:00,Paul Skenes,6.5,over,228,novig,209868,Chicago Cubs,Pittsburgh Pirates,2026-09-12T17:25:49.790755+00:00,2026-09-12T22:28:11.263349+00:00,2026-09-12T18:28:11.263349-04:00,2026-09-12T18:28:11.263349-04:00,propline_free_sample
2026-09-12,2026-09-12 18:20:00+00:00,Paul Skenes,6.5,under,-326,novig,209868,Chicago Cubs,Pittsburgh Pirates,2026-09-12T18:18:00.992026+00:00,2026-09-12T22:28:11.263349+00:00,2026-09-12T18:28:11.263349-04:00,2026-09-12T18:28:11.263349-04:00,propline_free_sample
2026-09-12,2026-09-12 18:20:00+00:00,Paul Skenes,5.5,over,100,prizepicks,209868,Chicago Cubs,Pittsburgh Pirates,2026-09-12T13:28:16.429329+00:00,2026-09-12T22:28:11.263349+00:00,2026-09-12T18:28:11.263349-04:00,2026-09-12T18:28:11.263349-04:00,propline_free_sample
2026-09-12,2026-09-12 18:20:00+00:00,Paul Skenes,5.5,under,100,prizepicks,209868,Chicago Cubs,Pittsburgh Pirates,2026-09-12T13:28:16.429329+00:00,2026-09-12T22:28:11.263349+00:00,2026-09-12T18:28:11.263349-04:00,2026-09-12T18:28:11.263349-04:00,propline_free_sample
2026-09-12,2026-09-12 18:20:00+00:00,Clay Holmes,4.5,over,117,pinnacle,209868,Chicago Cubs,Pittsburgh Pirates,2026-09-12T16:35:55.497588+00:00,2026-09-12T22:28:11.263349+00:00,2026-09-12T18:28:11.263349-04:00,2026-09-12T18:28:11.263349-04:00,propline_free_sample
2026-09-12,2026-09-12 18:20:00+00:00,Clay Holmes,4.5,under,-156,pinnacle,209868,Chicago Cubs,Pittsburgh Pirates,2026-09-12T16:35:55.497588+00:00,2026-09-12T22:28:11.263349+00:00,2026-09-12T18:28:11.263349-04:00,2026-09-12T18:28:11.263349-04:00,propline_free_sample
2026-09-12,2026-09-12 18:20:00+00:00,Paul Skenes,5.5,over,110,pinnacle,209868,Chicago Cubs,Pittsburgh Pirates,2026-09-12T16:35:55.497588+00:00,2026-09-12T22:28:11.263349+00:00,2026-09-12T18:28:11.263349-04:00,2026-09-12T18:28:11.263349-04:00,propline_free_sample
2026-09-12,2026-09-12 18:20:00+00:00,Paul Skenes,5.5,under,-146,pinnacle,209868,Chicago Cubs,Pittsburgh Pirates,2026-09-12T16:35:55.497588+00:00,2026-09-12T22:28:11.263349+00:00,2026-09-12T18:28:11.263349-04:00,2026-09-12T18:28:11.263349-04:00,propline_free_sample
2026-09-12,2026-09-12 18:20:00+00:00,Clay Holmes,4.0,over,118,prophetx,209868,Chicago Cubs,Pittsburgh Pirates,2026-09-12T13:32:43.882641+00:00,2026-09-12T22:28:11.263349+00:00,2026-09-12T18:28:11.263349-04:00,2026-09-12T18:28:11.263349-04:00,propline_free_sample
2026-09-12,2026-09-12 18:20:00+00:00,Clay Holmes,4.0,under,-140,prophetx,209868,Chicago Cubs,Pittsburgh Pirates,2026-09-12T13:32:43.882641+00:00,2026-09-12T22:28:11.263349+00:00,2026-09-12T18:28:11.263349-04:00,2026-09-12T18:28:11.263349-04:00,propline_free_sample
2026-09-12,2026-09-12 18:20:00+00:00,Clay Holmes (CHC),4.5,over,110,betonlineag,209868,Chicago Cubs,Pittsburgh Pirates,2026-09-12T17:39:44.822554+00:00,2026-09-12T22:28:11.263349+00:00,2026-09-12T18:28:11.263349-04:00,2026-09-12T18:28:11.263349-04:00,propline_free_sample
2026-09-12,2026-09-12 18:20:00+00:00,Clay Holmes (CHC),4.5,under,-150,betonlineag,209868,Chicago Cubs,Pittsburgh Pirates,2026-09-12T17:39:44.822554+00:00,2026-09-12T22:28:11.263349+00:00,2026-09-12T18:28:11.263349-04:00,2026-09-12T18:28:11.263349-04:00,propline_free_sample
2026-09-12,2026-09-12 18:20:00+00:00,Paul Skenes (PIT),5.5,over,100,betonlineag,209868,Chicago Cubs,Pittsburgh Pirates,2026-09-12T13:59:08.101269+00:00,2026-09-12T22:28:11.263349+00:00,2026-09-12T18:28:11.263349-04:00,2026-09-12T18:28:11.263349-04:00,propline_free_sample
2026-09-12,2026-09-12 18:20:00+00:00,Paul Skenes (PIT),5.5,under,-140,betonlineag,209868,Chicago Cubs,Pittsburgh Pirates,2026-09-12T13:59:08.101269+00:00,2026-09-12T22:28:11.263349+00:00,2026-09-12T18:28:11.263349-04:00,2026-09-12T18:28:11.263349-04:00,propline_free_sample
2026-09-12,2026-09-12 18:20:00+00:00,Clay Holmes (CHC),4.5,over,110,lowvig,209868,Chicago Cubs,Pittsburgh Pirates,2026-09-12T17:39:57.807063+00:00,2026-09-12T22:28:11.263349+00:00,2026-09-12T18:28:11.263349-04:00,2026-09-12T18:28:11.263349-04:00,propline_free_sample
2026-09-12,2026-09-12 18:20:00+00:00,Clay Holmes (CHC),4.5,under,-150,lowvig,209868,Chicago Cubs,Pittsburgh Pirates,2026-09-12T17:39:57.807063+00:00,2026-09-12T22:28:11.263349+00:00,2026-09-12T18:28:11.263349-04:00,2026-09-12T18:28:11.263349-04:00,propline_free_sample
2026-09-12,2026-09-12 18:20:00+00:00,Paul Skenes (PIT),5.5,over,100,lowvig,209868,Chicago Cubs,Pittsburgh Pirates,2026-09-12T13:59:16.214835+00:00,2026-09-12T22:28:11.263349+00:00,2026-09-12T18:28:11.263349-04:00,2026-09-12T18:28:11.263349-04:00,propline_free_sample
2026-09-12,2026-09-12 18:20:00+00:00,Paul Skenes (PIT),5.5,under,-140,lowvig,209868,Chicago Cubs,Pittsburgh Pirates,2026-09-12T13:59:16.214835+00:00,2026-09-12T22:28:11.263349+00:00,2026-09-12T18:28:11.263349-04:00,2026-09-12T18:28:11.263349-04:00,propline_free_sample
2026-09-12,2026-09-12 18:20:00+00:00,Paul Skenes,4.5,over,-169,smarkets,209868,Chicago Cubs,Pittsburgh Pirates,2026-09-12T18:17:33.319067+00:00,2026-09-12T22:28:11.263349+00:00,2026-09-12T18:28:11.263349-04:00,2026-09-12T18:28:11.263349-04:00,propline_free_sample
2026-09-12,2026-09-12 18:20:00+00:00,Paul Skenes,4.5,under,120,smarkets,209868,Chicago Cubs,Pittsburgh Pirates,2026-09-12T18:17:33.319067+00:00,2026-09-12T22:28:11.263349+00:00,2026-09-12T18:28:11.263349-04:00,2026-09-12T18:28:11.263349-04:00,propline_free_sample
2026-09-12,2026-09-12 18:20:00+00:00,Paul Skenes,0.5,over,-50000,hardrock,209868,Chicago Cubs,Pittsburgh Pirates,,2026-09-12T22:28:11.263349+00:00,2026-09-12T18:28:11.263349-04:00,2026-09-12T18:28:11.263349-04:00,propline_free_sample
2026-09-12,2026-09-12 18:20:00+00:00,Paul Skenes,0.5,under,4000,hardrock,209868,Chicago Cubs,Pittsburgh Pirates,,2026-09-12T22:28:11.263349+00:00,2026-09-12T18:28:11.263349-04:00,2026-09-12T18:28:11.263349-04:00,propline_free_sample
2026-09-12,2026-09-12 18:20:00+00:00,Clay Holmes,10.5,over,3000,hardrock,209868,Chicago Cubs,Pittsburgh Pirates,,2026-09-12T22:28:11.263349+00:00,2026-09-12T18:28:11.263349-04:00,2026-09-12T18:28:11.263349-04:00,propline_free_sample
2026-09-12,2026-09-12 18:20:00+00:00,Clay Holmes,10.5,under,-20000,hardrock,209868,Chicago Cubs,Pittsburgh Pirates,,2026-09-12T22:28:11.263349+00:00,2026-09-12T18:28:11.263349-04:00,2026-09-12T18:28:11.263349-04:00,propline_free_sample
2026-09-12,2026-09-12 17:35:00+00:00,Gerrit Cole,5.5,over,-108,fanduel,209072,New York Yankees,New York Mets,2026-09-12T17:04:40.276516+00:00,2026-09-12T22:28:11.263349+00:00,2026-09-12T18:28:11.263349-04:00,2026-09-12T18:28:11.263349-04:00,propline_free_sample
2026-09-12,2026-09-12 17:35:00+00:00,Gerrit Cole,5.5,under,-118,fanduel,209072,New York Yankees,New York Mets,2026-09-12T17:04:40.276516+00:00,2026-09-12T22:28:11.263349+00:00,2026-09-12T18:28:11.263349-04:00,2026-09-12T18:28:11.263349-04:00,propline_free_sample
2026-09-12,2026-09-12 17:35:00+00:00,Zac Thornton,4.5,over,122,fanduel,209072,New York Yankees,New York Mets,2026-09-12T15:25:27.157550+00:00,2026-09-12T22:28:11.263349+00:00,2026-09-12T18:28:11.263349-04:00,2026-09-12T18:28:11.263349-04:00,propline_free_sample
2026-09-12,2026-09-12 17:35:00+00:00,Zac Thornton,4.5,under,-156,fanduel,209072,New York Yankees,New York Mets,2026-09-12T15:25:27.157550+00:00,2026-09-12T22:28:11.263349+00:00,2026-09-12T18:28:11.263349-04:00,2026-09-12T18:28:11.263349-04:00,propline_free_sample
2026-09-12,2026-09-12 17:35:00+00:00,Gerrit Cole (NYY),4.5,over,-115,bovada,209072,New York Yankees,New York Mets,2026-09-12T17:04:07.845662+00:00,2026-09-12T22:28:11.263349+00:00,2026-09-12T18:28:11.263349-04:00,2026-09-12T18:28:11.263349-04:00,propline_free_sample
2026-09-12,2026-09-12 17:35:00+00:00,Gerrit Cole (NYY),4.5,under,-115,bovada,209072,New York Yankees,New York Mets,2026-09-12T17:04:07.845662+00:00,2026-09-12T22:28:11.263349+00:00,2026-09-12T18:28:11.263349-04:00,2026-09-12T18:28:11.263349-04:00,propline_free_sample
2026-09-12,2026-09-12 17:35:00+00:00,Zach Thornton (NYM),4.5,over,-220,bovada,209072,New York Yankees,New York Mets,2026-09-12T15:45:30.445392+00:00,2026-09-12T22:28:11.263349+00:00,2026-09-12T18:28:11.263349-04:00,2026-09-12T18:28:11.263349-04:00,propline_free_sample
2026-09-12,2026-09-12 17:35:00+00:00,Zach Thornton (NYM),4.5,under,165,bovada,209072,New York Yankees,New York Mets,2026-09-12T15:45:30.445392+00:00,2026-09-12T22:28:11.263349+00:00,2026-09-12T18:28:11.263349-04:00,2026-09-12T18:28:11.263349-04:00,propline_free_sample
2026-09-12,2026-09-12 17:35:00+00:00,Gerrit Cole,5.5,over,100,prizepicks,209072,New York Yankees,New York Mets,2026-09-11T23:23:09.878513+00:00,2026-09-12T22:28:11.263349+00:00,2026-09-12T18:28:11.263349-04:00,2026-09-12T18:28:11.263349-04:00,propline_free_sample
2026-09-12,2026-09-12 17:35:00+00:00,Gerrit Cole,5.5,under,100,prizepicks,209072,New York Yankees,New York Mets,2026-09-11T23:23:09.878513+00:00,2026-09-12T22:28:11.263349+00:00,2026-09-12T18:28:11.263349-04:00,2026-09-12T18:28:11.263349-04:00,propline_free_sample
2026-09-12,2026-09-12 17:35:00+00:00,Zac Thornton,4.5,over,100,prizepicks,209072,New York Yankees,New York Mets,2026-09-11T23:23:09.878513+00:00,2026-09-12T22:28:11.263349+00:00,2026-09-12T18:28:11.263349-04:00,2026-09-12T18:28:11.263349-04:00,propline_free_sample
2026-09-12,2026-09-12 17:35:00+00:00,Zac Thornton,5.5,over,100,prizepicks,209072,New York Yankees,New York Mets,2026-09-11T23:23:09.878513+00:00,2026-09-12T22:28:11.263349+00:00,2026-09-12T18:28:11.263349-04:00,2026-09-12T18:28:11.263349-04:00,propline_free_sample
2026-09-12,2026-09-12 17:35:00+00:00,Gerrit Cole,6.5,over,100,prizepicks,209072,New York Yankees,New York Mets,2026-09-11T23:23:09.878513+00:00,2026-09-12T22:28:11.263349+00:00,2026-09-12T18:28:11.263349-04:00,2026-09-12T18:28:11.263349-04:00,propline_free_sample
2026-09-12,2026-09-12 17:35:00+00:00,Zac Thornton,6.5,over,100,prizepicks,209072,New York Yankees,New York Mets,2026-09-11T23:23:09.878513+00:00,2026-09-12T22:28:11.263349+00:00,2026-09-12T18:28:11.263349-04:00,2026-09-12T18:28:11.263349-04:00,propline_free_sample
2026-09-12,2026-09-12 17:35:00+00:00,Gerrit Cole,7.5,over,100,prizepicks,209072,New York Yankees,New York Mets,2026-09-11T23:23:09.878513+00:00,2026-09-12T22:28:11.263349+00:00,2026-09-12T18:28:11.263349-04:00,2026-09-12T18:28:11.263349-04:00,propline_free_sample
2026-09-12,2026-09-12 17:35:00+00:00,Zac Thornton,2.5,over,100,prizepicks,209072,New York Yankees,New York Mets,2026-09-11T23:23:09.878513+00:00,2026-09-12T22:28:11.263349+00:00,2026-09-12T18:28:11.263349-04:00,2026-09-12T18:28:11.263349-04:00,propline_free_sample
2026-09-12,2026-09-12 17:35:00+00:00,Gerrit Cole,3.5,over,100,prizepicks,209072,New York Yankees,New York Mets,2026-09-11T23:23:09.878513+00:00,2026-09-12T22:28:11.263349+00:00,2026-09-12T18:28:11.263349-04:00,2026-09-12T18:28:11.263349-04:00,propline_free_sample
2026-09-12,2026-09-12 17:35:00+00:00,Zac Thornton,3.5,over,100,prizepicks,209072,New York Yankees,New York Mets,2026-09-11T23:23:09.878513+00:00,2026-09-12T22:28:11.263349+00:00,2026-09-12T18:28:11.263349-04:00,2026-09-12T18:28:11.263349-04:00,propline_free_sample
2026-09-12,2026-09-12 17:35:00+00:00,Zac Thornton,3.5,under,100,prizepicks,209072,New York Yankees,New York Mets,2026-09-11T23:23:09.878513+00:00,2026-09-12T22:28:11.263349+00:00,2026-09-12T18:28:11.263349-04:00,2026-09-12T18:28:11.263349-04:00,propline_free_sample
2026-09-12,2026-09-12 17:35:00+00:00,Gerrit Cole,4.5,over,100,prizepicks,209072,New York Yankees,New York Mets,2026-09-11T23:23:09.878513+00:00,2026-09-12T22:28:11.263349+00:00,2026-09-12T18:28:11.263349-04:00,2026-09-12T18:28:11.263349-04:00,propline_free_sample
2026-09-12,2026-09-12 17:35:00+00:00,Gerrit Cole,5.5,over,-122,novig,209072,New York Yankees,New York Mets,2026-09-12T17:32:22.204974+00:00,2026-09-12T22:28:11.263349+00:00,2026-09-12T18:28:11.263349-04:00,2026-09-12T18:28:11.263349-04:00,propline_free_sample
2026-09-12,2026-09-12 17:35:00+00:00,Gerrit Cole,5.5,under,-115,novig,209072,New York Yankees,New York Mets,2026-09-12T17:34:24.789078+00:00,2026-09-12T22:28:11.263349+00:00,2026-09-12T18:28:11.263349-04:00,2026-09-12T18:28:11.263349-04:00,propline_free_sample
2026-09-12,2026-09-12 17:35:00+00:00,Gerrit Cole,6.5,under,100,prizepicks,209072,New York Yankees,New York Mets,2026-09-11T23:32:37.073957+00:00,2026-09-12T22:28:11.263349+00:00,2026-09-12T18:28:11.263349-04:00,2026-09-12T18:28:11.263349-04:00,propline_free_sample
2026-09-12,2026-09-12 17:35:00+00:00,Gerrit Cole,7.5,under,100,prizepicks,209072,New York Yankees,New York Mets,2026-09-11T23:32:37.073957+00:00,2026-09-12T22:28:11.263349+00:00,2026-09-12T18:28:11.263349-04:00,2026-09-12T18:28:11.263349-04:00,propline_free_sample
2026-09-12,2026-09-12 17:35:00+00:00,Gerrit Cole,3.5,under,100,prizepicks,209072,New York Yankees,New York Mets,2026-09-11T23:32:37.073957+00:00,2026-09-12T22:28:11.263349+00:00,2026-09-12T18:28:11.263349-04:00,2026-09-12T18:28:11.263349-04:00,propline_free_sample
2026-09-12,2026-09-12 17:35:00+00:00,Gerrit Cole,4.5,under,100,prizepicks,209072,New York Yankees,New York Mets,2026-09-11T23:32:37.073957+00:00,2026-09-12T22:28:11.263349+00:00,2026-09-12T18:28:11.263349-04:00,2026-09-12T18:28:11.263349-04:00,propline_free_sample
2026-09-12,2026-09-12 17:35:00+00:00,Gerrit Cole,8.5,over,100,prizepicks,209072,New York Yankees,New York Mets,2026-09-11T23:32:37.073957+00:00,2026-09-12T22:28:11.263349+00:00,2026-09-12T18:28:11.263349-04:00,2026-09-12T18:28:11.263349-04:00,propline_free_sample
2026-09-12,2026-09-12 17:35:00+00:00,Gerrit Cole,9.5,over,100,prizepicks,209072,New York Yankees,New York Mets,2026-09-11T23:32:37.073957+00:00,2026-09-12T22:28:11.263349+00:00,2026-09-12T18:28:11.263349-04:00,2026-09-12T18:28:11.263349-04:00,propline_free_sample
2026-09-12,2026-09-12 17:35:00+00:00,Gerrit Cole,1.5,over,-4000,hardrock,209072,New York Yankees,New York Mets,2026-09-12T15:35:26.829206+00:00,2026-09-12T22:28:11.263349+00:00,2026-09-12T18:28:11.263349-04:00,2026-09-12T18:28:11.263349-04:00,propline_free_sample
2026-09-12,2026-09-12 17:35:00+00:00,Gerrit Cole,1.5,under,900,hardrock,209072,New York Yankees,New York Mets,2026-09-12T15:26:39.471907+00:00,2026-09-12T22:28:11.263349+00:00,2026-09-12T18:28:11.263349-04:00,2026-09-12T18:28:11.263349-04:00,propline_free_sample
2026-09-12,2026-09-12 17:35:00+00:00,Gerrit Cole,10.5,over,4000,hardrock,209072,New York Yankees,New York Mets,2026-09-12T02:55:46.389337+00:00,2026-09-12T22:28:11.263349+00:00,2026-09-12T18:28:11.263349-04:00,2026-09-12T18:28:11.263349-04:00,propline_free_sample
2026-09-12,2026-09-12 17:35:00+00:00,Gerrit Cole,10.5,under,-50000,hardrock,209072,New York Yankees,New York Mets,2026-09-12T15:12:32.172967+00:00,2026-09-12T22:28:11.263349+00:00,2026-09-12T18:28:11.263349-04:00,2026-09-12T18:28:11.263349-04:00,propline_free_sample
2026-09-12,2026-09-12 17:35:00+00:00,Gerrit Cole,11.5,over,4000,hardrock,209072,New York Yankees,New York Mets,2026-09-12T00:19:31.589782+00:00,2026-09-12T22:28:11.263349+00:00,2026-09-12T18:28:11.263349-04:00,2026-09-12T18:28:11.263349-04:00,propline_free_sample
2026-09-12,2026-09-12 17:35:00+00:00,Gerrit Cole,11.5,under,-50000,hardrock,209072,New York Yankees,New York Mets,2026-09-12T00:19:31.589782+00:00,2026-09-12T22:28:11.263349+00:00,2026-09-12T18:28:11.263349-04:00,2026-09-12T18:28:11.263349-04:00,propline_free_sample
2026-09-12,2026-09-12 17:35:00+00:00,Gerrit Cole,2.5,over,-1100,hardrock,209072,New York Yankees,New York Mets,2026-09-12T15:12:32.172967+00:00,2026-09-12T22:28:11.263349+00:00,2026-09-12T18:28:11.263349-04:00,2026-09-12T18:28:11.263349-04:00,propline_free_sample
2026-09-12,2026-09-12 17:35:00+00:00,Gerrit Cole,2.5,under,450,hardrock,209072,New York Yankees,New York Mets,2026-09-12T15:12:32.172967+00:00,2026-09-12T22:28:11.263349+00:00,2026-09-12T18:28:11.263349-04:00,2026-09-12T18:28:11.263349-04:00,propline_free_sample
2026-09-12,2026-09-12 17:35:00+00:00,Gerrit Cole,3.5,over,-190,hardrock,209072,New York Yankees,New York Mets,2026-09-12T15:12:32.172967+00:00,2026-09-12T22:28:11.263349+00:00,2026-09-12T18:28:11.263349-04:00,2026-09-12T18:28:11.263349-04:00,propline_free_sample
2026-09-12,2026-09-12 17:35:00+00:00,Gerrit Cole,3.5,under,130,hardrock,209072,New York Yankees,New York Mets,2026-09-12T15:12:32.172967+00:00,2026-09-12T22:28:11.263349+00:00,2026-09-12T18:28:11.263349-04:00,2026-09-12T18:28:11.263349-04:00,propline_free_sample
2026-09-12,2026-09-12 17:35:00+00:00,Gerrit Cole,4.5,over,160,hardrock,209072,New York Yankees,New York Mets,2026-09-12T15:12:32.172967+00:00,2026-09-12T22:28:11.263349+00:00,2026-09-12T18:28:11.263349-04:00,2026-09-12T18:28:11.263349-04:00,propline_free_sample
2026-09-12,2026-09-12 17:35:00+00:00,Gerrit Cole,4.5,under,-250,hardrock,209072,New York Yankees,New York Mets,2026-09-12T15:12:32.172967+00:00,2026-09-12T22:28:11.263349+00:00,2026-09-12T18:28:11.263349-04:00,2026-09-12T18:28:11.263349-04:00,propline_free_sample
2026-09-12,2026-09-12 17:35:00+00:00,Gerrit Cole,5.5,over,400,hardrock,209072,New York Yankees,New York Mets,2026-09-12T15:12:32.172967+00:00,2026-09-12T22:28:11.263349+00:00,2026-09-12T18:28:11.263349-04:00,2026-09-12T18:28:11.263349-04:00,propline_free_sample
2026-09-12,2026-09-12 17:35:00+00:00,Gerrit Cole,5.5,under,-850,hardrock,209072,New York Yankees,New York Mets,2026-09-12T15:12:32.172967+00:00,2026-09-12T22:28:11.263349+00:00,2026-09-12T18:28:11.263349-04:00,2026-09-12T18:28:11.263349-04:00,propline_free_sample
2026-09-12,2026-09-12 17:35:00+00:00,Gerrit Cole,6.5,over,1000,hardrock,209072,New York Yankees,New York Mets,2026-09-12T15:12:32.172967+00:00,2026-09-12T22:28:11.263349+00:00,2026-09-12T18:28:11.263349-04:00,2026-09-12T18:28:11.263349-04:00,propline_free_sample
2026-09-12,2026-09-12 17:35:00+00:00,Gerrit Cole,6.5,under,-5000,hardrock,209072,New York Yankees,New York Mets,2026-09-12T15:12:32.172967+00:00,2026-09-12T22:28:11.263349+00:00,2026-09-12T18:28:11.263349-04:00,2026-09-12T18:28:11.263349-04:00,propline_free_sample
2026-09-12,2026-09-12 17:35:00+00:00,Gerrit Cole,7.5,over,3000,hardrock,209072,New York Yankees,New York Mets,2026-09-12T02:55:46.389337+00:00,2026-09-12T22:28:11.263349+00:00,2026-09-12T18:28:11.263349-04:00,2026-09-12T18:28:11.263349-04:00,propline_free_sample
2026-09-12,2026-09-12 17:35:00+00:00,Gerrit Cole,7.5,under,-50000,hardrock,209072,New York Yankees,New York Mets,2026-09-12T04:24:52.835573+00:00,2026-09-12T22:28:11.263349+00:00,2026-09-12T18:28:11.263349-04:00,2026-09-12T18:28:11.263349-04:00,propline_free_sample
2026-09-12,2026-09-12 17:35:00+00:00,Gerrit Cole,8.5,over,2250,hardrock,209072,New York Yankees,New York Mets,2026-09-12T15:12:32.172967+00:00,2026-09-12T22:28:11.263349+00:00,2026-09-12T18:28:11.263349-04:00,2026-09-12T18:28:11.263349-04:00,propline_free_sample
2026-09-12,2026-09-12 17:35:00+00:00,Gerrit Cole,8.5,under,-15000,hardrock,209072,New York Yankees,New York Mets,2026-09-12T14:05:14.145475+00:00,2026-09-12T22:28:11.263349+00:00,2026-09-12T18:28:11.263349-04:00,2026-09-12T18:28:11.263349-04:00,propline_free_sample
2026-09-12,2026-09-12 17:35:00+00:00,Gerrit Cole,9.5,over,1600,hardrock,209072,New York Yankees,New York Mets,2026-09-12T15:12:32.172967+00:00,2026-09-12T22:28:11.263349+00:00,2026-09-12T18:28:11.263349-04:00,2026-09-12T18:28:11.263349-04:00,propline_free_sample
2026-09-12,2026-09-12 17:35:00+00:00,Gerrit Cole,9.5,under,-7000,hardrock,209072,New York Yankees,New York Mets,2026-09-12T15:22:21.582605+00:00,2026-09-12T22:28:11.263349+00:00,2026-09-12T18:28:11.263349-04:00,2026-09-12T18:28:11.263349-04:00,propline_free_sample
2026-09-12,2026-09-12 17:35:00+00:00,Gerrit Cole,5.5,over,106,prophetx,209072,New York Yankees,New York Mets,2026-09-12T16:46:44.451410+00:00,2026-09-12T22:28:11.263349+00:00,2026-09-12T18:28:11.263349-04:00,2026-09-12T18:28:11.263349-04:00,propline_free_sample
2026-09-12,2026-09-12 17:35:00+00:00,Gerrit Cole,5.5,under,-113,prophetx,209072,New York Yankees,New York Mets,2026-09-12T16:05:59.631988+00:00,2026-09-12T22:28:11.263349+00:00,2026-09-12T18:28:11.263349-04:00,2026-09-12T18:28:11.263349-04:00,propline_free_sample
2026-09-12,2026-09-12 17:35:00+00:00,Zac Thornton,3.5,over,-210,prophetx,209072,New York Yankees,New York Mets,2026-09-12T17:33:41.401087+00:00,2026-09-12T22:28:11.263349+00:00,2026-09-12T18:28:11.263349-04:00,2026-09-12T18:28:11.263349-04:00,propline_free_sample
2026-09-12,2026-09-12 17:35:00+00:00,Zac Thornton,3.5,under,176,prophetx,209072,New York Yankees,New York Mets,2026-09-12T16:41:56.262740+00:00,2026-09-12T22:28:11.263349+00:00,2026-09-12T18:28:11.263349-04:00,2026-09-12T18:28:11.263349-04:00,propline_free_sample
2026-09-12,2026-09-12 17:35:00+00:00,Gerrit Cole,5.5,over,111,underdog,209072,New York Yankees,New York Mets,2026-09-12T13:09:15.145570+00:00,2026-09-12T22:28:11.263349+00:00,2026-09-12T18:28:11.263349-04:00,2026-09-12T18:28:11.263349-04:00,propline_free_sample
2026-09-12,2026-09-12 17:35:00+00:00,Zac Thornton,4.5,over,-164,underdog,209072,New York Yankees,New York Mets,2026-09-12T17:09:59.531119+00:00,2026-09-12T22:28:11.263349+00:00,2026-09-12T18:28:11.263349-04:00,2026-09-12T18:28:11.263349-04:00,propline_free_sample
2026-09-12,2026-09-12 17:35:00+00:00,Gerrit Cole,5.5,under,-167,underdog,209072,New York Yankees,New York Mets,2026-09-12T13:09:15.145570+00:00,2026-09-12T22:28:11.263349+00:00,2026-09-12T18:28:11.263349-04:00,2026-09-12T18:28:11.263349-04:00,propline_free_sample
2026-09-12,2026-09-12 17:35:00+00:00,Zac Thornton,4.5,under,110,underdog,209072,New York Yankees,New York Mets,2026-09-12T17:09:59.531119+00:00,2026-09-12T22:28:11.263349+00:00,2026-09-12T18:28:11.263349-04:00,2026-09-12T18:28:11.263349-04:00,propline_free_sample
2026-09-12,2026-09-12 17:35:00+00:00,Gerrit Cole,5.5,over,107,dabble,209072,New York Yankees,New York Mets,2026-09-12T17:25:14.087011+00:00,2026-09-12T22:28:11.263349+00:00,2026-09-12T18:28:11.263349-04:00,2026-09-12T18:28:11.263349-04:00,propline_free_sample
2026-09-12,2026-09-12 17:35:00+00:00,Zac Thornton,4.5,over,115,dabble,209072,New York Yankees,New York Mets,2026-09-12T17:30:35.638907+00:00,2026-09-12T22:28:11.263349+00:00,2026-09-12T18:28:11.263349-04:00,2026-09-12T18:28:11.263349-04:00,propline_free_sample
2026-09-12,2026-09-12 17:35:00+00:00,Gerrit Cole,5.5,under,-105,dabble,209072,New York Yankees,New York Mets,2026-09-12T15:43:19.522223+00:00,2026-09-12T22:28:11.263349+00:00,2026-09-12T18:28:11.263349-04:00,2026-09-12T18:28:11.263349-04:00,propline_free_sample
2026-09-12,2026-09-12 17:35:00+00:00,Zac Thornton,4.5,under,-114,dabble,209072,New York Yankees,New York Mets,2026-09-12T17:30:35.638907+00:00,2026-09-12T22:28:11.263349+00:00,2026-09-12T18:28:11.263349-04:00,2026-09-12T18:28:11.263349-04:00,propline_free_sample
2026-09-12,2026-09-12 17:35:00+00:00,Zach Thornton,3.5,over,-194,novig,209072,New York Yankees,New York Mets,2026-09-12T16:05:36.406147+00:00,2026-09-12T22:28:11.263349+00:00,2026-09-12T18:28:11.263349-04:00,2026-09-12T18:28:11.263349-04:00,propline_free_sample
2026-09-12,2026-09-12 17:35:00+00:00,Zach Thornton,3.5,under,160,novig,209072,New York Yankees,New York Mets,2026-09-12T17:34:24.789078+00:00,2026-09-12T22:28:11.263349+00:00,2026-09-12T18:28:11.263349-04:00,2026-09-12T18:28:11.263349-04:00,propline_free_sample
2026-09-12,2026-09-12 17:35:00+00:00,Zac Thornton,4.5,under,100,prizepicks,209072,New York Yankees,New York Mets,2026-09-12T02:43:19.303053+00:00,2026-09-12T22:28:11.263349+00:00,2026-09-12T18:28:11.263349-04:00,2026-09-12T18:28:11.263349-04:00,propline_free_sample
2026-09-12,2026-09-12 17:35:00+00:00,Gerrit Cole,5.5,over,-111,smarkets,209072,New York Yankees,New York Mets,2026-09-12T17:32:07.702840+00:00,2026-09-12T22:28:11.263349+00:00,2026-09-12T18:28:11.263349-04:00,2026-09-12T18:28:11.263349-04:00,propline_free_sample
2026-09-12,2026-09-12 17:35:00+00:00,Gerrit Cole,5.5,under,-125,smarkets,209072,New York Yankees,New York Mets,2026-09-12T15:50:27.251163+00:00,2026-09-12T22:28:11.263349+00:00,2026-09-12T18:28:11.263349-04:00,2026-09-12T18:28:11.263349-04:00,propline_free_sample
2026-09-12,2026-09-12 17:35:00+00:00,Zac Thornton,4.5,over,-103,smarkets,209072,New York Yankees,New York Mets,2026-09-12T17:32:07.702840+00:00,2026-09-12T22:28:11.263349+00:00,2026-09-12T18:28:11.263349-04:00,2026-09-12T18:28:11.263349-04:00,propline_free_sample
2026-09-12,2026-09-12 17:35:00+00:00,Zac Thornton,4.5,under,-135,smarkets,209072,New York Yankees,New York Mets,2026-09-12T17:32:07.702840+00:00,2026-09-12T22:28:11.263349+00:00,2026-09-12T18:28:11.263349-04:00,2026-09-12T18:28:11.263349-04:00,propline_free_sample
2026-09-12,2026-09-12 17:35:00+00:00,Zac Thornton,0.5,over,-15000,hardrock,209072,New York Yankees,New York Mets,2026-09-12T16:25:36.753956+00:00,2026-09-12T22:28:11.263349+00:00,2026-09-12T18:28:11.263349-04:00,2026-09-12T18:28:11.263349-04:00,propline_free_sample
2026-09-12,2026-09-12 17:35:00+00:00,Zac Thornton,0.5,under,3000,hardrock,209072,New York Yankees,New York Mets,2026-09-12T15:12:32.172967+00:00,2026-09-12T22:28:11.263349+00:00,2026-09-12T18:28:11.263349-04:00,2026-09-12T18:28:11.263349-04:00,propline_free_sample
2026-09-12,2026-09-12 17:35:00+00:00,Zac Thornton,1.5,over,-10000,hardrock,209072,New York Yankees,New York Mets,2026-09-12T14:49:42.987454+00:00,2026-09-12T22:28:11.263349+00:00,2026-09-12T18:28:11.263349-04:00,2026-09-12T18:28:11.263349-04:00,propline_free_sample
2026-09-12,2026-09-12 17:35:00+00:00,Zac Thornton,1.5,under,2250,hardrock,209072,New York Yankees,New York Mets,2026-09-12T13:42:22.336016+00:00,2026-09-12T22:28:11.263349+00:00,2026-09-12T18:28:11.263349-04:00,2026-09-12T18:28:11.263349-04:00,propline_free_sample
2026-09-12,2026-09-12 17:35:00+00:00,Zac Thornton,2.5,over,-1800,hardrock,209072,New York Yankees,New York Mets,2026-09-12T14:08:48.347294+00:00,2026-09-12T22:28:11.263349+00:00,2026-09-12T18:28:11.263349-04:00,2026-09-12T18:28:11.263349-04:00,propline_free_sample
2026-09-12,2026-09-12 17:35:00+00:00,Zac Thornton,2.5,under,575,hardrock,209072,New York Yankees,New York Mets,2026-09-12T14:08:48.347294+00:00,2026-09-12T22:28:11.263349+00:00,2026-09-12T18:28:11.263349-04:00,2026-09-12T18:28:11.263349-04:00,propline_free_sample
2026-09-12,2026-09-12 17:35:00+00:00,Zac Thornton,3.5,over,-4000,hardrock,209072,New York Yankees,New York Mets,2026-09-12T15:35:26.829206+00:00,2026-09-12T22:28:11.263349+00:00,2026-09-12T18:28:11.263349-04:00,2026-09-12T18:28:11.263349-04:00,propline_free_sample
2026-09-12,2026-09-12 17:35:00+00:00,Zac Thornton,3.5,under,850,hardrock,209072,New York Yankees,New York Mets,2026-09-12T15:01:36.051334+00:00,2026-09-12T22:28:11.263349+00:00,2026-09-12T18:28:11.263349-04:00,2026-09-12T18:28:11.263349-04:00,propline_free_sample
2026-09-12,2026-09-12 17:35:00+00:00,Zac Thornton,4.5,over,-325,hardrock,209072,New York Yankees,New York Mets,2026-09-12T15:01:36.051334+00:00,2026-09-12T22:28:11.263349+00:00,2026-09-12T18:28:11.263349-04:00,2026-09-12T18:28:11.263349-04:00,propline_free_sample
2026-09-12,2026-09-12 17:35:00+00:00,Zac Thornton,4.5,under,210,hardrock,209072,New York Yankees,New York Mets,2026-09-12T15:01:36.051334+00:00,2026-09-12T22:28:11.263349+00:00,2026-09-12T18:28:11.263349-04:00,2026-09-12T18:28:11.263349-04:00,propline_free_sample
2026-09-12,2026-09-12 17:35:00+00:00,Zac Thornton,5.5,over,140,hardrock,209072,New York Yankees,New York Mets,2026-09-12T15:35:26.829206+00:00,2026-09-12T22:28:11.263349+00:00,2026-09-12T18:28:11.263349-04:00,2026-09-12T18:28:11.263349-04:00,propline_free_sample
2026-09-12,2026-09-12 17:35:00+00:00,Zac Thornton,5.5,under,-200,hardrock,209072,New York Yankees,New York Mets,2026-09-12T15:35:26.829206+00:00,2026-09-12T22:28:11.263349+00:00,2026-09-12T18:28:11.263349-04:00,2026-09-12T18:28:11.263349-04:00,propline_free_sample
2026-09-12,2026-09-12 17:35:00+00:00,Zac Thornton,6.5,over,425,hardrock,209072,New York Yankees,New York Mets,2026-09-12T15:01:36.051334+00:00,2026-09-12T22:28:11.263349+00:00,2026-09-12T18:28:11.263349-04:00,2026-09-12T18:28:11.263349-04:00,propline_free_sample
2026-09-12,2026-09-12 17:35:00+00:00,Zac Thornton,6.5,under,-950,hardrock,209072,New York Yankees,New York Mets,2026-09-12T15:01:36.051334+00:00,2026-09-12T22:28:11.263349+00:00,2026-09-12T18:28:11.263349-04:00,2026-09-12T18:28:11.263349-04:00,propline_free_sample
2026-09-12,2026-09-12 17:35:00+00:00,Zac Thornton,7.5,over,1500,hardrock,209072,New York Yankees,New York Mets,2026-09-12T15:22:21.582605+00:00,2026-09-12T22:28:11.263349+00:00,2026-09-12T18:28:11.263349-04:00,2026-09-12T18:28:11.263349-04:00,propline_free_sample
2026-09-12,2026-09-12 17:35:00+00:00,Zac Thornton,7.5,under,-8000,hardrock,209072,New York Yankees,New York Mets,2026-09-12T15:01:36.051334+00:00,2026-09-12T22:28:11.263349+00:00,2026-09-12T18:28:11.263349-04:00,2026-09-12T18:28:11.263349-04:00,propline_free_sample
2026-09-12,2026-09-12 17:35:00+00:00,Zac Thornton,8.5,over,1400,hardrock,209072,New York Yankees,New York Mets,2026-09-12T15:12:32.172967+00:00,2026-09-12T22:28:11.263349+00:00,2026-09-12T18:28:11.263349-04:00,2026-09-12T18:28:11.263349-04:00,propline_free_sample
2026-09-12,2026-09-12 17:35:00+00:00,Zac Thornton,8.5,under,-7000,hardrock,209072,New York Yankees,New York Mets,2026-09-12T15:17:08.309544+00:00,2026-09-12T22:28:11.263349+00:00,2026-09-12T18:28:11.263349-04:00,2026-09-12T18:28:11.263349-04:00,propline_free_sample
2026-09-12,2026-09-12 17:35:00+00:00,Gerrit Cole,5.5,over,-116,draftkings,209072,New York Yankees,New York Mets,2026-09-12T15:33:38.842257+00:00,2026-09-12T22:28:11.263349+00:00,2026-09-12T18:28:11.263349-04:00,2026-09-12T18:28:11.263349-04:00,propline_free_sample
2026-09-12,2026-09-12 17:35:00+00:00,Gerrit Cole,5.5,under,-110,draftkings,209072,New York Yankees,New York Mets,2026-09-12T15:33:38.842257+00:00,2026-09-12T22:28:11.263349+00:00,2026-09-12T18:28:11.263349-04:00,2026-09-12T18:28:11.263349-04:00,propline_free_sample
2026-09-12,2026-09-12 17:35:00+00:00,Zac Thornton,4.5,over,123,draftkings,209072,New York Yankees,New York Mets,2026-09-12T17:04:14.037811+00:00,2026-09-12T22:28:11.263349+00:00,2026-09-12T18:28:11.263349-04:00,2026-09-12T18:28:11.263349-04:00,propline_free_sample
2026-09-12,2026-09-12 17:35:00+00:00,Zac Thornton,4.5,under,-158,draftkings,209072,New York Yankees,New York Mets,2026-09-12T17:04:14.037811+00:00,2026-09-12T22:28:11.263349+00:00,2026-09-12T18:28:11.263349-04:00,2026-09-12T18:28:11.263349-04:00,propline_free_sample
2026-09-12,2026-09-12 17:35:00+00:00,Gerrit Cole,5.5,over,-125,sleeper,209072,New York Yankees,New York Mets,2026-09-12T16:40:01.276745+00:00,2026-09-12T22:28:11.263349+00:00,2026-09-12T18:28:11.263349-04:00,2026-09-12T18:28:11.263349-04:00,propline_free_sample
2026-09-12,2026-09-12 17:35:00+00:00,Zac Thornton,4.5,over,108,sleeper,209072,New York Yankees,New York Mets,2026-09-12T16:04:27.584137+00:00,2026-09-12T22:28:11.263349+00:00,2026-09-12T18:28:11.263349-04:00,2026-09-12T18:28:11.263349-04:00,propline_free_sample
2026-09-12,2026-09-12 17:35:00+00:00,Gerrit Cole,5.5,under,-132,sleeper,209072,New York Yankees,New York Mets,2026-09-12T16:40:01.276745+00:00,2026-09-12T22:28:11.263349+00:00,2026-09-12T18:28:11.263349-04:00,2026-09-12T18:28:11.263349-04:00,propline_free_sample
2026-09-12,2026-09-12 17:35:00+00:00,Zac Thornton,4.5,under,-182,sleeper,209072,New York Yankees,New York Mets,2026-09-12T17:25:22.509263+00:00,2026-09-12T22:28:11.263349+00:00,2026-09-12T18:28:11.263349-04:00,2026-09-12T18:28:11.263349-04:00,propline_free_sample
2026-09-12,2026-09-12 17:35:00+00:00,Gerrit Cole,2.5,over,-733,kalshi,209072,New York Yankees,New York Mets,2026-09-12T15:36:53.736610+00:00,2026-09-12T22:28:11.263349+00:00,2026-09-12T18:28:11.263349-04:00,2026-09-12T18:28:11.263349-04:00,propline_free_sample
2026-09-12,2026-09-12 17:35:00+00:00,Gerrit Cole,3.5,over,-426,kalshi,209072,New York Yankees,New York Mets,2026-09-12T15:10:59.805456+00:00,2026-09-12T22:28:11.263349+00:00,2026-09-12T18:28:11.263349-04:00,2026-09-12T18:28:11.263349-04:00,propline_free_sample
2026-09-12,2026-09-12 17:35:00+00:00,Gerrit Cole,4.5,over,9900,kalshi,209072,New York Yankees,New York Mets,2026-09-12T17:22:48.642940+00:00,2026-09-12T22:28:11.263349+00:00,2026-09-12T18:28:11.263349-04:00,2026-09-12T18:28:11.263349-04:00,propline_free_sample
2026-09-12,2026-09-12 17:35:00+00:00,Gerrit Cole,5.5,over,9900,kalshi,209072,New York Yankees,New York Mets,2026-09-12T15:33:28.829254+00:00,2026-09-12T22:28:11.263349+00:00,2026-09-12T18:28:11.263349-04:00,2026-09-12T18:28:11.263349-04:00,propline_free_sample
2026-09-12,2026-09-12 17:35:00+00:00,Gerrit Cole,6.5,over,9900,kalshi,209072,New York Yankees,New York Mets,2026-09-12T17:27:02.828065+00:00,2026-09-12T22:28:11.263349+00:00,2026-09-12T18:28:11.263349-04:00,2026-09-12T18:28:11.263349-04:00,propline_free_sample
2026-09-12,2026-09-12 17:35:00+00:00,Gerrit Cole,7.5,over,9900,kalshi,209072,New York Yankees,New York Mets,2026-09-12T15:10:59.805456+00:00,2026-09-12T22:28:11.263349+00:00,2026-09-12T18:28:11.263349-04:00,2026-09-12T18:28:11.263349-04:00,propline_free_sample
2026-09-12,2026-09-12 17:35:00+00:00,Gerrit Cole,8.5,over,9900,kalshi,209072,New York Yankees,New York Mets,2026-09-12T17:27:02.828065+00:00,2026-09-12T22:28:11.263349+00:00,2026-09-12T18:28:11.263349-04:00,2026-09-12T18:28:11.263349-04:00,propline_free_sample
2026-09-12,2026-09-12 17:35:00+00:00,Gerrit Cole,9.5,over,9900,kalshi,209072,New York Yankees,New York Mets,2026-09-12T15:36:27.686274+00:00,2026-09-12T22:28:11.263349+00:00,2026-09-12T18:28:11.263349-04:00,2026-09-12T18:28:11.263349-04:00,propline_free_sample
2026-09-12,2026-09-12 17:35:00+00:00,Zac Thornton,4.5,over,116,prophetx,209072,New York Yankees,New York Mets,2026-09-12T17:33:41.401087+00:00,2026-09-12T22:28:11.263349+00:00,2026-09-12T18:28:11.263349-04:00,2026-09-12T18:28:11.263349-04:00,propline_free_sample
2026-09-12,2026-09-12 17:35:00+00:00,Zac Thornton,4.5,under,-138,prophetx,209072,New York Yankees,New York Mets,2026-09-12T15:56:39.504757+00:00,2026-09-12T22:28:11.263349+00:00,2026-09-12T18:28:11.263349-04:00,2026-09-12T18:28:11.263349-04:00,propline_free_sample
2026-09-12,2026-09-12 17:35:00+00:00,Zac Thornton,5.5,under,100,prizepicks,209072,New York Yankees,New York Mets,2026-09-12T03:00:06.981034+00:00,2026-09-12T22:28:11.263349+00:00,2026-09-12T18:28:11.263349-04:00,2026-09-12T18:28:11.263349-04:00,propline_free_sample
2026-09-12,2026-09-12 17:35:00+00:00,Zac Thornton,7.5,over,100,prizepicks,209072,New York Yankees,New York Mets,2026-09-12T03:00:06.981034+00:00,2026-09-12T22:28:11.263349+00:00,2026-09-12T18:28:11.263349-04:00,2026-09-12T18:28:11.263349-04:00,propline_free_sample
2026-09-12,2026-09-12 17:35:00+00:00,Zac Thornton,2.5,under,100,prizepicks,209072,New York Yankees,New York Mets,2026-09-12T03:00:06.981034+00:00,2026-09-12T22:28:11.263349+00:00,2026-09-12T18:28:11.263349-04:00,2026-09-12T18:28:11.263349-04:00,propline_free_sample
2026-09-12,2026-09-12 17:35:00+00:00,Gerrit Cole,2.5,under,9900,kalshi,209072,New York Yankees,New York Mets,2026-09-12T15:44:51.693728+00:00,2026-09-12T22:28:11.263349+00:00,2026-09-12T18:28:11.263349-04:00,2026-09-12T18:28:11.263349-04:00,propline_free_sample
2026-09-12,2026-09-12 17:35:00+00:00,Gerrit Cole,3.5,under,9900,kalshi,209072,New York Yankees,New York Mets,2026-09-12T17:19:46.719510+00:00,2026-09-12T22:28:11.263349+00:00,2026-09-12T18:28:11.263349-04:00,2026-09-12T18:28:11.263349-04:00,propline_free_sample
2026-09-12,2026-09-12 17:35:00+00:00,Gerrit Cole,4.5,under,-525,kalshi,209072,New York Yankees,New York Mets,2026-09-12T17:19:46.719510+00:00,2026-09-12T22:28:11.263349+00:00,2026-09-12T18:28:11.263349-04:00,2026-09-12T18:28:11.263349-04:00,propline_free_sample
2026-09-12,2026-09-12 17:35:00+00:00,Gerrit Cole,5.5,under,-9900,kalshi,209072,New York Yankees,New York Mets,2026-09-12T17:28:22.421688+00:00,2026-09-12T22:28:11.263349+00:00,2026-09-12T18:28:11.263349-04:00,2026-09-12T18:28:11.263349-04:00,propline_free_sample
2026-09-12,2026-09-12 17:35:00+00:00,Gerrit Cole,6.5,under,-1567,kalshi,209072,New York Yankees,New York Mets,2026-09-12T17:34:59.228729+00:00,2026-09-12T22:28:11.263349+00:00,2026-09-12T18:28:11.263349-04:00,2026-09-12T18:28:11.263349-04:00,propline_free_sample
2026-09-12,2026-09-12 17:35:00+00:00,Gerrit Cole,7.5,under,-2400,kalshi,209072,New York Yankees,New York Mets,2026-09-12T15:43:41.274543+00:00,2026-09-12T22:28:11.263349+00:00,2026-09-12T18:28:11.263349-04:00,2026-09-12T18:28:11.263349-04:00,propline_free_sample
2026-09-12,2026-09-12 17:35:00+00:00,Gerrit Cole,8.5,under,-9900,kalshi,209072,New York Yankees,New York Mets,2026-09-12T14:47:31.108658+00:00,2026-09-12T22:28:11.263349+00:00,2026-09-12T18:28:11.263349-04:00,2026-09-12T18:28:11.263349-04:00,propline_free_sample
2026-09-12,2026-09-12 17:35:00+00:00,Gerrit Cole,5.5,over,-110,onexbet,209072,New York Yankees,New York Mets,2026-09-12T16:09:36.916920+00:00,2026-09-12T22:28:11.263349+00:00,2026-09-12T18:28:11.263349-04:00,2026-09-12T18:28:11.263349-04:00,propline_free_sample
2026-09-12,2026-09-12 17:35:00+00:00,Zach Thornton,4.5,over,100,onexbet,209072,New York Yankees,New York Mets,2026-09-12T16:09:36.916920+00:00,2026-09-12T22:28:11.263349+00:00,2026-09-12T18:28:11.263349-04:00,2026-09-12T18:28:11.263349-04:00,propline_free_sample
2026-09-12,2026-09-12 17:35:00+00:00,Gerrit Cole,5.5,under,-120,onexbet,209072,New York Yankees,New York Mets,2026-09-12T16:09:36.916920+00:00,2026-09-12T22:28:11.263349+00:00,2026-09-12T18:28:11.263349-04:00,2026-09-12T18:28:11.263349-04:00,propline_free_sample
2026-09-12,2026-09-12 17:35:00+00:00,Zach Thornton,4.5,under,-135,onexbet,209072,New York Yankees,New York Mets,2026-09-12T16:09:36.916920+00:00,2026-09-12T22:28:11.263349+00:00,2026-09-12T18:28:11.263349-04:00,2026-09-12T18:28:11.263349-04:00,propline_free_sample
2026-09-12,2026-09-12 17:35:00+00:00,Gerrit Cole,4.5,over,125,fanatics,209072,New York Yankees,New York Mets,2026-09-12T16:21:56.036399+00:00,2026-09-12T22:28:11.263349+00:00,2026-09-12T18:28:11.263349-04:00,2026-09-12T18:28:11.263349-04:00,propline_free_sample
2026-09-12,2026-09-12 17:35:00+00:00,Gerrit Cole,4.5,under,-165,fanatics,209072,New York Yankees,New York Mets,2026-09-12T16:21:56.036399+00:00,2026-09-12T22:28:11.263349+00:00,2026-09-12T18:28:11.263349-04:00,2026-09-12T18:28:11.263349-04:00,propline_free_sample
2026-09-12,2026-09-12 17:35:00+00:00,Zach Thornton,5.5,over,-155,fanatics,209072,New York Yankees,New York Mets,2026-09-12T17:21:48.361719+00:00,2026-09-12T22:28:11.263349+00:00,2026-09-12T18:28:11.263349-04:00,2026-09-12T18:28:11.263349-04:00,propline_free_sample
2026-09-12,2026-09-12 17:35:00+00:00,Zach Thornton,5.5,under,115,fanatics,209072,New York Yankees,New York Mets,2026-09-12T17:21:48.361719+00:00,2026-09-12T22:28:11.263349+00:00,2026-09-12T18:28:11.263349-04:00,2026-09-12T18:28:11.263349-04:00,propline_free_sample
2026-09-12,2026-09-12 17:35:00+00:00,Gerrit Cole,5.5,over,-114,rebet,209072,New York Yankees,New York Mets,2026-09-12T16:28:29.979264+00:00,2026-09-12T22:28:11.263349+00:00,2026-09-12T18:28:11.263349-04:00,2026-09-12T18:28:11.263349-04:00,propline_free_sample
2026-09-12,2026-09-12 17:35:00+00:00,Gerrit Cole,5.5,under,-121,rebet,209072,New York Yankees,New York Mets,2026-09-12T16:28:29.979264+00:00,2026-09-12T22:28:11.263349+00:00,2026-09-12T18:28:11.263349-04:00,2026-09-12T18:28:11.263349-04:00,propline_free_sample
2026-09-12,2026-09-12 17:35:00+00:00,Zach Thornton,2.5,over,-3233,kalshi,209072,New York Yankees,New York Mets,2026-09-12T16:14:59.996237+00:00,2026-09-12T22:28:11.263349+00:00,2026-09-12T18:28:11.263349-04:00,2026-09-12T18:28:11.263349-04:00,propline_free_sample
2026-09-12,2026-09-12 17:35:00+00:00,Zach Thornton,3.5,over,-3233,kalshi,209072,New York Yankees,New York Mets,2026-09-12T17:34:59.228729+00:00,2026-09-12T22:28:11.263349+00:00,2026-09-12T18:28:11.263349-04:00,2026-09-12T18:28:11.263349-04:00,propline_free_sample
2026-09-12,2026-09-12 17:35:00+00:00,Zach Thornton,3.5,under,9900,kalshi,209072,New York Yankees,New York Mets,2026-09-12T16:45:56.016862+00:00,2026-09-12T22:28:11.263349+00:00,2026-09-12T18:28:11.263349-04:00,2026-09-12T18:28:11.263349-04:00,propline_free_sample
2026-09-12,2026-09-12 17:35:00+00:00,Zach Thornton,4.5,over,9900,kalshi,209072,New York Yankees,New York Mets,2026-09-12T17:34:59.228729+00:00,2026-09-12T22:28:11.263349+00:00,2026-09-12T18:28:11.263349-04:00,2026-09-12T18:28:11.263349-04:00,propline_free_sample
2026-09-12,2026-09-12 17:35:00+00:00,Zach Thornton,5.5,over,9900,kalshi,209072,New York Yankees,New York Mets,2026-09-12T17:32:29.291821+00:00,2026-09-12T22:28:11.263349+00:00,2026-09-12T18:28:11.263349-04:00,2026-09-12T18:28:11.263349-04:00,propline_free_sample
2026-09-12,2026-09-12 17:35:00+00:00,Zach Thornton,6.5,over,9900,kalshi,209072,New York Yankees,New York Mets,2026-09-12T17:30:35.908021+00:00,2026-09-12T22:28:11.263349+00:00,2026-09-12T18:28:11.263349-04:00,2026-09-12T18:28:11.263349-04:00,propline_free_sample
2026-09-12,2026-09-12 17:35:00+00:00,Zach Thornton,7.5,over,9900,kalshi,209072,New York Yankees,New York Mets,2026-09-12T17:30:35.908021+00:00,2026-09-12T22:28:11.263349+00:00,2026-09-12T18:28:11.263349-04:00,2026-09-12T18:28:11.263349-04:00,propline_free_sample
2026-09-12,2026-09-12 17:35:00+00:00,Zach Thornton,1.5,over,-4900,kalshi,209072,New York Yankees,New York Mets,2026-09-12T15:49:52.835317+00:00,2026-09-12T22:28:11.263349+00:00,2026-09-12T18:28:11.263349-04:00,2026-09-12T18:28:11.263349-04:00,propline_free_sample
2026-09-12,2026-09-12 17:35:00+00:00,Zach Thornton,4.5,under,-525,kalshi,209072,New York Yankees,New York Mets,2026-09-12T15:53:24.759732+00:00,2026-09-12T22:28:11.263349+00:00,2026-09-12T18:28:11.263349-04:00,2026-09-12T18:28:11.263349-04:00,propline_free_sample
2026-09-12,2026-09-12 17:35:00+00:00,Gerrit Cole,5.5,over,-108,pinnacle,209072,New York Yankees,New York Mets,2026-09-12T15:39:47.661492+00:00,2026-09-12T22:28:11.263349+00:00,2026-09-12T18:28:11.263349-04:00,2026-09-12T18:28:11.263349-04:00,propline_free_sample
2026-09-12,2026-09-12 17:35:00+00:00,Gerrit Cole,5.5,under,-122,pinnacle,209072,New York Yankees,New York Mets,2026-09-12T16:26:41.831136+00:00,2026-09-12T22:28:11.263349+00:00,2026-09-12T18:28:11.263349-04:00,2026-09-12T18:28:11.263349-04:00,propline_free_sample
2026-09-12,2026-09-12 17:35:00+00:00,Zac Thornton,3.5,over,-225,pinnacle,209072,New York Yankees,New York Mets,2026-09-12T15:39:47.661492+00:00,2026-09-12T22:28:11.263349+00:00,2026-09-12T18:28:11.263349-04:00,2026-09-12T18:28:11.263349-04:00,propline_free_sample
2026-09-12,2026-09-12 17:35:00+00:00,Zac Thornton,3.5,under,165,pinnacle,209072,New York Yankees,New York Mets,2026-09-12T15:39:47.661492+00:00,2026-09-12T22:28:11.263349+00:00,2026-09-12T18:28:11.263349-04:00,2026-09-12T18:28:11.263349-04:00,propline_free_sample
2026-09-12,2026-09-12 17:35:00+00:00,Zac Thornton,4.0,over,100,prizepicks,209072,New York Yankees,New York Mets,2026-09-12T13:08:58.494740+00:00,2026-09-12T22:28:11.263349+00:00,2026-09-12T18:28:11.263349-04:00,2026-09-12T18:28:11.263349-04:00,propline_free_sample
2026-09-12,2026-09-12 17:35:00+00:00,Zac Thornton,4.0,under,100,prizepicks,209072,New York Yankees,New York Mets,2026-09-12T13:08:58.494740+00:00,2026-09-12T22:28:11.263349+00:00,2026-09-12T18:28:11.263349-04:00,2026-09-12T18:28:11.263349-04:00,propline_free_sample
2026-09-12,2026-09-12 17:35:00+00:00,Zach Thornton,2.5,under,9900,kalshi,209072,New York Yankees,New York Mets,2026-09-12T16:38:54.095405+00:00,2026-09-12T22:28:11.263349+00:00,2026-09-12T18:28:11.263349-04:00,2026-09-12T18:28:11.263349-04:00,propline_free_sample
2026-09-12,2026-09-12 17:35:00+00:00,Zach Thornton,5.5,under,-1900,kalshi,209072,New York Yankees,New York Mets,2026-09-12T17:34:59.228729+00:00,2026-09-12T22:28:11.263349+00:00,2026-09-12T18:28:11.263349-04:00,2026-09-12T18:28:11.263349-04:00,propline_free_sample
2026-09-12,2026-09-12 17:35:00+00:00,Zach Thornton,1.5,under,9900,kalshi,209072,New York Yankees,New York Mets,2026-09-12T17:32:29.291821+00:00,2026-09-12T22:28:11.263349+00:00,2026-09-12T18:28:11.263349-04:00,2026-09-12T18:28:11.263349-04:00,propline_free_sample
2026-09-12,2026-09-12 17:35:00+00:00,Gerrit Cole,4.5,over,100,betmgm,209072,New York Yankees,New York Mets,2026-09-12T15:11:44.553054+00:00,2026-09-12T22:28:11.263349+00:00,2026-09-12T18:28:11.263349-04:00,2026-09-12T18:28:11.263349-04:00,propline_free_sample
2026-09-12,2026-09-12 17:35:00+00:00,Gerrit Cole,4.5,under,-135,betmgm,209072,New York Yankees,New York Mets,2026-09-12T15:11:44.553054+00:00,2026-09-12T22:28:11.263349+00:00,2026-09-12T18:28:11.263349-04:00,2026-09-12T18:28:11.263349-04:00,propline_free_sample
2026-09-12,2026-09-12 17:35:00+00:00,Zach Thornton,5.5,over,-105,betmgm,209072,New York Yankees,New York Mets,2026-09-12T14:53:04.670143+00:00,2026-09-12T22:28:11.263349+00:00,2026-09-12T18:28:11.263349-04:00,2026-09-12T18:28:11.263349-04:00,propline_free_sample
2026-09-12,2026-09-12 17:35:00+00:00,Zach Thornton,5.5,under,-130,betmgm,209072,New York Yankees,New York Mets,2026-09-12T14:53:04.670143+00:00,2026-09-12T22:28:11.263349+00:00,2026-09-12T18:28:11.263349-04:00,2026-09-12T18:28:11.263349-04:00,propline_free_sample
2026-09-12,2026-09-12 17:35:00+00:00,Zac Thornton,9.5,over,2000,hardrock,209072,New York Yankees,New York Mets,2026-09-12T13:42:22.336016+00:00,2026-09-12T22:28:11.263349+00:00,2026-09-12T18:28:11.263349-04:00,2026-09-12T18:28:11.263349-04:00,propline_free_sample
2026-09-12,2026-09-12 17:35:00+00:00,Zac Thornton,9.5,under,-10000,hardrock,209072,New York Yankees,New York Mets,2026-09-12T13:13:19.971313+00:00,2026-09-12T22:28:11.263349+00:00,2026-09-12T18:28:11.263349-04:00,2026-09-12T18:28:11.263349-04:00,propline_free_sample
2026-09-12,2026-09-12 17:35:00+00:00,Zach Thornton,6.5,under,-1900,kalshi,209072,New York Yankees,New York Mets,2026-09-12T17:32:29.291821+00:00,2026-09-12T22:28:11.263349+00:00,2026-09-12T18:28:11.263349-04:00,2026-09-12T18:28:11.263349-04:00,propline_free_sample
2026-09-12,2026-09-12 17:35:00+00:00,Zach Thornton,7.5,under,-9900,kalshi,209072,New York Yankees,New York Mets,2026-09-12T17:32:29.291821+00:00,2026-09-12T22:28:11.263349+00:00,2026-09-12T18:28:11.263349-04:00,2026-09-12T18:28:11.263349-04:00,propline_free_sample
2026-09-12,2026-09-12 17:35:00+00:00,Gerrit Cole,4.5,over,-213,novig,209072,New York Yankees,New York Mets,2026-09-12T17:24:09.712625+00:00,2026-09-12T22:28:11.263349+00:00,2026-09-12T18:28:11.263349-04:00,2026-09-12T18:28:11.263349-04:00,propline_free_sample
2026-09-12,2026-09-12 17:35:00+00:00,Gerrit Cole,4.5,under,167,novig,209072,New York Yankees,New York Mets,2026-09-12T13:20:13.651669+00:00,2026-09-12T22:28:11.263349+00:00,2026-09-12T18:28:11.263349-04:00,2026-09-12T18:28:11.263349-04:00,propline_free_sample
2026-09-12,2026-09-12 17:35:00+00:00,Gerrit Cole,6.5,over,182,novig,209072,New York Yankees,New York Mets,2026-09-12T17:11:18.411582+00:00,2026-09-12T22:28:11.263349+00:00,2026-09-12T18:28:11.263349-04:00,2026-09-12T18:28:11.263349-04:00,propline_free_sample
2026-09-12,2026-09-12 17:35:00+00:00,Gerrit Cole,6.5,under,-233,novig,209072,New York Yankees,New York Mets,2026-09-12T17:11:18.411582+00:00,2026-09-12T22:28:11.263349+00:00,2026-09-12T18:28:11.263349-04:00,2026-09-12T18:28:11.263349-04:00,propline_free_sample
2026-09-12,2026-09-12 17:35:00+00:00,Zac Thornton,3.5,over,-172,smarkets,209072,New York Yankees,New York Mets,2026-09-12T13:32:29.129788+00:00,2026-09-12T22:28:11.263349+00:00,2026-09-12T18:28:11.263349-04:00,2026-09-12T18:28:11.263349-04:00,propline_free_sample
2026-09-12,2026-09-12 17:35:00+00:00,Zac Thornton,3.5,under,122,smarkets,209072,New York Yankees,New York Mets,2026-09-12T13:32:29.129788+00:00,2026-09-12T22:28:11.263349+00:00,2026-09-12T18:28:11.263349-04:00,2026-09-12T18:28:11.263349-04:00,propline_free_sample
2026-09-12,2026-09-12 17:35:00+00:00,Gerrit Cole (NYY),5.5,over,-120,betonlineag,209072,New York Yankees,New York Mets,2026-09-12T13:59:07.728662+00:00,2026-09-12T22:28:11.263349+00:00,2026-09-12T18:28:11.263349-04:00,2026-09-12T18:28:11.263349-04:00,propline_free_sample
2026-09-12,2026-09-12 17:35:00+00:00,Gerrit Cole (NYY),5.5,under,-120,betonlineag,209072,New York Yankees,New York Mets,2026-09-12T13:59:07.728662+00:00,2026-09-12T22:28:11.263349+00:00,2026-09-12T18:28:11.263349-04:00,2026-09-12T18:28:11.263349-04:00,propline_free_sample
2026-09-12,2026-09-12 17:35:00+00:00,Zac Thornton (NYM),4.5,over,125,betonlineag,209072,New York Yankees,New York Mets,2026-09-12T17:21:20.635930+00:00,2026-09-12T22:28:11.263349+00:00,2026-09-12T18:28:11.263349-04:00,2026-09-12T18:28:11.263349-04:00,propline_free_sample
2026-09-12,2026-09-12 17:35:00+00:00,Zac Thornton (NYM),4.5,under,-165,betonlineag,209072,New York Yankees,New York Mets,2026-09-12T17:21:20.635930+00:00,2026-09-12T22:28:11.263349+00:00,2026-09-12T18:28:11.263349-04:00,2026-09-12T18:28:11.263349-04:00,propline_free_sample
2026-09-12,2026-09-12 17:35:00+00:00,Gerrit Cole (NYY),5.5,over,-120,lowvig,209072,New York Yankees,New York Mets,2026-09-12T13:59:15.128721+00:00,2026-09-12T22:28:11.263349+00:00,2026-09-12T18:28:11.263349-04:00,2026-09-12T18:28:11.263349-04:00,propline_free_sample
2026-09-12,2026-09-12 17:35:00+00:00,Gerrit Cole (NYY),5.5,under,-120,lowvig,209072,New York Yankees,New York Mets,2026-09-12T13:59:15.128721+00:00,2026-09-12T22:28:11.263349+00:00,2026-09-12T18:28:11.263349-04:00,2026-09-12T18:28:11.263349-04:00,propline_free_sample
2026-09-12,2026-09-12 17:35:00+00:00,Zac Thornton (NYM),4.5,over,125,lowvig,209072,New York Yankees,New York Mets,2026-09-12T17:21:35.305789+00:00,2026-09-12T22:28:11.263349+00:00,2026-09-12T18:28:11.263349-04:00,2026-09-12T18:28:11.263349-04:00,propline_free_sample
2026-09-12,2026-09-12 17:35:00+00:00,Zac Thornton (NYM),4.5,under,-165,lowvig,209072,New York Yankees,New York Mets,2026-09-12T17:21:35.305789+00:00,2026-09-12T22:28:11.263349+00:00,2026-09-12T18:28:11.263349-04:00,2026-09-12T18:28:11.263349-04:00,propline_free_sample
2026-09-12,2026-09-12 17:35:00+00:00,Zach Thornton,4.5,over,-104,novig,209072,New York Yankees,New York Mets,2026-09-12T17:34:24.789078+00:00,2026-09-12T22:28:11.263349+00:00,2026-09-12T18:28:11.263349-04:00,2026-09-12T18:28:11.263349-04:00,propline_free_sample
2026-09-12,2026-09-12 17:35:00+00:00,Zach Thornton,4.5,under,-194,novig,209072,New York Yankees,New York Mets,2026-09-12T17:34:24.789078+00:00,2026-09-12T22:28:11.263349+00:00,2026-09-12T18:28:11.263349-04:00,2026-09-12T18:28:11.263349-04:00,propline_free_sample
2026-09-12,2026-09-12 17:35:00+00:00,Zach Thornton,5.5,over,228,novig,209072,New York Yankees,New York Mets,2026-09-12T17:31:04.172540+00:00,2026-09-12T22:28:11.263349+00:00,2026-09-12T18:28:11.263349-04:00,2026-09-12T18:28:11.263349-04:00,propline_free_sample
2026-09-12,2026-09-12 17:35:00+00:00,Zach Thornton,5.5,under,-308,novig,209072,New York Yankees,New York Mets,2026-09-12T15:34:14.617722+00:00,2026-09-12T22:28:11.263349+00:00,2026-09-12T18:28:11.263349-04:00,2026-09-12T18:28:11.263349-04:00,propline_free_sample
2026-09-12,2026-09-12 17:35:00+00:00,Gerrit Cole,9.5,under,-1900,kalshi,209072,New York Yankees,New York Mets,2026-09-12T17:34:59.228729+00:00,2026-09-12T22:28:11.263349+00:00,2026-09-12T18:28:11.263349-04:00,2026-09-12T18:28:11.263349-04:00,propline_free_sample
2026-09-12,2026-09-12 17:35:00+00:00,Gerrit Cole,0.5,over,-50000,hardrock,209072,New York Yankees,New York Mets,,2026-09-12T22:28:11.263349+00:00,2026-09-12T18:28:11.263349-04:00,2026-09-12T18:28:11.263349-04:00,propline_free_sample
2026-09-12,2026-09-12 17:35:00+00:00,Gerrit Cole,0.5,under,4000,hardrock,209072,New York Yankees,New York Mets,,2026-09-12T22:28:11.263349+00:00,2026-09-12T18:28:11.263349-04:00,2026-09-12T18:28:11.263349-04:00,propline_free_sample
2026-09-12,2026-09-12 17:10:00+00:00,Andrew Sears,4.5,over,111,dabble,209071,Detroit Tigers,Colorado Rockies,2026-09-12T16:04:27.247416+00:00,2026-09-12T22:28:11.263349+00:00,2026-09-12T18:28:11.263349-04:00,2026-09-12T18:28:11.263349-04:00,propline_free_sample
2026-09-12,2026-09-12 17:10:00+00:00,Tanner Gordon,3.5,over,-120,dabble,209071,Detroit Tigers,Colorado Rockies,2026-09-12T04:44:24.799630+00:00,2026-09-12T22:28:11.263349+00:00,2026-09-12T18:28:11.263349-04:00,2026-09-12T18:28:11.263349-04:00,propline_free_sample
2026-09-12,2026-09-12 17:10:00+00:00,Andrew Sears,4.5,under,-110,dabble,209071,Detroit Tigers,Colorado Rockies,2026-09-12T16:04:27.247416+00:00,2026-09-12T22:28:11.263349+00:00,2026-09-12T18:28:11.263349-04:00,2026-09-12T18:28:11.263349-04:00,propline_free_sample
2026-09-12,2026-09-12 17:10:00+00:00,Tanner Gordon,3.5,under,120,dabble,209071,Detroit Tigers,Colorado Rockies,2026-09-12T04:44:24.799630+00:00,2026-09-12T22:28:11.263349+00:00,2026-09-12T18:28:11.263349-04:00,2026-09-12T18:28:11.263349-04:00,propline_free_sample
2026-09-12,2026-09-12 17:10:00+00:00,Andrew Sears,5.5,over,102,underdog,209071,Detroit Tigers,Colorado Rockies,2026-09-12T14:48:23.829251+00:00,2026-09-12T22:28:11.263349+00:00,2026-09-12T18:28:11.263349-04:00,2026-09-12T18:28:11.263349-04:00,propline_free_sample
2026-09-12,2026-09-12 17:10:00+00:00,Tanner Gordon,4.5,over,137,underdog,209071,Detroit Tigers,Colorado Rockies,2026-09-12T16:49:20.798464+00:00,2026-09-12T22:28:11.263349+00:00,2026-09-12T18:28:11.263349-04:00,2026-09-12T18:28:11.263349-04:00,propline_free_sample
2026-09-12,2026-09-12 17:10:00+00:00,Andrew Sears,5.5,under,-152,underdog,209071,Detroit Tigers,Colorado Rockies,2026-09-12T14:21:16.007852+00:00,2026-09-12T22:28:11.263349+00:00,2026-09-12T18:28:11.263349-04:00,2026-09-12T18:28:11.263349-04:00,propline_free_sample
2026-09-12,2026-09-12 17:10:00+00:00,Tanner Gordon,4.5,under,-205,underdog,209071,Detroit Tigers,Colorado Rockies,2026-09-12T16:49:20.798464+00:00,2026-09-12T22:28:11.263349+00:00,2026-09-12T18:28:11.263349-04:00,2026-09-12T18:28:11.263349-04:00,propline_free_sample
2026-09-12,2026-09-12 17:10:00+00:00,Andrew Sears,4.5,over,-106,smarkets,209071,Detroit Tigers,Colorado Rockies,2026-09-12T15:44:15.182325+00:00,2026-09-12T22:28:11.263349+00:00,2026-09-12T18:28:11.263349-04:00,2026-09-12T18:28:11.263349-04:00,propline_free_sample
2026-09-12,2026-09-12 17:10:00+00:00,Andrew Sears,4.5,under,-130,smarkets,209071,Detroit Tigers,Colorado Rockies,2026-09-12T16:19:15.260573+00:00,2026-09-12T22:28:11.263349+00:00,2026-09-12T18:28:11.263349-04:00,2026-09-12T18:28:11.263349-04:00,propline_free_sample
2026-09-12,2026-09-12 17:10:00+00:00,Tanner Gordon,3.5,over,-154,smarkets,209071,Detroit Tigers,Colorado Rockies,2026-09-12T16:37:09.728541+00:00,2026-09-12T22:28:11.263349+00:00,2026-09-12T18:28:11.263349-04:00,2026-09-12T18:28:11.263349-04:00,propline_free_sample
2026-09-12,2026-09-12 17:10:00+00:00,Tanner Gordon,3.5,under,108,smarkets,209071,Detroit Tigers,Colorado Rockies,2026-09-12T14:43:04.586082+00:00,2026-09-12T22:28:11.263349+00:00,2026-09-12T18:28:11.263349-04:00,2026-09-12T18:28:11.263349-04:00,propline_free_sample
2026-09-12,2026-09-12 17:10:00+00:00,Andrew Sears,4.5,over,100,prizepicks,209071,Detroit Tigers,Colorado Rockies,2026-09-12T04:20:01.591699+00:00,2026-09-12T22:28:11.263349+00:00,2026-09-12T18:28:11.263349-04:00,2026-09-12T18:28:11.263349-04:00,propline_free_sample
2026-09-12,2026-09-12 17:10:00+00:00,Tanner Gordon,4.0,over,100,prizepicks,209071,Detroit Tigers,Colorado Rockies,2026-09-12T13:08:57.479686+00:00,2026-09-12T22:28:11.263349+00:00,2026-09-12T18:28:11.263349-04:00,2026-09-12T18:28:11.263349-04:00,propline_free_sample
2026-09-12,2026-09-12 17:10:00+00:00,Andrew Sears,4.5,under,100,prizepicks,209071,Detroit Tigers,Colorado Rockies,2026-09-12T04:20:01.591699+00:00,2026-09-12T22:28:11.263349+00:00,2026-09-12T18:28:11.263349-04:00,2026-09-12T18:28:11.263349-04:00,propline_free_sample
2026-09-12,2026-09-12 17:10:00+00:00,Tanner Gordon,4.0,under,100,prizepicks,209071,Detroit Tigers,Colorado Rockies,2026-09-12T13:08:57.479686+00:00,2026-09-12T22:28:11.263349+00:00,2026-09-12T18:28:11.263349-04:00,2026-09-12T18:28:11.263349-04:00,propline_free_sample
2026-09-12,2026-09-12 17:10:00+00:00,Tanner Gordon,6.5,over,100,prizepicks,209071,Detroit Tigers,Colorado Rockies,2026-09-12T04:20:01.591699+00:00,2026-09-12T22:28:11.263349+00:00,2026-09-12T18:28:11.263349-04:00,2026-09-12T18:28:11.263349-04:00,propline_free_sample
2026-09-12,2026-09-12 17:10:00+00:00,Tanner Gordon,3.5,over,-140,fanduel,209071,Detroit Tigers,Colorado Rockies,2026-09-12T15:24:20.814517+00:00,2026-09-12T22:28:11.263349+00:00,2026-09-12T18:28:11.263349-04:00,2026-09-12T18:28:11.263349-04:00,propline_free_sample
2026-09-12,2026-09-12 17:10:00+00:00,Tanner Gordon,3.5,under,110,fanduel,209071,Detroit Tigers,Colorado Rockies,2026-09-12T15:24:20.814517+00:00,2026-09-12T22:28:11.263349+00:00,2026-09-12T18:28:11.263349-04:00,2026-09-12T18:28:11.263349-04:00,propline_free_sample
2026-09-12,2026-09-12 17:10:00+00:00,Tanner Gordon,4.5,over,100,prizepicks,209071,Detroit Tigers,Colorado Rockies,2026-09-12T04:39:20.942205+00:00,2026-09-12T22:28:11.263349+00:00,2026-09-12T18:28:11.263349-04:00,2026-09-12T18:28:11.263349-04:00,propline_free_sample
2026-09-12,2026-09-12 17:10:00+00:00,Tanner Gordon,5.5,over,100,prizepicks,209071,Detroit Tigers,Colorado Rockies,2026-09-12T04:39:20.942205+00:00,2026-09-12T22:28:11.263349+00:00,2026-09-12T18:28:11.263349-04:00,2026-09-12T18:28:11.263349-04:00,propline_free_sample
2026-09-12,2026-09-12 17:10:00+00:00,Tanner Gordon,2.5,over,100,prizepicks,209071,Detroit Tigers,Colorado Rockies,2026-09-12T04:39:20.942205+00:00,2026-09-12T22:28:11.263349+00:00,2026-09-12T18:28:11.263349-04:00,2026-09-12T18:28:11.263349-04:00,propline_free_sample
2026-09-12,2026-09-12 17:10:00+00:00,Tanner Gordon,3.5,over,100,prizepicks,209071,Detroit Tigers,Colorado Rockies,2026-09-12T04:39:20.942205+00:00,2026-09-12T22:28:11.263349+00:00,2026-09-12T18:28:11.263349-04:00,2026-09-12T18:28:11.263349-04:00,propline_free_sample
2026-09-12,2026-09-12 17:10:00+00:00,Tanner Gordon,3.5,under,100,prizepicks,209071,Detroit Tigers,Colorado Rockies,2026-09-12T04:39:20.942205+00:00,2026-09-12T22:28:11.263349+00:00,2026-09-12T18:28:11.263349-04:00,2026-09-12T18:28:11.263349-04:00,propline_free_sample
2026-09-12,2026-09-12 17:10:00+00:00,Tanner Gordon,3.5,over,-164,sleeper,209071,Detroit Tigers,Colorado Rockies,2026-09-12T15:28:19.852438+00:00,2026-09-12T22:28:11.263349+00:00,2026-09-12T18:28:11.263349-04:00,2026-09-12T18:28:11.263349-04:00,propline_free_sample
2026-09-12,2026-09-12 17:10:00+00:00,Tanner Gordon,3.5,under,-101,sleeper,209071,Detroit Tigers,Colorado Rockies,2026-09-12T15:28:19.852438+00:00,2026-09-12T22:28:11.263349+00:00,2026-09-12T18:28:11.263349-04:00,2026-09-12T18:28:11.263349-04:00,propline_free_sample
2026-09-12,2026-09-12 17:10:00+00:00,Tanner Gordon,3.5,over,-132,prophetx,209071,Detroit Tigers,Colorado Rockies,2026-09-12T16:16:06.898953+00:00,2026-09-12T22:28:11.263349+00:00,2026-09-12T18:28:11.263349-04:00,2026-09-12T18:28:11.263349-04:00,propline_free_sample
2026-09-12,2026-09-12 17:10:00+00:00,Tanner Gordon,3.5,under,127,prophetx,209071,Detroit Tigers,Colorado Rockies,2026-09-12T16:05:57.451851+00:00,2026-09-12T22:28:11.263349+00:00,2026-09-12T18:28:11.263349-04:00,2026-09-12T18:28:11.263349-04:00,propline_free_sample
2026-09-12,2026-09-12 17:10:00+00:00,Tanner Gordon (COL),3.5,over,150,bovada,209071,Detroit Tigers,Colorado Rockies,2026-09-12T15:45:29.626838+00:00,2026-09-12T22:28:11.263349+00:00,2026-09-12T18:28:11.263349-04:00,2026-09-12T18:28:11.263349-04:00,propline_free_sample
2026-09-12,2026-09-12 17:10:00+00:00,Tanner Gordon (COL),3.5,under,-200,bovada,209071,Detroit Tigers,Colorado Rockies,2026-09-12T15:45:29.626838+00:00,2026-09-12T22:28:11.263349+00:00,2026-09-12T18:28:11.263349-04:00,2026-09-12T18:28:11.263349-04:00,propline_free_sample
2026-09-12,2026-09-12 17:10:00+00:00,Tanner Gordon,3.5,over,165,fanatics,209071,Detroit Tigers,Colorado Rockies,2026-09-12T16:35:52.447834+00:00,2026-09-12T22:28:11.263349+00:00,2026-09-12T18:28:11.263349-04:00,2026-09-12T18:28:11.263349-04:00,propline_free_sample
2026-09-12,2026-09-12 17:10:00+00:00,Tanner Gordon,3.5,under,-225,fanatics,209071,Detroit Tigers,Colorado Rockies,2026-09-12T16:35:52.447834+00:00,2026-09-12T22:28:11.263349+00:00,2026-09-12T18:28:11.263349-04:00,2026-09-12T18:28:11.263349-04:00,propline_free_sample
2026-09-12,2026-09-12 17:10:00+00:00,Tanner Gordon,3.5,over,-135,novig,209071,Detroit Tigers,Colorado Rockies,2026-09-12T16:44:28.586648+00:00,2026-09-12T22:28:11.263349+00:00,2026-09-12T18:28:11.263349-04:00,2026-09-12T18:28:11.263349-04:00,propline_free_sample
2026-09-12,2026-09-12 17:10:00+00:00,Tanner Gordon,3.5,under,125,novig,209071,Detroit Tigers,Colorado Rockies,2026-09-12T16:49:14.084782+00:00,2026-09-12T22:28:11.263349+00:00,2026-09-12T18:28:11.263349-04:00,2026-09-12T18:28:11.263349-04:00,propline_free_sample
2026-09-12,2026-09-12 17:10:00+00:00,Tanner Gordon,3.5,over,-153,draftkings,209071,Detroit Tigers,Colorado Rockies,2026-09-12T15:27:03.873638+00:00,2026-09-12T22:28:11.263349+00:00,2026-09-12T18:28:11.263349-04:00,2026-09-12T18:28:11.263349-04:00,propline_free_sample
2026-09-12,2026-09-12 17:10:00+00:00,Tanner Gordon,3.5,under,120,draftkings,209071,Detroit Tigers,Colorado Rockies,2026-09-12T15:27:03.873638+00:00,2026-09-12T22:28:11.263349+00:00,2026-09-12T18:28:11.263349-04:00,2026-09-12T18:28:11.263349-04:00,propline_free_sample
2026-09-12,2026-09-12 17:10:00+00:00,Tanner Gordon,4.5,under,100,prizepicks,209071,Detroit Tigers,Colorado Rockies,2026-09-12T13:08:57.479686+00:00,2026-09-12T22:28:11.263349+00:00,2026-09-12T18:28:11.263349-04:00,2026-09-12T18:28:11.263349-04:00,propline_free_sample
2026-09-12,2026-09-12 17:10:00+00:00,Tanner Gordon,5.5,under,100,prizepicks,209071,Detroit Tigers,Colorado Rockies,2026-09-12T13:08:57.479686+00:00,2026-09-12T22:28:11.263349+00:00,2026-09-12T18:28:11.263349-04:00,2026-09-12T18:28:11.263349-04:00,propline_free_sample
2026-09-12,2026-09-12 17:10:00+00:00,Tanner Gordon,2.5,under,100,prizepicks,209071,Detroit Tigers,Colorado Rockies,2026-09-12T13:08:57.479686+00:00,2026-09-12T22:28:11.263349+00:00,2026-09-12T18:28:11.263349-04:00,2026-09-12T18:28:11.263349-04:00,propline_free_sample
2026-09-12,2026-09-12 17:10:00+00:00,Tanner Gordon,7.5,over,100,prizepicks,209071,Detroit Tigers,Colorado Rockies,2026-09-12T13:08:57.479686+00:00,2026-09-12T22:28:11.263349+00:00,2026-09-12T18:28:11.263349-04:00,2026-09-12T18:28:11.263349-04:00,propline_free_sample
2026-09-12,2026-09-12 17:10:00+00:00,Tanner Gordon,1.5,over,-3233,kalshi,209071,Detroit Tigers,Colorado Rockies,2026-09-12T16:05:22.570454+00:00,2026-09-12T22:28:11.263349+00:00,2026-09-12T18:28:11.263349-04:00,2026-09-12T18:28:11.263349-04:00,propline_free_sample
2026-09-12,2026-09-12 17:10:00+00:00,Tanner Gordon,1.5,under,9900,kalshi,209071,Detroit Tigers,Colorado Rockies,2026-09-12T16:40:07.553714+00:00,2026-09-12T22:28:11.263349+00:00,2026-09-12T18:28:11.263349-04:00,2026-09-12T18:28:11.263349-04:00,propline_free_sample
2026-09-12,2026-09-12 17:10:00+00:00,Tanner Gordon,2.5,over,-4900,kalshi,209071,Detroit Tigers,Colorado Rockies,2026-09-12T14:51:20.661271+00:00,2026-09-12T22:28:11.263349+00:00,2026-09-12T18:28:11.263349-04:00,2026-09-12T18:28:11.263349-04:00,propline_free_sample
2026-09-12,2026-09-12 17:10:00+00:00,Tanner Gordon,2.5,under,9900,kalshi,209071,Detroit Tigers,Colorado Rockies,2026-09-12T16:45:56.734267+00:00,2026-09-12T22:28:11.263349+00:00,2026-09-12T18:28:11.263349-04:00,2026-09-12T18:28:11.263349-04:00,propline_free_sample
2026-09-12,2026-09-12 17:10:00+00:00,Tanner Gordon,3.5,over,-100,kalshi,209071,Detroit Tigers,Colorado Rockies,2026-09-12T16:18:56.492511+00:00,2026-09-12T22:28:11.263349+00:00,2026-09-12T18:28:11.263349-04:00,2026-09-12T18:28:11.263349-04:00,propline_free_sample
2026-09-12,2026-09-12 17:10:00+00:00,Tanner Gordon,3.5,under,9900,kalshi,209071,Detroit Tigers,Colorado Rockies,2026-09-12T15:02:45.593973+00:00,2026-09-12T22:28:11.263349+00:00,2026-09-12T18:28:11.263349-04:00,2026-09-12T18:28:11.263349-04:00,propline_free_sample
2026-09-12,2026-09-12 17:10:00+00:00,Tanner Gordon,4.5,over,-3233,kalshi,209071,Detroit Tigers,Colorado Rockies,2026-09-12T14:42:45.618804+00:00,2026-09-12T22:28:11.263349+00:00,2026-09-12T18:28:11.263349-04:00,2026-09-12T18:28:11.263349-04:00,propline_free_sample
2026-09-12,2026-09-12 17:10:00+00:00,Tanner Gordon,4.5,under,9900,kalshi,209071,Detroit Tigers,Colorado Rockies,2026-09-12T14:37:15.247030+00:00,2026-09-12T22:28:11.263349+00:00,2026-09-12T18:28:11.263349-04:00,2026-09-12T18:28:11.263349-04:00,propline_free_sample
2026-09-12,2026-09-12 17:10:00+00:00,Tanner Gordon,5.5,over,9900,kalshi,209071,Detroit Tigers,Colorado Rockies,2026-09-12T16:48:36.460907+00:00,2026-09-12T22:28:11.263349+00:00,2026-09-12T18:28:11.263349-04:00,2026-09-12T18:28:11.263349-04:00,propline_free_sample
2026-09-12,2026-09-12 17:10:00+00:00,Tanner Gordon,5.5,under,-194,kalshi,209071,Detroit Tigers,Colorado Rockies,2026-09-12T15:51:07.603871+00:00,2026-09-12T22:28:11.263349+00:00,2026-09-12T18:28:11.263349-04:00,2026-09-12T18:28:11.263349-04:00,propline_free_sample
2026-09-12,2026-09-12 17:10:00+00:00,Tanner Gordon,6.5,over,9900,kalshi,209071,Detroit Tigers,Colorado Rockies,2026-09-12T16:18:56.492511+00:00,2026-09-12T22:28:11.263349+00:00,2026-09-12T18:28:11.263349-04:00,2026-09-12T18:28:11.263349-04:00,propline_free_sample
2026-09-12,2026-09-12 17:10:00+00:00,Tanner Gordon,6.5,under,-1567,kalshi,209071,Detroit Tigers,Colorado Rockies,2026-09-12T16:12:06.314006+00:00,2026-09-12T22:28:11.263349+00:00,2026-09-12T18:28:11.263349-04:00,2026-09-12T18:28:11.263349-04:00,propline_free_sample
2026-09-12,2026-09-12 17:10:00+00:00,Tanner Gordon,7.5,over,9900,kalshi,209071,Detroit Tigers,Colorado Rockies,2026-09-12T13:19:57.057039+00:00,2026-09-12T22:28:11.263349+00:00,2026-09-12T18:28:11.263349-04:00,2026-09-12T18:28:11.263349-04:00,propline_free_sample
2026-09-12,2026-09-12 17:10:00+00:00,Andrew Sears,4.5,over,-105,onexbet,209071,Detroit Tigers,Colorado Rockies,2026-09-12T13:10:38.273005+00:00,2026-09-12T22:28:11.263349+00:00,2026-09-12T18:28:11.263349-04:00,2026-09-12T18:28:11.263349-04:00,propline_free_sample
2026-09-12,2026-09-12 17:10:00+00:00,Tanner Gordon,3.5,over,-154,onexbet,209071,Detroit Tigers,Colorado Rockies,2026-09-12T16:32:57.055895+00:00,2026-09-12T22:28:11.263349+00:00,2026-09-12T18:28:11.263349-04:00,2026-09-12T18:28:11.263349-04:00,propline_free_sample
2026-09-12,2026-09-12 17:10:00+00:00,Andrew Sears,4.5,under,-130,onexbet,209071,Detroit Tigers,Colorado Rockies,2026-09-12T13:10:38.273005+00:00,2026-09-12T22:28:11.263349+00:00,2026-09-12T18:28:11.263349-04:00,2026-09-12T18:28:11.263349-04:00,propline_free_sample
2026-09-12,2026-09-12 17:10:00+00:00,Tanner Gordon,3.5,under,120,onexbet,209071,Detroit Tigers,Colorado Rockies,2026-09-12T16:32:57.055895+00:00,2026-09-12T22:28:11.263349+00:00,2026-09-12T18:28:11.263349-04:00,2026-09-12T18:28:11.263349-04:00,propline_free_sample
2026-09-12,2026-09-12 17:10:00+00:00,Tanner Gordon,4.5,over,130,betmgm,209071,Detroit Tigers,Colorado Rockies,2026-09-12T16:33:25.105937+00:00,2026-09-12T22:28:11.263349+00:00,2026-09-12T18:28:11.263349-04:00,2026-09-12T18:28:11.263349-04:00,propline_free_sample
2026-09-12,2026-09-12 17:10:00+00:00,Tanner Gordon,4.5,under,-175,betmgm,209071,Detroit Tigers,Colorado Rockies,2026-09-12T16:33:25.105937+00:00,2026-09-12T22:28:11.263349+00:00,2026-09-12T18:28:11.263349-04:00,2026-09-12T18:28:11.263349-04:00,propline_free_sample
2026-09-12,2026-09-12 17:10:00+00:00,Tanner Gordon,3.5,over,-149,rebet,209071,Detroit Tigers,Colorado Rockies,2026-09-12T16:28:27.687592+00:00,2026-09-12T22:28:11.263349+00:00,2026-09-12T18:28:11.263349-04:00,2026-09-12T18:28:11.263349-04:00,propline_free_sample
2026-09-12,2026-09-12 17:10:00+00:00,Tanner Gordon,3.5,under,108,rebet,209071,Detroit Tigers,Colorado Rockies,2026-09-12T15:34:33.942044+00:00,2026-09-12T22:28:11.263349+00:00,2026-09-12T18:28:11.263349-04:00,2026-09-12T18:28:11.263349-04:00,propline_free_sample
2026-09-12,2026-09-12 17:10:00+00:00,Tanner Gordon,0.5,over,-9000,hardrock,209071,Detroit Tigers,Colorado Rockies,2026-09-12T13:13:31.111371+00:00,2026-09-12T22:28:11.263349+00:00,2026-09-12T18:28:11.263349-04:00,2026-09-12T18:28:11.263349-04:00,propline_free_sample
2026-09-12,2026-09-12 17:10:00+00:00,Tanner Gordon,0.5,under,2000,hardrock,209071,Detroit Tigers,Colorado Rockies,2026-09-12T13:13:31.111371+00:00,2026-09-12T22:28:11.263349+00:00,2026-09-12T18:28:11.263349-04:00,2026-09-12T18:28:11.263349-04:00,propline_free_sample
2026-09-12,2026-09-12 17:10:00+00:00,Tanner Gordon,1.5,over,-1800,hardrock,209071,Detroit Tigers,Colorado Rockies,2026-09-12T14:56:55.093838+00:00,2026-09-12T22:28:11.263349+00:00,2026-09-12T18:28:11.263349-04:00,2026-09-12T18:28:11.263349-04:00,propline_free_sample
2026-09-12,2026-09-12 17:10:00+00:00,Tanner Gordon,1.5,under,575,hardrock,209071,Detroit Tigers,Colorado Rockies,2026-09-12T14:39:58.628084+00:00,2026-09-12T22:28:11.263349+00:00,2026-09-12T18:28:11.263349-04:00,2026-09-12T18:28:11.263349-04:00,propline_free_sample
2026-09-12,2026-09-12 17:10:00+00:00,Tanner Gordon,2.5,over,-300,hardrock,209071,Detroit Tigers,Colorado Rockies,2026-09-12T13:13:31.111371+00:00,2026-09-12T22:28:11.263349+00:00,2026-09-12T18:28:11.263349-04:00,2026-09-12T18:28:11.263349-04:00,propline_free_sample
2026-09-12,2026-09-12 17:10:00+00:00,Tanner Gordon,2.5,under,185,hardrock,209071,Detroit Tigers,Colorado Rockies,2026-09-12T14:39:58.628084+00:00,2026-09-12T22:28:11.263349+00:00,2026-09-12T18:28:11.263349-04:00,2026-09-12T18:28:11.263349-04:00,propline_free_sample
2026-09-12,2026-09-12 17:10:00+00:00,Tanner Gordon,3.5,over,145,hardrock,209071,Detroit Tigers,Colorado Rockies,2026-09-12T14:39:58.628084+00:00,2026-09-12T22:28:11.263349+00:00,2026-09-12T18:28:11.263349-04:00,2026-09-12T18:28:11.263349-04:00,propline_free_sample
2026-09-12,2026-09-12 17:10:00+00:00,Tanner Gordon,3.5,under,-210,hardrock,209071,Detroit Tigers,Colorado Rockies,2026-09-12T13:13:31.111371+00:00,2026-09-12T22:28:11.263349+00:00,2026-09-12T18:28:11.263349-04:00,2026-09-12T18:28:11.263349-04:00,propline_free_sample
2026-09-12,2026-09-12 17:10:00+00:00,Tanner Gordon,4.5,over,400,hardrock,209071,Detroit Tigers,Colorado Rockies,2026-09-12T14:39:58.628084+00:00,2026-09-12T22:28:11.263349+00:00,2026-09-12T18:28:11.263349-04:00,2026-09-12T18:28:11.263349-04:00,propline_free_sample
2026-09-12,2026-09-12 17:10:00+00:00,Tanner Gordon,4.5,under,-900,hardrock,209071,Detroit Tigers,Colorado Rockies,2026-09-12T14:39:58.628084+00:00,2026-09-12T22:28:11.263349+00:00,2026-09-12T18:28:11.263349-04:00,2026-09-12T18:28:11.263349-04:00,propline_free_sample
2026-09-12,2026-09-12 17:10:00+00:00,Tanner Gordon,5.5,over,1200,hardrock,209071,Detroit Tigers,Colorado Rockies,2026-09-12T13:13:31.111371+00:00,2026-09-12T22:28:11.263349+00:00,2026-09-12T18:28:11.263349-04:00,2026-09-12T18:28:11.263349-04:00,propline_free_sample
2026-09-12,2026-09-12 17:10:00+00:00,Tanner Gordon,5.5,under,-6000,hardrock,209071,Detroit Tigers,Colorado Rockies,2026-09-12T14:32:53.947738+00:00,2026-09-12T22:28:11.263349+00:00,2026-09-12T18:28:11.263349-04:00,2026-09-12T18:28:11.263349-04:00,propline_free_sample
2026-09-12,2026-09-12 17:10:00+00:00,Tanner Gordon,6.5,over,4000,hardrock,209071,Detroit Tigers,Colorado Rockies,2026-09-12T13:13:31.111371+00:00,2026-09-12T22:28:11.263349+00:00,2026-09-12T18:28:11.263349-04:00,2026-09-12T18:28:11.263349-04:00,propline_free_sample
2026-09-12,2026-09-12 17:10:00+00:00,Tanner Gordon,6.5,under,-100000,hardrock,209071,Detroit Tigers,Colorado Rockies,2026-09-12T13:13:31.111371+00:00,2026-09-12T22:28:11.263349+00:00,2026-09-12T18:28:11.263349-04:00,2026-09-12T18:28:11.263349-04:00,propline_free_sample
2026-09-12,2026-09-12 17:10:00+00:00,Tanner Gordon,7.5,over,1600,hardrock,209071,Detroit Tigers,Colorado Rockies,2026-09-12T14:43:40.862797+00:00,2026-09-12T22:28:11.263349+00:00,2026-09-12T18:28:11.263349-04:00,2026-09-12T18:28:11.263349-04:00,propline_free_sample
2026-09-12,2026-09-12 17:10:00+00:00,Tanner Gordon,7.5,under,-9000,hardrock,209071,Detroit Tigers,Colorado Rockies,2026-09-12T14:43:40.862797+00:00,2026-09-12T22:28:11.263349+00:00,2026-09-12T18:28:11.263349-04:00,2026-09-12T18:28:11.263349-04:00,propline_free_sample
2026-09-12,2026-09-12 17:10:00+00:00,Tanner Gordon,8.5,over,1400,hardrock,209071,Detroit Tigers,Colorado Rockies,2026-09-12T13:13:31.111371+00:00,2026-09-12T22:28:11.263349+00:00,2026-09-12T18:28:11.263349-04:00,2026-09-12T18:28:11.263349-04:00,propline_free_sample
2026-09-12,2026-09-12 17:10:00+00:00,Tanner Gordon,8.5,under,-7000,hardrock,209071,Detroit Tigers,Colorado Rockies,2026-09-12T14:32:53.947738+00:00,2026-09-12T22:28:11.263349+00:00,2026-09-12T18:28:11.263349-04:00,2026-09-12T18:28:11.263349-04:00,propline_free_sample
2026-09-12,2026-09-12 17:10:00+00:00,Tanner Gordon,3.5,over,-141,pinnacle,209071,Detroit Tigers,Colorado Rockies,2026-09-12T16:30:27.681320+00:00,2026-09-12T22:28:11.263349+00:00,2026-09-12T18:28:11.263349-04:00,2026-09-12T18:28:11.263349-04:00,propline_free_sample
2026-09-12,2026-09-12 17:10:00+00:00,Tanner Gordon,3.5,under,106,pinnacle,209071,Detroit Tigers,Colorado Rockies,2026-09-12T16:30:27.681320+00:00,2026-09-12T22:28:11.263349+00:00,2026-09-12T18:28:11.263349-04:00,2026-09-12T18:28:11.263349-04:00,propline_free_sample
2026-09-12,2026-09-12 17:10:00+00:00,Tanner Gordon,2.5,over,-344,novig,209071,Detroit Tigers,Colorado Rockies,2026-09-12T14:42:57.240894+00:00,2026-09-12T22:28:11.263349+00:00,2026-09-12T18:28:11.263349-04:00,2026-09-12T18:28:11.263349-04:00,propline_free_sample
2026-09-12,2026-09-12 17:10:00+00:00,Tanner Gordon,2.5,under,239,novig,209071,Detroit Tigers,Colorado Rockies,2026-09-12T13:47:12.683924+00:00,2026-09-12T22:28:11.263349+00:00,2026-09-12T18:28:11.263349-04:00,2026-09-12T18:28:11.263349-04:00,propline_free_sample
2026-09-12,2026-09-12 17:10:00+00:00,Tanner Gordon,4.5,over,160,novig,209071,Detroit Tigers,Colorado Rockies,2026-09-12T14:42:57.240894+00:00,2026-09-12T22:28:11.263349+00:00,2026-09-12T18:28:11.263349-04:00,2026-09-12T18:28:11.263349-04:00,propline_free_sample
2026-09-12,2026-09-12 17:10:00+00:00,Tanner Gordon,4.5,under,-228,novig,209071,Detroit Tigers,Colorado Rockies,2026-09-12T13:47:12.683924+00:00,2026-09-12T22:28:11.263349+00:00,2026-09-12T18:28:11.263349-04:00,2026-09-12T18:28:11.263349-04:00,propline_free_sample
2026-09-12,2026-09-12 17:10:00+00:00,Andrew Sears,4.5,over,-115,bovada,209071,Detroit Tigers,Colorado Rockies,,2026-09-12T22:28:11.263349+00:00,2026-09-12T18:28:11.263349-04:00,2026-09-12T18:28:11.263349-04:00,propline_free_sample
2026-09-12,2026-09-12 17:10:00+00:00,Andrew Sears,4.5,under,-115,bovada,209071,Detroit Tigers,Colorado Rockies,,2026-09-12T22:28:11.263349+00:00,2026-09-12T18:28:11.263349-04:00,2026-09-12T18:28:11.263349-04:00,propline_free_sample
2026-09-12,2026-09-12 17:10:00+00:00,Tanner Gordon,9.5,over,4000,hardrock,209071,Detroit Tigers,Colorado Rockies,,2026-09-12T22:28:11.263349+00:00,2026-09-12T18:28:11.263349-04:00,2026-09-12T18:28:11.263349-04:00,propline_free_sample
2026-09-12,2026-09-12 17:10:00+00:00,Tanner Gordon,9.5,under,-100000,hardrock,209071,Detroit Tigers,Colorado Rockies,,2026-09-12T22:28:11.263349+00:00,2026-09-12T18:28:11.263349-04:00,2026-09-12T18:28:11.263349-04:00,propline_free_sample
2026-09-11,2026-09-12 02:15:00+00:00,Anthony Molina,3.5,over,-118,fanduel,208885,San Francisco Giants,San Diego Padres,2026-09-11T23:18:05.370382+00:00,2026-09-12T22:28:11.263349+00:00,2026-09-12T18:28:11.263349-04:00,2026-09-12T18:28:11.263349-04:00,propline_free_sample
2026-09-11,2026-09-12 02:15:00+00:00,Anthony Molina,3.5,under,-108,fanduel,208885,San Francisco Giants,San Diego Padres,2026-09-11T23:18:05.370382+00:00,2026-09-12T22:28:11.263349+00:00,2026-09-12T18:28:11.263349-04:00,2026-09-12T18:28:11.263349-04:00,propline_free_sample
2026-09-11,2026-09-12 02:15:00+00:00,Robbie Ray,4.5,over,100,fanduel,208885,San Francisco Giants,San Diego Padres,2026-09-11T23:18:05.370382+00:00,2026-09-12T22:28:11.263349+00:00,2026-09-12T18:28:11.263349-04:00,2026-09-12T18:28:11.263349-04:00,propline_free_sample
2026-09-11,2026-09-12 02:15:00+00:00,Robbie Ray,4.5,under,-128,fanduel,208885,San Francisco Giants,San Diego Padres,2026-09-11T23:18:05.370382+00:00,2026-09-12T22:28:11.263349+00:00,2026-09-12T18:28:11.263349-04:00,2026-09-12T18:28:11.263349-04:00,propline_free_sample
2026-09-11,2026-09-12 02:15:00+00:00,Anthony Molina,4.5,over,-155,fanatics,208885,San Francisco Giants,San Diego Padres,2026-09-12T01:36:15.985767+00:00,2026-09-12T22:28:11.263349+00:00,2026-09-12T18:28:11.263349-04:00,2026-09-12T18:28:11.263349-04:00,propline_free_sample
2026-09-11,2026-09-12 02:15:00+00:00,Anthony Molina,4.5,under,115,fanatics,208885,San Francisco Giants,San Diego Padres,2026-09-12T01:36:15.985767+00:00,2026-09-12T22:28:11.263349+00:00,2026-09-12T18:28:11.263349-04:00,2026-09-12T18:28:11.263349-04:00,propline_free_sample
2026-09-11,2026-09-12 02:15:00+00:00,Anthony Molina (COL),3.5,over,-120,bovada,208885,San Francisco Giants,San Diego Padres,2026-09-11T14:03:56.243264+00:00,2026-09-12T22:28:11.263349+00:00,2026-09-12T18:28:11.263349-04:00,2026-09-12T18:28:11.263349-04:00,propline_free_sample
2026-09-11,2026-09-12 02:15:00+00:00,Anthony Molina (COL),3.5,under,-110,bovada,208885,San Francisco Giants,San Diego Padres,2026-09-11T14:03:56.243264+00:00,2026-09-12T22:28:11.263349+00:00,2026-09-12T18:28:11.263349-04:00,2026-09-12T18:28:11.263349-04:00,propline_free_sample
2026-09-11,2026-09-12 02:15:00+00:00,Robbie Ray (SD),5.5,over,105,bovada,208885,San Francisco Giants,San Diego Padres,2026-09-11T23:27:37.996606+00:00,2026-09-12T22:28:11.263349+00:00,2026-09-12T18:28:11.263349-04:00,2026-09-12T18:28:11.263349-04:00,propline_free_sample
2026-09-11,2026-09-12 02:15:00+00:00,Robbie Ray (SD),5.5,under,-135,bovada,208885,San Francisco Giants,San Diego Padres,2026-09-11T23:27:37.996606+00:00,2026-09-12T22:28:11.263349+00:00,2026-09-12T18:28:11.263349-04:00,2026-09-12T18:28:11.263349-04:00,propline_free_sample
2026-09-11,2026-09-12 02:15:00+00:00,Robbie Ray,1.5,over,-4000,hardrock,208885,San Francisco Giants,San Diego Padres,2026-09-11T22:05:14.328930+00:00,2026-09-12T22:28:11.263349+00:00,2026-09-12T18:28:11.263349-04:00,2026-09-12T18:28:11.263349-04:00,propline_free_sample
2026-09-11,2026-09-12 02:15:00+00:00,Robbie Ray,1.5,under,1000,hardrock,208885,San Francisco Giants,San Diego Padres,2026-09-11T15:20:11.113281+00:00,2026-09-12T22:28:11.263349+00:00,2026-09-12T18:28:11.263349-04:00,2026-09-12T18:28:11.263349-04:00,propline_free_sample
2026-09-11,2026-09-12 02:15:00+00:00,Robbie Ray,2.5,over,-850,hardrock,208885,San Francisco Giants,San Diego Padres,2026-09-11T15:32:21.835661+00:00,2026-09-12T22:28:11.263349+00:00,2026-09-12T18:28:11.263349-04:00,2026-09-12T18:28:11.263349-04:00,propline_free_sample
2026-09-11,2026-09-12 02:15:00+00:00,Robbie Ray,2.5,under,400,hardrock,208885,San Francisco Giants,San Diego Padres,2026-09-11T15:32:21.835661+00:00,2026-09-12T22:28:11.263349+00:00,2026-09-12T18:28:11.263349-04:00,2026-09-12T18:28:11.263349-04:00,propline_free_sample
2026-09-11,2026-09-12 02:15:00+00:00,Robbie Ray,3.5,over,-160,hardrock,208885,San Francisco Giants,San Diego Padres,2026-09-11T22:05:14.328930+00:00,2026-09-12T22:28:11.263349+00:00,2026-09-12T18:28:11.263349-04:00,2026-09-12T18:28:11.263349-04:00,propline_free_sample
2026-09-11,2026-09-12 02:15:00+00:00,Robbie Ray,3.5,under,110,hardrock,208885,San Francisco Giants,San Diego Padres,2026-09-11T22:05:14.328930+00:00,2026-09-12T22:28:11.263349+00:00,2026-09-12T18:28:11.263349-04:00,2026-09-12T18:28:11.263349-04:00,propline_free_sample
2026-09-11,2026-09-12 02:15:00+00:00,Robbie Ray,4.5,over,190,hardrock,208885,San Francisco Giants,San Diego Padres,2026-09-11T22:05:14.328930+00:00,2026-09-12T22:28:11.263349+00:00,2026-09-12T18:28:11.263349-04:00,2026-09-12T18:28:11.263349-04:00,propline_free_sample
2026-09-11,2026-09-12 02:15:00+00:00,Robbie Ray,4.5,under,-300,hardrock,208885,San Francisco Giants,San Diego Padres,2026-09-11T22:05:14.328930+00:00,2026-09-12T22:28:11.263349+00:00,2026-09-12T18:28:11.263349-04:00,2026-09-12T18:28:11.263349-04:00,propline_free_sample
2026-09-11,2026-09-12 02:15:00+00:00,Robbie Ray,5.5,over,500,hardrock,208885,San Francisco Giants,San Diego Padres,2026-09-11T22:05:14.328930+00:00,2026-09-12T22:28:11.263349+00:00,2026-09-12T18:28:11.263349-04:00,2026-09-12T18:28:11.263349-04:00,propline_free_sample
2026-09-11,2026-09-12 02:15:00+00:00,Robbie Ray,5.5,under,-1300,hardrock,208885,San Francisco Giants,San Diego Padres,2026-09-12T00:05:05.877513+00:00,2026-09-12T22:28:11.263349+00:00,2026-09-12T18:28:11.263349-04:00,2026-09-12T18:28:11.263349-04:00,propline_free_sample
2026-09-11,2026-09-12 02:15:00+00:00,Robbie Ray,6.5,over,1500,hardrock,208885,San Francisco Giants,San Diego Padres,2026-09-11T22:05:14.328930+00:00,2026-09-12T22:28:11.263349+00:00,2026-09-12T18:28:11.263349-04:00,2026-09-12T18:28:11.263349-04:00,propline_free_sample
2026-09-11,2026-09-12 02:15:00+00:00,Robbie Ray,6.5,under,-8000,hardrock,208885,San Francisco Giants,San Diego Padres,2026-09-12T00:05:05.877513+00:00,2026-09-12T22:28:11.263349+00:00,2026-09-12T18:28:11.263349-04:00,2026-09-12T18:28:11.263349-04:00,propline_free_sample
2026-09-11,2026-09-12 02:15:00+00:00,Robbie Ray,7.5,over,1200,hardrock,208885,San Francisco Giants,San Diego Padres,2026-09-11T20:59:48.394122+00:00,2026-09-12T22:28:11.263349+00:00,2026-09-12T18:28:11.263349-04:00,2026-09-12T18:28:11.263349-04:00,propline_free_sample
2026-09-11,2026-09-12 02:15:00+00:00,Robbie Ray,7.5,under,-6000,hardrock,208885,San Francisco Giants,San Diego Padres,2026-09-11T20:59:48.394122+00:00,2026-09-12T22:28:11.263349+00:00,2026-09-12T18:28:11.263349-04:00,2026-09-12T18:28:11.263349-04:00,propline_free_sample
2026-09-11,2026-09-12 02:15:00+00:00,Robbie Ray,8.5,over,4000,hardrock,208885,San Francisco Giants,San Diego Padres,2026-09-11T20:59:48.394122+00:00,2026-09-12T22:28:11.263349+00:00,2026-09-12T18:28:11.263349-04:00,2026-09-12T18:28:11.263349-04:00,propline_free_sample
2026-09-11,2026-09-12 02:15:00+00:00,Robbie Ray,8.5,under,-50000,hardrock,208885,San Francisco Giants,San Diego Padres,2026-09-11T22:18:15.900077+00:00,2026-09-12T22:28:11.263349+00:00,2026-09-12T18:28:11.263349-04:00,2026-09-12T18:28:11.263349-04:00,propline_free_sample
2026-09-11,2026-09-12 02:15:00+00:00,Robbie Ray,9.5,over,4000,hardrock,208885,San Francisco Giants,San Diego Padres,2026-09-11T11:12:44.460604+00:00,2026-09-12T22:28:11.263349+00:00,2026-09-12T18:28:11.263349-04:00,2026-09-12T18:28:11.263349-04:00,propline_free_sample
2026-09-11,2026-09-12 02:15:00+00:00,Robbie Ray,9.5,under,-100000,hardrock,208885,San Francisco Giants,San Diego Padres,2026-09-11T12:44:43.013446+00:00,2026-09-12T22:28:11.263349+00:00,2026-09-12T18:28:11.263349-04:00,2026-09-12T18:28:11.263349-04:00,propline_free_sample
2026-09-11,2026-09-12 02:15:00+00:00,Robbie Ray,4.5,over,100,prizepicks,208885,San Francisco Giants,San Diego Padres,2026-09-11T00:24:49.351149+00:00,2026-09-12T22:28:11.263349+00:00,2026-09-12T18:28:11.263349-04:00,2026-09-12T18:28:11.263349-04:00,propline_free_sample
2026-09-11,2026-09-12 02:15:00+00:00,Robbie Ray,4.5,under,100,prizepicks,208885,San Francisco Giants,San Diego Padres,2026-09-11T00:24:49.351149+00:00,2026-09-12T22:28:11.263349+00:00,2026-09-12T18:28:11.263349-04:00,2026-09-12T18:28:11.263349-04:00,propline_free_sample
2026-09-11,2026-09-12 02:15:00+00:00,Anthony Molina,3.5,over,100,prizepicks,208885,San Francisco Giants,San Diego Padres,2026-09-11T00:24:49.351149+00:00,2026-09-12T22:28:11.263349+00:00,2026-09-12T18:28:11.263349-04:00,2026-09-12T18:28:11.263349-04:00,propline_free_sample
2026-09-11,2026-09-12 02:15:00+00:00,Anthony Molina,3.5,under,100,prizepicks,208885,San Francisco Giants,San Diego Padres,2026-09-11T00:24:49.351149+00:00,2026-09-12T22:28:11.263349+00:00,2026-09-12T18:28:11.263349-04:00,2026-09-12T18:28:11.263349-04:00,propline_free_sample
2026-09-11,2026-09-12 02:15:00+00:00,Anthony Molina,4.5,over,100,prizepicks,208885,San Francisco Giants,San Diego Padres,2026-09-11T00:24:49.351149+00:00,2026-09-12T22:28:11.263349+00:00,2026-09-12T18:28:11.263349-04:00,2026-09-12T18:28:11.263349-04:00,propline_free_sample
2026-09-11,2026-09-12 02:15:00+00:00,Anthony Molina,5.5,over,100,prizepicks,208885,San Francisco Giants,San Diego Padres,2026-09-11T00:24:49.351149+00:00,2026-09-12T22:28:11.263349+00:00,2026-09-12T18:28:11.263349-04:00,2026-09-12T18:28:11.263349-04:00,propline_free_sample
2026-09-11,2026-09-12 02:15:00+00:00,Robbie Ray,5.5,over,100,prizepicks,208885,San Francisco Giants,San Diego Padres,2026-09-11T00:24:49.351149+00:00,2026-09-12T22:28:11.263349+00:00,2026-09-12T18:28:11.263349-04:00,2026-09-12T18:28:11.263349-04:00,propline_free_sample
2026-09-11,2026-09-12 02:15:00+00:00,Robbie Ray,6.5,over,100,prizepicks,208885,San Francisco Giants,San Diego Padres,2026-09-11T00:24:49.351149+00:00,2026-09-12T22:28:11.263349+00:00,2026-09-12T18:28:11.263349-04:00,2026-09-12T18:28:11.263349-04:00,propline_free_sample
2026-09-11,2026-09-12 02:15:00+00:00,Anthony Molina,2.5,over,100,prizepicks,208885,San Francisco Giants,San Diego Padres,2026-09-11T00:24:49.351149+00:00,2026-09-12T22:28:11.263349+00:00,2026-09-12T18:28:11.263349-04:00,2026-09-12T18:28:11.263349-04:00,propline_free_sample
2026-09-11,2026-09-12 02:15:00+00:00,Robbie Ray,3.5,over,100,prizepicks,208885,San Francisco Giants,San Diego Padres,2026-09-11T00:24:49.351149+00:00,2026-09-12T22:28:11.263349+00:00,2026-09-12T18:28:11.263349-04:00,2026-09-12T18:28:11.263349-04:00,propline_free_sample
2026-09-11,2026-09-12 02:15:00+00:00,Robbie Ray,5.5,under,100,prizepicks,208885,San Francisco Giants,San Diego Padres,2026-09-11T00:31:57.908256+00:00,2026-09-12T22:28:11.263349+00:00,2026-09-12T18:28:11.263349-04:00,2026-09-12T18:28:11.263349-04:00,propline_free_sample
2026-09-11,2026-09-12 02:15:00+00:00,Robbie Ray,6.5,under,100,prizepicks,208885,San Francisco Giants,San Diego Padres,2026-09-11T00:31:57.908256+00:00,2026-09-12T22:28:11.263349+00:00,2026-09-12T18:28:11.263349-04:00,2026-09-12T18:28:11.263349-04:00,propline_free_sample
2026-09-11,2026-09-12 02:15:00+00:00,Robbie Ray,2.5,over,100,prizepicks,208885,San Francisco Giants,San Diego Padres,2026-09-11T00:31:57.908256+00:00,2026-09-12T22:28:11.263349+00:00,2026-09-12T18:28:11.263349-04:00,2026-09-12T18:28:11.263349-04:00,propline_free_sample
2026-09-11,2026-09-12 02:15:00+00:00,Robbie Ray,2.5,under,100,prizepicks,208885,San Francisco Giants,San Diego Padres,2026-09-11T00:31:57.908256+00:00,2026-09-12T22:28:11.263349+00:00,2026-09-12T18:28:11.263349-04:00,2026-09-12T18:28:11.263349-04:00,propline_free_sample
2026-09-11,2026-09-12 02:15:00+00:00,Robbie Ray,3.5,under,100,prizepicks,208885,San Francisco Giants,San Diego Padres,2026-09-11T00:31:57.908256+00:00,2026-09-12T22:28:11.263349+00:00,2026-09-12T18:28:11.263349-04:00,2026-09-12T18:28:11.263349-04:00,propline_free_sample
2026-09-11,2026-09-12 02:15:00+00:00,Robbie Ray,7.5,over,100,prizepicks,208885,San Francisco Giants,San Diego Padres,2026-09-11T00:31:57.908256+00:00,2026-09-12T22:28:11.263349+00:00,2026-09-12T18:28:11.263349-04:00,2026-09-12T18:28:11.263349-04:00,propline_free_sample
2026-09-11,2026-09-12 02:15:00+00:00,Robbie Ray,8.5,over,100,prizepicks,208885,San Francisco Giants,San Diego Padres,2026-09-11T00:31:57.908256+00:00,2026-09-12T22:28:11.263349+00:00,2026-09-12T18:28:11.263349-04:00,2026-09-12T18:28:11.263349-04:00,propline_free_sample
2026-09-11,2026-09-12 02:15:00+00:00,Anthony Molina,0.5,over,-9000,hardrock,208885,San Francisco Giants,San Diego Padres,2026-09-11T22:49:09.868135+00:00,2026-09-12T22:28:11.263349+00:00,2026-09-12T18:28:11.263349-04:00,2026-09-12T18:28:11.263349-04:00,propline_free_sample
2026-09-11,2026-09-12 02:15:00+00:00,Anthony Molina,0.5,under,1750,hardrock,208885,San Francisco Giants,San Diego Padres,2026-09-11T09:30:33.955836+00:00,2026-09-12T22:28:11.263349+00:00,2026-09-12T18:28:11.263349-04:00,2026-09-12T18:28:11.263349-04:00,propline_free_sample
2026-09-11,2026-09-12 02:15:00+00:00,Anthony Molina,1.5,over,-1200,hardrock,208885,San Francisco Giants,San Diego Padres,2026-09-11T16:31:38.501583+00:00,2026-09-12T22:28:11.263349+00:00,2026-09-12T18:28:11.263349-04:00,2026-09-12T18:28:11.263349-04:00,propline_free_sample
2026-09-11,2026-09-12 02:15:00+00:00,Anthony Molina,1.5,under,500,hardrock,208885,San Francisco Giants,San Diego Padres,2026-09-11T22:18:15.900077+00:00,2026-09-12T22:28:11.263349+00:00,2026-09-12T18:28:11.263349-04:00,2026-09-12T18:28:11.263349-04:00,propline_free_sample
2026-09-11,2026-09-12 02:15:00+00:00,Anthony Molina,2.5,over,-5000,hardrock,208885,San Francisco Giants,San Diego Padres,2026-09-11T16:31:38.501583+00:00,2026-09-12T22:28:11.263349+00:00,2026-09-12T18:28:11.263349-04:00,2026-09-12T18:28:11.263349-04:00,propline_free_sample
2026-09-11,2026-09-12 02:15:00+00:00,Anthony Molina,2.5,under,1100,hardrock,208885,San Francisco Giants,San Diego Padres,2026-09-11T22:18:15.900077+00:00,2026-09-12T22:28:11.263349+00:00,2026-09-12T18:28:11.263349-04:00,2026-09-12T18:28:11.263349-04:00,propline_free_sample
2026-09-11,2026-09-12 02:15:00+00:00,Anthony Molina,3.5,over,-600,hardrock,208885,San Francisco Giants,San Diego Padres,2026-09-11T22:29:38.297756+00:00,2026-09-12T22:28:11.263349+00:00,2026-09-12T18:28:11.263349-04:00,2026-09-12T18:28:11.263349-04:00,propline_free_sample
2026-09-11,2026-09-12 02:15:00+00:00,Anthony Molina,3.5,under,300,hardrock,208885,San Francisco Giants,San Diego Padres,2026-09-11T22:29:38.297756+00:00,2026-09-12T22:28:11.263349+00:00,2026-09-12T18:28:11.263349-04:00,2026-09-12T18:28:11.263349-04:00,propline_free_sample
2026-09-11,2026-09-12 02:15:00+00:00,Anthony Molina,4.5,over,-1100,hardrock,208885,San Francisco Giants,San Diego Padres,2026-09-11T22:18:15.900077+00:00,2026-09-12T22:28:11.263349+00:00,2026-09-12T18:28:11.263349-04:00,2026-09-12T18:28:11.263349-04:00,propline_free_sample
2026-09-11,2026-09-12 02:15:00+00:00,Anthony Molina,4.5,under,450,hardrock,208885,San Francisco Giants,San Diego Padres,2026-09-11T18:59:47.673367+00:00,2026-09-12T22:28:11.263349+00:00,2026-09-12T18:28:11.263349-04:00,2026-09-12T18:28:11.263349-04:00,propline_free_sample
2026-09-11,2026-09-12 02:15:00+00:00,Anthony Molina,5.5,over,-220,hardrock,208885,San Francisco Giants,San Diego Padres,2026-09-11T18:59:47.673367+00:00,2026-09-12T22:28:11.263349+00:00,2026-09-12T18:28:11.263349-04:00,2026-09-12T18:28:11.263349-04:00,propline_free_sample
2026-09-11,2026-09-12 02:15:00+00:00,Anthony Molina,5.5,under,145,hardrock,208885,San Francisco Giants,San Diego Padres,2026-09-11T22:18:15.900077+00:00,2026-09-12T22:28:11.263349+00:00,2026-09-12T18:28:11.263349-04:00,2026-09-12T18:28:11.263349-04:00,propline_free_sample
2026-09-11,2026-09-12 02:15:00+00:00,Anthony Molina,6.5,over,140,hardrock,208885,San Francisco Giants,San Diego Padres,2026-09-11T18:42:10.717345+00:00,2026-09-12T22:28:11.263349+00:00,2026-09-12T18:28:11.263349-04:00,2026-09-12T18:28:11.263349-04:00,propline_free_sample
2026-09-11,2026-09-12 02:15:00+00:00,Anthony Molina,6.5,under,-200,hardrock,208885,San Francisco Giants,San Diego Padres,2026-09-11T07:34:17.934769+00:00,2026-09-12T22:28:11.263349+00:00,2026-09-12T18:28:11.263349-04:00,2026-09-12T18:28:11.263349-04:00,propline_free_sample
2026-09-11,2026-09-12 02:15:00+00:00,Anthony Molina,7.5,over,375,hardrock,208885,San Francisco Giants,San Diego Padres,2026-09-11T18:42:10.717345+00:00,2026-09-12T22:28:11.263349+00:00,2026-09-12T18:28:11.263349-04:00,2026-09-12T18:28:11.263349-04:00,propline_free_sample
2026-09-11,2026-09-12 02:15:00+00:00,Anthony Molina,7.5,under,-750,hardrock,208885,San Francisco Giants,San Diego Padres,2026-09-11T13:26:49.892759+00:00,2026-09-12T22:28:11.263349+00:00,2026-09-12T18:28:11.263349-04:00,2026-09-12T18:28:11.263349-04:00,propline_free_sample
2026-09-11,2026-09-12 02:15:00+00:00,Anthony Molina,6.5,over,100,prizepicks,208885,San Francisco Giants,San Diego Padres,2026-09-11T00:35:17.903513+00:00,2026-09-12T22:28:11.263349+00:00,2026-09-12T18:28:11.263349-04:00,2026-09-12T18:28:11.263349-04:00,propline_free_sample
2026-09-11,2026-09-12 02:15:00+00:00,Anthony Molina,3.5,over,-133,sleeper,208885,San Francisco Giants,San Diego Padres,2026-09-12T01:26:39.748169+00:00,2026-09-12T22:28:11.263349+00:00,2026-09-12T18:28:11.263349-04:00,2026-09-12T18:28:11.263349-04:00,propline_free_sample
2026-09-11,2026-09-12 02:15:00+00:00,Anthony Molina,3.5,under,-123,sleeper,208885,San Francisco Giants,San Diego Padres,2026-09-12T01:26:39.748169+00:00,2026-09-12T22:28:11.263349+00:00,2026-09-12T18:28:11.263349-04:00,2026-09-12T18:28:11.263349-04:00,propline_free_sample
2026-09-11,2026-09-12 02:15:00+00:00,Anthony Molina,3.5,over,-121,prophetx,208885,San Francisco Giants,San Diego Padres,2026-09-12T02:12:05.722160+00:00,2026-09-12T22:28:11.263349+00:00,2026-09-12T18:28:11.263349-04:00,2026-09-12T18:28:11.263349-04:00,propline_free_sample
2026-09-11,2026-09-12 02:15:00+00:00,Anthony Molina,3.5,under,105,prophetx,208885,San Francisco Giants,San Diego Padres,2026-09-12T01:35:15.705529+00:00,2026-09-12T22:28:11.263349+00:00,2026-09-12T18:28:11.263349-04:00,2026-09-12T18:28:11.263349-04:00,propline_free_sample
2026-09-11,2026-09-12 02:15:00+00:00,Robbie Ray,4.5,over,109,prophetx,208885,San Francisco Giants,San Diego Padres,2026-09-12T02:12:05.722160+00:00,2026-09-12T22:28:11.263349+00:00,2026-09-12T18:28:11.263349-04:00,2026-09-12T18:28:11.263349-04:00,propline_free_sample
2026-09-11,2026-09-12 02:15:00+00:00,Robbie Ray,4.5,under,-117,prophetx,208885,San Francisco Giants,San Diego Padres,2026-09-11T23:21:31.099816+00:00,2026-09-12T22:28:11.263349+00:00,2026-09-12T18:28:11.263349-04:00,2026-09-12T18:28:11.263349-04:00,propline_free_sample
2026-09-11,2026-09-12 02:15:00+00:00,Robbie Ray,4.5,over,-111,sleeper,208885,San Francisco Giants,San Diego Padres,2026-09-12T02:03:29.891341+00:00,2026-09-12T22:28:11.263349+00:00,2026-09-12T18:28:11.263349-04:00,2026-09-12T18:28:11.263349-04:00,propline_free_sample
2026-09-11,2026-09-12 02:15:00+00:00,Robbie Ray,4.5,under,-147,sleeper,208885,San Francisco Giants,San Diego Padres,2026-09-12T02:03:29.891341+00:00,2026-09-12T22:28:11.263349+00:00,2026-09-12T18:28:11.263349-04:00,2026-09-12T18:28:11.263349-04:00,propline_free_sample
2026-09-11,2026-09-12 02:15:00+00:00,Anthony Molina,4.5,under,100,prizepicks,208885,San Francisco Giants,San Diego Padres,2026-09-11T00:47:07.523774+00:00,2026-09-12T22:28:11.263349+00:00,2026-09-12T18:28:11.263349-04:00,2026-09-12T18:28:11.263349-04:00,propline_free_sample
2026-09-11,2026-09-12 02:15:00+00:00,Anthony Molina,2.5,under,100,prizepicks,208885,San Francisco Giants,San Diego Padres,2026-09-11T00:47:07.523774+00:00,2026-09-12T22:28:11.263349+00:00,2026-09-12T18:28:11.263349-04:00,2026-09-12T18:28:11.263349-04:00,propline_free_sample
2026-09-11,2026-09-12 02:15:00+00:00,Anthony Molina,1.5,over,100,prizepicks,208885,San Francisco Giants,San Diego Padres,2026-09-11T00:47:07.523774+00:00,2026-09-12T22:28:11.263349+00:00,2026-09-12T18:28:11.263349-04:00,2026-09-12T18:28:11.263349-04:00,propline_free_sample
2026-09-11,2026-09-12 02:15:00+00:00,Anthony Molina,1.5,under,100,prizepicks,208885,San Francisco Giants,San Diego Padres,2026-09-11T00:47:07.523774+00:00,2026-09-12T22:28:11.263349+00:00,2026-09-12T18:28:11.263349-04:00,2026-09-12T18:28:11.263349-04:00,propline_free_sample
2026-09-11,2026-09-12 02:15:00+00:00,Anthony Molina,3.5,over,-111,novig,208885,San Francisco Giants,San Diego Padres,2026-09-12T02:10:05.632919+00:00,2026-09-12T22:28:11.263349+00:00,2026-09-12T18:28:11.263349-04:00,2026-09-12T18:28:11.263349-04:00,propline_free_sample
2026-09-11,2026-09-12 02:15:00+00:00,Anthony Molina,3.5,under,106,novig,208885,San Francisco Giants,San Diego Padres,2026-09-12T02:10:05.632919+00:00,2026-09-12T22:28:11.263349+00:00,2026-09-12T18:28:11.263349-04:00,2026-09-12T18:28:11.263349-04:00,propline_free_sample
2026-09-11,2026-09-12 02:15:00+00:00,Robbie Ray,4.5,over,117,novig,208885,San Francisco Giants,San Diego Padres,2026-09-12T01:40:06.614898+00:00,2026-09-12T22:28:11.263349+00:00,2026-09-12T18:28:11.263349-04:00,2026-09-12T18:28:11.263349-04:00,propline_free_sample
2026-09-11,2026-09-12 02:15:00+00:00,Robbie Ray,4.5,under,-122,novig,208885,San Francisco Giants,San Diego Padres,2026-09-12T02:10:05.632919+00:00,2026-09-12T22:28:11.263349+00:00,2026-09-12T18:28:11.263349-04:00,2026-09-12T18:28:11.263349-04:00,propline_free_sample
2026-09-11,2026-09-12 02:15:00+00:00,Robbie Ray,4.5,over,100,prizepicks,208885,San Francisco Giants,San Diego Padres,2026-09-11T02:10:58.797689+00:00,2026-09-12T22:28:11.263349+00:00,2026-09-12T18:28:11.263349-04:00,2026-09-12T18:28:11.263349-04:00,propline_free_sample
2026-09-11,2026-09-12 02:15:00+00:00,Robbie Ray,4.5,under,100,prizepicks,208885,San Francisco Giants,San Diego Padres,2026-09-11T02:10:58.797689+00:00,2026-09-12T22:28:11.263349+00:00,2026-09-12T18:28:11.263349-04:00,2026-09-12T18:28:11.263349-04:00,propline_free_sample
2026-09-11,2026-09-12 02:15:00+00:00,Anthony Molina,3.5,over,120,dabble,208885,San Francisco Giants,San Diego Padres,2026-09-11T05:20:55.437777+00:00,2026-09-12T22:28:11.263349+00:00,2026-09-12T18:28:11.263349-04:00,2026-09-12T18:28:11.263349-04:00,propline_free_sample
2026-09-11,2026-09-12 02:15:00+00:00,Robbie Ray,4.5,over,105,dabble,208885,San Francisco Giants,San Diego Padres,2026-09-12T00:41:03.742780+00:00,2026-09-12T22:28:11.263349+00:00,2026-09-12T18:28:11.263349-04:00,2026-09-12T18:28:11.263349-04:00,propline_free_sample
2026-09-11,2026-09-12 02:15:00+00:00,Anthony Molina,3.5,under,-120,dabble,208885,San Francisco Giants,San Diego Padres,2026-09-11T05:20:55.437777+00:00,2026-09-12T22:28:11.263349+00:00,2026-09-12T18:28:11.263349-04:00,2026-09-12T18:28:11.263349-04:00,propline_free_sample
2026-09-11,2026-09-12 02:15:00+00:00,Robbie Ray,4.5,under,-103,dabble,208885,San Francisco Giants,San Diego Padres,2026-09-12T01:28:18.327557+00:00,2026-09-12T22:28:11.263349+00:00,2026-09-12T18:28:11.263349-04:00,2026-09-12T18:28:11.263349-04:00,propline_free_sample
2026-09-11,2026-09-12 02:15:00+00:00,Anthony Molina,4.5,over,148,underdog,208885,San Francisco Giants,San Diego Padres,2026-09-11T20:54:49.077065+00:00,2026-09-12T22:28:11.263349+00:00,2026-09-12T18:28:11.263349-04:00,2026-09-12T18:28:11.263349-04:00,propline_free_sample
2026-09-11,2026-09-12 02:15:00+00:00,Robbie Ray,5.5,over,143,underdog,208885,San Francisco Giants,San Diego Padres,2026-09-11T15:26:47.941249+00:00,2026-09-12T22:28:11.263349+00:00,2026-09-12T18:28:11.263349-04:00,2026-09-12T18:28:11.263349-04:00,propline_free_sample
2026-09-11,2026-09-12 02:15:00+00:00,Anthony Molina,4.5,under,-223,underdog,208885,San Francisco Giants,San Diego Padres,2026-09-11T20:54:49.077065+00:00,2026-09-12T22:28:11.263349+00:00,2026-09-12T18:28:11.263349-04:00,2026-09-12T18:28:11.263349-04:00,propline_free_sample
2026-09-11,2026-09-12 02:15:00+00:00,Robbie Ray,5.5,under,-213,underdog,208885,San Francisco Giants,San Diego Padres,2026-09-11T15:26:47.941249+00:00,2026-09-12T22:28:11.263349+00:00,2026-09-12T18:28:11.263349-04:00,2026-09-12T18:28:11.263349-04:00,propline_free_sample
2026-09-11,2026-09-12 02:15:00+00:00,Robbie Ray,0.5,over,-50000,hardrock,208885,San Francisco Giants,San Diego Padres,2026-09-11T22:05:14.328930+00:00,2026-09-12T22:28:11.263349+00:00,2026-09-12T18:28:11.263349-04:00,2026-09-12T18:28:11.263349-04:00,propline_free_sample
2026-09-11,2026-09-12 02:15:00+00:00,Robbie Ray,0.5,under,4000,hardrock,208885,San Francisco Giants,San Diego Padres,2026-09-11T05:13:50.286807+00:00,2026-09-12T22:28:11.263349+00:00,2026-09-12T18:28:11.263349-04:00,2026-09-12T18:28:11.263349-04:00,propline_free_sample
2026-09-11,2026-09-12 02:15:00+00:00,Robbie Ray,10.5,over,4000,hardrock,208885,San Francisco Giants,San Diego Padres,2026-09-11T05:13:50.286807+00:00,2026-09-12T22:28:11.263349+00:00,2026-09-12T18:28:11.263349-04:00,2026-09-12T18:28:11.263349-04:00,propline_free_sample
2026-09-11,2026-09-12 02:15:00+00:00,Robbie Ray,10.5,under,-50000,hardrock,208885,San Francisco Giants,San Diego Padres,2026-09-11T05:13:50.286807+00:00,2026-09-12T22:28:11.263349+00:00,2026-09-12T18:28:11.263349-04:00,2026-09-12T18:28:11.263349-04:00,propline_free_sample
2026-09-11,2026-09-12 02:15:00+00:00,Anthony Molina,3.5,over,-132,smarkets,208885,San Francisco Giants,San Diego Padres,2026-09-12T00:58:53.433769+00:00,2026-09-12T22:28:11.263349+00:00,2026-09-12T18:28:11.263349-04:00,2026-09-12T18:28:11.263349-04:00,propline_free_sample
2026-09-11,2026-09-12 02:15:00+00:00,Anthony Molina,3.5,under,-106,smarkets,208885,San Francisco Giants,San Diego Padres,2026-09-12T01:44:34.104463+00:00,2026-09-12T22:28:11.263349+00:00,2026-09-12T18:28:11.263349-04:00,2026-09-12T18:28:11.263349-04:00,propline_free_sample
2026-09-11,2026-09-12 02:15:00+00:00,Robbie Ray,4.5,over,-114,smarkets,208885,San Francisco Giants,San Diego Padres,2026-09-12T00:58:53.433769+00:00,2026-09-12T22:28:11.263349+00:00,2026-09-12T18:28:11.263349-04:00,2026-09-12T18:28:11.263349-04:00,propline_free_sample
2026-09-11,2026-09-12 02:15:00+00:00,Robbie Ray,4.5,under,-122,smarkets,208885,San Francisco Giants,San Diego Padres,2026-09-12T01:44:34.104463+00:00,2026-09-12T22:28:11.263349+00:00,2026-09-12T18:28:11.263349-04:00,2026-09-12T18:28:11.263349-04:00,propline_free_sample
2026-09-11,2026-09-12 02:15:00+00:00,Anthony Molina,3.5,over,-133,pinnacle,208885,San Francisco Giants,San Diego Padres,2026-09-11T22:32:24.345419+00:00,2026-09-12T22:28:11.263349+00:00,2026-09-12T18:28:11.263349-04:00,2026-09-12T18:28:11.263349-04:00,propline_free_sample
2026-09-11,2026-09-12 02:15:00+00:00,Anthony Molina,3.5,under,100,pinnacle,208885,San Francisco Giants,San Diego Padres,2026-09-11T22:32:24.345419+00:00,2026-09-12T22:28:11.263349+00:00,2026-09-12T18:28:11.263349-04:00,2026-09-12T18:28:11.263349-04:00,propline_free_sample
2026-09-11,2026-09-12 02:15:00+00:00,Robbie Ray,4.5,over,-101,pinnacle,208885,San Francisco Giants,San Diego Padres,2026-09-11T15:29:47.901782+00:00,2026-09-12T22:28:11.263349+00:00,2026-09-12T18:28:11.263349-04:00,2026-09-12T18:28:11.263349-04:00,propline_free_sample
2026-09-11,2026-09-12 02:15:00+00:00,Robbie Ray,4.5,under,-131,pinnacle,208885,San Francisco Giants,San Diego Padres,2026-09-11T15:29:47.901782+00:00,2026-09-12T22:28:11.263349+00:00,2026-09-12T18:28:11.263349-04:00,2026-09-12T18:28:11.263349-04:00,propline_free_sample
2026-09-11,2026-09-12 02:15:00+00:00,Anthony Molina,3.5,over,-105,draftkings,208885,San Francisco Giants,San Diego Padres,2026-09-12T00:16:17.727099+00:00,2026-09-12T22:28:11.263349+00:00,2026-09-12T18:28:11.263349-04:00,2026-09-12T18:28:11.263349-04:00,propline_free_sample
2026-09-11,2026-09-12 02:15:00+00:00,Anthony Molina,3.5,under,-121,draftkings,208885,San Francisco Giants,San Diego Padres,2026-09-12T00:16:17.727099+00:00,2026-09-12T22:28:11.263349+00:00,2026-09-12T18:28:11.263349-04:00,2026-09-12T18:28:11.263349-04:00,propline_free_sample
2026-09-11,2026-09-12 02:15:00+00:00,Anthony Molina,3.5,over,-130,onexbet,208885,San Francisco Giants,San Diego Padres,2026-09-12T01:52:52.097136+00:00,2026-09-12T22:28:11.263349+00:00,2026-09-12T18:28:11.263349-04:00,2026-09-12T18:28:11.263349-04:00,propline_free_sample
2026-09-11,2026-09-12 02:15:00+00:00,Anthony Molina,3.5,under,-105,onexbet,208885,San Francisco Giants,San Diego Padres,2026-09-12T01:52:52.097136+00:00,2026-09-12T22:28:11.263349+00:00,2026-09-12T18:28:11.263349-04:00,2026-09-12T18:28:11.263349-04:00,propline_free_sample
2026-09-11,2026-09-12 02:15:00+00:00,Robbie Ray,4.5,over,-107,draftkings,208885,San Francisco Giants,San Diego Padres,2026-09-12T00:51:37.918859+00:00,2026-09-12T22:28:11.263349+00:00,2026-09-12T18:28:11.263349-04:00,2026-09-12T18:28:11.263349-04:00,propline_free_sample
2026-09-11,2026-09-12 02:15:00+00:00,Robbie Ray,4.5,under,-119,draftkings,208885,San Francisco Giants,San Diego Padres,2026-09-12T00:51:37.918859+00:00,2026-09-12T22:28:11.263349+00:00,2026-09-12T18:28:11.263349-04:00,2026-09-12T18:28:11.263349-04:00,propline_free_sample
2026-09-11,2026-09-12 02:15:00+00:00,Robbie Ray,4.5,over,-110,onexbet,208885,San Francisco Giants,San Diego Padres,2026-09-12T01:52:52.097136+00:00,2026-09-12T22:28:11.263349+00:00,2026-09-12T18:28:11.263349-04:00,2026-09-12T18:28:11.263349-04:00,propline_free_sample
2026-09-11,2026-09-12 02:15:00+00:00,Robbie Ray,4.5,under,-120,onexbet,208885,San Francisco Giants,San Diego Padres,2026-09-12T01:52:52.097136+00:00,2026-09-12T22:28:11.263349+00:00,2026-09-12T18:28:11.263349-04:00,2026-09-12T18:28:11.263349-04:00,propline_free_sample
2026-09-11,2026-09-12 02:15:00+00:00,Anthony Molina,5.5,under,100,prizepicks,208885,San Francisco Giants,San Diego Padres,2026-09-11T07:24:05.854157+00:00,2026-09-12T22:28:11.263349+00:00,2026-09-12T18:28:11.263349-04:00,2026-09-12T18:28:11.263349-04:00,propline_free_sample
2026-09-11,2026-09-12 02:15:00+00:00,Anthony Molina,1.5,over,-3233,kalshi,208885,San Francisco Giants,San Diego Padres,2026-09-12T02:10:06.357132+00:00,2026-09-12T22:28:11.263349+00:00,2026-09-12T18:28:11.263349-04:00,2026-09-12T18:28:11.263349-04:00,propline_free_sample
2026-09-11,2026-09-12 02:15:00+00:00,Anthony Molina,2.5,over,-733,kalshi,208885,San Francisco Giants,San Diego Padres,2026-09-12T01:49:45.108555+00:00,2026-09-12T22:28:11.263349+00:00,2026-09-12T18:28:11.263349-04:00,2026-09-12T18:28:11.263349-04:00,propline_free_sample
2026-09-11,2026-09-12 02:15:00+00:00,Robbie Ray,2.5,over,-3233,kalshi,208885,San Francisco Giants,San Diego Padres,2026-09-11T16:57:14.130300+00:00,2026-09-12T22:28:11.263349+00:00,2026-09-12T18:28:11.263349-04:00,2026-09-12T18:28:11.263349-04:00,propline_free_sample
2026-09-11,2026-09-12 02:15:00+00:00,Anthony Molina,3.5,over,-456,kalshi,208885,San Francisco Giants,San Diego Padres,2026-09-12T02:12:08.270655+00:00,2026-09-12T22:28:11.263349+00:00,2026-09-12T18:28:11.263349-04:00,2026-09-12T18:28:11.263349-04:00,propline_free_sample
2026-09-11,2026-09-12 02:15:00+00:00,Robbie Ray,3.5,over,-233,kalshi,208885,San Francisco Giants,San Diego Padres,2026-09-11T14:32:31.253280+00:00,2026-09-12T22:28:11.263349+00:00,2026-09-12T18:28:11.263349-04:00,2026-09-12T18:28:11.263349-04:00,propline_free_sample
2026-09-11,2026-09-12 02:15:00+00:00,Anthony Molina,4.5,over,9900,kalshi,208885,San Francisco Giants,San Diego Padres,2026-09-12T02:10:06.357132+00:00,2026-09-12T22:28:11.263349+00:00,2026-09-12T18:28:11.263349-04:00,2026-09-12T18:28:11.263349-04:00,propline_free_sample
2026-09-11,2026-09-12 02:15:00+00:00,Robbie Ray,4.5,over,-285,kalshi,208885,San Francisco Giants,San Diego Padres,2026-09-11T22:20:00.643671+00:00,2026-09-12T22:28:11.263349+00:00,2026-09-12T18:28:11.263349-04:00,2026-09-12T18:28:11.263349-04:00,propline_free_sample
2026-09-11,2026-09-12 02:15:00+00:00,Anthony Molina,5.5,over,9900,kalshi,208885,San Francisco Giants,San Diego Padres,2026-09-11T23:17:58.462538+00:00,2026-09-12T22:28:11.263349+00:00,2026-09-12T18:28:11.263349-04:00,2026-09-12T18:28:11.263349-04:00,propline_free_sample
2026-09-11,2026-09-12 02:15:00+00:00,Robbie Ray,5.5,over,9900,kalshi,208885,San Francisco Giants,San Diego Padres,2026-09-12T01:46:03.329398+00:00,2026-09-12T22:28:11.263349+00:00,2026-09-12T18:28:11.263349-04:00,2026-09-12T18:28:11.263349-04:00,propline_free_sample
2026-09-11,2026-09-12 02:15:00+00:00,Anthony Molina,6.5,over,9900,kalshi,208885,San Francisco Giants,San Diego Padres,2026-09-12T02:10:06.357132+00:00,2026-09-12T22:28:11.263349+00:00,2026-09-12T18:28:11.263349-04:00,2026-09-12T18:28:11.263349-04:00,propline_free_sample
2026-09-11,2026-09-12 02:15:00+00:00,Robbie Ray,6.5,over,9900,kalshi,208885,San Francisco Giants,San Diego Padres,2026-09-12T02:10:06.357132+00:00,2026-09-12T22:28:11.263349+00:00,2026-09-12T18:28:11.263349-04:00,2026-09-12T18:28:11.263349-04:00,propline_free_sample
2026-09-11,2026-09-12 02:15:00+00:00,Robbie Ray,7.5,over,9900,kalshi,208885,San Francisco Giants,San Diego Padres,2026-09-12T02:10:06.357132+00:00,2026-09-12T22:28:11.263349+00:00,2026-09-12T18:28:11.263349-04:00,2026-09-12T18:28:11.263349-04:00,propline_free_sample
2026-09-11,2026-09-12 02:15:00+00:00,Robbie Ray,8.5,over,9900,kalshi,208885,San Francisco Giants,San Diego Padres,2026-09-11T14:15:50.473999+00:00,2026-09-12T22:28:11.263349+00:00,2026-09-12T18:28:11.263349-04:00,2026-09-12T18:28:11.263349-04:00,propline_free_sample
2026-09-11,2026-09-12 02:15:00+00:00,Anthony Molina,2.5,under,9900,kalshi,208885,San Francisco Giants,San Diego Padres,2026-09-12T01:06:27.413818+00:00,2026-09-12T22:28:11.263349+00:00,2026-09-12T18:28:11.263349-04:00,2026-09-12T18:28:11.263349-04:00,propline_free_sample
2026-09-11,2026-09-12 02:15:00+00:00,Robbie Ray,2.5,under,9900,kalshi,208885,San Francisco Giants,San Diego Padres,2026-09-11T16:57:14.130300+00:00,2026-09-12T22:28:11.263349+00:00,2026-09-12T18:28:11.263349-04:00,2026-09-12T18:28:11.263349-04:00,propline_free_sample
2026-09-11,2026-09-12 02:15:00+00:00,Anthony Molina,1.5,under,9900,kalshi,208885,San Francisco Giants,San Diego Padres,2026-09-12T01:48:39.710428+00:00,2026-09-12T22:28:11.263349+00:00,2026-09-12T18:28:11.263349-04:00,2026-09-12T18:28:11.263349-04:00,propline_free_sample
