date,commence_time_utc,pitcher_name,line,side,price,sportsbook,event_id,home_team,away_team,vendor_snapshot_time,collected_at_utc,collected_at_et,snapshot_time_et,source
2026-10-01,2026-10-02 00:00:00+00:00,Aaron Nola,3.5,over,-120,dabble,306973,Atlanta Braves,Philadelphia Phillies,2026-10-01T14:35:10.184779+00:00,2026-10-02T23:10:41.573978+00:00,2026-10-02T19:10:41.573978-04:00,2026-10-02T19:10:41.573978-04:00,propline_free_sample
2026-10-01,2026-10-02 00:00:00+00:00,Aaron Nola,3.5,under,120,dabble,306973,Atlanta Braves,Philadelphia Phillies,2026-10-01T14:35:10.184779+00:00,2026-10-02T23:10:41.573978+00:00,2026-10-02T19:10:41.573978-04:00,2026-10-02T19:10:41.573978-04:00,propline_free_sample
2026-10-01,2026-10-02 00:00:00+00:00,Aaron Nola,1.5,over,-182,underdog,306973,Atlanta Braves,Philadelphia Phillies,2026-10-01T23:58:29.432409+00:00,2026-10-02T23:10:41.573978+00:00,2026-10-02T19:10:41.573978-04:00,2026-10-02T19:10:41.573978-04:00,propline_free_sample
2026-10-01,2026-10-02 00:00:00+00:00,Aaron Nola,1.5,under,122,underdog,306973,Atlanta Braves,Philadelphia Phillies,2026-10-01T23:58:29.432409+00:00,2026-10-02T23:10:41.573978+00:00,2026-10-02T19:10:41.573978-04:00,2026-10-02T19:10:41.573978-04:00,propline_free_sample
2026-10-01,2026-10-02 00:00:00+00:00,Aaron Nola,3.5,over,-104,smarkets,306973,Atlanta Braves,Philadelphia Phillies,2026-10-01T23:35:42.455061+00:00,2026-10-02T23:10:41.573978+00:00,2026-10-02T19:10:41.573978-04:00,2026-10-02T19:10:41.573978-04:00,propline_free_sample
2026-10-01,2026-10-02 00:00:00+00:00,Aaron Nola,3.5,under,-133,smarkets,306973,Atlanta Braves,Philadelphia Phillies,2026-10-01T23:51:41.587278+00:00,2026-10-02T23:10:41.573978+00:00,2026-10-02T19:10:41.573978-04:00,2026-10-02T19:10:41.573978-04:00,propline_free_sample
2026-10-01,2026-10-02 00:00:00+00:00,Aaron Nola,2.5,over,-147,parlayplay,306973,Atlanta Braves,Philadelphia Phillies,2026-10-01T23:57:46.189119+00:00,2026-10-02T23:10:41.573978+00:00,2026-10-02T19:10:41.573978-04:00,2026-10-02T19:10:41.573978-04:00,propline_free_sample
2026-10-01,2026-10-02 00:00:00+00:00,Aaron Nola,2.5,under,-130,parlayplay,306973,Atlanta Braves,Philadelphia Phillies,2026-10-01T23:57:46.189119+00:00,2026-10-02T23:10:41.573978+00:00,2026-10-02T19:10:41.573978-04:00,2026-10-02T19:10:41.573978-04:00,propline_free_sample
2026-10-01,2026-10-02 00:00:00+00:00,Aaron Nola,3.5,over,100,prizepicks,306973,Atlanta Braves,Philadelphia Phillies,2026-10-01T14:48:12.023240+00:00,2026-10-02T23:10:41.573978+00:00,2026-10-02T19:10:41.573978-04:00,2026-10-02T19:10:41.573978-04:00,propline_free_sample
2026-10-01,2026-10-02 00:00:00+00:00,Aaron Nola,3.5,under,100,prizepicks,306973,Atlanta Braves,Philadelphia Phillies,2026-10-01T14:48:12.023240+00:00,2026-10-02T23:10:41.573978+00:00,2026-10-02T19:10:41.573978-04:00,2026-10-02T19:10:41.573978-04:00,propline_free_sample
2026-10-01,2026-10-02 00:00:00+00:00,Aaron Nola,6.5,over,100,prizepicks,306973,Atlanta Braves,Philadelphia Phillies,2026-10-01T14:20:00.472904+00:00,2026-10-02T23:10:41.573978+00:00,2026-10-02T19:10:41.573978-04:00,2026-10-02T19:10:41.573978-04:00,propline_free_sample
2026-10-01,2026-10-02 00:00:00+00:00,Aaron Nola,3.5,over,100,fanduel,306973,Atlanta Braves,Philadelphia Phillies,2026-10-01T23:56:30.824291+00:00,2026-10-02T23:10:41.573978+00:00,2026-10-02T19:10:41.573978-04:00,2026-10-02T19:10:41.573978-04:00,propline_free_sample
2026-10-01,2026-10-02 00:00:00+00:00,Aaron Nola,3.5,under,-128,fanduel,306973,Atlanta Braves,Philadelphia Phillies,2026-10-01T23:56:30.824291+00:00,2026-10-02T23:10:41.573978+00:00,2026-10-02T19:10:41.573978-04:00,2026-10-02T19:10:41.573978-04:00,propline_free_sample
2026-10-01,2026-10-02 00:00:00+00:00,Aaron Nola,3.5,over,-122,prophetx,306973,Atlanta Braves,Philadelphia Phillies,2026-10-01T23:59:40.483637+00:00,2026-10-02T23:10:41.573978+00:00,2026-10-02T19:10:41.573978-04:00,2026-10-02T19:10:41.573978-04:00,propline_free_sample
2026-10-01,2026-10-02 00:00:00+00:00,Aaron Nola,3.5,over,110,fanatics,306973,Atlanta Braves,Philadelphia Phillies,2026-10-01T23:57:12.009999+00:00,2026-10-02T23:10:41.573978+00:00,2026-10-02T19:10:41.573978-04:00,2026-10-02T19:10:41.573978-04:00,propline_free_sample
2026-10-01,2026-10-02 00:00:00+00:00,Aaron Nola,3.5,under,-145,fanatics,306973,Atlanta Braves,Philadelphia Phillies,2026-10-01T23:57:12.009999+00:00,2026-10-02T23:10:41.573978+00:00,2026-10-02T19:10:41.573978-04:00,2026-10-02T19:10:41.573978-04:00,propline_free_sample
2026-10-01,2026-10-02 00:00:00+00:00,Aaron Nola,5.5,over,100,prizepicks,306973,Atlanta Braves,Philadelphia Phillies,2026-10-01T14:26:00.449475+00:00,2026-10-02T23:10:41.573978+00:00,2026-10-02T19:10:41.573978-04:00,2026-10-02T19:10:41.573978-04:00,propline_free_sample
2026-10-01,2026-10-02 00:00:00+00:00,Aaron Nola,7.5,over,100,prizepicks,306973,Atlanta Braves,Philadelphia Phillies,2026-10-01T14:26:00.449475+00:00,2026-10-02T23:10:41.573978+00:00,2026-10-02T19:10:41.573978-04:00,2026-10-02T19:10:41.573978-04:00,propline_free_sample
2026-10-01,2026-10-02 00:00:00+00:00,Aaron Nola,4.5,over,100,prizepicks,306973,Atlanta Braves,Philadelphia Phillies,2026-10-01T14:26:00.449475+00:00,2026-10-02T23:10:41.573978+00:00,2026-10-02T19:10:41.573978-04:00,2026-10-02T19:10:41.573978-04:00,propline_free_sample
2026-10-01,2026-10-02 00:00:00+00:00,Aaron Nola,4.5,under,100,prizepicks,306973,Atlanta Braves,Philadelphia Phillies,2026-10-01T14:26:00.449475+00:00,2026-10-02T23:10:41.573978+00:00,2026-10-02T19:10:41.573978-04:00,2026-10-02T19:10:41.573978-04:00,propline_free_sample
2026-10-01,2026-10-02 00:00:00+00:00,Aaron Nola,3.5,over,-104,rebet,306973,Atlanta Braves,Philadelphia Phillies,2026-10-01T23:59:40.635435+00:00,2026-10-02T23:10:41.573978+00:00,2026-10-02T19:10:41.573978-04:00,2026-10-02T19:10:41.573978-04:00,propline_free_sample
2026-10-01,2026-10-02 00:00:00+00:00,Aaron Nola,3.5,under,-133,rebet,306973,Atlanta Braves,Philadelphia Phillies,2026-10-01T23:59:40.635435+00:00,2026-10-02T23:10:41.573978+00:00,2026-10-02T19:10:41.573978-04:00,2026-10-02T19:10:41.573978-04:00,propline_free_sample
2026-10-01,2026-10-02 00:00:00+00:00,Aaron Nola,4.5,over,257,novig,306973,Atlanta Braves,Philadelphia Phillies,2026-10-01T23:59:36.210990+00:00,2026-10-02T23:10:41.573978+00:00,2026-10-02T19:10:41.573978-04:00,2026-10-02T19:10:41.573978-04:00,propline_free_sample
2026-10-01,2026-10-02 00:00:00+00:00,Aaron Nola,4.5,under,-99900,novig,306973,Atlanta Braves,Philadelphia Phillies,2026-10-01T23:41:34.441789+00:00,2026-10-02T23:10:41.573978+00:00,2026-10-02T19:10:41.573978-04:00,2026-10-02T19:10:41.573978-04:00,propline_free_sample
2026-10-01,2026-10-02 00:00:00+00:00,Aaron Nola,3.5,over,308,novig,306973,Atlanta Braves,Philadelphia Phillies,2026-10-01T23:58:33.098526+00:00,2026-10-02T23:10:41.573978+00:00,2026-10-02T19:10:41.573978-04:00,2026-10-02T19:10:41.573978-04:00,propline_free_sample
2026-10-01,2026-10-02 00:00:00+00:00,Aaron Nola,3.5,under,-99900,novig,306973,Atlanta Braves,Philadelphia Phillies,2026-10-01T23:58:33.098526+00:00,2026-10-02T23:10:41.573978+00:00,2026-10-02T19:10:41.573978-04:00,2026-10-02T19:10:41.573978-04:00,propline_free_sample
2026-10-01,2026-10-02 00:00:00+00:00,Aaron Nola,4.5,over,100,prizepicks,306973,Atlanta Braves,Philadelphia Phillies,2026-10-01T14:33:10.855391+00:00,2026-10-02T23:10:41.573978+00:00,2026-10-02T19:10:41.573978-04:00,2026-10-02T19:10:41.573978-04:00,propline_free_sample
2026-10-01,2026-10-02 00:00:00+00:00,Aaron Nola,4.5,under,100,prizepicks,306973,Atlanta Braves,Philadelphia Phillies,2026-10-01T14:33:10.855391+00:00,2026-10-02T23:10:41.573978+00:00,2026-10-02T19:10:41.573978-04:00,2026-10-02T19:10:41.573978-04:00,propline_free_sample
2026-10-01,2026-10-02 00:00:00+00:00,Aaron Nola,3.5,over,-111,sleeper,306973,Atlanta Braves,Philadelphia Phillies,2026-10-01T23:58:29.281846+00:00,2026-10-02T23:10:41.573978+00:00,2026-10-02T19:10:41.573978-04:00,2026-10-02T19:10:41.573978-04:00,propline_free_sample
2026-10-01,2026-10-02 00:00:00+00:00,Aaron Nola,3.5,under,-147,sleeper,306973,Atlanta Braves,Philadelphia Phillies,2026-10-01T23:58:29.281846+00:00,2026-10-02T23:10:41.573978+00:00,2026-10-02T19:10:41.573978-04:00,2026-10-02T19:10:41.573978-04:00,propline_free_sample
2026-10-01,2026-10-02 00:00:00+00:00,Aaron Nola (PHI),2.5,over,-115,bovada,306973,Atlanta Braves,Philadelphia Phillies,2026-10-01T23:59:27.209594+00:00,2026-10-02T23:10:41.573978+00:00,2026-10-02T19:10:41.573978-04:00,2026-10-02T19:10:41.573978-04:00,propline_free_sample
2026-10-01,2026-10-02 00:00:00+00:00,Aaron Nola (PHI),2.5,under,-115,bovada,306973,Atlanta Braves,Philadelphia Phillies,2026-10-01T23:59:27.209594+00:00,2026-10-02T23:10:41.573978+00:00,2026-10-02T19:10:41.573978-04:00,2026-10-02T19:10:41.573978-04:00,propline_free_sample
2026-10-01,2026-10-02 00:00:00+00:00,Aaron Nola,4.5,over,156,prophetx,306973,Atlanta Braves,Philadelphia Phillies,2026-10-01T23:56:38.772600+00:00,2026-10-02T23:10:41.573978+00:00,2026-10-02T19:10:41.573978-04:00,2026-10-02T19:10:41.573978-04:00,propline_free_sample
2026-10-01,2026-10-02 00:00:00+00:00,Aaron Nola,3.5,over,-110,fliff,306973,Atlanta Braves,Philadelphia Phillies,2026-10-01T23:59:47.739801+00:00,2026-10-02T23:10:41.573978+00:00,2026-10-02T19:10:41.573978-04:00,2026-10-02T19:10:41.573978-04:00,propline_free_sample
2026-10-01,2026-10-02 00:00:00+00:00,Aaron Nola,3.5,under,-150,fliff,306973,Atlanta Braves,Philadelphia Phillies,2026-10-01T23:59:47.739801+00:00,2026-10-02T23:10:41.573978+00:00,2026-10-02T19:10:41.573978-04:00,2026-10-02T19:10:41.573978-04:00,propline_free_sample
2026-10-01,2026-10-02 00:00:00+00:00,Aaron Nola,2.5,over,100,prizepicks,306973,Atlanta Braves,Philadelphia Phillies,2026-10-01T14:38:09.297214+00:00,2026-10-02T23:10:41.573978+00:00,2026-10-02T19:10:41.573978-04:00,2026-10-02T19:10:41.573978-04:00,propline_free_sample
2026-10-01,2026-10-02 00:00:00+00:00,Aaron Nola,3.5,over,107,draftkings,306973,Atlanta Braves,Philadelphia Phillies,2026-10-01T23:55:47.377641+00:00,2026-10-02T23:10:41.573978+00:00,2026-10-02T19:10:41.573978-04:00,2026-10-02T19:10:41.573978-04:00,propline_free_sample
2026-10-01,2026-10-02 00:00:00+00:00,Aaron Nola,3.5,under,-136,draftkings,306973,Atlanta Braves,Philadelphia Phillies,2026-10-01T23:55:47.377641+00:00,2026-10-02T23:10:41.573978+00:00,2026-10-02T19:10:41.573978-04:00,2026-10-02T19:10:41.573978-04:00,propline_free_sample
2026-10-01,2026-10-02 00:00:00+00:00,Aaron Nola,3.5,over,120,courtside,306973,Atlanta Braves,Philadelphia Phillies,2026-10-01T23:56:46.579318+00:00,2026-10-02T23:10:41.573978+00:00,2026-10-02T19:10:41.573978-04:00,2026-10-02T19:10:41.573978-04:00,propline_free_sample
2026-10-01,2026-10-02 00:00:00+00:00,Aaron Nola,3.5,under,-165,courtside,306973,Atlanta Braves,Philadelphia Phillies,2026-10-01T23:56:46.579318+00:00,2026-10-02T23:10:41.573978+00:00,2026-10-02T19:10:41.573978-04:00,2026-10-02T19:10:41.573978-04:00,propline_free_sample
2026-10-01,2026-10-02 00:00:00+00:00,Aaron Nola,0.5,over,-2200,hardrock,306973,Atlanta Braves,Philadelphia Phillies,2026-10-01T23:55:42.451368+00:00,2026-10-02T23:10:41.573978+00:00,2026-10-02T19:10:41.573978-04:00,2026-10-02T19:10:41.573978-04:00,propline_free_sample
2026-10-01,2026-10-02 00:00:00+00:00,Aaron Nola,0.5,under,600,hardrock,306973,Atlanta Braves,Philadelphia Phillies,2026-10-01T23:55:42.451368+00:00,2026-10-02T23:10:41.573978+00:00,2026-10-02T19:10:41.573978-04:00,2026-10-02T19:10:41.573978-04:00,propline_free_sample
2026-10-01,2026-10-02 00:00:00+00:00,Aaron Nola,1.5,over,-300,hardrock,306973,Atlanta Braves,Philadelphia Phillies,2026-10-01T23:56:42.339987+00:00,2026-10-02T23:10:41.573978+00:00,2026-10-02T19:10:41.573978-04:00,2026-10-02T19:10:41.573978-04:00,propline_free_sample
2026-10-01,2026-10-02 00:00:00+00:00,Aaron Nola,1.5,under,190,hardrock,306973,Atlanta Braves,Philadelphia Phillies,2026-10-01T23:55:42.451368+00:00,2026-10-02T23:10:41.573978+00:00,2026-10-02T19:10:41.573978-04:00,2026-10-02T19:10:41.573978-04:00,propline_free_sample
2026-10-01,2026-10-02 00:00:00+00:00,Aaron Nola,2.5,over,105,hardrock,306973,Atlanta Braves,Philadelphia Phillies,2026-10-01T23:56:42.339987+00:00,2026-10-02T23:10:41.573978+00:00,2026-10-02T19:10:41.573978-04:00,2026-10-02T19:10:41.573978-04:00,propline_free_sample
2026-10-01,2026-10-02 00:00:00+00:00,Aaron Nola,2.5,under,-150,hardrock,306973,Atlanta Braves,Philadelphia Phillies,2026-10-01T23:56:42.339987+00:00,2026-10-02T23:10:41.573978+00:00,2026-10-02T19:10:41.573978-04:00,2026-10-02T19:10:41.573978-04:00,propline_free_sample
2026-10-01,2026-10-02 00:00:00+00:00,Aaron Nola,3.5,over,260,hardrock,306973,Atlanta Braves,Philadelphia Phillies,2026-10-01T23:56:42.339987+00:00,2026-10-02T23:10:41.573978+00:00,2026-10-02T19:10:41.573978-04:00,2026-10-02T19:10:41.573978-04:00,propline_free_sample
2026-10-01,2026-10-02 00:00:00+00:00,Aaron Nola,3.5,under,-450,hardrock,306973,Atlanta Braves,Philadelphia Phillies,2026-10-01T23:56:42.339987+00:00,2026-10-02T23:10:41.573978+00:00,2026-10-02T19:10:41.573978-04:00,2026-10-02T19:10:41.573978-04:00,propline_free_sample
2026-10-01,2026-10-02 00:00:00+00:00,Aaron Nola,4.5,over,600,hardrock,306973,Atlanta Braves,Philadelphia Phillies,2026-10-01T23:56:42.339987+00:00,2026-10-02T23:10:41.573978+00:00,2026-10-02T19:10:41.573978-04:00,2026-10-02T19:10:41.573978-04:00,propline_free_sample
2026-10-01,2026-10-02 00:00:00+00:00,Aaron Nola,4.5,under,-2200,hardrock,306973,Atlanta Braves,Philadelphia Phillies,2026-10-01T23:56:42.339987+00:00,2026-10-02T23:10:41.573978+00:00,2026-10-02T19:10:41.573978-04:00,2026-10-02T19:10:41.573978-04:00,propline_free_sample
2026-10-01,2026-10-02 00:00:00+00:00,Aaron Nola,5.5,over,2000,hardrock,306973,Atlanta Braves,Philadelphia Phillies,2026-10-01T23:56:42.339987+00:00,2026-10-02T23:10:41.573978+00:00,2026-10-02T19:10:41.573978-04:00,2026-10-02T19:10:41.573978-04:00,propline_free_sample
2026-10-01,2026-10-02 00:00:00+00:00,Aaron Nola,5.5,under,-10000,hardrock,306973,Atlanta Braves,Philadelphia Phillies,2026-10-01T23:56:42.339987+00:00,2026-10-02T23:10:41.573978+00:00,2026-10-02T19:10:41.573978-04:00,2026-10-02T19:10:41.573978-04:00,propline_free_sample
2026-10-01,2026-10-02 00:00:00+00:00,Aaron Nola,6.5,over,4000,hardrock,306973,Atlanta Braves,Philadelphia Phillies,2026-10-01T23:56:42.339987+00:00,2026-10-02T23:10:41.573978+00:00,2026-10-02T19:10:41.573978-04:00,2026-10-02T19:10:41.573978-04:00,propline_free_sample
2026-10-01,2026-10-02 00:00:00+00:00,Aaron Nola,6.5,under,-50000,hardrock,306973,Atlanta Braves,Philadelphia Phillies,2026-10-01T23:55:42.451368+00:00,2026-10-02T23:10:41.573978+00:00,2026-10-02T19:10:41.573978-04:00,2026-10-02T19:10:41.573978-04:00,propline_free_sample
2026-10-01,2026-10-02 00:00:00+00:00,Aaron Nola,7.5,over,4000,hardrock,306973,Atlanta Braves,Philadelphia Phillies,2026-10-01T23:55:42.451368+00:00,2026-10-02T23:10:41.573978+00:00,2026-10-02T19:10:41.573978-04:00,2026-10-02T19:10:41.573978-04:00,propline_free_sample
2026-10-01,2026-10-02 00:00:00+00:00,Aaron Nola,7.5,under,-100000,hardrock,306973,Atlanta Braves,Philadelphia Phillies,2026-10-01T23:56:42.339987+00:00,2026-10-02T23:10:41.573978+00:00,2026-10-02T19:10:41.573978-04:00,2026-10-02T19:10:41.573978-04:00,propline_free_sample
2026-10-01,2026-10-02 00:00:00+00:00,Aaron Nola,8.5,over,5000,hardrock,306973,Atlanta Braves,Philadelphia Phillies,2026-10-01T23:55:42.451368+00:00,2026-10-02T23:10:41.573978+00:00,2026-10-02T19:10:41.573978-04:00,2026-10-02T19:10:41.573978-04:00,propline_free_sample
2026-10-01,2026-10-02 00:00:00+00:00,Aaron Nola,8.5,under,-100000,hardrock,306973,Atlanta Braves,Philadelphia Phillies,2026-10-01T23:55:42.451368+00:00,2026-10-02T23:10:41.573978+00:00,2026-10-02T19:10:41.573978-04:00,2026-10-02T19:10:41.573978-04:00,propline_free_sample
2026-10-01,2026-10-02 00:00:00+00:00,Aaron Nola,5.5,under,100,prizepicks,306973,Atlanta Braves,Philadelphia Phillies,2026-10-01T14:44:09.854146+00:00,2026-10-02T23:10:41.573978+00:00,2026-10-02T19:10:41.573978-04:00,2026-10-02T19:10:41.573978-04:00,propline_free_sample
2026-10-01,2026-10-02 00:00:00+00:00,Aaron Nola,2.5,under,100,prizepicks,306973,Atlanta Braves,Philadelphia Phillies,2026-10-01T14:44:09.854146+00:00,2026-10-02T23:10:41.573978+00:00,2026-10-02T19:10:41.573978-04:00,2026-10-02T19:10:41.573978-04:00,propline_free_sample
2026-10-01,2026-10-02 00:00:00+00:00,Aaron Nola,3.5,under,-300,prophetx,306973,Atlanta Braves,Philadelphia Phillies,2026-10-01T23:59:40.483637+00:00,2026-10-02T23:10:41.573978+00:00,2026-10-02T19:10:41.573978-04:00,2026-10-02T19:10:41.573978-04:00,propline_free_sample
2026-10-01,2026-10-02 00:00:00+00:00,Aaron Nola,3.5,over,-115,onexbet,306973,Atlanta Braves,Philadelphia Phillies,2026-10-01T23:40:37.213965+00:00,2026-10-02T23:10:41.573978+00:00,2026-10-02T19:10:41.573978-04:00,2026-10-02T19:10:41.573978-04:00,propline_free_sample
2026-10-01,2026-10-02 00:00:00+00:00,Aaron Nola,3.5,under,-112,onexbet,306973,Atlanta Braves,Philadelphia Phillies,2026-10-01T23:40:37.213965+00:00,2026-10-02T23:10:41.573978+00:00,2026-10-02T19:10:41.573978-04:00,2026-10-02T19:10:41.573978-04:00,propline_free_sample
2026-10-01,2026-10-02 00:00:00+00:00,Aaron Nola,1.5,over,9900,kalshi,306973,Atlanta Braves,Philadelphia Phillies,2026-10-01T23:59:32.406355+00:00,2026-10-02T23:10:41.573978+00:00,2026-10-02T19:10:41.573978-04:00,2026-10-02T19:10:41.573978-04:00,propline_free_sample
2026-10-01,2026-10-02 00:00:00+00:00,Aaron Nola,2.5,over,9900,kalshi,306973,Atlanta Braves,Philadelphia Phillies,2026-10-01T23:57:47.786594+00:00,2026-10-02T23:10:41.573978+00:00,2026-10-02T19:10:41.573978-04:00,2026-10-02T19:10:41.573978-04:00,propline_free_sample
2026-10-01,2026-10-02 00:00:00+00:00,Aaron Nola,3.5,over,9900,kalshi,306973,Atlanta Braves,Philadelphia Phillies,2026-10-01T23:57:53.023966+00:00,2026-10-02T23:10:41.573978+00:00,2026-10-02T19:10:41.573978-04:00,2026-10-02T19:10:41.573978-04:00,propline_free_sample
2026-10-01,2026-10-02 00:00:00+00:00,Aaron Nola,4.5,over,9900,kalshi,306973,Atlanta Braves,Philadelphia Phillies,2026-10-01T23:57:51.580697+00:00,2026-10-02T23:10:41.573978+00:00,2026-10-02T19:10:41.573978-04:00,2026-10-02T19:10:41.573978-04:00,propline_free_sample
2026-10-01,2026-10-02 00:00:00+00:00,Aaron Nola,5.5,over,9900,kalshi,306973,Atlanta Braves,Philadelphia Phillies,2026-10-01T23:57:51.580697+00:00,2026-10-02T23:10:41.573978+00:00,2026-10-02T19:10:41.573978-04:00,2026-10-02T19:10:41.573978-04:00,propline_free_sample
2026-10-01,2026-10-02 00:00:00+00:00,Aaron Nola,5.5,under,-9900,kalshi,306973,Atlanta Braves,Philadelphia Phillies,2026-10-01T23:56:33.301438+00:00,2026-10-02T23:10:41.573978+00:00,2026-10-02T19:10:41.573978-04:00,2026-10-02T19:10:41.573978-04:00,propline_free_sample
2026-10-01,2026-10-02 00:00:00+00:00,Aaron Nola,6.5,over,9900,kalshi,306973,Atlanta Braves,Philadelphia Phillies,2026-10-01T23:57:40.767183+00:00,2026-10-02T23:10:41.573978+00:00,2026-10-02T19:10:41.573978-04:00,2026-10-02T19:10:41.573978-04:00,propline_free_sample
2026-10-01,2026-10-02 00:00:00+00:00,Aaron Nola,7.5,over,9900,kalshi,306973,Atlanta Braves,Philadelphia Phillies,2026-10-01T23:59:35.507920+00:00,2026-10-02T23:10:41.573978+00:00,2026-10-02T19:10:41.573978-04:00,2026-10-02T19:10:41.573978-04:00,propline_free_sample
2026-10-01,2026-10-02 00:00:00+00:00,Aaron Nola,7.5,under,-9900,kalshi,306973,Atlanta Braves,Philadelphia Phillies,2026-10-01T23:59:35.507920+00:00,2026-10-02T23:10:41.573978+00:00,2026-10-02T19:10:41.573978-04:00,2026-10-02T19:10:41.573978-04:00,propline_free_sample
2026-10-01,2026-10-02 00:00:00+00:00,Aaron Nola,2.5,under,-355,kalshi,306973,Atlanta Braves,Philadelphia Phillies,2026-10-01T23:59:32.406355+00:00,2026-10-02T23:10:41.573978+00:00,2026-10-02T19:10:41.573978-04:00,2026-10-02T19:10:41.573978-04:00,propline_free_sample
2026-10-01,2026-10-02 00:00:00+00:00,Aaron Nola,3.5,under,-1150,kalshi,306973,Atlanta Braves,Philadelphia Phillies,2026-10-01T23:58:15.085783+00:00,2026-10-02T23:10:41.573978+00:00,2026-10-02T19:10:41.573978-04:00,2026-10-02T19:10:41.573978-04:00,propline_free_sample
2026-10-01,2026-10-02 00:00:00+00:00,Aaron Nola,4.5,under,-9900,kalshi,306973,Atlanta Braves,Philadelphia Phillies,2026-10-01T23:57:47.786594+00:00,2026-10-02T23:10:41.573978+00:00,2026-10-02T19:10:41.573978-04:00,2026-10-02T19:10:41.573978-04:00,propline_free_sample
2026-10-01,2026-10-02 00:00:00+00:00,Aaron Nola,3.5,over,-105,betmgm,306973,Atlanta Braves,Philadelphia Phillies,2026-10-01T23:59:39.038686+00:00,2026-10-02T23:10:41.573978+00:00,2026-10-02T19:10:41.573978-04:00,2026-10-02T19:10:41.573978-04:00,propline_free_sample
2026-10-01,2026-10-02 00:00:00+00:00,Aaron Nola,3.5,under,-130,betmgm,306973,Atlanta Braves,Philadelphia Phillies,2026-10-01T23:59:39.038686+00:00,2026-10-02T23:10:41.573978+00:00,2026-10-02T19:10:41.573978-04:00,2026-10-02T19:10:41.573978-04:00,propline_free_sample
2026-10-01,2026-10-02 00:00:00+00:00,Aaron Nola,1.5,under,-809,kalshi,306973,Atlanta Braves,Philadelphia Phillies,2026-10-01T23:56:33.301438+00:00,2026-10-02T23:10:41.573978+00:00,2026-10-02T19:10:41.573978-04:00,2026-10-02T19:10:41.573978-04:00,propline_free_sample
2026-10-01,2026-10-02 00:00:00+00:00,Aaron Nola,6.5,under,-3233,kalshi,306973,Atlanta Braves,Philadelphia Phillies,2026-10-01T23:56:33.301438+00:00,2026-10-02T23:10:41.573978+00:00,2026-10-02T19:10:41.573978-04:00,2026-10-02T19:10:41.573978-04:00,propline_free_sample
2026-10-01,2026-10-02 00:00:00+00:00,Aaron Nola,4.5,under,-345,prophetx,306973,Atlanta Braves,Philadelphia Phillies,2026-10-01T23:54:41.568567+00:00,2026-10-02T23:10:41.573978+00:00,2026-10-02T19:10:41.573978-04:00,2026-10-02T19:10:41.573978-04:00,propline_free_sample
2026-10-01,2026-10-02 00:00:00+00:00,Ray Kerr,1.5,over,152,dabble,306973,Atlanta Braves,Philadelphia Phillies,2026-10-01T23:50:28.047338+00:00,2026-10-02T23:10:41.573978+00:00,2026-10-02T19:10:41.573978-04:00,2026-10-02T19:10:41.573978-04:00,propline_free_sample
2026-10-01,2026-10-02 00:00:00+00:00,Ray Kerr,1.5,under,-149,dabble,306973,Atlanta Braves,Philadelphia Phillies,2026-10-01T23:25:27.762946+00:00,2026-10-02T23:10:41.573978+00:00,2026-10-02T19:10:41.573978-04:00,2026-10-02T19:10:41.573978-04:00,propline_free_sample
2026-10-01,2026-10-02 00:00:00+00:00,Ray Kerr,1.5,over,126,smarkets,306973,Atlanta Braves,Philadelphia Phillies,2026-10-01T23:18:36.424719+00:00,2026-10-02T23:10:41.573978+00:00,2026-10-02T19:10:41.573978-04:00,2026-10-02T19:10:41.573978-04:00,propline_free_sample
2026-10-01,2026-10-02 00:00:00+00:00,Ray Kerr,1.5,under,-179,smarkets,306973,Atlanta Braves,Philadelphia Phillies,2026-10-01T23:19:39.037682+00:00,2026-10-02T23:10:41.573978+00:00,2026-10-02T19:10:41.573978-04:00,2026-10-02T19:10:41.573978-04:00,propline_free_sample
2026-10-01,2026-10-02 00:00:00+00:00,Ray Kerr,2.5,over,-170,underdog,306973,Atlanta Braves,Philadelphia Phillies,2026-10-01T21:35:48.486547+00:00,2026-10-02T23:10:41.573978+00:00,2026-10-02T19:10:41.573978-04:00,2026-10-02T19:10:41.573978-04:00,propline_free_sample
2026-10-01,2026-10-02 00:00:00+00:00,Ray Kerr,2.5,under,113,underdog,306973,Atlanta Braves,Philadelphia Phillies,2026-10-01T21:35:48.486547+00:00,2026-10-02T23:10:41.573978+00:00,2026-10-02T19:10:41.573978-04:00,2026-10-02T19:10:41.573978-04:00,propline_free_sample
2026-10-01,2026-10-02 00:00:00+00:00,Raymond Kerr,1.5,over,-128,parlayplay,306973,Atlanta Braves,Philadelphia Phillies,2026-10-01T16:01:39.855804+00:00,2026-10-02T23:10:41.573978+00:00,2026-10-02T19:10:41.573978-04:00,2026-10-02T19:10:41.573978-04:00,propline_free_sample
2026-10-01,2026-10-02 00:00:00+00:00,Raymond Kerr,1.5,under,-128,parlayplay,306973,Atlanta Braves,Philadelphia Phillies,2026-10-01T16:01:39.855804+00:00,2026-10-02T23:10:41.573978+00:00,2026-10-02T19:10:41.573978-04:00,2026-10-02T19:10:41.573978-04:00,propline_free_sample
2026-10-01,2026-10-02 00:00:00+00:00,Ray Kerr,1.5,over,100,prizepicks,306973,Atlanta Braves,Philadelphia Phillies,2026-10-01T16:03:17.596271+00:00,2026-10-02T23:10:41.573978+00:00,2026-10-02T19:10:41.573978-04:00,2026-10-02T19:10:41.573978-04:00,propline_free_sample
2026-10-01,2026-10-02 00:00:00+00:00,Ray Kerr,1.5,under,100,prizepicks,306973,Atlanta Braves,Philadelphia Phillies,2026-10-01T16:03:17.596271+00:00,2026-10-02T23:10:41.573978+00:00,2026-10-02T19:10:41.573978-04:00,2026-10-02T19:10:41.573978-04:00,propline_free_sample
2026-10-01,2026-10-02 00:00:00+00:00,Grant Holmes,2.5,over,-145,dabble,306973,Atlanta Braves,Philadelphia Phillies,2026-10-01T23:30:28.488625+00:00,2026-10-02T23:10:41.573978+00:00,2026-10-02T19:10:41.573978-04:00,2026-10-02T19:10:41.573978-04:00,propline_free_sample
2026-10-01,2026-10-02 00:00:00+00:00,Grant Holmes,2.5,under,147,dabble,306973,Atlanta Braves,Philadelphia Phillies,2026-10-01T23:30:28.488625+00:00,2026-10-02T23:10:41.573978+00:00,2026-10-02T19:10:41.573978-04:00,2026-10-02T19:10:41.573978-04:00,propline_free_sample
2026-10-01,2026-10-02 00:00:00+00:00,Grant Holmes,2.5,over,-167,underdog,306973,Atlanta Braves,Philadelphia Phillies,2026-10-01T17:23:16.280073+00:00,2026-10-02T23:10:41.573978+00:00,2026-10-02T19:10:41.573978-04:00,2026-10-02T19:10:41.573978-04:00,propline_free_sample
2026-10-01,2026-10-02 00:00:00+00:00,Grant Holmes,2.5,under,123,underdog,306973,Atlanta Braves,Philadelphia Phillies,2026-10-01T17:19:15.770609+00:00,2026-10-02T23:10:41.573978+00:00,2026-10-02T19:10:41.573978-04:00,2026-10-02T19:10:41.573978-04:00,propline_free_sample
2026-10-01,2026-10-02 00:00:00+00:00,Grant Holmes,2.5,over,-172,smarkets,306973,Atlanta Braves,Philadelphia Phillies,2026-10-01T23:23:39.703218+00:00,2026-10-02T23:10:41.573978+00:00,2026-10-02T19:10:41.573978-04:00,2026-10-02T19:10:41.573978-04:00,propline_free_sample
2026-10-01,2026-10-02 00:00:00+00:00,Grant Holmes,2.5,under,122,smarkets,306973,Atlanta Braves,Philadelphia Phillies,2026-10-01T23:23:39.703218+00:00,2026-10-02T23:10:41.573978+00:00,2026-10-02T19:10:41.573978-04:00,2026-10-02T19:10:41.573978-04:00,propline_free_sample
2026-10-01,2026-10-02 00:00:00+00:00,Grant Holmes,2.5,over,100,prizepicks,306973,Atlanta Braves,Philadelphia Phillies,2026-10-01T16:15:21.082242+00:00,2026-10-02T23:10:41.573978+00:00,2026-10-02T19:10:41.573978-04:00,2026-10-02T19:10:41.573978-04:00,propline_free_sample
2026-10-01,2026-10-02 00:00:00+00:00,Grant Holmes,2.5,under,100,prizepicks,306973,Atlanta Braves,Philadelphia Phillies,2026-10-01T16:15:21.082242+00:00,2026-10-02T23:10:41.573978+00:00,2026-10-02T19:10:41.573978-04:00,2026-10-02T19:10:41.573978-04:00,propline_free_sample
2026-10-01,2026-10-02 00:00:00+00:00,Ray Kerr,1.5,over,100,prizepicks,306973,Atlanta Braves,Philadelphia Phillies,2026-10-01T16:15:21.082242+00:00,2026-10-02T23:10:41.573978+00:00,2026-10-02T19:10:41.573978-04:00,2026-10-02T19:10:41.573978-04:00,propline_free_sample
2026-10-01,2026-10-02 00:00:00+00:00,Ray Kerr,1.5,under,100,prizepicks,306973,Atlanta Braves,Philadelphia Phillies,2026-10-01T16:15:21.082242+00:00,2026-10-02T23:10:41.573978+00:00,2026-10-02T19:10:41.573978-04:00,2026-10-02T19:10:41.573978-04:00,propline_free_sample
2026-10-01,2026-10-02 00:00:00+00:00,Grant Holmes,6.5,over,100,prizepicks,306973,Atlanta Braves,Philadelphia Phillies,2026-10-01T16:17:19.345509+00:00,2026-10-02T23:10:41.573978+00:00,2026-10-02T19:10:41.573978-04:00,2026-10-02T19:10:41.573978-04:00,propline_free_sample
2026-10-01,2026-10-02 00:00:00+00:00,Grant Holmes,2.5,over,100,prizepicks,306973,Atlanta Braves,Philadelphia Phillies,2026-10-01T16:17:19.345509+00:00,2026-10-02T23:10:41.573978+00:00,2026-10-02T19:10:41.573978-04:00,2026-10-02T19:10:41.573978-04:00,propline_free_sample
2026-10-01,2026-10-02 00:00:00+00:00,Grant Holmes,2.5,under,100,prizepicks,306973,Atlanta Braves,Philadelphia Phillies,2026-10-01T16:17:19.345509+00:00,2026-10-02T23:10:41.573978+00:00,2026-10-02T19:10:41.573978-04:00,2026-10-02T19:10:41.573978-04:00,propline_free_sample
2026-10-01,2026-10-02 00:00:00+00:00,Grant Holmes,3.5,over,100,prizepicks,306973,Atlanta Braves,Philadelphia Phillies,2026-10-01T16:17:19.345509+00:00,2026-10-02T23:10:41.573978+00:00,2026-10-02T19:10:41.573978-04:00,2026-10-02T19:10:41.573978-04:00,propline_free_sample
2026-10-01,2026-10-02 00:00:00+00:00,Ray Kerr,3.5,over,100,prizepicks,306973,Atlanta Braves,Philadelphia Phillies,2026-10-01T16:17:19.345509+00:00,2026-10-02T23:10:41.573978+00:00,2026-10-02T19:10:41.573978-04:00,2026-10-02T19:10:41.573978-04:00,propline_free_sample
2026-10-01,2026-10-02 00:00:00+00:00,Aaron Nola,3.5,over,106,pinnacle,306973,Atlanta Braves,Philadelphia Phillies,2026-10-01T23:54:28.127498+00:00,2026-10-02T23:10:41.573978+00:00,2026-10-02T19:10:41.573978-04:00,2026-10-02T19:10:41.573978-04:00,propline_free_sample
2026-10-01,2026-10-02 00:00:00+00:00,Aaron Nola,3.5,under,-128,pinnacle,306973,Atlanta Braves,Philadelphia Phillies,2026-10-01T23:54:28.127498+00:00,2026-10-02T23:10:41.573978+00:00,2026-10-02T19:10:41.573978-04:00,2026-10-02T19:10:41.573978-04:00,propline_free_sample
2026-10-01,2026-10-02 00:00:00+00:00,Ray Kerr,6.5,over,100,prizepicks,306973,Atlanta Braves,Philadelphia Phillies,2026-10-01T16:41:17.956052+00:00,2026-10-02T23:10:41.573978+00:00,2026-10-02T19:10:41.573978-04:00,2026-10-02T19:10:41.573978-04:00,propline_free_sample
2026-10-01,2026-10-02 00:00:00+00:00,Ray Kerr,4.5,over,100,prizepicks,306973,Atlanta Braves,Philadelphia Phillies,2026-10-01T16:41:17.956052+00:00,2026-10-02T23:10:41.573978+00:00,2026-10-02T19:10:41.573978-04:00,2026-10-02T19:10:41.573978-04:00,propline_free_sample
2026-10-01,2026-10-02 00:00:00+00:00,Ray Kerr,2.5,over,100,prizepicks,306973,Atlanta Braves,Philadelphia Phillies,2026-10-01T16:41:17.956052+00:00,2026-10-02T23:10:41.573978+00:00,2026-10-02T19:10:41.573978-04:00,2026-10-02T19:10:41.573978-04:00,propline_free_sample
2026-10-01,2026-10-02 00:00:00+00:00,Ray Kerr,0.5,over,100,prizepicks,306973,Atlanta Braves,Philadelphia Phillies,2026-10-01T16:41:17.956052+00:00,2026-10-02T23:10:41.573978+00:00,2026-10-02T19:10:41.573978-04:00,2026-10-02T19:10:41.573978-04:00,propline_free_sample
2026-10-01,2026-10-02 00:00:00+00:00,Aaron Nola,10.5,over,9900,polymarket_us,306973,Atlanta Braves,Philadelphia Phillies,2026-10-01T23:36:41.220928+00:00,2026-10-02T23:10:41.573978+00:00,2026-10-02T19:10:41.573978-04:00,2026-10-02T19:10:41.573978-04:00,propline_free_sample
2026-10-01,2026-10-02 00:00:00+00:00,Aaron Nola,11.5,over,9900,polymarket_us,306973,Atlanta Braves,Philadelphia Phillies,2026-10-01T23:36:41.220928+00:00,2026-10-02T23:10:41.573978+00:00,2026-10-02T19:10:41.573978-04:00,2026-10-02T19:10:41.573978-04:00,propline_free_sample
2026-10-01,2026-10-02 00:00:00+00:00,Aaron Nola,3.5,over,9900,polymarket_us,306973,Atlanta Braves,Philadelphia Phillies,2026-10-01T23:58:37.922931+00:00,2026-10-02T23:10:41.573978+00:00,2026-10-02T19:10:41.573978-04:00,2026-10-02T19:10:41.573978-04:00,propline_free_sample
2026-10-01,2026-10-02 00:00:00+00:00,Aaron Nola,3.5,under,-1011,polymarket_us,306973,Atlanta Braves,Philadelphia Phillies,2026-10-01T23:58:37.922931+00:00,2026-10-02T23:10:41.573978+00:00,2026-10-02T19:10:41.573978-04:00,2026-10-02T19:10:41.573978-04:00,propline_free_sample
2026-10-01,2026-10-02 00:00:00+00:00,Aaron Nola,4.5,over,9900,polymarket_us,306973,Atlanta Braves,Philadelphia Phillies,2026-10-01T21:24:58.508039+00:00,2026-10-02T23:10:41.573978+00:00,2026-10-02T19:10:41.573978-04:00,2026-10-02T19:10:41.573978-04:00,propline_free_sample
2026-10-01,2026-10-02 00:00:00+00:00,Aaron Nola,4.5,under,-1150,polymarket_us,306973,Atlanta Braves,Philadelphia Phillies,2026-10-01T21:24:58.508039+00:00,2026-10-02T23:10:41.573978+00:00,2026-10-02T19:10:41.573978-04:00,2026-10-02T19:10:41.573978-04:00,propline_free_sample
2026-10-01,2026-10-02 00:00:00+00:00,Aaron Nola,5.5,over,9900,polymarket_us,306973,Atlanta Braves,Philadelphia Phillies,2026-10-01T23:55:39.539726+00:00,2026-10-02T23:10:41.573978+00:00,2026-10-02T19:10:41.573978-04:00,2026-10-02T19:10:41.573978-04:00,propline_free_sample
2026-10-01,2026-10-02 00:00:00+00:00,Aaron Nola,5.5,under,-1567,polymarket_us,306973,Atlanta Braves,Philadelphia Phillies,2026-10-01T23:57:41.675021+00:00,2026-10-02T23:10:41.573978+00:00,2026-10-02T19:10:41.573978-04:00,2026-10-02T19:10:41.573978-04:00,propline_free_sample
2026-10-01,2026-10-02 00:00:00+00:00,Aaron Nola,6.5,over,9900,polymarket_us,306973,Atlanta Braves,Philadelphia Phillies,2026-10-01T23:58:37.922931+00:00,2026-10-02T23:10:41.573978+00:00,2026-10-02T19:10:41.573978-04:00,2026-10-02T19:10:41.573978-04:00,propline_free_sample
2026-10-01,2026-10-02 00:00:00+00:00,Aaron Nola,6.5,under,-1900,polymarket_us,306973,Atlanta Braves,Philadelphia Phillies,2026-10-01T23:59:41.249449+00:00,2026-10-02T23:10:41.573978+00:00,2026-10-02T19:10:41.573978-04:00,2026-10-02T19:10:41.573978-04:00,propline_free_sample
2026-10-01,2026-10-02 00:00:00+00:00,Aaron Nola,7.5,over,9900,polymarket_us,306973,Atlanta Braves,Philadelphia Phillies,2026-10-01T23:24:37.056968+00:00,2026-10-02T23:10:41.573978+00:00,2026-10-02T19:10:41.573978-04:00,2026-10-02T19:10:41.573978-04:00,propline_free_sample
2026-10-01,2026-10-02 00:00:00+00:00,Aaron Nola,7.5,under,-2400,polymarket_us,306973,Atlanta Braves,Philadelphia Phillies,2026-10-01T23:56:38.738742+00:00,2026-10-02T23:10:41.573978+00:00,2026-10-02T19:10:41.573978-04:00,2026-10-02T19:10:41.573978-04:00,propline_free_sample
2026-10-01,2026-10-02 00:00:00+00:00,Aaron Nola,8.5,over,9900,polymarket_us,306973,Atlanta Braves,Philadelphia Phillies,2026-10-01T21:13:25.558020+00:00,2026-10-02T23:10:41.573978+00:00,2026-10-02T19:10:41.573978-04:00,2026-10-02T19:10:41.573978-04:00,propline_free_sample
2026-10-01,2026-10-02 00:00:00+00:00,Aaron Nola,9.5,over,9900,polymarket_us,306973,Atlanta Braves,Philadelphia Phillies,2026-10-01T21:55:07.134343+00:00,2026-10-02T23:10:41.573978+00:00,2026-10-02T19:10:41.573978-04:00,2026-10-02T19:10:41.573978-04:00,propline_free_sample
2026-10-01,2026-10-02 00:00:00+00:00,Raymond Kerr,0.5,over,-250,rebet,306973,Atlanta Braves,Philadelphia Phillies,2026-10-01T23:50:36.926283+00:00,2026-10-02T23:10:41.573978+00:00,2026-10-02T19:10:41.573978-04:00,2026-10-02T19:10:41.573978-04:00,propline_free_sample
2026-10-01,2026-10-02 00:00:00+00:00,Raymond Kerr,0.5,under,174,rebet,306973,Atlanta Braves,Philadelphia Phillies,2026-10-01T23:50:36.926283+00:00,2026-10-02T23:10:41.573978+00:00,2026-10-02T19:10:41.573978-04:00,2026-10-02T19:10:41.573978-04:00,propline_free_sample
2026-10-01,2026-10-02 00:00:00+00:00,Grant Holmes,3.5,over,122,smarkets,306973,Atlanta Braves,Philadelphia Phillies,2026-10-01T23:25:37.358412+00:00,2026-10-02T23:10:41.573978+00:00,2026-10-02T19:10:41.573978-04:00,2026-10-02T19:10:41.573978-04:00,propline_free_sample
2026-10-01,2026-10-02 00:00:00+00:00,Grant Holmes,3.5,under,-172,smarkets,306973,Atlanta Braves,Philadelphia Phillies,2026-10-01T23:25:37.358412+00:00,2026-10-02T23:10:41.573978+00:00,2026-10-02T19:10:41.573978-04:00,2026-10-02T19:10:41.573978-04:00,propline_free_sample
2026-10-01,2026-10-02 00:00:00+00:00,Ray Kerr,0.5,over,-256,smarkets,306973,Atlanta Braves,Philadelphia Phillies,2026-10-01T17:09:23.514902+00:00,2026-10-02T23:10:41.573978+00:00,2026-10-02T19:10:41.573978-04:00,2026-10-02T19:10:41.573978-04:00,propline_free_sample
2026-10-01,2026-10-02 00:00:00+00:00,Ray Kerr,0.5,under,174,smarkets,306973,Atlanta Braves,Philadelphia Phillies,2026-10-01T17:09:23.514902+00:00,2026-10-02T23:10:41.573978+00:00,2026-10-02T19:10:41.573978-04:00,2026-10-02T19:10:41.573978-04:00,propline_free_sample
2026-10-01,2026-10-02 00:00:00+00:00,Grant Holmes,3.5,under,100,prizepicks,306973,Atlanta Braves,Philadelphia Phillies,2026-10-01T17:12:10.881498+00:00,2026-10-02T23:10:41.573978+00:00,2026-10-02T19:10:41.573978-04:00,2026-10-02T19:10:41.573978-04:00,propline_free_sample
2026-10-01,2026-10-02 00:00:00+00:00,Ray Kerr,0.5,under,100,prizepicks,306973,Atlanta Braves,Philadelphia Phillies,2026-10-01T17:13:13.870609+00:00,2026-10-02T23:10:41.573978+00:00,2026-10-02T19:10:41.573978-04:00,2026-10-02T19:10:41.573978-04:00,propline_free_sample
2026-10-01,2026-10-02 00:00:00+00:00,Ray Kerr,5.5,over,100,prizepicks,306973,Atlanta Braves,Philadelphia Phillies,2026-10-01T17:25:14.262513+00:00,2026-10-02T23:10:41.573978+00:00,2026-10-02T19:10:41.573978-04:00,2026-10-02T19:10:41.573978-04:00,propline_free_sample
2026-10-01,2026-10-02 00:00:00+00:00,Aaron Nola,10.5,under,-2400,polymarket_us,306973,Atlanta Braves,Philadelphia Phillies,2026-10-01T18:10:27.918846+00:00,2026-10-02T23:10:41.573978+00:00,2026-10-02T19:10:41.573978-04:00,2026-10-02T19:10:41.573978-04:00,propline_free_sample
2026-10-01,2026-10-02 00:00:00+00:00,Ray Kerr,0.5,over,-260,onexbet,306973,Atlanta Braves,Philadelphia Phillies,2026-10-01T19:59:11.438784+00:00,2026-10-02T23:10:41.573978+00:00,2026-10-02T19:10:41.573978-04:00,2026-10-02T19:10:41.573978-04:00,propline_free_sample
2026-10-01,2026-10-02 00:00:00+00:00,Ray Kerr,0.5,under,190,onexbet,306973,Atlanta Braves,Philadelphia Phillies,2026-10-01T19:59:11.438784+00:00,2026-10-02T23:10:41.573978+00:00,2026-10-02T19:10:41.573978-04:00,2026-10-02T19:10:41.573978-04:00,propline_free_sample
2026-10-01,2026-10-02 00:00:00+00:00,Aaron Nola (PHI),3.5,over,-105,betonlineag,306973,Atlanta Braves,Philadelphia Phillies,2026-10-01T23:51:40.519476+00:00,2026-10-02T23:10:41.573978+00:00,2026-10-02T19:10:41.573978-04:00,2026-10-02T19:10:41.573978-04:00,propline_free_sample
2026-10-01,2026-10-02 00:00:00+00:00,Aaron Nola (PHI),3.5,under,-135,betonlineag,306973,Atlanta Braves,Philadelphia Phillies,2026-10-01T23:51:40.519476+00:00,2026-10-02T23:10:41.573978+00:00,2026-10-02T19:10:41.573978-04:00,2026-10-02T19:10:41.573978-04:00,propline_free_sample
2026-10-01,2026-10-02 00:00:00+00:00,Aaron Nola (PHI),3.5,over,-105,lowvig,306973,Atlanta Braves,Philadelphia Phillies,2026-10-01T23:51:41.463594+00:00,2026-10-02T23:10:41.573978+00:00,2026-10-02T19:10:41.573978-04:00,2026-10-02T19:10:41.573978-04:00,propline_free_sample
2026-10-01,2026-10-02 00:00:00+00:00,Aaron Nola (PHI),3.5,under,-135,lowvig,306973,Atlanta Braves,Philadelphia Phillies,2026-10-01T23:51:41.463594+00:00,2026-10-02T23:10:41.573978+00:00,2026-10-02T19:10:41.573978-04:00,2026-10-02T19:10:41.573978-04:00,propline_free_sample
2026-10-01,2026-10-02 00:00:00+00:00,Aaron Nola,2.5,over,-300,novig,306973,Atlanta Braves,Philadelphia Phillies,2026-10-01T23:58:33.098526+00:00,2026-10-02T23:10:41.573978+00:00,2026-10-02T19:10:41.573978-04:00,2026-10-02T19:10:41.573978-04:00,propline_free_sample
2026-10-01,2026-10-02 00:00:00+00:00,Aaron Nola,2.5,under,167,novig,306973,Atlanta Braves,Philadelphia Phillies,2026-10-01T22:12:26.204453+00:00,2026-10-02T23:10:41.573978+00:00,2026-10-02T19:10:41.573978-04:00,2026-10-02T19:10:41.573978-04:00,propline_free_sample
2026-10-01,2026-10-02 00:00:00+00:00,Ray Kerr,0.5,under,-186,prophetx,306973,Atlanta Braves,Philadelphia Phillies,2026-10-01T19:06:19.760063+00:00,2026-10-02T23:10:41.573978+00:00,2026-10-02T19:10:41.573978-04:00,2026-10-02T19:10:41.573978-04:00,propline_free_sample
2026-10-01,2026-10-02 00:00:00+00:00,Aaron Nola,5.5,over,270,novig,306973,Atlanta Braves,Philadelphia Phillies,2026-10-01T23:59:36.210990+00:00,2026-10-02T23:10:41.573978+00:00,2026-10-02T19:10:41.573978-04:00,2026-10-02T19:10:41.573978-04:00,propline_free_sample
2026-10-01,2026-10-02 00:00:00+00:00,Aaron Nola,5.5,under,-99900,novig,306973,Atlanta Braves,Philadelphia Phillies,2026-10-01T23:45:37.147641+00:00,2026-10-02T23:10:41.573978+00:00,2026-10-02T19:10:41.573978-04:00,2026-10-02T19:10:41.573978-04:00,propline_free_sample
2026-10-01,2026-10-02 00:00:00+00:00,Aaron Nola,8.5,under,-2400,polymarket_us,306973,Atlanta Braves,Philadelphia Phillies,2026-10-01T21:13:25.558020+00:00,2026-10-02T23:10:41.573978+00:00,2026-10-02T19:10:41.573978-04:00,2026-10-02T19:10:41.573978-04:00,propline_free_sample
2026-10-01,2026-10-02 00:00:00+00:00,Ray Kerr,1.5,over,100,prophetx,306973,Atlanta Braves,Philadelphia Phillies,2026-10-01T20:49:25.875159+00:00,2026-10-02T23:10:41.573978+00:00,2026-10-02T19:10:41.573978-04:00,2026-10-02T19:10:41.573978-04:00,propline_free_sample
2026-10-01,2026-10-02 00:00:00+00:00,Aaron Nola,1.5,over,100,prizepicks,306973,Atlanta Braves,Philadelphia Phillies,2026-10-01T23:23:25.367672+00:00,2026-10-02T23:10:41.573978+00:00,2026-10-02T19:10:41.573978-04:00,2026-10-02T19:10:41.573978-04:00,propline_free_sample
2026-10-01,2026-10-02 00:00:00+00:00,Aaron Nola,1.5,under,100,prizepicks,306973,Atlanta Braves,Philadelphia Phillies,2026-10-01T23:23:25.367672+00:00,2026-10-02T23:10:41.573978+00:00,2026-10-02T19:10:41.573978-04:00,2026-10-02T19:10:41.573978-04:00,propline_free_sample
2026-10-01,2026-10-02 00:00:00+00:00,Aaron Nola,3.5,over,100,prizepicks,306973,Atlanta Braves,Philadelphia Phillies,,2026-10-02T23:10:41.573978+00:00,2026-10-02T19:10:41.573978-04:00,2026-10-02T19:10:41.573978-04:00,propline_free_sample
2026-10-01,2026-10-02 00:00:00+00:00,Aaron Nola,3.5,under,100,prizepicks,306973,Atlanta Braves,Philadelphia Phillies,,2026-10-02T23:10:41.573978+00:00,2026-10-02T19:10:41.573978-04:00,2026-10-02T19:10:41.573978-04:00,propline_free_sample
2026-10-01,2026-10-02 00:00:00+00:00,Raymond Kerr,2.5,over,125,fanatics,306973,Atlanta Braves,Philadelphia Phillies,,2026-10-02T23:10:41.573978+00:00,2026-10-02T19:10:41.573978-04:00,2026-10-02T19:10:41.573978-04:00,propline_free_sample
2026-10-01,2026-10-02 00:00:00+00:00,Raymond Kerr,2.5,under,-165,fanatics,306973,Atlanta Braves,Philadelphia Phillies,,2026-10-02T23:10:41.573978+00:00,2026-10-02T19:10:41.573978-04:00,2026-10-02T19:10:41.573978-04:00,propline_free_sample
2026-10-01,2026-10-02 00:00:00+00:00,Aaron Nola,2.5,over,-105,courtside,306973,Atlanta Braves,Philadelphia Phillies,,2026-10-02T23:10:41.573978+00:00,2026-10-02T19:10:41.573978-04:00,2026-10-02T19:10:41.573978-04:00,propline_free_sample
2026-10-01,2026-10-02 00:00:00+00:00,Aaron Nola,2.5,under,-130,courtside,306973,Atlanta Braves,Philadelphia Phillies,,2026-10-02T23:10:41.573978+00:00,2026-10-02T19:10:41.573978-04:00,2026-10-02T19:10:41.573978-04:00,propline_free_sample
2026-09-30,2026-10-01 02:00:00+00:00,Nick Pivetta,5.5,over,120,underdog,287855,San Diego Padres,Chicago Cubs,2026-10-01T01:37:32.542152+00:00,2026-10-02T23:10:41.573978+00:00,2026-10-02T19:10:41.573978-04:00,2026-10-02T19:10:41.573978-04:00,propline_free_sample
2026-09-30,2026-10-01 02:00:00+00:00,Nick Pivetta,5.5,under,-179,underdog,287855,San Diego Padres,Chicago Cubs,2026-10-01T01:37:32.542152+00:00,2026-10-02T23:10:41.573978+00:00,2026-10-02T19:10:41.573978-04:00,2026-10-02T19:10:41.573978-04:00,propline_free_sample
2026-09-30,2026-10-01 02:00:00+00:00,Nick Pivetta,4.5,over,-120,dabble,287855,San Diego Padres,Chicago Cubs,2026-09-30T10:03:42.450535+00:00,2026-10-02T23:10:41.573978+00:00,2026-10-02T19:10:41.573978-04:00,2026-10-02T19:10:41.573978-04:00,propline_free_sample
2026-09-30,2026-10-01 02:00:00+00:00,Nick Pivetta,4.5,under,120,dabble,287855,San Diego Padres,Chicago Cubs,2026-09-30T10:03:42.450535+00:00,2026-10-02T23:10:41.573978+00:00,2026-10-02T19:10:41.573978-04:00,2026-10-02T19:10:41.573978-04:00,propline_free_sample
2026-09-30,2026-10-01 02:00:00+00:00,Nick Pivetta,4.5,over,100,prizepicks,287855,San Diego Padres,Chicago Cubs,2026-09-30T04:39:39.272886+00:00,2026-10-02T23:10:41.573978+00:00,2026-10-02T19:10:41.573978-04:00,2026-10-02T19:10:41.573978-04:00,propline_free_sample
2026-09-30,2026-10-01 02:00:00+00:00,Nick Pivetta,4.5,under,100,prizepicks,287855,San Diego Padres,Chicago Cubs,2026-09-30T04:39:39.272886+00:00,2026-10-02T23:10:41.573978+00:00,2026-10-02T19:10:41.573978-04:00,2026-10-02T19:10:41.573978-04:00,propline_free_sample
2026-09-30,2026-10-01 02:00:00+00:00,Nick Pivetta,4.5,over,-120,smarkets,287855,San Diego Padres,Chicago Cubs,2026-10-01T01:56:06.851756+00:00,2026-10-02T23:10:41.573978+00:00,2026-10-02T19:10:41.573978-04:00,2026-10-02T19:10:41.573978-04:00,propline_free_sample
2026-09-30,2026-10-01 02:00:00+00:00,Nick Pivetta,4.5,under,-115,smarkets,287855,San Diego Padres,Chicago Cubs,2026-09-30T23:34:18.294954+00:00,2026-10-02T23:10:41.573978+00:00,2026-10-02T19:10:41.573978-04:00,2026-10-02T19:10:41.573978-04:00,propline_free_sample
2026-09-30,2026-10-01 02:00:00+00:00,Nick Pivetta,4.5,over,-118,fanduel,287855,San Diego Padres,Chicago Cubs,2026-10-01T01:54:08.775277+00:00,2026-10-02T23:10:41.573978+00:00,2026-10-02T19:10:41.573978-04:00,2026-10-02T19:10:41.573978-04:00,propline_free_sample
2026-09-30,2026-10-01 02:00:00+00:00,Nick Pivetta,4.5,under,-108,fanduel,287855,San Diego Padres,Chicago Cubs,2026-10-01T01:31:40.709348+00:00,2026-10-02T23:10:41.573978+00:00,2026-10-02T19:10:41.573978-04:00,2026-10-02T19:10:41.573978-04:00,propline_free_sample
2026-09-30,2026-10-01 02:00:00+00:00,Nick Pivetta (SD),4.5,over,-170,bovada,287855,San Diego Padres,Chicago Cubs,2026-10-01T01:45:37.165606+00:00,2026-10-02T23:10:41.573978+00:00,2026-10-02T19:10:41.573978-04:00,2026-10-02T19:10:41.573978-04:00,propline_free_sample
2026-09-30,2026-10-01 02:00:00+00:00,Nick Pivetta (SD),4.5,under,130,bovada,287855,San Diego Padres,Chicago Cubs,2026-10-01T01:45:37.165606+00:00,2026-10-02T23:10:41.573978+00:00,2026-10-02T19:10:41.573978-04:00,2026-10-02T19:10:41.573978-04:00,propline_free_sample
2026-09-30,2026-10-01 02:00:00+00:00,Nick Pivetta,4.5,over,100,prizepicks,287855,San Diego Padres,Chicago Cubs,2026-09-30T13:50:45.137488+00:00,2026-10-02T23:10:41.573978+00:00,2026-10-02T19:10:41.573978-04:00,2026-10-02T19:10:41.573978-04:00,propline_free_sample
2026-09-30,2026-10-01 02:00:00+00:00,Nick Pivetta,4.5,under,100,prizepicks,287855,San Diego Padres,Chicago Cubs,2026-09-30T13:50:45.137488+00:00,2026-10-02T23:10:41.573978+00:00,2026-10-02T19:10:41.573978-04:00,2026-10-02T19:10:41.573978-04:00,propline_free_sample
2026-09-30,2026-10-01 02:00:00+00:00,Kevin Gausman,4.5,over,120,dabble,287855,San Diego Padres,Chicago Cubs,2026-09-30T10:03:42.450535+00:00,2026-10-02T23:10:41.573978+00:00,2026-10-02T19:10:41.573978-04:00,2026-10-02T19:10:41.573978-04:00,propline_free_sample
2026-09-30,2026-10-01 02:00:00+00:00,Kevin Gausman,4.5,under,-120,dabble,287855,San Diego Padres,Chicago Cubs,2026-09-30T10:03:42.450535+00:00,2026-10-02T23:10:41.573978+00:00,2026-10-02T19:10:41.573978-04:00,2026-10-02T19:10:41.573978-04:00,propline_free_sample
2026-09-30,2026-10-01 02:00:00+00:00,Nick Pivetta,4.5,over,-122,prophetx,287855,San Diego Padres,Chicago Cubs,2026-10-01T01:43:47.912159+00:00,2026-10-02T23:10:41.573978+00:00,2026-10-02T19:10:41.573978-04:00,2026-10-02T19:10:41.573978-04:00,propline_free_sample
2026-09-30,2026-10-01 02:00:00+00:00,Kevin Gausman,2.5,over,-103,underdog,287855,San Diego Padres,Chicago Cubs,2026-10-01T01:56:00.015003+00:00,2026-10-02T23:10:41.573978+00:00,2026-10-02T19:10:41.573978-04:00,2026-10-02T19:10:41.573978-04:00,propline_free_sample
2026-09-30,2026-10-01 02:00:00+00:00,Kevin Gausman,2.5,under,-145,underdog,287855,San Diego Padres,Chicago Cubs,2026-10-01T01:56:00.015003+00:00,2026-10-02T23:10:41.573978+00:00,2026-10-02T19:10:41.573978-04:00,2026-10-02T19:10:41.573978-04:00,propline_free_sample
2026-09-30,2026-10-01 02:00:00+00:00,Nick Pivetta,5.5,over,200,prophetx,287855,San Diego Padres,Chicago Cubs,2026-10-01T01:17:46.251260+00:00,2026-10-02T23:10:41.573978+00:00,2026-10-02T19:10:41.573978-04:00,2026-10-02T19:10:41.573978-04:00,propline_free_sample
2026-09-30,2026-10-01 02:00:00+00:00,Kevin Gausman,4.5,over,104,smarkets,287855,San Diego Padres,Chicago Cubs,2026-10-01T01:56:06.851756+00:00,2026-10-02T23:10:41.573978+00:00,2026-10-02T19:10:41.573978-04:00,2026-10-02T19:10:41.573978-04:00,propline_free_sample
2026-09-30,2026-10-01 02:00:00+00:00,Kevin Gausman,4.5,under,-133,smarkets,287855,San Diego Padres,Chicago Cubs,2026-09-30T19:10:20.219493+00:00,2026-10-02T23:10:41.573978+00:00,2026-10-02T19:10:41.573978-04:00,2026-10-02T19:10:41.573978-04:00,propline_free_sample
2026-09-30,2026-10-01 02:00:00+00:00,Kevin Gausman,3.5,over,-185,parlayplay,287855,San Diego Padres,Chicago Cubs,2026-10-01T01:55:11.769396+00:00,2026-10-02T23:10:41.573978+00:00,2026-10-02T19:10:41.573978-04:00,2026-10-02T19:10:41.573978-04:00,propline_free_sample
2026-09-30,2026-10-01 02:00:00+00:00,Kevin Gausman,3.5,under,105,parlayplay,287855,San Diego Padres,Chicago Cubs,2026-10-01T01:43:53.663922+00:00,2026-10-02T23:10:41.573978+00:00,2026-10-02T19:10:41.573978-04:00,2026-10-02T19:10:41.573978-04:00,propline_free_sample
2026-09-30,2026-10-01 02:00:00+00:00,Kevin Gausman,4.5,over,100,prizepicks,287855,San Diego Padres,Chicago Cubs,2026-09-30T05:37:38.307804+00:00,2026-10-02T23:10:41.573978+00:00,2026-10-02T19:10:41.573978-04:00,2026-10-02T19:10:41.573978-04:00,propline_free_sample
2026-09-30,2026-10-01 02:00:00+00:00,Kevin Gausman,4.5,under,100,prizepicks,287855,San Diego Padres,Chicago Cubs,2026-09-30T05:37:38.307804+00:00,2026-10-02T23:10:41.573978+00:00,2026-10-02T19:10:41.573978-04:00,2026-10-02T19:10:41.573978-04:00,propline_free_sample
2026-09-30,2026-10-01 02:00:00+00:00,Nick Pivetta,5.5,over,100,prizepicks,287855,San Diego Padres,Chicago Cubs,2026-09-30T05:37:38.307804+00:00,2026-10-02T23:10:41.573978+00:00,2026-10-02T19:10:41.573978-04:00,2026-10-02T19:10:41.573978-04:00,propline_free_sample
2026-09-30,2026-10-01 02:00:00+00:00,Nick Pivetta,5.5,under,100,prizepicks,287855,San Diego Padres,Chicago Cubs,2026-09-30T05:37:38.307804+00:00,2026-10-02T23:10:41.573978+00:00,2026-10-02T19:10:41.573978-04:00,2026-10-02T19:10:41.573978-04:00,propline_free_sample
2026-09-30,2026-10-01 02:00:00+00:00,Nick Pivetta,6.5,over,100,prizepicks,287855,San Diego Padres,Chicago Cubs,2026-09-30T05:37:38.307804+00:00,2026-10-02T23:10:41.573978+00:00,2026-10-02T19:10:41.573978-04:00,2026-10-02T19:10:41.573978-04:00,propline_free_sample
2026-09-30,2026-10-01 02:00:00+00:00,Nick Pivetta,7.5,over,100,prizepicks,287855,San Diego Padres,Chicago Cubs,2026-09-30T05:37:38.307804+00:00,2026-10-02T23:10:41.573978+00:00,2026-10-02T19:10:41.573978-04:00,2026-10-02T19:10:41.573978-04:00,propline_free_sample
2026-09-30,2026-10-01 02:00:00+00:00,Nick Pivetta,3.5,over,100,prizepicks,287855,San Diego Padres,Chicago Cubs,2026-09-30T05:37:38.307804+00:00,2026-10-02T23:10:41.573978+00:00,2026-10-02T19:10:41.573978-04:00,2026-10-02T19:10:41.573978-04:00,propline_free_sample
2026-09-30,2026-10-01 02:00:00+00:00,Kevin Gausman,6.5,over,100,prizepicks,287855,San Diego Padres,Chicago Cubs,2026-09-30T05:47:37.923825+00:00,2026-10-02T23:10:41.573978+00:00,2026-10-02T19:10:41.573978-04:00,2026-10-02T19:10:41.573978-04:00,propline_free_sample
2026-09-30,2026-10-01 02:00:00+00:00,Kevin Gausman,3.5,over,100,prizepicks,287855,San Diego Padres,Chicago Cubs,2026-09-30T05:47:37.923825+00:00,2026-10-02T23:10:41.573978+00:00,2026-10-02T19:10:41.573978-04:00,2026-10-02T19:10:41.573978-04:00,propline_free_sample
2026-09-30,2026-10-01 02:00:00+00:00,Nick Pivetta,5.5,over,-300,novig,287855,San Diego Padres,Chicago Cubs,2026-10-01T01:58:02.830302+00:00,2026-10-02T23:10:41.573978+00:00,2026-10-02T19:10:41.573978-04:00,2026-10-02T19:10:41.573978-04:00,propline_free_sample
2026-09-30,2026-10-01 02:00:00+00:00,Nick Pivetta,5.5,under,-115,novig,287855,San Diego Padres,Chicago Cubs,2026-10-01T01:57:08.161029+00:00,2026-10-02T23:10:41.573978+00:00,2026-10-02T19:10:41.573978-04:00,2026-10-02T19:10:41.573978-04:00,propline_free_sample
2026-09-30,2026-10-01 02:00:00+00:00,Nick Pivetta,5.5,under,-255,prophetx,287855,San Diego Padres,Chicago Cubs,2026-10-01T01:56:09.042820+00:00,2026-10-02T23:10:41.573978+00:00,2026-10-02T19:10:41.573978-04:00,2026-10-02T19:10:41.573978-04:00,propline_free_sample
2026-09-30,2026-10-01 02:00:00+00:00,Nick Pivetta,5.5,over,-160,fanatics,287855,San Diego Padres,Chicago Cubs,2026-10-01T01:59:43.364738+00:00,2026-10-02T23:10:41.573978+00:00,2026-10-02T19:10:41.573978-04:00,2026-10-02T19:10:41.573978-04:00,propline_free_sample
2026-09-30,2026-10-01 02:00:00+00:00,Nick Pivetta,5.5,under,120,fanatics,287855,San Diego Padres,Chicago Cubs,2026-10-01T01:59:43.364738+00:00,2026-10-02T23:10:41.573978+00:00,2026-10-02T19:10:41.573978-04:00,2026-10-02T19:10:41.573978-04:00,propline_free_sample
2026-09-30,2026-10-01 02:00:00+00:00,Nick Pivetta,4.5,over,-121,draftkings,287855,San Diego Padres,Chicago Cubs,2026-10-01T01:37:21.299320+00:00,2026-10-02T23:10:41.573978+00:00,2026-10-02T19:10:41.573978-04:00,2026-10-02T19:10:41.573978-04:00,propline_free_sample
2026-09-30,2026-10-01 02:00:00+00:00,Nick Pivetta,4.5,under,-106,draftkings,287855,San Diego Padres,Chicago Cubs,2026-10-01T01:37:21.299320+00:00,2026-10-02T23:10:41.573978+00:00,2026-10-02T19:10:41.573978-04:00,2026-10-02T19:10:41.573978-04:00,propline_free_sample
2026-09-30,2026-10-01 02:00:00+00:00,Nick Pivetta,4.5,over,-137,sleeper,287855,San Diego Padres,Chicago Cubs,2026-10-01T01:21:32.469543+00:00,2026-10-02T23:10:41.573978+00:00,2026-10-02T19:10:41.573978-04:00,2026-10-02T19:10:41.573978-04:00,propline_free_sample
2026-09-30,2026-10-01 02:00:00+00:00,Nick Pivetta,4.5,under,-119,sleeper,287855,San Diego Padres,Chicago Cubs,2026-10-01T01:39:33.731950+00:00,2026-10-02T23:10:41.573978+00:00,2026-10-02T19:10:41.573978-04:00,2026-10-02T19:10:41.573978-04:00,propline_free_sample
2026-09-30,2026-10-01 02:00:00+00:00,Nick Pivetta,1.5,over,-6000,hardrock,287855,San Diego Padres,Chicago Cubs,2026-09-30T13:16:01.386943+00:00,2026-10-02T23:10:41.573978+00:00,2026-10-02T19:10:41.573978-04:00,2026-10-02T19:10:41.573978-04:00,propline_free_sample
2026-09-30,2026-10-01 02:00:00+00:00,Nick Pivetta,1.5,under,1300,hardrock,287855,San Diego Padres,Chicago Cubs,2026-09-30T14:02:02.115519+00:00,2026-10-02T23:10:41.573978+00:00,2026-10-02T19:10:41.573978-04:00,2026-10-02T19:10:41.573978-04:00,propline_free_sample
2026-09-30,2026-10-01 02:00:00+00:00,Nick Pivetta,10.5,over,4000,hardrock,287855,San Diego Padres,Chicago Cubs,2026-09-30T05:57:54.484719+00:00,2026-10-02T23:10:41.573978+00:00,2026-10-02T19:10:41.573978-04:00,2026-10-02T19:10:41.573978-04:00,propline_free_sample
2026-09-30,2026-10-01 02:00:00+00:00,Nick Pivetta,10.5,under,-50000,hardrock,287855,San Diego Padres,Chicago Cubs,2026-09-30T10:21:56.038377+00:00,2026-10-02T23:10:41.573978+00:00,2026-10-02T19:10:41.573978-04:00,2026-10-02T19:10:41.573978-04:00,propline_free_sample
2026-09-30,2026-10-01 02:00:00+00:00,Nick Pivetta,2.5,over,-10000,hardrock,287855,San Diego Padres,Chicago Cubs,2026-09-30T20:50:18.453890+00:00,2026-10-02T23:10:41.573978+00:00,2026-10-02T19:10:41.573978-04:00,2026-10-02T19:10:41.573978-04:00,propline_free_sample
2026-09-30,2026-10-01 02:00:00+00:00,Nick Pivetta,2.5,under,2500,hardrock,287855,San Diego Padres,Chicago Cubs,2026-09-30T14:02:02.115519+00:00,2026-10-02T23:10:41.573978+00:00,2026-10-02T19:10:41.573978-04:00,2026-10-02T19:10:41.573978-04:00,propline_free_sample
2026-09-30,2026-10-01 02:00:00+00:00,Nick Pivetta,3.5,over,-7000,hardrock,287855,San Diego Padres,Chicago Cubs,2026-09-30T14:02:02.115519+00:00,2026-10-02T23:10:41.573978+00:00,2026-10-02T19:10:41.573978-04:00,2026-10-02T19:10:41.573978-04:00,propline_free_sample
2026-09-30,2026-10-01 02:00:00+00:00,Nick Pivetta,3.5,under,1600,hardrock,287855,San Diego Padres,Chicago Cubs,2026-09-30T13:23:59.172585+00:00,2026-10-02T23:10:41.573978+00:00,2026-10-02T19:10:41.573978-04:00,2026-10-02T19:10:41.573978-04:00,propline_free_sample
2026-09-30,2026-10-01 02:00:00+00:00,Nick Pivetta,4.5,over,-1000,hardrock,287855,San Diego Padres,Chicago Cubs,2026-09-30T22:17:37.524484+00:00,2026-10-02T23:10:41.573978+00:00,2026-10-02T19:10:41.573978-04:00,2026-10-02T19:10:41.573978-04:00,propline_free_sample
2026-09-30,2026-10-01 02:00:00+00:00,Nick Pivetta,4.5,under,425,hardrock,287855,San Diego Padres,Chicago Cubs,2026-09-30T22:17:37.524484+00:00,2026-10-02T23:10:41.573978+00:00,2026-10-02T19:10:41.573978-04:00,2026-10-02T19:10:41.573978-04:00,propline_free_sample
2026-09-30,2026-10-01 02:00:00+00:00,Nick Pivetta,5.5,over,-240,hardrock,287855,San Diego Padres,Chicago Cubs,2026-09-30T20:50:18.453890+00:00,2026-10-02T23:10:41.573978+00:00,2026-10-02T19:10:41.573978-04:00,2026-10-02T19:10:41.573978-04:00,propline_free_sample
2026-09-30,2026-10-01 02:00:00+00:00,Nick Pivetta,5.5,under,155,hardrock,287855,San Diego Padres,Chicago Cubs,2026-09-30T14:02:02.115519+00:00,2026-10-02T23:10:41.573978+00:00,2026-10-02T19:10:41.573978-04:00,2026-10-02T19:10:41.573978-04:00,propline_free_sample
2026-09-30,2026-10-01 02:00:00+00:00,Nick Pivetta,6.5,over,135,hardrock,287855,San Diego Padres,Chicago Cubs,2026-09-30T14:02:02.115519+00:00,2026-10-02T23:10:41.573978+00:00,2026-10-02T19:10:41.573978-04:00,2026-10-02T19:10:41.573978-04:00,propline_free_sample
2026-09-30,2026-10-01 02:00:00+00:00,Nick Pivetta,6.5,under,-195,hardrock,287855,San Diego Padres,Chicago Cubs,2026-09-30T13:36:03.227098+00:00,2026-10-02T23:10:41.573978+00:00,2026-10-02T19:10:41.573978-04:00,2026-10-02T19:10:41.573978-04:00,propline_free_sample
2026-09-30,2026-10-01 02:00:00+00:00,Nick Pivetta,7.5,over,400,hardrock,287855,San Diego Padres,Chicago Cubs,2026-09-30T14:02:02.115519+00:00,2026-10-02T23:10:41.573978+00:00,2026-10-02T19:10:41.573978-04:00,2026-10-02T19:10:41.573978-04:00,propline_free_sample
2026-09-30,2026-10-01 02:00:00+00:00,Nick Pivetta,7.5,under,-850,hardrock,287855,San Diego Padres,Chicago Cubs,2026-09-30T14:02:02.115519+00:00,2026-10-02T23:10:41.573978+00:00,2026-10-02T19:10:41.573978-04:00,2026-10-02T19:10:41.573978-04:00,propline_free_sample
2026-09-30,2026-10-01 02:00:00+00:00,Nick Pivetta,8.5,over,1750,hardrock,287855,San Diego Padres,Chicago Cubs,2026-09-30T13:16:01.386943+00:00,2026-10-02T23:10:41.573978+00:00,2026-10-02T19:10:41.573978-04:00,2026-10-02T19:10:41.573978-04:00,propline_free_sample
2026-09-30,2026-10-01 02:00:00+00:00,Nick Pivetta,8.5,under,-9000,hardrock,287855,San Diego Padres,Chicago Cubs,2026-09-30T14:02:02.115519+00:00,2026-10-02T23:10:41.573978+00:00,2026-10-02T19:10:41.573978-04:00,2026-10-02T19:10:41.573978-04:00,propline_free_sample
2026-09-30,2026-10-01 02:00:00+00:00,Nick Pivetta,9.5,over,2000,hardrock,287855,San Diego Padres,Chicago Cubs,2026-09-30T13:12:59.815498+00:00,2026-10-02T23:10:41.573978+00:00,2026-10-02T19:10:41.573978-04:00,2026-10-02T19:10:41.573978-04:00,propline_free_sample
2026-09-30,2026-10-01 02:00:00+00:00,Nick Pivetta,9.5,under,-8000,hardrock,287855,San Diego Padres,Chicago Cubs,2026-09-30T13:12:59.815498+00:00,2026-10-02T23:10:41.573978+00:00,2026-10-02T19:10:41.573978-04:00,2026-10-02T19:10:41.573978-04:00,propline_free_sample
2026-09-30,2026-10-01 02:00:00+00:00,Nick Pivetta,5.5,over,-175,fliff,287855,San Diego Padres,Chicago Cubs,2026-09-30T17:16:07.225258+00:00,2026-10-02T23:10:41.573978+00:00,2026-10-02T19:10:41.573978-04:00,2026-10-02T19:10:41.573978-04:00,propline_free_sample
2026-09-30,2026-10-01 02:00:00+00:00,Nick Pivetta,5.5,under,120,fliff,287855,San Diego Padres,Chicago Cubs,2026-09-30T17:16:07.225258+00:00,2026-10-02T23:10:41.573978+00:00,2026-10-02T19:10:41.573978-04:00,2026-10-02T19:10:41.573978-04:00,propline_free_sample
2026-09-30,2026-10-01 02:00:00+00:00,Nick Pivetta,5.5,over,-175,courtside,287855,San Diego Padres,Chicago Cubs,2026-09-30T10:00:59.548797+00:00,2026-10-02T23:10:41.573978+00:00,2026-10-02T19:10:41.573978-04:00,2026-10-02T19:10:41.573978-04:00,propline_free_sample
2026-09-30,2026-10-01 02:00:00+00:00,Nick Pivetta,5.5,under,130,courtside,287855,San Diego Padres,Chicago Cubs,2026-09-30T10:00:59.548797+00:00,2026-10-02T23:10:41.573978+00:00,2026-10-02T19:10:41.573978-04:00,2026-10-02T19:10:41.573978-04:00,propline_free_sample
2026-09-30,2026-10-01 02:00:00+00:00,Nick Pivetta,6.5,under,100,prizepicks,287855,San Diego Padres,Chicago Cubs,2026-09-30T06:07:40.182648+00:00,2026-10-02T23:10:41.573978+00:00,2026-10-02T19:10:41.573978-04:00,2026-10-02T19:10:41.573978-04:00,propline_free_sample
2026-09-30,2026-10-01 02:00:00+00:00,Nick Pivetta,7.5,under,100,prizepicks,287855,San Diego Padres,Chicago Cubs,2026-09-30T06:07:40.182648+00:00,2026-10-02T23:10:41.573978+00:00,2026-10-02T19:10:41.573978-04:00,2026-10-02T19:10:41.573978-04:00,propline_free_sample
2026-09-30,2026-10-01 02:00:00+00:00,Nick Pivetta,3.5,under,100,prizepicks,287855,San Diego Padres,Chicago Cubs,2026-09-30T06:07:40.182648+00:00,2026-10-02T23:10:41.573978+00:00,2026-10-02T19:10:41.573978-04:00,2026-10-02T19:10:41.573978-04:00,propline_free_sample
2026-09-30,2026-10-01 02:00:00+00:00,Nick Pivetta,9.5,over,100,prizepicks,287855,San Diego Padres,Chicago Cubs,2026-09-30T06:07:40.182648+00:00,2026-10-02T23:10:41.573978+00:00,2026-10-02T19:10:41.573978-04:00,2026-10-02T19:10:41.573978-04:00,propline_free_sample
2026-09-30,2026-10-01 02:00:00+00:00,Nick Pivetta,2.5,over,100,prizepicks,287855,San Diego Padres,Chicago Cubs,2026-09-30T06:07:40.182648+00:00,2026-10-02T23:10:41.573978+00:00,2026-10-02T19:10:41.573978-04:00,2026-10-02T19:10:41.573978-04:00,propline_free_sample
2026-09-30,2026-10-01 02:00:00+00:00,Nick Pivetta,2.5,under,100,prizepicks,287855,San Diego Padres,Chicago Cubs,2026-09-30T06:07:40.182648+00:00,2026-10-02T23:10:41.573978+00:00,2026-10-02T19:10:41.573978-04:00,2026-10-02T19:10:41.573978-04:00,propline_free_sample
2026-09-30,2026-10-01 02:00:00+00:00,Nick Pivetta,4.5,over,-120,onexbet,287855,San Diego Padres,Chicago Cubs,2026-10-01T01:03:47.565892+00:00,2026-10-02T23:10:41.573978+00:00,2026-10-02T19:10:41.573978-04:00,2026-10-02T19:10:41.573978-04:00,propline_free_sample
2026-09-30,2026-10-01 02:00:00+00:00,Nick Pivetta,4.5,under,-110,onexbet,287855,San Diego Padres,Chicago Cubs,2026-10-01T01:03:47.565892+00:00,2026-10-02T23:10:41.573978+00:00,2026-10-02T19:10:41.573978-04:00,2026-10-02T19:10:41.573978-04:00,propline_free_sample
2026-09-30,2026-10-01 02:00:00+00:00,Nick Pivetta,6.5,over,126,parlayplay,287855,San Diego Padres,Chicago Cubs,2026-10-01T01:56:19.919484+00:00,2026-10-02T23:10:41.573978+00:00,2026-10-02T19:10:41.573978-04:00,2026-10-02T19:10:41.573978-04:00,propline_free_sample
2026-09-30,2026-10-01 02:00:00+00:00,Nick Pivetta,6.5,under,-192,parlayplay,287855,San Diego Padres,Chicago Cubs,2026-10-01T01:45:53.766668+00:00,2026-10-02T23:10:41.573978+00:00,2026-10-02T19:10:41.573978-04:00,2026-10-02T19:10:41.573978-04:00,propline_free_sample
2026-09-30,2026-10-01 02:00:00+00:00,Kevin Gausman,4.5,over,105,courtside,287855,San Diego Padres,Chicago Cubs,2026-10-01T01:43:54.601038+00:00,2026-10-02T23:10:41.573978+00:00,2026-10-02T19:10:41.573978-04:00,2026-10-02T19:10:41.573978-04:00,propline_free_sample
2026-09-30,2026-10-01 02:00:00+00:00,Kevin Gausman,4.5,under,-140,courtside,287855,San Diego Padres,Chicago Cubs,2026-10-01T01:43:54.601038+00:00,2026-10-02T23:10:41.573978+00:00,2026-10-02T19:10:41.573978-04:00,2026-10-02T19:10:41.573978-04:00,propline_free_sample
2026-09-30,2026-10-01 02:00:00+00:00,Kevin Gausman,4.5,over,118,draftkings,287855,San Diego Padres,Chicago Cubs,2026-10-01T01:43:41.768468+00:00,2026-10-02T23:10:41.573978+00:00,2026-10-02T19:10:41.573978-04:00,2026-10-02T19:10:41.573978-04:00,propline_free_sample
2026-09-30,2026-10-01 02:00:00+00:00,Kevin Gausman,4.5,under,-151,draftkings,287855,San Diego Padres,Chicago Cubs,2026-10-01T01:43:41.768468+00:00,2026-10-02T23:10:41.573978+00:00,2026-10-02T19:10:41.573978-04:00,2026-10-02T19:10:41.573978-04:00,propline_free_sample
2026-09-30,2026-10-01 02:00:00+00:00,Kevin Gausman,2.5,over,-140,fanatics,287855,San Diego Padres,Chicago Cubs,2026-10-01T00:51:54.197839+00:00,2026-10-02T23:10:41.573978+00:00,2026-10-02T19:10:41.573978-04:00,2026-10-02T19:10:41.573978-04:00,propline_free_sample
2026-09-30,2026-10-01 02:00:00+00:00,Kevin Gausman,2.5,under,105,fanatics,287855,San Diego Padres,Chicago Cubs,2026-10-01T00:51:54.197839+00:00,2026-10-02T23:10:41.573978+00:00,2026-10-02T19:10:41.573978-04:00,2026-10-02T19:10:41.573978-04:00,propline_free_sample
2026-09-30,2026-10-01 02:00:00+00:00,Kevin Gausman,4.5,over,103,sleeper,287855,San Diego Padres,Chicago Cubs,2026-10-01T01:45:39.629196+00:00,2026-10-02T23:10:41.573978+00:00,2026-10-02T19:10:41.573978-04:00,2026-10-02T19:10:41.573978-04:00,propline_free_sample
2026-09-30,2026-10-01 02:00:00+00:00,Kevin Gausman,4.5,under,-172,sleeper,287855,San Diego Padres,Chicago Cubs,2026-10-01T01:45:39.629196+00:00,2026-10-02T23:10:41.573978+00:00,2026-10-02T19:10:41.573978-04:00,2026-10-02T19:10:41.573978-04:00,propline_free_sample
2026-09-30,2026-10-01 02:00:00+00:00,Kevin Gausman,1.5,over,-450,hardrock,287855,San Diego Padres,Chicago Cubs,2026-09-30T16:54:09.338993+00:00,2026-10-02T23:10:41.573978+00:00,2026-10-02T19:10:41.573978-04:00,2026-10-02T19:10:41.573978-04:00,propline_free_sample
2026-09-30,2026-10-01 02:00:00+00:00,Kevin Gausman,1.5,under,250,hardrock,287855,San Diego Padres,Chicago Cubs,2026-09-30T18:59:21.308352+00:00,2026-10-02T23:10:41.573978+00:00,2026-10-02T19:10:41.573978-04:00,2026-10-02T19:10:41.573978-04:00,propline_free_sample
2026-09-30,2026-10-01 02:00:00+00:00,Kevin Gausman,2.5,over,-125,hardrock,287855,San Diego Padres,Chicago Cubs,2026-10-01T01:42:49.229375+00:00,2026-10-02T23:10:41.573978+00:00,2026-10-02T19:10:41.573978-04:00,2026-10-02T19:10:41.573978-04:00,propline_free_sample
2026-09-30,2026-10-01 02:00:00+00:00,Kevin Gausman,2.5,under,-115,hardrock,287855,San Diego Padres,Chicago Cubs,2026-10-01T01:42:49.229375+00:00,2026-10-02T23:10:41.573978+00:00,2026-10-02T19:10:41.573978-04:00,2026-10-02T19:10:41.573978-04:00,propline_free_sample
2026-09-30,2026-10-01 02:00:00+00:00,Kevin Gausman,3.5,over,220,hardrock,287855,San Diego Padres,Chicago Cubs,2026-10-01T01:42:49.229375+00:00,2026-10-02T23:10:41.573978+00:00,2026-10-02T19:10:41.573978-04:00,2026-10-02T19:10:41.573978-04:00,propline_free_sample
2026-09-30,2026-10-01 02:00:00+00:00,Kevin Gausman,3.5,under,-350,hardrock,287855,San Diego Padres,Chicago Cubs,2026-10-01T01:43:51.782386+00:00,2026-10-02T23:10:41.573978+00:00,2026-10-02T19:10:41.573978-04:00,2026-10-02T19:10:41.573978-04:00,propline_free_sample
2026-09-30,2026-10-01 02:00:00+00:00,Kevin Gausman,4.5,over,525,hardrock,287855,San Diego Padres,Chicago Cubs,2026-10-01T01:42:49.229375+00:00,2026-10-02T23:10:41.573978+00:00,2026-10-02T19:10:41.573978-04:00,2026-10-02T19:10:41.573978-04:00,propline_free_sample
2026-09-30,2026-10-01 02:00:00+00:00,Kevin Gausman,4.5,under,-1500,hardrock,287855,San Diego Padres,Chicago Cubs,2026-10-01T01:43:51.782386+00:00,2026-10-02T23:10:41.573978+00:00,2026-10-02T19:10:41.573978-04:00,2026-10-02T19:10:41.573978-04:00,propline_free_sample
2026-09-30,2026-10-01 02:00:00+00:00,Kevin Gausman,5.5,over,1750,hardrock,287855,San Diego Padres,Chicago Cubs,2026-10-01T01:33:43.391738+00:00,2026-10-02T23:10:41.573978+00:00,2026-10-02T19:10:41.573978-04:00,2026-10-02T19:10:41.573978-04:00,propline_free_sample
2026-09-30,2026-10-01 02:00:00+00:00,Kevin Gausman,5.5,under,-10000,hardrock,287855,San Diego Padres,Chicago Cubs,2026-10-01T01:42:49.229375+00:00,2026-10-02T23:10:41.573978+00:00,2026-10-02T19:10:41.573978-04:00,2026-10-02T19:10:41.573978-04:00,propline_free_sample
2026-09-30,2026-10-01 02:00:00+00:00,Kevin Gausman,6.5,over,1750,hardrock,287855,San Diego Padres,Chicago Cubs,2026-10-01T01:42:49.229375+00:00,2026-10-02T23:10:41.573978+00:00,2026-10-02T19:10:41.573978-04:00,2026-10-02T19:10:41.573978-04:00,propline_free_sample
2026-09-30,2026-10-01 02:00:00+00:00,Kevin Gausman,6.5,under,-10000,hardrock,287855,San Diego Padres,Chicago Cubs,2026-10-01T01:42:49.229375+00:00,2026-10-02T23:10:41.573978+00:00,2026-10-02T19:10:41.573978-04:00,2026-10-02T19:10:41.573978-04:00,propline_free_sample
2026-09-30,2026-10-01 02:00:00+00:00,Kevin Gausman,7.5,over,4000,hardrock,287855,San Diego Padres,Chicago Cubs,2026-09-30T20:53:20.640046+00:00,2026-10-02T23:10:41.573978+00:00,2026-10-02T19:10:41.573978-04:00,2026-10-02T19:10:41.573978-04:00,propline_free_sample
2026-09-30,2026-10-01 02:00:00+00:00,Kevin Gausman,7.5,under,-50000,hardrock,287855,San Diego Padres,Chicago Cubs,2026-09-30T18:58:19.759874+00:00,2026-10-02T23:10:41.573978+00:00,2026-10-02T19:10:41.573978-04:00,2026-10-02T19:10:41.573978-04:00,propline_free_sample
2026-09-30,2026-10-01 02:00:00+00:00,Kevin Gausman,8.5,over,4000,hardrock,287855,San Diego Padres,Chicago Cubs,2026-09-30T18:59:21.308352+00:00,2026-10-02T23:10:41.573978+00:00,2026-10-02T19:10:41.573978-04:00,2026-10-02T19:10:41.573978-04:00,propline_free_sample
2026-09-30,2026-10-01 02:00:00+00:00,Kevin Gausman,8.5,under,-20000,hardrock,287855,San Diego Padres,Chicago Cubs,2026-09-30T19:02:27.700516+00:00,2026-10-02T23:10:41.573978+00:00,2026-10-02T19:10:41.573978-04:00,2026-10-02T19:10:41.573978-04:00,propline_free_sample
2026-09-30,2026-10-01 02:00:00+00:00,Kevin Gausman,3.5,over,-135,fliff,287855,San Diego Padres,Chicago Cubs,2026-10-01T01:42:51.131873+00:00,2026-10-02T23:10:41.573978+00:00,2026-10-02T19:10:41.573978-04:00,2026-10-02T19:10:41.573978-04:00,propline_free_sample
2026-09-30,2026-10-01 02:00:00+00:00,Kevin Gausman,3.5,under,-110,fliff,287855,San Diego Padres,Chicago Cubs,2026-10-01T01:42:51.131873+00:00,2026-10-02T23:10:41.573978+00:00,2026-10-02T19:10:41.573978-04:00,2026-10-02T19:10:41.573978-04:00,propline_free_sample
2026-09-30,2026-10-01 02:00:00+00:00,Kevin Gausman,4.5,over,-105,onexbet,287855,San Diego Padres,Chicago Cubs,2026-10-01T01:03:47.565892+00:00,2026-10-02T23:10:41.573978+00:00,2026-10-02T19:10:41.573978-04:00,2026-10-02T19:10:41.573978-04:00,propline_free_sample
2026-09-30,2026-10-01 02:00:00+00:00,Kevin Gausman,4.5,under,-130,onexbet,287855,San Diego Padres,Chicago Cubs,2026-10-01T01:03:47.565892+00:00,2026-10-02T23:10:41.573978+00:00,2026-10-02T19:10:41.573978-04:00,2026-10-02T19:10:41.573978-04:00,propline_free_sample
2026-09-30,2026-10-01 02:00:00+00:00,Kevin Gausman,5.5,over,100,prizepicks,287855,San Diego Padres,Chicago Cubs,2026-09-30T06:30:39.025624+00:00,2026-10-02T23:10:41.573978+00:00,2026-10-02T19:10:41.573978-04:00,2026-10-02T19:10:41.573978-04:00,propline_free_sample
2026-09-30,2026-10-01 02:00:00+00:00,Kevin Gausman,5.5,under,100,prizepicks,287855,San Diego Padres,Chicago Cubs,2026-09-30T06:30:39.025624+00:00,2026-10-02T23:10:41.573978+00:00,2026-10-02T19:10:41.573978-04:00,2026-10-02T19:10:41.573978-04:00,propline_free_sample
2026-09-30,2026-10-01 02:00:00+00:00,Kevin Gausman,6.5,under,100,prizepicks,287855,San Diego Padres,Chicago Cubs,2026-09-30T06:30:39.025624+00:00,2026-10-02T23:10:41.573978+00:00,2026-10-02T19:10:41.573978-04:00,2026-10-02T19:10:41.573978-04:00,propline_free_sample
2026-09-30,2026-10-01 02:00:00+00:00,Kevin Gausman,7.5,over,100,prizepicks,287855,San Diego Padres,Chicago Cubs,2026-09-30T06:30:39.025624+00:00,2026-10-02T23:10:41.573978+00:00,2026-10-02T19:10:41.573978-04:00,2026-10-02T19:10:41.573978-04:00,propline_free_sample
2026-09-30,2026-10-01 02:00:00+00:00,Kevin Gausman,3.5,under,100,prizepicks,287855,San Diego Padres,Chicago Cubs,2026-09-30T06:30:39.025624+00:00,2026-10-02T23:10:41.573978+00:00,2026-10-02T19:10:41.573978-04:00,2026-10-02T19:10:41.573978-04:00,propline_free_sample
2026-09-30,2026-10-01 02:00:00+00:00,Kevin Gausman,2.5,over,100,prizepicks,287855,San Diego Padres,Chicago Cubs,2026-09-30T06:30:39.025624+00:00,2026-10-02T23:10:41.573978+00:00,2026-10-02T19:10:41.573978-04:00,2026-10-02T19:10:41.573978-04:00,propline_free_sample
2026-09-30,2026-10-01 02:00:00+00:00,Kevin Gausman,2.5,under,100,prizepicks,287855,San Diego Padres,Chicago Cubs,2026-09-30T06:30:39.025624+00:00,2026-10-02T23:10:41.573978+00:00,2026-10-02T19:10:41.573978-04:00,2026-10-02T19:10:41.573978-04:00,propline_free_sample
2026-09-30,2026-10-01 02:00:00+00:00,Kevin Gausman,4.5,over,335,novig,287855,San Diego Padres,Chicago Cubs,2026-10-01T01:34:34.482686+00:00,2026-10-02T23:10:41.573978+00:00,2026-10-02T19:10:41.573978-04:00,2026-10-02T19:10:41.573978-04:00,propline_free_sample
2026-09-30,2026-10-01 02:00:00+00:00,Kevin Gausman,4.5,under,-19900,novig,287855,San Diego Padres,Chicago Cubs,2026-10-01T01:59:02.059876+00:00,2026-10-02T23:10:41.573978+00:00,2026-10-02T19:10:41.573978-04:00,2026-10-02T19:10:41.573978-04:00,propline_free_sample
2026-09-30,2026-10-01 02:00:00+00:00,Nick Pivetta,3.5,over,-669,polymarket_us,287855,San Diego Padres,Chicago Cubs,2026-09-30T15:32:07.402187+00:00,2026-10-02T23:10:41.573978+00:00,2026-10-02T19:10:41.573978-04:00,2026-10-02T19:10:41.573978-04:00,propline_free_sample
2026-09-30,2026-10-01 02:00:00+00:00,Nick Pivetta,4.5,over,9900,polymarket_us,287855,San Diego Padres,Chicago Cubs,2026-09-30T21:46:30.383945+00:00,2026-10-02T23:10:41.573978+00:00,2026-10-02T19:10:41.573978-04:00,2026-10-02T19:10:41.573978-04:00,propline_free_sample
2026-09-30,2026-10-01 02:00:00+00:00,Nick Pivetta,5.5,over,9900,polymarket_us,287855,San Diego Padres,Chicago Cubs,2026-09-30T23:04:15.025021+00:00,2026-10-02T23:10:41.573978+00:00,2026-10-02T19:10:41.573978-04:00,2026-10-02T19:10:41.573978-04:00,propline_free_sample
2026-09-30,2026-10-01 02:00:00+00:00,Nick Pivetta,5.5,under,-1011,polymarket_us,287855,San Diego Padres,Chicago Cubs,2026-09-30T23:04:15.025021+00:00,2026-10-02T23:10:41.573978+00:00,2026-10-02T19:10:41.573978-04:00,2026-10-02T19:10:41.573978-04:00,propline_free_sample
2026-09-30,2026-10-01 02:00:00+00:00,Nick Pivetta,6.5,over,9900,polymarket_us,287855,San Diego Padres,Chicago Cubs,2026-09-30T16:45:11.433290+00:00,2026-10-02T23:10:41.573978+00:00,2026-10-02T19:10:41.573978-04:00,2026-10-02T19:10:41.573978-04:00,propline_free_sample
2026-09-30,2026-10-01 02:00:00+00:00,Nick Pivetta,7.5,over,9900,polymarket_us,287855,San Diego Padres,Chicago Cubs,2026-10-01T01:26:43.939509+00:00,2026-10-02T23:10:41.573978+00:00,2026-10-02T19:10:41.573978-04:00,2026-10-02T19:10:41.573978-04:00,propline_free_sample
2026-09-30,2026-10-01 02:00:00+00:00,Nick Pivetta,8.5,over,9900,polymarket_us,287855,San Diego Padres,Chicago Cubs,2026-09-30T22:42:11.720736+00:00,2026-10-02T23:10:41.573978+00:00,2026-10-02T19:10:41.573978-04:00,2026-10-02T19:10:41.573978-04:00,propline_free_sample
2026-09-30,2026-10-01 02:00:00+00:00,Kevin Gausman,4.5,over,116,fanduel,287855,San Diego Padres,Chicago Cubs,2026-10-01T01:54:08.775277+00:00,2026-10-02T23:10:41.573978+00:00,2026-10-02T19:10:41.573978-04:00,2026-10-02T19:10:41.573978-04:00,propline_free_sample
2026-09-30,2026-10-01 02:00:00+00:00,Kevin Gausman,4.5,under,-148,fanduel,287855,San Diego Padres,Chicago Cubs,2026-10-01T01:31:23.609069+00:00,2026-10-02T23:10:41.573978+00:00,2026-10-02T19:10:41.573978-04:00,2026-10-02T19:10:41.573978-04:00,propline_free_sample
2026-09-30,2026-10-01 02:00:00+00:00,Nick Pivetta,4.5,over,100,prizepicks,287855,San Diego Padres,Chicago Cubs,2026-09-30T07:30:39.744346+00:00,2026-10-02T23:10:41.573978+00:00,2026-10-02T19:10:41.573978-04:00,2026-10-02T19:10:41.573978-04:00,propline_free_sample
2026-09-30,2026-10-01 02:00:00+00:00,Nick Pivetta,4.5,under,100,prizepicks,287855,San Diego Padres,Chicago Cubs,2026-09-30T07:30:39.744346+00:00,2026-10-02T23:10:41.573978+00:00,2026-10-02T19:10:41.573978-04:00,2026-10-02T19:10:41.573978-04:00,propline_free_sample
2026-09-30,2026-10-01 02:00:00+00:00,Kevin Gausman (CHC),3.5,over,-135,bovada,287855,San Diego Padres,Chicago Cubs,2026-09-30T21:11:05.002268+00:00,2026-10-02T23:10:41.573978+00:00,2026-10-02T19:10:41.573978-04:00,2026-10-02T19:10:41.573978-04:00,propline_free_sample
2026-09-30,2026-10-01 02:00:00+00:00,Kevin Gausman (CHC),3.5,under,105,bovada,287855,San Diego Padres,Chicago Cubs,2026-09-30T21:11:05.002268+00:00,2026-10-02T23:10:41.573978+00:00,2026-10-02T19:10:41.573978-04:00,2026-10-02T19:10:41.573978-04:00,propline_free_sample
2026-09-30,2026-10-01 02:00:00+00:00,Nick Pivetta,6.5,under,-1900,polymarket_us,287855,San Diego Padres,Chicago Cubs,2026-09-30T16:45:11.433290+00:00,2026-10-02T23:10:41.573978+00:00,2026-10-02T19:10:41.573978-04:00,2026-10-02T19:10:41.573978-04:00,propline_free_sample
2026-09-30,2026-10-01 02:00:00+00:00,Nick Pivetta,7.5,under,-1900,polymarket_us,287855,San Diego Padres,Chicago Cubs,2026-10-01T01:26:43.939509+00:00,2026-10-02T23:10:41.573978+00:00,2026-10-02T19:10:41.573978-04:00,2026-10-02T19:10:41.573978-04:00,propline_free_sample
2026-09-30,2026-10-01 02:00:00+00:00,Nick Pivetta,8.5,under,-1900,polymarket_us,287855,San Diego Padres,Chicago Cubs,2026-09-30T13:15:56.272363+00:00,2026-10-02T23:10:41.573978+00:00,2026-10-02T19:10:41.573978-04:00,2026-10-02T19:10:41.573978-04:00,propline_free_sample
2026-09-30,2026-10-01 02:00:00+00:00,Kevin Gausman,1.5,over,9900,kalshi,287855,San Diego Padres,Chicago Cubs,2026-10-01T01:16:43.568785+00:00,2026-10-02T23:10:41.573978+00:00,2026-10-02T19:10:41.573978-04:00,2026-10-02T19:10:41.573978-04:00,propline_free_sample
2026-09-30,2026-10-01 02:00:00+00:00,Kevin Gausman,1.5,under,-733,kalshi,287855,San Diego Padres,Chicago Cubs,2026-10-01T01:02:38.884997+00:00,2026-10-02T23:10:41.573978+00:00,2026-10-02T19:10:41.573978-04:00,2026-10-02T19:10:41.573978-04:00,propline_free_sample
2026-09-30,2026-10-01 02:00:00+00:00,Kevin Gausman,2.5,over,9900,kalshi,287855,San Diego Padres,Chicago Cubs,2026-09-30T19:12:40.962900+00:00,2026-10-02T23:10:41.573978+00:00,2026-10-02T19:10:41.573978-04:00,2026-10-02T19:10:41.573978-04:00,propline_free_sample
2026-09-30,2026-10-01 02:00:00+00:00,Nick Pivetta,2.5,over,-9900,kalshi,287855,San Diego Padres,Chicago Cubs,2026-09-30T17:37:37.171002+00:00,2026-10-02T23:10:41.573978+00:00,2026-10-02T19:10:41.573978-04:00,2026-10-02T19:10:41.573978-04:00,propline_free_sample
2026-09-30,2026-10-01 02:00:00+00:00,Nick Pivetta,2.5,under,9900,kalshi,287855,San Diego Padres,Chicago Cubs,2026-09-30T13:20:47.768638+00:00,2026-10-02T23:10:41.573978+00:00,2026-10-02T19:10:41.573978-04:00,2026-10-02T19:10:41.573978-04:00,propline_free_sample
2026-09-30,2026-10-01 02:00:00+00:00,Kevin Gausman,3.5,over,9900,kalshi,287855,San Diego Padres,Chicago Cubs,2026-10-01T01:50:02.662838+00:00,2026-10-02T23:10:41.573978+00:00,2026-10-02T19:10:41.573978-04:00,2026-10-02T19:10:41.573978-04:00,propline_free_sample
2026-09-30,2026-10-01 02:00:00+00:00,Nick Pivetta,3.5,over,-1150,kalshi,287855,San Diego Padres,Chicago Cubs,2026-09-30T15:29:07.063522+00:00,2026-10-02T23:10:41.573978+00:00,2026-10-02T19:10:41.573978-04:00,2026-10-02T19:10:41.573978-04:00,propline_free_sample
2026-09-30,2026-10-01 02:00:00+00:00,Kevin Gausman,4.5,over,9900,kalshi,287855,San Diego Padres,Chicago Cubs,2026-10-01T00:30:16.255796+00:00,2026-10-02T23:10:41.573978+00:00,2026-10-02T19:10:41.573978-04:00,2026-10-02T19:10:41.573978-04:00,propline_free_sample
2026-09-30,2026-10-01 02:00:00+00:00,Nick Pivetta,4.5,over,9900,kalshi,287855,San Diego Padres,Chicago Cubs,2026-10-01T01:45:41.197123+00:00,2026-10-02T23:10:41.573978+00:00,2026-10-02T19:10:41.573978-04:00,2026-10-02T19:10:41.573978-04:00,propline_free_sample
2026-09-30,2026-10-01 02:00:00+00:00,Kevin Gausman,5.5,over,9900,kalshi,287855,San Diego Padres,Chicago Cubs,2026-10-01T01:58:29.052611+00:00,2026-10-02T23:10:41.573978+00:00,2026-10-02T19:10:41.573978-04:00,2026-10-02T19:10:41.573978-04:00,propline_free_sample
2026-09-30,2026-10-01 02:00:00+00:00,Nick Pivetta,5.5,over,9900,kalshi,287855,San Diego Padres,Chicago Cubs,2026-10-01T01:59:30.211974+00:00,2026-10-02T23:10:41.573978+00:00,2026-10-02T19:10:41.573978-04:00,2026-10-02T19:10:41.573978-04:00,propline_free_sample
2026-09-30,2026-10-01 02:00:00+00:00,Kevin Gausman,6.5,over,9900,kalshi,287855,San Diego Padres,Chicago Cubs,2026-10-01T01:49:25.342049+00:00,2026-10-02T23:10:41.573978+00:00,2026-10-02T19:10:41.573978-04:00,2026-10-02T19:10:41.573978-04:00,propline_free_sample
2026-09-30,2026-10-01 02:00:00+00:00,Nick Pivetta,6.5,over,9900,kalshi,287855,San Diego Padres,Chicago Cubs,2026-10-01T01:47:54.409135+00:00,2026-10-02T23:10:41.573978+00:00,2026-10-02T19:10:41.573978-04:00,2026-10-02T19:10:41.573978-04:00,propline_free_sample
2026-09-30,2026-10-01 02:00:00+00:00,Kevin Gausman,7.5,over,9900,kalshi,287855,San Diego Padres,Chicago Cubs,2026-10-01T01:58:29.052611+00:00,2026-10-02T23:10:41.573978+00:00,2026-10-02T19:10:41.573978-04:00,2026-10-02T19:10:41.573978-04:00,propline_free_sample
2026-09-30,2026-10-01 02:00:00+00:00,Nick Pivetta,7.5,over,9900,kalshi,287855,San Diego Padres,Chicago Cubs,2026-10-01T01:47:14.403910+00:00,2026-10-02T23:10:41.573978+00:00,2026-10-02T19:10:41.573978-04:00,2026-10-02T19:10:41.573978-04:00,propline_free_sample
2026-09-30,2026-10-01 02:00:00+00:00,Kevin Gausman,8.5,over,9900,kalshi,287855,San Diego Padres,Chicago Cubs,2026-10-01T01:58:15.358274+00:00,2026-10-02T23:10:41.573978+00:00,2026-10-02T19:10:41.573978-04:00,2026-10-02T19:10:41.573978-04:00,propline_free_sample
2026-09-30,2026-10-01 02:00:00+00:00,Nick Pivetta,8.5,over,9900,kalshi,287855,San Diego Padres,Chicago Cubs,2026-10-01T01:49:35.325236+00:00,2026-10-02T23:10:41.573978+00:00,2026-10-02T19:10:41.573978-04:00,2026-10-02T19:10:41.573978-04:00,propline_free_sample
2026-09-30,2026-10-01 02:00:00+00:00,Nick Pivetta,4.5,under,-335,polymarket_us,287855,San Diego Padres,Chicago Cubs,2026-09-30T21:46:30.383945+00:00,2026-10-02T23:10:41.573978+00:00,2026-10-02T19:10:41.573978-04:00,2026-10-02T19:10:41.573978-04:00,propline_free_sample
2026-09-30,2026-10-01 02:00:00+00:00,Nick Pivetta,10.5,over,9900,polymarket_us,287855,San Diego Padres,Chicago Cubs,2026-09-30T23:19:15.362792+00:00,2026-10-02T23:10:41.573978+00:00,2026-10-02T19:10:41.573978-04:00,2026-10-02T19:10:41.573978-04:00,propline_free_sample
2026-09-30,2026-10-01 02:00:00+00:00,Nick Pivetta,11.5,over,9900,polymarket_us,287855,San Diego Padres,Chicago Cubs,2026-10-01T01:53:07.788740+00:00,2026-10-02T23:10:41.573978+00:00,2026-10-02T19:10:41.573978-04:00,2026-10-02T19:10:41.573978-04:00,propline_free_sample
2026-09-30,2026-10-01 02:00:00+00:00,Nick Pivetta,9.5,over,9900,polymarket_us,287855,San Diego Padres,Chicago Cubs,2026-09-30T18:06:17.484838+00:00,2026-10-02T23:10:41.573978+00:00,2026-10-02T19:10:41.573978-04:00,2026-10-02T19:10:41.573978-04:00,propline_free_sample
2026-09-30,2026-10-01 02:00:00+00:00,Nick Pivetta,3.5,under,9900,kalshi,287855,San Diego Padres,Chicago Cubs,2026-10-01T01:41:00.816759+00:00,2026-10-02T23:10:41.573978+00:00,2026-10-02T19:10:41.573978-04:00,2026-10-02T19:10:41.573978-04:00,propline_free_sample
2026-09-30,2026-10-01 02:00:00+00:00,Nick Pivetta,4.5,under,-104,kalshi,287855,San Diego Padres,Chicago Cubs,2026-10-01T01:45:41.197123+00:00,2026-10-02T23:10:41.573978+00:00,2026-10-02T19:10:41.573978-04:00,2026-10-02T19:10:41.573978-04:00,propline_free_sample
2026-09-30,2026-10-01 02:00:00+00:00,Nick Pivetta,5.5,under,-400,kalshi,287855,San Diego Padres,Chicago Cubs,2026-10-01T01:59:56.904306+00:00,2026-10-02T23:10:41.573978+00:00,2026-10-02T19:10:41.573978-04:00,2026-10-02T19:10:41.573978-04:00,propline_free_sample
2026-09-30,2026-10-01 02:00:00+00:00,Kevin Gausman,4.5,over,140,prophetx,287855,San Diego Padres,Chicago Cubs,2026-10-01T01:26:44.034015+00:00,2026-10-02T23:10:41.573978+00:00,2026-10-02T19:10:41.573978-04:00,2026-10-02T19:10:41.573978-04:00,propline_free_sample
2026-09-30,2026-10-01 02:00:00+00:00,Nick Pivetta,3.5,under,9900,polymarket_us,287855,San Diego Padres,Chicago Cubs,2026-09-30T15:32:07.402187+00:00,2026-10-02T23:10:41.573978+00:00,2026-10-02T19:10:41.573978-04:00,2026-10-02T19:10:41.573978-04:00,propline_free_sample
2026-09-30,2026-10-01 02:00:00+00:00,Kevin Gausman,4.5,under,-150,prophetx,287855,San Diego Padres,Chicago Cubs,2026-10-01T01:21:39.121949+00:00,2026-10-02T23:10:41.573978+00:00,2026-10-02T19:10:41.573978-04:00,2026-10-02T19:10:41.573978-04:00,propline_free_sample
2026-09-30,2026-10-01 02:00:00+00:00,Kevin Gausman,3.5,under,-614,kalshi,287855,San Diego Padres,Chicago Cubs,2026-10-01T01:56:58.498269+00:00,2026-10-02T23:10:41.573978+00:00,2026-10-02T19:10:41.573978-04:00,2026-10-02T19:10:41.573978-04:00,propline_free_sample
2026-09-30,2026-10-01 02:00:00+00:00,Kevin Gausman,4.5,under,-4900,kalshi,287855,San Diego Padres,Chicago Cubs,2026-10-01T00:30:16.255796+00:00,2026-10-02T23:10:41.573978+00:00,2026-10-02T19:10:41.573978-04:00,2026-10-02T19:10:41.573978-04:00,propline_free_sample
2026-09-30,2026-10-01 02:00:00+00:00,Kevin Gausman,5.5,under,-9900,kalshi,287855,San Diego Padres,Chicago Cubs,2026-10-01T01:53:58.694923+00:00,2026-10-02T23:10:41.573978+00:00,2026-10-02T19:10:41.573978-04:00,2026-10-02T19:10:41.573978-04:00,propline_free_sample
2026-09-30,2026-10-01 02:00:00+00:00,Nick Pivetta,6.5,under,-1567,kalshi,287855,San Diego Padres,Chicago Cubs,2026-10-01T01:46:34.168401+00:00,2026-10-02T23:10:41.573978+00:00,2026-10-02T19:10:41.573978-04:00,2026-10-02T19:10:41.573978-04:00,propline_free_sample
2026-09-30,2026-10-01 02:00:00+00:00,Kevin Gausman,2.5,under,-426,kalshi,287855,San Diego Padres,Chicago Cubs,2026-09-30T19:11:09.965313+00:00,2026-10-02T23:10:41.573978+00:00,2026-10-02T19:10:41.573978-04:00,2026-10-02T19:10:41.573978-04:00,propline_free_sample
2026-09-30,2026-10-01 02:00:00+00:00,Kevin Gausman,6.5,under,-900,kalshi,287855,San Diego Padres,Chicago Cubs,2026-10-01T01:49:25.342049+00:00,2026-10-02T23:10:41.573978+00:00,2026-10-02T19:10:41.573978-04:00,2026-10-02T19:10:41.573978-04:00,propline_free_sample
2026-09-30,2026-10-01 02:00:00+00:00,Nick Pivetta,7.5,under,-4900,kalshi,287855,San Diego Padres,Chicago Cubs,2026-10-01T01:56:58.498269+00:00,2026-10-02T23:10:41.573978+00:00,2026-10-02T19:10:41.573978-04:00,2026-10-02T19:10:41.573978-04:00,propline_free_sample
2026-09-30,2026-10-01 02:00:00+00:00,Kevin Gausman,7.5,under,-2400,kalshi,287855,San Diego Padres,Chicago Cubs,2026-10-01T01:58:29.052611+00:00,2026-10-02T23:10:41.573978+00:00,2026-10-02T19:10:41.573978-04:00,2026-10-02T19:10:41.573978-04:00,propline_free_sample
2026-09-30,2026-10-01 02:00:00+00:00,Nick Pivetta,8.5,under,-900,kalshi,287855,San Diego Padres,Chicago Cubs,2026-10-01T01:56:58.498269+00:00,2026-10-02T23:10:41.573978+00:00,2026-10-02T19:10:41.573978-04:00,2026-10-02T19:10:41.573978-04:00,propline_free_sample
2026-09-30,2026-10-01 02:00:00+00:00,Kevin Gausman,4.5,over,100,prizepicks,287855,San Diego Padres,Chicago Cubs,2026-09-30T08:36:39.541889+00:00,2026-10-02T23:10:41.573978+00:00,2026-10-02T19:10:41.573978-04:00,2026-10-02T19:10:41.573978-04:00,propline_free_sample
2026-09-30,2026-10-01 02:00:00+00:00,Kevin Gausman,4.5,under,100,prizepicks,287855,San Diego Padres,Chicago Cubs,2026-09-30T08:36:39.541889+00:00,2026-10-02T23:10:41.573978+00:00,2026-10-02T19:10:41.573978-04:00,2026-10-02T19:10:41.573978-04:00,propline_free_sample
2026-09-30,2026-10-01 02:00:00+00:00,Nick Pivetta,8.5,over,100,prizepicks,287855,San Diego Padres,Chicago Cubs,2026-09-30T08:36:39.541889+00:00,2026-10-02T23:10:41.573978+00:00,2026-10-02T19:10:41.573978-04:00,2026-10-02T19:10:41.573978-04:00,propline_free_sample
2026-09-30,2026-10-01 02:00:00+00:00,Kevin Gausman,9.5,over,4000,hardrock,287855,San Diego Padres,Chicago Cubs,2026-09-30T08:40:55.950763+00:00,2026-10-02T23:10:41.573978+00:00,2026-10-02T19:10:41.573978-04:00,2026-10-02T19:10:41.573978-04:00,propline_free_sample
2026-09-30,2026-10-01 02:00:00+00:00,Kevin Gausman,9.5,under,-50000,hardrock,287855,San Diego Padres,Chicago Cubs,2026-10-01T01:43:51.782386+00:00,2026-10-02T23:10:41.573978+00:00,2026-10-02T19:10:41.573978-04:00,2026-10-02T19:10:41.573978-04:00,propline_free_sample
2026-09-30,2026-10-01 02:00:00+00:00,Kevin Gausman,4.5,over,109,rebet,287855,San Diego Padres,Chicago Cubs,2026-09-30T22:02:26.986770+00:00,2026-10-02T23:10:41.573978+00:00,2026-10-02T19:10:41.573978-04:00,2026-10-02T19:10:41.573978-04:00,propline_free_sample
2026-09-30,2026-10-01 02:00:00+00:00,Kevin Gausman,4.5,under,-152,rebet,287855,San Diego Padres,Chicago Cubs,2026-09-30T22:02:26.986770+00:00,2026-10-02T23:10:41.573978+00:00,2026-10-02T19:10:41.573978-04:00,2026-10-02T19:10:41.573978-04:00,propline_free_sample
2026-09-30,2026-10-01 02:00:00+00:00,Nick Pivetta,4.5,over,-127,rebet,287855,San Diego Padres,Chicago Cubs,2026-09-30T22:57:13.122838+00:00,2026-10-02T23:10:41.573978+00:00,2026-10-02T19:10:41.573978-04:00,2026-10-02T19:10:41.573978-04:00,propline_free_sample
2026-09-30,2026-10-01 02:00:00+00:00,Nick Pivetta,4.5,under,-109,rebet,287855,San Diego Padres,Chicago Cubs,2026-09-30T22:57:13.122838+00:00,2026-10-02T23:10:41.573978+00:00,2026-10-02T19:10:41.573978-04:00,2026-10-02T19:10:41.573978-04:00,propline_free_sample
2026-09-30,2026-10-01 02:00:00+00:00,Kevin Gausman,8.5,under,-3233,kalshi,287855,San Diego Padres,Chicago Cubs,2026-10-01T01:19:32.272653+00:00,2026-10-02T23:10:41.573978+00:00,2026-10-02T19:10:41.573978-04:00,2026-10-02T19:10:41.573978-04:00,propline_free_sample
2026-09-30,2026-10-01 02:00:00+00:00,Kevin Gausman,3.5,over,355,novig,287855,San Diego Padres,Chicago Cubs,2026-10-01T01:59:02.059876+00:00,2026-10-02T23:10:41.573978+00:00,2026-10-02T19:10:41.573978-04:00,2026-10-02T19:10:41.573978-04:00,propline_free_sample
2026-09-30,2026-10-01 02:00:00+00:00,Kevin Gausman,3.5,under,-99900,novig,287855,San Diego Padres,Chicago Cubs,2026-10-01T00:55:45.895451+00:00,2026-10-02T23:10:41.573978+00:00,2026-10-02T19:10:41.573978-04:00,2026-10-02T19:10:41.573978-04:00,propline_free_sample
2026-09-30,2026-10-01 02:00:00+00:00,Kevin Gausman,5.5,over,-156,novig,287855,San Diego Padres,Chicago Cubs,2026-10-01T01:57:08.161029+00:00,2026-10-02T23:10:41.573978+00:00,2026-10-02T19:10:41.573978-04:00,2026-10-02T19:10:41.573978-04:00,propline_free_sample
2026-09-30,2026-10-01 02:00:00+00:00,Kevin Gausman,5.5,under,100,novig,287855,San Diego Padres,Chicago Cubs,2026-10-01T00:43:43.233944+00:00,2026-10-02T23:10:41.573978+00:00,2026-10-02T19:10:41.573978-04:00,2026-10-02T19:10:41.573978-04:00,propline_free_sample
2026-09-30,2026-10-01 02:00:00+00:00,Nick Pivetta,4.5,over,-208,parlayplay,287855,San Diego Padres,Chicago Cubs,2026-09-30T10:33:56.120035+00:00,2026-10-02T23:10:41.573978+00:00,2026-10-02T19:10:41.573978-04:00,2026-10-02T19:10:41.573978-04:00,propline_free_sample
2026-09-30,2026-10-01 02:00:00+00:00,Nick Pivetta,4.5,under,128,parlayplay,287855,San Diego Padres,Chicago Cubs,2026-09-30T10:33:56.120035+00:00,2026-10-02T23:10:41.573978+00:00,2026-10-02T19:10:41.573978-04:00,2026-10-02T19:10:41.573978-04:00,propline_free_sample
2026-09-30,2026-10-01 02:00:00+00:00,Nick Pivetta,4.5,over,-120,courtside,287855,San Diego Padres,Chicago Cubs,2026-10-01T01:42:52.280767+00:00,2026-10-02T23:10:41.573978+00:00,2026-10-02T19:10:41.573978-04:00,2026-10-02T19:10:41.573978-04:00,propline_free_sample
2026-09-30,2026-10-01 02:00:00+00:00,Nick Pivetta,4.5,under,-106,courtside,287855,San Diego Padres,Chicago Cubs,2026-10-01T01:37:48.090333+00:00,2026-10-02T23:10:41.573978+00:00,2026-10-02T19:10:41.573978-04:00,2026-10-02T19:10:41.573978-04:00,propline_free_sample
2026-09-30,2026-10-01 02:00:00+00:00,Nick Pivetta,4.5,under,-118,prophetx,287855,San Diego Padres,Chicago Cubs,2026-10-01T01:16:47.219775+00:00,2026-10-02T23:10:41.573978+00:00,2026-10-02T19:10:41.573978-04:00,2026-10-02T19:10:41.573978-04:00,propline_free_sample
2026-09-30,2026-10-01 02:00:00+00:00,Nick Pivetta,5.5,over,130,parlayplay,287855,San Diego Padres,Chicago Cubs,2026-09-30T10:36:56.912752+00:00,2026-10-02T23:10:41.573978+00:00,2026-10-02T19:10:41.573978-04:00,2026-10-02T19:10:41.573978-04:00,propline_free_sample
2026-09-30,2026-10-01 02:00:00+00:00,Nick Pivetta,5.5,under,-200,parlayplay,287855,San Diego Padres,Chicago Cubs,2026-09-30T10:34:56.262386+00:00,2026-10-02T23:10:41.573978+00:00,2026-10-02T19:10:41.573978-04:00,2026-10-02T19:10:41.573978-04:00,propline_free_sample
2026-09-30,2026-10-01 02:00:00+00:00,Kevin Gausman,2.5,over,-125,betmgm,287855,San Diego Padres,Chicago Cubs,2026-10-01T00:31:51.673925+00:00,2026-10-02T23:10:41.573978+00:00,2026-10-02T19:10:41.573978-04:00,2026-10-02T19:10:41.573978-04:00,propline_free_sample
2026-09-30,2026-10-01 02:00:00+00:00,Kevin Gausman,2.5,under,-105,betmgm,287855,San Diego Padres,Chicago Cubs,2026-10-01T00:31:51.673925+00:00,2026-10-02T23:10:41.573978+00:00,2026-10-02T19:10:41.573978-04:00,2026-10-02T19:10:41.573978-04:00,propline_free_sample
2026-09-30,2026-10-01 02:00:00+00:00,Nick Pivetta,4.5,over,-160,betmgm,287855,San Diego Padres,Chicago Cubs,2026-10-01T01:15:44.003588+00:00,2026-10-02T23:10:41.573978+00:00,2026-10-02T19:10:41.573978-04:00,2026-10-02T19:10:41.573978-04:00,propline_free_sample
2026-09-30,2026-10-01 02:00:00+00:00,Nick Pivetta,4.5,under,125,betmgm,287855,San Diego Padres,Chicago Cubs,2026-10-01T01:15:44.003588+00:00,2026-10-02T23:10:41.573978+00:00,2026-10-02T19:10:41.573978-04:00,2026-10-02T19:10:41.573978-04:00,propline_free_sample
2026-09-30,2026-10-01 02:00:00+00:00,Nick Pivetta,4.5,over,-614,novig,287855,San Diego Padres,Chicago Cubs,2026-10-01T01:50:01.295105+00:00,2026-10-02T23:10:41.573978+00:00,2026-10-02T19:10:41.573978-04:00,2026-10-02T19:10:41.573978-04:00,propline_free_sample
2026-09-30,2026-10-01 02:00:00+00:00,Nick Pivetta,4.5,under,170,novig,287855,San Diego Padres,Chicago Cubs,2026-10-01T01:50:01.295105+00:00,2026-10-02T23:10:41.573978+00:00,2026-10-02T19:10:41.573978-04:00,2026-10-02T19:10:41.573978-04:00,propline_free_sample
2026-09-30,2026-10-01 02:00:00+00:00,Nick Pivetta,5.0,over,-295,prophetx,287855,San Diego Padres,Chicago Cubs,2026-09-30T15:05:05.809189+00:00,2026-10-02T23:10:41.573978+00:00,2026-10-02T19:10:41.573978-04:00,2026-10-02T19:10:41.573978-04:00,propline_free_sample
2026-09-30,2026-10-01 02:00:00+00:00,Kevin Gausman,4.5,over,120,pinnacle,287855,San Diego Padres,Chicago Cubs,2026-10-01T01:54:58.604772+00:00,2026-10-02T23:10:41.573978+00:00,2026-10-02T19:10:41.573978-04:00,2026-10-02T19:10:41.573978-04:00,propline_free_sample
2026-09-30,2026-10-01 02:00:00+00:00,Kevin Gausman,4.5,under,-145,pinnacle,287855,San Diego Padres,Chicago Cubs,2026-10-01T01:54:58.604772+00:00,2026-10-02T23:10:41.573978+00:00,2026-10-02T19:10:41.573978-04:00,2026-10-02T19:10:41.573978-04:00,propline_free_sample
2026-09-30,2026-10-01 02:00:00+00:00,Nick Pivetta,4.5,over,-112,pinnacle,287855,San Diego Padres,Chicago Cubs,2026-10-01T01:09:39.991649+00:00,2026-10-02T23:10:41.573978+00:00,2026-10-02T19:10:41.573978-04:00,2026-10-02T19:10:41.573978-04:00,propline_free_sample
2026-09-30,2026-10-01 02:00:00+00:00,Nick Pivetta,4.5,under,-108,pinnacle,287855,San Diego Padres,Chicago Cubs,2026-10-01T01:09:39.991649+00:00,2026-10-02T23:10:41.573978+00:00,2026-10-02T19:10:41.573978-04:00,2026-10-02T19:10:41.573978-04:00,propline_free_sample
2026-09-30,2026-10-01 02:00:00+00:00,Kevin Gausman,3.5,over,9900,polymarket_us,287855,San Diego Padres,Chicago Cubs,2026-09-30T23:27:20.439108+00:00,2026-10-02T23:10:41.573978+00:00,2026-10-02T19:10:41.573978-04:00,2026-10-02T19:10:41.573978-04:00,propline_free_sample
2026-09-30,2026-10-01 02:00:00+00:00,Kevin Gausman,4.5,over,9900,polymarket_us,287855,San Diego Padres,Chicago Cubs,2026-10-01T00:46:45.857009+00:00,2026-10-02T23:10:41.573978+00:00,2026-10-02T19:10:41.573978-04:00,2026-10-02T19:10:41.573978-04:00,propline_free_sample
2026-09-30,2026-10-01 02:00:00+00:00,Kevin Gausman,5.5,over,9900,polymarket_us,287855,San Diego Padres,Chicago Cubs,2026-10-01T01:51:03.353091+00:00,2026-10-02T23:10:41.573978+00:00,2026-10-02T19:10:41.573978-04:00,2026-10-02T19:10:41.573978-04:00,propline_free_sample
2026-09-30,2026-10-01 02:00:00+00:00,Kevin Gausman,6.5,over,9900,polymarket_us,287855,San Diego Padres,Chicago Cubs,2026-09-30T17:47:59.454463+00:00,2026-10-02T23:10:41.573978+00:00,2026-10-02T19:10:41.573978-04:00,2026-10-02T19:10:41.573978-04:00,propline_free_sample
2026-09-30,2026-10-01 02:00:00+00:00,Kevin Gausman,3.5,under,-733,polymarket_us,287855,San Diego Padres,Chicago Cubs,2026-09-30T23:27:20.439108+00:00,2026-10-02T23:10:41.573978+00:00,2026-10-02T19:10:41.573978-04:00,2026-10-02T19:10:41.573978-04:00,propline_free_sample
2026-09-30,2026-10-01 02:00:00+00:00,Kevin Gausman,4.5,under,-2400,polymarket_us,287855,San Diego Padres,Chicago Cubs,2026-10-01T00:46:45.857009+00:00,2026-10-02T23:10:41.573978+00:00,2026-10-02T19:10:41.573978-04:00,2026-10-02T19:10:41.573978-04:00,propline_free_sample
2026-09-30,2026-10-01 02:00:00+00:00,Kevin Gausman,5.5,under,-1329,polymarket_us,287855,San Diego Padres,Chicago Cubs,2026-10-01T01:51:03.353091+00:00,2026-10-02T23:10:41.573978+00:00,2026-10-02T19:10:41.573978-04:00,2026-10-02T19:10:41.573978-04:00,propline_free_sample
2026-09-30,2026-10-01 02:00:00+00:00,Kevin Gausman,7.5,over,9900,polymarket_us,287855,San Diego Padres,Chicago Cubs,2026-09-30T19:05:21.357648+00:00,2026-10-02T23:10:41.573978+00:00,2026-10-02T19:10:41.573978-04:00,2026-10-02T19:10:41.573978-04:00,propline_free_sample
2026-09-30,2026-10-01 02:00:00+00:00,Kevin Gausman,7.5,under,-1900,polymarket_us,287855,San Diego Padres,Chicago Cubs,2026-09-30T18:08:11.654444+00:00,2026-10-02T23:10:41.573978+00:00,2026-10-02T19:10:41.573978-04:00,2026-10-02T19:10:41.573978-04:00,propline_free_sample
2026-09-30,2026-10-01 02:00:00+00:00,Kevin Gausman,8.5,over,9900,polymarket_us,287855,San Diego Padres,Chicago Cubs,2026-09-30T20:55:16.937088+00:00,2026-10-02T23:10:41.573978+00:00,2026-10-02T19:10:41.573978-04:00,2026-10-02T19:10:41.573978-04:00,propline_free_sample
2026-09-30,2026-10-01 02:00:00+00:00,Kevin Gausman,6.5,under,-2400,polymarket_us,287855,San Diego Padres,Chicago Cubs,2026-09-30T17:13:00.253855+00:00,2026-10-02T23:10:41.573978+00:00,2026-10-02T19:10:41.573978-04:00,2026-10-02T19:10:41.573978-04:00,propline_free_sample
2026-09-30,2026-10-01 02:00:00+00:00,Nick Pivetta,10.5,under,-2400,polymarket_us,287855,San Diego Padres,Chicago Cubs,2026-09-30T16:25:08.825460+00:00,2026-10-02T23:10:41.573978+00:00,2026-10-02T19:10:41.573978-04:00,2026-10-02T19:10:41.573978-04:00,propline_free_sample
2026-09-30,2026-10-01 02:00:00+00:00,Kevin Gausman,10.5,over,9900,polymarket_us,287855,San Diego Padres,Chicago Cubs,2026-09-30T18:37:20.243640+00:00,2026-10-02T23:10:41.573978+00:00,2026-10-02T19:10:41.573978-04:00,2026-10-02T19:10:41.573978-04:00,propline_free_sample
2026-09-30,2026-10-01 02:00:00+00:00,Kevin Gausman,9.5,over,9900,polymarket_us,287855,San Diego Padres,Chicago Cubs,2026-09-30T18:06:17.484838+00:00,2026-10-02T23:10:41.573978+00:00,2026-10-02T19:10:41.573978-04:00,2026-10-02T19:10:41.573978-04:00,propline_free_sample
2026-09-30,2026-10-01 02:00:00+00:00,Kevin Gausman,8.5,under,-2400,polymarket_us,287855,San Diego Padres,Chicago Cubs,2026-09-30T17:02:09.296804+00:00,2026-10-02T23:10:41.573978+00:00,2026-10-02T19:10:41.573978-04:00,2026-10-02T19:10:41.573978-04:00,propline_free_sample
2026-09-30,2026-10-01 02:00:00+00:00,Kevin Gausman,11.5,over,9900,polymarket_us,287855,San Diego Padres,Chicago Cubs,2026-09-30T18:37:20.243640+00:00,2026-10-02T23:10:41.573978+00:00,2026-10-02T19:10:41.573978-04:00,2026-10-02T19:10:41.573978-04:00,propline_free_sample
2026-09-30,2026-10-01 02:00:00+00:00,Kevin Gausman,2.5,over,138,novig,287855,San Diego Padres,Chicago Cubs,2026-10-01T01:45:43.176186+00:00,2026-10-02T23:10:41.573978+00:00,2026-10-02T19:10:41.573978-04:00,2026-10-02T19:10:41.573978-04:00,propline_free_sample
2026-09-30,2026-10-01 02:00:00+00:00,Kevin Gausman,2.5,under,-525,novig,287855,San Diego Padres,Chicago Cubs,2026-10-01T01:19:45.988602+00:00,2026-10-02T23:10:41.573978+00:00,2026-10-02T19:10:41.573978-04:00,2026-10-02T19:10:41.573978-04:00,propline_free_sample
2026-09-30,2026-10-01 02:00:00+00:00,Nick Pivetta,3.5,over,-8991,novig,287855,San Diego Padres,Chicago Cubs,2026-09-30T21:16:15.480539+00:00,2026-10-02T23:10:41.573978+00:00,2026-10-02T19:10:41.573978-04:00,2026-10-02T19:10:41.573978-04:00,propline_free_sample
2026-09-30,2026-10-01 02:00:00+00:00,Nick Pivetta,3.5,under,376,novig,287855,San Diego Padres,Chicago Cubs,2026-10-01T01:42:43.425846+00:00,2026-10-02T23:10:41.573978+00:00,2026-10-02T19:10:41.573978-04:00,2026-10-02T19:10:41.573978-04:00,propline_free_sample
2026-09-30,2026-10-01 02:00:00+00:00,Kevin Gausman,1.5,over,-1150,novig,287855,San Diego Padres,Chicago Cubs,2026-10-01T01:56:03.096641+00:00,2026-10-02T23:10:41.573978+00:00,2026-10-02T19:10:41.573978-04:00,2026-10-02T19:10:41.573978-04:00,propline_free_sample
2026-09-30,2026-10-01 02:00:00+00:00,Kevin Gausman,1.5,under,300,novig,287855,San Diego Padres,Chicago Cubs,2026-10-01T00:05:50.285957+00:00,2026-10-02T23:10:41.573978+00:00,2026-10-02T19:10:41.573978-04:00,2026-10-02T19:10:41.573978-04:00,propline_free_sample
2026-09-30,2026-10-01 02:00:00+00:00,Nick Pivetta,6.5,over,117,novig,287855,San Diego Padres,Chicago Cubs,2026-10-01T01:59:02.059876+00:00,2026-10-02T23:10:41.573978+00:00,2026-10-02T19:10:41.573978-04:00,2026-10-02T19:10:41.573978-04:00,propline_free_sample
2026-09-30,2026-10-01 02:00:00+00:00,Nick Pivetta,6.5,under,-525,novig,287855,San Diego Padres,Chicago Cubs,2026-10-01T00:08:50.908641+00:00,2026-10-02T23:10:41.573978+00:00,2026-10-02T19:10:41.573978-04:00,2026-10-02T19:10:41.573978-04:00,propline_free_sample
2026-09-30,2026-10-01 02:00:00+00:00,Kevin Gausman,0.5,over,-4000,hardrock,287855,San Diego Padres,Chicago Cubs,,2026-10-02T23:10:41.573978+00:00,2026-10-02T19:10:41.573978-04:00,2026-10-02T19:10:41.573978-04:00,propline_free_sample
2026-09-30,2026-10-01 02:00:00+00:00,Kevin Gausman,0.5,under,850,hardrock,287855,San Diego Padres,Chicago Cubs,,2026-10-02T23:10:41.573978+00:00,2026-10-02T19:10:41.573978-04:00,2026-10-02T19:10:41.573978-04:00,propline_free_sample
2026-09-30,2026-10-01 02:00:00+00:00,Kevin Gausman,3.5,over,-155,courtside,287855,San Diego Padres,Chicago Cubs,,2026-10-02T23:10:41.573978+00:00,2026-10-02T19:10:41.573978-04:00,2026-10-02T19:10:41.573978-04:00,propline_free_sample
2026-09-30,2026-10-01 02:00:00+00:00,Kevin Gausman,3.5,under,115,courtside,287855,San Diego Padres,Chicago Cubs,,2026-10-02T23:10:41.573978+00:00,2026-10-02T19:10:41.573978-04:00,2026-10-02T19:10:41.573978-04:00,propline_free_sample
2026-09-30,2026-10-01 02:00:00+00:00,Nick Pivetta,6.5,over,125,courtside,287855,San Diego Padres,Chicago Cubs,,2026-10-02T23:10:41.573978+00:00,2026-10-02T19:10:41.573978-04:00,2026-10-02T19:10:41.573978-04:00,propline_free_sample
2026-09-30,2026-10-01 02:00:00+00:00,Nick Pivetta,6.5,under,-175,courtside,287855,San Diego Padres,Chicago Cubs,,2026-10-02T23:10:41.573978+00:00,2026-10-02T19:10:41.573978-04:00,2026-10-02T19:10:41.573978-04:00,propline_free_sample
2026-09-30,2026-10-01 00:00:00+00:00,Max Fried,6.5,over,-139,underdog,282531,New York Yankees,Boston Red Sox,2026-09-30T23:22:09.044716+00:00,2026-10-02T23:10:41.573978+00:00,2026-10-02T19:10:41.573978-04:00,2026-10-02T19:10:41.573978-04:00,propline_free_sample
2026-09-30,2026-10-01 00:00:00+00:00,Sonny Gray,5.5,over,119,underdog,282531,New York Yankees,Boston Red Sox,2026-09-30T19:54:08.505113+00:00,2026-10-02T23:10:41.573978+00:00,2026-10-02T19:10:41.573978-04:00,2026-10-02T19:10:41.573978-04:00,propline_free_sample
2026-09-30,2026-10-01 00:00:00+00:00,Max Fried,6.5,under,-108,underdog,282531,New York Yankees,Boston Red Sox,2026-09-30T23:22:09.044716+00:00,2026-10-02T23:10:41.573978+00:00,2026-10-02T19:10:41.573978-04:00,2026-10-02T19:10:41.573978-04:00,propline_free_sample
2026-09-30,2026-10-01 00:00:00+00:00,Sonny Gray,5.5,under,-179,underdog,282531,New York Yankees,Boston Red Sox,2026-09-30T19:54:08.505113+00:00,2026-10-02T23:10:41.573978+00:00,2026-10-02T19:10:41.573978-04:00,2026-10-02T19:10:41.573978-04:00,propline_free_sample
2026-09-30,2026-10-01 00:00:00+00:00,Max Fried,5.5,over,-108,smarkets,282531,New York Yankees,Boston Red Sox,2026-09-30T23:59:16.479412+00:00,2026-10-02T23:10:41.573978+00:00,2026-10-02T19:10:41.573978-04:00,2026-10-02T19:10:41.573978-04:00,propline_free_sample
2026-09-30,2026-10-01 00:00:00+00:00,Max Fried,5.5,under,-128,smarkets,282531,New York Yankees,Boston Red Sox,2026-09-30T14:17:05.537283+00:00,2026-10-02T23:10:41.573978+00:00,2026-10-02T19:10:41.573978-04:00,2026-10-02T19:10:41.573978-04:00,propline_free_sample
2026-09-30,2026-10-01 00:00:00+00:00,Sonny Gray,5.5,over,110,smarkets,282531,New York Yankees,Boston Red Sox,2026-09-30T23:40:16.309664+00:00,2026-10-02T23:10:41.573978+00:00,2026-10-02T19:10:41.573978-04:00,2026-10-02T19:10:41.573978-04:00,propline_free_sample
2026-09-30,2026-10-01 00:00:00+00:00,Sonny Gray,5.5,under,-154,smarkets,282531,New York Yankees,Boston Red Sox,2026-09-30T23:59:16.479412+00:00,2026-10-02T23:10:41.573978+00:00,2026-10-02T19:10:41.573978-04:00,2026-10-02T19:10:41.573978-04:00,propline_free_sample
2026-09-30,2026-10-01 00:00:00+00:00,Max Fried,5.5,over,100,prizepicks,282531,New York Yankees,Boston Red Sox,2026-09-30T02:39:38.580191+00:00,2026-10-02T23:10:41.573978+00:00,2026-10-02T19:10:41.573978-04:00,2026-10-02T19:10:41.573978-04:00,propline_free_sample
2026-09-30,2026-10-01 00:00:00+00:00,Sonny Gray,5.5,over,100,prizepicks,282531,New York Yankees,Boston Red Sox,2026-09-30T02:39:38.580191+00:00,2026-10-02T23:10:41.573978+00:00,2026-10-02T19:10:41.573978-04:00,2026-10-02T19:10:41.573978-04:00,propline_free_sample
2026-09-30,2026-10-01 00:00:00+00:00,Max Fried,5.5,under,100,prizepicks,282531,New York Yankees,Boston Red Sox,2026-09-30T02:39:38.580191+00:00,2026-10-02T23:10:41.573978+00:00,2026-10-02T19:10:41.573978-04:00,2026-10-02T19:10:41.573978-04:00,propline_free_sample
2026-09-30,2026-10-01 00:00:00+00:00,Sonny Gray,5.5,under,100,prizepicks,282531,New York Yankees,Boston Red Sox,2026-09-30T02:39:38.580191+00:00,2026-10-02T23:10:41.573978+00:00,2026-10-02T19:10:41.573978-04:00,2026-10-02T19:10:41.573978-04:00,propline_free_sample
2026-09-30,2026-10-01 00:00:00+00:00,Max Fried,5.5,over,-103,draftkings,282531,New York Yankees,Boston Red Sox,2026-09-30T23:59:04.063007+00:00,2026-10-02T23:10:41.573978+00:00,2026-10-02T19:10:41.573978-04:00,2026-10-02T19:10:41.573978-04:00,propline_free_sample
2026-09-30,2026-10-01 00:00:00+00:00,Max Fried,5.5,under,-124,draftkings,282531,New York Yankees,Boston Red Sox,2026-09-30T23:59:04.063007+00:00,2026-10-02T23:10:41.573978+00:00,2026-10-02T19:10:41.573978-04:00,2026-10-02T19:10:41.573978-04:00,propline_free_sample
2026-09-30,2026-10-01 00:00:00+00:00,Sonny Gray,5.5,over,-102,draftkings,282531,New York Yankees,Boston Red Sox,2026-09-30T23:58:38.458237+00:00,2026-10-02T23:10:41.573978+00:00,2026-10-02T19:10:41.573978-04:00,2026-10-02T19:10:41.573978-04:00,propline_free_sample
2026-09-30,2026-10-01 00:00:00+00:00,Sonny Gray,5.5,under,-125,draftkings,282531,New York Yankees,Boston Red Sox,2026-09-30T23:58:38.458237+00:00,2026-10-02T23:10:41.573978+00:00,2026-10-02T19:10:41.573978-04:00,2026-10-02T19:10:41.573978-04:00,propline_free_sample
2026-09-30,2026-10-01 00:00:00+00:00,Sonny Gray,6.5,over,-200,parlayplay,282531,New York Yankees,Boston Red Sox,2026-09-30T09:02:54.488283+00:00,2026-10-02T23:10:41.573978+00:00,2026-10-02T19:10:41.573978-04:00,2026-10-02T19:10:41.573978-04:00,propline_free_sample
2026-09-30,2026-10-01 00:00:00+00:00,Sonny Gray,6.5,under,119,parlayplay,282531,New York Yankees,Boston Red Sox,2026-09-30T09:16:54.690179+00:00,2026-10-02T23:10:41.573978+00:00,2026-10-02T19:10:41.573978-04:00,2026-10-02T19:10:41.573978-04:00,propline_free_sample
2026-09-30,2026-10-01 00:00:00+00:00,Max Fried,5.5,over,-152,parlayplay,282531,New York Yankees,Boston Red Sox,2026-09-30T23:59:24.114180+00:00,2026-10-02T23:10:41.573978+00:00,2026-10-02T19:10:41.573978-04:00,2026-10-02T19:10:41.573978-04:00,propline_free_sample
2026-09-30,2026-10-01 00:00:00+00:00,Max Fried,5.5,under,101,parlayplay,282531,New York Yankees,Boston Red Sox,2026-09-30T23:59:24.114180+00:00,2026-10-02T23:10:41.573978+00:00,2026-10-02T19:10:41.573978-04:00,2026-10-02T19:10:41.573978-04:00,propline_free_sample
2026-09-30,2026-10-01 00:00:00+00:00,Max Fried,5.5,over,100,prizepicks,282531,New York Yankees,Boston Red Sox,2026-09-30T03:26:35.049742+00:00,2026-10-02T23:10:41.573978+00:00,2026-10-02T19:10:41.573978-04:00,2026-10-02T19:10:41.573978-04:00,propline_free_sample
2026-09-30,2026-10-01 00:00:00+00:00,Max Fried,5.5,under,100,prizepicks,282531,New York Yankees,Boston Red Sox,2026-09-30T03:26:35.049742+00:00,2026-10-02T23:10:41.573978+00:00,2026-10-02T19:10:41.573978-04:00,2026-10-02T19:10:41.573978-04:00,propline_free_sample
2026-09-30,2026-10-01 00:00:00+00:00,Max Fried,6.5,over,100,prizepicks,282531,New York Yankees,Boston Red Sox,2026-09-30T03:26:35.049742+00:00,2026-10-02T23:10:41.573978+00:00,2026-10-02T19:10:41.573978-04:00,2026-10-02T19:10:41.573978-04:00,propline_free_sample
2026-09-30,2026-10-01 00:00:00+00:00,Sonny Gray,6.5,over,100,prizepicks,282531,New York Yankees,Boston Red Sox,2026-09-30T03:26:35.049742+00:00,2026-10-02T23:10:41.573978+00:00,2026-10-02T19:10:41.573978-04:00,2026-10-02T19:10:41.573978-04:00,propline_free_sample
2026-09-30,2026-10-01 00:00:00+00:00,Max Fried,7.5,over,100,prizepicks,282531,New York Yankees,Boston Red Sox,2026-09-30T03:26:35.049742+00:00,2026-10-02T23:10:41.573978+00:00,2026-10-02T19:10:41.573978-04:00,2026-10-02T19:10:41.573978-04:00,propline_free_sample
2026-09-30,2026-10-01 00:00:00+00:00,Sonny Gray,7.5,over,100,prizepicks,282531,New York Yankees,Boston Red Sox,2026-09-30T03:26:35.049742+00:00,2026-10-02T23:10:41.573978+00:00,2026-10-02T19:10:41.573978-04:00,2026-10-02T19:10:41.573978-04:00,propline_free_sample
2026-09-30,2026-10-01 00:00:00+00:00,Max Fried,8.5,over,100,prizepicks,282531,New York Yankees,Boston Red Sox,2026-09-30T03:26:35.049742+00:00,2026-10-02T23:10:41.573978+00:00,2026-10-02T19:10:41.573978-04:00,2026-10-02T19:10:41.573978-04:00,propline_free_sample
2026-09-30,2026-10-01 00:00:00+00:00,Sonny Gray,8.5,over,100,prizepicks,282531,New York Yankees,Boston Red Sox,2026-09-30T03:26:35.049742+00:00,2026-10-02T23:10:41.573978+00:00,2026-10-02T19:10:41.573978-04:00,2026-10-02T19:10:41.573978-04:00,propline_free_sample
2026-09-30,2026-10-01 00:00:00+00:00,Max Fried,3.5,over,100,prizepicks,282531,New York Yankees,Boston Red Sox,2026-09-30T03:26:35.049742+00:00,2026-10-02T23:10:41.573978+00:00,2026-10-02T19:10:41.573978-04:00,2026-10-02T19:10:41.573978-04:00,propline_free_sample
2026-09-30,2026-10-01 00:00:00+00:00,Sonny Gray,3.5,over,100,prizepicks,282531,New York Yankees,Boston Red Sox,2026-09-30T03:26:35.049742+00:00,2026-10-02T23:10:41.573978+00:00,2026-10-02T19:10:41.573978-04:00,2026-10-02T19:10:41.573978-04:00,propline_free_sample
2026-09-30,2026-10-01 00:00:00+00:00,Max Fried,4.5,over,100,prizepicks,282531,New York Yankees,Boston Red Sox,2026-09-30T03:26:35.049742+00:00,2026-10-02T23:10:41.573978+00:00,2026-10-02T19:10:41.573978-04:00,2026-10-02T19:10:41.573978-04:00,propline_free_sample
2026-09-30,2026-10-01 00:00:00+00:00,Sonny Gray,4.5,over,100,prizepicks,282531,New York Yankees,Boston Red Sox,2026-09-30T03:26:35.049742+00:00,2026-10-02T23:10:41.573978+00:00,2026-10-02T19:10:41.573978-04:00,2026-10-02T19:10:41.573978-04:00,propline_free_sample
2026-09-30,2026-10-01 00:00:00+00:00,Max Fried,5.5,over,-170,courtside,282531,New York Yankees,Boston Red Sox,2026-09-30T23:59:24.945338+00:00,2026-10-02T23:10:41.573978+00:00,2026-10-02T19:10:41.573978-04:00,2026-10-02T19:10:41.573978-04:00,propline_free_sample
2026-09-30,2026-10-01 00:00:00+00:00,Max Fried,5.5,under,125,courtside,282531,New York Yankees,Boston Red Sox,2026-09-30T23:59:24.945338+00:00,2026-10-02T23:10:41.573978+00:00,2026-10-02T19:10:41.573978-04:00,2026-10-02T19:10:41.573978-04:00,propline_free_sample
2026-09-30,2026-10-01 00:00:00+00:00,Sonny Gray,5.5,over,-145,courtside,282531,New York Yankees,Boston Red Sox,2026-09-30T23:59:24.945338+00:00,2026-10-02T23:10:41.573978+00:00,2026-10-02T19:10:41.573978-04:00,2026-10-02T19:10:41.573978-04:00,propline_free_sample
2026-09-30,2026-10-01 00:00:00+00:00,Sonny Gray,5.5,under,110,courtside,282531,New York Yankees,Boston Red Sox,2026-09-30T23:59:24.945338+00:00,2026-10-02T23:10:41.573978+00:00,2026-10-02T19:10:41.573978-04:00,2026-10-02T19:10:41.573978-04:00,propline_free_sample
2026-09-30,2026-10-01 00:00:00+00:00,Max Fried,1.5,over,-7000,hardrock,282531,New York Yankees,Boston Red Sox,2026-09-30T12:02:54.782125+00:00,2026-10-02T23:10:41.573978+00:00,2026-10-02T19:10:41.573978-04:00,2026-10-02T19:10:41.573978-04:00,propline_free_sample
2026-09-30,2026-10-01 00:00:00+00:00,Max Fried,1.5,under,1750,hardrock,282531,New York Yankees,Boston Red Sox,2026-09-30T21:31:31.578979+00:00,2026-10-02T23:10:41.573978+00:00,2026-10-02T19:10:41.573978-04:00,2026-10-02T19:10:41.573978-04:00,propline_free_sample
2026-09-30,2026-10-01 00:00:00+00:00,Max Fried,2.5,over,-8000,hardrock,282531,New York Yankees,Boston Red Sox,2026-09-30T12:12:56.365259+00:00,2026-10-02T23:10:41.573978+00:00,2026-10-02T19:10:41.573978-04:00,2026-10-02T19:10:41.573978-04:00,propline_free_sample
2026-09-30,2026-10-01 00:00:00+00:00,Max Fried,2.5,under,2000,hardrock,282531,New York Yankees,Boston Red Sox,2026-09-30T14:02:01.192143+00:00,2026-10-02T23:10:41.573978+00:00,2026-10-02T19:10:41.573978-04:00,2026-10-02T19:10:41.573978-04:00,propline_free_sample
2026-09-30,2026-10-01 00:00:00+00:00,Max Fried,3.5,over,-5000,hardrock,282531,New York Yankees,Boston Red Sox,2026-09-30T19:21:13.666257+00:00,2026-10-02T23:10:41.573978+00:00,2026-10-02T19:10:41.573978-04:00,2026-10-02T19:10:41.573978-04:00,propline_free_sample
2026-09-30,2026-10-01 00:00:00+00:00,Max Fried,3.5,under,1000,hardrock,282531,New York Yankees,Boston Red Sox,2026-09-30T14:02:01.192143+00:00,2026-10-02T23:10:41.573978+00:00,2026-10-02T19:10:41.573978-04:00,2026-10-02T19:10:41.573978-04:00,propline_free_sample
2026-09-30,2026-10-01 00:00:00+00:00,Max Fried,4.5,over,-525,hardrock,282531,New York Yankees,Boston Red Sox,2026-09-30T19:21:13.666257+00:00,2026-10-02T23:10:41.573978+00:00,2026-10-02T19:10:41.573978-04:00,2026-10-02T19:10:41.573978-04:00,propline_free_sample
2026-09-30,2026-10-01 00:00:00+00:00,Max Fried,4.5,under,300,hardrock,282531,New York Yankees,Boston Red Sox,2026-09-30T16:29:10.374338+00:00,2026-10-02T23:10:41.573978+00:00,2026-10-02T19:10:41.573978-04:00,2026-10-02T19:10:41.573978-04:00,propline_free_sample
2026-09-30,2026-10-01 00:00:00+00:00,Max Fried,5.5,over,-155,hardrock,282531,New York Yankees,Boston Red Sox,2026-09-30T23:29:25.717339+00:00,2026-10-02T23:10:41.573978+00:00,2026-10-02T19:10:41.573978-04:00,2026-10-02T19:10:41.573978-04:00,propline_free_sample
2026-09-30,2026-10-01 00:00:00+00:00,Max Fried,5.5,under,105,hardrock,282531,New York Yankees,Boston Red Sox,2026-09-30T23:29:25.717339+00:00,2026-10-02T23:10:41.573978+00:00,2026-10-02T19:10:41.573978-04:00,2026-10-02T19:10:41.573978-04:00,propline_free_sample
2026-09-30,2026-10-01 00:00:00+00:00,Max Fried,6.5,over,175,hardrock,282531,New York Yankees,Boston Red Sox,2026-09-30T19:21:13.666257+00:00,2026-10-02T23:10:41.573978+00:00,2026-10-02T19:10:41.573978-04:00,2026-10-02T19:10:41.573978-04:00,propline_free_sample
2026-09-30,2026-10-01 00:00:00+00:00,Max Fried,6.5,under,-260,hardrock,282531,New York Yankees,Boston Red Sox,2026-09-30T14:02:01.192143+00:00,2026-10-02T23:10:41.573978+00:00,2026-10-02T19:10:41.573978-04:00,2026-10-02T19:10:41.573978-04:00,propline_free_sample
2026-09-30,2026-10-01 00:00:00+00:00,Max Fried,7.5,over,425,hardrock,282531,New York Yankees,Boston Red Sox,2026-09-30T14:02:01.192143+00:00,2026-10-02T23:10:41.573978+00:00,2026-10-02T19:10:41.573978-04:00,2026-10-02T19:10:41.573978-04:00,propline_free_sample
2026-09-30,2026-10-01 00:00:00+00:00,Max Fried,7.5,under,-950,hardrock,282531,New York Yankees,Boston Red Sox,2026-09-30T21:46:33.445508+00:00,2026-10-02T23:10:41.573978+00:00,2026-10-02T19:10:41.573978-04:00,2026-10-02T19:10:41.573978-04:00,propline_free_sample
2026-09-30,2026-10-01 00:00:00+00:00,Max Fried,8.5,over,1100,hardrock,282531,New York Yankees,Boston Red Sox,2026-09-30T12:02:54.782125+00:00,2026-10-02T23:10:41.573978+00:00,2026-10-02T19:10:41.573978-04:00,2026-10-02T19:10:41.573978-04:00,propline_free_sample
2026-09-30,2026-10-01 00:00:00+00:00,Max Fried,8.5,under,-5000,hardrock,282531,New York Yankees,Boston Red Sox,2026-09-30T13:40:01.587905+00:00,2026-10-02T23:10:41.573978+00:00,2026-10-02T19:10:41.573978-04:00,2026-10-02T19:10:41.573978-04:00,propline_free_sample
2026-09-30,2026-10-01 00:00:00+00:00,Max Fried,9.5,over,4000,hardrock,282531,New York Yankees,Boston Red Sox,2026-09-30T18:44:23.941712+00:00,2026-10-02T23:10:41.573978+00:00,2026-10-02T19:10:41.573978-04:00,2026-10-02T19:10:41.573978-04:00,propline_free_sample
2026-09-30,2026-10-01 00:00:00+00:00,Max Fried,9.5,under,-50000,hardrock,282531,New York Yankees,Boston Red Sox,2026-09-30T18:44:23.941712+00:00,2026-10-02T23:10:41.573978+00:00,2026-10-02T19:10:41.573978-04:00,2026-10-02T19:10:41.573978-04:00,propline_free_sample
2026-09-30,2026-10-01 00:00:00+00:00,Sonny Gray,1.5,over,-10000,hardrock,282531,New York Yankees,Boston Red Sox,2026-09-30T22:10:51.898933+00:00,2026-10-02T23:10:41.573978+00:00,2026-10-02T19:10:41.573978-04:00,2026-10-02T19:10:41.573978-04:00,propline_free_sample
2026-09-30,2026-10-01 00:00:00+00:00,Sonny Gray,1.5,under,2500,hardrock,282531,New York Yankees,Boston Red Sox,2026-09-30T19:46:16.276146+00:00,2026-10-02T23:10:41.573978+00:00,2026-10-02T19:10:41.573978-04:00,2026-10-02T19:10:41.573978-04:00,propline_free_sample
2026-09-30,2026-10-01 00:00:00+00:00,Sonny Gray,2.5,over,-5000,hardrock,282531,New York Yankees,Boston Red Sox,2026-09-30T12:56:09.154584+00:00,2026-10-02T23:10:41.573978+00:00,2026-10-02T19:10:41.573978-04:00,2026-10-02T19:10:41.573978-04:00,propline_free_sample
2026-09-30,2026-10-01 00:00:00+00:00,Sonny Gray,2.5,under,1200,hardrock,282531,New York Yankees,Boston Red Sox,2026-09-30T12:56:09.154584+00:00,2026-10-02T23:10:41.573978+00:00,2026-10-02T19:10:41.573978-04:00,2026-10-02T19:10:41.573978-04:00,propline_free_sample
2026-09-30,2026-10-01 00:00:00+00:00,Sonny Gray,3.5,over,-7000,hardrock,282531,New York Yankees,Boston Red Sox,2026-09-30T22:17:27.916054+00:00,2026-10-02T23:10:41.573978+00:00,2026-10-02T19:10:41.573978-04:00,2026-10-02T19:10:41.573978-04:00,propline_free_sample
2026-09-30,2026-10-01 00:00:00+00:00,Sonny Gray,3.5,under,1750,hardrock,282531,New York Yankees,Boston Red Sox,2026-09-30T12:56:09.154584+00:00,2026-10-02T23:10:41.573978+00:00,2026-10-02T19:10:41.573978-04:00,2026-10-02T19:10:41.573978-04:00,propline_free_sample
2026-09-30,2026-10-01 00:00:00+00:00,Sonny Gray,4.5,over,-750,hardrock,282531,New York Yankees,Boston Red Sox,2026-09-30T22:45:15.167150+00:00,2026-10-02T23:10:41.573978+00:00,2026-10-02T19:10:41.573978-04:00,2026-10-02T19:10:41.573978-04:00,propline_free_sample
2026-09-30,2026-10-01 00:00:00+00:00,Sonny Gray,4.5,under,375,hardrock,282531,New York Yankees,Boston Red Sox,2026-09-30T22:45:15.167150+00:00,2026-10-02T23:10:41.573978+00:00,2026-10-02T19:10:41.573978-04:00,2026-10-02T19:10:41.573978-04:00,propline_free_sample
2026-09-30,2026-10-01 00:00:00+00:00,Sonny Gray,5.5,over,-170,hardrock,282531,New York Yankees,Boston Red Sox,2026-09-30T22:56:15.839857+00:00,2026-10-02T23:10:41.573978+00:00,2026-10-02T19:10:41.573978-04:00,2026-10-02T19:10:41.573978-04:00,propline_free_sample
2026-09-30,2026-10-01 00:00:00+00:00,Sonny Gray,5.5,under,120,hardrock,282531,New York Yankees,Boston Red Sox,2026-09-30T22:45:15.167150+00:00,2026-10-02T23:10:41.573978+00:00,2026-10-02T19:10:41.573978-04:00,2026-10-02T19:10:41.573978-04:00,propline_free_sample
2026-09-30,2026-10-01 00:00:00+00:00,Sonny Gray,6.5,over,175,hardrock,282531,New York Yankees,Boston Red Sox,2026-09-30T22:45:15.167150+00:00,2026-10-02T23:10:41.573978+00:00,2026-10-02T19:10:41.573978-04:00,2026-10-02T19:10:41.573978-04:00,propline_free_sample
2026-09-30,2026-10-01 00:00:00+00:00,Sonny Gray,6.5,under,-275,hardrock,282531,New York Yankees,Boston Red Sox,2026-09-30T22:00:37.394287+00:00,2026-10-02T23:10:41.573978+00:00,2026-10-02T19:10:41.573978-04:00,2026-10-02T19:10:41.573978-04:00,propline_free_sample
2026-09-30,2026-10-01 00:00:00+00:00,Sonny Gray,7.5,over,500,hardrock,282531,New York Yankees,Boston Red Sox,2026-09-30T22:45:15.167150+00:00,2026-10-02T23:10:41.573978+00:00,2026-10-02T19:10:41.573978-04:00,2026-10-02T19:10:41.573978-04:00,propline_free_sample
2026-09-30,2026-10-01 00:00:00+00:00,Sonny Gray,7.5,under,-1200,hardrock,282531,New York Yankees,Boston Red Sox,2026-09-30T22:10:51.898933+00:00,2026-10-02T23:10:41.573978+00:00,2026-10-02T19:10:41.573978-04:00,2026-10-02T19:10:41.573978-04:00,propline_free_sample
2026-09-30,2026-10-01 00:00:00+00:00,Sonny Gray,8.5,over,1750,hardrock,282531,New York Yankees,Boston Red Sox,2026-09-30T22:10:51.898933+00:00,2026-10-02T23:10:41.573978+00:00,2026-10-02T19:10:41.573978-04:00,2026-10-02T19:10:41.573978-04:00,propline_free_sample
2026-09-30,2026-10-01 00:00:00+00:00,Sonny Gray,8.5,under,-9000,hardrock,282531,New York Yankees,Boston Red Sox,2026-09-30T22:10:51.898933+00:00,2026-10-02T23:10:41.573978+00:00,2026-10-02T19:10:41.573978-04:00,2026-10-02T19:10:41.573978-04:00,propline_free_sample
2026-09-30,2026-10-01 00:00:00+00:00,Sonny Gray,9.5,over,4000,hardrock,282531,New York Yankees,Boston Red Sox,2026-09-30T14:07:59.976448+00:00,2026-10-02T23:10:41.573978+00:00,2026-10-02T19:10:41.573978-04:00,2026-10-02T19:10:41.573978-04:00,propline_free_sample
2026-09-30,2026-10-01 00:00:00+00:00,Sonny Gray,9.5,under,-100000,hardrock,282531,New York Yankees,Boston Red Sox,2026-09-30T22:10:51.898933+00:00,2026-10-02T23:10:41.573978+00:00,2026-10-02T19:10:41.573978-04:00,2026-10-02T19:10:41.573978-04:00,propline_free_sample
2026-09-30,2026-10-01 00:00:00+00:00,Max Fried,6.5,under,100,prizepicks,282531,New York Yankees,Boston Red Sox,2026-09-30T03:31:35.951402+00:00,2026-10-02T23:10:41.573978+00:00,2026-10-02T19:10:41.573978-04:00,2026-10-02T19:10:41.573978-04:00,propline_free_sample
2026-09-30,2026-10-01 00:00:00+00:00,Sonny Gray,6.5,under,100,prizepicks,282531,New York Yankees,Boston Red Sox,2026-09-30T03:31:35.951402+00:00,2026-10-02T23:10:41.573978+00:00,2026-10-02T19:10:41.573978-04:00,2026-10-02T19:10:41.573978-04:00,propline_free_sample
2026-09-30,2026-10-01 00:00:00+00:00,Max Fried,7.5,under,100,prizepicks,282531,New York Yankees,Boston Red Sox,2026-09-30T03:31:35.951402+00:00,2026-10-02T23:10:41.573978+00:00,2026-10-02T19:10:41.573978-04:00,2026-10-02T19:10:41.573978-04:00,propline_free_sample
2026-09-30,2026-10-01 00:00:00+00:00,Sonny Gray,7.5,under,100,prizepicks,282531,New York Yankees,Boston Red Sox,2026-09-30T03:31:35.951402+00:00,2026-10-02T23:10:41.573978+00:00,2026-10-02T19:10:41.573978-04:00,2026-10-02T19:10:41.573978-04:00,propline_free_sample
2026-09-30,2026-10-01 00:00:00+00:00,Max Fried,3.5,under,100,prizepicks,282531,New York Yankees,Boston Red Sox,2026-09-30T03:31:35.951402+00:00,2026-10-02T23:10:41.573978+00:00,2026-10-02T19:10:41.573978-04:00,2026-10-02T19:10:41.573978-04:00,propline_free_sample
2026-09-30,2026-10-01 00:00:00+00:00,Sonny Gray,3.5,under,100,prizepicks,282531,New York Yankees,Boston Red Sox,2026-09-30T03:31:35.951402+00:00,2026-10-02T23:10:41.573978+00:00,2026-10-02T19:10:41.573978-04:00,2026-10-02T19:10:41.573978-04:00,propline_free_sample
2026-09-30,2026-10-01 00:00:00+00:00,Max Fried,4.5,under,100,prizepicks,282531,New York Yankees,Boston Red Sox,2026-09-30T03:31:35.951402+00:00,2026-10-02T23:10:41.573978+00:00,2026-10-02T19:10:41.573978-04:00,2026-10-02T19:10:41.573978-04:00,propline_free_sample
2026-09-30,2026-10-01 00:00:00+00:00,Sonny Gray,4.5,under,100,prizepicks,282531,New York Yankees,Boston Red Sox,2026-09-30T03:31:35.951402+00:00,2026-10-02T23:10:41.573978+00:00,2026-10-02T19:10:41.573978-04:00,2026-10-02T19:10:41.573978-04:00,propline_free_sample
2026-09-30,2026-10-01 00:00:00+00:00,Sonny Gray,10.5,over,4000,hardrock,282531,New York Yankees,Boston Red Sox,2026-09-30T03:33:45.965330+00:00,2026-10-02T23:10:41.573978+00:00,2026-10-02T19:10:41.573978-04:00,2026-10-02T19:10:41.573978-04:00,propline_free_sample
2026-09-30,2026-10-01 00:00:00+00:00,Sonny Gray,10.5,under,-50000,hardrock,282531,New York Yankees,Boston Red Sox,2026-09-30T10:54:52.747744+00:00,2026-10-02T23:10:41.573978+00:00,2026-10-02T19:10:41.573978-04:00,2026-10-02T19:10:41.573978-04:00,propline_free_sample
2026-09-30,2026-10-01 00:00:00+00:00,Sonny Gray,11.5,over,4000,hardrock,282531,New York Yankees,Boston Red Sox,2026-09-30T04:29:49.856508+00:00,2026-10-02T23:10:41.573978+00:00,2026-10-02T19:10:41.573978-04:00,2026-10-02T19:10:41.573978-04:00,propline_free_sample
2026-09-30,2026-10-01 00:00:00+00:00,Sonny Gray,11.5,under,-50000,hardrock,282531,New York Yankees,Boston Red Sox,2026-09-30T09:52:54.486899+00:00,2026-10-02T23:10:41.573978+00:00,2026-10-02T19:10:41.573978-04:00,2026-10-02T19:10:41.573978-04:00,propline_free_sample
2026-09-30,2026-10-01 00:00:00+00:00,Max Fried,5.5,over,-115,sleeper,282531,New York Yankees,Boston Red Sox,2026-09-30T23:31:09.196507+00:00,2026-10-02T23:10:41.573978+00:00,2026-10-02T19:10:41.573978-04:00,2026-10-02T19:10:41.573978-04:00,propline_free_sample
2026-09-30,2026-10-01 00:00:00+00:00,Sonny Gray,5.5,over,-108,sleeper,282531,New York Yankees,Boston Red Sox,2026-09-30T23:18:06.776698+00:00,2026-10-02T23:10:41.573978+00:00,2026-10-02T19:10:41.573978-04:00,2026-10-02T19:10:41.573978-04:00,propline_free_sample
2026-09-30,2026-10-01 00:00:00+00:00,Max Fried,5.5,under,-143,sleeper,282531,New York Yankees,Boston Red Sox,2026-09-30T23:31:09.196507+00:00,2026-10-02T23:10:41.573978+00:00,2026-10-02T19:10:41.573978-04:00,2026-10-02T19:10:41.573978-04:00,propline_free_sample
2026-09-30,2026-10-01 00:00:00+00:00,Sonny Gray,5.5,under,-154,sleeper,282531,New York Yankees,Boston Red Sox,2026-09-30T23:38:01.808769+00:00,2026-10-02T23:10:41.573978+00:00,2026-10-02T19:10:41.573978-04:00,2026-10-02T19:10:41.573978-04:00,propline_free_sample
2026-09-30,2026-10-01 00:00:00+00:00,Max Fried,5.5,over,-150,fliff,282531,New York Yankees,Boston Red Sox,2026-09-30T15:13:14.918508+00:00,2026-10-02T23:10:41.573978+00:00,2026-10-02T19:10:41.573978-04:00,2026-10-02T19:10:41.573978-04:00,propline_free_sample
2026-09-30,2026-10-01 00:00:00+00:00,Sonny Gray,5.5,over,-140,fliff,282531,New York Yankees,Boston Red Sox,2026-09-30T21:06:18.721688+00:00,2026-10-02T23:10:41.573978+00:00,2026-10-02T19:10:41.573978-04:00,2026-10-02T19:10:41.573978-04:00,propline_free_sample
2026-09-30,2026-10-01 00:00:00+00:00,Max Fried,5.5,under,100,fliff,282531,New York Yankees,Boston Red Sox,2026-09-30T15:13:14.918508+00:00,2026-10-02T23:10:41.573978+00:00,2026-10-02T19:10:41.573978-04:00,2026-10-02T19:10:41.573978-04:00,propline_free_sample
2026-09-30,2026-10-01 00:00:00+00:00,Sonny Gray,5.5,under,-105,fliff,282531,New York Yankees,Boston Red Sox,2026-09-30T23:33:26.679523+00:00,2026-10-02T23:10:41.573978+00:00,2026-10-02T19:10:41.573978-04:00,2026-10-02T19:10:41.573978-04:00,propline_free_sample
2026-09-30,2026-10-01 00:00:00+00:00,Max Fried,5.5,over,-160,novig,282531,New York Yankees,Boston Red Sox,2026-09-30T23:59:11.910865+00:00,2026-10-02T23:10:41.573978+00:00,2026-10-02T19:10:41.573978-04:00,2026-10-02T19:10:41.573978-04:00,propline_free_sample
2026-09-30,2026-10-01 00:00:00+00:00,Max Fried,5.5,under,-144,novig,282531,New York Yankees,Boston Red Sox,2026-09-30T23:54:11.311374+00:00,2026-10-02T23:10:41.573978+00:00,2026-10-02T19:10:41.573978-04:00,2026-10-02T19:10:41.573978-04:00,propline_free_sample
2026-09-30,2026-10-01 00:00:00+00:00,Sonny Gray,5.5,over,-120,novig,282531,New York Yankees,Boston Red Sox,2026-09-30T23:35:16.758398+00:00,2026-10-02T23:10:41.573978+00:00,2026-10-02T19:10:41.573978-04:00,2026-10-02T19:10:41.573978-04:00,propline_free_sample
2026-09-30,2026-10-01 00:00:00+00:00,Sonny Gray,5.5,under,-125,novig,282531,New York Yankees,Boston Red Sox,2026-09-30T23:55:12.311354+00:00,2026-10-02T23:10:41.573978+00:00,2026-10-02T19:10:41.573978-04:00,2026-10-02T19:10:41.573978-04:00,propline_free_sample
2026-09-30,2026-10-01 00:00:00+00:00,Max Fried (NYY),6.5,over,-205,bovada,282531,New York Yankees,Boston Red Sox,2026-09-30T19:38:00.058842+00:00,2026-10-02T23:10:41.573978+00:00,2026-10-02T19:10:41.573978-04:00,2026-10-02T19:10:41.573978-04:00,propline_free_sample
2026-09-30,2026-10-01 00:00:00+00:00,Max Fried (NYY),6.5,under,155,bovada,282531,New York Yankees,Boston Red Sox,2026-09-30T19:38:00.058842+00:00,2026-10-02T23:10:41.573978+00:00,2026-10-02T19:10:41.573978-04:00,2026-10-02T19:10:41.573978-04:00,propline_free_sample
2026-09-30,2026-10-01 00:00:00+00:00,Sonny Gray (BOS),5.5,over,-115,bovada,282531,New York Yankees,Boston Red Sox,2026-09-30T14:47:06.552154+00:00,2026-10-02T23:10:41.573978+00:00,2026-10-02T19:10:41.573978-04:00,2026-10-02T19:10:41.573978-04:00,propline_free_sample
2026-09-30,2026-10-01 00:00:00+00:00,Sonny Gray (BOS),5.5,under,-115,bovada,282531,New York Yankees,Boston Red Sox,2026-09-30T14:47:06.552154+00:00,2026-10-02T23:10:41.573978+00:00,2026-10-02T19:10:41.573978-04:00,2026-10-02T19:10:41.573978-04:00,propline_free_sample
2026-09-30,2026-10-01 00:00:00+00:00,Sonny Gray,9.5,over,100,prizepicks,282531,New York Yankees,Boston Red Sox,2026-09-30T03:39:39.223664+00:00,2026-10-02T23:10:41.573978+00:00,2026-10-02T19:10:41.573978-04:00,2026-10-02T19:10:41.573978-04:00,propline_free_sample
2026-09-30,2026-10-01 00:00:00+00:00,Max Fried,10.5,over,2500,hardrock,282531,New York Yankees,Boston Red Sox,2026-09-30T21:46:33.445508+00:00,2026-10-02T23:10:41.573978+00:00,2026-10-02T19:10:41.573978-04:00,2026-10-02T19:10:41.573978-04:00,propline_free_sample
2026-09-30,2026-10-01 00:00:00+00:00,Max Fried,10.5,under,-20000,hardrock,282531,New York Yankees,Boston Red Sox,2026-09-30T21:46:33.445508+00:00,2026-10-02T23:10:41.573978+00:00,2026-10-02T19:10:41.573978-04:00,2026-10-02T19:10:41.573978-04:00,propline_free_sample
2026-09-30,2026-10-01 00:00:00+00:00,Sonny Gray,5.5,over,127,prophetx,282531,New York Yankees,Boston Red Sox,2026-09-30T23:54:18.646316+00:00,2026-10-02T23:10:41.573978+00:00,2026-10-02T19:10:41.573978-04:00,2026-10-02T19:10:41.573978-04:00,propline_free_sample
2026-09-30,2026-10-01 00:00:00+00:00,Sonny Gray,5.5,under,-132,prophetx,282531,New York Yankees,Boston Red Sox,2026-09-30T23:02:07.326061+00:00,2026-10-02T23:10:41.573978+00:00,2026-10-02T19:10:41.573978-04:00,2026-10-02T19:10:41.573978-04:00,propline_free_sample
2026-09-30,2026-10-01 00:00:00+00:00,Max Fried,9.5,over,100,prizepicks,282531,New York Yankees,Boston Red Sox,2026-09-30T03:47:36.732775+00:00,2026-10-02T23:10:41.573978+00:00,2026-10-02T19:10:41.573978-04:00,2026-10-02T19:10:41.573978-04:00,propline_free_sample
2026-09-30,2026-10-01 00:00:00+00:00,Max Fried,5.5,over,-105,onexbet,282531,New York Yankees,Boston Red Sox,2026-09-30T23:36:11.399282+00:00,2026-10-02T23:10:41.573978+00:00,2026-10-02T19:10:41.573978-04:00,2026-10-02T19:10:41.573978-04:00,propline_free_sample
2026-09-30,2026-10-01 00:00:00+00:00,Sonny Gray,5.5,over,100,onexbet,282531,New York Yankees,Boston Red Sox,2026-09-30T23:36:11.399282+00:00,2026-10-02T23:10:41.573978+00:00,2026-10-02T19:10:41.573978-04:00,2026-10-02T19:10:41.573978-04:00,propline_free_sample
2026-09-30,2026-10-01 00:00:00+00:00,Max Fried,5.5,under,-130,onexbet,282531,New York Yankees,Boston Red Sox,2026-09-30T23:36:11.399282+00:00,2026-10-02T23:10:41.573978+00:00,2026-10-02T19:10:41.573978-04:00,2026-10-02T19:10:41.573978-04:00,propline_free_sample
2026-09-30,2026-10-01 00:00:00+00:00,Sonny Gray,5.5,under,-135,onexbet,282531,New York Yankees,Boston Red Sox,2026-09-30T23:36:11.399282+00:00,2026-10-02T23:10:41.573978+00:00,2026-10-02T19:10:41.573978-04:00,2026-10-02T19:10:41.573978-04:00,propline_free_sample
2026-09-30,2026-10-01 00:00:00+00:00,Max Fried,5.5,over,109,dabble,282531,New York Yankees,Boston Red Sox,2026-09-30T23:59:07.203314+00:00,2026-10-02T23:10:41.573978+00:00,2026-10-02T19:10:41.573978-04:00,2026-10-02T19:10:41.573978-04:00,propline_free_sample
2026-09-30,2026-10-01 00:00:00+00:00,Sonny Gray,5.5,over,120,dabble,282531,New York Yankees,Boston Red Sox,2026-09-30T15:25:00.398405+00:00,2026-10-02T23:10:41.573978+00:00,2026-10-02T19:10:41.573978-04:00,2026-10-02T19:10:41.573978-04:00,propline_free_sample
2026-09-30,2026-10-01 00:00:00+00:00,Max Fried,5.5,under,-108,dabble,282531,New York Yankees,Boston Red Sox,2026-09-30T23:59:07.203314+00:00,2026-10-02T23:10:41.573978+00:00,2026-10-02T19:10:41.573978-04:00,2026-10-02T19:10:41.573978-04:00,propline_free_sample
2026-09-30,2026-10-01 00:00:00+00:00,Sonny Gray,5.5,under,-120,dabble,282531,New York Yankees,Boston Red Sox,2026-09-30T15:25:00.398405+00:00,2026-10-02T23:10:41.573978+00:00,2026-10-02T19:10:41.573978-04:00,2026-10-02T19:10:41.573978-04:00,propline_free_sample
2026-09-30,2026-10-01 00:00:00+00:00,Max Fried,5.5,over,114,prophetx,282531,New York Yankees,Boston Red Sox,2026-09-30T23:18:18.042720+00:00,2026-10-02T23:10:41.573978+00:00,2026-10-02T19:10:41.573978-04:00,2026-10-02T19:10:41.573978-04:00,propline_free_sample
2026-09-30,2026-10-01 00:00:00+00:00,Max Fried,5.5,under,-115,prophetx,282531,New York Yankees,Boston Red Sox,2026-09-30T23:53:22.207239+00:00,2026-10-02T23:10:41.573978+00:00,2026-10-02T19:10:41.573978-04:00,2026-10-02T19:10:41.573978-04:00,propline_free_sample
2026-09-30,2026-10-01 00:00:00+00:00,Max Fried,2.5,over,-9900,kalshi,282531,New York Yankees,Boston Red Sox,2026-09-30T23:59:57.135929+00:00,2026-10-02T23:10:41.573978+00:00,2026-10-02T19:10:41.573978-04:00,2026-10-02T19:10:41.573978-04:00,propline_free_sample
2026-09-30,2026-10-01 00:00:00+00:00,Sonny Gray,2.5,over,-2400,kalshi,282531,New York Yankees,Boston Red Sox,2026-09-30T22:05:24.229934+00:00,2026-10-02T23:10:41.573978+00:00,2026-10-02T19:10:41.573978-04:00,2026-10-02T19:10:41.573978-04:00,propline_free_sample
2026-09-30,2026-10-01 00:00:00+00:00,Max Fried,2.5,under,9900,kalshi,282531,New York Yankees,Boston Red Sox,2026-09-30T23:56:28.714345+00:00,2026-10-02T23:10:41.573978+00:00,2026-10-02T19:10:41.573978-04:00,2026-10-02T19:10:41.573978-04:00,propline_free_sample
2026-09-30,2026-10-01 00:00:00+00:00,Max Fried,3.5,over,-1329,kalshi,282531,New York Yankees,Boston Red Sox,2026-09-30T23:49:07.194257+00:00,2026-10-02T23:10:41.573978+00:00,2026-10-02T19:10:41.573978-04:00,2026-10-02T19:10:41.573978-04:00,propline_free_sample
2026-09-30,2026-10-01 00:00:00+00:00,Sonny Gray,3.5,over,-669,kalshi,282531,New York Yankees,Boston Red Sox,2026-09-30T20:51:30.549677+00:00,2026-10-02T23:10:41.573978+00:00,2026-10-02T19:10:41.573978-04:00,2026-10-02T19:10:41.573978-04:00,propline_free_sample
2026-09-30,2026-10-01 00:00:00+00:00,Max Fried,4.5,over,-1567,kalshi,282531,New York Yankees,Boston Red Sox,2026-09-30T23:49:07.194257+00:00,2026-10-02T23:10:41.573978+00:00,2026-10-02T19:10:41.573978-04:00,2026-10-02T19:10:41.573978-04:00,propline_free_sample
2026-09-30,2026-10-01 00:00:00+00:00,Sonny Gray,4.5,over,-3233,kalshi,282531,New York Yankees,Boston Red Sox,2026-09-30T20:37:05.016944+00:00,2026-10-02T23:10:41.573978+00:00,2026-10-02T19:10:41.573978-04:00,2026-10-02T19:10:41.573978-04:00,propline_free_sample
2026-09-30,2026-10-01 00:00:00+00:00,Max Fried,5.5,over,-900,kalshi,282531,New York Yankees,Boston Red Sox,2026-09-30T23:59:33.678309+00:00,2026-10-02T23:10:41.573978+00:00,2026-10-02T19:10:41.573978-04:00,2026-10-02T19:10:41.573978-04:00,propline_free_sample
2026-09-30,2026-10-01 00:00:00+00:00,Sonny Gray,5.5,over,9900,kalshi,282531,New York Yankees,Boston Red Sox,2026-09-30T22:57:07.762917+00:00,2026-10-02T23:10:41.573978+00:00,2026-10-02T19:10:41.573978-04:00,2026-10-02T19:10:41.573978-04:00,propline_free_sample
2026-09-30,2026-10-01 00:00:00+00:00,Max Fried,5.5,under,9900,kalshi,282531,New York Yankees,Boston Red Sox,2026-09-30T23:59:29.350150+00:00,2026-10-02T23:10:41.573978+00:00,2026-10-02T19:10:41.573978-04:00,2026-10-02T19:10:41.573978-04:00,propline_free_sample
2026-09-30,2026-10-01 00:00:00+00:00,Sonny Gray,5.5,under,-525,kalshi,282531,New York Yankees,Boston Red Sox,2026-09-30T23:56:28.714345+00:00,2026-10-02T23:10:41.573978+00:00,2026-10-02T19:10:41.573978-04:00,2026-10-02T19:10:41.573978-04:00,propline_free_sample
2026-09-30,2026-10-01 00:00:00+00:00,Max Fried,6.5,over,9900,kalshi,282531,New York Yankees,Boston Red Sox,2026-09-30T23:00:24.964945+00:00,2026-10-02T23:10:41.573978+00:00,2026-10-02T19:10:41.573978-04:00,2026-10-02T19:10:41.573978-04:00,propline_free_sample
2026-09-30,2026-10-01 00:00:00+00:00,Sonny Gray,6.5,over,9900,kalshi,282531,New York Yankees,Boston Red Sox,2026-09-30T23:59:57.135929+00:00,2026-10-02T23:10:41.573978+00:00,2026-10-02T19:10:41.573978-04:00,2026-10-02T19:10:41.573978-04:00,propline_free_sample
2026-09-30,2026-10-01 00:00:00+00:00,Max Fried,7.5,over,9900,kalshi,282531,New York Yankees,Boston Red Sox,2026-09-30T23:58:28.927905+00:00,2026-10-02T23:10:41.573978+00:00,2026-10-02T19:10:41.573978-04:00,2026-10-02T19:10:41.573978-04:00,propline_free_sample
2026-09-30,2026-10-01 00:00:00+00:00,Sonny Gray,7.5,over,9900,kalshi,282531,New York Yankees,Boston Red Sox,2026-09-30T23:59:26.218027+00:00,2026-10-02T23:10:41.573978+00:00,2026-10-02T19:10:41.573978-04:00,2026-10-02T19:10:41.573978-04:00,propline_free_sample
2026-09-30,2026-10-01 00:00:00+00:00,Max Fried,8.5,over,9900,kalshi,282531,New York Yankees,Boston Red Sox,2026-09-30T23:57:37.504917+00:00,2026-10-02T23:10:41.573978+00:00,2026-10-02T19:10:41.573978-04:00,2026-10-02T19:10:41.573978-04:00,propline_free_sample
2026-09-30,2026-10-01 00:00:00+00:00,Sonny Gray,8.5,over,9900,kalshi,282531,New York Yankees,Boston Red Sox,2026-09-30T23:57:37.504917+00:00,2026-10-02T23:10:41.573978+00:00,2026-10-02T19:10:41.573978-04:00,2026-10-02T19:10:41.573978-04:00,propline_free_sample
2026-09-30,2026-10-01 00:00:00+00:00,Max Fried,9.5,over,9900,kalshi,282531,New York Yankees,Boston Red Sox,2026-09-30T23:26:18.240991+00:00,2026-10-02T23:10:41.573978+00:00,2026-10-02T19:10:41.573978-04:00,2026-10-02T19:10:41.573978-04:00,propline_free_sample
2026-09-30,2026-10-01 00:00:00+00:00,Max Fried,5.5,over,105,fanatics,282531,New York Yankees,Boston Red Sox,2026-09-30T23:58:34.270372+00:00,2026-10-02T23:10:41.573978+00:00,2026-10-02T19:10:41.573978-04:00,2026-10-02T19:10:41.573978-04:00,propline_free_sample
2026-09-30,2026-10-01 00:00:00+00:00,Max Fried,5.5,under,-140,fanatics,282531,New York Yankees,Boston Red Sox,2026-09-30T23:58:34.270372+00:00,2026-10-02T23:10:41.573978+00:00,2026-10-02T19:10:41.573978-04:00,2026-10-02T19:10:41.573978-04:00,propline_free_sample
2026-09-30,2026-10-01 00:00:00+00:00,Sonny Gray,5.5,over,-130,fanatics,282531,New York Yankees,Boston Red Sox,2026-09-30T23:58:34.270372+00:00,2026-10-02T23:10:41.573978+00:00,2026-10-02T19:10:41.573978-04:00,2026-10-02T19:10:41.573978-04:00,propline_free_sample
2026-09-30,2026-10-01 00:00:00+00:00,Sonny Gray,5.5,under,100,fanatics,282531,New York Yankees,Boston Red Sox,2026-09-30T23:58:34.270372+00:00,2026-10-02T23:10:41.573978+00:00,2026-10-02T19:10:41.573978-04:00,2026-10-02T19:10:41.573978-04:00,propline_free_sample
2026-09-30,2026-10-01 00:00:00+00:00,Sonny Gray,2.5,under,9900,kalshi,282531,New York Yankees,Boston Red Sox,2026-09-30T23:56:28.714345+00:00,2026-10-02T23:10:41.573978+00:00,2026-10-02T19:10:41.573978-04:00,2026-10-02T19:10:41.573978-04:00,propline_free_sample
2026-09-30,2026-10-01 00:00:00+00:00,Sonny Gray,3.5,under,9900,kalshi,282531,New York Yankees,Boston Red Sox,2026-09-30T20:51:22.482807+00:00,2026-10-02T23:10:41.573978+00:00,2026-10-02T19:10:41.573978-04:00,2026-10-02T19:10:41.573978-04:00,propline_free_sample
2026-09-30,2026-10-01 00:00:00+00:00,Max Fried,4.5,under,9900,kalshi,282531,New York Yankees,Boston Red Sox,2026-09-30T23:56:28.714345+00:00,2026-10-02T23:10:41.573978+00:00,2026-10-02T19:10:41.573978-04:00,2026-10-02T19:10:41.573978-04:00,propline_free_sample
2026-09-30,2026-10-01 00:00:00+00:00,Sonny Gray,4.5,under,9900,kalshi,282531,New York Yankees,Boston Red Sox,2026-09-30T23:59:09.067178+00:00,2026-10-02T23:10:41.573978+00:00,2026-10-02T19:10:41.573978-04:00,2026-10-02T19:10:41.573978-04:00,propline_free_sample
2026-09-30,2026-10-01 00:00:00+00:00,Max Fried,6.5,under,-9900,kalshi,282531,New York Yankees,Boston Red Sox,2026-09-30T22:03:25.564931+00:00,2026-10-02T23:10:41.573978+00:00,2026-10-02T19:10:41.573978-04:00,2026-10-02T19:10:41.573978-04:00,propline_free_sample
2026-09-30,2026-10-01 00:00:00+00:00,Max Fried,3.5,under,9900,kalshi,282531,New York Yankees,Boston Red Sox,2026-09-30T23:58:01.197698+00:00,2026-10-02T23:10:41.573978+00:00,2026-10-02T19:10:41.573978-04:00,2026-10-02T19:10:41.573978-04:00,propline_free_sample
2026-09-30,2026-10-01 00:00:00+00:00,Sonny Gray,6.5,under,-1900,kalshi,282531,New York Yankees,Boston Red Sox,2026-09-30T23:59:57.135929+00:00,2026-10-02T23:10:41.573978+00:00,2026-10-02T19:10:41.573978-04:00,2026-10-02T19:10:41.573978-04:00,propline_free_sample
2026-09-30,2026-10-01 00:00:00+00:00,Sonny Gray,10.5,over,9900,polymarket_us,282531,New York Yankees,Boston Red Sox,2026-09-30T18:05:19.177178+00:00,2026-10-02T23:10:41.573978+00:00,2026-10-02T19:10:41.573978-04:00,2026-10-02T19:10:41.573978-04:00,propline_free_sample
2026-09-30,2026-10-01 00:00:00+00:00,Sonny Gray,11.5,over,9900,polymarket_us,282531,New York Yankees,Boston Red Sox,2026-09-30T14:12:57.553140+00:00,2026-10-02T23:10:41.573978+00:00,2026-10-02T19:10:41.573978-04:00,2026-10-02T19:10:41.573978-04:00,propline_free_sample
2026-09-30,2026-10-01 00:00:00+00:00,Max Fried,4.5,over,-426,polymarket_us,282531,New York Yankees,Boston Red Sox,2026-09-30T23:42:16.051316+00:00,2026-10-02T23:10:41.573978+00:00,2026-10-02T19:10:41.573978-04:00,2026-10-02T19:10:41.573978-04:00,propline_free_sample
2026-09-30,2026-10-01 00:00:00+00:00,Sonny Gray,4.5,over,-733,polymarket_us,282531,New York Yankees,Boston Red Sox,2026-09-30T21:26:28.550241+00:00,2026-10-02T23:10:41.573978+00:00,2026-10-02T19:10:41.573978-04:00,2026-10-02T19:10:41.573978-04:00,propline_free_sample
2026-09-30,2026-10-01 00:00:00+00:00,Max Fried,5.5,over,-400,polymarket_us,282531,New York Yankees,Boston Red Sox,2026-09-30T16:19:25.746338+00:00,2026-10-02T23:10:41.573978+00:00,2026-10-02T19:10:41.573978-04:00,2026-10-02T19:10:41.573978-04:00,propline_free_sample
2026-09-30,2026-10-01 00:00:00+00:00,Sonny Gray,5.5,over,9900,polymarket_us,282531,New York Yankees,Boston Red Sox,2026-09-30T23:57:19.781312+00:00,2026-10-02T23:10:41.573978+00:00,2026-10-02T19:10:41.573978-04:00,2026-10-02T19:10:41.573978-04:00,propline_free_sample
2026-09-30,2026-10-01 00:00:00+00:00,Max Fried,6.5,over,9900,polymarket_us,282531,New York Yankees,Boston Red Sox,2026-09-30T16:35:14.078372+00:00,2026-10-02T23:10:41.573978+00:00,2026-10-02T19:10:41.573978-04:00,2026-10-02T19:10:41.573978-04:00,propline_free_sample
2026-09-30,2026-10-01 00:00:00+00:00,Sonny Gray,6.5,over,9900,polymarket_us,282531,New York Yankees,Boston Red Sox,2026-09-30T16:40:12.235368+00:00,2026-10-02T23:10:41.573978+00:00,2026-10-02T19:10:41.573978-04:00,2026-10-02T19:10:41.573978-04:00,propline_free_sample
2026-09-30,2026-10-01 00:00:00+00:00,Max Fried,7.5,over,9900,polymarket_us,282531,New York Yankees,Boston Red Sox,2026-09-30T09:00:50.381231+00:00,2026-10-02T23:10:41.573978+00:00,2026-10-02T19:10:41.573978-04:00,2026-10-02T19:10:41.573978-04:00,propline_free_sample
2026-09-30,2026-10-01 00:00:00+00:00,Sonny Gray,7.5,over,9900,polymarket_us,282531,New York Yankees,Boston Red Sox,2026-09-30T22:01:31.616433+00:00,2026-10-02T23:10:41.573978+00:00,2026-10-02T19:10:41.573978-04:00,2026-10-02T19:10:41.573978-04:00,propline_free_sample
2026-09-30,2026-10-01 00:00:00+00:00,Sonny Gray,8.5,over,9900,polymarket_us,282531,New York Yankees,Boston Red Sox,2026-09-30T23:59:15.773766+00:00,2026-10-02T23:10:41.573978+00:00,2026-10-02T19:10:41.573978-04:00,2026-10-02T19:10:41.573978-04:00,propline_free_sample
2026-09-30,2026-10-01 00:00:00+00:00,Sonny Gray,5.5,under,-669,polymarket_us,282531,New York Yankees,Boston Red Sox,2026-09-30T23:57:19.781312+00:00,2026-10-02T23:10:41.573978+00:00,2026-10-02T19:10:41.573978-04:00,2026-10-02T19:10:41.573978-04:00,propline_free_sample
2026-09-30,2026-10-01 00:00:00+00:00,Max Fried,3.5,over,-2400,polymarket_us,282531,New York Yankees,Boston Red Sox,2026-09-30T23:57:19.781312+00:00,2026-10-02T23:10:41.573978+00:00,2026-10-02T19:10:41.573978-04:00,2026-10-02T19:10:41.573978-04:00,propline_free_sample
2026-09-30,2026-10-01 00:00:00+00:00,Sonny Gray,3.5,over,-1900,polymarket_us,282531,New York Yankees,Boston Red Sox,2026-09-30T20:42:14.301649+00:00,2026-10-02T23:10:41.573978+00:00,2026-10-02T19:10:41.573978-04:00,2026-10-02T19:10:41.573978-04:00,propline_free_sample
2026-09-30,2026-10-01 00:00:00+00:00,Max Fried,9.5,over,9900,polymarket_us,282531,New York Yankees,Boston Red Sox,2026-09-30T12:06:53.325558+00:00,2026-10-02T23:10:41.573978+00:00,2026-10-02T19:10:41.573978-04:00,2026-10-02T19:10:41.573978-04:00,propline_free_sample
2026-09-30,2026-10-01 00:00:00+00:00,Sonny Gray,4.5,under,9900,polymarket_us,282531,New York Yankees,Boston Red Sox,2026-09-30T21:26:28.550241+00:00,2026-10-02T23:10:41.573978+00:00,2026-10-02T19:10:41.573978-04:00,2026-10-02T19:10:41.573978-04:00,propline_free_sample
2026-09-30,2026-10-01 00:00:00+00:00,Max Fried,5.5,under,9900,polymarket_us,282531,New York Yankees,Boston Red Sox,2026-09-30T16:18:13.347278+00:00,2026-10-02T23:10:41.573978+00:00,2026-10-02T19:10:41.573978-04:00,2026-10-02T19:10:41.573978-04:00,propline_free_sample
2026-09-30,2026-10-01 00:00:00+00:00,Max Fried,10.5,over,9900,polymarket_us,282531,New York Yankees,Boston Red Sox,2026-09-30T14:13:57.169814+00:00,2026-10-02T23:10:41.573978+00:00,2026-10-02T19:10:41.573978-04:00,2026-10-02T19:10:41.573978-04:00,propline_free_sample
2026-09-30,2026-10-01 00:00:00+00:00,Max Fried,11.5,over,9900,polymarket_us,282531,New York Yankees,Boston Red Sox,2026-09-30T23:54:19.878804+00:00,2026-10-02T23:10:41.573978+00:00,2026-10-02T19:10:41.573978-04:00,2026-10-02T19:10:41.573978-04:00,propline_free_sample
2026-09-30,2026-10-01 00:00:00+00:00,Max Fried,8.5,over,9900,polymarket_us,282531,New York Yankees,Boston Red Sox,2026-09-30T22:50:12.384419+00:00,2026-10-02T23:10:41.573978+00:00,2026-10-02T19:10:41.573978-04:00,2026-10-02T19:10:41.573978-04:00,propline_free_sample
2026-09-30,2026-10-01 00:00:00+00:00,Sonny Gray,3.5,under,9900,polymarket_us,282531,New York Yankees,Boston Red Sox,2026-09-30T20:42:14.301649+00:00,2026-10-02T23:10:41.573978+00:00,2026-10-02T19:10:41.573978-04:00,2026-10-02T19:10:41.573978-04:00,propline_free_sample
2026-09-30,2026-10-01 00:00:00+00:00,Sonny Gray,9.5,over,9900,polymarket_us,282531,New York Yankees,Boston Red Sox,2026-09-30T23:59:15.773766+00:00,2026-10-02T23:10:41.573978+00:00,2026-10-02T19:10:41.573978-04:00,2026-10-02T19:10:41.573978-04:00,propline_free_sample
2026-09-30,2026-10-01 00:00:00+00:00,Max Fried,4.5,under,9900,polymarket_us,282531,New York Yankees,Boston Red Sox,2026-09-30T23:57:19.781312+00:00,2026-10-02T23:10:41.573978+00:00,2026-10-02T19:10:41.573978-04:00,2026-10-02T19:10:41.573978-04:00,propline_free_sample
2026-09-30,2026-10-01 00:00:00+00:00,Max Fried,3.5,under,9900,polymarket_us,282531,New York Yankees,Boston Red Sox,2026-09-30T23:57:19.781312+00:00,2026-10-02T23:10:41.573978+00:00,2026-10-02T19:10:41.573978-04:00,2026-10-02T19:10:41.573978-04:00,propline_free_sample
2026-09-30,2026-10-01 00:00:00+00:00,Max Fried,7.5,under,-1900,kalshi,282531,New York Yankees,Boston Red Sox,2026-09-30T23:58:28.927905+00:00,2026-10-02T23:10:41.573978+00:00,2026-10-02T19:10:41.573978-04:00,2026-10-02T19:10:41.573978-04:00,propline_free_sample
2026-09-30,2026-10-01 00:00:00+00:00,Sonny Gray,7.5,under,-3233,kalshi,282531,New York Yankees,Boston Red Sox,2026-09-30T22:14:11.502364+00:00,2026-10-02T23:10:41.573978+00:00,2026-10-02T19:10:41.573978-04:00,2026-10-02T19:10:41.573978-04:00,propline_free_sample
2026-09-30,2026-10-01 00:00:00+00:00,Sonny Gray,8.5,under,-4900,kalshi,282531,New York Yankees,Boston Red Sox,2026-09-30T23:57:37.504917+00:00,2026-10-02T23:10:41.573978+00:00,2026-10-02T19:10:41.573978-04:00,2026-10-02T19:10:41.573978-04:00,propline_free_sample
2026-09-30,2026-10-01 00:00:00+00:00,Max Fried,6.5,under,-488,polymarket_us,282531,New York Yankees,Boston Red Sox,2026-09-30T16:35:14.078372+00:00,2026-10-02T23:10:41.573978+00:00,2026-10-02T19:10:41.573978-04:00,2026-10-02T19:10:41.573978-04:00,propline_free_sample
2026-09-30,2026-10-01 00:00:00+00:00,Sonny Gray,6.5,under,-1011,polymarket_us,282531,New York Yankees,Boston Red Sox,2026-09-30T16:40:12.235368+00:00,2026-10-02T23:10:41.573978+00:00,2026-10-02T19:10:41.573978-04:00,2026-10-02T19:10:41.573978-04:00,propline_free_sample
2026-09-30,2026-10-01 00:00:00+00:00,Max Fried,7.5,under,-614,polymarket_us,282531,New York Yankees,Boston Red Sox,2026-09-30T08:54:50.875411+00:00,2026-10-02T23:10:41.573978+00:00,2026-10-02T19:10:41.573978-04:00,2026-10-02T19:10:41.573978-04:00,propline_free_sample
2026-09-30,2026-10-01 00:00:00+00:00,Sonny Gray,7.5,under,-1567,polymarket_us,282531,New York Yankees,Boston Red Sox,2026-09-30T22:01:31.616433+00:00,2026-10-02T23:10:41.573978+00:00,2026-10-02T19:10:41.573978-04:00,2026-10-02T19:10:41.573978-04:00,propline_free_sample
2026-09-30,2026-10-01 00:00:00+00:00,Sonny Gray,8.5,under,-1900,polymarket_us,282531,New York Yankees,Boston Red Sox,2026-09-30T23:59:15.773766+00:00,2026-10-02T23:10:41.573978+00:00,2026-10-02T19:10:41.573978-04:00,2026-10-02T19:10:41.573978-04:00,propline_free_sample
2026-09-30,2026-10-01 00:00:00+00:00,Sonny Gray,9.5,under,-1329,polymarket_us,282531,New York Yankees,Boston Red Sox,2026-09-30T23:09:16.139880+00:00,2026-10-02T23:10:41.573978+00:00,2026-10-02T19:10:41.573978-04:00,2026-10-02T19:10:41.573978-04:00,propline_free_sample
2026-09-30,2026-10-01 00:00:00+00:00,Max Fried,5.5,over,111,pinnacle,282531,New York Yankees,Boston Red Sox,2026-09-30T22:23:00.355122+00:00,2026-10-02T23:10:41.573978+00:00,2026-10-02T19:10:41.573978-04:00,2026-10-02T19:10:41.573978-04:00,propline_free_sample
2026-09-30,2026-10-01 00:00:00+00:00,Max Fried,5.5,under,-135,pinnacle,282531,New York Yankees,Boston Red Sox,2026-09-30T22:23:00.355122+00:00,2026-10-02T23:10:41.573978+00:00,2026-10-02T19:10:41.573978-04:00,2026-10-02T19:10:41.573978-04:00,propline_free_sample
2026-09-30,2026-10-01 00:00:00+00:00,Sonny Gray,5.5,over,116,pinnacle,282531,New York Yankees,Boston Red Sox,2026-09-30T22:53:02.477498+00:00,2026-10-02T23:10:41.573978+00:00,2026-10-02T19:10:41.573978-04:00,2026-10-02T19:10:41.573978-04:00,propline_free_sample
2026-09-30,2026-10-01 00:00:00+00:00,Sonny Gray,5.5,under,-140,pinnacle,282531,New York Yankees,Boston Red Sox,2026-09-30T23:07:57.917903+00:00,2026-10-02T23:10:41.573978+00:00,2026-10-02T19:10:41.573978-04:00,2026-10-02T19:10:41.573978-04:00,propline_free_sample
2026-09-30,2026-10-01 00:00:00+00:00,Max Fried,8.5,under,-1567,polymarket_us,282531,New York Yankees,Boston Red Sox,2026-09-30T22:50:12.384419+00:00,2026-10-02T23:10:41.573978+00:00,2026-10-02T19:10:41.573978-04:00,2026-10-02T19:10:41.573978-04:00,propline_free_sample
2026-09-30,2026-10-01 00:00:00+00:00,Max Fried,9.5,under,-1567,polymarket_us,282531,New York Yankees,Boston Red Sox,2026-09-30T06:08:43.518474+00:00,2026-10-02T23:10:41.573978+00:00,2026-10-02T19:10:41.573978-04:00,2026-10-02T19:10:41.573978-04:00,propline_free_sample
2026-09-30,2026-10-01 00:00:00+00:00,Max Fried,8.5,under,-9900,kalshi,282531,New York Yankees,Boston Red Sox,2026-09-30T23:57:37.504917+00:00,2026-10-02T23:10:41.573978+00:00,2026-10-02T19:10:41.573978-04:00,2026-10-02T19:10:41.573978-04:00,propline_free_sample
2026-09-30,2026-10-01 00:00:00+00:00,Max Fried,9.5,under,-4900,kalshi,282531,New York Yankees,Boston Red Sox,2026-09-30T23:56:28.714345+00:00,2026-10-02T23:10:41.573978+00:00,2026-10-02T19:10:41.573978-04:00,2026-10-02T19:10:41.573978-04:00,propline_free_sample
2026-09-30,2026-10-01 00:00:00+00:00,Max Fried,11.5,under,-2400,polymarket_us,282531,New York Yankees,Boston Red Sox,2026-09-30T10:16:51.780041+00:00,2026-10-02T23:10:41.573978+00:00,2026-10-02T19:10:41.573978-04:00,2026-10-02T19:10:41.573978-04:00,propline_free_sample
2026-09-30,2026-10-01 00:00:00+00:00,Max Fried,11.5,over,4000,hardrock,282531,New York Yankees,Boston Red Sox,2026-09-30T08:55:53.030702+00:00,2026-10-02T23:10:41.573978+00:00,2026-10-02T19:10:41.573978-04:00,2026-10-02T19:10:41.573978-04:00,propline_free_sample
2026-09-30,2026-10-01 00:00:00+00:00,Max Fried,11.5,under,-100000,hardrock,282531,New York Yankees,Boston Red Sox,2026-09-30T09:52:54.486899+00:00,2026-10-02T23:10:41.573978+00:00,2026-10-02T19:10:41.573978-04:00,2026-10-02T19:10:41.573978-04:00,propline_free_sample
2026-09-30,2026-10-01 00:00:00+00:00,Max Fried,5.5,over,-155,betmgm,282531,New York Yankees,Boston Red Sox,2026-09-30T23:20:13.029721+00:00,2026-10-02T23:10:41.573978+00:00,2026-10-02T19:10:41.573978-04:00,2026-10-02T19:10:41.573978-04:00,propline_free_sample
2026-09-30,2026-10-01 00:00:00+00:00,Max Fried,5.5,under,115,betmgm,282531,New York Yankees,Boston Red Sox,2026-09-30T23:20:13.029721+00:00,2026-10-02T23:10:41.573978+00:00,2026-10-02T19:10:41.573978-04:00,2026-10-02T19:10:41.573978-04:00,propline_free_sample
2026-09-30,2026-10-01 00:00:00+00:00,Sonny Gray,5.5,over,-140,betmgm,282531,New York Yankees,Boston Red Sox,2026-09-30T23:20:13.029721+00:00,2026-10-02T23:10:41.573978+00:00,2026-10-02T19:10:41.573978-04:00,2026-10-02T19:10:41.573978-04:00,propline_free_sample
2026-09-30,2026-10-01 00:00:00+00:00,Sonny Gray,5.5,under,105,betmgm,282531,New York Yankees,Boston Red Sox,2026-09-30T23:20:13.029721+00:00,2026-10-02T23:10:41.573978+00:00,2026-10-02T19:10:41.573978-04:00,2026-10-02T19:10:41.573978-04:00,propline_free_sample
2026-09-30,2026-10-01 00:00:00+00:00,Max Fried,5.5,over,-111,rebet,282531,New York Yankees,Boston Red Sox,2026-09-30T23:49:16.029872+00:00,2026-10-02T23:10:41.573978+00:00,2026-10-02T19:10:41.573978-04:00,2026-10-02T19:10:41.573978-04:00,propline_free_sample
2026-09-30,2026-10-01 00:00:00+00:00,Max Fried,5.5,under,-124,rebet,282531,New York Yankees,Boston Red Sox,2026-09-30T23:49:16.029872+00:00,2026-10-02T23:10:41.573978+00:00,2026-10-02T19:10:41.573978-04:00,2026-10-02T19:10:41.573978-04:00,propline_free_sample
2026-09-30,2026-10-01 00:00:00+00:00,Sonny Gray,5.5,over,102,rebet,282531,New York Yankees,Boston Red Sox,2026-09-30T23:59:14.763061+00:00,2026-10-02T23:10:41.573978+00:00,2026-10-02T19:10:41.573978-04:00,2026-10-02T19:10:41.573978-04:00,propline_free_sample
2026-09-30,2026-10-01 00:00:00+00:00,Sonny Gray,5.5,under,-141,rebet,282531,New York Yankees,Boston Red Sox,2026-09-30T23:59:14.763061+00:00,2026-10-02T23:10:41.573978+00:00,2026-10-02T19:10:41.573978-04:00,2026-10-02T19:10:41.573978-04:00,propline_free_sample
2026-09-30,2026-10-01 00:00:00+00:00,Sonny Gray,5.5,over,100,prizepicks,282531,New York Yankees,Boston Red Sox,2026-09-30T14:04:45.232066+00:00,2026-10-02T23:10:41.573978+00:00,2026-10-02T19:10:41.573978-04:00,2026-10-02T19:10:41.573978-04:00,propline_free_sample
2026-09-30,2026-10-01 00:00:00+00:00,Sonny Gray,5.5,under,100,prizepicks,282531,New York Yankees,Boston Red Sox,2026-09-30T14:04:45.232066+00:00,2026-10-02T23:10:41.573978+00:00,2026-10-02T19:10:41.573978-04:00,2026-10-02T19:10:41.573978-04:00,propline_free_sample
2026-09-30,2026-10-01 00:00:00+00:00,Sonny Gray,4.5,over,-456,novig,282531,New York Yankees,Boston Red Sox,2026-09-30T22:45:07.622564+00:00,2026-10-02T23:10:41.573978+00:00,2026-10-02T19:10:41.573978-04:00,2026-10-02T19:10:41.573978-04:00,propline_free_sample
2026-09-30,2026-10-01 00:00:00+00:00,Sonny Gray,4.5,under,133,novig,282531,New York Yankees,Boston Red Sox,2026-09-30T23:52:11.317047+00:00,2026-10-02T23:10:41.573978+00:00,2026-10-02T19:10:41.573978-04:00,2026-10-02T19:10:41.573978-04:00,propline_free_sample
2026-09-30,2026-10-01 00:00:00+00:00,Sonny Gray,6.5,over,133,novig,282531,New York Yankees,Boston Red Sox,2026-09-30T23:59:11.910865+00:00,2026-10-02T23:10:41.573978+00:00,2026-10-02T19:10:41.573978-04:00,2026-10-02T19:10:41.573978-04:00,propline_free_sample
2026-09-30,2026-10-01 00:00:00+00:00,Sonny Gray,6.5,under,-567,novig,282531,New York Yankees,Boston Red Sox,2026-09-30T23:56:08.218304+00:00,2026-10-02T23:10:41.573978+00:00,2026-10-02T19:10:41.573978-04:00,2026-10-02T19:10:41.573978-04:00,propline_free_sample
2026-09-30,2026-10-01 00:00:00+00:00,Max Fried,6.5,over,122,novig,282531,New York Yankees,Boston Red Sox,2026-09-30T23:59:11.910865+00:00,2026-10-02T23:10:41.573978+00:00,2026-10-02T19:10:41.573978-04:00,2026-10-02T19:10:41.573978-04:00,propline_free_sample
2026-09-30,2026-10-01 00:00:00+00:00,Max Fried,6.5,under,-456,novig,282531,New York Yankees,Boston Red Sox,2026-09-30T23:35:16.758398+00:00,2026-10-02T23:10:41.573978+00:00,2026-10-02T19:10:41.573978-04:00,2026-10-02T19:10:41.573978-04:00,propline_free_sample
2026-09-30,2026-10-01 00:00:00+00:00,Max Fried,4.5,over,-456,novig,282531,New York Yankees,Boston Red Sox,2026-09-30T23:58:14.115229+00:00,2026-10-02T23:10:41.573978+00:00,2026-10-02T19:10:41.573978-04:00,2026-10-02T19:10:41.573978-04:00,propline_free_sample
2026-09-30,2026-10-01 00:00:00+00:00,Max Fried,4.5,under,108,novig,282531,New York Yankees,Boston Red Sox,2026-09-30T23:47:08.393164+00:00,2026-10-02T23:10:41.573978+00:00,2026-10-02T19:10:41.573978-04:00,2026-10-02T19:10:41.573978-04:00,propline_free_sample
2026-09-30,2026-10-01 00:00:00+00:00,Max Fried,3.5,over,-3126,novig,282531,New York Yankees,Boston Red Sox,2026-09-30T23:58:14.115229+00:00,2026-10-02T23:10:41.573978+00:00,2026-10-02T19:10:41.573978-04:00,2026-10-02T19:10:41.573978-04:00,propline_free_sample
2026-09-30,2026-10-01 00:00:00+00:00,Max Fried,3.5,under,245,novig,282531,New York Yankees,Boston Red Sox,2026-09-30T23:58:14.115229+00:00,2026-10-02T23:10:41.573978+00:00,2026-10-02T19:10:41.573978-04:00,2026-10-02T19:10:41.573978-04:00,propline_free_sample
2026-09-30,2026-10-01 00:00:00+00:00,Sonny Gray,3.5,over,-1567,novig,282531,New York Yankees,Boston Red Sox,2026-09-30T23:59:11.910865+00:00,2026-10-02T23:10:41.573978+00:00,2026-10-02T19:10:41.573978-04:00,2026-10-02T19:10:41.573978-04:00,propline_free_sample
2026-09-30,2026-10-01 00:00:00+00:00,Sonny Gray,3.5,under,186,novig,282531,New York Yankees,Boston Red Sox,2026-09-30T23:34:12.794595+00:00,2026-10-02T23:10:41.573978+00:00,2026-10-02T19:10:41.573978-04:00,2026-10-02T19:10:41.573978-04:00,propline_free_sample
2026-09-30,2026-10-01 00:00:00+00:00,Max Fried (NYY),5.5,over,-125,betonlineag,282531,New York Yankees,Boston Red Sox,2026-09-30T18:54:19.559270+00:00,2026-10-02T23:10:41.573978+00:00,2026-10-02T19:10:41.573978-04:00,2026-10-02T19:10:41.573978-04:00,propline_free_sample
2026-09-30,2026-10-01 00:00:00+00:00,Max Fried (NYY),5.5,under,-115,betonlineag,282531,New York Yankees,Boston Red Sox,2026-09-30T18:54:19.559270+00:00,2026-10-02T23:10:41.573978+00:00,2026-10-02T19:10:41.573978-04:00,2026-10-02T19:10:41.573978-04:00,propline_free_sample
2026-09-30,2026-10-01 00:00:00+00:00,Sonny Gray (BOS),5.5,over,-105,betonlineag,282531,New York Yankees,Boston Red Sox,2026-09-30T18:54:19.559270+00:00,2026-10-02T23:10:41.573978+00:00,2026-10-02T19:10:41.573978-04:00,2026-10-02T19:10:41.573978-04:00,propline_free_sample
2026-09-30,2026-10-01 00:00:00+00:00,Sonny Gray (BOS),5.5,under,-135,betonlineag,282531,New York Yankees,Boston Red Sox,2026-09-30T18:54:19.559270+00:00,2026-10-02T23:10:41.573978+00:00,2026-10-02T19:10:41.573978-04:00,2026-10-02T19:10:41.573978-04:00,propline_free_sample
2026-09-30,2026-10-01 00:00:00+00:00,Max Fried (NYY),5.5,over,-125,lowvig,282531,New York Yankees,Boston Red Sox,2026-09-30T18:54:21.937489+00:00,2026-10-02T23:10:41.573978+00:00,2026-10-02T19:10:41.573978-04:00,2026-10-02T19:10:41.573978-04:00,propline_free_sample
2026-09-30,2026-10-01 00:00:00+00:00,Max Fried (NYY),5.5,under,-115,lowvig,282531,New York Yankees,Boston Red Sox,2026-09-30T18:54:21.937489+00:00,2026-10-02T23:10:41.573978+00:00,2026-10-02T19:10:41.573978-04:00,2026-10-02T19:10:41.573978-04:00,propline_free_sample
2026-09-30,2026-10-01 00:00:00+00:00,Sonny Gray (BOS),5.5,over,-105,lowvig,282531,New York Yankees,Boston Red Sox,2026-09-30T18:54:21.937489+00:00,2026-10-02T23:10:41.573978+00:00,2026-10-02T19:10:41.573978-04:00,2026-10-02T19:10:41.573978-04:00,propline_free_sample
2026-09-30,2026-10-01 00:00:00+00:00,Sonny Gray (BOS),5.5,under,-135,lowvig,282531,New York Yankees,Boston Red Sox,2026-09-30T18:54:21.937489+00:00,2026-10-02T23:10:41.573978+00:00,2026-10-02T19:10:41.573978-04:00,2026-10-02T19:10:41.573978-04:00,propline_free_sample
2026-09-30,2026-10-01 00:00:00+00:00,Max Fried,6.5,over,105,courtside,282531,New York Yankees,Boston Red Sox,,2026-10-02T23:10:41.573978+00:00,2026-10-02T19:10:41.573978-04:00,2026-10-02T19:10:41.573978-04:00,propline_free_sample
2026-09-30,2026-10-01 00:00:00+00:00,Max Fried,6.5,under,-140,courtside,282531,New York Yankees,Boston Red Sox,,2026-10-02T23:10:41.573978+00:00,2026-10-02T19:10:41.573978-04:00,2026-10-02T19:10:41.573978-04:00,propline_free_sample
2026-09-30,2026-10-01 00:00:00+00:00,Sonny Gray,6.5,over,140,courtside,282531,New York Yankees,Boston Red Sox,,2026-10-02T23:10:41.573978+00:00,2026-10-02T19:10:41.573978-04:00,2026-10-02T19:10:41.573978-04:00,propline_free_sample
2026-09-30,2026-10-01 00:00:00+00:00,Sonny Gray,6.5,under,-180,courtside,282531,New York Yankees,Boston Red Sox,,2026-10-02T23:10:41.573978+00:00,2026-10-02T19:10:41.573978-04:00,2026-10-02T19:10:41.573978-04:00,propline_free_sample
2026-09-30,2026-10-01 00:00:00+00:00,Sonny Gray,7.5,over,125,courtside,282531,New York Yankees,Boston Red Sox,,2026-10-02T23:10:41.573978+00:00,2026-10-02T19:10:41.573978-04:00,2026-10-02T19:10:41.573978-04:00,propline_free_sample
2026-09-30,2026-10-01 00:00:00+00:00,Sonny Gray,7.5,under,-170,courtside,282531,New York Yankees,Boston Red Sox,,2026-10-02T23:10:41.573978+00:00,2026-10-02T19:10:41.573978-04:00,2026-10-02T19:10:41.573978-04:00,propline_free_sample
2026-09-30,2026-09-30 21:00:00+00:00,Hunter Brown,4.5,over,-137,underdog,288788,Houston Astros,Chicago White Sox,2026-09-30T20:28:09.016552+00:00,2026-10-02T23:10:41.573978+00:00,2026-10-02T19:10:41.573978-04:00,2026-10-02T19:10:41.573978-04:00,propline_free_sample
2026-09-30,2026-09-30 21:00:00+00:00,Sean Burke,8.5,over,-120,underdog,288788,Houston Astros,Chicago White Sox,2026-09-30T20:45:09.457853+00:00,2026-10-02T23:10:41.573978+00:00,2026-10-02T19:10:41.573978-04:00,2026-10-02T19:10:41.573978-04:00,propline_free_sample
2026-09-30,2026-09-30 21:00:00+00:00,Hunter Brown,4.5,under,-109,underdog,288788,Houston Astros,Chicago White Sox,2026-09-30T20:28:09.016552+00:00,2026-10-02T23:10:41.573978+00:00,2026-10-02T19:10:41.573978-04:00,2026-10-02T19:10:41.573978-04:00,propline_free_sample
2026-09-30,2026-09-30 21:00:00+00:00,Sean Burke,8.5,under,-124,underdog,288788,Houston Astros,Chicago White Sox,2026-09-30T20:45:09.457853+00:00,2026-10-02T23:10:41.573978+00:00,2026-10-02T19:10:41.573978-04:00,2026-10-02T19:10:41.573978-04:00,propline_free_sample
2026-09-30,2026-09-30 21:00:00+00:00,Sean Burke,4.5,over,100,prizepicks,288788,Houston Astros,Chicago White Sox,2026-09-29T23:36:44.973184+00:00,2026-10-02T23:10:41.573978+00:00,2026-10-02T19:10:41.573978-04:00,2026-10-02T19:10:41.573978-04:00,propline_free_sample
2026-09-30,2026-09-30 21:00:00+00:00,Sean Burke,4.5,under,100,prizepicks,288788,Houston Astros,Chicago White Sox,2026-09-29T23:36:44.973184+00:00,2026-10-02T23:10:41.573978+00:00,2026-10-02T19:10:41.573978-04:00,2026-10-02T19:10:41.573978-04:00,propline_free_sample
2026-09-30,2026-09-30 21:00:00+00:00,Hunter Brown,5.5,over,100,prizepicks,288788,Houston Astros,Chicago White Sox,2026-09-29T23:36:44.973184+00:00,2026-10-02T23:10:41.573978+00:00,2026-10-02T19:10:41.573978-04:00,2026-10-02T19:10:41.573978-04:00,propline_free_sample
2026-09-30,2026-09-30 21:00:00+00:00,Hunter Brown,5.5,under,100,prizepicks,288788,Houston Astros,Chicago White Sox,2026-09-29T23:36:44.973184+00:00,2026-10-02T23:10:41.573978+00:00,2026-10-02T19:10:41.573978-04:00,2026-10-02T19:10:41.573978-04:00,propline_free_sample
2026-09-30,2026-09-30 21:00:00+00:00,Hunter Brown,6.5,over,-111,draftkings,288788,Houston Astros,Chicago White Sox,2026-09-30T20:25:06.500394+00:00,2026-10-02T23:10:41.573978+00:00,2026-10-02T19:10:41.573978-04:00,2026-10-02T19:10:41.573978-04:00,propline_free_sample
2026-09-30,2026-09-30 21:00:00+00:00,Hunter Brown,6.5,under,-115,draftkings,288788,Houston Astros,Chicago White Sox,2026-09-30T20:25:06.500394+00:00,2026-10-02T23:10:41.573978+00:00,2026-10-02T19:10:41.573978-04:00,2026-10-02T19:10:41.573978-04:00,propline_free_sample
2026-09-30,2026-09-30 21:00:00+00:00,Hunter Brown,5.5,over,-161,smarkets,288788,Houston Astros,Chicago White Sox,2026-09-30T05:47:50.352115+00:00,2026-10-02T23:10:41.573978+00:00,2026-10-02T19:10:41.573978-04:00,2026-10-02T19:10:41.573978-04:00,propline_free_sample
2026-09-30,2026-09-30 21:00:00+00:00,Hunter Brown,5.5,under,114,smarkets,288788,Houston Astros,Chicago White Sox,2026-09-30T05:47:50.352115+00:00,2026-10-02T23:10:41.573978+00:00,2026-10-02T19:10:41.573978-04:00,2026-10-02T19:10:41.573978-04:00,propline_free_sample
2026-09-30,2026-09-30 21:00:00+00:00,Sean Burke,4.5,over,-159,smarkets,288788,Houston Astros,Chicago White Sox,2026-09-30T20:39:18.818112+00:00,2026-10-02T23:10:41.573978+00:00,2026-10-02T19:10:41.573978-04:00,2026-10-02T19:10:41.573978-04:00,propline_free_sample
2026-09-30,2026-09-30 21:00:00+00:00,Sean Burke,4.5,under,112,smarkets,288788,Houston Astros,Chicago White Sox,2026-09-30T20:39:18.818112+00:00,2026-10-02T23:10:41.573978+00:00,2026-10-02T19:10:41.573978-04:00,2026-10-02T19:10:41.573978-04:00,propline_free_sample
2026-09-30,2026-09-30 21:00:00+00:00,Hunter Brown,5.5,over,-156,courtside,288788,Houston Astros,Chicago White Sox,2026-09-30T08:47:55.436876+00:00,2026-10-02T23:10:41.573978+00:00,2026-10-02T19:10:41.573978-04:00,2026-10-02T19:10:41.573978-04:00,propline_free_sample
2026-09-30,2026-09-30 21:00:00+00:00,Hunter Brown,5.5,under,115,courtside,288788,Houston Astros,Chicago White Sox,2026-09-30T08:41:53.938474+00:00,2026-10-02T23:10:41.573978+00:00,2026-10-02T19:10:41.573978-04:00,2026-10-02T19:10:41.573978-04:00,propline_free_sample
2026-09-30,2026-09-30 21:00:00+00:00,Hunter Brown,4.5,over,100,prizepicks,288788,Houston Astros,Chicago White Sox,2026-09-30T00:33:28.659370+00:00,2026-10-02T23:10:41.573978+00:00,2026-10-02T19:10:41.573978-04:00,2026-10-02T19:10:41.573978-04:00,propline_free_sample
2026-09-30,2026-09-30 21:00:00+00:00,Hunter Brown,6.0,over,100,prizepicks,288788,Houston Astros,Chicago White Sox,2026-09-30T03:52:37.293188+00:00,2026-10-02T23:10:41.573978+00:00,2026-10-02T19:10:41.573978-04:00,2026-10-02T19:10:41.573978-04:00,propline_free_sample
2026-09-30,2026-09-30 21:00:00+00:00,Hunter Brown,5.5,under,100,prizepicks,288788,Houston Astros,Chicago White Sox,2026-09-30T00:33:28.659370+00:00,2026-10-02T23:10:41.573978+00:00,2026-10-02T19:10:41.573978-04:00,2026-10-02T19:10:41.573978-04:00,propline_free_sample
2026-09-30,2026-09-30 21:00:00+00:00,Hunter Brown,6.5,over,100,prizepicks,288788,Houston Astros,Chicago White Sox,2026-09-30T00:33:28.659370+00:00,2026-10-02T23:10:41.573978+00:00,2026-10-02T19:10:41.573978-04:00,2026-10-02T19:10:41.573978-04:00,propline_free_sample
2026-09-30,2026-09-30 21:00:00+00:00,Hunter Brown,7.5,over,100,prizepicks,288788,Houston Astros,Chicago White Sox,2026-09-30T00:33:28.659370+00:00,2026-10-02T23:10:41.573978+00:00,2026-10-02T19:10:41.573978-04:00,2026-10-02T19:10:41.573978-04:00,propline_free_sample
2026-09-30,2026-09-30 21:00:00+00:00,Hunter Brown,8.5,over,100,prizepicks,288788,Houston Astros,Chicago White Sox,2026-09-30T00:33:28.659370+00:00,2026-10-02T23:10:41.573978+00:00,2026-10-02T19:10:41.573978-04:00,2026-10-02T19:10:41.573978-04:00,propline_free_sample
2026-09-30,2026-09-30 21:00:00+00:00,Hunter Brown,9.5,over,100,prizepicks,288788,Houston Astros,Chicago White Sox,2026-09-30T00:33:28.659370+00:00,2026-10-02T23:10:41.573978+00:00,2026-10-02T19:10:41.573978-04:00,2026-10-02T19:10:41.573978-04:00,propline_free_sample
2026-09-30,2026-09-30 21:00:00+00:00,Hunter Brown,3.5,over,100,prizepicks,288788,Houston Astros,Chicago White Sox,2026-09-30T00:33:28.659370+00:00,2026-10-02T23:10:41.573978+00:00,2026-10-02T19:10:41.573978-04:00,2026-10-02T19:10:41.573978-04:00,propline_free_sample
2026-09-30,2026-09-30 21:00:00+00:00,Hunter Brown,6.5,over,103,parlayplay,288788,Houston Astros,Chicago White Sox,2026-09-30T09:24:53.942728+00:00,2026-10-02T23:10:41.573978+00:00,2026-10-02T19:10:41.573978-04:00,2026-10-02T19:10:41.573978-04:00,propline_free_sample
2026-09-30,2026-09-30 21:00:00+00:00,Hunter Brown,6.5,under,-154,parlayplay,288788,Houston Astros,Chicago White Sox,2026-09-30T09:24:53.942728+00:00,2026-10-02T23:10:41.573978+00:00,2026-10-02T19:10:41.573978-04:00,2026-10-02T19:10:41.573978-04:00,propline_free_sample
2026-09-30,2026-09-30 21:00:00+00:00,Hunter Brown,6.5,over,-110,sleeper,288788,Houston Astros,Chicago White Sox,2026-09-30T20:34:05.874114+00:00,2026-10-02T23:10:41.573978+00:00,2026-10-02T19:10:41.573978-04:00,2026-10-02T19:10:41.573978-04:00,propline_free_sample
2026-09-30,2026-09-30 21:00:00+00:00,Hunter Brown,6.5,under,-149,sleeper,288788,Houston Astros,Chicago White Sox,2026-09-30T20:54:04.476769+00:00,2026-10-02T23:10:41.573978+00:00,2026-10-02T19:10:41.573978-04:00,2026-10-02T19:10:41.573978-04:00,propline_free_sample
2026-09-30,2026-09-30 21:00:00+00:00,Hunter Brown,1.5,over,-50000,hardrock,288788,Houston Astros,Chicago White Sox,2026-09-30T20:21:15.956813+00:00,2026-10-02T23:10:41.573978+00:00,2026-10-02T19:10:41.573978-04:00,2026-10-02T19:10:41.573978-04:00,propline_free_sample
2026-09-30,2026-09-30 21:00:00+00:00,Hunter Brown,1.5,under,2500,hardrock,288788,Houston Astros,Chicago White Sox,2026-09-30T12:52:57.101529+00:00,2026-10-02T23:10:41.573978+00:00,2026-10-02T19:10:41.573978-04:00,2026-10-02T19:10:41.573978-04:00,propline_free_sample
2026-09-30,2026-09-30 21:00:00+00:00,Hunter Brown,10.5,over,1750,hardrock,288788,Houston Astros,Chicago White Sox,2026-09-30T20:44:14.380131+00:00,2026-10-02T23:10:41.573978+00:00,2026-10-02T19:10:41.573978-04:00,2026-10-02T19:10:41.573978-04:00,propline_free_sample
2026-09-30,2026-09-30 21:00:00+00:00,Hunter Brown,10.5,under,-7000,hardrock,288788,Houston Astros,Chicago White Sox,2026-09-30T20:44:14.380131+00:00,2026-10-02T23:10:41.573978+00:00,2026-10-02T19:10:41.573978-04:00,2026-10-02T19:10:41.573978-04:00,propline_free_sample
2026-09-30,2026-09-30 21:00:00+00:00,Hunter Brown,11.5,over,4000,hardrock,288788,Houston Astros,Chicago White Sox,2026-09-30T17:17:58.563375+00:00,2026-10-02T23:10:41.573978+00:00,2026-10-02T19:10:41.573978-04:00,2026-10-02T19:10:41.573978-04:00,propline_free_sample
2026-09-30,2026-09-30 21:00:00+00:00,Hunter Brown,11.5,under,-50000,hardrock,288788,Houston Astros,Chicago White Sox,2026-09-30T17:17:58.563375+00:00,2026-10-02T23:10:41.573978+00:00,2026-10-02T19:10:41.573978-04:00,2026-10-02T19:10:41.573978-04:00,propline_free_sample
2026-09-30,2026-09-30 21:00:00+00:00,Hunter Brown,2.5,over,-5000,hardrock,288788,Houston Astros,Chicago White Sox,2026-09-30T12:52:57.101529+00:00,2026-10-02T23:10:41.573978+00:00,2026-10-02T19:10:41.573978-04:00,2026-10-02T19:10:41.573978-04:00,propline_free_sample
2026-09-30,2026-09-30 21:00:00+00:00,Hunter Brown,2.5,under,1200,hardrock,288788,Houston Astros,Chicago White Sox,2026-09-30T20:29:16.219794+00:00,2026-10-02T23:10:41.573978+00:00,2026-10-02T19:10:41.573978-04:00,2026-10-02T19:10:41.573978-04:00,propline_free_sample
2026-09-30,2026-09-30 21:00:00+00:00,Hunter Brown,3.5,over,-1400,hardrock,288788,Houston Astros,Chicago White Sox,2026-09-30T20:29:16.219794+00:00,2026-10-02T23:10:41.573978+00:00,2026-10-02T19:10:41.573978-04:00,2026-10-02T19:10:41.573978-04:00,propline_free_sample
2026-09-30,2026-09-30 21:00:00+00:00,Hunter Brown,3.5,under,575,hardrock,288788,Houston Astros,Chicago White Sox,2026-09-30T20:44:14.380131+00:00,2026-10-02T23:10:41.573978+00:00,2026-10-02T19:10:41.573978-04:00,2026-10-02T19:10:41.573978-04:00,propline_free_sample
2026-09-30,2026-09-30 21:00:00+00:00,Hunter Brown,4.5,over,-500,hardrock,288788,Houston Astros,Chicago White Sox,2026-09-30T18:13:17.776239+00:00,2026-10-02T23:10:41.573978+00:00,2026-10-02T19:10:41.573978-04:00,2026-10-02T19:10:41.573978-04:00,propline_free_sample
2026-09-30,2026-09-30 21:00:00+00:00,Hunter Brown,4.5,under,300,hardrock,288788,Houston Astros,Chicago White Sox,2026-09-30T18:13:17.776239+00:00,2026-10-02T23:10:41.573978+00:00,2026-10-02T19:10:41.573978-04:00,2026-10-02T19:10:41.573978-04:00,propline_free_sample
2026-09-30,2026-09-30 21:00:00+00:00,Hunter Brown,5.5,over,-210,hardrock,288788,Houston Astros,Chicago White Sox,2026-09-30T18:13:17.776239+00:00,2026-10-02T23:10:41.573978+00:00,2026-10-02T19:10:41.573978-04:00,2026-10-02T19:10:41.573978-04:00,propline_free_sample
2026-09-30,2026-09-30 21:00:00+00:00,Hunter Brown,5.5,under,150,hardrock,288788,Houston Astros,Chicago White Sox,2026-09-30T18:13:17.776239+00:00,2026-10-02T23:10:41.573978+00:00,2026-10-02T19:10:41.573978-04:00,2026-10-02T19:10:41.573978-04:00,propline_free_sample
2026-09-30,2026-09-30 21:00:00+00:00,Hunter Brown,6.5,over,100,hardrock,288788,Houston Astros,Chicago White Sox,2026-09-30T20:29:16.219794+00:00,2026-10-02T23:10:41.573978+00:00,2026-10-02T19:10:41.573978-04:00,2026-10-02T19:10:41.573978-04:00,propline_free_sample
2026-09-30,2026-09-30 21:00:00+00:00,Hunter Brown,6.5,under,-130,hardrock,288788,Houston Astros,Chicago White Sox,2026-09-30T20:29:16.219794+00:00,2026-10-02T23:10:41.573978+00:00,2026-10-02T19:10:41.573978-04:00,2026-10-02T19:10:41.573978-04:00,propline_free_sample
2026-09-30,2026-09-30 21:00:00+00:00,Hunter Brown,7.5,over,195,hardrock,288788,Houston Astros,Chicago White Sox,2026-09-30T20:29:16.219794+00:00,2026-10-02T23:10:41.573978+00:00,2026-10-02T19:10:41.573978-04:00,2026-10-02T19:10:41.573978-04:00,propline_free_sample
2026-09-30,2026-09-30 21:00:00+00:00,Hunter Brown,7.5,under,-300,hardrock,288788,Houston Astros,Chicago White Sox,2026-09-30T12:46:01.973439+00:00,2026-10-02T23:10:41.573978+00:00,2026-10-02T19:10:41.573978-04:00,2026-10-02T19:10:41.573978-04:00,propline_free_sample
2026-09-30,2026-09-30 21:00:00+00:00,Hunter Brown,8.5,over,375,hardrock,288788,Houston Astros,Chicago White Sox,2026-09-30T20:44:14.380131+00:00,2026-10-02T23:10:41.573978+00:00,2026-10-02T19:10:41.573978-04:00,2026-10-02T19:10:41.573978-04:00,propline_free_sample
2026-09-30,2026-09-30 21:00:00+00:00,Hunter Brown,8.5,under,-700,hardrock,288788,Houston Astros,Chicago White Sox,2026-09-30T20:44:14.380131+00:00,2026-10-02T23:10:41.573978+00:00,2026-10-02T19:10:41.573978-04:00,2026-10-02T19:10:41.573978-04:00,propline_free_sample
2026-09-30,2026-09-30 21:00:00+00:00,Hunter Brown,9.5,over,700,hardrock,288788,Houston Astros,Chicago White Sox,2026-09-30T20:44:14.380131+00:00,2026-10-02T23:10:41.573978+00:00,2026-10-02T19:10:41.573978-04:00,2026-10-02T19:10:41.573978-04:00,propline_free_sample
2026-09-30,2026-09-30 21:00:00+00:00,Hunter Brown,9.5,under,-2200,hardrock,288788,Houston Astros,Chicago White Sox,2026-09-30T20:44:14.380131+00:00,2026-10-02T23:10:41.573978+00:00,2026-10-02T19:10:41.573978-04:00,2026-10-02T19:10:41.573978-04:00,propline_free_sample
2026-09-30,2026-09-30 21:00:00+00:00,Hunter Brown,5.5,over,-203,novig,288788,Houston Astros,Chicago White Sox,2026-09-30T20:59:10.325721+00:00,2026-10-02T23:10:41.573978+00:00,2026-10-02T19:10:41.573978-04:00,2026-10-02T19:10:41.573978-04:00,propline_free_sample
2026-09-30,2026-09-30 21:00:00+00:00,Hunter Brown,5.5,under,113,novig,288788,Houston Astros,Chicago White Sox,2026-09-30T20:59:10.325721+00:00,2026-10-02T23:10:41.573978+00:00,2026-10-02T19:10:41.573978-04:00,2026-10-02T19:10:41.573978-04:00,propline_free_sample
2026-09-30,2026-09-30 21:00:00+00:00,Hunter Brown,5.5,over,-300,prophetx,288788,Houston Astros,Chicago White Sox,2026-09-30T20:59:12.627288+00:00,2026-10-02T23:10:41.573978+00:00,2026-10-02T19:10:41.573978-04:00,2026-10-02T19:10:41.573978-04:00,propline_free_sample
2026-09-30,2026-09-30 21:00:00+00:00,Hunter Brown,6.5,over,-110,fliff,288788,Houston Astros,Chicago White Sox,2026-09-30T20:37:21.837040+00:00,2026-10-02T23:10:41.573978+00:00,2026-10-02T19:10:41.573978-04:00,2026-10-02T19:10:41.573978-04:00,propline_free_sample
2026-09-30,2026-09-30 21:00:00+00:00,Hunter Brown,6.5,under,-150,fliff,288788,Houston Astros,Chicago White Sox,2026-09-30T20:31:18.801656+00:00,2026-10-02T23:10:41.573978+00:00,2026-10-02T19:10:41.573978-04:00,2026-10-02T19:10:41.573978-04:00,propline_free_sample
2026-09-30,2026-09-30 21:00:00+00:00,Hunter Brown,4.5,under,100,prizepicks,288788,Houston Astros,Chicago White Sox,2026-09-30T00:47:32.911494+00:00,2026-10-02T23:10:41.573978+00:00,2026-10-02T19:10:41.573978-04:00,2026-10-02T19:10:41.573978-04:00,propline_free_sample
2026-09-30,2026-09-30 21:00:00+00:00,Hunter Brown,6.5,under,100,prizepicks,288788,Houston Astros,Chicago White Sox,2026-09-30T00:47:32.911494+00:00,2026-10-02T23:10:41.573978+00:00,2026-10-02T19:10:41.573978-04:00,2026-10-02T19:10:41.573978-04:00,propline_free_sample
2026-09-30,2026-09-30 21:00:00+00:00,Hunter Brown,7.5,under,100,prizepicks,288788,Houston Astros,Chicago White Sox,2026-09-30T00:47:32.911494+00:00,2026-10-02T23:10:41.573978+00:00,2026-10-02T19:10:41.573978-04:00,2026-10-02T19:10:41.573978-04:00,propline_free_sample
2026-09-30,2026-09-30 21:00:00+00:00,Hunter Brown,8.5,under,100,prizepicks,288788,Houston Astros,Chicago White Sox,2026-09-30T00:47:32.911494+00:00,2026-10-02T23:10:41.573978+00:00,2026-10-02T19:10:41.573978-04:00,2026-10-02T19:10:41.573978-04:00,propline_free_sample
2026-09-30,2026-09-30 21:00:00+00:00,Hunter Brown,3.5,under,100,prizepicks,288788,Houston Astros,Chicago White Sox,2026-09-30T00:47:32.911494+00:00,2026-10-02T23:10:41.573978+00:00,2026-10-02T19:10:41.573978-04:00,2026-10-02T19:10:41.573978-04:00,propline_free_sample
2026-09-30,2026-09-30 21:00:00+00:00,Hunter Brown,10.5,over,100,prizepicks,288788,Houston Astros,Chicago White Sox,2026-09-30T00:47:32.911494+00:00,2026-10-02T23:10:41.573978+00:00,2026-10-02T19:10:41.573978-04:00,2026-10-02T19:10:41.573978-04:00,propline_free_sample
2026-09-30,2026-09-30 21:00:00+00:00,Hunter Brown,5.5,under,146,prophetx,288788,Houston Astros,Chicago White Sox,2026-09-30T20:46:15.256743+00:00,2026-10-02T23:10:41.573978+00:00,2026-10-02T19:10:41.573978-04:00,2026-10-02T19:10:41.573978-04:00,propline_free_sample
2026-09-30,2026-09-30 21:00:00+00:00,Sean Burke,5.0,over,100,prizepicks,288788,Houston Astros,Chicago White Sox,2026-09-30T03:52:37.293188+00:00,2026-10-02T23:10:41.573978+00:00,2026-10-02T19:10:41.573978-04:00,2026-10-02T19:10:41.573978-04:00,propline_free_sample
2026-09-30,2026-09-30 21:00:00+00:00,Sean Burke,4.5,under,100,prizepicks,288788,Houston Astros,Chicago White Sox,2026-09-30T00:49:33.207355+00:00,2026-10-02T23:10:41.573978+00:00,2026-10-02T19:10:41.573978-04:00,2026-10-02T19:10:41.573978-04:00,propline_free_sample
2026-09-30,2026-09-30 21:00:00+00:00,Hunter Brown,6.5,over,110,fanduel,288788,Houston Astros,Chicago White Sox,2026-09-30T20:42:12.114546+00:00,2026-10-02T23:10:41.573978+00:00,2026-10-02T19:10:41.573978-04:00,2026-10-02T19:10:41.573978-04:00,propline_free_sample
2026-09-30,2026-09-30 21:00:00+00:00,Hunter Brown,6.5,under,-140,fanduel,288788,Houston Astros,Chicago White Sox,2026-09-30T20:42:12.114546+00:00,2026-10-02T23:10:41.573978+00:00,2026-10-02T19:10:41.573978-04:00,2026-10-02T19:10:41.573978-04:00,propline_free_sample
