date,commence_time_utc,pitcher_name,line,side,price,sportsbook,event_id,home_team,away_team,vendor_snapshot_time,collected_at_utc,collected_at_et,snapshot_time_et,source
2026-08-29,2026-08-29 18:10:00+00:00,Bailey Ober,4.5,over,137,dabble,173802,Minnesota Twins,Chicago White Sox,2026-08-29T17:43:16.593437+00:00,2026-08-29T21:04:16.778447+00:00,2026-08-29T17:04:16.778447-04:00,2026-08-29T17:04:16.778447-04:00,propline_free_sample
2026-08-29,2026-08-29 18:10:00+00:00,Bailey Ober,4.5,under,-135,dabble,173802,Minnesota Twins,Chicago White Sox,2026-08-29T15:32:03.091659+00:00,2026-08-29T21:04:16.778447+00:00,2026-08-29T17:04:16.778447-04:00,2026-08-29T17:04:16.778447-04:00,propline_free_sample
2026-08-29,2026-08-29 18:10:00+00:00,Bailey Ober,4.5,over,114,smarkets,173802,Minnesota Twins,Chicago White Sox,2026-08-29T15:32:43.130352+00:00,2026-08-29T21:04:16.778447+00:00,2026-08-29T17:04:16.778447-04:00,2026-08-29T17:04:16.778447-04:00,propline_free_sample
2026-08-29,2026-08-29 18:10:00+00:00,Bailey Ober,4.5,under,-161,smarkets,173802,Minnesota Twins,Chicago White Sox,2026-08-29T17:43:38.432073+00:00,2026-08-29T21:04:16.778447+00:00,2026-08-29T17:04:16.778447-04:00,2026-08-29T17:04:16.778447-04:00,propline_free_sample
2026-08-29,2026-08-29 18:10:00+00:00,Bailey Ober,4.5,over,117,underdog,173802,Minnesota Twins,Chicago White Sox,2026-08-29T15:34:40.445411+00:00,2026-08-29T21:04:16.778447+00:00,2026-08-29T17:04:16.778447-04:00,2026-08-29T17:04:16.778447-04:00,propline_free_sample
2026-08-29,2026-08-29 18:10:00+00:00,Bailey Ober,4.5,under,-159,underdog,173802,Minnesota Twins,Chicago White Sox,2026-08-29T15:39:36.230284+00:00,2026-08-29T21:04:16.778447+00:00,2026-08-29T17:04:16.778447-04:00,2026-08-29T17:04:16.778447-04:00,propline_free_sample
2026-08-29,2026-08-29 18:10:00+00:00,Bailey Ober,4.5,over,100,prizepicks,173802,Minnesota Twins,Chicago White Sox,2026-08-29T03:47:35.109568+00:00,2026-08-29T21:04:16.778447+00:00,2026-08-29T17:04:16.778447-04:00,2026-08-29T17:04:16.778447-04:00,propline_free_sample
2026-08-29,2026-08-29 18:10:00+00:00,Bailey Ober,4.5,under,100,prizepicks,173802,Minnesota Twins,Chicago White Sox,2026-08-29T03:47:35.109568+00:00,2026-08-29T21:04:16.778447+00:00,2026-08-29T17:04:16.778447-04:00,2026-08-29T17:04:16.778447-04:00,propline_free_sample
2026-08-29,2026-08-29 18:10:00+00:00,Bailey Ober,6.5,over,100,prizepicks,173802,Minnesota Twins,Chicago White Sox,2026-08-29T03:47:35.109568+00:00,2026-08-29T21:04:16.778447+00:00,2026-08-29T17:04:16.778447-04:00,2026-08-29T17:04:16.778447-04:00,propline_free_sample
2026-08-29,2026-08-29 18:10:00+00:00,Bailey Ober,6.5,under,100,prizepicks,173802,Minnesota Twins,Chicago White Sox,2026-08-29T03:47:35.109568+00:00,2026-08-29T21:04:16.778447+00:00,2026-08-29T17:04:16.778447-04:00,2026-08-29T17:04:16.778447-04:00,propline_free_sample
2026-08-29,2026-08-29 18:10:00+00:00,Bailey Ober,3.5,over,100,prizepicks,173802,Minnesota Twins,Chicago White Sox,2026-08-29T03:47:35.109568+00:00,2026-08-29T21:04:16.778447+00:00,2026-08-29T17:04:16.778447-04:00,2026-08-29T17:04:16.778447-04:00,propline_free_sample
2026-08-29,2026-08-29 18:10:00+00:00,Bailey Ober,3.5,under,100,prizepicks,173802,Minnesota Twins,Chicago White Sox,2026-08-29T03:47:35.109568+00:00,2026-08-29T21:04:16.778447+00:00,2026-08-29T17:04:16.778447-04:00,2026-08-29T17:04:16.778447-04:00,propline_free_sample
2026-08-29,2026-08-29 18:10:00+00:00,Erick Fedde,2.5,over,-105,dabble,173802,Minnesota Twins,Chicago White Sox,2026-08-29T17:43:16.593437+00:00,2026-08-29T21:04:16.778447+00:00,2026-08-29T17:04:16.778447-04:00,2026-08-29T17:04:16.778447-04:00,propline_free_sample
2026-08-29,2026-08-29 18:10:00+00:00,Erick Fedde,2.5,under,107,dabble,173802,Minnesota Twins,Chicago White Sox,2026-08-29T17:20:47.800044+00:00,2026-08-29T21:04:16.778447+00:00,2026-08-29T17:04:16.778447-04:00,2026-08-29T17:04:16.778447-04:00,propline_free_sample
2026-08-29,2026-08-29 18:10:00+00:00,Erick Fedde,2.5,over,-125,smarkets,173802,Minnesota Twins,Chicago White Sox,2026-08-29T17:26:08.696421+00:00,2026-08-29T21:04:16.778447+00:00,2026-08-29T17:04:16.778447-04:00,2026-08-29T17:04:16.778447-04:00,propline_free_sample
2026-08-29,2026-08-29 18:10:00+00:00,Erick Fedde,2.5,under,-111,smarkets,173802,Minnesota Twins,Chicago White Sox,2026-08-29T17:26:08.696421+00:00,2026-08-29T21:04:16.778447+00:00,2026-08-29T17:04:16.778447-04:00,2026-08-29T17:04:16.778447-04:00,propline_free_sample
2026-08-29,2026-08-29 18:10:00+00:00,Erick Fedde,2.5,over,-110,underdog,173802,Minnesota Twins,Chicago White Sox,2026-08-29T15:05:38.498634+00:00,2026-08-29T21:04:16.778447+00:00,2026-08-29T17:04:16.778447-04:00,2026-08-29T17:04:16.778447-04:00,propline_free_sample
2026-08-29,2026-08-29 18:10:00+00:00,Erick Fedde,2.5,under,-122,underdog,173802,Minnesota Twins,Chicago White Sox,2026-08-29T15:05:38.498634+00:00,2026-08-29T21:04:16.778447+00:00,2026-08-29T17:04:16.778447-04:00,2026-08-29T17:04:16.778447-04:00,propline_free_sample
2026-08-29,2026-08-29 18:10:00+00:00,Bailey Ober,3.5,over,-170,draftkings,173802,Minnesota Twins,Chicago White Sox,2026-08-29T17:15:29.310133+00:00,2026-08-29T21:04:16.778447+00:00,2026-08-29T17:04:16.778447-04:00,2026-08-29T17:04:16.778447-04:00,propline_free_sample
2026-08-29,2026-08-29 18:10:00+00:00,Bailey Ober,3.5,under,133,draftkings,173802,Minnesota Twins,Chicago White Sox,2026-08-29T17:15:29.310133+00:00,2026-08-29T21:04:16.778447+00:00,2026-08-29T17:04:16.778447-04:00,2026-08-29T17:04:16.778447-04:00,propline_free_sample
2026-08-29,2026-08-29 18:10:00+00:00,Erick Fedde,2.5,over,-121,draftkings,173802,Minnesota Twins,Chicago White Sox,2026-08-29T16:21:10.641503+00:00,2026-08-29T21:04:16.778447+00:00,2026-08-29T17:04:16.778447-04:00,2026-08-29T17:04:16.778447-04:00,propline_free_sample
2026-08-29,2026-08-29 18:10:00+00:00,Erick Fedde,2.5,under,-105,draftkings,173802,Minnesota Twins,Chicago White Sox,2026-08-29T16:21:10.641503+00:00,2026-08-29T21:04:16.778447+00:00,2026-08-29T17:04:16.778447-04:00,2026-08-29T17:04:16.778447-04:00,propline_free_sample
2026-08-29,2026-08-29 18:10:00+00:00,Bailey Ober,3.5,over,-165,fanatics,173802,Minnesota Twins,Chicago White Sox,2026-08-29T18:01:25.728452+00:00,2026-08-29T21:04:16.778447+00:00,2026-08-29T17:04:16.778447-04:00,2026-08-29T17:04:16.778447-04:00,propline_free_sample
2026-08-29,2026-08-29 18:10:00+00:00,Bailey Ober,3.5,under,125,fanatics,173802,Minnesota Twins,Chicago White Sox,2026-08-29T18:01:25.728452+00:00,2026-08-29T21:04:16.778447+00:00,2026-08-29T17:04:16.778447-04:00,2026-08-29T17:04:16.778447-04:00,propline_free_sample
2026-08-29,2026-08-29 18:10:00+00:00,Erick Fedde,1.5,over,170,fanatics,173802,Minnesota Twins,Chicago White Sox,2026-08-29T18:01:25.728452+00:00,2026-08-29T21:04:16.778447+00:00,2026-08-29T17:04:16.778447-04:00,2026-08-29T17:04:16.778447-04:00,propline_free_sample
2026-08-29,2026-08-29 18:10:00+00:00,Erick Fedde,1.5,under,-235,fanatics,173802,Minnesota Twins,Chicago White Sox,2026-08-29T18:01:25.728452+00:00,2026-08-29T21:04:16.778447+00:00,2026-08-29T17:04:16.778447-04:00,2026-08-29T17:04:16.778447-04:00,propline_free_sample
2026-08-29,2026-08-29 18:10:00+00:00,Erick Fedde,2.5,over,100,prizepicks,173802,Minnesota Twins,Chicago White Sox,2026-08-29T04:15:15.512051+00:00,2026-08-29T21:04:16.778447+00:00,2026-08-29T17:04:16.778447-04:00,2026-08-29T17:04:16.778447-04:00,propline_free_sample
2026-08-29,2026-08-29 18:10:00+00:00,Erick Fedde,2.5,under,100,prizepicks,173802,Minnesota Twins,Chicago White Sox,2026-08-29T04:15:15.512051+00:00,2026-08-29T21:04:16.778447+00:00,2026-08-29T17:04:16.778447-04:00,2026-08-29T17:04:16.778447-04:00,propline_free_sample
2026-08-29,2026-08-29 18:10:00+00:00,Erick Fedde,4.5,over,100,prizepicks,173802,Minnesota Twins,Chicago White Sox,2026-08-29T04:17:03.401861+00:00,2026-08-29T21:04:16.778447+00:00,2026-08-29T17:04:16.778447-04:00,2026-08-29T17:04:16.778447-04:00,propline_free_sample
2026-08-29,2026-08-29 18:10:00+00:00,Erick Fedde,4.5,under,100,prizepicks,173802,Minnesota Twins,Chicago White Sox,2026-08-29T04:17:03.401861+00:00,2026-08-29T21:04:16.778447+00:00,2026-08-29T17:04:16.778447-04:00,2026-08-29T17:04:16.778447-04:00,propline_free_sample
2026-08-29,2026-08-29 18:10:00+00:00,Erick Fedde,3.5,over,100,prizepicks,173802,Minnesota Twins,Chicago White Sox,2026-08-29T04:17:03.401861+00:00,2026-08-29T21:04:16.778447+00:00,2026-08-29T17:04:16.778447-04:00,2026-08-29T17:04:16.778447-04:00,propline_free_sample
2026-08-29,2026-08-29 18:10:00+00:00,Erick Fedde,3.5,under,100,prizepicks,173802,Minnesota Twins,Chicago White Sox,2026-08-29T04:17:03.401861+00:00,2026-08-29T21:04:16.778447+00:00,2026-08-29T17:04:16.778447-04:00,2026-08-29T17:04:16.778447-04:00,propline_free_sample
2026-08-29,2026-08-29 18:10:00+00:00,Bailey Ober,5.5,over,100,prizepicks,173802,Minnesota Twins,Chicago White Sox,2026-08-29T04:17:03.401861+00:00,2026-08-29T21:04:16.778447+00:00,2026-08-29T17:04:16.778447-04:00,2026-08-29T17:04:16.778447-04:00,propline_free_sample
2026-08-29,2026-08-29 18:10:00+00:00,Erick Fedde,5.5,over,100,prizepicks,173802,Minnesota Twins,Chicago White Sox,2026-08-29T04:17:03.401861+00:00,2026-08-29T21:04:16.778447+00:00,2026-08-29T17:04:16.778447-04:00,2026-08-29T17:04:16.778447-04:00,propline_free_sample
2026-08-29,2026-08-29 18:10:00+00:00,Bailey Ober,5.5,under,100,prizepicks,173802,Minnesota Twins,Chicago White Sox,2026-08-29T04:17:03.401861+00:00,2026-08-29T21:04:16.778447+00:00,2026-08-29T17:04:16.778447-04:00,2026-08-29T17:04:16.778447-04:00,propline_free_sample
2026-08-29,2026-08-29 18:10:00+00:00,Erick Fedde,5.5,under,100,prizepicks,173802,Minnesota Twins,Chicago White Sox,2026-08-29T04:17:03.401861+00:00,2026-08-29T21:04:16.778447+00:00,2026-08-29T17:04:16.778447-04:00,2026-08-29T17:04:16.778447-04:00,propline_free_sample
2026-08-29,2026-08-29 18:10:00+00:00,Bailey Ober,7.5,over,100,prizepicks,173802,Minnesota Twins,Chicago White Sox,2026-08-29T04:17:03.401861+00:00,2026-08-29T21:04:16.778447+00:00,2026-08-29T17:04:16.778447-04:00,2026-08-29T17:04:16.778447-04:00,propline_free_sample
2026-08-29,2026-08-29 18:10:00+00:00,Bailey Ober,7.5,under,100,prizepicks,173802,Minnesota Twins,Chicago White Sox,2026-08-29T04:17:03.401861+00:00,2026-08-29T21:04:16.778447+00:00,2026-08-29T17:04:16.778447-04:00,2026-08-29T17:04:16.778447-04:00,propline_free_sample
2026-08-29,2026-08-29 18:10:00+00:00,Erick Fedde,1.5,over,100,prizepicks,173802,Minnesota Twins,Chicago White Sox,2026-08-29T04:17:03.401861+00:00,2026-08-29T21:04:16.778447+00:00,2026-08-29T17:04:16.778447-04:00,2026-08-29T17:04:16.778447-04:00,propline_free_sample
2026-08-29,2026-08-29 18:10:00+00:00,Erick Fedde,1.5,under,100,prizepicks,173802,Minnesota Twins,Chicago White Sox,2026-08-29T04:17:03.401861+00:00,2026-08-29T21:04:16.778447+00:00,2026-08-29T17:04:16.778447-04:00,2026-08-29T17:04:16.778447-04:00,propline_free_sample
2026-08-29,2026-08-29 18:10:00+00:00,Bailey Ober,2.5,over,100,prizepicks,173802,Minnesota Twins,Chicago White Sox,2026-08-29T04:17:03.401861+00:00,2026-08-29T21:04:16.778447+00:00,2026-08-29T17:04:16.778447-04:00,2026-08-29T17:04:16.778447-04:00,propline_free_sample
2026-08-29,2026-08-29 18:10:00+00:00,Bailey Ober,2.5,under,100,prizepicks,173802,Minnesota Twins,Chicago White Sox,2026-08-29T04:17:03.401861+00:00,2026-08-29T21:04:16.778447+00:00,2026-08-29T17:04:16.778447-04:00,2026-08-29T17:04:16.778447-04:00,propline_free_sample
2026-08-29,2026-08-29 18:10:00+00:00,Bailey Ober,4.5,over,113,sleeper,173802,Minnesota Twins,Chicago White Sox,2026-08-29T17:18:13.523343+00:00,2026-08-29T21:04:16.778447+00:00,2026-08-29T17:04:16.778447-04:00,2026-08-29T17:04:16.778447-04:00,propline_free_sample
2026-08-29,2026-08-29 18:10:00+00:00,Bailey Ober,4.5,under,-192,sleeper,173802,Minnesota Twins,Chicago White Sox,2026-08-29T15:17:32.696128+00:00,2026-08-29T21:04:16.778447+00:00,2026-08-29T17:04:16.778447-04:00,2026-08-29T17:04:16.778447-04:00,propline_free_sample
2026-08-29,2026-08-29 18:10:00+00:00,Bailey Ober,4.5,over,163,novig,173802,Minnesota Twins,Chicago White Sox,2026-08-29T18:06:28.739508+00:00,2026-08-29T21:04:16.778447+00:00,2026-08-29T17:04:16.778447-04:00,2026-08-29T17:04:16.778447-04:00,propline_free_sample
2026-08-29,2026-08-29 18:10:00+00:00,Bailey Ober,4.5,under,-174,novig,173802,Minnesota Twins,Chicago White Sox,2026-08-29T18:09:48.481065+00:00,2026-08-29T21:04:16.778447+00:00,2026-08-29T17:04:16.778447-04:00,2026-08-29T17:04:16.778447-04:00,propline_free_sample
2026-08-29,2026-08-29 18:10:00+00:00,Erick Fedde,2.5,over,-128,sleeper,173802,Minnesota Twins,Chicago White Sox,2026-08-29T04:24:24.151708+00:00,2026-08-29T21:04:16.778447+00:00,2026-08-29T17:04:16.778447-04:00,2026-08-29T17:04:16.778447-04:00,propline_free_sample
2026-08-29,2026-08-29 18:10:00+00:00,Erick Fedde,2.5,under,-128,sleeper,173802,Minnesota Twins,Chicago White Sox,2026-08-29T04:24:24.151708+00:00,2026-08-29T21:04:16.778447+00:00,2026-08-29T17:04:16.778447-04:00,2026-08-29T17:04:16.778447-04:00,propline_free_sample
2026-08-29,2026-08-29 18:10:00+00:00,Erick Fedde,0.5,over,-1011,kalshi,173802,Minnesota Twins,Chicago White Sox,2026-08-29T15:37:20.334674+00:00,2026-08-29T21:04:16.778447+00:00,2026-08-29T17:04:16.778447-04:00,2026-08-29T17:04:16.778447-04:00,propline_free_sample
2026-08-29,2026-08-29 18:10:00+00:00,Erick Fedde,0.5,under,9900,kalshi,173802,Minnesota Twins,Chicago White Sox,2026-08-29T11:26:38.975516+00:00,2026-08-29T21:04:16.778447+00:00,2026-08-29T17:04:16.778447-04:00,2026-08-29T17:04:16.778447-04:00,propline_free_sample
2026-08-29,2026-08-29 18:10:00+00:00,Bailey Ober,1.5,over,-3233,kalshi,173802,Minnesota Twins,Chicago White Sox,2026-08-29T13:33:56.989198+00:00,2026-08-29T21:04:16.778447+00:00,2026-08-29T17:04:16.778447-04:00,2026-08-29T17:04:16.778447-04:00,propline_free_sample
2026-08-29,2026-08-29 18:10:00+00:00,Erick Fedde,1.5,over,-203,kalshi,173802,Minnesota Twins,Chicago White Sox,2026-08-29T15:56:27.631780+00:00,2026-08-29T21:04:16.778447+00:00,2026-08-29T17:04:16.778447-04:00,2026-08-29T17:04:16.778447-04:00,propline_free_sample
2026-08-29,2026-08-29 18:10:00+00:00,Bailey Ober,1.5,under,9900,kalshi,173802,Minnesota Twins,Chicago White Sox,2026-08-29T13:27:15.142156+00:00,2026-08-29T21:04:16.778447+00:00,2026-08-29T17:04:16.778447-04:00,2026-08-29T17:04:16.778447-04:00,propline_free_sample
2026-08-29,2026-08-29 18:10:00+00:00,Erick Fedde,1.5,under,9900,kalshi,173802,Minnesota Twins,Chicago White Sox,2026-08-29T16:18:58.627596+00:00,2026-08-29T21:04:16.778447+00:00,2026-08-29T17:04:16.778447-04:00,2026-08-29T17:04:16.778447-04:00,propline_free_sample
2026-08-29,2026-08-29 18:10:00+00:00,Bailey Ober,2.5,over,-4900,kalshi,173802,Minnesota Twins,Chicago White Sox,2026-08-29T14:58:32.071929+00:00,2026-08-29T21:04:16.778447+00:00,2026-08-29T17:04:16.778447-04:00,2026-08-29T17:04:16.778447-04:00,propline_free_sample
2026-08-29,2026-08-29 18:10:00+00:00,Erick Fedde,2.5,over,-203,kalshi,173802,Minnesota Twins,Chicago White Sox,2026-08-29T16:31:21.704894+00:00,2026-08-29T21:04:16.778447+00:00,2026-08-29T17:04:16.778447-04:00,2026-08-29T17:04:16.778447-04:00,propline_free_sample
2026-08-29,2026-08-29 18:10:00+00:00,Bailey Ober,2.5,under,9900,kalshi,173802,Minnesota Twins,Chicago White Sox,2026-08-29T14:58:32.071929+00:00,2026-08-29T21:04:16.778447+00:00,2026-08-29T17:04:16.778447-04:00,2026-08-29T17:04:16.778447-04:00,propline_free_sample
2026-08-29,2026-08-29 18:10:00+00:00,Erick Fedde,2.5,under,9900,kalshi,173802,Minnesota Twins,Chicago White Sox,2026-08-29T16:31:21.704894+00:00,2026-08-29T21:04:16.778447+00:00,2026-08-29T17:04:16.778447-04:00,2026-08-29T17:04:16.778447-04:00,propline_free_sample
2026-08-29,2026-08-29 18:10:00+00:00,Bailey Ober,3.5,over,-400,kalshi,173802,Minnesota Twins,Chicago White Sox,2026-08-29T16:26:25.057457+00:00,2026-08-29T21:04:16.778447+00:00,2026-08-29T17:04:16.778447-04:00,2026-08-29T17:04:16.778447-04:00,propline_free_sample
2026-08-29,2026-08-29 18:10:00+00:00,Erick Fedde,3.5,over,245,kalshi,173802,Minnesota Twins,Chicago White Sox,2026-08-29T16:31:21.704894+00:00,2026-08-29T21:04:16.778447+00:00,2026-08-29T17:04:16.778447-04:00,2026-08-29T17:04:16.778447-04:00,propline_free_sample
2026-08-29,2026-08-29 18:10:00+00:00,Bailey Ober,3.5,under,9900,kalshi,173802,Minnesota Twins,Chicago White Sox,2026-08-29T16:26:25.057457+00:00,2026-08-29T21:04:16.778447+00:00,2026-08-29T17:04:16.778447-04:00,2026-08-29T17:04:16.778447-04:00,propline_free_sample
2026-08-29,2026-08-29 18:10:00+00:00,Erick Fedde,3.5,under,9900,kalshi,173802,Minnesota Twins,Chicago White Sox,2026-08-29T16:31:21.704894+00:00,2026-08-29T21:04:16.778447+00:00,2026-08-29T17:04:16.778447-04:00,2026-08-29T17:04:16.778447-04:00,propline_free_sample
2026-08-29,2026-08-29 18:10:00+00:00,Bailey Ober,4.5,over,-376,kalshi,173802,Minnesota Twins,Chicago White Sox,2026-08-29T18:07:05.864905+00:00,2026-08-29T21:04:16.778447+00:00,2026-08-29T17:04:16.778447-04:00,2026-08-29T17:04:16.778447-04:00,propline_free_sample
2026-08-29,2026-08-29 18:10:00+00:00,Erick Fedde,4.5,over,9900,kalshi,173802,Minnesota Twins,Chicago White Sox,2026-08-29T15:13:01.074996+00:00,2026-08-29T21:04:16.778447+00:00,2026-08-29T17:04:16.778447-04:00,2026-08-29T17:04:16.778447-04:00,propline_free_sample
2026-08-29,2026-08-29 18:10:00+00:00,Bailey Ober,4.5,under,9900,kalshi,173802,Minnesota Twins,Chicago White Sox,2026-08-29T18:07:05.864905+00:00,2026-08-29T21:04:16.778447+00:00,2026-08-29T17:04:16.778447-04:00,2026-08-29T17:04:16.778447-04:00,propline_free_sample
2026-08-29,2026-08-29 18:10:00+00:00,Erick Fedde,4.5,under,-4900,kalshi,173802,Minnesota Twins,Chicago White Sox,2026-08-29T14:18:16.393111+00:00,2026-08-29T21:04:16.778447+00:00,2026-08-29T17:04:16.778447-04:00,2026-08-29T17:04:16.778447-04:00,propline_free_sample
2026-08-29,2026-08-29 18:10:00+00:00,Bailey Ober,5.5,over,9900,kalshi,173802,Minnesota Twins,Chicago White Sox,2026-08-29T11:24:32.973672+00:00,2026-08-29T21:04:16.778447+00:00,2026-08-29T17:04:16.778447-04:00,2026-08-29T17:04:16.778447-04:00,propline_free_sample
2026-08-29,2026-08-29 18:10:00+00:00,Erick Fedde,5.5,over,9900,kalshi,173802,Minnesota Twins,Chicago White Sox,2026-08-29T18:02:22.419143+00:00,2026-08-29T21:04:16.778447+00:00,2026-08-29T17:04:16.778447-04:00,2026-08-29T17:04:16.778447-04:00,propline_free_sample
2026-08-29,2026-08-29 18:10:00+00:00,Bailey Ober,5.5,under,-733,kalshi,173802,Minnesota Twins,Chicago White Sox,2026-08-29T11:24:32.973672+00:00,2026-08-29T21:04:16.778447+00:00,2026-08-29T17:04:16.778447-04:00,2026-08-29T17:04:16.778447-04:00,propline_free_sample
2026-08-29,2026-08-29 18:10:00+00:00,Erick Fedde,5.5,under,-3233,kalshi,173802,Minnesota Twins,Chicago White Sox,2026-08-29T18:04:02.134935+00:00,2026-08-29T21:04:16.778447+00:00,2026-08-29T17:04:16.778447-04:00,2026-08-29T17:04:16.778447-04:00,propline_free_sample
2026-08-29,2026-08-29 18:10:00+00:00,Bailey Ober,6.5,over,9900,kalshi,173802,Minnesota Twins,Chicago White Sox,2026-08-29T16:03:36.618193+00:00,2026-08-29T21:04:16.778447+00:00,2026-08-29T17:04:16.778447-04:00,2026-08-29T17:04:16.778447-04:00,propline_free_sample
2026-08-29,2026-08-29 18:10:00+00:00,Bailey Ober,6.5,under,-1567,kalshi,173802,Minnesota Twins,Chicago White Sox,2026-08-29T16:03:36.618193+00:00,2026-08-29T21:04:16.778447+00:00,2026-08-29T17:04:16.778447-04:00,2026-08-29T17:04:16.778447-04:00,propline_free_sample
2026-08-29,2026-08-29 18:10:00+00:00,Bailey Ober,7.5,over,9900,kalshi,173802,Minnesota Twins,Chicago White Sox,2026-08-29T15:17:41.597898+00:00,2026-08-29T21:04:16.778447+00:00,2026-08-29T17:04:16.778447-04:00,2026-08-29T17:04:16.778447-04:00,propline_free_sample
2026-08-29,2026-08-29 18:10:00+00:00,Bailey Ober,7.5,under,-9900,kalshi,173802,Minnesota Twins,Chicago White Sox,2026-08-29T15:15:17.892037+00:00,2026-08-29T21:04:16.778447+00:00,2026-08-29T17:04:16.778447-04:00,2026-08-29T17:04:16.778447-04:00,propline_free_sample
2026-08-29,2026-08-29 18:10:00+00:00,Bailey Ober,3.5,over,-166,fanduel,173802,Minnesota Twins,Chicago White Sox,2026-08-29T17:10:53.932409+00:00,2026-08-29T21:04:16.778447+00:00,2026-08-29T17:04:16.778447-04:00,2026-08-29T17:04:16.778447-04:00,propline_free_sample
2026-08-29,2026-08-29 18:10:00+00:00,Bailey Ober,3.5,under,130,fanduel,173802,Minnesota Twins,Chicago White Sox,2026-08-29T17:10:53.932409+00:00,2026-08-29T21:04:16.778447+00:00,2026-08-29T17:04:16.778447-04:00,2026-08-29T17:04:16.778447-04:00,propline_free_sample
2026-08-29,2026-08-29 18:10:00+00:00,Erick Fedde,2.5,over,-113,fanduel,173802,Minnesota Twins,Chicago White Sox,2026-08-29T17:10:53.932409+00:00,2026-08-29T21:04:16.778447+00:00,2026-08-29T17:04:16.778447-04:00,2026-08-29T17:04:16.778447-04:00,propline_free_sample
2026-08-29,2026-08-29 18:10:00+00:00,Erick Fedde,2.5,under,-113,fanduel,173802,Minnesota Twins,Chicago White Sox,2026-08-29T17:10:53.932409+00:00,2026-08-29T21:04:16.778447+00:00,2026-08-29T17:04:16.778447-04:00,2026-08-29T17:04:16.778447-04:00,propline_free_sample
2026-08-29,2026-08-29 18:10:00+00:00,Bailey Ober,3.5,over,-141,novig,173802,Minnesota Twins,Chicago White Sox,2026-08-29T18:06:28.739508+00:00,2026-08-29T21:04:16.778447+00:00,2026-08-29T17:04:16.778447-04:00,2026-08-29T17:04:16.778447-04:00,propline_free_sample
2026-08-29,2026-08-29 18:10:00+00:00,Bailey Ober,3.5,under,127,novig,173802,Minnesota Twins,Chicago White Sox,2026-08-29T17:45:07.888607+00:00,2026-08-29T21:04:16.778447+00:00,2026-08-29T17:04:16.778447-04:00,2026-08-29T17:04:16.778447-04:00,propline_free_sample
2026-08-29,2026-08-29 18:10:00+00:00,Bailey Ober,5.5,over,292,novig,173802,Minnesota Twins,Chicago White Sox,2026-08-29T15:49:38.927656+00:00,2026-08-29T21:04:16.778447+00:00,2026-08-29T17:04:16.778447-04:00,2026-08-29T17:04:16.778447-04:00,propline_free_sample
2026-08-29,2026-08-29 18:10:00+00:00,Bailey Ober,5.5,under,-426,novig,173802,Minnesota Twins,Chicago White Sox,2026-08-29T18:09:48.481065+00:00,2026-08-29T21:04:16.778447+00:00,2026-08-29T17:04:16.778447-04:00,2026-08-29T17:04:16.778447-04:00,propline_free_sample
2026-08-29,2026-08-29 18:10:00+00:00,Erick Fedde,2.5,over,-144,novig,173802,Minnesota Twins,Chicago White Sox,2026-08-29T17:19:59.624759+00:00,2026-08-29T21:04:16.778447+00:00,2026-08-29T17:04:16.778447-04:00,2026-08-29T17:04:16.778447-04:00,propline_free_sample
2026-08-29,2026-08-29 18:10:00+00:00,Erick Fedde,2.5,under,-102,novig,173802,Minnesota Twins,Chicago White Sox,2026-08-29T16:31:34.743625+00:00,2026-08-29T21:04:16.778447+00:00,2026-08-29T17:04:16.778447-04:00,2026-08-29T17:04:16.778447-04:00,propline_free_sample
2026-08-29,2026-08-29 18:10:00+00:00,Erick Fedde,3.5,over,251,novig,173802,Minnesota Twins,Chicago White Sox,2026-08-29T16:31:34.743625+00:00,2026-08-29T21:04:16.778447+00:00,2026-08-29T17:04:16.778447-04:00,2026-08-29T17:04:16.778447-04:00,propline_free_sample
2026-08-29,2026-08-29 18:10:00+00:00,Erick Fedde,3.5,under,-277,novig,173802,Minnesota Twins,Chicago White Sox,2026-08-29T18:06:28.739508+00:00,2026-08-29T21:04:16.778447+00:00,2026-08-29T17:04:16.778447-04:00,2026-08-29T17:04:16.778447-04:00,propline_free_sample
2026-08-29,2026-08-29 18:10:00+00:00,Bailey Ober,3.5,over,-172,onexbet,173802,Minnesota Twins,Chicago White Sox,2026-08-29T17:23:50.664852+00:00,2026-08-29T21:04:16.778447+00:00,2026-08-29T17:04:16.778447-04:00,2026-08-29T17:04:16.778447-04:00,propline_free_sample
2026-08-29,2026-08-29 18:10:00+00:00,Erick Fedde,2.5,over,-122,onexbet,173802,Minnesota Twins,Chicago White Sox,2026-08-29T17:18:45.576104+00:00,2026-08-29T21:04:16.778447+00:00,2026-08-29T17:04:16.778447-04:00,2026-08-29T17:04:16.778447-04:00,propline_free_sample
2026-08-29,2026-08-29 18:10:00+00:00,Bailey Ober,3.5,under,133,onexbet,173802,Minnesota Twins,Chicago White Sox,2026-08-29T17:23:50.664852+00:00,2026-08-29T21:04:16.778447+00:00,2026-08-29T17:04:16.778447-04:00,2026-08-29T17:04:16.778447-04:00,propline_free_sample
2026-08-29,2026-08-29 18:10:00+00:00,Erick Fedde,2.5,under,-105,onexbet,173802,Minnesota Twins,Chicago White Sox,2026-08-29T17:18:45.576104+00:00,2026-08-29T21:04:16.778447+00:00,2026-08-29T17:04:16.778447-04:00,2026-08-29T17:04:16.778447-04:00,propline_free_sample
2026-08-29,2026-08-29 18:10:00+00:00,Bailey Ober,2.5,over,-400,novig,173802,Minnesota Twins,Chicago White Sox,2026-08-29T14:27:57.838601+00:00,2026-08-29T21:04:16.778447+00:00,2026-08-29T17:04:16.778447-04:00,2026-08-29T17:04:16.778447-04:00,propline_free_sample
2026-08-29,2026-08-29 18:10:00+00:00,Bailey Ober,2.5,under,300,novig,173802,Minnesota Twins,Chicago White Sox,2026-08-29T12:35:35.393657+00:00,2026-08-29T21:04:16.778447+00:00,2026-08-29T17:04:16.778447-04:00,2026-08-29T17:04:16.778447-04:00,propline_free_sample
2026-08-29,2026-08-29 18:10:00+00:00,Bailey Ober (MIN),3.5,over,-170,bovada,173802,Minnesota Twins,Chicago White Sox,2026-08-29T04:40:41.168981+00:00,2026-08-29T21:04:16.778447+00:00,2026-08-29T17:04:16.778447-04:00,2026-08-29T17:04:16.778447-04:00,propline_free_sample
2026-08-29,2026-08-29 18:10:00+00:00,Bailey Ober (MIN),3.5,under,130,bovada,173802,Minnesota Twins,Chicago White Sox,2026-08-29T04:40:41.168981+00:00,2026-08-29T21:04:16.778447+00:00,2026-08-29T17:04:16.778447-04:00,2026-08-29T17:04:16.778447-04:00,propline_free_sample
2026-08-29,2026-08-29 18:10:00+00:00,Erick Fedde (CWS),2.5,over,-115,bovada,173802,Minnesota Twins,Chicago White Sox,2026-08-29T04:40:41.168981+00:00,2026-08-29T21:04:16.778447+00:00,2026-08-29T17:04:16.778447-04:00,2026-08-29T17:04:16.778447-04:00,propline_free_sample
2026-08-29,2026-08-29 18:10:00+00:00,Erick Fedde (CWS),2.5,under,-115,bovada,173802,Minnesota Twins,Chicago White Sox,2026-08-29T04:40:41.168981+00:00,2026-08-29T21:04:16.778447+00:00,2026-08-29T17:04:16.778447-04:00,2026-08-29T17:04:16.778447-04:00,propline_free_sample
2026-08-29,2026-08-29 18:10:00+00:00,Bailey Ober,3.5,over,-136,prophetx,173802,Minnesota Twins,Chicago White Sox,2026-08-29T17:38:46.688383+00:00,2026-08-29T21:04:16.778447+00:00,2026-08-29T17:04:16.778447-04:00,2026-08-29T17:04:16.778447-04:00,propline_free_sample
2026-08-29,2026-08-29 18:10:00+00:00,Bailey Ober,3.5,under,-106,prophetx,173802,Minnesota Twins,Chicago White Sox,2026-08-29T18:01:06.725229+00:00,2026-08-29T21:04:16.778447+00:00,2026-08-29T17:04:16.778447-04:00,2026-08-29T17:04:16.778447-04:00,propline_free_sample
2026-08-29,2026-08-29 18:10:00+00:00,Erick Fedde,2.5,over,-142,prophetx,173802,Minnesota Twins,Chicago White Sox,2026-08-29T16:31:49.845038+00:00,2026-08-29T21:04:16.778447+00:00,2026-08-29T17:04:16.778447-04:00,2026-08-29T17:04:16.778447-04:00,propline_free_sample
2026-08-29,2026-08-29 18:10:00+00:00,Erick Fedde,2.5,under,-104,prophetx,173802,Minnesota Twins,Chicago White Sox,2026-08-29T16:31:49.845038+00:00,2026-08-29T21:04:16.778447+00:00,2026-08-29T17:04:16.778447-04:00,2026-08-29T17:04:16.778447-04:00,propline_free_sample
2026-08-29,2026-08-29 18:10:00+00:00,Bailey Ober,4.5,over,158,prophetx,173802,Minnesota Twins,Chicago White Sox,2026-08-29T18:08:49.219738+00:00,2026-08-29T21:04:16.778447+00:00,2026-08-29T17:04:16.778447-04:00,2026-08-29T17:04:16.778447-04:00,propline_free_sample
2026-08-29,2026-08-29 18:10:00+00:00,Bailey Ober,4.5,under,-164,prophetx,173802,Minnesota Twins,Chicago White Sox,2026-08-29T18:08:49.219738+00:00,2026-08-29T21:04:16.778447+00:00,2026-08-29T17:04:16.778447-04:00,2026-08-29T17:04:16.778447-04:00,propline_free_sample
2026-08-29,2026-08-29 18:10:00+00:00,Erick Fedde,2.5,over,-107,rebet,173802,Minnesota Twins,Chicago White Sox,2026-08-29T15:13:27.788443+00:00,2026-08-29T21:04:16.778447+00:00,2026-08-29T17:04:16.778447-04:00,2026-08-29T17:04:16.778447-04:00,propline_free_sample
2026-08-29,2026-08-29 18:10:00+00:00,Erick Fedde,2.5,under,-128,rebet,173802,Minnesota Twins,Chicago White Sox,2026-08-29T15:13:27.788443+00:00,2026-08-29T21:04:16.778447+00:00,2026-08-29T17:04:16.778447-04:00,2026-08-29T17:04:16.778447-04:00,propline_free_sample
2026-08-29,2026-08-29 18:10:00+00:00,Bailey Ober,4.5,over,116,rebet,173802,Minnesota Twins,Chicago White Sox,2026-08-29T06:21:01.703915+00:00,2026-08-29T21:04:16.778447+00:00,2026-08-29T17:04:16.778447-04:00,2026-08-29T17:04:16.778447-04:00,propline_free_sample
2026-08-29,2026-08-29 18:10:00+00:00,Bailey Ober,4.5,under,-160,rebet,173802,Minnesota Twins,Chicago White Sox,2026-08-29T06:21:01.703915+00:00,2026-08-29T21:04:16.778447+00:00,2026-08-29T17:04:16.778447-04:00,2026-08-29T17:04:16.778447-04:00,propline_free_sample
2026-08-29,2026-08-29 18:10:00+00:00,Erick Fedde,7.5,over,100,prizepicks,173802,Minnesota Twins,Chicago White Sox,2026-08-29T06:22:25.112826+00:00,2026-08-29T21:04:16.778447+00:00,2026-08-29T17:04:16.778447-04:00,2026-08-29T17:04:16.778447-04:00,propline_free_sample
2026-08-29,2026-08-29 18:10:00+00:00,Erick Fedde,7.5,under,100,prizepicks,173802,Minnesota Twins,Chicago White Sox,2026-08-29T06:22:25.112826+00:00,2026-08-29T21:04:16.778447+00:00,2026-08-29T17:04:16.778447-04:00,2026-08-29T17:04:16.778447-04:00,propline_free_sample
2026-08-29,2026-08-29 18:10:00+00:00,Bailey Ober,9.5,over,100,prizepicks,173802,Minnesota Twins,Chicago White Sox,2026-08-29T06:22:25.112826+00:00,2026-08-29T21:04:16.778447+00:00,2026-08-29T17:04:16.778447-04:00,2026-08-29T17:04:16.778447-04:00,propline_free_sample
2026-08-29,2026-08-29 18:10:00+00:00,Bailey Ober,9.5,under,100,prizepicks,173802,Minnesota Twins,Chicago White Sox,2026-08-29T06:22:25.112826+00:00,2026-08-29T21:04:16.778447+00:00,2026-08-29T17:04:16.778447-04:00,2026-08-29T17:04:16.778447-04:00,propline_free_sample
2026-08-29,2026-08-29 18:10:00+00:00,Bailey Ober,8.5,over,100,prizepicks,173802,Minnesota Twins,Chicago White Sox,2026-08-29T06:26:10.105033+00:00,2026-08-29T21:04:16.778447+00:00,2026-08-29T17:04:16.778447-04:00,2026-08-29T17:04:16.778447-04:00,propline_free_sample
2026-08-29,2026-08-29 18:10:00+00:00,Bailey Ober,8.5,under,100,prizepicks,173802,Minnesota Twins,Chicago White Sox,2026-08-29T06:26:10.105033+00:00,2026-08-29T21:04:16.778447+00:00,2026-08-29T17:04:16.778447-04:00,2026-08-29T17:04:16.778447-04:00,propline_free_sample
2026-08-29,2026-08-29 18:10:00+00:00,Bailey Ober,3.5,over,-168,rebet,173802,Minnesota Twins,Chicago White Sox,2026-08-29T15:37:50.488613+00:00,2026-08-29T21:04:16.778447+00:00,2026-08-29T17:04:16.778447-04:00,2026-08-29T17:04:16.778447-04:00,propline_free_sample
2026-08-29,2026-08-29 18:10:00+00:00,Bailey Ober,3.5,under,121,rebet,173802,Minnesota Twins,Chicago White Sox,2026-08-29T15:37:50.488613+00:00,2026-08-29T21:04:16.778447+00:00,2026-08-29T17:04:16.778447-04:00,2026-08-29T17:04:16.778447-04:00,propline_free_sample
2026-08-29,2026-08-29 18:10:00+00:00,Bailey Ober,4.5,over,124,pinnacle,173802,Minnesota Twins,Chicago White Sox,2026-08-29T14:53:32.970549+00:00,2026-08-29T21:04:16.778447+00:00,2026-08-29T17:04:16.778447-04:00,2026-08-29T17:04:16.778447-04:00,propline_free_sample
2026-08-29,2026-08-29 18:10:00+00:00,Bailey Ober,4.5,under,-165,pinnacle,173802,Minnesota Twins,Chicago White Sox,2026-08-29T14:53:32.970549+00:00,2026-08-29T21:04:16.778447+00:00,2026-08-29T17:04:16.778447-04:00,2026-08-29T17:04:16.778447-04:00,propline_free_sample
2026-08-29,2026-08-29 18:10:00+00:00,Erick Fedde,2.5,over,-105,pinnacle,173802,Minnesota Twins,Chicago White Sox,2026-08-29T15:24:40.675548+00:00,2026-08-29T21:04:16.778447+00:00,2026-08-29T17:04:16.778447-04:00,2026-08-29T17:04:16.778447-04:00,propline_free_sample
2026-08-29,2026-08-29 18:10:00+00:00,Erick Fedde,2.5,under,-126,pinnacle,173802,Minnesota Twins,Chicago White Sox,2026-08-29T15:24:40.675548+00:00,2026-08-29T21:04:16.778447+00:00,2026-08-29T17:04:16.778447-04:00,2026-08-29T17:04:16.778447-04:00,propline_free_sample
2026-08-29,2026-08-29 18:10:00+00:00,Bailey Ober,3.5,over,-165,betmgm,173802,Minnesota Twins,Chicago White Sox,2026-08-29T11:12:43.681054+00:00,2026-08-29T21:04:16.778447+00:00,2026-08-29T17:04:16.778447-04:00,2026-08-29T17:04:16.778447-04:00,propline_free_sample
2026-08-29,2026-08-29 18:10:00+00:00,Bailey Ober,3.5,under,125,betmgm,173802,Minnesota Twins,Chicago White Sox,2026-08-29T11:12:43.681054+00:00,2026-08-29T21:04:16.778447+00:00,2026-08-29T17:04:16.778447-04:00,2026-08-29T17:04:16.778447-04:00,propline_free_sample
2026-08-29,2026-08-29 18:10:00+00:00,Erick Fedde,2.5,over,100,betmgm,173802,Minnesota Twins,Chicago White Sox,2026-08-29T10:46:35.580045+00:00,2026-08-29T21:04:16.778447+00:00,2026-08-29T17:04:16.778447-04:00,2026-08-29T17:04:16.778447-04:00,propline_free_sample
2026-08-29,2026-08-29 18:10:00+00:00,Erick Fedde,2.5,under,-140,betmgm,173802,Minnesota Twins,Chicago White Sox,2026-08-29T10:46:35.580045+00:00,2026-08-29T21:04:16.778447+00:00,2026-08-29T17:04:16.778447-04:00,2026-08-29T17:04:16.778447-04:00,propline_free_sample
2026-08-29,2026-08-29 18:10:00+00:00,Erick Fedde,1.5,over,-285,novig,173802,Minnesota Twins,Chicago White Sox,2026-08-29T15:49:38.927656+00:00,2026-08-29T21:04:16.778447+00:00,2026-08-29T17:04:16.778447-04:00,2026-08-29T17:04:16.778447-04:00,propline_free_sample
2026-08-29,2026-08-29 18:10:00+00:00,Erick Fedde,1.5,under,223,novig,173802,Minnesota Twins,Chicago White Sox,2026-08-29T12:11:51.022531+00:00,2026-08-29T21:04:16.778447+00:00,2026-08-29T17:04:16.778447-04:00,2026-08-29T17:04:16.778447-04:00,propline_free_sample
2026-08-29,2026-08-29 18:10:00+00:00,Bailey Ober,4.0,over,100,betr,173802,Minnesota Twins,Chicago White Sox,2026-08-29T12:27:38.331023+00:00,2026-08-29T21:04:16.778447+00:00,2026-08-29T17:04:16.778447-04:00,2026-08-29T17:04:16.778447-04:00,propline_free_sample
2026-08-29,2026-08-29 18:10:00+00:00,Erick Fedde,2.5,over,100,betr,173802,Minnesota Twins,Chicago White Sox,2026-08-29T12:27:38.331023+00:00,2026-08-29T21:04:16.778447+00:00,2026-08-29T17:04:16.778447-04:00,2026-08-29T17:04:16.778447-04:00,propline_free_sample
2026-08-29,2026-08-29 18:10:00+00:00,Bailey Ober,4.0,under,100,betr,173802,Minnesota Twins,Chicago White Sox,2026-08-29T12:27:38.331023+00:00,2026-08-29T21:04:16.778447+00:00,2026-08-29T17:04:16.778447-04:00,2026-08-29T17:04:16.778447-04:00,propline_free_sample
2026-08-29,2026-08-29 18:10:00+00:00,Erick Fedde,2.5,under,100,betr,173802,Minnesota Twins,Chicago White Sox,2026-08-29T12:27:38.331023+00:00,2026-08-29T21:04:16.778447+00:00,2026-08-29T17:04:16.778447-04:00,2026-08-29T17:04:16.778447-04:00,propline_free_sample
2026-08-29,2026-08-29 18:10:00+00:00,Bailey Ober (MIN),4.5,over,125,betonlineag,173802,Minnesota Twins,Chicago White Sox,2026-08-29T12:33:25.689844+00:00,2026-08-29T21:04:16.778447+00:00,2026-08-29T17:04:16.778447-04:00,2026-08-29T17:04:16.778447-04:00,propline_free_sample
2026-08-29,2026-08-29 18:10:00+00:00,Bailey Ober (MIN),4.5,under,-165,betonlineag,173802,Minnesota Twins,Chicago White Sox,2026-08-29T12:33:25.689844+00:00,2026-08-29T21:04:16.778447+00:00,2026-08-29T17:04:16.778447-04:00,2026-08-29T17:04:16.778447-04:00,propline_free_sample
2026-08-29,2026-08-29 18:10:00+00:00,Bailey Ober (MIN),4.5,over,125,lowvig,173802,Minnesota Twins,Chicago White Sox,2026-08-29T12:33:28.819829+00:00,2026-08-29T21:04:16.778447+00:00,2026-08-29T17:04:16.778447-04:00,2026-08-29T17:04:16.778447-04:00,propline_free_sample
2026-08-29,2026-08-29 18:10:00+00:00,Bailey Ober (MIN),4.5,under,-165,lowvig,173802,Minnesota Twins,Chicago White Sox,2026-08-29T12:33:28.819829+00:00,2026-08-29T21:04:16.778447+00:00,2026-08-29T17:04:16.778447-04:00,2026-08-29T17:04:16.778447-04:00,propline_free_sample
2026-08-29,2026-08-29 18:10:00+00:00,Bailey Ober,4.0,over,100,prizepicks,173802,Minnesota Twins,Chicago White Sox,2026-08-29T12:35:00.415374+00:00,2026-08-29T21:04:16.778447+00:00,2026-08-29T17:04:16.778447-04:00,2026-08-29T17:04:16.778447-04:00,propline_free_sample
2026-08-29,2026-08-29 18:10:00+00:00,Bailey Ober,4.0,under,100,prizepicks,173802,Minnesota Twins,Chicago White Sox,2026-08-29T12:35:00.415374+00:00,2026-08-29T21:04:16.778447+00:00,2026-08-29T17:04:16.778447-04:00,2026-08-29T17:04:16.778447-04:00,propline_free_sample
2026-08-29,2026-08-29 18:10:00+00:00,Bailey Ober,4.0,over,124,prophetx,173802,Minnesota Twins,Chicago White Sox,2026-08-29T16:36:36.180450+00:00,2026-08-29T21:04:16.778447+00:00,2026-08-29T17:04:16.778447-04:00,2026-08-29T17:04:16.778447-04:00,propline_free_sample
2026-08-29,2026-08-29 18:10:00+00:00,Bailey Ober,4.0,under,-152,prophetx,173802,Minnesota Twins,Chicago White Sox,2026-08-29T16:36:36.180450+00:00,2026-08-29T21:04:16.778447+00:00,2026-08-29T17:04:16.778447-04:00,2026-08-29T17:04:16.778447-04:00,propline_free_sample
2026-08-29,2026-08-29 17:10:00+00:00,Blake Snell,6.5,over,-122,fanduel,173801,Detroit Tigers,Los Angeles Dodgers,2026-08-29T16:58:31.508539+00:00,2026-08-29T21:04:16.778447+00:00,2026-08-29T17:04:16.778447-04:00,2026-08-29T17:04:16.778447-04:00,propline_free_sample
2026-08-29,2026-08-29 17:10:00+00:00,Blake Snell,6.5,under,-104,fanduel,173801,Detroit Tigers,Los Angeles Dodgers,2026-08-29T16:58:31.508539+00:00,2026-08-29T21:04:16.778447+00:00,2026-08-29T17:04:16.778447-04:00,2026-08-29T17:04:16.778447-04:00,propline_free_sample
2026-08-29,2026-08-29 17:10:00+00:00,Keider Montero,3.5,over,-102,fanduel,173801,Detroit Tigers,Los Angeles Dodgers,2026-08-29T15:27:03.825361+00:00,2026-08-29T21:04:16.778447+00:00,2026-08-29T17:04:16.778447-04:00,2026-08-29T17:04:16.778447-04:00,propline_free_sample
2026-08-29,2026-08-29 17:10:00+00:00,Keider Montero,3.5,under,-125,fanduel,173801,Detroit Tigers,Los Angeles Dodgers,2026-08-29T15:27:03.825361+00:00,2026-08-29T21:04:16.778447+00:00,2026-08-29T17:04:16.778447-04:00,2026-08-29T17:04:16.778447-04:00,propline_free_sample
2026-08-29,2026-08-29 17:10:00+00:00,Blake Snell,6.5,over,100,prizepicks,173801,Detroit Tigers,Los Angeles Dodgers,2026-08-29T15:29:28.869032+00:00,2026-08-29T21:04:16.778447+00:00,2026-08-29T17:04:16.778447-04:00,2026-08-29T17:04:16.778447-04:00,propline_free_sample
2026-08-29,2026-08-29 17:10:00+00:00,Keider Montero,3.5,over,100,prizepicks,173801,Detroit Tigers,Los Angeles Dodgers,2026-08-29T00:08:08.969717+00:00,2026-08-29T21:04:16.778447+00:00,2026-08-29T17:04:16.778447-04:00,2026-08-29T17:04:16.778447-04:00,propline_free_sample
2026-08-29,2026-08-29 17:10:00+00:00,Blake Snell,6.5,under,100,prizepicks,173801,Detroit Tigers,Los Angeles Dodgers,2026-08-29T15:29:28.869032+00:00,2026-08-29T21:04:16.778447+00:00,2026-08-29T17:04:16.778447-04:00,2026-08-29T17:04:16.778447-04:00,propline_free_sample
2026-08-29,2026-08-29 17:10:00+00:00,Keider Montero,3.5,under,100,prizepicks,173801,Detroit Tigers,Los Angeles Dodgers,2026-08-29T00:08:08.969717+00:00,2026-08-29T21:04:16.778447+00:00,2026-08-29T17:04:16.778447-04:00,2026-08-29T17:04:16.778447-04:00,propline_free_sample
2026-08-29,2026-08-29 17:10:00+00:00,Blake Snell,11.5,over,100,prizepicks,173801,Detroit Tigers,Los Angeles Dodgers,2026-08-29T00:08:08.969717+00:00,2026-08-29T21:04:16.778447+00:00,2026-08-29T17:04:16.778447-04:00,2026-08-29T17:04:16.778447-04:00,propline_free_sample
2026-08-29,2026-08-29 17:10:00+00:00,Blake Snell,11.5,under,100,prizepicks,173801,Detroit Tigers,Los Angeles Dodgers,2026-08-29T00:08:08.969717+00:00,2026-08-29T21:04:16.778447+00:00,2026-08-29T17:04:16.778447-04:00,2026-08-29T17:04:16.778447-04:00,propline_free_sample
2026-08-29,2026-08-29 17:10:00+00:00,Keider Montero,4.5,over,100,prizepicks,173801,Detroit Tigers,Los Angeles Dodgers,2026-08-29T00:08:08.969717+00:00,2026-08-29T21:04:16.778447+00:00,2026-08-29T17:04:16.778447-04:00,2026-08-29T17:04:16.778447-04:00,propline_free_sample
2026-08-29,2026-08-29 17:10:00+00:00,Keider Montero,4.5,under,100,prizepicks,173801,Detroit Tigers,Los Angeles Dodgers,2026-08-29T00:08:08.969717+00:00,2026-08-29T21:04:16.778447+00:00,2026-08-29T17:04:16.778447-04:00,2026-08-29T17:04:16.778447-04:00,propline_free_sample
2026-08-29,2026-08-29 17:10:00+00:00,Keider Montero,5.5,over,100,prizepicks,173801,Detroit Tigers,Los Angeles Dodgers,2026-08-29T00:08:08.969717+00:00,2026-08-29T21:04:16.778447+00:00,2026-08-29T17:04:16.778447-04:00,2026-08-29T17:04:16.778447-04:00,propline_free_sample
2026-08-29,2026-08-29 17:10:00+00:00,Keider Montero,5.5,under,100,prizepicks,173801,Detroit Tigers,Los Angeles Dodgers,2026-08-29T00:08:08.969717+00:00,2026-08-29T21:04:16.778447+00:00,2026-08-29T17:04:16.778447-04:00,2026-08-29T17:04:16.778447-04:00,propline_free_sample
2026-08-29,2026-08-29 17:10:00+00:00,Keider Montero,6.5,over,100,prizepicks,173801,Detroit Tigers,Los Angeles Dodgers,2026-08-29T00:08:08.969717+00:00,2026-08-29T21:04:16.778447+00:00,2026-08-29T17:04:16.778447-04:00,2026-08-29T17:04:16.778447-04:00,propline_free_sample
2026-08-29,2026-08-29 17:10:00+00:00,Keider Montero,6.5,under,100,prizepicks,173801,Detroit Tigers,Los Angeles Dodgers,2026-08-29T00:08:08.969717+00:00,2026-08-29T21:04:16.778447+00:00,2026-08-29T17:04:16.778447-04:00,2026-08-29T17:04:16.778447-04:00,propline_free_sample
2026-08-29,2026-08-29 17:10:00+00:00,Blake Snell,7.5,over,100,prizepicks,173801,Detroit Tigers,Los Angeles Dodgers,2026-08-29T00:08:08.969717+00:00,2026-08-29T21:04:16.778447+00:00,2026-08-29T17:04:16.778447-04:00,2026-08-29T17:04:16.778447-04:00,propline_free_sample
2026-08-29,2026-08-29 17:10:00+00:00,Blake Snell,7.5,under,100,prizepicks,173801,Detroit Tigers,Los Angeles Dodgers,2026-08-29T00:08:08.969717+00:00,2026-08-29T21:04:16.778447+00:00,2026-08-29T17:04:16.778447-04:00,2026-08-29T17:04:16.778447-04:00,propline_free_sample
2026-08-29,2026-08-29 17:10:00+00:00,Blake Snell,8.5,over,100,prizepicks,173801,Detroit Tigers,Los Angeles Dodgers,2026-08-29T00:08:08.969717+00:00,2026-08-29T21:04:16.778447+00:00,2026-08-29T17:04:16.778447-04:00,2026-08-29T17:04:16.778447-04:00,propline_free_sample
2026-08-29,2026-08-29 17:10:00+00:00,Blake Snell,8.5,under,100,prizepicks,173801,Detroit Tigers,Los Angeles Dodgers,2026-08-29T00:08:08.969717+00:00,2026-08-29T21:04:16.778447+00:00,2026-08-29T17:04:16.778447-04:00,2026-08-29T17:04:16.778447-04:00,propline_free_sample
2026-08-29,2026-08-29 17:10:00+00:00,Blake Snell,9.5,over,100,prizepicks,173801,Detroit Tigers,Los Angeles Dodgers,2026-08-29T00:08:08.969717+00:00,2026-08-29T21:04:16.778447+00:00,2026-08-29T17:04:16.778447-04:00,2026-08-29T17:04:16.778447-04:00,propline_free_sample
2026-08-29,2026-08-29 17:10:00+00:00,Blake Snell,9.5,under,100,prizepicks,173801,Detroit Tigers,Los Angeles Dodgers,2026-08-29T00:08:08.969717+00:00,2026-08-29T21:04:16.778447+00:00,2026-08-29T17:04:16.778447-04:00,2026-08-29T17:04:16.778447-04:00,propline_free_sample
2026-08-29,2026-08-29 17:10:00+00:00,Keider Montero,1.5,over,100,prizepicks,173801,Detroit Tigers,Los Angeles Dodgers,2026-08-29T00:08:08.969717+00:00,2026-08-29T21:04:16.778447+00:00,2026-08-29T17:04:16.778447-04:00,2026-08-29T17:04:16.778447-04:00,propline_free_sample
2026-08-29,2026-08-29 17:10:00+00:00,Keider Montero,1.5,under,100,prizepicks,173801,Detroit Tigers,Los Angeles Dodgers,2026-08-29T00:08:08.969717+00:00,2026-08-29T21:04:16.778447+00:00,2026-08-29T17:04:16.778447-04:00,2026-08-29T17:04:16.778447-04:00,propline_free_sample
2026-08-29,2026-08-29 17:10:00+00:00,Keider Montero,2.5,over,100,prizepicks,173801,Detroit Tigers,Los Angeles Dodgers,2026-08-29T00:08:08.969717+00:00,2026-08-29T21:04:16.778447+00:00,2026-08-29T17:04:16.778447-04:00,2026-08-29T17:04:16.778447-04:00,propline_free_sample
2026-08-29,2026-08-29 17:10:00+00:00,Keider Montero,2.5,under,100,prizepicks,173801,Detroit Tigers,Los Angeles Dodgers,2026-08-29T00:08:08.969717+00:00,2026-08-29T21:04:16.778447+00:00,2026-08-29T17:04:16.778447-04:00,2026-08-29T17:04:16.778447-04:00,propline_free_sample
2026-08-29,2026-08-29 17:10:00+00:00,Blake Snell,4.5,over,100,prizepicks,173801,Detroit Tigers,Los Angeles Dodgers,2026-08-29T00:08:08.969717+00:00,2026-08-29T21:04:16.778447+00:00,2026-08-29T17:04:16.778447-04:00,2026-08-29T17:04:16.778447-04:00,propline_free_sample
2026-08-29,2026-08-29 17:10:00+00:00,Blake Snell,4.5,under,100,prizepicks,173801,Detroit Tigers,Los Angeles Dodgers,2026-08-29T00:08:08.969717+00:00,2026-08-29T21:04:16.778447+00:00,2026-08-29T17:04:16.778447-04:00,2026-08-29T17:04:16.778447-04:00,propline_free_sample
2026-08-29,2026-08-29 17:10:00+00:00,Blake Snell,5.5,over,100,prizepicks,173801,Detroit Tigers,Los Angeles Dodgers,2026-08-29T00:08:08.969717+00:00,2026-08-29T21:04:16.778447+00:00,2026-08-29T17:04:16.778447-04:00,2026-08-29T17:04:16.778447-04:00,propline_free_sample
2026-08-29,2026-08-29 17:10:00+00:00,Blake Snell,5.5,under,100,prizepicks,173801,Detroit Tigers,Los Angeles Dodgers,2026-08-29T00:08:08.969717+00:00,2026-08-29T21:04:16.778447+00:00,2026-08-29T17:04:16.778447-04:00,2026-08-29T17:04:16.778447-04:00,propline_free_sample
2026-08-29,2026-08-29 17:10:00+00:00,Blake Snell (LAD),6.5,over,-125,bovada,173801,Detroit Tigers,Los Angeles Dodgers,2026-08-29T16:30:51.451762+00:00,2026-08-29T21:04:16.778447+00:00,2026-08-29T17:04:16.778447-04:00,2026-08-29T17:04:16.778447-04:00,propline_free_sample
2026-08-29,2026-08-29 17:10:00+00:00,Blake Snell (LAD),6.5,under,-105,bovada,173801,Detroit Tigers,Los Angeles Dodgers,2026-08-29T16:30:51.451762+00:00,2026-08-29T21:04:16.778447+00:00,2026-08-29T17:04:16.778447-04:00,2026-08-29T17:04:16.778447-04:00,propline_free_sample
2026-08-29,2026-08-29 17:10:00+00:00,Keider Montero (DET),3.5,over,-105,bovada,173801,Detroit Tigers,Los Angeles Dodgers,2026-08-29T15:46:39.263208+00:00,2026-08-29T21:04:16.778447+00:00,2026-08-29T17:04:16.778447-04:00,2026-08-29T17:04:16.778447-04:00,propline_free_sample
2026-08-29,2026-08-29 17:10:00+00:00,Keider Montero (DET),3.5,under,-125,bovada,173801,Detroit Tigers,Los Angeles Dodgers,2026-08-29T15:46:39.263208+00:00,2026-08-29T21:04:16.778447+00:00,2026-08-29T17:04:16.778447-04:00,2026-08-29T17:04:16.778447-04:00,propline_free_sample
2026-08-29,2026-08-29 17:10:00+00:00,Blake Snell,6.5,over,-137,sleeper,173801,Detroit Tigers,Los Angeles Dodgers,2026-08-29T15:24:42.841357+00:00,2026-08-29T21:04:16.778447+00:00,2026-08-29T17:04:16.778447-04:00,2026-08-29T17:04:16.778447-04:00,propline_free_sample
2026-08-29,2026-08-29 17:10:00+00:00,Keider Montero,3.5,over,-116,sleeper,173801,Detroit Tigers,Los Angeles Dodgers,2026-08-29T15:44:26.262387+00:00,2026-08-29T21:04:16.778447+00:00,2026-08-29T17:04:16.778447-04:00,2026-08-29T17:04:16.778447-04:00,propline_free_sample
2026-08-29,2026-08-29 17:10:00+00:00,Blake Snell,6.5,under,-119,sleeper,173801,Detroit Tigers,Los Angeles Dodgers,2026-08-29T16:18:48.660890+00:00,2026-08-29T21:04:16.778447+00:00,2026-08-29T17:04:16.778447-04:00,2026-08-29T17:04:16.778447-04:00,propline_free_sample
2026-08-29,2026-08-29 17:10:00+00:00,Keider Montero,3.5,under,-141,sleeper,173801,Detroit Tigers,Los Angeles Dodgers,2026-08-29T16:44:19.716474+00:00,2026-08-29T21:04:16.778447+00:00,2026-08-29T17:04:16.778447-04:00,2026-08-29T17:04:16.778447-04:00,propline_free_sample
2026-08-29,2026-08-29 17:10:00+00:00,Keider Montero,3.5,over,116,prophetx,173801,Detroit Tigers,Los Angeles Dodgers,2026-08-29T16:09:10.679328+00:00,2026-08-29T21:04:16.778447+00:00,2026-08-29T17:04:16.778447-04:00,2026-08-29T17:04:16.778447-04:00,propline_free_sample
2026-08-29,2026-08-29 17:10:00+00:00,Keider Montero,3.5,under,-126,prophetx,173801,Detroit Tigers,Los Angeles Dodgers,2026-08-29T17:09:20.614879+00:00,2026-08-29T21:04:16.778447+00:00,2026-08-29T17:04:16.778447-04:00,2026-08-29T17:04:16.778447-04:00,propline_free_sample
2026-08-29,2026-08-29 17:10:00+00:00,Blake Snell,6.5,over,-121,underdog,173801,Detroit Tigers,Los Angeles Dodgers,2026-08-29T15:37:12.066062+00:00,2026-08-29T21:04:16.778447+00:00,2026-08-29T17:04:16.778447-04:00,2026-08-29T17:04:16.778447-04:00,propline_free_sample
2026-08-29,2026-08-29 17:10:00+00:00,Keider Montero,3.5,over,103,underdog,173801,Detroit Tigers,Los Angeles Dodgers,2026-08-29T15:46:54.995058+00:00,2026-08-29T21:04:16.778447+00:00,2026-08-29T17:04:16.778447-04:00,2026-08-29T17:04:16.778447-04:00,propline_free_sample
2026-08-29,2026-08-29 17:10:00+00:00,Blake Snell,6.5,under,-112,underdog,173801,Detroit Tigers,Los Angeles Dodgers,2026-08-29T15:37:12.066062+00:00,2026-08-29T21:04:16.778447+00:00,2026-08-29T17:04:16.778447-04:00,2026-08-29T17:04:16.778447-04:00,propline_free_sample
2026-08-29,2026-08-29 17:10:00+00:00,Keider Montero,3.5,under,-139,underdog,173801,Detroit Tigers,Los Angeles Dodgers,2026-08-29T15:46:54.995058+00:00,2026-08-29T21:04:16.778447+00:00,2026-08-29T17:04:16.778447-04:00,2026-08-29T17:04:16.778447-04:00,propline_free_sample
2026-08-29,2026-08-29 17:10:00+00:00,Blake Snell,6.5,over,-114,dabble,173801,Detroit Tigers,Los Angeles Dodgers,2026-08-29T16:26:17.858417+00:00,2026-08-29T21:04:16.778447+00:00,2026-08-29T17:04:16.778447-04:00,2026-08-29T17:04:16.778447-04:00,propline_free_sample
2026-08-29,2026-08-29 17:10:00+00:00,Keider Montero,3.5,over,133,dabble,173801,Detroit Tigers,Los Angeles Dodgers,2026-08-29T15:46:56.729625+00:00,2026-08-29T21:04:16.778447+00:00,2026-08-29T17:04:16.778447-04:00,2026-08-29T17:04:16.778447-04:00,propline_free_sample
2026-08-29,2026-08-29 17:10:00+00:00,Blake Snell,6.5,under,114,dabble,173801,Detroit Tigers,Los Angeles Dodgers,2026-08-29T16:26:17.858417+00:00,2026-08-29T21:04:16.778447+00:00,2026-08-29T17:04:16.778447-04:00,2026-08-29T17:04:16.778447-04:00,propline_free_sample
2026-08-29,2026-08-29 17:10:00+00:00,Keider Montero,3.5,under,-132,dabble,173801,Detroit Tigers,Los Angeles Dodgers,2026-08-29T15:46:56.729625+00:00,2026-08-29T21:04:16.778447+00:00,2026-08-29T17:04:16.778447-04:00,2026-08-29T17:04:16.778447-04:00,propline_free_sample
2026-08-29,2026-08-29 17:10:00+00:00,Blake Snell,7.5,over,-145,fanatics,173801,Detroit Tigers,Los Angeles Dodgers,2026-08-29T17:09:32.753809+00:00,2026-08-29T21:04:16.778447+00:00,2026-08-29T17:04:16.778447-04:00,2026-08-29T17:04:16.778447-04:00,propline_free_sample
2026-08-29,2026-08-29 17:10:00+00:00,Blake Snell,7.5,under,110,fanatics,173801,Detroit Tigers,Los Angeles Dodgers,2026-08-29T17:09:32.753809+00:00,2026-08-29T21:04:16.778447+00:00,2026-08-29T17:04:16.778447-04:00,2026-08-29T17:04:16.778447-04:00,propline_free_sample
2026-08-29,2026-08-29 17:10:00+00:00,Keider Montero,3.5,over,115,fanatics,173801,Detroit Tigers,Los Angeles Dodgers,2026-08-29T17:07:11.406149+00:00,2026-08-29T21:04:16.778447+00:00,2026-08-29T17:04:16.778447-04:00,2026-08-29T17:04:16.778447-04:00,propline_free_sample
2026-08-29,2026-08-29 17:10:00+00:00,Keider Montero,3.5,under,-155,fanatics,173801,Detroit Tigers,Los Angeles Dodgers,2026-08-29T17:07:11.406149+00:00,2026-08-29T21:04:16.778447+00:00,2026-08-29T17:04:16.778447-04:00,2026-08-29T17:04:16.778447-04:00,propline_free_sample
2026-08-29,2026-08-29 17:10:00+00:00,Blake Snell,6.5,over,-164,smarkets,173801,Detroit Tigers,Los Angeles Dodgers,2026-08-29T14:21:12.742542+00:00,2026-08-29T21:04:16.778447+00:00,2026-08-29T17:04:16.778447-04:00,2026-08-29T17:04:16.778447-04:00,propline_free_sample
2026-08-29,2026-08-29 17:10:00+00:00,Blake Snell,6.5,under,116,smarkets,173801,Detroit Tigers,Los Angeles Dodgers,2026-08-29T14:21:12.742542+00:00,2026-08-29T21:04:16.778447+00:00,2026-08-29T17:04:16.778447-04:00,2026-08-29T17:04:16.778447-04:00,propline_free_sample
2026-08-29,2026-08-29 17:10:00+00:00,Keider Montero,3.5,over,110,smarkets,173801,Detroit Tigers,Los Angeles Dodgers,2026-08-29T15:47:23.061125+00:00,2026-08-29T21:04:16.778447+00:00,2026-08-29T17:04:16.778447-04:00,2026-08-29T17:04:16.778447-04:00,propline_free_sample
2026-08-29,2026-08-29 17:10:00+00:00,Keider Montero,3.5,under,-156,smarkets,173801,Detroit Tigers,Los Angeles Dodgers,2026-08-29T15:47:23.061125+00:00,2026-08-29T21:04:16.778447+00:00,2026-08-29T17:04:16.778447-04:00,2026-08-29T17:04:16.778447-04:00,propline_free_sample
2026-08-29,2026-08-29 17:10:00+00:00,Blake Snell,6.5,over,-108,novig,173801,Detroit Tigers,Los Angeles Dodgers,2026-08-29T17:09:04.640175+00:00,2026-08-29T21:04:16.778447+00:00,2026-08-29T17:04:16.778447-04:00,2026-08-29T17:04:16.778447-04:00,propline_free_sample
2026-08-29,2026-08-29 17:10:00+00:00,Blake Snell,6.5,under,102,novig,173801,Detroit Tigers,Los Angeles Dodgers,2026-08-29T17:09:04.640175+00:00,2026-08-29T21:04:16.778447+00:00,2026-08-29T17:04:16.778447-04:00,2026-08-29T17:04:16.778447-04:00,propline_free_sample
2026-08-29,2026-08-29 17:10:00+00:00,Keider Montero,3.5,over,117,novig,173801,Detroit Tigers,Los Angeles Dodgers,2026-08-29T16:26:44.150689+00:00,2026-08-29T21:04:16.778447+00:00,2026-08-29T17:04:16.778447-04:00,2026-08-29T17:04:16.778447-04:00,propline_free_sample
2026-08-29,2026-08-29 17:10:00+00:00,Keider Montero,3.5,under,-120,novig,173801,Detroit Tigers,Los Angeles Dodgers,2026-08-29T16:26:44.150689+00:00,2026-08-29T21:04:16.778447+00:00,2026-08-29T17:04:16.778447-04:00,2026-08-29T17:04:16.778447-04:00,propline_free_sample
2026-08-29,2026-08-29 17:10:00+00:00,Blake Snell,6.5,over,-126,draftkings,173801,Detroit Tigers,Los Angeles Dodgers,2026-08-29T15:53:43.453531+00:00,2026-08-29T21:04:16.778447+00:00,2026-08-29T17:04:16.778447-04:00,2026-08-29T17:04:16.778447-04:00,propline_free_sample
2026-08-29,2026-08-29 17:10:00+00:00,Blake Snell,6.5,under,-101,draftkings,173801,Detroit Tigers,Los Angeles Dodgers,2026-08-29T15:53:43.453531+00:00,2026-08-29T21:04:16.778447+00:00,2026-08-29T17:04:16.778447-04:00,2026-08-29T17:04:16.778447-04:00,propline_free_sample
2026-08-29,2026-08-29 17:10:00+00:00,Keider Montero,3.5,over,-105,draftkings,173801,Detroit Tigers,Los Angeles Dodgers,2026-08-29T17:05:53.467339+00:00,2026-08-29T21:04:16.778447+00:00,2026-08-29T17:04:16.778447-04:00,2026-08-29T17:04:16.778447-04:00,propline_free_sample
2026-08-29,2026-08-29 17:10:00+00:00,Keider Montero,3.5,under,-121,draftkings,173801,Detroit Tigers,Los Angeles Dodgers,2026-08-29T17:05:53.467339+00:00,2026-08-29T21:04:16.778447+00:00,2026-08-29T17:04:16.778447-04:00,2026-08-29T17:04:16.778447-04:00,propline_free_sample
2026-08-29,2026-08-29 17:10:00+00:00,Blake Snell,5.5,over,-203,novig,173801,Detroit Tigers,Los Angeles Dodgers,2026-08-29T15:25:12.777519+00:00,2026-08-29T21:04:16.778447+00:00,2026-08-29T17:04:16.778447-04:00,2026-08-29T17:04:16.778447-04:00,propline_free_sample
2026-08-29,2026-08-29 17:10:00+00:00,Blake Snell,5.5,under,150,novig,173801,Detroit Tigers,Los Angeles Dodgers,2026-08-29T16:47:20.299919+00:00,2026-08-29T21:04:16.778447+00:00,2026-08-29T17:04:16.778447-04:00,2026-08-29T17:04:16.778447-04:00,propline_free_sample
2026-08-29,2026-08-29 17:10:00+00:00,Blake Snell,7.5,over,170,novig,173801,Detroit Tigers,Los Angeles Dodgers,2026-08-29T17:09:04.640175+00:00,2026-08-29T21:04:16.778447+00:00,2026-08-29T17:04:16.778447-04:00,2026-08-29T17:04:16.778447-04:00,propline_free_sample
2026-08-29,2026-08-29 17:10:00+00:00,Blake Snell,7.5,under,-213,novig,173801,Detroit Tigers,Los Angeles Dodgers,2026-08-29T17:09:04.640175+00:00,2026-08-29T21:04:16.778447+00:00,2026-08-29T17:04:16.778447-04:00,2026-08-29T17:04:16.778447-04:00,propline_free_sample
2026-08-29,2026-08-29 17:10:00+00:00,Keider Montero,2.5,over,-264,novig,173801,Detroit Tigers,Los Angeles Dodgers,2026-08-29T15:22:39.031909+00:00,2026-08-29T21:04:16.778447+00:00,2026-08-29T17:04:16.778447-04:00,2026-08-29T17:04:16.778447-04:00,propline_free_sample
2026-08-29,2026-08-29 17:10:00+00:00,Keider Montero,2.5,under,174,novig,173801,Detroit Tigers,Los Angeles Dodgers,2026-08-29T16:21:47.222950+00:00,2026-08-29T21:04:16.778447+00:00,2026-08-29T17:04:16.778447-04:00,2026-08-29T17:04:16.778447-04:00,propline_free_sample
2026-08-29,2026-08-29 17:10:00+00:00,Keider Montero,4.5,over,223,novig,173801,Detroit Tigers,Los Angeles Dodgers,2026-08-29T15:25:12.777519+00:00,2026-08-29T21:04:16.778447+00:00,2026-08-29T17:04:16.778447-04:00,2026-08-29T17:04:16.778447-04:00,propline_free_sample
2026-08-29,2026-08-29 17:10:00+00:00,Keider Montero,4.5,under,-292,novig,173801,Detroit Tigers,Los Angeles Dodgers,2026-08-29T16:08:57.388729+00:00,2026-08-29T21:04:16.778447+00:00,2026-08-29T17:04:16.778447-04:00,2026-08-29T17:04:16.778447-04:00,propline_free_sample
2026-08-29,2026-08-29 17:10:00+00:00,Blake Snell,6.5,over,-140,onexbet,173801,Detroit Tigers,Los Angeles Dodgers,2026-08-29T16:29:13.939189+00:00,2026-08-29T21:04:16.778447+00:00,2026-08-29T17:04:16.778447-04:00,2026-08-29T17:04:16.778447-04:00,propline_free_sample
2026-08-29,2026-08-29 17:10:00+00:00,Keider Montero,3.5,over,105,onexbet,173801,Detroit Tigers,Los Angeles Dodgers,2026-08-29T14:28:02.973229+00:00,2026-08-29T21:04:16.778447+00:00,2026-08-29T17:04:16.778447-04:00,2026-08-29T17:04:16.778447-04:00,propline_free_sample
2026-08-29,2026-08-29 17:10:00+00:00,Blake Snell,6.5,under,105,onexbet,173801,Detroit Tigers,Los Angeles Dodgers,2026-08-29T16:29:13.939189+00:00,2026-08-29T21:04:16.778447+00:00,2026-08-29T17:04:16.778447-04:00,2026-08-29T17:04:16.778447-04:00,propline_free_sample
2026-08-29,2026-08-29 17:10:00+00:00,Keider Montero,3.5,under,-140,onexbet,173801,Detroit Tigers,Los Angeles Dodgers,2026-08-29T14:28:02.973229+00:00,2026-08-29T21:04:16.778447+00:00,2026-08-29T17:04:16.778447-04:00,2026-08-29T17:04:16.778447-04:00,propline_free_sample
2026-08-29,2026-08-29 17:10:00+00:00,Keider Montero,1.5,over,-1567,kalshi,173801,Detroit Tigers,Los Angeles Dodgers,2026-08-29T15:37:20.549497+00:00,2026-08-29T21:04:16.778447+00:00,2026-08-29T17:04:16.778447-04:00,2026-08-29T17:04:16.778447-04:00,propline_free_sample
2026-08-29,2026-08-29 17:10:00+00:00,Keider Montero,1.5,under,9900,kalshi,173801,Detroit Tigers,Los Angeles Dodgers,2026-08-29T16:56:25.172671+00:00,2026-08-29T21:04:16.778447+00:00,2026-08-29T17:04:16.778447-04:00,2026-08-29T17:04:16.778447-04:00,propline_free_sample
2026-08-29,2026-08-29 17:10:00+00:00,Blake Snell,10.5,over,9900,kalshi,173801,Detroit Tigers,Los Angeles Dodgers,2026-08-29T17:06:20.202528+00:00,2026-08-29T21:04:16.778447+00:00,2026-08-29T17:04:16.778447-04:00,2026-08-29T17:04:16.778447-04:00,propline_free_sample
2026-08-29,2026-08-29 17:10:00+00:00,Blake Snell,10.5,under,-1900,kalshi,173801,Detroit Tigers,Los Angeles Dodgers,2026-08-29T17:08:51.817520+00:00,2026-08-29T21:04:16.778447+00:00,2026-08-29T17:04:16.778447-04:00,2026-08-29T17:04:16.778447-04:00,propline_free_sample
2026-08-29,2026-08-29 17:10:00+00:00,Keider Montero,2.5,over,-9900,kalshi,173801,Detroit Tigers,Los Angeles Dodgers,2026-08-29T15:37:20.549497+00:00,2026-08-29T21:04:16.778447+00:00,2026-08-29T17:04:16.778447-04:00,2026-08-29T17:04:16.778447-04:00,propline_free_sample
2026-08-29,2026-08-29 17:10:00+00:00,Keider Montero,2.5,under,9900,kalshi,173801,Detroit Tigers,Los Angeles Dodgers,2026-08-29T16:56:25.172671+00:00,2026-08-29T21:04:16.778447+00:00,2026-08-29T17:04:16.778447-04:00,2026-08-29T17:04:16.778447-04:00,propline_free_sample
2026-08-29,2026-08-29 17:10:00+00:00,Blake Snell,3.5,over,-9900,kalshi,173801,Detroit Tigers,Los Angeles Dodgers,2026-08-29T17:08:51.817520+00:00,2026-08-29T21:04:16.778447+00:00,2026-08-29T17:04:16.778447-04:00,2026-08-29T17:04:16.778447-04:00,propline_free_sample
2026-08-29,2026-08-29 17:10:00+00:00,Keider Montero,3.5,over,9900,kalshi,173801,Detroit Tigers,Los Angeles Dodgers,2026-08-29T17:03:47.499918+00:00,2026-08-29T21:04:16.778447+00:00,2026-08-29T17:04:16.778447-04:00,2026-08-29T17:04:16.778447-04:00,propline_free_sample
2026-08-29,2026-08-29 17:10:00+00:00,Blake Snell,3.5,under,9900,kalshi,173801,Detroit Tigers,Los Angeles Dodgers,2026-08-29T16:58:51.926872+00:00,2026-08-29T21:04:16.778447+00:00,2026-08-29T17:04:16.778447-04:00,2026-08-29T17:04:16.778447-04:00,propline_free_sample
2026-08-29,2026-08-29 17:10:00+00:00,Keider Montero,3.5,under,-733,kalshi,173801,Detroit Tigers,Los Angeles Dodgers,2026-08-29T17:03:47.499918+00:00,2026-08-29T21:04:16.778447+00:00,2026-08-29T17:04:16.778447-04:00,2026-08-29T17:04:16.778447-04:00,propline_free_sample
2026-08-29,2026-08-29 17:10:00+00:00,Blake Snell,4.5,over,-1900,kalshi,173801,Detroit Tigers,Los Angeles Dodgers,2026-08-29T17:01:14.175433+00:00,2026-08-29T21:04:16.778447+00:00,2026-08-29T17:04:16.778447-04:00,2026-08-29T17:04:16.778447-04:00,propline_free_sample
2026-08-29,2026-08-29 17:10:00+00:00,Keider Montero,4.5,over,9900,kalshi,173801,Detroit Tigers,Los Angeles Dodgers,2026-08-29T16:08:29.653214+00:00,2026-08-29T21:04:16.778447+00:00,2026-08-29T17:04:16.778447-04:00,2026-08-29T17:04:16.778447-04:00,propline_free_sample
2026-08-29,2026-08-29 17:10:00+00:00,Blake Snell,4.5,under,9900,kalshi,173801,Detroit Tigers,Los Angeles Dodgers,2026-08-29T17:06:20.202528+00:00,2026-08-29T21:04:16.778447+00:00,2026-08-29T17:04:16.778447-04:00,2026-08-29T17:04:16.778447-04:00,propline_free_sample
2026-08-29,2026-08-29 17:10:00+00:00,Keider Montero,4.5,under,-733,kalshi,173801,Detroit Tigers,Los Angeles Dodgers,2026-08-29T16:08:29.653214+00:00,2026-08-29T21:04:16.778447+00:00,2026-08-29T17:04:16.778447-04:00,2026-08-29T17:04:16.778447-04:00,propline_free_sample
2026-08-29,2026-08-29 17:10:00+00:00,Blake Snell,5.5,over,-1567,kalshi,173801,Detroit Tigers,Los Angeles Dodgers,2026-08-29T17:08:51.817520+00:00,2026-08-29T21:04:16.778447+00:00,2026-08-29T17:04:16.778447-04:00,2026-08-29T17:04:16.778447-04:00,propline_free_sample
2026-08-29,2026-08-29 17:10:00+00:00,Keider Montero,5.5,over,9900,kalshi,173801,Detroit Tigers,Los Angeles Dodgers,2026-08-29T13:00:44.878548+00:00,2026-08-29T21:04:16.778447+00:00,2026-08-29T17:04:16.778447-04:00,2026-08-29T17:04:16.778447-04:00,propline_free_sample
2026-08-29,2026-08-29 17:10:00+00:00,Blake Snell,5.5,under,9900,kalshi,173801,Detroit Tigers,Los Angeles Dodgers,2026-08-29T16:38:33.235325+00:00,2026-08-29T21:04:16.778447+00:00,2026-08-29T17:04:16.778447-04:00,2026-08-29T17:04:16.778447-04:00,propline_free_sample
2026-08-29,2026-08-29 17:10:00+00:00,Keider Montero,5.5,under,-1567,kalshi,173801,Detroit Tigers,Los Angeles Dodgers,2026-08-29T12:32:52.107353+00:00,2026-08-29T21:04:16.778447+00:00,2026-08-29T17:04:16.778447-04:00,2026-08-29T17:04:16.778447-04:00,propline_free_sample
2026-08-29,2026-08-29 17:10:00+00:00,Blake Snell,6.5,over,-1567,kalshi,173801,Detroit Tigers,Los Angeles Dodgers,2026-08-29T17:03:47.499918+00:00,2026-08-29T21:04:16.778447+00:00,2026-08-29T17:04:16.778447-04:00,2026-08-29T17:04:16.778447-04:00,propline_free_sample
2026-08-29,2026-08-29 17:10:00+00:00,Keider Montero,6.5,over,9900,kalshi,173801,Detroit Tigers,Los Angeles Dodgers,2026-08-29T11:16:25.217581+00:00,2026-08-29T21:04:16.778447+00:00,2026-08-29T17:04:16.778447-04:00,2026-08-29T17:04:16.778447-04:00,propline_free_sample
2026-08-29,2026-08-29 17:10:00+00:00,Blake Snell,6.5,under,9900,kalshi,173801,Detroit Tigers,Los Angeles Dodgers,2026-08-29T17:06:20.202528+00:00,2026-08-29T21:04:16.778447+00:00,2026-08-29T17:04:16.778447-04:00,2026-08-29T17:04:16.778447-04:00,propline_free_sample
2026-08-29,2026-08-29 17:10:00+00:00,Keider Montero,6.5,under,-9900,kalshi,173801,Detroit Tigers,Los Angeles Dodgers,2026-08-29T11:16:25.217581+00:00,2026-08-29T21:04:16.778447+00:00,2026-08-29T17:04:16.778447-04:00,2026-08-29T17:04:16.778447-04:00,propline_free_sample
2026-08-29,2026-08-29 17:10:00+00:00,Blake Snell,7.5,over,-223,kalshi,173801,Detroit Tigers,Los Angeles Dodgers,2026-08-29T17:03:47.499918+00:00,2026-08-29T21:04:16.778447+00:00,2026-08-29T17:04:16.778447-04:00,2026-08-29T17:04:16.778447-04:00,propline_free_sample
2026-08-29,2026-08-29 17:10:00+00:00,Blake Snell,7.5,under,9900,kalshi,173801,Detroit Tigers,Los Angeles Dodgers,2026-08-29T17:03:47.499918+00:00,2026-08-29T21:04:16.778447+00:00,2026-08-29T17:04:16.778447-04:00,2026-08-29T17:04:16.778447-04:00,propline_free_sample
2026-08-29,2026-08-29 17:10:00+00:00,Blake Snell,8.5,over,-567,kalshi,173801,Detroit Tigers,Los Angeles Dodgers,2026-08-29T17:06:20.202528+00:00,2026-08-29T21:04:16.778447+00:00,2026-08-29T17:04:16.778447-04:00,2026-08-29T17:04:16.778447-04:00,propline_free_sample
2026-08-29,2026-08-29 17:10:00+00:00,Blake Snell,8.5,under,9900,kalshi,173801,Detroit Tigers,Los Angeles Dodgers,2026-08-29T16:58:51.926872+00:00,2026-08-29T21:04:16.778447+00:00,2026-08-29T17:04:16.778447-04:00,2026-08-29T17:04:16.778447-04:00,propline_free_sample
2026-08-29,2026-08-29 17:10:00+00:00,Blake Snell,9.5,over,-257,kalshi,173801,Detroit Tigers,Los Angeles Dodgers,2026-08-29T16:49:10.767044+00:00,2026-08-29T21:04:16.778447+00:00,2026-08-29T17:04:16.778447-04:00,2026-08-29T17:04:16.778447-04:00,propline_free_sample
2026-08-29,2026-08-29 17:10:00+00:00,Blake Snell,9.5,under,9900,kalshi,173801,Detroit Tigers,Los Angeles Dodgers,2026-08-29T17:06:20.202528+00:00,2026-08-29T21:04:16.778447+00:00,2026-08-29T17:04:16.778447-04:00,2026-08-29T17:04:16.778447-04:00,propline_free_sample
2026-08-29,2026-08-29 17:10:00+00:00,Blake Snell,6.5,over,-112,prophetx,173801,Detroit Tigers,Los Angeles Dodgers,2026-08-29T16:31:49.041215+00:00,2026-08-29T21:04:16.778447+00:00,2026-08-29T17:04:16.778447-04:00,2026-08-29T17:04:16.778447-04:00,propline_free_sample
2026-08-29,2026-08-29 17:10:00+00:00,Blake Snell,6.5,under,-102,prophetx,173801,Detroit Tigers,Los Angeles Dodgers,2026-08-29T17:09:20.614879+00:00,2026-08-29T21:04:16.778447+00:00,2026-08-29T17:04:16.778447-04:00,2026-08-29T17:04:16.778447-04:00,propline_free_sample
2026-08-29,2026-08-29 17:10:00+00:00,Keider Montero,3.5,over,100,rebet,173801,Detroit Tigers,Los Angeles Dodgers,2026-08-29T15:11:00.444023+00:00,2026-08-29T21:04:16.778447+00:00,2026-08-29T17:04:16.778447-04:00,2026-08-29T17:04:16.778447-04:00,propline_free_sample
2026-08-29,2026-08-29 17:10:00+00:00,Keider Montero,3.5,under,-138,rebet,173801,Detroit Tigers,Los Angeles Dodgers,2026-08-29T15:11:00.444023+00:00,2026-08-29T21:04:16.778447+00:00,2026-08-29T17:04:16.778447-04:00,2026-08-29T17:04:16.778447-04:00,propline_free_sample
2026-08-29,2026-08-29 17:10:00+00:00,Blake Snell,6.5,over,-117,rebet,173801,Detroit Tigers,Los Angeles Dodgers,2026-08-29T15:22:51.684180+00:00,2026-08-29T21:04:16.778447+00:00,2026-08-29T17:04:16.778447-04:00,2026-08-29T17:04:16.778447-04:00,propline_free_sample
2026-08-29,2026-08-29 17:10:00+00:00,Blake Snell,6.5,under,-117,rebet,173801,Detroit Tigers,Los Angeles Dodgers,2026-08-29T15:22:51.684180+00:00,2026-08-29T21:04:16.778447+00:00,2026-08-29T17:04:16.778447-04:00,2026-08-29T17:04:16.778447-04:00,propline_free_sample
2026-08-29,2026-08-29 17:10:00+00:00,Blake Snell,6.5,over,-117,pinnacle,173801,Detroit Tigers,Los Angeles Dodgers,2026-08-29T16:26:15.017705+00:00,2026-08-29T21:04:16.778447+00:00,2026-08-29T17:04:16.778447-04:00,2026-08-29T17:04:16.778447-04:00,propline_free_sample
2026-08-29,2026-08-29 17:10:00+00:00,Blake Snell,6.5,under,-113,pinnacle,173801,Detroit Tigers,Los Angeles Dodgers,2026-08-29T15:39:36.148856+00:00,2026-08-29T21:04:16.778447+00:00,2026-08-29T17:04:16.778447-04:00,2026-08-29T17:04:16.778447-04:00,propline_free_sample
2026-08-29,2026-08-29 17:10:00+00:00,Keider Montero,3.5,over,100,pinnacle,173801,Detroit Tigers,Los Angeles Dodgers,2026-08-29T15:24:38.879706+00:00,2026-08-29T21:04:16.778447+00:00,2026-08-29T17:04:16.778447-04:00,2026-08-29T17:04:16.778447-04:00,propline_free_sample
2026-08-29,2026-08-29 17:10:00+00:00,Keider Montero,3.5,under,-133,pinnacle,173801,Detroit Tigers,Los Angeles Dodgers,2026-08-29T15:24:38.879706+00:00,2026-08-29T21:04:16.778447+00:00,2026-08-29T17:04:16.778447-04:00,2026-08-29T17:04:16.778447-04:00,propline_free_sample
2026-08-29,2026-08-29 17:10:00+00:00,Blake Snell,6.5,over,-132,betrivers,173801,Detroit Tigers,Los Angeles Dodgers,2026-08-29T15:22:23.158179+00:00,2026-08-29T21:04:16.778447+00:00,2026-08-29T17:04:16.778447-04:00,2026-08-29T17:04:16.778447-04:00,propline_free_sample
2026-08-29,2026-08-29 17:10:00+00:00,Blake Snell,6.5,under,100,betrivers,173801,Detroit Tigers,Los Angeles Dodgers,2026-08-29T15:22:23.158179+00:00,2026-08-29T21:04:16.778447+00:00,2026-08-29T17:04:16.778447-04:00,2026-08-29T17:04:16.778447-04:00,propline_free_sample
2026-08-29,2026-08-29 17:10:00+00:00,Keider Montero,3.5,over,-113,betrivers,173801,Detroit Tigers,Los Angeles Dodgers,2026-08-29T14:23:06.112691+00:00,2026-08-29T21:04:16.778447+00:00,2026-08-29T17:04:16.778447-04:00,2026-08-29T17:04:16.778447-04:00,propline_free_sample
2026-08-29,2026-08-29 17:10:00+00:00,Keider Montero,3.5,under,-118,betrivers,173801,Detroit Tigers,Los Angeles Dodgers,2026-08-29T14:23:06.112691+00:00,2026-08-29T21:04:16.778447+00:00,2026-08-29T17:04:16.778447-04:00,2026-08-29T17:04:16.778447-04:00,propline_free_sample
2026-08-29,2026-08-29 17:10:00+00:00,Blake Snell,7.5,over,-125,betmgm,173801,Detroit Tigers,Los Angeles Dodgers,2026-08-29T15:25:28.612102+00:00,2026-08-29T21:04:16.778447+00:00,2026-08-29T17:04:16.778447-04:00,2026-08-29T17:04:16.778447-04:00,propline_free_sample
2026-08-29,2026-08-29 17:10:00+00:00,Blake Snell,7.5,under,-105,betmgm,173801,Detroit Tigers,Los Angeles Dodgers,2026-08-29T15:25:28.612102+00:00,2026-08-29T21:04:16.778447+00:00,2026-08-29T17:04:16.778447-04:00,2026-08-29T17:04:16.778447-04:00,propline_free_sample
2026-08-29,2026-08-29 17:10:00+00:00,Keider Montero,3.5,over,-160,betmgm,173801,Detroit Tigers,Los Angeles Dodgers,2026-08-29T09:59:10.385051+00:00,2026-08-29T21:04:16.778447+00:00,2026-08-29T17:04:16.778447-04:00,2026-08-29T17:04:16.778447-04:00,propline_free_sample
2026-08-29,2026-08-29 17:10:00+00:00,Keider Montero,3.5,under,120,betmgm,173801,Detroit Tigers,Los Angeles Dodgers,2026-08-29T09:59:10.385051+00:00,2026-08-29T21:04:16.778447+00:00,2026-08-29T17:04:16.778447-04:00,2026-08-29T17:04:16.778447-04:00,propline_free_sample
2026-08-29,2026-08-29 17:10:00+00:00,Blake Snell,6.5,over,100,prizepicks,173801,Detroit Tigers,Los Angeles Dodgers,2026-08-29T12:03:08.576833+00:00,2026-08-29T21:04:16.778447+00:00,2026-08-29T17:04:16.778447-04:00,2026-08-29T17:04:16.778447-04:00,propline_free_sample
2026-08-29,2026-08-29 17:10:00+00:00,Blake Snell,6.5,under,100,prizepicks,173801,Detroit Tigers,Los Angeles Dodgers,2026-08-29T12:03:08.576833+00:00,2026-08-29T21:04:16.778447+00:00,2026-08-29T17:04:16.778447-04:00,2026-08-29T17:04:16.778447-04:00,propline_free_sample
2026-08-29,2026-08-29 17:10:00+00:00,Keider Montero,3.5,over,100,betr,173801,Detroit Tigers,Los Angeles Dodgers,2026-08-29T12:27:38.127031+00:00,2026-08-29T21:04:16.778447+00:00,2026-08-29T17:04:16.778447-04:00,2026-08-29T17:04:16.778447-04:00,propline_free_sample
2026-08-29,2026-08-29 17:10:00+00:00,Keider Montero,3.5,under,100,betr,173801,Detroit Tigers,Los Angeles Dodgers,2026-08-29T12:27:38.127031+00:00,2026-08-29T21:04:16.778447+00:00,2026-08-29T17:04:16.778447-04:00,2026-08-29T17:04:16.778447-04:00,propline_free_sample
2026-08-29,2026-08-29 17:10:00+00:00,Blake Snell (LAD),6.5,over,-125,betonlineag,173801,Detroit Tigers,Los Angeles Dodgers,2026-08-29T15:25:38.167395+00:00,2026-08-29T21:04:16.778447+00:00,2026-08-29T17:04:16.778447-04:00,2026-08-29T17:04:16.778447-04:00,propline_free_sample
2026-08-29,2026-08-29 17:10:00+00:00,Blake Snell (LAD),6.5,under,-115,betonlineag,173801,Detroit Tigers,Los Angeles Dodgers,2026-08-29T15:25:38.167395+00:00,2026-08-29T21:04:16.778447+00:00,2026-08-29T17:04:16.778447-04:00,2026-08-29T17:04:16.778447-04:00,propline_free_sample
2026-08-29,2026-08-29 17:10:00+00:00,Keider Montero (DET),3.5,over,-105,betonlineag,173801,Detroit Tigers,Los Angeles Dodgers,2026-08-29T16:22:14.664817+00:00,2026-08-29T21:04:16.778447+00:00,2026-08-29T17:04:16.778447-04:00,2026-08-29T17:04:16.778447-04:00,propline_free_sample
2026-08-29,2026-08-29 17:10:00+00:00,Keider Montero (DET),3.5,under,-135,betonlineag,173801,Detroit Tigers,Los Angeles Dodgers,2026-08-29T16:22:14.664817+00:00,2026-08-29T21:04:16.778447+00:00,2026-08-29T17:04:16.778447-04:00,2026-08-29T17:04:16.778447-04:00,propline_free_sample
2026-08-29,2026-08-29 17:10:00+00:00,Blake Snell (LAD),6.5,over,-125,lowvig,173801,Detroit Tigers,Los Angeles Dodgers,2026-08-29T15:25:38.744878+00:00,2026-08-29T21:04:16.778447+00:00,2026-08-29T17:04:16.778447-04:00,2026-08-29T17:04:16.778447-04:00,propline_free_sample
2026-08-29,2026-08-29 17:10:00+00:00,Blake Snell (LAD),6.5,under,-115,lowvig,173801,Detroit Tigers,Los Angeles Dodgers,2026-08-29T15:25:38.744878+00:00,2026-08-29T21:04:16.778447+00:00,2026-08-29T17:04:16.778447-04:00,2026-08-29T17:04:16.778447-04:00,propline_free_sample
2026-08-29,2026-08-29 17:10:00+00:00,Keider Montero (DET),3.5,over,-105,lowvig,173801,Detroit Tigers,Los Angeles Dodgers,2026-08-29T16:22:14.411270+00:00,2026-08-29T21:04:16.778447+00:00,2026-08-29T17:04:16.778447-04:00,2026-08-29T17:04:16.778447-04:00,propline_free_sample
2026-08-29,2026-08-29 17:10:00+00:00,Keider Montero (DET),3.5,under,-135,lowvig,173801,Detroit Tigers,Los Angeles Dodgers,2026-08-29T16:22:14.411270+00:00,2026-08-29T21:04:16.778447+00:00,2026-08-29T17:04:16.778447-04:00,2026-08-29T17:04:16.778447-04:00,propline_free_sample
2026-08-29,2026-08-29 17:10:00+00:00,Blake Snell,6.5,over,100,betr,173801,Detroit Tigers,Los Angeles Dodgers,2026-08-29T15:27:47.450647+00:00,2026-08-29T21:04:16.778447+00:00,2026-08-29T17:04:16.778447-04:00,2026-08-29T17:04:16.778447-04:00,propline_free_sample
2026-08-29,2026-08-29 17:10:00+00:00,Blake Snell,6.5,under,100,betr,173801,Detroit Tigers,Los Angeles Dodgers,2026-08-29T15:27:47.450647+00:00,2026-08-29T21:04:16.778447+00:00,2026-08-29T17:04:16.778447-04:00,2026-08-29T17:04:16.778447-04:00,propline_free_sample
2026-08-29,2026-08-29 17:10:00+00:00,Blake Snell,7.5,over,116,smarkets,173801,Detroit Tigers,Los Angeles Dodgers,2026-08-29T14:34:55.328460+00:00,2026-08-29T21:04:16.778447+00:00,2026-08-29T17:04:16.778447-04:00,2026-08-29T17:04:16.778447-04:00,propline_free_sample
2026-08-29,2026-08-29 17:10:00+00:00,Blake Snell,7.5,under,-164,smarkets,173801,Detroit Tigers,Los Angeles Dodgers,2026-08-29T14:34:55.328460+00:00,2026-08-29T21:04:16.778447+00:00,2026-08-29T17:04:16.778447-04:00,2026-08-29T17:04:16.778447-04:00,propline_free_sample
2026-08-29,2026-08-29 17:10:00+00:00,Blake Snell,7.5,over,166,prophetx,173801,Detroit Tigers,Los Angeles Dodgers,2026-08-29T17:09:20.614879+00:00,2026-08-29T21:04:16.778447+00:00,2026-08-29T17:04:16.778447-04:00,2026-08-29T17:04:16.778447-04:00,propline_free_sample
2026-08-29,2026-08-29 17:10:00+00:00,Blake Snell,7.5,under,-215,prophetx,173801,Detroit Tigers,Los Angeles Dodgers,2026-08-29T17:04:19.736547+00:00,2026-08-29T21:04:16.778447+00:00,2026-08-29T17:04:16.778447-04:00,2026-08-29T17:04:16.778447-04:00,propline_free_sample
2026-08-29,2026-08-29 17:05:00+00:00,Carlos Rodón,5.5,over,110,smarkets,94944,New York Yankees,Boston Red Sox,2026-08-29T16:38:54.674707+00:00,2026-08-29T21:04:16.778447+00:00,2026-08-29T17:04:16.778447-04:00,2026-08-29T17:04:16.778447-04:00,propline_free_sample
2026-08-29,2026-08-29 17:05:00+00:00,Carlos Rodón,5.5,under,-156,smarkets,94944,New York Yankees,Boston Red Sox,2026-08-29T15:37:44.270506+00:00,2026-08-29T21:04:16.778447+00:00,2026-08-29T17:04:16.778447-04:00,2026-08-29T17:04:16.778447-04:00,propline_free_sample
2026-08-29,2026-08-29 17:05:00+00:00,Jake Bennett,4.5,over,-127,smarkets,94944,New York Yankees,Boston Red Sox,2026-08-29T16:29:10.283585+00:00,2026-08-29T21:04:16.778447+00:00,2026-08-29T17:04:16.778447-04:00,2026-08-29T17:04:16.778447-04:00,propline_free_sample
2026-08-29,2026-08-29 17:05:00+00:00,Jake Bennett,4.5,under,-114,smarkets,94944,New York Yankees,Boston Red Sox,2026-08-29T16:29:10.283585+00:00,2026-08-29T21:04:16.778447+00:00,2026-08-29T17:04:16.778447-04:00,2026-08-29T17:04:16.778447-04:00,propline_free_sample
2026-08-29,2026-08-29 17:05:00+00:00,Carlos Rodón,5.5,over,133,underdog,94944,New York Yankees,Boston Red Sox,2026-08-29T16:05:58.252771+00:00,2026-08-29T21:04:16.778447+00:00,2026-08-29T17:04:16.778447-04:00,2026-08-29T17:04:16.778447-04:00,propline_free_sample
2026-08-29,2026-08-29 17:05:00+00:00,Jake Bennett,4.5,over,-145,underdog,94944,New York Yankees,Boston Red Sox,2026-08-29T15:05:38.037418+00:00,2026-08-29T21:04:16.778447+00:00,2026-08-29T17:04:16.778447-04:00,2026-08-29T17:04:16.778447-04:00,propline_free_sample
2026-08-29,2026-08-29 17:05:00+00:00,Carlos Rodón,5.5,under,-179,underdog,94944,New York Yankees,Boston Red Sox,2026-08-29T16:05:58.252771+00:00,2026-08-29T21:04:16.778447+00:00,2026-08-29T17:04:16.778447-04:00,2026-08-29T17:04:16.778447-04:00,propline_free_sample
2026-08-29,2026-08-29 17:05:00+00:00,Jake Bennett,4.5,under,105,underdog,94944,New York Yankees,Boston Red Sox,2026-08-29T15:31:58.436399+00:00,2026-08-29T21:04:16.778447+00:00,2026-08-29T17:04:16.778447-04:00,2026-08-29T17:04:16.778447-04:00,propline_free_sample
2026-08-29,2026-08-29 17:05:00+00:00,Jake Bennett,4.5,over,100,prizepicks,94944,New York Yankees,Boston Red Sox,2026-08-29T02:45:45.753550+00:00,2026-08-29T21:04:16.778447+00:00,2026-08-29T17:04:16.778447-04:00,2026-08-29T17:04:16.778447-04:00,propline_free_sample
2026-08-29,2026-08-29 17:05:00+00:00,Jake Bennett,4.5,under,100,prizepicks,94944,New York Yankees,Boston Red Sox,2026-08-29T02:45:45.753550+00:00,2026-08-29T21:04:16.778447+00:00,2026-08-29T17:04:16.778447-04:00,2026-08-29T17:04:16.778447-04:00,propline_free_sample
2026-08-29,2026-08-29 17:05:00+00:00,Carlos Rodón,5.5,over,100,prizepicks,94944,New York Yankees,Boston Red Sox,2026-08-29T02:45:45.753550+00:00,2026-08-29T21:04:16.778447+00:00,2026-08-29T17:04:16.778447-04:00,2026-08-29T17:04:16.778447-04:00,propline_free_sample
2026-08-29,2026-08-29 17:05:00+00:00,Carlos Rodón,5.5,under,100,prizepicks,94944,New York Yankees,Boston Red Sox,2026-08-29T02:45:45.753550+00:00,2026-08-29T21:04:16.778447+00:00,2026-08-29T17:04:16.778447-04:00,2026-08-29T17:04:16.778447-04:00,propline_free_sample
2026-08-29,2026-08-29 17:05:00+00:00,Carlos Rodón,6.5,over,100,prizepicks,94944,New York Yankees,Boston Red Sox,2026-08-29T02:45:45.753550+00:00,2026-08-29T21:04:16.778447+00:00,2026-08-29T17:04:16.778447-04:00,2026-08-29T17:04:16.778447-04:00,propline_free_sample
2026-08-29,2026-08-29 17:05:00+00:00,Jake Bennett,6.5,over,100,prizepicks,94944,New York Yankees,Boston Red Sox,2026-08-29T02:45:45.753550+00:00,2026-08-29T21:04:16.778447+00:00,2026-08-29T17:04:16.778447-04:00,2026-08-29T17:04:16.778447-04:00,propline_free_sample
2026-08-29,2026-08-29 17:05:00+00:00,Carlos Rodón,6.5,under,100,prizepicks,94944,New York Yankees,Boston Red Sox,2026-08-29T02:45:45.753550+00:00,2026-08-29T21:04:16.778447+00:00,2026-08-29T17:04:16.778447-04:00,2026-08-29T17:04:16.778447-04:00,propline_free_sample
2026-08-29,2026-08-29 17:05:00+00:00,Jake Bennett,6.5,under,100,prizepicks,94944,New York Yankees,Boston Red Sox,2026-08-29T02:45:45.753550+00:00,2026-08-29T21:04:16.778447+00:00,2026-08-29T17:04:16.778447-04:00,2026-08-29T17:04:16.778447-04:00,propline_free_sample
2026-08-29,2026-08-29 17:05:00+00:00,Carlos Rodón,3.5,over,100,prizepicks,94944,New York Yankees,Boston Red Sox,2026-08-29T02:45:45.753550+00:00,2026-08-29T21:04:16.778447+00:00,2026-08-29T17:04:16.778447-04:00,2026-08-29T17:04:16.778447-04:00,propline_free_sample
2026-08-29,2026-08-29 17:05:00+00:00,Jake Bennett,3.5,over,100,prizepicks,94944,New York Yankees,Boston Red Sox,2026-08-29T02:45:45.753550+00:00,2026-08-29T21:04:16.778447+00:00,2026-08-29T17:04:16.778447-04:00,2026-08-29T17:04:16.778447-04:00,propline_free_sample
2026-08-29,2026-08-29 17:05:00+00:00,Carlos Rodón,3.5,under,100,prizepicks,94944,New York Yankees,Boston Red Sox,2026-08-29T02:45:45.753550+00:00,2026-08-29T21:04:16.778447+00:00,2026-08-29T17:04:16.778447-04:00,2026-08-29T17:04:16.778447-04:00,propline_free_sample
2026-08-29,2026-08-29 17:05:00+00:00,Jake Bennett,3.5,under,100,prizepicks,94944,New York Yankees,Boston Red Sox,2026-08-29T02:45:45.753550+00:00,2026-08-29T21:04:16.778447+00:00,2026-08-29T17:04:16.778447-04:00,2026-08-29T17:04:16.778447-04:00,propline_free_sample
2026-08-29,2026-08-29 17:05:00+00:00,Carlos Rodon,5.5,over,132,fanduel,94944,New York Yankees,Boston Red Sox,2026-08-29T17:03:26.002981+00:00,2026-08-29T21:04:16.778447+00:00,2026-08-29T17:04:16.778447-04:00,2026-08-29T17:04:16.778447-04:00,propline_free_sample
2026-08-29,2026-08-29 17:05:00+00:00,Carlos Rodon,5.5,under,-170,fanduel,94944,New York Yankees,Boston Red Sox,2026-08-29T17:03:26.002981+00:00,2026-08-29T21:04:16.778447+00:00,2026-08-29T17:04:16.778447-04:00,2026-08-29T17:04:16.778447-04:00,propline_free_sample
2026-08-29,2026-08-29 17:05:00+00:00,Jake Bennett,4.5,over,-125,fanduel,94944,New York Yankees,Boston Red Sox,2026-08-29T17:03:26.002981+00:00,2026-08-29T21:04:16.778447+00:00,2026-08-29T17:04:16.778447-04:00,2026-08-29T17:04:16.778447-04:00,propline_free_sample
2026-08-29,2026-08-29 17:05:00+00:00,Jake Bennett,4.5,under,-102,fanduel,94944,New York Yankees,Boston Red Sox,2026-08-29T17:03:26.002981+00:00,2026-08-29T21:04:16.778447+00:00,2026-08-29T17:04:16.778447-04:00,2026-08-29T17:04:16.778447-04:00,propline_free_sample
2026-08-29,2026-08-29 17:05:00+00:00,Jake Bennett,5.5,over,100,prizepicks,94944,New York Yankees,Boston Red Sox,2026-08-29T03:32:45.721004+00:00,2026-08-29T21:04:16.778447+00:00,2026-08-29T17:04:16.778447-04:00,2026-08-29T17:04:16.778447-04:00,propline_free_sample
2026-08-29,2026-08-29 17:05:00+00:00,Jake Bennett,5.5,under,100,prizepicks,94944,New York Yankees,Boston Red Sox,2026-08-29T03:32:45.721004+00:00,2026-08-29T21:04:16.778447+00:00,2026-08-29T17:04:16.778447-04:00,2026-08-29T17:04:16.778447-04:00,propline_free_sample
2026-08-29,2026-08-29 17:05:00+00:00,Carlos Rodón,7.5,over,100,prizepicks,94944,New York Yankees,Boston Red Sox,2026-08-29T03:32:45.721004+00:00,2026-08-29T21:04:16.778447+00:00,2026-08-29T17:04:16.778447-04:00,2026-08-29T17:04:16.778447-04:00,propline_free_sample
2026-08-29,2026-08-29 17:05:00+00:00,Jake Bennett,7.5,over,100,prizepicks,94944,New York Yankees,Boston Red Sox,2026-08-29T03:32:45.721004+00:00,2026-08-29T21:04:16.778447+00:00,2026-08-29T17:04:16.778447-04:00,2026-08-29T17:04:16.778447-04:00,propline_free_sample
2026-08-29,2026-08-29 17:05:00+00:00,Carlos Rodón,7.5,under,100,prizepicks,94944,New York Yankees,Boston Red Sox,2026-08-29T03:32:45.721004+00:00,2026-08-29T21:04:16.778447+00:00,2026-08-29T17:04:16.778447-04:00,2026-08-29T17:04:16.778447-04:00,propline_free_sample
2026-08-29,2026-08-29 17:05:00+00:00,Jake Bennett,7.5,under,100,prizepicks,94944,New York Yankees,Boston Red Sox,2026-08-29T03:32:45.721004+00:00,2026-08-29T21:04:16.778447+00:00,2026-08-29T17:04:16.778447-04:00,2026-08-29T17:04:16.778447-04:00,propline_free_sample
2026-08-29,2026-08-29 17:05:00+00:00,Carlos Rodón,8.5,over,100,prizepicks,94944,New York Yankees,Boston Red Sox,2026-08-29T03:32:45.721004+00:00,2026-08-29T21:04:16.778447+00:00,2026-08-29T17:04:16.778447-04:00,2026-08-29T17:04:16.778447-04:00,propline_free_sample
2026-08-29,2026-08-29 17:05:00+00:00,Carlos Rodón,8.5,under,100,prizepicks,94944,New York Yankees,Boston Red Sox,2026-08-29T03:32:45.721004+00:00,2026-08-29T21:04:16.778447+00:00,2026-08-29T17:04:16.778447-04:00,2026-08-29T17:04:16.778447-04:00,propline_free_sample
2026-08-29,2026-08-29 17:05:00+00:00,Carlos Rodón,4.5,over,100,prizepicks,94944,New York Yankees,Boston Red Sox,2026-08-29T03:32:45.721004+00:00,2026-08-29T21:04:16.778447+00:00,2026-08-29T17:04:16.778447-04:00,2026-08-29T17:04:16.778447-04:00,propline_free_sample
2026-08-29,2026-08-29 17:05:00+00:00,Carlos Rodón,4.5,under,100,prizepicks,94944,New York Yankees,Boston Red Sox,2026-08-29T03:32:45.721004+00:00,2026-08-29T21:04:16.778447+00:00,2026-08-29T17:04:16.778447-04:00,2026-08-29T17:04:16.778447-04:00,propline_free_sample
2026-08-29,2026-08-29 17:05:00+00:00,Jake Bennett,4.5,over,-120,prophetx,94944,New York Yankees,Boston Red Sox,2026-08-29T17:01:53.750361+00:00,2026-08-29T21:04:16.778447+00:00,2026-08-29T17:04:16.778447-04:00,2026-08-29T17:04:16.778447-04:00,propline_free_sample
2026-08-29,2026-08-29 17:05:00+00:00,Jake Bennett,4.5,under,-108,prophetx,94944,New York Yankees,Boston Red Sox,2026-08-29T17:04:18.866421+00:00,2026-08-29T21:04:16.778447+00:00,2026-08-29T17:04:16.778447-04:00,2026-08-29T17:04:16.778447-04:00,propline_free_sample
2026-08-29,2026-08-29 17:05:00+00:00,Carlos Rodon (NYY),5.5,over,130,bovada,94944,New York Yankees,Boston Red Sox,2026-08-29T15:09:57.579379+00:00,2026-08-29T21:04:16.778447+00:00,2026-08-29T17:04:16.778447-04:00,2026-08-29T17:04:16.778447-04:00,propline_free_sample
2026-08-29,2026-08-29 17:05:00+00:00,Carlos Rodon (NYY),5.5,under,-170,bovada,94944,New York Yankees,Boston Red Sox,2026-08-29T15:09:57.579379+00:00,2026-08-29T21:04:16.778447+00:00,2026-08-29T17:04:16.778447-04:00,2026-08-29T17:04:16.778447-04:00,propline_free_sample
2026-08-29,2026-08-29 17:05:00+00:00,Jake Bennett (BOS),4.5,over,-120,bovada,94944,New York Yankees,Boston Red Sox,2026-08-29T03:39:52.163763+00:00,2026-08-29T21:04:16.778447+00:00,2026-08-29T17:04:16.778447-04:00,2026-08-29T17:04:16.778447-04:00,propline_free_sample
2026-08-29,2026-08-29 17:05:00+00:00,Jake Bennett (BOS),4.5,under,-110,bovada,94944,New York Yankees,Boston Red Sox,2026-08-29T03:39:52.163763+00:00,2026-08-29T21:04:16.778447+00:00,2026-08-29T17:04:16.778447-04:00,2026-08-29T17:04:16.778447-04:00,propline_free_sample
2026-08-29,2026-08-29 17:05:00+00:00,Carlos Rodon,5.5,over,104,novig,94944,New York Yankees,Boston Red Sox,2026-08-29T16:59:07.282479+00:00,2026-08-29T21:04:16.778447+00:00,2026-08-29T17:04:16.778447-04:00,2026-08-29T17:04:16.778447-04:00,propline_free_sample
2026-08-29,2026-08-29 17:05:00+00:00,Carlos Rodon,5.5,under,-170,novig,94944,New York Yankees,Boston Red Sox,2026-08-29T17:04:05.330692+00:00,2026-08-29T21:04:16.778447+00:00,2026-08-29T17:04:16.778447-04:00,2026-08-29T17:04:16.778447-04:00,propline_free_sample
2026-08-29,2026-08-29 17:05:00+00:00,Carlos Rodon,6.5,over,100,fanatics,94944,New York Yankees,Boston Red Sox,2026-08-29T16:24:48.843845+00:00,2026-08-29T21:04:16.778447+00:00,2026-08-29T17:04:16.778447-04:00,2026-08-29T17:04:16.778447-04:00,propline_free_sample
2026-08-29,2026-08-29 17:05:00+00:00,Carlos Rodon,6.5,under,-130,fanatics,94944,New York Yankees,Boston Red Sox,2026-08-29T16:24:48.843845+00:00,2026-08-29T21:04:16.778447+00:00,2026-08-29T17:04:16.778447-04:00,2026-08-29T17:04:16.778447-04:00,propline_free_sample
2026-08-29,2026-08-29 17:05:00+00:00,Jake Bennett,5.5,over,-450,fanatics,94944,New York Yankees,Boston Red Sox,2026-08-29T16:45:10.606075+00:00,2026-08-29T21:04:16.778447+00:00,2026-08-29T17:04:16.778447-04:00,2026-08-29T17:04:16.778447-04:00,propline_free_sample
2026-08-29,2026-08-29 17:05:00+00:00,Jake Bennett,5.5,under,290,fanatics,94944,New York Yankees,Boston Red Sox,2026-08-29T16:45:10.606075+00:00,2026-08-29T21:04:16.778447+00:00,2026-08-29T17:04:16.778447-04:00,2026-08-29T17:04:16.778447-04:00,propline_free_sample
2026-08-29,2026-08-29 17:05:00+00:00,Jake Bennett,3.5,over,-292,novig,94944,New York Yankees,Boston Red Sox,2026-08-29T16:26:43.983297+00:00,2026-08-29T21:04:16.778447+00:00,2026-08-29T17:04:16.778447-04:00,2026-08-29T17:04:16.778447-04:00,propline_free_sample
2026-08-29,2026-08-29 17:05:00+00:00,Jake Bennett,3.5,under,167,novig,94944,New York Yankees,Boston Red Sox,2026-08-29T15:17:55.875056+00:00,2026-08-29T21:04:16.778447+00:00,2026-08-29T17:04:16.778447-04:00,2026-08-29T17:04:16.778447-04:00,propline_free_sample
2026-08-29,2026-08-29 17:05:00+00:00,Jake Bennett,4.5,over,-156,novig,94944,New York Yankees,Boston Red Sox,2026-08-29T17:01:35.766017+00:00,2026-08-29T21:04:16.778447+00:00,2026-08-29T17:04:16.778447-04:00,2026-08-29T17:04:16.778447-04:00,propline_free_sample
2026-08-29,2026-08-29 17:05:00+00:00,Jake Bennett,4.5,under,-127,novig,94944,New York Yankees,Boston Red Sox,2026-08-29T17:04:05.330692+00:00,2026-08-29T21:04:16.778447+00:00,2026-08-29T17:04:16.778447-04:00,2026-08-29T17:04:16.778447-04:00,propline_free_sample
2026-08-29,2026-08-29 17:05:00+00:00,Jake Bennett,5.5,over,167,novig,94944,New York Yankees,Boston Red Sox,2026-08-29T14:53:53.401031+00:00,2026-08-29T21:04:16.778447+00:00,2026-08-29T17:04:16.778447-04:00,2026-08-29T17:04:16.778447-04:00,propline_free_sample
2026-08-29,2026-08-29 17:05:00+00:00,Jake Bennett,5.5,under,-233,novig,94944,New York Yankees,Boston Red Sox,2026-08-29T15:10:48.220849+00:00,2026-08-29T21:04:16.778447+00:00,2026-08-29T17:04:16.778447-04:00,2026-08-29T17:04:16.778447-04:00,propline_free_sample
2026-08-29,2026-08-29 17:05:00+00:00,Jake Bennett,4.5,over,-125,draftkings,94944,New York Yankees,Boston Red Sox,2026-08-29T15:32:10.994835+00:00,2026-08-29T21:04:16.778447+00:00,2026-08-29T17:04:16.778447-04:00,2026-08-29T17:04:16.778447-04:00,propline_free_sample
2026-08-29,2026-08-29 17:05:00+00:00,Jake Bennett,4.5,under,-102,draftkings,94944,New York Yankees,Boston Red Sox,2026-08-29T15:32:10.994835+00:00,2026-08-29T21:04:16.778447+00:00,2026-08-29T17:04:16.778447-04:00,2026-08-29T17:04:16.778447-04:00,propline_free_sample
2026-08-29,2026-08-29 17:05:00+00:00,Carlos Rodon,4.5,over,-147,novig,94944,New York Yankees,Boston Red Sox,2026-08-29T16:51:58.167585+00:00,2026-08-29T21:04:16.778447+00:00,2026-08-29T17:04:16.778447-04:00,2026-08-29T17:04:16.778447-04:00,propline_free_sample
2026-08-29,2026-08-29 17:05:00+00:00,Carlos Rodon,4.5,under,127,novig,94944,New York Yankees,Boston Red Sox,2026-08-29T16:54:17.940349+00:00,2026-08-29T21:04:16.778447+00:00,2026-08-29T17:04:16.778447-04:00,2026-08-29T17:04:16.778447-04:00,propline_free_sample
2026-08-29,2026-08-29 17:05:00+00:00,Carlos Rodon,6.5,over,257,novig,94944,New York Yankees,Boston Red Sox,2026-08-29T16:56:48.902038+00:00,2026-08-29T21:04:16.778447+00:00,2026-08-29T17:04:16.778447-04:00,2026-08-29T17:04:16.778447-04:00,propline_free_sample
2026-08-29,2026-08-29 17:05:00+00:00,Carlos Rodon,6.5,under,-277,novig,94944,New York Yankees,Boston Red Sox,2026-08-29T16:59:07.282479+00:00,2026-08-29T21:04:16.778447+00:00,2026-08-29T17:04:16.778447-04:00,2026-08-29T17:04:16.778447-04:00,propline_free_sample
2026-08-29,2026-08-29 17:05:00+00:00,Carlos Rodon,5.5,over,126,draftkings,94944,New York Yankees,Boston Red Sox,2026-08-29T16:10:36.236220+00:00,2026-08-29T21:04:16.778447+00:00,2026-08-29T17:04:16.778447-04:00,2026-08-29T17:04:16.778447-04:00,propline_free_sample
2026-08-29,2026-08-29 17:05:00+00:00,Carlos Rodon,5.5,under,-161,draftkings,94944,New York Yankees,Boston Red Sox,2026-08-29T16:10:36.236220+00:00,2026-08-29T21:04:16.778447+00:00,2026-08-29T17:04:16.778447-04:00,2026-08-29T17:04:16.778447-04:00,propline_free_sample
2026-08-29,2026-08-29 17:05:00+00:00,Jake Bennett,8.5,over,100,prizepicks,94944,New York Yankees,Boston Red Sox,2026-08-29T04:03:08.124558+00:00,2026-08-29T21:04:16.778447+00:00,2026-08-29T17:04:16.778447-04:00,2026-08-29T17:04:16.778447-04:00,propline_free_sample
2026-08-29,2026-08-29 17:05:00+00:00,Jake Bennett,8.5,under,100,prizepicks,94944,New York Yankees,Boston Red Sox,2026-08-29T04:03:08.124558+00:00,2026-08-29T21:04:16.778447+00:00,2026-08-29T17:04:16.778447-04:00,2026-08-29T17:04:16.778447-04:00,propline_free_sample
2026-08-29,2026-08-29 17:05:00+00:00,Carlos Rodón,5.0,over,100,prizepicks,94944,New York Yankees,Boston Red Sox,2026-08-29T11:34:32.958190+00:00,2026-08-29T21:04:16.778447+00:00,2026-08-29T17:04:16.778447-04:00,2026-08-29T17:04:16.778447-04:00,propline_free_sample
2026-08-29,2026-08-29 17:05:00+00:00,Jake Bennett,4.5,over,100,prizepicks,94944,New York Yankees,Boston Red Sox,2026-08-29T04:03:08.124558+00:00,2026-08-29T21:04:16.778447+00:00,2026-08-29T17:04:16.778447-04:00,2026-08-29T17:04:16.778447-04:00,propline_free_sample
2026-08-29,2026-08-29 17:05:00+00:00,Carlos Rodón,5.0,under,100,prizepicks,94944,New York Yankees,Boston Red Sox,2026-08-29T11:34:32.958190+00:00,2026-08-29T21:04:16.778447+00:00,2026-08-29T17:04:16.778447-04:00,2026-08-29T17:04:16.778447-04:00,propline_free_sample
2026-08-29,2026-08-29 17:05:00+00:00,Jake Bennett,4.5,under,100,prizepicks,94944,New York Yankees,Boston Red Sox,2026-08-29T04:03:08.124558+00:00,2026-08-29T21:04:16.778447+00:00,2026-08-29T17:04:16.778447-04:00,2026-08-29T17:04:16.778447-04:00,propline_free_sample
2026-08-29,2026-08-29 17:05:00+00:00,Carlos Rodón,5.5,over,162,prophetx,94944,New York Yankees,Boston Red Sox,2026-08-29T16:52:13.491437+00:00,2026-08-29T21:04:16.778447+00:00,2026-08-29T17:04:16.778447-04:00,2026-08-29T17:04:16.778447-04:00,propline_free_sample
2026-08-29,2026-08-29 17:05:00+00:00,Carlos Rodón,5.5,under,-245,prophetx,94944,New York Yankees,Boston Red Sox,2026-08-29T16:59:21.493948+00:00,2026-08-29T21:04:16.778447+00:00,2026-08-29T17:04:16.778447-04:00,2026-08-29T17:04:16.778447-04:00,propline_free_sample
2026-08-29,2026-08-29 17:05:00+00:00,Jake Bennett,2.5,over,100,prizepicks,94944,New York Yankees,Boston Red Sox,2026-08-29T07:08:52.793185+00:00,2026-08-29T21:04:16.778447+00:00,2026-08-29T17:04:16.778447-04:00,2026-08-29T17:04:16.778447-04:00,propline_free_sample
2026-08-29,2026-08-29 17:05:00+00:00,Jake Bennett,2.5,under,100,prizepicks,94944,New York Yankees,Boston Red Sox,2026-08-29T07:08:52.793185+00:00,2026-08-29T21:04:16.778447+00:00,2026-08-29T17:04:16.778447-04:00,2026-08-29T17:04:16.778447-04:00,propline_free_sample
2026-08-29,2026-08-29 17:05:00+00:00,Carlos Rodón,9.5,over,100,prizepicks,94944,New York Yankees,Boston Red Sox,2026-08-29T07:40:35.298807+00:00,2026-08-29T21:04:16.778447+00:00,2026-08-29T17:04:16.778447-04:00,2026-08-29T17:04:16.778447-04:00,propline_free_sample
2026-08-29,2026-08-29 17:05:00+00:00,Carlos Rodón,9.5,under,100,prizepicks,94944,New York Yankees,Boston Red Sox,2026-08-29T07:40:35.298807+00:00,2026-08-29T21:04:16.778447+00:00,2026-08-29T17:04:16.778447-04:00,2026-08-29T17:04:16.778447-04:00,propline_free_sample
2026-08-29,2026-08-29 17:05:00+00:00,Carlos Rodon,4.5,over,-165,betrivers,94944,New York Yankees,Boston Red Sox,2026-08-29T16:15:59.075410+00:00,2026-08-29T21:04:16.778447+00:00,2026-08-29T17:04:16.778447-04:00,2026-08-29T17:04:16.778447-04:00,propline_free_sample
2026-08-29,2026-08-29 17:05:00+00:00,Carlos Rodon,4.5,under,123,betrivers,94944,New York Yankees,Boston Red Sox,2026-08-29T16:15:59.075410+00:00,2026-08-29T21:04:16.778447+00:00,2026-08-29T17:04:16.778447-04:00,2026-08-29T17:04:16.778447-04:00,propline_free_sample
2026-08-29,2026-08-29 17:05:00+00:00,Jake Bennett,4.5,over,-122,betrivers,94944,New York Yankees,Boston Red Sox,2026-08-29T16:15:59.075410+00:00,2026-08-29T21:04:16.778447+00:00,2026-08-29T17:04:16.778447-04:00,2026-08-29T17:04:16.778447-04:00,propline_free_sample
2026-08-29,2026-08-29 17:05:00+00:00,Jake Bennett,4.5,under,-109,betrivers,94944,New York Yankees,Boston Red Sox,2026-08-29T16:15:59.075410+00:00,2026-08-29T21:04:16.778447+00:00,2026-08-29T17:04:16.778447-04:00,2026-08-29T17:04:16.778447-04:00,propline_free_sample
2026-08-29,2026-08-29 17:05:00+00:00,Carlos Rodon,6.5,over,100,betmgm,94944,New York Yankees,Boston Red Sox,2026-08-29T15:08:26.241205+00:00,2026-08-29T21:04:16.778447+00:00,2026-08-29T17:04:16.778447-04:00,2026-08-29T17:04:16.778447-04:00,propline_free_sample
2026-08-29,2026-08-29 17:05:00+00:00,Carlos Rodon,6.5,under,-135,betmgm,94944,New York Yankees,Boston Red Sox,2026-08-29T15:08:26.241205+00:00,2026-08-29T21:04:16.778447+00:00,2026-08-29T17:04:16.778447-04:00,2026-08-29T17:04:16.778447-04:00,propline_free_sample
2026-08-29,2026-08-29 17:05:00+00:00,Jake Bennett,4.5,over,-130,betmgm,94944,New York Yankees,Boston Red Sox,2026-08-29T16:21:59.530381+00:00,2026-08-29T21:04:16.778447+00:00,2026-08-29T17:04:16.778447-04:00,2026-08-29T17:04:16.778447-04:00,propline_free_sample
2026-08-29,2026-08-29 17:05:00+00:00,Jake Bennett,4.5,under,-105,betmgm,94944,New York Yankees,Boston Red Sox,2026-08-29T14:54:03.809754+00:00,2026-08-29T21:04:16.778447+00:00,2026-08-29T17:04:16.778447-04:00,2026-08-29T17:04:16.778447-04:00,propline_free_sample
2026-08-29,2026-08-29 17:05:00+00:00,Carlos Rodón,5.0,over,100,betr,94944,New York Yankees,Boston Red Sox,2026-08-29T12:45:48.549143+00:00,2026-08-29T21:04:16.778447+00:00,2026-08-29T17:04:16.778447-04:00,2026-08-29T17:04:16.778447-04:00,propline_free_sample
2026-08-29,2026-08-29 17:05:00+00:00,Jake Bennett,4.5,over,100,betr,94944,New York Yankees,Boston Red Sox,2026-08-29T12:27:37.829825+00:00,2026-08-29T21:04:16.778447+00:00,2026-08-29T17:04:16.778447-04:00,2026-08-29T17:04:16.778447-04:00,propline_free_sample
2026-08-29,2026-08-29 17:05:00+00:00,Carlos Rodón,5.0,under,100,betr,94944,New York Yankees,Boston Red Sox,2026-08-29T12:45:48.549143+00:00,2026-08-29T21:04:16.778447+00:00,2026-08-29T17:04:16.778447-04:00,2026-08-29T17:04:16.778447-04:00,propline_free_sample
2026-08-29,2026-08-29 17:05:00+00:00,Jake Bennett,4.5,under,100,betr,94944,New York Yankees,Boston Red Sox,2026-08-29T12:27:37.829825+00:00,2026-08-29T21:04:16.778447+00:00,2026-08-29T17:04:16.778447-04:00,2026-08-29T17:04:16.778447-04:00,propline_free_sample
2026-08-29,2026-08-29 17:05:00+00:00,Jacob Bennett,4.5,over,-125,rebet,94944,New York Yankees,Boston Red Sox,2026-08-29T15:35:27.206213+00:00,2026-08-29T21:04:16.778447+00:00,2026-08-29T17:04:16.778447-04:00,2026-08-29T17:04:16.778447-04:00,propline_free_sample
2026-08-29,2026-08-29 17:05:00+00:00,Jacob Bennett,4.5,under,-110,rebet,94944,New York Yankees,Boston Red Sox,2026-08-29T15:35:27.206213+00:00,2026-08-29T21:04:16.778447+00:00,2026-08-29T17:04:16.778447-04:00,2026-08-29T17:04:16.778447-04:00,propline_free_sample
2026-08-29,2026-08-29 17:05:00+00:00,Carlos Rodon,5.5,over,121,rebet,94944,New York Yankees,Boston Red Sox,2026-08-29T14:39:35.972287+00:00,2026-08-29T21:04:16.778447+00:00,2026-08-29T17:04:16.778447-04:00,2026-08-29T17:04:16.778447-04:00,propline_free_sample
2026-08-29,2026-08-29 17:05:00+00:00,Carlos Rodon,5.5,under,-168,rebet,94944,New York Yankees,Boston Red Sox,2026-08-29T14:39:35.972287+00:00,2026-08-29T21:04:16.778447+00:00,2026-08-29T17:04:16.778447-04:00,2026-08-29T17:04:16.778447-04:00,propline_free_sample
2026-08-29,2026-08-29 17:05:00+00:00,Carlos Rodon,5.5,over,125,pinnacle,94944,New York Yankees,Boston Red Sox,2026-08-29T14:48:44.222667+00:00,2026-08-29T21:04:16.778447+00:00,2026-08-29T17:04:16.778447-04:00,2026-08-29T17:04:16.778447-04:00,propline_free_sample
2026-08-29,2026-08-29 17:05:00+00:00,Carlos Rodon,5.5,under,-166,pinnacle,94944,New York Yankees,Boston Red Sox,2026-08-29T14:48:44.222667+00:00,2026-08-29T21:04:16.778447+00:00,2026-08-29T17:04:16.778447-04:00,2026-08-29T17:04:16.778447-04:00,propline_free_sample
2026-08-29,2026-08-29 17:05:00+00:00,Jake Bennett,4.5,over,-113,pinnacle,94944,New York Yankees,Boston Red Sox,2026-08-29T15:03:10.808584+00:00,2026-08-29T21:04:16.778447+00:00,2026-08-29T17:04:16.778447-04:00,2026-08-29T17:04:16.778447-04:00,propline_free_sample
2026-08-29,2026-08-29 17:05:00+00:00,Jake Bennett,4.5,under,-118,pinnacle,94944,New York Yankees,Boston Red Sox,2026-08-29T15:03:10.808584+00:00,2026-08-29T21:04:16.778447+00:00,2026-08-29T17:04:16.778447-04:00,2026-08-29T17:04:16.778447-04:00,propline_free_sample
2026-08-29,2026-08-29 17:05:00+00:00,Jacob Bennett,4.5,over,-119,rebet,94944,New York Yankees,Boston Red Sox,2026-08-29T14:37:21.839309+00:00,2026-08-29T21:04:16.778447+00:00,2026-08-29T17:04:16.778447-04:00,2026-08-29T17:04:16.778447-04:00,propline_free_sample
2026-08-29,2026-08-29 17:05:00+00:00,Jacob Bennett,4.5,under,-116,rebet,94944,New York Yankees,Boston Red Sox,2026-08-29T14:37:21.839309+00:00,2026-08-29T21:04:16.778447+00:00,2026-08-29T17:04:16.778447-04:00,2026-08-29T17:04:16.778447-04:00,propline_free_sample
2026-08-29,2026-08-29 17:05:00+00:00,Carlos Rodón,4.5,over,-178,prophetx,94944,New York Yankees,Boston Red Sox,2026-08-29T16:14:06.376998+00:00,2026-08-29T21:04:16.778447+00:00,2026-08-29T17:04:16.778447-04:00,2026-08-29T17:04:16.778447-04:00,propline_free_sample
2026-08-29,2026-08-29 17:05:00+00:00,Carlos Rodón,4.5,under,132,prophetx,94944,New York Yankees,Boston Red Sox,2026-08-29T16:14:06.376998+00:00,2026-08-29T21:04:16.778447+00:00,2026-08-29T17:04:16.778447-04:00,2026-08-29T17:04:16.778447-04:00,propline_free_sample
2026-08-29,2026-08-29 17:05:00+00:00,Carlos Rodón,4.5,over,-160,fanatics,94944,New York Yankees,Boston Red Sox,2026-08-29T16:45:10.606075+00:00,2026-08-29T21:04:16.778447+00:00,2026-08-29T17:04:16.778447-04:00,2026-08-29T17:04:16.778447-04:00,propline_free_sample
2026-08-29,2026-08-29 17:05:00+00:00,Carlos Rodón,4.5,under,120,fanatics,94944,New York Yankees,Boston Red Sox,2026-08-29T16:45:10.606075+00:00,2026-08-29T21:04:16.778447+00:00,2026-08-29T17:04:16.778447-04:00,2026-08-29T17:04:16.778447-04:00,propline_free_sample
2026-08-28,2026-08-29 02:15:00+00:00,Blade Tidwell,3.5,over,-123,dabble,172763,San Francisco Giants,Arizona Diamondbacks,2026-08-29T01:42:39.194029+00:00,2026-08-29T21:04:16.778447+00:00,2026-08-29T17:04:16.778447-04:00,2026-08-29T17:04:16.778447-04:00,propline_free_sample
2026-08-28,2026-08-29 02:15:00+00:00,Blade Tidwell,3.5,under,125,dabble,172763,San Francisco Giants,Arizona Diamondbacks,2026-08-29T01:42:39.194029+00:00,2026-08-29T21:04:16.778447+00:00,2026-08-29T17:04:16.778447-04:00,2026-08-29T17:04:16.778447-04:00,propline_free_sample
2026-08-28,2026-08-29 02:15:00+00:00,Blade Tidwell,3.5,over,-148,underdog,172763,San Francisco Giants,Arizona Diamondbacks,2026-08-29T00:29:42.349695+00:00,2026-08-29T21:04:16.778447+00:00,2026-08-29T17:04:16.778447-04:00,2026-08-29T17:04:16.778447-04:00,propline_free_sample
2026-08-28,2026-08-29 02:15:00+00:00,Blade Tidwell,3.5,under,109,underdog,172763,San Francisco Giants,Arizona Diamondbacks,2026-08-29T00:29:42.349695+00:00,2026-08-29T21:04:16.778447+00:00,2026-08-29T17:04:16.778447-04:00,2026-08-29T17:04:16.778447-04:00,propline_free_sample
2026-08-28,2026-08-29 02:15:00+00:00,Blade Tidwell,3.5,over,100,prizepicks,172763,San Francisco Giants,Arizona Diamondbacks,2026-08-28T04:20:05.931403+00:00,2026-08-29T21:04:16.778447+00:00,2026-08-29T17:04:16.778447-04:00,2026-08-29T17:04:16.778447-04:00,propline_free_sample
2026-08-28,2026-08-29 02:15:00+00:00,Blade Tidwell,3.5,under,100,prizepicks,172763,San Francisco Giants,Arizona Diamondbacks,2026-08-28T04:20:05.931403+00:00,2026-08-29T21:04:16.778447+00:00,2026-08-29T17:04:16.778447-04:00,2026-08-29T17:04:16.778447-04:00,propline_free_sample
2026-08-28,2026-08-29 02:15:00+00:00,Blade Tidwell,3.5,over,-147,smarkets,172763,San Francisco Giants,Arizona Diamondbacks,2026-08-29T01:38:50.837303+00:00,2026-08-29T21:04:16.778447+00:00,2026-08-29T17:04:16.778447-04:00,2026-08-29T17:04:16.778447-04:00,propline_free_sample
2026-08-28,2026-08-29 02:15:00+00:00,Blade Tidwell,3.5,under,104,smarkets,172763,San Francisco Giants,Arizona Diamondbacks,2026-08-29T01:38:50.837303+00:00,2026-08-29T21:04:16.778447+00:00,2026-08-29T17:04:16.778447-04:00,2026-08-29T17:04:16.778447-04:00,propline_free_sample
2026-08-28,2026-08-29 02:15:00+00:00,Blade Tidwell,6.5,over,100,prizepicks,172763,San Francisco Giants,Arizona Diamondbacks,2026-08-28T05:51:10.181699+00:00,2026-08-29T21:04:16.778447+00:00,2026-08-29T17:04:16.778447-04:00,2026-08-29T17:04:16.778447-04:00,propline_free_sample
2026-08-28,2026-08-29 02:15:00+00:00,Blade Tidwell,6.5,under,100,prizepicks,172763,San Francisco Giants,Arizona Diamondbacks,2026-08-28T05:51:10.181699+00:00,2026-08-29T21:04:16.778447+00:00,2026-08-29T17:04:16.778447-04:00,2026-08-29T17:04:16.778447-04:00,propline_free_sample
2026-08-28,2026-08-29 02:15:00+00:00,Kohl Drake,3.5,over,-132,underdog,172763,San Francisco Giants,Arizona Diamondbacks,2026-08-29T01:26:03.269801+00:00,2026-08-29T21:04:16.778447+00:00,2026-08-29T17:04:16.778447-04:00,2026-08-29T17:04:16.778447-04:00,propline_free_sample
2026-08-28,2026-08-29 02:15:00+00:00,Kohl Drake,3.5,under,-103,underdog,172763,San Francisco Giants,Arizona Diamondbacks,2026-08-29T01:26:03.269801+00:00,2026-08-29T21:04:16.778447+00:00,2026-08-29T17:04:16.778447-04:00,2026-08-29T17:04:16.778447-04:00,propline_free_sample
2026-08-28,2026-08-29 02:15:00+00:00,Kohl Drake,3.5,over,100,dabble,172763,San Francisco Giants,Arizona Diamondbacks,2026-08-29T01:42:39.194029+00:00,2026-08-29T21:04:16.778447+00:00,2026-08-29T17:04:16.778447-04:00,2026-08-29T17:04:16.778447-04:00,propline_free_sample
2026-08-28,2026-08-29 02:15:00+00:00,Kohl Drake,3.5,under,101,dabble,172763,San Francisco Giants,Arizona Diamondbacks,2026-08-29T01:42:39.194029+00:00,2026-08-29T21:04:16.778447+00:00,2026-08-29T17:04:16.778447-04:00,2026-08-29T17:04:16.778447-04:00,propline_free_sample
2026-08-28,2026-08-29 02:15:00+00:00,Kohl Drake,4.5,over,126,smarkets,172763,San Francisco Giants,Arizona Diamondbacks,2026-08-28T08:55:47.806097+00:00,2026-08-29T21:04:16.778447+00:00,2026-08-29T17:04:16.778447-04:00,2026-08-29T17:04:16.778447-04:00,propline_free_sample
2026-08-28,2026-08-29 02:15:00+00:00,Kohl Drake,4.5,under,-179,smarkets,172763,San Francisco Giants,Arizona Diamondbacks,2026-08-28T08:55:47.806097+00:00,2026-08-29T21:04:16.778447+00:00,2026-08-29T17:04:16.778447-04:00,2026-08-29T17:04:16.778447-04:00,propline_free_sample
2026-08-28,2026-08-29 02:15:00+00:00,Kohl Drake,3.5,over,100,prizepicks,172763,San Francisco Giants,Arizona Diamondbacks,2026-08-28T06:24:17.402770+00:00,2026-08-29T21:04:16.778447+00:00,2026-08-29T17:04:16.778447-04:00,2026-08-29T17:04:16.778447-04:00,propline_free_sample
2026-08-28,2026-08-29 02:15:00+00:00,Kohl Drake,3.5,under,100,prizepicks,172763,San Francisco Giants,Arizona Diamondbacks,2026-08-28T06:24:17.402770+00:00,2026-08-29T21:04:16.778447+00:00,2026-08-29T17:04:16.778447-04:00,2026-08-29T17:04:16.778447-04:00,propline_free_sample
2026-08-28,2026-08-29 02:15:00+00:00,Kohl Drake,6.5,over,100,prizepicks,172763,San Francisco Giants,Arizona Diamondbacks,2026-08-28T06:24:17.402770+00:00,2026-08-29T21:04:16.778447+00:00,2026-08-29T17:04:16.778447-04:00,2026-08-29T17:04:16.778447-04:00,propline_free_sample
2026-08-28,2026-08-29 02:15:00+00:00,Kohl Drake,6.5,under,100,prizepicks,172763,San Francisco Giants,Arizona Diamondbacks,2026-08-28T06:24:17.402770+00:00,2026-08-29T21:04:16.778447+00:00,2026-08-29T17:04:16.778447-04:00,2026-08-29T17:04:16.778447-04:00,propline_free_sample
2026-08-28,2026-08-29 02:15:00+00:00,Kohl Drake,4.5,over,100,prizepicks,172763,San Francisco Giants,Arizona Diamondbacks,2026-08-28T06:24:17.402770+00:00,2026-08-29T21:04:16.778447+00:00,2026-08-29T17:04:16.778447-04:00,2026-08-29T17:04:16.778447-04:00,propline_free_sample
2026-08-28,2026-08-29 02:15:00+00:00,Kohl Drake,4.5,under,100,prizepicks,172763,San Francisco Giants,Arizona Diamondbacks,2026-08-28T06:24:17.402770+00:00,2026-08-29T21:04:16.778447+00:00,2026-08-29T17:04:16.778447-04:00,2026-08-29T17:04:16.778447-04:00,propline_free_sample
2026-08-28,2026-08-29 02:15:00+00:00,Blade Tidwell,3.5,over,-130,fanduel,172763,San Francisco Giants,Arizona Diamondbacks,2026-08-28T23:46:23.496721+00:00,2026-08-29T21:04:16.778447+00:00,2026-08-29T17:04:16.778447-04:00,2026-08-29T17:04:16.778447-04:00,propline_free_sample
2026-08-28,2026-08-29 02:15:00+00:00,Blade Tidwell,3.5,under,102,fanduel,172763,San Francisco Giants,Arizona Diamondbacks,2026-08-28T23:46:23.496721+00:00,2026-08-29T21:04:16.778447+00:00,2026-08-29T17:04:16.778447-04:00,2026-08-29T17:04:16.778447-04:00,propline_free_sample
2026-08-28,2026-08-29 02:15:00+00:00,Kohl Drake,3.5,over,-128,fanduel,172763,San Francisco Giants,Arizona Diamondbacks,2026-08-29T00:40:09.427624+00:00,2026-08-29T21:04:16.778447+00:00,2026-08-29T17:04:16.778447-04:00,2026-08-29T17:04:16.778447-04:00,propline_free_sample
2026-08-28,2026-08-29 02:15:00+00:00,Kohl Drake,3.5,under,100,fanduel,172763,San Francisco Giants,Arizona Diamondbacks,2026-08-29T00:40:09.427624+00:00,2026-08-29T21:04:16.778447+00:00,2026-08-29T17:04:16.778447-04:00,2026-08-29T17:04:16.778447-04:00,propline_free_sample
2026-08-28,2026-08-29 02:15:00+00:00,Blade Tidwell,4.5,over,100,prizepicks,172763,San Francisco Giants,Arizona Diamondbacks,2026-08-28T08:20:44.211164+00:00,2026-08-29T21:04:16.778447+00:00,2026-08-29T17:04:16.778447-04:00,2026-08-29T17:04:16.778447-04:00,propline_free_sample
2026-08-28,2026-08-29 02:15:00+00:00,Blade Tidwell,4.5,under,100,prizepicks,172763,San Francisco Giants,Arizona Diamondbacks,2026-08-28T08:20:44.211164+00:00,2026-08-29T21:04:16.778447+00:00,2026-08-29T17:04:16.778447-04:00,2026-08-29T17:04:16.778447-04:00,propline_free_sample
2026-08-28,2026-08-29 02:15:00+00:00,Kohl Drake,3.5,over,100,prizepicks,172763,San Francisco Giants,Arizona Diamondbacks,2026-08-28T08:20:44.211164+00:00,2026-08-29T21:04:16.778447+00:00,2026-08-29T17:04:16.778447-04:00,2026-08-29T17:04:16.778447-04:00,propline_free_sample
2026-08-28,2026-08-29 02:15:00+00:00,Kohl Drake,3.5,under,100,prizepicks,172763,San Francisco Giants,Arizona Diamondbacks,2026-08-28T08:20:44.211164+00:00,2026-08-29T21:04:16.778447+00:00,2026-08-29T17:04:16.778447-04:00,2026-08-29T17:04:16.778447-04:00,propline_free_sample
2026-08-28,2026-08-29 02:15:00+00:00,Blade Tidwell,5.5,over,100,prizepicks,172763,San Francisco Giants,Arizona Diamondbacks,2026-08-28T08:20:44.211164+00:00,2026-08-29T21:04:16.778447+00:00,2026-08-29T17:04:16.778447-04:00,2026-08-29T17:04:16.778447-04:00,propline_free_sample
2026-08-28,2026-08-29 02:15:00+00:00,Kohl Drake,5.5,over,100,prizepicks,172763,San Francisco Giants,Arizona Diamondbacks,2026-08-28T08:20:44.211164+00:00,2026-08-29T21:04:16.778447+00:00,2026-08-29T17:04:16.778447-04:00,2026-08-29T17:04:16.778447-04:00,propline_free_sample
2026-08-28,2026-08-29 02:15:00+00:00,Blade Tidwell,5.5,under,100,prizepicks,172763,San Francisco Giants,Arizona Diamondbacks,2026-08-28T08:20:44.211164+00:00,2026-08-29T21:04:16.778447+00:00,2026-08-29T17:04:16.778447-04:00,2026-08-29T17:04:16.778447-04:00,propline_free_sample
2026-08-28,2026-08-29 02:15:00+00:00,Kohl Drake,5.5,under,100,prizepicks,172763,San Francisco Giants,Arizona Diamondbacks,2026-08-28T08:20:44.211164+00:00,2026-08-29T21:04:16.778447+00:00,2026-08-29T17:04:16.778447-04:00,2026-08-29T17:04:16.778447-04:00,propline_free_sample
2026-08-28,2026-08-29 02:15:00+00:00,Blade Tidwell,2.5,over,100,prizepicks,172763,San Francisco Giants,Arizona Diamondbacks,2026-08-28T08:20:44.211164+00:00,2026-08-29T21:04:16.778447+00:00,2026-08-29T17:04:16.778447-04:00,2026-08-29T17:04:16.778447-04:00,propline_free_sample
2026-08-28,2026-08-29 02:15:00+00:00,Kohl Drake,2.5,over,100,prizepicks,172763,San Francisco Giants,Arizona Diamondbacks,2026-08-28T08:20:44.211164+00:00,2026-08-29T21:04:16.778447+00:00,2026-08-29T17:04:16.778447-04:00,2026-08-29T17:04:16.778447-04:00,propline_free_sample
2026-08-28,2026-08-29 02:15:00+00:00,Blade Tidwell,2.5,under,100,prizepicks,172763,San Francisco Giants,Arizona Diamondbacks,2026-08-28T08:20:44.211164+00:00,2026-08-29T21:04:16.778447+00:00,2026-08-29T17:04:16.778447-04:00,2026-08-29T17:04:16.778447-04:00,propline_free_sample
2026-08-28,2026-08-29 02:15:00+00:00,Kohl Drake,2.5,under,100,prizepicks,172763,San Francisco Giants,Arizona Diamondbacks,2026-08-28T08:20:44.211164+00:00,2026-08-29T21:04:16.778447+00:00,2026-08-29T17:04:16.778447-04:00,2026-08-29T17:04:16.778447-04:00,propline_free_sample
2026-08-28,2026-08-29 02:15:00+00:00,Blade Tidwell,3.5,over,-125,prophetx,172763,San Francisco Giants,Arizona Diamondbacks,2026-08-28T22:51:36.974687+00:00,2026-08-29T21:04:16.778447+00:00,2026-08-29T17:04:16.778447-04:00,2026-08-29T17:04:16.778447-04:00,propline_free_sample
2026-08-28,2026-08-29 02:15:00+00:00,Blade Tidwell,3.5,under,121,prophetx,172763,San Francisco Giants,Arizona Diamondbacks,2026-08-29T02:11:15.739619+00:00,2026-08-29T21:04:16.778447+00:00,2026-08-29T17:04:16.778447-04:00,2026-08-29T17:04:16.778447-04:00,propline_free_sample
2026-08-28,2026-08-29 02:15:00+00:00,Blade Tidwell (SF),3.5,over,-120,bovada,172763,San Francisco Giants,Arizona Diamondbacks,2026-08-28T17:28:50.769828+00:00,2026-08-29T21:04:16.778447+00:00,2026-08-29T17:04:16.778447-04:00,2026-08-29T17:04:16.778447-04:00,propline_free_sample
2026-08-28,2026-08-29 02:15:00+00:00,Blade Tidwell (SF),3.5,under,-110,bovada,172763,San Francisco Giants,Arizona Diamondbacks,2026-08-28T17:28:50.769828+00:00,2026-08-29T21:04:16.778447+00:00,2026-08-29T17:04:16.778447-04:00,2026-08-29T17:04:16.778447-04:00,propline_free_sample
2026-08-28,2026-08-29 02:15:00+00:00,Kohl Drake (ARI),3.5,over,-130,bovada,172763,San Francisco Giants,Arizona Diamondbacks,2026-08-28T09:50:43.651132+00:00,2026-08-29T21:04:16.778447+00:00,2026-08-29T17:04:16.778447-04:00,2026-08-29T17:04:16.778447-04:00,propline_free_sample
2026-08-28,2026-08-29 02:15:00+00:00,Kohl Drake (ARI),3.5,under,100,bovada,172763,San Francisco Giants,Arizona Diamondbacks,2026-08-28T09:50:43.651132+00:00,2026-08-29T21:04:16.778447+00:00,2026-08-29T17:04:16.778447-04:00,2026-08-29T17:04:16.778447-04:00,propline_free_sample
2026-08-28,2026-08-29 02:15:00+00:00,Blade Tidwell,3.5,over,-154,sleeper,172763,San Francisco Giants,Arizona Diamondbacks,2026-08-28T22:50:52.508824+00:00,2026-08-29T21:04:16.778447+00:00,2026-08-29T17:04:16.778447-04:00,2026-08-29T17:04:16.778447-04:00,propline_free_sample
2026-08-28,2026-08-29 02:15:00+00:00,Blade Tidwell,3.5,under,-106,sleeper,172763,San Francisco Giants,Arizona Diamondbacks,2026-08-29T02:01:13.023600+00:00,2026-08-29T21:04:16.778447+00:00,2026-08-29T17:04:16.778447-04:00,2026-08-29T17:04:16.778447-04:00,propline_free_sample
2026-08-28,2026-08-29 02:15:00+00:00,Kohl Drake,3.5,over,-106,prophetx,172763,San Francisco Giants,Arizona Diamondbacks,2026-08-29T02:13:17.129672+00:00,2026-08-29T21:04:16.778447+00:00,2026-08-29T17:04:16.778447-04:00,2026-08-29T17:04:16.778447-04:00,propline_free_sample
2026-08-28,2026-08-29 02:15:00+00:00,Kohl Drake,3.5,under,-101,prophetx,172763,San Francisco Giants,Arizona Diamondbacks,2026-08-29T02:01:27.123243+00:00,2026-08-29T21:04:16.778447+00:00,2026-08-29T17:04:16.778447-04:00,2026-08-29T17:04:16.778447-04:00,propline_free_sample
2026-08-28,2026-08-29 02:15:00+00:00,Blade Tidwell,3.5,over,-127,novig,172763,San Francisco Giants,Arizona Diamondbacks,2026-08-29T02:05:55.984748+00:00,2026-08-29T21:04:16.778447+00:00,2026-08-29T17:04:16.778447-04:00,2026-08-29T17:04:16.778447-04:00,propline_free_sample
2026-08-28,2026-08-29 02:15:00+00:00,Blade Tidwell,3.5,under,117,novig,172763,San Francisco Giants,Arizona Diamondbacks,2026-08-29T02:14:25.951126+00:00,2026-08-29T21:04:16.778447+00:00,2026-08-29T17:04:16.778447-04:00,2026-08-29T17:04:16.778447-04:00,propline_free_sample
2026-08-28,2026-08-29 02:15:00+00:00,Kohl Drake,3.5,over,-122,novig,172763,San Francisco Giants,Arizona Diamondbacks,2026-08-29T02:14:25.951126+00:00,2026-08-29T21:04:16.778447+00:00,2026-08-29T17:04:16.778447-04:00,2026-08-29T17:04:16.778447-04:00,propline_free_sample
2026-08-28,2026-08-29 02:15:00+00:00,Kohl Drake,3.5,under,100,novig,172763,San Francisco Giants,Arizona Diamondbacks,2026-08-29T02:09:00.392619+00:00,2026-08-29T21:04:16.778447+00:00,2026-08-29T17:04:16.778447-04:00,2026-08-29T17:04:16.778447-04:00,propline_free_sample
2026-08-28,2026-08-29 02:15:00+00:00,Blade Tidwell,4.5,over,105,fanatics,172763,San Francisco Giants,Arizona Diamondbacks,2026-08-29T02:13:28.283788+00:00,2026-08-29T21:04:16.778447+00:00,2026-08-29T17:04:16.778447-04:00,2026-08-29T17:04:16.778447-04:00,propline_free_sample
2026-08-28,2026-08-29 02:15:00+00:00,Blade Tidwell,4.5,under,-140,fanatics,172763,San Francisco Giants,Arizona Diamondbacks,2026-08-29T02:13:28.283788+00:00,2026-08-29T21:04:16.778447+00:00,2026-08-29T17:04:16.778447-04:00,2026-08-29T17:04:16.778447-04:00,propline_free_sample
2026-08-28,2026-08-29 02:15:00+00:00,Kohl Drake,3.5,over,100,fanatics,172763,San Francisco Giants,Arizona Diamondbacks,2026-08-29T02:01:37.761973+00:00,2026-08-29T21:04:16.778447+00:00,2026-08-29T17:04:16.778447-04:00,2026-08-29T17:04:16.778447-04:00,propline_free_sample
2026-08-28,2026-08-29 02:15:00+00:00,Kohl Drake,3.5,under,-130,fanatics,172763,San Francisco Giants,Arizona Diamondbacks,2026-08-29T02:01:37.761973+00:00,2026-08-29T21:04:16.778447+00:00,2026-08-29T17:04:16.778447-04:00,2026-08-29T17:04:16.778447-04:00,propline_free_sample
2026-08-28,2026-08-29 02:15:00+00:00,Blade Tidwell,3.5,over,100,prizepicks,172763,San Francisco Giants,Arizona Diamondbacks,2026-08-28T08:34:08.480132+00:00,2026-08-29T21:04:16.778447+00:00,2026-08-29T17:04:16.778447-04:00,2026-08-29T17:04:16.778447-04:00,propline_free_sample
2026-08-28,2026-08-29 02:15:00+00:00,Blade Tidwell,3.5,under,100,prizepicks,172763,San Francisco Giants,Arizona Diamondbacks,2026-08-28T08:34:08.480132+00:00,2026-08-29T21:04:16.778447+00:00,2026-08-29T17:04:16.778447-04:00,2026-08-29T17:04:16.778447-04:00,propline_free_sample
2026-08-28,2026-08-29 02:15:00+00:00,Blade Tidwell,1.5,over,100,prizepicks,172763,San Francisco Giants,Arizona Diamondbacks,2026-08-28T08:34:08.480132+00:00,2026-08-29T21:04:16.778447+00:00,2026-08-29T17:04:16.778447-04:00,2026-08-29T17:04:16.778447-04:00,propline_free_sample
2026-08-28,2026-08-29 02:15:00+00:00,Blade Tidwell,1.5,under,100,prizepicks,172763,San Francisco Giants,Arizona Diamondbacks,2026-08-28T08:34:08.480132+00:00,2026-08-29T21:04:16.778447+00:00,2026-08-29T17:04:16.778447-04:00,2026-08-29T17:04:16.778447-04:00,propline_free_sample
2026-08-28,2026-08-29 02:15:00+00:00,Blade Tidwell,3.5,over,-128,draftkings,172763,San Francisco Giants,Arizona Diamondbacks,2026-08-29T00:30:00.157687+00:00,2026-08-29T21:04:16.778447+00:00,2026-08-29T17:04:16.778447-04:00,2026-08-29T17:04:16.778447-04:00,propline_free_sample
2026-08-28,2026-08-29 02:15:00+00:00,Blade Tidwell,3.5,under,101,draftkings,172763,San Francisco Giants,Arizona Diamondbacks,2026-08-29T00:30:00.157687+00:00,2026-08-29T21:04:16.778447+00:00,2026-08-29T17:04:16.778447-04:00,2026-08-29T17:04:16.778447-04:00,propline_free_sample
2026-08-28,2026-08-29 02:15:00+00:00,Kohl Drake,3.5,over,-124,draftkings,172763,San Francisco Giants,Arizona Diamondbacks,2026-08-29T02:10:36.636530+00:00,2026-08-29T21:04:16.778447+00:00,2026-08-29T17:04:16.778447-04:00,2026-08-29T17:04:16.778447-04:00,propline_free_sample
2026-08-28,2026-08-29 02:15:00+00:00,Kohl Drake,3.5,under,-103,draftkings,172763,San Francisco Giants,Arizona Diamondbacks,2026-08-29T02:10:36.636530+00:00,2026-08-29T21:04:16.778447+00:00,2026-08-29T17:04:16.778447-04:00,2026-08-29T17:04:16.778447-04:00,propline_free_sample
2026-08-28,2026-08-29 02:15:00+00:00,Blade Tidwell,3.5,over,-141,rebet,172763,San Francisco Giants,Arizona Diamondbacks,2026-08-29T01:40:56.761693+00:00,2026-08-29T21:04:16.778447+00:00,2026-08-29T17:04:16.778447-04:00,2026-08-29T17:04:16.778447-04:00,propline_free_sample
2026-08-28,2026-08-29 02:15:00+00:00,Kohl Drake,3.5,over,-128,rebet,172763,San Francisco Giants,Arizona Diamondbacks,2026-08-29T01:01:02.679179+00:00,2026-08-29T21:04:16.778447+00:00,2026-08-29T17:04:16.778447-04:00,2026-08-29T17:04:16.778447-04:00,propline_free_sample
2026-08-28,2026-08-29 02:15:00+00:00,Blade Tidwell,3.5,under,102,rebet,172763,San Francisco Giants,Arizona Diamondbacks,2026-08-29T01:40:56.761693+00:00,2026-08-29T21:04:16.778447+00:00,2026-08-29T17:04:16.778447-04:00,2026-08-29T17:04:16.778447-04:00,propline_free_sample
2026-08-28,2026-08-29 02:15:00+00:00,Kohl Drake,3.5,under,-107,rebet,172763,San Francisco Giants,Arizona Diamondbacks,2026-08-29T01:01:02.679179+00:00,2026-08-29T21:04:16.778447+00:00,2026-08-29T17:04:16.778447-04:00,2026-08-29T17:04:16.778447-04:00,propline_free_sample
2026-08-28,2026-08-29 02:15:00+00:00,Blade Tidwell,3.5,over,-135,onexbet,172763,San Francisco Giants,Arizona Diamondbacks,2026-08-28T22:12:18.696547+00:00,2026-08-29T21:04:16.778447+00:00,2026-08-29T17:04:16.778447-04:00,2026-08-29T17:04:16.778447-04:00,propline_free_sample
2026-08-28,2026-08-29 02:15:00+00:00,Blade Tidwell,3.5,under,100,onexbet,172763,San Francisco Giants,Arizona Diamondbacks,2026-08-29T00:32:55.451898+00:00,2026-08-29T21:04:16.778447+00:00,2026-08-29T17:04:16.778447-04:00,2026-08-29T17:04:16.778447-04:00,propline_free_sample
2026-08-28,2026-08-29 02:15:00+00:00,Kohl Drake,7.5,over,100,prizepicks,172763,San Francisco Giants,Arizona Diamondbacks,2026-08-28T09:07:13.428223+00:00,2026-08-29T21:04:16.778447+00:00,2026-08-29T17:04:16.778447-04:00,2026-08-29T17:04:16.778447-04:00,propline_free_sample
2026-08-28,2026-08-29 02:15:00+00:00,Kohl Drake,7.5,under,100,prizepicks,172763,San Francisco Giants,Arizona Diamondbacks,2026-08-28T09:07:13.428223+00:00,2026-08-29T21:04:16.778447+00:00,2026-08-29T17:04:16.778447-04:00,2026-08-29T17:04:16.778447-04:00,propline_free_sample
2026-08-28,2026-08-29 02:15:00+00:00,Kohl Drake,3.5,over,-120,onexbet,172763,San Francisco Giants,Arizona Diamondbacks,2026-08-29T00:32:55.451898+00:00,2026-08-29T21:04:16.778447+00:00,2026-08-29T17:04:16.778447-04:00,2026-08-29T17:04:16.778447-04:00,propline_free_sample
2026-08-28,2026-08-29 02:15:00+00:00,Kohl Drake,3.5,under,-110,onexbet,172763,San Francisco Giants,Arizona Diamondbacks,2026-08-29T00:32:55.451898+00:00,2026-08-29T21:04:16.778447+00:00,2026-08-29T17:04:16.778447-04:00,2026-08-29T17:04:16.778447-04:00,propline_free_sample
2026-08-28,2026-08-29 02:15:00+00:00,Blade Tidwell,1.5,over,-3233,kalshi,172763,San Francisco Giants,Arizona Diamondbacks,2026-08-29T00:07:31.512683+00:00,2026-08-29T21:04:16.778447+00:00,2026-08-29T17:04:16.778447-04:00,2026-08-29T17:04:16.778447-04:00,propline_free_sample
2026-08-28,2026-08-29 02:15:00+00:00,Kohl Drake,1.5,over,-809,kalshi,172763,San Francisco Giants,Arizona Diamondbacks,2026-08-28T23:47:16.697182+00:00,2026-08-29T21:04:16.778447+00:00,2026-08-29T17:04:16.778447-04:00,2026-08-29T17:04:16.778447-04:00,propline_free_sample
2026-08-28,2026-08-29 02:15:00+00:00,Blade Tidwell,1.5,under,9900,kalshi,172763,San Francisco Giants,Arizona Diamondbacks,2026-08-28T22:52:37.735994+00:00,2026-08-29T21:04:16.778447+00:00,2026-08-29T17:04:16.778447-04:00,2026-08-29T17:04:16.778447-04:00,propline_free_sample
2026-08-28,2026-08-29 02:15:00+00:00,Kohl Drake,1.5,under,9900,kalshi,172763,San Francisco Giants,Arizona Diamondbacks,2026-08-29T01:03:48.825015+00:00,2026-08-29T21:04:16.778447+00:00,2026-08-29T17:04:16.778447-04:00,2026-08-29T17:04:16.778447-04:00,propline_free_sample
2026-08-28,2026-08-29 02:15:00+00:00,Blade Tidwell,2.5,over,-4900,kalshi,172763,San Francisco Giants,Arizona Diamondbacks,2026-08-29T01:45:32.500904+00:00,2026-08-29T21:04:16.778447+00:00,2026-08-29T17:04:16.778447-04:00,2026-08-29T17:04:16.778447-04:00,propline_free_sample
2026-08-28,2026-08-29 02:15:00+00:00,Kohl Drake,2.5,over,-4900,kalshi,172763,San Francisco Giants,Arizona Diamondbacks,2026-08-29T02:02:28.022793+00:00,2026-08-29T21:04:16.778447+00:00,2026-08-29T17:04:16.778447-04:00,2026-08-29T17:04:16.778447-04:00,propline_free_sample
2026-08-28,2026-08-29 02:15:00+00:00,Blade Tidwell,2.5,under,9900,kalshi,172763,San Francisco Giants,Arizona Diamondbacks,2026-08-29T01:45:32.500904+00:00,2026-08-29T21:04:16.778447+00:00,2026-08-29T17:04:16.778447-04:00,2026-08-29T17:04:16.778447-04:00,propline_free_sample
2026-08-28,2026-08-29 02:15:00+00:00,Kohl Drake,2.5,under,9900,kalshi,172763,San Francisco Giants,Arizona Diamondbacks,2026-08-29T02:02:28.022793+00:00,2026-08-29T21:04:16.778447+00:00,2026-08-29T17:04:16.778447-04:00,2026-08-29T17:04:16.778447-04:00,propline_free_sample
2026-08-28,2026-08-29 02:15:00+00:00,Blade Tidwell,3.5,over,-1150,kalshi,172763,San Francisco Giants,Arizona Diamondbacks,2026-08-29T02:12:56.698126+00:00,2026-08-29T21:04:16.778447+00:00,2026-08-29T17:04:16.778447-04:00,2026-08-29T17:04:16.778447-04:00,propline_free_sample
2026-08-28,2026-08-29 02:15:00+00:00,Kohl Drake,3.5,over,-1011,kalshi,172763,San Francisco Giants,Arizona Diamondbacks,2026-08-29T02:07:56.601631+00:00,2026-08-29T21:04:16.778447+00:00,2026-08-29T17:04:16.778447-04:00,2026-08-29T17:04:16.778447-04:00,propline_free_sample
2026-08-28,2026-08-29 02:15:00+00:00,Blade Tidwell,3.5,under,9900,kalshi,172763,San Francisco Giants,Arizona Diamondbacks,2026-08-29T02:12:56.698126+00:00,2026-08-29T21:04:16.778447+00:00,2026-08-29T17:04:16.778447-04:00,2026-08-29T17:04:16.778447-04:00,propline_free_sample
2026-08-28,2026-08-29 02:15:00+00:00,Kohl Drake,3.5,under,9900,kalshi,172763,San Francisco Giants,Arizona Diamondbacks,2026-08-29T02:07:56.601631+00:00,2026-08-29T21:04:16.778447+00:00,2026-08-29T17:04:16.778447-04:00,2026-08-29T17:04:16.778447-04:00,propline_free_sample
2026-08-28,2026-08-29 02:15:00+00:00,Blade Tidwell,4.5,over,9900,kalshi,172763,San Francisco Giants,Arizona Diamondbacks,2026-08-29T02:14:26.233906+00:00,2026-08-29T21:04:16.778447+00:00,2026-08-29T17:04:16.778447-04:00,2026-08-29T17:04:16.778447-04:00,propline_free_sample
2026-08-28,2026-08-29 02:15:00+00:00,Kohl Drake,4.5,over,9900,kalshi,172763,San Francisco Giants,Arizona Diamondbacks,2026-08-29T01:33:43.402317+00:00,2026-08-29T21:04:16.778447+00:00,2026-08-29T17:04:16.778447-04:00,2026-08-29T17:04:16.778447-04:00,propline_free_sample
2026-08-28,2026-08-29 02:15:00+00:00,Blade Tidwell,4.5,under,-1900,kalshi,172763,San Francisco Giants,Arizona Diamondbacks,2026-08-29T00:32:24.833702+00:00,2026-08-29T21:04:16.778447+00:00,2026-08-29T17:04:16.778447-04:00,2026-08-29T17:04:16.778447-04:00,propline_free_sample
2026-08-28,2026-08-29 02:15:00+00:00,Kohl Drake,4.5,under,133,kalshi,172763,San Francisco Giants,Arizona Diamondbacks,2026-08-29T01:33:43.402317+00:00,2026-08-29T21:04:16.778447+00:00,2026-08-29T17:04:16.778447-04:00,2026-08-29T17:04:16.778447-04:00,propline_free_sample
2026-08-28,2026-08-29 02:15:00+00:00,Blade Tidwell,5.5,over,9900,kalshi,172763,San Francisco Giants,Arizona Diamondbacks,2026-08-29T00:50:50.540765+00:00,2026-08-29T21:04:16.778447+00:00,2026-08-29T17:04:16.778447-04:00,2026-08-29T17:04:16.778447-04:00,propline_free_sample
2026-08-28,2026-08-29 02:15:00+00:00,Kohl Drake,5.5,over,9900,kalshi,172763,San Francisco Giants,Arizona Diamondbacks,2026-08-28T22:56:17.030067+00:00,2026-08-29T21:04:16.778447+00:00,2026-08-29T17:04:16.778447-04:00,2026-08-29T17:04:16.778447-04:00,propline_free_sample
2026-08-28,2026-08-29 02:15:00+00:00,Blade Tidwell,5.5,under,-9900,kalshi,172763,San Francisco Giants,Arizona Diamondbacks,2026-08-29T00:32:24.833702+00:00,2026-08-29T21:04:16.778447+00:00,2026-08-29T17:04:16.778447-04:00,2026-08-29T17:04:16.778447-04:00,propline_free_sample
2026-08-28,2026-08-29 02:15:00+00:00,Kohl Drake,5.5,under,-376,kalshi,172763,San Francisco Giants,Arizona Diamondbacks,2026-08-29T02:14:26.233906+00:00,2026-08-29T21:04:16.778447+00:00,2026-08-29T17:04:16.778447-04:00,2026-08-29T17:04:16.778447-04:00,propline_free_sample
2026-08-28,2026-08-29 02:15:00+00:00,Blade Tidwell,6.5,over,9900,kalshi,172763,San Francisco Giants,Arizona Diamondbacks,2026-08-28T23:53:31.910041+00:00,2026-08-29T21:04:16.778447+00:00,2026-08-29T17:04:16.778447-04:00,2026-08-29T17:04:16.778447-04:00,propline_free_sample
2026-08-28,2026-08-29 02:15:00+00:00,Kohl Drake,6.5,over,9900,kalshi,172763,San Francisco Giants,Arizona Diamondbacks,2026-08-29T02:10:54.464155+00:00,2026-08-29T21:04:16.778447+00:00,2026-08-29T17:04:16.778447-04:00,2026-08-29T17:04:16.778447-04:00,propline_free_sample
2026-08-28,2026-08-29 02:15:00+00:00,Blade Tidwell,6.5,under,-1900,kalshi,172763,San Francisco Giants,Arizona Diamondbacks,2026-08-29T02:14:26.233906+00:00,2026-08-29T21:04:16.778447+00:00,2026-08-29T17:04:16.778447-04:00,2026-08-29T17:04:16.778447-04:00,propline_free_sample
2026-08-28,2026-08-29 02:15:00+00:00,Kohl Drake,6.5,under,-3233,kalshi,172763,San Francisco Giants,Arizona Diamondbacks,2026-08-29T02:07:56.601631+00:00,2026-08-29T21:04:16.778447+00:00,2026-08-29T17:04:16.778447-04:00,2026-08-29T17:04:16.778447-04:00,propline_free_sample
2026-08-28,2026-08-29 02:15:00+00:00,Blade Tidwell,7.5,over,9900,kalshi,172763,San Francisco Giants,Arizona Diamondbacks,2026-08-29T02:03:57.003329+00:00,2026-08-29T21:04:16.778447+00:00,2026-08-29T17:04:16.778447-04:00,2026-08-29T17:04:16.778447-04:00,propline_free_sample
2026-08-28,2026-08-29 02:15:00+00:00,Blade Tidwell,7.5,under,-9900,kalshi,172763,San Francisco Giants,Arizona Diamondbacks,2026-08-29T01:03:48.825015+00:00,2026-08-29T21:04:16.778447+00:00,2026-08-29T17:04:16.778447-04:00,2026-08-29T17:04:16.778447-04:00,propline_free_sample
2026-08-28,2026-08-29 02:15:00+00:00,Kohl Drake,8.5,over,100,prizepicks,172763,San Francisco Giants,Arizona Diamondbacks,2026-08-28T09:54:54.875217+00:00,2026-08-29T21:04:16.778447+00:00,2026-08-29T17:04:16.778447-04:00,2026-08-29T17:04:16.778447-04:00,propline_free_sample
2026-08-28,2026-08-29 02:15:00+00:00,Kohl Drake,8.5,under,100,prizepicks,172763,San Francisco Giants,Arizona Diamondbacks,2026-08-28T09:54:54.875217+00:00,2026-08-29T21:04:16.778447+00:00,2026-08-29T17:04:16.778447-04:00,2026-08-29T17:04:16.778447-04:00,propline_free_sample
2026-08-28,2026-08-29 02:15:00+00:00,Kohl Drake,3.5,over,-119,smarkets,172763,San Francisco Giants,Arizona Diamondbacks,2026-08-29T00:30:01.476782+00:00,2026-08-29T21:04:16.778447+00:00,2026-08-29T17:04:16.778447-04:00,2026-08-29T17:04:16.778447-04:00,propline_free_sample
2026-08-28,2026-08-29 02:15:00+00:00,Kohl Drake,3.5,under,-118,smarkets,172763,San Francisco Giants,Arizona Diamondbacks,2026-08-29T01:44:58.484633+00:00,2026-08-29T21:04:16.778447+00:00,2026-08-29T17:04:16.778447-04:00,2026-08-29T17:04:16.778447-04:00,propline_free_sample
2026-08-28,2026-08-29 02:15:00+00:00,Blade Tidwell,4.5,over,120,betmgm,172763,San Francisco Giants,Arizona Diamondbacks,2026-08-29T00:40:38.782304+00:00,2026-08-29T21:04:16.778447+00:00,2026-08-29T17:04:16.778447-04:00,2026-08-29T17:04:16.778447-04:00,propline_free_sample
2026-08-28,2026-08-29 02:15:00+00:00,Blade Tidwell,4.5,under,-160,betmgm,172763,San Francisco Giants,Arizona Diamondbacks,2026-08-29T00:40:38.782304+00:00,2026-08-29T21:04:16.778447+00:00,2026-08-29T17:04:16.778447-04:00,2026-08-29T17:04:16.778447-04:00,propline_free_sample
2026-08-28,2026-08-29 02:15:00+00:00,Kohl Drake,3.5,over,-135,betmgm,172763,San Francisco Giants,Arizona Diamondbacks,2026-08-28T22:22:18.447830+00:00,2026-08-29T21:04:16.778447+00:00,2026-08-29T17:04:16.778447-04:00,2026-08-29T17:04:16.778447-04:00,propline_free_sample
2026-08-28,2026-08-29 02:15:00+00:00,Kohl Drake,3.5,under,100,betmgm,172763,San Francisco Giants,Arizona Diamondbacks,2026-08-28T22:22:18.447830+00:00,2026-08-29T21:04:16.778447+00:00,2026-08-29T17:04:16.778447-04:00,2026-08-29T17:04:16.778447-04:00,propline_free_sample
2026-08-28,2026-08-29 02:15:00+00:00,Blade Tidwell,2.5,over,-344,novig,172763,San Francisco Giants,Arizona Diamondbacks,2026-08-28T23:56:31.080599+00:00,2026-08-29T21:04:16.778447+00:00,2026-08-29T17:04:16.778447-04:00,2026-08-29T17:04:16.778447-04:00,propline_free_sample
2026-08-28,2026-08-29 02:15:00+00:00,Blade Tidwell,2.5,under,223,novig,172763,San Francisco Giants,Arizona Diamondbacks,2026-08-29T02:14:25.951126+00:00,2026-08-29T21:04:16.778447+00:00,2026-08-29T17:04:16.778447-04:00,2026-08-29T17:04:16.778447-04:00,propline_free_sample
2026-08-28,2026-08-29 02:15:00+00:00,Blade Tidwell,4.5,over,178,novig,172763,San Francisco Giants,Arizona Diamondbacks,2026-08-29T02:14:25.951126+00:00,2026-08-29T21:04:16.778447+00:00,2026-08-29T17:04:16.778447-04:00,2026-08-29T17:04:16.778447-04:00,propline_free_sample
2026-08-28,2026-08-29 02:15:00+00:00,Blade Tidwell,4.5,under,-203,novig,172763,San Francisco Giants,Arizona Diamondbacks,2026-08-29T00:38:13.838705+00:00,2026-08-29T21:04:16.778447+00:00,2026-08-29T17:04:16.778447-04:00,2026-08-29T17:04:16.778447-04:00,propline_free_sample
2026-08-28,2026-08-29 02:15:00+00:00,Kohl Drake,2.5,over,-344,novig,172763,San Francisco Giants,Arizona Diamondbacks,2026-08-29T02:14:25.951126+00:00,2026-08-29T21:04:16.778447+00:00,2026-08-29T17:04:16.778447-04:00,2026-08-29T17:04:16.778447-04:00,propline_free_sample
2026-08-28,2026-08-29 02:15:00+00:00,Kohl Drake,2.5,under,223,novig,172763,San Francisco Giants,Arizona Diamondbacks,2026-08-28T12:03:07.494589+00:00,2026-08-29T21:04:16.778447+00:00,2026-08-29T17:04:16.778447-04:00,2026-08-29T17:04:16.778447-04:00,propline_free_sample
2026-08-28,2026-08-29 02:15:00+00:00,Kohl Drake,4.5,over,170,novig,172763,San Francisco Giants,Arizona Diamondbacks,2026-08-29T02:14:25.951126+00:00,2026-08-29T21:04:16.778447+00:00,2026-08-29T17:04:16.778447-04:00,2026-08-29T17:04:16.778447-04:00,propline_free_sample
2026-08-28,2026-08-29 02:15:00+00:00,Kohl Drake,4.5,under,-203,novig,172763,San Francisco Giants,Arizona Diamondbacks,2026-08-29T01:33:42.746816+00:00,2026-08-29T21:04:16.778447+00:00,2026-08-29T17:04:16.778447-04:00,2026-08-29T17:04:16.778447-04:00,propline_free_sample
2026-08-28,2026-08-29 02:15:00+00:00,Blade Tidwell,3.5,over,-134,betrivers,172763,San Francisco Giants,Arizona Diamondbacks,2026-08-29T01:17:50.335955+00:00,2026-08-29T21:04:16.778447+00:00,2026-08-29T17:04:16.778447-04:00,2026-08-29T17:04:16.778447-04:00,propline_free_sample
2026-08-28,2026-08-29 02:15:00+00:00,Blade Tidwell,3.5,under,-109,betrivers,172763,San Francisco Giants,Arizona Diamondbacks,2026-08-29T01:17:50.335955+00:00,2026-08-29T21:04:16.778447+00:00,2026-08-29T17:04:16.778447-04:00,2026-08-29T17:04:16.778447-04:00,propline_free_sample
2026-08-28,2026-08-29 02:15:00+00:00,Kohl Drake,3.5,over,-134,betrivers,172763,San Francisco Giants,Arizona Diamondbacks,2026-08-29T00:35:12.975925+00:00,2026-08-29T21:04:16.778447+00:00,2026-08-29T17:04:16.778447-04:00,2026-08-29T17:04:16.778447-04:00,propline_free_sample
2026-08-28,2026-08-29 02:15:00+00:00,Kohl Drake,3.5,under,-112,betrivers,172763,San Francisco Giants,Arizona Diamondbacks,2026-08-29T01:17:50.335955+00:00,2026-08-29T21:04:16.778447+00:00,2026-08-29T17:04:16.778447-04:00,2026-08-29T17:04:16.778447-04:00,propline_free_sample
2026-08-28,2026-08-29 02:15:00+00:00,Blade Tidwell,3.5,over,-150,pinnacle,172763,San Francisco Giants,Arizona Diamondbacks,2026-08-28T23:00:26.519247+00:00,2026-08-29T21:04:16.778447+00:00,2026-08-29T17:04:16.778447-04:00,2026-08-29T17:04:16.778447-04:00,propline_free_sample
2026-08-28,2026-08-29 02:15:00+00:00,Blade Tidwell,3.5,under,113,pinnacle,172763,San Francisco Giants,Arizona Diamondbacks,2026-08-28T23:00:26.519247+00:00,2026-08-29T21:04:16.778447+00:00,2026-08-29T17:04:16.778447-04:00,2026-08-29T17:04:16.778447-04:00,propline_free_sample
2026-08-28,2026-08-29 02:15:00+00:00,Kohl Drake,3.5,over,-123,pinnacle,172763,San Francisco Giants,Arizona Diamondbacks,2026-08-28T13:25:52.259368+00:00,2026-08-29T21:04:16.778447+00:00,2026-08-29T17:04:16.778447-04:00,2026-08-29T17:04:16.778447-04:00,propline_free_sample
2026-08-28,2026-08-29 02:15:00+00:00,Kohl Drake,3.5,under,-104,pinnacle,172763,San Francisco Giants,Arizona Diamondbacks,2026-08-28T13:25:52.259368+00:00,2026-08-29T21:04:16.778447+00:00,2026-08-29T17:04:16.778447-04:00,2026-08-29T17:04:16.778447-04:00,propline_free_sample
2026-08-28,2026-08-29 02:15:00+00:00,Blade Tidwell (SF),3.5,over,-135,lowvig,172763,San Francisco Giants,Arizona Diamondbacks,2026-08-28T22:46:59.483568+00:00,2026-08-29T21:04:16.778447+00:00,2026-08-29T17:04:16.778447-04:00,2026-08-29T17:04:16.778447-04:00,propline_free_sample
2026-08-28,2026-08-29 02:15:00+00:00,Blade Tidwell (SF),3.5,under,-105,lowvig,172763,San Francisco Giants,Arizona Diamondbacks,2026-08-28T22:46:59.483568+00:00,2026-08-29T21:04:16.778447+00:00,2026-08-29T17:04:16.778447-04:00,2026-08-29T17:04:16.778447-04:00,propline_free_sample
2026-08-28,2026-08-29 02:15:00+00:00,Kohl Drake (AZ),3.5,over,-130,lowvig,172763,San Francisco Giants,Arizona Diamondbacks,2026-08-28T16:30:05.753684+00:00,2026-08-29T21:04:16.778447+00:00,2026-08-29T17:04:16.778447-04:00,2026-08-29T17:04:16.778447-04:00,propline_free_sample
2026-08-28,2026-08-29 02:15:00+00:00,Kohl Drake (AZ),3.5,under,-110,lowvig,172763,San Francisco Giants,Arizona Diamondbacks,2026-08-28T16:30:05.753684+00:00,2026-08-29T21:04:16.778447+00:00,2026-08-29T17:04:16.778447-04:00,2026-08-29T17:04:16.778447-04:00,propline_free_sample
2026-08-28,2026-08-29 02:15:00+00:00,Blade Tidwell (SF),3.5,over,-135,betonlineag,172763,San Francisco Giants,Arizona Diamondbacks,2026-08-28T22:46:56.511907+00:00,2026-08-29T21:04:16.778447+00:00,2026-08-29T17:04:16.778447-04:00,2026-08-29T17:04:16.778447-04:00,propline_free_sample
2026-08-28,2026-08-29 02:15:00+00:00,Blade Tidwell (SF),3.5,under,-105,betonlineag,172763,San Francisco Giants,Arizona Diamondbacks,2026-08-28T22:46:56.511907+00:00,2026-08-29T21:04:16.778447+00:00,2026-08-29T17:04:16.778447-04:00,2026-08-29T17:04:16.778447-04:00,propline_free_sample
2026-08-28,2026-08-29 02:15:00+00:00,Kohl Drake (AZ),3.5,over,-130,betonlineag,172763,San Francisco Giants,Arizona Diamondbacks,2026-08-28T16:30:07.455088+00:00,2026-08-29T21:04:16.778447+00:00,2026-08-29T17:04:16.778447-04:00,2026-08-29T17:04:16.778447-04:00,propline_free_sample
2026-08-28,2026-08-29 02:15:00+00:00,Kohl Drake (AZ),3.5,under,-110,betonlineag,172763,San Francisco Giants,Arizona Diamondbacks,2026-08-28T16:30:07.455088+00:00,2026-08-29T21:04:16.778447+00:00,2026-08-29T17:04:16.778447-04:00,2026-08-29T17:04:16.778447-04:00,propline_free_sample
2026-08-28,2026-08-29 02:15:00+00:00,Kohl Drake,3.5,over,-125,rebet,172763,San Francisco Giants,Arizona Diamondbacks,,2026-08-29T21:04:16.778447+00:00,2026-08-29T17:04:16.778447-04:00,2026-08-29T17:04:16.778447-04:00,propline_free_sample
2026-08-28,2026-08-29 02:15:00+00:00,Kohl Drake,3.5,under,-111,rebet,172763,San Francisco Giants,Arizona Diamondbacks,,2026-08-29T21:04:16.778447+00:00,2026-08-29T17:04:16.778447-04:00,2026-08-29T17:04:16.778447-04:00,propline_free_sample
2026-08-28,2026-08-29 01:40:00+00:00,Brandon Young,4.5,over,120,dabble,172618,Athletics,Baltimore Orioles,2026-08-28T22:29:02.217237+00:00,2026-08-29T21:04:16.778447+00:00,2026-08-29T17:04:16.778447-04:00,2026-08-29T17:04:16.778447-04:00,propline_free_sample
2026-08-28,2026-08-29 01:40:00+00:00,Brandon Young,4.5,under,-120,dabble,172618,Athletics,Baltimore Orioles,2026-08-28T22:29:02.217237+00:00,2026-08-29T21:04:16.778447+00:00,2026-08-29T17:04:16.778447-04:00,2026-08-29T17:04:16.778447-04:00,propline_free_sample
2026-08-28,2026-08-29 01:40:00+00:00,Brandon Young,4.5,over,-104,underdog,172618,Athletics,Baltimore Orioles,2026-08-28T21:37:55.710570+00:00,2026-08-29T21:04:16.778447+00:00,2026-08-29T17:04:16.778447-04:00,2026-08-29T17:04:16.778447-04:00,propline_free_sample
2026-08-28,2026-08-29 01:40:00+00:00,Brandon Young,4.5,under,-132,underdog,172618,Athletics,Baltimore Orioles,2026-08-28T21:37:55.710570+00:00,2026-08-29T21:04:16.778447+00:00,2026-08-29T17:04:16.778447-04:00,2026-08-29T17:04:16.778447-04:00,propline_free_sample
2026-08-28,2026-08-29 01:40:00+00:00,Brandon Young,4.0,over,100,prizepicks,172618,Athletics,Baltimore Orioles,2026-08-28T08:18:55.924624+00:00,2026-08-29T21:04:16.778447+00:00,2026-08-29T17:04:16.778447-04:00,2026-08-29T17:04:16.778447-04:00,propline_free_sample
2026-08-28,2026-08-29 01:40:00+00:00,Brandon Young,4.0,under,100,prizepicks,172618,Athletics,Baltimore Orioles,2026-08-28T08:18:55.924624+00:00,2026-08-29T21:04:16.778447+00:00,2026-08-29T17:04:16.778447-04:00,2026-08-29T17:04:16.778447-04:00,propline_free_sample
2026-08-28,2026-08-29 01:40:00+00:00,Brandon Young,4.5,over,-105,sleeper,172618,Athletics,Baltimore Orioles,2026-08-28T23:25:56.282197+00:00,2026-08-29T21:04:16.778447+00:00,2026-08-29T17:04:16.778447-04:00,2026-08-29T17:04:16.778447-04:00,propline_free_sample
2026-08-28,2026-08-29 01:40:00+00:00,Brandon Young,4.5,under,-156,sleeper,172618,Athletics,Baltimore Orioles,2026-08-28T23:25:56.282197+00:00,2026-08-29T21:04:16.778447+00:00,2026-08-29T17:04:16.778447-04:00,2026-08-29T17:04:16.778447-04:00,propline_free_sample
2026-08-28,2026-08-29 01:40:00+00:00,Jacob Lopez,6.5,over,126,dabble,172618,Athletics,Baltimore Orioles,2026-08-29T01:38:38.127993+00:00,2026-08-29T21:04:16.778447+00:00,2026-08-29T17:04:16.778447-04:00,2026-08-29T17:04:16.778447-04:00,propline_free_sample
2026-08-28,2026-08-29 01:40:00+00:00,Jacob Lopez,6.5,under,-125,dabble,172618,Athletics,Baltimore Orioles,2026-08-29T01:38:38.127993+00:00,2026-08-29T21:04:16.778447+00:00,2026-08-29T17:04:16.778447-04:00,2026-08-29T17:04:16.778447-04:00,propline_free_sample
2026-08-28,2026-08-29 01:40:00+00:00,Jacob Lopez,6.5,over,108,underdog,172618,Athletics,Baltimore Orioles,2026-08-29T01:38:36.176005+00:00,2026-08-29T21:04:16.778447+00:00,2026-08-29T17:04:16.778447-04:00,2026-08-29T17:04:16.778447-04:00,propline_free_sample
2026-08-28,2026-08-29 01:40:00+00:00,Jacob Lopez,6.5,under,-150,underdog,172618,Athletics,Baltimore Orioles,2026-08-28T22:38:46.249074+00:00,2026-08-29T21:04:16.778447+00:00,2026-08-29T17:04:16.778447-04:00,2026-08-29T17:04:16.778447-04:00,propline_free_sample
2026-08-28,2026-08-29 01:40:00+00:00,Jacob Lopez,6.0,over,100,prizepicks,172618,Athletics,Baltimore Orioles,2026-08-28T11:21:05.049581+00:00,2026-08-29T21:04:16.778447+00:00,2026-08-29T17:04:16.778447-04:00,2026-08-29T17:04:16.778447-04:00,propline_free_sample
2026-08-28,2026-08-29 01:40:00+00:00,Jacob Lopez,6.0,under,100,prizepicks,172618,Athletics,Baltimore Orioles,2026-08-28T11:21:05.049581+00:00,2026-08-29T21:04:16.778447+00:00,2026-08-29T17:04:16.778447-04:00,2026-08-29T17:04:16.778447-04:00,propline_free_sample
2026-08-28,2026-08-29 01:40:00+00:00,Jacob Lopez,6.5,over,101,sleeper,172618,Athletics,Baltimore Orioles,2026-08-29T00:15:22.417344+00:00,2026-08-29T21:04:16.778447+00:00,2026-08-29T17:04:16.778447-04:00,2026-08-29T17:04:16.778447-04:00,propline_free_sample
2026-08-28,2026-08-29 01:40:00+00:00,Jacob Lopez,6.5,under,-169,sleeper,172618,Athletics,Baltimore Orioles,2026-08-29T00:15:22.417344+00:00,2026-08-29T21:04:16.778447+00:00,2026-08-29T17:04:16.778447-04:00,2026-08-29T17:04:16.778447-04:00,propline_free_sample
2026-08-28,2026-08-29 01:40:00+00:00,Brandon Young,4.5,over,112,fanduel,172618,Athletics,Baltimore Orioles,2026-08-28T22:33:38.303133+00:00,2026-08-29T21:04:16.778447+00:00,2026-08-29T17:04:16.778447-04:00,2026-08-29T17:04:16.778447-04:00,propline_free_sample
2026-08-28,2026-08-29 01:40:00+00:00,Brandon Young,4.5,under,-142,fanduel,172618,Athletics,Baltimore Orioles,2026-08-28T22:33:38.303133+00:00,2026-08-29T21:04:16.778447+00:00,2026-08-29T17:04:16.778447-04:00,2026-08-29T17:04:16.778447-04:00,propline_free_sample
2026-08-28,2026-08-29 01:40:00+00:00,Brandon Young,5.5,over,100,prizepicks,172618,Athletics,Baltimore Orioles,2026-08-28T07:41:50.277901+00:00,2026-08-29T21:04:16.778447+00:00,2026-08-29T17:04:16.778447-04:00,2026-08-29T17:04:16.778447-04:00,propline_free_sample
2026-08-28,2026-08-29 01:40:00+00:00,Brandon Young,5.5,under,100,prizepicks,172618,Athletics,Baltimore Orioles,2026-08-28T07:41:50.277901+00:00,2026-08-29T21:04:16.778447+00:00,2026-08-29T17:04:16.778447-04:00,2026-08-29T17:04:16.778447-04:00,propline_free_sample
2026-08-28,2026-08-29 01:40:00+00:00,Brandon Young,6.5,over,100,prizepicks,172618,Athletics,Baltimore Orioles,2026-08-28T07:41:50.277901+00:00,2026-08-29T21:04:16.778447+00:00,2026-08-29T17:04:16.778447-04:00,2026-08-29T17:04:16.778447-04:00,propline_free_sample
2026-08-28,2026-08-29 01:40:00+00:00,Jacob Lopez,6.5,over,100,prizepicks,172618,Athletics,Baltimore Orioles,2026-08-28T07:41:50.277901+00:00,2026-08-29T21:04:16.778447+00:00,2026-08-29T17:04:16.778447-04:00,2026-08-29T17:04:16.778447-04:00,propline_free_sample
2026-08-28,2026-08-29 01:40:00+00:00,Brandon Young,6.5,under,100,prizepicks,172618,Athletics,Baltimore Orioles,2026-08-28T07:41:50.277901+00:00,2026-08-29T21:04:16.778447+00:00,2026-08-29T17:04:16.778447-04:00,2026-08-29T17:04:16.778447-04:00,propline_free_sample
2026-08-28,2026-08-29 01:40:00+00:00,Jacob Lopez,6.5,under,100,prizepicks,172618,Athletics,Baltimore Orioles,2026-08-28T07:41:50.277901+00:00,2026-08-29T21:04:16.778447+00:00,2026-08-29T17:04:16.778447-04:00,2026-08-29T17:04:16.778447-04:00,propline_free_sample
2026-08-28,2026-08-29 01:40:00+00:00,Jacob Lopez,9.5,over,100,prizepicks,172618,Athletics,Baltimore Orioles,2026-08-28T07:41:50.277901+00:00,2026-08-29T21:04:16.778447+00:00,2026-08-29T17:04:16.778447-04:00,2026-08-29T17:04:16.778447-04:00,propline_free_sample
2026-08-28,2026-08-29 01:40:00+00:00,Jacob Lopez,9.5,under,100,prizepicks,172618,Athletics,Baltimore Orioles,2026-08-28T07:41:50.277901+00:00,2026-08-29T21:04:16.778447+00:00,2026-08-29T17:04:16.778447-04:00,2026-08-29T17:04:16.778447-04:00,propline_free_sample
2026-08-28,2026-08-29 01:40:00+00:00,Brandon Young,2.5,over,100,prizepicks,172618,Athletics,Baltimore Orioles,2026-08-28T07:41:50.277901+00:00,2026-08-29T21:04:16.778447+00:00,2026-08-29T17:04:16.778447-04:00,2026-08-29T17:04:16.778447-04:00,propline_free_sample
2026-08-28,2026-08-29 01:40:00+00:00,Brandon Young,2.5,under,100,prizepicks,172618,Athletics,Baltimore Orioles,2026-08-28T07:41:50.277901+00:00,2026-08-29T21:04:16.778447+00:00,2026-08-29T17:04:16.778447-04:00,2026-08-29T17:04:16.778447-04:00,propline_free_sample
2026-08-28,2026-08-29 01:40:00+00:00,Brandon Young,3.5,over,100,prizepicks,172618,Athletics,Baltimore Orioles,2026-08-28T07:41:50.277901+00:00,2026-08-29T21:04:16.778447+00:00,2026-08-29T17:04:16.778447-04:00,2026-08-29T17:04:16.778447-04:00,propline_free_sample
2026-08-28,2026-08-29 01:40:00+00:00,Brandon Young,3.5,under,100,prizepicks,172618,Athletics,Baltimore Orioles,2026-08-28T07:41:50.277901+00:00,2026-08-29T21:04:16.778447+00:00,2026-08-29T17:04:16.778447-04:00,2026-08-29T17:04:16.778447-04:00,propline_free_sample
2026-08-28,2026-08-29 01:40:00+00:00,Brandon Young,4.5,over,-104,smarkets,172618,Athletics,Baltimore Orioles,2026-08-28T23:39:57.629496+00:00,2026-08-29T21:04:16.778447+00:00,2026-08-29T17:04:16.778447-04:00,2026-08-29T17:04:16.778447-04:00,propline_free_sample
2026-08-28,2026-08-29 01:40:00+00:00,Brandon Young,4.5,under,-133,smarkets,172618,Athletics,Baltimore Orioles,2026-08-28T23:39:57.629496+00:00,2026-08-29T21:04:16.778447+00:00,2026-08-29T17:04:16.778447-04:00,2026-08-29T17:04:16.778447-04:00,propline_free_sample
2026-08-28,2026-08-29 01:40:00+00:00,Jacob Lopez,6.5,over,104,smarkets,172618,Athletics,Baltimore Orioles,2026-08-28T22:48:59.640879+00:00,2026-08-29T21:04:16.778447+00:00,2026-08-29T17:04:16.778447-04:00,2026-08-29T17:04:16.778447-04:00,propline_free_sample
2026-08-28,2026-08-29 01:40:00+00:00,Jacob Lopez,6.5,under,-147,smarkets,172618,Athletics,Baltimore Orioles,2026-08-28T22:48:59.640879+00:00,2026-08-29T21:04:16.778447+00:00,2026-08-29T17:04:16.778447-04:00,2026-08-29T17:04:16.778447-04:00,propline_free_sample
2026-08-28,2026-08-29 01:40:00+00:00,Brandon Young,3.5,over,-233,novig,172618,Athletics,Baltimore Orioles,2026-08-29T01:25:00.017918+00:00,2026-08-29T21:04:16.778447+00:00,2026-08-29T17:04:16.778447-04:00,2026-08-29T17:04:16.778447-04:00,propline_free_sample
2026-08-28,2026-08-29 01:40:00+00:00,Brandon Young,3.5,under,167,novig,172618,Athletics,Baltimore Orioles,2026-08-29T01:39:30.856029+00:00,2026-08-29T21:04:16.778447+00:00,2026-08-29T17:04:16.778447-04:00,2026-08-29T17:04:16.778447-04:00,propline_free_sample
2026-08-28,2026-08-29 01:40:00+00:00,Brandon Young,4.5,over,-180,fanatics,172618,Athletics,Baltimore Orioles,2026-08-29T01:20:22.285716+00:00,2026-08-29T21:04:16.778447+00:00,2026-08-29T17:04:16.778447-04:00,2026-08-29T17:04:16.778447-04:00,propline_free_sample
2026-08-28,2026-08-29 01:40:00+00:00,Brandon Young,4.5,under,135,fanatics,172618,Athletics,Baltimore Orioles,2026-08-29T01:20:22.285716+00:00,2026-08-29T21:04:16.778447+00:00,2026-08-29T17:04:16.778447-04:00,2026-08-29T17:04:16.778447-04:00,propline_free_sample
2026-08-28,2026-08-29 01:40:00+00:00,Brandon Young (BAL),4.5,over,110,bovada,172618,Athletics,Baltimore Orioles,2026-08-28T17:38:57.064464+00:00,2026-08-29T21:04:16.778447+00:00,2026-08-29T17:04:16.778447-04:00,2026-08-29T17:04:16.778447-04:00,propline_free_sample
2026-08-28,2026-08-29 01:40:00+00:00,Brandon Young (BAL),4.5,under,-145,bovada,172618,Athletics,Baltimore Orioles,2026-08-28T17:38:57.064464+00:00,2026-08-29T21:04:16.778447+00:00,2026-08-29T17:04:16.778447-04:00,2026-08-29T17:04:16.778447-04:00,propline_free_sample
2026-08-28,2026-08-29 01:40:00+00:00,Brandon Young,4.5,over,104,draftkings,172618,Athletics,Baltimore Orioles,2026-08-29T00:05:32.235043+00:00,2026-08-29T21:04:16.778447+00:00,2026-08-29T17:04:16.778447-04:00,2026-08-29T17:04:16.778447-04:00,propline_free_sample
2026-08-28,2026-08-29 01:40:00+00:00,Brandon Young,4.5,under,-132,draftkings,172618,Athletics,Baltimore Orioles,2026-08-29T00:05:32.235043+00:00,2026-08-29T21:04:16.778447+00:00,2026-08-29T17:04:16.778447-04:00,2026-08-29T17:04:16.778447-04:00,propline_free_sample
2026-08-28,2026-08-29 01:40:00+00:00,Jacob Lopez,6.5,over,108,draftkings,172618,Athletics,Baltimore Orioles,2026-08-29T00:25:04.526794+00:00,2026-08-29T21:04:16.778447+00:00,2026-08-29T17:04:16.778447-04:00,2026-08-29T17:04:16.778447-04:00,propline_free_sample
2026-08-28,2026-08-29 01:40:00+00:00,Jacob Lopez,6.5,under,-138,draftkings,172618,Athletics,Baltimore Orioles,2026-08-29T00:25:04.526794+00:00,2026-08-29T21:04:16.778447+00:00,2026-08-29T17:04:16.778447-04:00,2026-08-29T17:04:16.778447-04:00,propline_free_sample
2026-08-28,2026-08-29 01:40:00+00:00,Brandon Young,3.5,over,-150,rebet,172618,Athletics,Baltimore Orioles,2026-08-28T08:57:53.226166+00:00,2026-08-29T21:04:16.778447+00:00,2026-08-29T17:04:16.778447-04:00,2026-08-29T17:04:16.778447-04:00,propline_free_sample
2026-08-28,2026-08-29 01:40:00+00:00,Brandon Young,3.5,under,108,rebet,172618,Athletics,Baltimore Orioles,2026-08-28T08:57:53.226166+00:00,2026-08-29T21:04:16.778447+00:00,2026-08-29T17:04:16.778447-04:00,2026-08-29T17:04:16.778447-04:00,propline_free_sample
2026-08-28,2026-08-29 01:40:00+00:00,Jacob Lopez,6.5,over,130,fanatics,172618,Athletics,Baltimore Orioles,2026-08-29T01:39:12.072500+00:00,2026-08-29T21:04:16.778447+00:00,2026-08-29T17:04:16.778447-04:00,2026-08-29T17:04:16.778447-04:00,propline_free_sample
2026-08-28,2026-08-29 01:40:00+00:00,Jacob Lopez,6.5,under,-175,fanatics,172618,Athletics,Baltimore Orioles,2026-08-29T01:39:12.072500+00:00,2026-08-29T21:04:16.778447+00:00,2026-08-29T17:04:16.778447-04:00,2026-08-29T17:04:16.778447-04:00,propline_free_sample
2026-08-28,2026-08-29 01:40:00+00:00,Jacob Lopez,10.5,over,100,prizepicks,172618,Athletics,Baltimore Orioles,2026-08-28T08:59:22.034337+00:00,2026-08-29T21:04:16.778447+00:00,2026-08-29T17:04:16.778447-04:00,2026-08-29T17:04:16.778447-04:00,propline_free_sample
2026-08-28,2026-08-29 01:40:00+00:00,Jacob Lopez,10.5,under,100,prizepicks,172618,Athletics,Baltimore Orioles,2026-08-28T08:59:22.034337+00:00,2026-08-29T21:04:16.778447+00:00,2026-08-29T17:04:16.778447-04:00,2026-08-29T17:04:16.778447-04:00,propline_free_sample
2026-08-28,2026-08-29 01:40:00+00:00,Brandon Young,7.5,over,100,prizepicks,172618,Athletics,Baltimore Orioles,2026-08-28T08:59:22.034337+00:00,2026-08-29T21:04:16.778447+00:00,2026-08-29T17:04:16.778447-04:00,2026-08-29T17:04:16.778447-04:00,propline_free_sample
2026-08-28,2026-08-29 01:40:00+00:00,Jacob Lopez,7.5,over,100,prizepicks,172618,Athletics,Baltimore Orioles,2026-08-28T08:59:22.034337+00:00,2026-08-29T21:04:16.778447+00:00,2026-08-29T17:04:16.778447-04:00,2026-08-29T17:04:16.778447-04:00,propline_free_sample
2026-08-28,2026-08-29 01:40:00+00:00,Brandon Young,7.5,under,100,prizepicks,172618,Athletics,Baltimore Orioles,2026-08-28T08:59:22.034337+00:00,2026-08-29T21:04:16.778447+00:00,2026-08-29T17:04:16.778447-04:00,2026-08-29T17:04:16.778447-04:00,propline_free_sample
2026-08-28,2026-08-29 01:40:00+00:00,Jacob Lopez,7.5,under,100,prizepicks,172618,Athletics,Baltimore Orioles,2026-08-28T08:59:22.034337+00:00,2026-08-29T21:04:16.778447+00:00,2026-08-29T17:04:16.778447-04:00,2026-08-29T17:04:16.778447-04:00,propline_free_sample
2026-08-28,2026-08-29 01:40:00+00:00,Jacob Lopez,4.5,over,100,prizepicks,172618,Athletics,Baltimore Orioles,2026-08-28T08:59:22.034337+00:00,2026-08-29T21:04:16.778447+00:00,2026-08-29T17:04:16.778447-04:00,2026-08-29T17:04:16.778447-04:00,propline_free_sample
2026-08-28,2026-08-29 01:40:00+00:00,Jacob Lopez,4.5,under,100,prizepicks,172618,Athletics,Baltimore Orioles,2026-08-28T08:59:22.034337+00:00,2026-08-29T21:04:16.778447+00:00,2026-08-29T17:04:16.778447-04:00,2026-08-29T17:04:16.778447-04:00,propline_free_sample
2026-08-28,2026-08-29 01:40:00+00:00,Jacob Lopez,5.5,over,100,prizepicks,172618,Athletics,Baltimore Orioles,2026-08-28T08:59:22.034337+00:00,2026-08-29T21:04:16.778447+00:00,2026-08-29T17:04:16.778447-04:00,2026-08-29T17:04:16.778447-04:00,propline_free_sample
2026-08-28,2026-08-29 01:40:00+00:00,Jacob Lopez,5.5,under,100,prizepicks,172618,Athletics,Baltimore Orioles,2026-08-28T08:59:22.034337+00:00,2026-08-29T21:04:16.778447+00:00,2026-08-29T17:04:16.778447-04:00,2026-08-29T17:04:16.778447-04:00,propline_free_sample
2026-08-28,2026-08-29 01:40:00+00:00,Brandon Young,3.5,over,-170,rebet,172618,Athletics,Baltimore Orioles,2026-08-28T09:35:44.589886+00:00,2026-08-29T21:04:16.778447+00:00,2026-08-29T17:04:16.778447-04:00,2026-08-29T17:04:16.778447-04:00,propline_free_sample
2026-08-28,2026-08-29 01:40:00+00:00,Brandon Young,3.5,under,122,rebet,172618,Athletics,Baltimore Orioles,2026-08-28T09:35:44.589886+00:00,2026-08-29T21:04:16.778447+00:00,2026-08-29T17:04:16.778447-04:00,2026-08-29T17:04:16.778447-04:00,propline_free_sample
2026-08-28,2026-08-29 01:40:00+00:00,Jacob Lopez,6.5,over,107,rebet,172618,Athletics,Baltimore Orioles,2026-08-29T00:25:48.863735+00:00,2026-08-29T21:04:16.778447+00:00,2026-08-29T17:04:16.778447-04:00,2026-08-29T17:04:16.778447-04:00,propline_free_sample
2026-08-28,2026-08-29 01:40:00+00:00,Jacob Lopez,6.5,under,-148,rebet,172618,Athletics,Baltimore Orioles,2026-08-29T00:25:48.863735+00:00,2026-08-29T21:04:16.778447+00:00,2026-08-29T17:04:16.778447-04:00,2026-08-29T17:04:16.778447-04:00,propline_free_sample
2026-08-28,2026-08-29 01:40:00+00:00,Brandon Young,4.5,over,100,onexbet,172618,Athletics,Baltimore Orioles,2026-08-29T00:32:54.412435+00:00,2026-08-29T21:04:16.778447+00:00,2026-08-29T17:04:16.778447-04:00,2026-08-29T17:04:16.778447-04:00,propline_free_sample
2026-08-28,2026-08-29 01:40:00+00:00,Jacob Lopez,6.5,over,110,onexbet,172618,Athletics,Baltimore Orioles,2026-08-29T00:32:54.412435+00:00,2026-08-29T21:04:16.778447+00:00,2026-08-29T17:04:16.778447-04:00,2026-08-29T17:04:16.778447-04:00,propline_free_sample
2026-08-28,2026-08-29 01:40:00+00:00,Brandon Young,4.5,under,-135,onexbet,172618,Athletics,Baltimore Orioles,2026-08-29T00:32:54.412435+00:00,2026-08-29T21:04:16.778447+00:00,2026-08-29T17:04:16.778447-04:00,2026-08-29T17:04:16.778447-04:00,propline_free_sample
2026-08-28,2026-08-29 01:40:00+00:00,Jacob Lopez,6.5,under,-150,onexbet,172618,Athletics,Baltimore Orioles,2026-08-29T00:32:54.412435+00:00,2026-08-29T21:04:16.778447+00:00,2026-08-29T17:04:16.778447-04:00,2026-08-29T17:04:16.778447-04:00,propline_free_sample
2026-08-28,2026-08-29 01:40:00+00:00,Jacob Lopez,3.5,over,100,prizepicks,172618,Athletics,Baltimore Orioles,2026-08-28T09:07:12.692598+00:00,2026-08-29T21:04:16.778447+00:00,2026-08-29T17:04:16.778447-04:00,2026-08-29T17:04:16.778447-04:00,propline_free_sample
2026-08-28,2026-08-29 01:40:00+00:00,Jacob Lopez,3.5,under,100,prizepicks,172618,Athletics,Baltimore Orioles,2026-08-28T09:07:12.692598+00:00,2026-08-29T21:04:16.778447+00:00,2026-08-29T17:04:16.778447-04:00,2026-08-29T17:04:16.778447-04:00,propline_free_sample
2026-08-28,2026-08-29 01:40:00+00:00,Brandon Young,4.5,over,100,prizepicks,172618,Athletics,Baltimore Orioles,2026-08-28T09:07:12.692598+00:00,2026-08-29T21:04:16.778447+00:00,2026-08-29T17:04:16.778447-04:00,2026-08-29T17:04:16.778447-04:00,propline_free_sample
2026-08-28,2026-08-29 01:40:00+00:00,Brandon Young,4.5,under,100,prizepicks,172618,Athletics,Baltimore Orioles,2026-08-28T09:07:12.692598+00:00,2026-08-29T21:04:16.778447+00:00,2026-08-29T17:04:16.778447-04:00,2026-08-29T17:04:16.778447-04:00,propline_free_sample
2026-08-28,2026-08-29 01:40:00+00:00,Jacob Lopez,8.5,over,100,prizepicks,172618,Athletics,Baltimore Orioles,2026-08-28T09:07:12.692598+00:00,2026-08-29T21:04:16.778447+00:00,2026-08-29T17:04:16.778447-04:00,2026-08-29T17:04:16.778447-04:00,propline_free_sample
2026-08-28,2026-08-29 01:40:00+00:00,Jacob Lopez,8.5,under,100,prizepicks,172618,Athletics,Baltimore Orioles,2026-08-28T09:07:12.692598+00:00,2026-08-29T21:04:16.778447+00:00,2026-08-29T17:04:16.778447-04:00,2026-08-29T17:04:16.778447-04:00,propline_free_sample
2026-08-28,2026-08-29 01:40:00+00:00,Jacob Lopez,11.5,over,100,prizepicks,172618,Athletics,Baltimore Orioles,2026-08-28T09:11:22.911189+00:00,2026-08-29T21:04:16.778447+00:00,2026-08-29T17:04:16.778447-04:00,2026-08-29T17:04:16.778447-04:00,propline_free_sample
2026-08-28,2026-08-29 01:40:00+00:00,Jacob Lopez,11.5,under,100,prizepicks,172618,Athletics,Baltimore Orioles,2026-08-28T09:11:22.911189+00:00,2026-08-29T21:04:16.778447+00:00,2026-08-29T17:04:16.778447-04:00,2026-08-29T17:04:16.778447-04:00,propline_free_sample
2026-08-28,2026-08-29 01:40:00+00:00,Brandon Young,1.5,over,-4900,kalshi,172618,Athletics,Baltimore Orioles,2026-08-29T01:38:21.908054+00:00,2026-08-29T21:04:16.778447+00:00,2026-08-29T17:04:16.778447-04:00,2026-08-29T17:04:16.778447-04:00,propline_free_sample
2026-08-28,2026-08-29 01:40:00+00:00,Brandon Young,1.5,under,9900,kalshi,172618,Athletics,Baltimore Orioles,2026-08-29T01:38:21.908054+00:00,2026-08-29T21:04:16.778447+00:00,2026-08-29T17:04:16.778447-04:00,2026-08-29T17:04:16.778447-04:00,propline_free_sample
2026-08-28,2026-08-29 01:40:00+00:00,Jacob Lopez,10.5,over,9900,kalshi,172618,Athletics,Baltimore Orioles,2026-08-29T01:03:48.732095+00:00,2026-08-29T21:04:16.778447+00:00,2026-08-29T17:04:16.778447-04:00,2026-08-29T17:04:16.778447-04:00,propline_free_sample
2026-08-28,2026-08-29 01:40:00+00:00,Jacob Lopez,10.5,under,-2400,kalshi,172618,Athletics,Baltimore Orioles,2026-08-28T20:50:33.328211+00:00,2026-08-29T21:04:16.778447+00:00,2026-08-29T17:04:16.778447-04:00,2026-08-29T17:04:16.778447-04:00,propline_free_sample
2026-08-28,2026-08-29 01:40:00+00:00,Brandon Young,2.5,over,-4900,kalshi,172618,Athletics,Baltimore Orioles,2026-08-29T00:00:15.671078+00:00,2026-08-29T21:04:16.778447+00:00,2026-08-29T17:04:16.778447-04:00,2026-08-29T17:04:16.778447-04:00,propline_free_sample
2026-08-28,2026-08-29 01:40:00+00:00,Brandon Young,2.5,under,9900,kalshi,172618,Athletics,Baltimore Orioles,2026-08-29T00:01:37.691266+00:00,2026-08-29T21:04:16.778447+00:00,2026-08-29T17:04:16.778447-04:00,2026-08-29T17:04:16.778447-04:00,propline_free_sample
2026-08-28,2026-08-29 01:40:00+00:00,Brandon Young,3.5,over,-4900,kalshi,172618,Athletics,Baltimore Orioles,2026-08-29T00:41:01.176905+00:00,2026-08-29T21:04:16.778447+00:00,2026-08-29T17:04:16.778447-04:00,2026-08-29T17:04:16.778447-04:00,propline_free_sample
2026-08-28,2026-08-29 01:40:00+00:00,Jacob Lopez,3.5,over,-4900,kalshi,172618,Athletics,Baltimore Orioles,2026-08-29T01:30:16.201592+00:00,2026-08-29T21:04:16.778447+00:00,2026-08-29T17:04:16.778447-04:00,2026-08-29T17:04:16.778447-04:00,propline_free_sample
2026-08-28,2026-08-29 01:40:00+00:00,Brandon Young,3.5,under,9900,kalshi,172618,Athletics,Baltimore Orioles,2026-08-29T00:43:25.843016+00:00,2026-08-29T21:04:16.778447+00:00,2026-08-29T17:04:16.778447-04:00,2026-08-29T17:04:16.778447-04:00,propline_free_sample
2026-08-28,2026-08-29 01:40:00+00:00,Jacob Lopez,3.5,under,9900,kalshi,172618,Athletics,Baltimore Orioles,2026-08-29T01:30:16.201592+00:00,2026-08-29T21:04:16.778447+00:00,2026-08-29T17:04:16.778447-04:00,2026-08-29T17:04:16.778447-04:00,propline_free_sample
2026-08-28,2026-08-29 01:40:00+00:00,Brandon Young,4.5,over,9900,kalshi,172618,Athletics,Baltimore Orioles,2026-08-28T23:36:14.997451+00:00,2026-08-29T21:04:16.778447+00:00,2026-08-29T17:04:16.778447-04:00,2026-08-29T17:04:16.778447-04:00,propline_free_sample
2026-08-28,2026-08-29 01:40:00+00:00,Jacob Lopez,4.5,over,-2400,kalshi,172618,Athletics,Baltimore Orioles,2026-08-29T01:30:16.201592+00:00,2026-08-29T21:04:16.778447+00:00,2026-08-29T17:04:16.778447-04:00,2026-08-29T17:04:16.778447-04:00,propline_free_sample
2026-08-28,2026-08-29 01:40:00+00:00,Brandon Young,4.5,under,-2400,kalshi,172618,Athletics,Baltimore Orioles,2026-08-28T23:36:14.997451+00:00,2026-08-29T21:04:16.778447+00:00,2026-08-29T17:04:16.778447-04:00,2026-08-29T17:04:16.778447-04:00,propline_free_sample
2026-08-28,2026-08-29 01:40:00+00:00,Jacob Lopez,4.5,under,9900,kalshi,172618,Athletics,Baltimore Orioles,2026-08-29T01:30:16.201592+00:00,2026-08-29T21:04:16.778447+00:00,2026-08-29T17:04:16.778447-04:00,2026-08-29T17:04:16.778447-04:00,propline_free_sample
2026-08-28,2026-08-29 01:40:00+00:00,Brandon Young,5.5,over,9900,kalshi,172618,Athletics,Baltimore Orioles,2026-08-28T23:03:34.397128+00:00,2026-08-29T21:04:16.778447+00:00,2026-08-29T17:04:16.778447-04:00,2026-08-29T17:04:16.778447-04:00,propline_free_sample
2026-08-28,2026-08-29 01:40:00+00:00,Jacob Lopez,5.5,over,285,kalshi,172618,Athletics,Baltimore Orioles,2026-08-28T23:16:44.593364+00:00,2026-08-29T21:04:16.778447+00:00,2026-08-29T17:04:16.778447-04:00,2026-08-29T17:04:16.778447-04:00,propline_free_sample
2026-08-28,2026-08-29 01:40:00+00:00,Brandon Young,5.5,under,-9900,kalshi,172618,Athletics,Baltimore Orioles,2026-08-28T23:03:34.397128+00:00,2026-08-29T21:04:16.778447+00:00,2026-08-29T17:04:16.778447-04:00,2026-08-29T17:04:16.778447-04:00,propline_free_sample
2026-08-28,2026-08-29 01:40:00+00:00,Jacob Lopez,5.5,under,9900,kalshi,172618,Athletics,Baltimore Orioles,2026-08-28T23:16:44.593364+00:00,2026-08-29T21:04:16.778447+00:00,2026-08-29T17:04:16.778447-04:00,2026-08-29T17:04:16.778447-04:00,propline_free_sample
2026-08-28,2026-08-29 01:40:00+00:00,Brandon Young,6.5,over,9900,kalshi,172618,Athletics,Baltimore Orioles,2026-08-28T23:18:41.808828+00:00,2026-08-29T21:04:16.778447+00:00,2026-08-29T17:04:16.778447-04:00,2026-08-29T17:04:16.778447-04:00,propline_free_sample
2026-08-28,2026-08-29 01:40:00+00:00,Jacob Lopez,6.5,over,9900,kalshi,172618,Athletics,Baltimore Orioles,2026-08-28T23:16:44.593364+00:00,2026-08-29T21:04:16.778447+00:00,2026-08-29T17:04:16.778447-04:00,2026-08-29T17:04:16.778447-04:00,propline_free_sample
2026-08-28,2026-08-29 01:40:00+00:00,Brandon Young,6.5,under,-4900,kalshi,172618,Athletics,Baltimore Orioles,2026-08-28T23:18:41.808828+00:00,2026-08-29T21:04:16.778447+00:00,2026-08-29T17:04:16.778447-04:00,2026-08-29T17:04:16.778447-04:00,propline_free_sample
