date,pitcher_name,line,side,price,sportsbook,event_id,snapshot_time_et,source,archive_file,name_key,game_id,pitcher_id,mlb_pitcher_name,actual_k,mlb_is_starter,market_result
2026-08-25,Braxton Ashcraft,5.5,over,100,prizepicks,160990,2026-08-23 23:31:56.843850+00:00,propline_free_sample,propline_pitcher_k_2026-08-25.csv,braxtonashcraft,,,,,,PENDING
2026-08-25,Braxton Ashcraft,6.5,over,100,prizepicks,160990,2026-08-23 23:31:56.843850+00:00,propline_free_sample,propline_pitcher_k_2026-08-25.csv,braxtonashcraft,,,,,,PENDING
2026-08-25,Braxton Ashcraft,3.5,over,100,prizepicks,160990,2026-08-23 23:31:56.843850+00:00,propline_free_sample,propline_pitcher_k_2026-08-25.csv,braxtonashcraft,,,,,,PENDING
2026-08-25,Braxton Ashcraft,5.5,under,100,prizepicks,160990,2026-08-23 23:31:56.843850+00:00,propline_free_sample,propline_pitcher_k_2026-08-25.csv,braxtonashcraft,,,,,,PENDING
2026-08-25,Braxton Ashcraft,6.5,under,100,prizepicks,160990,2026-08-23 23:31:56.843850+00:00,propline_free_sample,propline_pitcher_k_2026-08-25.csv,braxtonashcraft,,,,,,PENDING
2026-08-25,Braxton Ashcraft,3.5,under,100,prizepicks,160990,2026-08-23 23:31:56.843850+00:00,propline_free_sample,propline_pitcher_k_2026-08-25.csv,braxtonashcraft,,,,,,PENDING
2026-08-25,Braxton Ashcraft,7.5,over,100,prizepicks,160990,2026-08-24 01:10:36.610610+00:00,propline_free_sample,propline_pitcher_k_2026-08-25.csv,braxtonashcraft,,,,,,PENDING
2026-08-25,Braxton Ashcraft,8.5,over,100,prizepicks,160990,2026-08-24 01:10:36.610610+00:00,propline_free_sample,propline_pitcher_k_2026-08-25.csv,braxtonashcraft,,,,,,PENDING
2026-08-25,Braxton Ashcraft,4.5,over,100,prizepicks,160990,2026-08-24 01:10:36.610610+00:00,propline_free_sample,propline_pitcher_k_2026-08-25.csv,braxtonashcraft,,,,,,PENDING
2026-08-25,Braxton Ashcraft,7.5,under,100,prizepicks,160990,2026-08-24 01:10:36.610610+00:00,propline_free_sample,propline_pitcher_k_2026-08-25.csv,braxtonashcraft,,,,,,PENDING
2026-08-25,Braxton Ashcraft,8.5,under,100,prizepicks,160990,2026-08-24 01:10:36.610610+00:00,propline_free_sample,propline_pitcher_k_2026-08-25.csv,braxtonashcraft,,,,,,PENDING
2026-08-25,Braxton Ashcraft,4.5,under,100,prizepicks,160990,2026-08-24 01:10:36.610610+00:00,propline_free_sample,propline_pitcher_k_2026-08-25.csv,braxtonashcraft,,,,,,PENDING
2026-08-25,Braxton Ashcraft,9.5,over,100,prizepicks,160990,2026-08-24 01:18:16.536898+00:00,propline_free_sample,propline_pitcher_k_2026-08-25.csv,braxtonashcraft,,,,,,PENDING
2026-08-25,Braxton Ashcraft,9.5,under,100,prizepicks,160990,2026-08-24 01:18:16.536898+00:00,propline_free_sample,propline_pitcher_k_2026-08-25.csv,braxtonashcraft,,,,,,PENDING
2026-08-25,Braxton Ashcraft,2.5,over,100,prizepicks,160990,2026-08-24 04:40:39.515877+00:00,propline_free_sample,propline_pitcher_k_2026-08-25.csv,braxtonashcraft,,,,,,PENDING
2026-08-25,Braxton Ashcraft,2.5,under,100,prizepicks,160990,2026-08-24 04:40:39.515877+00:00,propline_free_sample,propline_pitcher_k_2026-08-25.csv,braxtonashcraft,,,,,,PENDING
2026-08-25,Braxton Ashcraft,5.0,over,100,prizepicks,160990,2026-08-24 10:26:49.799672+00:00,propline_free_sample,propline_pitcher_k_2026-08-25.csv,braxtonashcraft,,,,,,PENDING
2026-08-25,Braxton Ashcraft,5.0,under,100,prizepicks,160990,2026-08-24 10:26:49.799672+00:00,propline_free_sample,propline_pitcher_k_2026-08-25.csv,braxtonashcraft,,,,,,PENDING
2026-08-25,Braxton Ashcraft,4.5,over,130,betmgm,160990,2026-08-24 11:21:58.098820+00:00,propline_free_sample,propline_pitcher_k_2026-08-25.csv,braxtonashcraft,,,,,,PENDING
2026-08-25,Braxton Ashcraft,4.5,under,-175,betmgm,160990,2026-08-24 11:21:58.098820+00:00,propline_free_sample,propline_pitcher_k_2026-08-25.csv,braxtonashcraft,,,,,,PENDING
2026-08-25,Braxton Ashcraft,4.5,over,-167,smarkets,160990,2026-08-24 14:10:04.067901+00:00,propline_free_sample,propline_pitcher_k_2026-08-25.csv,braxtonashcraft,,,,,,PENDING
2026-08-25,Braxton Ashcraft,4.5,under,118,smarkets,160990,2026-08-24 14:10:04.067901+00:00,propline_free_sample,propline_pitcher_k_2026-08-25.csv,braxtonashcraft,,,,,,PENDING
2026-08-25,Braxton Ashcraft,9.5,under,-3233,kalshi,160990,2026-08-24 14:17:03.813314+00:00,propline_free_sample,propline_pitcher_k_2026-08-25.csv,braxtonashcraft,,,,,,PENDING
2026-08-25,Braxton Ashcraft,6.5,over,9900,kalshi,160990,2026-08-24 15:58:37.710472+00:00,propline_free_sample,propline_pitcher_k_2026-08-25.csv,braxtonashcraft,,,,,,PENDING
2026-08-25,Braxton Ashcraft,6.5,under,-1900,kalshi,160990,2026-08-24 15:58:37.710472+00:00,propline_free_sample,propline_pitcher_k_2026-08-25.csv,braxtonashcraft,,,,,,PENDING
2026-08-25,Braxton Ashcraft,7.5,over,9900,kalshi,160990,2026-08-24 16:00:32.967072+00:00,propline_free_sample,propline_pitcher_k_2026-08-25.csv,braxtonashcraft,,,,,,PENDING
2026-08-25,Braxton Ashcraft,7.5,under,-1900,kalshi,160990,2026-08-24 16:00:32.967072+00:00,propline_free_sample,propline_pitcher_k_2026-08-25.csv,braxtonashcraft,,,,,,PENDING
2026-08-25,Braxton Ashcraft,4.5,over,-185,pinnacle,160990,2026-08-24 16:33:32.771538+00:00,propline_free_sample,propline_pitcher_k_2026-08-25.csv,braxtonashcraft,,,,,,PENDING
2026-08-25,Braxton Ashcraft,4.5,under,138,pinnacle,160990,2026-08-24 16:33:32.771538+00:00,propline_free_sample,propline_pitcher_k_2026-08-25.csv,braxtonashcraft,,,,,,PENDING
2026-08-25,Braxton Ashcraft,3.5,over,9900,kalshi,160990,2026-08-24 16:56:49.015698+00:00,propline_free_sample,propline_pitcher_k_2026-08-25.csv,braxtonashcraft,,,,,,PENDING
2026-08-25,Braxton Ashcraft,3.5,under,-1900,kalshi,160990,2026-08-24 17:02:10.563000+00:00,propline_free_sample,propline_pitcher_k_2026-08-25.csv,braxtonashcraft,,,,,,PENDING
2026-08-25,Braxton Ashcraft,4.5,over,-170,novig,160990,2026-08-24 19:20:19.371514+00:00,propline_free_sample,propline_pitcher_k_2026-08-25.csv,braxtonashcraft,,,,,,PENDING
2026-08-25,Braxton Ashcraft,6.5,over,228,novig,160990,2026-08-24 22:05:44.256372+00:00,propline_free_sample,propline_pitcher_k_2026-08-25.csv,braxtonashcraft,,,,,,PENDING
2026-08-25,Braxton Ashcraft,8.5,over,9900,kalshi,160990,2026-08-24 22:55:42.844154+00:00,propline_free_sample,propline_pitcher_k_2026-08-25.csv,braxtonashcraft,,,,,,PENDING
2026-08-25,Braxton Ashcraft,8.5,under,-1567,kalshi,160990,2026-08-24 22:55:42.844154+00:00,propline_free_sample,propline_pitcher_k_2026-08-25.csv,braxtonashcraft,,,,,,PENDING
2026-08-25,Braxton Ashcraft,5.5,over,9900,kalshi,160990,2026-08-24 23:01:13.439385+00:00,propline_free_sample,propline_pitcher_k_2026-08-25.csv,braxtonashcraft,,,,,,PENDING
2026-08-25,Braxton Ashcraft,5.5,under,-9900,kalshi,160990,2026-08-24 23:01:13.439385+00:00,propline_free_sample,propline_pitcher_k_2026-08-25.csv,braxtonashcraft,,,,,,PENDING
2026-08-25,Braxton Ashcraft,4.5,over,9900,kalshi,160990,2026-08-24 23:08:55.340804+00:00,propline_free_sample,propline_pitcher_k_2026-08-25.csv,braxtonashcraft,,,,,,PENDING
2026-08-25,Braxton Ashcraft,4.5,under,-9900,kalshi,160990,2026-08-24 23:08:55.340804+00:00,propline_free_sample,propline_pitcher_k_2026-08-25.csv,braxtonashcraft,,,,,,PENDING
2026-08-25,Braxton Ashcraft,5.5,under,-141,underdog,160990,2026-08-24 23:12:39.943052+00:00,propline_free_sample,propline_pitcher_k_2026-08-25.csv,braxtonashcraft,,,,,,PENDING
2026-08-25,Braxton Ashcraft,5.5,under,-132,dabble,160990,2026-08-24 23:16:07.800622+00:00,propline_free_sample,propline_pitcher_k_2026-08-25.csv,braxtonashcraft,,,,,,PENDING
2026-08-25,Braxton Ashcraft,5.5,over,105,underdog,160990,2026-08-24 23:17:59.101135+00:00,propline_free_sample,propline_pitcher_k_2026-08-25.csv,braxtonashcraft,,,,,,PENDING
2026-08-25,Braxton Ashcraft,5.5,over,110,smarkets,160990,2026-08-24 23:23:50.404149+00:00,propline_free_sample,propline_pitcher_k_2026-08-25.csv,braxtonashcraft,,,,,,PENDING
2026-08-25,Braxton Ashcraft,5.5,under,-156,smarkets,160990,2026-08-24 23:23:50.404149+00:00,propline_free_sample,propline_pitcher_k_2026-08-25.csv,braxtonashcraft,,,,,,PENDING
2026-08-25,Braxton Ashcraft,5.5,over,108,rebet,160990,2026-08-24 23:29:18.718607+00:00,propline_free_sample,propline_pitcher_k_2026-08-25.csv,braxtonashcraft,,,,,,PENDING
2026-08-25,Braxton Ashcraft,5.5,under,-149,rebet,160990,2026-08-24 23:29:18.718607+00:00,propline_free_sample,propline_pitcher_k_2026-08-25.csv,braxtonashcraft,,,,,,PENDING
2026-08-25,Braxton Ashcraft,5.5,over,132,dabble,160990,2026-08-24 23:34:49.444858+00:00,propline_free_sample,propline_pitcher_k_2026-08-25.csv,braxtonashcraft,,,,,,PENDING
2026-08-25,Braxton Ashcraft,4.5,under,167,novig,160990,2026-08-24 23:39:46.896629+00:00,propline_free_sample,propline_pitcher_k_2026-08-25.csv,braxtonashcraft,,,,,,PENDING
2026-08-25,Braxton Ashcraft,4.5,over,-198,prophetx,160990,2026-08-25 00:02:48.384425+00:00,propline_free_sample,propline_pitcher_k_2026-08-25.csv,braxtonashcraft,,,,,,PENDING
2026-08-25,Braxton Ashcraft,3.5,over,-456,novig,160990,2026-08-25 00:03:48.376046+00:00,propline_free_sample,propline_pitcher_k_2026-08-25.csv,braxtonashcraft,,,,,,PENDING
2026-08-25,Braxton Ashcraft,5.5,over,119,draftkings,160990,2026-08-25 00:04:02.940990+00:00,propline_free_sample,propline_pitcher_k_2026-08-25.csv,braxtonashcraft,,,,,,PENDING
2026-08-25,Braxton Ashcraft,5.5,under,-152,draftkings,160990,2026-08-25 00:04:02.940990+00:00,propline_free_sample,propline_pitcher_k_2026-08-25.csv,braxtonashcraft,,,,,,PENDING
2026-08-25,Braxton Ashcraft,5.5,over,112,fanduel,160990,2026-08-25 00:37:37.534187+00:00,propline_free_sample,propline_pitcher_k_2026-08-25.csv,braxtonashcraft,,,,,,PENDING
2026-08-25,Braxton Ashcraft,5.5,under,-142,fanduel,160990,2026-08-25 00:37:37.534187+00:00,propline_free_sample,propline_pitcher_k_2026-08-25.csv,braxtonashcraft,,,,,,PENDING
2026-08-25,Braxton Ashcraft,5.5,over,103,sleeper,160990,2026-08-25 00:48:51.878477+00:00,propline_free_sample,propline_pitcher_k_2026-08-25.csv,braxtonashcraft,,,,,,PENDING
2026-08-25,Braxton Ashcraft,5.5,under,-172,sleeper,160990,2026-08-25 00:48:51.878477+00:00,propline_free_sample,propline_pitcher_k_2026-08-25.csv,braxtonashcraft,,,,,,PENDING
2026-08-25,Braxton Ashcraft,5.5,over,-111,prophetx,160990,2026-08-25 00:55:00.214237+00:00,propline_free_sample,propline_pitcher_k_2026-08-25.csv,braxtonashcraft,,,,,,PENDING
2026-08-25,Braxton Ashcraft,5.5,over,125,onexbet,160990,2026-08-25 01:05:59.071572+00:00,propline_free_sample,propline_pitcher_k_2026-08-25.csv,braxtonashcraft,,,,,,PENDING
2026-08-25,Braxton Ashcraft,5.5,under,-165,onexbet,160990,2026-08-25 01:05:59.071572+00:00,propline_free_sample,propline_pitcher_k_2026-08-25.csv,braxtonashcraft,,,,,,PENDING
2026-08-25,Braxton Ashcraft,5.5,under,-178,novig,160990,2026-08-25 01:07:31.207735+00:00,propline_free_sample,propline_pitcher_k_2026-08-25.csv,braxtonashcraft,,,,,,PENDING
2026-08-25,Braxton Ashcraft,5.5,under,-1500,prophetx,160990,2026-08-25 01:13:19.755975+00:00,propline_free_sample,propline_pitcher_k_2026-08-25.csv,braxtonashcraft,,,,,,PENDING
2026-08-25,Braxton Ashcraft,5.5,over,-113,novig,160990,2026-08-25 01:22:23.559269+00:00,propline_free_sample,propline_pitcher_k_2026-08-25.csv,braxtonashcraft,,,,,,PENDING
2026-08-25,Braxton Ashcraft,4.5,under,160,prophetx,160990,2026-08-25 01:22:39.594184+00:00,propline_free_sample,propline_pitcher_k_2026-08-25.csv,braxtonashcraft,,,,,,PENDING
2026-08-25,Braxton Ashcraft,5.5,over,107,betrivers,160990,2026-08-25 01:29:39.887202+00:00,propline_free_sample,propline_pitcher_k_2026-08-25.csv,braxtonashcraft,,,,,,PENDING
2026-08-25,Braxton Ashcraft,5.5,under,-143,betrivers,160990,2026-08-25 01:29:39.887202+00:00,propline_free_sample,propline_pitcher_k_2026-08-25.csv,braxtonashcraft,,,,,,PENDING
2026-08-25,Braxton Ashcraft,9.5,over,9900,kalshi,160990,2026-08-25 01:29:42.379834+00:00,propline_free_sample,propline_pitcher_k_2026-08-25.csv,braxtonashcraft,,,,,,PENDING
2026-08-25,Braxton Ashcraft,2.5,over,9900,kalshi,160990,2026-08-25 01:38:07.334260+00:00,propline_free_sample,propline_pitcher_k_2026-08-25.csv,braxtonashcraft,,,,,,PENDING
2026-08-25,Braxton Ashcraft,2.5,under,-1567,kalshi,160990,2026-08-25 01:38:07.334260+00:00,propline_free_sample,propline_pitcher_k_2026-08-25.csv,braxtonashcraft,,,,,,PENDING
2026-08-25,Braxton Ashcraft,3.5,under,335,novig,160990,2026-08-25 01:38:19.317783+00:00,propline_free_sample,propline_pitcher_k_2026-08-25.csv,braxtonashcraft,,,,,,PENDING
2026-08-25,Braxton Ashcraft,6.5,under,-953,novig,160990,2026-08-25 01:39:29.591511+00:00,propline_free_sample,propline_pitcher_k_2026-08-25.csv,braxtonashcraft,,,,,,PENDING
2026-08-25,Braxton Ashcraft (PIT),5.5,over,110,bovada,160990,2026-08-24 23:23:23.714357+00:00,propline_free_sample,propline_pitcher_k_2026-08-25.csv,braxtonashcraftpit,,,,,,PENDING
2026-08-25,Braxton Ashcraft (PIT),5.5,under,-145,bovada,160990,2026-08-24 23:23:23.714357+00:00,propline_free_sample,propline_pitcher_k_2026-08-25.csv,braxtonashcraftpit,,,,,,PENDING
2026-08-25,Carson Whisenhunt,6.5,over,100,prizepicks,160989,2026-08-24 16:43:59.409444+00:00,propline_free_sample,propline_pitcher_k_2026-08-25.csv,carsonwhisenhunt,,,,,,PENDING
2026-08-25,Carson Whisenhunt,3.5,over,100,prizepicks,160989,2026-08-24 16:43:59.409444+00:00,propline_free_sample,propline_pitcher_k_2026-08-25.csv,carsonwhisenhunt,,,,,,PENDING
2026-08-25,Carson Whisenhunt,4.5,over,100,prizepicks,160989,2026-08-24 16:43:59.409444+00:00,propline_free_sample,propline_pitcher_k_2026-08-25.csv,carsonwhisenhunt,,,,,,PENDING
2026-08-25,Carson Whisenhunt,5.5,over,100,prizepicks,160989,2026-08-24 16:43:59.409444+00:00,propline_free_sample,propline_pitcher_k_2026-08-25.csv,carsonwhisenhunt,,,,,,PENDING
2026-08-25,Carson Whisenhunt,2.5,over,100,prizepicks,160989,2026-08-24 16:43:59.409444+00:00,propline_free_sample,propline_pitcher_k_2026-08-25.csv,carsonwhisenhunt,,,,,,PENDING
2026-08-25,Carson Whisenhunt,6.5,under,100,prizepicks,160989,2026-08-24 16:43:59.409444+00:00,propline_free_sample,propline_pitcher_k_2026-08-25.csv,carsonwhisenhunt,,,,,,PENDING
2026-08-25,Carson Whisenhunt,3.5,under,100,prizepicks,160989,2026-08-24 16:43:59.409444+00:00,propline_free_sample,propline_pitcher_k_2026-08-25.csv,carsonwhisenhunt,,,,,,PENDING
2026-08-25,Carson Whisenhunt,4.5,under,100,prizepicks,160989,2026-08-24 16:43:59.409444+00:00,propline_free_sample,propline_pitcher_k_2026-08-25.csv,carsonwhisenhunt,,,,,,PENDING
2026-08-25,Carson Whisenhunt,5.5,under,100,prizepicks,160989,2026-08-24 16:43:59.409444+00:00,propline_free_sample,propline_pitcher_k_2026-08-25.csv,carsonwhisenhunt,,,,,,PENDING
2026-08-25,Carson Whisenhunt,2.5,under,100,prizepicks,160989,2026-08-24 16:43:59.409444+00:00,propline_free_sample,propline_pitcher_k_2026-08-25.csv,carsonwhisenhunt,,,,,,PENDING
2026-08-25,Carson Whisenhunt,4.5,over,100,prizepicks,160989,2026-08-24 17:39:16.296498+00:00,propline_free_sample,propline_pitcher_k_2026-08-25.csv,carsonwhisenhunt,,,,,,PENDING
2026-08-25,Carson Whisenhunt,4.5,under,100,prizepicks,160989,2026-08-24 17:39:16.296498+00:00,propline_free_sample,propline_pitcher_k_2026-08-25.csv,carsonwhisenhunt,,,,,,PENDING
2026-08-25,Carson Whisenhunt,7.5,over,100,prizepicks,160989,2026-08-24 17:58:33.144103+00:00,propline_free_sample,propline_pitcher_k_2026-08-25.csv,carsonwhisenhunt,,,,,,PENDING
2026-08-25,Carson Whisenhunt,7.5,under,100,prizepicks,160989,2026-08-24 17:58:33.144103+00:00,propline_free_sample,propline_pitcher_k_2026-08-25.csv,carsonwhisenhunt,,,,,,PENDING
2026-08-25,Carson Whisenhunt,3.5,under,156,novig,160989,2026-08-24 18:11:29.674273+00:00,propline_free_sample,propline_pitcher_k_2026-08-25.csv,carsonwhisenhunt,,,,,,PENDING
2026-08-25,Carson Whisenhunt,6.5,over,9900,kalshi,160989,2026-08-24 18:36:43.252113+00:00,propline_free_sample,propline_pitcher_k_2026-08-25.csv,carsonwhisenhunt,,,,,,PENDING
2026-08-25,Carson Whisenhunt,3.5,over,9900,kalshi,160989,2026-08-24 18:40:34.975451+00:00,propline_free_sample,propline_pitcher_k_2026-08-25.csv,carsonwhisenhunt,,,,,,PENDING
2026-08-25,Carson Whisenhunt,4.5,over,9900,kalshi,160989,2026-08-24 18:40:34.975451+00:00,propline_free_sample,propline_pitcher_k_2026-08-25.csv,carsonwhisenhunt,,,,,,PENDING
2026-08-25,Carson Whisenhunt,4.5,under,-9900,kalshi,160989,2026-08-24 18:40:34.975451+00:00,propline_free_sample,propline_pitcher_k_2026-08-25.csv,carsonwhisenhunt,,,,,,PENDING
2026-08-25,Carson Whisenhunt,2.5,over,-1011,kalshi,160989,2026-08-24 18:42:26.511942+00:00,propline_free_sample,propline_pitcher_k_2026-08-25.csv,carsonwhisenhunt,,,,,,PENDING
2026-08-25,Carson Whisenhunt,3.5,under,-9900,kalshi,160989,2026-08-24 18:42:26.511942+00:00,propline_free_sample,propline_pitcher_k_2026-08-25.csv,carsonwhisenhunt,,,,,,PENDING
2026-08-25,Carson Whisenhunt,2.5,under,9900,kalshi,160989,2026-08-24 18:42:26.511942+00:00,propline_free_sample,propline_pitcher_k_2026-08-25.csv,carsonwhisenhunt,,,,,,PENDING
2026-08-25,Carson Whisenhunt,8.5,under,-3233,kalshi,160989,2026-08-24 18:45:56.037753+00:00,propline_free_sample,propline_pitcher_k_2026-08-25.csv,carsonwhisenhunt,,,,,,PENDING
2026-08-25,Carson Whisenhunt,8.5,over,9900,kalshi,160989,2026-08-24 18:58:22.243871+00:00,propline_free_sample,propline_pitcher_k_2026-08-25.csv,carsonwhisenhunt,,,,,,PENDING
2026-08-25,Carson Whisenhunt,4.5,over,-109,pinnacle,160989,2026-08-24 19:29:09.135081+00:00,propline_free_sample,propline_pitcher_k_2026-08-25.csv,carsonwhisenhunt,,,,,,PENDING
2026-08-25,Carson Whisenhunt,4.5,under,-122,pinnacle,160989,2026-08-24 19:29:09.135081+00:00,propline_free_sample,propline_pitcher_k_2026-08-25.csv,carsonwhisenhunt,,,,,,PENDING
2026-08-25,Carson Whisenhunt,7.5,under,-1900,kalshi,160989,2026-08-24 20:34:50.292887+00:00,propline_free_sample,propline_pitcher_k_2026-08-25.csv,carsonwhisenhunt,,,,,,PENDING
2026-08-25,Carson Whisenhunt,6.5,under,-733,kalshi,160989,2026-08-24 21:51:49.120462+00:00,propline_free_sample,propline_pitcher_k_2026-08-25.csv,carsonwhisenhunt,,,,,,PENDING
2026-08-25,Carson Whisenhunt,5.5,over,9900,kalshi,160989,2026-08-24 21:53:49.378743+00:00,propline_free_sample,propline_pitcher_k_2026-08-25.csv,carsonwhisenhunt,,,,,,PENDING
2026-08-25,Carson Whisenhunt,5.5,under,-733,kalshi,160989,2026-08-24 21:53:49.378743+00:00,propline_free_sample,propline_pitcher_k_2026-08-25.csv,carsonwhisenhunt,,,,,,PENDING
2026-08-25,Carson Whisenhunt,5.5,under,-326,novig,160989,2026-08-24 21:55:49.921439+00:00,propline_free_sample,propline_pitcher_k_2026-08-25.csv,carsonwhisenhunt,,,,,,PENDING
2026-08-25,Carson Whisenhunt,1.5,over,-2400,kalshi,160989,2026-08-24 22:09:29.877887+00:00,propline_free_sample,propline_pitcher_k_2026-08-25.csv,carsonwhisenhunt,,,,,,PENDING
2026-08-25,Carson Whisenhunt,1.5,under,9900,kalshi,160989,2026-08-24 22:09:29.877887+00:00,propline_free_sample,propline_pitcher_k_2026-08-25.csv,carsonwhisenhunt,,,,,,PENDING
2026-08-25,Carson Whisenhunt,4.5,over,102,betrivers,160989,2026-08-24 23:51:20.583097+00:00,propline_free_sample,propline_pitcher_k_2026-08-25.csv,carsonwhisenhunt,,,,,,PENDING
2026-08-25,Carson Whisenhunt,4.5,under,-136,betrivers,160989,2026-08-24 23:51:20.583097+00:00,propline_free_sample,propline_pitcher_k_2026-08-25.csv,carsonwhisenhunt,,,,,,PENDING
2026-08-25,Carson Whisenhunt,7.5,over,9900,kalshi,160989,2026-08-25 00:02:25.689293+00:00,propline_free_sample,propline_pitcher_k_2026-08-25.csv,carsonwhisenhunt,,,,,,PENDING
2026-08-25,Carson Whisenhunt,4.5,over,100,onexbet,160989,2026-08-25 00:06:34.070852+00:00,propline_free_sample,propline_pitcher_k_2026-08-25.csv,carsonwhisenhunt,,,,,,PENDING
2026-08-25,Carson Whisenhunt,4.5,under,-135,onexbet,160989,2026-08-25 00:06:34.070852+00:00,propline_free_sample,propline_pitcher_k_2026-08-25.csv,carsonwhisenhunt,,,,,,PENDING
2026-08-25,Carson Whisenhunt,4.5,over,-105,underdog,160989,2026-08-25 00:15:16.697952+00:00,propline_free_sample,propline_pitcher_k_2026-08-25.csv,carsonwhisenhunt,,,,,,PENDING
2026-08-25,Carson Whisenhunt,4.5,under,-130,underdog,160989,2026-08-25 00:15:16.697952+00:00,propline_free_sample,propline_pitcher_k_2026-08-25.csv,carsonwhisenhunt,,,,,,PENDING
2026-08-25,Carson Whisenhunt,4.5,over,120,betmgm,160989,2026-08-25 00:18:47.177916+00:00,propline_free_sample,propline_pitcher_k_2026-08-25.csv,carsonwhisenhunt,,,,,,PENDING
2026-08-25,Carson Whisenhunt,4.5,under,-160,betmgm,160989,2026-08-25 00:18:47.177916+00:00,propline_free_sample,propline_pitcher_k_2026-08-25.csv,carsonwhisenhunt,,,,,,PENDING
2026-08-25,Carson Whisenhunt,4.5,over,-110,sleeper,160989,2026-08-25 00:54:28.192833+00:00,propline_free_sample,propline_pitcher_k_2026-08-25.csv,carsonwhisenhunt,,,,,,PENDING
2026-08-25,Carson Whisenhunt,4.5,under,-149,sleeper,160989,2026-08-25 00:54:28.192833+00:00,propline_free_sample,propline_pitcher_k_2026-08-25.csv,carsonwhisenhunt,,,,,,PENDING
2026-08-25,Carson Whisenhunt,4.5,under,-128,prophetx,160989,2026-08-25 01:02:21.871465+00:00,propline_free_sample,propline_pitcher_k_2026-08-25.csv,carsonwhisenhunt,,,,,,PENDING
2026-08-25,Carson Whisenhunt,4.5,over,113,draftkings,160989,2026-08-25 01:20:12.411119+00:00,propline_free_sample,propline_pitcher_k_2026-08-25.csv,carsonwhisenhunt,,,,,,PENDING
2026-08-25,Carson Whisenhunt,4.5,under,-145,draftkings,160989,2026-08-25 01:20:12.411119+00:00,propline_free_sample,propline_pitcher_k_2026-08-25.csv,carsonwhisenhunt,,,,,,PENDING
2026-08-25,Carson Whisenhunt,4.5,over,102,rebet,160989,2026-08-25 01:24:29.404017+00:00,propline_free_sample,propline_pitcher_k_2026-08-25.csv,carsonwhisenhunt,,,,,,PENDING
2026-08-25,Carson Whisenhunt,4.5,under,-141,rebet,160989,2026-08-25 01:24:29.404017+00:00,propline_free_sample,propline_pitcher_k_2026-08-25.csv,carsonwhisenhunt,,,,,,PENDING
2026-08-25,Carson Whisenhunt,5.5,over,228,novig,160989,2026-08-25 01:25:28.702525+00:00,propline_free_sample,propline_pitcher_k_2026-08-25.csv,carsonwhisenhunt,,,,,,PENDING
2026-08-25,Carson Whisenhunt,3.5,over,-217,novig,160989,2026-08-25 01:25:28.702525+00:00,propline_free_sample,propline_pitcher_k_2026-08-25.csv,carsonwhisenhunt,,,,,,PENDING
2026-08-25,Carson Whisenhunt,4.5,over,-122,novig,160989,2026-08-25 01:29:52.354605+00:00,propline_free_sample,propline_pitcher_k_2026-08-25.csv,carsonwhisenhunt,,,,,,PENDING
2026-08-25,Carson Whisenhunt,4.5,over,102,fanduel,160989,2026-08-25 01:36:02.543440+00:00,propline_free_sample,propline_pitcher_k_2026-08-25.csv,carsonwhisenhunt,,,,,,PENDING
2026-08-25,Carson Whisenhunt,4.5,under,-130,fanduel,160989,2026-08-25 01:36:02.543440+00:00,propline_free_sample,propline_pitcher_k_2026-08-25.csv,carsonwhisenhunt,,,,,,PENDING
2026-08-25,Carson Whisenhunt,4.5,over,118,dabble,160989,2026-08-25 01:38:03.422558+00:00,propline_free_sample,propline_pitcher_k_2026-08-25.csv,carsonwhisenhunt,,,,,,PENDING
2026-08-25,Carson Whisenhunt,4.5,under,-116,dabble,160989,2026-08-25 01:38:03.422558+00:00,propline_free_sample,propline_pitcher_k_2026-08-25.csv,carsonwhisenhunt,,,,,,PENDING
2026-08-25,Carson Whisenhunt,4.5,over,-132,prophetx,160989,2026-08-25 01:38:26.493426+00:00,propline_free_sample,propline_pitcher_k_2026-08-25.csv,carsonwhisenhunt,,,,,,PENDING
2026-08-25,Carson Whisenhunt,4.5,over,-101,smarkets,160989,2026-08-25 01:41:46.264704+00:00,propline_free_sample,propline_pitcher_k_2026-08-25.csv,carsonwhisenhunt,,,,,,PENDING
2026-08-25,Carson Whisenhunt,4.5,under,-139,smarkets,160989,2026-08-25 01:41:46.264704+00:00,propline_free_sample,propline_pitcher_k_2026-08-25.csv,carsonwhisenhunt,,,,,,PENDING
2026-08-25,Carson Whisenhunt,4.5,under,-125,novig,160989,2026-08-25 01:43:31.202266+00:00,propline_free_sample,propline_pitcher_k_2026-08-25.csv,carsonwhisenhunt,,,,,,PENDING
2026-08-25,Carson Whisenhunt (SF),4.5,over,100,bovada,160989,2026-08-25 00:26:49.993605+00:00,propline_free_sample,propline_pitcher_k_2026-08-25.csv,carsonwhisenhuntsf,,,,,,PENDING
2026-08-25,Carson Whisenhunt (SF),4.5,under,-130,bovada,160989,2026-08-25 00:26:49.993605+00:00,propline_free_sample,propline_pitcher_k_2026-08-25.csv,carsonwhisenhuntsf,,,,,,PENDING
2026-08-25,Chase Burns,6.5,over,100,prizepicks,160989,2026-08-24 02:09:06.416203+00:00,propline_free_sample,propline_pitcher_k_2026-08-25.csv,chaseburns,,,,,,PENDING
2026-08-25,Chase Burns,9.5,over,100,prizepicks,160989,2026-08-24 02:09:06.416203+00:00,propline_free_sample,propline_pitcher_k_2026-08-25.csv,chaseburns,,,,,,PENDING
2026-08-25,Chase Burns,6.5,under,100,prizepicks,160989,2026-08-24 02:09:06.416203+00:00,propline_free_sample,propline_pitcher_k_2026-08-25.csv,chaseburns,,,,,,PENDING
2026-08-25,Chase Burns,9.5,under,100,prizepicks,160989,2026-08-24 02:09:06.416203+00:00,propline_free_sample,propline_pitcher_k_2026-08-25.csv,chaseburns,,,,,,PENDING
2026-08-25,Chase Burns,6.5,over,100,prizepicks,160989,2026-08-24 03:46:37.362630+00:00,propline_free_sample,propline_pitcher_k_2026-08-25.csv,chaseburns,,,,,,PENDING
2026-08-25,Chase Burns,10.5,over,100,prizepicks,160989,2026-08-24 03:46:37.362630+00:00,propline_free_sample,propline_pitcher_k_2026-08-25.csv,chaseburns,,,,,,PENDING
2026-08-25,Chase Burns,7.5,over,100,prizepicks,160989,2026-08-24 03:46:37.362630+00:00,propline_free_sample,propline_pitcher_k_2026-08-25.csv,chaseburns,,,,,,PENDING
2026-08-25,Chase Burns,8.5,over,100,prizepicks,160989,2026-08-24 03:46:37.362630+00:00,propline_free_sample,propline_pitcher_k_2026-08-25.csv,chaseburns,,,,,,PENDING
2026-08-25,Chase Burns,4.5,over,100,prizepicks,160989,2026-08-24 03:46:37.362630+00:00,propline_free_sample,propline_pitcher_k_2026-08-25.csv,chaseburns,,,,,,PENDING
2026-08-25,Chase Burns,5.5,over,100,prizepicks,160989,2026-08-24 03:46:37.362630+00:00,propline_free_sample,propline_pitcher_k_2026-08-25.csv,chaseburns,,,,,,PENDING
2026-08-25,Chase Burns,6.5,under,100,prizepicks,160989,2026-08-24 03:46:37.362630+00:00,propline_free_sample,propline_pitcher_k_2026-08-25.csv,chaseburns,,,,,,PENDING
2026-08-25,Chase Burns,10.5,under,100,prizepicks,160989,2026-08-24 03:46:37.362630+00:00,propline_free_sample,propline_pitcher_k_2026-08-25.csv,chaseburns,,,,,,PENDING
2026-08-25,Chase Burns,7.5,under,100,prizepicks,160989,2026-08-24 03:46:37.362630+00:00,propline_free_sample,propline_pitcher_k_2026-08-25.csv,chaseburns,,,,,,PENDING
2026-08-25,Chase Burns,8.5,under,100,prizepicks,160989,2026-08-24 03:46:37.362630+00:00,propline_free_sample,propline_pitcher_k_2026-08-25.csv,chaseburns,,,,,,PENDING
2026-08-25,Chase Burns,4.5,under,100,prizepicks,160989,2026-08-24 03:46:37.362630+00:00,propline_free_sample,propline_pitcher_k_2026-08-25.csv,chaseburns,,,,,,PENDING
2026-08-25,Chase Burns,5.5,under,100,prizepicks,160989,2026-08-24 03:46:37.362630+00:00,propline_free_sample,propline_pitcher_k_2026-08-25.csv,chaseburns,,,,,,PENDING
2026-08-25,Chase Burns,3.5,over,100,prizepicks,160989,2026-08-24 03:57:23.808194+00:00,propline_free_sample,propline_pitcher_k_2026-08-25.csv,chaseburns,,,,,,PENDING
2026-08-25,Chase Burns,3.5,under,100,prizepicks,160989,2026-08-24 03:57:23.808194+00:00,propline_free_sample,propline_pitcher_k_2026-08-25.csv,chaseburns,,,,,,PENDING
2026-08-25,Chase Burns,10.5,over,9900,kalshi,160989,2026-08-24 03:57:31.138221+00:00,propline_free_sample,propline_pitcher_k_2026-08-25.csv,chaseburns,,,,,,PENDING
2026-08-25,Chase Burns,10.5,under,-9900,kalshi,160989,2026-08-24 03:57:31.138221+00:00,propline_free_sample,propline_pitcher_k_2026-08-25.csv,chaseburns,,,,,,PENDING
2026-08-25,Chase Burns,3.5,over,-3233,kalshi,160989,2026-08-24 04:08:20.878726+00:00,propline_free_sample,propline_pitcher_k_2026-08-25.csv,chaseburns,,,,,,PENDING
2026-08-25,Chase Burns,3.5,under,9900,kalshi,160989,2026-08-24 05:02:15.058762+00:00,propline_free_sample,propline_pitcher_k_2026-08-25.csv,chaseburns,,,,,,PENDING
2026-08-25,Chase Burns,6.5,over,-135,betmgm,160989,2026-08-24 15:19:55.353470+00:00,propline_free_sample,propline_pitcher_k_2026-08-25.csv,chaseburns,,,,,,PENDING
2026-08-25,Chase Burns,6.5,under,-105,betmgm,160989,2026-08-24 15:19:55.353470+00:00,propline_free_sample,propline_pitcher_k_2026-08-25.csv,chaseburns,,,,,,PENDING
2026-08-25,Chase Burns,6.5,over,-104,rebet,160989,2026-08-24 15:41:44.037176+00:00,propline_free_sample,propline_pitcher_k_2026-08-25.csv,chaseburns,,,,,,PENDING
2026-08-25,Chase Burns,6.5,under,-133,rebet,160989,2026-08-24 15:41:44.037176+00:00,propline_free_sample,propline_pitcher_k_2026-08-25.csv,chaseburns,,,,,,PENDING
2026-08-25,Chase Burns,5.5,over,9900,kalshi,160989,2026-08-24 20:34:50.292887+00:00,propline_free_sample,propline_pitcher_k_2026-08-25.csv,chaseburns,,,,,,PENDING
2026-08-25,Chase Burns,5.5,under,-733,kalshi,160989,2026-08-24 20:34:50.292887+00:00,propline_free_sample,propline_pitcher_k_2026-08-25.csv,chaseburns,,,,,,PENDING
2026-08-25,Chase Burns,5.5,under,170,novig,160989,2026-08-24 22:17:38.354586+00:00,propline_free_sample,propline_pitcher_k_2026-08-25.csv,chaseburns,,,,,,PENDING
2026-08-25,Chase Burns,6.5,over,-111,rebet,160989,2026-08-24 22:45:14.982115+00:00,propline_free_sample,propline_pitcher_k_2026-08-25.csv,chaseburns,,,,,,PENDING
2026-08-25,Chase Burns,6.5,under,-124,rebet,160989,2026-08-24 22:45:14.982115+00:00,propline_free_sample,propline_pitcher_k_2026-08-25.csv,chaseburns,,,,,,PENDING
2026-08-25,Chase Burns,5.5,over,-203,novig,160989,2026-08-24 22:52:39.917198+00:00,propline_free_sample,propline_pitcher_k_2026-08-25.csv,chaseburns,,,,,,PENDING
2026-08-25,Chase Burns,6.5,over,-105,dabble,160989,2026-08-24 23:47:41.862417+00:00,propline_free_sample,propline_pitcher_k_2026-08-25.csv,chaseburns,,,,,,PENDING
2026-08-25,Chase Burns,6.5,over,-125,smarkets,160989,2026-08-24 23:49:44.629814+00:00,propline_free_sample,propline_pitcher_k_2026-08-25.csv,chaseburns,,,,,,PENDING
2026-08-25,Chase Burns,6.5,over,107,betrivers,160989,2026-08-24 23:51:20.583097+00:00,propline_free_sample,propline_pitcher_k_2026-08-25.csv,chaseburns,,,,,,PENDING
2026-08-25,Chase Burns,6.5,under,-141,betrivers,160989,2026-08-24 23:51:20.583097+00:00,propline_free_sample,propline_pitcher_k_2026-08-25.csv,chaseburns,,,,,,PENDING
2026-08-25,Chase Burns,6.5,over,-110,onexbet,160989,2026-08-25 00:06:34.070852+00:00,propline_free_sample,propline_pitcher_k_2026-08-25.csv,chaseburns,,,,,,PENDING
2026-08-25,Chase Burns,6.5,under,-120,onexbet,160989,2026-08-25 00:06:34.070852+00:00,propline_free_sample,propline_pitcher_k_2026-08-25.csv,chaseburns,,,,,,PENDING
2026-08-25,Chase Burns,4.5,over,-1567,kalshi,160989,2026-08-25 00:16:19.379165+00:00,propline_free_sample,propline_pitcher_k_2026-08-25.csv,chaseburns,,,,,,PENDING
2026-08-25,Chase Burns,9.5,over,9900,kalshi,160989,2026-08-25 00:16:19.379165+00:00,propline_free_sample,propline_pitcher_k_2026-08-25.csv,chaseburns,,,,,,PENDING
2026-08-25,Chase Burns,4.5,under,9900,kalshi,160989,2026-08-25 00:16:19.379165+00:00,propline_free_sample,propline_pitcher_k_2026-08-25.csv,chaseburns,,,,,,PENDING
2026-08-25,Chase Burns,8.5,over,9900,kalshi,160989,2026-08-25 00:35:29.059638+00:00,propline_free_sample,propline_pitcher_k_2026-08-25.csv,chaseburns,,,,,,PENDING
2026-08-25,Chase Burns,8.5,under,-9900,kalshi,160989,2026-08-25 00:35:29.059638+00:00,propline_free_sample,propline_pitcher_k_2026-08-25.csv,chaseburns,,,,,,PENDING
2026-08-25,Chase Burns,9.5,under,-1900,kalshi,160989,2026-08-25 00:35:29.059638+00:00,propline_free_sample,propline_pitcher_k_2026-08-25.csv,chaseburns,,,,,,PENDING
2026-08-25,Chase Burns,7.5,over,9900,kalshi,160989,2026-08-25 00:47:57.825179+00:00,propline_free_sample,propline_pitcher_k_2026-08-25.csv,chaseburns,,,,,,PENDING
2026-08-25,Chase Burns,7.5,under,-1567,kalshi,160989,2026-08-25 00:49:30.082555+00:00,propline_free_sample,propline_pitcher_k_2026-08-25.csv,chaseburns,,,,,,PENDING
2026-08-25,Chase Burns,6.5,over,105,underdog,160989,2026-08-25 00:54:27.703236+00:00,propline_free_sample,propline_pitcher_k_2026-08-25.csv,chaseburns,,,,,,PENDING
2026-08-25,Chase Burns,6.5,under,-143,underdog,160989,2026-08-25 00:54:27.703236+00:00,propline_free_sample,propline_pitcher_k_2026-08-25.csv,chaseburns,,,,,,PENDING
2026-08-25,Chase Burns,7.5,under,-217,novig,160989,2026-08-25 00:55:58.335691+00:00,propline_free_sample,propline_pitcher_k_2026-08-25.csv,chaseburns,,,,,,PENDING
2026-08-25,Chase Burns,6.5,over,-115,draftkings,160989,2026-08-25 01:20:12.411119+00:00,propline_free_sample,propline_pitcher_k_2026-08-25.csv,chaseburns,,,,,,PENDING
2026-08-25,Chase Burns,6.5,under,-111,draftkings,160989,2026-08-25 01:20:12.411119+00:00,propline_free_sample,propline_pitcher_k_2026-08-25.csv,chaseburns,,,,,,PENDING
2026-08-25,Chase Burns,6.5,over,-122,sleeper,160989,2026-08-25 01:30:32.561716+00:00,propline_free_sample,propline_pitcher_k_2026-08-25.csv,chaseburns,,,,,,PENDING
2026-08-25,Chase Burns,6.5,under,-135,sleeper,160989,2026-08-25 01:30:32.561716+00:00,propline_free_sample,propline_pitcher_k_2026-08-25.csv,chaseburns,,,,,,PENDING
2026-08-25,Chase Burns,6.5,over,101,pinnacle,160989,2026-08-25 01:32:35.022446+00:00,propline_free_sample,propline_pitcher_k_2026-08-25.csv,chaseburns,,,,,,PENDING
2026-08-25,Chase Burns,6.5,under,-133,pinnacle,160989,2026-08-25 01:32:35.022446+00:00,propline_free_sample,propline_pitcher_k_2026-08-25.csv,chaseburns,,,,,,PENDING
2026-08-25,Chase Burns,6.5,over,-106,fanduel,160989,2026-08-25 01:36:02.543440+00:00,propline_free_sample,propline_pitcher_k_2026-08-25.csv,chaseburns,,,,,,PENDING
2026-08-25,Chase Burns,6.5,under,-120,fanduel,160989,2026-08-25 01:36:02.543440+00:00,propline_free_sample,propline_pitcher_k_2026-08-25.csv,chaseburns,,,,,,PENDING
2026-08-25,Chase Burns,6.5,under,107,dabble,160989,2026-08-25 01:38:03.422558+00:00,propline_free_sample,propline_pitcher_k_2026-08-25.csv,chaseburns,,,,,,PENDING
2026-08-25,Chase Burns,6.5,over,-4700,prophetx,160989,2026-08-25 01:40:00.511208+00:00,propline_free_sample,propline_pitcher_k_2026-08-25.csv,chaseburns,,,,,,PENDING
2026-08-25,Chase Burns,6.5,under,-111,smarkets,160989,2026-08-25 01:41:46.264704+00:00,propline_free_sample,propline_pitcher_k_2026-08-25.csv,chaseburns,,,,,,PENDING
2026-08-25,Chase Burns,6.5,over,-108,novig,160989,2026-08-25 01:43:31.202266+00:00,propline_free_sample,propline_pitcher_k_2026-08-25.csv,chaseburns,,,,,,PENDING
2026-08-25,Chase Burns,6.5,under,-290,prophetx,160989,2026-08-25 01:43:37.694125+00:00,propline_free_sample,propline_pitcher_k_2026-08-25.csv,chaseburns,,,,,,PENDING
2026-08-25,Chase Burns,7.5,over,186,novig,160989,2026-08-25 01:44:02.949050+00:00,propline_free_sample,propline_pitcher_k_2026-08-25.csv,chaseburns,,,,,,PENDING
2026-08-25,Chase Burns,6.5,under,-122,novig,160989,2026-08-25 01:44:02.949050+00:00,propline_free_sample,propline_pitcher_k_2026-08-25.csv,chaseburns,,,,,,PENDING
2026-08-25,Chase Burns,6.5,over,9900,kalshi,160989,2026-08-25 01:44:03.125887+00:00,propline_free_sample,propline_pitcher_k_2026-08-25.csv,chaseburns,,,,,,PENDING
2026-08-25,Chase Burns,6.5,under,-900,kalshi,160989,2026-08-25 01:44:03.125887+00:00,propline_free_sample,propline_pitcher_k_2026-08-25.csv,chaseburns,,,,,,PENDING
2026-08-25,Chase Burns (CIN),6.5,over,-110,bovada,160989,2026-08-25 00:11:23.848454+00:00,propline_free_sample,propline_pitcher_k_2026-08-25.csv,chaseburnscin,,,,,,PENDING
2026-08-25,Chase Burns (CIN),6.5,under,-120,bovada,160989,2026-08-25 00:11:23.848454+00:00,propline_free_sample,propline_pitcher_k_2026-08-25.csv,chaseburnscin,,,,,,PENDING
2026-08-25,Chase Burns (CIN),6.5,over,-110,betonlineag,160989,2026-08-25 00:43:46.658488+00:00,propline_free_sample,propline_pitcher_k_2026-08-25.csv,chaseburnscin,,,,,,PENDING
2026-08-25,Chase Burns (CIN),6.5,under,-130,betonlineag,160989,2026-08-25 00:43:46.658488+00:00,propline_free_sample,propline_pitcher_k_2026-08-25.csv,chaseburnscin,,,,,,PENDING
2026-08-25,Chase Burns (CIN),6.5,over,-110,lowvig,160989,2026-08-25 00:43:48.305753+00:00,propline_free_sample,propline_pitcher_k_2026-08-25.csv,chaseburnscin,,,,,,PENDING
2026-08-25,Chase Burns (CIN),6.5,under,-130,lowvig,160989,2026-08-25 00:43:48.305753+00:00,propline_free_sample,propline_pitcher_k_2026-08-25.csv,chaseburnscin,,,,,,PENDING
2026-08-25,Jeffrey Springs,3.5,over,100,prizepicks,160994,2026-08-23 22:07:49.151929+00:00,propline_free_sample,propline_pitcher_k_2026-08-25.csv,jeffreysprings,,,,,,PENDING
2026-08-25,Jeffrey Springs,6.5,over,100,prizepicks,160994,2026-08-23 22:07:49.151929+00:00,propline_free_sample,propline_pitcher_k_2026-08-25.csv,jeffreysprings,,,,,,PENDING
2026-08-25,Jeffrey Springs,3.5,under,100,prizepicks,160994,2026-08-23 22:07:49.151929+00:00,propline_free_sample,propline_pitcher_k_2026-08-25.csv,jeffreysprings,,,,,,PENDING
2026-08-25,Jeffrey Springs,6.5,under,100,prizepicks,160994,2026-08-23 22:07:49.151929+00:00,propline_free_sample,propline_pitcher_k_2026-08-25.csv,jeffreysprings,,,,,,PENDING
2026-08-25,Jeffrey Springs,5.5,over,100,prizepicks,160994,2026-08-23 23:01:56.826194+00:00,propline_free_sample,propline_pitcher_k_2026-08-25.csv,jeffreysprings,,,,,,PENDING
2026-08-25,Jeffrey Springs,2.5,over,100,prizepicks,160994,2026-08-23 23:01:56.826194+00:00,propline_free_sample,propline_pitcher_k_2026-08-25.csv,jeffreysprings,,,,,,PENDING
2026-08-25,Jeffrey Springs,4.5,over,100,prizepicks,160994,2026-08-23 23:01:56.826194+00:00,propline_free_sample,propline_pitcher_k_2026-08-25.csv,jeffreysprings,,,,,,PENDING
2026-08-25,Jeffrey Springs,5.5,under,100,prizepicks,160994,2026-08-23 23:01:56.826194+00:00,propline_free_sample,propline_pitcher_k_2026-08-25.csv,jeffreysprings,,,,,,PENDING
2026-08-25,Jeffrey Springs,2.5,under,100,prizepicks,160994,2026-08-23 23:01:56.826194+00:00,propline_free_sample,propline_pitcher_k_2026-08-25.csv,jeffreysprings,,,,,,PENDING
2026-08-25,Jeffrey Springs,4.5,under,100,prizepicks,160994,2026-08-23 23:01:56.826194+00:00,propline_free_sample,propline_pitcher_k_2026-08-25.csv,jeffreysprings,,,,,,PENDING
2026-08-25,Jeffrey Springs,1.5,over,100,prizepicks,160994,2026-08-24 00:17:18.685132+00:00,propline_free_sample,propline_pitcher_k_2026-08-25.csv,jeffreysprings,,,,,,PENDING
2026-08-25,Jeffrey Springs,1.5,under,100,prizepicks,160994,2026-08-24 00:17:18.685132+00:00,propline_free_sample,propline_pitcher_k_2026-08-25.csv,jeffreysprings,,,,,,PENDING
2026-08-25,Jeffrey Springs,1.5,under,9900,kalshi,160994,2026-08-24 12:27:15.843195+00:00,propline_free_sample,propline_pitcher_k_2026-08-25.csv,jeffreysprings,,,,,,PENDING
2026-08-25,Jeffrey Springs,4.5,over,9900,kalshi,160994,2026-08-24 15:53:25.373744+00:00,propline_free_sample,propline_pitcher_k_2026-08-25.csv,jeffreysprings,,,,,,PENDING
2026-08-25,Jeffrey Springs,4.5,under,-1900,kalshi,160994,2026-08-24 15:53:25.373744+00:00,propline_free_sample,propline_pitcher_k_2026-08-25.csv,jeffreysprings,,,,,,PENDING
2026-08-25,Jeffrey Springs,2.5,under,9900,kalshi,160994,2026-08-24 15:55:26.156254+00:00,propline_free_sample,propline_pitcher_k_2026-08-25.csv,jeffreysprings,,,,,,PENDING
2026-08-25,Jeffrey Springs,1.5,over,-1011,kalshi,160994,2026-08-24 15:56:29.575265+00:00,propline_free_sample,propline_pitcher_k_2026-08-25.csv,jeffreysprings,,,,,,PENDING
2026-08-25,Jeffrey Springs,2.5,over,-1011,kalshi,160994,2026-08-24 15:56:29.575265+00:00,propline_free_sample,propline_pitcher_k_2026-08-25.csv,jeffreysprings,,,,,,PENDING
2026-08-25,Jeffrey Springs,6.5,under,-9900,kalshi,160994,2026-08-24 17:20:38.090486+00:00,propline_free_sample,propline_pitcher_k_2026-08-25.csv,jeffreysprings,,,,,,PENDING
2026-08-25,Jeffrey Springs,6.5,over,9900,kalshi,160994,2026-08-24 17:23:33.047149+00:00,propline_free_sample,propline_pitcher_k_2026-08-25.csv,jeffreysprings,,,,,,PENDING
2026-08-25,Jeffrey Springs,3.5,over,-130,onexbet,160994,2026-08-24 18:33:29.744012+00:00,propline_free_sample,propline_pitcher_k_2026-08-25.csv,jeffreysprings,,,,,,PENDING
2026-08-25,Jeffrey Springs,3.5,under,-105,onexbet,160994,2026-08-24 18:33:29.744012+00:00,propline_free_sample,propline_pitcher_k_2026-08-25.csv,jeffreysprings,,,,,,PENDING
2026-08-25,Jeffrey Springs,3.5,over,-152,rebet,160994,2026-08-24 19:53:51.619721+00:00,propline_free_sample,propline_pitcher_k_2026-08-25.csv,jeffreysprings,,,,,,PENDING
2026-08-25,Jeffrey Springs,3.5,under,109,rebet,160994,2026-08-24 19:53:51.619721+00:00,propline_free_sample,propline_pitcher_k_2026-08-25.csv,jeffreysprings,,,,,,PENDING
2026-08-25,Jeffrey Springs,3.5,over,-130,fanduel,160994,2026-08-24 21:02:21.372654+00:00,propline_free_sample,propline_pitcher_k_2026-08-25.csv,jeffreysprings,,,,,,PENDING
2026-08-25,Jeffrey Springs,3.5,under,102,fanduel,160994,2026-08-24 21:02:21.372654+00:00,propline_free_sample,propline_pitcher_k_2026-08-25.csv,jeffreysprings,,,,,,PENDING
2026-08-25,Jeffrey Springs,3.5,over,-115,dabble,160994,2026-08-24 21:02:29.716189+00:00,propline_free_sample,propline_pitcher_k_2026-08-25.csv,jeffreysprings,,,,,,PENDING
2026-08-25,Jeffrey Springs,3.5,over,-132,draftkings,160994,2026-08-24 21:04:22.226909+00:00,propline_free_sample,propline_pitcher_k_2026-08-25.csv,jeffreysprings,,,,,,PENDING
2026-08-25,Jeffrey Springs,3.5,under,103,draftkings,160994,2026-08-24 21:04:22.226909+00:00,propline_free_sample,propline_pitcher_k_2026-08-25.csv,jeffreysprings,,,,,,PENDING
2026-08-25,Jeffrey Springs,3.5,over,-136,underdog,160994,2026-08-24 21:04:26.552526+00:00,propline_free_sample,propline_pitcher_k_2026-08-25.csv,jeffreysprings,,,,,,PENDING
2026-08-25,Jeffrey Springs,3.5,under,100,underdog,160994,2026-08-24 21:04:26.552526+00:00,propline_free_sample,propline_pitcher_k_2026-08-25.csv,jeffreysprings,,,,,,PENDING
2026-08-25,Jeffrey Springs,5.5,over,9900,kalshi,160994,2026-08-24 21:06:25.122030+00:00,propline_free_sample,propline_pitcher_k_2026-08-25.csv,jeffreysprings,,,,,,PENDING
2026-08-25,Jeffrey Springs,5.5,under,-1900,kalshi,160994,2026-08-24 21:06:25.122030+00:00,propline_free_sample,propline_pitcher_k_2026-08-25.csv,jeffreysprings,,,,,,PENDING
2026-08-25,Jeffrey Springs,3.5,under,116,dabble,160994,2026-08-24 21:34:29.888837+00:00,propline_free_sample,propline_pitcher_k_2026-08-25.csv,jeffreysprings,,,,,,PENDING
2026-08-25,Jeffrey Springs,3.5,over,-134,betrivers,160994,2026-08-24 22:05:28.421322+00:00,propline_free_sample,propline_pitcher_k_2026-08-25.csv,jeffreysprings,,,,,,PENDING
2026-08-25,Jeffrey Springs,3.5,under,100,betrivers,160994,2026-08-24 22:05:28.421322+00:00,propline_free_sample,propline_pitcher_k_2026-08-25.csv,jeffreysprings,,,,,,PENDING
2026-08-25,Jeffrey Springs,3.5,over,-130,pinnacle,160994,2026-08-24 23:19:50.309543+00:00,propline_free_sample,propline_pitcher_k_2026-08-25.csv,jeffreysprings,,,,,,PENDING
2026-08-25,Jeffrey Springs,3.5,under,-102,pinnacle,160994,2026-08-24 23:19:50.309543+00:00,propline_free_sample,propline_pitcher_k_2026-08-25.csv,jeffreysprings,,,,,,PENDING
2026-08-25,Jeffrey Springs,3.5,over,-137,smarkets,160994,2026-08-24 23:35:06.029601+00:00,propline_free_sample,propline_pitcher_k_2026-08-25.csv,jeffreysprings,,,,,,PENDING
2026-08-25,Jeffrey Springs,3.5,under,-102,smarkets,160994,2026-08-24 23:35:06.029601+00:00,propline_free_sample,propline_pitcher_k_2026-08-25.csv,jeffreysprings,,,,,,PENDING
2026-08-25,Jeffrey Springs,2.5,over,-300,novig,160994,2026-08-24 23:38:39.195799+00:00,propline_free_sample,propline_pitcher_k_2026-08-25.csv,jeffreysprings,,,,,,PENDING
2026-08-25,Jeffrey Springs,3.5,over,105,betmgm,160994,2026-08-24 23:38:48.485325+00:00,propline_free_sample,propline_pitcher_k_2026-08-25.csv,jeffreysprings,,,,,,PENDING
2026-08-25,Jeffrey Springs,3.5,under,-140,betmgm,160994,2026-08-24 23:38:48.485325+00:00,propline_free_sample,propline_pitcher_k_2026-08-25.csv,jeffreysprings,,,,,,PENDING
2026-08-25,Jeffrey Springs,3.5,over,-149,sleeper,160994,2026-08-25 00:15:18.841082+00:00,propline_free_sample,propline_pitcher_k_2026-08-25.csv,jeffreysprings,,,,,,PENDING
2026-08-25,Jeffrey Springs,4.5,under,-199,novig,160994,2026-08-25 00:46:27.540236+00:00,propline_free_sample,propline_pitcher_k_2026-08-25.csv,jeffreysprings,,,,,,PENDING
2026-08-25,Jeffrey Springs,3.5,under,-111,sleeper,160994,2026-08-25 00:47:05.712025+00:00,propline_free_sample,propline_pitcher_k_2026-08-25.csv,jeffreysprings,,,,,,PENDING
2026-08-25,Jeffrey Springs,3.5,under,-128,prophetx,160994,2026-08-25 01:07:42.620352+00:00,propline_free_sample,propline_pitcher_k_2026-08-25.csv,jeffreysprings,,,,,,PENDING
2026-08-25,Jeffrey Springs,2.5,under,245,novig,160994,2026-08-25 01:28:28.674825+00:00,propline_free_sample,propline_pitcher_k_2026-08-25.csv,jeffreysprings,,,,,,PENDING
2026-08-25,Jeffrey Springs,3.5,over,-103,prophetx,160994,2026-08-25 01:36:38.818116+00:00,propline_free_sample,propline_pitcher_k_2026-08-25.csv,jeffreysprings,,,,,,PENDING
2026-08-25,Jeffrey Springs,3.5,over,-122,novig,160994,2026-08-25 01:39:00.283619+00:00,propline_free_sample,propline_pitcher_k_2026-08-25.csv,jeffreysprings,,,,,,PENDING
2026-08-25,Jeffrey Springs,4.5,over,170,novig,160994,2026-08-25 01:39:29.695219+00:00,propline_free_sample,propline_pitcher_k_2026-08-25.csv,jeffreysprings,,,,,,PENDING
2026-08-25,Jeffrey Springs,3.5,under,117,novig,160994,2026-08-25 01:39:29.695219+00:00,propline_free_sample,propline_pitcher_k_2026-08-25.csv,jeffreysprings,,,,,,PENDING
2026-08-25,Jeffrey Springs,3.5,over,9900,kalshi,160994,2026-08-25 01:39:30.525830+00:00,propline_free_sample,propline_pitcher_k_2026-08-25.csv,jeffreysprings,,,,,,PENDING
2026-08-25,Jeffrey Springs,3.5,under,-733,kalshi,160994,2026-08-25 01:39:30.525830+00:00,propline_free_sample,propline_pitcher_k_2026-08-25.csv,jeffreysprings,,,,,,PENDING
2026-08-25,Jeffrey Springs (ATH),3.5,over,-130,bovada,160994,2026-08-24 21:21:12.709679+00:00,propline_free_sample,propline_pitcher_k_2026-08-25.csv,jeffreyspringsath,,,,,,PENDING
2026-08-25,Jeffrey Springs (ATH),3.5,under,100,bovada,160994,2026-08-24 21:21:12.709679+00:00,propline_free_sample,propline_pitcher_k_2026-08-25.csv,jeffreyspringsath,,,,,,PENDING
2026-08-25,Kevin Gausman,5.5,over,100,prizepicks,160991,2026-08-24 05:55:55.088122+00:00,propline_free_sample,propline_pitcher_k_2026-08-25.csv,kevingausman,,,,,,PENDING
2026-08-25,Kevin Gausman,5.5,under,100,prizepicks,160991,2026-08-24 05:55:55.088122+00:00,propline_free_sample,propline_pitcher_k_2026-08-25.csv,kevingausman,,,,,,PENDING
2026-08-25,Kevin Gausman,6.5,over,100,prizepicks,160991,2026-08-24 06:17:30.915958+00:00,propline_free_sample,propline_pitcher_k_2026-08-25.csv,kevingausman,,,,,,PENDING
2026-08-25,Kevin Gausman,3.5,over,100,prizepicks,160991,2026-08-24 06:17:30.915958+00:00,propline_free_sample,propline_pitcher_k_2026-08-25.csv,kevingausman,,,,,,PENDING
2026-08-25,Kevin Gausman,6.5,under,100,prizepicks,160991,2026-08-24 06:17:30.915958+00:00,propline_free_sample,propline_pitcher_k_2026-08-25.csv,kevingausman,,,,,,PENDING
2026-08-25,Kevin Gausman,3.5,under,100,prizepicks,160991,2026-08-24 06:17:30.915958+00:00,propline_free_sample,propline_pitcher_k_2026-08-25.csv,kevingausman,,,,,,PENDING
2026-08-25,Kevin Gausman,7.5,over,100,prizepicks,160991,2026-08-24 06:28:17.076619+00:00,propline_free_sample,propline_pitcher_k_2026-08-25.csv,kevingausman,,,,,,PENDING
2026-08-25,Kevin Gausman,8.5,over,100,prizepicks,160991,2026-08-24 06:28:17.076619+00:00,propline_free_sample,propline_pitcher_k_2026-08-25.csv,kevingausman,,,,,,PENDING
2026-08-25,Kevin Gausman,4.5,over,100,prizepicks,160991,2026-08-24 06:28:17.076619+00:00,propline_free_sample,propline_pitcher_k_2026-08-25.csv,kevingausman,,,,,,PENDING
2026-08-25,Kevin Gausman,7.5,under,100,prizepicks,160991,2026-08-24 06:28:17.076619+00:00,propline_free_sample,propline_pitcher_k_2026-08-25.csv,kevingausman,,,,,,PENDING
2026-08-25,Kevin Gausman,8.5,under,100,prizepicks,160991,2026-08-24 06:28:17.076619+00:00,propline_free_sample,propline_pitcher_k_2026-08-25.csv,kevingausman,,,,,,PENDING
2026-08-25,Kevin Gausman,4.5,under,100,prizepicks,160991,2026-08-24 06:28:17.076619+00:00,propline_free_sample,propline_pitcher_k_2026-08-25.csv,kevingausman,,,,,,PENDING
2026-08-25,Kevin Gausman,5.5,over,118,smarkets,160991,2026-08-24 11:02:45.956136+00:00,propline_free_sample,propline_pitcher_k_2026-08-25.csv,kevingausman,,,,,,PENDING
2026-08-25,Kevin Gausman,5.5,under,-167,smarkets,160991,2026-08-24 11:02:45.956136+00:00,propline_free_sample,propline_pitcher_k_2026-08-25.csv,kevingausman,,,,,,PENDING
2026-08-25,Kevin Gausman,5.5,over,123,rebet,160991,2026-08-24 12:59:21.824660+00:00,propline_free_sample,propline_pitcher_k_2026-08-25.csv,kevingausman,,,,,,PENDING
2026-08-25,Kevin Gausman,5.5,under,-171,rebet,160991,2026-08-24 12:59:21.824660+00:00,propline_free_sample,propline_pitcher_k_2026-08-25.csv,kevingausman,,,,,,PENDING
2026-08-25,Kevin Gausman,8.5,over,9900,kalshi,160991,2026-08-24 14:23:06.999189+00:00,propline_free_sample,propline_pitcher_k_2026-08-25.csv,kevingausman,,,,,,PENDING
2026-08-25,Kevin Gausman,8.5,under,-1900,kalshi,160991,2026-08-24 14:23:06.999189+00:00,propline_free_sample,propline_pitcher_k_2026-08-25.csv,kevingausman,,,,,,PENDING
2026-08-25,Kevin Gausman,4.5,over,100,prizepicks,160991,2026-08-24 15:34:14.221959+00:00,propline_free_sample,propline_pitcher_k_2026-08-25.csv,kevingausman,,,,,,PENDING
2026-08-25,Kevin Gausman,4.5,under,100,prizepicks,160991,2026-08-24 15:34:14.221959+00:00,propline_free_sample,propline_pitcher_k_2026-08-25.csv,kevingausman,,,,,,PENDING
2026-08-25,Kevin Gausman,4.5,over,-135,betmgm,160991,2026-08-24 15:59:04.651188+00:00,propline_free_sample,propline_pitcher_k_2026-08-25.csv,kevingausman,,,,,,PENDING
2026-08-25,Kevin Gausman,4.5,under,100,betmgm,160991,2026-08-24 15:59:04.651188+00:00,propline_free_sample,propline_pitcher_k_2026-08-25.csv,kevingausman,,,,,,PENDING
2026-08-25,Kevin Gausman,4.5,over,-113,fanduel,160991,2026-08-24 19:27:18.886643+00:00,propline_free_sample,propline_pitcher_k_2026-08-25.csv,kevingausman,,,,,,PENDING
2026-08-25,Kevin Gausman,4.5,under,-113,fanduel,160991,2026-08-24 19:27:18.886643+00:00,propline_free_sample,propline_pitcher_k_2026-08-25.csv,kevingausman,,,,,,PENDING
2026-08-25,Kevin Gausman,3.5,over,-9900,kalshi,160991,2026-08-24 19:29:14.761559+00:00,propline_free_sample,propline_pitcher_k_2026-08-25.csv,kevingausman,,,,,,PENDING
2026-08-25,Kevin Gausman,4.5,over,-109,rebet,160991,2026-08-24 19:55:47.464074+00:00,propline_free_sample,propline_pitcher_k_2026-08-25.csv,kevingausman,,,,,,PENDING
2026-08-25,Kevin Gausman,4.5,under,-127,rebet,160991,2026-08-24 19:55:47.464074+00:00,propline_free_sample,propline_pitcher_k_2026-08-25.csv,kevingausman,,,,,,PENDING
2026-08-25,Kevin Gausman,5.5,over,-138,kalshi,160991,2026-08-24 20:31:13.921646+00:00,propline_free_sample,propline_pitcher_k_2026-08-25.csv,kevingausman,,,,,,PENDING
2026-08-25,Kevin Gausman,5.5,under,9900,kalshi,160991,2026-08-24 20:31:13.921646+00:00,propline_free_sample,propline_pitcher_k_2026-08-25.csv,kevingausman,,,,,,PENDING
2026-08-25,Kevin Gausman,2.5,over,-3233,kalshi,160991,2026-08-24 20:42:25.269183+00:00,propline_free_sample,propline_pitcher_k_2026-08-25.csv,kevingausman,,,,,,PENDING
2026-08-25,Kevin Gausman,3.5,over,-335,novig,160991,2026-08-24 20:53:43.686462+00:00,propline_free_sample,propline_pitcher_k_2026-08-25.csv,kevingausman,,,,,,PENDING
2026-08-25,Kevin Gausman,3.5,under,9900,kalshi,160991,2026-08-24 21:19:33.698447+00:00,propline_free_sample,propline_pitcher_k_2026-08-25.csv,kevingausman,,,,,,PENDING
2026-08-25,Kevin Gausman,4.5,over,-106,underdog,160991,2026-08-24 22:01:22.911742+00:00,propline_free_sample,propline_pitcher_k_2026-08-25.csv,kevingausman,,,,,,PENDING
2026-08-25,Kevin Gausman,4.5,under,-129,underdog,160991,2026-08-24 22:01:22.911742+00:00,propline_free_sample,propline_pitcher_k_2026-08-25.csv,kevingausman,,,,,,PENDING
2026-08-25,Kevin Gausman,4.5,over,-120,draftkings,160991,2026-08-24 22:05:15.635394+00:00,propline_free_sample,propline_pitcher_k_2026-08-25.csv,kevingausman,,,,,,PENDING
2026-08-25,Kevin Gausman,4.5,under,-106,draftkings,160991,2026-08-24 22:05:15.635394+00:00,propline_free_sample,propline_pitcher_k_2026-08-25.csv,kevingausman,,,,,,PENDING
2026-08-25,Kevin Gausman,6.5,under,-669,novig,160991,2026-08-24 22:21:26.295957+00:00,propline_free_sample,propline_pitcher_k_2026-08-25.csv,kevingausman,,,,,,PENDING
2026-08-25,Kevin Gausman,4.5,over,-109,betrivers,160991,2026-08-24 22:39:03.260176+00:00,propline_free_sample,propline_pitcher_k_2026-08-25.csv,kevingausman,,,,,,PENDING
2026-08-25,Kevin Gausman,4.5,under,-122,betrivers,160991,2026-08-24 22:39:03.260176+00:00,propline_free_sample,propline_pitcher_k_2026-08-25.csv,kevingausman,,,,,,PENDING
2026-08-25,Kevin Gausman,5.5,under,-980,prophetx,160991,2026-08-24 22:43:29.320054+00:00,propline_free_sample,propline_pitcher_k_2026-08-25.csv,kevingausman,,,,,,PENDING
2026-08-25,Kevin Gausman,5.5,under,-400,novig,160991,2026-08-25 00:05:18.824476+00:00,propline_free_sample,propline_pitcher_k_2026-08-25.csv,kevingausman,,,,,,PENDING
2026-08-25,Kevin Gausman,4.5,over,-133,sleeper,160991,2026-08-25 00:06:07.265783+00:00,propline_free_sample,propline_pitcher_k_2026-08-25.csv,kevingausman,,,,,,PENDING
2026-08-25,Kevin Gausman,4.5,under,-123,sleeper,160991,2026-08-25 00:06:07.265783+00:00,propline_free_sample,propline_pitcher_k_2026-08-25.csv,kevingausman,,,,,,PENDING
2026-08-25,Kevin Gausman,4.5,over,111,dabble,160991,2026-08-25 00:20:32.626128+00:00,propline_free_sample,propline_pitcher_k_2026-08-25.csv,kevingausman,,,,,,PENDING
2026-08-25,Kevin Gausman,4.5,under,-110,dabble,160991,2026-08-25 00:20:32.626128+00:00,propline_free_sample,propline_pitcher_k_2026-08-25.csv,kevingausman,,,,,,PENDING
2026-08-25,Kevin Gausman,4.5,over,-105,onexbet,160991,2026-08-25 00:32:31.567623+00:00,propline_free_sample,propline_pitcher_k_2026-08-25.csv,kevingausman,,,,,,PENDING
2026-08-25,Kevin Gausman,4.5,under,-130,onexbet,160991,2026-08-25 00:32:31.567623+00:00,propline_free_sample,propline_pitcher_k_2026-08-25.csv,kevingausman,,,,,,PENDING
2026-08-25,Kevin Gausman,4.5,over,-113,pinnacle,160991,2026-08-25 01:18:29.906664+00:00,propline_free_sample,propline_pitcher_k_2026-08-25.csv,kevingausman,,,,,,PENDING
2026-08-25,Kevin Gausman,4.5,under,-117,pinnacle,160991,2026-08-25 01:18:29.906664+00:00,propline_free_sample,propline_pitcher_k_2026-08-25.csv,kevingausman,,,,,,PENDING
2026-08-25,Kevin Gausman,4.5,under,-102,novig,160991,2026-08-25 01:19:57.394573+00:00,propline_free_sample,propline_pitcher_k_2026-08-25.csv,kevingausman,,,,,,PENDING
2026-08-25,Kevin Gausman,5.5,over,-150,prophetx,160991,2026-08-25 01:20:36.488167+00:00,propline_free_sample,propline_pitcher_k_2026-08-25.csv,kevingausman,,,,,,PENDING
2026-08-25,Kevin Gausman,3.5,under,-388,novig,160991,2026-08-25 01:36:32.245940+00:00,propline_free_sample,propline_pitcher_k_2026-08-25.csv,kevingausman,,,,,,PENDING
2026-08-25,Kevin Gausman,7.5,over,9900,kalshi,160991,2026-08-25 01:38:07.118557+00:00,propline_free_sample,propline_pitcher_k_2026-08-25.csv,kevingausman,,,,,,PENDING
2026-08-25,Kevin Gausman,2.5,under,9900,kalshi,160991,2026-08-25 01:38:07.118557+00:00,propline_free_sample,propline_pitcher_k_2026-08-25.csv,kevingausman,,,,,,PENDING
2026-08-25,Kevin Gausman,6.5,under,-213,kalshi,160991,2026-08-25 01:38:07.118557+00:00,propline_free_sample,propline_pitcher_k_2026-08-25.csv,kevingausman,,,,,,PENDING
2026-08-25,Kevin Gausman,7.5,under,-9900,kalshi,160991,2026-08-25 01:38:07.118557+00:00,propline_free_sample,propline_pitcher_k_2026-08-25.csv,kevingausman,,,,,,PENDING
2026-08-25,Kevin Gausman,4.5,over,-530,prophetx,160991,2026-08-25 01:38:25.656548+00:00,propline_free_sample,propline_pitcher_k_2026-08-25.csv,kevingausman,,,,,,PENDING
2026-08-25,Kevin Gausman,4.5,under,-465,prophetx,160991,2026-08-25 01:38:25.656548+00:00,propline_free_sample,propline_pitcher_k_2026-08-25.csv,kevingausman,,,,,,PENDING
2026-08-25,Kevin Gausman,4.5,over,-120,novig,160991,2026-08-25 01:38:59.939110+00:00,propline_free_sample,propline_pitcher_k_2026-08-25.csv,kevingausman,,,,,,PENDING
2026-08-25,Kevin Gausman,5.5,over,174,novig,160991,2026-08-25 01:39:29.366827+00:00,propline_free_sample,propline_pitcher_k_2026-08-25.csv,kevingausman,,,,,,PENDING
2026-08-25,Kevin Gausman,6.5,over,376,novig,160991,2026-08-25 01:39:29.366827+00:00,propline_free_sample,propline_pitcher_k_2026-08-25.csv,kevingausman,,,,,,PENDING
2026-08-25,Kevin Gausman,4.5,over,-1567,kalshi,160991,2026-08-25 01:39:30.570185+00:00,propline_free_sample,propline_pitcher_k_2026-08-25.csv,kevingausman,,,,,,PENDING
2026-08-25,Kevin Gausman,6.5,over,9900,kalshi,160991,2026-08-25 01:39:30.570185+00:00,propline_free_sample,propline_pitcher_k_2026-08-25.csv,kevingausman,,,,,,PENDING
2026-08-25,Kevin Gausman,4.5,under,9900,kalshi,160991,2026-08-25 01:39:30.570185+00:00,propline_free_sample,propline_pitcher_k_2026-08-25.csv,kevingausman,,,,,,PENDING
2026-08-25,Kevin Gausman (CHC),4.5,over,-115,bovada,160991,2026-08-24 19:42:04.705841+00:00,propline_free_sample,propline_pitcher_k_2026-08-25.csv,kevingausmanchc,,,,,,PENDING
2026-08-25,Kevin Gausman (CHC),4.5,under,-115,bovada,160991,2026-08-24 19:42:04.705841+00:00,propline_free_sample,propline_pitcher_k_2026-08-25.csv,kevingausmanchc,,,,,,PENDING
2026-08-25,Logan Gilbert,6.5,over,100,prizepicks,160992,2026-08-24 00:43:45.443299+00:00,propline_free_sample,propline_pitcher_k_2026-08-25.csv,logangilbert,,,,,,PENDING
2026-08-25,Logan Gilbert,7.5,over,100,prizepicks,160992,2026-08-24 00:43:45.443299+00:00,propline_free_sample,propline_pitcher_k_2026-08-25.csv,logangilbert,,,,,,PENDING
2026-08-25,Logan Gilbert,3.5,over,100,prizepicks,160992,2026-08-24 00:43:45.443299+00:00,propline_free_sample,propline_pitcher_k_2026-08-25.csv,logangilbert,,,,,,PENDING
2026-08-25,Logan Gilbert,4.5,over,100,prizepicks,160992,2026-08-24 00:43:45.443299+00:00,propline_free_sample,propline_pitcher_k_2026-08-25.csv,logangilbert,,,,,,PENDING
2026-08-25,Logan Gilbert,6.5,under,100,prizepicks,160992,2026-08-24 00:43:45.443299+00:00,propline_free_sample,propline_pitcher_k_2026-08-25.csv,logangilbert,,,,,,PENDING
2026-08-25,Logan Gilbert,7.5,under,100,prizepicks,160992,2026-08-24 00:43:45.443299+00:00,propline_free_sample,propline_pitcher_k_2026-08-25.csv,logangilbert,,,,,,PENDING
2026-08-25,Logan Gilbert,3.5,under,100,prizepicks,160992,2026-08-24 00:43:45.443299+00:00,propline_free_sample,propline_pitcher_k_2026-08-25.csv,logangilbert,,,,,,PENDING
2026-08-25,Logan Gilbert,4.5,under,100,prizepicks,160992,2026-08-24 00:43:45.443299+00:00,propline_free_sample,propline_pitcher_k_2026-08-25.csv,logangilbert,,,,,,PENDING
2026-08-25,Logan Gilbert,8.5,over,100,prizepicks,160992,2026-08-24 01:10:37.220567+00:00,propline_free_sample,propline_pitcher_k_2026-08-25.csv,logangilbert,,,,,,PENDING
2026-08-25,Logan Gilbert,9.5,over,100,prizepicks,160992,2026-08-24 01:10:37.220567+00:00,propline_free_sample,propline_pitcher_k_2026-08-25.csv,logangilbert,,,,,,PENDING
2026-08-25,Logan Gilbert,8.5,under,100,prizepicks,160992,2026-08-24 01:10:37.220567+00:00,propline_free_sample,propline_pitcher_k_2026-08-25.csv,logangilbert,,,,,,PENDING
2026-08-25,Logan Gilbert,9.5,under,100,prizepicks,160992,2026-08-24 01:10:37.220567+00:00,propline_free_sample,propline_pitcher_k_2026-08-25.csv,logangilbert,,,,,,PENDING
2026-08-25,Logan Gilbert,5.5,over,100,prizepicks,160992,2026-08-24 03:25:09.299030+00:00,propline_free_sample,propline_pitcher_k_2026-08-25.csv,logangilbert,,,,,,PENDING
2026-08-25,Logan Gilbert,5.5,under,100,prizepicks,160992,2026-08-24 03:25:09.299030+00:00,propline_free_sample,propline_pitcher_k_2026-08-25.csv,logangilbert,,,,,,PENDING
2026-08-25,Logan Gilbert,6.0,over,100,prizepicks,160992,2026-08-24 10:26:50.411424+00:00,propline_free_sample,propline_pitcher_k_2026-08-25.csv,logangilbert,,,,,,PENDING
2026-08-25,Logan Gilbert,6.0,under,100,prizepicks,160992,2026-08-24 10:26:50.411424+00:00,propline_free_sample,propline_pitcher_k_2026-08-25.csv,logangilbert,,,,,,PENDING
2026-08-25,Logan Gilbert,5.5,over,9900,kalshi,160992,2026-08-24 10:26:58.784980+00:00,propline_free_sample,propline_pitcher_k_2026-08-25.csv,logangilbert,,,,,,PENDING
2026-08-25,Logan Gilbert,5.5,under,-1900,kalshi,160992,2026-08-24 10:26:58.784980+00:00,propline_free_sample,propline_pitcher_k_2026-08-25.csv,logangilbert,,,,,,PENDING
2026-08-25,Logan Gilbert,5.5,over,-154,smarkets,160992,2026-08-24 13:16:34.991381+00:00,propline_free_sample,propline_pitcher_k_2026-08-25.csv,logangilbert,,,,,,PENDING
2026-08-25,Logan Gilbert,5.5,over,-163,rebet,160992,2026-08-24 13:26:02.041941+00:00,propline_free_sample,propline_pitcher_k_2026-08-25.csv,logangilbert,,,,,,PENDING
2026-08-25,Logan Gilbert,5.5,under,117,rebet,160992,2026-08-24 13:26:02.041941+00:00,propline_free_sample,propline_pitcher_k_2026-08-25.csv,logangilbert,,,,,,PENDING
2026-08-25,Logan Gilbert,4.5,over,-155,betmgm,160992,2026-08-24 13:38:14.789210+00:00,propline_free_sample,propline_pitcher_k_2026-08-25.csv,logangilbert,,,,,,PENDING
2026-08-25,Logan Gilbert,4.5,under,115,betmgm,160992,2026-08-24 13:38:14.789210+00:00,propline_free_sample,propline_pitcher_k_2026-08-25.csv,logangilbert,,,,,,PENDING
2026-08-25,Logan Gilbert,5.5,under,110,smarkets,160992,2026-08-24 13:47:00.882927+00:00,propline_free_sample,propline_pitcher_k_2026-08-25.csv,logangilbert,,,,,,PENDING
2026-08-25,Logan Gilbert,6.5,over,118,draftkings,160992,2026-08-24 16:28:22.521844+00:00,propline_free_sample,propline_pitcher_k_2026-08-25.csv,logangilbert,,,,,,PENDING
2026-08-25,Logan Gilbert,6.5,under,-150,draftkings,160992,2026-08-24 16:28:22.521844+00:00,propline_free_sample,propline_pitcher_k_2026-08-25.csv,logangilbert,,,,,,PENDING
2026-08-25,Logan Gilbert,5.5,under,-160,prophetx,160992,2026-08-24 18:31:42.694301+00:00,propline_free_sample,propline_pitcher_k_2026-08-25.csv,logangilbert,,,,,,PENDING
2026-08-25,Logan Gilbert,9.5,under,-9900,kalshi,160992,2026-08-24 21:15:48.882736+00:00,propline_free_sample,propline_pitcher_k_2026-08-25.csv,logangilbert,,,,,,PENDING
2026-08-25,Logan Gilbert,6.5,over,113,underdog,160992,2026-08-24 21:21:25.940465+00:00,propline_free_sample,propline_pitcher_k_2026-08-25.csv,logangilbert,,,,,,PENDING
2026-08-25,Logan Gilbert,6.5,under,-154,underdog,160992,2026-08-24 21:21:25.940465+00:00,propline_free_sample,propline_pitcher_k_2026-08-25.csv,logangilbert,,,,,,PENDING
2026-08-25,Logan Gilbert,5.5,over,-204,sleeper,160992,2026-08-24 22:19:14.387037+00:00,propline_free_sample,propline_pitcher_k_2026-08-25.csv,logangilbert,,,,,,PENDING
2026-08-25,Logan Gilbert,5.5,under,118,sleeper,160992,2026-08-24 22:33:17.293524+00:00,propline_free_sample,propline_pitcher_k_2026-08-25.csv,logangilbert,,,,,,PENDING
2026-08-25,Logan Gilbert,9.5,over,9900,kalshi,160992,2026-08-24 23:34:17.285036+00:00,propline_free_sample,propline_pitcher_k_2026-08-25.csv,logangilbert,,,,,,PENDING
2026-08-25,Logan Gilbert,5.5,over,-159,betrivers,160992,2026-08-25 00:00:28.564835+00:00,propline_free_sample,propline_pitcher_k_2026-08-25.csv,logangilbert,,,,,,PENDING
2026-08-25,Logan Gilbert,5.5,under,120,betrivers,160992,2026-08-25 00:00:28.564835+00:00,propline_free_sample,propline_pitcher_k_2026-08-25.csv,logangilbert,,,,,,PENDING
2026-08-25,Logan Gilbert,8.5,over,9900,kalshi,160992,2026-08-25 00:02:25.958404+00:00,propline_free_sample,propline_pitcher_k_2026-08-25.csv,logangilbert,,,,,,PENDING
2026-08-25,Logan Gilbert,8.5,under,-9900,kalshi,160992,2026-08-25 00:02:25.958404+00:00,propline_free_sample,propline_pitcher_k_2026-08-25.csv,logangilbert,,,,,,PENDING
2026-08-25,Logan Gilbert,4.5,over,-1329,kalshi,160992,2026-08-25 00:05:19.384578+00:00,propline_free_sample,propline_pitcher_k_2026-08-25.csv,logangilbert,,,,,,PENDING
2026-08-25,Logan Gilbert,5.5,over,-160,onexbet,160992,2026-08-25 00:06:33.736156+00:00,propline_free_sample,propline_pitcher_k_2026-08-25.csv,logangilbert,,,,,,PENDING
2026-08-25,Logan Gilbert,5.5,under,120,onexbet,160992,2026-08-25 00:06:33.736156+00:00,propline_free_sample,propline_pitcher_k_2026-08-25.csv,logangilbert,,,,,,PENDING
2026-08-25,Logan Gilbert,6.5,over,130,novig,160992,2026-08-25 00:07:50.039763+00:00,propline_free_sample,propline_pitcher_k_2026-08-25.csv,logangilbert,,,,,,PENDING
2026-08-25,Logan Gilbert,2.5,over,-2400,kalshi,160992,2026-08-25 00:37:30.513270+00:00,propline_free_sample,propline_pitcher_k_2026-08-25.csv,logangilbert,,,,,,PENDING
2026-08-25,Logan Gilbert,2.5,under,9900,kalshi,160992,2026-08-25 00:37:30.513270+00:00,propline_free_sample,propline_pitcher_k_2026-08-25.csv,logangilbert,,,,,,PENDING
2026-08-25,Logan Gilbert,5.5,over,-150,novig,160992,2026-08-25 00:48:27.572027+00:00,propline_free_sample,propline_pitcher_k_2026-08-25.csv,logangilbert,,,,,,PENDING
2026-08-25,Logan Gilbert,7.5,over,9900,kalshi,160992,2026-08-25 01:03:29.667729+00:00,propline_free_sample,propline_pitcher_k_2026-08-25.csv,logangilbert,,,,,,PENDING
2026-08-25,Logan Gilbert,7.5,under,-1900,kalshi,160992,2026-08-25 01:03:29.667729+00:00,propline_free_sample,propline_pitcher_k_2026-08-25.csv,logangilbert,,,,,,PENDING
2026-08-25,Logan Gilbert,4.5,over,-365,novig,160992,2026-08-25 01:06:59.151150+00:00,propline_free_sample,propline_pitcher_k_2026-08-25.csv,logangilbert,,,,,,PENDING
2026-08-25,Logan Gilbert,4.5,under,317,novig,160992,2026-08-25 01:07:31.321654+00:00,propline_free_sample,propline_pitcher_k_2026-08-25.csv,logangilbert,,,,,,PENDING
2026-08-25,Logan Gilbert,6.5,over,118,fanduel,160992,2026-08-25 01:16:22.404292+00:00,propline_free_sample,propline_pitcher_k_2026-08-25.csv,logangilbert,,,,,,PENDING
2026-08-25,Logan Gilbert,6.5,under,-150,fanduel,160992,2026-08-25 01:16:22.404292+00:00,propline_free_sample,propline_pitcher_k_2026-08-25.csv,logangilbert,,,,,,PENDING
2026-08-25,Logan Gilbert,5.5,over,-174,pinnacle,160992,2026-08-25 01:16:29.421966+00:00,propline_free_sample,propline_pitcher_k_2026-08-25.csv,logangilbert,,,,,,PENDING
2026-08-25,Logan Gilbert,5.5,under,130,pinnacle,160992,2026-08-25 01:16:29.421966+00:00,propline_free_sample,propline_pitcher_k_2026-08-25.csv,logangilbert,,,,,,PENDING
2026-08-25,Logan Gilbert,5.5,under,144,novig,160992,2026-08-25 01:32:54.388594+00:00,propline_free_sample,propline_pitcher_k_2026-08-25.csv,logangilbert,,,,,,PENDING
2026-08-25,Logan Gilbert,6.5,over,141,dabble,160992,2026-08-25 01:36:08.206284+00:00,propline_free_sample,propline_pitcher_k_2026-08-25.csv,logangilbert,,,,,,PENDING
2026-08-25,Logan Gilbert,6.5,under,-139,dabble,160992,2026-08-25 01:36:08.206284+00:00,propline_free_sample,propline_pitcher_k_2026-08-25.csv,logangilbert,,,,,,PENDING
2026-08-25,Logan Gilbert,4.5,under,9900,kalshi,160992,2026-08-25 01:36:13.678282+00:00,propline_free_sample,propline_pitcher_k_2026-08-25.csv,logangilbert,,,,,,PENDING
2026-08-25,Logan Gilbert,6.5,under,-355,kalshi,160992,2026-08-25 01:36:13.678282+00:00,propline_free_sample,propline_pitcher_k_2026-08-25.csv,logangilbert,,,,,,PENDING
2026-08-25,Logan Gilbert,6.5,under,-141,novig,160992,2026-08-25 01:36:32.382621+00:00,propline_free_sample,propline_pitcher_k_2026-08-25.csv,logangilbert,,,,,,PENDING
2026-08-25,Logan Gilbert,5.5,over,-101,prophetx,160992,2026-08-25 01:39:02.482248+00:00,propline_free_sample,propline_pitcher_k_2026-08-25.csv,logangilbert,,,,,,PENDING
2026-08-25,Logan Gilbert,3.5,over,-2400,kalshi,160992,2026-08-25 01:39:30.962444+00:00,propline_free_sample,propline_pitcher_k_2026-08-25.csv,logangilbert,,,,,,PENDING
2026-08-25,Logan Gilbert,6.5,over,9900,kalshi,160992,2026-08-25 01:39:30.962444+00:00,propline_free_sample,propline_pitcher_k_2026-08-25.csv,logangilbert,,,,,,PENDING
2026-08-25,Logan Gilbert,3.5,under,9900,kalshi,160992,2026-08-25 01:39:30.962444+00:00,propline_free_sample,propline_pitcher_k_2026-08-25.csv,logangilbert,,,,,,PENDING
2026-08-25,Logan Gilbert (SEA),6.5,over,115,bovada,160992,2026-08-25 01:37:47.982210+00:00,propline_free_sample,propline_pitcher_k_2026-08-25.csv,logangilbertsea,,,,,,PENDING
2026-08-25,Logan Gilbert (SEA),6.5,under,-150,bovada,160992,2026-08-25 01:37:47.982210+00:00,propline_free_sample,propline_pitcher_k_2026-08-25.csv,logangilbertsea,,,,,,PENDING
2026-08-25,Merrill Kelly,6.5,over,100,prizepicks,160991,2026-08-24 06:17:30.915958+00:00,propline_free_sample,propline_pitcher_k_2026-08-25.csv,merrillkelly,,,,,,PENDING
2026-08-25,Merrill Kelly,3.5,over,100,prizepicks,160991,2026-08-24 06:17:30.915958+00:00,propline_free_sample,propline_pitcher_k_2026-08-25.csv,merrillkelly,,,,,,PENDING
2026-08-25,Merrill Kelly,6.5,under,100,prizepicks,160991,2026-08-24 06:17:30.915958+00:00,propline_free_sample,propline_pitcher_k_2026-08-25.csv,merrillkelly,,,,,,PENDING
2026-08-25,Merrill Kelly,3.5,under,100,prizepicks,160991,2026-08-24 06:17:30.915958+00:00,propline_free_sample,propline_pitcher_k_2026-08-25.csv,merrillkelly,,,,,,PENDING
2026-08-25,Merrill Kelly,5.5,over,100,prizepicks,160991,2026-08-24 06:28:17.076619+00:00,propline_free_sample,propline_pitcher_k_2026-08-25.csv,merrillkelly,,,,,,PENDING
2026-08-25,Merrill Kelly,4.5,over,100,prizepicks,160991,2026-08-24 06:28:17.076619+00:00,propline_free_sample,propline_pitcher_k_2026-08-25.csv,merrillkelly,,,,,,PENDING
2026-08-25,Merrill Kelly,7.5,over,100,prizepicks,160991,2026-08-24 06:28:17.076619+00:00,propline_free_sample,propline_pitcher_k_2026-08-25.csv,merrillkelly,,,,,,PENDING
2026-08-25,Merrill Kelly,2.5,over,100,prizepicks,160991,2026-08-24 06:28:17.076619+00:00,propline_free_sample,propline_pitcher_k_2026-08-25.csv,merrillkelly,,,,,,PENDING
2026-08-25,Merrill Kelly,5.5,under,100,prizepicks,160991,2026-08-24 06:28:17.076619+00:00,propline_free_sample,propline_pitcher_k_2026-08-25.csv,merrillkelly,,,,,,PENDING
2026-08-25,Merrill Kelly,4.5,under,100,prizepicks,160991,2026-08-24 06:28:17.076619+00:00,propline_free_sample,propline_pitcher_k_2026-08-25.csv,merrillkelly,,,,,,PENDING
2026-08-25,Merrill Kelly,7.5,under,100,prizepicks,160991,2026-08-24 06:28:17.076619+00:00,propline_free_sample,propline_pitcher_k_2026-08-25.csv,merrillkelly,,,,,,PENDING
2026-08-25,Merrill Kelly,2.5,under,100,prizepicks,160991,2026-08-24 06:28:17.076619+00:00,propline_free_sample,propline_pitcher_k_2026-08-25.csv,merrillkelly,,,,,,PENDING
2026-08-25,Merrill Kelly,7.5,over,9900,kalshi,160991,2026-08-24 06:28:23.727909+00:00,propline_free_sample,propline_pitcher_k_2026-08-25.csv,merrillkelly,,,,,,PENDING
2026-08-25,Merrill Kelly,7.5,under,-1900,kalshi,160991,2026-08-24 06:28:23.727909+00:00,propline_free_sample,propline_pitcher_k_2026-08-25.csv,merrillkelly,,,,,,PENDING
2026-08-25,Merrill Kelly,2.5,over,-1011,kalshi,160991,2026-08-24 07:00:40.840892+00:00,propline_free_sample,propline_pitcher_k_2026-08-25.csv,merrillkelly,,,,,,PENDING
2026-08-25,Merrill Kelly,3.5,over,-154,underdog,160991,2026-08-24 07:11:20.335661+00:00,propline_free_sample,propline_pitcher_k_2026-08-25.csv,merrillkelly,,,,,,PENDING
2026-08-25,Merrill Kelly,3.5,under,114,underdog,160991,2026-08-24 07:11:20.335661+00:00,propline_free_sample,propline_pitcher_k_2026-08-25.csv,merrillkelly,,,,,,PENDING
2026-08-25,Merrill Kelly,1.5,over,-2400,kalshi,160991,2026-08-24 09:43:17.154068+00:00,propline_free_sample,propline_pitcher_k_2026-08-25.csv,merrillkelly,,,,,,PENDING
2026-08-25,Merrill Kelly,1.5,under,9900,kalshi,160991,2026-08-24 09:43:17.154068+00:00,propline_free_sample,propline_pitcher_k_2026-08-25.csv,merrillkelly,,,,,,PENDING
2026-08-25,Merrill Kelly,2.5,under,9900,kalshi,160991,2026-08-24 09:43:17.154068+00:00,propline_free_sample,propline_pitcher_k_2026-08-25.csv,merrillkelly,,,,,,PENDING
2026-08-25,Merrill Kelly,4.0,over,100,prizepicks,160991,2026-08-24 10:26:49.980535+00:00,propline_free_sample,propline_pitcher_k_2026-08-25.csv,merrillkelly,,,,,,PENDING
2026-08-25,Merrill Kelly,4.0,under,100,prizepicks,160991,2026-08-24 10:26:49.980535+00:00,propline_free_sample,propline_pitcher_k_2026-08-25.csv,merrillkelly,,,,,,PENDING
2026-08-25,Merrill Kelly,5.5,over,9900,kalshi,160991,2026-08-24 12:04:41.968515+00:00,propline_free_sample,propline_pitcher_k_2026-08-25.csv,merrillkelly,,,,,,PENDING
2026-08-25,Merrill Kelly,5.5,under,-1150,kalshi,160991,2026-08-24 12:04:41.968515+00:00,propline_free_sample,propline_pitcher_k_2026-08-25.csv,merrillkelly,,,,,,PENDING
2026-08-25,Merrill Kelly,3.5,over,-156,smarkets,160991,2026-08-24 17:53:39.096353+00:00,propline_free_sample,propline_pitcher_k_2026-08-25.csv,merrillkelly,,,,,,PENDING
2026-08-25,Merrill Kelly,3.5,under,134,dabble,160991,2026-08-24 18:56:17.138955+00:00,propline_free_sample,propline_pitcher_k_2026-08-25.csv,merrillkelly,,,,,,PENDING
2026-08-25,Merrill Kelly,3.5,under,112,smarkets,160991,2026-08-24 18:56:46.107735+00:00,propline_free_sample,propline_pitcher_k_2026-08-25.csv,merrillkelly,,,,,,PENDING
2026-08-25,Merrill Kelly,2.5,over,-326,novig,160991,2026-08-24 19:25:59.048923+00:00,propline_free_sample,propline_pitcher_k_2026-08-25.csv,merrillkelly,,,,,,PENDING
2026-08-25,Merrill Kelly,2.5,under,315,novig,160991,2026-08-24 19:27:38.880293+00:00,propline_free_sample,propline_pitcher_k_2026-08-25.csv,merrillkelly,,,,,,PENDING
2026-08-25,Merrill Kelly,3.5,over,-164,sleeper,160991,2026-08-24 19:29:10.656603+00:00,propline_free_sample,propline_pitcher_k_2026-08-25.csv,merrillkelly,,,,,,PENDING
2026-08-25,Merrill Kelly,3.5,over,-150,pinnacle,160991,2026-08-24 19:46:02.413948+00:00,propline_free_sample,propline_pitcher_k_2026-08-25.csv,merrillkelly,,,,,,PENDING
2026-08-25,Merrill Kelly,3.5,under,113,pinnacle,160991,2026-08-24 19:46:02.413948+00:00,propline_free_sample,propline_pitcher_k_2026-08-25.csv,merrillkelly,,,,,,PENDING
2026-08-25,Merrill Kelly,3.5,over,-155,onexbet,160991,2026-08-24 21:29:19.996108+00:00,propline_free_sample,propline_pitcher_k_2026-08-25.csv,merrillkelly,,,,,,PENDING
2026-08-25,Merrill Kelly,3.5,under,115,onexbet,160991,2026-08-24 21:29:19.996108+00:00,propline_free_sample,propline_pitcher_k_2026-08-25.csv,merrillkelly,,,,,,PENDING
2026-08-25,Merrill Kelly,6.5,over,9900,kalshi,160991,2026-08-24 21:46:07.566263+00:00,propline_free_sample,propline_pitcher_k_2026-08-25.csv,merrillkelly,,,,,,PENDING
2026-08-25,Merrill Kelly,6.5,under,-1900,kalshi,160991,2026-08-24 21:46:07.566263+00:00,propline_free_sample,propline_pitcher_k_2026-08-25.csv,merrillkelly,,,,,,PENDING
2026-08-25,Merrill Kelly,3.5,over,-136,fanduel,160991,2026-08-24 21:57:22.431688+00:00,propline_free_sample,propline_pitcher_k_2026-08-25.csv,merrillkelly,,,,,,PENDING
2026-08-25,Merrill Kelly,3.5,under,106,fanduel,160991,2026-08-24 21:57:22.431688+00:00,propline_free_sample,propline_pitcher_k_2026-08-25.csv,merrillkelly,,,,,,PENDING
2026-08-25,Merrill Kelly,3.5,over,-132,dabble,160991,2026-08-24 22:01:25.426646+00:00,propline_free_sample,propline_pitcher_k_2026-08-25.csv,merrillkelly,,,,,,PENDING
2026-08-25,Merrill Kelly,3.5,over,125,betmgm,160991,2026-08-24 22:19:38.261035+00:00,propline_free_sample,propline_pitcher_k_2026-08-25.csv,merrillkelly,,,,,,PENDING
2026-08-25,Merrill Kelly,3.5,under,-165,betmgm,160991,2026-08-24 22:19:38.261035+00:00,propline_free_sample,propline_pitcher_k_2026-08-25.csv,merrillkelly,,,,,,PENDING
2026-08-25,Merrill Kelly,3.5,over,-148,draftkings,160991,2026-08-24 22:23:00.926581+00:00,propline_free_sample,propline_pitcher_k_2026-08-25.csv,merrillkelly,,,,,,PENDING
2026-08-25,Merrill Kelly,3.5,under,116,draftkings,160991,2026-08-24 22:23:00.926581+00:00,propline_free_sample,propline_pitcher_k_2026-08-25.csv,merrillkelly,,,,,,PENDING
2026-08-25,Merrill Kelly,3.5,over,-525,kalshi,160991,2026-08-24 22:25:35.296933+00:00,propline_free_sample,propline_pitcher_k_2026-08-25.csv,merrillkelly,,,,,,PENDING
2026-08-25,Merrill Kelly,4.5,over,9900,kalshi,160991,2026-08-24 22:25:35.296933+00:00,propline_free_sample,propline_pitcher_k_2026-08-25.csv,merrillkelly,,,,,,PENDING
2026-08-25,Merrill Kelly,3.5,under,9900,kalshi,160991,2026-08-24 22:25:35.296933+00:00,propline_free_sample,propline_pitcher_k_2026-08-25.csv,merrillkelly,,,,,,PENDING
2026-08-25,Merrill Kelly,4.5,under,-733,kalshi,160991,2026-08-24 22:25:35.296933+00:00,propline_free_sample,propline_pitcher_k_2026-08-25.csv,merrillkelly,,,,,,PENDING
2026-08-25,Merrill Kelly,3.5,over,-145,rebet,160991,2026-08-24 22:26:10.222857+00:00,propline_free_sample,propline_pitcher_k_2026-08-25.csv,merrillkelly,,,,,,PENDING
2026-08-25,Merrill Kelly,3.5,under,105,rebet,160991,2026-08-24 22:26:10.222857+00:00,propline_free_sample,propline_pitcher_k_2026-08-25.csv,merrillkelly,,,,,,PENDING
2026-08-25,Merrill Kelly,3.5,over,-155,betrivers,160991,2026-08-24 22:40:59.981185+00:00,propline_free_sample,propline_pitcher_k_2026-08-25.csv,merrillkelly,,,,,,PENDING
2026-08-25,Merrill Kelly,3.5,under,115,betrivers,160991,2026-08-24 22:40:59.981185+00:00,propline_free_sample,propline_pitcher_k_2026-08-25.csv,merrillkelly,,,,,,PENDING
2026-08-25,Merrill Kelly,3.5,under,100,sleeper,160991,2026-08-25 00:39:36.389175+00:00,propline_free_sample,propline_pitcher_k_2026-08-25.csv,merrillkelly,,,,,,PENDING
2026-08-25,Merrill Kelly,3.5,under,115,prophetx,160991,2026-08-25 01:20:36.488167+00:00,propline_free_sample,propline_pitcher_k_2026-08-25.csv,merrillkelly,,,,,,PENDING
2026-08-25,Merrill Kelly,3.5,over,-1438,novig,160991,2026-08-25 01:22:57.675421+00:00,propline_free_sample,propline_pitcher_k_2026-08-25.csv,merrillkelly,,,,,,PENDING
2026-08-25,Merrill Kelly,4.5,over,170,novig,160991,2026-08-25 01:36:32.245940+00:00,propline_free_sample,propline_pitcher_k_2026-08-25.csv,merrillkelly,,,,,,PENDING
2026-08-25,Merrill Kelly,3.5,over,-123,prophetx,160991,2026-08-25 01:38:25.656548+00:00,propline_free_sample,propline_pitcher_k_2026-08-25.csv,merrillkelly,,,,,,PENDING
2026-08-25,Merrill Kelly,3.5,under,-700,novig,160991,2026-08-25 01:38:59.939110+00:00,propline_free_sample,propline_pitcher_k_2026-08-25.csv,merrillkelly,,,,,,PENDING
2026-08-25,Merrill Kelly,4.5,under,-186,novig,160991,2026-08-25 01:39:29.366827+00:00,propline_free_sample,propline_pitcher_k_2026-08-25.csv,merrillkelly,,,,,,PENDING
2026-08-25,Merrill Kelly (ARIZ),3.5,over,-135,bovada,160991,2026-08-24 22:07:09.327394+00:00,propline_free_sample,propline_pitcher_k_2026-08-25.csv,merrillkellyariz,,,,,,PENDING
2026-08-25,Merrill Kelly (ARIZ),3.5,under,105,bovada,160991,2026-08-24 22:07:09.327394+00:00,propline_free_sample,propline_pitcher_k_2026-08-25.csv,merrillkellyariz,,,,,,PENDING
2026-08-25,Robbie Ray,5.5,over,100,prizepicks,160990,2026-08-23 23:31:56.843850+00:00,propline_free_sample,propline_pitcher_k_2026-08-25.csv,robbieray,,,,,,PENDING
2026-08-25,Robbie Ray,6.5,over,100,prizepicks,160990,2026-08-23 23:31:56.843850+00:00,propline_free_sample,propline_pitcher_k_2026-08-25.csv,robbieray,,,,,,PENDING
2026-08-25,Robbie Ray,3.5,over,100,prizepicks,160990,2026-08-23 23:31:56.843850+00:00,propline_free_sample,propline_pitcher_k_2026-08-25.csv,robbieray,,,,,,PENDING
2026-08-25,Robbie Ray,5.5,under,100,prizepicks,160990,2026-08-23 23:31:56.843850+00:00,propline_free_sample,propline_pitcher_k_2026-08-25.csv,robbieray,,,,,,PENDING
2026-08-25,Robbie Ray,6.5,under,100,prizepicks,160990,2026-08-23 23:31:56.843850+00:00,propline_free_sample,propline_pitcher_k_2026-08-25.csv,robbieray,,,,,,PENDING
2026-08-25,Robbie Ray,3.5,under,100,prizepicks,160990,2026-08-23 23:31:56.843850+00:00,propline_free_sample,propline_pitcher_k_2026-08-25.csv,robbieray,,,,,,PENDING
2026-08-25,Robbie Ray,7.5,over,100,prizepicks,160990,2026-08-24 01:10:36.610610+00:00,propline_free_sample,propline_pitcher_k_2026-08-25.csv,robbieray,,,,,,PENDING
2026-08-25,Robbie Ray,8.5,over,100,prizepicks,160990,2026-08-24 01:10:36.610610+00:00,propline_free_sample,propline_pitcher_k_2026-08-25.csv,robbieray,,,,,,PENDING
2026-08-25,Robbie Ray,9.5,over,100,prizepicks,160990,2026-08-24 01:10:36.610610+00:00,propline_free_sample,propline_pitcher_k_2026-08-25.csv,robbieray,,,,,,PENDING
2026-08-25,Robbie Ray,4.5,over,100,prizepicks,160990,2026-08-24 01:10:36.610610+00:00,propline_free_sample,propline_pitcher_k_2026-08-25.csv,robbieray,,,,,,PENDING
2026-08-25,Robbie Ray,7.5,under,100,prizepicks,160990,2026-08-24 01:10:36.610610+00:00,propline_free_sample,propline_pitcher_k_2026-08-25.csv,robbieray,,,,,,PENDING
2026-08-25,Robbie Ray,8.5,under,100,prizepicks,160990,2026-08-24 01:10:36.610610+00:00,propline_free_sample,propline_pitcher_k_2026-08-25.csv,robbieray,,,,,,PENDING
2026-08-25,Robbie Ray,9.5,under,100,prizepicks,160990,2026-08-24 01:10:36.610610+00:00,propline_free_sample,propline_pitcher_k_2026-08-25.csv,robbieray,,,,,,PENDING
2026-08-25,Robbie Ray,4.5,under,100,prizepicks,160990,2026-08-24 01:10:36.610610+00:00,propline_free_sample,propline_pitcher_k_2026-08-25.csv,robbieray,,,,,,PENDING
2026-08-25,Robbie Ray,9.5,under,-9900,kalshi,160990,2026-08-24 01:27:29.422021+00:00,propline_free_sample,propline_pitcher_k_2026-08-25.csv,robbieray,,,,,,PENDING
2026-08-25,Robbie Ray,9.5,over,9900,kalshi,160990,2026-08-24 02:31:56.705306+00:00,propline_free_sample,propline_pitcher_k_2026-08-25.csv,robbieray,,,,,,PENDING
2026-08-25,Robbie Ray,8.5,over,9900,kalshi,160990,2026-08-24 10:59:06.397975+00:00,propline_free_sample,propline_pitcher_k_2026-08-25.csv,robbieray,,,,,,PENDING
2026-08-25,Robbie Ray,8.5,under,-1900,kalshi,160990,2026-08-24 11:23:28.262351+00:00,propline_free_sample,propline_pitcher_k_2026-08-25.csv,robbieray,,,,,,PENDING
2026-08-25,Robbie Ray,4.5,over,-105,betmgm,160990,2026-08-24 11:39:07.369717+00:00,propline_free_sample,propline_pitcher_k_2026-08-25.csv,robbieray,,,,,,PENDING
2026-08-25,Robbie Ray,4.5,under,-130,betmgm,160990,2026-08-24 11:39:07.369717+00:00,propline_free_sample,propline_pitcher_k_2026-08-25.csv,robbieray,,,,,,PENDING
2026-08-25,Robbie Ray,4.5,over,-567,kalshi,160990,2026-08-24 15:58:37.710472+00:00,propline_free_sample,propline_pitcher_k_2026-08-25.csv,robbieray,,,,,,PENDING
2026-08-25,Robbie Ray,4.5,under,9900,kalshi,160990,2026-08-24 15:58:37.710472+00:00,propline_free_sample,propline_pitcher_k_2026-08-25.csv,robbieray,,,,,,PENDING
2026-08-25,Robbie Ray,2.5,over,-2400,kalshi,160990,2026-08-24 17:30:38.156460+00:00,propline_free_sample,propline_pitcher_k_2026-08-25.csv,robbieray,,,,,,PENDING
2026-08-25,Robbie Ray,2.5,under,9900,kalshi,160990,2026-08-24 20:36:47.154798+00:00,propline_free_sample,propline_pitcher_k_2026-08-25.csv,robbieray,,,,,,PENDING
2026-08-25,Robbie Ray,4.5,under,194,novig,160990,2026-08-24 21:57:51.791167+00:00,propline_free_sample,propline_pitcher_k_2026-08-25.csv,robbieray,,,,,,PENDING
2026-08-25,Robbie Ray,3.5,over,-1011,kalshi,160990,2026-08-24 21:59:36.903154+00:00,propline_free_sample,propline_pitcher_k_2026-08-25.csv,robbieray,,,,,,PENDING
2026-08-25,Robbie Ray,5.5,over,-130,draftkings,160990,2026-08-24 22:52:18.182646+00:00,propline_free_sample,propline_pitcher_k_2026-08-25.csv,robbieray,,,,,,PENDING
2026-08-25,Robbie Ray,5.5,under,102,draftkings,160990,2026-08-24 22:52:18.182646+00:00,propline_free_sample,propline_pitcher_k_2026-08-25.csv,robbieray,,,,,,PENDING
2026-08-25,Robbie Ray,5.5,under,106,dabble,160990,2026-08-24 23:12:41.082129+00:00,propline_free_sample,propline_pitcher_k_2026-08-25.csv,robbieray,,,,,,PENDING
2026-08-25,Robbie Ray,6.5,over,170,novig,160990,2026-08-24 23:14:12.566639+00:00,propline_free_sample,propline_pitcher_k_2026-08-25.csv,robbieray,,,,,,PENDING
2026-08-25,Robbie Ray,6.5,over,9900,kalshi,160990,2026-08-24 23:14:13.888606+00:00,propline_free_sample,propline_pitcher_k_2026-08-25.csv,robbieray,,,,,,PENDING
2026-08-25,Robbie Ray,6.5,under,-1900,kalshi,160990,2026-08-24 23:14:13.888606+00:00,propline_free_sample,propline_pitcher_k_2026-08-25.csv,robbieray,,,,,,PENDING
2026-08-25,Robbie Ray,5.5,under,-112,smarkets,160990,2026-08-24 23:14:39.788785+00:00,propline_free_sample,propline_pitcher_k_2026-08-25.csv,robbieray,,,,,,PENDING
2026-08-25,Robbie Ray,6.5,under,-203,novig,160990,2026-08-24 23:21:12.473132+00:00,propline_free_sample,propline_pitcher_k_2026-08-25.csv,robbieray,,,,,,PENDING
2026-08-25,Robbie Ray,7.5,over,9900,kalshi,160990,2026-08-24 23:28:44.819370+00:00,propline_free_sample,propline_pitcher_k_2026-08-25.csv,robbieray,,,,,,PENDING
2026-08-25,Robbie Ray,7.5,under,-9900,kalshi,160990,2026-08-24 23:28:44.819370+00:00,propline_free_sample,propline_pitcher_k_2026-08-25.csv,robbieray,,,,,,PENDING
2026-08-25,Robbie Ray,5.5,over,-123,smarkets,160990,2026-08-24 23:40:37.943375+00:00,propline_free_sample,propline_pitcher_k_2026-08-25.csv,robbieray,,,,,,PENDING
2026-08-25,Robbie Ray,5.5,over,-132,underdog,160990,2026-08-24 23:44:08.887810+00:00,propline_free_sample,propline_pitcher_k_2026-08-25.csv,robbieray,,,,,,PENDING
2026-08-25,Robbie Ray,5.5,under,-104,underdog,160990,2026-08-24 23:44:08.887810+00:00,propline_free_sample,propline_pitcher_k_2026-08-25.csv,robbieray,,,,,,PENDING
2026-08-25,Robbie Ray,5.5,over,-120,onexbet,160990,2026-08-25 00:06:33.442264+00:00,propline_free_sample,propline_pitcher_k_2026-08-25.csv,robbieray,,,,,,PENDING
2026-08-25,Robbie Ray,5.5,under,-110,onexbet,160990,2026-08-25 00:06:33.442264+00:00,propline_free_sample,propline_pitcher_k_2026-08-25.csv,robbieray,,,,,,PENDING
2026-08-25,Robbie Ray,5.5,over,-133,rebet,160990,2026-08-25 00:39:58.414418+00:00,propline_free_sample,propline_pitcher_k_2026-08-25.csv,robbieray,,,,,,PENDING
2026-08-25,Robbie Ray,5.5,under,-104,rebet,160990,2026-08-25 00:39:58.414418+00:00,propline_free_sample,propline_pitcher_k_2026-08-25.csv,robbieray,,,,,,PENDING
2026-08-25,Robbie Ray,5.5,over,-143,pinnacle,160990,2026-08-25 00:52:38.136778+00:00,propline_free_sample,propline_pitcher_k_2026-08-25.csv,robbieray,,,,,,PENDING
2026-08-25,Robbie Ray,5.5,under,108,pinnacle,160990,2026-08-25 00:52:38.136778+00:00,propline_free_sample,propline_pitcher_k_2026-08-25.csv,robbieray,,,,,,PENDING
2026-08-25,Robbie Ray,5.5,under,-345,prophetx,160990,2026-08-25 00:53:03.892651+00:00,propline_free_sample,propline_pitcher_k_2026-08-25.csv,robbieray,,,,,,PENDING
2026-08-25,Robbie Ray,5.5,over,-132,fanduel,160990,2026-08-25 01:18:24.806732+00:00,propline_free_sample,propline_pitcher_k_2026-08-25.csv,robbieray,,,,,,PENDING
2026-08-25,Robbie Ray,5.5,under,104,fanduel,160990,2026-08-25 01:18:24.806732+00:00,propline_free_sample,propline_pitcher_k_2026-08-25.csv,robbieray,,,,,,PENDING
2026-08-25,Robbie Ray,5.5,under,111,novig,160990,2026-08-25 01:18:46.297725+00:00,propline_free_sample,propline_pitcher_k_2026-08-25.csv,robbieray,,,,,,PENDING
2026-08-25,Robbie Ray,5.5,over,-145,sleeper,160990,2026-08-25 01:20:17.911902+00:00,propline_free_sample,propline_pitcher_k_2026-08-25.csv,robbieray,,,,,,PENDING
2026-08-25,Robbie Ray,5.5,under,-114,sleeper,160990,2026-08-25 01:20:17.911902+00:00,propline_free_sample,propline_pitcher_k_2026-08-25.csv,robbieray,,,,,,PENDING
2026-08-25,Robbie Ray,4.5,over,-203,novig,160990,2026-08-25 01:20:57.493240+00:00,propline_free_sample,propline_pitcher_k_2026-08-25.csv,robbieray,,,,,,PENDING
2026-08-25,Robbie Ray,5.5,over,-117,betrivers,160990,2026-08-25 01:29:39.887202+00:00,propline_free_sample,propline_pitcher_k_2026-08-25.csv,robbieray,,,,,,PENDING
2026-08-25,Robbie Ray,5.5,under,-113,betrivers,160990,2026-08-25 01:29:39.887202+00:00,propline_free_sample,propline_pitcher_k_2026-08-25.csv,robbieray,,,,,,PENDING
2026-08-25,Robbie Ray,5.5,over,9900,kalshi,160990,2026-08-25 01:29:42.379834+00:00,propline_free_sample,propline_pitcher_k_2026-08-25.csv,robbieray,,,,,,PENDING
2026-08-25,Robbie Ray,5.5,under,-1900,kalshi,160990,2026-08-25 01:29:42.379834+00:00,propline_free_sample,propline_pitcher_k_2026-08-25.csv,robbieray,,,,,,PENDING
2026-08-25,Robbie Ray,5.5,over,-10000,prophetx,160990,2026-08-25 01:31:13.431817+00:00,propline_free_sample,propline_pitcher_k_2026-08-25.csv,robbieray,,,,,,PENDING
2026-08-25,Robbie Ray,5.5,over,-105,dabble,160990,2026-08-25 01:38:02.895568+00:00,propline_free_sample,propline_pitcher_k_2026-08-25.csv,robbieray,,,,,,PENDING
2026-08-25,Robbie Ray,3.5,under,9900,kalshi,160990,2026-08-25 01:38:07.334260+00:00,propline_free_sample,propline_pitcher_k_2026-08-25.csv,robbieray,,,,,,PENDING
2026-08-25,Robbie Ray,5.5,over,-120,novig,160990,2026-08-25 01:39:29.591511+00:00,propline_free_sample,propline_pitcher_k_2026-08-25.csv,robbieray,,,,,,PENDING
2026-08-25,Robbie Ray (SD),5.5,over,-135,bovada,160990,2026-08-25 01:37:48.239700+00:00,propline_free_sample,propline_pitcher_k_2026-08-25.csv,robbieraysd,,,,,,PENDING
2026-08-25,Robbie Ray (SD),5.5,under,105,bovada,160990,2026-08-25 01:37:48.239700+00:00,propline_free_sample,propline_pitcher_k_2026-08-25.csv,robbieraysd,,,,,,PENDING
2026-08-25,Zach Wheeler,6.5,over,-160,onexbet,160992,2026-08-25 00:06:33.736156+00:00,propline_free_sample,propline_pitcher_k_2026-08-25.csv,zachwheeler,,,,,,PENDING
2026-08-25,Zach Wheeler,6.5,under,120,onexbet,160992,2026-08-25 00:06:33.736156+00:00,propline_free_sample,propline_pitcher_k_2026-08-25.csv,zachwheeler,,,,,,PENDING
2026-08-25,Zack Wheeler,7.5,over,100,prizepicks,160992,2026-08-24 00:43:45.443299+00:00,propline_free_sample,propline_pitcher_k_2026-08-25.csv,zackwheeler,,,,,,PENDING
2026-08-25,Zack Wheeler,8.5,over,100,prizepicks,160992,2026-08-24 00:43:45.443299+00:00,propline_free_sample,propline_pitcher_k_2026-08-25.csv,zackwheeler,,,,,,PENDING
2026-08-25,Zack Wheeler,9.5,over,100,prizepicks,160992,2026-08-24 00:43:45.443299+00:00,propline_free_sample,propline_pitcher_k_2026-08-25.csv,zackwheeler,,,,,,PENDING
2026-08-25,Zack Wheeler,4.5,over,100,prizepicks,160992,2026-08-24 00:43:45.443299+00:00,propline_free_sample,propline_pitcher_k_2026-08-25.csv,zackwheeler,,,,,,PENDING
2026-08-25,Zack Wheeler,5.5,over,100,prizepicks,160992,2026-08-24 00:43:45.443299+00:00,propline_free_sample,propline_pitcher_k_2026-08-25.csv,zackwheeler,,,,,,PENDING
2026-08-25,Zack Wheeler,7.5,under,100,prizepicks,160992,2026-08-24 00:43:45.443299+00:00,propline_free_sample,propline_pitcher_k_2026-08-25.csv,zackwheeler,,,,,,PENDING
2026-08-25,Zack Wheeler,8.5,under,100,prizepicks,160992,2026-08-24 00:43:45.443299+00:00,propline_free_sample,propline_pitcher_k_2026-08-25.csv,zackwheeler,,,,,,PENDING
2026-08-25,Zack Wheeler,9.5,under,100,prizepicks,160992,2026-08-24 00:43:45.443299+00:00,propline_free_sample,propline_pitcher_k_2026-08-25.csv,zackwheeler,,,,,,PENDING
2026-08-25,Zack Wheeler,4.5,under,100,prizepicks,160992,2026-08-24 00:43:45.443299+00:00,propline_free_sample,propline_pitcher_k_2026-08-25.csv,zackwheeler,,,,,,PENDING
2026-08-25,Zack Wheeler,5.5,under,100,prizepicks,160992,2026-08-24 00:43:45.443299+00:00,propline_free_sample,propline_pitcher_k_2026-08-25.csv,zackwheeler,,,,,,PENDING
2026-08-25,Zack Wheeler,11.5,over,100,prizepicks,160992,2026-08-24 01:10:37.220567+00:00,propline_free_sample,propline_pitcher_k_2026-08-25.csv,zackwheeler,,,,,,PENDING
2026-08-25,Zack Wheeler,11.5,under,100,prizepicks,160992,2026-08-24 01:10:37.220567+00:00,propline_free_sample,propline_pitcher_k_2026-08-25.csv,zackwheeler,,,,,,PENDING
2026-08-25,Zack Wheeler,6.5,over,100,prizepicks,160992,2026-08-24 01:56:48.293845+00:00,propline_free_sample,propline_pitcher_k_2026-08-25.csv,zackwheeler,,,,,,PENDING
2026-08-25,Zack Wheeler,6.5,under,100,prizepicks,160992,2026-08-24 01:56:48.293845+00:00,propline_free_sample,propline_pitcher_k_2026-08-25.csv,zackwheeler,,,,,,PENDING
2026-08-25,Zack Wheeler,6.5,over,9900,kalshi,160992,2026-08-24 03:14:40.017632+00:00,propline_free_sample,propline_pitcher_k_2026-08-25.csv,zackwheeler,,,,,,PENDING
2026-08-25,Zack Wheeler,6.5,under,-9900,kalshi,160992,2026-08-24 03:14:40.017632+00:00,propline_free_sample,propline_pitcher_k_2026-08-25.csv,zackwheeler,,,,,,PENDING
2026-08-25,Zack Wheeler,7.5,over,117,pinnacle,160992,2026-08-24 05:12:51.157615+00:00,propline_free_sample,propline_pitcher_k_2026-08-25.csv,zackwheeler,,,,,,PENDING
2026-08-25,Zack Wheeler,7.5,under,-156,pinnacle,160992,2026-08-24 05:12:51.157615+00:00,propline_free_sample,propline_pitcher_k_2026-08-25.csv,zackwheeler,,,,,,PENDING
2026-08-25,Zack Wheeler,7.0,over,100,prizepicks,160992,2026-08-24 10:26:50.411424+00:00,propline_free_sample,propline_pitcher_k_2026-08-25.csv,zackwheeler,,,,,,PENDING
2026-08-25,Zack Wheeler,7.0,under,100,prizepicks,160992,2026-08-24 10:26:50.411424+00:00,propline_free_sample,propline_pitcher_k_2026-08-25.csv,zackwheeler,,,,,,PENDING
2026-08-25,Zack Wheeler,6.5,over,-149,smarkets,160992,2026-08-24 18:36:56.380149+00:00,propline_free_sample,propline_pitcher_k_2026-08-25.csv,zackwheeler,,,,,,PENDING
2026-08-25,Zack Wheeler,6.5,under,106,smarkets,160992,2026-08-24 18:36:56.380149+00:00,propline_free_sample,propline_pitcher_k_2026-08-25.csv,zackwheeler,,,,,,PENDING
2026-08-25,Zack Wheeler,9.5,over,9900,kalshi,160992,2026-08-24 19:21:53.805851+00:00,propline_free_sample,propline_pitcher_k_2026-08-25.csv,zackwheeler,,,,,,PENDING
2026-08-25,Zack Wheeler,9.5,under,-1900,kalshi,160992,2026-08-24 19:21:53.805851+00:00,propline_free_sample,propline_pitcher_k_2026-08-25.csv,zackwheeler,,,,,,PENDING
2026-08-25,Zack Wheeler,7.5,over,-102,underdog,160992,2026-08-24 21:21:25.940465+00:00,propline_free_sample,propline_pitcher_k_2026-08-25.csv,zackwheeler,,,,,,PENDING
2026-08-25,Zack Wheeler,7.5,under,-134,underdog,160992,2026-08-24 21:21:25.940465+00:00,propline_free_sample,propline_pitcher_k_2026-08-25.csv,zackwheeler,,,,,,PENDING
2026-08-25,Zack Wheeler,7.5,over,125,draftkings,160992,2026-08-24 21:45:50.859558+00:00,propline_free_sample,propline_pitcher_k_2026-08-25.csv,zackwheeler,,,,,,PENDING
2026-08-25,Zack Wheeler,7.5,under,-160,draftkings,160992,2026-08-24 21:45:50.859558+00:00,propline_free_sample,propline_pitcher_k_2026-08-25.csv,zackwheeler,,,,,,PENDING
2026-08-25,Zack Wheeler,5.5,over,9900,kalshi,160992,2026-08-24 21:46:07.710846+00:00,propline_free_sample,propline_pitcher_k_2026-08-25.csv,zackwheeler,,,,,,PENDING
2026-08-25,Zack Wheeler,5.5,under,-1900,kalshi,160992,2026-08-24 21:46:07.710846+00:00,propline_free_sample,propline_pitcher_k_2026-08-25.csv,zackwheeler,,,,,,PENDING
2026-08-25,Zack Wheeler,6.5,over,100,betmgm,160992,2026-08-24 22:11:45.336610+00:00,propline_free_sample,propline_pitcher_k_2026-08-25.csv,zackwheeler,,,,,,PENDING
2026-08-25,Zack Wheeler,6.5,under,-135,betmgm,160992,2026-08-24 22:11:45.336610+00:00,propline_free_sample,propline_pitcher_k_2026-08-25.csv,zackwheeler,,,,,,PENDING
2026-08-25,Zack Wheeler,7.5,under,-2200,prophetx,160992,2026-08-24 22:31:55.857552+00:00,propline_free_sample,propline_pitcher_k_2026-08-25.csv,zackwheeler,,,,,,PENDING
2026-08-25,Zack Wheeler,8.5,over,9900,kalshi,160992,2026-08-24 22:50:42.655626+00:00,propline_free_sample,propline_pitcher_k_2026-08-25.csv,zackwheeler,,,,,,PENDING
2026-08-25,Zack Wheeler,8.5,under,-1900,kalshi,160992,2026-08-24 22:50:42.655626+00:00,propline_free_sample,propline_pitcher_k_2026-08-25.csv,zackwheeler,,,,,,PENDING
2026-08-25,Zack Wheeler,8.5,under,-308,novig,160992,2026-08-24 23:58:42.070715+00:00,propline_free_sample,propline_pitcher_k_2026-08-25.csv,zackwheeler,,,,,,PENDING
2026-08-25,Zack Wheeler,7.5,over,120,betrivers,160992,2026-08-25 00:00:28.564835+00:00,propline_free_sample,propline_pitcher_k_2026-08-25.csv,zackwheeler,,,,,,PENDING
2026-08-25,Zack Wheeler,7.5,under,-162,betrivers,160992,2026-08-25 00:00:28.564835+00:00,propline_free_sample,propline_pitcher_k_2026-08-25.csv,zackwheeler,,,,,,PENDING
2026-08-25,Zack Wheeler,7.5,over,9900,kalshi,160992,2026-08-25 00:11:19.455523+00:00,propline_free_sample,propline_pitcher_k_2026-08-25.csv,zackwheeler,,,,,,PENDING
2026-08-25,Zack Wheeler,7.5,under,-1567,kalshi,160992,2026-08-25 00:11:19.455523+00:00,propline_free_sample,propline_pitcher_k_2026-08-25.csv,zackwheeler,,,,,,PENDING
2026-08-25,Zack Wheeler,8.5,over,233,novig,160992,2026-08-25 00:21:00.079655+00:00,propline_free_sample,propline_pitcher_k_2026-08-25.csv,zackwheeler,,,,,,PENDING
2026-08-25,Zack Wheeler,7.5,over,116,fanduel,160992,2026-08-25 01:16:22.404292+00:00,propline_free_sample,propline_pitcher_k_2026-08-25.csv,zackwheeler,,,,,,PENDING
2026-08-25,Zack Wheeler,7.5,under,-148,fanduel,160992,2026-08-25 01:16:22.404292+00:00,propline_free_sample,propline_pitcher_k_2026-08-25.csv,zackwheeler,,,,,,PENDING
2026-08-25,Zack Wheeler,6.5,over,-156,novig,160992,2026-08-25 01:26:58.070349+00:00,propline_free_sample,propline_pitcher_k_2026-08-25.csv,zackwheeler,,,,,,PENDING
2026-08-25,Zack Wheeler,6.5,under,150,novig,160992,2026-08-25 01:28:28.274935+00:00,propline_free_sample,propline_pitcher_k_2026-08-25.csv,zackwheeler,,,,,,PENDING
2026-08-25,Zack Wheeler,5.5,under,245,novig,160992,2026-08-25 01:28:28.274935+00:00,propline_free_sample,propline_pitcher_k_2026-08-25.csv,zackwheeler,,,,,,PENDING
2026-08-25,Zack Wheeler,7.5,under,-138,novig,160992,2026-08-25 01:30:29.668713+00:00,propline_free_sample,propline_pitcher_k_2026-08-25.csv,zackwheeler,,,,,,PENDING
2026-08-25,Zack Wheeler,7.5,over,-120,prophetx,160992,2026-08-25 01:31:13.160907+00:00,propline_free_sample,propline_pitcher_k_2026-08-25.csv,zackwheeler,,,,,,PENDING
2026-08-25,Zack Wheeler,6.5,under,-330,prophetx,160992,2026-08-25 01:34:47.894761+00:00,propline_free_sample,propline_pitcher_k_2026-08-25.csv,zackwheeler,,,,,,PENDING
2026-08-25,Zack Wheeler,7.5,over,135,novig,160992,2026-08-25 01:34:59.777292+00:00,propline_free_sample,propline_pitcher_k_2026-08-25.csv,zackwheeler,,,,,,PENDING
2026-08-25,Zack Wheeler,7.5,over,132,dabble,160992,2026-08-25 01:36:08.206284+00:00,propline_free_sample,propline_pitcher_k_2026-08-25.csv,zackwheeler,,,,,,PENDING
2026-08-25,Zack Wheeler,7.5,under,-130,dabble,160992,2026-08-25 01:36:08.206284+00:00,propline_free_sample,propline_pitcher_k_2026-08-25.csv,zackwheeler,,,,,,PENDING
2026-08-25,Zack Wheeler,7.5,over,109,rebet,160992,2026-08-25 01:36:37.392408+00:00,propline_free_sample,propline_pitcher_k_2026-08-25.csv,zackwheeler,,,,,,PENDING
2026-08-25,Zack Wheeler,7.5,under,-152,rebet,160992,2026-08-25 01:36:37.392408+00:00,propline_free_sample,propline_pitcher_k_2026-08-25.csv,zackwheeler,,,,,,PENDING
2026-08-25,Zack Wheeler,3.5,under,9900,kalshi,160992,2026-08-25 01:38:07.277578+00:00,propline_free_sample,propline_pitcher_k_2026-08-25.csv,zackwheeler,,,,,,PENDING
2026-08-25,Zack Wheeler,6.5,over,-9000,prophetx,160992,2026-08-25 01:38:25.903583+00:00,propline_free_sample,propline_pitcher_k_2026-08-25.csv,zackwheeler,,,,,,PENDING
2026-08-25,Zack Wheeler,5.5,over,-300,novig,160992,2026-08-25 01:39:00.052189+00:00,propline_free_sample,propline_pitcher_k_2026-08-25.csv,zackwheeler,,,,,,PENDING
2026-08-25,Zack Wheeler,10.5,over,9900,kalshi,160992,2026-08-25 01:39:30.962444+00:00,propline_free_sample,propline_pitcher_k_2026-08-25.csv,zackwheeler,,,,,,PENDING
2026-08-25,Zack Wheeler,3.5,over,-1011,kalshi,160992,2026-08-25 01:39:30.962444+00:00,propline_free_sample,propline_pitcher_k_2026-08-25.csv,zackwheeler,,,,,,PENDING
2026-08-25,Zack Wheeler,4.5,over,9900,kalshi,160992,2026-08-25 01:39:30.962444+00:00,propline_free_sample,propline_pitcher_k_2026-08-25.csv,zackwheeler,,,,,,PENDING
2026-08-25,Zack Wheeler,10.5,under,-9900,kalshi,160992,2026-08-25 01:39:30.962444+00:00,propline_free_sample,propline_pitcher_k_2026-08-25.csv,zackwheeler,,,,,,PENDING
2026-08-25,Zack Wheeler,4.5,under,-1900,kalshi,160992,2026-08-25 01:39:30.962444+00:00,propline_free_sample,propline_pitcher_k_2026-08-25.csv,zackwheeler,,,,,,PENDING
2026-08-25,Zack Wheeler,7.5,over,103,sleeper,160992,2026-08-25 01:39:45.455449+00:00,propline_free_sample,propline_pitcher_k_2026-08-25.csv,zackwheeler,,,,,,PENDING
2026-08-25,Zack Wheeler,7.5,under,-172,sleeper,160992,2026-08-25 01:39:45.455449+00:00,propline_free_sample,propline_pitcher_k_2026-08-25.csv,zackwheeler,,,,,,PENDING
2026-08-25,Zack Wheeler (PHI),7.5,over,110,bovada,160992,2026-08-24 22:38:44.644248+00:00,propline_free_sample,propline_pitcher_k_2026-08-25.csv,zackwheelerphi,,,,,,PENDING
2026-08-25,Zack Wheeler (PHI),7.5,under,-145,bovada,160992,2026-08-24 22:38:44.644248+00:00,propline_free_sample,propline_pitcher_k_2026-08-25.csv,zackwheelerphi,,,,,,PENDING
2026-08-25,Zebby Matthews,6.5,over,100,prizepicks,160994,2026-08-23 22:07:49.151929+00:00,propline_free_sample,propline_pitcher_k_2026-08-25.csv,zebbymatthews,,,,,,PENDING
2026-08-25,Zebby Matthews,3.5,over,100,prizepicks,160994,2026-08-23 22:07:49.151929+00:00,propline_free_sample,propline_pitcher_k_2026-08-25.csv,zebbymatthews,,,,,,PENDING
2026-08-25,Zebby Matthews,6.5,under,100,prizepicks,160994,2026-08-23 22:07:49.151929+00:00,propline_free_sample,propline_pitcher_k_2026-08-25.csv,zebbymatthews,,,,,,PENDING
2026-08-25,Zebby Matthews,3.5,under,100,prizepicks,160994,2026-08-23 22:07:49.151929+00:00,propline_free_sample,propline_pitcher_k_2026-08-25.csv,zebbymatthews,,,,,,PENDING
2026-08-25,Zebby Matthews,5.5,over,100,prizepicks,160994,2026-08-23 22:53:06.179972+00:00,propline_free_sample,propline_pitcher_k_2026-08-25.csv,zebbymatthews,,,,,,PENDING
2026-08-25,Zebby Matthews,7.5,over,100,prizepicks,160994,2026-08-23 22:53:06.179972+00:00,propline_free_sample,propline_pitcher_k_2026-08-25.csv,zebbymatthews,,,,,,PENDING
2026-08-25,Zebby Matthews,2.5,over,100,prizepicks,160994,2026-08-23 22:53:06.179972+00:00,propline_free_sample,propline_pitcher_k_2026-08-25.csv,zebbymatthews,,,,,,PENDING
2026-08-25,Zebby Matthews,5.5,under,100,prizepicks,160994,2026-08-23 22:53:06.179972+00:00,propline_free_sample,propline_pitcher_k_2026-08-25.csv,zebbymatthews,,,,,,PENDING
2026-08-25,Zebby Matthews,7.5,under,100,prizepicks,160994,2026-08-23 22:53:06.179972+00:00,propline_free_sample,propline_pitcher_k_2026-08-25.csv,zebbymatthews,,,,,,PENDING
2026-08-25,Zebby Matthews,2.5,under,100,prizepicks,160994,2026-08-23 22:53:06.179972+00:00,propline_free_sample,propline_pitcher_k_2026-08-25.csv,zebbymatthews,,,,,,PENDING
2026-08-25,Zebby Matthews,8.5,over,100,prizepicks,160994,2026-08-23 23:01:56.826194+00:00,propline_free_sample,propline_pitcher_k_2026-08-25.csv,zebbymatthews,,,,,,PENDING
2026-08-25,Zebby Matthews,8.5,under,100,prizepicks,160994,2026-08-23 23:01:56.826194+00:00,propline_free_sample,propline_pitcher_k_2026-08-25.csv,zebbymatthews,,,,,,PENDING
2026-08-25,Zebby Matthews,4.5,over,100,prizepicks,160994,2026-08-24 03:35:51.730464+00:00,propline_free_sample,propline_pitcher_k_2026-08-25.csv,zebbymatthews,,,,,,PENDING
2026-08-25,Zebby Matthews,4.5,under,100,prizepicks,160994,2026-08-24 03:35:51.730464+00:00,propline_free_sample,propline_pitcher_k_2026-08-25.csv,zebbymatthews,,,,,,PENDING
2026-08-25,Zebby Matthews,1.5,over,-4900,kalshi,160994,2026-08-24 07:33:08.963442+00:00,propline_free_sample,propline_pitcher_k_2026-08-25.csv,zebbymatthews,,,,,,PENDING
2026-08-25,Zebby Matthews,1.5,under,9900,kalshi,160994,2026-08-24 07:33:08.963442+00:00,propline_free_sample,propline_pitcher_k_2026-08-25.csv,zebbymatthews,,,,,,PENDING
2026-08-25,Zebby Matthews,4.0,over,100,prizepicks,160994,2026-08-24 10:26:50.169188+00:00,propline_free_sample,propline_pitcher_k_2026-08-25.csv,zebbymatthews,,,,,,PENDING
2026-08-25,Zebby Matthews,4.0,under,100,prizepicks,160994,2026-08-24 10:26:50.169188+00:00,propline_free_sample,propline_pitcher_k_2026-08-25.csv,zebbymatthews,,,,,,PENDING
2026-08-25,Zebby Matthews,2.5,under,9900,kalshi,160994,2026-08-24 15:30:44.834996+00:00,propline_free_sample,propline_pitcher_k_2026-08-25.csv,zebbymatthews,,,,,,PENDING
2026-08-25,Zebby Matthews,7.5,over,9900,kalshi,160994,2026-08-24 16:45:54.190363+00:00,propline_free_sample,propline_pitcher_k_2026-08-25.csv,zebbymatthews,,,,,,PENDING
2026-08-25,Zebby Matthews,7.5,under,-9900,kalshi,160994,2026-08-24 16:45:54.190363+00:00,propline_free_sample,propline_pitcher_k_2026-08-25.csv,zebbymatthews,,,,,,PENDING
2026-08-25,Zebby Matthews,6.5,under,9900,kalshi,160994,2026-08-24 17:02:10.256380+00:00,propline_free_sample,propline_pitcher_k_2026-08-25.csv,zebbymatthews,,,,,,PENDING
2026-08-25,Zebby Matthews,2.5,over,-2400,kalshi,160994,2026-08-24 19:29:14.719281+00:00,propline_free_sample,propline_pitcher_k_2026-08-25.csv,zebbymatthews,,,,,,PENDING
2026-08-25,Zebby Matthews,3.5,over,-167,novig,160994,2026-08-24 19:42:29.044176+00:00,propline_free_sample,propline_pitcher_k_2026-08-25.csv,zebbymatthews,,,,,,PENDING
2026-08-25,Zebby Matthews,5.5,under,-300,novig,160994,2026-08-24 19:44:27.352036+00:00,propline_free_sample,propline_pitcher_k_2026-08-25.csv,zebbymatthews,,,,,,PENDING
2026-08-25,Zebby Matthews,3.5,under,9900,kalshi,160994,2026-08-24 20:29:21.315577+00:00,propline_free_sample,propline_pitcher_k_2026-08-25.csv,zebbymatthews,,,,,,PENDING
2026-08-25,Zebby Matthews,6.5,over,150,kalshi,160994,2026-08-24 20:55:23.769350+00:00,propline_free_sample,propline_pitcher_k_2026-08-25.csv,zebbymatthews,,,,,,PENDING
2026-08-25,Zebby Matthews,3.5,over,-2400,kalshi,160994,2026-08-24 21:38:26.836884+00:00,propline_free_sample,propline_pitcher_k_2026-08-25.csv,zebbymatthews,,,,,,PENDING
2026-08-25,Zebby Matthews,4.5,over,120,betrivers,160994,2026-08-24 21:49:53.104648+00:00,propline_free_sample,propline_pitcher_k_2026-08-25.csv,zebbymatthews,,,,,,PENDING
2026-08-25,Zebby Matthews,4.5,under,-136,underdog,160994,2026-08-24 21:51:42.774280+00:00,propline_free_sample,propline_pitcher_k_2026-08-25.csv,zebbymatthews,,,,,,PENDING
2026-08-25,Zebby Matthews,4.5,under,-162,betrivers,160994,2026-08-24 22:03:24.588128+00:00,propline_free_sample,propline_pitcher_k_2026-08-25.csv,zebbymatthews,,,,,,PENDING
2026-08-25,Zebby Matthews,4.5,over,116,fanduel,160994,2026-08-24 22:09:17.273631+00:00,propline_free_sample,propline_pitcher_k_2026-08-25.csv,zebbymatthews,,,,,,PENDING
2026-08-25,Zebby Matthews,4.5,under,-148,fanduel,160994,2026-08-24 22:09:17.273631+00:00,propline_free_sample,propline_pitcher_k_2026-08-25.csv,zebbymatthews,,,,,,PENDING
2026-08-25,Zebby Matthews,4.5,over,120,dabble,160994,2026-08-24 22:15:19.214250+00:00,propline_free_sample,propline_pitcher_k_2026-08-25.csv,zebbymatthews,,,,,,PENDING
2026-08-25,Zebby Matthews,4.5,under,-120,dabble,160994,2026-08-24 22:15:19.214250+00:00,propline_free_sample,propline_pitcher_k_2026-08-25.csv,zebbymatthews,,,,,,PENDING
2026-08-25,Zebby Matthews,4.5,under,-167,sleeper,160994,2026-08-24 22:19:14.813546+00:00,propline_free_sample,propline_pitcher_k_2026-08-25.csv,zebbymatthews,,,,,,PENDING
2026-08-25,Zebby Matthews,4.5,over,115,onexbet,160994,2026-08-24 22:31:51.684022+00:00,propline_free_sample,propline_pitcher_k_2026-08-25.csv,zebbymatthews,,,,,,PENDING
2026-08-25,Zebby Matthews,4.5,under,-155,onexbet,160994,2026-08-24 22:31:51.684022+00:00,propline_free_sample,propline_pitcher_k_2026-08-25.csv,zebbymatthews,,,,,,PENDING
2026-08-25,Zebby Matthews,4.5,over,100,rebet,160994,2026-08-24 22:35:35.548907+00:00,propline_free_sample,propline_pitcher_k_2026-08-25.csv,zebbymatthews,,,,,,PENDING
2026-08-25,Zebby Matthews,4.5,under,-138,rebet,160994,2026-08-24 22:35:35.548907+00:00,propline_free_sample,propline_pitcher_k_2026-08-25.csv,zebbymatthews,,,,,,PENDING
2026-08-25,Zebby Matthews,4.5,over,100,sleeper,160994,2026-08-24 22:50:39.795303+00:00,propline_free_sample,propline_pitcher_k_2026-08-25.csv,zebbymatthews,,,,,,PENDING
2026-08-25,Zebby Matthews,4.5,over,104,draftkings,160994,2026-08-24 22:57:44.623587+00:00,propline_free_sample,propline_pitcher_k_2026-08-25.csv,zebbymatthews,,,,,,PENDING
2026-08-25,Zebby Matthews,4.5,under,-133,draftkings,160994,2026-08-24 22:57:44.623587+00:00,propline_free_sample,propline_pitcher_k_2026-08-25.csv,zebbymatthews,,,,,,PENDING
2026-08-25,Zebby Matthews,4.5,over,103,underdog,160994,2026-08-24 23:30:55.494788+00:00,propline_free_sample,propline_pitcher_k_2026-08-25.csv,zebbymatthews,,,,,,PENDING
2026-08-25,Zebby Matthews,4.5,over,-106,smarkets,160994,2026-08-24 23:35:06.029601+00:00,propline_free_sample,propline_pitcher_k_2026-08-25.csv,zebbymatthews,,,,,,PENDING
2026-08-25,Zebby Matthews,4.5,under,-132,smarkets,160994,2026-08-24 23:35:06.029601+00:00,propline_free_sample,propline_pitcher_k_2026-08-25.csv,zebbymatthews,,,,,,PENDING
2026-08-25,Zebby Matthews,4.5,over,110,betmgm,160994,2026-08-24 23:38:48.485325+00:00,propline_free_sample,propline_pitcher_k_2026-08-25.csv,zebbymatthews,,,,,,PENDING
2026-08-25,Zebby Matthews,4.5,under,-150,betmgm,160994,2026-08-24 23:38:48.485325+00:00,propline_free_sample,propline_pitcher_k_2026-08-25.csv,zebbymatthews,,,,,,PENDING
2026-08-25,Zebby Matthews,4.5,over,117,novig,160994,2026-08-25 01:27:58.208265+00:00,propline_free_sample,propline_pitcher_k_2026-08-25.csv,zebbymatthews,,,,,,PENDING
2026-08-25,Zebby Matthews,4.5,over,101,pinnacle,160994,2026-08-25 01:34:23.685630+00:00,propline_free_sample,propline_pitcher_k_2026-08-25.csv,zebbymatthews,,,,,,PENDING
2026-08-25,Zebby Matthews,4.5,under,-134,pinnacle,160994,2026-08-25 01:34:23.685630+00:00,propline_free_sample,propline_pitcher_k_2026-08-25.csv,zebbymatthews,,,,,,PENDING
2026-08-25,Zebby Matthews,3.5,under,163,novig,160994,2026-08-25 01:36:32.628876+00:00,propline_free_sample,propline_pitcher_k_2026-08-25.csv,zebbymatthews,,,,,,PENDING
2026-08-25,Zebby Matthews,4.5,under,-120,novig,160994,2026-08-25 01:37:00.664678+00:00,propline_free_sample,propline_pitcher_k_2026-08-25.csv,zebbymatthews,,,,,,PENDING
2026-08-25,Zebby Matthews,4.5,over,-376,kalshi,160994,2026-08-25 01:38:07.058647+00:00,propline_free_sample,propline_pitcher_k_2026-08-25.csv,zebbymatthews,,,,,,PENDING
2026-08-25,Zebby Matthews,4.5,under,9900,kalshi,160994,2026-08-25 01:38:07.058647+00:00,propline_free_sample,propline_pitcher_k_2026-08-25.csv,zebbymatthews,,,,,,PENDING
2026-08-25,Zebby Matthews,5.5,over,277,novig,160994,2026-08-25 01:38:19.448030+00:00,propline_free_sample,propline_pitcher_k_2026-08-25.csv,zebbymatthews,,,,,,PENDING
2026-08-25,Zebby Matthews,5.5,over,-186,kalshi,160994,2026-08-25 01:39:30.525830+00:00,propline_free_sample,propline_pitcher_k_2026-08-25.csv,zebbymatthews,,,,,,PENDING
2026-08-25,Zebby Matthews,5.5,under,9900,kalshi,160994,2026-08-25 01:39:30.525830+00:00,propline_free_sample,propline_pitcher_k_2026-08-25.csv,zebbymatthews,,,,,,PENDING
2026-08-25,Zebby Matthews,4.5,over,-142,prophetx,160994,2026-08-25 01:39:59.842907+00:00,propline_free_sample,propline_pitcher_k_2026-08-25.csv,zebbymatthews,,,,,,PENDING
2026-08-25,Zebby Matthews,4.5,under,-103,prophetx,160994,2026-08-25 01:39:59.842907+00:00,propline_free_sample,propline_pitcher_k_2026-08-25.csv,zebbymatthews,,,,,,PENDING
2026-08-25,Zebby Matthews (MIN),4.5,over,115,bovada,160994,2026-08-24 22:22:54.112459+00:00,propline_free_sample,propline_pitcher_k_2026-08-25.csv,zebbymatthewsmin,,,,,,PENDING
2026-08-25,Zebby Matthews (MIN),4.5,under,-150,bovada,160994,2026-08-24 22:22:54.112459+00:00,propline_free_sample,propline_pitcher_k_2026-08-25.csv,zebbymatthewsmin,,,,,,PENDING
2026-08-26,Aaron Nola,6.5,over,100,prizepicks,164069,2026-08-25 00:15:15.348572+00:00,propline_free_sample,2026-08-26/propline_pitcher_k_20260826T155726Z.csv,aaronnola,,,,,,PENDING
2026-08-26,Aaron Nola,7.5,over,100,prizepicks,164069,2026-08-25 00:15:15.348572+00:00,propline_free_sample,2026-08-26/propline_pitcher_k_20260826T155726Z.csv,aaronnola,,,,,,PENDING
2026-08-26,Aaron Nola,8.5,over,100,prizepicks,164069,2026-08-25 00:15:15.348572+00:00,propline_free_sample,2026-08-26/propline_pitcher_k_20260826T155726Z.csv,aaronnola,,,,,,PENDING
2026-08-26,Aaron Nola,4.5,over,100,prizepicks,164069,2026-08-25 00:15:15.348572+00:00,propline_free_sample,2026-08-26/propline_pitcher_k_20260826T155726Z.csv,aaronnola,,,,,,PENDING
2026-08-26,Aaron Nola,5.5,over,100,prizepicks,164069,2026-08-25 00:15:15.348572+00:00,propline_free_sample,2026-08-26/propline_pitcher_k_20260826T155726Z.csv,aaronnola,,,,,,PENDING
2026-08-26,Aaron Nola,6.5,under,100,prizepicks,164069,2026-08-25 00:15:15.348572+00:00,propline_free_sample,2026-08-26/propline_pitcher_k_20260826T155726Z.csv,aaronnola,,,,,,PENDING
2026-08-26,Aaron Nola,7.5,under,100,prizepicks,164069,2026-08-25 00:15:15.348572+00:00,propline_free_sample,2026-08-26/propline_pitcher_k_20260826T155726Z.csv,aaronnola,,,,,,PENDING
2026-08-26,Aaron Nola,8.5,under,100,prizepicks,164069,2026-08-25 00:15:15.348572+00:00,propline_free_sample,2026-08-26/propline_pitcher_k_20260826T155726Z.csv,aaronnola,,,,,,PENDING
2026-08-26,Aaron Nola,4.5,under,100,prizepicks,164069,2026-08-25 00:15:15.348572+00:00,propline_free_sample,2026-08-26/propline_pitcher_k_20260826T155726Z.csv,aaronnola,,,,,,PENDING
2026-08-26,Aaron Nola,5.5,under,100,prizepicks,164069,2026-08-25 00:15:15.348572+00:00,propline_free_sample,2026-08-26/propline_pitcher_k_20260826T155726Z.csv,aaronnola,,,,,,PENDING
2026-08-26,Aaron Nola,3.5,over,100,prizepicks,164069,2026-08-25 01:18:29.142499+00:00,propline_free_sample,2026-08-26/propline_pitcher_k_20260826T155726Z.csv,aaronnola,,,,,,PENDING
2026-08-26,Aaron Nola,10.5,over,100,prizepicks,164069,2026-08-25 01:18:29.142499+00:00,propline_free_sample,2026-08-26/propline_pitcher_k_20260826T155726Z.csv,aaronnola,,,,,,PENDING
2026-08-26,Aaron Nola,3.5,under,100,prizepicks,164069,2026-08-25 01:18:29.142499+00:00,propline_free_sample,2026-08-26/propline_pitcher_k_20260826T155726Z.csv,aaronnola,,,,,,PENDING
2026-08-26,Aaron Nola,10.5,under,100,prizepicks,164069,2026-08-25 01:18:29.142499+00:00,propline_free_sample,2026-08-26/propline_pitcher_k_20260826T155726Z.csv,aaronnola,,,,,,PENDING
2026-08-26,Aaron Nola,9.5,over,100,prizepicks,164069,2026-08-25 01:53:43.921410+00:00,propline_free_sample,2026-08-26/propline_pitcher_k_20260826T155726Z.csv,aaronnola,,,,,,PENDING
2026-08-26,Aaron Nola,9.5,under,100,prizepicks,164069,2026-08-25 01:53:43.921410+00:00,propline_free_sample,2026-08-26/propline_pitcher_k_20260826T155726Z.csv,aaronnola,,,,,,PENDING
2026-08-26,Aaron Nola,5.5,under,109,dabble,164069,2026-08-25 07:14:39.204149+00:00,propline_free_sample,2026-08-26/propline_pitcher_k_20260826T155726Z.csv,aaronnola,,,,,,PENDING
2026-08-26,Aaron Nola,5.5,over,-108,dabble,164069,2026-08-25 07:58:22.466968+00:00,propline_free_sample,2026-08-26/propline_pitcher_k_20260826T155726Z.csv,aaronnola,,,,,,PENDING
2026-08-26,Aaron Nola,5.5,over,-136,underdog,164069,2026-08-25 14:36:18.266152+00:00,propline_free_sample,2026-08-26/propline_pitcher_k_20260826T155726Z.csv,aaronnola,,,,,,PENDING
2026-08-26,Aaron Nola,5.5,under,100,underdog,164069,2026-08-25 14:36:18.266152+00:00,propline_free_sample,2026-08-26/propline_pitcher_k_20260826T155726Z.csv,aaronnola,,,,,,PENDING
2026-08-26,Aaron Nola,5.5,over,100,prizepicks,164069,2026-08-25 15:25:09.080863+00:00,propline_free_sample,2026-08-26/propline_pitcher_k_20260826T155726Z.csv,aaronnola,,,,,,PENDING
2026-08-26,Aaron Nola,5.5,under,100,prizepicks,164069,2026-08-25 15:25:09.080863+00:00,propline_free_sample,2026-08-26/propline_pitcher_k_20260826T155726Z.csv,aaronnola,,,,,,PENDING
2026-08-26,Aaron Nola,4.5,over,-239,novig,164069,2026-08-25 18:28:34.345212+00:00,propline_free_sample,2026-08-26/propline_pitcher_k_20260826T155726Z.csv,aaronnola,,,,,,PENDING
2026-08-26,Aaron Nola,5.5,under,-111,sleeper,164069,2026-08-25 20:14:03.221076+00:00,propline_free_sample,2026-08-26/propline_pitcher_k_20260826T155726Z.csv,aaronnola,,,,,,PENDING
2026-08-26,Aaron Nola,6.5,over,-140,betmgm,164069,2026-08-25 21:30:53.908067+00:00,propline_free_sample,2026-08-26/propline_pitcher_k_20260826T155726Z.csv,aaronnola,,,,,,PENDING
2026-08-26,Aaron Nola,6.5,under,105,betmgm,164069,2026-08-25 21:30:53.908067+00:00,propline_free_sample,2026-08-26/propline_pitcher_k_20260826T155726Z.csv,aaronnola,,,,,,PENDING
2026-08-26,Aaron Nola,6.5,under,-208,novig,164069,2026-08-25 21:51:07.212135+00:00,propline_free_sample,2026-08-26/propline_pitcher_k_20260826T155726Z.csv,aaronnola,,,,,,PENDING
2026-08-26,Aaron Nola,3.5,over,-4900,kalshi,164069,2026-08-25 22:04:59.796365+00:00,propline_free_sample,2026-08-26/propline_pitcher_k_20260826T155726Z.csv,aaronnola,,,,,,PENDING
2026-08-26,Aaron Nola,3.5,under,9900,kalshi,164069,2026-08-25 22:32:00.554434+00:00,propline_free_sample,2026-08-26/propline_pitcher_k_20260826T155726Z.csv,aaronnola,,,,,,PENDING
2026-08-26,Aaron Nola,5.5,over,-130,onexbet,164069,2026-08-25 22:32:26.636569+00:00,propline_free_sample,2026-08-26/propline_pitcher_k_20260826T155726Z.csv,aaronnola,,,,,,PENDING
2026-08-26,Aaron Nola,5.5,under,-105,onexbet,164069,2026-08-25 22:32:26.636569+00:00,propline_free_sample,2026-08-26/propline_pitcher_k_20260826T155726Z.csv,aaronnola,,,,,,PENDING
2026-08-26,Aaron Nola,5.5,over,-128,draftkings,164069,2026-08-25 22:34:06.108765+00:00,propline_free_sample,2026-08-26/propline_pitcher_k_20260826T155726Z.csv,aaronnola,,,,,,PENDING
2026-08-26,Aaron Nola,5.5,under,-102,fanduel,164069,2026-08-25 22:36:16.292810+00:00,propline_free_sample,2026-08-26/propline_pitcher_k_20260826T155726Z.csv,aaronnola,,,,,,PENDING
2026-08-26,Aaron Nola,5.5,under,101,draftkings,164069,2026-08-25 22:38:38.548054+00:00,propline_free_sample,2026-08-26/propline_pitcher_k_20260826T155726Z.csv,aaronnola,,,,,,PENDING
2026-08-26,Aaron Nola,5.5,over,-130,rebet,164069,2026-08-25 22:41:35.494309+00:00,propline_free_sample,2026-08-26/propline_pitcher_k_20260826T155726Z.csv,aaronnola,,,,,,PENDING
2026-08-26,Aaron Nola,5.5,under,-106,rebet,164069,2026-08-25 22:41:35.494309+00:00,propline_free_sample,2026-08-26/propline_pitcher_k_20260826T155726Z.csv,aaronnola,,,,,,PENDING
2026-08-26,Aaron Nola,5.5,under,-105,smarkets,164069,2026-08-25 22:50:39.256391+00:00,propline_free_sample,2026-08-26/propline_pitcher_k_20260826T155726Z.csv,aaronnola,,,,,,PENDING
2026-08-26,Aaron Nola,5.5,over,-125,fanduel,164069,2026-08-25 23:07:34.656808+00:00,propline_free_sample,2026-08-26/propline_pitcher_k_20260826T155726Z.csv,aaronnola,,,,,,PENDING
2026-08-26,Aaron Nola,5.5,over,-149,sleeper,164069,2026-08-25 23:09:58.089970+00:00,propline_free_sample,2026-08-26/propline_pitcher_k_20260826T155726Z.csv,aaronnola,,,,,,PENDING
2026-08-26,Aaron Nola,5.5,over,-130,pinnacle,164069,2026-08-25 23:24:31.161970+00:00,propline_free_sample,2026-08-26/propline_pitcher_k_20260826T155726Z.csv,aaronnola,,,,,,PENDING
2026-08-26,Aaron Nola,5.5,under,-102,pinnacle,164069,2026-08-25 23:24:31.161970+00:00,propline_free_sample,2026-08-26/propline_pitcher_k_20260826T155726Z.csv,aaronnola,,,,,,PENDING
2026-08-26,Aaron Nola,4.5,under,9900,kalshi,164069,2026-08-26 00:06:21.885152+00:00,propline_free_sample,2026-08-26/propline_pitcher_k_20260826T155726Z.csv,aaronnola,,,,,,PENDING
2026-08-26,Aaron Nola,5.5,over,-132,smarkets,164069,2026-08-26 00:45:27.128733+00:00,propline_free_sample,2026-08-26/propline_pitcher_k_20260826T155726Z.csv,aaronnola,,,,,,PENDING
2026-08-26,Aaron Nola,8.5,over,9900,kalshi,164069,2026-08-26 01:00:13.075302+00:00,propline_free_sample,2026-08-26/propline_pitcher_k_20260826T155726Z.csv,aaronnola,,,,,,PENDING
2026-08-26,Aaron Nola,5.5,under,-127,novig,164069,2026-08-26 01:02:20.534068+00:00,propline_free_sample,2026-08-26/propline_pitcher_k_20260826T155726Z.csv,aaronnola,,,,,,PENDING
2026-08-26,Aaron Nola,9.5,over,9900,kalshi,164069,2026-08-26 01:16:52.048144+00:00,propline_free_sample,2026-08-26/propline_pitcher_k_20260826T155726Z.csv,aaronnola,,,,,,PENDING
2026-08-26,Aaron Nola,6.5,over,156,novig,164069,2026-08-26 01:21:51.076899+00:00,propline_free_sample,2026-08-26/propline_pitcher_k_20260826T155726Z.csv,aaronnola,,,,,,PENDING
2026-08-26,Aaron Nola,5.5,over,-129,betrivers,164069,2026-08-26 01:27:24.443795+00:00,propline_free_sample,2026-08-26/propline_pitcher_k_20260826T155726Z.csv,aaronnola,,,,,,PENDING
2026-08-26,Aaron Nola,5.5,under,-104,betrivers,164069,2026-08-26 01:27:24.443795+00:00,propline_free_sample,2026-08-26/propline_pitcher_k_20260826T155726Z.csv,aaronnola,,,,,,PENDING
2026-08-26,Aaron Nola,2.5,under,9900,kalshi,164069,2026-08-26 01:28:23.179705+00:00,propline_free_sample,2026-08-26/propline_pitcher_k_20260826T155726Z.csv,aaronnola,,,,,,PENDING
2026-08-26,Aaron Nola,5.5,over,-156,novig,164069,2026-08-26 01:31:18.344791+00:00,propline_free_sample,2026-08-26/propline_pitcher_k_20260826T155726Z.csv,aaronnola,,,,,,PENDING
2026-08-26,Aaron Nola,4.5,over,-2400,kalshi,164069,2026-08-26 01:34:52.632093+00:00,propline_free_sample,2026-08-26/propline_pitcher_k_20260826T155726Z.csv,aaronnola,,,,,,PENDING
2026-08-26,Aaron Nola,5.5,under,-103,prophetx,164069,2026-08-26 01:35:31.049058+00:00,propline_free_sample,2026-08-26/propline_pitcher_k_20260826T155726Z.csv,aaronnola,,,,,,PENDING
2026-08-26,Aaron Nola,5.5,over,-809,kalshi,164069,2026-08-26 01:36:24.107928+00:00,propline_free_sample,2026-08-26/propline_pitcher_k_20260826T155726Z.csv,aaronnola,,,,,,PENDING
2026-08-26,Aaron Nola,5.5,over,-115,prophetx,164069,2026-08-26 01:37:33.200876+00:00,propline_free_sample,2026-08-26/propline_pitcher_k_20260826T155726Z.csv,aaronnola,,,,,,PENDING
2026-08-26,Aaron Nola,5.5,under,9900,kalshi,164069,2026-08-26 01:38:23.757579+00:00,propline_free_sample,2026-08-26/propline_pitcher_k_20260826T155726Z.csv,aaronnola,,,,,,PENDING
2026-08-26,Aaron Nola,6.5,under,9900,kalshi,164069,2026-08-26 01:38:23.757579+00:00,propline_free_sample,2026-08-26/propline_pitcher_k_20260826T155726Z.csv,aaronnola,,,,,,PENDING
2026-08-26,Aaron Nola,7.5,under,-1567,kalshi,164069,2026-08-26 01:38:23.757579+00:00,propline_free_sample,2026-08-26/propline_pitcher_k_20260826T155726Z.csv,aaronnola,,,,,,PENDING
2026-08-26,Aaron Nola,8.5,under,-567,kalshi,164069,2026-08-26 01:38:23.757579+00:00,propline_free_sample,2026-08-26/propline_pitcher_k_20260826T155726Z.csv,aaronnola,,,,,,PENDING
2026-08-26,Aaron Nola,9.5,under,-4900,kalshi,164069,2026-08-26 01:38:23.757579+00:00,propline_free_sample,2026-08-26/propline_pitcher_k_20260826T155726Z.csv,aaronnola,,,,,,PENDING
2026-08-26,Aaron Nola,4.5,under,167,novig,164069,2026-08-26 01:39:52.551856+00:00,propline_free_sample,2026-08-26/propline_pitcher_k_20260826T155726Z.csv,aaronnola,,,,,,PENDING
2026-08-26,Aaron Nola,2.5,over,-9900,kalshi,164069,2026-08-26 01:39:52.589750+00:00,propline_free_sample,2026-08-26/propline_pitcher_k_20260826T155726Z.csv,aaronnola,,,,,,PENDING
2026-08-26,Aaron Nola,6.5,over,-809,kalshi,164069,2026-08-26 01:39:52.589750+00:00,propline_free_sample,2026-08-26/propline_pitcher_k_20260826T155726Z.csv,aaronnola,,,,,,PENDING
2026-08-26,Aaron Nola,7.5,over,9900,kalshi,164069,2026-08-26 01:39:52.589750+00:00,propline_free_sample,2026-08-26/propline_pitcher_k_20260826T155726Z.csv,aaronnola,,,,,,PENDING
2026-08-26,Aaron Nola (PHI),5.5,over,-125,bovada,164069,2026-08-25 23:24:16.780171+00:00,propline_free_sample,2026-08-26/propline_pitcher_k_20260826T155726Z.csv,aaronnolaphi,,,,,,PENDING
2026-08-26,Aaron Nola (PHI),5.5,under,-105,bovada,164069,2026-08-25 23:24:16.780171+00:00,propline_free_sample,2026-08-26/propline_pitcher_k_20260826T155726Z.csv,aaronnolaphi,,,,,,PENDING
2026-08-26,Adrian Houser,4.5,over,100,prizepicks,164051,2026-08-25 05:47:38.337252+00:00,propline_free_sample,2026-08-26/propline_pitcher_k_20260826T155726Z.csv,adrianhouser,,,,,,PENDING
2026-08-26,Adrian Houser,5.5,over,100,prizepicks,164051,2026-08-25 05:47:38.337252+00:00,propline_free_sample,2026-08-26/propline_pitcher_k_20260826T155726Z.csv,adrianhouser,,,,,,PENDING
2026-08-26,Adrian Houser,6.5,over,100,prizepicks,164051,2026-08-25 05:47:38.337252+00:00,propline_free_sample,2026-08-26/propline_pitcher_k_20260826T155726Z.csv,adrianhouser,,,,,,PENDING
2026-08-26,Adrian Houser,1.5,over,100,prizepicks,164051,2026-08-25 05:47:38.337252+00:00,propline_free_sample,2026-08-26/propline_pitcher_k_20260826T155726Z.csv,adrianhouser,,,,,,PENDING
2026-08-26,Adrian Houser,2.5,over,100,prizepicks,164051,2026-08-25 05:47:38.337252+00:00,propline_free_sample,2026-08-26/propline_pitcher_k_20260826T155726Z.csv,adrianhouser,,,,,,PENDING
2026-08-26,Adrian Houser,4.5,under,100,prizepicks,164051,2026-08-25 05:47:38.337252+00:00,propline_free_sample,2026-08-26/propline_pitcher_k_20260826T155726Z.csv,adrianhouser,,,,,,PENDING
2026-08-26,Adrian Houser,5.5,under,100,prizepicks,164051,2026-08-25 05:47:38.337252+00:00,propline_free_sample,2026-08-26/propline_pitcher_k_20260826T155726Z.csv,adrianhouser,,,,,,PENDING
2026-08-26,Adrian Houser,6.5,under,100,prizepicks,164051,2026-08-25 05:47:38.337252+00:00,propline_free_sample,2026-08-26/propline_pitcher_k_20260826T155726Z.csv,adrianhouser,,,,,,PENDING
2026-08-26,Adrian Houser,1.5,under,100,prizepicks,164051,2026-08-25 05:47:38.337252+00:00,propline_free_sample,2026-08-26/propline_pitcher_k_20260826T155726Z.csv,adrianhouser,,,,,,PENDING
2026-08-26,Adrian Houser,2.5,under,100,prizepicks,164051,2026-08-25 05:47:38.337252+00:00,propline_free_sample,2026-08-26/propline_pitcher_k_20260826T155726Z.csv,adrianhouser,,,,,,PENDING
2026-08-26,Adrian Houser,3.5,over,100,prizepicks,164051,2026-08-25 15:58:15.180894+00:00,propline_free_sample,2026-08-26/propline_pitcher_k_20260826T155726Z.csv,adrianhouser,,,,,,PENDING
2026-08-26,Adrian Houser,3.5,under,100,prizepicks,164051,2026-08-25 15:58:15.180894+00:00,propline_free_sample,2026-08-26/propline_pitcher_k_20260826T155726Z.csv,adrianhouser,,,,,,PENDING
2026-08-26,Adrian Houser,1.5,over,-1011,kalshi,164051,2026-08-25 16:38:12.583111+00:00,propline_free_sample,2026-08-26/propline_pitcher_k_20260826T155726Z.csv,adrianhouser,,,,,,PENDING
2026-08-26,Adrian Houser,1.5,under,9900,kalshi,164051,2026-08-25 16:40:16.312306+00:00,propline_free_sample,2026-08-26/propline_pitcher_k_20260826T155726Z.csv,adrianhouser,,,,,,PENDING
2026-08-26,Adrian Houser,4.0,over,100,prizepicks,164051,2026-08-25 18:22:18.948844+00:00,propline_free_sample,2026-08-26/propline_pitcher_k_20260826T155726Z.csv,adrianhouser,,,,,,PENDING
2026-08-26,Adrian Houser,4.0,under,100,prizepicks,164051,2026-08-25 18:22:18.948844+00:00,propline_free_sample,2026-08-26/propline_pitcher_k_20260826T155726Z.csv,adrianhouser,,,,,,PENDING
2026-08-26,Adrian Houser,4.5,over,9900,kalshi,164051,2026-08-25 21:22:52.200587+00:00,propline_free_sample,2026-08-26/propline_pitcher_k_20260826T155726Z.csv,adrianhouser,,,,,,PENDING
2026-08-26,Adrian Houser,2.5,under,-733,kalshi,164051,2026-08-25 21:41:22.130078+00:00,propline_free_sample,2026-08-26/propline_pitcher_k_20260826T155726Z.csv,adrianhouser,,,,,,PENDING
2026-08-26,Adrian Houser,3.5,over,-136,betrivers,164051,2026-08-25 21:43:53.966144+00:00,propline_free_sample,2026-08-26/propline_pitcher_k_20260826T155726Z.csv,adrianhouser,,,,,,PENDING
2026-08-26,Adrian Houser,3.5,under,102,betrivers,164051,2026-08-25 21:43:53.966144+00:00,propline_free_sample,2026-08-26/propline_pitcher_k_20260826T155726Z.csv,adrianhouser,,,,,,PENDING
2026-08-26,Adrian Houser,3.5,over,-154,underdog,164051,2026-08-25 22:14:16.327893+00:00,propline_free_sample,2026-08-26/propline_pitcher_k_20260826T155726Z.csv,adrianhouser,,,,,,PENDING
2026-08-26,Adrian Houser,3.5,under,114,underdog,164051,2026-08-25 22:14:16.327893+00:00,propline_free_sample,2026-08-26/propline_pitcher_k_20260826T155726Z.csv,adrianhouser,,,,,,PENDING
2026-08-26,Adrian Houser,4.5,under,-245,kalshi,164051,2026-08-25 22:16:34.426867+00:00,propline_free_sample,2026-08-26/propline_pitcher_k_20260826T155726Z.csv,adrianhouser,,,,,,PENDING
2026-08-26,Adrian Houser,2.5,over,9900,kalshi,164051,2026-08-25 22:43:22.210088+00:00,propline_free_sample,2026-08-26/propline_pitcher_k_20260826T155726Z.csv,adrianhouser,,,,,,PENDING
2026-08-26,Adrian Houser,6.5,over,9900,kalshi,164051,2026-08-25 22:45:39.242151+00:00,propline_free_sample,2026-08-26/propline_pitcher_k_20260826T155726Z.csv,adrianhouser,,,,,,PENDING
2026-08-26,Adrian Houser,6.5,under,-9900,kalshi,164051,2026-08-25 22:47:56.183818+00:00,propline_free_sample,2026-08-26/propline_pitcher_k_20260826T155726Z.csv,adrianhouser,,,,,,PENDING
2026-08-26,Adrian Houser,3.5,over,-148,pinnacle,164051,2026-08-25 22:52:28.783582+00:00,propline_free_sample,2026-08-26/propline_pitcher_k_20260826T155726Z.csv,adrianhouser,,,,,,PENDING
2026-08-26,Adrian Houser,3.5,under,112,pinnacle,164051,2026-08-25 22:52:28.783582+00:00,propline_free_sample,2026-08-26/propline_pitcher_k_20260826T155726Z.csv,adrianhouser,,,,,,PENDING
2026-08-26,Adrian Houser,3.5,over,-155,betmgm,164051,2026-08-25 23:08:02.135207+00:00,propline_free_sample,2026-08-26/propline_pitcher_k_20260826T155726Z.csv,adrianhouser,,,,,,PENDING
2026-08-26,Adrian Houser,3.5,under,115,betmgm,164051,2026-08-25 23:08:02.135207+00:00,propline_free_sample,2026-08-26/propline_pitcher_k_20260826T155726Z.csv,adrianhouser,,,,,,PENDING
2026-08-26,Adrian Houser,4.5,over,129,draftkings,164051,2026-08-25 23:45:29.340595+00:00,propline_free_sample,2026-08-26/propline_pitcher_k_20260826T155726Z.csv,adrianhouser,,,,,,PENDING
2026-08-26,Adrian Houser,4.5,under,-165,draftkings,164051,2026-08-25 23:45:29.340595+00:00,propline_free_sample,2026-08-26/propline_pitcher_k_20260826T155726Z.csv,adrianhouser,,,,,,PENDING
2026-08-26,Adrian Houser,3.5,over,-175,sleeper,164051,2026-08-25 23:45:34.369574+00:00,propline_free_sample,2026-08-26/propline_pitcher_k_20260826T155726Z.csv,adrianhouser,,,,,,PENDING
2026-08-26,Adrian Houser,3.5,over,9900,kalshi,164051,2026-08-25 23:46:27.731607+00:00,propline_free_sample,2026-08-26/propline_pitcher_k_20260826T155726Z.csv,adrianhouser,,,,,,PENDING
2026-08-26,Adrian Houser,3.5,under,104,kalshi,164051,2026-08-25 23:46:27.731607+00:00,propline_free_sample,2026-08-26/propline_pitcher_k_20260826T155726Z.csv,adrianhouser,,,,,,PENDING
2026-08-26,Adrian Houser,3.5,over,-138,fanduel,164051,2026-08-25 23:47:31.786165+00:00,propline_free_sample,2026-08-26/propline_pitcher_k_20260826T155726Z.csv,adrianhouser,,,,,,PENDING
2026-08-26,Adrian Houser,3.5,under,108,fanduel,164051,2026-08-25 23:47:31.786165+00:00,propline_free_sample,2026-08-26/propline_pitcher_k_20260826T155726Z.csv,adrianhouser,,,,,,PENDING
2026-08-26,Adrian Houser,4.5,under,-190,novig,164051,2026-08-25 23:51:51.123792+00:00,propline_free_sample,2026-08-26/propline_pitcher_k_20260826T155726Z.csv,adrianhouser,,,,,,PENDING
2026-08-26,Adrian Houser,3.5,over,-180,onexbet,164051,2026-08-26 00:27:01.110172+00:00,propline_free_sample,2026-08-26/propline_pitcher_k_20260826T155726Z.csv,adrianhouser,,,,,,PENDING
2026-08-26,Adrian Houser,3.5,under,135,onexbet,164051,2026-08-26 00:27:01.110172+00:00,propline_free_sample,2026-08-26/propline_pitcher_k_20260826T155726Z.csv,adrianhouser,,,,,,PENDING
2026-08-26,Adrian Houser,3.5,under,150,dabble,164051,2026-08-26 00:36:58.405294+00:00,propline_free_sample,2026-08-26/propline_pitcher_k_20260826T155726Z.csv,adrianhouser,,,,,,PENDING
2026-08-26,Adrian Houser,3.5,over,-175,smarkets,164051,2026-08-26 00:41:10.262668+00:00,propline_free_sample,2026-08-26/propline_pitcher_k_20260826T155726Z.csv,adrianhouser,,,,,,PENDING
2026-08-26,Adrian Houser,3.5,under,124,smarkets,164051,2026-08-26 00:41:10.262668+00:00,propline_free_sample,2026-08-26/propline_pitcher_k_20260826T155726Z.csv,adrianhouser,,,,,,PENDING
2026-08-26,Adrian Houser,5.5,over,9900,kalshi,164051,2026-08-26 00:46:43.425203+00:00,propline_free_sample,2026-08-26/propline_pitcher_k_20260826T155726Z.csv,adrianhouser,,,,,,PENDING
2026-08-26,Adrian Houser,3.5,under,105,sleeper,164051,2026-08-26 00:49:11.396452+00:00,propline_free_sample,2026-08-26/propline_pitcher_k_20260826T155726Z.csv,adrianhouser,,,,,,PENDING
2026-08-26,Adrian Houser,3.5,over,-165,rebet,164051,2026-08-26 00:51:32.804576+00:00,propline_free_sample,2026-08-26/propline_pitcher_k_20260826T155726Z.csv,adrianhouser,,,,,,PENDING
2026-08-26,Adrian Houser,3.5,under,119,rebet,164051,2026-08-26 00:51:32.804576+00:00,propline_free_sample,2026-08-26/propline_pitcher_k_20260826T155726Z.csv,adrianhouser,,,,,,PENDING
2026-08-26,Adrian Houser,2.5,under,186,novig,164051,2026-08-26 01:14:02.292342+00:00,propline_free_sample,2026-08-26/propline_pitcher_k_20260826T155726Z.csv,adrianhouser,,,,,,PENDING
2026-08-26,Adrian Houser,4.5,over,144,novig,164051,2026-08-26 01:19:56.152560+00:00,propline_free_sample,2026-08-26/propline_pitcher_k_20260826T155726Z.csv,adrianhouser,,,,,,PENDING
2026-08-26,Adrian Houser,3.5,over,-149,dabble,164051,2026-08-26 01:29:21.063110+00:00,propline_free_sample,2026-08-26/propline_pitcher_k_20260826T155726Z.csv,adrianhouser,,,,,,PENDING
2026-08-26,Adrian Houser,5.5,under,-900,kalshi,164051,2026-08-26 01:41:26.743720+00:00,propline_free_sample,2026-08-26/propline_pitcher_k_20260826T155726Z.csv,adrianhouser,,,,,,PENDING
2026-08-26,Adrian Houser,2.5,over,-441,novig,164051,2026-08-26 01:42:27.354154+00:00,propline_free_sample,2026-08-26/propline_pitcher_k_20260826T155726Z.csv,adrianhouser,,,,,,PENDING
2026-08-26,Adrian Houser,3.5,over,-146,prophetx,164051,2026-08-26 01:42:58.559381+00:00,propline_free_sample,2026-08-26/propline_pitcher_k_20260826T155726Z.csv,adrianhouser,,,,,,PENDING
2026-08-26,Adrian Houser,3.5,under,136,prophetx,164051,2026-08-26 01:42:58.559381+00:00,propline_free_sample,2026-08-26/propline_pitcher_k_20260826T155726Z.csv,adrianhouser,,,,,,PENDING
2026-08-26,Adrian Houser,3.5,over,-138,novig,164051,2026-08-26 01:43:56.949191+00:00,propline_free_sample,2026-08-26/propline_pitcher_k_20260826T155726Z.csv,adrianhouser,,,,,,PENDING
2026-08-26,Adrian Houser,3.5,under,133,novig,164051,2026-08-26 01:43:56.949191+00:00,propline_free_sample,2026-08-26/propline_pitcher_k_20260826T155726Z.csv,adrianhouser,,,,,,PENDING
2026-08-26,Adrian Houser (SF),3.5,over,-145,lowvig,164051,2026-08-25 15:55:07.697762+00:00,propline_free_sample,2026-08-26/propline_pitcher_k_20260826T155726Z.csv,adrianhousersf,,,,,,PENDING
2026-08-26,Adrian Houser (SF),3.5,under,105,lowvig,164051,2026-08-25 15:55:07.697762+00:00,propline_free_sample,2026-08-26/propline_pitcher_k_20260826T155726Z.csv,adrianhousersf,,,,,,PENDING
2026-08-26,Adrian Houser (SF),3.5,over,-145,betonlineag,164051,2026-08-25 15:55:08.271071+00:00,propline_free_sample,2026-08-26/propline_pitcher_k_20260826T155726Z.csv,adrianhousersf,,,,,,PENDING
2026-08-26,Adrian Houser (SF),3.5,under,105,betonlineag,164051,2026-08-25 15:55:08.271071+00:00,propline_free_sample,2026-08-26/propline_pitcher_k_20260826T155726Z.csv,adrianhousersf,,,,,,PENDING
2026-08-26,Adrian Houser (SF),3.5,over,-145,bovada,164051,2026-08-25 17:08:50.169498+00:00,propline_free_sample,2026-08-26/propline_pitcher_k_20260826T155726Z.csv,adrianhousersf,,,,,,PENDING
2026-08-26,Adrian Houser (SF),3.5,under,110,bovada,164051,2026-08-25 17:08:50.169498+00:00,propline_free_sample,2026-08-26/propline_pitcher_k_20260826T155726Z.csv,adrianhousersf,,,,,,PENDING
2026-08-26,Brady Alan Singer,4.5,over,-105,onexbet,164051,2026-08-25 20:28:15.043164+00:00,propline_free_sample,2026-08-26/propline_pitcher_k_20260826T155726Z.csv,bradyalansinger,,,,,,PENDING
2026-08-26,Brady Alan Singer,4.5,under,-130,onexbet,164051,2026-08-25 20:28:15.043164+00:00,propline_free_sample,2026-08-26/propline_pitcher_k_20260826T155726Z.csv,bradyalansinger,,,,,,PENDING
2026-08-26,Brady Singer,4.5,over,100,prizepicks,164051,2026-08-25 05:47:38.337252+00:00,propline_free_sample,2026-08-26/propline_pitcher_k_20260826T155726Z.csv,bradysinger,,,,,,PENDING
2026-08-26,Brady Singer,5.5,over,100,prizepicks,164051,2026-08-25 05:47:38.337252+00:00,propline_free_sample,2026-08-26/propline_pitcher_k_20260826T155726Z.csv,bradysinger,,,,,,PENDING
2026-08-26,Brady Singer,6.5,over,100,prizepicks,164051,2026-08-25 05:47:38.337252+00:00,propline_free_sample,2026-08-26/propline_pitcher_k_20260826T155726Z.csv,bradysinger,,,,,,PENDING
2026-08-26,Brady Singer,7.5,over,100,prizepicks,164051,2026-08-25 05:47:38.337252+00:00,propline_free_sample,2026-08-26/propline_pitcher_k_20260826T155726Z.csv,bradysinger,,,,,,PENDING
2026-08-26,Brady Singer,2.5,over,100,prizepicks,164051,2026-08-25 05:47:38.337252+00:00,propline_free_sample,2026-08-26/propline_pitcher_k_20260826T155726Z.csv,bradysinger,,,,,,PENDING
2026-08-26,Brady Singer,3.5,over,100,prizepicks,164051,2026-08-25 05:47:38.337252+00:00,propline_free_sample,2026-08-26/propline_pitcher_k_20260826T155726Z.csv,bradysinger,,,,,,PENDING
2026-08-26,Brady Singer,4.5,under,100,prizepicks,164051,2026-08-25 05:47:38.337252+00:00,propline_free_sample,2026-08-26/propline_pitcher_k_20260826T155726Z.csv,bradysinger,,,,,,PENDING
2026-08-26,Brady Singer,5.5,under,100,prizepicks,164051,2026-08-25 05:47:38.337252+00:00,propline_free_sample,2026-08-26/propline_pitcher_k_20260826T155726Z.csv,bradysinger,,,,,,PENDING
2026-08-26,Brady Singer,6.5,under,100,prizepicks,164051,2026-08-25 05:47:38.337252+00:00,propline_free_sample,2026-08-26/propline_pitcher_k_20260826T155726Z.csv,bradysinger,,,,,,PENDING
2026-08-26,Brady Singer,7.5,under,100,prizepicks,164051,2026-08-25 05:47:38.337252+00:00,propline_free_sample,2026-08-26/propline_pitcher_k_20260826T155726Z.csv,bradysinger,,,,,,PENDING
2026-08-26,Brady Singer,2.5,under,100,prizepicks,164051,2026-08-25 05:47:38.337252+00:00,propline_free_sample,2026-08-26/propline_pitcher_k_20260826T155726Z.csv,bradysinger,,,,,,PENDING
2026-08-26,Brady Singer,3.5,under,100,prizepicks,164051,2026-08-25 05:47:38.337252+00:00,propline_free_sample,2026-08-26/propline_pitcher_k_20260826T155726Z.csv,bradysinger,,,,,,PENDING
2026-08-26,Brady Singer,4.5,over,110,dabble,164051,2026-08-25 05:58:33.399246+00:00,propline_free_sample,2026-08-26/propline_pitcher_k_20260826T155726Z.csv,bradysinger,,,,,,PENDING
2026-08-26,Brady Singer,4.5,under,-109,dabble,164051,2026-08-25 05:58:33.399246+00:00,propline_free_sample,2026-08-26/propline_pitcher_k_20260826T155726Z.csv,bradysinger,,,,,,PENDING
2026-08-26,Brady Singer,4.5,under,-152,underdog,164051,2026-08-25 06:09:17.715478+00:00,propline_free_sample,2026-08-26/propline_pitcher_k_20260826T155726Z.csv,bradysinger,,,,,,PENDING
2026-08-26,Brady Singer,8.5,over,9900,kalshi,164051,2026-08-25 09:15:42.552702+00:00,propline_free_sample,2026-08-26/propline_pitcher_k_20260826T155726Z.csv,bradysinger,,,,,,PENDING
2026-08-26,Brady Singer,1.5,under,9900,kalshi,164051,2026-08-25 09:15:42.552702+00:00,propline_free_sample,2026-08-26/propline_pitcher_k_20260826T155726Z.csv,bradysinger,,,,,,PENDING
2026-08-26,Brady Singer,2.5,under,9900,kalshi,164051,2026-08-25 09:15:42.552702+00:00,propline_free_sample,2026-08-26/propline_pitcher_k_20260826T155726Z.csv,bradysinger,,,,,,PENDING
2026-08-26,Brady Singer,4.0,over,100,prizepicks,164051,2026-08-25 12:53:16.094047+00:00,propline_free_sample,2026-08-26/propline_pitcher_k_20260826T155726Z.csv,bradysinger,,,,,,PENDING
2026-08-26,Brady Singer,4.0,under,100,prizepicks,164051,2026-08-25 12:53:16.094047+00:00,propline_free_sample,2026-08-26/propline_pitcher_k_20260826T155726Z.csv,bradysinger,,,,,,PENDING
2026-08-26,Brady Singer,4.5,over,109,pinnacle,164051,2026-08-25 13:33:37.130300+00:00,propline_free_sample,2026-08-26/propline_pitcher_k_20260826T155726Z.csv,bradysinger,,,,,,PENDING
2026-08-26,Brady Singer,4.5,under,-145,pinnacle,164051,2026-08-25 13:33:37.130300+00:00,propline_free_sample,2026-08-26/propline_pitcher_k_20260826T155726Z.csv,bradysinger,,,,,,PENDING
2026-08-26,Brady Singer,4.5,over,110,betmgm,164051,2026-08-25 14:25:19.178414+00:00,propline_free_sample,2026-08-26/propline_pitcher_k_20260826T155726Z.csv,bradysinger,,,,,,PENDING
2026-08-26,Brady Singer,4.5,under,-150,betmgm,164051,2026-08-25 14:25:19.178414+00:00,propline_free_sample,2026-08-26/propline_pitcher_k_20260826T155726Z.csv,bradysinger,,,,,,PENDING
2026-08-26,Brady Singer,2.5,over,-2400,kalshi,164051,2026-08-25 17:11:04.656210+00:00,propline_free_sample,2026-08-26/propline_pitcher_k_20260826T155726Z.csv,bradysinger,,,,,,PENDING
2026-08-26,Brady Singer,6.5,over,9900,kalshi,164051,2026-08-25 19:49:01.032265+00:00,propline_free_sample,2026-08-26/propline_pitcher_k_20260826T155726Z.csv,bradysinger,,,,,,PENDING
2026-08-26,Brady Singer,4.5,over,114,fanduel,164051,2026-08-25 20:38:07.868923+00:00,propline_free_sample,2026-08-26/propline_pitcher_k_20260826T155726Z.csv,bradysinger,,,,,,PENDING
2026-08-26,Brady Singer,4.5,under,-146,fanduel,164051,2026-08-25 20:38:07.868923+00:00,propline_free_sample,2026-08-26/propline_pitcher_k_20260826T155726Z.csv,bradysinger,,,,,,PENDING
2026-08-26,Brady Singer,3.5,under,190,novig,164051,2026-08-25 20:43:13.562705+00:00,propline_free_sample,2026-08-26/propline_pitcher_k_20260826T155726Z.csv,bradysinger,,,,,,PENDING
2026-08-26,Brady Singer,4.5,over,115,underdog,164051,2026-08-25 21:48:24.545649+00:00,propline_free_sample,2026-08-26/propline_pitcher_k_20260826T155726Z.csv,bradysinger,,,,,,PENDING
2026-08-26,Brady Singer,5.5,under,-317,novig,164051,2026-08-25 22:21:14.374211+00:00,propline_free_sample,2026-08-26/propline_pitcher_k_20260826T155726Z.csv,bradysinger,,,,,,PENDING
2026-08-26,Brady Singer,4.5,over,112,betrivers,164051,2026-08-25 22:23:09.530267+00:00,propline_free_sample,2026-08-26/propline_pitcher_k_20260826T155726Z.csv,bradysinger,,,,,,PENDING
2026-08-26,Brady Singer,4.5,under,-150,betrivers,164051,2026-08-25 22:23:09.530267+00:00,propline_free_sample,2026-08-26/propline_pitcher_k_20260826T155726Z.csv,bradysinger,,,,,,PENDING
2026-08-26,Brady Singer,3.5,over,-1329,kalshi,164051,2026-08-25 22:25:25.207979+00:00,propline_free_sample,2026-08-26/propline_pitcher_k_20260826T155726Z.csv,bradysinger,,,,,,PENDING
2026-08-26,Brady Singer,3.5,under,9900,kalshi,164051,2026-08-25 22:25:25.207979+00:00,propline_free_sample,2026-08-26/propline_pitcher_k_20260826T155726Z.csv,bradysinger,,,,,,PENDING
2026-08-26,Brady Singer,7.5,over,9900,kalshi,164051,2026-08-25 22:43:22.210088+00:00,propline_free_sample,2026-08-26/propline_pitcher_k_20260826T155726Z.csv,bradysinger,,,,,,PENDING
2026-08-26,Brady Singer,1.5,over,-4900,kalshi,164051,2026-08-25 22:45:39.242151+00:00,propline_free_sample,2026-08-26/propline_pitcher_k_20260826T155726Z.csv,bradysinger,,,,,,PENDING
2026-08-26,Brady Singer,5.5,under,-1900,kalshi,164051,2026-08-25 23:19:26.672718+00:00,propline_free_sample,2026-08-26/propline_pitcher_k_20260826T155726Z.csv,bradysinger,,,,,,PENDING
2026-08-26,Brady Singer,7.5,under,-1567,kalshi,164051,2026-08-25 23:29:00.104539+00:00,propline_free_sample,2026-08-26/propline_pitcher_k_20260826T155726Z.csv,bradysinger,,,,,,PENDING
2026-08-26,Brady Singer,6.5,under,-1900,kalshi,164051,2026-08-25 23:33:08.419296+00:00,propline_free_sample,2026-08-26/propline_pitcher_k_20260826T155726Z.csv,bradysinger,,,,,,PENDING
2026-08-26,Brady Singer,4.5,over,-101,draftkings,164051,2026-08-25 23:39:02.641781+00:00,propline_free_sample,2026-08-26/propline_pitcher_k_20260826T155726Z.csv,bradysinger,,,,,,PENDING
2026-08-26,Brady Singer,4.5,under,-127,draftkings,164051,2026-08-25 23:39:02.641781+00:00,propline_free_sample,2026-08-26/propline_pitcher_k_20260826T155726Z.csv,bradysinger,,,,,,PENDING
2026-08-26,Brady Singer,4.5,over,-9750,prophetx,164051,2026-08-25 23:39:51.078747+00:00,propline_free_sample,2026-08-26/propline_pitcher_k_20260826T155726Z.csv,bradysinger,,,,,,PENDING
2026-08-26,Brady Singer,4.5,under,-161,sleeper,164051,2026-08-25 23:41:29.147886+00:00,propline_free_sample,2026-08-26/propline_pitcher_k_20260826T155726Z.csv,bradysinger,,,,,,PENDING
2026-08-26,Brady Singer,4.5,over,104,rebet,164051,2026-08-25 23:44:01.015423+00:00,propline_free_sample,2026-08-26/propline_pitcher_k_20260826T155726Z.csv,bradysinger,,,,,,PENDING
2026-08-26,Brady Singer,4.5,under,-144,rebet,164051,2026-08-25 23:44:01.015423+00:00,propline_free_sample,2026-08-26/propline_pitcher_k_20260826T155726Z.csv,bradysinger,,,,,,PENDING
2026-08-26,Brady Singer,4.5,under,-132,smarkets,164051,2026-08-26 00:41:10.262668+00:00,propline_free_sample,2026-08-26/propline_pitcher_k_20260826T155726Z.csv,bradysinger,,,,,,PENDING
2026-08-26,Brady Singer,5.5,over,9900,kalshi,164051,2026-08-26 00:46:43.425203+00:00,propline_free_sample,2026-08-26/propline_pitcher_k_20260826T155726Z.csv,bradysinger,,,,,,PENDING
2026-08-26,Brady Singer,3.5,over,-213,novig,164051,2026-08-26 01:17:24.065266+00:00,propline_free_sample,2026-08-26/propline_pitcher_k_20260826T155726Z.csv,bradysinger,,,,,,PENDING
2026-08-26,Brady Singer,5.5,over,223,novig,164051,2026-08-26 01:17:24.065266+00:00,propline_free_sample,2026-08-26/propline_pitcher_k_20260826T155726Z.csv,bradysinger,,,,,,PENDING
2026-08-26,Brady Singer,4.5,over,-102,sleeper,164051,2026-08-26 01:35:15.462728+00:00,propline_free_sample,2026-08-26/propline_pitcher_k_20260826T155726Z.csv,bradysinger,,,,,,PENDING
2026-08-26,Brady Singer,4.5,over,-105,smarkets,164051,2026-08-26 01:37:28.332244+00:00,propline_free_sample,2026-08-26/propline_pitcher_k_20260826T155726Z.csv,bradysinger,,,,,,PENDING
2026-08-26,Brady Singer,4.5,under,-235,prophetx,164051,2026-08-26 01:41:15.620675+00:00,propline_free_sample,2026-08-26/propline_pitcher_k_20260826T155726Z.csv,bradysinger,,,,,,PENDING
2026-08-26,Brady Singer,4.5,over,-300,kalshi,164051,2026-08-26 01:44:30.129994+00:00,propline_free_sample,2026-08-26/propline_pitcher_k_20260826T155726Z.csv,bradysinger,,,,,,PENDING
2026-08-26,Brady Singer,4.5,under,9900,kalshi,164051,2026-08-26 01:44:30.129994+00:00,propline_free_sample,2026-08-26/propline_pitcher_k_20260826T155726Z.csv,bradysinger,,,,,,PENDING
2026-08-26,Brady Singer,4.5,over,113,novig,164051,2026-08-26 01:44:30.218603+00:00,propline_free_sample,2026-08-26/propline_pitcher_k_20260826T155726Z.csv,bradysinger,,,,,,PENDING
2026-08-26,Brady Singer,4.5,under,-122,novig,164051,2026-08-26 01:44:30.218603+00:00,propline_free_sample,2026-08-26/propline_pitcher_k_20260826T155726Z.csv,bradysinger,,,,,,PENDING
2026-08-26,Brady Singer (CIN),4.5,over,110,lowvig,164051,2026-08-25 15:55:07.697762+00:00,propline_free_sample,2026-08-26/propline_pitcher_k_20260826T155726Z.csv,bradysingercin,,,,,,PENDING
2026-08-26,Brady Singer (CIN),4.5,under,-150,lowvig,164051,2026-08-25 15:55:07.697762+00:00,propline_free_sample,2026-08-26/propline_pitcher_k_20260826T155726Z.csv,bradysingercin,,,,,,PENDING
2026-08-26,Brady Singer (CIN),4.5,over,110,betonlineag,164051,2026-08-25 15:55:08.271071+00:00,propline_free_sample,2026-08-26/propline_pitcher_k_20260826T155726Z.csv,bradysingercin,,,,,,PENDING
2026-08-26,Brady Singer (CIN),4.5,under,-150,betonlineag,164051,2026-08-25 15:55:08.271071+00:00,propline_free_sample,2026-08-26/propline_pitcher_k_20260826T155726Z.csv,bradysingercin,,,,,,PENDING
2026-08-26,Brady Singer (CIN),4.5,over,115,bovada,164051,2026-08-25 17:08:50.169498+00:00,propline_free_sample,2026-08-26/propline_pitcher_k_20260826T155726Z.csv,bradysingercin,,,,,,PENDING
2026-08-26,Brady Singer (CIN),4.5,under,-150,bovada,164051,2026-08-25 17:08:50.169498+00:00,propline_free_sample,2026-08-26/propline_pitcher_k_20260826T155726Z.csv,bradysingercin,,,,,,PENDING
2026-08-26,Brandon Pfaadt,4.5,over,100,prizepicks,164065,2026-08-25 00:15:13.486874+00:00,propline_free_sample,2026-08-26/propline_pitcher_k_20260826T155726Z.csv,brandonpfaadt,,,,,,PENDING
2026-08-26,Brandon Pfaadt,5.5,over,100,prizepicks,164065,2026-08-25 00:15:13.486874+00:00,propline_free_sample,2026-08-26/propline_pitcher_k_20260826T155726Z.csv,brandonpfaadt,,,,,,PENDING
2026-08-26,Brandon Pfaadt,6.5,over,100,prizepicks,164065,2026-08-25 00:15:13.486874+00:00,propline_free_sample,2026-08-26/propline_pitcher_k_20260826T155726Z.csv,brandonpfaadt,,,,,,PENDING
2026-08-26,Brandon Pfaadt,3.5,over,100,prizepicks,164065,2026-08-25 00:15:13.486874+00:00,propline_free_sample,2026-08-26/propline_pitcher_k_20260826T155726Z.csv,brandonpfaadt,,,,,,PENDING
2026-08-26,Brandon Pfaadt,4.5,under,100,prizepicks,164065,2026-08-25 00:15:13.486874+00:00,propline_free_sample,2026-08-26/propline_pitcher_k_20260826T155726Z.csv,brandonpfaadt,,,,,,PENDING
2026-08-26,Brandon Pfaadt,5.5,under,100,prizepicks,164065,2026-08-25 00:15:13.486874+00:00,propline_free_sample,2026-08-26/propline_pitcher_k_20260826T155726Z.csv,brandonpfaadt,,,,,,PENDING
2026-08-26,Brandon Pfaadt,6.5,under,100,prizepicks,164065,2026-08-25 00:15:13.486874+00:00,propline_free_sample,2026-08-26/propline_pitcher_k_20260826T155726Z.csv,brandonpfaadt,,,,,,PENDING
2026-08-26,Brandon Pfaadt,3.5,under,100,prizepicks,164065,2026-08-25 00:15:13.486874+00:00,propline_free_sample,2026-08-26/propline_pitcher_k_20260826T155726Z.csv,brandonpfaadt,,,,,,PENDING
2026-08-26,Brandon Pfaadt,2.5,over,100,prizepicks,164065,2026-08-25 01:10:59.424705+00:00,propline_free_sample,2026-08-26/propline_pitcher_k_20260826T155726Z.csv,brandonpfaadt,,,,,,PENDING
2026-08-26,Brandon Pfaadt,7.5,over,100,prizepicks,164065,2026-08-25 01:10:59.424705+00:00,propline_free_sample,2026-08-26/propline_pitcher_k_20260826T155726Z.csv,brandonpfaadt,,,,,,PENDING
2026-08-26,Brandon Pfaadt,2.5,under,100,prizepicks,164065,2026-08-25 01:10:59.424705+00:00,propline_free_sample,2026-08-26/propline_pitcher_k_20260826T155726Z.csv,brandonpfaadt,,,,,,PENDING
2026-08-26,Brandon Pfaadt,7.5,under,100,prizepicks,164065,2026-08-25 01:10:59.424705+00:00,propline_free_sample,2026-08-26/propline_pitcher_k_20260826T155726Z.csv,brandonpfaadt,,,,,,PENDING
2026-08-26,Brandon Pfaadt,2.5,under,9900,kalshi,164065,2026-08-25 08:20:30.419179+00:00,propline_free_sample,2026-08-26/propline_pitcher_k_20260826T155726Z.csv,brandonpfaadt,,,,,,PENDING
2026-08-26,Brandon Pfaadt,4.5,over,-102,underdog,164065,2026-08-25 09:15:34.830226+00:00,propline_free_sample,2026-08-26/propline_pitcher_k_20260826T155726Z.csv,brandonpfaadt,,,,,,PENDING
2026-08-26,Brandon Pfaadt,4.5,over,100,prizepicks,164065,2026-08-25 13:18:11.817119+00:00,propline_free_sample,2026-08-26/propline_pitcher_k_20260826T155726Z.csv,brandonpfaadt,,,,,,PENDING
2026-08-26,Brandon Pfaadt,4.5,under,100,prizepicks,164065,2026-08-25 13:18:11.817119+00:00,propline_free_sample,2026-08-26/propline_pitcher_k_20260826T155726Z.csv,brandonpfaadt,,,,,,PENDING
2026-08-26,Brandon Pfaadt,3.5,over,120,betmgm,164065,2026-08-25 13:30:20.635390+00:00,propline_free_sample,2026-08-26/propline_pitcher_k_20260826T155726Z.csv,brandonpfaadt,,,,,,PENDING
2026-08-26,Brandon Pfaadt,3.5,under,-160,betmgm,164065,2026-08-25 13:30:20.635390+00:00,propline_free_sample,2026-08-26/propline_pitcher_k_20260826T155726Z.csv,brandonpfaadt,,,,,,PENDING
2026-08-26,Brandon Pfaadt,2.5,over,-525,kalshi,164065,2026-08-25 17:23:05.681699+00:00,propline_free_sample,2026-08-26/propline_pitcher_k_20260826T155726Z.csv,brandonpfaadt,,,,,,PENDING
2026-08-26,Brandon Pfaadt,1.5,under,9900,kalshi,164065,2026-08-25 22:07:21.676625+00:00,propline_free_sample,2026-08-26/propline_pitcher_k_20260826T155726Z.csv,brandonpfaadt,,,,,,PENDING
2026-08-26,Brandon Pfaadt,4.5,over,115,draftkings,164065,2026-08-25 22:25:07.206294+00:00,propline_free_sample,2026-08-26/propline_pitcher_k_20260826T155726Z.csv,brandonpfaadt,,,,,,PENDING
2026-08-26,Brandon Pfaadt,4.5,under,-146,draftkings,164065,2026-08-25 22:25:07.206294+00:00,propline_free_sample,2026-08-26/propline_pitcher_k_20260826T155726Z.csv,brandonpfaadt,,,,,,PENDING
2026-08-26,Brandon Pfaadt,4.5,under,-136,underdog,164065,2026-08-25 22:31:52.225729+00:00,propline_free_sample,2026-08-26/propline_pitcher_k_20260826T155726Z.csv,brandonpfaadt,,,,,,PENDING
2026-08-26,Brandon Pfaadt,4.5,under,-161,sleeper,164065,2026-08-25 22:31:53.788352+00:00,propline_free_sample,2026-08-26/propline_pitcher_k_20260826T155726Z.csv,brandonpfaadt,,,,,,PENDING
2026-08-26,Brandon Pfaadt,4.5,over,-102,smarkets,164065,2026-08-25 22:34:39.839053+00:00,propline_free_sample,2026-08-26/propline_pitcher_k_20260826T155726Z.csv,brandonpfaadt,,,,,,PENDING
2026-08-26,Brandon Pfaadt,4.5,under,-137,smarkets,164065,2026-08-25 22:34:39.839053+00:00,propline_free_sample,2026-08-26/propline_pitcher_k_20260826T155726Z.csv,brandonpfaadt,,,,,,PENDING
2026-08-26,Brandon Pfaadt,6.5,over,9900,kalshi,164065,2026-08-25 22:38:54.964992+00:00,propline_free_sample,2026-08-26/propline_pitcher_k_20260826T155726Z.csv,brandonpfaadt,,,,,,PENDING
2026-08-26,Brandon Pfaadt,4.5,over,106,fanduel,164065,2026-08-25 22:45:24.351788+00:00,propline_free_sample,2026-08-26/propline_pitcher_k_20260826T155726Z.csv,brandonpfaadt,,,,,,PENDING
2026-08-26,Brandon Pfaadt,4.5,under,-136,fanduel,164065,2026-08-25 22:45:24.351788+00:00,propline_free_sample,2026-08-26/propline_pitcher_k_20260826T155726Z.csv,brandonpfaadt,,,,,,PENDING
2026-08-26,Brandon Pfaadt,1.5,over,-1011,kalshi,164065,2026-08-25 22:45:39.398477+00:00,propline_free_sample,2026-08-26/propline_pitcher_k_20260826T155726Z.csv,brandonpfaadt,,,,,,PENDING
2026-08-26,Brandon Pfaadt,7.5,over,9900,kalshi,164065,2026-08-25 22:51:21.291152+00:00,propline_free_sample,2026-08-26/propline_pitcher_k_20260826T155726Z.csv,brandonpfaadt,,,,,,PENDING
2026-08-26,Brandon Pfaadt,4.5,under,-164,prophetx,164065,2026-08-25 23:31:34.049332+00:00,propline_free_sample,2026-08-26/propline_pitcher_k_20260826T155726Z.csv,brandonpfaadt,,,,,,PENDING
2026-08-26,Brandon Pfaadt,5.5,over,9900,kalshi,164065,2026-08-25 23:52:08.469003+00:00,propline_free_sample,2026-08-26/propline_pitcher_k_20260826T155726Z.csv,brandonpfaadt,,,,,,PENDING
2026-08-26,Brandon Pfaadt,5.5,over,228,novig,164065,2026-08-26 00:12:15.981790+00:00,propline_free_sample,2026-08-26/propline_pitcher_k_20260826T155726Z.csv,brandonpfaadt,,,,,,PENDING
2026-08-26,Brandon Pfaadt,4.5,over,108,rebet,164065,2026-08-26 00:19:03.351666+00:00,propline_free_sample,2026-08-26/propline_pitcher_k_20260826T155726Z.csv,brandonpfaadt,,,,,,PENDING
2026-08-26,Brandon Pfaadt,4.5,under,-149,rebet,164065,2026-08-26 00:19:03.351666+00:00,propline_free_sample,2026-08-26/propline_pitcher_k_20260826T155726Z.csv,brandonpfaadt,,,,,,PENDING
2026-08-26,Brandon Pfaadt,4.5,over,120,pinnacle,164065,2026-08-26 00:22:38.755135+00:00,propline_free_sample,2026-08-26/propline_pitcher_k_20260826T155726Z.csv,brandonpfaadt,,,,,,PENDING
2026-08-26,Brandon Pfaadt,4.5,under,-160,pinnacle,164065,2026-08-26 00:22:38.755135+00:00,propline_free_sample,2026-08-26/propline_pitcher_k_20260826T155726Z.csv,brandonpfaadt,,,,,,PENDING
2026-08-26,Brandon Pfaadt,4.5,over,110,betrivers,164065,2026-08-26 00:24:47.195813+00:00,propline_free_sample,2026-08-26/propline_pitcher_k_20260826T155726Z.csv,brandonpfaadt,,,,,,PENDING
2026-08-26,Brandon Pfaadt,4.5,under,-148,betrivers,164065,2026-08-26 00:24:47.195813+00:00,propline_free_sample,2026-08-26/propline_pitcher_k_20260826T155726Z.csv,brandonpfaadt,,,,,,PENDING
2026-08-26,Brandon Pfaadt,4.5,over,100,onexbet,164065,2026-08-26 00:27:00.302029+00:00,propline_free_sample,2026-08-26/propline_pitcher_k_20260826T155726Z.csv,brandonpfaadt,,,,,,PENDING
2026-08-26,Brandon Pfaadt,4.5,under,-135,onexbet,164065,2026-08-26 00:27:00.302029+00:00,propline_free_sample,2026-08-26/propline_pitcher_k_20260826T155726Z.csv,brandonpfaadt,,,,,,PENDING
2026-08-26,Brandon Pfaadt,4.5,over,9900,kalshi,164065,2026-08-26 00:35:02.769722+00:00,propline_free_sample,2026-08-26/propline_pitcher_k_20260826T155726Z.csv,brandonpfaadt,,,,,,PENDING
2026-08-26,Brandon Pfaadt,4.5,under,-9900,kalshi,164065,2026-08-26 00:35:02.769722+00:00,propline_free_sample,2026-08-26/propline_pitcher_k_20260826T155726Z.csv,brandonpfaadt,,,,,,PENDING
2026-08-26,Brandon Pfaadt,3.5,over,-186,novig,164065,2026-08-26 01:12:01.094445+00:00,propline_free_sample,2026-08-26/propline_pitcher_k_20260826T155726Z.csv,brandonpfaadt,,,,,,PENDING
2026-08-26,Brandon Pfaadt,5.5,under,-326,novig,164065,2026-08-26 01:14:01.932578+00:00,propline_free_sample,2026-08-26/propline_pitcher_k_20260826T155726Z.csv,brandonpfaadt,,,,,,PENDING
2026-08-26,Brandon Pfaadt,3.5,under,138,novig,164065,2026-08-26 01:24:53.277574+00:00,propline_free_sample,2026-08-26/propline_pitcher_k_20260826T155726Z.csv,brandonpfaadt,,,,,,PENDING
2026-08-26,Brandon Pfaadt,4.5,over,135,novig,164065,2026-08-26 01:26:23.668439+00:00,propline_free_sample,2026-08-26/propline_pitcher_k_20260826T155726Z.csv,brandonpfaadt,,,,,,PENDING
2026-08-26,Brandon Pfaadt,4.5,under,-138,novig,164065,2026-08-26 01:26:23.668439+00:00,propline_free_sample,2026-08-26/propline_pitcher_k_20260826T155726Z.csv,brandonpfaadt,,,,,,PENDING
2026-08-26,Brandon Pfaadt,7.5,under,-2400,kalshi,164065,2026-08-26 01:36:24.312994+00:00,propline_free_sample,2026-08-26/propline_pitcher_k_20260826T155726Z.csv,brandonpfaadt,,,,,,PENDING
2026-08-26,Brandon Pfaadt,4.5,over,115,dabble,164065,2026-08-26 01:37:12.891622+00:00,propline_free_sample,2026-08-26/propline_pitcher_k_20260826T155726Z.csv,brandonpfaadt,,,,,,PENDING
2026-08-26,Brandon Pfaadt,4.5,under,-114,dabble,164065,2026-08-26 01:37:12.891622+00:00,propline_free_sample,2026-08-26/propline_pitcher_k_20260826T155726Z.csv,brandonpfaadt,,,,,,PENDING
2026-08-26,Brandon Pfaadt,4.5,over,-102,sleeper,164065,2026-08-26 01:39:04.315764+00:00,propline_free_sample,2026-08-26/propline_pitcher_k_20260826T155726Z.csv,brandonpfaadt,,,,,,PENDING
2026-08-26,Brandon Pfaadt,4.5,over,119,prophetx,164065,2026-08-26 01:39:31.239694+00:00,propline_free_sample,2026-08-26/propline_pitcher_k_20260826T155726Z.csv,brandonpfaadt,,,,,,PENDING
2026-08-26,Brandon Pfaadt,3.5,over,9900,kalshi,164065,2026-08-26 01:39:52.798604+00:00,propline_free_sample,2026-08-26/propline_pitcher_k_20260826T155726Z.csv,brandonpfaadt,,,,,,PENDING
2026-08-26,Brandon Pfaadt,3.5,under,-1329,kalshi,164065,2026-08-26 01:39:52.798604+00:00,propline_free_sample,2026-08-26/propline_pitcher_k_20260826T155726Z.csv,brandonpfaadt,,,,,,PENDING
2026-08-26,Brandon Pfaadt,5.5,under,-9900,kalshi,164065,2026-08-26 01:39:52.798604+00:00,propline_free_sample,2026-08-26/propline_pitcher_k_20260826T155726Z.csv,brandonpfaadt,,,,,,PENDING
2026-08-26,Brandon Pfaadt,6.5,under,-9900,kalshi,164065,2026-08-26 01:39:52.798604+00:00,propline_free_sample,2026-08-26/propline_pitcher_k_20260826T155726Z.csv,brandonpfaadt,,,,,,PENDING
2026-08-26,Brandon Pfaadt (ARI),4.5,over,105,bovada,164065,2026-08-25 23:07:24.146933+00:00,propline_free_sample,2026-08-26/propline_pitcher_k_20260826T155726Z.csv,brandonpfaadtari,,,,,,PENDING
2026-08-26,Brandon Pfaadt (ARI),4.5,under,-135,bovada,164065,2026-08-25 23:07:24.146933+00:00,propline_free_sample,2026-08-26/propline_pitcher_k_20260826T155726Z.csv,brandonpfaadtari,,,,,,PENDING
2026-08-26,Clay Holmes,3.5,over,100,prizepicks,164065,2026-08-25 00:15:13.486874+00:00,propline_free_sample,2026-08-26/propline_pitcher_k_20260826T155726Z.csv,clayholmes,,,,,,PENDING
2026-08-26,Clay Holmes,4.5,over,100,prizepicks,164065,2026-08-25 00:15:13.486874+00:00,propline_free_sample,2026-08-26/propline_pitcher_k_20260826T155726Z.csv,clayholmes,,,,,,PENDING
2026-08-26,Clay Holmes,5.5,over,100,prizepicks,164065,2026-08-25 00:15:13.486874+00:00,propline_free_sample,2026-08-26/propline_pitcher_k_20260826T155726Z.csv,clayholmes,,,,,,PENDING
2026-08-26,Clay Holmes,2.5,over,100,prizepicks,164065,2026-08-25 00:15:13.486874+00:00,propline_free_sample,2026-08-26/propline_pitcher_k_20260826T155726Z.csv,clayholmes,,,,,,PENDING
2026-08-26,Clay Holmes,3.5,under,100,prizepicks,164065,2026-08-25 00:15:13.486874+00:00,propline_free_sample,2026-08-26/propline_pitcher_k_20260826T155726Z.csv,clayholmes,,,,,,PENDING
2026-08-26,Clay Holmes,4.5,under,100,prizepicks,164065,2026-08-25 00:15:13.486874+00:00,propline_free_sample,2026-08-26/propline_pitcher_k_20260826T155726Z.csv,clayholmes,,,,,,PENDING
2026-08-26,Clay Holmes,5.5,under,100,prizepicks,164065,2026-08-25 00:15:13.486874+00:00,propline_free_sample,2026-08-26/propline_pitcher_k_20260826T155726Z.csv,clayholmes,,,,,,PENDING
2026-08-26,Clay Holmes,2.5,under,100,prizepicks,164065,2026-08-25 00:15:13.486874+00:00,propline_free_sample,2026-08-26/propline_pitcher_k_20260826T155726Z.csv,clayholmes,,,,,,PENDING
2026-08-26,Clay Holmes,6.5,over,100,prizepicks,164065,2026-08-25 01:53:43.751685+00:00,propline_free_sample,2026-08-26/propline_pitcher_k_20260826T155726Z.csv,clayholmes,,,,,,PENDING
2026-08-26,Clay Holmes,1.5,over,100,prizepicks,164065,2026-08-25 01:53:43.751685+00:00,propline_free_sample,2026-08-26/propline_pitcher_k_20260826T155726Z.csv,clayholmes,,,,,,PENDING
2026-08-26,Clay Holmes,6.5,under,100,prizepicks,164065,2026-08-25 01:53:43.751685+00:00,propline_free_sample,2026-08-26/propline_pitcher_k_20260826T155726Z.csv,clayholmes,,,,,,PENDING
2026-08-26,Clay Holmes,1.5,under,100,prizepicks,164065,2026-08-25 01:53:43.751685+00:00,propline_free_sample,2026-08-26/propline_pitcher_k_20260826T155726Z.csv,clayholmes,,,,,,PENDING
2026-08-26,Clay Holmes,3.5,under,-134,underdog,164065,2026-08-25 07:58:16.812272+00:00,propline_free_sample,2026-08-26/propline_pitcher_k_20260826T155726Z.csv,clayholmes,,,,,,PENDING
2026-08-26,Clay Holmes,1.5,under,9900,kalshi,164065,2026-08-25 08:53:38.758602+00:00,propline_free_sample,2026-08-26/propline_pitcher_k_20260826T155726Z.csv,clayholmes,,,,,,PENDING
2026-08-26,Clay Holmes,3.5,over,100,prizepicks,164065,2026-08-25 12:53:15.536444+00:00,propline_free_sample,2026-08-26/propline_pitcher_k_20260826T155726Z.csv,clayholmes,,,,,,PENDING
2026-08-26,Clay Holmes,3.5,under,100,prizepicks,164065,2026-08-25 12:53:15.536444+00:00,propline_free_sample,2026-08-26/propline_pitcher_k_20260826T155726Z.csv,clayholmes,,,,,,PENDING
2026-08-26,Clay Holmes,2.5,under,160,novig,164065,2026-08-25 13:49:29.980311+00:00,propline_free_sample,2026-08-26/propline_pitcher_k_20260826T155726Z.csv,clayholmes,,,,,,PENDING
2026-08-26,Clay Holmes,4.5,under,-456,novig,164065,2026-08-25 17:18:41.368966+00:00,propline_free_sample,2026-08-26/propline_pitcher_k_20260826T155726Z.csv,clayholmes,,,,,,PENDING
2026-08-26,Clay Holmes,1.5,over,-1329,kalshi,164065,2026-08-25 19:07:32.384312+00:00,propline_free_sample,2026-08-26/propline_pitcher_k_20260826T155726Z.csv,clayholmes,,,,,,PENDING
2026-08-26,Clay Holmes,3.5,over,102,underdog,164065,2026-08-25 22:20:51.661999+00:00,propline_free_sample,2026-08-26/propline_pitcher_k_20260826T155726Z.csv,clayholmes,,,,,,PENDING
2026-08-26,Clay Holmes,4.5,over,-122,kalshi,164065,2026-08-25 22:21:01.552134+00:00,propline_free_sample,2026-08-26/propline_pitcher_k_20260826T155726Z.csv,clayholmes,,,,,,PENDING
2026-08-26,Clay Holmes,3.5,under,-139,smarkets,164065,2026-08-25 22:34:39.839053+00:00,propline_free_sample,2026-08-26/propline_pitcher_k_20260826T155726Z.csv,clayholmes,,,,,,PENDING
2026-08-26,Clay Holmes,5.5,over,140,betmgm,164065,2026-08-25 22:48:22.695970+00:00,propline_free_sample,2026-08-26/propline_pitcher_k_20260826T155726Z.csv,clayholmes,,,,,,PENDING
2026-08-26,Clay Holmes,5.5,under,-190,betmgm,164065,2026-08-25 22:48:22.695970+00:00,propline_free_sample,2026-08-26/propline_pitcher_k_20260826T155726Z.csv,clayholmes,,,,,,PENDING
2026-08-26,Clay Holmes,3.5,over,119,draftkings,164065,2026-08-25 22:50:07.917227+00:00,propline_free_sample,2026-08-26/propline_pitcher_k_20260826T155726Z.csv,clayholmes,,,,,,PENDING
2026-08-26,Clay Holmes,3.5,under,-152,draftkings,164065,2026-08-25 22:50:07.917227+00:00,propline_free_sample,2026-08-26/propline_pitcher_k_20260826T155726Z.csv,clayholmes,,,,,,PENDING
2026-08-26,Clay Holmes,3.5,over,-164,prophetx,164065,2026-08-25 23:51:59.043725+00:00,propline_free_sample,2026-08-26/propline_pitcher_k_20260826T155726Z.csv,clayholmes,,,,,,PENDING
2026-08-26,Clay Holmes,3.5,over,124,fanduel,164065,2026-08-25 23:59:55.149799+00:00,propline_free_sample,2026-08-26/propline_pitcher_k_20260826T155726Z.csv,clayholmes,,,,,,PENDING
2026-08-26,Clay Holmes,3.5,under,-158,fanduel,164065,2026-08-25 23:59:55.149799+00:00,propline_free_sample,2026-08-26/propline_pitcher_k_20260826T155726Z.csv,clayholmes,,,,,,PENDING
2026-08-26,Clay Holmes,3.5,over,108,betrivers,164065,2026-08-26 00:02:05.139965+00:00,propline_free_sample,2026-08-26/propline_pitcher_k_20260826T155726Z.csv,clayholmes,,,,,,PENDING
2026-08-26,Clay Holmes,3.5,under,-143,betrivers,164065,2026-08-26 00:02:05.139965+00:00,propline_free_sample,2026-08-26/propline_pitcher_k_20260826T155726Z.csv,clayholmes,,,,,,PENDING
2026-08-26,Clay Holmes,3.5,over,104,sleeper,164065,2026-08-26 00:04:14.860768+00:00,propline_free_sample,2026-08-26/propline_pitcher_k_20260826T155726Z.csv,clayholmes,,,,,,PENDING
2026-08-26,Clay Holmes,3.5,under,-175,sleeper,164065,2026-08-26 00:04:14.860768+00:00,propline_free_sample,2026-08-26/propline_pitcher_k_20260826T155726Z.csv,clayholmes,,,,,,PENDING
2026-08-26,Clay Holmes,4.5,over,277,novig,164065,2026-08-26 00:06:39.677771+00:00,propline_free_sample,2026-08-26/propline_pitcher_k_20260826T155726Z.csv,clayholmes,,,,,,PENDING
2026-08-26,Clay Holmes,3.5,over,116,rebet,164065,2026-08-26 00:06:49.746566+00:00,propline_free_sample,2026-08-26/propline_pitcher_k_20260826T155726Z.csv,clayholmes,,,,,,PENDING
2026-08-26,Clay Holmes,3.5,under,-160,rebet,164065,2026-08-26 00:06:49.746566+00:00,propline_free_sample,2026-08-26/propline_pitcher_k_20260826T155726Z.csv,clayholmes,,,,,,PENDING
2026-08-26,Clay Holmes,3.5,over,100,onexbet,164065,2026-08-26 00:27:00.302029+00:00,propline_free_sample,2026-08-26/propline_pitcher_k_20260826T155726Z.csv,clayholmes,,,,,,PENDING
2026-08-26,Clay Holmes,3.5,under,-135,onexbet,164065,2026-08-26 00:27:00.302029+00:00,propline_free_sample,2026-08-26/propline_pitcher_k_20260826T155726Z.csv,clayholmes,,,,,,PENDING
2026-08-26,Clay Holmes,3.5,over,-1329,kalshi,164065,2026-08-26 00:41:26.950065+00:00,propline_free_sample,2026-08-26/propline_pitcher_k_20260826T155726Z.csv,clayholmes,,,,,,PENDING
2026-08-26,Clay Holmes,6.5,over,9900,kalshi,164065,2026-08-26 00:51:47.612064+00:00,propline_free_sample,2026-08-26/propline_pitcher_k_20260826T155726Z.csv,clayholmes,,,,,,PENDING
2026-08-26,Clay Holmes,3.5,over,132,pinnacle,164065,2026-08-26 00:53:20.000913+00:00,propline_free_sample,2026-08-26/propline_pitcher_k_20260826T155726Z.csv,clayholmes,,,,,,PENDING
2026-08-26,Clay Holmes,3.5,under,-177,pinnacle,164065,2026-08-26 00:53:20.000913+00:00,propline_free_sample,2026-08-26/propline_pitcher_k_20260826T155726Z.csv,clayholmes,,,,,,PENDING
2026-08-26,Clay Holmes,3.5,over,118,dabble,164065,2026-08-26 01:17:51.078061+00:00,propline_free_sample,2026-08-26/propline_pitcher_k_20260826T155726Z.csv,clayholmes,,,,,,PENDING
2026-08-26,Clay Holmes,3.5,over,-101,smarkets,164065,2026-08-26 01:23:52.289284+00:00,propline_free_sample,2026-08-26/propline_pitcher_k_20260826T155726Z.csv,clayholmes,,,,,,PENDING
2026-08-26,Clay Holmes,3.5,under,-870,prophetx,164065,2026-08-26 01:27:49.936214+00:00,propline_free_sample,2026-08-26/propline_pitcher_k_20260826T155726Z.csv,clayholmes,,,,,,PENDING
2026-08-26,Clay Holmes,5.5,under,-1900,kalshi,164065,2026-08-26 01:36:24.312994+00:00,propline_free_sample,2026-08-26/propline_pitcher_k_20260826T155726Z.csv,clayholmes,,,,,,PENDING
2026-08-26,Clay Holmes,3.5,under,-116,dabble,164065,2026-08-26 01:37:12.891622+00:00,propline_free_sample,2026-08-26/propline_pitcher_k_20260826T155726Z.csv,clayholmes,,,,,,PENDING
2026-08-26,Clay Holmes,3.5,over,141,novig,164065,2026-08-26 01:38:23.286825+00:00,propline_free_sample,2026-08-26/propline_pitcher_k_20260826T155726Z.csv,clayholmes,,,,,,PENDING
2026-08-26,Clay Holmes,2.5,over,-228,novig,164065,2026-08-26 01:38:23.286825+00:00,propline_free_sample,2026-08-26/propline_pitcher_k_20260826T155726Z.csv,clayholmes,,,,,,PENDING
2026-08-26,Clay Holmes,2.5,over,-1329,kalshi,164065,2026-08-26 01:38:24.019074+00:00,propline_free_sample,2026-08-26/propline_pitcher_k_20260826T155726Z.csv,clayholmes,,,,,,PENDING
2026-08-26,Clay Holmes,5.5,over,9900,kalshi,164065,2026-08-26 01:38:24.019074+00:00,propline_free_sample,2026-08-26/propline_pitcher_k_20260826T155726Z.csv,clayholmes,,,,,,PENDING
2026-08-26,Clay Holmes,3.5,under,9900,kalshi,164065,2026-08-26 01:38:24.019074+00:00,propline_free_sample,2026-08-26/propline_pitcher_k_20260826T155726Z.csv,clayholmes,,,,,,PENDING
2026-08-26,Clay Holmes,3.5,under,-156,novig,164065,2026-08-26 01:39:21.339823+00:00,propline_free_sample,2026-08-26/propline_pitcher_k_20260826T155726Z.csv,clayholmes,,,,,,PENDING
2026-08-26,Clay Holmes,2.5,under,9900,kalshi,164065,2026-08-26 01:39:52.798604+00:00,propline_free_sample,2026-08-26/propline_pitcher_k_20260826T155726Z.csv,clayholmes,,,,,,PENDING
2026-08-26,Clay Holmes,4.5,under,9900,kalshi,164065,2026-08-26 01:39:52.798604+00:00,propline_free_sample,2026-08-26/propline_pitcher_k_20260826T155726Z.csv,clayholmes,,,,,,PENDING
2026-08-26,Clay Holmes,6.5,under,-1150,kalshi,164065,2026-08-26 01:39:52.798604+00:00,propline_free_sample,2026-08-26/propline_pitcher_k_20260826T155726Z.csv,clayholmes,,,,,,PENDING
2026-08-26,Clay Holmes (CHC),3.5,over,120,bovada,164065,2026-08-26 00:18:22.989072+00:00,propline_free_sample,2026-08-26/propline_pitcher_k_20260826T155726Z.csv,clayholmeschc,,,,,,PENDING
2026-08-26,Clay Holmes (CHC),3.5,under,-160,bovada,164065,2026-08-26 00:18:22.989072+00:00,propline_free_sample,2026-08-26/propline_pitcher_k_20260826T155726Z.csv,clayholmeschc,,,,,,PENDING
2026-08-26,Gage Jump,6.5,over,100,prizepicks,164068,2026-08-25 04:42:41.366703+00:00,propline_free_sample,2026-08-26/propline_pitcher_k_20260826T155726Z.csv,gagejump,,,,,,PENDING
2026-08-26,Gage Jump,3.5,over,100,prizepicks,164068,2026-08-25 04:42:41.366703+00:00,propline_free_sample,2026-08-26/propline_pitcher_k_20260826T155726Z.csv,gagejump,,,,,,PENDING
2026-08-26,Gage Jump,4.5,over,100,prizepicks,164068,2026-08-25 04:42:41.366703+00:00,propline_free_sample,2026-08-26/propline_pitcher_k_20260826T155726Z.csv,gagejump,,,,,,PENDING
2026-08-26,Gage Jump,6.5,under,100,prizepicks,164068,2026-08-25 04:42:41.366703+00:00,propline_free_sample,2026-08-26/propline_pitcher_k_20260826T155726Z.csv,gagejump,,,,,,PENDING
2026-08-26,Gage Jump,3.5,under,100,prizepicks,164068,2026-08-25 04:42:41.366703+00:00,propline_free_sample,2026-08-26/propline_pitcher_k_20260826T155726Z.csv,gagejump,,,,,,PENDING
2026-08-26,Gage Jump,4.5,under,100,prizepicks,164068,2026-08-25 04:42:41.366703+00:00,propline_free_sample,2026-08-26/propline_pitcher_k_20260826T155726Z.csv,gagejump,,,,,,PENDING
2026-08-26,Gage Jump,7.5,over,100,prizepicks,164068,2026-08-25 05:15:03.898078+00:00,propline_free_sample,2026-08-26/propline_pitcher_k_20260826T155726Z.csv,gagejump,,,,,,PENDING
2026-08-26,Gage Jump,8.5,over,100,prizepicks,164068,2026-08-25 05:15:03.898078+00:00,propline_free_sample,2026-08-26/propline_pitcher_k_20260826T155726Z.csv,gagejump,,,,,,PENDING
2026-08-26,Gage Jump,5.5,over,100,prizepicks,164068,2026-08-25 05:15:03.898078+00:00,propline_free_sample,2026-08-26/propline_pitcher_k_20260826T155726Z.csv,gagejump,,,,,,PENDING
2026-08-26,Gage Jump,2.5,over,100,prizepicks,164068,2026-08-25 05:15:03.898078+00:00,propline_free_sample,2026-08-26/propline_pitcher_k_20260826T155726Z.csv,gagejump,,,,,,PENDING
2026-08-26,Gage Jump,7.5,under,100,prizepicks,164068,2026-08-25 05:15:03.898078+00:00,propline_free_sample,2026-08-26/propline_pitcher_k_20260826T155726Z.csv,gagejump,,,,,,PENDING
2026-08-26,Gage Jump,8.5,under,100,prizepicks,164068,2026-08-25 05:15:03.898078+00:00,propline_free_sample,2026-08-26/propline_pitcher_k_20260826T155726Z.csv,gagejump,,,,,,PENDING
2026-08-26,Gage Jump,5.5,under,100,prizepicks,164068,2026-08-25 05:15:03.898078+00:00,propline_free_sample,2026-08-26/propline_pitcher_k_20260826T155726Z.csv,gagejump,,,,,,PENDING
2026-08-26,Gage Jump,2.5,under,100,prizepicks,164068,2026-08-25 05:15:03.898078+00:00,propline_free_sample,2026-08-26/propline_pitcher_k_20260826T155726Z.csv,gagejump,,,,,,PENDING
2026-08-26,Gage Jump,5.0,over,100,prizepicks,164068,2026-08-25 11:28:21.636568+00:00,propline_free_sample,2026-08-26/propline_pitcher_k_20260826T155726Z.csv,gagejump,,,,,,PENDING
2026-08-26,Gage Jump,5.0,under,100,prizepicks,164068,2026-08-25 11:28:21.636568+00:00,propline_free_sample,2026-08-26/propline_pitcher_k_20260826T155726Z.csv,gagejump,,,,,,PENDING
2026-08-26,Gage Jump,4.5,over,-149,smarkets,164068,2026-08-25 14:42:31.759596+00:00,propline_free_sample,2026-08-26/propline_pitcher_k_20260826T155726Z.csv,gagejump,,,,,,PENDING
2026-08-26,Gage Jump,4.5,under,106,smarkets,164068,2026-08-25 14:42:31.759596+00:00,propline_free_sample,2026-08-26/propline_pitcher_k_20260826T155726Z.csv,gagejump,,,,,,PENDING
2026-08-26,Gage Jump,4.5,over,-168,rebet,164068,2026-08-25 15:21:37.415486+00:00,propline_free_sample,2026-08-26/propline_pitcher_k_20260826T155726Z.csv,gagejump,,,,,,PENDING
2026-08-26,Gage Jump,4.5,under,121,rebet,164068,2026-08-25 15:21:37.415486+00:00,propline_free_sample,2026-08-26/propline_pitcher_k_20260826T155726Z.csv,gagejump,,,,,,PENDING
2026-08-26,Gage Jump,5.5,over,110,betmgm,164068,2026-08-25 20:28:20.323005+00:00,propline_free_sample,2026-08-26/propline_pitcher_k_20260826T155726Z.csv,gagejump,,,,,,PENDING
2026-08-26,Gage Jump,5.5,under,-150,betmgm,164068,2026-08-25 20:28:20.323005+00:00,propline_free_sample,2026-08-26/propline_pitcher_k_20260826T155726Z.csv,gagejump,,,,,,PENDING
2026-08-26,Gage Jump,5.5,over,-567,kalshi,164068,2026-08-25 20:49:53.791750+00:00,propline_free_sample,2026-08-26/propline_pitcher_k_20260826T155726Z.csv,gagejump,,,,,,PENDING
2026-08-26,Gage Jump,5.5,under,9900,kalshi,164068,2026-08-25 20:49:53.791750+00:00,propline_free_sample,2026-08-26/propline_pitcher_k_20260826T155726Z.csv,gagejump,,,,,,PENDING
2026-08-26,Gage Jump,6.5,over,-223,kalshi,164068,2026-08-25 21:18:28.881401+00:00,propline_free_sample,2026-08-26/propline_pitcher_k_20260826T155726Z.csv,gagejump,,,,,,PENDING
2026-08-26,Gage Jump,6.5,under,9900,kalshi,164068,2026-08-25 21:18:28.881401+00:00,propline_free_sample,2026-08-26/propline_pitcher_k_20260826T155726Z.csv,gagejump,,,,,,PENDING
2026-08-26,Gage Jump,7.5,over,-9900,kalshi,164068,2026-08-25 21:27:23.520939+00:00,propline_free_sample,2026-08-26/propline_pitcher_k_20260826T155726Z.csv,gagejump,,,,,,PENDING
2026-08-26,Gage Jump,5.5,over,119,underdog,164068,2026-08-25 21:30:07.964214+00:00,propline_free_sample,2026-08-26/propline_pitcher_k_20260826T155726Z.csv,gagejump,,,,,,PENDING
2026-08-26,Gage Jump,5.5,under,-162,underdog,164068,2026-08-25 21:30:07.964214+00:00,propline_free_sample,2026-08-26/propline_pitcher_k_20260826T155726Z.csv,gagejump,,,,,,PENDING
2026-08-26,Gage Jump,3.5,over,-1329,kalshi,164068,2026-08-25 21:55:17.164768+00:00,propline_free_sample,2026-08-26/propline_pitcher_k_20260826T155726Z.csv,gagejump,,,,,,PENDING
2026-08-26,Gage Jump,3.5,under,9900,kalshi,164068,2026-08-25 21:55:17.164768+00:00,propline_free_sample,2026-08-26/propline_pitcher_k_20260826T155726Z.csv,gagejump,,,,,,PENDING
2026-08-26,Gage Jump,5.5,over,104,sleeper,164068,2026-08-25 22:02:19.469238+00:00,propline_free_sample,2026-08-26/propline_pitcher_k_20260826T155726Z.csv,gagejump,,,,,,PENDING
2026-08-26,Gage Jump,5.5,under,-135,dabble,164068,2026-08-25 22:14:21.245116+00:00,propline_free_sample,2026-08-26/propline_pitcher_k_20260826T155726Z.csv,gagejump,,,,,,PENDING
2026-08-26,Gage Jump,4.5,over,-186,novig,164068,2026-08-25 22:16:48.100242+00:00,propline_free_sample,2026-08-26/propline_pitcher_k_20260826T155726Z.csv,gagejump,,,,,,PENDING
2026-08-26,Gage Jump,3.5,under,300,novig,164068,2026-08-25 22:43:41.453819+00:00,propline_free_sample,2026-08-26/propline_pitcher_k_20260826T155726Z.csv,gagejump,,,,,,PENDING
2026-08-26,Gage Jump,4.5,over,-166,prophetx,164068,2026-08-25 23:10:32.610831+00:00,propline_free_sample,2026-08-26/propline_pitcher_k_20260826T155726Z.csv,gagejump,,,,,,PENDING
2026-08-26,Gage Jump,5.5,over,120,betrivers,164068,2026-08-25 23:14:29.804753+00:00,propline_free_sample,2026-08-26/propline_pitcher_k_20260826T155726Z.csv,gagejump,,,,,,PENDING
2026-08-26,Gage Jump,5.5,over,114,draftkings,164068,2026-08-25 23:16:27.942286+00:00,propline_free_sample,2026-08-26/propline_pitcher_k_20260826T155726Z.csv,gagejump,,,,,,PENDING
2026-08-26,Gage Jump,5.5,under,-146,draftkings,164068,2026-08-25 23:16:27.942286+00:00,propline_free_sample,2026-08-26/propline_pitcher_k_20260826T155726Z.csv,gagejump,,,,,,PENDING
2026-08-26,Gage Jump,5.5,over,136,dabble,164068,2026-08-25 23:33:04.160264+00:00,propline_free_sample,2026-08-26/propline_pitcher_k_20260826T155726Z.csv,gagejump,,,,,,PENDING
2026-08-26,Gage Jump,2.5,over,-9900,kalshi,164068,2026-08-25 23:33:08.736964+00:00,propline_free_sample,2026-08-26/propline_pitcher_k_20260826T155726Z.csv,gagejump,,,,,,PENDING
2026-08-26,Gage Jump,4.5,over,-180,pinnacle,164068,2026-08-26 00:10:25.946342+00:00,propline_free_sample,2026-08-26/propline_pitcher_k_20260826T155726Z.csv,gagejump,,,,,,PENDING
2026-08-26,Gage Jump,4.5,under,134,pinnacle,164068,2026-08-26 00:10:25.946342+00:00,propline_free_sample,2026-08-26/propline_pitcher_k_20260826T155726Z.csv,gagejump,,,,,,PENDING
2026-08-26,Gage Jump,4.5,over,-165,onexbet,164068,2026-08-26 00:27:00.461084+00:00,propline_free_sample,2026-08-26/propline_pitcher_k_20260826T155726Z.csv,gagejump,,,,,,PENDING
2026-08-26,Gage Jump,4.5,under,125,onexbet,164068,2026-08-26 00:27:00.461084+00:00,propline_free_sample,2026-08-26/propline_pitcher_k_20260826T155726Z.csv,gagejump,,,,,,PENDING
2026-08-26,Gage Jump,5.5,under,-172,sleeper,164068,2026-08-26 00:47:17.113616+00:00,propline_free_sample,2026-08-26/propline_pitcher_k_20260826T155726Z.csv,gagejump,,,,,,PENDING
2026-08-26,Gage Jump,4.5,under,160,prophetx,164068,2026-08-26 00:58:00.522751+00:00,propline_free_sample,2026-08-26/propline_pitcher_k_20260826T155726Z.csv,gagejump,,,,,,PENDING
2026-08-26,Gage Jump,5.5,under,-162,betrivers,164068,2026-08-26 01:09:51.861309+00:00,propline_free_sample,2026-08-26/propline_pitcher_k_20260826T155726Z.csv,gagejump,,,,,,PENDING
2026-08-26,Gage Jump,5.5,over,113,novig,164068,2026-08-26 01:15:22.006784+00:00,propline_free_sample,2026-08-26/propline_pitcher_k_20260826T155726Z.csv,gagejump,,,,,,PENDING
2026-08-26,Gage Jump,5.5,over,-176,prophetx,164068,2026-08-26 01:18:14.738128+00:00,propline_free_sample,2026-08-26/propline_pitcher_k_20260826T155726Z.csv,gagejump,,,,,,PENDING
2026-08-26,Gage Jump,3.5,over,-488,novig,164068,2026-08-26 01:19:55.668583+00:00,propline_free_sample,2026-08-26/propline_pitcher_k_20260826T155726Z.csv,gagejump,,,,,,PENDING
2026-08-26,Gage Jump,6.5,over,217,novig,164068,2026-08-26 01:19:55.668583+00:00,propline_free_sample,2026-08-26/propline_pitcher_k_20260826T155726Z.csv,gagejump,,,,,,PENDING
2026-08-26,Gage Jump,8.5,over,-488,kalshi,164068,2026-08-26 01:22:22.542613+00:00,propline_free_sample,2026-08-26/propline_pitcher_k_20260826T155726Z.csv,gagejump,,,,,,PENDING
2026-08-26,Gage Jump,8.5,under,9900,kalshi,164068,2026-08-26 01:22:22.542613+00:00,propline_free_sample,2026-08-26/propline_pitcher_k_20260826T155726Z.csv,gagejump,,,,,,PENDING
2026-08-26,Gage Jump,2.5,under,9900,kalshi,164068,2026-08-26 01:24:22.644144+00:00,propline_free_sample,2026-08-26/propline_pitcher_k_20260826T155726Z.csv,gagejump,,,,,,PENDING
2026-08-26,Gage Jump,5.5,under,-120,novig,164068,2026-08-26 01:25:48.167749+00:00,propline_free_sample,2026-08-26/propline_pitcher_k_20260826T155726Z.csv,gagejump,,,,,,PENDING
2026-08-26,Gage Jump,5.5,over,116,fanduel,164068,2026-08-26 01:35:07.476802+00:00,propline_free_sample,2026-08-26/propline_pitcher_k_20260826T155726Z.csv,gagejump,,,,,,PENDING
2026-08-26,Gage Jump,5.5,under,-148,fanduel,164068,2026-08-26 01:35:07.476802+00:00,propline_free_sample,2026-08-26/propline_pitcher_k_20260826T155726Z.csv,gagejump,,,,,,PENDING
2026-08-26,Gage Jump,6.5,under,-285,novig,164068,2026-08-26 01:38:23.591822+00:00,propline_free_sample,2026-08-26/propline_pitcher_k_20260826T155726Z.csv,gagejump,,,,,,PENDING
2026-08-26,Gage Jump,4.5,under,9900,kalshi,164068,2026-08-26 01:38:24.216857+00:00,propline_free_sample,2026-08-26/propline_pitcher_k_20260826T155726Z.csv,gagejump,,,,,,PENDING
2026-08-26,Gage Jump,4.5,under,144,novig,164068,2026-08-26 01:39:21.998184+00:00,propline_free_sample,2026-08-26/propline_pitcher_k_20260826T155726Z.csv,gagejump,,,,,,PENDING
2026-08-26,Gage Jump,5.5,under,136,prophetx,164068,2026-08-26 01:39:31.013379+00:00,propline_free_sample,2026-08-26/propline_pitcher_k_20260826T155726Z.csv,gagejump,,,,,,PENDING
2026-08-26,Gage Jump,4.5,over,-1011,kalshi,164068,2026-08-26 01:39:53.076270+00:00,propline_free_sample,2026-08-26/propline_pitcher_k_20260826T155726Z.csv,gagejump,,,,,,PENDING
2026-08-26,Gage Jump,7.5,under,9900,kalshi,164068,2026-08-26 01:39:53.076270+00:00,propline_free_sample,2026-08-26/propline_pitcher_k_20260826T155726Z.csv,gagejump,,,,,,PENDING
2026-08-26,Gage Jump (ATH),5.5,over,115,bovada,164068,2026-08-25 21:26:53.819199+00:00,propline_free_sample,2026-08-26/propline_pitcher_k_20260826T155726Z.csv,gagejumpath,,,,,,PENDING
2026-08-26,Gage Jump (ATH),5.5,under,-150,bovada,164068,2026-08-25 21:26:53.819199+00:00,propline_free_sample,2026-08-26/propline_pitcher_k_20260826T155726Z.csv,gagejumpath,,,,,,PENDING
2026-08-26,George Kirby,5.5,over,100,prizepicks,164069,2026-08-25 00:15:15.348572+00:00,propline_free_sample,2026-08-26/propline_pitcher_k_20260826T155726Z.csv,georgekirby,,,,,,PENDING
2026-08-26,George Kirby,6.5,over,100,prizepicks,164069,2026-08-25 00:15:15.348572+00:00,propline_free_sample,2026-08-26/propline_pitcher_k_20260826T155726Z.csv,georgekirby,,,,,,PENDING
2026-08-26,George Kirby,7.5,over,100,prizepicks,164069,2026-08-25 00:15:15.348572+00:00,propline_free_sample,2026-08-26/propline_pitcher_k_20260826T155726Z.csv,georgekirby,,,,,,PENDING
2026-08-26,George Kirby,3.5,over,100,prizepicks,164069,2026-08-25 00:15:15.348572+00:00,propline_free_sample,2026-08-26/propline_pitcher_k_20260826T155726Z.csv,georgekirby,,,,,,PENDING
2026-08-26,George Kirby,4.5,over,100,prizepicks,164069,2026-08-25 00:15:15.348572+00:00,propline_free_sample,2026-08-26/propline_pitcher_k_20260826T155726Z.csv,georgekirby,,,,,,PENDING
2026-08-26,George Kirby,5.5,under,100,prizepicks,164069,2026-08-25 00:15:15.348572+00:00,propline_free_sample,2026-08-26/propline_pitcher_k_20260826T155726Z.csv,georgekirby,,,,,,PENDING
2026-08-26,George Kirby,6.5,under,100,prizepicks,164069,2026-08-25 00:15:15.348572+00:00,propline_free_sample,2026-08-26/propline_pitcher_k_20260826T155726Z.csv,georgekirby,,,,,,PENDING
2026-08-26,George Kirby,7.5,under,100,prizepicks,164069,2026-08-25 00:15:15.348572+00:00,propline_free_sample,2026-08-26/propline_pitcher_k_20260826T155726Z.csv,georgekirby,,,,,,PENDING
2026-08-26,George Kirby,3.5,under,100,prizepicks,164069,2026-08-25 00:15:15.348572+00:00,propline_free_sample,2026-08-26/propline_pitcher_k_20260826T155726Z.csv,georgekirby,,,,,,PENDING
2026-08-26,George Kirby,4.5,under,100,prizepicks,164069,2026-08-25 00:15:15.348572+00:00,propline_free_sample,2026-08-26/propline_pitcher_k_20260826T155726Z.csv,georgekirby,,,,,,PENDING
2026-08-26,George Kirby,9.5,over,100,prizepicks,164069,2026-08-25 01:18:29.142499+00:00,propline_free_sample,2026-08-26/propline_pitcher_k_20260826T155726Z.csv,georgekirby,,,,,,PENDING
2026-08-26,George Kirby,2.5,over,100,prizepicks,164069,2026-08-25 01:18:29.142499+00:00,propline_free_sample,2026-08-26/propline_pitcher_k_20260826T155726Z.csv,georgekirby,,,,,,PENDING
2026-08-26,George Kirby,9.5,under,100,prizepicks,164069,2026-08-25 01:18:29.142499+00:00,propline_free_sample,2026-08-26/propline_pitcher_k_20260826T155726Z.csv,georgekirby,,,,,,PENDING
2026-08-26,George Kirby,2.5,under,100,prizepicks,164069,2026-08-25 01:18:29.142499+00:00,propline_free_sample,2026-08-26/propline_pitcher_k_20260826T155726Z.csv,georgekirby,,,,,,PENDING
2026-08-26,George Kirby,8.5,over,100,prizepicks,164069,2026-08-25 01:53:43.921410+00:00,propline_free_sample,2026-08-26/propline_pitcher_k_20260826T155726Z.csv,georgekirby,,,,,,PENDING
2026-08-26,George Kirby,8.5,under,100,prizepicks,164069,2026-08-25 01:53:43.921410+00:00,propline_free_sample,2026-08-26/propline_pitcher_k_20260826T155726Z.csv,georgekirby,,,,,,PENDING
2026-08-26,George Kirby,4.5,over,100,prizepicks,164069,2026-08-25 16:53:29.320730+00:00,propline_free_sample,2026-08-26/propline_pitcher_k_20260826T155726Z.csv,georgekirby,,,,,,PENDING
2026-08-26,George Kirby,4.5,under,100,prizepicks,164069,2026-08-25 16:53:29.320730+00:00,propline_free_sample,2026-08-26/propline_pitcher_k_20260826T155726Z.csv,georgekirby,,,,,,PENDING
2026-08-26,George Kirby,5.5,over,-110,betmgm,164069,2026-08-25 18:43:09.680718+00:00,propline_free_sample,2026-08-26/propline_pitcher_k_20260826T155726Z.csv,georgekirby,,,,,,PENDING
2026-08-26,George Kirby,5.5,under,-120,betmgm,164069,2026-08-25 18:43:09.680718+00:00,propline_free_sample,2026-08-26/propline_pitcher_k_20260826T155726Z.csv,georgekirby,,,,,,PENDING
2026-08-26,George Kirby,3.5,under,167,novig,164069,2026-08-25 19:44:42.383433+00:00,propline_free_sample,2026-08-26/propline_pitcher_k_20260826T155726Z.csv,georgekirby,,,,,,PENDING
2026-08-26,George Kirby,4.5,over,-124,rebet,164069,2026-08-25 19:56:22.758848+00:00,propline_free_sample,2026-08-26/propline_pitcher_k_20260826T155726Z.csv,georgekirby,,,,,,PENDING
2026-08-26,George Kirby,4.5,under,-111,rebet,164069,2026-08-25 19:56:22.758848+00:00,propline_free_sample,2026-08-26/propline_pitcher_k_20260826T155726Z.csv,georgekirby,,,,,,PENDING
2026-08-26,George Kirby,3.5,over,-900,kalshi,164069,2026-08-25 20:07:21.886219+00:00,propline_free_sample,2026-08-26/propline_pitcher_k_20260826T155726Z.csv,georgekirby,,,,,,PENDING
2026-08-26,George Kirby,3.5,under,9900,kalshi,164069,2026-08-25 20:07:21.886219+00:00,propline_free_sample,2026-08-26/propline_pitcher_k_20260826T155726Z.csv,georgekirby,,,,,,PENDING
2026-08-26,George Kirby,2.5,over,-2400,kalshi,164069,2026-08-25 20:27:45.825620+00:00,propline_free_sample,2026-08-26/propline_pitcher_k_20260826T155726Z.csv,georgekirby,,,,,,PENDING
2026-08-26,George Kirby,2.5,under,9900,kalshi,164069,2026-08-25 20:27:45.825620+00:00,propline_free_sample,2026-08-26/propline_pitcher_k_20260826T155726Z.csv,georgekirby,,,,,,PENDING
2026-08-26,George Kirby,4.5,over,-120,onexbet,164069,2026-08-25 20:28:14.925937+00:00,propline_free_sample,2026-08-26/propline_pitcher_k_20260826T155726Z.csv,georgekirby,,,,,,PENDING
2026-08-26,George Kirby,4.5,under,-110,onexbet,164069,2026-08-25 20:28:14.925937+00:00,propline_free_sample,2026-08-26/propline_pitcher_k_20260826T155726Z.csv,georgekirby,,,,,,PENDING
2026-08-26,George Kirby,4.5,over,-122,fanduel,164069,2026-08-25 21:27:04.547799+00:00,propline_free_sample,2026-08-26/propline_pitcher_k_20260826T155726Z.csv,georgekirby,,,,,,PENDING
2026-08-26,George Kirby,4.5,under,-104,fanduel,164069,2026-08-25 21:27:04.547799+00:00,propline_free_sample,2026-08-26/propline_pitcher_k_20260826T155726Z.csv,georgekirby,,,,,,PENDING
2026-08-26,George Kirby,4.5,over,-113,underdog,164069,2026-08-25 21:27:11.273020+00:00,propline_free_sample,2026-08-26/propline_pitcher_k_20260826T155726Z.csv,georgekirby,,,,,,PENDING
2026-08-26,George Kirby,4.5,under,-121,underdog,164069,2026-08-25 21:27:11.273020+00:00,propline_free_sample,2026-08-26/propline_pitcher_k_20260826T155726Z.csv,georgekirby,,,,,,PENDING
2026-08-26,George Kirby,4.5,under,-103,dabble,164069,2026-08-25 21:36:54.007810+00:00,propline_free_sample,2026-08-26/propline_pitcher_k_20260826T155726Z.csv,georgekirby,,,,,,PENDING
2026-08-26,George Kirby,4.5,under,-122,smarkets,164069,2026-08-25 21:46:45.023006+00:00,propline_free_sample,2026-08-26/propline_pitcher_k_20260826T155726Z.csv,georgekirby,,,,,,PENDING
2026-08-26,George Kirby,4.5,over,-118,draftkings,164069,2026-08-25 22:38:38.548054+00:00,propline_free_sample,2026-08-26/propline_pitcher_k_20260826T155726Z.csv,georgekirby,,,,,,PENDING
2026-08-26,George Kirby,4.5,under,-108,draftkings,164069,2026-08-25 22:38:38.548054+00:00,propline_free_sample,2026-08-26/propline_pitcher_k_20260826T155726Z.csv,georgekirby,,,,,,PENDING
2026-08-26,George Kirby,4.5,over,-114,smarkets,164069,2026-08-25 22:50:39.256391+00:00,propline_free_sample,2026-08-26/propline_pitcher_k_20260826T155726Z.csv,georgekirby,,,,,,PENDING
2026-08-26,George Kirby,5.5,under,-257,novig,164069,2026-08-25 23:12:30.360490+00:00,propline_free_sample,2026-08-26/propline_pitcher_k_20260826T155726Z.csv,georgekirby,,,,,,PENDING
2026-08-26,George Kirby,8.5,under,9900,kalshi,164069,2026-08-25 23:39:14.262300+00:00,propline_free_sample,2026-08-26/propline_pitcher_k_20260826T155726Z.csv,georgekirby,,,,,,PENDING
2026-08-26,George Kirby,4.5,over,-114,pinnacle,164069,2026-08-25 23:53:36.868922+00:00,propline_free_sample,2026-08-26/propline_pitcher_k_20260826T155726Z.csv,georgekirby,,,,,,PENDING
2026-08-26,George Kirby,4.5,under,-116,pinnacle,164069,2026-08-25 23:53:36.868922+00:00,propline_free_sample,2026-08-26/propline_pitcher_k_20260826T155726Z.csv,georgekirby,,,,,,PENDING
2026-08-26,George Kirby,4.5,under,-127,novig,164069,2026-08-25 23:58:32.198462+00:00,propline_free_sample,2026-08-26/propline_pitcher_k_20260826T155726Z.csv,georgekirby,,,,,,PENDING
2026-08-26,George Kirby,4.5,over,104,dabble,164069,2026-08-26 00:36:58.132730+00:00,propline_free_sample,2026-08-26/propline_pitcher_k_20260826T155726Z.csv,georgekirby,,,,,,PENDING
2026-08-26,George Kirby,4.5,over,-135,sleeper,164069,2026-08-26 00:42:56.664500+00:00,propline_free_sample,2026-08-26/propline_pitcher_k_20260826T155726Z.csv,georgekirby,,,,,,PENDING
2026-08-26,George Kirby,4.5,under,-122,sleeper,164069,2026-08-26 00:42:56.664500+00:00,propline_free_sample,2026-08-26/propline_pitcher_k_20260826T155726Z.csv,georgekirby,,,,,,PENDING
2026-08-26,George Kirby,3.5,over,-257,novig,164069,2026-08-26 01:10:05.981952+00:00,propline_free_sample,2026-08-26/propline_pitcher_k_20260826T155726Z.csv,georgekirby,,,,,,PENDING
2026-08-26,George Kirby,5.5,over,194,novig,164069,2026-08-26 01:22:22.537976+00:00,propline_free_sample,2026-08-26/propline_pitcher_k_20260826T155726Z.csv,georgekirby,,,,,,PENDING
2026-08-26,George Kirby,5.5,over,-400,kalshi,164069,2026-08-26 01:24:22.366570+00:00,propline_free_sample,2026-08-26/propline_pitcher_k_20260826T155726Z.csv,georgekirby,,,,,,PENDING
2026-08-26,George Kirby,4.5,over,-132,betrivers,164069,2026-08-26 01:27:24.443795+00:00,propline_free_sample,2026-08-26/propline_pitcher_k_20260826T155726Z.csv,georgekirby,,,,,,PENDING
2026-08-26,George Kirby,4.5,under,100,betrivers,164069,2026-08-26 01:27:24.443795+00:00,propline_free_sample,2026-08-26/propline_pitcher_k_20260826T155726Z.csv,georgekirby,,,,,,PENDING
2026-08-26,George Kirby,7.5,over,-376,kalshi,164069,2026-08-26 01:29:53.909756+00:00,propline_free_sample,2026-08-26/propline_pitcher_k_20260826T155726Z.csv,georgekirby,,,,,,PENDING
2026-08-26,George Kirby,8.5,over,-233,kalshi,164069,2026-08-26 01:36:24.107928+00:00,propline_free_sample,2026-08-26/propline_pitcher_k_20260826T155726Z.csv,georgekirby,,,,,,PENDING
2026-08-26,George Kirby,7.5,under,9900,kalshi,164069,2026-08-26 01:36:24.107928+00:00,propline_free_sample,2026-08-26/propline_pitcher_k_20260826T155726Z.csv,georgekirby,,,,,,PENDING
2026-08-26,George Kirby,4.5,over,-150,novig,164069,2026-08-26 01:37:20.894911+00:00,propline_free_sample,2026-08-26/propline_pitcher_k_20260826T155726Z.csv,georgekirby,,,,,,PENDING
2026-08-26,George Kirby,4.5,under,100,prophetx,164069,2026-08-26 01:37:33.200876+00:00,propline_free_sample,2026-08-26/propline_pitcher_k_20260826T155726Z.csv,georgekirby,,,,,,PENDING
2026-08-26,George Kirby,4.5,over,-809,kalshi,164069,2026-08-26 01:38:23.757579+00:00,propline_free_sample,2026-08-26/propline_pitcher_k_20260826T155726Z.csv,georgekirby,,,,,,PENDING
2026-08-26,George Kirby,4.5,under,9900,kalshi,164069,2026-08-26 01:38:23.757579+00:00,propline_free_sample,2026-08-26/propline_pitcher_k_20260826T155726Z.csv,georgekirby,,,,,,PENDING
2026-08-26,George Kirby,4.5,over,-119,prophetx,164069,2026-08-26 01:39:30.723827+00:00,propline_free_sample,2026-08-26/propline_pitcher_k_20260826T155726Z.csv,georgekirby,,,,,,PENDING
2026-08-26,George Kirby,6.5,over,-525,kalshi,164069,2026-08-26 01:39:52.589750+00:00,propline_free_sample,2026-08-26/propline_pitcher_k_20260826T155726Z.csv,georgekirby,,,,,,PENDING
2026-08-26,George Kirby,5.5,under,9900,kalshi,164069,2026-08-26 01:39:52.589750+00:00,propline_free_sample,2026-08-26/propline_pitcher_k_20260826T155726Z.csv,georgekirby,,,,,,PENDING
2026-08-26,George Kirby,6.5,under,9900,kalshi,164069,2026-08-26 01:39:52.589750+00:00,propline_free_sample,2026-08-26/propline_pitcher_k_20260826T155726Z.csv,georgekirby,,,,,,PENDING
2026-08-26,George Kirby (SEA),4.5,over,-125,bovada,164069,2026-08-25 15:50:25.317172+00:00,propline_free_sample,2026-08-26/propline_pitcher_k_20260826T155726Z.csv,georgekirbysea,,,,,,PENDING
2026-08-26,George Kirby (SEA),4.5,under,-105,bovada,164069,2026-08-25 15:50:25.317172+00:00,propline_free_sample,2026-08-26/propline_pitcher_k_20260826T155726Z.csv,georgekirbysea,,,,,,PENDING
2026-08-26,Michael King,6.5,over,100,prizepicks,164067,2026-08-24 23:27:03.157761+00:00,propline_free_sample,2026-08-26/propline_pitcher_k_20260826T155726Z.csv,michaelking,,,,,,PENDING
2026-08-26,Michael King,7.5,over,100,prizepicks,164067,2026-08-24 23:27:03.157761+00:00,propline_free_sample,2026-08-26/propline_pitcher_k_20260826T155726Z.csv,michaelking,,,,,,PENDING
2026-08-26,Michael King,3.5,over,100,prizepicks,164067,2026-08-24 23:27:03.157761+00:00,propline_free_sample,2026-08-26/propline_pitcher_k_20260826T155726Z.csv,michaelking,,,,,,PENDING
2026-08-26,Michael King,4.5,over,100,prizepicks,164067,2026-08-24 23:27:03.157761+00:00,propline_free_sample,2026-08-26/propline_pitcher_k_20260826T155726Z.csv,michaelking,,,,,,PENDING
2026-08-26,Michael King,6.5,under,100,prizepicks,164067,2026-08-24 23:27:03.157761+00:00,propline_free_sample,2026-08-26/propline_pitcher_k_20260826T155726Z.csv,michaelking,,,,,,PENDING
2026-08-26,Michael King,7.5,under,100,prizepicks,164067,2026-08-24 23:27:03.157761+00:00,propline_free_sample,2026-08-26/propline_pitcher_k_20260826T155726Z.csv,michaelking,,,,,,PENDING
2026-08-26,Michael King,3.5,under,100,prizepicks,164067,2026-08-24 23:27:03.157761+00:00,propline_free_sample,2026-08-26/propline_pitcher_k_20260826T155726Z.csv,michaelking,,,,,,PENDING
2026-08-26,Michael King,4.5,under,100,prizepicks,164067,2026-08-24 23:27:03.157761+00:00,propline_free_sample,2026-08-26/propline_pitcher_k_20260826T155726Z.csv,michaelking,,,,,,PENDING
2026-08-26,Michael King,8.5,over,100,prizepicks,164067,2026-08-25 01:18:29.053481+00:00,propline_free_sample,2026-08-26/propline_pitcher_k_20260826T155726Z.csv,michaelking,,,,,,PENDING
2026-08-26,Michael King,8.5,under,100,prizepicks,164067,2026-08-25 01:18:29.053481+00:00,propline_free_sample,2026-08-26/propline_pitcher_k_20260826T155726Z.csv,michaelking,,,,,,PENDING
2026-08-26,Michael King,9.5,over,100,prizepicks,164067,2026-08-25 02:59:30.254834+00:00,propline_free_sample,2026-08-26/propline_pitcher_k_20260826T155726Z.csv,michaelking,,,,,,PENDING
2026-08-26,Michael King,9.5,under,100,prizepicks,164067,2026-08-25 02:59:30.254834+00:00,propline_free_sample,2026-08-26/propline_pitcher_k_20260826T155726Z.csv,michaelking,,,,,,PENDING
2026-08-26,Michael King,5.5,over,100,prizepicks,164067,2026-08-25 05:47:37.424936+00:00,propline_free_sample,2026-08-26/propline_pitcher_k_20260826T155726Z.csv,michaelking,,,,,,PENDING
2026-08-26,Michael King,5.5,under,100,prizepicks,164067,2026-08-25 05:47:37.424936+00:00,propline_free_sample,2026-08-26/propline_pitcher_k_20260826T155726Z.csv,michaelking,,,,,,PENDING
2026-08-26,Michael King,5.5,over,107,dabble,164067,2026-08-25 07:14:38.882463+00:00,propline_free_sample,2026-08-26/propline_pitcher_k_20260826T155726Z.csv,michaelking,,,,,,PENDING
2026-08-26,Michael King,5.5,under,-105,dabble,164067,2026-08-25 07:58:22.212209+00:00,propline_free_sample,2026-08-26/propline_pitcher_k_20260826T155726Z.csv,michaelking,,,,,,PENDING
2026-08-26,Michael King,5.5,over,111,rebet,164067,2026-08-25 11:40:08.069707+00:00,propline_free_sample,2026-08-26/propline_pitcher_k_20260826T155726Z.csv,michaelking,,,,,,PENDING
2026-08-26,Michael King,5.5,under,-154,rebet,164067,2026-08-25 11:40:08.069707+00:00,propline_free_sample,2026-08-26/propline_pitcher_k_20260826T155726Z.csv,michaelking,,,,,,PENDING
2026-08-26,Michael King,5.5,over,100,prizepicks,164067,2026-08-25 14:54:32.002947+00:00,propline_free_sample,2026-08-26/propline_pitcher_k_20260826T155726Z.csv,michaelking,,,,,,PENDING
2026-08-26,Michael King,5.5,under,100,prizepicks,164067,2026-08-25 14:54:32.002947+00:00,propline_free_sample,2026-08-26/propline_pitcher_k_20260826T155726Z.csv,michaelking,,,,,,PENDING
2026-08-26,Michael King,8.5,under,-1900,kalshi,164067,2026-08-25 15:09:21.357662+00:00,propline_free_sample,2026-08-26/propline_pitcher_k_20260826T155726Z.csv,michaelking,,,,,,PENDING
2026-08-26,Michael King,5.5,over,-120,onexbet,164067,2026-08-25 18:30:54.037977+00:00,propline_free_sample,2026-08-26/propline_pitcher_k_20260826T155726Z.csv,michaelking,,,,,,PENDING
2026-08-26,Michael King,5.5,under,-110,onexbet,164067,2026-08-25 18:30:54.037977+00:00,propline_free_sample,2026-08-26/propline_pitcher_k_20260826T155726Z.csv,michaelking,,,,,,PENDING
2026-08-26,Michael King,8.5,over,9900,kalshi,164067,2026-08-25 21:41:22.477517+00:00,propline_free_sample,2026-08-26/propline_pitcher_k_20260826T155726Z.csv,michaelking,,,,,,PENDING
2026-08-26,Michael King,5.5,over,109,draftkings,164067,2026-08-25 23:16:28.342799+00:00,propline_free_sample,2026-08-26/propline_pitcher_k_20260826T155726Z.csv,michaelking,,,,,,PENDING
2026-08-26,Michael King,5.5,under,-139,draftkings,164067,2026-08-25 23:16:28.342799+00:00,propline_free_sample,2026-08-26/propline_pitcher_k_20260826T155726Z.csv,michaelking,,,,,,PENDING
2026-08-26,Michael King,5.5,over,-165,betmgm,164067,2026-08-25 23:31:30.524837+00:00,propline_free_sample,2026-08-26/propline_pitcher_k_20260826T155726Z.csv,michaelking,,,,,,PENDING
2026-08-26,Michael King,5.5,under,120,betmgm,164067,2026-08-25 23:31:30.524837+00:00,propline_free_sample,2026-08-26/propline_pitcher_k_20260826T155726Z.csv,michaelking,,,,,,PENDING
2026-08-26,Michael King,4.5,under,147,novig,164067,2026-08-25 23:43:54.555956+00:00,propline_free_sample,2026-08-26/propline_pitcher_k_20260826T155726Z.csv,michaelking,,,,,,PENDING
2026-08-26,Michael King,5.5,under,-143,betrivers,164067,2026-08-25 23:58:02.176126+00:00,propline_free_sample,2026-08-26/propline_pitcher_k_20260826T155726Z.csv,michaelking,,,,,,PENDING
2026-08-26,Michael King,6.5,under,-292,novig,164067,2026-08-25 23:58:32.034209+00:00,propline_free_sample,2026-08-26/propline_pitcher_k_20260826T155726Z.csv,michaelking,,,,,,PENDING
2026-08-26,Michael King,5.5,over,108,pinnacle,164067,2026-08-26 00:08:20.391092+00:00,propline_free_sample,2026-08-26/propline_pitcher_k_20260826T155726Z.csv,michaelking,,,,,,PENDING
2026-08-26,Michael King,5.5,under,-144,pinnacle,164067,2026-08-26 00:08:20.391092+00:00,propline_free_sample,2026-08-26/propline_pitcher_k_20260826T155726Z.csv,michaelking,,,,,,PENDING
2026-08-26,Michael King,5.5,over,-105,rebet,164067,2026-08-26 00:11:03.536735+00:00,propline_free_sample,2026-08-26/propline_pitcher_k_20260826T155726Z.csv,michaelking,,,,,,PENDING
2026-08-26,Michael King,5.5,under,-131,rebet,164067,2026-08-26 00:11:03.536735+00:00,propline_free_sample,2026-08-26/propline_pitcher_k_20260826T155726Z.csv,michaelking,,,,,,PENDING
2026-08-26,Michael King,6.5,over,-300,kalshi,164067,2026-08-26 00:23:35.617020+00:00,propline_free_sample,2026-08-26/propline_pitcher_k_20260826T155726Z.csv,michaelking,,,,,,PENDING
2026-08-26,Michael King,2.5,over,-2400,kalshi,164067,2026-08-26 00:27:38.967631+00:00,propline_free_sample,2026-08-26/propline_pitcher_k_20260826T155726Z.csv,michaelking,,,,,,PENDING
2026-08-26,Michael King,2.5,under,9900,kalshi,164067,2026-08-26 00:27:38.967631+00:00,propline_free_sample,2026-08-26/propline_pitcher_k_20260826T155726Z.csv,michaelking,,,,,,PENDING
2026-08-26,Michael King,5.5,over,108,fanduel,164067,2026-08-26 00:40:47.268373+00:00,propline_free_sample,2026-08-26/propline_pitcher_k_20260826T155726Z.csv,michaelking,,,,,,PENDING
2026-08-26,Michael King,5.5,under,-138,fanduel,164067,2026-08-26 00:40:47.268373+00:00,propline_free_sample,2026-08-26/propline_pitcher_k_20260826T155726Z.csv,michaelking,,,,,,PENDING
2026-08-26,Michael King,5.5,over,107,betrivers,164067,2026-08-26 00:47:20.291036+00:00,propline_free_sample,2026-08-26/propline_pitcher_k_20260826T155726Z.csv,michaelking,,,,,,PENDING
2026-08-26,Michael King,5.5,over,-108,sleeper,164067,2026-08-26 00:59:16.767457+00:00,propline_free_sample,2026-08-26/propline_pitcher_k_20260826T155726Z.csv,michaelking,,,,,,PENDING
2026-08-26,Michael King,5.5,under,-154,sleeper,164067,2026-08-26 01:03:50.538421+00:00,propline_free_sample,2026-08-26/propline_pitcher_k_20260826T155726Z.csv,michaelking,,,,,,PENDING
2026-08-26,Michael King,9.5,under,-1900,kalshi,164067,2026-08-26 01:16:52.418201+00:00,propline_free_sample,2026-08-26/propline_pitcher_k_20260826T155726Z.csv,michaelking,,,,,,PENDING
2026-08-26,Michael King,6.5,over,239,novig,164067,2026-08-26 01:19:55.872294+00:00,propline_free_sample,2026-08-26/propline_pitcher_k_20260826T155726Z.csv,michaelking,,,,,,PENDING
2026-08-26,Michael King,7.5,over,9900,kalshi,164067,2026-08-26 01:26:23.864117+00:00,propline_free_sample,2026-08-26/propline_pitcher_k_20260826T155726Z.csv,michaelking,,,,,,PENDING
2026-08-26,Michael King,3.5,over,-2400,kalshi,164067,2026-08-26 01:33:15.925914+00:00,propline_free_sample,2026-08-26/propline_pitcher_k_20260826T155726Z.csv,michaelking,,,,,,PENDING
2026-08-26,Michael King,4.5,over,-733,kalshi,164067,2026-08-26 01:33:15.925914+00:00,propline_free_sample,2026-08-26/propline_pitcher_k_20260826T155726Z.csv,michaelking,,,,,,PENDING
2026-08-26,Michael King,3.5,under,9900,kalshi,164067,2026-08-26 01:33:15.925914+00:00,propline_free_sample,2026-08-26/propline_pitcher_k_20260826T155726Z.csv,michaelking,,,,,,PENDING
2026-08-26,Michael King,4.5,under,9900,kalshi,164067,2026-08-26 01:33:15.925914+00:00,propline_free_sample,2026-08-26/propline_pitcher_k_20260826T155726Z.csv,michaelking,,,,,,PENDING
2026-08-26,Michael King,5.5,over,-525,kalshi,164067,2026-08-26 01:34:53.004867+00:00,propline_free_sample,2026-08-26/propline_pitcher_k_20260826T155726Z.csv,michaelking,,,,,,PENDING
2026-08-26,Michael King,5.5,under,-133,novig,164067,2026-08-26 01:36:23.704550+00:00,propline_free_sample,2026-08-26/propline_pitcher_k_20260826T155726Z.csv,michaelking,,,,,,PENDING
2026-08-26,Michael King,5.5,over,100,smarkets,164067,2026-08-26 01:37:28.473325+00:00,propline_free_sample,2026-08-26/propline_pitcher_k_20260826T155726Z.csv,michaelking,,,,,,PENDING
2026-08-26,Michael King,5.5,under,-141,smarkets,164067,2026-08-26 01:37:28.473325+00:00,propline_free_sample,2026-08-26/propline_pitcher_k_20260826T155726Z.csv,michaelking,,,,,,PENDING
2026-08-26,Michael King,4.5,over,-217,novig,164067,2026-08-26 01:38:23.431953+00:00,propline_free_sample,2026-08-26/propline_pitcher_k_20260826T155726Z.csv,michaelking,,,,,,PENDING
2026-08-26,Michael King,6.5,over,212,underdog,164067,2026-08-26 01:39:03.468424+00:00,propline_free_sample,2026-08-26/propline_pitcher_k_20260826T155726Z.csv,michaelking,,,,,,PENDING
2026-08-26,Michael King,6.5,under,-334,underdog,164067,2026-08-26 01:39:03.468424+00:00,propline_free_sample,2026-08-26/propline_pitcher_k_20260826T155726Z.csv,michaelking,,,,,,PENDING
2026-08-26,Michael King,5.5,over,-9750,prophetx,164067,2026-08-26 01:39:31.570564+00:00,propline_free_sample,2026-08-26/propline_pitcher_k_20260826T155726Z.csv,michaelking,,,,,,PENDING
2026-08-26,Michael King,5.5,under,-210,prophetx,164067,2026-08-26 01:39:31.570564+00:00,propline_free_sample,2026-08-26/propline_pitcher_k_20260826T155726Z.csv,michaelking,,,,,,PENDING
2026-08-26,Michael King,5.5,over,104,novig,164067,2026-08-26 01:39:52.799631+00:00,propline_free_sample,2026-08-26/propline_pitcher_k_20260826T155726Z.csv,michaelking,,,,,,PENDING
2026-08-26,Michael King,9.5,over,9900,kalshi,164067,2026-08-26 01:39:53.169502+00:00,propline_free_sample,2026-08-26/propline_pitcher_k_20260826T155726Z.csv,michaelking,,,,,,PENDING
2026-08-26,Michael King,5.5,under,9900,kalshi,164067,2026-08-26 01:39:53.169502+00:00,propline_free_sample,2026-08-26/propline_pitcher_k_20260826T155726Z.csv,michaelking,,,,,,PENDING
2026-08-26,Michael King,6.5,under,9900,kalshi,164067,2026-08-26 01:39:53.169502+00:00,propline_free_sample,2026-08-26/propline_pitcher_k_20260826T155726Z.csv,michaelking,,,,,,PENDING
2026-08-26,Michael King,7.5,under,-1900,kalshi,164067,2026-08-26 01:39:53.169502+00:00,propline_free_sample,2026-08-26/propline_pitcher_k_20260826T155726Z.csv,michaelking,,,,,,PENDING
2026-08-26,Michael King (SD),5.5,over,110,bovada,164067,2026-08-26 00:42:40.323119+00:00,propline_free_sample,2026-08-26/propline_pitcher_k_20260826T155726Z.csv,michaelkingsd,,,,,,PENDING
2026-08-26,Michael King (SD),5.5,under,-145,bovada,164067,2026-08-26 00:42:40.323119+00:00,propline_free_sample,2026-08-26/propline_pitcher_k_20260826T155726Z.csv,michaelkingsd,,,,,,PENDING
2026-08-26,Paul Skenes,6.5,over,100,prizepicks,164067,2026-08-24 23:27:03.157761+00:00,propline_free_sample,2026-08-26/propline_pitcher_k_20260826T155726Z.csv,paulskenes,,,,,,PENDING
2026-08-26,Paul Skenes,7.5,over,100,prizepicks,164067,2026-08-24 23:27:03.157761+00:00,propline_free_sample,2026-08-26/propline_pitcher_k_20260826T155726Z.csv,paulskenes,,,,,,PENDING
2026-08-26,Paul Skenes,8.5,over,100,prizepicks,164067,2026-08-24 23:27:03.157761+00:00,propline_free_sample,2026-08-26/propline_pitcher_k_20260826T155726Z.csv,paulskenes,,,,,,PENDING
2026-08-26,Paul Skenes,4.5,over,100,prizepicks,164067,2026-08-24 23:27:03.157761+00:00,propline_free_sample,2026-08-26/propline_pitcher_k_20260826T155726Z.csv,paulskenes,,,,,,PENDING
2026-08-26,Paul Skenes,5.5,over,100,prizepicks,164067,2026-08-24 23:27:03.157761+00:00,propline_free_sample,2026-08-26/propline_pitcher_k_20260826T155726Z.csv,paulskenes,,,,,,PENDING
2026-08-26,Paul Skenes,6.5,under,100,prizepicks,164067,2026-08-24 23:27:03.157761+00:00,propline_free_sample,2026-08-26/propline_pitcher_k_20260826T155726Z.csv,paulskenes,,,,,,PENDING
2026-08-26,Paul Skenes,7.5,under,100,prizepicks,164067,2026-08-24 23:27:03.157761+00:00,propline_free_sample,2026-08-26/propline_pitcher_k_20260826T155726Z.csv,paulskenes,,,,,,PENDING
2026-08-26,Paul Skenes,8.5,under,100,prizepicks,164067,2026-08-24 23:27:03.157761+00:00,propline_free_sample,2026-08-26/propline_pitcher_k_20260826T155726Z.csv,paulskenes,,,,,,PENDING
2026-08-26,Paul Skenes,4.5,under,100,prizepicks,164067,2026-08-24 23:27:03.157761+00:00,propline_free_sample,2026-08-26/propline_pitcher_k_20260826T155726Z.csv,paulskenes,,,,,,PENDING
2026-08-26,Paul Skenes,5.5,under,100,prizepicks,164067,2026-08-24 23:27:03.157761+00:00,propline_free_sample,2026-08-26/propline_pitcher_k_20260826T155726Z.csv,paulskenes,,,,,,PENDING
2026-08-26,Paul Skenes,3.5,over,100,prizepicks,164067,2026-08-25 01:18:29.053481+00:00,propline_free_sample,2026-08-26/propline_pitcher_k_20260826T155726Z.csv,paulskenes,,,,,,PENDING
2026-08-26,Paul Skenes,10.5,over,100,prizepicks,164067,2026-08-25 01:18:29.053481+00:00,propline_free_sample,2026-08-26/propline_pitcher_k_20260826T155726Z.csv,paulskenes,,,,,,PENDING
2026-08-26,Paul Skenes,3.5,under,100,prizepicks,164067,2026-08-25 01:18:29.053481+00:00,propline_free_sample,2026-08-26/propline_pitcher_k_20260826T155726Z.csv,paulskenes,,,,,,PENDING
2026-08-26,Paul Skenes,10.5,under,100,prizepicks,164067,2026-08-25 01:18:29.053481+00:00,propline_free_sample,2026-08-26/propline_pitcher_k_20260826T155726Z.csv,paulskenes,,,,,,PENDING
2026-08-26,Paul Skenes,9.5,over,100,prizepicks,164067,2026-08-25 01:45:14.109341+00:00,propline_free_sample,2026-08-26/propline_pitcher_k_20260826T155726Z.csv,paulskenes,,,,,,PENDING
2026-08-26,Paul Skenes,9.5,under,100,prizepicks,164067,2026-08-25 01:45:14.109341+00:00,propline_free_sample,2026-08-26/propline_pitcher_k_20260826T155726Z.csv,paulskenes,,,,,,PENDING
2026-08-26,Paul Skenes,6.5,over,111,rebet,164067,2026-08-25 12:15:55.995698+00:00,propline_free_sample,2026-08-26/propline_pitcher_k_20260826T155726Z.csv,paulskenes,,,,,,PENDING
2026-08-26,Paul Skenes,6.5,under,-154,rebet,164067,2026-08-25 12:15:55.995698+00:00,propline_free_sample,2026-08-26/propline_pitcher_k_20260826T155726Z.csv,paulskenes,,,,,,PENDING
2026-08-26,Paul Skenes,6.0,over,100,prizepicks,164067,2026-08-25 12:53:15.670313+00:00,propline_free_sample,2026-08-26/propline_pitcher_k_20260826T155726Z.csv,paulskenes,,,,,,PENDING
2026-08-26,Paul Skenes,6.0,under,100,prizepicks,164067,2026-08-25 12:53:15.670313+00:00,propline_free_sample,2026-08-26/propline_pitcher_k_20260826T155726Z.csv,paulskenes,,,,,,PENDING
2026-08-26,Paul Skenes,6.0,over,120,prophetx,164067,2026-08-25 13:47:48.326314+00:00,propline_free_sample,2026-08-26/propline_pitcher_k_20260826T155726Z.csv,paulskenes,,,,,,PENDING
2026-08-26,Paul Skenes,9.5,under,-1567,kalshi,164067,2026-08-25 14:05:39.766204+00:00,propline_free_sample,2026-08-26/propline_pitcher_k_20260826T155726Z.csv,paulskenes,,,,,,PENDING
2026-08-26,Paul Skenes,6.5,over,118,smarkets,164067,2026-08-25 14:54:56.494386+00:00,propline_free_sample,2026-08-26/propline_pitcher_k_20260826T155726Z.csv,paulskenes,,,,,,PENDING
2026-08-26,Paul Skenes,6.5,under,-167,smarkets,164067,2026-08-25 14:54:56.494386+00:00,propline_free_sample,2026-08-26/propline_pitcher_k_20260826T155726Z.csv,paulskenes,,,,,,PENDING
2026-08-26,Paul Skenes,4.5,under,-9900,kalshi,164067,2026-08-25 16:12:26.060152+00:00,propline_free_sample,2026-08-26/propline_pitcher_k_20260826T155726Z.csv,paulskenes,,,,,,PENDING
2026-08-26,Paul Skenes,9.5,over,9900,kalshi,164067,2026-08-25 18:06:15.197100+00:00,propline_free_sample,2026-08-26/propline_pitcher_k_20260826T155726Z.csv,paulskenes,,,,,,PENDING
2026-08-26,Paul Skenes,4.5,over,9900,kalshi,164067,2026-08-25 18:14:17.653998+00:00,propline_free_sample,2026-08-26/propline_pitcher_k_20260826T155726Z.csv,paulskenes,,,,,,PENDING
2026-08-26,Paul Skenes,5.5,over,-159,underdog,164067,2026-08-25 19:04:58.116938+00:00,propline_free_sample,2026-08-26/propline_pitcher_k_20260826T155726Z.csv,paulskenes,,,,,,PENDING
2026-08-26,Paul Skenes,5.5,under,117,underdog,164067,2026-08-25 19:04:58.116938+00:00,propline_free_sample,2026-08-26/propline_pitcher_k_20260826T155726Z.csv,paulskenes,,,,,,PENDING
2026-08-26,Paul Skenes,5.5,over,-158,rebet,164067,2026-08-25 19:56:22.858331+00:00,propline_free_sample,2026-08-26/propline_pitcher_k_20260826T155726Z.csv,paulskenes,,,,,,PENDING
2026-08-26,Paul Skenes,5.5,under,114,rebet,164067,2026-08-25 19:56:22.858331+00:00,propline_free_sample,2026-08-26/propline_pitcher_k_20260826T155726Z.csv,paulskenes,,,,,,PENDING
2026-08-26,Paul Skenes,5.5,under,120,dabble,164067,2026-08-25 21:27:14.871550+00:00,propline_free_sample,2026-08-26/propline_pitcher_k_20260826T155726Z.csv,paulskenes,,,,,,PENDING
2026-08-26,Paul Skenes,6.5,over,-115,betmgm,164067,2026-08-25 21:37:29.767806+00:00,propline_free_sample,2026-08-26/propline_pitcher_k_20260826T155726Z.csv,paulskenes,,,,,,PENDING
2026-08-26,Paul Skenes,6.5,under,-115,betmgm,164067,2026-08-25 21:37:29.767806+00:00,propline_free_sample,2026-08-26/propline_pitcher_k_20260826T155726Z.csv,paulskenes,,,,,,PENDING
2026-08-26,Paul Skenes,3.5,over,-233,kalshi,164067,2026-08-25 21:50:52.081783+00:00,propline_free_sample,2026-08-26/propline_pitcher_k_20260826T155726Z.csv,paulskenes,,,,,,PENDING
2026-08-26,Paul Skenes,3.5,under,9900,kalshi,164067,2026-08-25 22:14:25.070649+00:00,propline_free_sample,2026-08-26/propline_pitcher_k_20260826T155726Z.csv,paulskenes,,,,,,PENDING
2026-08-26,Paul Skenes,5.5,over,-151,draftkings,164067,2026-08-25 22:34:05.599257+00:00,propline_free_sample,2026-08-26/propline_pitcher_k_20260826T155726Z.csv,paulskenes,,,,,,PENDING
2026-08-26,Paul Skenes,5.5,under,118,draftkings,164067,2026-08-25 22:34:05.599257+00:00,propline_free_sample,2026-08-26/propline_pitcher_k_20260826T155726Z.csv,paulskenes,,,,,,PENDING
2026-08-26,Paul Skenes,7.5,over,277,novig,164067,2026-08-25 23:19:27.216238+00:00,propline_free_sample,2026-08-26/propline_pitcher_k_20260826T155726Z.csv,paulskenes,,,,,,PENDING
2026-08-26,Paul Skenes,5.5,over,-135,onexbet,164067,2026-08-25 23:24:55.158846+00:00,propline_free_sample,2026-08-26/propline_pitcher_k_20260826T155726Z.csv,paulskenes,,,,,,PENDING
2026-08-26,Paul Skenes,5.5,under,100,onexbet,164067,2026-08-25 23:24:55.158846+00:00,propline_free_sample,2026-08-26/propline_pitcher_k_20260826T155726Z.csv,paulskenes,,,,,,PENDING
2026-08-26,Paul Skenes,10.5,over,9900,kalshi,164067,2026-08-25 23:44:26.656142+00:00,propline_free_sample,2026-08-26/propline_pitcher_k_20260826T155726Z.csv,paulskenes,,,,,,PENDING
2026-08-26,Paul Skenes,7.5,over,9900,kalshi,164067,2026-08-25 23:44:26.656142+00:00,propline_free_sample,2026-08-26/propline_pitcher_k_20260826T155726Z.csv,paulskenes,,,,,,PENDING
2026-08-26,Paul Skenes,7.5,under,-9900,kalshi,164067,2026-08-25 23:44:26.656142+00:00,propline_free_sample,2026-08-26/propline_pitcher_k_20260826T155726Z.csv,paulskenes,,,,,,PENDING
2026-08-26,Paul Skenes,5.5,over,-156,fanduel,164067,2026-08-25 23:51:26.732731+00:00,propline_free_sample,2026-08-26/propline_pitcher_k_20260826T155726Z.csv,paulskenes,,,,,,PENDING
2026-08-26,Paul Skenes,5.5,under,122,fanduel,164067,2026-08-25 23:51:26.732731+00:00,propline_free_sample,2026-08-26/propline_pitcher_k_20260826T155726Z.csv,paulskenes,,,,,,PENDING
2026-08-26,Paul Skenes,8.5,over,9900,kalshi,164067,2026-08-25 23:59:02.219783+00:00,propline_free_sample,2026-08-26/propline_pitcher_k_20260826T155726Z.csv,paulskenes,,,,,,PENDING
2026-08-26,Paul Skenes,8.5,under,-1900,kalshi,164067,2026-08-25 23:59:02.219783+00:00,propline_free_sample,2026-08-26/propline_pitcher_k_20260826T155726Z.csv,paulskenes,,,,,,PENDING
2026-08-26,Paul Skenes,5.5,under,120,betrivers,164067,2026-08-26 00:00:03.938976+00:00,propline_free_sample,2026-08-26/propline_pitcher_k_20260826T155726Z.csv,paulskenes,,,,,,PENDING
2026-08-26,Paul Skenes,7.5,under,-400,novig,164067,2026-08-26 00:03:44.971105+00:00,propline_free_sample,2026-08-26/propline_pitcher_k_20260826T155726Z.csv,paulskenes,,,,,,PENDING
2026-08-26,Paul Skenes,6.5,over,126,pinnacle,164067,2026-08-26 00:22:37.805085+00:00,propline_free_sample,2026-08-26/propline_pitcher_k_20260826T155726Z.csv,paulskenes,,,,,,PENDING
2026-08-26,Paul Skenes,6.5,under,-168,pinnacle,164067,2026-08-26 00:22:37.805085+00:00,propline_free_sample,2026-08-26/propline_pitcher_k_20260826T155726Z.csv,paulskenes,,,,,,PENDING
2026-08-26,Paul Skenes,5.5,over,-162,betrivers,164067,2026-08-26 00:47:20.291036+00:00,propline_free_sample,2026-08-26/propline_pitcher_k_20260826T155726Z.csv,paulskenes,,,,,,PENDING
2026-08-26,Paul Skenes,6.5,over,-156,prophetx,164067,2026-08-26 01:00:02.704910+00:00,propline_free_sample,2026-08-26/propline_pitcher_k_20260826T155726Z.csv,paulskenes,,,,,,PENDING
2026-08-26,Paul Skenes,5.5,over,-185,sleeper,164067,2026-08-26 01:09:48.310208+00:00,propline_free_sample,2026-08-26/propline_pitcher_k_20260826T155726Z.csv,paulskenes,,,,,,PENDING
2026-08-26,Paul Skenes,5.5,under,109,sleeper,164067,2026-08-26 01:09:48.310208+00:00,propline_free_sample,2026-08-26/propline_pitcher_k_20260826T155726Z.csv,paulskenes,,,,,,PENDING
2026-08-26,Paul Skenes,6.5,under,-940,prophetx,164067,2026-08-26 01:10:16.417077+00:00,propline_free_sample,2026-08-26/propline_pitcher_k_20260826T155726Z.csv,paulskenes,,,,,,PENDING
2026-08-26,Paul Skenes,5.5,under,125,prophetx,164067,2026-08-26 01:12:13.142070+00:00,propline_free_sample,2026-08-26/propline_pitcher_k_20260826T155726Z.csv,paulskenes,,,,,,PENDING
2026-08-26,Paul Skenes,5.5,under,-104,novig,164067,2026-08-26 01:31:18.408493+00:00,propline_free_sample,2026-08-26/propline_pitcher_k_20260826T155726Z.csv,paulskenes,,,,,,PENDING
2026-08-26,Paul Skenes,6.5,over,153,novig,164067,2026-08-26 01:34:23.165196+00:00,propline_free_sample,2026-08-26/propline_pitcher_k_20260826T155726Z.csv,paulskenes,,,,,,PENDING
2026-08-26,Paul Skenes,5.5,over,-111,dabble,164067,2026-08-26 01:35:15.788515+00:00,propline_free_sample,2026-08-26/propline_pitcher_k_20260826T155726Z.csv,paulskenes,,,,,,PENDING
2026-08-26,Paul Skenes,6.5,under,-9900,kalshi,164067,2026-08-26 01:36:24.515822+00:00,propline_free_sample,2026-08-26/propline_pitcher_k_20260826T155726Z.csv,paulskenes,,,,,,PENDING
2026-08-26,Paul Skenes,5.5,over,-194,novig,164067,2026-08-26 01:37:21.070448+00:00,propline_free_sample,2026-08-26/propline_pitcher_k_20260826T155726Z.csv,paulskenes,,,,,,PENDING
2026-08-26,Paul Skenes,5.5,over,-132,smarkets,164067,2026-08-26 01:37:28.473325+00:00,propline_free_sample,2026-08-26/propline_pitcher_k_20260826T155726Z.csv,paulskenes,,,,,,PENDING
2026-08-26,Paul Skenes,5.5,under,-106,smarkets,164067,2026-08-26 01:37:28.473325+00:00,propline_free_sample,2026-08-26/propline_pitcher_k_20260826T155726Z.csv,paulskenes,,,,,,PENDING
2026-08-26,Paul Skenes,5.5,over,9900,kalshi,164067,2026-08-26 01:38:24.329945+00:00,propline_free_sample,2026-08-26/propline_pitcher_k_20260826T155726Z.csv,paulskenes,,,,,,PENDING
2026-08-26,Paul Skenes,6.5,over,9900,kalshi,164067,2026-08-26 01:38:24.329945+00:00,propline_free_sample,2026-08-26/propline_pitcher_k_20260826T155726Z.csv,paulskenes,,,,,,PENDING
2026-08-26,Paul Skenes,5.5,under,-4900,kalshi,164067,2026-08-26 01:38:24.329945+00:00,propline_free_sample,2026-08-26/propline_pitcher_k_20260826T155726Z.csv,paulskenes,,,,,,PENDING
2026-08-26,Paul Skenes,5.5,over,-138,prophetx,164067,2026-08-26 01:39:31.570564+00:00,propline_free_sample,2026-08-26/propline_pitcher_k_20260826T155726Z.csv,paulskenes,,,,,,PENDING
2026-08-26,Paul Skenes,6.5,under,-186,novig,164067,2026-08-26 01:39:52.799631+00:00,propline_free_sample,2026-08-26/propline_pitcher_k_20260826T155726Z.csv,paulskenes,,,,,,PENDING
2026-08-26,Paul Skenes (PIT),5.5,over,-160,bovada,164067,2026-08-25 16:24:30.286803+00:00,propline_free_sample,2026-08-26/propline_pitcher_k_20260826T155726Z.csv,paulskenespit,,,,,,PENDING
2026-08-26,Paul Skenes (PIT),5.5,under,120,bovada,164067,2026-08-25 16:24:30.286803+00:00,propline_free_sample,2026-08-26/propline_pitcher_k_20260826T155726Z.csv,paulskenespit,,,,,,PENDING
2026-08-26,Taj Bradley,5.5,over,100,prizepicks,164068,2026-08-25 04:42:41.366703+00:00,propline_free_sample,2026-08-26/propline_pitcher_k_20260826T155726Z.csv,tajbradley,,,,,,PENDING
2026-08-26,Taj Bradley,6.5,over,100,prizepicks,164068,2026-08-25 04:42:41.366703+00:00,propline_free_sample,2026-08-26/propline_pitcher_k_20260826T155726Z.csv,tajbradley,,,,,,PENDING
2026-08-26,Taj Bradley,9.5,over,100,prizepicks,164068,2026-08-25 04:42:41.366703+00:00,propline_free_sample,2026-08-26/propline_pitcher_k_20260826T155726Z.csv,tajbradley,,,,,,PENDING
2026-08-26,Taj Bradley,3.5,over,100,prizepicks,164068,2026-08-25 04:42:41.366703+00:00,propline_free_sample,2026-08-26/propline_pitcher_k_20260826T155726Z.csv,tajbradley,,,,,,PENDING
2026-08-26,Taj Bradley,5.5,under,100,prizepicks,164068,2026-08-25 04:42:41.366703+00:00,propline_free_sample,2026-08-26/propline_pitcher_k_20260826T155726Z.csv,tajbradley,,,,,,PENDING
2026-08-26,Taj Bradley,6.5,under,100,prizepicks,164068,2026-08-25 04:42:41.366703+00:00,propline_free_sample,2026-08-26/propline_pitcher_k_20260826T155726Z.csv,tajbradley,,,,,,PENDING
2026-08-26,Taj Bradley,9.5,under,100,prizepicks,164068,2026-08-25 04:42:41.366703+00:00,propline_free_sample,2026-08-26/propline_pitcher_k_20260826T155726Z.csv,tajbradley,,,,,,PENDING
2026-08-26,Taj Bradley,3.5,under,100,prizepicks,164068,2026-08-25 04:42:41.366703+00:00,propline_free_sample,2026-08-26/propline_pitcher_k_20260826T155726Z.csv,tajbradley,,,,,,PENDING
2026-08-26,Taj Bradley,4.5,over,100,prizepicks,164068,2026-08-25 05:04:11.072491+00:00,propline_free_sample,2026-08-26/propline_pitcher_k_20260826T155726Z.csv,tajbradley,,,,,,PENDING
2026-08-26,Taj Bradley,7.5,over,100,prizepicks,164068,2026-08-25 05:04:11.072491+00:00,propline_free_sample,2026-08-26/propline_pitcher_k_20260826T155726Z.csv,tajbradley,,,,,,PENDING
2026-08-26,Taj Bradley,8.5,over,100,prizepicks,164068,2026-08-25 05:04:11.072491+00:00,propline_free_sample,2026-08-26/propline_pitcher_k_20260826T155726Z.csv,tajbradley,,,,,,PENDING
2026-08-26,Taj Bradley,4.5,under,100,prizepicks,164068,2026-08-25 05:04:11.072491+00:00,propline_free_sample,2026-08-26/propline_pitcher_k_20260826T155726Z.csv,tajbradley,,,,,,PENDING
2026-08-26,Taj Bradley,7.5,under,100,prizepicks,164068,2026-08-25 05:04:11.072491+00:00,propline_free_sample,2026-08-26/propline_pitcher_k_20260826T155726Z.csv,tajbradley,,,,,,PENDING
2026-08-26,Taj Bradley,8.5,under,100,prizepicks,164068,2026-08-25 05:04:11.072491+00:00,propline_free_sample,2026-08-26/propline_pitcher_k_20260826T155726Z.csv,tajbradley,,,,,,PENDING
2026-08-26,Taj Bradley,5.5,over,100,prizepicks,164068,2026-08-25 05:15:03.898078+00:00,propline_free_sample,2026-08-26/propline_pitcher_k_20260826T155726Z.csv,tajbradley,,,,,,PENDING
2026-08-26,Taj Bradley,5.5,under,100,prizepicks,164068,2026-08-25 05:15:03.898078+00:00,propline_free_sample,2026-08-26/propline_pitcher_k_20260826T155726Z.csv,tajbradley,,,,,,PENDING
2026-08-26,Taj Bradley,2.5,under,9900,kalshi,164068,2026-08-25 14:34:33.049150+00:00,propline_free_sample,2026-08-26/propline_pitcher_k_20260826T155726Z.csv,tajbradley,,,,,,PENDING
2026-08-26,Taj Bradley,5.5,over,-115,pinnacle,164068,2026-08-25 15:21:09.535248+00:00,propline_free_sample,2026-08-26/propline_pitcher_k_20260826T155726Z.csv,tajbradley,,,,,,PENDING
2026-08-26,Taj Bradley,5.5,under,-115,pinnacle,164068,2026-08-25 15:21:09.535248+00:00,propline_free_sample,2026-08-26/propline_pitcher_k_20260826T155726Z.csv,tajbradley,,,,,,PENDING
2026-08-26,Taj Bradley,4.5,over,-199,novig,164068,2026-08-25 16:48:29.183793+00:00,propline_free_sample,2026-08-26/propline_pitcher_k_20260826T155726Z.csv,tajbradley,,,,,,PENDING
2026-08-26,Taj Bradley,6.5,under,-277,novig,164068,2026-08-25 18:18:41.068351+00:00,propline_free_sample,2026-08-26/propline_pitcher_k_20260826T155726Z.csv,tajbradley,,,,,,PENDING
2026-08-26,Taj Bradley,5.5,over,-117,rebet,164068,2026-08-25 19:03:16.821497+00:00,propline_free_sample,2026-08-26/propline_pitcher_k_20260826T155726Z.csv,tajbradley,,,,,,PENDING
2026-08-26,Taj Bradley,5.5,under,-117,rebet,164068,2026-08-25 19:03:16.821497+00:00,propline_free_sample,2026-08-26/propline_pitcher_k_20260826T155726Z.csv,tajbradley,,,,,,PENDING
2026-08-26,Taj Bradley,4.5,under,156,novig,164068,2026-08-25 19:44:42.526249+00:00,propline_free_sample,2026-08-26/propline_pitcher_k_20260826T155726Z.csv,tajbradley,,,,,,PENDING
2026-08-26,Taj Bradley,3.5,over,-1329,kalshi,164068,2026-08-25 20:07:22.134277+00:00,propline_free_sample,2026-08-26/propline_pitcher_k_20260826T155726Z.csv,tajbradley,,,,,,PENDING
2026-08-26,Taj Bradley,3.5,under,9900,kalshi,164068,2026-08-25 20:07:22.134277+00:00,propline_free_sample,2026-08-26/propline_pitcher_k_20260826T155726Z.csv,tajbradley,,,,,,PENDING
2026-08-26,Taj Bradley,6.5,under,9900,kalshi,164068,2026-08-25 20:27:46.163329+00:00,propline_free_sample,2026-08-26/propline_pitcher_k_20260826T155726Z.csv,tajbradley,,,,,,PENDING
2026-08-26,Taj Bradley,2.5,over,-3233,kalshi,164068,2026-08-25 21:43:55.171320+00:00,propline_free_sample,2026-08-26/propline_pitcher_k_20260826T155726Z.csv,tajbradley,,,,,,PENDING
2026-08-26,Taj Bradley,5.5,over,-140,betmgm,164068,2026-08-25 21:58:15.920832+00:00,propline_free_sample,2026-08-26/propline_pitcher_k_20260826T155726Z.csv,tajbradley,,,,,,PENDING
2026-08-26,Taj Bradley,5.5,under,105,betmgm,164068,2026-08-25 21:58:15.920832+00:00,propline_free_sample,2026-08-26/propline_pitcher_k_20260826T155726Z.csv,tajbradley,,,,,,PENDING
2026-08-26,Taj Bradley,5.5,over,-105,underdog,164068,2026-08-25 22:29:38.271270+00:00,propline_free_sample,2026-08-26/propline_pitcher_k_20260826T155726Z.csv,tajbradley,,,,,,PENDING
2026-08-26,Taj Bradley,5.5,under,-130,underdog,164068,2026-08-25 22:29:38.271270+00:00,propline_free_sample,2026-08-26/propline_pitcher_k_20260826T155726Z.csv,tajbradley,,,,,,PENDING
2026-08-26,Taj Bradley,5.5,over,-108,dabble,164068,2026-08-25 22:29:40.768112+00:00,propline_free_sample,2026-08-26/propline_pitcher_k_20260826T155726Z.csv,tajbradley,,,,,,PENDING
2026-08-26,Taj Bradley,5.5,under,-111,novig,164068,2026-08-25 22:32:29.243487+00:00,propline_free_sample,2026-08-26/propline_pitcher_k_20260826T155726Z.csv,tajbradley,,,,,,PENDING
2026-08-26,Taj Bradley,5.5,over,-111,fanduel,164068,2026-08-25 22:34:04.992951+00:00,propline_free_sample,2026-08-26/propline_pitcher_k_20260826T155726Z.csv,tajbradley,,,,,,PENDING
2026-08-26,Taj Bradley,5.5,under,-115,fanduel,164068,2026-08-25 22:34:04.992951+00:00,propline_free_sample,2026-08-26/propline_pitcher_k_20260826T155726Z.csv,tajbradley,,,,,,PENDING
2026-08-26,Taj Bradley,4.5,over,-809,kalshi,164068,2026-08-25 22:36:32.366568+00:00,propline_free_sample,2026-08-26/propline_pitcher_k_20260826T155726Z.csv,tajbradley,,,,,,PENDING
2026-08-26,Taj Bradley,4.5,under,9900,kalshi,164068,2026-08-25 22:38:55.074833+00:00,propline_free_sample,2026-08-26/propline_pitcher_k_20260826T155726Z.csv,tajbradley,,,,,,PENDING
2026-08-26,Taj Bradley,6.5,over,-567,kalshi,164068,2026-08-25 22:45:39.484803+00:00,propline_free_sample,2026-08-26/propline_pitcher_k_20260826T155726Z.csv,tajbradley,,,,,,PENDING
2026-08-26,Taj Bradley,9.5,over,-456,kalshi,164068,2026-08-25 22:45:39.484803+00:00,propline_free_sample,2026-08-26/propline_pitcher_k_20260826T155726Z.csv,tajbradley,,,,,,PENDING
2026-08-26,Taj Bradley,5.5,over,-127,smarkets,164068,2026-08-25 22:48:14.189605+00:00,propline_free_sample,2026-08-26/propline_pitcher_k_20260826T155726Z.csv,tajbradley,,,,,,PENDING
2026-08-26,Taj Bradley,5.5,under,-110,smarkets,164068,2026-08-25 22:48:14.189605+00:00,propline_free_sample,2026-08-26/propline_pitcher_k_20260826T155726Z.csv,tajbradley,,,,,,PENDING
2026-08-26,Taj Bradley,8.5,over,178,kalshi,164068,2026-08-25 22:49:21.310081+00:00,propline_free_sample,2026-08-26/propline_pitcher_k_20260826T155726Z.csv,tajbradley,,,,,,PENDING
2026-08-26,Taj Bradley,7.5,over,-144,kalshi,164068,2026-08-25 23:17:27.495185+00:00,propline_free_sample,2026-08-26/propline_pitcher_k_20260826T155726Z.csv,tajbradley,,,,,,PENDING
2026-08-26,Taj Bradley,5.5,over,-113,betrivers,164068,2026-08-25 23:26:35.861433+00:00,propline_free_sample,2026-08-26/propline_pitcher_k_20260826T155726Z.csv,tajbradley,,,,,,PENDING
2026-08-26,Taj Bradley,5.5,under,-118,betrivers,164068,2026-08-25 23:26:35.861433+00:00,propline_free_sample,2026-08-26/propline_pitcher_k_20260826T155726Z.csv,tajbradley,,,,,,PENDING
2026-08-26,Taj Bradley,5.5,over,-1567,kalshi,164068,2026-08-25 23:46:28.016107+00:00,propline_free_sample,2026-08-26/propline_pitcher_k_20260826T155726Z.csv,tajbradley,,,,,,PENDING
2026-08-26,Taj Bradley,5.5,under,9900,kalshi,164068,2026-08-25 23:46:28.016107+00:00,propline_free_sample,2026-08-26/propline_pitcher_k_20260826T155726Z.csv,tajbradley,,,,,,PENDING
2026-08-26,Taj Bradley,5.5,under,-280,prophetx,164068,2026-08-26 00:04:47.678841+00:00,propline_free_sample,2026-08-26/propline_pitcher_k_20260826T155726Z.csv,tajbradley,,,,,,PENDING
2026-08-26,Taj Bradley,5.5,over,-130,onexbet,164068,2026-08-26 00:27:00.461084+00:00,propline_free_sample,2026-08-26/propline_pitcher_k_20260826T155726Z.csv,tajbradley,,,,,,PENDING
2026-08-26,Taj Bradley,5.5,under,-105,onexbet,164068,2026-08-26 00:27:00.461084+00:00,propline_free_sample,2026-08-26/propline_pitcher_k_20260826T155726Z.csv,tajbradley,,,,,,PENDING
2026-08-26,Taj Bradley,5.5,over,-10000,prophetx,164068,2026-08-26 01:10:17.727303+00:00,propline_free_sample,2026-08-26/propline_pitcher_k_20260826T155726Z.csv,tajbradley,,,,,,PENDING
2026-08-26,Taj Bradley,5.5,over,102,novig,164068,2026-08-26 01:24:52.995275+00:00,propline_free_sample,2026-08-26/propline_pitcher_k_20260826T155726Z.csv,tajbradley,,,,,,PENDING
2026-08-26,Taj Bradley,5.5,over,-106,draftkings,164068,2026-08-26 01:29:12.476643+00:00,propline_free_sample,2026-08-26/propline_pitcher_k_20260826T155726Z.csv,tajbradley,,,,,,PENDING
2026-08-26,Taj Bradley,5.5,under,-121,draftkings,164068,2026-08-26 01:29:12.476643+00:00,propline_free_sample,2026-08-26/propline_pitcher_k_20260826T155726Z.csv,tajbradley,,,,,,PENDING
2026-08-26,Taj Bradley,5.5,under,109,dabble,164068,2026-08-26 01:35:15.125713+00:00,propline_free_sample,2026-08-26/propline_pitcher_k_20260826T155726Z.csv,tajbradley,,,,,,PENDING
2026-08-26,Taj Bradley,9.5,under,9900,kalshi,164068,2026-08-26 01:36:24.432381+00:00,propline_free_sample,2026-08-26/propline_pitcher_k_20260826T155726Z.csv,tajbradley,,,,,,PENDING
2026-08-26,Taj Bradley,6.5,over,182,novig,164068,2026-08-26 01:36:53.260589+00:00,propline_free_sample,2026-08-26/propline_pitcher_k_20260826T155726Z.csv,tajbradley,,,,,,PENDING
2026-08-26,Taj Bradley,5.5,over,-128,sleeper,164068,2026-08-26 01:37:12.813562+00:00,propline_free_sample,2026-08-26/propline_pitcher_k_20260826T155726Z.csv,tajbradley,,,,,,PENDING
2026-08-26,Taj Bradley,5.5,under,-128,sleeper,164068,2026-08-26 01:37:12.813562+00:00,propline_free_sample,2026-08-26/propline_pitcher_k_20260826T155726Z.csv,tajbradley,,,,,,PENDING
2026-08-26,Taj Bradley,7.5,under,9900,kalshi,164068,2026-08-26 01:38:24.216857+00:00,propline_free_sample,2026-08-26/propline_pitcher_k_20260826T155726Z.csv,tajbradley,,,,,,PENDING
2026-08-26,Taj Bradley,8.5,under,9900,kalshi,164068,2026-08-26 01:38:24.216857+00:00,propline_free_sample,2026-08-26/propline_pitcher_k_20260826T155726Z.csv,tajbradley,,,,,,PENDING
2026-08-26,Taj Bradley (MIN),5.5,over,-115,bovada,164068,2026-08-25 21:26:53.819199+00:00,propline_free_sample,2026-08-26/propline_pitcher_k_20260826T155726Z.csv,tajbradleymin,,,,,,PENDING
2026-08-26,Taj Bradley (MIN),5.5,under,-115,bovada,164068,2026-08-25 21:26:53.819199+00:00,propline_free_sample,2026-08-26/propline_pitcher_k_20260826T155726Z.csv,tajbradleymin,,,,,,PENDING
