date,commence_time_utc,pitcher_name,line,side,price,sportsbook,event_id,home_team,away_team,vendor_snapshot_time,collected_at_utc,collected_at_et,snapshot_time_et,source
2026-09-17,2026-09-17 17:10:00+00:00,Drew Rasmussen,5.5,over,-140,fanduel,212851,Tampa Bay Rays,Athletics,2026-09-17T16:38:36.477858+00:00,2026-09-17T21:36:49.175811+00:00,2026-09-17T17:36:49.175811-04:00,2026-09-17T17:36:49.175811-04:00,propline_free_sample
2026-09-17,2026-09-17 17:10:00+00:00,Drew Rasmussen,5.5,under,110,fanduel,212851,Tampa Bay Rays,Athletics,2026-09-17T16:38:36.477858+00:00,2026-09-17T21:36:49.175811+00:00,2026-09-17T17:36:49.175811-04:00,2026-09-17T17:36:49.175811-04:00,propline_free_sample
2026-09-17,2026-09-17 17:10:00+00:00,Jeffrey Springs,3.5,over,122,fanduel,212851,Tampa Bay Rays,Athletics,2026-09-17T14:43:29.393476+00:00,2026-09-17T21:36:49.175811+00:00,2026-09-17T17:36:49.175811-04:00,2026-09-17T17:36:49.175811-04:00,propline_free_sample
2026-09-17,2026-09-17 17:10:00+00:00,Jeffrey Springs,3.5,under,-156,fanduel,212851,Tampa Bay Rays,Athletics,2026-09-17T14:43:29.393476+00:00,2026-09-17T21:36:49.175811+00:00,2026-09-17T17:36:49.175811-04:00,2026-09-17T17:36:49.175811-04:00,propline_free_sample
2026-09-17,2026-09-17 17:10:00+00:00,Drew Rasmussen,4.5,over,-160,fanatics,212851,Tampa Bay Rays,Athletics,2026-09-17T16:13:27.746719+00:00,2026-09-17T21:36:49.175811+00:00,2026-09-17T17:36:49.175811-04:00,2026-09-17T17:36:49.175811-04:00,propline_free_sample
2026-09-17,2026-09-17 17:10:00+00:00,Drew Rasmussen,4.5,under,120,fanatics,212851,Tampa Bay Rays,Athletics,2026-09-17T16:13:27.746719+00:00,2026-09-17T21:36:49.175811+00:00,2026-09-17T17:36:49.175811-04:00,2026-09-17T17:36:49.175811-04:00,propline_free_sample
2026-09-17,2026-09-17 17:10:00+00:00,Jeffrey Springs,5.5,over,-175,fanatics,212851,Tampa Bay Rays,Athletics,2026-09-17T17:00:10.568325+00:00,2026-09-17T21:36:49.175811+00:00,2026-09-17T17:36:49.175811-04:00,2026-09-17T17:36:49.175811-04:00,propline_free_sample
2026-09-17,2026-09-17 17:10:00+00:00,Jeffrey Springs,5.5,under,130,fanatics,212851,Tampa Bay Rays,Athletics,2026-09-17T17:00:10.568325+00:00,2026-09-17T21:36:49.175811+00:00,2026-09-17T17:36:49.175811-04:00,2026-09-17T17:36:49.175811-04:00,propline_free_sample
2026-09-17,2026-09-17 17:10:00+00:00,Drew Rasmussen,3.5,over,-228,underdog,212851,Tampa Bay Rays,Athletics,2026-09-17T16:34:10.274414+00:00,2026-09-17T21:36:49.175811+00:00,2026-09-17T17:36:49.175811-04:00,2026-09-17T17:36:49.175811-04:00,propline_free_sample
2026-09-17,2026-09-17 17:10:00+00:00,Jeffrey Springs,4.5,over,-139,underdog,212851,Tampa Bay Rays,Athletics,2026-09-17T15:09:47.410451+00:00,2026-09-17T21:36:49.175811+00:00,2026-09-17T17:36:49.175811-04:00,2026-09-17T17:36:49.175811-04:00,propline_free_sample
2026-09-17,2026-09-17 17:10:00+00:00,Drew Rasmussen,3.5,under,151,underdog,212851,Tampa Bay Rays,Athletics,2026-09-17T16:34:10.274414+00:00,2026-09-17T21:36:49.175811+00:00,2026-09-17T17:36:49.175811-04:00,2026-09-17T17:36:49.175811-04:00,propline_free_sample
2026-09-17,2026-09-17 17:10:00+00:00,Jeffrey Springs,4.5,under,-107,underdog,212851,Tampa Bay Rays,Athletics,2026-09-17T15:09:47.410451+00:00,2026-09-17T21:36:49.175811+00:00,2026-09-17T17:36:49.175811-04:00,2026-09-17T17:36:49.175811-04:00,propline_free_sample
2026-09-17,2026-09-17 17:10:00+00:00,Drew Rasmussen,5.5,over,-120,dabble,212851,Tampa Bay Rays,Athletics,2026-09-17T01:48:15.956252+00:00,2026-09-17T21:36:49.175811+00:00,2026-09-17T17:36:49.175811-04:00,2026-09-17T17:36:49.175811-04:00,propline_free_sample
2026-09-17,2026-09-17 17:10:00+00:00,Jeffrey Springs,3.5,over,141,dabble,212851,Tampa Bay Rays,Athletics,2026-09-17T16:17:14.595240+00:00,2026-09-17T21:36:49.175811+00:00,2026-09-17T17:36:49.175811-04:00,2026-09-17T17:36:49.175811-04:00,propline_free_sample
2026-09-17,2026-09-17 17:10:00+00:00,Drew Rasmussen,5.5,under,120,dabble,212851,Tampa Bay Rays,Athletics,2026-09-17T01:48:15.956252+00:00,2026-09-17T21:36:49.175811+00:00,2026-09-17T17:36:49.175811-04:00,2026-09-17T17:36:49.175811-04:00,propline_free_sample
2026-09-17,2026-09-17 17:10:00+00:00,Jeffrey Springs,3.5,under,-139,dabble,212851,Tampa Bay Rays,Athletics,2026-09-17T16:17:14.595240+00:00,2026-09-17T21:36:49.175811+00:00,2026-09-17T17:36:49.175811-04:00,2026-09-17T17:36:49.175811-04:00,propline_free_sample
2026-09-17,2026-09-17 17:10:00+00:00,Drew Rasmussen (TB),4.5,over,-130,bovada,212851,Tampa Bay Rays,Athletics,2026-09-17T16:29:21.266627+00:00,2026-09-17T21:36:49.175811+00:00,2026-09-17T17:36:49.175811-04:00,2026-09-17T17:36:49.175811-04:00,propline_free_sample
2026-09-17,2026-09-17 17:10:00+00:00,Drew Rasmussen (TB),4.5,under,100,bovada,212851,Tampa Bay Rays,Athletics,2026-09-17T16:29:21.266627+00:00,2026-09-17T21:36:49.175811+00:00,2026-09-17T17:36:49.175811-04:00,2026-09-17T17:36:49.175811-04:00,propline_free_sample
2026-09-17,2026-09-17 17:10:00+00:00,Jeffrey Springs (ATH),5.5,over,-165,bovada,212851,Tampa Bay Rays,Athletics,2026-09-17T09:28:21.429260+00:00,2026-09-17T21:36:49.175811+00:00,2026-09-17T17:36:49.175811-04:00,2026-09-17T17:36:49.175811-04:00,propline_free_sample
2026-09-17,2026-09-17 17:10:00+00:00,Jeffrey Springs (ATH),5.5,under,125,bovada,212851,Tampa Bay Rays,Athletics,2026-09-17T09:28:21.429260+00:00,2026-09-17T21:36:49.175811+00:00,2026-09-17T17:36:49.175811-04:00,2026-09-17T17:36:49.175811-04:00,propline_free_sample
2026-09-17,2026-09-17 17:10:00+00:00,Drew Rasmussen,5.5,over,-159,smarkets,212851,Tampa Bay Rays,Athletics,2026-09-17T16:11:26.852084+00:00,2026-09-17T21:36:49.175811+00:00,2026-09-17T17:36:49.175811-04:00,2026-09-17T17:36:49.175811-04:00,propline_free_sample
2026-09-17,2026-09-17 17:10:00+00:00,Drew Rasmussen,5.5,under,112,smarkets,212851,Tampa Bay Rays,Athletics,2026-09-17T14:41:33.732029+00:00,2026-09-17T21:36:49.175811+00:00,2026-09-17T17:36:49.175811-04:00,2026-09-17T17:36:49.175811-04:00,propline_free_sample
2026-09-17,2026-09-17 17:10:00+00:00,Jeffrey Springs,3.5,over,116,smarkets,212851,Tampa Bay Rays,Athletics,2026-09-17T16:18:15.949484+00:00,2026-09-17T21:36:49.175811+00:00,2026-09-17T17:36:49.175811-04:00,2026-09-17T17:36:49.175811-04:00,propline_free_sample
2026-09-17,2026-09-17 17:10:00+00:00,Jeffrey Springs,3.5,under,-164,smarkets,212851,Tampa Bay Rays,Athletics,2026-09-17T16:27:00.834875+00:00,2026-09-17T21:36:49.175811+00:00,2026-09-17T17:36:49.175811-04:00,2026-09-17T17:36:49.175811-04:00,propline_free_sample
2026-09-17,2026-09-17 17:10:00+00:00,Jeffrey Springs,3.5,over,100,prizepicks,212851,Tampa Bay Rays,Athletics,2026-09-17T01:27:01.775209+00:00,2026-09-17T21:36:49.175811+00:00,2026-09-17T17:36:49.175811-04:00,2026-09-17T17:36:49.175811-04:00,propline_free_sample
2026-09-17,2026-09-17 17:10:00+00:00,Jeffrey Springs,3.5,under,100,prizepicks,212851,Tampa Bay Rays,Athletics,2026-09-17T01:27:01.775209+00:00,2026-09-17T21:36:49.175811+00:00,2026-09-17T17:36:49.175811-04:00,2026-09-17T17:36:49.175811-04:00,propline_free_sample
2026-09-17,2026-09-17 17:10:00+00:00,Jeffrey Springs,4.5,over,100,prizepicks,212851,Tampa Bay Rays,Athletics,2026-09-17T01:27:01.775209+00:00,2026-09-17T21:36:49.175811+00:00,2026-09-17T17:36:49.175811-04:00,2026-09-17T17:36:49.175811-04:00,propline_free_sample
2026-09-17,2026-09-17 17:10:00+00:00,Jeffrey Springs,5.5,over,100,prizepicks,212851,Tampa Bay Rays,Athletics,2026-09-17T01:27:01.775209+00:00,2026-09-17T21:36:49.175811+00:00,2026-09-17T17:36:49.175811-04:00,2026-09-17T17:36:49.175811-04:00,propline_free_sample
2026-09-17,2026-09-17 17:10:00+00:00,Drew Rasmussen,6.5,over,100,prizepicks,212851,Tampa Bay Rays,Athletics,2026-09-17T01:27:01.775209+00:00,2026-09-17T21:36:49.175811+00:00,2026-09-17T17:36:49.175811-04:00,2026-09-17T17:36:49.175811-04:00,propline_free_sample
2026-09-17,2026-09-17 17:10:00+00:00,Drew Rasmussen,7.5,over,100,prizepicks,212851,Tampa Bay Rays,Athletics,2026-09-17T01:27:01.775209+00:00,2026-09-17T21:36:49.175811+00:00,2026-09-17T17:36:49.175811-04:00,2026-09-17T17:36:49.175811-04:00,propline_free_sample
2026-09-17,2026-09-17 17:10:00+00:00,Drew Rasmussen,8.5,over,100,prizepicks,212851,Tampa Bay Rays,Athletics,2026-09-17T01:27:01.775209+00:00,2026-09-17T21:36:49.175811+00:00,2026-09-17T17:36:49.175811-04:00,2026-09-17T17:36:49.175811-04:00,propline_free_sample
2026-09-17,2026-09-17 17:10:00+00:00,Jeffrey Springs,2.5,over,100,prizepicks,212851,Tampa Bay Rays,Athletics,2026-09-17T01:27:01.775209+00:00,2026-09-17T21:36:49.175811+00:00,2026-09-17T17:36:49.175811-04:00,2026-09-17T17:36:49.175811-04:00,propline_free_sample
2026-09-17,2026-09-17 17:10:00+00:00,Drew Rasmussen,4.5,over,100,prizepicks,212851,Tampa Bay Rays,Athletics,2026-09-17T01:27:01.775209+00:00,2026-09-17T21:36:49.175811+00:00,2026-09-17T17:36:49.175811-04:00,2026-09-17T17:36:49.175811-04:00,propline_free_sample
2026-09-17,2026-09-17 17:10:00+00:00,Drew Rasmussen,5.5,over,100,prizepicks,212851,Tampa Bay Rays,Athletics,2026-09-17T01:27:01.775209+00:00,2026-09-17T21:36:49.175811+00:00,2026-09-17T17:36:49.175811-04:00,2026-09-17T17:36:49.175811-04:00,propline_free_sample
2026-09-17,2026-09-17 17:10:00+00:00,Drew Rasmussen,5.5,under,100,prizepicks,212851,Tampa Bay Rays,Athletics,2026-09-17T01:27:01.775209+00:00,2026-09-17T21:36:49.175811+00:00,2026-09-17T17:36:49.175811-04:00,2026-09-17T17:36:49.175811-04:00,propline_free_sample
2026-09-17,2026-09-17 17:10:00+00:00,Drew Rasmussen,5.5,over,-167,sleeper,212851,Tampa Bay Rays,Athletics,2026-09-17T14:43:51.049010+00:00,2026-09-17T21:36:49.175811+00:00,2026-09-17T17:36:49.175811-04:00,2026-09-17T17:36:49.175811-04:00,propline_free_sample
2026-09-17,2026-09-17 17:10:00+00:00,Jeffrey Springs,3.5,over,106,sleeper,212851,Tampa Bay Rays,Athletics,2026-09-17T16:58:24.248956+00:00,2026-09-17T21:36:49.175811+00:00,2026-09-17T17:36:49.175811-04:00,2026-09-17T17:36:49.175811-04:00,propline_free_sample
2026-09-17,2026-09-17 17:10:00+00:00,Drew Rasmussen,5.5,under,100,sleeper,212851,Tampa Bay Rays,Athletics,2026-09-17T17:02:42.879390+00:00,2026-09-17T21:36:49.175811+00:00,2026-09-17T17:36:49.175811-04:00,2026-09-17T17:36:49.175811-04:00,propline_free_sample
2026-09-17,2026-09-17 17:10:00+00:00,Jeffrey Springs,3.5,under,-179,sleeper,212851,Tampa Bay Rays,Athletics,2026-09-17T13:42:27.928272+00:00,2026-09-17T21:36:49.175811+00:00,2026-09-17T17:36:49.175811-04:00,2026-09-17T17:36:49.175811-04:00,propline_free_sample
2026-09-17,2026-09-17 17:10:00+00:00,Jeffrey Springs,6.5,over,100,prizepicks,212851,Tampa Bay Rays,Athletics,2026-09-17T01:29:16.913663+00:00,2026-09-17T21:36:49.175811+00:00,2026-09-17T17:36:49.175811-04:00,2026-09-17T17:36:49.175811-04:00,propline_free_sample
2026-09-17,2026-09-17 17:10:00+00:00,Drew Rasmussen,6.0,over,100,prizepicks,212851,Tampa Bay Rays,Athletics,2026-09-17T11:19:16.906973+00:00,2026-09-17T21:36:49.175811+00:00,2026-09-17T17:36:49.175811-04:00,2026-09-17T17:36:49.175811-04:00,propline_free_sample
2026-09-17,2026-09-17 17:10:00+00:00,Drew Rasmussen,6.0,under,100,prizepicks,212851,Tampa Bay Rays,Athletics,2026-09-17T11:19:16.906973+00:00,2026-09-17T21:36:49.175811+00:00,2026-09-17T17:36:49.175811-04:00,2026-09-17T17:36:49.175811-04:00,propline_free_sample
2026-09-17,2026-09-17 17:10:00+00:00,Drew Rasmussen,9.5,over,100,prizepicks,212851,Tampa Bay Rays,Athletics,2026-09-17T01:29:16.913663+00:00,2026-09-17T21:36:49.175811+00:00,2026-09-17T17:36:49.175811-04:00,2026-09-17T17:36:49.175811-04:00,propline_free_sample
2026-09-17,2026-09-17 17:10:00+00:00,Drew Rasmussen,1.5,over,-10000,hardrock,212851,Tampa Bay Rays,Athletics,2026-09-17T15:04:31.714025+00:00,2026-09-17T21:36:49.175811+00:00,2026-09-17T17:36:49.175811-04:00,2026-09-17T17:36:49.175811-04:00,propline_free_sample
2026-09-17,2026-09-17 17:10:00+00:00,Drew Rasmussen,1.5,under,2000,hardrock,212851,Tampa Bay Rays,Athletics,2026-09-17T10:02:06.947584+00:00,2026-09-17T21:36:49.175811+00:00,2026-09-17T17:36:49.175811-04:00,2026-09-17T17:36:49.175811-04:00,propline_free_sample
2026-09-17,2026-09-17 17:10:00+00:00,Drew Rasmussen,10.5,over,4000,hardrock,212851,Tampa Bay Rays,Athletics,2026-09-17T14:46:07.374810+00:00,2026-09-17T21:36:49.175811+00:00,2026-09-17T17:36:49.175811-04:00,2026-09-17T17:36:49.175811-04:00,propline_free_sample
2026-09-17,2026-09-17 17:10:00+00:00,Drew Rasmussen,10.5,under,-50000,hardrock,212851,Tampa Bay Rays,Athletics,2026-09-17T14:39:28.424757+00:00,2026-09-17T21:36:49.175811+00:00,2026-09-17T17:36:49.175811-04:00,2026-09-17T17:36:49.175811-04:00,propline_free_sample
2026-09-17,2026-09-17 17:10:00+00:00,Drew Rasmussen,2.5,over,-3000,hardrock,212851,Tampa Bay Rays,Athletics,2026-09-17T10:02:06.947584+00:00,2026-09-17T21:36:49.175811+00:00,2026-09-17T17:36:49.175811-04:00,2026-09-17T17:36:49.175811-04:00,propline_free_sample
2026-09-17,2026-09-17 17:10:00+00:00,Drew Rasmussen,2.5,under,700,hardrock,212851,Tampa Bay Rays,Athletics,2026-09-17T08:30:34.726664+00:00,2026-09-17T21:36:49.175811+00:00,2026-09-17T17:36:49.175811-04:00,2026-09-17T17:36:49.175811-04:00,propline_free_sample
2026-09-17,2026-09-17 17:10:00+00:00,Drew Rasmussen,3.5,over,-300,hardrock,212851,Tampa Bay Rays,Athletics,2026-09-17T14:46:07.374810+00:00,2026-09-17T21:36:49.175811+00:00,2026-09-17T17:36:49.175811-04:00,2026-09-17T17:36:49.175811-04:00,propline_free_sample
2026-09-17,2026-09-17 17:10:00+00:00,Drew Rasmussen,3.5,under,195,hardrock,212851,Tampa Bay Rays,Athletics,2026-09-17T08:30:34.726664+00:00,2026-09-17T21:36:49.175811+00:00,2026-09-17T17:36:49.175811-04:00,2026-09-17T17:36:49.175811-04:00,propline_free_sample
2026-09-17,2026-09-17 17:10:00+00:00,Drew Rasmussen,4.5,over,115,hardrock,212851,Tampa Bay Rays,Athletics,2026-09-17T10:02:06.947584+00:00,2026-09-17T21:36:49.175811+00:00,2026-09-17T17:36:49.175811-04:00,2026-09-17T17:36:49.175811-04:00,propline_free_sample
2026-09-17,2026-09-17 17:10:00+00:00,Drew Rasmussen,4.5,under,-165,hardrock,212851,Tampa Bay Rays,Athletics,2026-09-17T14:46:07.374810+00:00,2026-09-17T21:36:49.175811+00:00,2026-09-17T17:36:49.175811-04:00,2026-09-17T17:36:49.175811-04:00,propline_free_sample
2026-09-17,2026-09-17 17:10:00+00:00,Drew Rasmussen,5.5,over,325,hardrock,212851,Tampa Bay Rays,Athletics,2026-09-17T14:46:07.374810+00:00,2026-09-17T21:36:49.175811+00:00,2026-09-17T17:36:49.175811-04:00,2026-09-17T17:36:49.175811-04:00,propline_free_sample
2026-09-17,2026-09-17 17:10:00+00:00,Drew Rasmussen,5.5,under,-650,hardrock,212851,Tampa Bay Rays,Athletics,2026-09-17T02:41:23.451301+00:00,2026-09-17T21:36:49.175811+00:00,2026-09-17T17:36:49.175811-04:00,2026-09-17T17:36:49.175811-04:00,propline_free_sample
2026-09-17,2026-09-17 17:10:00+00:00,Drew Rasmussen,6.5,over,900,hardrock,212851,Tampa Bay Rays,Athletics,2026-09-17T14:39:28.424757+00:00,2026-09-17T21:36:49.175811+00:00,2026-09-17T17:36:49.175811-04:00,2026-09-17T17:36:49.175811-04:00,propline_free_sample
2026-09-17,2026-09-17 17:10:00+00:00,Drew Rasmussen,6.5,under,-4000,hardrock,212851,Tampa Bay Rays,Athletics,2026-09-17T14:52:29.555749+00:00,2026-09-17T21:36:49.175811+00:00,2026-09-17T17:36:49.175811-04:00,2026-09-17T17:36:49.175811-04:00,propline_free_sample
2026-09-17,2026-09-17 17:10:00+00:00,Drew Rasmussen,7.5,over,4000,hardrock,212851,Tampa Bay Rays,Athletics,2026-09-17T14:46:07.374810+00:00,2026-09-17T21:36:49.175811+00:00,2026-09-17T17:36:49.175811-04:00,2026-09-17T17:36:49.175811-04:00,propline_free_sample
2026-09-17,2026-09-17 17:10:00+00:00,Drew Rasmussen,7.5,under,-50000,hardrock,212851,Tampa Bay Rays,Athletics,2026-09-17T14:46:07.374810+00:00,2026-09-17T21:36:49.175811+00:00,2026-09-17T17:36:49.175811-04:00,2026-09-17T17:36:49.175811-04:00,propline_free_sample
2026-09-17,2026-09-17 17:10:00+00:00,Drew Rasmussen,8.5,over,4000,hardrock,212851,Tampa Bay Rays,Athletics,2026-09-17T14:46:07.374810+00:00,2026-09-17T21:36:49.175811+00:00,2026-09-17T17:36:49.175811-04:00,2026-09-17T17:36:49.175811-04:00,propline_free_sample
2026-09-17,2026-09-17 17:10:00+00:00,Drew Rasmussen,8.5,under,-20000,hardrock,212851,Tampa Bay Rays,Athletics,2026-09-17T14:46:07.374810+00:00,2026-09-17T21:36:49.175811+00:00,2026-09-17T17:36:49.175811-04:00,2026-09-17T17:36:49.175811-04:00,propline_free_sample
2026-09-17,2026-09-17 17:10:00+00:00,Drew Rasmussen,9.5,over,1100,hardrock,212851,Tampa Bay Rays,Athletics,2026-09-17T14:39:28.424757+00:00,2026-09-17T21:36:49.175811+00:00,2026-09-17T17:36:49.175811-04:00,2026-09-17T17:36:49.175811-04:00,propline_free_sample
2026-09-17,2026-09-17 17:10:00+00:00,Drew Rasmussen,9.5,under,-5000,hardrock,212851,Tampa Bay Rays,Athletics,2026-09-17T08:30:34.726664+00:00,2026-09-17T21:36:49.175811+00:00,2026-09-17T17:36:49.175811-04:00,2026-09-17T17:36:49.175811-04:00,propline_free_sample
2026-09-17,2026-09-17 17:10:00+00:00,Jeffrey Springs,0.5,over,-6000,hardrock,212851,Tampa Bay Rays,Athletics,2026-09-17T08:27:58.141007+00:00,2026-09-17T21:36:49.175811+00:00,2026-09-17T17:36:49.175811-04:00,2026-09-17T17:36:49.175811-04:00,propline_free_sample
2026-09-17,2026-09-17 17:10:00+00:00,Jeffrey Springs,0.5,under,1400,hardrock,212851,Tampa Bay Rays,Athletics,2026-09-17T08:27:58.141007+00:00,2026-09-17T21:36:49.175811+00:00,2026-09-17T17:36:49.175811-04:00,2026-09-17T17:36:49.175811-04:00,propline_free_sample
2026-09-17,2026-09-17 17:10:00+00:00,Jeffrey Springs,1.5,over,-3000,hardrock,212851,Tampa Bay Rays,Athletics,2026-09-17T14:46:07.374810+00:00,2026-09-17T21:36:49.175811+00:00,2026-09-17T17:36:49.175811-04:00,2026-09-17T17:36:49.175811-04:00,propline_free_sample
2026-09-17,2026-09-17 17:10:00+00:00,Jeffrey Springs,1.5,under,750,hardrock,212851,Tampa Bay Rays,Athletics,2026-09-17T14:46:07.374810+00:00,2026-09-17T21:36:49.175811+00:00,2026-09-17T17:36:49.175811-04:00,2026-09-17T17:36:49.175811-04:00,propline_free_sample
2026-09-17,2026-09-17 17:10:00+00:00,Jeffrey Springs,2.5,over,-500,hardrock,212851,Tampa Bay Rays,Athletics,2026-09-17T13:54:13.555266+00:00,2026-09-17T21:36:49.175811+00:00,2026-09-17T17:36:49.175811-04:00,2026-09-17T17:36:49.175811-04:00,propline_free_sample
2026-09-17,2026-09-17 17:10:00+00:00,Jeffrey Springs,2.5,under,260,hardrock,212851,Tampa Bay Rays,Athletics,2026-09-17T14:16:57.038436+00:00,2026-09-17T21:36:49.175811+00:00,2026-09-17T17:36:49.175811-04:00,2026-09-17T17:36:49.175811-04:00,propline_free_sample
2026-09-17,2026-09-17 17:10:00+00:00,Jeffrey Springs,3.5,over,-2500,hardrock,212851,Tampa Bay Rays,Athletics,2026-09-17T13:40:37.144464+00:00,2026-09-17T21:36:49.175811+00:00,2026-09-17T17:36:49.175811-04:00,2026-09-17T17:36:49.175811-04:00,propline_free_sample
2026-09-17,2026-09-17 17:10:00+00:00,Jeffrey Springs,3.5,under,650,hardrock,212851,Tampa Bay Rays,Athletics,2026-09-17T15:00:58.169647+00:00,2026-09-17T21:36:49.175811+00:00,2026-09-17T17:36:49.175811-04:00,2026-09-17T17:36:49.175811-04:00,propline_free_sample
2026-09-17,2026-09-17 17:10:00+00:00,Jeffrey Springs,4.5,over,-700,hardrock,212851,Tampa Bay Rays,Athletics,2026-09-17T13:40:37.144464+00:00,2026-09-17T21:36:49.175811+00:00,2026-09-17T17:36:49.175811-04:00,2026-09-17T17:36:49.175811-04:00,propline_free_sample
2026-09-17,2026-09-17 17:10:00+00:00,Jeffrey Springs,4.5,under,350,hardrock,212851,Tampa Bay Rays,Athletics,2026-09-17T14:20:10.401392+00:00,2026-09-17T21:36:49.175811+00:00,2026-09-17T17:36:49.175811-04:00,2026-09-17T17:36:49.175811-04:00,propline_free_sample
2026-09-17,2026-09-17 17:10:00+00:00,Jeffrey Springs,5.5,over,-130,hardrock,212851,Tampa Bay Rays,Athletics,2026-09-17T14:20:10.401392+00:00,2026-09-17T21:36:49.175811+00:00,2026-09-17T17:36:49.175811-04:00,2026-09-17T17:36:49.175811-04:00,propline_free_sample
2026-09-17,2026-09-17 17:10:00+00:00,Jeffrey Springs,5.5,under,-110,hardrock,212851,Tampa Bay Rays,Athletics,2026-09-17T14:20:10.401392+00:00,2026-09-17T21:36:49.175811+00:00,2026-09-17T17:36:49.175811-04:00,2026-09-17T17:36:49.175811-04:00,propline_free_sample
2026-09-17,2026-09-17 17:10:00+00:00,Jeffrey Springs,6.5,over,240,hardrock,212851,Tampa Bay Rays,Athletics,2026-09-17T14:20:10.401392+00:00,2026-09-17T21:36:49.175811+00:00,2026-09-17T17:36:49.175811-04:00,2026-09-17T17:36:49.175811-04:00,propline_free_sample
2026-09-17,2026-09-17 17:10:00+00:00,Jeffrey Springs,6.5,under,-400,hardrock,212851,Tampa Bay Rays,Athletics,2026-09-17T14:20:10.401392+00:00,2026-09-17T21:36:49.175811+00:00,2026-09-17T17:36:49.175811-04:00,2026-09-17T17:36:49.175811-04:00,propline_free_sample
2026-09-17,2026-09-17 17:10:00+00:00,Jeffrey Springs,7.5,over,650,hardrock,212851,Tampa Bay Rays,Athletics,2026-09-17T01:36:49.994202+00:00,2026-09-17T21:36:49.175811+00:00,2026-09-17T17:36:49.175811-04:00,2026-09-17T17:36:49.175811-04:00,propline_free_sample
2026-09-17,2026-09-17 17:10:00+00:00,Jeffrey Springs,7.5,under,-2500,hardrock,212851,Tampa Bay Rays,Athletics,2026-09-17T15:08:14.444733+00:00,2026-09-17T21:36:49.175811+00:00,2026-09-17T17:36:49.175811-04:00,2026-09-17T17:36:49.175811-04:00,propline_free_sample
2026-09-17,2026-09-17 17:10:00+00:00,Jeffrey Springs,4.5,under,100,prizepicks,212851,Tampa Bay Rays,Athletics,2026-09-17T01:39:18.358613+00:00,2026-09-17T21:36:49.175811+00:00,2026-09-17T17:36:49.175811-04:00,2026-09-17T17:36:49.175811-04:00,propline_free_sample
2026-09-17,2026-09-17 17:10:00+00:00,Drew Rasmussen,6.5,under,100,prizepicks,212851,Tampa Bay Rays,Athletics,2026-09-17T01:39:18.358613+00:00,2026-09-17T21:36:49.175811+00:00,2026-09-17T17:36:49.175811-04:00,2026-09-17T17:36:49.175811-04:00,propline_free_sample
2026-09-17,2026-09-17 17:10:00+00:00,Drew Rasmussen,7.5,under,100,prizepicks,212851,Tampa Bay Rays,Athletics,2026-09-17T01:39:18.358613+00:00,2026-09-17T21:36:49.175811+00:00,2026-09-17T17:36:49.175811-04:00,2026-09-17T17:36:49.175811-04:00,propline_free_sample
2026-09-17,2026-09-17 17:10:00+00:00,Drew Rasmussen,8.5,under,100,prizepicks,212851,Tampa Bay Rays,Athletics,2026-09-17T01:39:18.358613+00:00,2026-09-17T21:36:49.175811+00:00,2026-09-17T17:36:49.175811-04:00,2026-09-17T17:36:49.175811-04:00,propline_free_sample
2026-09-17,2026-09-17 17:10:00+00:00,Jeffrey Springs,2.5,under,100,prizepicks,212851,Tampa Bay Rays,Athletics,2026-09-17T01:39:18.358613+00:00,2026-09-17T21:36:49.175811+00:00,2026-09-17T17:36:49.175811-04:00,2026-09-17T17:36:49.175811-04:00,propline_free_sample
2026-09-17,2026-09-17 17:10:00+00:00,Drew Rasmussen,4.5,under,100,prizepicks,212851,Tampa Bay Rays,Athletics,2026-09-17T01:39:18.358613+00:00,2026-09-17T21:36:49.175811+00:00,2026-09-17T17:36:49.175811-04:00,2026-09-17T17:36:49.175811-04:00,propline_free_sample
2026-09-17,2026-09-17 17:10:00+00:00,Jeffrey Springs,1.5,over,100,prizepicks,212851,Tampa Bay Rays,Athletics,2026-09-17T01:39:18.358613+00:00,2026-09-17T21:36:49.175811+00:00,2026-09-17T17:36:49.175811-04:00,2026-09-17T17:36:49.175811-04:00,propline_free_sample
2026-09-17,2026-09-17 17:10:00+00:00,Jeffrey Springs,1.5,under,100,prizepicks,212851,Tampa Bay Rays,Athletics,2026-09-17T01:39:18.358613+00:00,2026-09-17T21:36:49.175811+00:00,2026-09-17T17:36:49.175811-04:00,2026-09-17T17:36:49.175811-04:00,propline_free_sample
2026-09-17,2026-09-17 17:10:00+00:00,Drew Rasmussen,3.5,over,100,prizepicks,212851,Tampa Bay Rays,Athletics,2026-09-17T01:39:18.358613+00:00,2026-09-17T21:36:49.175811+00:00,2026-09-17T17:36:49.175811-04:00,2026-09-17T17:36:49.175811-04:00,propline_free_sample
2026-09-17,2026-09-17 17:10:00+00:00,Drew Rasmussen,3.5,under,100,prizepicks,212851,Tampa Bay Rays,Athletics,2026-09-17T01:39:18.358613+00:00,2026-09-17T21:36:49.175811+00:00,2026-09-17T17:36:49.175811-04:00,2026-09-17T17:36:49.175811-04:00,propline_free_sample
2026-09-17,2026-09-17 17:10:00+00:00,Drew Rasmussen,5.5,over,-134,prophetx,212851,Tampa Bay Rays,Athletics,2026-09-17T16:59:50.853694+00:00,2026-09-17T21:36:49.175811+00:00,2026-09-17T17:36:49.175811-04:00,2026-09-17T17:36:49.175811-04:00,propline_free_sample
2026-09-17,2026-09-17 17:10:00+00:00,Drew Rasmussen,5.5,under,121,prophetx,212851,Tampa Bay Rays,Athletics,2026-09-17T16:23:12.638131+00:00,2026-09-17T21:36:49.175811+00:00,2026-09-17T17:36:49.175811-04:00,2026-09-17T17:36:49.175811-04:00,propline_free_sample
2026-09-17,2026-09-17 17:10:00+00:00,Jeffrey Springs,3.5,over,136,prophetx,212851,Tampa Bay Rays,Athletics,2026-09-17T15:18:53.314584+00:00,2026-09-17T21:36:49.175811+00:00,2026-09-17T17:36:49.175811-04:00,2026-09-17T17:36:49.175811-04:00,propline_free_sample
2026-09-17,2026-09-17 17:10:00+00:00,Jeffrey Springs,3.5,under,-152,prophetx,212851,Tampa Bay Rays,Athletics,2026-09-17T16:15:18.985155+00:00,2026-09-17T21:36:49.175811+00:00,2026-09-17T17:36:49.175811-04:00,2026-09-17T17:36:49.175811-04:00,propline_free_sample
2026-09-17,2026-09-17 17:10:00+00:00,Drew Rasmussen,5.5,over,-144,novig,212851,Tampa Bay Rays,Athletics,2026-09-17T16:49:05.841853+00:00,2026-09-17T21:36:49.175811+00:00,2026-09-17T17:36:49.175811-04:00,2026-09-17T17:36:49.175811-04:00,propline_free_sample
2026-09-17,2026-09-17 17:10:00+00:00,Drew Rasmussen,5.5,under,-233,novig,212851,Tampa Bay Rays,Athletics,2026-09-17T17:02:02.868735+00:00,2026-09-17T21:36:49.175811+00:00,2026-09-17T17:36:49.175811-04:00,2026-09-17T17:36:49.175811-04:00,propline_free_sample
2026-09-17,2026-09-17 17:10:00+00:00,Jeffrey Springs,3.5,over,-1329,novig,212851,Tampa Bay Rays,Athletics,2026-09-17T16:59:16.561217+00:00,2026-09-17T21:36:49.175811+00:00,2026-09-17T17:36:49.175811-04:00,2026-09-17T17:36:49.175811-04:00,propline_free_sample
2026-09-17,2026-09-17 17:10:00+00:00,Jeffrey Springs,3.5,under,-147,novig,212851,Tampa Bay Rays,Athletics,2026-09-17T17:09:43.068831+00:00,2026-09-17T21:36:49.175811+00:00,2026-09-17T17:36:49.175811-04:00,2026-09-17T17:36:49.175811-04:00,propline_free_sample
2026-09-17,2026-09-17 17:10:00+00:00,Jeffrey Springs,3.5,over,-1150,polymarket_us,212851,Tampa Bay Rays,Athletics,2026-09-17T14:35:06.532704+00:00,2026-09-17T21:36:49.175811+00:00,2026-09-17T17:36:49.175811-04:00,2026-09-17T17:36:49.175811-04:00,propline_free_sample
2026-09-17,2026-09-17 17:10:00+00:00,Jeffrey Springs,3.5,under,9900,polymarket_us,212851,Tampa Bay Rays,Athletics,2026-09-17T14:35:06.532704+00:00,2026-09-17T21:36:49.175811+00:00,2026-09-17T17:36:49.175811-04:00,2026-09-17T17:36:49.175811-04:00,propline_free_sample
2026-09-17,2026-09-17 17:10:00+00:00,Drew Rasmussen,4.5,over,9900,polymarket_us,212851,Tampa Bay Rays,Athletics,2026-09-17T16:45:08.718519+00:00,2026-09-17T21:36:49.175811+00:00,2026-09-17T17:36:49.175811-04:00,2026-09-17T17:36:49.175811-04:00,propline_free_sample
2026-09-17,2026-09-17 17:10:00+00:00,Drew Rasmussen,4.5,under,-426,polymarket_us,212851,Tampa Bay Rays,Athletics,2026-09-17T17:04:12.362576+00:00,2026-09-17T21:36:49.175811+00:00,2026-09-17T17:36:49.175811-04:00,2026-09-17T17:36:49.175811-04:00,propline_free_sample
2026-09-17,2026-09-17 17:10:00+00:00,Drew Rasmussen,5.5,over,9900,polymarket_us,212851,Tampa Bay Rays,Athletics,2026-09-17T15:57:09.372932+00:00,2026-09-17T21:36:49.175811+00:00,2026-09-17T17:36:49.175811-04:00,2026-09-17T17:36:49.175811-04:00,propline_free_sample
2026-09-17,2026-09-17 17:10:00+00:00,Drew Rasmussen,5.5,under,-1900,polymarket_us,212851,Tampa Bay Rays,Athletics,2026-09-17T16:32:03.395348+00:00,2026-09-17T21:36:49.175811+00:00,2026-09-17T17:36:49.175811-04:00,2026-09-17T17:36:49.175811-04:00,propline_free_sample
2026-09-17,2026-09-17 17:10:00+00:00,Jeffrey Springs,6.5,over,9900,polymarket_us,212851,Tampa Bay Rays,Athletics,2026-09-17T10:58:46.005335+00:00,2026-09-17T21:36:49.175811+00:00,2026-09-17T17:36:49.175811-04:00,2026-09-17T17:36:49.175811-04:00,propline_free_sample
2026-09-17,2026-09-17 17:10:00+00:00,Drew Rasmussen,5.5,over,-143,draftkings,212851,Tampa Bay Rays,Athletics,2026-09-17T16:33:29.327942+00:00,2026-09-17T21:36:49.175811+00:00,2026-09-17T17:36:49.175811-04:00,2026-09-17T17:36:49.175811-04:00,propline_free_sample
2026-09-17,2026-09-17 17:10:00+00:00,Drew Rasmussen,5.5,under,112,draftkings,212851,Tampa Bay Rays,Athletics,2026-09-17T16:33:29.327942+00:00,2026-09-17T21:36:49.175811+00:00,2026-09-17T17:36:49.175811-04:00,2026-09-17T17:36:49.175811-04:00,propline_free_sample
2026-09-17,2026-09-17 17:10:00+00:00,Jeffrey Springs,3.5,over,116,draftkings,212851,Tampa Bay Rays,Athletics,2026-09-17T16:41:20.796442+00:00,2026-09-17T21:36:49.175811+00:00,2026-09-17T17:36:49.175811-04:00,2026-09-17T17:36:49.175811-04:00,propline_free_sample
2026-09-17,2026-09-17 17:10:00+00:00,Jeffrey Springs,3.5,under,-148,draftkings,212851,Tampa Bay Rays,Athletics,2026-09-17T16:41:20.796442+00:00,2026-09-17T21:36:49.175811+00:00,2026-09-17T17:36:49.175811-04:00,2026-09-17T17:36:49.175811-04:00,propline_free_sample
2026-09-17,2026-09-17 17:10:00+00:00,Drew Rasmussen,6.5,over,9900,polymarket_us,212851,Tampa Bay Rays,Athletics,2026-09-17T14:35:06.532704+00:00,2026-09-17T21:36:49.175811+00:00,2026-09-17T17:36:49.175811-04:00,2026-09-17T17:36:49.175811-04:00,propline_free_sample
2026-09-17,2026-09-17 17:10:00+00:00,Jeffrey Springs,2.5,over,-194,polymarket_us,212851,Tampa Bay Rays,Athletics,2026-09-17T14:49:07.380240+00:00,2026-09-17T21:36:49.175811+00:00,2026-09-17T17:36:49.175811-04:00,2026-09-17T17:36:49.175811-04:00,propline_free_sample
2026-09-17,2026-09-17 17:10:00+00:00,Jeffrey Springs,2.5,under,9900,polymarket_us,212851,Tampa Bay Rays,Athletics,2026-09-17T14:49:07.380240+00:00,2026-09-17T21:36:49.175811+00:00,2026-09-17T17:36:49.175811-04:00,2026-09-17T17:36:49.175811-04:00,propline_free_sample
2026-09-17,2026-09-17 17:10:00+00:00,Drew Rasmussen,7.5,over,9900,polymarket_us,212851,Tampa Bay Rays,Athletics,2026-09-17T13:09:59.409622+00:00,2026-09-17T21:36:49.175811+00:00,2026-09-17T17:36:49.175811-04:00,2026-09-17T17:36:49.175811-04:00,propline_free_sample
2026-09-17,2026-09-17 17:10:00+00:00,Jeffrey Springs,7.5,over,9900,polymarket_us,212851,Tampa Bay Rays,Athletics,2026-09-17T17:00:05.812329+00:00,2026-09-17T21:36:49.175811+00:00,2026-09-17T17:36:49.175811-04:00,2026-09-17T17:36:49.175811-04:00,propline_free_sample
2026-09-17,2026-09-17 17:10:00+00:00,Jeffrey Springs,1.5,over,-1900,kalshi,212851,Tampa Bay Rays,Athletics,2026-09-17T16:12:58.100508+00:00,2026-09-17T21:36:49.175811+00:00,2026-09-17T17:36:49.175811-04:00,2026-09-17T17:36:49.175811-04:00,propline_free_sample
2026-09-17,2026-09-17 17:10:00+00:00,Jeffrey Springs,2.5,over,-4900,kalshi,212851,Tampa Bay Rays,Athletics,2026-09-17T17:08:18.607278+00:00,2026-09-17T21:36:49.175811+00:00,2026-09-17T17:36:49.175811-04:00,2026-09-17T17:36:49.175811-04:00,propline_free_sample
2026-09-17,2026-09-17 17:10:00+00:00,Jeffrey Springs,3.5,over,-3233,kalshi,212851,Tampa Bay Rays,Athletics,2026-09-17T14:34:06.217365+00:00,2026-09-17T21:36:49.175811+00:00,2026-09-17T17:36:49.175811-04:00,2026-09-17T17:36:49.175811-04:00,propline_free_sample
2026-09-17,2026-09-17 17:10:00+00:00,Jeffrey Springs,3.5,under,9900,kalshi,212851,Tampa Bay Rays,Athletics,2026-09-17T14:34:06.217365+00:00,2026-09-17T21:36:49.175811+00:00,2026-09-17T17:36:49.175811-04:00,2026-09-17T17:36:49.175811-04:00,propline_free_sample
2026-09-17,2026-09-17 17:10:00+00:00,Jeffrey Springs,4.5,over,9900,kalshi,212851,Tampa Bay Rays,Athletics,2026-09-17T03:35:40.443314+00:00,2026-09-17T21:36:49.175811+00:00,2026-09-17T17:36:49.175811-04:00,2026-09-17T17:36:49.175811-04:00,propline_free_sample
2026-09-17,2026-09-17 17:10:00+00:00,Jeffrey Springs,5.5,over,9900,kalshi,212851,Tampa Bay Rays,Athletics,2026-09-17T14:08:12.404189+00:00,2026-09-17T21:36:49.175811+00:00,2026-09-17T17:36:49.175811-04:00,2026-09-17T17:36:49.175811-04:00,propline_free_sample
2026-09-17,2026-09-17 17:10:00+00:00,Jeffrey Springs,6.5,over,9900,kalshi,212851,Tampa Bay Rays,Athletics,2026-09-17T16:58:48.711111+00:00,2026-09-17T21:36:49.175811+00:00,2026-09-17T17:36:49.175811-04:00,2026-09-17T17:36:49.175811-04:00,propline_free_sample
2026-09-17,2026-09-17 17:10:00+00:00,Jeffrey Springs,1.5,under,9900,kalshi,212851,Tampa Bay Rays,Athletics,2026-09-17T17:07:22.455054+00:00,2026-09-17T21:36:49.175811+00:00,2026-09-17T17:36:49.175811-04:00,2026-09-17T17:36:49.175811-04:00,propline_free_sample
2026-09-17,2026-09-17 17:10:00+00:00,Jeffrey Springs,2.5,under,9900,kalshi,212851,Tampa Bay Rays,Athletics,2026-09-17T17:08:18.607278+00:00,2026-09-17T21:36:49.175811+00:00,2026-09-17T17:36:49.175811-04:00,2026-09-17T17:36:49.175811-04:00,propline_free_sample
2026-09-17,2026-09-17 17:10:00+00:00,Jeffrey Springs,4.5,under,-1329,kalshi,212851,Tampa Bay Rays,Athletics,2026-09-17T14:12:15.856484+00:00,2026-09-17T21:36:49.175811+00:00,2026-09-17T17:36:49.175811-04:00,2026-09-17T17:36:49.175811-04:00,propline_free_sample
2026-09-17,2026-09-17 17:10:00+00:00,Jeffrey Springs,5.5,under,-525,kalshi,212851,Tampa Bay Rays,Athletics,2026-09-17T14:12:15.856484+00:00,2026-09-17T21:36:49.175811+00:00,2026-09-17T17:36:49.175811-04:00,2026-09-17T17:36:49.175811-04:00,propline_free_sample
2026-09-17,2026-09-17 17:10:00+00:00,Drew Rasmussen,3.5,over,9900,polymarket_us,212851,Tampa Bay Rays,Athletics,2026-09-17T12:55:49.283281+00:00,2026-09-17T21:36:49.175811+00:00,2026-09-17T17:36:49.175811-04:00,2026-09-17T17:36:49.175811-04:00,propline_free_sample
2026-09-17,2026-09-17 17:10:00+00:00,Drew Rasmussen,3.5,under,-186,polymarket_us,212851,Tampa Bay Rays,Athletics,2026-09-17T12:55:49.283281+00:00,2026-09-17T21:36:49.175811+00:00,2026-09-17T17:36:49.175811-04:00,2026-09-17T17:36:49.175811-04:00,propline_free_sample
2026-09-17,2026-09-17 17:10:00+00:00,Drew Rasmussen,6.5,under,-1900,polymarket_us,212851,Tampa Bay Rays,Athletics,2026-09-17T14:35:06.532704+00:00,2026-09-17T21:36:49.175811+00:00,2026-09-17T17:36:49.175811-04:00,2026-09-17T17:36:49.175811-04:00,propline_free_sample
2026-09-17,2026-09-17 17:10:00+00:00,Jeffrey Springs,1.5,over,-567,polymarket_us,212851,Tampa Bay Rays,Athletics,2026-09-17T16:52:55.441488+00:00,2026-09-17T21:36:49.175811+00:00,2026-09-17T17:36:49.175811-04:00,2026-09-17T17:36:49.175811-04:00,propline_free_sample
2026-09-17,2026-09-17 17:10:00+00:00,Jeffrey Springs,1.5,under,9900,polymarket_us,212851,Tampa Bay Rays,Athletics,2026-09-17T11:20:24.986065+00:00,2026-09-17T21:36:49.175811+00:00,2026-09-17T17:36:49.175811-04:00,2026-09-17T17:36:49.175811-04:00,propline_free_sample
2026-09-17,2026-09-17 17:10:00+00:00,Jeffrey Springs,3.5,over,109,rebet,212851,Tampa Bay Rays,Athletics,2026-09-17T15:35:43.825280+00:00,2026-09-17T21:36:49.175811+00:00,2026-09-17T17:36:49.175811-04:00,2026-09-17T17:36:49.175811-04:00,propline_free_sample
2026-09-17,2026-09-17 17:10:00+00:00,Jeffrey Springs,3.5,under,-152,rebet,212851,Tampa Bay Rays,Athletics,2026-09-17T15:35:43.825280+00:00,2026-09-17T21:36:49.175811+00:00,2026-09-17T17:36:49.175811-04:00,2026-09-17T17:36:49.175811-04:00,propline_free_sample
2026-09-17,2026-09-17 17:10:00+00:00,Drew Rasmussen,5.5,over,-143,rebet,212851,Tampa Bay Rays,Athletics,2026-09-17T15:40:01.290815+00:00,2026-09-17T21:36:49.175811+00:00,2026-09-17T17:36:49.175811-04:00,2026-09-17T17:36:49.175811-04:00,propline_free_sample
2026-09-17,2026-09-17 17:10:00+00:00,Drew Rasmussen,5.5,under,103,rebet,212851,Tampa Bay Rays,Athletics,2026-09-17T15:40:01.290815+00:00,2026-09-17T21:36:49.175811+00:00,2026-09-17T17:36:49.175811-04:00,2026-09-17T17:36:49.175811-04:00,propline_free_sample
2026-09-17,2026-09-17 17:10:00+00:00,Drew Rasmussen,5.5,over,-150,pinnacle,212851,Tampa Bay Rays,Athletics,2026-09-17T16:10:17.496798+00:00,2026-09-17T21:36:49.175811+00:00,2026-09-17T17:36:49.175811-04:00,2026-09-17T17:36:49.175811-04:00,propline_free_sample
2026-09-17,2026-09-17 17:10:00+00:00,Drew Rasmussen,5.5,under,113,pinnacle,212851,Tampa Bay Rays,Athletics,2026-09-17T16:10:17.496798+00:00,2026-09-17T21:36:49.175811+00:00,2026-09-17T17:36:49.175811-04:00,2026-09-17T17:36:49.175811-04:00,propline_free_sample
2026-09-17,2026-09-17 17:10:00+00:00,Jeffrey Springs,3.5,over,113,pinnacle,212851,Tampa Bay Rays,Athletics,2026-09-17T16:10:17.496798+00:00,2026-09-17T21:36:49.175811+00:00,2026-09-17T17:36:49.175811-04:00,2026-09-17T17:36:49.175811-04:00,propline_free_sample
2026-09-17,2026-09-17 17:10:00+00:00,Jeffrey Springs,3.5,under,-150,pinnacle,212851,Tampa Bay Rays,Athletics,2026-09-17T16:10:17.496798+00:00,2026-09-17T21:36:49.175811+00:00,2026-09-17T17:36:49.175811-04:00,2026-09-17T17:36:49.175811-04:00,propline_free_sample
2026-09-17,2026-09-17 17:10:00+00:00,Drew Rasmussen,5.5,over,-150,onexbet,212851,Tampa Bay Rays,Athletics,2026-09-17T14:51:22.996843+00:00,2026-09-17T21:36:49.175811+00:00,2026-09-17T17:36:49.175811-04:00,2026-09-17T17:36:49.175811-04:00,propline_free_sample
2026-09-17,2026-09-17 17:10:00+00:00,Jeffrey Springs,3.5,over,115,onexbet,212851,Tampa Bay Rays,Athletics,2026-09-17T14:51:22.996843+00:00,2026-09-17T21:36:49.175811+00:00,2026-09-17T17:36:49.175811-04:00,2026-09-17T17:36:49.175811-04:00,propline_free_sample
2026-09-17,2026-09-17 17:10:00+00:00,Drew Rasmussen,5.5,under,110,onexbet,212851,Tampa Bay Rays,Athletics,2026-09-17T14:51:22.996843+00:00,2026-09-17T21:36:49.175811+00:00,2026-09-17T17:36:49.175811-04:00,2026-09-17T17:36:49.175811-04:00,propline_free_sample
2026-09-17,2026-09-17 17:10:00+00:00,Jeffrey Springs,3.5,under,-155,onexbet,212851,Tampa Bay Rays,Athletics,2026-09-17T14:51:22.996843+00:00,2026-09-17T21:36:49.175811+00:00,2026-09-17T17:36:49.175811-04:00,2026-09-17T17:36:49.175811-04:00,propline_free_sample
2026-09-17,2026-09-17 17:10:00+00:00,Jeffrey Springs,6.5,under,-1567,polymarket_us,212851,Tampa Bay Rays,Athletics,2026-09-17T17:04:12.362576+00:00,2026-09-17T21:36:49.175811+00:00,2026-09-17T17:36:49.175811-04:00,2026-09-17T17:36:49.175811-04:00,propline_free_sample
2026-09-17,2026-09-17 17:10:00+00:00,Drew Rasmussen,7.5,under,-614,polymarket_us,212851,Tampa Bay Rays,Athletics,2026-09-17T12:55:49.283281+00:00,2026-09-17T21:36:49.175811+00:00,2026-09-17T17:36:49.175811-04:00,2026-09-17T17:36:49.175811-04:00,propline_free_sample
2026-09-17,2026-09-17 17:10:00+00:00,Drew Rasmussen,5.5,over,-125,betmgm,212851,Tampa Bay Rays,Athletics,2026-09-17T15:35:39.135608+00:00,2026-09-17T21:36:49.175811+00:00,2026-09-17T17:36:49.175811-04:00,2026-09-17T17:36:49.175811-04:00,propline_free_sample
2026-09-17,2026-09-17 17:10:00+00:00,Drew Rasmussen,5.5,under,-105,betmgm,212851,Tampa Bay Rays,Athletics,2026-09-17T15:32:35.168628+00:00,2026-09-17T21:36:49.175811+00:00,2026-09-17T17:36:49.175811-04:00,2026-09-17T17:36:49.175811-04:00,propline_free_sample
2026-09-17,2026-09-17 17:10:00+00:00,Jeffrey Springs,5.5,over,-185,betmgm,212851,Tampa Bay Rays,Athletics,2026-09-17T15:32:35.168628+00:00,2026-09-17T21:36:49.175811+00:00,2026-09-17T17:36:49.175811-04:00,2026-09-17T17:36:49.175811-04:00,propline_free_sample
2026-09-17,2026-09-17 17:10:00+00:00,Jeffrey Springs,5.5,under,135,betmgm,212851,Tampa Bay Rays,Athletics,2026-09-17T15:32:35.168628+00:00,2026-09-17T21:36:49.175811+00:00,2026-09-17T17:36:49.175811-04:00,2026-09-17T17:36:49.175811-04:00,propline_free_sample
2026-09-17,2026-09-17 17:10:00+00:00,Drew Rasmussen,4.5,over,-294,novig,212851,Tampa Bay Rays,Athletics,2026-09-17T16:45:54.778996+00:00,2026-09-17T21:36:49.175811+00:00,2026-09-17T17:36:49.175811-04:00,2026-09-17T17:36:49.175811-04:00,propline_free_sample
2026-09-17,2026-09-17 17:10:00+00:00,Drew Rasmussen,4.5,under,251,novig,212851,Tampa Bay Rays,Athletics,2026-09-17T15:42:39.518969+00:00,2026-09-17T21:36:49.175811+00:00,2026-09-17T17:36:49.175811-04:00,2026-09-17T17:36:49.175811-04:00,propline_free_sample
2026-09-17,2026-09-17 17:10:00+00:00,Drew Rasmussen,6.5,over,150,novig,212851,Tampa Bay Rays,Athletics,2026-09-17T17:08:12.600699+00:00,2026-09-17T21:36:49.175811+00:00,2026-09-17T17:36:49.175811-04:00,2026-09-17T17:36:49.175811-04:00,propline_free_sample
2026-09-17,2026-09-17 17:10:00+00:00,Drew Rasmussen,6.5,under,-770,novig,212851,Tampa Bay Rays,Athletics,2026-09-17T17:09:43.068831+00:00,2026-09-17T21:36:49.175811+00:00,2026-09-17T17:36:49.175811-04:00,2026-09-17T17:36:49.175811-04:00,propline_free_sample
2026-09-17,2026-09-17 17:10:00+00:00,Jeffrey Springs,2.5,over,-182,novig,212851,Tampa Bay Rays,Athletics,2026-09-17T14:24:57.988939+00:00,2026-09-17T21:36:49.175811+00:00,2026-09-17T17:36:49.175811-04:00,2026-09-17T17:36:49.175811-04:00,propline_free_sample
2026-09-17,2026-09-17 17:10:00+00:00,Jeffrey Springs,2.5,under,160,novig,212851,Tampa Bay Rays,Athletics,2026-09-17T16:38:56.088461+00:00,2026-09-17T21:36:49.175811+00:00,2026-09-17T17:36:49.175811-04:00,2026-09-17T17:36:49.175811-04:00,propline_free_sample
2026-09-17,2026-09-17 17:10:00+00:00,Jeffrey Springs,4.5,over,-1329,novig,212851,Tampa Bay Rays,Athletics,2026-09-17T17:09:43.068831+00:00,2026-09-17T21:36:49.175811+00:00,2026-09-17T17:36:49.175811-04:00,2026-09-17T17:36:49.175811-04:00,propline_free_sample
2026-09-17,2026-09-17 17:10:00+00:00,Jeffrey Springs,4.5,under,-365,novig,212851,Tampa Bay Rays,Athletics,2026-09-17T17:09:43.068831+00:00,2026-09-17T21:36:49.175811+00:00,2026-09-17T17:36:49.175811-04:00,2026-09-17T17:36:49.175811-04:00,propline_free_sample
2026-09-17,2026-09-17 17:10:00+00:00,Drew Rasmussen,3.5,over,9900,kalshi,212851,Tampa Bay Rays,Athletics,2026-09-17T16:46:30.555790+00:00,2026-09-17T21:36:49.175811+00:00,2026-09-17T17:36:49.175811-04:00,2026-09-17T17:36:49.175811-04:00,propline_free_sample
2026-09-17,2026-09-17 17:10:00+00:00,Drew Rasmussen,3.5,under,104,kalshi,212851,Tampa Bay Rays,Athletics,2026-09-17T16:58:48.711111+00:00,2026-09-17T21:36:49.175811+00:00,2026-09-17T17:36:49.175811-04:00,2026-09-17T17:36:49.175811-04:00,propline_free_sample
2026-09-17,2026-09-17 17:10:00+00:00,Drew Rasmussen,4.5,over,9900,kalshi,212851,Tampa Bay Rays,Athletics,2026-09-17T16:46:30.555790+00:00,2026-09-17T21:36:49.175811+00:00,2026-09-17T17:36:49.175811-04:00,2026-09-17T17:36:49.175811-04:00,propline_free_sample
2026-09-17,2026-09-17 17:10:00+00:00,Drew Rasmussen,4.5,under,-525,kalshi,212851,Tampa Bay Rays,Athletics,2026-09-17T10:27:13.681726+00:00,2026-09-17T21:36:49.175811+00:00,2026-09-17T17:36:49.175811-04:00,2026-09-17T17:36:49.175811-04:00,propline_free_sample
2026-09-17,2026-09-17 17:10:00+00:00,Drew Rasmussen,5.5,over,9900,kalshi,212851,Tampa Bay Rays,Athletics,2026-09-17T16:43:52.369073+00:00,2026-09-17T21:36:49.175811+00:00,2026-09-17T17:36:49.175811-04:00,2026-09-17T17:36:49.175811-04:00,propline_free_sample
2026-09-17,2026-09-17 17:10:00+00:00,Drew Rasmussen,5.5,under,-567,kalshi,212851,Tampa Bay Rays,Athletics,2026-09-17T16:43:52.369073+00:00,2026-09-17T21:36:49.175811+00:00,2026-09-17T17:36:49.175811-04:00,2026-09-17T17:36:49.175811-04:00,propline_free_sample
2026-09-17,2026-09-17 17:10:00+00:00,Drew Rasmussen,6.5,over,9900,kalshi,212851,Tampa Bay Rays,Athletics,2026-09-17T15:06:25.073695+00:00,2026-09-17T21:36:49.175811+00:00,2026-09-17T17:36:49.175811-04:00,2026-09-17T17:36:49.175811-04:00,propline_free_sample
2026-09-17,2026-09-17 17:10:00+00:00,Drew Rasmussen,6.5,under,-3233,kalshi,212851,Tampa Bay Rays,Athletics,2026-09-17T15:06:25.073695+00:00,2026-09-17T21:36:49.175811+00:00,2026-09-17T17:36:49.175811-04:00,2026-09-17T17:36:49.175811-04:00,propline_free_sample
2026-09-17,2026-09-17 17:10:00+00:00,Drew Rasmussen,7.5,over,9900,kalshi,212851,Tampa Bay Rays,Athletics,2026-09-17T16:58:48.711111+00:00,2026-09-17T21:36:49.175811+00:00,2026-09-17T17:36:49.175811-04:00,2026-09-17T17:36:49.175811-04:00,propline_free_sample
2026-09-17,2026-09-17 17:10:00+00:00,Drew Rasmussen,7.5,under,-9900,kalshi,212851,Tampa Bay Rays,Athletics,2026-09-17T16:12:58.100508+00:00,2026-09-17T21:36:49.175811+00:00,2026-09-17T17:36:49.175811-04:00,2026-09-17T17:36:49.175811-04:00,propline_free_sample
2026-09-17,2026-09-17 17:10:00+00:00,Drew Rasmussen,8.5,over,9900,kalshi,212851,Tampa Bay Rays,Athletics,2026-09-17T16:43:52.369073+00:00,2026-09-17T21:36:49.175811+00:00,2026-09-17T17:36:49.175811-04:00,2026-09-17T17:36:49.175811-04:00,propline_free_sample
2026-09-17,2026-09-17 17:10:00+00:00,Drew Rasmussen,8.5,under,-9900,kalshi,212851,Tampa Bay Rays,Athletics,2026-09-17T16:46:30.555790+00:00,2026-09-17T21:36:49.175811+00:00,2026-09-17T17:36:49.175811-04:00,2026-09-17T17:36:49.175811-04:00,propline_free_sample
2026-09-17,2026-09-17 17:10:00+00:00,Drew Rasmussen,9.5,over,9900,kalshi,212851,Tampa Bay Rays,Athletics,2026-09-17T16:58:48.711111+00:00,2026-09-17T21:36:49.175811+00:00,2026-09-17T17:36:49.175811-04:00,2026-09-17T17:36:49.175811-04:00,propline_free_sample
2026-09-17,2026-09-17 17:10:00+00:00,Drew Rasmussen,2.5,over,-1567,kalshi,212851,Tampa Bay Rays,Athletics,2026-09-17T17:07:22.455054+00:00,2026-09-17T21:36:49.175811+00:00,2026-09-17T17:36:49.175811-04:00,2026-09-17T17:36:49.175811-04:00,propline_free_sample
2026-09-17,2026-09-17 17:10:00+00:00,Drew Rasmussen,2.5,under,9900,kalshi,212851,Tampa Bay Rays,Athletics,2026-09-17T17:07:22.455054+00:00,2026-09-17T21:36:49.175811+00:00,2026-09-17T17:36:49.175811-04:00,2026-09-17T17:36:49.175811-04:00,propline_free_sample
2026-09-17,2026-09-17 17:10:00+00:00,Drew Rasmussen,6.5,over,136,prophetx,212851,Tampa Bay Rays,Athletics,2026-09-17T16:44:19.206931+00:00,2026-09-17T21:36:49.175811+00:00,2026-09-17T17:36:49.175811-04:00,2026-09-17T17:36:49.175811-04:00,propline_free_sample
2026-09-17,2026-09-17 17:10:00+00:00,Drew Rasmussen,6.5,under,-152,prophetx,212851,Tampa Bay Rays,Athletics,2026-09-17T15:56:59.246764+00:00,2026-09-17T21:36:49.175811+00:00,2026-09-17T17:36:49.175811-04:00,2026-09-17T17:36:49.175811-04:00,propline_free_sample
2026-09-17,2026-09-17 17:10:00+00:00,Drew Rasmussen,9.5,under,-9900,kalshi,212851,Tampa Bay Rays,Athletics,2026-09-17T17:07:22.455054+00:00,2026-09-17T21:36:49.175811+00:00,2026-09-17T17:36:49.175811-04:00,2026-09-17T17:36:49.175811-04:00,propline_free_sample
2026-09-17,2026-09-17 17:10:00+00:00,Jeffrey Springs,6.5,under,-1011,kalshi,212851,Tampa Bay Rays,Athletics,2026-09-17T16:12:58.100508+00:00,2026-09-17T21:36:49.175811+00:00,2026-09-17T17:36:49.175811-04:00,2026-09-17T17:36:49.175811-04:00,propline_free_sample
2026-09-17,2026-09-17 17:10:00+00:00,Jeffrey Springs,3.0,over,100,prizepicks,212851,Tampa Bay Rays,Athletics,2026-09-17T12:26:36.106080+00:00,2026-09-17T21:36:49.175811+00:00,2026-09-17T17:36:49.175811-04:00,2026-09-17T17:36:49.175811-04:00,propline_free_sample
2026-09-17,2026-09-17 17:10:00+00:00,Drew Rasmussen (TB),5.5,over,-160,lowvig,212851,Tampa Bay Rays,Athletics,2026-09-17T12:48:42.209574+00:00,2026-09-17T21:36:49.175811+00:00,2026-09-17T17:36:49.175811-04:00,2026-09-17T17:36:49.175811-04:00,propline_free_sample
2026-09-17,2026-09-17 17:10:00+00:00,Drew Rasmussen (TB),5.5,under,120,lowvig,212851,Tampa Bay Rays,Athletics,2026-09-17T12:48:42.209574+00:00,2026-09-17T21:36:49.175811+00:00,2026-09-17T17:36:49.175811-04:00,2026-09-17T17:36:49.175811-04:00,propline_free_sample
2026-09-17,2026-09-17 17:10:00+00:00,Jeffrey Springs,3.0,over,117,prophetx,212851,Tampa Bay Rays,Athletics,2026-09-17T12:51:58.071384+00:00,2026-09-17T21:36:49.175811+00:00,2026-09-17T17:36:49.175811-04:00,2026-09-17T17:36:49.175811-04:00,propline_free_sample
2026-09-17,2026-09-17 17:10:00+00:00,Jeffrey Springs,3.0,under,-138,prophetx,212851,Tampa Bay Rays,Athletics,2026-09-17T12:51:58.071384+00:00,2026-09-17T21:36:49.175811+00:00,2026-09-17T17:36:49.175811-04:00,2026-09-17T17:36:49.175811-04:00,propline_free_sample
2026-09-17,2026-09-17 17:10:00+00:00,Drew Rasmussen (TB),5.5,over,-160,betonlineag,212851,Tampa Bay Rays,Athletics,2026-09-17T12:52:26.337493+00:00,2026-09-17T21:36:49.175811+00:00,2026-09-17T17:36:49.175811-04:00,2026-09-17T17:36:49.175811-04:00,propline_free_sample
2026-09-17,2026-09-17 17:10:00+00:00,Drew Rasmussen (TB),5.5,under,120,betonlineag,212851,Tampa Bay Rays,Athletics,2026-09-17T12:52:26.337493+00:00,2026-09-17T21:36:49.175811+00:00,2026-09-17T17:36:49.175811-04:00,2026-09-17T17:36:49.175811-04:00,propline_free_sample
2026-09-17,2026-09-17 17:10:00+00:00,Drew Rasmussen,11.5,over,4000,hardrock,212851,Tampa Bay Rays,Athletics,,2026-09-17T21:36:49.175811+00:00,2026-09-17T17:36:49.175811-04:00,2026-09-17T17:36:49.175811-04:00,propline_free_sample
2026-09-17,2026-09-17 17:10:00+00:00,Drew Rasmussen,11.5,under,-50000,hardrock,212851,Tampa Bay Rays,Athletics,,2026-09-17T21:36:49.175811+00:00,2026-09-17T17:36:49.175811-04:00,2026-09-17T17:36:49.175811-04:00,propline_free_sample
2026-09-17,2026-09-17 17:10:00+00:00,Jeffrey Springs,8.5,over,2250,hardrock,212851,Tampa Bay Rays,Athletics,,2026-09-17T21:36:49.175811+00:00,2026-09-17T17:36:49.175811-04:00,2026-09-17T17:36:49.175811-04:00,propline_free_sample
2026-09-17,2026-09-17 17:10:00+00:00,Jeffrey Springs,8.5,under,-15000,hardrock,212851,Tampa Bay Rays,Athletics,,2026-09-17T21:36:49.175811+00:00,2026-09-17T17:36:49.175811-04:00,2026-09-17T17:36:49.175811-04:00,propline_free_sample
2026-09-17,2026-09-17 16:40:00+00:00,Brady Singer,1.5,over,-179,underdog,212850,Cincinnati Reds,Los Angeles Dodgers,2026-09-17T15:54:52.244661+00:00,2026-09-17T21:36:49.175811+00:00,2026-09-17T17:36:49.175811-04:00,2026-09-17T17:36:49.175811-04:00,propline_free_sample
2026-09-17,2026-09-17 16:40:00+00:00,Justin Wrobleski,4.5,over,132,underdog,212850,Cincinnati Reds,Los Angeles Dodgers,2026-09-17T15:59:39.161539+00:00,2026-09-17T21:36:49.175811+00:00,2026-09-17T17:36:49.175811-04:00,2026-09-17T17:36:49.175811-04:00,propline_free_sample
2026-09-17,2026-09-17 16:40:00+00:00,Brady Singer,1.5,under,120,underdog,212850,Cincinnati Reds,Los Angeles Dodgers,2026-09-17T15:54:52.244661+00:00,2026-09-17T21:36:49.175811+00:00,2026-09-17T17:36:49.175811-04:00,2026-09-17T17:36:49.175811-04:00,propline_free_sample
2026-09-17,2026-09-17 16:40:00+00:00,Justin Wrobleski,4.5,under,-197,underdog,212850,Cincinnati Reds,Los Angeles Dodgers,2026-09-17T15:59:39.161539+00:00,2026-09-17T21:36:49.175811+00:00,2026-09-17T17:36:49.175811-04:00,2026-09-17T17:36:49.175811-04:00,propline_free_sample
2026-09-17,2026-09-17 16:40:00+00:00,Brady Singer,4.5,over,122,dabble,212850,Cincinnati Reds,Los Angeles Dodgers,2026-09-17T16:30:12.539342+00:00,2026-09-17T21:36:49.175811+00:00,2026-09-17T17:36:49.175811-04:00,2026-09-17T17:36:49.175811-04:00,propline_free_sample
2026-09-17,2026-09-17 16:40:00+00:00,Justin Wrobleski,5.5,over,120,dabble,212850,Cincinnati Reds,Los Angeles Dodgers,2026-09-17T06:13:32.969010+00:00,2026-09-17T21:36:49.175811+00:00,2026-09-17T17:36:49.175811-04:00,2026-09-17T17:36:49.175811-04:00,propline_free_sample
2026-09-17,2026-09-17 16:40:00+00:00,Brady Singer,4.5,under,-120,dabble,212850,Cincinnati Reds,Los Angeles Dodgers,2026-09-17T16:30:12.539342+00:00,2026-09-17T21:36:49.175811+00:00,2026-09-17T17:36:49.175811-04:00,2026-09-17T17:36:49.175811-04:00,propline_free_sample
2026-09-17,2026-09-17 16:40:00+00:00,Justin Wrobleski,5.5,under,-120,dabble,212850,Cincinnati Reds,Los Angeles Dodgers,2026-09-17T06:13:32.969010+00:00,2026-09-17T21:36:49.175811+00:00,2026-09-17T17:36:49.175811-04:00,2026-09-17T17:36:49.175811-04:00,propline_free_sample
2026-09-17,2026-09-17 16:40:00+00:00,Brady Singer,3.5,over,-172,smarkets,212850,Cincinnati Reds,Los Angeles Dodgers,2026-09-17T13:16:04.604232+00:00,2026-09-17T21:36:49.175811+00:00,2026-09-17T17:36:49.175811-04:00,2026-09-17T17:36:49.175811-04:00,propline_free_sample
2026-09-17,2026-09-17 16:40:00+00:00,Brady Singer,3.5,under,122,smarkets,212850,Cincinnati Reds,Los Angeles Dodgers,2026-09-17T13:16:04.604232+00:00,2026-09-17T21:36:49.175811+00:00,2026-09-17T17:36:49.175811-04:00,2026-09-17T17:36:49.175811-04:00,propline_free_sample
2026-09-17,2026-09-17 16:40:00+00:00,Justin Wrobleski,5.5,over,100,smarkets,212850,Cincinnati Reds,Los Angeles Dodgers,2026-09-17T05:43:17.855637+00:00,2026-09-17T21:36:49.175811+00:00,2026-09-17T17:36:49.175811-04:00,2026-09-17T17:36:49.175811-04:00,propline_free_sample
2026-09-17,2026-09-17 16:40:00+00:00,Justin Wrobleski,5.5,under,-141,smarkets,212850,Cincinnati Reds,Los Angeles Dodgers,2026-09-17T05:43:17.855637+00:00,2026-09-17T21:36:49.175811+00:00,2026-09-17T17:36:49.175811-04:00,2026-09-17T17:36:49.175811-04:00,propline_free_sample
2026-09-17,2026-09-17 16:40:00+00:00,Justin Wrobleski,5.5,over,100,prizepicks,212850,Cincinnati Reds,Los Angeles Dodgers,2026-09-17T03:06:48.991379+00:00,2026-09-17T21:36:49.175811+00:00,2026-09-17T17:36:49.175811-04:00,2026-09-17T17:36:49.175811-04:00,propline_free_sample
2026-09-17,2026-09-17 16:40:00+00:00,Justin Wrobleski,5.5,under,100,prizepicks,212850,Cincinnati Reds,Los Angeles Dodgers,2026-09-17T03:06:48.991379+00:00,2026-09-17T21:36:49.175811+00:00,2026-09-17T17:36:49.175811-04:00,2026-09-17T17:36:49.175811-04:00,propline_free_sample
2026-09-17,2026-09-17 16:40:00+00:00,Brady Singer,6.5,over,100,prizepicks,212850,Cincinnati Reds,Los Angeles Dodgers,2026-09-17T03:06:48.991379+00:00,2026-09-17T21:36:49.175811+00:00,2026-09-17T17:36:49.175811-04:00,2026-09-17T17:36:49.175811-04:00,propline_free_sample
2026-09-17,2026-09-17 16:40:00+00:00,Justin Wrobleski,6.5,over,100,prizepicks,212850,Cincinnati Reds,Los Angeles Dodgers,2026-09-17T03:06:48.991379+00:00,2026-09-17T21:36:49.175811+00:00,2026-09-17T17:36:49.175811-04:00,2026-09-17T17:36:49.175811-04:00,propline_free_sample
2026-09-17,2026-09-17 16:40:00+00:00,Brady Singer,3.5,over,100,prizepicks,212850,Cincinnati Reds,Los Angeles Dodgers,2026-09-17T03:06:48.991379+00:00,2026-09-17T21:36:49.175811+00:00,2026-09-17T17:36:49.175811-04:00,2026-09-17T17:36:49.175811-04:00,propline_free_sample
2026-09-17,2026-09-17 16:40:00+00:00,Justin Wrobleski,3.5,over,100,prizepicks,212850,Cincinnati Reds,Los Angeles Dodgers,2026-09-17T03:06:48.991379+00:00,2026-09-17T21:36:49.175811+00:00,2026-09-17T17:36:49.175811-04:00,2026-09-17T17:36:49.175811-04:00,propline_free_sample
2026-09-17,2026-09-17 16:40:00+00:00,Brady Singer,3.5,under,100,prizepicks,212850,Cincinnati Reds,Los Angeles Dodgers,2026-09-17T03:06:48.991379+00:00,2026-09-17T21:36:49.175811+00:00,2026-09-17T17:36:49.175811-04:00,2026-09-17T17:36:49.175811-04:00,propline_free_sample
2026-09-17,2026-09-17 16:40:00+00:00,Brady Singer,0.5,over,-190,fanatics,212850,Cincinnati Reds,Los Angeles Dodgers,2026-09-17T16:28:10.288229+00:00,2026-09-17T21:36:49.175811+00:00,2026-09-17T17:36:49.175811-04:00,2026-09-17T17:36:49.175811-04:00,propline_free_sample
2026-09-17,2026-09-17 16:40:00+00:00,Brady Singer,0.5,under,140,fanatics,212850,Cincinnati Reds,Los Angeles Dodgers,2026-09-17T16:28:10.288229+00:00,2026-09-17T21:36:49.175811+00:00,2026-09-17T17:36:49.175811-04:00,2026-09-17T17:36:49.175811-04:00,propline_free_sample
2026-09-17,2026-09-17 16:40:00+00:00,Brady Singer,4.5,over,119,draftkings,212850,Cincinnati Reds,Los Angeles Dodgers,2026-09-17T15:37:41.160471+00:00,2026-09-17T21:36:49.175811+00:00,2026-09-17T17:36:49.175811-04:00,2026-09-17T17:36:49.175811-04:00,propline_free_sample
2026-09-17,2026-09-17 16:40:00+00:00,Brady Singer,4.5,under,-153,draftkings,212850,Cincinnati Reds,Los Angeles Dodgers,2026-09-17T15:37:41.160471+00:00,2026-09-17T21:36:49.175811+00:00,2026-09-17T17:36:49.175811-04:00,2026-09-17T17:36:49.175811-04:00,propline_free_sample
2026-09-17,2026-09-17 16:40:00+00:00,Justin Wrobleski,3.5,over,-129,draftkings,212850,Cincinnati Reds,Los Angeles Dodgers,2026-09-17T16:24:16.939359+00:00,2026-09-17T21:36:49.175811+00:00,2026-09-17T17:36:49.175811-04:00,2026-09-17T17:36:49.175811-04:00,propline_free_sample
2026-09-17,2026-09-17 16:40:00+00:00,Justin Wrobleski,3.5,under,101,draftkings,212850,Cincinnati Reds,Los Angeles Dodgers,2026-09-17T16:24:16.939359+00:00,2026-09-17T21:36:49.175811+00:00,2026-09-17T17:36:49.175811-04:00,2026-09-17T17:36:49.175811-04:00,propline_free_sample
2026-09-17,2026-09-17 16:40:00+00:00,Brady Singer,5.5,over,100,prizepicks,212850,Cincinnati Reds,Los Angeles Dodgers,2026-09-17T03:27:42.035768+00:00,2026-09-17T21:36:49.175811+00:00,2026-09-17T17:36:49.175811-04:00,2026-09-17T17:36:49.175811-04:00,propline_free_sample
2026-09-17,2026-09-17 16:40:00+00:00,Brady Singer,4.5,over,100,prizepicks,212850,Cincinnati Reds,Los Angeles Dodgers,2026-09-17T03:27:42.035768+00:00,2026-09-17T21:36:49.175811+00:00,2026-09-17T17:36:49.175811-04:00,2026-09-17T17:36:49.175811-04:00,propline_free_sample
2026-09-17,2026-09-17 16:40:00+00:00,Brady Singer,7.5,over,100,prizepicks,212850,Cincinnati Reds,Los Angeles Dodgers,2026-09-17T03:27:42.035768+00:00,2026-09-17T21:36:49.175811+00:00,2026-09-17T17:36:49.175811-04:00,2026-09-17T17:36:49.175811-04:00,propline_free_sample
2026-09-17,2026-09-17 16:40:00+00:00,Justin Wrobleski,7.5,over,100,prizepicks,212850,Cincinnati Reds,Los Angeles Dodgers,2026-09-17T03:27:42.035768+00:00,2026-09-17T21:36:49.175811+00:00,2026-09-17T17:36:49.175811-04:00,2026-09-17T17:36:49.175811-04:00,propline_free_sample
2026-09-17,2026-09-17 16:40:00+00:00,Justin Wrobleski,8.5,over,100,prizepicks,212850,Cincinnati Reds,Los Angeles Dodgers,2026-09-17T03:27:42.035768+00:00,2026-09-17T21:36:49.175811+00:00,2026-09-17T17:36:49.175811-04:00,2026-09-17T17:36:49.175811-04:00,propline_free_sample
2026-09-17,2026-09-17 16:40:00+00:00,Brady Singer,2.5,over,100,prizepicks,212850,Cincinnati Reds,Los Angeles Dodgers,2026-09-17T03:27:42.035768+00:00,2026-09-17T21:36:49.175811+00:00,2026-09-17T17:36:49.175811-04:00,2026-09-17T17:36:49.175811-04:00,propline_free_sample
2026-09-17,2026-09-17 16:40:00+00:00,Justin Wrobleski,4.5,over,100,prizepicks,212850,Cincinnati Reds,Los Angeles Dodgers,2026-09-17T03:27:42.035768+00:00,2026-09-17T21:36:49.175811+00:00,2026-09-17T17:36:49.175811-04:00,2026-09-17T17:36:49.175811-04:00,propline_free_sample
2026-09-17,2026-09-17 16:40:00+00:00,Brady Singer,4.5,over,104,sleeper,212850,Cincinnati Reds,Los Angeles Dodgers,2026-09-17T15:45:00.264604+00:00,2026-09-17T21:36:49.175811+00:00,2026-09-17T17:36:49.175811-04:00,2026-09-17T17:36:49.175811-04:00,propline_free_sample
2026-09-17,2026-09-17 16:40:00+00:00,Brady Singer,4.5,under,-172,sleeper,212850,Cincinnati Reds,Los Angeles Dodgers,2026-09-17T15:20:51.748711+00:00,2026-09-17T21:36:49.175811+00:00,2026-09-17T17:36:49.175811-04:00,2026-09-17T17:36:49.175811-04:00,propline_free_sample
2026-09-17,2026-09-17 16:40:00+00:00,Brady Singer,0.5,over,-450,hardrock,212850,Cincinnati Reds,Los Angeles Dodgers,2026-09-17T15:14:47.285198+00:00,2026-09-17T21:36:49.175811+00:00,2026-09-17T17:36:49.175811-04:00,2026-09-17T17:36:49.175811-04:00,propline_free_sample
2026-09-17,2026-09-17 16:40:00+00:00,Brady Singer,0.5,under,260,hardrock,212850,Cincinnati Reds,Los Angeles Dodgers,2026-09-17T08:47:26.162960+00:00,2026-09-17T21:36:49.175811+00:00,2026-09-17T17:36:49.175811-04:00,2026-09-17T17:36:49.175811-04:00,propline_free_sample
2026-09-17,2026-09-17 16:40:00+00:00,Brady Singer,1.5,over,100,hardrock,212850,Cincinnati Reds,Los Angeles Dodgers,2026-09-17T15:14:47.285198+00:00,2026-09-17T21:36:49.175811+00:00,2026-09-17T17:36:49.175811-04:00,2026-09-17T17:36:49.175811-04:00,propline_free_sample
2026-09-17,2026-09-17 16:40:00+00:00,Brady Singer,1.5,under,-145,hardrock,212850,Cincinnati Reds,Los Angeles Dodgers,2026-09-17T15:14:47.285198+00:00,2026-09-17T21:36:49.175811+00:00,2026-09-17T17:36:49.175811-04:00,2026-09-17T17:36:49.175811-04:00,propline_free_sample
2026-09-17,2026-09-17 16:40:00+00:00,Brady Singer,2.5,over,275,hardrock,212850,Cincinnati Reds,Los Angeles Dodgers,2026-09-17T16:09:21.152591+00:00,2026-09-17T21:36:49.175811+00:00,2026-09-17T17:36:49.175811-04:00,2026-09-17T17:36:49.175811-04:00,propline_free_sample
2026-09-17,2026-09-17 16:40:00+00:00,Brady Singer,2.5,under,-475,hardrock,212850,Cincinnati Reds,Los Angeles Dodgers,2026-09-17T15:14:47.285198+00:00,2026-09-17T21:36:49.175811+00:00,2026-09-17T17:36:49.175811-04:00,2026-09-17T17:36:49.175811-04:00,propline_free_sample
2026-09-17,2026-09-17 16:40:00+00:00,Brady Singer,3.5,over,600,hardrock,212850,Cincinnati Reds,Los Angeles Dodgers,2026-09-17T16:09:21.152591+00:00,2026-09-17T21:36:49.175811+00:00,2026-09-17T17:36:49.175811-04:00,2026-09-17T17:36:49.175811-04:00,propline_free_sample
2026-09-17,2026-09-17 16:40:00+00:00,Brady Singer,3.5,under,-2200,hardrock,212850,Cincinnati Reds,Los Angeles Dodgers,2026-09-17T16:09:21.152591+00:00,2026-09-17T21:36:49.175811+00:00,2026-09-17T17:36:49.175811-04:00,2026-09-17T17:36:49.175811-04:00,propline_free_sample
2026-09-17,2026-09-17 16:40:00+00:00,Brady Singer,4.5,over,1750,hardrock,212850,Cincinnati Reds,Los Angeles Dodgers,2026-09-17T15:14:47.285198+00:00,2026-09-17T21:36:49.175811+00:00,2026-09-17T17:36:49.175811-04:00,2026-09-17T17:36:49.175811-04:00,propline_free_sample
2026-09-17,2026-09-17 16:40:00+00:00,Brady Singer,4.5,under,-10000,hardrock,212850,Cincinnati Reds,Los Angeles Dodgers,2026-09-17T15:14:47.285198+00:00,2026-09-17T21:36:49.175811+00:00,2026-09-17T17:36:49.175811-04:00,2026-09-17T17:36:49.175811-04:00,propline_free_sample
2026-09-17,2026-09-17 16:40:00+00:00,Brady Singer,5.5,over,4000,hardrock,212850,Cincinnati Reds,Los Angeles Dodgers,2026-09-17T15:14:47.285198+00:00,2026-09-17T21:36:49.175811+00:00,2026-09-17T17:36:49.175811-04:00,2026-09-17T17:36:49.175811-04:00,propline_free_sample
2026-09-17,2026-09-17 16:40:00+00:00,Brady Singer,5.5,under,-100000,hardrock,212850,Cincinnati Reds,Los Angeles Dodgers,2026-09-17T15:14:47.285198+00:00,2026-09-17T21:36:49.175811+00:00,2026-09-17T17:36:49.175811-04:00,2026-09-17T17:36:49.175811-04:00,propline_free_sample
2026-09-17,2026-09-17 16:40:00+00:00,Brady Singer,6.5,over,2500,hardrock,212850,Cincinnati Reds,Los Angeles Dodgers,2026-09-17T15:14:47.285198+00:00,2026-09-17T21:36:49.175811+00:00,2026-09-17T17:36:49.175811-04:00,2026-09-17T17:36:49.175811-04:00,propline_free_sample
2026-09-17,2026-09-17 16:40:00+00:00,Brady Singer,6.5,under,-15000,hardrock,212850,Cincinnati Reds,Los Angeles Dodgers,2026-09-17T15:14:47.285198+00:00,2026-09-17T21:36:49.175811+00:00,2026-09-17T17:36:49.175811-04:00,2026-09-17T17:36:49.175811-04:00,propline_free_sample
2026-09-17,2026-09-17 16:40:00+00:00,Brady Singer,7.5,over,1100,hardrock,212850,Cincinnati Reds,Los Angeles Dodgers,2026-09-17T15:14:47.285198+00:00,2026-09-17T21:36:49.175811+00:00,2026-09-17T17:36:49.175811-04:00,2026-09-17T17:36:49.175811-04:00,propline_free_sample
2026-09-17,2026-09-17 16:40:00+00:00,Brady Singer,7.5,under,-4000,hardrock,212850,Cincinnati Reds,Los Angeles Dodgers,2026-09-17T15:14:47.285198+00:00,2026-09-17T21:36:49.175811+00:00,2026-09-17T17:36:49.175811-04:00,2026-09-17T17:36:49.175811-04:00,propline_free_sample
2026-09-17,2026-09-17 16:40:00+00:00,Brady Singer,8.5,over,3000,hardrock,212850,Cincinnati Reds,Los Angeles Dodgers,2026-09-17T15:14:47.285198+00:00,2026-09-17T21:36:49.175811+00:00,2026-09-17T17:36:49.175811-04:00,2026-09-17T17:36:49.175811-04:00,propline_free_sample
2026-09-17,2026-09-17 16:40:00+00:00,Brady Singer,8.5,under,-15000,hardrock,212850,Cincinnati Reds,Los Angeles Dodgers,2026-09-17T14:14:05.776154+00:00,2026-09-17T21:36:49.175811+00:00,2026-09-17T17:36:49.175811-04:00,2026-09-17T17:36:49.175811-04:00,propline_free_sample
2026-09-17,2026-09-17 16:40:00+00:00,Justin Wrobleski,1.5,over,-1400,hardrock,212850,Cincinnati Reds,Los Angeles Dodgers,2026-09-17T16:24:02.524773+00:00,2026-09-17T21:36:49.175811+00:00,2026-09-17T17:36:49.175811-04:00,2026-09-17T17:36:49.175811-04:00,propline_free_sample
2026-09-17,2026-09-17 16:40:00+00:00,Justin Wrobleski,1.5,under,525,hardrock,212850,Cincinnati Reds,Los Angeles Dodgers,2026-09-17T16:24:02.524773+00:00,2026-09-17T21:36:49.175811+00:00,2026-09-17T17:36:49.175811-04:00,2026-09-17T17:36:49.175811-04:00,propline_free_sample
2026-09-17,2026-09-17 16:40:00+00:00,Justin Wrobleski,10.5,over,4000,hardrock,212850,Cincinnati Reds,Los Angeles Dodgers,2026-09-17T07:40:10.774317+00:00,2026-09-17T21:36:49.175811+00:00,2026-09-17T17:36:49.175811-04:00,2026-09-17T17:36:49.175811-04:00,propline_free_sample
2026-09-17,2026-09-17 16:40:00+00:00,Justin Wrobleski,10.5,under,-100000,hardrock,212850,Cincinnati Reds,Los Angeles Dodgers,2026-09-17T12:06:48.670996+00:00,2026-09-17T21:36:49.175811+00:00,2026-09-17T17:36:49.175811-04:00,2026-09-17T17:36:49.175811-04:00,propline_free_sample
2026-09-17,2026-09-17 16:40:00+00:00,Justin Wrobleski,2.5,over,-3000,hardrock,212850,Cincinnati Reds,Los Angeles Dodgers,2026-09-17T16:24:02.524773+00:00,2026-09-17T21:36:49.175811+00:00,2026-09-17T17:36:49.175811-04:00,2026-09-17T17:36:49.175811-04:00,propline_free_sample
2026-09-17,2026-09-17 16:40:00+00:00,Justin Wrobleski,2.5,under,750,hardrock,212850,Cincinnati Reds,Los Angeles Dodgers,2026-09-17T16:24:02.524773+00:00,2026-09-17T21:36:49.175811+00:00,2026-09-17T17:36:49.175811-04:00,2026-09-17T17:36:49.175811-04:00,propline_free_sample
2026-09-17,2026-09-17 16:40:00+00:00,Justin Wrobleski,3.5,over,-475,hardrock,212850,Cincinnati Reds,Los Angeles Dodgers,2026-09-17T16:24:02.524773+00:00,2026-09-17T21:36:49.175811+00:00,2026-09-17T17:36:49.175811-04:00,2026-09-17T17:36:49.175811-04:00,propline_free_sample
2026-09-17,2026-09-17 16:40:00+00:00,Justin Wrobleski,3.5,under,275,hardrock,212850,Cincinnati Reds,Los Angeles Dodgers,2026-09-17T16:24:02.524773+00:00,2026-09-17T21:36:49.175811+00:00,2026-09-17T17:36:49.175811-04:00,2026-09-17T17:36:49.175811-04:00,propline_free_sample
2026-09-17,2026-09-17 16:40:00+00:00,Justin Wrobleski,4.5,over,-145,hardrock,212850,Cincinnati Reds,Los Angeles Dodgers,2026-09-17T16:24:02.524773+00:00,2026-09-17T21:36:49.175811+00:00,2026-09-17T17:36:49.175811-04:00,2026-09-17T17:36:49.175811-04:00,propline_free_sample
2026-09-17,2026-09-17 16:40:00+00:00,Justin Wrobleski,4.5,under,100,hardrock,212850,Cincinnati Reds,Los Angeles Dodgers,2026-09-17T16:24:02.524773+00:00,2026-09-17T21:36:49.175811+00:00,2026-09-17T17:36:49.175811-04:00,2026-09-17T17:36:49.175811-04:00,propline_free_sample
2026-09-17,2026-09-17 16:40:00+00:00,Justin Wrobleski,5.5,over,175,hardrock,212850,Cincinnati Reds,Los Angeles Dodgers,2026-09-17T16:24:02.524773+00:00,2026-09-17T21:36:49.175811+00:00,2026-09-17T17:36:49.175811-04:00,2026-09-17T17:36:49.175811-04:00,propline_free_sample
2026-09-17,2026-09-17 16:40:00+00:00,Justin Wrobleski,5.5,under,-275,hardrock,212850,Cincinnati Reds,Los Angeles Dodgers,2026-09-17T16:24:02.524773+00:00,2026-09-17T21:36:49.175811+00:00,2026-09-17T17:36:49.175811-04:00,2026-09-17T17:36:49.175811-04:00,propline_free_sample
2026-09-17,2026-09-17 16:40:00+00:00,Justin Wrobleski,6.5,over,400,hardrock,212850,Cincinnati Reds,Los Angeles Dodgers,2026-09-17T16:24:02.524773+00:00,2026-09-17T21:36:49.175811+00:00,2026-09-17T17:36:49.175811-04:00,2026-09-17T17:36:49.175811-04:00,propline_free_sample
2026-09-17,2026-09-17 16:40:00+00:00,Justin Wrobleski,6.5,under,-900,hardrock,212850,Cincinnati Reds,Los Angeles Dodgers,2026-09-17T16:24:02.524773+00:00,2026-09-17T21:36:49.175811+00:00,2026-09-17T17:36:49.175811-04:00,2026-09-17T17:36:49.175811-04:00,propline_free_sample
2026-09-17,2026-09-17 16:40:00+00:00,Justin Wrobleski,7.5,over,900,hardrock,212850,Cincinnati Reds,Los Angeles Dodgers,2026-09-17T16:24:02.524773+00:00,2026-09-17T21:36:49.175811+00:00,2026-09-17T17:36:49.175811-04:00,2026-09-17T17:36:49.175811-04:00,propline_free_sample
2026-09-17,2026-09-17 16:40:00+00:00,Justin Wrobleski,7.5,under,-4000,hardrock,212850,Cincinnati Reds,Los Angeles Dodgers,2026-09-17T16:24:02.524773+00:00,2026-09-17T21:36:49.175811+00:00,2026-09-17T17:36:49.175811-04:00,2026-09-17T17:36:49.175811-04:00,propline_free_sample
2026-09-17,2026-09-17 16:40:00+00:00,Justin Wrobleski,8.5,over,3000,hardrock,212850,Cincinnati Reds,Los Angeles Dodgers,2026-09-17T15:57:47.648709+00:00,2026-09-17T21:36:49.175811+00:00,2026-09-17T17:36:49.175811-04:00,2026-09-17T17:36:49.175811-04:00,propline_free_sample
2026-09-17,2026-09-17 16:40:00+00:00,Justin Wrobleski,8.5,under,-20000,hardrock,212850,Cincinnati Reds,Los Angeles Dodgers,2026-09-17T15:40:40.106353+00:00,2026-09-17T21:36:49.175811+00:00,2026-09-17T17:36:49.175811-04:00,2026-09-17T17:36:49.175811-04:00,propline_free_sample
2026-09-17,2026-09-17 16:40:00+00:00,Justin Wrobleski,9.5,over,3000,hardrock,212850,Cincinnati Reds,Los Angeles Dodgers,2026-09-17T13:40:42.010752+00:00,2026-09-17T21:36:49.175811+00:00,2026-09-17T17:36:49.175811-04:00,2026-09-17T17:36:49.175811-04:00,propline_free_sample
2026-09-17,2026-09-17 16:40:00+00:00,Justin Wrobleski,9.5,under,-50000,hardrock,212850,Cincinnati Reds,Los Angeles Dodgers,2026-09-17T13:40:42.010752+00:00,2026-09-17T21:36:49.175811+00:00,2026-09-17T17:36:49.175811-04:00,2026-09-17T17:36:49.175811-04:00,propline_free_sample
2026-09-17,2026-09-17 16:40:00+00:00,Justin Wrobleski,11.5,over,4000,hardrock,212850,Cincinnati Reds,Los Angeles Dodgers,2026-09-17T03:37:13.299497+00:00,2026-09-17T21:36:49.175811+00:00,2026-09-17T17:36:49.175811-04:00,2026-09-17T17:36:49.175811-04:00,propline_free_sample
2026-09-17,2026-09-17 16:40:00+00:00,Justin Wrobleski,11.5,under,-20000,hardrock,212850,Cincinnati Reds,Los Angeles Dodgers,2026-09-17T03:53:01.274841+00:00,2026-09-17T21:36:49.175811+00:00,2026-09-17T17:36:49.175811-04:00,2026-09-17T17:36:49.175811-04:00,propline_free_sample
2026-09-17,2026-09-17 16:40:00+00:00,Brady Singer,3.5,over,-178,fanduel,212850,Cincinnati Reds,Los Angeles Dodgers,2026-09-17T16:39:36.506125+00:00,2026-09-17T21:36:49.175811+00:00,2026-09-17T17:36:49.175811-04:00,2026-09-17T17:36:49.175811-04:00,propline_free_sample
2026-09-17,2026-09-17 16:40:00+00:00,Brady Singer,3.5,under,138,fanduel,212850,Cincinnati Reds,Los Angeles Dodgers,2026-09-17T16:39:36.506125+00:00,2026-09-17T21:36:49.175811+00:00,2026-09-17T17:36:49.175811-04:00,2026-09-17T17:36:49.175811-04:00,propline_free_sample
2026-09-17,2026-09-17 16:40:00+00:00,Brady Singer,3.5,over,-186,prophetx,212850,Cincinnati Reds,Los Angeles Dodgers,2026-09-17T16:31:41.704698+00:00,2026-09-17T21:36:49.175811+00:00,2026-09-17T17:36:49.175811-04:00,2026-09-17T17:36:49.175811-04:00,propline_free_sample
2026-09-17,2026-09-17 16:40:00+00:00,Brady Singer,3.5,under,136,prophetx,212850,Cincinnati Reds,Los Angeles Dodgers,2026-09-17T16:39:28.786709+00:00,2026-09-17T21:36:49.175811+00:00,2026-09-17T17:36:49.175811-04:00,2026-09-17T17:36:49.175811-04:00,propline_free_sample
2026-09-17,2026-09-17 16:40:00+00:00,Brady Singer,5.5,under,100,prizepicks,212850,Cincinnati Reds,Los Angeles Dodgers,2026-09-17T03:43:14.087964+00:00,2026-09-17T21:36:49.175811+00:00,2026-09-17T17:36:49.175811-04:00,2026-09-17T17:36:49.175811-04:00,propline_free_sample
2026-09-17,2026-09-17 16:40:00+00:00,Justin Wrobleski,6.5,under,100,prizepicks,212850,Cincinnati Reds,Los Angeles Dodgers,2026-09-17T03:43:14.087964+00:00,2026-09-17T21:36:49.175811+00:00,2026-09-17T17:36:49.175811-04:00,2026-09-17T17:36:49.175811-04:00,propline_free_sample
2026-09-17,2026-09-17 16:40:00+00:00,Justin Wrobleski,3.5,under,100,prizepicks,212850,Cincinnati Reds,Los Angeles Dodgers,2026-09-17T03:43:14.087964+00:00,2026-09-17T21:36:49.175811+00:00,2026-09-17T17:36:49.175811-04:00,2026-09-17T17:36:49.175811-04:00,propline_free_sample
2026-09-17,2026-09-17 16:40:00+00:00,Brady Singer,4.5,under,100,prizepicks,212850,Cincinnati Reds,Los Angeles Dodgers,2026-09-17T03:43:14.087964+00:00,2026-09-17T21:36:49.175811+00:00,2026-09-17T17:36:49.175811-04:00,2026-09-17T17:36:49.175811-04:00,propline_free_sample
2026-09-17,2026-09-17 16:40:00+00:00,Justin Wrobleski,7.5,under,100,prizepicks,212850,Cincinnati Reds,Los Angeles Dodgers,2026-09-17T03:43:14.087964+00:00,2026-09-17T21:36:49.175811+00:00,2026-09-17T17:36:49.175811-04:00,2026-09-17T17:36:49.175811-04:00,propline_free_sample
2026-09-17,2026-09-17 16:40:00+00:00,Brady Singer,2.5,under,100,prizepicks,212850,Cincinnati Reds,Los Angeles Dodgers,2026-09-17T03:43:14.087964+00:00,2026-09-17T21:36:49.175811+00:00,2026-09-17T17:36:49.175811-04:00,2026-09-17T17:36:49.175811-04:00,propline_free_sample
2026-09-17,2026-09-17 16:40:00+00:00,Justin Wrobleski,4.5,under,100,prizepicks,212850,Cincinnati Reds,Los Angeles Dodgers,2026-09-17T03:43:14.087964+00:00,2026-09-17T21:36:49.175811+00:00,2026-09-17T17:36:49.175811-04:00,2026-09-17T17:36:49.175811-04:00,propline_free_sample
2026-09-17,2026-09-17 16:40:00+00:00,Justin Wrobleski,3.5,over,100,prizepicks,212850,Cincinnati Reds,Los Angeles Dodgers,2026-09-17T15:48:47.011928+00:00,2026-09-17T21:36:49.175811+00:00,2026-09-17T17:36:49.175811-04:00,2026-09-17T17:36:49.175811-04:00,propline_free_sample
2026-09-17,2026-09-17 16:40:00+00:00,Justin Wrobleski,3.5,under,100,prizepicks,212850,Cincinnati Reds,Los Angeles Dodgers,2026-09-17T15:48:47.011928+00:00,2026-09-17T21:36:49.175811+00:00,2026-09-17T17:36:49.175811-04:00,2026-09-17T17:36:49.175811-04:00,propline_free_sample
2026-09-17,2026-09-17 16:40:00+00:00,Justin Wrobleski,9.5,over,100,prizepicks,212850,Cincinnati Reds,Los Angeles Dodgers,2026-09-17T03:43:14.087964+00:00,2026-09-17T21:36:49.175811+00:00,2026-09-17T17:36:49.175811-04:00,2026-09-17T17:36:49.175811-04:00,propline_free_sample
2026-09-17,2026-09-17 16:40:00+00:00,Brady Singer,3.5,over,-167,novig,212850,Cincinnati Reds,Los Angeles Dodgers,2026-09-17T15:13:47.656338+00:00,2026-09-17T21:36:49.175811+00:00,2026-09-17T17:36:49.175811-04:00,2026-09-17T17:36:49.175811-04:00,propline_free_sample
2026-09-17,2026-09-17 16:40:00+00:00,Brady Singer,3.5,under,-213,novig,212850,Cincinnati Reds,Los Angeles Dodgers,2026-09-17T15:56:29.672092+00:00,2026-09-17T21:36:49.175811+00:00,2026-09-17T17:36:49.175811-04:00,2026-09-17T17:36:49.175811-04:00,propline_free_sample
2026-09-17,2026-09-17 16:40:00+00:00,Justin Wrobleski,5.5,over,355,novig,212850,Cincinnati Reds,Los Angeles Dodgers,2026-09-17T15:38:34.352146+00:00,2026-09-17T21:36:49.175811+00:00,2026-09-17T17:36:49.175811-04:00,2026-09-17T17:36:49.175811-04:00,propline_free_sample
2026-09-17,2026-09-17 16:40:00+00:00,Justin Wrobleski,5.5,under,-7592,novig,212850,Cincinnati Reds,Los Angeles Dodgers,2026-09-17T15:32:18.809322+00:00,2026-09-17T21:36:49.175811+00:00,2026-09-17T17:36:49.175811-04:00,2026-09-17T17:36:49.175811-04:00,propline_free_sample
2026-09-17,2026-09-17 16:40:00+00:00,Brady Singer (CIN),2.5,over,-130,bovada,212850,Cincinnati Reds,Los Angeles Dodgers,2026-09-17T16:29:19.540219+00:00,2026-09-17T21:36:49.175811+00:00,2026-09-17T17:36:49.175811-04:00,2026-09-17T17:36:49.175811-04:00,propline_free_sample
2026-09-17,2026-09-17 16:40:00+00:00,Brady Singer (CIN),2.5,under,100,bovada,212850,Cincinnati Reds,Los Angeles Dodgers,2026-09-17T16:29:19.540219+00:00,2026-09-17T21:36:49.175811+00:00,2026-09-17T17:36:49.175811-04:00,2026-09-17T17:36:49.175811-04:00,propline_free_sample
2026-09-17,2026-09-17 16:40:00+00:00,Brady Singer,6.5,under,100,prizepicks,212850,Cincinnati Reds,Los Angeles Dodgers,2026-09-17T03:54:46.431594+00:00,2026-09-17T21:36:49.175811+00:00,2026-09-17T17:36:49.175811-04:00,2026-09-17T17:36:49.175811-04:00,propline_free_sample
2026-09-17,2026-09-17 16:40:00+00:00,Brady Singer,4.5,over,118,prophetx,212850,Cincinnati Reds,Los Angeles Dodgers,2026-09-17T16:39:28.786709+00:00,2026-09-17T21:36:49.175811+00:00,2026-09-17T17:36:49.175811-04:00,2026-09-17T17:36:49.175811-04:00,propline_free_sample
2026-09-17,2026-09-17 16:40:00+00:00,Brady Singer,4.5,under,-134,prophetx,212850,Cincinnati Reds,Los Angeles Dodgers,2026-09-17T16:39:28.786709+00:00,2026-09-17T21:36:49.175811+00:00,2026-09-17T17:36:49.175811-04:00,2026-09-17T17:36:49.175811-04:00,propline_free_sample
2026-09-17,2026-09-17 16:40:00+00:00,Brady Singer,1.5,over,9900,kalshi,212850,Cincinnati Reds,Los Angeles Dodgers,2026-09-17T14:10:01.579546+00:00,2026-09-17T21:36:49.175811+00:00,2026-09-17T17:36:49.175811-04:00,2026-09-17T17:36:49.175811-04:00,propline_free_sample
2026-09-17,2026-09-17 16:40:00+00:00,Brady Singer,2.5,over,9900,kalshi,212850,Cincinnati Reds,Los Angeles Dodgers,2026-09-17T16:32:16.209282+00:00,2026-09-17T21:36:49.175811+00:00,2026-09-17T17:36:49.175811-04:00,2026-09-17T17:36:49.175811-04:00,propline_free_sample
2026-09-17,2026-09-17 16:40:00+00:00,Justin Wrobleski,2.5,over,-567,kalshi,212850,Cincinnati Reds,Los Angeles Dodgers,2026-09-17T16:38:57.995207+00:00,2026-09-17T21:36:49.175811+00:00,2026-09-17T17:36:49.175811-04:00,2026-09-17T17:36:49.175811-04:00,propline_free_sample
2026-09-17,2026-09-17 16:40:00+00:00,Brady Singer,3.5,over,9900,kalshi,212850,Cincinnati Reds,Los Angeles Dodgers,2026-09-17T15:32:55.567564+00:00,2026-09-17T21:36:49.175811+00:00,2026-09-17T17:36:49.175811-04:00,2026-09-17T17:36:49.175811-04:00,propline_free_sample
2026-09-17,2026-09-17 16:40:00+00:00,Justin Wrobleski,3.5,over,9900,kalshi,212850,Cincinnati Reds,Los Angeles Dodgers,2026-09-17T16:38:57.995207+00:00,2026-09-17T21:36:49.175811+00:00,2026-09-17T17:36:49.175811-04:00,2026-09-17T17:36:49.175811-04:00,propline_free_sample
2026-09-17,2026-09-17 16:40:00+00:00,Brady Singer,4.5,over,9900,kalshi,212850,Cincinnati Reds,Los Angeles Dodgers,2026-09-17T16:33:05.556790+00:00,2026-09-17T21:36:49.175811+00:00,2026-09-17T17:36:49.175811-04:00,2026-09-17T17:36:49.175811-04:00,propline_free_sample
2026-09-17,2026-09-17 16:40:00+00:00,Justin Wrobleski,4.5,over,9900,kalshi,212850,Cincinnati Reds,Los Angeles Dodgers,2026-09-17T16:38:57.995207+00:00,2026-09-17T21:36:49.175811+00:00,2026-09-17T17:36:49.175811-04:00,2026-09-17T17:36:49.175811-04:00,propline_free_sample
2026-09-17,2026-09-17 16:40:00+00:00,Brady Singer,5.5,over,9900,kalshi,212850,Cincinnati Reds,Los Angeles Dodgers,2026-09-17T15:19:24.174081+00:00,2026-09-17T21:36:49.175811+00:00,2026-09-17T17:36:49.175811-04:00,2026-09-17T17:36:49.175811-04:00,propline_free_sample
2026-09-17,2026-09-17 16:40:00+00:00,Justin Wrobleski,5.5,over,9900,kalshi,212850,Cincinnati Reds,Los Angeles Dodgers,2026-09-17T16:39:10.707213+00:00,2026-09-17T21:36:49.175811+00:00,2026-09-17T17:36:49.175811-04:00,2026-09-17T17:36:49.175811-04:00,propline_free_sample
2026-09-17,2026-09-17 16:40:00+00:00,Brady Singer,6.5,over,9900,kalshi,212850,Cincinnati Reds,Los Angeles Dodgers,2026-09-17T15:25:20.916543+00:00,2026-09-17T21:36:49.175811+00:00,2026-09-17T17:36:49.175811-04:00,2026-09-17T17:36:49.175811-04:00,propline_free_sample
2026-09-17,2026-09-17 16:40:00+00:00,Justin Wrobleski,6.5,over,9900,kalshi,212850,Cincinnati Reds,Los Angeles Dodgers,2026-09-17T16:33:05.556790+00:00,2026-09-17T21:36:49.175811+00:00,2026-09-17T17:36:49.175811-04:00,2026-09-17T17:36:49.175811-04:00,propline_free_sample
2026-09-17,2026-09-17 16:40:00+00:00,Brady Singer,7.5,over,9900,kalshi,212850,Cincinnati Reds,Los Angeles Dodgers,2026-09-17T16:10:47.959024+00:00,2026-09-17T21:36:49.175811+00:00,2026-09-17T17:36:49.175811-04:00,2026-09-17T17:36:49.175811-04:00,propline_free_sample
2026-09-17,2026-09-17 16:40:00+00:00,Justin Wrobleski,7.5,over,9900,kalshi,212850,Cincinnati Reds,Los Angeles Dodgers,2026-09-17T16:14:14.204647+00:00,2026-09-17T21:36:49.175811+00:00,2026-09-17T17:36:49.175811-04:00,2026-09-17T17:36:49.175811-04:00,propline_free_sample
2026-09-17,2026-09-17 16:40:00+00:00,Justin Wrobleski,8.5,over,9900,kalshi,212850,Cincinnati Reds,Los Angeles Dodgers,2026-09-17T13:26:09.982364+00:00,2026-09-17T21:36:49.175811+00:00,2026-09-17T17:36:49.175811-04:00,2026-09-17T17:36:49.175811-04:00,propline_free_sample
2026-09-17,2026-09-17 16:40:00+00:00,Justin Wrobleski,9.5,over,9900,kalshi,212850,Cincinnati Reds,Los Angeles Dodgers,2026-09-17T15:58:36.224353+00:00,2026-09-17T21:36:49.175811+00:00,2026-09-17T17:36:49.175811-04:00,2026-09-17T17:36:49.175811-04:00,propline_free_sample
2026-09-17,2026-09-17 16:40:00+00:00,Brady Singer,3.5,under,-9900,kalshi,212850,Cincinnati Reds,Los Angeles Dodgers,2026-09-17T15:32:55.567564+00:00,2026-09-17T21:36:49.175811+00:00,2026-09-17T17:36:49.175811-04:00,2026-09-17T17:36:49.175811-04:00,propline_free_sample
2026-09-17,2026-09-17 16:40:00+00:00,Brady Singer,4.5,under,-1900,kalshi,212850,Cincinnati Reds,Los Angeles Dodgers,2026-09-17T16:33:05.556790+00:00,2026-09-17T21:36:49.175811+00:00,2026-09-17T17:36:49.175811-04:00,2026-09-17T17:36:49.175811-04:00,propline_free_sample
2026-09-17,2026-09-17 16:40:00+00:00,Justin Wrobleski,5.5,under,-1150,kalshi,212850,Cincinnati Reds,Los Angeles Dodgers,2026-09-17T16:37:07.022136+00:00,2026-09-17T21:36:49.175811+00:00,2026-09-17T17:36:49.175811-04:00,2026-09-17T17:36:49.175811-04:00,propline_free_sample
2026-09-17,2026-09-17 16:40:00+00:00,Brady Singer,1.5,under,-1150,kalshi,212850,Cincinnati Reds,Los Angeles Dodgers,2026-09-17T15:18:13.756318+00:00,2026-09-17T21:36:49.175811+00:00,2026-09-17T17:36:49.175811-04:00,2026-09-17T17:36:49.175811-04:00,propline_free_sample
2026-09-17,2026-09-17 16:40:00+00:00,Brady Singer,2.5,under,-1150,kalshi,212850,Cincinnati Reds,Los Angeles Dodgers,2026-09-17T16:33:05.556790+00:00,2026-09-17T21:36:49.175811+00:00,2026-09-17T17:36:49.175811-04:00,2026-09-17T17:36:49.175811-04:00,propline_free_sample
2026-09-17,2026-09-17 16:40:00+00:00,Justin Wrobleski,2.5,under,9900,kalshi,212850,Cincinnati Reds,Los Angeles Dodgers,2026-09-17T16:38:57.995207+00:00,2026-09-17T21:36:49.175811+00:00,2026-09-17T17:36:49.175811-04:00,2026-09-17T17:36:49.175811-04:00,propline_free_sample
2026-09-17,2026-09-17 16:40:00+00:00,Justin Wrobleski,3.5,under,104,kalshi,212850,Cincinnati Reds,Los Angeles Dodgers,2026-09-17T16:38:57.995207+00:00,2026-09-17T21:36:49.175811+00:00,2026-09-17T17:36:49.175811-04:00,2026-09-17T17:36:49.175811-04:00,propline_free_sample
2026-09-17,2026-09-17 16:40:00+00:00,Justin Wrobleski,4.5,under,-614,kalshi,212850,Cincinnati Reds,Los Angeles Dodgers,2026-09-17T16:37:07.022136+00:00,2026-09-17T21:36:49.175811+00:00,2026-09-17T17:36:49.175811-04:00,2026-09-17T17:36:49.175811-04:00,propline_free_sample
2026-09-17,2026-09-17 16:40:00+00:00,Brady Singer,5.5,under,-2400,kalshi,212850,Cincinnati Reds,Los Angeles Dodgers,2026-09-17T15:19:24.174081+00:00,2026-09-17T21:36:49.175811+00:00,2026-09-17T17:36:49.175811-04:00,2026-09-17T17:36:49.175811-04:00,propline_free_sample
2026-09-17,2026-09-17 16:40:00+00:00,Brady Singer,6.5,under,-9900,kalshi,212850,Cincinnati Reds,Los Angeles Dodgers,2026-09-17T15:42:29.935056+00:00,2026-09-17T21:36:49.175811+00:00,2026-09-17T17:36:49.175811-04:00,2026-09-17T17:36:49.175811-04:00,propline_free_sample
2026-09-17,2026-09-17 16:40:00+00:00,Justin Wrobleski,6.5,under,-1900,kalshi,212850,Cincinnati Reds,Los Angeles Dodgers,2026-09-17T16:38:57.995207+00:00,2026-09-17T21:36:49.175811+00:00,2026-09-17T17:36:49.175811-04:00,2026-09-17T17:36:49.175811-04:00,propline_free_sample
2026-09-17,2026-09-17 16:40:00+00:00,Justin Wrobleski,7.5,under,-9900,kalshi,212850,Cincinnati Reds,Los Angeles Dodgers,2026-09-17T16:24:58.615535+00:00,2026-09-17T21:36:49.175811+00:00,2026-09-17T17:36:49.175811-04:00,2026-09-17T17:36:49.175811-04:00,propline_free_sample
2026-09-17,2026-09-17 16:40:00+00:00,Justin Wrobleski,8.5,under,-1900,kalshi,212850,Cincinnati Reds,Los Angeles Dodgers,2026-09-17T16:12:58.715981+00:00,2026-09-17T21:36:49.175811+00:00,2026-09-17T17:36:49.175811-04:00,2026-09-17T17:36:49.175811-04:00,propline_free_sample
2026-09-17,2026-09-17 16:40:00+00:00,Justin Wrobleski,8.5,under,100,prizepicks,212850,Cincinnati Reds,Los Angeles Dodgers,2026-09-17T04:05:44.091813+00:00,2026-09-17T21:36:49.175811+00:00,2026-09-17T17:36:49.175811-04:00,2026-09-17T17:36:49.175811-04:00,propline_free_sample
2026-09-17,2026-09-17 16:40:00+00:00,Justin Wrobleski,10.5,over,100,prizepicks,212850,Cincinnati Reds,Los Angeles Dodgers,2026-09-17T04:05:44.091813+00:00,2026-09-17T21:36:49.175811+00:00,2026-09-17T17:36:49.175811-04:00,2026-09-17T17:36:49.175811-04:00,propline_free_sample
2026-09-17,2026-09-17 16:40:00+00:00,Brady Alan Singer,3.5,over,-175,onexbet,212850,Cincinnati Reds,Los Angeles Dodgers,2026-09-17T16:01:20.308577+00:00,2026-09-17T21:36:49.175811+00:00,2026-09-17T17:36:49.175811-04:00,2026-09-17T17:36:49.175811-04:00,propline_free_sample
2026-09-17,2026-09-17 16:40:00+00:00,Justin Wrobleski,3.5,over,-112,onexbet,212850,Cincinnati Reds,Los Angeles Dodgers,2026-09-17T16:01:20.308577+00:00,2026-09-17T21:36:49.175811+00:00,2026-09-17T17:36:49.175811-04:00,2026-09-17T17:36:49.175811-04:00,propline_free_sample
2026-09-17,2026-09-17 16:40:00+00:00,Brady Alan Singer,3.5,under,132,onexbet,212850,Cincinnati Reds,Los Angeles Dodgers,2026-09-17T16:01:20.308577+00:00,2026-09-17T21:36:49.175811+00:00,2026-09-17T17:36:49.175811-04:00,2026-09-17T17:36:49.175811-04:00,propline_free_sample
2026-09-17,2026-09-17 16:40:00+00:00,Justin Wrobleski,3.5,under,-114,onexbet,212850,Cincinnati Reds,Los Angeles Dodgers,2026-09-17T16:01:20.308577+00:00,2026-09-17T21:36:49.175811+00:00,2026-09-17T17:36:49.175811-04:00,2026-09-17T17:36:49.175811-04:00,propline_free_sample
2026-09-17,2026-09-17 16:40:00+00:00,Brady Singer,4.5,over,100,rebet,212850,Cincinnati Reds,Los Angeles Dodgers,2026-09-17T16:08:32.920053+00:00,2026-09-17T21:36:49.175811+00:00,2026-09-17T17:36:49.175811-04:00,2026-09-17T17:36:49.175811-04:00,propline_free_sample
2026-09-17,2026-09-17 16:40:00+00:00,Brady Singer,4.5,under,-138,rebet,212850,Cincinnati Reds,Los Angeles Dodgers,2026-09-17T16:08:32.920053+00:00,2026-09-17T21:36:49.175811+00:00,2026-09-17T17:36:49.175811-04:00,2026-09-17T17:36:49.175811-04:00,propline_free_sample
2026-09-17,2026-09-17 16:40:00+00:00,Brady Singer,7.5,over,9900,polymarket_us,212850,Cincinnati Reds,Los Angeles Dodgers,2026-09-17T16:23:26.382717+00:00,2026-09-17T21:36:49.175811+00:00,2026-09-17T17:36:49.175811-04:00,2026-09-17T17:36:49.175811-04:00,propline_free_sample
2026-09-17,2026-09-17 16:40:00+00:00,Brady Singer,2.5,over,9900,polymarket_us,212850,Cincinnati Reds,Los Angeles Dodgers,2026-09-17T16:35:22.901184+00:00,2026-09-17T21:36:49.175811+00:00,2026-09-17T17:36:49.175811-04:00,2026-09-17T17:36:49.175811-04:00,propline_free_sample
2026-09-17,2026-09-17 16:40:00+00:00,Brady Singer,2.5,under,-376,polymarket_us,212850,Cincinnati Reds,Los Angeles Dodgers,2026-09-17T15:40:16.342656+00:00,2026-09-17T21:36:49.175811+00:00,2026-09-17T17:36:49.175811-04:00,2026-09-17T17:36:49.175811-04:00,propline_free_sample
2026-09-17,2026-09-17 16:40:00+00:00,Brady Singer,3.5,over,9900,polymarket_us,212850,Cincinnati Reds,Los Angeles Dodgers,2026-09-17T15:35:58.702970+00:00,2026-09-17T21:36:49.175811+00:00,2026-09-17T17:36:49.175811-04:00,2026-09-17T17:36:49.175811-04:00,propline_free_sample
2026-09-17,2026-09-17 16:40:00+00:00,Brady Singer,3.5,under,-1329,polymarket_us,212850,Cincinnati Reds,Los Angeles Dodgers,2026-09-17T15:43:21.541026+00:00,2026-09-17T21:36:49.175811+00:00,2026-09-17T17:36:49.175811-04:00,2026-09-17T17:36:49.175811-04:00,propline_free_sample
2026-09-17,2026-09-17 16:40:00+00:00,Justin Wrobleski,5.5,over,300,prophetx,212850,Cincinnati Reds,Los Angeles Dodgers,2026-09-17T16:39:28.786709+00:00,2026-09-17T21:36:49.175811+00:00,2026-09-17T17:36:49.175811-04:00,2026-09-17T17:36:49.175811-04:00,propline_free_sample
2026-09-17,2026-09-17 16:40:00+00:00,Justin Wrobleski,5.5,under,-770,prophetx,212850,Cincinnati Reds,Los Angeles Dodgers,2026-09-17T16:39:28.786709+00:00,2026-09-17T21:36:49.175811+00:00,2026-09-17T17:36:49.175811-04:00,2026-09-17T17:36:49.175811-04:00,propline_free_sample
2026-09-17,2026-09-17 16:40:00+00:00,Justin Wrobleski,3.5,over,9900,polymarket_us,212850,Cincinnati Reds,Los Angeles Dodgers,2026-09-17T16:23:26.382717+00:00,2026-09-17T21:36:49.175811+00:00,2026-09-17T17:36:49.175811-04:00,2026-09-17T17:36:49.175811-04:00,propline_free_sample
2026-09-17,2026-09-17 16:40:00+00:00,Brady Singer,6.5,over,9900,polymarket_us,212850,Cincinnati Reds,Los Angeles Dodgers,2026-09-17T15:04:09.307469+00:00,2026-09-17T21:36:49.175811+00:00,2026-09-17T17:36:49.175811-04:00,2026-09-17T17:36:49.175811-04:00,propline_free_sample
2026-09-17,2026-09-17 16:40:00+00:00,Justin Wrobleski,7.5,over,9900,polymarket_us,212850,Cincinnati Reds,Los Angeles Dodgers,2026-09-17T16:39:37.372534+00:00,2026-09-17T21:36:49.175811+00:00,2026-09-17T17:36:49.175811-04:00,2026-09-17T17:36:49.175811-04:00,propline_free_sample
2026-09-17,2026-09-17 16:40:00+00:00,Brady Singer,1.5,under,-138,polymarket_us,212850,Cincinnati Reds,Los Angeles Dodgers,2026-09-17T15:26:15.376672+00:00,2026-09-17T21:36:49.175811+00:00,2026-09-17T17:36:49.175811-04:00,2026-09-17T17:36:49.175811-04:00,propline_free_sample
2026-09-17,2026-09-17 16:40:00+00:00,Justin Wrobleski,4.5,over,100,smarkets,212850,Cincinnati Reds,Los Angeles Dodgers,2026-09-17T13:31:10.143303+00:00,2026-09-17T21:36:49.175811+00:00,2026-09-17T17:36:49.175811-04:00,2026-09-17T17:36:49.175811-04:00,propline_free_sample
2026-09-17,2026-09-17 16:40:00+00:00,Justin Wrobleski,4.5,under,-164,smarkets,212850,Cincinnati Reds,Los Angeles Dodgers,2026-09-17T13:31:10.143303+00:00,2026-09-17T21:36:49.175811+00:00,2026-09-17T17:36:49.175811-04:00,2026-09-17T17:36:49.175811-04:00,propline_free_sample
2026-09-17,2026-09-17 16:40:00+00:00,Justin Wrobleski,5.5,over,9900,polymarket_us,212850,Cincinnati Reds,Los Angeles Dodgers,2026-09-17T16:27:52.561021+00:00,2026-09-17T21:36:49.175811+00:00,2026-09-17T17:36:49.175811-04:00,2026-09-17T17:36:49.175811-04:00,propline_free_sample
2026-09-17,2026-09-17 16:40:00+00:00,Justin Wrobleski,6.5,over,9900,polymarket_us,212850,Cincinnati Reds,Los Angeles Dodgers,2026-09-17T16:39:37.372534+00:00,2026-09-17T21:36:49.175811+00:00,2026-09-17T17:36:49.175811-04:00,2026-09-17T17:36:49.175811-04:00,propline_free_sample
2026-09-17,2026-09-17 16:40:00+00:00,Justin Wrobleski,3.5,under,-186,polymarket_us,212850,Cincinnati Reds,Los Angeles Dodgers,2026-09-17T16:35:22.901184+00:00,2026-09-17T21:36:49.175811+00:00,2026-09-17T17:36:49.175811-04:00,2026-09-17T17:36:49.175811-04:00,propline_free_sample
2026-09-17,2026-09-17 16:40:00+00:00,Brady Singer,1.5,over,9900,polymarket_us,212850,Cincinnati Reds,Los Angeles Dodgers,2026-09-17T15:26:15.376672+00:00,2026-09-17T21:36:49.175811+00:00,2026-09-17T17:36:49.175811-04:00,2026-09-17T17:36:49.175811-04:00,propline_free_sample
2026-09-17,2026-09-17 16:40:00+00:00,Justin Wrobleski,5.5,under,-1329,polymarket_us,212850,Cincinnati Reds,Los Angeles Dodgers,2026-09-17T16:27:52.561021+00:00,2026-09-17T21:36:49.175811+00:00,2026-09-17T17:36:49.175811-04:00,2026-09-17T17:36:49.175811-04:00,propline_free_sample
2026-09-17,2026-09-17 16:40:00+00:00,Justin Wrobleski,4.5,over,9900,polymarket_us,212850,Cincinnati Reds,Los Angeles Dodgers,2026-09-17T16:08:38.455582+00:00,2026-09-17T21:36:49.175811+00:00,2026-09-17T17:36:49.175811-04:00,2026-09-17T17:36:49.175811-04:00,propline_free_sample
2026-09-17,2026-09-17 16:40:00+00:00,Justin Wrobleski,4.5,under,-300,polymarket_us,212850,Cincinnati Reds,Los Angeles Dodgers,2026-09-17T16:08:38.455582+00:00,2026-09-17T21:36:49.175811+00:00,2026-09-17T17:36:49.175811-04:00,2026-09-17T17:36:49.175811-04:00,propline_free_sample
2026-09-17,2026-09-17 16:40:00+00:00,Justin Wrobleski,7.5,under,-2400,polymarket_us,212850,Cincinnati Reds,Los Angeles Dodgers,2026-09-17T16:15:33.031480+00:00,2026-09-17T21:36:49.175811+00:00,2026-09-17T17:36:49.175811-04:00,2026-09-17T17:36:49.175811-04:00,propline_free_sample
2026-09-17,2026-09-17 16:40:00+00:00,Brady Singer,6.5,under,-809,polymarket_us,212850,Cincinnati Reds,Los Angeles Dodgers,2026-09-17T15:04:09.307469+00:00,2026-09-17T21:36:49.175811+00:00,2026-09-17T17:36:49.175811-04:00,2026-09-17T17:36:49.175811-04:00,propline_free_sample
2026-09-17,2026-09-17 16:40:00+00:00,Justin Wrobleski,6.5,under,-809,polymarket_us,212850,Cincinnati Reds,Los Angeles Dodgers,2026-09-17T16:39:37.372534+00:00,2026-09-17T21:36:49.175811+00:00,2026-09-17T17:36:49.175811-04:00,2026-09-17T17:36:49.175811-04:00,propline_free_sample
2026-09-17,2026-09-17 16:40:00+00:00,Brady Singer,4.5,over,9900,polymarket_us,212850,Cincinnati Reds,Los Angeles Dodgers,2026-09-17T15:22:53.011202+00:00,2026-09-17T21:36:49.175811+00:00,2026-09-17T17:36:49.175811-04:00,2026-09-17T17:36:49.175811-04:00,propline_free_sample
2026-09-17,2026-09-17 16:40:00+00:00,Brady Singer,4.5,under,-1900,polymarket_us,212850,Cincinnati Reds,Los Angeles Dodgers,2026-09-17T15:22:53.011202+00:00,2026-09-17T21:36:49.175811+00:00,2026-09-17T17:36:49.175811-04:00,2026-09-17T17:36:49.175811-04:00,propline_free_sample
2026-09-17,2026-09-17 16:40:00+00:00,Brady Singer,4.5,over,102,smarkets,212850,Cincinnati Reds,Los Angeles Dodgers,2026-09-17T16:31:03.281677+00:00,2026-09-17T21:36:49.175811+00:00,2026-09-17T17:36:49.175811-04:00,2026-09-17T17:36:49.175811-04:00,propline_free_sample
2026-09-17,2026-09-17 16:40:00+00:00,Brady Singer,4.5,under,-143,smarkets,212850,Cincinnati Reds,Los Angeles Dodgers,2026-09-17T16:31:03.281677+00:00,2026-09-17T21:36:49.175811+00:00,2026-09-17T17:36:49.175811-04:00,2026-09-17T17:36:49.175811-04:00,propline_free_sample
2026-09-17,2026-09-17 16:40:00+00:00,Brady Singer,7.5,under,-1900,polymarket_us,212850,Cincinnati Reds,Los Angeles Dodgers,2026-09-17T16:39:37.372534+00:00,2026-09-17T21:36:49.175811+00:00,2026-09-17T17:36:49.175811-04:00,2026-09-17T17:36:49.175811-04:00,propline_free_sample
2026-09-17,2026-09-17 16:40:00+00:00,Justin Wrobleski,2.5,over,100,prizepicks,212850,Cincinnati Reds,Los Angeles Dodgers,2026-09-17T07:35:20.148171+00:00,2026-09-17T21:36:49.175811+00:00,2026-09-17T17:36:49.175811-04:00,2026-09-17T17:36:49.175811-04:00,propline_free_sample
2026-09-17,2026-09-17 16:40:00+00:00,Justin Wrobleski,2.5,under,100,prizepicks,212850,Cincinnati Reds,Los Angeles Dodgers,2026-09-17T07:35:20.148171+00:00,2026-09-17T21:36:49.175811+00:00,2026-09-17T17:36:49.175811-04:00,2026-09-17T17:36:49.175811-04:00,propline_free_sample
2026-09-17,2026-09-17 16:40:00+00:00,Justin Wrobleski,4.5,over,134,prophetx,212850,Cincinnati Reds,Los Angeles Dodgers,2026-09-17T16:35:12.623233+00:00,2026-09-17T21:36:49.175811+00:00,2026-09-17T17:36:49.175811-04:00,2026-09-17T17:36:49.175811-04:00,propline_free_sample
2026-09-17,2026-09-17 16:40:00+00:00,Justin Wrobleski,4.5,under,-225,prophetx,212850,Cincinnati Reds,Los Angeles Dodgers,2026-09-17T16:23:11.219448+00:00,2026-09-17T21:36:49.175811+00:00,2026-09-17T17:36:49.175811-04:00,2026-09-17T17:36:49.175811-04:00,propline_free_sample
2026-09-17,2026-09-17 16:40:00+00:00,Brady Singer,3.5,over,-159,rebet,212850,Cincinnati Reds,Los Angeles Dodgers,2026-09-17T13:04:11.270780+00:00,2026-09-17T21:36:49.175811+00:00,2026-09-17T17:36:49.175811-04:00,2026-09-17T17:36:49.175811-04:00,propline_free_sample
2026-09-17,2026-09-17 16:40:00+00:00,Brady Singer,3.5,under,114,rebet,212850,Cincinnati Reds,Los Angeles Dodgers,2026-09-17T13:04:11.270780+00:00,2026-09-17T21:36:49.175811+00:00,2026-09-17T17:36:49.175811-04:00,2026-09-17T17:36:49.175811-04:00,propline_free_sample
2026-09-17,2026-09-17 16:40:00+00:00,Justin Wrobleski,4.5,over,-127,rebet,212850,Cincinnati Reds,Los Angeles Dodgers,2026-09-17T13:01:13.249483+00:00,2026-09-17T21:36:49.175811+00:00,2026-09-17T17:36:49.175811-04:00,2026-09-17T17:36:49.175811-04:00,propline_free_sample
2026-09-17,2026-09-17 16:40:00+00:00,Justin Wrobleski,4.5,under,-109,rebet,212850,Cincinnati Reds,Los Angeles Dodgers,2026-09-17T13:01:13.249483+00:00,2026-09-17T21:36:49.175811+00:00,2026-09-17T17:36:49.175811-04:00,2026-09-17T17:36:49.175811-04:00,propline_free_sample
2026-09-17,2026-09-17 16:40:00+00:00,Justin Wrobleski,4.5,over,-133,novig,212850,Cincinnati Reds,Los Angeles Dodgers,2026-09-17T16:27:16.255193+00:00,2026-09-17T21:36:49.175811+00:00,2026-09-17T17:36:49.175811-04:00,2026-09-17T17:36:49.175811-04:00,propline_free_sample
2026-09-17,2026-09-17 16:40:00+00:00,Justin Wrobleski,4.5,under,-233,novig,212850,Cincinnati Reds,Los Angeles Dodgers,2026-09-17T16:31:13.078245+00:00,2026-09-17T21:36:49.175811+00:00,2026-09-17T17:36:49.175811-04:00,2026-09-17T17:36:49.175811-04:00,propline_free_sample
2026-09-17,2026-09-17 16:40:00+00:00,Justin Wrobleski,6.5,over,365,novig,212850,Cincinnati Reds,Los Angeles Dodgers,2026-09-17T16:30:28.723561+00:00,2026-09-17T21:36:49.175811+00:00,2026-09-17T17:36:49.175811-04:00,2026-09-17T17:36:49.175811-04:00,propline_free_sample
2026-09-17,2026-09-17 16:40:00+00:00,Justin Wrobleski,6.5,under,-1438,novig,212850,Cincinnati Reds,Los Angeles Dodgers,2026-09-17T16:27:16.255193+00:00,2026-09-17T21:36:49.175811+00:00,2026-09-17T17:36:49.175811-04:00,2026-09-17T17:36:49.175811-04:00,propline_free_sample
2026-09-17,2026-09-17 16:40:00+00:00,Brady Singer,2.5,over,212,novig,212850,Cincinnati Reds,Los Angeles Dodgers,2026-09-17T14:11:59.170039+00:00,2026-09-17T21:36:49.175811+00:00,2026-09-17T17:36:49.175811-04:00,2026-09-17T17:36:49.175811-04:00,propline_free_sample
2026-09-17,2026-09-17 16:40:00+00:00,Brady Singer,2.5,under,-1150,novig,212850,Cincinnati Reds,Los Angeles Dodgers,2026-09-17T16:39:12.531438+00:00,2026-09-17T21:36:49.175811+00:00,2026-09-17T17:36:49.175811-04:00,2026-09-17T17:36:49.175811-04:00,propline_free_sample
2026-09-17,2026-09-17 16:40:00+00:00,Brady Singer,4.5,over,-194,novig,212850,Cincinnati Reds,Los Angeles Dodgers,2026-09-17T16:31:13.078245+00:00,2026-09-17T21:36:49.175811+00:00,2026-09-17T17:36:49.175811-04:00,2026-09-17T17:36:49.175811-04:00,propline_free_sample
2026-09-17,2026-09-17 16:40:00+00:00,Brady Singer,4.5,under,-2400,novig,212850,Cincinnati Reds,Los Angeles Dodgers,2026-09-17T16:34:00.276130+00:00,2026-09-17T21:36:49.175811+00:00,2026-09-17T17:36:49.175811-04:00,2026-09-17T17:36:49.175811-04:00,propline_free_sample
2026-09-17,2026-09-17 16:40:00+00:00,Justin Wrobleski,2.5,over,-1329,polymarket_us,212850,Cincinnati Reds,Los Angeles Dodgers,2026-09-17T15:32:39.766016+00:00,2026-09-17T21:36:49.175811+00:00,2026-09-17T17:36:49.175811-04:00,2026-09-17T17:36:49.175811-04:00,propline_free_sample
2026-09-17,2026-09-17 16:40:00+00:00,Justin Wrobleski,2.5,under,9900,polymarket_us,212850,Cincinnati Reds,Los Angeles Dodgers,2026-09-17T15:19:10.162280+00:00,2026-09-17T21:36:49.175811+00:00,2026-09-17T17:36:49.175811-04:00,2026-09-17T17:36:49.175811-04:00,propline_free_sample
2026-09-17,2026-09-17 16:40:00+00:00,Brady Singer,5.5,over,270,novig,212850,Cincinnati Reds,Los Angeles Dodgers,2026-09-17T15:56:29.672092+00:00,2026-09-17T21:36:49.175811+00:00,2026-09-17T17:36:49.175811-04:00,2026-09-17T17:36:49.175811-04:00,propline_free_sample
2026-09-17,2026-09-17 16:40:00+00:00,Brady Singer,5.5,under,-292,novig,212850,Cincinnati Reds,Los Angeles Dodgers,2026-09-17T15:16:43.577419+00:00,2026-09-17T21:36:49.175811+00:00,2026-09-17T17:36:49.175811-04:00,2026-09-17T17:36:49.175811-04:00,propline_free_sample
2026-09-17,2026-09-17 16:40:00+00:00,Justin Wrobleski,3.5,over,-108,novig,212850,Cincinnati Reds,Los Angeles Dodgers,2026-09-17T16:27:16.255193+00:00,2026-09-17T21:36:49.175811+00:00,2026-09-17T17:36:49.175811-04:00,2026-09-17T17:36:49.175811-04:00,propline_free_sample
2026-09-17,2026-09-17 16:40:00+00:00,Justin Wrobleski,3.5,under,-6567,novig,212850,Cincinnati Reds,Los Angeles Dodgers,2026-09-17T16:38:54.174592+00:00,2026-09-17T21:36:49.175811+00:00,2026-09-17T17:36:49.175811-04:00,2026-09-17T17:36:49.175811-04:00,propline_free_sample
2026-09-17,2026-09-17 16:40:00+00:00,Brady Singer,7.5,under,-9900,kalshi,212850,Cincinnati Reds,Los Angeles Dodgers,2026-09-17T16:21:37.375006+00:00,2026-09-17T21:36:49.175811+00:00,2026-09-17T17:36:49.175811-04:00,2026-09-17T17:36:49.175811-04:00,propline_free_sample
2026-09-17,2026-09-17 16:40:00+00:00,Brady Singer,3.5,over,-105,betmgm,212850,Cincinnati Reds,Los Angeles Dodgers,2026-09-17T15:43:04.929148+00:00,2026-09-17T21:36:49.175811+00:00,2026-09-17T17:36:49.175811-04:00,2026-09-17T17:36:49.175811-04:00,propline_free_sample
2026-09-17,2026-09-17 16:40:00+00:00,Brady Singer,3.5,under,-125,betmgm,212850,Cincinnati Reds,Los Angeles Dodgers,2026-09-17T15:43:04.929148+00:00,2026-09-17T21:36:49.175811+00:00,2026-09-17T17:36:49.175811-04:00,2026-09-17T17:36:49.175811-04:00,propline_free_sample
2026-09-17,2026-09-17 16:40:00+00:00,Brady Singer,4.0,over,100,prizepicks,212850,Cincinnati Reds,Los Angeles Dodgers,2026-09-17T11:19:16.147052+00:00,2026-09-17T21:36:49.175811+00:00,2026-09-17T17:36:49.175811-04:00,2026-09-17T17:36:49.175811-04:00,propline_free_sample
2026-09-17,2026-09-17 16:40:00+00:00,Brady Singer,4.0,under,100,prizepicks,212850,Cincinnati Reds,Los Angeles Dodgers,2026-09-17T11:19:16.147052+00:00,2026-09-17T21:36:49.175811+00:00,2026-09-17T17:36:49.175811-04:00,2026-09-17T17:36:49.175811-04:00,propline_free_sample
2026-09-17,2026-09-17 16:40:00+00:00,Justin Wrobleski,2.5,over,-4067,novig,212850,Cincinnati Reds,Los Angeles Dodgers,2026-09-17T16:36:35.481912+00:00,2026-09-17T21:36:49.175811+00:00,2026-09-17T17:36:49.175811-04:00,2026-09-17T17:36:49.175811-04:00,propline_free_sample
2026-09-17,2026-09-17 16:40:00+00:00,Justin Wrobleski,2.5,under,344,novig,212850,Cincinnati Reds,Los Angeles Dodgers,2026-09-17T16:37:46.760776+00:00,2026-09-17T21:36:49.175811+00:00,2026-09-17T17:36:49.175811-04:00,2026-09-17T17:36:49.175811-04:00,propline_free_sample
2026-09-17,2026-09-17 16:40:00+00:00,Justin Wrobleski,4.5,over,100,prizepicks,212850,Cincinnati Reds,Los Angeles Dodgers,2026-09-17T13:41:50.058348+00:00,2026-09-17T21:36:49.175811+00:00,2026-09-17T17:36:49.175811-04:00,2026-09-17T17:36:49.175811-04:00,propline_free_sample
2026-09-17,2026-09-17 16:40:00+00:00,Justin Wrobleski,4.5,under,100,prizepicks,212850,Cincinnati Reds,Los Angeles Dodgers,2026-09-17T13:41:50.058348+00:00,2026-09-17T21:36:49.175811+00:00,2026-09-17T17:36:49.175811-04:00,2026-09-17T17:36:49.175811-04:00,propline_free_sample
2026-09-17,2026-09-17 16:40:00+00:00,Justin Wrobleski,4.5,over,115,fanatics,212850,Cincinnati Reds,Los Angeles Dodgers,2026-09-17T16:35:11.820246+00:00,2026-09-17T21:36:49.175811+00:00,2026-09-17T17:36:49.175811-04:00,2026-09-17T17:36:49.175811-04:00,propline_free_sample
2026-09-17,2026-09-17 16:40:00+00:00,Justin Wrobleski,4.5,under,-155,fanatics,212850,Cincinnati Reds,Los Angeles Dodgers,2026-09-17T16:35:11.820246+00:00,2026-09-17T21:36:49.175811+00:00,2026-09-17T17:36:49.175811-04:00,2026-09-17T17:36:49.175811-04:00,propline_free_sample
2026-09-17,2026-09-17 16:40:00+00:00,Justin Wrobleski,3.5,over,-140,rebet,212850,Cincinnati Reds,Los Angeles Dodgers,2026-09-17T13:47:55.191603+00:00,2026-09-17T21:36:49.175811+00:00,2026-09-17T17:36:49.175811-04:00,2026-09-17T17:36:49.175811-04:00,propline_free_sample
2026-09-17,2026-09-17 16:40:00+00:00,Justin Wrobleski,3.5,under,101,rebet,212850,Cincinnati Reds,Los Angeles Dodgers,2026-09-17T13:47:55.191603+00:00,2026-09-17T21:36:49.175811+00:00,2026-09-17T17:36:49.175811-04:00,2026-09-17T17:36:49.175811-04:00,propline_free_sample
2026-09-17,2026-09-17 16:40:00+00:00,Justin Wrobleski,0.5,over,-8000,hardrock,212850,Cincinnati Reds,Los Angeles Dodgers,2026-09-17T16:24:02.524773+00:00,2026-09-17T21:36:49.175811+00:00,2026-09-17T17:36:49.175811-04:00,2026-09-17T17:36:49.175811-04:00,propline_free_sample
2026-09-17,2026-09-17 16:40:00+00:00,Justin Wrobleski,0.5,under,2000,hardrock,212850,Cincinnati Reds,Los Angeles Dodgers,2026-09-17T15:47:48.981920+00:00,2026-09-17T21:36:49.175811+00:00,2026-09-17T17:36:49.175811-04:00,2026-09-17T17:36:49.175811-04:00,propline_free_sample
2026-09-17,2026-09-17 16:40:00+00:00,Justin Wrobleski,3.5,over,-114,smarkets,212850,Cincinnati Reds,Los Angeles Dodgers,2026-09-17T16:31:03.281677+00:00,2026-09-17T21:36:49.175811+00:00,2026-09-17T17:36:49.175811-04:00,2026-09-17T17:36:49.175811-04:00,propline_free_sample
2026-09-17,2026-09-17 16:40:00+00:00,Justin Wrobleski,3.5,under,-123,smarkets,212850,Cincinnati Reds,Los Angeles Dodgers,2026-09-17T16:31:03.281677+00:00,2026-09-17T21:36:49.175811+00:00,2026-09-17T17:36:49.175811-04:00,2026-09-17T17:36:49.175811-04:00,propline_free_sample
2026-09-17,2026-09-17 16:40:00+00:00,Brady Singer,4.5,over,103,pinnacle,212850,Cincinnati Reds,Los Angeles Dodgers,2026-09-17T16:13:25.144100+00:00,2026-09-17T21:36:49.175811+00:00,2026-09-17T17:36:49.175811-04:00,2026-09-17T17:36:49.175811-04:00,propline_free_sample
2026-09-17,2026-09-17 16:40:00+00:00,Brady Singer,4.5,under,-136,pinnacle,212850,Cincinnati Reds,Los Angeles Dodgers,2026-09-17T16:13:25.144100+00:00,2026-09-17T21:36:49.175811+00:00,2026-09-17T17:36:49.175811-04:00,2026-09-17T17:36:49.175811-04:00,propline_free_sample
2026-09-17,2026-09-17 16:40:00+00:00,Justin Wrobleski,3.5,over,-121,pinnacle,212850,Cincinnati Reds,Los Angeles Dodgers,2026-09-17T16:29:47.552776+00:00,2026-09-17T21:36:49.175811+00:00,2026-09-17T17:36:49.175811-04:00,2026-09-17T17:36:49.175811-04:00,propline_free_sample
2026-09-17,2026-09-17 16:40:00+00:00,Justin Wrobleski,3.5,under,-109,pinnacle,212850,Cincinnati Reds,Los Angeles Dodgers,2026-09-17T16:29:47.552776+00:00,2026-09-17T21:36:49.175811+00:00,2026-09-17T17:36:49.175811-04:00,2026-09-17T17:36:49.175811-04:00,propline_free_sample
2026-09-17,2026-09-17 16:40:00+00:00,Justin Wrobleski,3.5,over,-120,rebet,212850,Cincinnati Reds,Los Angeles Dodgers,2026-09-17T16:11:56.626210+00:00,2026-09-17T21:36:49.175811+00:00,2026-09-17T17:36:49.175811-04:00,2026-09-17T17:36:49.175811-04:00,propline_free_sample
2026-09-17,2026-09-17 16:40:00+00:00,Justin Wrobleski,3.5,under,-115,rebet,212850,Cincinnati Reds,Los Angeles Dodgers,2026-09-17T16:11:56.626210+00:00,2026-09-17T21:36:49.175811+00:00,2026-09-17T17:36:49.175811-04:00,2026-09-17T17:36:49.175811-04:00,propline_free_sample
2026-09-17,2026-09-17 16:40:00+00:00,Brady Singer,4.5,over,100,rebet,212850,Cincinnati Reds,Los Angeles Dodgers,2026-09-17T15:18:48.735533+00:00,2026-09-17T21:36:49.175811+00:00,2026-09-17T17:36:49.175811-04:00,2026-09-17T17:36:49.175811-04:00,propline_free_sample
2026-09-17,2026-09-17 16:40:00+00:00,Brady Singer,4.5,under,-138,rebet,212850,Cincinnati Reds,Los Angeles Dodgers,2026-09-17T15:18:48.735533+00:00,2026-09-17T21:36:49.175811+00:00,2026-09-17T17:36:49.175811-04:00,2026-09-17T17:36:49.175811-04:00,propline_free_sample
2026-09-17,2026-09-17 16:40:00+00:00,Brady Singer,9.5,over,4000,hardrock,212850,Cincinnati Reds,Los Angeles Dodgers,2026-09-17T16:19:59.294607+00:00,2026-09-17T21:36:49.175811+00:00,2026-09-17T17:36:49.175811-04:00,2026-09-17T17:36:49.175811-04:00,propline_free_sample
2026-09-17,2026-09-17 16:40:00+00:00,Brady Singer,9.5,under,-50000,hardrock,212850,Cincinnati Reds,Los Angeles Dodgers,2026-09-17T16:19:59.294607+00:00,2026-09-17T21:36:49.175811+00:00,2026-09-17T17:36:49.175811-04:00,2026-09-17T17:36:49.175811-04:00,propline_free_sample
2026-09-17,2026-09-17 16:40:00+00:00,Justin Wrobleski,3.5,over,-106,prophetx,212850,Cincinnati Reds,Los Angeles Dodgers,2026-09-17T16:08:33.805551+00:00,2026-09-17T21:36:49.175811+00:00,2026-09-17T17:36:49.175811-04:00,2026-09-17T17:36:49.175811-04:00,propline_free_sample
2026-09-17,2026-09-17 16:40:00+00:00,Justin Wrobleski,3.5,under,-112,prophetx,212850,Cincinnati Reds,Los Angeles Dodgers,2026-09-17T16:15:17.916417+00:00,2026-09-17T21:36:49.175811+00:00,2026-09-17T17:36:49.175811-04:00,2026-09-17T17:36:49.175811-04:00,propline_free_sample
2026-09-17,2026-09-17 16:40:00+00:00,Justin Wrobleski (LAD),3.5,over,-205,bovada,212850,Cincinnati Reds,Los Angeles Dodgers,2026-09-17T16:36:52.202661+00:00,2026-09-17T21:36:49.175811+00:00,2026-09-17T17:36:49.175811-04:00,2026-09-17T17:36:49.175811-04:00,propline_free_sample
2026-09-17,2026-09-17 16:40:00+00:00,Justin Wrobleski (LAD),3.5,under,155,bovada,212850,Cincinnati Reds,Los Angeles Dodgers,2026-09-17T16:36:52.202661+00:00,2026-09-17T21:36:49.175811+00:00,2026-09-17T17:36:49.175811-04:00,2026-09-17T17:36:49.175811-04:00,propline_free_sample
2026-09-17,2026-09-17 16:40:00+00:00,Brady Singer (CIN),4.5,over,115,lowvig,212850,Cincinnati Reds,Los Angeles Dodgers,2026-09-17T14:35:13.206937+00:00,2026-09-17T21:36:49.175811+00:00,2026-09-17T17:36:49.175811-04:00,2026-09-17T17:36:49.175811-04:00,propline_free_sample
2026-09-17,2026-09-17 16:40:00+00:00,Brady Singer (CIN),4.5,under,-155,lowvig,212850,Cincinnati Reds,Los Angeles Dodgers,2026-09-17T14:35:13.206937+00:00,2026-09-17T21:36:49.175811+00:00,2026-09-17T17:36:49.175811-04:00,2026-09-17T17:36:49.175811-04:00,propline_free_sample
2026-09-17,2026-09-17 16:40:00+00:00,Justin Wrobleski (LAD),4.5,over,125,lowvig,212850,Cincinnati Reds,Los Angeles Dodgers,2026-09-17T14:35:13.206937+00:00,2026-09-17T21:36:49.175811+00:00,2026-09-17T17:36:49.175811-04:00,2026-09-17T17:36:49.175811-04:00,propline_free_sample
2026-09-17,2026-09-17 16:40:00+00:00,Justin Wrobleski (LAD),4.5,under,-165,lowvig,212850,Cincinnati Reds,Los Angeles Dodgers,2026-09-17T14:35:13.206937+00:00,2026-09-17T21:36:49.175811+00:00,2026-09-17T17:36:49.175811-04:00,2026-09-17T17:36:49.175811-04:00,propline_free_sample
2026-09-17,2026-09-17 16:40:00+00:00,Brady Singer (CIN),4.5,over,115,betonlineag,212850,Cincinnati Reds,Los Angeles Dodgers,2026-09-17T14:39:11.656849+00:00,2026-09-17T21:36:49.175811+00:00,2026-09-17T17:36:49.175811-04:00,2026-09-17T17:36:49.175811-04:00,propline_free_sample
2026-09-17,2026-09-17 16:40:00+00:00,Brady Singer (CIN),4.5,under,-155,betonlineag,212850,Cincinnati Reds,Los Angeles Dodgers,2026-09-17T14:39:11.656849+00:00,2026-09-17T21:36:49.175811+00:00,2026-09-17T17:36:49.175811-04:00,2026-09-17T17:36:49.175811-04:00,propline_free_sample
2026-09-17,2026-09-17 16:40:00+00:00,Justin Wrobleski (LAD),4.5,over,125,betonlineag,212850,Cincinnati Reds,Los Angeles Dodgers,2026-09-17T14:39:11.656849+00:00,2026-09-17T21:36:49.175811+00:00,2026-09-17T17:36:49.175811-04:00,2026-09-17T17:36:49.175811-04:00,propline_free_sample
2026-09-17,2026-09-17 16:40:00+00:00,Justin Wrobleski (LAD),4.5,under,-165,betonlineag,212850,Cincinnati Reds,Los Angeles Dodgers,2026-09-17T14:39:11.656849+00:00,2026-09-17T21:36:49.175811+00:00,2026-09-17T17:36:49.175811-04:00,2026-09-17T17:36:49.175811-04:00,propline_free_sample
2026-09-17,2026-09-17 16:40:00+00:00,Justin Wrobleski,1.5,under,203,polymarket_us,212850,Cincinnati Reds,Los Angeles Dodgers,2026-09-17T16:01:55.645993+00:00,2026-09-17T21:36:49.175811+00:00,2026-09-17T17:36:49.175811-04:00,2026-09-17T17:36:49.175811-04:00,propline_free_sample
2026-09-17,2026-09-17 16:40:00+00:00,Justin Wrobleski,1.5,over,-900,polymarket_us,212850,Cincinnati Reds,Los Angeles Dodgers,2026-09-17T16:12:11.053108+00:00,2026-09-17T21:36:49.175811+00:00,2026-09-17T17:36:49.175811-04:00,2026-09-17T17:36:49.175811-04:00,propline_free_sample
2026-09-17,2026-09-17 16:40:00+00:00,Justin Wrobleski,1.5,over,100,prizepicks,212850,Cincinnati Reds,Los Angeles Dodgers,2026-09-17T15:38:06.392955+00:00,2026-09-17T21:36:49.175811+00:00,2026-09-17T17:36:49.175811-04:00,2026-09-17T17:36:49.175811-04:00,propline_free_sample
2026-09-17,2026-09-17 16:40:00+00:00,Justin Wrobleski,1.5,under,100,prizepicks,212850,Cincinnati Reds,Los Angeles Dodgers,2026-09-17T15:38:06.392955+00:00,2026-09-17T21:36:49.175811+00:00,2026-09-17T17:36:49.175811-04:00,2026-09-17T17:36:49.175811-04:00,propline_free_sample
2026-09-17,2026-09-17 16:40:00+00:00,Brady Singer,4.0,over,107,prophetx,212850,Cincinnati Reds,Los Angeles Dodgers,2026-09-17T15:53:02.091483+00:00,2026-09-17T21:36:49.175811+00:00,2026-09-17T17:36:49.175811-04:00,2026-09-17T17:36:49.175811-04:00,propline_free_sample
2026-09-17,2026-09-17 16:40:00+00:00,Brady Singer,4.0,under,-160,prophetx,212850,Cincinnati Reds,Los Angeles Dodgers,2026-09-17T15:53:02.091483+00:00,2026-09-17T21:36:49.175811+00:00,2026-09-17T17:36:49.175811-04:00,2026-09-17T17:36:49.175811-04:00,propline_free_sample
2026-09-17,2026-09-17 16:40:00+00:00,Justin Wrobleski,9.5,under,-4900,kalshi,212850,Cincinnati Reds,Los Angeles Dodgers,2026-09-17T16:14:14.204647+00:00,2026-09-17T21:36:49.175811+00:00,2026-09-17T17:36:49.175811-04:00,2026-09-17T17:36:49.175811-04:00,propline_free_sample
2026-09-17,2026-09-17 16:35:00+00:00,Kyle Harrison,4.5,over,-105,underdog,212849,Pittsburgh Pirates,Milwaukee Brewers,2026-09-17T16:22:03.285216+00:00,2026-09-17T21:36:49.175811+00:00,2026-09-17T17:36:49.175811-04:00,2026-09-17T17:36:49.175811-04:00,propline_free_sample
2026-09-17,2026-09-17 16:35:00+00:00,Wilber Dotel,2.5,over,-186,underdog,212849,Pittsburgh Pirates,Milwaukee Brewers,2026-09-17T07:42:45.300335+00:00,2026-09-17T21:36:49.175811+00:00,2026-09-17T17:36:49.175811-04:00,2026-09-17T17:36:49.175811-04:00,propline_free_sample
2026-09-17,2026-09-17 16:35:00+00:00,Kyle Harrison,4.5,under,-143,underdog,212849,Pittsburgh Pirates,Milwaukee Brewers,2026-09-17T16:22:03.285216+00:00,2026-09-17T21:36:49.175811+00:00,2026-09-17T17:36:49.175811-04:00,2026-09-17T17:36:49.175811-04:00,propline_free_sample
2026-09-17,2026-09-17 16:35:00+00:00,Wilber Dotel,2.5,under,125,underdog,212849,Pittsburgh Pirates,Milwaukee Brewers,2026-09-17T07:42:45.300335+00:00,2026-09-17T21:36:49.175811+00:00,2026-09-17T17:36:49.175811-04:00,2026-09-17T17:36:49.175811-04:00,propline_free_sample
2026-09-17,2026-09-17 16:35:00+00:00,Kyle Harrison,5.5,over,141,dabble,212849,Pittsburgh Pirates,Milwaukee Brewers,2026-09-17T16:33:56.163853+00:00,2026-09-17T21:36:49.175811+00:00,2026-09-17T17:36:49.175811-04:00,2026-09-17T17:36:49.175811-04:00,propline_free_sample
2026-09-17,2026-09-17 16:35:00+00:00,Wilber Dotel,1.5,over,-109,dabble,212849,Pittsburgh Pirates,Milwaukee Brewers,2026-09-17T15:28:02.034217+00:00,2026-09-17T21:36:49.175811+00:00,2026-09-17T17:36:49.175811-04:00,2026-09-17T17:36:49.175811-04:00,propline_free_sample
2026-09-17,2026-09-17 16:35:00+00:00,Kyle Harrison,5.5,under,-139,dabble,212849,Pittsburgh Pirates,Milwaukee Brewers,2026-09-17T16:33:56.163853+00:00,2026-09-17T21:36:49.175811+00:00,2026-09-17T17:36:49.175811-04:00,2026-09-17T17:36:49.175811-04:00,propline_free_sample
2026-09-17,2026-09-17 16:35:00+00:00,Wilber Dotel,1.5,under,110,dabble,212849,Pittsburgh Pirates,Milwaukee Brewers,2026-09-17T15:28:02.034217+00:00,2026-09-17T21:36:49.175811+00:00,2026-09-17T17:36:49.175811-04:00,2026-09-17T17:36:49.175811-04:00,propline_free_sample
2026-09-17,2026-09-17 16:35:00+00:00,Kyle Harrison,4.5,over,-161,smarkets,212849,Pittsburgh Pirates,Milwaukee Brewers,2026-09-17T15:46:18.355578+00:00,2026-09-17T21:36:49.175811+00:00,2026-09-17T17:36:49.175811-04:00,2026-09-17T17:36:49.175811-04:00,propline_free_sample
2026-09-17,2026-09-17 16:35:00+00:00,Kyle Harrison,4.5,under,114,smarkets,212849,Pittsburgh Pirates,Milwaukee Brewers,2026-09-17T15:46:18.355578+00:00,2026-09-17T21:36:49.175811+00:00,2026-09-17T17:36:49.175811-04:00,2026-09-17T17:36:49.175811-04:00,propline_free_sample
2026-09-17,2026-09-17 16:35:00+00:00,Wilber Dotel,1.5,over,-133,smarkets,212849,Pittsburgh Pirates,Milwaukee Brewers,2026-09-17T15:39:11.264591+00:00,2026-09-17T21:36:49.175811+00:00,2026-09-17T17:36:49.175811-04:00,2026-09-17T17:36:49.175811-04:00,propline_free_sample
2026-09-17,2026-09-17 16:35:00+00:00,Wilber Dotel,1.5,under,-104,smarkets,212849,Pittsburgh Pirates,Milwaukee Brewers,2026-09-17T15:39:11.264591+00:00,2026-09-17T21:36:49.175811+00:00,2026-09-17T17:36:49.175811-04:00,2026-09-17T17:36:49.175811-04:00,propline_free_sample
2026-09-17,2026-09-17 16:35:00+00:00,Wilber Dotel,1.5,over,100,prizepicks,212849,Pittsburgh Pirates,Milwaukee Brewers,2026-09-17T03:00:04.501790+00:00,2026-09-17T21:36:49.175811+00:00,2026-09-17T17:36:49.175811-04:00,2026-09-17T17:36:49.175811-04:00,propline_free_sample
2026-09-17,2026-09-17 16:35:00+00:00,Wilber Dotel,1.5,under,100,prizepicks,212849,Pittsburgh Pirates,Milwaukee Brewers,2026-09-17T03:00:04.501790+00:00,2026-09-17T21:36:49.175811+00:00,2026-09-17T17:36:49.175811-04:00,2026-09-17T17:36:49.175811-04:00,propline_free_sample
2026-09-17,2026-09-17 16:35:00+00:00,Wilber Dotel,3.5,over,100,prizepicks,212849,Pittsburgh Pirates,Milwaukee Brewers,2026-09-17T03:00:04.501790+00:00,2026-09-17T21:36:49.175811+00:00,2026-09-17T17:36:49.175811-04:00,2026-09-17T17:36:49.175811-04:00,propline_free_sample
2026-09-17,2026-09-17 16:35:00+00:00,Kyle Harrison,4.5,over,100,prizepicks,212849,Pittsburgh Pirates,Milwaukee Brewers,2026-09-17T03:00:04.501790+00:00,2026-09-17T21:36:49.175811+00:00,2026-09-17T17:36:49.175811-04:00,2026-09-17T17:36:49.175811-04:00,propline_free_sample
2026-09-17,2026-09-17 16:35:00+00:00,Kyle Harrison,4.5,under,100,prizepicks,212849,Pittsburgh Pirates,Milwaukee Brewers,2026-09-17T03:00:04.501790+00:00,2026-09-17T21:36:49.175811+00:00,2026-09-17T17:36:49.175811-04:00,2026-09-17T17:36:49.175811-04:00,propline_free_sample
2026-09-17,2026-09-17 16:35:00+00:00,Kyle Harrison,6.5,over,100,prizepicks,212849,Pittsburgh Pirates,Milwaukee Brewers,2026-09-17T03:00:04.501790+00:00,2026-09-17T21:36:49.175811+00:00,2026-09-17T17:36:49.175811-04:00,2026-09-17T17:36:49.175811-04:00,propline_free_sample
2026-09-17,2026-09-17 16:35:00+00:00,Kyle Harrison,3.5,over,100,prizepicks,212849,Pittsburgh Pirates,Milwaukee Brewers,2026-09-17T03:00:04.501790+00:00,2026-09-17T21:36:49.175811+00:00,2026-09-17T17:36:49.175811-04:00,2026-09-17T17:36:49.175811-04:00,propline_free_sample
2026-09-17,2026-09-17 16:35:00+00:00,Kyle Harrison,5.0,over,100,prizepicks,212849,Pittsburgh Pirates,Milwaukee Brewers,2026-09-17T12:07:56.533121+00:00,2026-09-17T21:36:49.175811+00:00,2026-09-17T17:36:49.175811-04:00,2026-09-17T17:36:49.175811-04:00,propline_free_sample
2026-09-17,2026-09-17 16:35:00+00:00,Kyle Harrison,5.0,under,100,prizepicks,212849,Pittsburgh Pirates,Milwaukee Brewers,2026-09-17T12:07:56.533121+00:00,2026-09-17T21:36:49.175811+00:00,2026-09-17T17:36:49.175811-04:00,2026-09-17T17:36:49.175811-04:00,propline_free_sample
2026-09-17,2026-09-17 16:35:00+00:00,Kyle Harrison,5.5,over,115,fanatics,212849,Pittsburgh Pirates,Milwaukee Brewers,2026-09-17T16:21:11.226106+00:00,2026-09-17T21:36:49.175811+00:00,2026-09-17T17:36:49.175811-04:00,2026-09-17T17:36:49.175811-04:00,propline_free_sample
2026-09-17,2026-09-17 16:35:00+00:00,Kyle Harrison,5.5,under,-155,fanatics,212849,Pittsburgh Pirates,Milwaukee Brewers,2026-09-17T16:21:11.226106+00:00,2026-09-17T21:36:49.175811+00:00,2026-09-17T17:36:49.175811-04:00,2026-09-17T17:36:49.175811-04:00,propline_free_sample
2026-09-17,2026-09-17 16:35:00+00:00,Kyle Harrison,5.5,over,112,draftkings,212849,Pittsburgh Pirates,Milwaukee Brewers,2026-09-17T16:21:14.023573+00:00,2026-09-17T21:36:49.175811+00:00,2026-09-17T17:36:49.175811-04:00,2026-09-17T17:36:49.175811-04:00,propline_free_sample
2026-09-17,2026-09-17 16:35:00+00:00,Kyle Harrison,5.5,under,-142,draftkings,212849,Pittsburgh Pirates,Milwaukee Brewers,2026-09-17T16:21:14.023573+00:00,2026-09-17T21:36:49.175811+00:00,2026-09-17T17:36:49.175811-04:00,2026-09-17T17:36:49.175811-04:00,propline_free_sample
2026-09-17,2026-09-17 16:35:00+00:00,Wilber Dotel,1.5,over,-131,draftkings,212849,Pittsburgh Pirates,Milwaukee Brewers,2026-09-17T15:09:15.537749+00:00,2026-09-17T21:36:49.175811+00:00,2026-09-17T17:36:49.175811-04:00,2026-09-17T17:36:49.175811-04:00,propline_free_sample
2026-09-17,2026-09-17 16:35:00+00:00,Wilber Dotel,1.5,under,103,draftkings,212849,Pittsburgh Pirates,Milwaukee Brewers,2026-09-17T15:09:15.537749+00:00,2026-09-17T21:36:49.175811+00:00,2026-09-17T17:36:49.175811-04:00,2026-09-17T17:36:49.175811-04:00,propline_free_sample
2026-09-17,2026-09-17 16:35:00+00:00,Kyle Harrison,5.5,over,102,sleeper,212849,Pittsburgh Pirates,Milwaukee Brewers,2026-09-17T16:30:24.557630+00:00,2026-09-17T21:36:49.175811+00:00,2026-09-17T17:36:49.175811-04:00,2026-09-17T17:36:49.175811-04:00,propline_free_sample
2026-09-17,2026-09-17 16:35:00+00:00,Kyle Harrison,5.5,under,-169,sleeper,212849,Pittsburgh Pirates,Milwaukee Brewers,2026-09-17T16:07:27.453569+00:00,2026-09-17T21:36:49.175811+00:00,2026-09-17T17:36:49.175811-04:00,2026-09-17T17:36:49.175811-04:00,propline_free_sample
2026-09-17,2026-09-17 16:35:00+00:00,Kyle Harrison,1.5,over,-8000,hardrock,212849,Pittsburgh Pirates,Milwaukee Brewers,2026-09-17T12:59:14.044824+00:00,2026-09-17T21:36:49.175811+00:00,2026-09-17T17:36:49.175811-04:00,2026-09-17T17:36:49.175811-04:00,propline_free_sample
2026-09-17,2026-09-17 16:35:00+00:00,Kyle Harrison,1.5,under,1750,hardrock,212849,Pittsburgh Pirates,Milwaukee Brewers,2026-09-17T14:31:44.276607+00:00,2026-09-17T21:36:49.175811+00:00,2026-09-17T17:36:49.175811-04:00,2026-09-17T17:36:49.175811-04:00,propline_free_sample
2026-09-17,2026-09-17 16:35:00+00:00,Kyle Harrison,2.5,over,-3000,hardrock,212849,Pittsburgh Pirates,Milwaukee Brewers,2026-09-17T12:59:14.044824+00:00,2026-09-17T21:36:49.175811+00:00,2026-09-17T17:36:49.175811-04:00,2026-09-17T17:36:49.175811-04:00,propline_free_sample
2026-09-17,2026-09-17 16:35:00+00:00,Kyle Harrison,2.5,under,650,hardrock,212849,Pittsburgh Pirates,Milwaukee Brewers,2026-09-17T14:31:44.276607+00:00,2026-09-17T21:36:49.175811+00:00,2026-09-17T17:36:49.175811-04:00,2026-09-17T17:36:49.175811-04:00,propline_free_sample
2026-09-17,2026-09-17 16:35:00+00:00,Kyle Harrison,3.5,over,-600,hardrock,212849,Pittsburgh Pirates,Milwaukee Brewers,2026-09-17T16:20:06.661708+00:00,2026-09-17T21:36:49.175811+00:00,2026-09-17T17:36:49.175811-04:00,2026-09-17T17:36:49.175811-04:00,propline_free_sample
2026-09-17,2026-09-17 16:35:00+00:00,Kyle Harrison,3.5,under,325,hardrock,212849,Pittsburgh Pirates,Milwaukee Brewers,2026-09-17T14:31:44.276607+00:00,2026-09-17T21:36:49.175811+00:00,2026-09-17T17:36:49.175811-04:00,2026-09-17T17:36:49.175811-04:00,propline_free_sample
2026-09-17,2026-09-17 16:35:00+00:00,Kyle Harrison,4.5,over,-210,hardrock,212849,Pittsburgh Pirates,Milwaukee Brewers,2026-09-17T15:19:39.825890+00:00,2026-09-17T21:36:49.175811+00:00,2026-09-17T17:36:49.175811-04:00,2026-09-17T17:36:49.175811-04:00,propline_free_sample
2026-09-17,2026-09-17 16:35:00+00:00,Kyle Harrison,4.5,under,140,hardrock,212849,Pittsburgh Pirates,Milwaukee Brewers,2026-09-17T14:31:44.276607+00:00,2026-09-17T21:36:49.175811+00:00,2026-09-17T17:36:49.175811-04:00,2026-09-17T17:36:49.175811-04:00,propline_free_sample
2026-09-17,2026-09-17 16:35:00+00:00,Kyle Harrison,5.5,over,115,hardrock,212849,Pittsburgh Pirates,Milwaukee Brewers,2026-09-17T14:31:44.276607+00:00,2026-09-17T21:36:49.175811+00:00,2026-09-17T17:36:49.175811-04:00,2026-09-17T17:36:49.175811-04:00,propline_free_sample
2026-09-17,2026-09-17 16:35:00+00:00,Kyle Harrison,5.5,under,-160,hardrock,212849,Pittsburgh Pirates,Milwaukee Brewers,2026-09-17T15:19:39.825890+00:00,2026-09-17T21:36:49.175811+00:00,2026-09-17T17:36:49.175811-04:00,2026-09-17T17:36:49.175811-04:00,propline_free_sample
2026-09-17,2026-09-17 16:35:00+00:00,Kyle Harrison,6.5,over,250,hardrock,212849,Pittsburgh Pirates,Milwaukee Brewers,2026-09-17T16:20:06.661708+00:00,2026-09-17T21:36:49.175811+00:00,2026-09-17T17:36:49.175811-04:00,2026-09-17T17:36:49.175811-04:00,propline_free_sample
2026-09-17,2026-09-17 16:35:00+00:00,Kyle Harrison,6.5,under,-425,hardrock,212849,Pittsburgh Pirates,Milwaukee Brewers,2026-09-17T14:31:44.276607+00:00,2026-09-17T21:36:49.175811+00:00,2026-09-17T17:36:49.175811-04:00,2026-09-17T17:36:49.175811-04:00,propline_free_sample
2026-09-17,2026-09-17 16:35:00+00:00,Kyle Harrison,7.5,over,525,hardrock,212849,Pittsburgh Pirates,Milwaukee Brewers,2026-09-17T14:31:44.276607+00:00,2026-09-17T21:36:49.175811+00:00,2026-09-17T17:36:49.175811-04:00,2026-09-17T17:36:49.175811-04:00,propline_free_sample
2026-09-17,2026-09-17 16:35:00+00:00,Kyle Harrison,7.5,under,-1500,hardrock,212849,Pittsburgh Pirates,Milwaukee Brewers,2026-09-17T16:20:06.661708+00:00,2026-09-17T21:36:49.175811+00:00,2026-09-17T17:36:49.175811-04:00,2026-09-17T17:36:49.175811-04:00,propline_free_sample
2026-09-17,2026-09-17 16:35:00+00:00,Kyle Harrison,8.5,over,1300,hardrock,212849,Pittsburgh Pirates,Milwaukee Brewers,2026-09-17T14:31:44.276607+00:00,2026-09-17T21:36:49.175811+00:00,2026-09-17T17:36:49.175811-04:00,2026-09-17T17:36:49.175811-04:00,propline_free_sample
2026-09-17,2026-09-17 16:35:00+00:00,Kyle Harrison,8.5,under,-7000,hardrock,212849,Pittsburgh Pirates,Milwaukee Brewers,2026-09-17T16:20:06.661708+00:00,2026-09-17T21:36:49.175811+00:00,2026-09-17T17:36:49.175811-04:00,2026-09-17T17:36:49.175811-04:00,propline_free_sample
2026-09-17,2026-09-17 16:35:00+00:00,Kyle Harrison,9.5,over,4000,hardrock,212849,Pittsburgh Pirates,Milwaukee Brewers,2026-09-17T14:31:44.276607+00:00,2026-09-17T21:36:49.175811+00:00,2026-09-17T17:36:49.175811-04:00,2026-09-17T17:36:49.175811-04:00,propline_free_sample
2026-09-17,2026-09-17 16:35:00+00:00,Kyle Harrison,9.5,under,-100000,hardrock,212849,Pittsburgh Pirates,Milwaukee Brewers,2026-09-17T14:52:43.732391+00:00,2026-09-17T21:36:49.175811+00:00,2026-09-17T17:36:49.175811-04:00,2026-09-17T17:36:49.175811-04:00,propline_free_sample
2026-09-17,2026-09-17 16:35:00+00:00,Wilber Dotel,4.5,over,100,prizepicks,212849,Pittsburgh Pirates,Milwaukee Brewers,2026-09-17T03:22:29.687750+00:00,2026-09-17T21:36:49.175811+00:00,2026-09-17T17:36:49.175811-04:00,2026-09-17T17:36:49.175811-04:00,propline_free_sample
2026-09-17,2026-09-17 16:35:00+00:00,Wilber Dotel,2.5,over,100,prizepicks,212849,Pittsburgh Pirates,Milwaukee Brewers,2026-09-17T03:22:29.687750+00:00,2026-09-17T21:36:49.175811+00:00,2026-09-17T17:36:49.175811-04:00,2026-09-17T17:36:49.175811-04:00,propline_free_sample
2026-09-17,2026-09-17 16:35:00+00:00,Kyle Harrison,5.5,over,100,prizepicks,212849,Pittsburgh Pirates,Milwaukee Brewers,2026-09-17T03:22:29.687750+00:00,2026-09-17T21:36:49.175811+00:00,2026-09-17T17:36:49.175811-04:00,2026-09-17T17:36:49.175811-04:00,propline_free_sample
2026-09-17,2026-09-17 16:35:00+00:00,Kyle Harrison,7.5,over,100,prizepicks,212849,Pittsburgh Pirates,Milwaukee Brewers,2026-09-17T03:22:29.687750+00:00,2026-09-17T21:36:49.175811+00:00,2026-09-17T17:36:49.175811-04:00,2026-09-17T17:36:49.175811-04:00,propline_free_sample
2026-09-17,2026-09-17 16:35:00+00:00,Wilber Dotel,0.5,over,100,prizepicks,212849,Pittsburgh Pirates,Milwaukee Brewers,2026-09-17T03:22:29.687750+00:00,2026-09-17T21:36:49.175811+00:00,2026-09-17T17:36:49.175811-04:00,2026-09-17T17:36:49.175811-04:00,propline_free_sample
2026-09-17,2026-09-17 16:35:00+00:00,Kyle Harrison,6.5,under,100,prizepicks,212849,Pittsburgh Pirates,Milwaukee Brewers,2026-09-17T03:24:31.185447+00:00,2026-09-17T21:36:49.175811+00:00,2026-09-17T17:36:49.175811-04:00,2026-09-17T17:36:49.175811-04:00,propline_free_sample
2026-09-17,2026-09-17 16:35:00+00:00,Kyle Harrison,3.5,under,100,prizepicks,212849,Pittsburgh Pirates,Milwaukee Brewers,2026-09-17T03:24:31.185447+00:00,2026-09-17T21:36:49.175811+00:00,2026-09-17T17:36:49.175811-04:00,2026-09-17T17:36:49.175811-04:00,propline_free_sample
2026-09-17,2026-09-17 16:35:00+00:00,Kyle Harrison,5.5,under,100,prizepicks,212849,Pittsburgh Pirates,Milwaukee Brewers,2026-09-17T03:24:31.185447+00:00,2026-09-17T21:36:49.175811+00:00,2026-09-17T17:36:49.175811-04:00,2026-09-17T17:36:49.175811-04:00,propline_free_sample
2026-09-17,2026-09-17 16:35:00+00:00,Kyle Harrison,8.5,over,100,prizepicks,212849,Pittsburgh Pirates,Milwaukee Brewers,2026-09-17T03:24:31.185447+00:00,2026-09-17T21:36:49.175811+00:00,2026-09-17T17:36:49.175811-04:00,2026-09-17T17:36:49.175811-04:00,propline_free_sample
2026-09-17,2026-09-17 16:35:00+00:00,Kyle Harrison,2.5,over,100,prizepicks,212849,Pittsburgh Pirates,Milwaukee Brewers,2026-09-17T03:24:31.185447+00:00,2026-09-17T21:36:49.175811+00:00,2026-09-17T17:36:49.175811-04:00,2026-09-17T17:36:49.175811-04:00,propline_free_sample
2026-09-17,2026-09-17 16:35:00+00:00,Kyle Harrison,2.5,under,100,prizepicks,212849,Pittsburgh Pirates,Milwaukee Brewers,2026-09-17T03:24:31.185447+00:00,2026-09-17T21:36:49.175811+00:00,2026-09-17T17:36:49.175811-04:00,2026-09-17T17:36:49.175811-04:00,propline_free_sample
2026-09-17,2026-09-17 16:35:00+00:00,Wilber Dotel,0.5,over,-525,hardrock,212849,Pittsburgh Pirates,Milwaukee Brewers,2026-09-17T08:16:31.008512+00:00,2026-09-17T21:36:49.175811+00:00,2026-09-17T17:36:49.175811-04:00,2026-09-17T17:36:49.175811-04:00,propline_free_sample
2026-09-17,2026-09-17 16:35:00+00:00,Wilber Dotel,0.5,under,325,hardrock,212849,Pittsburgh Pirates,Milwaukee Brewers,2026-09-17T08:03:12.450344+00:00,2026-09-17T21:36:49.175811+00:00,2026-09-17T17:36:49.175811-04:00,2026-09-17T17:36:49.175811-04:00,propline_free_sample
2026-09-17,2026-09-17 16:35:00+00:00,Wilber Dotel,1.5,over,-130,hardrock,212849,Pittsburgh Pirates,Milwaukee Brewers,2026-09-17T11:53:39.479136+00:00,2026-09-17T21:36:49.175811+00:00,2026-09-17T17:36:49.175811-04:00,2026-09-17T17:36:49.175811-04:00,propline_free_sample
2026-09-17,2026-09-17 16:35:00+00:00,Wilber Dotel,1.5,under,105,hardrock,212849,Pittsburgh Pirates,Milwaukee Brewers,2026-09-17T08:16:31.008512+00:00,2026-09-17T21:36:49.175811+00:00,2026-09-17T17:36:49.175811-04:00,2026-09-17T17:36:49.175811-04:00,propline_free_sample
2026-09-17,2026-09-17 16:35:00+00:00,Wilber Dotel,2.5,over,185,hardrock,212849,Pittsburgh Pirates,Milwaukee Brewers,2026-09-17T11:53:39.479136+00:00,2026-09-17T21:36:49.175811+00:00,2026-09-17T17:36:49.175811-04:00,2026-09-17T17:36:49.175811-04:00,propline_free_sample
2026-09-17,2026-09-17 16:35:00+00:00,Wilber Dotel,2.5,under,-260,hardrock,212849,Pittsburgh Pirates,Milwaukee Brewers,2026-09-17T10:02:17.782678+00:00,2026-09-17T21:36:49.175811+00:00,2026-09-17T17:36:49.175811-04:00,2026-09-17T17:36:49.175811-04:00,propline_free_sample
2026-09-17,2026-09-17 16:35:00+00:00,Wilber Dotel,3.5,over,450,hardrock,212849,Pittsburgh Pirates,Milwaukee Brewers,2026-09-17T08:16:31.008512+00:00,2026-09-17T21:36:49.175811+00:00,2026-09-17T17:36:49.175811-04:00,2026-09-17T17:36:49.175811-04:00,propline_free_sample
2026-09-17,2026-09-17 16:35:00+00:00,Wilber Dotel,3.5,under,-850,hardrock,212849,Pittsburgh Pirates,Milwaukee Brewers,2026-09-17T10:02:17.782678+00:00,2026-09-17T21:36:49.175811+00:00,2026-09-17T17:36:49.175811-04:00,2026-09-17T17:36:49.175811-04:00,propline_free_sample
2026-09-17,2026-09-17 16:35:00+00:00,Wilber Dotel,4.5,over,1000,hardrock,212849,Pittsburgh Pirates,Milwaukee Brewers,2026-09-17T07:37:47.888523+00:00,2026-09-17T21:36:49.175811+00:00,2026-09-17T17:36:49.175811-04:00,2026-09-17T17:36:49.175811-04:00,propline_free_sample
2026-09-17,2026-09-17 16:35:00+00:00,Wilber Dotel,4.5,under,-4000,hardrock,212849,Pittsburgh Pirates,Milwaukee Brewers,2026-09-17T07:37:47.888523+00:00,2026-09-17T21:36:49.175811+00:00,2026-09-17T17:36:49.175811-04:00,2026-09-17T17:36:49.175811-04:00,propline_free_sample
2026-09-17,2026-09-17 16:35:00+00:00,Wilber Dotel,5.5,over,3000,hardrock,212849,Pittsburgh Pirates,Milwaukee Brewers,2026-09-17T03:26:50.714271+00:00,2026-09-17T21:36:49.175811+00:00,2026-09-17T17:36:49.175811-04:00,2026-09-17T17:36:49.175811-04:00,propline_free_sample
2026-09-17,2026-09-17 16:35:00+00:00,Wilber Dotel,5.5,under,-15000,hardrock,212849,Pittsburgh Pirates,Milwaukee Brewers,2026-09-17T03:26:50.714271+00:00,2026-09-17T21:36:49.175811+00:00,2026-09-17T17:36:49.175811-04:00,2026-09-17T17:36:49.175811-04:00,propline_free_sample
2026-09-17,2026-09-17 16:35:00+00:00,Wilber Dotel,3.5,under,100,prizepicks,212849,Pittsburgh Pirates,Milwaukee Brewers,2026-09-17T03:27:41.478733+00:00,2026-09-17T21:36:49.175811+00:00,2026-09-17T17:36:49.175811-04:00,2026-09-17T17:36:49.175811-04:00,propline_free_sample
2026-09-17,2026-09-17 16:35:00+00:00,Wilber Dotel,2.5,under,100,prizepicks,212849,Pittsburgh Pirates,Milwaukee Brewers,2026-09-17T03:27:41.478733+00:00,2026-09-17T21:36:49.175811+00:00,2026-09-17T17:36:49.175811-04:00,2026-09-17T17:36:49.175811-04:00,propline_free_sample
2026-09-17,2026-09-17 16:35:00+00:00,Wilber Dotel,0.5,under,100,prizepicks,212849,Pittsburgh Pirates,Milwaukee Brewers,2026-09-17T03:27:41.478733+00:00,2026-09-17T21:36:49.175811+00:00,2026-09-17T17:36:49.175811-04:00,2026-09-17T17:36:49.175811-04:00,propline_free_sample
2026-09-17,2026-09-17 16:35:00+00:00,Wilber Dotel,1.5,over,-149,sleeper,212849,Pittsburgh Pirates,Milwaukee Brewers,2026-09-17T11:09:06.489280+00:00,2026-09-17T21:36:49.175811+00:00,2026-09-17T17:36:49.175811-04:00,2026-09-17T17:36:49.175811-04:00,propline_free_sample
2026-09-17,2026-09-17 16:35:00+00:00,Wilber Dotel,1.5,under,-110,sleeper,212849,Pittsburgh Pirates,Milwaukee Brewers,2026-09-17T11:09:06.489280+00:00,2026-09-17T21:36:49.175811+00:00,2026-09-17T17:36:49.175811-04:00,2026-09-17T17:36:49.175811-04:00,propline_free_sample
2026-09-17,2026-09-17 16:35:00+00:00,Wilber Dotel,0.5,over,-4900,kalshi,212849,Pittsburgh Pirates,Milwaukee Brewers,2026-09-17T16:30:49.337198+00:00,2026-09-17T21:36:49.175811+00:00,2026-09-17T17:36:49.175811-04:00,2026-09-17T17:36:49.175811-04:00,propline_free_sample
2026-09-17,2026-09-17 16:35:00+00:00,Wilber Dotel,0.5,under,9900,kalshi,212849,Pittsburgh Pirates,Milwaukee Brewers,2026-09-17T14:55:17.179118+00:00,2026-09-17T21:36:49.175811+00:00,2026-09-17T17:36:49.175811-04:00,2026-09-17T17:36:49.175811-04:00,propline_free_sample
2026-09-17,2026-09-17 16:35:00+00:00,Wilber Dotel,1.5,over,-3233,kalshi,212849,Pittsburgh Pirates,Milwaukee Brewers,2026-09-17T16:30:49.337198+00:00,2026-09-17T21:36:49.175811+00:00,2026-09-17T17:36:49.175811-04:00,2026-09-17T17:36:49.175811-04:00,propline_free_sample
2026-09-17,2026-09-17 16:35:00+00:00,Wilber Dotel,1.5,under,9900,kalshi,212849,Pittsburgh Pirates,Milwaukee Brewers,2026-09-17T16:33:03.959499+00:00,2026-09-17T21:36:49.175811+00:00,2026-09-17T17:36:49.175811-04:00,2026-09-17T17:36:49.175811-04:00,propline_free_sample
2026-09-17,2026-09-17 16:35:00+00:00,Kyle Harrison,2.5,over,9900,kalshi,212849,Pittsburgh Pirates,Milwaukee Brewers,2026-09-17T15:26:53.686350+00:00,2026-09-17T21:36:49.175811+00:00,2026-09-17T17:36:49.175811-04:00,2026-09-17T17:36:49.175811-04:00,propline_free_sample
2026-09-17,2026-09-17 16:35:00+00:00,Wilber Dotel,2.5,over,9900,kalshi,212849,Pittsburgh Pirates,Milwaukee Brewers,2026-09-17T16:11:28.317306+00:00,2026-09-17T21:36:49.175811+00:00,2026-09-17T17:36:49.175811-04:00,2026-09-17T17:36:49.175811-04:00,propline_free_sample
2026-09-17,2026-09-17 16:35:00+00:00,Kyle Harrison,2.5,under,-117,kalshi,212849,Pittsburgh Pirates,Milwaukee Brewers,2026-09-17T15:26:53.686350+00:00,2026-09-17T21:36:49.175811+00:00,2026-09-17T17:36:49.175811-04:00,2026-09-17T17:36:49.175811-04:00,propline_free_sample
2026-09-17,2026-09-17 16:35:00+00:00,Wilber Dotel,2.5,under,-1900,kalshi,212849,Pittsburgh Pirates,Milwaukee Brewers,2026-09-17T16:33:25.162403+00:00,2026-09-17T21:36:49.175811+00:00,2026-09-17T17:36:49.175811-04:00,2026-09-17T17:36:49.175811-04:00,propline_free_sample
2026-09-17,2026-09-17 16:35:00+00:00,Kyle Harrison,3.5,over,9900,kalshi,212849,Pittsburgh Pirates,Milwaukee Brewers,2026-09-17T15:28:55.169429+00:00,2026-09-17T21:36:49.175811+00:00,2026-09-17T17:36:49.175811-04:00,2026-09-17T17:36:49.175811-04:00,propline_free_sample
2026-09-17,2026-09-17 16:35:00+00:00,Wilber Dotel,3.5,over,9900,kalshi,212849,Pittsburgh Pirates,Milwaukee Brewers,2026-09-17T16:07:43.857298+00:00,2026-09-17T21:36:49.175811+00:00,2026-09-17T17:36:49.175811-04:00,2026-09-17T17:36:49.175811-04:00,propline_free_sample
2026-09-17,2026-09-17 16:35:00+00:00,Kyle Harrison,3.5,under,-376,kalshi,212849,Pittsburgh Pirates,Milwaukee Brewers,2026-09-17T15:31:05.725694+00:00,2026-09-17T21:36:49.175811+00:00,2026-09-17T17:36:49.175811-04:00,2026-09-17T17:36:49.175811-04:00,propline_free_sample
2026-09-17,2026-09-17 16:35:00+00:00,Kyle Harrison,4.5,over,9900,kalshi,212849,Pittsburgh Pirates,Milwaukee Brewers,2026-09-17T16:33:03.959499+00:00,2026-09-17T21:36:49.175811+00:00,2026-09-17T17:36:49.175811-04:00,2026-09-17T17:36:49.175811-04:00,propline_free_sample
2026-09-17,2026-09-17 16:35:00+00:00,Wilber Dotel,4.5,over,9900,kalshi,212849,Pittsburgh Pirates,Milwaukee Brewers,2026-09-17T16:26:56.924163+00:00,2026-09-17T21:36:49.175811+00:00,2026-09-17T17:36:49.175811-04:00,2026-09-17T17:36:49.175811-04:00,propline_free_sample
2026-09-17,2026-09-17 16:35:00+00:00,Kyle Harrison,4.5,under,-1900,kalshi,212849,Pittsburgh Pirates,Milwaukee Brewers,2026-09-17T16:30:49.337198+00:00,2026-09-17T21:36:49.175811+00:00,2026-09-17T17:36:49.175811-04:00,2026-09-17T17:36:49.175811-04:00,propline_free_sample
2026-09-17,2026-09-17 16:35:00+00:00,Kyle Harrison,5.5,over,9900,kalshi,212849,Pittsburgh Pirates,Milwaukee Brewers,2026-09-17T15:52:18.329699+00:00,2026-09-17T21:36:49.175811+00:00,2026-09-17T17:36:49.175811-04:00,2026-09-17T17:36:49.175811-04:00,propline_free_sample
2026-09-17,2026-09-17 16:35:00+00:00,Kyle Harrison,5.5,under,-1567,kalshi,212849,Pittsburgh Pirates,Milwaukee Brewers,2026-09-17T15:52:18.329699+00:00,2026-09-17T21:36:49.175811+00:00,2026-09-17T17:36:49.175811-04:00,2026-09-17T17:36:49.175811-04:00,propline_free_sample
2026-09-17,2026-09-17 16:35:00+00:00,Kyle Harrison,6.5,over,9900,kalshi,212849,Pittsburgh Pirates,Milwaukee Brewers,2026-09-17T15:28:55.169429+00:00,2026-09-17T21:36:49.175811+00:00,2026-09-17T17:36:49.175811-04:00,2026-09-17T17:36:49.175811-04:00,propline_free_sample
2026-09-17,2026-09-17 16:35:00+00:00,Kyle Harrison,7.5,over,9900,kalshi,212849,Pittsburgh Pirates,Milwaukee Brewers,2026-09-17T15:28:55.169429+00:00,2026-09-17T21:36:49.175811+00:00,2026-09-17T17:36:49.175811-04:00,2026-09-17T17:36:49.175811-04:00,propline_free_sample
2026-09-17,2026-09-17 16:35:00+00:00,Wilber Dotel,1.5,over,100,prizepicks,212849,Pittsburgh Pirates,Milwaukee Brewers,2026-09-17T03:31:16.812874+00:00,2026-09-17T21:36:49.175811+00:00,2026-09-17T17:36:49.175811-04:00,2026-09-17T17:36:49.175811-04:00,propline_free_sample
2026-09-17,2026-09-17 16:35:00+00:00,Wilber Dotel,1.5,under,100,prizepicks,212849,Pittsburgh Pirates,Milwaukee Brewers,2026-09-17T03:31:16.812874+00:00,2026-09-17T21:36:49.175811+00:00,2026-09-17T17:36:49.175811-04:00,2026-09-17T17:36:49.175811-04:00,propline_free_sample
2026-09-17,2026-09-17 16:35:00+00:00,Kyle Harrison,6.5,under,-3233,kalshi,212849,Pittsburgh Pirates,Milwaukee Brewers,2026-09-17T15:28:55.169429+00:00,2026-09-17T21:36:49.175811+00:00,2026-09-17T17:36:49.175811-04:00,2026-09-17T17:36:49.175811-04:00,propline_free_sample
2026-09-17,2026-09-17 16:35:00+00:00,Wilber Dotel,3.5,under,-4900,kalshi,212849,Pittsburgh Pirates,Milwaukee Brewers,2026-09-17T16:30:49.337198+00:00,2026-09-17T21:36:49.175811+00:00,2026-09-17T17:36:49.175811-04:00,2026-09-17T17:36:49.175811-04:00,propline_free_sample
2026-09-17,2026-09-17 16:35:00+00:00,Kyle Harrison,4.5,over,-225,prophetx,212849,Pittsburgh Pirates,Milwaukee Brewers,2026-09-17T16:31:40.371764+00:00,2026-09-17T21:36:49.175811+00:00,2026-09-17T17:36:49.175811-04:00,2026-09-17T17:36:49.175811-04:00,propline_free_sample
2026-09-17,2026-09-17 16:35:00+00:00,Kyle Harrison,4.5,under,132,prophetx,212849,Pittsburgh Pirates,Milwaukee Brewers,2026-09-17T15:32:33.994854+00:00,2026-09-17T21:36:49.175811+00:00,2026-09-17T17:36:49.175811-04:00,2026-09-17T17:36:49.175811-04:00,propline_free_sample
2026-09-17,2026-09-17 16:35:00+00:00,Wilber Dotel,1.5,over,-140,prophetx,212849,Pittsburgh Pirates,Milwaukee Brewers,2026-09-17T16:31:40.371764+00:00,2026-09-17T21:36:49.175811+00:00,2026-09-17T17:36:49.175811-04:00,2026-09-17T17:36:49.175811-04:00,propline_free_sample
2026-09-17,2026-09-17 16:35:00+00:00,Wilber Dotel,1.5,under,100,prophetx,212849,Pittsburgh Pirates,Milwaukee Brewers,2026-09-17T08:27:31.255037+00:00,2026-09-17T21:36:49.175811+00:00,2026-09-17T17:36:49.175811-04:00,2026-09-17T17:36:49.175811-04:00,propline_free_sample
2026-09-17,2026-09-17 16:35:00+00:00,Kyle Harrison,4.5,over,-317,novig,212849,Pittsburgh Pirates,Milwaukee Brewers,2026-09-17T16:34:49.999839+00:00,2026-09-17T21:36:49.175811+00:00,2026-09-17T17:36:49.175811-04:00,2026-09-17T17:36:49.175811-04:00,propline_free_sample
2026-09-17,2026-09-17 16:35:00+00:00,Kyle Harrison,4.5,under,127,novig,212849,Pittsburgh Pirates,Milwaukee Brewers,2026-09-17T16:18:28.901484+00:00,2026-09-17T21:36:49.175811+00:00,2026-09-17T17:36:49.175811-04:00,2026-09-17T17:36:49.175811-04:00,propline_free_sample
2026-09-17,2026-09-17 16:35:00+00:00,Kyle Harrison,4.5,over,-130,onexbet,212849,Pittsburgh Pirates,Milwaukee Brewers,2026-09-17T14:51:22.173780+00:00,2026-09-17T21:36:49.175811+00:00,2026-09-17T17:36:49.175811-04:00,2026-09-17T17:36:49.175811-04:00,propline_free_sample
2026-09-17,2026-09-17 16:35:00+00:00,Wilber Dotel,1.5,over,-130,onexbet,212849,Pittsburgh Pirates,Milwaukee Brewers,2026-09-17T16:01:18.785156+00:00,2026-09-17T21:36:49.175811+00:00,2026-09-17T17:36:49.175811-04:00,2026-09-17T17:36:49.175811-04:00,propline_free_sample
2026-09-17,2026-09-17 16:35:00+00:00,Kyle Harrison,4.5,under,-105,onexbet,212849,Pittsburgh Pirates,Milwaukee Brewers,2026-09-17T14:51:22.173780+00:00,2026-09-17T21:36:49.175811+00:00,2026-09-17T17:36:49.175811-04:00,2026-09-17T17:36:49.175811-04:00,propline_free_sample
2026-09-17,2026-09-17 16:35:00+00:00,Wilber Dotel,1.5,under,-105,onexbet,212849,Pittsburgh Pirates,Milwaukee Brewers,2026-09-17T16:01:18.785156+00:00,2026-09-17T21:36:49.175811+00:00,2026-09-17T17:36:49.175811-04:00,2026-09-17T17:36:49.175811-04:00,propline_free_sample
2026-09-17,2026-09-17 16:35:00+00:00,Kyle Harrison,3.5,over,9900,polymarket_us,212849,Pittsburgh Pirates,Milwaukee Brewers,2026-09-17T15:29:45.685711+00:00,2026-09-17T21:36:49.175811+00:00,2026-09-17T17:36:49.175811-04:00,2026-09-17T17:36:49.175811-04:00,propline_free_sample
2026-09-17,2026-09-17 16:35:00+00:00,Kyle Harrison,3.5,under,257,polymarket_us,212849,Pittsburgh Pirates,Milwaukee Brewers,2026-09-17T15:36:01.310864+00:00,2026-09-17T21:36:49.175811+00:00,2026-09-17T17:36:49.175811-04:00,2026-09-17T17:36:49.175811-04:00,propline_free_sample
2026-09-17,2026-09-17 16:35:00+00:00,Kyle Harrison,7.5,under,-4900,kalshi,212849,Pittsburgh Pirates,Milwaukee Brewers,2026-09-17T15:28:55.169429+00:00,2026-09-17T21:36:49.175811+00:00,2026-09-17T17:36:49.175811-04:00,2026-09-17T17:36:49.175811-04:00,propline_free_sample
2026-09-17,2026-09-17 16:35:00+00:00,Wilber Dotel,4.5,under,-4900,kalshi,212849,Pittsburgh Pirates,Milwaukee Brewers,2026-09-17T16:30:49.337198+00:00,2026-09-17T21:36:49.175811+00:00,2026-09-17T17:36:49.175811-04:00,2026-09-17T17:36:49.175811-04:00,propline_free_sample
2026-09-17,2026-09-17 16:35:00+00:00,Kyle Harrison,4.5,over,9900,polymarket_us,212849,Pittsburgh Pirates,Milwaukee Brewers,2026-09-17T15:36:01.310864+00:00,2026-09-17T21:36:49.175811+00:00,2026-09-17T17:36:49.175811-04:00,2026-09-17T17:36:49.175811-04:00,propline_free_sample
2026-09-17,2026-09-17 16:35:00+00:00,Kyle Harrison,4.5,under,122,polymarket_us,212849,Pittsburgh Pirates,Milwaukee Brewers,2026-09-17T15:36:01.310864+00:00,2026-09-17T21:36:49.175811+00:00,2026-09-17T17:36:49.175811-04:00,2026-09-17T17:36:49.175811-04:00,propline_free_sample
2026-09-17,2026-09-17 16:35:00+00:00,Kyle Harrison,6.5,over,9900,polymarket_us,212849,Pittsburgh Pirates,Milwaukee Brewers,2026-09-17T16:27:54.562801+00:00,2026-09-17T21:36:49.175811+00:00,2026-09-17T17:36:49.175811-04:00,2026-09-17T17:36:49.175811-04:00,propline_free_sample
2026-09-17,2026-09-17 16:35:00+00:00,Kyle Harrison,7.5,over,9900,polymarket_us,212849,Pittsburgh Pirates,Milwaukee Brewers,2026-09-17T15:32:40.289195+00:00,2026-09-17T21:36:49.175811+00:00,2026-09-17T17:36:49.175811-04:00,2026-09-17T17:36:49.175811-04:00,propline_free_sample
2026-09-17,2026-09-17 16:35:00+00:00,Wilber Dotel,1.5,over,-127,novig,212849,Pittsburgh Pirates,Milwaukee Brewers,2026-09-17T16:18:28.901484+00:00,2026-09-17T21:36:49.175811+00:00,2026-09-17T17:36:49.175811-04:00,2026-09-17T17:36:49.175811-04:00,propline_free_sample
2026-09-17,2026-09-17 16:35:00+00:00,Wilber Dotel,1.5,under,100,novig,212849,Pittsburgh Pirates,Milwaukee Brewers,2026-09-17T16:18:28.901484+00:00,2026-09-17T21:36:49.175811+00:00,2026-09-17T17:36:49.175811-04:00,2026-09-17T17:36:49.175811-04:00,propline_free_sample
2026-09-17,2026-09-17 16:35:00+00:00,Kyle Harrison,2.5,over,9900,polymarket_us,212849,Pittsburgh Pirates,Milwaukee Brewers,2026-09-17T15:29:45.685711+00:00,2026-09-17T21:36:49.175811+00:00,2026-09-17T17:36:49.175811-04:00,2026-09-17T17:36:49.175811-04:00,propline_free_sample
2026-09-17,2026-09-17 16:35:00+00:00,Kyle Harrison,2.5,under,-113,polymarket_us,212849,Pittsburgh Pirates,Milwaukee Brewers,2026-09-17T15:32:40.289195+00:00,2026-09-17T21:36:49.175811+00:00,2026-09-17T17:36:49.175811-04:00,2026-09-17T17:36:49.175811-04:00,propline_free_sample
2026-09-17,2026-09-17 16:35:00+00:00,Kyle Harrison,5.5,over,114,fanduel,212849,Pittsburgh Pirates,Milwaukee Brewers,2026-09-17T16:33:23.349312+00:00,2026-09-17T21:36:49.175811+00:00,2026-09-17T17:36:49.175811-04:00,2026-09-17T17:36:49.175811-04:00,propline_free_sample
2026-09-17,2026-09-17 16:35:00+00:00,Kyle Harrison,5.5,under,-146,fanduel,212849,Pittsburgh Pirates,Milwaukee Brewers,2026-09-17T16:33:23.349312+00:00,2026-09-17T21:36:49.175811+00:00,2026-09-17T17:36:49.175811-04:00,2026-09-17T17:36:49.175811-04:00,propline_free_sample
2026-09-17,2026-09-17 16:35:00+00:00,Kyle Harrison,10.5,over,4000,hardrock,212849,Pittsburgh Pirates,Milwaukee Brewers,2026-09-17T05:57:58.714462+00:00,2026-09-17T21:36:49.175811+00:00,2026-09-17T17:36:49.175811-04:00,2026-09-17T17:36:49.175811-04:00,propline_free_sample
2026-09-17,2026-09-17 16:35:00+00:00,Kyle Harrison,10.5,under,-20000,hardrock,212849,Pittsburgh Pirates,Milwaukee Brewers,2026-09-17T14:05:18.341988+00:00,2026-09-17T21:36:49.175811+00:00,2026-09-17T17:36:49.175811-04:00,2026-09-17T17:36:49.175811-04:00,propline_free_sample
2026-09-17,2026-09-17 16:35:00+00:00,Kyle Harrison (MIL),4.5,over,-165,bovada,212849,Pittsburgh Pirates,Milwaukee Brewers,2026-09-17T16:29:15.945017+00:00,2026-09-17T21:36:49.175811+00:00,2026-09-17T17:36:49.175811-04:00,2026-09-17T17:36:49.175811-04:00,propline_free_sample
2026-09-17,2026-09-17 16:35:00+00:00,Kyle Harrison (MIL),4.5,under,125,bovada,212849,Pittsburgh Pirates,Milwaukee Brewers,2026-09-17T16:29:15.945017+00:00,2026-09-17T21:36:49.175811+00:00,2026-09-17T17:36:49.175811-04:00,2026-09-17T17:36:49.175811-04:00,propline_free_sample
2026-09-17,2026-09-17 16:35:00+00:00,Kyle Harrison,7.5,under,100,prizepicks,212849,Pittsburgh Pirates,Milwaukee Brewers,2026-09-17T06:10:27.189577+00:00,2026-09-17T21:36:49.175811+00:00,2026-09-17T17:36:49.175811-04:00,2026-09-17T17:36:49.175811-04:00,propline_free_sample
2026-09-17,2026-09-17 16:35:00+00:00,Kyle Harrison,7.5,under,-1329,polymarket_us,212849,Pittsburgh Pirates,Milwaukee Brewers,2026-09-17T15:32:40.289195+00:00,2026-09-17T21:36:49.175811+00:00,2026-09-17T17:36:49.175811-04:00,2026-09-17T17:36:49.175811-04:00,propline_free_sample
2026-09-17,2026-09-17 16:35:00+00:00,Kyle Harrison,6.5,under,-614,polymarket_us,212849,Pittsburgh Pirates,Milwaukee Brewers,2026-09-17T16:23:28.472804+00:00,2026-09-17T21:36:49.175811+00:00,2026-09-17T17:36:49.175811-04:00,2026-09-17T17:36:49.175811-04:00,propline_free_sample
2026-09-17,2026-09-17 16:35:00+00:00,Kyle Harrison,4.5,over,100,prizepicks,212849,Pittsburgh Pirates,Milwaukee Brewers,2026-09-17T06:40:52.097136+00:00,2026-09-17T21:36:49.175811+00:00,2026-09-17T17:36:49.175811-04:00,2026-09-17T17:36:49.175811-04:00,propline_free_sample
2026-09-17,2026-09-17 16:35:00+00:00,Kyle Harrison,4.5,under,100,prizepicks,212849,Pittsburgh Pirates,Milwaukee Brewers,2026-09-17T06:40:52.097136+00:00,2026-09-17T21:36:49.175811+00:00,2026-09-17T17:36:49.175811-04:00,2026-09-17T17:36:49.175811-04:00,propline_free_sample
2026-09-17,2026-09-17 16:35:00+00:00,Kyle Harrison,5.5,over,105,rebet,212849,Pittsburgh Pirates,Milwaukee Brewers,2026-09-17T16:23:08.946961+00:00,2026-09-17T21:36:49.175811+00:00,2026-09-17T17:36:49.175811-04:00,2026-09-17T17:36:49.175811-04:00,propline_free_sample
2026-09-17,2026-09-17 16:35:00+00:00,Kyle Harrison,5.5,under,-145,rebet,212849,Pittsburgh Pirates,Milwaukee Brewers,2026-09-17T16:23:08.946961+00:00,2026-09-17T21:36:49.175811+00:00,2026-09-17T17:36:49.175811-04:00,2026-09-17T17:36:49.175811-04:00,propline_free_sample
2026-09-17,2026-09-17 16:35:00+00:00,Kyle Harrison,3.5,over,-471,novig,212849,Pittsburgh Pirates,Milwaukee Brewers,2026-09-17T16:34:49.999839+00:00,2026-09-17T21:36:49.175811+00:00,2026-09-17T17:36:49.175811-04:00,2026-09-17T17:36:49.175811-04:00,propline_free_sample
2026-09-17,2026-09-17 16:35:00+00:00,Kyle Harrison,3.5,under,174,novig,212849,Pittsburgh Pirates,Milwaukee Brewers,2026-09-17T16:34:49.999839+00:00,2026-09-17T21:36:49.175811+00:00,2026-09-17T17:36:49.175811-04:00,2026-09-17T17:36:49.175811-04:00,propline_free_sample
2026-09-17,2026-09-17 16:35:00+00:00,Kyle Harrison,5.5,over,-270,novig,212849,Pittsburgh Pirates,Milwaukee Brewers,2026-09-17T16:14:43.188782+00:00,2026-09-17T21:36:49.175811+00:00,2026-09-17T17:36:49.175811-04:00,2026-09-17T17:36:49.175811-04:00,propline_free_sample
2026-09-17,2026-09-17 16:35:00+00:00,Kyle Harrison,5.5,under,-1076,novig,212849,Pittsburgh Pirates,Milwaukee Brewers,2026-09-17T16:34:49.999839+00:00,2026-09-17T21:36:49.175811+00:00,2026-09-17T17:36:49.175811-04:00,2026-09-17T17:36:49.175811-04:00,propline_free_sample
2026-09-17,2026-09-17 16:35:00+00:00,Wilber Dotel,2.5,over,208,novig,212849,Pittsburgh Pirates,Milwaukee Brewers,2026-09-17T16:30:26.344044+00:00,2026-09-17T21:36:49.175811+00:00,2026-09-17T17:36:49.175811-04:00,2026-09-17T17:36:49.175811-04:00,propline_free_sample
2026-09-17,2026-09-17 16:35:00+00:00,Wilber Dotel,2.5,under,-355,novig,212849,Pittsburgh Pirates,Milwaukee Brewers,2026-09-17T16:34:49.999839+00:00,2026-09-17T21:36:49.175811+00:00,2026-09-17T17:36:49.175811-04:00,2026-09-17T17:36:49.175811-04:00,propline_free_sample
2026-09-17,2026-09-17 16:35:00+00:00,Wilber Dotel,0.5,over,-506,novig,212849,Pittsburgh Pirates,Milwaukee Brewers,2026-09-17T16:30:26.344044+00:00,2026-09-17T21:36:49.175811+00:00,2026-09-17T17:36:49.175811-04:00,2026-09-17T17:36:49.175811-04:00,propline_free_sample
2026-09-17,2026-09-17 16:35:00+00:00,Wilber Dotel,0.5,under,-186,novig,212849,Pittsburgh Pirates,Milwaukee Brewers,2026-09-17T16:30:26.344044+00:00,2026-09-17T21:36:49.175811+00:00,2026-09-17T17:36:49.175811-04:00,2026-09-17T17:36:49.175811-04:00,propline_free_sample
2026-09-17,2026-09-17 16:35:00+00:00,Wilber Dotel,1.5,over,-127,polymarket_us,212849,Pittsburgh Pirates,Milwaukee Brewers,2026-09-17T15:47:15.403961+00:00,2026-09-17T21:36:49.175811+00:00,2026-09-17T17:36:49.175811-04:00,2026-09-17T17:36:49.175811-04:00,propline_free_sample
2026-09-17,2026-09-17 16:35:00+00:00,Wilber Dotel,1.5,under,9900,polymarket_us,212849,Pittsburgh Pirates,Milwaukee Brewers,2026-09-17T15:29:45.685711+00:00,2026-09-17T21:36:49.175811+00:00,2026-09-17T17:36:49.175811-04:00,2026-09-17T17:36:49.175811-04:00,propline_free_sample
2026-09-17,2026-09-17 16:35:00+00:00,Wilber Dotel,6.5,over,9900,polymarket_us,212849,Pittsburgh Pirates,Milwaukee Brewers,2026-09-17T10:47:05.005443+00:00,2026-09-17T21:36:49.175811+00:00,2026-09-17T17:36:49.175811-04:00,2026-09-17T17:36:49.175811-04:00,propline_free_sample
2026-09-17,2026-09-17 16:35:00+00:00,Wilber Dotel,0.5,over,-525,polymarket_us,212849,Pittsburgh Pirates,Milwaukee Brewers,2026-09-17T16:19:34.037096+00:00,2026-09-17T21:36:49.175811+00:00,2026-09-17T17:36:49.175811-04:00,2026-09-17T17:36:49.175811-04:00,propline_free_sample
2026-09-17,2026-09-17 16:35:00+00:00,Wilber Dotel,0.5,under,9900,polymarket_us,212849,Pittsburgh Pirates,Milwaukee Brewers,2026-09-17T14:22:48.251544+00:00,2026-09-17T21:36:49.175811+00:00,2026-09-17T17:36:49.175811-04:00,2026-09-17T17:36:49.175811-04:00,propline_free_sample
2026-09-17,2026-09-17 16:35:00+00:00,Wilber Dotel,7.5,over,9900,polymarket_us,212849,Pittsburgh Pirates,Milwaukee Brewers,2026-09-17T10:38:32.071294+00:00,2026-09-17T21:36:49.175811+00:00,2026-09-17T17:36:49.175811-04:00,2026-09-17T17:36:49.175811-04:00,propline_free_sample
2026-09-17,2026-09-17 16:35:00+00:00,Kyle Harrison,5.5,over,-110,betmgm,212849,Pittsburgh Pirates,Milwaukee Brewers,2026-09-17T15:13:55.069779+00:00,2026-09-17T21:36:49.175811+00:00,2026-09-17T17:36:49.175811-04:00,2026-09-17T17:36:49.175811-04:00,propline_free_sample
2026-09-17,2026-09-17 16:35:00+00:00,Kyle Harrison,5.5,under,-120,betmgm,212849,Pittsburgh Pirates,Milwaukee Brewers,2026-09-17T15:13:55.069779+00:00,2026-09-17T21:36:49.175811+00:00,2026-09-17T17:36:49.175811-04:00,2026-09-17T17:36:49.175811-04:00,propline_free_sample
2026-09-17,2026-09-17 16:35:00+00:00,Kyle Harrison,9.5,over,100,prizepicks,212849,Pittsburgh Pirates,Milwaukee Brewers,2026-09-17T13:00:02.550759+00:00,2026-09-17T21:36:49.175811+00:00,2026-09-17T17:36:49.175811-04:00,2026-09-17T17:36:49.175811-04:00,propline_free_sample
2026-09-17,2026-09-17 16:35:00+00:00,Kyle Harrison,4.5,over,-179,pinnacle,212849,Pittsburgh Pirates,Milwaukee Brewers,2026-09-17T16:07:13.964053+00:00,2026-09-17T21:36:49.175811+00:00,2026-09-17T17:36:49.175811-04:00,2026-09-17T17:36:49.175811-04:00,propline_free_sample
2026-09-17,2026-09-17 16:35:00+00:00,Kyle Harrison,4.5,under,134,pinnacle,212849,Pittsburgh Pirates,Milwaukee Brewers,2026-09-17T16:07:13.964053+00:00,2026-09-17T21:36:49.175811+00:00,2026-09-17T17:36:49.175811-04:00,2026-09-17T17:36:49.175811-04:00,propline_free_sample
2026-09-17,2026-09-17 16:35:00+00:00,Wilber Dotel,1.5,over,-130,fanatics,212849,Pittsburgh Pirates,Milwaukee Brewers,2026-09-17T16:02:16.319798+00:00,2026-09-17T21:36:49.175811+00:00,2026-09-17T17:36:49.175811-04:00,2026-09-17T17:36:49.175811-04:00,propline_free_sample
2026-09-17,2026-09-17 16:35:00+00:00,Wilber Dotel,1.5,under,100,fanatics,212849,Pittsburgh Pirates,Milwaukee Brewers,2026-09-17T16:02:16.319798+00:00,2026-09-17T21:36:49.175811+00:00,2026-09-17T17:36:49.175811-04:00,2026-09-17T17:36:49.175811-04:00,propline_free_sample
2026-09-17,2026-09-17 16:35:00+00:00,Kyle Harrison,6.5,over,233,novig,212849,Pittsburgh Pirates,Milwaukee Brewers,2026-09-17T15:35:11.640467+00:00,2026-09-17T21:36:49.175811+00:00,2026-09-17T17:36:49.175811-04:00,2026-09-17T17:36:49.175811-04:00,propline_free_sample
2026-09-17,2026-09-17 16:35:00+00:00,Kyle Harrison,6.5,under,-700,novig,212849,Pittsburgh Pirates,Milwaukee Brewers,2026-09-17T16:27:15.065529+00:00,2026-09-17T21:36:49.175811+00:00,2026-09-17T17:36:49.175811-04:00,2026-09-17T17:36:49.175811-04:00,propline_free_sample
2026-09-17,2026-09-17 16:35:00+00:00,Kyle Harrison,5.5,over,123,prophetx,212849,Pittsburgh Pirates,Milwaukee Brewers,2026-09-17T16:31:40.371764+00:00,2026-09-17T21:36:49.175811+00:00,2026-09-17T17:36:49.175811-04:00,2026-09-17T17:36:49.175811-04:00,propline_free_sample
2026-09-17,2026-09-17 16:35:00+00:00,Kyle Harrison,5.5,under,-124,prophetx,212849,Pittsburgh Pirates,Milwaukee Brewers,2026-09-17T15:32:33.994854+00:00,2026-09-17T21:36:49.175811+00:00,2026-09-17T17:36:49.175811-04:00,2026-09-17T17:36:49.175811-04:00,propline_free_sample
2026-09-17,2026-09-17 16:35:00+00:00,Kyle Harrison,10.5,over,100,prizepicks,212849,Pittsburgh Pirates,Milwaukee Brewers,2026-09-17T15:05:45.668912+00:00,2026-09-17T21:36:49.175811+00:00,2026-09-17T17:36:49.175811-04:00,2026-09-17T17:36:49.175811-04:00,propline_free_sample
2026-09-17,2026-09-17 16:35:00+00:00,Kyle Harrison,5.5,over,9900,polymarket_us,212849,Pittsburgh Pirates,Milwaukee Brewers,2026-09-17T16:01:56.902096+00:00,2026-09-17T21:36:49.175811+00:00,2026-09-17T17:36:49.175811-04:00,2026-09-17T17:36:49.175811-04:00,propline_free_sample
2026-09-17,2026-09-17 16:35:00+00:00,Kyle Harrison,5.5,under,-150,polymarket_us,212849,Pittsburgh Pirates,Milwaukee Brewers,2026-09-17T16:32:00.039546+00:00,2026-09-17T21:36:49.175811+00:00,2026-09-17T17:36:49.175811-04:00,2026-09-17T17:36:49.175811-04:00,propline_free_sample
2026-09-17,2026-09-17 16:35:00+00:00,Wilber Dotel (PIT),1.5,over,-155,bovada,212849,Pittsburgh Pirates,Milwaukee Brewers,,2026-09-17T21:36:49.175811+00:00,2026-09-17T17:36:49.175811-04:00,2026-09-17T17:36:49.175811-04:00,propline_free_sample
2026-09-17,2026-09-17 16:35:00+00:00,Wilber Dotel (PIT),1.5,under,120,bovada,212849,Pittsburgh Pirates,Milwaukee Brewers,,2026-09-17T21:36:49.175811+00:00,2026-09-17T17:36:49.175811-04:00,2026-09-17T17:36:49.175811-04:00,propline_free_sample
2026-09-16,2026-09-17 01:40:00+00:00,Merrill Kelly,7.5,over,-173,underdog,211350,Arizona Diamondbacks,Miami Marlins,2026-09-17T01:10:07.163353+00:00,2026-09-17T21:36:49.175811+00:00,2026-09-17T17:36:49.175811-04:00,2026-09-17T17:36:49.175811-04:00,propline_free_sample
2026-09-16,2026-09-17 01:40:00+00:00,Ryan Gusto,3.5,over,-118,underdog,211350,Arizona Diamondbacks,Miami Marlins,2026-09-16T21:20:00.937539+00:00,2026-09-17T21:36:49.175811+00:00,2026-09-17T17:36:49.175811-04:00,2026-09-17T17:36:49.175811-04:00,propline_free_sample
2026-09-16,2026-09-17 01:40:00+00:00,Merrill Kelly,7.5,under,116,underdog,211350,Arizona Diamondbacks,Miami Marlins,2026-09-17T01:10:07.163353+00:00,2026-09-17T21:36:49.175811+00:00,2026-09-17T17:36:49.175811-04:00,2026-09-17T17:36:49.175811-04:00,propline_free_sample
2026-09-16,2026-09-17 01:40:00+00:00,Ryan Gusto,3.5,under,-127,underdog,211350,Arizona Diamondbacks,Miami Marlins,2026-09-16T21:20:00.937539+00:00,2026-09-17T21:36:49.175811+00:00,2026-09-17T17:36:49.175811-04:00,2026-09-17T17:36:49.175811-04:00,propline_free_sample
2026-09-16,2026-09-17 01:40:00+00:00,Merrill Kelly,4.5,over,143,dabble,211350,Arizona Diamondbacks,Miami Marlins,2026-09-17T01:39:30.326146+00:00,2026-09-17T21:36:49.175811+00:00,2026-09-17T17:36:49.175811-04:00,2026-09-17T17:36:49.175811-04:00,propline_free_sample
2026-09-16,2026-09-17 01:40:00+00:00,Ryan Gusto,3.5,over,107,dabble,211350,Arizona Diamondbacks,Miami Marlins,2026-09-17T01:19:56.908573+00:00,2026-09-17T21:36:49.175811+00:00,2026-09-17T17:36:49.175811-04:00,2026-09-17T17:36:49.175811-04:00,propline_free_sample
2026-09-16,2026-09-17 01:40:00+00:00,Merrill Kelly,4.5,under,-141,dabble,211350,Arizona Diamondbacks,Miami Marlins,2026-09-17T01:39:30.326146+00:00,2026-09-17T21:36:49.175811+00:00,2026-09-17T17:36:49.175811-04:00,2026-09-17T17:36:49.175811-04:00,propline_free_sample
2026-09-16,2026-09-17 01:40:00+00:00,Ryan Gusto,3.5,under,-106,dabble,211350,Arizona Diamondbacks,Miami Marlins,2026-09-17T01:19:56.908573+00:00,2026-09-17T21:36:49.175811+00:00,2026-09-17T17:36:49.175811-04:00,2026-09-17T17:36:49.175811-04:00,propline_free_sample
2026-09-16,2026-09-17 01:40:00+00:00,Merrill Kelly,3.5,over,-179,smarkets,211350,Arizona Diamondbacks,Miami Marlins,2026-09-16T07:23:01.547756+00:00,2026-09-17T21:36:49.175811+00:00,2026-09-17T17:36:49.175811-04:00,2026-09-17T17:36:49.175811-04:00,propline_free_sample
2026-09-16,2026-09-17 01:40:00+00:00,Merrill Kelly,3.5,under,126,smarkets,211350,Arizona Diamondbacks,Miami Marlins,2026-09-16T07:23:01.547756+00:00,2026-09-17T21:36:49.175811+00:00,2026-09-17T17:36:49.175811-04:00,2026-09-17T17:36:49.175811-04:00,propline_free_sample
2026-09-16,2026-09-17 01:40:00+00:00,Ryan Gusto,3.5,over,-111,smarkets,211350,Arizona Diamondbacks,Miami Marlins,2026-09-17T01:11:20.081495+00:00,2026-09-17T21:36:49.175811+00:00,2026-09-17T17:36:49.175811-04:00,2026-09-17T17:36:49.175811-04:00,propline_free_sample
2026-09-16,2026-09-17 01:40:00+00:00,Ryan Gusto,3.5,under,-125,smarkets,211350,Arizona Diamondbacks,Miami Marlins,2026-09-17T01:11:20.081495+00:00,2026-09-17T21:36:49.175811+00:00,2026-09-17T17:36:49.175811-04:00,2026-09-17T17:36:49.175811-04:00,propline_free_sample
2026-09-16,2026-09-17 01:40:00+00:00,Ryan Gusto,3.5,over,100,prizepicks,211350,Arizona Diamondbacks,Miami Marlins,2026-09-16T03:05:41.402390+00:00,2026-09-17T21:36:49.175811+00:00,2026-09-17T17:36:49.175811-04:00,2026-09-17T17:36:49.175811-04:00,propline_free_sample
2026-09-16,2026-09-17 01:40:00+00:00,Ryan Gusto,3.5,under,100,prizepicks,211350,Arizona Diamondbacks,Miami Marlins,2026-09-16T03:05:41.402390+00:00,2026-09-17T21:36:49.175811+00:00,2026-09-17T17:36:49.175811-04:00,2026-09-17T17:36:49.175811-04:00,propline_free_sample
2026-09-16,2026-09-17 01:40:00+00:00,Merrill Kelly,6.5,over,100,prizepicks,211350,Arizona Diamondbacks,Miami Marlins,2026-09-16T03:05:41.402390+00:00,2026-09-17T21:36:49.175811+00:00,2026-09-17T17:36:49.175811-04:00,2026-09-17T17:36:49.175811-04:00,propline_free_sample
2026-09-16,2026-09-17 01:40:00+00:00,Ryan Gusto,6.5,over,100,prizepicks,211350,Arizona Diamondbacks,Miami Marlins,2026-09-16T03:05:41.402390+00:00,2026-09-17T21:36:49.175811+00:00,2026-09-17T17:36:49.175811-04:00,2026-09-17T17:36:49.175811-04:00,propline_free_sample
2026-09-16,2026-09-17 01:40:00+00:00,Merrill Kelly,3.5,over,100,prizepicks,211350,Arizona Diamondbacks,Miami Marlins,2026-09-16T03:05:41.402390+00:00,2026-09-17T21:36:49.175811+00:00,2026-09-17T17:36:49.175811-04:00,2026-09-17T17:36:49.175811-04:00,propline_free_sample
2026-09-16,2026-09-17 01:40:00+00:00,Merrill Kelly,3.5,under,100,prizepicks,211350,Arizona Diamondbacks,Miami Marlins,2026-09-16T03:05:41.402390+00:00,2026-09-17T21:36:49.175811+00:00,2026-09-17T17:36:49.175811-04:00,2026-09-17T17:36:49.175811-04:00,propline_free_sample
2026-09-16,2026-09-17 01:40:00+00:00,Merrill Kelly,3.5,over,-175,onexbet,211350,Arizona Diamondbacks,Miami Marlins,2026-09-17T01:16:32.087280+00:00,2026-09-17T21:36:49.175811+00:00,2026-09-17T17:36:49.175811-04:00,2026-09-17T17:36:49.175811-04:00,propline_free_sample
2026-09-16,2026-09-17 01:40:00+00:00,Ryan Gusto,3.5,over,-115,onexbet,211350,Arizona Diamondbacks,Miami Marlins,2026-09-16T22:53:32.919676+00:00,2026-09-17T21:36:49.175811+00:00,2026-09-17T17:36:49.175811-04:00,2026-09-17T17:36:49.175811-04:00,propline_free_sample
2026-09-16,2026-09-17 01:40:00+00:00,Merrill Kelly,3.5,under,132,onexbet,211350,Arizona Diamondbacks,Miami Marlins,2026-09-17T01:16:32.087280+00:00,2026-09-17T21:36:49.175811+00:00,2026-09-17T17:36:49.175811-04:00,2026-09-17T17:36:49.175811-04:00,propline_free_sample
2026-09-16,2026-09-17 01:40:00+00:00,Ryan Gusto,3.5,under,-115,onexbet,211350,Arizona Diamondbacks,Miami Marlins,2026-09-16T22:53:32.919676+00:00,2026-09-17T21:36:49.175811+00:00,2026-09-17T17:36:49.175811-04:00,2026-09-17T17:36:49.175811-04:00,propline_free_sample
2026-09-16,2026-09-17 01:40:00+00:00,Merrill Kelly,4.5,over,127,draftkings,211350,Arizona Diamondbacks,Miami Marlins,2026-09-17T01:24:18.020404+00:00,2026-09-17T21:36:49.175811+00:00,2026-09-17T17:36:49.175811-04:00,2026-09-17T17:36:49.175811-04:00,propline_free_sample
2026-09-16,2026-09-17 01:40:00+00:00,Merrill Kelly,4.5,under,-163,draftkings,211350,Arizona Diamondbacks,Miami Marlins,2026-09-17T01:24:18.020404+00:00,2026-09-17T21:36:49.175811+00:00,2026-09-17T17:36:49.175811-04:00,2026-09-17T17:36:49.175811-04:00,propline_free_sample
2026-09-16,2026-09-17 01:40:00+00:00,Ryan Gusto,3.5,over,-120,draftkings,211350,Arizona Diamondbacks,Miami Marlins,2026-09-16T23:09:42.523045+00:00,2026-09-17T21:36:49.175811+00:00,2026-09-17T17:36:49.175811-04:00,2026-09-17T17:36:49.175811-04:00,propline_free_sample
2026-09-16,2026-09-17 01:40:00+00:00,Ryan Gusto,3.5,under,-106,draftkings,211350,Arizona Diamondbacks,Miami Marlins,2026-09-16T23:09:42.523045+00:00,2026-09-17T21:36:49.175811+00:00,2026-09-17T17:36:49.175811-04:00,2026-09-17T17:36:49.175811-04:00,propline_free_sample
2026-09-16,2026-09-17 01:40:00+00:00,Merrill Kelly,4.5,over,106,sleeper,211350,Arizona Diamondbacks,Miami Marlins,2026-09-17T01:31:07.245294+00:00,2026-09-17T21:36:49.175811+00:00,2026-09-17T17:36:49.175811-04:00,2026-09-17T17:36:49.175811-04:00,propline_free_sample
2026-09-16,2026-09-17 01:40:00+00:00,Ryan Gusto,3.5,over,-128,sleeper,211350,Arizona Diamondbacks,Miami Marlins,2026-09-17T01:09:54.499954+00:00,2026-09-17T21:36:49.175811+00:00,2026-09-17T17:36:49.175811-04:00,2026-09-17T17:36:49.175811-04:00,propline_free_sample
2026-09-16,2026-09-17 01:40:00+00:00,Merrill Kelly,4.5,under,-175,sleeper,211350,Arizona Diamondbacks,Miami Marlins,2026-09-16T23:01:37.563713+00:00,2026-09-17T21:36:49.175811+00:00,2026-09-17T17:36:49.175811-04:00,2026-09-17T17:36:49.175811-04:00,propline_free_sample
2026-09-16,2026-09-17 01:40:00+00:00,Ryan Gusto,3.5,under,-128,sleeper,211350,Arizona Diamondbacks,Miami Marlins,2026-09-17T01:09:54.499954+00:00,2026-09-17T21:36:49.175811+00:00,2026-09-17T17:36:49.175811-04:00,2026-09-17T17:36:49.175811-04:00,propline_free_sample
2026-09-16,2026-09-17 01:40:00+00:00,Merrill Kelly,0.5,over,-100000,hardrock,211350,Arizona Diamondbacks,Miami Marlins,2026-09-17T01:21:22.504607+00:00,2026-09-17T21:36:49.175811+00:00,2026-09-17T17:36:49.175811-04:00,2026-09-17T17:36:49.175811-04:00,propline_free_sample
2026-09-16,2026-09-17 01:40:00+00:00,Merrill Kelly,0.5,under,3000,hardrock,211350,Arizona Diamondbacks,Miami Marlins,2026-09-16T10:23:34.233229+00:00,2026-09-17T21:36:49.175811+00:00,2026-09-17T17:36:49.175811-04:00,2026-09-17T17:36:49.175811-04:00,propline_free_sample
2026-09-16,2026-09-17 01:40:00+00:00,Merrill Kelly,1.5,over,-3000,hardrock,211350,Arizona Diamondbacks,Miami Marlins,2026-09-16T15:04:06.237108+00:00,2026-09-17T21:36:49.175811+00:00,2026-09-17T17:36:49.175811-04:00,2026-09-17T17:36:49.175811-04:00,propline_free_sample
2026-09-16,2026-09-17 01:40:00+00:00,Merrill Kelly,1.5,under,800,hardrock,211350,Arizona Diamondbacks,Miami Marlins,2026-09-16T16:38:28.855131+00:00,2026-09-17T21:36:49.175811+00:00,2026-09-17T17:36:49.175811-04:00,2026-09-17T17:36:49.175811-04:00,propline_free_sample
2026-09-16,2026-09-17 01:40:00+00:00,Merrill Kelly,2.5,over,-575,hardrock,211350,Arizona Diamondbacks,Miami Marlins,2026-09-16T23:06:22.948833+00:00,2026-09-17T21:36:49.175811+00:00,2026-09-17T17:36:49.175811-04:00,2026-09-17T17:36:49.175811-04:00,propline_free_sample
2026-09-16,2026-09-17 01:40:00+00:00,Merrill Kelly,2.5,under,350,hardrock,211350,Arizona Diamondbacks,Miami Marlins,2026-09-16T23:06:22.948833+00:00,2026-09-17T21:36:49.175811+00:00,2026-09-17T17:36:49.175811-04:00,2026-09-17T17:36:49.175811-04:00,propline_free_sample
2026-09-16,2026-09-17 01:40:00+00:00,Merrill Kelly,3.5,over,-6000,hardrock,211350,Arizona Diamondbacks,Miami Marlins,2026-09-16T22:58:21.642010+00:00,2026-09-17T21:36:49.175811+00:00,2026-09-17T17:36:49.175811-04:00,2026-09-17T17:36:49.175811-04:00,propline_free_sample
2026-09-16,2026-09-17 01:40:00+00:00,Merrill Kelly,3.5,under,1400,hardrock,211350,Arizona Diamondbacks,Miami Marlins,2026-09-16T23:06:22.948833+00:00,2026-09-17T21:36:49.175811+00:00,2026-09-17T17:36:49.175811-04:00,2026-09-17T17:36:49.175811-04:00,propline_free_sample
2026-09-16,2026-09-17 01:40:00+00:00,Merrill Kelly,4.5,over,-700,hardrock,211350,Arizona Diamondbacks,Miami Marlins,2026-09-16T23:06:22.948833+00:00,2026-09-17T21:36:49.175811+00:00,2026-09-17T17:36:49.175811-04:00,2026-09-17T17:36:49.175811-04:00,propline_free_sample
2026-09-16,2026-09-17 01:40:00+00:00,Merrill Kelly,4.5,under,350,hardrock,211350,Arizona Diamondbacks,Miami Marlins,2026-09-16T23:06:22.948833+00:00,2026-09-17T21:36:49.175811+00:00,2026-09-17T17:36:49.175811-04:00,2026-09-17T17:36:49.175811-04:00,propline_free_sample
2026-09-16,2026-09-17 01:40:00+00:00,Merrill Kelly,5.5,over,-135,hardrock,211350,Arizona Diamondbacks,Miami Marlins,2026-09-17T01:07:56.173681+00:00,2026-09-17T21:36:49.175811+00:00,2026-09-17T17:36:49.175811-04:00,2026-09-17T17:36:49.175811-04:00,propline_free_sample
2026-09-16,2026-09-17 01:40:00+00:00,Merrill Kelly,5.5,under,-105,hardrock,211350,Arizona Diamondbacks,Miami Marlins,2026-09-17T01:30:20.772808+00:00,2026-09-17T21:36:49.175811+00:00,2026-09-17T17:36:49.175811-04:00,2026-09-17T17:36:49.175811-04:00,propline_free_sample
2026-09-16,2026-09-17 01:40:00+00:00,Merrill Kelly,6.5,over,225,hardrock,211350,Arizona Diamondbacks,Miami Marlins,2026-09-17T01:30:20.772808+00:00,2026-09-17T21:36:49.175811+00:00,2026-09-17T17:36:49.175811-04:00,2026-09-17T17:36:49.175811-04:00,propline_free_sample
2026-09-16,2026-09-17 01:40:00+00:00,Merrill Kelly,6.5,under,-375,hardrock,211350,Arizona Diamondbacks,Miami Marlins,2026-09-17T01:30:20.772808+00:00,2026-09-17T21:36:49.175811+00:00,2026-09-17T17:36:49.175811-04:00,2026-09-17T17:36:49.175811-04:00,propline_free_sample
2026-09-16,2026-09-17 01:40:00+00:00,Merrill Kelly,7.5,over,575,hardrock,211350,Arizona Diamondbacks,Miami Marlins,2026-09-17T01:30:20.772808+00:00,2026-09-17T21:36:49.175811+00:00,2026-09-17T17:36:49.175811-04:00,2026-09-17T17:36:49.175811-04:00,propline_free_sample
2026-09-16,2026-09-17 01:40:00+00:00,Merrill Kelly,7.5,under,-1800,hardrock,211350,Arizona Diamondbacks,Miami Marlins,2026-09-16T11:18:20.021651+00:00,2026-09-17T21:36:49.175811+00:00,2026-09-17T17:36:49.175811-04:00,2026-09-17T17:36:49.175811-04:00,propline_free_sample
2026-09-16,2026-09-17 01:40:00+00:00,Merrill Kelly,8.5,over,1750,hardrock,211350,Arizona Diamondbacks,Miami Marlins,2026-09-16T10:23:34.233229+00:00,2026-09-17T21:36:49.175811+00:00,2026-09-17T17:36:49.175811-04:00,2026-09-17T17:36:49.175811-04:00,propline_free_sample
2026-09-16,2026-09-17 01:40:00+00:00,Merrill Kelly,8.5,under,-10000,hardrock,211350,Arizona Diamondbacks,Miami Marlins,2026-09-17T01:30:20.772808+00:00,2026-09-17T21:36:49.175811+00:00,2026-09-17T17:36:49.175811-04:00,2026-09-17T17:36:49.175811-04:00,propline_free_sample
2026-09-16,2026-09-17 01:40:00+00:00,Ryan Gusto,0.5,over,-10000,hardrock,211350,Arizona Diamondbacks,Miami Marlins,2026-09-16T23:17:16.954844+00:00,2026-09-17T21:36:49.175811+00:00,2026-09-17T17:36:49.175811-04:00,2026-09-17T17:36:49.175811-04:00,propline_free_sample
2026-09-16,2026-09-17 01:40:00+00:00,Ryan Gusto,0.5,under,2500,hardrock,211350,Arizona Diamondbacks,Miami Marlins,2026-09-16T23:17:16.954844+00:00,2026-09-17T21:36:49.175811+00:00,2026-09-17T17:36:49.175811-04:00,2026-09-17T17:36:49.175811-04:00,propline_free_sample
2026-09-16,2026-09-17 01:40:00+00:00,Ryan Gusto,1.5,over,-6000,hardrock,211350,Arizona Diamondbacks,Miami Marlins,2026-09-16T23:17:16.954844+00:00,2026-09-17T21:36:49.175811+00:00,2026-09-17T17:36:49.175811-04:00,2026-09-17T17:36:49.175811-04:00,propline_free_sample
2026-09-16,2026-09-17 01:40:00+00:00,Ryan Gusto,1.5,under,1400,hardrock,211350,Arizona Diamondbacks,Miami Marlins,2026-09-16T23:17:16.954844+00:00,2026-09-17T21:36:49.175811+00:00,2026-09-17T17:36:49.175811-04:00,2026-09-17T17:36:49.175811-04:00,propline_free_sample
2026-09-16,2026-09-17 01:40:00+00:00,Ryan Gusto,2.5,over,-1200,hardrock,211350,Arizona Diamondbacks,Miami Marlins,2026-09-16T23:17:16.954844+00:00,2026-09-17T21:36:49.175811+00:00,2026-09-17T17:36:49.175811-04:00,2026-09-17T17:36:49.175811-04:00,propline_free_sample
2026-09-16,2026-09-17 01:40:00+00:00,Ryan Gusto,2.5,under,475,hardrock,211350,Arizona Diamondbacks,Miami Marlins,2026-09-16T23:17:16.954844+00:00,2026-09-17T21:36:49.175811+00:00,2026-09-17T17:36:49.175811-04:00,2026-09-17T17:36:49.175811-04:00,propline_free_sample
2026-09-16,2026-09-17 01:40:00+00:00,Ryan Gusto,3.5,over,-190,hardrock,211350,Arizona Diamondbacks,Miami Marlins,2026-09-17T01:13:11.883898+00:00,2026-09-17T21:36:49.175811+00:00,2026-09-17T17:36:49.175811-04:00,2026-09-17T17:36:49.175811-04:00,propline_free_sample
2026-09-16,2026-09-17 01:40:00+00:00,Ryan Gusto,3.5,under,135,hardrock,211350,Arizona Diamondbacks,Miami Marlins,2026-09-17T01:13:11.883898+00:00,2026-09-17T21:36:49.175811+00:00,2026-09-17T17:36:49.175811-04:00,2026-09-17T17:36:49.175811-04:00,propline_free_sample
2026-09-16,2026-09-17 01:40:00+00:00,Ryan Gusto,4.5,over,170,hardrock,211350,Arizona Diamondbacks,Miami Marlins,2026-09-16T23:17:16.954844+00:00,2026-09-17T21:36:49.175811+00:00,2026-09-17T17:36:49.175811-04:00,2026-09-17T17:36:49.175811-04:00,propline_free_sample
2026-09-16,2026-09-17 01:40:00+00:00,Ryan Gusto,4.5,under,-260,hardrock,211350,Arizona Diamondbacks,Miami Marlins,2026-09-16T23:17:16.954844+00:00,2026-09-17T21:36:49.175811+00:00,2026-09-17T17:36:49.175811-04:00,2026-09-17T17:36:49.175811-04:00,propline_free_sample
2026-09-16,2026-09-17 01:40:00+00:00,Ryan Gusto,5.5,over,475,hardrock,211350,Arizona Diamondbacks,Miami Marlins,2026-09-16T23:17:16.954844+00:00,2026-09-17T21:36:49.175811+00:00,2026-09-17T17:36:49.175811-04:00,2026-09-17T17:36:49.175811-04:00,propline_free_sample
2026-09-16,2026-09-17 01:40:00+00:00,Ryan Gusto,5.5,under,-1200,hardrock,211350,Arizona Diamondbacks,Miami Marlins,2026-09-16T23:17:16.954844+00:00,2026-09-17T21:36:49.175811+00:00,2026-09-17T17:36:49.175811-04:00,2026-09-17T17:36:49.175811-04:00,propline_free_sample
2026-09-16,2026-09-17 01:40:00+00:00,Ryan Gusto,6.5,over,1500,hardrock,211350,Arizona Diamondbacks,Miami Marlins,2026-09-16T23:17:16.954844+00:00,2026-09-17T21:36:49.175811+00:00,2026-09-17T17:36:49.175811-04:00,2026-09-17T17:36:49.175811-04:00,propline_free_sample
2026-09-16,2026-09-17 01:40:00+00:00,Ryan Gusto,6.5,under,-8000,hardrock,211350,Arizona Diamondbacks,Miami Marlins,2026-09-16T23:17:16.954844+00:00,2026-09-17T21:36:49.175811+00:00,2026-09-17T17:36:49.175811-04:00,2026-09-17T17:36:49.175811-04:00,propline_free_sample
2026-09-16,2026-09-17 01:40:00+00:00,Ryan Gusto,7.5,over,3000,hardrock,211350,Arizona Diamondbacks,Miami Marlins,2026-09-16T23:17:16.954844+00:00,2026-09-17T21:36:49.175811+00:00,2026-09-17T17:36:49.175811-04:00,2026-09-17T17:36:49.175811-04:00,propline_free_sample
2026-09-16,2026-09-17 01:40:00+00:00,Ryan Gusto,7.5,under,-20000,hardrock,211350,Arizona Diamondbacks,Miami Marlins,2026-09-16T23:17:16.954844+00:00,2026-09-17T21:36:49.175811+00:00,2026-09-17T17:36:49.175811-04:00,2026-09-17T17:36:49.175811-04:00,propline_free_sample
2026-09-16,2026-09-17 01:40:00+00:00,Ryan Gusto,8.5,over,5000,hardrock,211350,Arizona Diamondbacks,Miami Marlins,2026-09-16T04:55:13.529672+00:00,2026-09-17T21:36:49.175811+00:00,2026-09-17T17:36:49.175811-04:00,2026-09-17T17:36:49.175811-04:00,propline_free_sample
2026-09-16,2026-09-17 01:40:00+00:00,Ryan Gusto,8.5,under,-100000,hardrock,211350,Arizona Diamondbacks,Miami Marlins,2026-09-16T04:55:13.529672+00:00,2026-09-17T21:36:49.175811+00:00,2026-09-17T17:36:49.175811-04:00,2026-09-17T17:36:49.175811-04:00,propline_free_sample
2026-09-16,2026-09-17 01:40:00+00:00,Merrill Kelly,8.5,over,125,fanatics,211350,Arizona Diamondbacks,Miami Marlins,2026-09-17T01:39:27.144940+00:00,2026-09-17T21:36:49.175811+00:00,2026-09-17T17:36:49.175811-04:00,2026-09-17T17:36:49.175811-04:00,propline_free_sample
2026-09-16,2026-09-17 01:40:00+00:00,Merrill Kelly,8.5,under,-165,fanatics,211350,Arizona Diamondbacks,Miami Marlins,2026-09-17T01:39:27.144940+00:00,2026-09-17T21:36:49.175811+00:00,2026-09-17T17:36:49.175811-04:00,2026-09-17T17:36:49.175811-04:00,propline_free_sample
2026-09-16,2026-09-17 01:40:00+00:00,Ryan Gusto,3.5,over,-175,fanatics,211350,Arizona Diamondbacks,Miami Marlins,2026-09-17T01:39:27.144940+00:00,2026-09-17T21:36:49.175811+00:00,2026-09-17T17:36:49.175811-04:00,2026-09-17T17:36:49.175811-04:00,propline_free_sample
2026-09-16,2026-09-17 01:40:00+00:00,Ryan Gusto,3.5,under,130,fanatics,211350,Arizona Diamondbacks,Miami Marlins,2026-09-17T01:39:27.144940+00:00,2026-09-17T21:36:49.175811+00:00,2026-09-17T17:36:49.175811-04:00,2026-09-17T17:36:49.175811-04:00,propline_free_sample
2026-09-16,2026-09-17 01:40:00+00:00,Merrill Kelly,1.5,over,-1329,kalshi,211350,Arizona Diamondbacks,Miami Marlins,2026-09-16T14:46:58.768918+00:00,2026-09-17T21:36:49.175811+00:00,2026-09-17T17:36:49.175811-04:00,2026-09-17T17:36:49.175811-04:00,propline_free_sample
2026-09-16,2026-09-17 01:40:00+00:00,Ryan Gusto,1.5,over,-4900,kalshi,211350,Arizona Diamondbacks,Miami Marlins,2026-09-16T22:58:09.084593+00:00,2026-09-17T21:36:49.175811+00:00,2026-09-17T17:36:49.175811-04:00,2026-09-17T17:36:49.175811-04:00,propline_free_sample
2026-09-16,2026-09-17 01:40:00+00:00,Merrill Kelly,1.5,under,9900,kalshi,211350,Arizona Diamondbacks,Miami Marlins,2026-09-16T22:58:09.084593+00:00,2026-09-17T21:36:49.175811+00:00,2026-09-17T17:36:49.175811-04:00,2026-09-17T17:36:49.175811-04:00,propline_free_sample
2026-09-16,2026-09-17 01:40:00+00:00,Merrill Kelly,2.5,over,-809,kalshi,211350,Arizona Diamondbacks,Miami Marlins,2026-09-16T14:47:26.858091+00:00,2026-09-17T21:36:49.175811+00:00,2026-09-17T17:36:49.175811-04:00,2026-09-17T17:36:49.175811-04:00,propline_free_sample
2026-09-16,2026-09-17 01:40:00+00:00,Ryan Gusto,2.5,over,-4900,kalshi,211350,Arizona Diamondbacks,Miami Marlins,2026-09-17T01:39:11.134218+00:00,2026-09-17T21:36:49.175811+00:00,2026-09-17T17:36:49.175811-04:00,2026-09-17T17:36:49.175811-04:00,propline_free_sample
2026-09-16,2026-09-17 01:40:00+00:00,Merrill Kelly,3.5,over,-4900,kalshi,211350,Arizona Diamondbacks,Miami Marlins,2026-09-16T23:39:33.638543+00:00,2026-09-17T21:36:49.175811+00:00,2026-09-17T17:36:49.175811-04:00,2026-09-17T17:36:49.175811-04:00,propline_free_sample
2026-09-16,2026-09-17 01:40:00+00:00,Ryan Gusto,3.5,over,-108,kalshi,211350,Arizona Diamondbacks,Miami Marlins,2026-09-16T21:15:31.468155+00:00,2026-09-17T21:36:49.175811+00:00,2026-09-17T17:36:49.175811-04:00,2026-09-17T17:36:49.175811-04:00,propline_free_sample
2026-09-16,2026-09-17 01:40:00+00:00,Merrill Kelly,4.5,over,-3233,kalshi,211350,Arizona Diamondbacks,Miami Marlins,2026-09-17T01:32:13.397313+00:00,2026-09-17T21:36:49.175811+00:00,2026-09-17T17:36:49.175811-04:00,2026-09-17T17:36:49.175811-04:00,propline_free_sample
2026-09-16,2026-09-17 01:40:00+00:00,Ryan Gusto,4.5,over,9900,kalshi,211350,Arizona Diamondbacks,Miami Marlins,2026-09-16T16:45:02.931807+00:00,2026-09-17T21:36:49.175811+00:00,2026-09-17T17:36:49.175811-04:00,2026-09-17T17:36:49.175811-04:00,propline_free_sample
2026-09-16,2026-09-17 01:40:00+00:00,Ryan Gusto,4.5,under,-525,kalshi,211350,Arizona Diamondbacks,Miami Marlins,2026-09-16T16:45:02.931807+00:00,2026-09-17T21:36:49.175811+00:00,2026-09-17T17:36:49.175811-04:00,2026-09-17T17:36:49.175811-04:00,propline_free_sample
2026-09-16,2026-09-17 01:40:00+00:00,Merrill Kelly,5.5,over,-3233,kalshi,211350,Arizona Diamondbacks,Miami Marlins,2026-09-17T01:39:11.134218+00:00,2026-09-17T21:36:49.175811+00:00,2026-09-17T17:36:49.175811-04:00,2026-09-17T17:36:49.175811-04:00,propline_free_sample
2026-09-16,2026-09-17 01:40:00+00:00,Ryan Gusto,5.5,over,9900,kalshi,211350,Arizona Diamondbacks,Miami Marlins,2026-09-16T19:29:30.198873+00:00,2026-09-17T21:36:49.175811+00:00,2026-09-17T17:36:49.175811-04:00,2026-09-17T17:36:49.175811-04:00,propline_free_sample
2026-09-16,2026-09-17 01:40:00+00:00,Merrill Kelly,6.5,over,-285,kalshi,211350,Arizona Diamondbacks,Miami Marlins,2026-09-17T01:39:11.134218+00:00,2026-09-17T21:36:49.175811+00:00,2026-09-17T17:36:49.175811-04:00,2026-09-17T17:36:49.175811-04:00,propline_free_sample
2026-09-16,2026-09-17 01:40:00+00:00,Ryan Gusto,6.5,over,9900,kalshi,211350,Arizona Diamondbacks,Miami Marlins,2026-09-16T23:08:42.107783+00:00,2026-09-17T21:36:49.175811+00:00,2026-09-17T17:36:49.175811-04:00,2026-09-17T17:36:49.175811-04:00,propline_free_sample
2026-09-16,2026-09-17 01:40:00+00:00,Merrill Kelly,7.5,over,-285,kalshi,211350,Arizona Diamondbacks,Miami Marlins,2026-09-16T23:10:37.009357+00:00,2026-09-17T21:36:49.175811+00:00,2026-09-17T17:36:49.175811-04:00,2026-09-17T17:36:49.175811-04:00,propline_free_sample
2026-09-16,2026-09-17 01:40:00+00:00,Merrill Kelly,3.5,over,-186,novig,211350,Arizona Diamondbacks,Miami Marlins,2026-09-17T01:38:51.217677+00:00,2026-09-17T21:36:49.175811+00:00,2026-09-17T17:36:49.175811-04:00,2026-09-17T17:36:49.175811-04:00,propline_free_sample
2026-09-16,2026-09-17 01:40:00+00:00,Merrill Kelly,3.5,under,153,novig,211350,Arizona Diamondbacks,Miami Marlins,2026-09-17T01:30:30.319964+00:00,2026-09-17T21:36:49.175811+00:00,2026-09-17T17:36:49.175811-04:00,2026-09-17T17:36:49.175811-04:00,propline_free_sample
2026-09-16,2026-09-17 01:40:00+00:00,Ryan Gusto,3.5,over,-111,novig,211350,Arizona Diamondbacks,Miami Marlins,2026-09-17T01:26:19.465243+00:00,2026-09-17T21:36:49.175811+00:00,2026-09-17T17:36:49.175811-04:00,2026-09-17T17:36:49.175811-04:00,propline_free_sample
2026-09-16,2026-09-17 01:40:00+00:00,Ryan Gusto,3.5,under,-106,novig,211350,Arizona Diamondbacks,Miami Marlins,2026-09-17T01:27:46.503484+00:00,2026-09-17T21:36:49.175811+00:00,2026-09-17T17:36:49.175811-04:00,2026-09-17T17:36:49.175811-04:00,propline_free_sample
2026-09-16,2026-09-17 01:40:00+00:00,Merrill Kelly,3.5,under,9900,kalshi,211350,Arizona Diamondbacks,Miami Marlins,2026-09-16T23:39:33.638543+00:00,2026-09-17T21:36:49.175811+00:00,2026-09-17T17:36:49.175811-04:00,2026-09-17T17:36:49.175811-04:00,propline_free_sample
2026-09-16,2026-09-17 01:40:00+00:00,Ryan Gusto,3.5,under,9900,kalshi,211350,Arizona Diamondbacks,Miami Marlins,2026-09-16T21:15:31.468155+00:00,2026-09-17T21:36:49.175811+00:00,2026-09-17T17:36:49.175811-04:00,2026-09-17T17:36:49.175811-04:00,propline_free_sample
2026-09-16,2026-09-17 01:40:00+00:00,Ryan Gusto,3.5,over,100,prizepicks,211350,Arizona Diamondbacks,Miami Marlins,2026-09-16T05:03:01.958416+00:00,2026-09-17T21:36:49.175811+00:00,2026-09-17T17:36:49.175811-04:00,2026-09-17T17:36:49.175811-04:00,propline_free_sample
2026-09-16,2026-09-17 01:40:00+00:00,Ryan Gusto,3.5,under,100,prizepicks,211350,Arizona Diamondbacks,Miami Marlins,2026-09-16T05:03:01.958416+00:00,2026-09-17T21:36:49.175811+00:00,2026-09-17T17:36:49.175811-04:00,2026-09-17T17:36:49.175811-04:00,propline_free_sample
2026-09-16,2026-09-17 01:40:00+00:00,Merrill Kelly,4.5,over,100,prizepicks,211350,Arizona Diamondbacks,Miami Marlins,2026-09-16T05:03:01.958416+00:00,2026-09-17T21:36:49.175811+00:00,2026-09-17T17:36:49.175811-04:00,2026-09-17T17:36:49.175811-04:00,propline_free_sample
2026-09-16,2026-09-17 01:40:00+00:00,Ryan Gusto,4.5,over,100,prizepicks,211350,Arizona Diamondbacks,Miami Marlins,2026-09-16T05:03:01.958416+00:00,2026-09-17T21:36:49.175811+00:00,2026-09-17T17:36:49.175811-04:00,2026-09-17T17:36:49.175811-04:00,propline_free_sample
2026-09-16,2026-09-17 01:40:00+00:00,Merrill Kelly,4.5,under,100,prizepicks,211350,Arizona Diamondbacks,Miami Marlins,2026-09-16T05:03:01.958416+00:00,2026-09-17T21:36:49.175811+00:00,2026-09-17T17:36:49.175811-04:00,2026-09-17T17:36:49.175811-04:00,propline_free_sample
2026-09-16,2026-09-17 01:40:00+00:00,Ryan Gusto,4.5,under,100,prizepicks,211350,Arizona Diamondbacks,Miami Marlins,2026-09-16T05:03:01.958416+00:00,2026-09-17T21:36:49.175811+00:00,2026-09-17T17:36:49.175811-04:00,2026-09-17T17:36:49.175811-04:00,propline_free_sample
2026-09-16,2026-09-17 01:40:00+00:00,Merrill Kelly,5.5,over,100,prizepicks,211350,Arizona Diamondbacks,Miami Marlins,2026-09-16T05:03:01.958416+00:00,2026-09-17T21:36:49.175811+00:00,2026-09-17T17:36:49.175811-04:00,2026-09-17T17:36:49.175811-04:00,propline_free_sample
2026-09-16,2026-09-17 01:40:00+00:00,Ryan Gusto,5.5,over,100,prizepicks,211350,Arizona Diamondbacks,Miami Marlins,2026-09-16T05:03:01.958416+00:00,2026-09-17T21:36:49.175811+00:00,2026-09-17T17:36:49.175811-04:00,2026-09-17T17:36:49.175811-04:00,propline_free_sample
2026-09-16,2026-09-17 01:40:00+00:00,Merrill Kelly,5.5,under,100,prizepicks,211350,Arizona Diamondbacks,Miami Marlins,2026-09-16T05:03:01.958416+00:00,2026-09-17T21:36:49.175811+00:00,2026-09-17T17:36:49.175811-04:00,2026-09-17T17:36:49.175811-04:00,propline_free_sample
2026-09-16,2026-09-17 01:40:00+00:00,Ryan Gusto,5.5,under,100,prizepicks,211350,Arizona Diamondbacks,Miami Marlins,2026-09-16T05:03:01.958416+00:00,2026-09-17T21:36:49.175811+00:00,2026-09-17T17:36:49.175811-04:00,2026-09-17T17:36:49.175811-04:00,propline_free_sample
2026-09-16,2026-09-17 01:40:00+00:00,Merrill Kelly,7.5,over,100,prizepicks,211350,Arizona Diamondbacks,Miami Marlins,2026-09-16T05:03:01.958416+00:00,2026-09-17T21:36:49.175811+00:00,2026-09-17T17:36:49.175811-04:00,2026-09-17T17:36:49.175811-04:00,propline_free_sample
2026-09-16,2026-09-17 01:40:00+00:00,Ryan Gusto,7.5,over,100,prizepicks,211350,Arizona Diamondbacks,Miami Marlins,2026-09-16T05:03:01.958416+00:00,2026-09-17T21:36:49.175811+00:00,2026-09-17T17:36:49.175811-04:00,2026-09-17T17:36:49.175811-04:00,propline_free_sample
2026-09-16,2026-09-17 01:40:00+00:00,Merrill Kelly,2.5,over,100,prizepicks,211350,Arizona Diamondbacks,Miami Marlins,2026-09-16T05:03:01.958416+00:00,2026-09-17T21:36:49.175811+00:00,2026-09-17T17:36:49.175811-04:00,2026-09-17T17:36:49.175811-04:00,propline_free_sample
2026-09-16,2026-09-17 01:40:00+00:00,Ryan Gusto,2.5,over,100,prizepicks,211350,Arizona Diamondbacks,Miami Marlins,2026-09-16T05:03:01.958416+00:00,2026-09-17T21:36:49.175811+00:00,2026-09-17T17:36:49.175811-04:00,2026-09-17T17:36:49.175811-04:00,propline_free_sample
2026-09-16,2026-09-17 01:40:00+00:00,Merrill Kelly,2.5,under,100,prizepicks,211350,Arizona Diamondbacks,Miami Marlins,2026-09-16T05:03:01.958416+00:00,2026-09-17T21:36:49.175811+00:00,2026-09-17T17:36:49.175811-04:00,2026-09-17T17:36:49.175811-04:00,propline_free_sample
2026-09-16,2026-09-17 01:40:00+00:00,Ryan Gusto,2.5,under,100,prizepicks,211350,Arizona Diamondbacks,Miami Marlins,2026-09-16T05:03:01.958416+00:00,2026-09-17T21:36:49.175811+00:00,2026-09-17T17:36:49.175811-04:00,2026-09-17T17:36:49.175811-04:00,propline_free_sample
2026-09-16,2026-09-17 01:40:00+00:00,Merrill Kelly,3.5,over,-200,prophetx,211350,Arizona Diamondbacks,Miami Marlins,2026-09-17T01:28:20.719596+00:00,2026-09-17T21:36:49.175811+00:00,2026-09-17T17:36:49.175811-04:00,2026-09-17T17:36:49.175811-04:00,propline_free_sample
2026-09-16,2026-09-17 01:40:00+00:00,Merrill Kelly,3.5,under,172,prophetx,211350,Arizona Diamondbacks,Miami Marlins,2026-09-16T23:52:13.661044+00:00,2026-09-17T21:36:49.175811+00:00,2026-09-17T17:36:49.175811-04:00,2026-09-17T17:36:49.175811-04:00,propline_free_sample
2026-09-16,2026-09-17 01:40:00+00:00,Ryan Gusto,3.5,over,-105,prophetx,211350,Arizona Diamondbacks,Miami Marlins,2026-09-16T23:04:58.009545+00:00,2026-09-17T21:36:49.175811+00:00,2026-09-17T17:36:49.175811-04:00,2026-09-17T17:36:49.175811-04:00,propline_free_sample
2026-09-16,2026-09-17 01:40:00+00:00,Ryan Gusto,3.5,under,104,prophetx,211350,Arizona Diamondbacks,Miami Marlins,2026-09-16T13:36:39.454801+00:00,2026-09-17T21:36:49.175811+00:00,2026-09-17T17:36:49.175811-04:00,2026-09-17T17:36:49.175811-04:00,propline_free_sample
2026-09-16,2026-09-17 01:40:00+00:00,Ryan Gusto,1.5,over,100,prizepicks,211350,Arizona Diamondbacks,Miami Marlins,2026-09-16T05:27:28.756209+00:00,2026-09-17T21:36:49.175811+00:00,2026-09-17T17:36:49.175811-04:00,2026-09-17T17:36:49.175811-04:00,propline_free_sample
2026-09-16,2026-09-17 01:40:00+00:00,Ryan Gusto,1.5,under,100,prizepicks,211350,Arizona Diamondbacks,Miami Marlins,2026-09-16T05:27:28.756209+00:00,2026-09-17T21:36:49.175811+00:00,2026-09-17T17:36:49.175811-04:00,2026-09-17T17:36:49.175811-04:00,propline_free_sample
2026-09-16,2026-09-17 01:40:00+00:00,Merrill Kelly,2.5,over,-456,polymarket_us,211350,Arizona Diamondbacks,Miami Marlins,2026-09-17T01:12:25.756167+00:00,2026-09-17T21:36:49.175811+00:00,2026-09-17T17:36:49.175811-04:00,2026-09-17T17:36:49.175811-04:00,propline_free_sample
2026-09-16,2026-09-17 01:40:00+00:00,Merrill Kelly,2.5,under,9900,polymarket_us,211350,Arizona Diamondbacks,Miami Marlins,2026-09-17T01:04:02.403822+00:00,2026-09-17T21:36:49.175811+00:00,2026-09-17T17:36:49.175811-04:00,2026-09-17T17:36:49.175811-04:00,propline_free_sample
2026-09-16,2026-09-17 01:40:00+00:00,Merrill Kelly,3.5,over,-1150,polymarket_us,211350,Arizona Diamondbacks,Miami Marlins,2026-09-17T01:36:09.495691+00:00,2026-09-17T21:36:49.175811+00:00,2026-09-17T17:36:49.175811-04:00,2026-09-17T17:36:49.175811-04:00,propline_free_sample
2026-09-16,2026-09-17 01:40:00+00:00,Merrill Kelly,3.5,under,9900,polymarket_us,211350,Arizona Diamondbacks,Miami Marlins,2026-09-17T01:36:09.495691+00:00,2026-09-17T21:36:49.175811+00:00,2026-09-17T17:36:49.175811-04:00,2026-09-17T17:36:49.175811-04:00,propline_free_sample
2026-09-16,2026-09-17 01:40:00+00:00,Ryan Gusto,6.5,over,9900,polymarket_us,211350,Arizona Diamondbacks,Miami Marlins,2026-09-16T20:06:12.957368+00:00,2026-09-17T21:36:49.175811+00:00,2026-09-17T17:36:49.175811-04:00,2026-09-17T17:36:49.175811-04:00,propline_free_sample
2026-09-16,2026-09-17 01:40:00+00:00,Ryan Gusto,2.5,over,-1150,polymarket_us,211350,Arizona Diamondbacks,Miami Marlins,2026-09-16T21:21:50.633659+00:00,2026-09-17T21:36:49.175811+00:00,2026-09-17T17:36:49.175811-04:00,2026-09-17T17:36:49.175811-04:00,propline_free_sample
2026-09-16,2026-09-17 01:40:00+00:00,Merrill Kelly,7.5,over,-456,polymarket_us,211350,Arizona Diamondbacks,Miami Marlins,2026-09-17T01:18:17.469602+00:00,2026-09-17T21:36:49.175811+00:00,2026-09-17T17:36:49.175811-04:00,2026-09-17T17:36:49.175811-04:00,propline_free_sample
2026-09-16,2026-09-17 01:40:00+00:00,Ryan Gusto,3.5,over,-122,polymarket_us,211350,Arizona Diamondbacks,Miami Marlins,2026-09-17T01:21:10.078901+00:00,2026-09-17T21:36:49.175811+00:00,2026-09-17T17:36:49.175811-04:00,2026-09-17T17:36:49.175811-04:00,propline_free_sample
2026-09-16,2026-09-17 01:40:00+00:00,Ryan Gusto,3.5,under,9900,polymarket_us,211350,Arizona Diamondbacks,Miami Marlins,2026-09-17T01:21:10.078901+00:00,2026-09-17T21:36:49.175811+00:00,2026-09-17T17:36:49.175811-04:00,2026-09-17T17:36:49.175811-04:00,propline_free_sample
2026-09-16,2026-09-17 01:40:00+00:00,Merrill Kelly,6.5,over,-233,polymarket_us,211350,Arizona Diamondbacks,Miami Marlins,2026-09-17T01:12:25.756167+00:00,2026-09-17T21:36:49.175811+00:00,2026-09-17T17:36:49.175811-04:00,2026-09-17T17:36:49.175811-04:00,propline_free_sample
2026-09-16,2026-09-17 01:40:00+00:00,Ryan Gusto,7.5,over,9900,polymarket_us,211350,Arizona Diamondbacks,Miami Marlins,2026-09-17T01:18:17.469602+00:00,2026-09-17T21:36:49.175811+00:00,2026-09-17T17:36:49.175811-04:00,2026-09-17T17:36:49.175811-04:00,propline_free_sample
2026-09-16,2026-09-17 01:40:00+00:00,Merrill Kelly,1.5,under,9900,polymarket_us,211350,Arizona Diamondbacks,Miami Marlins,2026-09-16T20:45:52.940817+00:00,2026-09-17T21:36:49.175811+00:00,2026-09-17T17:36:49.175811-04:00,2026-09-17T17:36:49.175811-04:00,propline_free_sample
2026-09-16,2026-09-17 01:40:00+00:00,Ryan Gusto,2.5,under,9900,polymarket_us,211350,Arizona Diamondbacks,Miami Marlins,2026-09-16T21:43:45.793505+00:00,2026-09-17T21:36:49.175811+00:00,2026-09-17T17:36:49.175811-04:00,2026-09-17T17:36:49.175811-04:00,propline_free_sample
2026-09-16,2026-09-17 01:40:00+00:00,Ryan Gusto,3.5,over,-120,fanduel,211350,Arizona Diamondbacks,Miami Marlins,2026-09-16T23:13:23.383179+00:00,2026-09-17T21:36:49.175811+00:00,2026-09-17T17:36:49.175811-04:00,2026-09-17T17:36:49.175811-04:00,propline_free_sample
2026-09-16,2026-09-17 01:40:00+00:00,Ryan Gusto,3.5,under,-106,fanduel,211350,Arizona Diamondbacks,Miami Marlins,2026-09-16T23:13:23.383179+00:00,2026-09-17T21:36:49.175811+00:00,2026-09-17T17:36:49.175811-04:00,2026-09-17T17:36:49.175811-04:00,propline_free_sample
2026-09-16,2026-09-17 01:40:00+00:00,Ryan Gusto (MIA),3.5,over,-150,bovada,211350,Arizona Diamondbacks,Miami Marlins,2026-09-16T23:18:34.961701+00:00,2026-09-17T21:36:49.175811+00:00,2026-09-17T17:36:49.175811-04:00,2026-09-17T17:36:49.175811-04:00,propline_free_sample
2026-09-16,2026-09-17 01:40:00+00:00,Ryan Gusto (MIA),3.5,under,115,bovada,211350,Arizona Diamondbacks,Miami Marlins,2026-09-16T23:18:34.961701+00:00,2026-09-17T21:36:49.175811+00:00,2026-09-17T17:36:49.175811-04:00,2026-09-17T17:36:49.175811-04:00,propline_free_sample
2026-09-16,2026-09-17 01:40:00+00:00,Ryan Gusto,1.5,under,9900,kalshi,211350,Arizona Diamondbacks,Miami Marlins,2026-09-17T01:39:11.134218+00:00,2026-09-17T21:36:49.175811+00:00,2026-09-17T17:36:49.175811-04:00,2026-09-17T17:36:49.175811-04:00,propline_free_sample
2026-09-16,2026-09-17 01:40:00+00:00,Merrill Kelly,2.5,under,9900,kalshi,211350,Arizona Diamondbacks,Miami Marlins,2026-09-16T16:13:40.765683+00:00,2026-09-17T21:36:49.175811+00:00,2026-09-17T17:36:49.175811-04:00,2026-09-17T17:36:49.175811-04:00,propline_free_sample
