date,commence_time_utc,pitcher_name,line,side,price,sportsbook,event_id,home_team,away_team,vendor_snapshot_time,collected_at_utc,collected_at_et,snapshot_time_et,source
2026-09-15,2026-09-16 01:40:00+00:00,Janson Junk,2.5,over,-122,fanduel,210420,Arizona Diamondbacks,Miami Marlins,2026-09-16T01:25:04.200766+00:00,2026-09-16T06:26:52.032913+00:00,2026-09-16T02:26:52.032913-04:00,2026-09-16T02:26:52.032913-04:00,propline_free_sample
2026-09-15,2026-09-16 01:40:00+00:00,Janson Junk,2.5,under,-104,fanduel,210420,Arizona Diamondbacks,Miami Marlins,2026-09-16T01:25:04.200766+00:00,2026-09-16T06:26:52.032913+00:00,2026-09-16T02:26:52.032913-04:00,2026-09-16T02:26:52.032913-04:00,propline_free_sample
2026-09-15,2026-09-16 01:40:00+00:00,Michael Soroka,4.5,over,128,fanduel,210420,Arizona Diamondbacks,Miami Marlins,2026-09-16T01:16:11.550455+00:00,2026-09-16T06:26:52.032913+00:00,2026-09-16T02:26:52.032913-04:00,2026-09-16T02:26:52.032913-04:00,propline_free_sample
2026-09-15,2026-09-16 01:40:00+00:00,Michael Soroka,4.5,under,-164,fanduel,210420,Arizona Diamondbacks,Miami Marlins,2026-09-16T01:16:11.550455+00:00,2026-09-16T06:26:52.032913+00:00,2026-09-16T02:26:52.032913-04:00,2026-09-16T02:26:52.032913-04:00,propline_free_sample
2026-09-15,2026-09-16 01:40:00+00:00,Janson Junk,3.5,over,-175,fanatics,210420,Arizona Diamondbacks,Miami Marlins,2026-09-16T01:22:49.847233+00:00,2026-09-16T06:26:52.032913+00:00,2026-09-16T02:26:52.032913-04:00,2026-09-16T02:26:52.032913-04:00,propline_free_sample
2026-09-15,2026-09-16 01:40:00+00:00,Janson Junk,3.5,under,130,fanatics,210420,Arizona Diamondbacks,Miami Marlins,2026-09-16T01:22:49.847233+00:00,2026-09-16T06:26:52.032913+00:00,2026-09-16T02:26:52.032913-04:00,2026-09-16T02:26:52.032913-04:00,propline_free_sample
2026-09-15,2026-09-16 01:40:00+00:00,Michael Soroka,6.5,over,110,fanatics,210420,Arizona Diamondbacks,Miami Marlins,2026-09-16T01:36:09.889299+00:00,2026-09-16T06:26:52.032913+00:00,2026-09-16T02:26:52.032913-04:00,2026-09-16T02:26:52.032913-04:00,propline_free_sample
2026-09-15,2026-09-16 01:40:00+00:00,Michael Soroka,6.5,under,-145,fanatics,210420,Arizona Diamondbacks,Miami Marlins,2026-09-16T01:36:09.889299+00:00,2026-09-16T06:26:52.032913+00:00,2026-09-16T02:26:52.032913-04:00,2026-09-16T02:26:52.032913-04:00,propline_free_sample
2026-09-15,2026-09-16 01:40:00+00:00,Janson Junk (MIA),4.5,over,170,bovada,210420,Arizona Diamondbacks,Miami Marlins,2026-09-16T01:31:49.631341+00:00,2026-09-16T06:26:52.032913+00:00,2026-09-16T02:26:52.032913-04:00,2026-09-16T02:26:52.032913-04:00,propline_free_sample
2026-09-15,2026-09-16 01:40:00+00:00,Janson Junk (MIA),4.5,under,-225,bovada,210420,Arizona Diamondbacks,Miami Marlins,2026-09-16T01:31:49.631341+00:00,2026-09-16T06:26:52.032913+00:00,2026-09-16T02:26:52.032913-04:00,2026-09-16T02:26:52.032913-04:00,propline_free_sample
2026-09-15,2026-09-16 01:40:00+00:00,Michael Soroka (ARI),6.5,over,-145,bovada,210420,Arizona Diamondbacks,Miami Marlins,2026-09-16T01:36:50.602230+00:00,2026-09-16T06:26:52.032913+00:00,2026-09-16T02:26:52.032913-04:00,2026-09-16T02:26:52.032913-04:00,propline_free_sample
2026-09-15,2026-09-16 01:40:00+00:00,Michael Soroka (ARI),6.5,under,110,bovada,210420,Arizona Diamondbacks,Miami Marlins,2026-09-16T01:36:50.602230+00:00,2026-09-16T06:26:52.032913+00:00,2026-09-16T02:26:52.032913-04:00,2026-09-16T02:26:52.032913-04:00,propline_free_sample
2026-09-15,2026-09-16 01:40:00+00:00,Janson Junk,2.5,over,100,prizepicks,210420,Arizona Diamondbacks,Miami Marlins,2026-09-15T01:38:41.938829+00:00,2026-09-16T06:26:52.032913+00:00,2026-09-16T02:26:52.032913-04:00,2026-09-16T02:26:52.032913-04:00,propline_free_sample
2026-09-15,2026-09-16 01:40:00+00:00,Janson Junk,2.5,under,100,prizepicks,210420,Arizona Diamondbacks,Miami Marlins,2026-09-15T01:38:41.938829+00:00,2026-09-16T06:26:52.032913+00:00,2026-09-16T02:26:52.032913-04:00,2026-09-16T02:26:52.032913-04:00,propline_free_sample
2026-09-15,2026-09-16 01:40:00+00:00,Janson Junk,3.5,over,100,prizepicks,210420,Arizona Diamondbacks,Miami Marlins,2026-09-15T01:38:41.938829+00:00,2026-09-16T06:26:52.032913+00:00,2026-09-16T02:26:52.032913-04:00,2026-09-16T02:26:52.032913-04:00,propline_free_sample
2026-09-15,2026-09-16 01:40:00+00:00,Janson Junk,4.5,over,100,prizepicks,210420,Arizona Diamondbacks,Miami Marlins,2026-09-15T01:38:41.938829+00:00,2026-09-16T06:26:52.032913+00:00,2026-09-16T02:26:52.032913-04:00,2026-09-16T02:26:52.032913-04:00,propline_free_sample
2026-09-15,2026-09-16 01:40:00+00:00,Michael Soroka,4.5,over,100,prizepicks,210420,Arizona Diamondbacks,Miami Marlins,2026-09-15T01:38:41.938829+00:00,2026-09-16T06:26:52.032913+00:00,2026-09-16T02:26:52.032913-04:00,2026-09-16T02:26:52.032913-04:00,propline_free_sample
2026-09-15,2026-09-16 01:40:00+00:00,Michael Soroka,4.5,under,100,prizepicks,210420,Arizona Diamondbacks,Miami Marlins,2026-09-15T01:38:41.938829+00:00,2026-09-16T06:26:52.032913+00:00,2026-09-16T02:26:52.032913-04:00,2026-09-16T02:26:52.032913-04:00,propline_free_sample
2026-09-15,2026-09-16 01:40:00+00:00,Michael Soroka,5.5,over,100,prizepicks,210420,Arizona Diamondbacks,Miami Marlins,2026-09-15T01:38:41.938829+00:00,2026-09-16T06:26:52.032913+00:00,2026-09-16T02:26:52.032913-04:00,2026-09-16T02:26:52.032913-04:00,propline_free_sample
2026-09-15,2026-09-16 01:40:00+00:00,Michael Soroka,6.5,over,100,prizepicks,210420,Arizona Diamondbacks,Miami Marlins,2026-09-15T01:38:41.938829+00:00,2026-09-16T06:26:52.032913+00:00,2026-09-16T02:26:52.032913-04:00,2026-09-16T02:26:52.032913-04:00,propline_free_sample
2026-09-15,2026-09-16 01:40:00+00:00,Michael Soroka,2.5,over,100,prizepicks,210420,Arizona Diamondbacks,Miami Marlins,2026-09-15T01:38:41.938829+00:00,2026-09-16T06:26:52.032913+00:00,2026-09-16T02:26:52.032913-04:00,2026-09-16T02:26:52.032913-04:00,propline_free_sample
2026-09-15,2026-09-16 01:40:00+00:00,Michael Soroka,3.5,over,100,prizepicks,210420,Arizona Diamondbacks,Miami Marlins,2026-09-15T01:38:41.938829+00:00,2026-09-16T06:26:52.032913+00:00,2026-09-16T02:26:52.032913-04:00,2026-09-16T02:26:52.032913-04:00,propline_free_sample
2026-09-15,2026-09-16 01:40:00+00:00,Janson Junk,0.5,over,-1200,hardrock,210420,Arizona Diamondbacks,Miami Marlins,2026-09-15T12:01:42.278305+00:00,2026-09-16T06:26:52.032913+00:00,2026-09-16T02:26:52.032913-04:00,2026-09-16T02:26:52.032913-04:00,propline_free_sample
2026-09-15,2026-09-16 01:40:00+00:00,Janson Junk,0.5,under,475,hardrock,210420,Arizona Diamondbacks,Miami Marlins,2026-09-16T01:07:21.772536+00:00,2026-09-16T06:26:52.032913+00:00,2026-09-16T02:26:52.032913-04:00,2026-09-16T02:26:52.032913-04:00,propline_free_sample
2026-09-15,2026-09-16 01:40:00+00:00,Janson Junk,1.5,over,-200,hardrock,210420,Arizona Diamondbacks,Miami Marlins,2026-09-15T18:59:12.318092+00:00,2026-09-16T06:26:52.032913+00:00,2026-09-16T02:26:52.032913-04:00,2026-09-16T02:26:52.032913-04:00,propline_free_sample
2026-09-15,2026-09-16 01:40:00+00:00,Janson Junk,1.5,under,135,hardrock,210420,Arizona Diamondbacks,Miami Marlins,2026-09-15T19:09:18.600384+00:00,2026-09-16T06:26:52.032913+00:00,2026-09-16T02:26:52.032913-04:00,2026-09-16T02:26:52.032913-04:00,propline_free_sample
2026-09-15,2026-09-16 01:40:00+00:00,Janson Junk,2.5,over,160,hardrock,210420,Arizona Diamondbacks,Miami Marlins,2026-09-15T19:09:18.600384+00:00,2026-09-16T06:26:52.032913+00:00,2026-09-16T02:26:52.032913-04:00,2026-09-16T02:26:52.032913-04:00,propline_free_sample
2026-09-15,2026-09-16 01:40:00+00:00,Janson Junk,2.5,under,-240,hardrock,210420,Arizona Diamondbacks,Miami Marlins,2026-09-15T19:09:18.600384+00:00,2026-09-16T06:26:52.032913+00:00,2026-09-16T02:26:52.032913-04:00,2026-09-16T02:26:52.032913-04:00,propline_free_sample
2026-09-15,2026-09-16 01:40:00+00:00,Janson Junk,3.5,over,425,hardrock,210420,Arizona Diamondbacks,Miami Marlins,2026-09-15T18:59:12.318092+00:00,2026-09-16T06:26:52.032913+00:00,2026-09-16T02:26:52.032913-04:00,2026-09-16T02:26:52.032913-04:00,propline_free_sample
2026-09-15,2026-09-16 01:40:00+00:00,Janson Junk,3.5,under,-950,hardrock,210420,Arizona Diamondbacks,Miami Marlins,2026-09-15T18:44:16.564596+00:00,2026-09-16T06:26:52.032913+00:00,2026-09-16T02:26:52.032913-04:00,2026-09-16T02:26:52.032913-04:00,propline_free_sample
2026-09-15,2026-09-16 01:40:00+00:00,Janson Junk,4.5,over,1200,hardrock,210420,Arizona Diamondbacks,Miami Marlins,2026-09-15T18:38:05.952807+00:00,2026-09-16T06:26:52.032913+00:00,2026-09-16T02:26:52.032913-04:00,2026-09-16T02:26:52.032913-04:00,propline_free_sample
2026-09-15,2026-09-16 01:40:00+00:00,Janson Junk,4.5,under,-6000,hardrock,210420,Arizona Diamondbacks,Miami Marlins,2026-09-15T18:59:12.318092+00:00,2026-09-16T06:26:52.032913+00:00,2026-09-16T02:26:52.032913-04:00,2026-09-16T02:26:52.032913-04:00,propline_free_sample
2026-09-15,2026-09-16 01:40:00+00:00,Janson Junk,5.5,over,1300,hardrock,210420,Arizona Diamondbacks,Miami Marlins,2026-09-15T18:44:16.564596+00:00,2026-09-16T06:26:52.032913+00:00,2026-09-16T02:26:52.032913-04:00,2026-09-16T02:26:52.032913-04:00,propline_free_sample
2026-09-15,2026-09-16 01:40:00+00:00,Janson Junk,5.5,under,-6000,hardrock,210420,Arizona Diamondbacks,Miami Marlins,2026-09-15T18:44:16.564596+00:00,2026-09-16T06:26:52.032913+00:00,2026-09-16T02:26:52.032913-04:00,2026-09-16T02:26:52.032913-04:00,propline_free_sample
2026-09-15,2026-09-16 01:40:00+00:00,Janson Junk,6.5,over,4000,hardrock,210420,Arizona Diamondbacks,Miami Marlins,2026-09-15T08:18:36.584435+00:00,2026-09-16T06:26:52.032913+00:00,2026-09-16T02:26:52.032913-04:00,2026-09-16T02:26:52.032913-04:00,propline_free_sample
2026-09-15,2026-09-16 01:40:00+00:00,Janson Junk,6.5,under,-100000,hardrock,210420,Arizona Diamondbacks,Miami Marlins,2026-09-15T08:38:29.020056+00:00,2026-09-16T06:26:52.032913+00:00,2026-09-16T02:26:52.032913-04:00,2026-09-16T02:26:52.032913-04:00,propline_free_sample
2026-09-15,2026-09-16 01:40:00+00:00,Michael Soroka,0.5,over,-5000,hardrock,210420,Arizona Diamondbacks,Miami Marlins,2026-09-15T22:32:45.164384+00:00,2026-09-16T06:26:52.032913+00:00,2026-09-16T02:26:52.032913-04:00,2026-09-16T02:26:52.032913-04:00,propline_free_sample
2026-09-15,2026-09-16 01:40:00+00:00,Michael Soroka,0.5,under,1100,hardrock,210420,Arizona Diamondbacks,Miami Marlins,2026-09-15T01:48:45.119384+00:00,2026-09-16T06:26:52.032913+00:00,2026-09-16T02:26:52.032913-04:00,2026-09-16T02:26:52.032913-04:00,propline_free_sample
2026-09-15,2026-09-16 01:40:00+00:00,Michael Soroka,1.5,over,-800,hardrock,210420,Arizona Diamondbacks,Miami Marlins,2026-09-15T23:03:47.848083+00:00,2026-09-16T06:26:52.032913+00:00,2026-09-16T02:26:52.032913-04:00,2026-09-16T02:26:52.032913-04:00,propline_free_sample
2026-09-15,2026-09-16 01:40:00+00:00,Michael Soroka,1.5,under,375,hardrock,210420,Arizona Diamondbacks,Miami Marlins,2026-09-15T22:24:55.168431+00:00,2026-09-16T06:26:52.032913+00:00,2026-09-16T02:26:52.032913-04:00,2026-09-16T02:26:52.032913-04:00,propline_free_sample
2026-09-15,2026-09-16 01:40:00+00:00,Michael Soroka,2.5,over,-240,hardrock,210420,Arizona Diamondbacks,Miami Marlins,2026-09-15T22:32:45.164384+00:00,2026-09-16T06:26:52.032913+00:00,2026-09-16T02:26:52.032913-04:00,2026-09-16T02:26:52.032913-04:00,propline_free_sample
2026-09-15,2026-09-16 01:40:00+00:00,Michael Soroka,2.5,under,155,hardrock,210420,Arizona Diamondbacks,Miami Marlins,2026-09-15T21:39:48.296943+00:00,2026-09-16T06:26:52.032913+00:00,2026-09-16T02:26:52.032913-04:00,2026-09-16T02:26:52.032913-04:00,propline_free_sample
2026-09-15,2026-09-16 01:40:00+00:00,Michael Soroka,3.5,over,-4000,hardrock,210420,Arizona Diamondbacks,Miami Marlins,2026-09-16T01:13:38.704469+00:00,2026-09-16T06:26:52.032913+00:00,2026-09-16T02:26:52.032913-04:00,2026-09-16T02:26:52.032913-04:00,propline_free_sample
2026-09-15,2026-09-16 01:40:00+00:00,Michael Soroka,3.5,under,850,hardrock,210420,Arizona Diamondbacks,Miami Marlins,2026-09-15T22:32:45.164384+00:00,2026-09-16T06:26:52.032913+00:00,2026-09-16T02:26:52.032913-04:00,2026-09-16T02:26:52.032913-04:00,propline_free_sample
2026-09-15,2026-09-16 01:40:00+00:00,Michael Soroka,4.5,over,-450,hardrock,210420,Arizona Diamondbacks,Miami Marlins,2026-09-15T22:32:45.164384+00:00,2026-09-16T06:26:52.032913+00:00,2026-09-16T02:26:52.032913-04:00,2026-09-16T02:26:52.032913-04:00,propline_free_sample
2026-09-15,2026-09-16 01:40:00+00:00,Michael Soroka,4.5,under,260,hardrock,210420,Arizona Diamondbacks,Miami Marlins,2026-09-16T01:13:38.704469+00:00,2026-09-16T06:26:52.032913+00:00,2026-09-16T02:26:52.032913-04:00,2026-09-16T02:26:52.032913-04:00,propline_free_sample
2026-09-15,2026-09-16 01:40:00+00:00,Michael Soroka,5.5,over,-125,hardrock,210420,Arizona Diamondbacks,Miami Marlins,2026-09-16T01:13:38.704469+00:00,2026-09-16T06:26:52.032913+00:00,2026-09-16T02:26:52.032913-04:00,2026-09-16T02:26:52.032913-04:00,propline_free_sample
2026-09-15,2026-09-16 01:40:00+00:00,Michael Soroka,5.5,under,-115,hardrock,210420,Arizona Diamondbacks,Miami Marlins,2026-09-15T22:24:55.168431+00:00,2026-09-16T06:26:52.032913+00:00,2026-09-16T02:26:52.032913-04:00,2026-09-16T02:26:52.032913-04:00,propline_free_sample
2026-09-15,2026-09-16 01:40:00+00:00,Michael Soroka,6.5,over,220,hardrock,210420,Arizona Diamondbacks,Miami Marlins,2026-09-15T22:32:45.164384+00:00,2026-09-16T06:26:52.032913+00:00,2026-09-16T02:26:52.032913-04:00,2026-09-16T02:26:52.032913-04:00,propline_free_sample
2026-09-15,2026-09-16 01:40:00+00:00,Michael Soroka,6.5,under,-350,hardrock,210420,Arizona Diamondbacks,Miami Marlins,2026-09-16T01:13:38.704469+00:00,2026-09-16T06:26:52.032913+00:00,2026-09-16T02:26:52.032913-04:00,2026-09-16T02:26:52.032913-04:00,propline_free_sample
2026-09-15,2026-09-16 01:40:00+00:00,Michael Soroka,7.5,over,525,hardrock,210420,Arizona Diamondbacks,Miami Marlins,2026-09-16T01:13:38.704469+00:00,2026-09-16T06:26:52.032913+00:00,2026-09-16T02:26:52.032913-04:00,2026-09-16T02:26:52.032913-04:00,propline_free_sample
2026-09-15,2026-09-16 01:40:00+00:00,Michael Soroka,7.5,under,-1600,hardrock,210420,Arizona Diamondbacks,Miami Marlins,2026-09-15T22:24:55.168431+00:00,2026-09-16T06:26:52.032913+00:00,2026-09-16T02:26:52.032913-04:00,2026-09-16T02:26:52.032913-04:00,propline_free_sample
2026-09-15,2026-09-16 01:40:00+00:00,Michael Soroka,8.5,over,2000,hardrock,210420,Arizona Diamondbacks,Miami Marlins,2026-09-15T22:32:45.164384+00:00,2026-09-16T06:26:52.032913+00:00,2026-09-16T02:26:52.032913-04:00,2026-09-16T02:26:52.032913-04:00,propline_free_sample
2026-09-15,2026-09-16 01:40:00+00:00,Michael Soroka,8.5,under,-10000,hardrock,210420,Arizona Diamondbacks,Miami Marlins,2026-09-16T01:13:38.704469+00:00,2026-09-16T06:26:52.032913+00:00,2026-09-16T02:26:52.032913-04:00,2026-09-16T02:26:52.032913-04:00,propline_free_sample
2026-09-15,2026-09-16 01:40:00+00:00,Michael Soroka,9.5,over,4000,hardrock,210420,Arizona Diamondbacks,Miami Marlins,2026-09-15T01:48:45.119384+00:00,2026-09-16T06:26:52.032913+00:00,2026-09-16T02:26:52.032913-04:00,2026-09-16T02:26:52.032913-04:00,propline_free_sample
2026-09-15,2026-09-16 01:40:00+00:00,Michael Soroka,9.5,under,-20000,hardrock,210420,Arizona Diamondbacks,Miami Marlins,2026-09-16T01:13:38.704469+00:00,2026-09-16T06:26:52.032913+00:00,2026-09-16T02:26:52.032913-04:00,2026-09-16T02:26:52.032913-04:00,propline_free_sample
2026-09-15,2026-09-16 01:40:00+00:00,Janson Junk,3.5,under,100,prizepicks,210420,Arizona Diamondbacks,Miami Marlins,2026-09-15T01:52:10.542581+00:00,2026-09-16T06:26:52.032913+00:00,2026-09-16T02:26:52.032913-04:00,2026-09-16T02:26:52.032913-04:00,propline_free_sample
2026-09-15,2026-09-16 01:40:00+00:00,Janson Junk,4.5,under,100,prizepicks,210420,Arizona Diamondbacks,Miami Marlins,2026-09-15T01:52:10.542581+00:00,2026-09-16T06:26:52.032913+00:00,2026-09-16T02:26:52.032913-04:00,2026-09-16T02:26:52.032913-04:00,propline_free_sample
2026-09-15,2026-09-16 01:40:00+00:00,Janson Junk,5.5,over,100,prizepicks,210420,Arizona Diamondbacks,Miami Marlins,2026-09-15T01:52:10.542581+00:00,2026-09-16T06:26:52.032913+00:00,2026-09-16T02:26:52.032913-04:00,2026-09-16T02:26:52.032913-04:00,propline_free_sample
2026-09-15,2026-09-16 01:40:00+00:00,Janson Junk,1.5,over,100,prizepicks,210420,Arizona Diamondbacks,Miami Marlins,2026-09-15T01:52:10.542581+00:00,2026-09-16T06:26:52.032913+00:00,2026-09-16T02:26:52.032913-04:00,2026-09-16T02:26:52.032913-04:00,propline_free_sample
2026-09-15,2026-09-16 01:40:00+00:00,Janson Junk,1.5,under,100,prizepicks,210420,Arizona Diamondbacks,Miami Marlins,2026-09-15T01:52:10.542581+00:00,2026-09-16T06:26:52.032913+00:00,2026-09-16T02:26:52.032913-04:00,2026-09-16T02:26:52.032913-04:00,propline_free_sample
2026-09-15,2026-09-16 01:40:00+00:00,Janson Junk,2.5,over,-147,sleeper,210420,Arizona Diamondbacks,Miami Marlins,2026-09-16T01:16:10.806191+00:00,2026-09-16T06:26:52.032913+00:00,2026-09-16T02:26:52.032913-04:00,2026-09-16T02:26:52.032913-04:00,propline_free_sample
2026-09-15,2026-09-16 01:40:00+00:00,Janson Junk,2.5,under,-112,sleeper,210420,Arizona Diamondbacks,Miami Marlins,2026-09-16T01:16:10.806191+00:00,2026-09-16T06:26:52.032913+00:00,2026-09-16T02:26:52.032913-04:00,2026-09-16T02:26:52.032913-04:00,propline_free_sample
2026-09-15,2026-09-16 01:40:00+00:00,Michael Soroka,5.5,under,100,prizepicks,210420,Arizona Diamondbacks,Miami Marlins,2026-09-15T02:02:53.068240+00:00,2026-09-16T06:26:52.032913+00:00,2026-09-16T02:26:52.032913-04:00,2026-09-16T02:26:52.032913-04:00,propline_free_sample
2026-09-15,2026-09-16 01:40:00+00:00,Michael Soroka,6.5,under,100,prizepicks,210420,Arizona Diamondbacks,Miami Marlins,2026-09-15T02:02:53.068240+00:00,2026-09-16T06:26:52.032913+00:00,2026-09-16T02:26:52.032913-04:00,2026-09-16T02:26:52.032913-04:00,propline_free_sample
2026-09-15,2026-09-16 01:40:00+00:00,Michael Soroka,2.5,under,100,prizepicks,210420,Arizona Diamondbacks,Miami Marlins,2026-09-15T02:02:53.068240+00:00,2026-09-16T06:26:52.032913+00:00,2026-09-16T02:26:52.032913-04:00,2026-09-16T02:26:52.032913-04:00,propline_free_sample
2026-09-15,2026-09-16 01:40:00+00:00,Michael Soroka,3.5,under,100,prizepicks,210420,Arizona Diamondbacks,Miami Marlins,2026-09-15T02:02:53.068240+00:00,2026-09-16T06:26:52.032913+00:00,2026-09-16T02:26:52.032913-04:00,2026-09-16T02:26:52.032913-04:00,propline_free_sample
2026-09-15,2026-09-16 01:40:00+00:00,Michael Soroka,8.5,over,100,prizepicks,210420,Arizona Diamondbacks,Miami Marlins,2026-09-15T02:02:53.068240+00:00,2026-09-16T06:26:52.032913+00:00,2026-09-16T02:26:52.032913-04:00,2026-09-16T02:26:52.032913-04:00,propline_free_sample
2026-09-15,2026-09-16 01:40:00+00:00,Janson Junk,2.5,over,-123,prophetx,210420,Arizona Diamondbacks,Miami Marlins,2026-09-16T00:51:06.471137+00:00,2026-09-16T06:26:52.032913+00:00,2026-09-16T02:26:52.032913-04:00,2026-09-16T02:26:52.032913-04:00,propline_free_sample
2026-09-15,2026-09-16 01:40:00+00:00,Janson Junk,2.5,under,113,prophetx,210420,Arizona Diamondbacks,Miami Marlins,2026-09-15T23:58:14.123964+00:00,2026-09-16T06:26:52.032913+00:00,2026-09-16T02:26:52.032913-04:00,2026-09-16T02:26:52.032913-04:00,propline_free_sample
2026-09-15,2026-09-16 01:40:00+00:00,Michael Soroka,4.5,over,130,prophetx,210420,Arizona Diamondbacks,Miami Marlins,2026-09-16T01:17:27.384017+00:00,2026-09-16T06:26:52.032913+00:00,2026-09-16T02:26:52.032913-04:00,2026-09-16T02:26:52.032913-04:00,propline_free_sample
2026-09-15,2026-09-16 01:40:00+00:00,Michael Soroka,4.5,under,-158,prophetx,210420,Arizona Diamondbacks,Miami Marlins,2026-09-15T23:13:18.634084+00:00,2026-09-16T06:26:52.032913+00:00,2026-09-16T02:26:52.032913-04:00,2026-09-16T02:26:52.032913-04:00,propline_free_sample
2026-09-15,2026-09-16 01:40:00+00:00,Janson Junk,2.5,over,-130,underdog,210420,Arizona Diamondbacks,Miami Marlins,2026-09-15T19:41:06.685649+00:00,2026-09-16T06:26:52.032913+00:00,2026-09-16T02:26:52.032913-04:00,2026-09-16T02:26:52.032913-04:00,propline_free_sample
2026-09-15,2026-09-16 01:40:00+00:00,Michael Soroka,6.5,over,134,underdog,210420,Arizona Diamondbacks,Miami Marlins,2026-09-16T01:32:13.765982+00:00,2026-09-16T06:26:52.032913+00:00,2026-09-16T02:26:52.032913-04:00,2026-09-16T02:26:52.032913-04:00,propline_free_sample
2026-09-15,2026-09-16 01:40:00+00:00,Janson Junk,2.5,under,-114,underdog,210420,Arizona Diamondbacks,Miami Marlins,2026-09-15T19:41:06.685649+00:00,2026-09-16T06:26:52.032913+00:00,2026-09-16T02:26:52.032913-04:00,2026-09-16T02:26:52.032913-04:00,propline_free_sample
2026-09-15,2026-09-16 01:40:00+00:00,Michael Soroka,6.5,under,-200,underdog,210420,Arizona Diamondbacks,Miami Marlins,2026-09-16T01:32:13.765982+00:00,2026-09-16T06:26:52.032913+00:00,2026-09-16T02:26:52.032913-04:00,2026-09-16T02:26:52.032913-04:00,propline_free_sample
2026-09-15,2026-09-16 01:40:00+00:00,Janson Junk,2.5,over,-106,dabble,210420,Arizona Diamondbacks,Miami Marlins,2026-09-16T00:48:36.664957+00:00,2026-09-16T06:26:52.032913+00:00,2026-09-16T02:26:52.032913-04:00,2026-09-16T02:26:52.032913-04:00,propline_free_sample
2026-09-15,2026-09-16 01:40:00+00:00,Michael Soroka,4.5,over,123,dabble,210420,Arizona Diamondbacks,Miami Marlins,2026-09-16T00:48:36.664957+00:00,2026-09-16T06:26:52.032913+00:00,2026-09-16T02:26:52.032913-04:00,2026-09-16T02:26:52.032913-04:00,propline_free_sample
2026-09-15,2026-09-16 01:40:00+00:00,Janson Junk,2.5,under,107,dabble,210420,Arizona Diamondbacks,Miami Marlins,2026-09-16T00:48:36.664957+00:00,2026-09-16T06:26:52.032913+00:00,2026-09-16T02:26:52.032913-04:00,2026-09-16T02:26:52.032913-04:00,propline_free_sample
2026-09-15,2026-09-16 01:40:00+00:00,Michael Soroka,4.5,under,-122,dabble,210420,Arizona Diamondbacks,Miami Marlins,2026-09-16T00:48:36.664957+00:00,2026-09-16T06:26:52.032913+00:00,2026-09-16T02:26:52.032913-04:00,2026-09-16T02:26:52.032913-04:00,propline_free_sample
2026-09-15,2026-09-16 01:40:00+00:00,Janson Junk,2.5,over,-127,smarkets,210420,Arizona Diamondbacks,Miami Marlins,2026-09-16T01:11:27.944807+00:00,2026-09-16T06:26:52.032913+00:00,2026-09-16T02:26:52.032913-04:00,2026-09-16T02:26:52.032913-04:00,propline_free_sample
2026-09-15,2026-09-16 01:40:00+00:00,Janson Junk,2.5,under,-111,smarkets,210420,Arizona Diamondbacks,Miami Marlins,2026-09-16T01:11:27.944807+00:00,2026-09-16T06:26:52.032913+00:00,2026-09-16T02:26:52.032913-04:00,2026-09-16T02:26:52.032913-04:00,propline_free_sample
2026-09-15,2026-09-16 01:40:00+00:00,Michael Soroka,3.5,over,-167,smarkets,210420,Arizona Diamondbacks,Miami Marlins,2026-09-15T04:21:09.504121+00:00,2026-09-16T06:26:52.032913+00:00,2026-09-16T02:26:52.032913-04:00,2026-09-16T02:26:52.032913-04:00,propline_free_sample
2026-09-15,2026-09-16 01:40:00+00:00,Michael Soroka,3.5,under,118,smarkets,210420,Arizona Diamondbacks,Miami Marlins,2026-09-15T04:21:09.504121+00:00,2026-09-16T06:26:52.032913+00:00,2026-09-16T02:26:52.032913-04:00,2026-09-16T02:26:52.032913-04:00,propline_free_sample
2026-09-15,2026-09-16 01:40:00+00:00,Janson Junk,2.5,over,-117,novig,210420,Arizona Diamondbacks,Miami Marlins,2026-09-16T01:30:13.551291+00:00,2026-09-16T06:26:52.032913+00:00,2026-09-16T02:26:52.032913-04:00,2026-09-16T02:26:52.032913-04:00,propline_free_sample
2026-09-15,2026-09-16 01:40:00+00:00,Janson Junk,2.5,under,106,novig,210420,Arizona Diamondbacks,Miami Marlins,2026-09-16T01:33:24.568015+00:00,2026-09-16T06:26:52.032913+00:00,2026-09-16T02:26:52.032913-04:00,2026-09-16T02:26:52.032913-04:00,propline_free_sample
2026-09-15,2026-09-16 01:40:00+00:00,Michael Soroka,4.5,over,141,novig,210420,Arizona Diamondbacks,Miami Marlins,2026-09-16T01:39:31.066723+00:00,2026-09-16T06:26:52.032913+00:00,2026-09-16T02:26:52.032913-04:00,2026-09-16T02:26:52.032913-04:00,propline_free_sample
2026-09-15,2026-09-16 01:40:00+00:00,Michael Soroka,4.5,under,-163,novig,210420,Arizona Diamondbacks,Miami Marlins,2026-09-16T01:39:31.066723+00:00,2026-09-16T06:26:52.032913+00:00,2026-09-16T02:26:52.032913-04:00,2026-09-16T02:26:52.032913-04:00,propline_free_sample
2026-09-15,2026-09-16 01:40:00+00:00,Janson Junk,2.5,over,-127,draftkings,210420,Arizona Diamondbacks,Miami Marlins,2026-09-16T01:15:52.439646+00:00,2026-09-16T06:26:52.032913+00:00,2026-09-16T02:26:52.032913-04:00,2026-09-16T02:26:52.032913-04:00,propline_free_sample
2026-09-15,2026-09-16 01:40:00+00:00,Janson Junk,2.5,under,100,draftkings,210420,Arizona Diamondbacks,Miami Marlins,2026-09-16T01:15:52.439646+00:00,2026-09-16T06:26:52.032913+00:00,2026-09-16T02:26:52.032913-04:00,2026-09-16T02:26:52.032913-04:00,propline_free_sample
2026-09-15,2026-09-16 01:40:00+00:00,Michael Soroka,3.5,over,-171,draftkings,210420,Arizona Diamondbacks,Miami Marlins,2026-09-16T01:15:52.439646+00:00,2026-09-16T06:26:52.032913+00:00,2026-09-16T02:26:52.032913-04:00,2026-09-16T02:26:52.032913-04:00,propline_free_sample
2026-09-15,2026-09-16 01:40:00+00:00,Michael Soroka,3.5,under,134,draftkings,210420,Arizona Diamondbacks,Miami Marlins,2026-09-16T01:15:52.439646+00:00,2026-09-16T06:26:52.032913+00:00,2026-09-16T02:26:52.032913-04:00,2026-09-16T02:26:52.032913-04:00,propline_free_sample
2026-09-15,2026-09-16 01:40:00+00:00,Janson Junk,0.5,over,-4900,kalshi,210420,Arizona Diamondbacks,Miami Marlins,2026-09-16T01:39:13.881933+00:00,2026-09-16T06:26:52.032913+00:00,2026-09-16T02:26:52.032913-04:00,2026-09-16T02:26:52.032913-04:00,propline_free_sample
2026-09-15,2026-09-16 01:40:00+00:00,Janson Junk,0.5,under,9900,kalshi,210420,Arizona Diamondbacks,Miami Marlins,2026-09-16T01:39:13.881933+00:00,2026-09-16T06:26:52.032913+00:00,2026-09-16T02:26:52.032913-04:00,2026-09-16T02:26:52.032913-04:00,propline_free_sample
2026-09-15,2026-09-16 01:40:00+00:00,Janson Junk,1.5,over,-4900,kalshi,210420,Arizona Diamondbacks,Miami Marlins,2026-09-16T01:31:54.429911+00:00,2026-09-16T06:26:52.032913+00:00,2026-09-16T02:26:52.032913-04:00,2026-09-16T02:26:52.032913-04:00,propline_free_sample
2026-09-15,2026-09-16 01:40:00+00:00,Michael Soroka,1.5,over,-4900,kalshi,210420,Arizona Diamondbacks,Miami Marlins,2026-09-16T01:39:13.881933+00:00,2026-09-16T06:26:52.032913+00:00,2026-09-16T02:26:52.032913-04:00,2026-09-16T02:26:52.032913-04:00,propline_free_sample
2026-09-15,2026-09-16 01:40:00+00:00,Janson Junk,2.5,over,-223,kalshi,210420,Arizona Diamondbacks,Miami Marlins,2026-09-16T01:31:54.429911+00:00,2026-09-16T06:26:52.032913+00:00,2026-09-16T02:26:52.032913-04:00,2026-09-16T02:26:52.032913-04:00,propline_free_sample
2026-09-15,2026-09-16 01:40:00+00:00,Michael Soroka,2.5,over,-809,kalshi,210420,Arizona Diamondbacks,Miami Marlins,2026-09-15T19:36:03.789333+00:00,2026-09-16T06:26:52.032913+00:00,2026-09-16T02:26:52.032913-04:00,2026-09-16T02:26:52.032913-04:00,propline_free_sample
2026-09-15,2026-09-16 01:40:00+00:00,Janson Junk,2.5,under,9900,kalshi,210420,Arizona Diamondbacks,Miami Marlins,2026-09-16T01:31:54.429911+00:00,2026-09-16T06:26:52.032913+00:00,2026-09-16T02:26:52.032913-04:00,2026-09-16T02:26:52.032913-04:00,propline_free_sample
2026-09-15,2026-09-16 01:40:00+00:00,Michael Soroka,2.5,under,9900,kalshi,210420,Arizona Diamondbacks,Miami Marlins,2026-09-15T22:26:56.192814+00:00,2026-09-16T06:26:52.032913+00:00,2026-09-16T02:26:52.032913-04:00,2026-09-16T02:26:52.032913-04:00,propline_free_sample
2026-09-15,2026-09-16 01:40:00+00:00,Janson Junk,3.5,over,-335,kalshi,210420,Arizona Diamondbacks,Miami Marlins,2026-09-16T01:39:13.881933+00:00,2026-09-16T06:26:52.032913+00:00,2026-09-16T02:26:52.032913-04:00,2026-09-16T02:26:52.032913-04:00,propline_free_sample
2026-09-15,2026-09-16 01:40:00+00:00,Michael Soroka,3.5,over,-4900,kalshi,210420,Arizona Diamondbacks,Miami Marlins,2026-09-16T01:18:01.643380+00:00,2026-09-16T06:26:52.032913+00:00,2026-09-16T02:26:52.032913-04:00,2026-09-16T02:26:52.032913-04:00,propline_free_sample
2026-09-15,2026-09-16 01:40:00+00:00,Michael Soroka,3.5,under,9900,kalshi,210420,Arizona Diamondbacks,Miami Marlins,2026-09-16T01:19:45.073905+00:00,2026-09-16T06:26:52.032913+00:00,2026-09-16T02:26:52.032913-04:00,2026-09-16T02:26:52.032913-04:00,propline_free_sample
2026-09-15,2026-09-16 01:40:00+00:00,Janson Junk,4.5,over,9900,kalshi,210420,Arizona Diamondbacks,Miami Marlins,2026-09-16T01:39:13.881933+00:00,2026-09-16T06:26:52.032913+00:00,2026-09-16T02:26:52.032913-04:00,2026-09-16T02:26:52.032913-04:00,propline_free_sample
2026-09-15,2026-09-16 01:40:00+00:00,Michael Soroka,4.5,over,-317,kalshi,210420,Arizona Diamondbacks,Miami Marlins,2026-09-16T01:22:10.145330+00:00,2026-09-16T06:26:52.032913+00:00,2026-09-16T02:26:52.032913-04:00,2026-09-16T02:26:52.032913-04:00,propline_free_sample
2026-09-15,2026-09-16 01:40:00+00:00,Janson Junk,4.5,under,-138,kalshi,210420,Arizona Diamondbacks,Miami Marlins,2026-09-16T01:39:13.881933+00:00,2026-09-16T06:26:52.032913+00:00,2026-09-16T02:26:52.032913-04:00,2026-09-16T02:26:52.032913-04:00,propline_free_sample
2026-09-15,2026-09-16 01:40:00+00:00,Michael Soroka,4.5,under,9900,kalshi,210420,Arizona Diamondbacks,Miami Marlins,2026-09-16T01:22:10.145330+00:00,2026-09-16T06:26:52.032913+00:00,2026-09-16T02:26:52.032913-04:00,2026-09-16T02:26:52.032913-04:00,propline_free_sample
2026-09-15,2026-09-16 01:40:00+00:00,Janson Junk,5.5,over,9900,kalshi,210420,Arizona Diamondbacks,Miami Marlins,2026-09-16T01:39:13.881933+00:00,2026-09-16T06:26:52.032913+00:00,2026-09-16T02:26:52.032913-04:00,2026-09-16T02:26:52.032913-04:00,propline_free_sample
2026-09-15,2026-09-16 01:40:00+00:00,Michael Soroka,5.5,over,-567,kalshi,210420,Arizona Diamondbacks,Miami Marlins,2026-09-16T01:31:54.429911+00:00,2026-09-16T06:26:52.032913+00:00,2026-09-16T02:26:52.032913-04:00,2026-09-16T02:26:52.032913-04:00,propline_free_sample
2026-09-15,2026-09-16 01:40:00+00:00,Janson Junk,5.5,under,-2400,kalshi,210420,Arizona Diamondbacks,Miami Marlins,2026-09-16T01:37:36.205387+00:00,2026-09-16T06:26:52.032913+00:00,2026-09-16T02:26:52.032913-04:00,2026-09-16T02:26:52.032913-04:00,propline_free_sample
2026-09-15,2026-09-16 01:40:00+00:00,Michael Soroka,5.5,under,9900,kalshi,210420,Arizona Diamondbacks,Miami Marlins,2026-09-16T01:31:54.429911+00:00,2026-09-16T06:26:52.032913+00:00,2026-09-16T02:26:52.032913-04:00,2026-09-16T02:26:52.032913-04:00,propline_free_sample
2026-09-15,2026-09-16 01:40:00+00:00,Michael Soroka,6.5,over,9900,kalshi,210420,Arizona Diamondbacks,Miami Marlins,2026-09-16T01:39:43.372481+00:00,2026-09-16T06:26:52.032913+00:00,2026-09-16T02:26:52.032913-04:00,2026-09-16T02:26:52.032913-04:00,propline_free_sample
2026-09-15,2026-09-16 01:40:00+00:00,Michael Soroka,7.5,over,9900,kalshi,210420,Arizona Diamondbacks,Miami Marlins,2026-09-16T01:37:36.205387+00:00,2026-09-16T06:26:52.032913+00:00,2026-09-16T02:26:52.032913-04:00,2026-09-16T02:26:52.032913-04:00,propline_free_sample
2026-09-15,2026-09-16 01:40:00+00:00,Michael Soroka,7.5,under,-9900,kalshi,210420,Arizona Diamondbacks,Miami Marlins,2026-09-16T01:22:10.145330+00:00,2026-09-16T06:26:52.032913+00:00,2026-09-16T02:26:52.032913-04:00,2026-09-16T02:26:52.032913-04:00,propline_free_sample
2026-09-15,2026-09-16 01:40:00+00:00,Janson Junk,2.5,over,-130,onexbet,210420,Arizona Diamondbacks,Miami Marlins,2026-09-15T22:36:50.105628+00:00,2026-09-16T06:26:52.032913+00:00,2026-09-16T02:26:52.032913-04:00,2026-09-16T02:26:52.032913-04:00,propline_free_sample
2026-09-15,2026-09-16 01:40:00+00:00,Mike Soroka,3.5,over,-165,onexbet,210420,Arizona Diamondbacks,Miami Marlins,2026-09-15T22:36:50.105628+00:00,2026-09-16T06:26:52.032913+00:00,2026-09-16T02:26:52.032913-04:00,2026-09-16T02:26:52.032913-04:00,propline_free_sample
2026-09-15,2026-09-16 01:40:00+00:00,Janson Junk,2.5,under,-105,onexbet,210420,Arizona Diamondbacks,Miami Marlins,2026-09-15T22:36:50.105628+00:00,2026-09-16T06:26:52.032913+00:00,2026-09-16T02:26:52.032913-04:00,2026-09-16T02:26:52.032913-04:00,propline_free_sample
2026-09-15,2026-09-16 01:40:00+00:00,Mike Soroka,3.5,under,125,onexbet,210420,Arizona Diamondbacks,Miami Marlins,2026-09-15T22:36:50.105628+00:00,2026-09-16T06:26:52.032913+00:00,2026-09-16T02:26:52.032913-04:00,2026-09-16T02:26:52.032913-04:00,propline_free_sample
2026-09-15,2026-09-16 01:40:00+00:00,Janson Junk,1.5,under,9900,kalshi,210420,Arizona Diamondbacks,Miami Marlins,2026-09-16T01:15:43.365610+00:00,2026-09-16T06:26:52.032913+00:00,2026-09-16T02:26:52.032913-04:00,2026-09-16T02:26:52.032913-04:00,propline_free_sample
2026-09-15,2026-09-16 01:40:00+00:00,Janson Junk,3.5,under,9900,kalshi,210420,Arizona Diamondbacks,Miami Marlins,2026-09-16T01:37:36.205387+00:00,2026-09-16T06:26:52.032913+00:00,2026-09-16T02:26:52.032913-04:00,2026-09-16T02:26:52.032913-04:00,propline_free_sample
2026-09-15,2026-09-16 01:40:00+00:00,Michael Soroka,1.5,under,9900,kalshi,210420,Arizona Diamondbacks,Miami Marlins,2026-09-16T01:37:36.205387+00:00,2026-09-16T06:26:52.032913+00:00,2026-09-16T02:26:52.032913-04:00,2026-09-16T02:26:52.032913-04:00,propline_free_sample
2026-09-15,2026-09-16 01:40:00+00:00,Michael Soroka,6.5,under,-4900,kalshi,210420,Arizona Diamondbacks,Miami Marlins,2026-09-16T01:37:36.205387+00:00,2026-09-16T06:26:52.032913+00:00,2026-09-16T02:26:52.032913-04:00,2026-09-16T02:26:52.032913-04:00,propline_free_sample
2026-09-15,2026-09-16 01:40:00+00:00,Janson Junk,2.5,over,-138,pinnacle,210420,Arizona Diamondbacks,Miami Marlins,2026-09-15T18:38:56.704279+00:00,2026-09-16T06:26:52.032913+00:00,2026-09-16T02:26:52.032913-04:00,2026-09-16T02:26:52.032913-04:00,propline_free_sample
2026-09-15,2026-09-16 01:40:00+00:00,Janson Junk,2.5,under,104,pinnacle,210420,Arizona Diamondbacks,Miami Marlins,2026-09-15T18:38:56.704279+00:00,2026-09-16T06:26:52.032913+00:00,2026-09-16T02:26:52.032913-04:00,2026-09-16T02:26:52.032913-04:00,propline_free_sample
2026-09-15,2026-09-16 01:40:00+00:00,Michael Soroka,4.5,over,115,pinnacle,210420,Arizona Diamondbacks,Miami Marlins,2026-09-16T01:32:09.278898+00:00,2026-09-16T06:26:52.032913+00:00,2026-09-16T02:26:52.032913-04:00,2026-09-16T02:26:52.032913-04:00,propline_free_sample
2026-09-15,2026-09-16 01:40:00+00:00,Michael Soroka,4.5,under,-154,pinnacle,210420,Arizona Diamondbacks,Miami Marlins,2026-09-16T01:32:09.278898+00:00,2026-09-16T06:26:52.032913+00:00,2026-09-16T02:26:52.032913-04:00,2026-09-16T02:26:52.032913-04:00,propline_free_sample
2026-09-15,2026-09-16 01:40:00+00:00,Michael Soroka,7.5,over,9900,polymarket_us,210420,Arizona Diamondbacks,Miami Marlins,2026-09-16T01:38:17.722599+00:00,2026-09-16T06:26:52.032913+00:00,2026-09-16T02:26:52.032913-04:00,2026-09-16T02:26:52.032913-04:00,propline_free_sample
2026-09-15,2026-09-16 01:40:00+00:00,Michael Soroka,4.5,over,102,smarkets,210420,Arizona Diamondbacks,Miami Marlins,2026-09-16T01:11:27.944807+00:00,2026-09-16T06:26:52.032913+00:00,2026-09-16T02:26:52.032913-04:00,2026-09-16T02:26:52.032913-04:00,propline_free_sample
2026-09-15,2026-09-16 01:40:00+00:00,Michael Soroka,4.5,under,-145,smarkets,210420,Arizona Diamondbacks,Miami Marlins,2026-09-16T01:11:27.944807+00:00,2026-09-16T06:26:52.032913+00:00,2026-09-16T02:26:52.032913-04:00,2026-09-16T02:26:52.032913-04:00,propline_free_sample
2026-09-15,2026-09-16 01:40:00+00:00,Janson Junk,7.5,over,9900,polymarket_us,210420,Arizona Diamondbacks,Miami Marlins,2026-09-15T20:09:51.359672+00:00,2026-09-16T06:26:52.032913+00:00,2026-09-16T02:26:52.032913-04:00,2026-09-16T02:26:52.032913-04:00,propline_free_sample
2026-09-15,2026-09-16 01:40:00+00:00,Janson Junk,0.5,under,9900,polymarket_us,210420,Arizona Diamondbacks,Miami Marlins,2026-09-15T23:52:51.085939+00:00,2026-09-16T06:26:52.032913+00:00,2026-09-16T02:26:52.032913-04:00,2026-09-16T02:26:52.032913-04:00,propline_free_sample
2026-09-15,2026-09-16 01:40:00+00:00,Janson Junk,1.5,over,-186,polymarket_us,210420,Arizona Diamondbacks,Miami Marlins,2026-09-15T23:08:59.981914+00:00,2026-09-16T06:26:52.032913+00:00,2026-09-16T02:26:52.032913-04:00,2026-09-16T02:26:52.032913-04:00,propline_free_sample
2026-09-15,2026-09-16 01:40:00+00:00,Janson Junk,1.5,under,9900,polymarket_us,210420,Arizona Diamondbacks,Miami Marlins,2026-09-16T01:12:36.312105+00:00,2026-09-16T06:26:52.032913+00:00,2026-09-16T02:26:52.032913-04:00,2026-09-16T02:26:52.032913-04:00,propline_free_sample
2026-09-15,2026-09-16 01:40:00+00:00,Janson Junk,2.5,over,170,polymarket_us,210420,Arizona Diamondbacks,Miami Marlins,2026-09-15T23:08:59.981914+00:00,2026-09-16T06:26:52.032913+00:00,2026-09-16T02:26:52.032913-04:00,2026-09-16T02:26:52.032913-04:00,propline_free_sample
2026-09-15,2026-09-16 01:40:00+00:00,Janson Junk,2.5,under,9900,polymarket_us,210420,Arizona Diamondbacks,Miami Marlins,2026-09-16T01:17:21.727415+00:00,2026-09-16T06:26:52.032913+00:00,2026-09-16T02:26:52.032913-04:00,2026-09-16T02:26:52.032913-04:00,propline_free_sample
2026-09-15,2026-09-16 01:40:00+00:00,Michael Soroka,3.5,over,-1567,polymarket_us,210420,Arizona Diamondbacks,Miami Marlins,2026-09-16T01:20:26.238463+00:00,2026-09-16T06:26:52.032913+00:00,2026-09-16T02:26:52.032913-04:00,2026-09-16T02:26:52.032913-04:00,propline_free_sample
2026-09-15,2026-09-16 01:40:00+00:00,Michael Soroka,3.5,under,9900,polymarket_us,210420,Arizona Diamondbacks,Miami Marlins,2026-09-16T01:20:26.238463+00:00,2026-09-16T06:26:52.032913+00:00,2026-09-16T02:26:52.032913-04:00,2026-09-16T02:26:52.032913-04:00,propline_free_sample
2026-09-15,2026-09-16 01:40:00+00:00,Michael Soroka,4.5,over,-335,polymarket_us,210420,Arizona Diamondbacks,Miami Marlins,2026-09-16T01:38:17.722599+00:00,2026-09-16T06:26:52.032913+00:00,2026-09-16T02:26:52.032913-04:00,2026-09-16T02:26:52.032913-04:00,propline_free_sample
2026-09-15,2026-09-16 01:40:00+00:00,Michael Soroka,4.5,under,9900,polymarket_us,210420,Arizona Diamondbacks,Miami Marlins,2026-09-16T01:38:17.722599+00:00,2026-09-16T06:26:52.032913+00:00,2026-09-16T02:26:52.032913-04:00,2026-09-16T02:26:52.032913-04:00,propline_free_sample
2026-09-15,2026-09-16 01:40:00+00:00,Michael Soroka,6.5,over,9900,polymarket_us,210420,Arizona Diamondbacks,Miami Marlins,2026-09-15T21:29:15.123996+00:00,2026-09-16T06:26:52.032913+00:00,2026-09-16T02:26:52.032913-04:00,2026-09-16T02:26:52.032913-04:00,propline_free_sample
2026-09-15,2026-09-16 01:40:00+00:00,Michael Soroka,6.5,under,-900,polymarket_us,210420,Arizona Diamondbacks,Miami Marlins,2026-09-15T21:33:02.124014+00:00,2026-09-16T06:26:52.032913+00:00,2026-09-16T02:26:52.032913-04:00,2026-09-16T02:26:52.032913-04:00,propline_free_sample
2026-09-15,2026-09-16 01:40:00+00:00,Zac Gallen,5.5,over,100,prizepicks,210420,Arizona Diamondbacks,Miami Marlins,2026-09-15T07:46:52.669534+00:00,2026-09-16T06:26:52.032913+00:00,2026-09-16T02:26:52.032913-04:00,2026-09-16T02:26:52.032913-04:00,propline_free_sample
2026-09-15,2026-09-16 01:40:00+00:00,Zac Gallen,6.5,over,100,prizepicks,210420,Arizona Diamondbacks,Miami Marlins,2026-09-15T07:46:52.669534+00:00,2026-09-16T06:26:52.032913+00:00,2026-09-16T02:26:52.032913-04:00,2026-09-16T02:26:52.032913-04:00,propline_free_sample
2026-09-15,2026-09-16 01:40:00+00:00,Zac Gallen,2.5,over,100,prizepicks,210420,Arizona Diamondbacks,Miami Marlins,2026-09-15T07:46:52.669534+00:00,2026-09-16T06:26:52.032913+00:00,2026-09-16T02:26:52.032913-04:00,2026-09-16T02:26:52.032913-04:00,propline_free_sample
2026-09-15,2026-09-16 01:40:00+00:00,Zac Gallen,3.5,over,100,prizepicks,210420,Arizona Diamondbacks,Miami Marlins,2026-09-15T07:46:52.669534+00:00,2026-09-16T06:26:52.032913+00:00,2026-09-16T02:26:52.032913-04:00,2026-09-16T02:26:52.032913-04:00,propline_free_sample
2026-09-15,2026-09-16 01:40:00+00:00,Michael Soroka,7.5,under,-2400,polymarket_us,210420,Arizona Diamondbacks,Miami Marlins,2026-09-16T01:38:17.722599+00:00,2026-09-16T06:26:52.032913+00:00,2026-09-16T02:26:52.032913-04:00,2026-09-16T02:26:52.032913-04:00,propline_free_sample
2026-09-15,2026-09-16 01:40:00+00:00,Janson Junk,0.5,over,-1329,polymarket_us,210420,Arizona Diamondbacks,Miami Marlins,2026-09-15T22:09:16.562977+00:00,2026-09-16T06:26:52.032913+00:00,2026-09-16T02:26:52.032913-04:00,2026-09-16T02:26:52.032913-04:00,propline_free_sample
2026-09-15,2026-09-16 01:40:00+00:00,Michael Soroka,2.5,over,-335,polymarket_us,210420,Arizona Diamondbacks,Miami Marlins,2026-09-16T01:28:21.679093+00:00,2026-09-16T06:26:52.032913+00:00,2026-09-16T02:26:52.032913-04:00,2026-09-16T02:26:52.032913-04:00,propline_free_sample
2026-09-15,2026-09-16 01:40:00+00:00,Michael Soroka,2.5,under,9900,polymarket_us,210420,Arizona Diamondbacks,Miami Marlins,2026-09-15T23:23:26.254803+00:00,2026-09-16T06:26:52.032913+00:00,2026-09-16T02:26:52.032913-04:00,2026-09-16T02:26:52.032913-04:00,propline_free_sample
2026-09-15,2026-09-16 01:40:00+00:00,Janson Junk,6.5,over,9900,polymarket_us,210420,Arizona Diamondbacks,Miami Marlins,2026-09-15T20:27:22.045662+00:00,2026-09-16T06:26:52.032913+00:00,2026-09-16T02:26:52.032913-04:00,2026-09-16T02:26:52.032913-04:00,propline_free_sample
2026-09-15,2026-09-16 01:40:00+00:00,Janson Junk,3.5,over,212,novig,210420,Arizona Diamondbacks,Miami Marlins,2026-09-15T23:45:01.824037+00:00,2026-09-16T06:26:52.032913+00:00,2026-09-16T02:26:52.032913-04:00,2026-09-16T02:26:52.032913-04:00,propline_free_sample
2026-09-15,2026-09-16 01:40:00+00:00,Janson Junk,3.5,under,-245,novig,210420,Arizona Diamondbacks,Miami Marlins,2026-09-16T01:36:32.919920+00:00,2026-09-16T06:26:52.032913+00:00,2026-09-16T02:26:52.032913-04:00,2026-09-16T02:26:52.032913-04:00,propline_free_sample
2026-09-15,2026-09-16 01:40:00+00:00,Michael Soroka,3.5,over,-190,novig,210420,Arizona Diamondbacks,Miami Marlins,2026-09-16T00:20:30.002547+00:00,2026-09-16T06:26:52.032913+00:00,2026-09-16T02:26:52.032913-04:00,2026-09-16T02:26:52.032913-04:00,propline_free_sample
2026-09-15,2026-09-16 01:40:00+00:00,Michael Soroka,3.5,under,141,novig,210420,Arizona Diamondbacks,Miami Marlins,2026-09-16T01:39:31.066723+00:00,2026-09-16T06:26:52.032913+00:00,2026-09-16T02:26:52.032913-04:00,2026-09-16T02:26:52.032913-04:00,propline_free_sample
2026-09-15,2026-09-16 01:40:00+00:00,Michael Soroka,5.5,over,257,novig,210420,Arizona Diamondbacks,Miami Marlins,2026-09-16T01:21:41.107029+00:00,2026-09-16T06:26:52.032913+00:00,2026-09-16T02:26:52.032913-04:00,2026-09-16T02:26:52.032913-04:00,propline_free_sample
2026-09-15,2026-09-16 01:40:00+00:00,Michael Soroka,5.5,under,-344,novig,210420,Arizona Diamondbacks,Miami Marlins,2026-09-16T01:39:31.066723+00:00,2026-09-16T06:26:52.032913+00:00,2026-09-16T02:26:52.032913-04:00,2026-09-16T02:26:52.032913-04:00,propline_free_sample
2026-09-15,2026-09-16 01:40:00+00:00,Janson Junk,1.5,over,-185,betmgm,210420,Arizona Diamondbacks,Miami Marlins,2026-09-15T10:55:39.831697+00:00,2026-09-16T06:26:52.032913+00:00,2026-09-16T02:26:52.032913-04:00,2026-09-16T02:26:52.032913-04:00,propline_free_sample
2026-09-15,2026-09-16 01:40:00+00:00,Janson Junk,1.5,under,135,betmgm,210420,Arizona Diamondbacks,Miami Marlins,2026-09-15T10:55:39.831697+00:00,2026-09-16T06:26:52.032913+00:00,2026-09-16T02:26:52.032913-04:00,2026-09-16T02:26:52.032913-04:00,propline_free_sample
2026-09-15,2026-09-16 01:40:00+00:00,Mike Soroka,4.5,over,138,betmgm,210420,Arizona Diamondbacks,Miami Marlins,2026-09-15T22:48:18.963059+00:00,2026-09-16T06:26:52.032913+00:00,2026-09-16T02:26:52.032913-04:00,2026-09-16T02:26:52.032913-04:00,propline_free_sample
2026-09-15,2026-09-16 01:40:00+00:00,Mike Soroka,4.5,under,-190,betmgm,210420,Arizona Diamondbacks,Miami Marlins,2026-09-15T22:48:18.963059+00:00,2026-09-16T06:26:52.032913+00:00,2026-09-16T02:26:52.032913-04:00,2026-09-16T02:26:52.032913-04:00,propline_free_sample
2026-09-15,2026-09-16 01:40:00+00:00,Michael Soroka,3.5,over,-172,prophetx,210420,Arizona Diamondbacks,Miami Marlins,2026-09-16T01:27:32.001461+00:00,2026-09-16T06:26:52.032913+00:00,2026-09-16T02:26:52.032913-04:00,2026-09-16T02:26:52.032913-04:00,propline_free_sample
2026-09-15,2026-09-16 01:40:00+00:00,Michael Soroka,3.5,under,144,prophetx,210420,Arizona Diamondbacks,Miami Marlins,2026-09-16T00:56:31.484523+00:00,2026-09-16T06:26:52.032913+00:00,2026-09-16T02:26:52.032913-04:00,2026-09-16T02:26:52.032913-04:00,propline_free_sample
2026-09-15,2026-09-16 01:40:00+00:00,Michael Soroka,4.0,over,100,prizepicks,210420,Arizona Diamondbacks,Miami Marlins,2026-09-15T11:24:12.820055+00:00,2026-09-16T06:26:52.032913+00:00,2026-09-16T02:26:52.032913-04:00,2026-09-16T02:26:52.032913-04:00,propline_free_sample
2026-09-15,2026-09-16 01:40:00+00:00,Michael Soroka,4.0,under,100,prizepicks,210420,Arizona Diamondbacks,Miami Marlins,2026-09-15T11:24:12.820055+00:00,2026-09-16T06:26:52.032913+00:00,2026-09-16T02:26:52.032913-04:00,2026-09-16T02:26:52.032913-04:00,propline_free_sample
2026-09-15,2026-09-16 01:40:00+00:00,Janson Junk,2.5,over,-138,rebet,210420,Arizona Diamondbacks,Miami Marlins,2026-09-15T19:02:53.008855+00:00,2026-09-16T06:26:52.032913+00:00,2026-09-16T02:26:52.032913-04:00,2026-09-16T02:26:52.032913-04:00,propline_free_sample
2026-09-15,2026-09-16 01:40:00+00:00,Janson Junk,2.5,under,100,rebet,210420,Arizona Diamondbacks,Miami Marlins,2026-09-15T19:02:53.008855+00:00,2026-09-16T06:26:52.032913+00:00,2026-09-16T02:26:52.032913-04:00,2026-09-16T02:26:52.032913-04:00,propline_free_sample
2026-09-15,2026-09-16 01:40:00+00:00,Michael Soroka,4.5,over,123,rebet,210420,Arizona Diamondbacks,Miami Marlins,2026-09-16T01:34:08.232036+00:00,2026-09-16T06:26:52.032913+00:00,2026-09-16T02:26:52.032913-04:00,2026-09-16T02:26:52.032913-04:00,propline_free_sample
2026-09-15,2026-09-16 01:40:00+00:00,Michael Soroka,4.5,under,-171,rebet,210420,Arizona Diamondbacks,Miami Marlins,2026-09-16T01:34:08.232036+00:00,2026-09-16T06:26:52.032913+00:00,2026-09-16T02:26:52.032913-04:00,2026-09-16T02:26:52.032913-04:00,propline_free_sample
2026-09-15,2026-09-16 01:40:00+00:00,Janson Junk,1.5,over,-300,novig,210420,Arizona Diamondbacks,Miami Marlins,2026-09-16T00:20:30.002547+00:00,2026-09-16T06:26:52.032913+00:00,2026-09-16T02:26:52.032913-04:00,2026-09-16T02:26:52.032913-04:00,propline_free_sample
2026-09-15,2026-09-16 01:40:00+00:00,Janson Junk,1.5,under,233,novig,210420,Arizona Diamondbacks,Miami Marlins,2026-09-16T01:39:31.066723+00:00,2026-09-16T06:26:52.032913+00:00,2026-09-16T02:26:52.032913-04:00,2026-09-16T02:26:52.032913-04:00,propline_free_sample
2026-09-15,2026-09-16 01:40:00+00:00,Janson Junk,2.5,over,100,prizepicks,210420,Arizona Diamondbacks,Miami Marlins,2026-09-15T19:19:28.200267+00:00,2026-09-16T06:26:52.032913+00:00,2026-09-16T02:26:52.032913-04:00,2026-09-16T02:26:52.032913-04:00,propline_free_sample
2026-09-15,2026-09-16 01:40:00+00:00,Janson Junk,2.5,under,100,prizepicks,210420,Arizona Diamondbacks,Miami Marlins,2026-09-15T19:19:28.200267+00:00,2026-09-16T06:26:52.032913+00:00,2026-09-16T02:26:52.032913-04:00,2026-09-16T02:26:52.032913-04:00,propline_free_sample
2026-09-15,2026-09-16 01:40:00+00:00,Michael Soroka,7.5,over,100,prizepicks,210420,Arizona Diamondbacks,Miami Marlins,2026-09-15T21:40:39.775940+00:00,2026-09-16T06:26:52.032913+00:00,2026-09-16T02:26:52.032913-04:00,2026-09-16T02:26:52.032913-04:00,propline_free_sample
2026-09-15,2026-09-16 01:40:00+00:00,Janson Junk,2.5,over,-138,rebet,210420,Arizona Diamondbacks,Miami Marlins,2026-09-15T22:24:01.335455+00:00,2026-09-16T06:26:52.032913+00:00,2026-09-16T02:26:52.032913-04:00,2026-09-16T02:26:52.032913-04:00,propline_free_sample
2026-09-15,2026-09-16 01:40:00+00:00,Janson Junk,2.5,under,100,rebet,210420,Arizona Diamondbacks,Miami Marlins,2026-09-15T22:24:01.335455+00:00,2026-09-16T06:26:52.032913+00:00,2026-09-16T02:26:52.032913-04:00,2026-09-16T02:26:52.032913-04:00,propline_free_sample
2026-09-15,2026-09-16 01:38:00+00:00,Logan Gilbert,6.5,over,-132,fanduel,210418,Los Angeles Angels,Seattle Mariners,2026-09-16T01:11:27.757341+00:00,2026-09-16T06:26:52.032913+00:00,2026-09-16T02:26:52.032913-04:00,2026-09-16T02:26:52.032913-04:00,propline_free_sample
2026-09-15,2026-09-16 01:38:00+00:00,Logan Gilbert,6.5,under,104,fanduel,210418,Los Angeles Angels,Seattle Mariners,2026-09-16T01:11:27.757341+00:00,2026-09-16T06:26:52.032913+00:00,2026-09-16T02:26:52.032913-04:00,2026-09-16T02:26:52.032913-04:00,propline_free_sample
2026-09-15,2026-09-16 01:38:00+00:00,Ryan Johnson,4.5,over,122,fanduel,210418,Los Angeles Angels,Seattle Mariners,2026-09-16T01:11:27.757341+00:00,2026-09-16T06:26:52.032913+00:00,2026-09-16T02:26:52.032913-04:00,2026-09-16T02:26:52.032913-04:00,propline_free_sample
2026-09-15,2026-09-16 01:38:00+00:00,Ryan Johnson,4.5,under,-156,fanduel,210418,Los Angeles Angels,Seattle Mariners,2026-09-16T01:11:27.757341+00:00,2026-09-16T06:26:52.032913+00:00,2026-09-16T02:26:52.032913-04:00,2026-09-16T02:26:52.032913-04:00,propline_free_sample
2026-09-15,2026-09-16 01:38:00+00:00,Logan Gilbert (SEA),6.5,over,-130,bovada,210418,Los Angeles Angels,Seattle Mariners,2026-09-16T01:31:48.374720+00:00,2026-09-16T06:26:52.032913+00:00,2026-09-16T02:26:52.032913-04:00,2026-09-16T02:26:52.032913-04:00,propline_free_sample
2026-09-15,2026-09-16 01:38:00+00:00,Logan Gilbert (SEA),6.5,under,100,bovada,210418,Los Angeles Angels,Seattle Mariners,2026-09-16T01:31:48.374720+00:00,2026-09-16T06:26:52.032913+00:00,2026-09-16T02:26:52.032913-04:00,2026-09-16T02:26:52.032913-04:00,propline_free_sample
2026-09-15,2026-09-16 01:38:00+00:00,Ryan Johnson (LAA),6.5,over,-220,bovada,210418,Los Angeles Angels,Seattle Mariners,2026-09-15T11:20:45.496597+00:00,2026-09-16T06:26:52.032913+00:00,2026-09-16T02:26:52.032913-04:00,2026-09-16T02:26:52.032913-04:00,propline_free_sample
2026-09-15,2026-09-16 01:38:00+00:00,Ryan Johnson (LAA),6.5,under,165,bovada,210418,Los Angeles Angels,Seattle Mariners,2026-09-15T11:20:45.496597+00:00,2026-09-16T06:26:52.032913+00:00,2026-09-16T02:26:52.032913-04:00,2026-09-16T02:26:52.032913-04:00,propline_free_sample
2026-09-15,2026-09-16 01:38:00+00:00,Logan Gilbert,6.5,over,100,prizepicks,210418,Los Angeles Angels,Seattle Mariners,2026-09-15T01:38:40.831911+00:00,2026-09-16T06:26:52.032913+00:00,2026-09-16T02:26:52.032913-04:00,2026-09-16T02:26:52.032913-04:00,propline_free_sample
2026-09-15,2026-09-16 01:38:00+00:00,Logan Gilbert,6.5,under,100,prizepicks,210418,Los Angeles Angels,Seattle Mariners,2026-09-15T01:38:40.831911+00:00,2026-09-16T06:26:52.032913+00:00,2026-09-16T02:26:52.032913-04:00,2026-09-16T02:26:52.032913-04:00,propline_free_sample
2026-09-15,2026-09-16 01:38:00+00:00,Ryan Johnson,4.5,over,100,prizepicks,210418,Los Angeles Angels,Seattle Mariners,2026-09-15T01:38:40.831911+00:00,2026-09-16T06:26:52.032913+00:00,2026-09-16T02:26:52.032913-04:00,2026-09-16T02:26:52.032913-04:00,propline_free_sample
2026-09-15,2026-09-16 01:38:00+00:00,Ryan Johnson,4.5,under,100,prizepicks,210418,Los Angeles Angels,Seattle Mariners,2026-09-15T01:38:40.831911+00:00,2026-09-16T06:26:52.032913+00:00,2026-09-16T02:26:52.032913-04:00,2026-09-16T02:26:52.032913-04:00,propline_free_sample
2026-09-15,2026-09-16 01:38:00+00:00,Ryan Johnson,5.5,over,100,prizepicks,210418,Los Angeles Angels,Seattle Mariners,2026-09-15T01:38:40.831911+00:00,2026-09-16T06:26:52.032913+00:00,2026-09-16T02:26:52.032913-04:00,2026-09-16T02:26:52.032913-04:00,propline_free_sample
2026-09-15,2026-09-16 01:38:00+00:00,Ryan Johnson,6.5,over,100,prizepicks,210418,Los Angeles Angels,Seattle Mariners,2026-09-15T01:38:40.831911+00:00,2026-09-16T06:26:52.032913+00:00,2026-09-16T02:26:52.032913-04:00,2026-09-16T02:26:52.032913-04:00,propline_free_sample
2026-09-15,2026-09-16 01:38:00+00:00,Logan Gilbert,7.5,over,100,prizepicks,210418,Los Angeles Angels,Seattle Mariners,2026-09-15T01:38:40.831911+00:00,2026-09-16T06:26:52.032913+00:00,2026-09-16T02:26:52.032913-04:00,2026-09-16T02:26:52.032913-04:00,propline_free_sample
2026-09-15,2026-09-16 01:38:00+00:00,Logan Gilbert,8.5,over,100,prizepicks,210418,Los Angeles Angels,Seattle Mariners,2026-09-15T01:38:40.831911+00:00,2026-09-16T06:26:52.032913+00:00,2026-09-16T02:26:52.032913-04:00,2026-09-16T02:26:52.032913-04:00,propline_free_sample
2026-09-15,2026-09-16 01:38:00+00:00,Ryan Johnson,2.5,over,100,prizepicks,210418,Los Angeles Angels,Seattle Mariners,2026-09-15T01:38:40.831911+00:00,2026-09-16T06:26:52.032913+00:00,2026-09-16T02:26:52.032913-04:00,2026-09-16T02:26:52.032913-04:00,propline_free_sample
2026-09-15,2026-09-16 01:38:00+00:00,Ryan Johnson,3.5,over,100,prizepicks,210418,Los Angeles Angels,Seattle Mariners,2026-09-15T01:38:40.831911+00:00,2026-09-16T06:26:52.032913+00:00,2026-09-16T02:26:52.032913-04:00,2026-09-16T02:26:52.032913-04:00,propline_free_sample
2026-09-15,2026-09-16 01:38:00+00:00,Logan Gilbert,4.5,over,100,prizepicks,210418,Los Angeles Angels,Seattle Mariners,2026-09-15T01:38:40.831911+00:00,2026-09-16T06:26:52.032913+00:00,2026-09-16T02:26:52.032913-04:00,2026-09-16T02:26:52.032913-04:00,propline_free_sample
2026-09-15,2026-09-16 01:38:00+00:00,Logan Gilbert,5.5,over,100,prizepicks,210418,Los Angeles Angels,Seattle Mariners,2026-09-15T01:38:40.831911+00:00,2026-09-16T06:26:52.032913+00:00,2026-09-16T02:26:52.032913-04:00,2026-09-16T02:26:52.032913-04:00,propline_free_sample
2026-09-15,2026-09-16 01:38:00+00:00,Logan Gilbert,10.5,over,4000,hardrock,210418,Los Angeles Angels,Seattle Mariners,2026-09-15T22:29:50.690639+00:00,2026-09-16T06:26:52.032913+00:00,2026-09-16T02:26:52.032913-04:00,2026-09-16T02:26:52.032913-04:00,propline_free_sample
2026-09-15,2026-09-16 01:38:00+00:00,Logan Gilbert,10.5,under,-100000,hardrock,210418,Los Angeles Angels,Seattle Mariners,2026-09-15T10:28:50.921712+00:00,2026-09-16T06:26:52.032913+00:00,2026-09-16T02:26:52.032913-04:00,2026-09-16T02:26:52.032913-04:00,propline_free_sample
2026-09-15,2026-09-16 01:38:00+00:00,Logan Gilbert,11.5,over,3000,hardrock,210418,Los Angeles Angels,Seattle Mariners,2026-09-15T21:33:35.362634+00:00,2026-09-16T06:26:52.032913+00:00,2026-09-16T02:26:52.032913-04:00,2026-09-16T02:26:52.032913-04:00,propline_free_sample
2026-09-15,2026-09-16 01:38:00+00:00,Logan Gilbert,11.5,under,-50000,hardrock,210418,Los Angeles Angels,Seattle Mariners,2026-09-15T21:42:42.904142+00:00,2026-09-16T06:26:52.032913+00:00,2026-09-16T02:26:52.032913-04:00,2026-09-16T02:26:52.032913-04:00,propline_free_sample
2026-09-15,2026-09-16 01:38:00+00:00,Logan Gilbert,12.5,over,4000,hardrock,210418,Los Angeles Angels,Seattle Mariners,2026-09-15T01:42:17.688989+00:00,2026-09-16T06:26:52.032913+00:00,2026-09-16T02:26:52.032913-04:00,2026-09-16T02:26:52.032913-04:00,propline_free_sample
2026-09-15,2026-09-16 01:38:00+00:00,Logan Gilbert,12.5,under,-20000,hardrock,210418,Los Angeles Angels,Seattle Mariners,2026-09-15T03:30:50.394101+00:00,2026-09-16T06:26:52.032913+00:00,2026-09-16T02:26:52.032913-04:00,2026-09-16T02:26:52.032913-04:00,propline_free_sample
2026-09-15,2026-09-16 01:38:00+00:00,Logan Gilbert,2.5,over,-15000,hardrock,210418,Los Angeles Angels,Seattle Mariners,2026-09-15T10:18:24.296637+00:00,2026-09-16T06:26:52.032913+00:00,2026-09-16T02:26:52.032913-04:00,2026-09-16T02:26:52.032913-04:00,propline_free_sample
2026-09-15,2026-09-16 01:38:00+00:00,Logan Gilbert,2.5,under,3000,hardrock,210418,Los Angeles Angels,Seattle Mariners,2026-09-15T16:42:01.476570+00:00,2026-09-16T06:26:52.032913+00:00,2026-09-16T02:26:52.032913-04:00,2026-09-16T02:26:52.032913-04:00,propline_free_sample
2026-09-15,2026-09-16 01:38:00+00:00,Logan Gilbert,3.5,over,-1600,hardrock,210418,Los Angeles Angels,Seattle Mariners,2026-09-15T21:39:51.062675+00:00,2026-09-16T06:26:52.032913+00:00,2026-09-16T02:26:52.032913-04:00,2026-09-16T02:26:52.032913-04:00,propline_free_sample
2026-09-15,2026-09-16 01:38:00+00:00,Logan Gilbert,3.5,under,550,hardrock,210418,Los Angeles Angels,Seattle Mariners,2026-09-15T22:49:48.689345+00:00,2026-09-16T06:26:52.032913+00:00,2026-09-16T02:26:52.032913-04:00,2026-09-16T02:26:52.032913-04:00,propline_free_sample
2026-09-15,2026-09-16 01:38:00+00:00,Logan Gilbert,4.5,over,-3000,hardrock,210418,Los Angeles Angels,Seattle Mariners,2026-09-15T21:33:35.362634+00:00,2026-09-16T06:26:52.032913+00:00,2026-09-16T02:26:52.032913-04:00,2026-09-16T02:26:52.032913-04:00,propline_free_sample
2026-09-15,2026-09-16 01:38:00+00:00,Logan Gilbert,4.5,under,750,hardrock,210418,Los Angeles Angels,Seattle Mariners,2026-09-15T18:55:24.473218+00:00,2026-09-16T06:26:52.032913+00:00,2026-09-16T02:26:52.032913-04:00,2026-09-16T02:26:52.032913-04:00,propline_free_sample
2026-09-15,2026-09-16 01:38:00+00:00,Logan Gilbert,5.5,over,-425,hardrock,210418,Los Angeles Angels,Seattle Mariners,2026-09-15T22:01:38.616979+00:00,2026-09-16T06:26:52.032913+00:00,2026-09-16T02:26:52.032913-04:00,2026-09-16T02:26:52.032913-04:00,propline_free_sample
2026-09-15,2026-09-16 01:38:00+00:00,Logan Gilbert,5.5,under,250,hardrock,210418,Los Angeles Angels,Seattle Mariners,2026-09-15T22:40:44.841317+00:00,2026-09-16T06:26:52.032913+00:00,2026-09-16T02:26:52.032913-04:00,2026-09-16T02:26:52.032913-04:00,propline_free_sample
2026-09-15,2026-09-16 01:38:00+00:00,Logan Gilbert,6.5,over,-130,hardrock,210418,Los Angeles Angels,Seattle Mariners,2026-09-15T17:57:17.295905+00:00,2026-09-16T06:26:52.032913+00:00,2026-09-16T02:26:52.032913-04:00,2026-09-16T02:26:52.032913-04:00,propline_free_sample
2026-09-15,2026-09-16 01:38:00+00:00,Logan Gilbert,6.5,under,-110,hardrock,210418,Los Angeles Angels,Seattle Mariners,2026-09-15T17:57:17.295905+00:00,2026-09-16T06:26:52.032913+00:00,2026-09-16T02:26:52.032913-04:00,2026-09-16T02:26:52.032913-04:00,propline_free_sample
2026-09-15,2026-09-16 01:38:00+00:00,Logan Gilbert,7.5,over,190,hardrock,210418,Los Angeles Angels,Seattle Mariners,2026-09-15T22:40:44.841317+00:00,2026-09-16T06:26:52.032913+00:00,2026-09-16T02:26:52.032913-04:00,2026-09-16T02:26:52.032913-04:00,propline_free_sample
2026-09-15,2026-09-16 01:38:00+00:00,Logan Gilbert,7.5,under,-300,hardrock,210418,Los Angeles Angels,Seattle Mariners,2026-09-15T22:38:09.990631+00:00,2026-09-16T06:26:52.032913+00:00,2026-09-16T02:26:52.032913-04:00,2026-09-16T02:26:52.032913-04:00,propline_free_sample
2026-09-15,2026-09-16 01:38:00+00:00,Logan Gilbert,8.5,over,450,hardrock,210418,Los Angeles Angels,Seattle Mariners,2026-09-15T22:38:09.990631+00:00,2026-09-16T06:26:52.032913+00:00,2026-09-16T02:26:52.032913-04:00,2026-09-16T02:26:52.032913-04:00,propline_free_sample
2026-09-15,2026-09-16 01:38:00+00:00,Logan Gilbert,8.5,under,-1000,hardrock,210418,Los Angeles Angels,Seattle Mariners,2026-09-15T21:33:35.362634+00:00,2026-09-16T06:26:52.032913+00:00,2026-09-16T02:26:52.032913-04:00,2026-09-16T02:26:52.032913-04:00,propline_free_sample
2026-09-15,2026-09-16 01:38:00+00:00,Logan Gilbert,9.5,over,1200,hardrock,210418,Los Angeles Angels,Seattle Mariners,2026-09-15T22:57:32.337284+00:00,2026-09-16T06:26:52.032913+00:00,2026-09-16T02:26:52.032913-04:00,2026-09-16T02:26:52.032913-04:00,propline_free_sample
2026-09-15,2026-09-16 01:38:00+00:00,Logan Gilbert,9.5,under,-6000,hardrock,210418,Los Angeles Angels,Seattle Mariners,2026-09-15T22:57:32.337284+00:00,2026-09-16T06:26:52.032913+00:00,2026-09-16T02:26:52.032913-04:00,2026-09-16T02:26:52.032913-04:00,propline_free_sample
2026-09-15,2026-09-16 01:38:00+00:00,Logan Gilbert,6.5,over,100,prizepicks,210418,Los Angeles Angels,Seattle Mariners,2026-09-15T01:52:08.977900+00:00,2026-09-16T06:26:52.032913+00:00,2026-09-16T02:26:52.032913-04:00,2026-09-16T02:26:52.032913-04:00,propline_free_sample
2026-09-15,2026-09-16 01:38:00+00:00,Logan Gilbert,6.5,under,100,prizepicks,210418,Los Angeles Angels,Seattle Mariners,2026-09-15T01:52:08.977900+00:00,2026-09-16T06:26:52.032913+00:00,2026-09-16T02:26:52.032913-04:00,2026-09-16T02:26:52.032913-04:00,propline_free_sample
2026-09-15,2026-09-16 01:38:00+00:00,Logan Gilbert,7.5,under,100,prizepicks,210418,Los Angeles Angels,Seattle Mariners,2026-09-15T01:52:08.977900+00:00,2026-09-16T06:26:52.032913+00:00,2026-09-16T02:26:52.032913-04:00,2026-09-16T02:26:52.032913-04:00,propline_free_sample
2026-09-15,2026-09-16 01:38:00+00:00,Logan Gilbert,8.5,under,100,prizepicks,210418,Los Angeles Angels,Seattle Mariners,2026-09-15T01:52:08.977900+00:00,2026-09-16T06:26:52.032913+00:00,2026-09-16T02:26:52.032913-04:00,2026-09-16T02:26:52.032913-04:00,propline_free_sample
2026-09-15,2026-09-16 01:38:00+00:00,Logan Gilbert,3.5,over,100,prizepicks,210418,Los Angeles Angels,Seattle Mariners,2026-09-15T01:52:08.977900+00:00,2026-09-16T06:26:52.032913+00:00,2026-09-16T02:26:52.032913-04:00,2026-09-16T02:26:52.032913-04:00,propline_free_sample
2026-09-15,2026-09-16 01:38:00+00:00,Logan Gilbert,3.5,under,100,prizepicks,210418,Los Angeles Angels,Seattle Mariners,2026-09-15T01:52:08.977900+00:00,2026-09-16T06:26:52.032913+00:00,2026-09-16T02:26:52.032913-04:00,2026-09-16T02:26:52.032913-04:00,propline_free_sample
2026-09-15,2026-09-16 01:38:00+00:00,Logan Gilbert,4.5,under,100,prizepicks,210418,Los Angeles Angels,Seattle Mariners,2026-09-15T01:52:08.977900+00:00,2026-09-16T06:26:52.032913+00:00,2026-09-16T02:26:52.032913-04:00,2026-09-16T02:26:52.032913-04:00,propline_free_sample
2026-09-15,2026-09-16 01:38:00+00:00,Logan Gilbert,5.5,under,100,prizepicks,210418,Los Angeles Angels,Seattle Mariners,2026-09-15T01:52:08.977900+00:00,2026-09-16T06:26:52.032913+00:00,2026-09-16T02:26:52.032913-04:00,2026-09-16T02:26:52.032913-04:00,propline_free_sample
2026-09-15,2026-09-16 01:38:00+00:00,Logan Gilbert,10.5,over,100,prizepicks,210418,Los Angeles Angels,Seattle Mariners,2026-09-15T01:52:08.977900+00:00,2026-09-16T06:26:52.032913+00:00,2026-09-16T02:26:52.032913-04:00,2026-09-16T02:26:52.032913-04:00,propline_free_sample
2026-09-15,2026-09-16 01:38:00+00:00,Logan Gilbert,7.5,over,120,fanatics,210418,Los Angeles Angels,Seattle Mariners,2026-09-16T01:36:40.393674+00:00,2026-09-16T06:26:52.032913+00:00,2026-09-16T02:26:52.032913-04:00,2026-09-16T02:26:52.032913-04:00,propline_free_sample
2026-09-15,2026-09-16 01:38:00+00:00,Logan Gilbert,7.5,under,-160,fanatics,210418,Los Angeles Angels,Seattle Mariners,2026-09-16T01:36:40.393674+00:00,2026-09-16T06:26:52.032913+00:00,2026-09-16T02:26:52.032913-04:00,2026-09-16T02:26:52.032913-04:00,propline_free_sample
2026-09-15,2026-09-16 01:38:00+00:00,Ryan Johnson,4.5,over,-140,fanatics,210418,Los Angeles Angels,Seattle Mariners,2026-09-16T01:13:12.226493+00:00,2026-09-16T06:26:52.032913+00:00,2026-09-16T02:26:52.032913-04:00,2026-09-16T02:26:52.032913-04:00,propline_free_sample
2026-09-15,2026-09-16 01:38:00+00:00,Ryan Johnson,4.5,under,105,fanatics,210418,Los Angeles Angels,Seattle Mariners,2026-09-16T01:13:12.226493+00:00,2026-09-16T06:26:52.032913+00:00,2026-09-16T02:26:52.032913-04:00,2026-09-16T02:26:52.032913-04:00,propline_free_sample
2026-09-15,2026-09-16 01:38:00+00:00,Ryan Johnson,0.5,over,-15000,hardrock,210418,Los Angeles Angels,Seattle Mariners,2026-09-15T10:08:53.240415+00:00,2026-09-16T06:26:52.032913+00:00,2026-09-16T02:26:52.032913-04:00,2026-09-16T02:26:52.032913-04:00,propline_free_sample
2026-09-15,2026-09-16 01:38:00+00:00,Ryan Johnson,0.5,under,2500,hardrock,210418,Los Angeles Angels,Seattle Mariners,2026-09-15T10:18:24.296637+00:00,2026-09-16T06:26:52.032913+00:00,2026-09-16T02:26:52.032913-04:00,2026-09-16T02:26:52.032913-04:00,propline_free_sample
2026-09-15,2026-09-16 01:38:00+00:00,Ryan Johnson,1.5,over,-5000,hardrock,210418,Los Angeles Angels,Seattle Mariners,2026-09-15T22:49:48.689345+00:00,2026-09-16T06:26:52.032913+00:00,2026-09-16T02:26:52.032913-04:00,2026-09-16T02:26:52.032913-04:00,propline_free_sample
2026-09-15,2026-09-16 01:38:00+00:00,Ryan Johnson,1.5,under,1300,hardrock,210418,Los Angeles Angels,Seattle Mariners,2026-09-15T10:18:24.296637+00:00,2026-09-16T06:26:52.032913+00:00,2026-09-16T02:26:52.032913-04:00,2026-09-16T02:26:52.032913-04:00,propline_free_sample
2026-09-15,2026-09-16 01:38:00+00:00,Ryan Johnson,2.5,over,-1200,hardrock,210418,Los Angeles Angels,Seattle Mariners,2026-09-15T22:38:09.990631+00:00,2026-09-16T06:26:52.032913+00:00,2026-09-16T02:26:52.032913-04:00,2026-09-16T02:26:52.032913-04:00,propline_free_sample
2026-09-15,2026-09-16 01:38:00+00:00,Ryan Johnson,2.5,under,475,hardrock,210418,Los Angeles Angels,Seattle Mariners,2026-09-15T05:07:32.759855+00:00,2026-09-16T06:26:52.032913+00:00,2026-09-16T02:26:52.032913-04:00,2026-09-16T02:26:52.032913-04:00,propline_free_sample
2026-09-15,2026-09-16 01:38:00+00:00,Ryan Johnson,3.5,over,-6000,hardrock,210418,Los Angeles Angels,Seattle Mariners,2026-09-15T22:38:09.990631+00:00,2026-09-16T06:26:52.032913+00:00,2026-09-16T02:26:52.032913-04:00,2026-09-16T02:26:52.032913-04:00,propline_free_sample
2026-09-15,2026-09-16 01:38:00+00:00,Ryan Johnson,3.5,under,1500,hardrock,210418,Los Angeles Angels,Seattle Mariners,2026-09-15T22:38:09.990631+00:00,2026-09-16T06:26:52.032913+00:00,2026-09-16T02:26:52.032913-04:00,2026-09-16T02:26:52.032913-04:00,propline_free_sample
2026-09-15,2026-09-16 01:38:00+00:00,Ryan Johnson,4.5,over,-2500,hardrock,210418,Los Angeles Angels,Seattle Mariners,2026-09-15T23:09:52.186618+00:00,2026-09-16T06:26:52.032913+00:00,2026-09-16T02:26:52.032913-04:00,2026-09-16T02:26:52.032913-04:00,propline_free_sample
2026-09-15,2026-09-16 01:38:00+00:00,Ryan Johnson,4.5,under,650,hardrock,210418,Los Angeles Angels,Seattle Mariners,2026-09-15T22:38:09.990631+00:00,2026-09-16T06:26:52.032913+00:00,2026-09-16T02:26:52.032913-04:00,2026-09-16T02:26:52.032913-04:00,propline_free_sample
2026-09-15,2026-09-16 01:38:00+00:00,Ryan Johnson,5.5,over,-275,hardrock,210418,Los Angeles Angels,Seattle Mariners,2026-09-15T10:08:53.240415+00:00,2026-09-16T06:26:52.032913+00:00,2026-09-16T02:26:52.032913-04:00,2026-09-16T02:26:52.032913-04:00,propline_free_sample
2026-09-15,2026-09-16 01:38:00+00:00,Ryan Johnson,5.5,under,180,hardrock,210418,Los Angeles Angels,Seattle Mariners,2026-09-15T05:07:32.759855+00:00,2026-09-16T06:26:52.032913+00:00,2026-09-16T02:26:52.032913-04:00,2026-09-16T02:26:52.032913-04:00,propline_free_sample
2026-09-15,2026-09-16 01:38:00+00:00,Ryan Johnson,6.5,over,-400,hardrock,210418,Los Angeles Angels,Seattle Mariners,2026-09-15T05:07:32.759855+00:00,2026-09-16T06:26:52.032913+00:00,2026-09-16T02:26:52.032913-04:00,2026-09-16T02:26:52.032913-04:00,propline_free_sample
2026-09-15,2026-09-16 01:38:00+00:00,Ryan Johnson,6.5,under,240,hardrock,210418,Los Angeles Angels,Seattle Mariners,2026-09-15T10:18:24.296637+00:00,2026-09-16T06:26:52.032913+00:00,2026-09-16T02:26:52.032913-04:00,2026-09-16T02:26:52.032913-04:00,propline_free_sample
2026-09-15,2026-09-16 01:38:00+00:00,Ryan Johnson,7.5,over,120,hardrock,210418,Los Angeles Angels,Seattle Mariners,2026-09-15T03:30:50.394101+00:00,2026-09-16T06:26:52.032913+00:00,2026-09-16T02:26:52.032913-04:00,2026-09-16T02:26:52.032913-04:00,propline_free_sample
2026-09-15,2026-09-16 01:38:00+00:00,Ryan Johnson,7.5,under,-170,hardrock,210418,Los Angeles Angels,Seattle Mariners,2026-09-15T03:30:50.394101+00:00,2026-09-16T06:26:52.032913+00:00,2026-09-16T02:26:52.032913-04:00,2026-09-16T02:26:52.032913-04:00,propline_free_sample
2026-09-15,2026-09-16 01:38:00+00:00,Ryan Johnson,8.5,over,350,hardrock,210418,Los Angeles Angels,Seattle Mariners,2026-09-15T03:30:50.394101+00:00,2026-09-16T06:26:52.032913+00:00,2026-09-16T02:26:52.032913-04:00,2026-09-16T02:26:52.032913-04:00,propline_free_sample
2026-09-15,2026-09-16 01:38:00+00:00,Ryan Johnson,8.5,under,-750,hardrock,210418,Los Angeles Angels,Seattle Mariners,2026-09-15T03:30:50.394101+00:00,2026-09-16T06:26:52.032913+00:00,2026-09-16T02:26:52.032913-04:00,2026-09-16T02:26:52.032913-04:00,propline_free_sample
2026-09-15,2026-09-16 01:38:00+00:00,Logan Gilbert,6.5,over,-156,sleeper,210418,Los Angeles Angels,Seattle Mariners,2026-09-16T01:37:19.102493+00:00,2026-09-16T06:26:52.032913+00:00,2026-09-16T02:26:52.032913-04:00,2026-09-16T02:26:52.032913-04:00,propline_free_sample
2026-09-15,2026-09-16 01:38:00+00:00,Logan Gilbert,6.5,under,-106,sleeper,210418,Los Angeles Angels,Seattle Mariners,2026-09-16T01:32:15.261209+00:00,2026-09-16T06:26:52.032913+00:00,2026-09-16T02:26:52.032913-04:00,2026-09-16T02:26:52.032913-04:00,propline_free_sample
2026-09-15,2026-09-16 01:38:00+00:00,Logan Gilbert,6.5,over,-111,novig,210418,Los Angeles Angels,Seattle Mariners,2026-09-16T01:33:23.323806+00:00,2026-09-16T06:26:52.032913+00:00,2026-09-16T02:26:52.032913-04:00,2026-09-16T02:26:52.032913-04:00,propline_free_sample
2026-09-15,2026-09-16 01:38:00+00:00,Logan Gilbert,6.5,under,-104,novig,210418,Los Angeles Angels,Seattle Mariners,2026-09-16T01:36:31.829397+00:00,2026-09-16T06:26:52.032913+00:00,2026-09-16T02:26:52.032913-04:00,2026-09-16T02:26:52.032913-04:00,propline_free_sample
2026-09-15,2026-09-16 01:38:00+00:00,Ryan Johnson,4.5,over,115,novig,210418,Los Angeles Angels,Seattle Mariners,2026-09-16T01:37:45.733925+00:00,2026-09-16T06:26:52.032913+00:00,2026-09-16T02:26:52.032913-04:00,2026-09-16T02:26:52.032913-04:00,propline_free_sample
2026-09-15,2026-09-16 01:38:00+00:00,Ryan Johnson,4.5,under,-147,novig,210418,Los Angeles Angels,Seattle Mariners,2026-09-16T01:36:31.829397+00:00,2026-09-16T06:26:52.032913+00:00,2026-09-16T02:26:52.032913-04:00,2026-09-16T02:26:52.032913-04:00,propline_free_sample
2026-09-15,2026-09-16 01:38:00+00:00,Logan Gilbert,1.5,over,-8000,hardrock,210418,Los Angeles Angels,Seattle Mariners,2026-09-15T22:29:50.690639+00:00,2026-09-16T06:26:52.032913+00:00,2026-09-16T02:26:52.032913-04:00,2026-09-16T02:26:52.032913-04:00,propline_free_sample
2026-09-15,2026-09-16 01:38:00+00:00,Logan Gilbert,1.5,under,1750,hardrock,210418,Los Angeles Angels,Seattle Mariners,2026-09-15T10:18:24.296637+00:00,2026-09-16T06:26:52.032913+00:00,2026-09-16T02:26:52.032913-04:00,2026-09-16T02:26:52.032913-04:00,propline_free_sample
2026-09-15,2026-09-16 01:38:00+00:00,Ryan Johnson,5.5,under,100,prizepicks,210418,Los Angeles Angels,Seattle Mariners,2026-09-15T02:13:15.764737+00:00,2026-09-16T06:26:52.032913+00:00,2026-09-16T02:26:52.032913-04:00,2026-09-16T02:26:52.032913-04:00,propline_free_sample
2026-09-15,2026-09-16 01:38:00+00:00,Ryan Johnson,6.5,under,100,prizepicks,210418,Los Angeles Angels,Seattle Mariners,2026-09-15T02:13:15.764737+00:00,2026-09-16T06:26:52.032913+00:00,2026-09-16T02:26:52.032913-04:00,2026-09-16T02:26:52.032913-04:00,propline_free_sample
2026-09-15,2026-09-16 01:38:00+00:00,Ryan Johnson,7.5,over,100,prizepicks,210418,Los Angeles Angels,Seattle Mariners,2026-09-15T02:13:15.764737+00:00,2026-09-16T06:26:52.032913+00:00,2026-09-16T02:26:52.032913-04:00,2026-09-16T02:26:52.032913-04:00,propline_free_sample
2026-09-15,2026-09-16 01:38:00+00:00,Ryan Johnson,2.5,under,100,prizepicks,210418,Los Angeles Angels,Seattle Mariners,2026-09-15T02:13:15.764737+00:00,2026-09-16T06:26:52.032913+00:00,2026-09-16T02:26:52.032913-04:00,2026-09-16T02:26:52.032913-04:00,propline_free_sample
2026-09-15,2026-09-16 01:38:00+00:00,Ryan Johnson,3.5,under,100,prizepicks,210418,Los Angeles Angels,Seattle Mariners,2026-09-15T02:13:15.764737+00:00,2026-09-16T06:26:52.032913+00:00,2026-09-16T02:26:52.032913-04:00,2026-09-16T02:26:52.032913-04:00,propline_free_sample
2026-09-15,2026-09-16 01:38:00+00:00,Ryan Johnson,4.5,over,104,sleeper,210418,Los Angeles Angels,Seattle Mariners,2026-09-16T01:10:09.473734+00:00,2026-09-16T06:26:52.032913+00:00,2026-09-16T02:26:52.032913-04:00,2026-09-16T02:26:52.032913-04:00,propline_free_sample
2026-09-15,2026-09-16 01:38:00+00:00,Ryan Johnson,4.5,under,-172,sleeper,210418,Los Angeles Angels,Seattle Mariners,2026-09-16T01:10:09.473734+00:00,2026-09-16T06:26:52.032913+00:00,2026-09-16T02:26:52.032913-04:00,2026-09-16T02:26:52.032913-04:00,propline_free_sample
2026-09-15,2026-09-16 01:38:00+00:00,Logan Gilbert,6.5,over,-215,prophetx,210418,Los Angeles Angels,Seattle Mariners,2026-09-16T01:34:27.079216+00:00,2026-09-16T06:26:52.032913+00:00,2026-09-16T02:26:52.032913-04:00,2026-09-16T02:26:52.032913-04:00,propline_free_sample
2026-09-15,2026-09-16 01:38:00+00:00,Logan Gilbert,6.5,under,126,prophetx,210418,Los Angeles Angels,Seattle Mariners,2026-09-16T01:34:27.079216+00:00,2026-09-16T06:26:52.032913+00:00,2026-09-16T02:26:52.032913-04:00,2026-09-16T02:26:52.032913-04:00,propline_free_sample
2026-09-15,2026-09-16 01:38:00+00:00,Logan Gilbert,6.5,over,-150,underdog,210418,Los Angeles Angels,Seattle Mariners,2026-09-15T22:39:26.919547+00:00,2026-09-16T06:26:52.032913+00:00,2026-09-16T02:26:52.032913-04:00,2026-09-16T02:26:52.032913-04:00,propline_free_sample
2026-09-15,2026-09-16 01:38:00+00:00,Ryan Johnson,4.5,over,-105,underdog,210418,Los Angeles Angels,Seattle Mariners,2026-09-16T01:16:03.442168+00:00,2026-09-16T06:26:52.032913+00:00,2026-09-16T02:26:52.032913-04:00,2026-09-16T02:26:52.032913-04:00,propline_free_sample
2026-09-15,2026-09-16 01:38:00+00:00,Logan Gilbert,6.5,under,100,underdog,210418,Los Angeles Angels,Seattle Mariners,2026-09-15T22:39:26.919547+00:00,2026-09-16T06:26:52.032913+00:00,2026-09-16T02:26:52.032913-04:00,2026-09-16T02:26:52.032913-04:00,propline_free_sample
2026-09-15,2026-09-16 01:38:00+00:00,Ryan Johnson,4.5,under,-143,underdog,210418,Los Angeles Angels,Seattle Mariners,2026-09-16T01:16:03.442168+00:00,2026-09-16T06:26:52.032913+00:00,2026-09-16T02:26:52.032913-04:00,2026-09-16T02:26:52.032913-04:00,propline_free_sample
2026-09-15,2026-09-16 01:38:00+00:00,Logan Gilbert,6.5,over,-120,dabble,210418,Los Angeles Angels,Seattle Mariners,2026-09-15T21:53:17.547321+00:00,2026-09-16T06:26:52.032913+00:00,2026-09-16T02:26:52.032913-04:00,2026-09-16T02:26:52.032913-04:00,propline_free_sample
2026-09-15,2026-09-16 01:38:00+00:00,Ryan Johnson,4.5,over,144,dabble,210418,Los Angeles Angels,Seattle Mariners,2026-09-16T00:48:36.088455+00:00,2026-09-16T06:26:52.032913+00:00,2026-09-16T02:26:52.032913-04:00,2026-09-16T02:26:52.032913-04:00,propline_free_sample
2026-09-15,2026-09-16 01:38:00+00:00,Logan Gilbert,6.5,under,122,dabble,210418,Los Angeles Angels,Seattle Mariners,2026-09-15T21:53:17.547321+00:00,2026-09-16T06:26:52.032913+00:00,2026-09-16T02:26:52.032913-04:00,2026-09-16T02:26:52.032913-04:00,propline_free_sample
2026-09-15,2026-09-16 01:38:00+00:00,Ryan Johnson,4.5,under,-143,dabble,210418,Los Angeles Angels,Seattle Mariners,2026-09-16T00:48:36.088455+00:00,2026-09-16T06:26:52.032913+00:00,2026-09-16T02:26:52.032913-04:00,2026-09-16T02:26:52.032913-04:00,propline_free_sample
2026-09-15,2026-09-16 01:38:00+00:00,Logan Gilbert,6.5,over,-143,smarkets,210418,Los Angeles Angels,Seattle Mariners,2026-09-15T23:07:49.790916+00:00,2026-09-16T06:26:52.032913+00:00,2026-09-16T02:26:52.032913-04:00,2026-09-16T02:26:52.032913-04:00,propline_free_sample
2026-09-15,2026-09-16 01:38:00+00:00,Logan Gilbert,6.5,under,102,smarkets,210418,Los Angeles Angels,Seattle Mariners,2026-09-15T23:07:49.790916+00:00,2026-09-16T06:26:52.032913+00:00,2026-09-16T02:26:52.032913-04:00,2026-09-16T02:26:52.032913-04:00,propline_free_sample
2026-09-15,2026-09-16 01:38:00+00:00,Ryan Johnson,4.5,over,120,smarkets,210418,Los Angeles Angels,Seattle Mariners,2026-09-16T00:49:58.930371+00:00,2026-09-16T06:26:52.032913+00:00,2026-09-16T02:26:52.032913-04:00,2026-09-16T02:26:52.032913-04:00,propline_free_sample
2026-09-15,2026-09-16 01:38:00+00:00,Ryan Johnson,4.5,under,-169,smarkets,210418,Los Angeles Angels,Seattle Mariners,2026-09-16T00:49:58.930371+00:00,2026-09-16T06:26:52.032913+00:00,2026-09-16T02:26:52.032913-04:00,2026-09-16T02:26:52.032913-04:00,propline_free_sample
2026-09-15,2026-09-16 01:38:00+00:00,Logan Gilbert,9.5,over,100,prizepicks,210418,Los Angeles Angels,Seattle Mariners,2026-09-15T03:32:22.302400+00:00,2026-09-16T06:26:52.032913+00:00,2026-09-16T02:26:52.032913-04:00,2026-09-16T02:26:52.032913-04:00,propline_free_sample
2026-09-15,2026-09-16 01:38:00+00:00,Logan Gilbert,6.5,over,-130,draftkings,210418,Los Angeles Angels,Seattle Mariners,2026-09-15T22:34:22.477077+00:00,2026-09-16T06:26:52.032913+00:00,2026-09-16T02:26:52.032913-04:00,2026-09-16T02:26:52.032913-04:00,propline_free_sample
2026-09-15,2026-09-16 01:38:00+00:00,Logan Gilbert,6.5,under,102,draftkings,210418,Los Angeles Angels,Seattle Mariners,2026-09-15T22:34:22.477077+00:00,2026-09-16T06:26:52.032913+00:00,2026-09-16T02:26:52.032913-04:00,2026-09-16T02:26:52.032913-04:00,propline_free_sample
2026-09-15,2026-09-16 01:38:00+00:00,Ryan Johnson (LAA),4.5,over,114,draftkings,210418,Los Angeles Angels,Seattle Mariners,2026-09-15T23:11:04.753322+00:00,2026-09-16T06:26:52.032913+00:00,2026-09-16T02:26:52.032913-04:00,2026-09-16T02:26:52.032913-04:00,propline_free_sample
2026-09-15,2026-09-16 01:38:00+00:00,Ryan Johnson (LAA),4.5,under,-146,draftkings,210418,Los Angeles Angels,Seattle Mariners,2026-09-15T23:11:04.753322+00:00,2026-09-16T06:26:52.032913+00:00,2026-09-16T02:26:52.032913-04:00,2026-09-16T02:26:52.032913-04:00,propline_free_sample
2026-09-15,2026-09-16 01:38:00+00:00,Logan Gilbert,6.5,over,-115,onexbet,210418,Los Angeles Angels,Seattle Mariners,2026-09-16T00:50:21.829866+00:00,2026-09-16T06:26:52.032913+00:00,2026-09-16T02:26:52.032913-04:00,2026-09-16T02:26:52.032913-04:00,propline_free_sample
2026-09-15,2026-09-16 01:38:00+00:00,Ryan Johnson,4.5,over,130,onexbet,210418,Los Angeles Angels,Seattle Mariners,2026-09-16T00:50:21.829866+00:00,2026-09-16T06:26:52.032913+00:00,2026-09-16T02:26:52.032913-04:00,2026-09-16T02:26:52.032913-04:00,propline_free_sample
2026-09-15,2026-09-16 01:38:00+00:00,Logan Gilbert,6.5,under,-115,onexbet,210418,Los Angeles Angels,Seattle Mariners,2026-09-16T00:50:21.829866+00:00,2026-09-16T06:26:52.032913+00:00,2026-09-16T02:26:52.032913-04:00,2026-09-16T02:26:52.032913-04:00,propline_free_sample
2026-09-15,2026-09-16 01:38:00+00:00,Ryan Johnson,4.5,under,-170,onexbet,210418,Los Angeles Angels,Seattle Mariners,2026-09-16T00:50:21.829866+00:00,2026-09-16T06:26:52.032913+00:00,2026-09-16T02:26:52.032913-04:00,2026-09-16T02:26:52.032913-04:00,propline_free_sample
2026-09-15,2026-09-16 01:38:00+00:00,Ryan Johnson,1.5,over,-4900,kalshi,210418,Los Angeles Angels,Seattle Mariners,2026-09-15T18:57:33.353280+00:00,2026-09-16T06:26:52.032913+00:00,2026-09-16T02:26:52.032913-04:00,2026-09-16T02:26:52.032913-04:00,propline_free_sample
2026-09-15,2026-09-16 01:38:00+00:00,Ryan Johnson,1.5,under,9900,kalshi,210418,Los Angeles Angels,Seattle Mariners,2026-09-16T01:37:37.131678+00:00,2026-09-16T06:26:52.032913+00:00,2026-09-16T02:26:52.032913-04:00,2026-09-16T02:26:52.032913-04:00,propline_free_sample
2026-09-15,2026-09-16 01:38:00+00:00,Logan Gilbert,10.5,over,9900,kalshi,210418,Los Angeles Angels,Seattle Mariners,2026-09-16T01:37:37.131678+00:00,2026-09-16T06:26:52.032913+00:00,2026-09-16T02:26:52.032913-04:00,2026-09-16T02:26:52.032913-04:00,propline_free_sample
2026-09-15,2026-09-16 01:38:00+00:00,Logan Gilbert,10.5,under,-9900,kalshi,210418,Los Angeles Angels,Seattle Mariners,2026-09-16T01:17:33.855542+00:00,2026-09-16T06:26:52.032913+00:00,2026-09-16T02:26:52.032913-04:00,2026-09-16T02:26:52.032913-04:00,propline_free_sample
2026-09-15,2026-09-16 01:38:00+00:00,Ryan Johnson,2.5,over,-809,kalshi,210418,Los Angeles Angels,Seattle Mariners,2026-09-15T21:12:20.594187+00:00,2026-09-16T06:26:52.032913+00:00,2026-09-16T02:26:52.032913-04:00,2026-09-16T02:26:52.032913-04:00,propline_free_sample
2026-09-15,2026-09-16 01:38:00+00:00,Ryan Johnson,2.5,under,9900,kalshi,210418,Los Angeles Angels,Seattle Mariners,2026-09-16T01:33:21.648703+00:00,2026-09-16T06:26:52.032913+00:00,2026-09-16T02:26:52.032913-04:00,2026-09-16T02:26:52.032913-04:00,propline_free_sample
2026-09-15,2026-09-16 01:38:00+00:00,Logan Gilbert,3.5,over,-9900,kalshi,210418,Los Angeles Angels,Seattle Mariners,2026-09-16T00:13:03.725394+00:00,2026-09-16T06:26:52.032913+00:00,2026-09-16T02:26:52.032913-04:00,2026-09-16T02:26:52.032913-04:00,propline_free_sample
2026-09-15,2026-09-16 01:38:00+00:00,Ryan Johnson,3.5,over,-4900,kalshi,210418,Los Angeles Angels,Seattle Mariners,2026-09-15T18:28:02.249839+00:00,2026-09-16T06:26:52.032913+00:00,2026-09-16T02:26:52.032913-04:00,2026-09-16T02:26:52.032913-04:00,propline_free_sample
2026-09-15,2026-09-16 01:38:00+00:00,Logan Gilbert,3.5,under,9900,kalshi,210418,Los Angeles Angels,Seattle Mariners,2026-09-16T01:35:14.349420+00:00,2026-09-16T06:26:52.032913+00:00,2026-09-16T02:26:52.032913-04:00,2026-09-16T02:26:52.032913-04:00,propline_free_sample
2026-09-15,2026-09-16 01:38:00+00:00,Ryan Johnson,3.5,under,9900,kalshi,210418,Los Angeles Angels,Seattle Mariners,2026-09-15T18:22:38.621192+00:00,2026-09-16T06:26:52.032913+00:00,2026-09-16T02:26:52.032913-04:00,2026-09-16T02:26:52.032913-04:00,propline_free_sample
2026-09-15,2026-09-16 01:38:00+00:00,Logan Gilbert,4.5,over,-1567,kalshi,210418,Los Angeles Angels,Seattle Mariners,2026-09-16T01:37:37.131678+00:00,2026-09-16T06:26:52.032913+00:00,2026-09-16T02:26:52.032913-04:00,2026-09-16T02:26:52.032913-04:00,propline_free_sample
2026-09-15,2026-09-16 01:38:00+00:00,Ryan Johnson,4.5,over,-3233,kalshi,210418,Los Angeles Angels,Seattle Mariners,2026-09-16T00:11:52.232674+00:00,2026-09-16T06:26:52.032913+00:00,2026-09-16T02:26:52.032913-04:00,2026-09-16T02:26:52.032913-04:00,propline_free_sample
2026-09-15,2026-09-16 01:38:00+00:00,Logan Gilbert,4.5,under,9900,kalshi,210418,Los Angeles Angels,Seattle Mariners,2026-09-16T01:32:01.786821+00:00,2026-09-16T06:26:52.032913+00:00,2026-09-16T02:26:52.032913-04:00,2026-09-16T02:26:52.032913-04:00,propline_free_sample
2026-09-15,2026-09-16 01:38:00+00:00,Logan Gilbert,5.5,over,-669,kalshi,210418,Los Angeles Angels,Seattle Mariners,2026-09-16T01:32:01.786821+00:00,2026-09-16T06:26:52.032913+00:00,2026-09-16T02:26:52.032913-04:00,2026-09-16T02:26:52.032913-04:00,propline_free_sample
2026-09-15,2026-09-16 01:38:00+00:00,Ryan Johnson,5.5,over,-376,kalshi,210418,Los Angeles Angels,Seattle Mariners,2026-09-15T22:25:02.957326+00:00,2026-09-16T06:26:52.032913+00:00,2026-09-16T02:26:52.032913-04:00,2026-09-16T02:26:52.032913-04:00,propline_free_sample
2026-09-15,2026-09-16 01:38:00+00:00,Logan Gilbert,5.5,under,9900,kalshi,210418,Los Angeles Angels,Seattle Mariners,2026-09-16T01:35:14.349420+00:00,2026-09-16T06:26:52.032913+00:00,2026-09-16T02:26:52.032913-04:00,2026-09-16T02:26:52.032913-04:00,propline_free_sample
2026-09-15,2026-09-16 01:38:00+00:00,Ryan Johnson,5.5,under,9900,kalshi,210418,Los Angeles Angels,Seattle Mariners,2026-09-15T22:30:06.091777+00:00,2026-09-16T06:26:52.032913+00:00,2026-09-16T02:26:52.032913-04:00,2026-09-16T02:26:52.032913-04:00,propline_free_sample
2026-09-15,2026-09-16 01:38:00+00:00,Logan Gilbert,6.5,over,-270,kalshi,210418,Los Angeles Angels,Seattle Mariners,2026-09-16T01:32:01.786821+00:00,2026-09-16T06:26:52.032913+00:00,2026-09-16T02:26:52.032913-04:00,2026-09-16T02:26:52.032913-04:00,propline_free_sample
2026-09-15,2026-09-16 01:38:00+00:00,Ryan Johnson,6.5,over,-3233,kalshi,210418,Los Angeles Angels,Seattle Mariners,2026-09-16T01:09:45.349028+00:00,2026-09-16T06:26:52.032913+00:00,2026-09-16T02:26:52.032913-04:00,2026-09-16T02:26:52.032913-04:00,propline_free_sample
2026-09-15,2026-09-16 01:38:00+00:00,Logan Gilbert,6.5,under,9900,kalshi,210418,Los Angeles Angels,Seattle Mariners,2026-09-16T01:35:14.349420+00:00,2026-09-16T06:26:52.032913+00:00,2026-09-16T02:26:52.032913-04:00,2026-09-16T02:26:52.032913-04:00,propline_free_sample
2026-09-15,2026-09-16 01:38:00+00:00,Logan Gilbert,7.5,over,9900,kalshi,210418,Los Angeles Angels,Seattle Mariners,2026-09-15T18:10:51.142054+00:00,2026-09-16T06:26:52.032913+00:00,2026-09-16T02:26:52.032913-04:00,2026-09-16T02:26:52.032913-04:00,propline_free_sample
2026-09-15,2026-09-16 01:38:00+00:00,Ryan Johnson,7.5,over,9900,kalshi,210418,Los Angeles Angels,Seattle Mariners,2026-09-16T01:09:45.349028+00:00,2026-09-16T06:26:52.032913+00:00,2026-09-16T02:26:52.032913-04:00,2026-09-16T02:26:52.032913-04:00,propline_free_sample
2026-09-15,2026-09-16 01:38:00+00:00,Ryan Johnson,7.5,under,-9900,kalshi,210418,Los Angeles Angels,Seattle Mariners,2026-09-16T00:19:56.215734+00:00,2026-09-16T06:26:52.032913+00:00,2026-09-16T02:26:52.032913-04:00,2026-09-16T02:26:52.032913-04:00,propline_free_sample
2026-09-15,2026-09-16 01:38:00+00:00,Logan Gilbert,8.5,over,9900,kalshi,210418,Los Angeles Angels,Seattle Mariners,2026-09-15T16:43:55.706820+00:00,2026-09-16T06:26:52.032913+00:00,2026-09-16T02:26:52.032913-04:00,2026-09-16T02:26:52.032913-04:00,propline_free_sample
2026-09-15,2026-09-16 01:38:00+00:00,Logan Gilbert,9.5,over,9900,kalshi,210418,Los Angeles Angels,Seattle Mariners,2026-09-15T23:50:27.110129+00:00,2026-09-16T06:26:52.032913+00:00,2026-09-16T02:26:52.032913-04:00,2026-09-16T02:26:52.032913-04:00,propline_free_sample
2026-09-15,2026-09-16 01:38:00+00:00,Ryan Johnson,4.5,under,9900,kalshi,210418,Los Angeles Angels,Seattle Mariners,2026-09-16T00:11:52.232674+00:00,2026-09-16T06:26:52.032913+00:00,2026-09-16T02:26:52.032913-04:00,2026-09-16T02:26:52.032913-04:00,propline_free_sample
2026-09-15,2026-09-16 01:38:00+00:00,Logan Gilbert,7.5,under,-9900,kalshi,210418,Los Angeles Angels,Seattle Mariners,2026-09-15T19:01:35.993008+00:00,2026-09-16T06:26:52.032913+00:00,2026-09-16T02:26:52.032913-04:00,2026-09-16T02:26:52.032913-04:00,propline_free_sample
2026-09-15,2026-09-16 01:38:00+00:00,Ryan Johnson,6.5,under,9900,kalshi,210418,Los Angeles Angels,Seattle Mariners,2026-09-15T20:22:14.319978+00:00,2026-09-16T06:26:52.032913+00:00,2026-09-16T02:26:52.032913-04:00,2026-09-16T02:26:52.032913-04:00,propline_free_sample
2026-09-15,2026-09-16 01:38:00+00:00,Logan Gilbert,8.5,under,-9900,kalshi,210418,Los Angeles Angels,Seattle Mariners,2026-09-15T19:50:04.399507+00:00,2026-09-16T06:26:52.032913+00:00,2026-09-16T02:26:52.032913-04:00,2026-09-16T02:26:52.032913-04:00,propline_free_sample
2026-09-15,2026-09-16 01:38:00+00:00,Logan Gilbert,9.5,under,-9900,kalshi,210418,Los Angeles Angels,Seattle Mariners,2026-09-15T19:50:44.927340+00:00,2026-09-16T06:26:52.032913+00:00,2026-09-16T02:26:52.032913-04:00,2026-09-16T02:26:52.032913-04:00,propline_free_sample
2026-09-15,2026-09-16 01:38:00+00:00,Ryan Johnson,4.5,over,111,rebet,210418,Los Angeles Angels,Seattle Mariners,2026-09-16T00:42:18.987971+00:00,2026-09-16T06:26:52.032913+00:00,2026-09-16T02:26:52.032913-04:00,2026-09-16T02:26:52.032913-04:00,propline_free_sample
2026-09-15,2026-09-16 01:38:00+00:00,Ryan Johnson,4.5,under,-154,rebet,210418,Los Angeles Angels,Seattle Mariners,2026-09-16T00:42:18.987971+00:00,2026-09-16T06:26:52.032913+00:00,2026-09-16T02:26:52.032913-04:00,2026-09-16T02:26:52.032913-04:00,propline_free_sample
2026-09-15,2026-09-16 01:38:00+00:00,Logan Gilbert,6.5,over,-135,rebet,210418,Los Angeles Angels,Seattle Mariners,2026-09-16T01:17:20.233941+00:00,2026-09-16T06:26:52.032913+00:00,2026-09-16T02:26:52.032913-04:00,2026-09-16T02:26:52.032913-04:00,propline_free_sample
2026-09-15,2026-09-16 01:38:00+00:00,Logan Gilbert,6.5,under,-102,rebet,210418,Los Angeles Angels,Seattle Mariners,2026-09-16T01:17:20.233941+00:00,2026-09-16T06:26:52.032913+00:00,2026-09-16T02:26:52.032913-04:00,2026-09-16T02:26:52.032913-04:00,propline_free_sample
2026-09-15,2026-09-16 01:38:00+00:00,Logan Gilbert,6.5,over,-135,pinnacle,210418,Los Angeles Angels,Seattle Mariners,2026-09-15T21:38:10.221938+00:00,2026-09-16T06:26:52.032913+00:00,2026-09-16T02:26:52.032913-04:00,2026-09-16T02:26:52.032913-04:00,propline_free_sample
2026-09-15,2026-09-16 01:38:00+00:00,Logan Gilbert,6.5,under,102,pinnacle,210418,Los Angeles Angels,Seattle Mariners,2026-09-15T21:38:10.221938+00:00,2026-09-16T06:26:52.032913+00:00,2026-09-16T02:26:52.032913-04:00,2026-09-16T02:26:52.032913-04:00,propline_free_sample
2026-09-15,2026-09-16 01:38:00+00:00,Ryan Johnson,4.5,over,118,pinnacle,210418,Los Angeles Angels,Seattle Mariners,2026-09-15T14:34:35.608079+00:00,2026-09-16T06:26:52.032913+00:00,2026-09-16T02:26:52.032913-04:00,2026-09-16T02:26:52.032913-04:00,propline_free_sample
2026-09-15,2026-09-16 01:38:00+00:00,Ryan Johnson,4.5,under,-157,pinnacle,210418,Los Angeles Angels,Seattle Mariners,2026-09-16T00:48:16.109113+00:00,2026-09-16T06:26:52.032913+00:00,2026-09-16T02:26:52.032913-04:00,2026-09-16T02:26:52.032913-04:00,propline_free_sample
2026-09-15,2026-09-16 01:38:00+00:00,Logan Gilbert,6.5,over,-223,polymarket_us,210418,Los Angeles Angels,Seattle Mariners,2026-09-15T23:32:11.299104+00:00,2026-09-16T06:26:52.032913+00:00,2026-09-16T02:26:52.032913-04:00,2026-09-16T02:26:52.032913-04:00,propline_free_sample
2026-09-15,2026-09-16 01:38:00+00:00,Logan Gilbert,6.5,under,9900,polymarket_us,210418,Los Angeles Angels,Seattle Mariners,2026-09-15T23:32:11.299104+00:00,2026-09-16T06:26:52.032913+00:00,2026-09-16T02:26:52.032913-04:00,2026-09-16T02:26:52.032913-04:00,propline_free_sample
2026-09-15,2026-09-16 01:38:00+00:00,Logan Gilbert,7.5,over,9900,polymarket_us,210418,Los Angeles Angels,Seattle Mariners,2026-09-16T01:34:49.731381+00:00,2026-09-16T06:26:52.032913+00:00,2026-09-16T02:26:52.032913-04:00,2026-09-16T02:26:52.032913-04:00,propline_free_sample
2026-09-15,2026-09-16 01:38:00+00:00,Ryan Johnson,7.5,over,9900,polymarket_us,210418,Los Angeles Angels,Seattle Mariners,2026-09-15T23:32:11.299104+00:00,2026-09-16T06:26:52.032913+00:00,2026-09-16T02:26:52.032913-04:00,2026-09-16T02:26:52.032913-04:00,propline_free_sample
2026-09-15,2026-09-16 01:38:00+00:00,Logan Gilbert,7.5,under,-2400,polymarket_us,210418,Los Angeles Angels,Seattle Mariners,2026-09-16T01:34:49.731381+00:00,2026-09-16T06:26:52.032913+00:00,2026-09-16T02:26:52.032913-04:00,2026-09-16T02:26:52.032913-04:00,propline_free_sample
2026-09-15,2026-09-16 01:38:00+00:00,Logan Gilbert,5.5,over,-426,polymarket_us,210418,Los Angeles Angels,Seattle Mariners,2026-09-15T23:47:18.779035+00:00,2026-09-16T06:26:52.032913+00:00,2026-09-16T02:26:52.032913-04:00,2026-09-16T02:26:52.032913-04:00,propline_free_sample
2026-09-15,2026-09-16 01:38:00+00:00,Logan Gilbert,5.5,under,9900,polymarket_us,210418,Los Angeles Angels,Seattle Mariners,2026-09-15T23:47:18.779035+00:00,2026-09-16T06:26:52.032913+00:00,2026-09-16T02:26:52.032913-04:00,2026-09-16T02:26:52.032913-04:00,propline_free_sample
2026-09-15,2026-09-16 01:38:00+00:00,Ryan Johnson,6.5,over,-400,polymarket_us,210418,Los Angeles Angels,Seattle Mariners,2026-09-15T22:48:42.615569+00:00,2026-09-16T06:26:52.032913+00:00,2026-09-16T02:26:52.032913-04:00,2026-09-16T02:26:52.032913-04:00,propline_free_sample
2026-09-15,2026-09-16 01:38:00+00:00,Ryan Johnson,6.5,under,9900,polymarket_us,210418,Los Angeles Angels,Seattle Mariners,2026-09-15T22:48:42.615569+00:00,2026-09-16T06:26:52.032913+00:00,2026-09-16T02:26:52.032913-04:00,2026-09-16T02:26:52.032913-04:00,propline_free_sample
2026-09-15,2026-09-16 01:38:00+00:00,Ryan Johnson,3.5,over,-1567,polymarket_us,210418,Los Angeles Angels,Seattle Mariners,2026-09-15T21:10:17.341998+00:00,2026-09-16T06:26:52.032913+00:00,2026-09-16T02:26:52.032913-04:00,2026-09-16T02:26:52.032913-04:00,propline_free_sample
2026-09-15,2026-09-16 01:38:00+00:00,Ryan Johnson,3.5,under,9900,polymarket_us,210418,Los Angeles Angels,Seattle Mariners,2026-09-15T22:21:41.551576+00:00,2026-09-16T06:26:52.032913+00:00,2026-09-16T02:26:52.032913-04:00,2026-09-16T02:26:52.032913-04:00,propline_free_sample
2026-09-15,2026-09-16 01:38:00+00:00,Logan Gilbert,4.5,over,-1900,polymarket_us,210418,Los Angeles Angels,Seattle Mariners,2026-09-15T19:57:33.329393+00:00,2026-09-16T06:26:52.032913+00:00,2026-09-16T02:26:52.032913-04:00,2026-09-16T02:26:52.032913-04:00,propline_free_sample
2026-09-15,2026-09-16 01:38:00+00:00,Ryan Johnson,4.5,over,-1329,polymarket_us,210418,Los Angeles Angels,Seattle Mariners,2026-09-16T00:21:14.431198+00:00,2026-09-16T06:26:52.032913+00:00,2026-09-16T02:26:52.032913-04:00,2026-09-16T02:26:52.032913-04:00,propline_free_sample
2026-09-15,2026-09-16 01:38:00+00:00,Logan Gilbert,4.5,under,9900,polymarket_us,210418,Los Angeles Angels,Seattle Mariners,2026-09-16T01:34:49.731381+00:00,2026-09-16T06:26:52.032913+00:00,2026-09-16T02:26:52.032913-04:00,2026-09-16T02:26:52.032913-04:00,propline_free_sample
2026-09-15,2026-09-16 01:38:00+00:00,Ryan Johnson,4.5,under,9900,polymarket_us,210418,Los Angeles Angels,Seattle Mariners,2026-09-16T01:34:49.731381+00:00,2026-09-16T06:26:52.032913+00:00,2026-09-16T02:26:52.032913-04:00,2026-09-16T02:26:52.032913-04:00,propline_free_sample
2026-09-15,2026-09-16 01:38:00+00:00,Ryan Johnson,7.5,under,138,polymarket_us,210418,Los Angeles Angels,Seattle Mariners,2026-09-16T00:30:01.601349+00:00,2026-09-16T06:26:52.032913+00:00,2026-09-16T02:26:52.032913-04:00,2026-09-16T02:26:52.032913-04:00,propline_free_sample
2026-09-15,2026-09-16 01:38:00+00:00,Ryan Johnson,2.5,over,-488,polymarket_us,210418,Los Angeles Angels,Seattle Mariners,2026-09-15T22:09:32.697331+00:00,2026-09-16T06:26:52.032913+00:00,2026-09-16T02:26:52.032913-04:00,2026-09-16T02:26:52.032913-04:00,propline_free_sample
2026-09-15,2026-09-16 01:38:00+00:00,Ryan Johnson,2.5,under,9900,polymarket_us,210418,Los Angeles Angels,Seattle Mariners,2026-09-16T01:28:46.601381+00:00,2026-09-16T06:26:52.032913+00:00,2026-09-16T02:26:52.032913-04:00,2026-09-16T02:26:52.032913-04:00,propline_free_sample
2026-09-15,2026-09-16 01:38:00+00:00,Logan Gilbert,5.5,over,-317,novig,210418,Los Angeles Angels,Seattle Mariners,2026-09-16T01:37:45.733925+00:00,2026-09-16T06:26:52.032913+00:00,2026-09-16T02:26:52.032913-04:00,2026-09-16T02:26:52.032913-04:00,propline_free_sample
2026-09-15,2026-09-16 01:38:00+00:00,Logan Gilbert,5.5,under,104,novig,210418,Los Angeles Angels,Seattle Mariners,2026-09-16T01:37:45.733925+00:00,2026-09-16T06:26:52.032913+00:00,2026-09-16T02:26:52.032913-04:00,2026-09-16T02:26:52.032913-04:00,propline_free_sample
2026-09-15,2026-09-16 01:38:00+00:00,Logan Gilbert,7.5,over,141,novig,210418,Los Angeles Angels,Seattle Mariners,2026-09-16T01:37:45.733925+00:00,2026-09-16T06:26:52.032913+00:00,2026-09-16T02:26:52.032913-04:00,2026-09-16T02:26:52.032913-04:00,propline_free_sample
2026-09-15,2026-09-16 01:38:00+00:00,Logan Gilbert,7.5,under,-376,novig,210418,Los Angeles Angels,Seattle Mariners,2026-09-16T01:37:45.733925+00:00,2026-09-16T06:26:52.032913+00:00,2026-09-16T02:26:52.032913-04:00,2026-09-16T02:26:52.032913-04:00,propline_free_sample
2026-09-15,2026-09-16 01:38:00+00:00,Ryan Johnson,3.5,over,-174,novig,210418,Los Angeles Angels,Seattle Mariners,2026-09-16T00:12:02.617259+00:00,2026-09-16T06:26:52.032913+00:00,2026-09-16T02:26:52.032913-04:00,2026-09-16T02:26:52.032913-04:00,propline_free_sample
2026-09-15,2026-09-16 01:38:00+00:00,Ryan Johnson,3.5,under,130,novig,210418,Los Angeles Angels,Seattle Mariners,2026-09-16T01:03:48.074638+00:00,2026-09-16T06:26:52.032913+00:00,2026-09-16T02:26:52.032913-04:00,2026-09-16T02:26:52.032913-04:00,propline_free_sample
2026-09-15,2026-09-16 01:38:00+00:00,Ryan Johnson,5.5,over,251,novig,210418,Los Angeles Angels,Seattle Mariners,2026-09-15T20:20:06.390991+00:00,2026-09-16T06:26:52.032913+00:00,2026-09-16T02:26:52.032913-04:00,2026-09-16T02:26:52.032913-04:00,propline_free_sample
2026-09-15,2026-09-16 01:38:00+00:00,Ryan Johnson,5.5,under,-365,novig,210418,Los Angeles Angels,Seattle Mariners,2026-09-16T01:37:45.733925+00:00,2026-09-16T06:26:52.032913+00:00,2026-09-16T02:26:52.032913-04:00,2026-09-16T02:26:52.032913-04:00,propline_free_sample
2026-09-15,2026-09-16 01:38:00+00:00,Logan Gilbert,6.5,over,120,betmgm,210418,Los Angeles Angels,Seattle Mariners,2026-09-16T01:12:23.789992+00:00,2026-09-16T06:26:52.032913+00:00,2026-09-16T02:26:52.032913-04:00,2026-09-16T02:26:52.032913-04:00,propline_free_sample
2026-09-15,2026-09-16 01:38:00+00:00,Logan Gilbert,6.5,under,-160,betmgm,210418,Los Angeles Angels,Seattle Mariners,2026-09-16T01:12:23.789992+00:00,2026-09-16T06:26:52.032913+00:00,2026-09-16T02:26:52.032913-04:00,2026-09-16T02:26:52.032913-04:00,propline_free_sample
2026-09-15,2026-09-16 01:38:00+00:00,Ryan Johnson,4.5,over,115,betmgm,210418,Los Angeles Angels,Seattle Mariners,2026-09-15T22:23:48.114846+00:00,2026-09-16T06:26:52.032913+00:00,2026-09-16T02:26:52.032913-04:00,2026-09-16T02:26:52.032913-04:00,propline_free_sample
2026-09-15,2026-09-16 01:38:00+00:00,Ryan Johnson,4.5,under,-155,betmgm,210418,Los Angeles Angels,Seattle Mariners,2026-09-15T22:23:48.114846+00:00,2026-09-16T06:26:52.032913+00:00,2026-09-16T02:26:52.032913-04:00,2026-09-16T02:26:52.032913-04:00,propline_free_sample
2026-09-15,2026-09-16 01:38:00+00:00,Ryan Johnson,4.0,over,100,prizepicks,210418,Los Angeles Angels,Seattle Mariners,2026-09-15T10:27:05.961150+00:00,2026-09-16T06:26:52.032913+00:00,2026-09-16T02:26:52.032913-04:00,2026-09-16T02:26:52.032913-04:00,propline_free_sample
2026-09-15,2026-09-16 01:38:00+00:00,Ryan Johnson,4.0,under,100,prizepicks,210418,Los Angeles Angels,Seattle Mariners,2026-09-15T10:27:05.961150+00:00,2026-09-16T06:26:52.032913+00:00,2026-09-16T02:26:52.032913-04:00,2026-09-16T02:26:52.032913-04:00,propline_free_sample
2026-09-15,2026-09-16 01:38:00+00:00,Ryan Johnson,4.5,over,112,prophetx,210418,Los Angeles Angels,Seattle Mariners,2026-09-16T01:27:26.104083+00:00,2026-09-16T06:26:52.032913+00:00,2026-09-16T02:26:52.032913-04:00,2026-09-16T02:26:52.032913-04:00,propline_free_sample
2026-09-15,2026-09-16 01:38:00+00:00,Ryan Johnson,4.5,under,-134,prophetx,210418,Los Angeles Angels,Seattle Mariners,2026-09-16T01:20:26.606682+00:00,2026-09-16T06:26:52.032913+00:00,2026-09-16T02:26:52.032913-04:00,2026-09-16T02:26:52.032913-04:00,propline_free_sample
2026-09-15,2026-09-16 01:38:00+00:00,Ryan Johnson,3.5,over,-182,prophetx,210418,Los Angeles Angels,Seattle Mariners,2026-09-16T01:04:55.609615+00:00,2026-09-16T06:26:52.032913+00:00,2026-09-16T02:26:52.032913-04:00,2026-09-16T02:26:52.032913-04:00,propline_free_sample
2026-09-15,2026-09-16 01:38:00+00:00,Ryan Johnson,3.5,under,148,prophetx,210418,Los Angeles Angels,Seattle Mariners,2026-09-16T01:34:27.079216+00:00,2026-09-16T06:26:52.032913+00:00,2026-09-16T02:26:52.032913-04:00,2026-09-16T02:26:52.032913-04:00,propline_free_sample
2026-09-15,2026-09-16 01:38:00+00:00,Ryan Johnson,4.0,over,120,prophetx,210418,Los Angeles Angels,Seattle Mariners,2026-09-15T13:53:10.242548+00:00,2026-09-16T06:26:52.032913+00:00,2026-09-16T02:26:52.032913-04:00,2026-09-16T02:26:52.032913-04:00,propline_free_sample
2026-09-15,2026-09-16 01:38:00+00:00,Ryan Johnson,4.0,under,-142,prophetx,210418,Los Angeles Angels,Seattle Mariners,2026-09-16T01:12:41.207341+00:00,2026-09-16T06:26:52.032913+00:00,2026-09-16T02:26:52.032913-04:00,2026-09-16T02:26:52.032913-04:00,propline_free_sample
2026-09-15,2026-09-16 01:38:00+00:00,Logan Gilbert (SEA),6.5,over,-140,betonlineag,210418,Los Angeles Angels,Seattle Mariners,2026-09-15T16:07:36.233015+00:00,2026-09-16T06:26:52.032913+00:00,2026-09-16T02:26:52.032913-04:00,2026-09-16T02:26:52.032913-04:00,propline_free_sample
2026-09-15,2026-09-16 01:38:00+00:00,Logan Gilbert (SEA),6.5,under,100,betonlineag,210418,Los Angeles Angels,Seattle Mariners,2026-09-15T16:07:36.233015+00:00,2026-09-16T06:26:52.032913+00:00,2026-09-16T02:26:52.032913-04:00,2026-09-16T02:26:52.032913-04:00,propline_free_sample
2026-09-15,2026-09-16 01:38:00+00:00,Logan Gilbert (SEA),6.5,over,-140,lowvig,210418,Los Angeles Angels,Seattle Mariners,2026-09-15T16:07:38.643916+00:00,2026-09-16T06:26:52.032913+00:00,2026-09-16T02:26:52.032913-04:00,2026-09-16T02:26:52.032913-04:00,propline_free_sample
2026-09-15,2026-09-16 01:38:00+00:00,Logan Gilbert (SEA),6.5,under,100,lowvig,210418,Los Angeles Angels,Seattle Mariners,2026-09-15T16:07:38.643916+00:00,2026-09-16T06:26:52.032913+00:00,2026-09-16T02:26:52.032913-04:00,2026-09-16T02:26:52.032913-04:00,propline_free_sample
2026-09-15,2026-09-16 01:38:00+00:00,Logan Gilbert,9.5,under,100,prizepicks,210418,Los Angeles Angels,Seattle Mariners,2026-09-15T21:40:29.918735+00:00,2026-09-16T06:26:52.032913+00:00,2026-09-16T02:26:52.032913-04:00,2026-09-16T02:26:52.032913-04:00,propline_free_sample
2026-09-15,2026-09-16 01:38:00+00:00,Ryan Johnson,9.5,over,1100,hardrock,210418,Los Angeles Angels,Seattle Mariners,,2026-09-16T06:26:52.032913+00:00,2026-09-16T02:26:52.032913-04:00,2026-09-16T02:26:52.032913-04:00,propline_free_sample
2026-09-15,2026-09-16 01:38:00+00:00,Ryan Johnson,9.5,under,-5000,hardrock,210418,Los Angeles Angels,Seattle Mariners,,2026-09-16T06:26:52.032913+00:00,2026-09-16T02:26:52.032913-04:00,2026-09-16T02:26:52.032913-04:00,propline_free_sample
2026-09-15,2026-09-16 01:38:00+00:00,Ryan Johnson,10.5,over,4000,hardrock,210418,Los Angeles Angels,Seattle Mariners,,2026-09-16T06:26:52.032913+00:00,2026-09-16T02:26:52.032913-04:00,2026-09-16T02:26:52.032913-04:00,propline_free_sample
2026-09-15,2026-09-16 01:38:00+00:00,Ryan Johnson,10.5,under,-100000,hardrock,210418,Los Angeles Angels,Seattle Mariners,,2026-09-16T06:26:52.032913+00:00,2026-09-16T02:26:52.032913-04:00,2026-09-16T02:26:52.032913-04:00,propline_free_sample
2026-09-15,2026-09-16 00:40:00+00:00,Kyle Freeland,2.5,over,126,underdog,210417,Colorado Rockies,San Diego Padres,2026-09-15T22:39:29.237207+00:00,2026-09-16T06:26:52.032913+00:00,2026-09-16T02:26:52.032913-04:00,2026-09-16T02:26:52.032913-04:00,propline_free_sample
2026-09-15,2026-09-16 00:40:00+00:00,Walker Buehler,2.5,over,-150,underdog,210417,Colorado Rockies,San Diego Padres,2026-09-15T23:11:12.983836+00:00,2026-09-16T06:26:52.032913+00:00,2026-09-16T02:26:52.032913-04:00,2026-09-16T02:26:52.032913-04:00,propline_free_sample
2026-09-15,2026-09-16 00:40:00+00:00,Kyle Freeland,2.5,under,-189,underdog,210417,Colorado Rockies,San Diego Padres,2026-09-15T22:39:29.237207+00:00,2026-09-16T06:26:52.032913+00:00,2026-09-16T02:26:52.032913-04:00,2026-09-16T02:26:52.032913-04:00,propline_free_sample
2026-09-15,2026-09-16 00:40:00+00:00,Walker Buehler,2.5,under,101,underdog,210417,Colorado Rockies,San Diego Padres,2026-09-15T23:11:12.983836+00:00,2026-09-16T06:26:52.032913+00:00,2026-09-16T02:26:52.032913-04:00,2026-09-16T02:26:52.032913-04:00,propline_free_sample
2026-09-15,2026-09-16 00:40:00+00:00,Kyle Freeland,2.5,over,-104,dabble,210417,Colorado Rockies,San Diego Padres,2026-09-15T22:34:42.034592+00:00,2026-09-16T06:26:52.032913+00:00,2026-09-16T02:26:52.032913-04:00,2026-09-16T02:26:52.032913-04:00,propline_free_sample
2026-09-15,2026-09-16 00:40:00+00:00,Walker Buehler,3.5,over,116,dabble,210417,Colorado Rockies,San Diego Padres,2026-09-16T00:36:20.659172+00:00,2026-09-16T06:26:52.032913+00:00,2026-09-16T02:26:52.032913-04:00,2026-09-16T02:26:52.032913-04:00,propline_free_sample
2026-09-15,2026-09-16 00:40:00+00:00,Kyle Freeland,2.5,under,106,dabble,210417,Colorado Rockies,San Diego Padres,2026-09-16T00:36:20.659172+00:00,2026-09-16T06:26:52.032913+00:00,2026-09-16T02:26:52.032913-04:00,2026-09-16T02:26:52.032913-04:00,propline_free_sample
2026-09-15,2026-09-16 00:40:00+00:00,Walker Buehler,3.5,under,-115,dabble,210417,Colorado Rockies,San Diego Padres,2026-09-15T22:34:42.034592+00:00,2026-09-16T06:26:52.032913+00:00,2026-09-16T02:26:52.032913-04:00,2026-09-16T02:26:52.032913-04:00,propline_free_sample
2026-09-15,2026-09-16 00:40:00+00:00,Kyle Freeland,2.5,over,-123,smarkets,210417,Colorado Rockies,San Diego Padres,2026-09-15T23:12:04.061466+00:00,2026-09-16T06:26:52.032913+00:00,2026-09-16T02:26:52.032913-04:00,2026-09-16T02:26:52.032913-04:00,propline_free_sample
2026-09-15,2026-09-16 00:40:00+00:00,Kyle Freeland,2.5,under,-112,smarkets,210417,Colorado Rockies,San Diego Padres,2026-09-15T23:12:04.061466+00:00,2026-09-16T06:26:52.032913+00:00,2026-09-16T02:26:52.032913-04:00,2026-09-16T02:26:52.032913-04:00,propline_free_sample
2026-09-15,2026-09-16 00:40:00+00:00,Walker Buehler,3.5,over,-102,smarkets,210417,Colorado Rockies,San Diego Padres,2026-09-15T23:12:04.061466+00:00,2026-09-16T06:26:52.032913+00:00,2026-09-16T02:26:52.032913-04:00,2026-09-16T02:26:52.032913-04:00,propline_free_sample
2026-09-15,2026-09-16 00:40:00+00:00,Walker Buehler,3.5,under,-137,smarkets,210417,Colorado Rockies,San Diego Padres,2026-09-15T23:12:04.061466+00:00,2026-09-16T06:26:52.032913+00:00,2026-09-16T02:26:52.032913-04:00,2026-09-16T02:26:52.032913-04:00,propline_free_sample
2026-09-15,2026-09-16 00:40:00+00:00,Kyle Freeland,2.5,over,100,prizepicks,210417,Colorado Rockies,San Diego Padres,2026-09-15T03:35:05.222067+00:00,2026-09-16T06:26:52.032913+00:00,2026-09-16T02:26:52.032913-04:00,2026-09-16T02:26:52.032913-04:00,propline_free_sample
2026-09-15,2026-09-16 00:40:00+00:00,Kyle Freeland,2.5,under,100,prizepicks,210417,Colorado Rockies,San Diego Padres,2026-09-15T03:35:05.222067+00:00,2026-09-16T06:26:52.032913+00:00,2026-09-16T02:26:52.032913-04:00,2026-09-16T02:26:52.032913-04:00,propline_free_sample
2026-09-15,2026-09-16 00:40:00+00:00,Kyle Freeland,3.5,over,100,prizepicks,210417,Colorado Rockies,San Diego Padres,2026-09-15T03:35:05.222067+00:00,2026-09-16T06:26:52.032913+00:00,2026-09-16T02:26:52.032913-04:00,2026-09-16T02:26:52.032913-04:00,propline_free_sample
2026-09-15,2026-09-16 00:40:00+00:00,Walker Buehler,3.5,over,100,prizepicks,210417,Colorado Rockies,San Diego Padres,2026-09-15T03:35:05.222067+00:00,2026-09-16T06:26:52.032913+00:00,2026-09-16T02:26:52.032913-04:00,2026-09-16T02:26:52.032913-04:00,propline_free_sample
2026-09-15,2026-09-16 00:40:00+00:00,Walker Buehler,3.5,under,100,prizepicks,210417,Colorado Rockies,San Diego Padres,2026-09-15T03:35:05.222067+00:00,2026-09-16T06:26:52.032913+00:00,2026-09-16T02:26:52.032913-04:00,2026-09-16T02:26:52.032913-04:00,propline_free_sample
2026-09-15,2026-09-16 00:40:00+00:00,Walker Buehler,6.5,over,100,prizepicks,210417,Colorado Rockies,San Diego Padres,2026-09-15T03:35:05.222067+00:00,2026-09-16T06:26:52.032913+00:00,2026-09-16T02:26:52.032913-04:00,2026-09-16T02:26:52.032913-04:00,propline_free_sample
2026-09-15,2026-09-16 00:40:00+00:00,Kyle Freeland,2.5,over,-149,draftkings,210417,Colorado Rockies,San Diego Padres,2026-09-15T23:42:00.840169+00:00,2026-09-16T06:26:52.032913+00:00,2026-09-16T02:26:52.032913-04:00,2026-09-16T02:26:52.032913-04:00,propline_free_sample
2026-09-15,2026-09-16 00:40:00+00:00,Kyle Freeland,2.5,under,117,draftkings,210417,Colorado Rockies,San Diego Padres,2026-09-15T23:42:00.840169+00:00,2026-09-16T06:26:52.032913+00:00,2026-09-16T02:26:52.032913-04:00,2026-09-16T02:26:52.032913-04:00,propline_free_sample
2026-09-15,2026-09-16 00:40:00+00:00,Walker Buehler,3.5,over,128,draftkings,210417,Colorado Rockies,San Diego Padres,2026-09-15T23:41:37.973274+00:00,2026-09-16T06:26:52.032913+00:00,2026-09-16T02:26:52.032913-04:00,2026-09-16T02:26:52.032913-04:00,propline_free_sample
2026-09-15,2026-09-16 00:40:00+00:00,Walker Buehler,3.5,under,-164,draftkings,210417,Colorado Rockies,San Diego Padres,2026-09-15T23:41:37.973274+00:00,2026-09-16T06:26:52.032913+00:00,2026-09-16T02:26:52.032913-04:00,2026-09-16T02:26:52.032913-04:00,propline_free_sample
2026-09-15,2026-09-16 00:40:00+00:00,Kyle Freeland,2.5,over,-145,fanatics,210417,Colorado Rockies,San Diego Padres,2026-09-15T23:32:04.306243+00:00,2026-09-16T06:26:52.032913+00:00,2026-09-16T02:26:52.032913-04:00,2026-09-16T02:26:52.032913-04:00,propline_free_sample
2026-09-15,2026-09-16 00:40:00+00:00,Kyle Freeland,2.5,under,110,fanatics,210417,Colorado Rockies,San Diego Padres,2026-09-15T23:32:04.306243+00:00,2026-09-16T06:26:52.032913+00:00,2026-09-16T02:26:52.032913-04:00,2026-09-16T02:26:52.032913-04:00,propline_free_sample
2026-09-15,2026-09-16 00:40:00+00:00,Walker Buehler,1.5,over,-130,fanatics,210417,Colorado Rockies,San Diego Padres,2026-09-15T23:32:04.306243+00:00,2026-09-16T06:26:52.032913+00:00,2026-09-16T02:26:52.032913-04:00,2026-09-16T02:26:52.032913-04:00,propline_free_sample
2026-09-15,2026-09-16 00:40:00+00:00,Walker Buehler,1.5,under,100,fanatics,210417,Colorado Rockies,San Diego Padres,2026-09-15T23:32:04.306243+00:00,2026-09-16T06:26:52.032913+00:00,2026-09-16T02:26:52.032913-04:00,2026-09-16T02:26:52.032913-04:00,propline_free_sample
2026-09-15,2026-09-16 00:40:00+00:00,Walker Buehler,3.5,over,102,sleeper,210417,Colorado Rockies,San Diego Padres,2026-09-16T00:36:23.278857+00:00,2026-09-16T06:26:52.032913+00:00,2026-09-16T02:26:52.032913-04:00,2026-09-16T02:26:52.032913-04:00,propline_free_sample
2026-09-15,2026-09-16 00:40:00+00:00,Walker Buehler,3.5,under,-169,sleeper,210417,Colorado Rockies,San Diego Padres,2026-09-16T00:36:23.278857+00:00,2026-09-16T06:26:52.032913+00:00,2026-09-16T02:26:52.032913-04:00,2026-09-16T02:26:52.032913-04:00,propline_free_sample
2026-09-15,2026-09-16 00:40:00+00:00,Kyle Freeland,4.5,over,100,prizepicks,210417,Colorado Rockies,San Diego Padres,2026-09-15T04:40:31.132339+00:00,2026-09-16T06:26:52.032913+00:00,2026-09-16T02:26:52.032913-04:00,2026-09-16T02:26:52.032913-04:00,propline_free_sample
2026-09-15,2026-09-16 00:40:00+00:00,Walker Buehler,4.5,over,100,prizepicks,210417,Colorado Rockies,San Diego Padres,2026-09-15T04:40:31.132339+00:00,2026-09-16T06:26:52.032913+00:00,2026-09-16T02:26:52.032913-04:00,2026-09-16T02:26:52.032913-04:00,propline_free_sample
2026-09-15,2026-09-16 00:40:00+00:00,Kyle Freeland,5.5,over,100,prizepicks,210417,Colorado Rockies,San Diego Padres,2026-09-15T04:40:31.132339+00:00,2026-09-16T06:26:52.032913+00:00,2026-09-16T02:26:52.032913-04:00,2026-09-16T02:26:52.032913-04:00,propline_free_sample
2026-09-15,2026-09-16 00:40:00+00:00,Walker Buehler,5.5,over,100,prizepicks,210417,Colorado Rockies,San Diego Padres,2026-09-15T04:40:31.132339+00:00,2026-09-16T06:26:52.032913+00:00,2026-09-16T02:26:52.032913-04:00,2026-09-16T02:26:52.032913-04:00,propline_free_sample
2026-09-15,2026-09-16 00:40:00+00:00,Kyle Freeland,1.5,over,100,prizepicks,210417,Colorado Rockies,San Diego Padres,2026-09-15T04:40:31.132339+00:00,2026-09-16T06:26:52.032913+00:00,2026-09-16T02:26:52.032913-04:00,2026-09-16T02:26:52.032913-04:00,propline_free_sample
2026-09-15,2026-09-16 00:40:00+00:00,Walker Buehler,2.5,over,100,prizepicks,210417,Colorado Rockies,San Diego Padres,2026-09-15T04:40:31.132339+00:00,2026-09-16T06:26:52.032913+00:00,2026-09-16T02:26:52.032913-04:00,2026-09-16T02:26:52.032913-04:00,propline_free_sample
2026-09-15,2026-09-16 00:40:00+00:00,Kyle Freeland,2.5,over,-120,onexbet,210417,Colorado Rockies,San Diego Padres,2026-09-16T00:04:04.299356+00:00,2026-09-16T06:26:52.032913+00:00,2026-09-16T02:26:52.032913-04:00,2026-09-16T02:26:52.032913-04:00,propline_free_sample
2026-09-15,2026-09-16 00:40:00+00:00,Walker Buehler,3.5,over,100,onexbet,210417,Colorado Rockies,San Diego Padres,2026-09-16T00:04:04.299356+00:00,2026-09-16T06:26:52.032913+00:00,2026-09-16T02:26:52.032913-04:00,2026-09-16T02:26:52.032913-04:00,propline_free_sample
2026-09-15,2026-09-16 00:40:00+00:00,Kyle Freeland,2.5,under,-110,onexbet,210417,Colorado Rockies,San Diego Padres,2026-09-16T00:04:04.299356+00:00,2026-09-16T06:26:52.032913+00:00,2026-09-16T02:26:52.032913-04:00,2026-09-16T02:26:52.032913-04:00,propline_free_sample
2026-09-15,2026-09-16 00:40:00+00:00,Walker Buehler,3.5,under,-135,onexbet,210417,Colorado Rockies,San Diego Padres,2026-09-16T00:04:04.299356+00:00,2026-09-16T06:26:52.032913+00:00,2026-09-16T02:26:52.032913-04:00,2026-09-16T02:26:52.032913-04:00,propline_free_sample
2026-09-15,2026-09-16 00:40:00+00:00,Kyle Freeland,0.5,over,-4900,kalshi,210417,Colorado Rockies,San Diego Padres,2026-09-15T22:33:05.257011+00:00,2026-09-16T06:26:52.032913+00:00,2026-09-16T02:26:52.032913-04:00,2026-09-16T02:26:52.032913-04:00,propline_free_sample
2026-09-15,2026-09-16 00:40:00+00:00,Kyle Freeland,1.5,over,9900,kalshi,210417,Colorado Rockies,San Diego Padres,2026-09-15T22:10:27.634305+00:00,2026-09-16T06:26:52.032913+00:00,2026-09-16T02:26:52.032913-04:00,2026-09-16T02:26:52.032913-04:00,propline_free_sample
2026-09-15,2026-09-16 00:40:00+00:00,Walker Buehler,1.5,over,9900,kalshi,210417,Colorado Rockies,San Diego Padres,2026-09-16T00:22:09.036360+00:00,2026-09-16T06:26:52.032913+00:00,2026-09-16T02:26:52.032913-04:00,2026-09-16T02:26:52.032913-04:00,propline_free_sample
2026-09-15,2026-09-16 00:40:00+00:00,Kyle Freeland,1.5,under,-117,kalshi,210417,Colorado Rockies,San Diego Padres,2026-09-15T22:10:27.634305+00:00,2026-09-16T06:26:52.032913+00:00,2026-09-16T02:26:52.032913-04:00,2026-09-16T02:26:52.032913-04:00,propline_free_sample
2026-09-15,2026-09-16 00:40:00+00:00,Walker Buehler,1.5,under,-1900,kalshi,210417,Colorado Rockies,San Diego Padres,2026-09-15T23:43:03.407994+00:00,2026-09-16T06:26:52.032913+00:00,2026-09-16T02:26:52.032913-04:00,2026-09-16T02:26:52.032913-04:00,propline_free_sample
2026-09-15,2026-09-16 00:40:00+00:00,Kyle Freeland,2.5,over,9900,kalshi,210417,Colorado Rockies,San Diego Padres,2026-09-16T00:19:57.306549+00:00,2026-09-16T06:26:52.032913+00:00,2026-09-16T02:26:52.032913-04:00,2026-09-16T02:26:52.032913-04:00,propline_free_sample
2026-09-15,2026-09-16 00:40:00+00:00,Walker Buehler,2.5,over,9900,kalshi,210417,Colorado Rockies,San Diego Padres,2026-09-16T00:03:46.649083+00:00,2026-09-16T06:26:52.032913+00:00,2026-09-16T02:26:52.032913-04:00,2026-09-16T02:26:52.032913-04:00,propline_free_sample
2026-09-15,2026-09-16 00:40:00+00:00,Kyle Freeland,2.5,under,-1900,kalshi,210417,Colorado Rockies,San Diego Padres,2026-09-16T00:19:57.306549+00:00,2026-09-16T06:26:52.032913+00:00,2026-09-16T02:26:52.032913-04:00,2026-09-16T02:26:52.032913-04:00,propline_free_sample
2026-09-15,2026-09-16 00:40:00+00:00,Walker Buehler,2.5,under,-4900,kalshi,210417,Colorado Rockies,San Diego Padres,2026-09-15T22:22:24.231450+00:00,2026-09-16T06:26:52.032913+00:00,2026-09-16T02:26:52.032913-04:00,2026-09-16T02:26:52.032913-04:00,propline_free_sample
2026-09-15,2026-09-16 00:40:00+00:00,Kyle Freeland,3.5,over,9900,kalshi,210417,Colorado Rockies,San Diego Padres,2026-09-16T00:19:57.306549+00:00,2026-09-16T06:26:52.032913+00:00,2026-09-16T02:26:52.032913-04:00,2026-09-16T02:26:52.032913-04:00,propline_free_sample
2026-09-15,2026-09-16 00:40:00+00:00,Walker Buehler,3.5,over,9900,kalshi,210417,Colorado Rockies,San Diego Padres,2026-09-15T23:53:06.028044+00:00,2026-09-16T06:26:52.032913+00:00,2026-09-16T02:26:52.032913-04:00,2026-09-16T02:26:52.032913-04:00,propline_free_sample
2026-09-15,2026-09-16 00:40:00+00:00,Walker Buehler,3.5,under,-4900,kalshi,210417,Colorado Rockies,San Diego Padres,2026-09-15T23:53:06.028044+00:00,2026-09-16T06:26:52.032913+00:00,2026-09-16T02:26:52.032913-04:00,2026-09-16T02:26:52.032913-04:00,propline_free_sample
2026-09-15,2026-09-16 00:40:00+00:00,Kyle Freeland,4.5,over,9900,kalshi,210417,Colorado Rockies,San Diego Padres,2026-09-15T20:24:33.892030+00:00,2026-09-16T06:26:52.032913+00:00,2026-09-16T02:26:52.032913-04:00,2026-09-16T02:26:52.032913-04:00,propline_free_sample
2026-09-15,2026-09-16 00:40:00+00:00,Walker Buehler,4.5,over,9900,kalshi,210417,Colorado Rockies,San Diego Padres,2026-09-16T00:19:57.306549+00:00,2026-09-16T06:26:52.032913+00:00,2026-09-16T02:26:52.032913-04:00,2026-09-16T02:26:52.032913-04:00,propline_free_sample
2026-09-15,2026-09-16 00:40:00+00:00,Kyle Freeland,5.5,over,9900,kalshi,210417,Colorado Rockies,San Diego Padres,2026-09-15T20:56:46.784930+00:00,2026-09-16T06:26:52.032913+00:00,2026-09-16T02:26:52.032913-04:00,2026-09-16T02:26:52.032913-04:00,propline_free_sample
2026-09-15,2026-09-16 00:40:00+00:00,Walker Buehler,5.5,over,9900,kalshi,210417,Colorado Rockies,San Diego Padres,2026-09-15T22:59:28.834791+00:00,2026-09-16T06:26:52.032913+00:00,2026-09-16T02:26:52.032913-04:00,2026-09-16T02:26:52.032913-04:00,propline_free_sample
2026-09-15,2026-09-16 00:40:00+00:00,Kyle Freeland,5.5,under,-3233,kalshi,210417,Colorado Rockies,San Diego Padres,2026-09-15T21:23:02.383253+00:00,2026-09-16T06:26:52.032913+00:00,2026-09-16T02:26:52.032913-04:00,2026-09-16T02:26:52.032913-04:00,propline_free_sample
2026-09-15,2026-09-16 00:40:00+00:00,Walker Buehler,5.5,under,-2400,kalshi,210417,Colorado Rockies,San Diego Padres,2026-09-15T22:11:29.417292+00:00,2026-09-16T06:26:52.032913+00:00,2026-09-16T02:26:52.032913-04:00,2026-09-16T02:26:52.032913-04:00,propline_free_sample
2026-09-15,2026-09-16 00:40:00+00:00,Walker Buehler,6.5,over,9900,kalshi,210417,Colorado Rockies,San Diego Padres,2026-09-15T22:30:43.915140+00:00,2026-09-16T06:26:52.032913+00:00,2026-09-16T02:26:52.032913-04:00,2026-09-16T02:26:52.032913-04:00,propline_free_sample
2026-09-15,2026-09-16 00:40:00+00:00,Walker Buehler,6.5,under,-2400,kalshi,210417,Colorado Rockies,San Diego Padres,2026-09-15T22:59:28.834791+00:00,2026-09-16T06:26:52.032913+00:00,2026-09-16T02:26:52.032913-04:00,2026-09-16T02:26:52.032913-04:00,propline_free_sample
2026-09-15,2026-09-16 00:40:00+00:00,Walker Buehler,3.5,over,113,novig,210417,Colorado Rockies,San Diego Padres,2026-09-16T00:35:27.159232+00:00,2026-09-16T06:26:52.032913+00:00,2026-09-16T02:26:52.032913-04:00,2026-09-16T02:26:52.032913-04:00,propline_free_sample
2026-09-15,2026-09-16 00:40:00+00:00,Walker Buehler,3.5,under,-147,novig,210417,Colorado Rockies,San Diego Padres,2026-09-16T00:35:27.159232+00:00,2026-09-16T06:26:52.032913+00:00,2026-09-16T02:26:52.032913-04:00,2026-09-16T02:26:52.032913-04:00,propline_free_sample
2026-09-15,2026-09-16 00:40:00+00:00,Walker Buehler,3.5,over,140,prophetx,210417,Colorado Rockies,San Diego Padres,2026-09-15T23:39:26.400246+00:00,2026-09-16T06:26:52.032913+00:00,2026-09-16T02:26:52.032913-04:00,2026-09-16T02:26:52.032913-04:00,propline_free_sample
2026-09-15,2026-09-16 00:40:00+00:00,Walker Buehler,3.5,under,-144,prophetx,210417,Colorado Rockies,San Diego Padres,2026-09-15T23:39:26.400246+00:00,2026-09-16T06:26:52.032913+00:00,2026-09-16T02:26:52.032913-04:00,2026-09-16T02:26:52.032913-04:00,propline_free_sample
2026-09-15,2026-09-16 00:40:00+00:00,Kyle Freeland,0.5,under,9900,kalshi,210417,Colorado Rockies,San Diego Padres,2026-09-15T23:38:31.818130+00:00,2026-09-16T06:26:52.032913+00:00,2026-09-16T02:26:52.032913-04:00,2026-09-16T02:26:52.032913-04:00,propline_free_sample
2026-09-15,2026-09-16 00:40:00+00:00,Kyle Freeland,3.5,under,-4900,kalshi,210417,Colorado Rockies,San Diego Padres,2026-09-16T00:19:57.306549+00:00,2026-09-16T06:26:52.032913+00:00,2026-09-16T02:26:52.032913-04:00,2026-09-16T02:26:52.032913-04:00,propline_free_sample
2026-09-15,2026-09-16 00:40:00+00:00,Walker Buehler,4.5,under,-1567,kalshi,210417,Colorado Rockies,San Diego Padres,2026-09-16T00:19:57.306549+00:00,2026-09-16T06:26:52.032913+00:00,2026-09-16T02:26:52.032913-04:00,2026-09-16T02:26:52.032913-04:00,propline_free_sample
2026-09-15,2026-09-16 00:40:00+00:00,Kyle Freeland,4.5,under,-1567,kalshi,210417,Colorado Rockies,San Diego Padres,2026-09-15T20:24:33.892030+00:00,2026-09-16T06:26:52.032913+00:00,2026-09-16T02:26:52.032913-04:00,2026-09-16T02:26:52.032913-04:00,propline_free_sample
2026-09-15,2026-09-16 00:40:00+00:00,Walker Buehler,1.5,over,9900,polymarket_us,210417,Colorado Rockies,San Diego Padres,2026-09-15T19:57:27.991091+00:00,2026-09-16T06:26:52.032913+00:00,2026-09-16T02:26:52.032913-04:00,2026-09-16T02:26:52.032913-04:00,propline_free_sample
2026-09-15,2026-09-16 00:40:00+00:00,Walker Buehler,1.5,under,-669,polymarket_us,210417,Colorado Rockies,San Diego Padres,2026-09-15T20:36:31.978136+00:00,2026-09-16T06:26:52.032913+00:00,2026-09-16T02:26:52.032913-04:00,2026-09-16T02:26:52.032913-04:00,propline_free_sample
2026-09-15,2026-09-16 00:40:00+00:00,Walker Buehler,2.5,over,9900,polymarket_us,210417,Colorado Rockies,San Diego Padres,2026-09-15T23:09:00.679697+00:00,2026-09-16T06:26:52.032913+00:00,2026-09-16T02:26:52.032913-04:00,2026-09-16T02:26:52.032913-04:00,propline_free_sample
2026-09-15,2026-09-16 00:40:00+00:00,Walker Buehler,2.5,under,-2400,polymarket_us,210417,Colorado Rockies,San Diego Padres,2026-09-15T23:13:08.825936+00:00,2026-09-16T06:26:52.032913+00:00,2026-09-16T02:26:52.032913-04:00,2026-09-16T02:26:52.032913-04:00,propline_free_sample
2026-09-15,2026-09-16 00:40:00+00:00,Walker Buehler,6.5,over,9900,polymarket_us,210417,Colorado Rockies,San Diego Padres,2026-09-15T23:47:02.793412+00:00,2026-09-16T06:26:52.032913+00:00,2026-09-16T02:26:52.032913-04:00,2026-09-16T02:26:52.032913-04:00,propline_free_sample
2026-09-15,2026-09-16 00:40:00+00:00,Kyle Freeland,2.5,over,-122,novig,210417,Colorado Rockies,San Diego Padres,2026-09-15T23:42:50.086376+00:00,2026-09-16T06:26:52.032913+00:00,2026-09-16T02:26:52.032913-04:00,2026-09-16T02:26:52.032913-04:00,propline_free_sample
2026-09-15,2026-09-16 00:40:00+00:00,Kyle Freeland,2.5,under,-285,novig,210417,Colorado Rockies,San Diego Padres,2026-09-16T00:35:27.159232+00:00,2026-09-16T06:26:52.032913+00:00,2026-09-16T02:26:52.032913-04:00,2026-09-16T02:26:52.032913-04:00,propline_free_sample
2026-09-15,2026-09-16 00:40:00+00:00,Walker Buehler,3.5,over,9900,polymarket_us,210417,Colorado Rockies,San Diego Padres,2026-09-15T23:52:51.483580+00:00,2026-09-16T06:26:52.032913+00:00,2026-09-16T02:26:52.032913-04:00,2026-09-16T02:26:52.032913-04:00,propline_free_sample
2026-09-15,2026-09-16 00:40:00+00:00,Walker Buehler,3.5,under,-2400,polymarket_us,210417,Colorado Rockies,San Diego Padres,2026-09-15T23:13:08.825936+00:00,2026-09-16T06:26:52.032913+00:00,2026-09-16T02:26:52.032913-04:00,2026-09-16T02:26:52.032913-04:00,propline_free_sample
2026-09-15,2026-09-16 00:40:00+00:00,Walker Buehler,7.5,over,9900,polymarket_us,210417,Colorado Rockies,San Diego Padres,2026-09-15T21:55:51.104709+00:00,2026-09-16T06:26:52.032913+00:00,2026-09-16T02:26:52.032913-04:00,2026-09-16T02:26:52.032913-04:00,propline_free_sample
2026-09-15,2026-09-16 00:40:00+00:00,Walker Buehler,0.5,over,-950,hardrock,210417,Colorado Rockies,San Diego Padres,2026-09-15T22:32:41.030047+00:00,2026-09-16T06:26:52.032913+00:00,2026-09-16T02:26:52.032913-04:00,2026-09-16T02:26:52.032913-04:00,propline_free_sample
2026-09-15,2026-09-16 00:40:00+00:00,Walker Buehler,0.5,under,425,hardrock,210417,Colorado Rockies,San Diego Padres,2026-09-15T22:01:36.813684+00:00,2026-09-16T06:26:52.032913+00:00,2026-09-16T02:26:52.032913-04:00,2026-09-16T02:26:52.032913-04:00,propline_free_sample
2026-09-15,2026-09-16 00:40:00+00:00,Walker Buehler,1.5,over,-165,hardrock,210417,Colorado Rockies,San Diego Padres,2026-09-15T22:32:41.030047+00:00,2026-09-16T06:26:52.032913+00:00,2026-09-16T02:26:52.032913-04:00,2026-09-16T02:26:52.032913-04:00,propline_free_sample
2026-09-15,2026-09-16 00:40:00+00:00,Walker Buehler,1.5,under,115,hardrock,210417,Colorado Rockies,San Diego Padres,2026-09-15T22:32:41.030047+00:00,2026-09-16T06:26:52.032913+00:00,2026-09-16T02:26:52.032913-04:00,2026-09-16T02:26:52.032913-04:00,propline_free_sample
2026-09-15,2026-09-16 00:40:00+00:00,Walker Buehler,2.5,over,190,hardrock,210417,Colorado Rockies,San Diego Padres,2026-09-15T23:03:45.908709+00:00,2026-09-16T06:26:52.032913+00:00,2026-09-16T02:26:52.032913-04:00,2026-09-16T02:26:52.032913-04:00,propline_free_sample
2026-09-15,2026-09-16 00:40:00+00:00,Walker Buehler,2.5,under,-300,hardrock,210417,Colorado Rockies,San Diego Padres,2026-09-15T23:03:45.908709+00:00,2026-09-16T06:26:52.032913+00:00,2026-09-16T02:26:52.032913-04:00,2026-09-16T02:26:52.032913-04:00,propline_free_sample
2026-09-15,2026-09-16 00:40:00+00:00,Walker Buehler,3.5,over,525,hardrock,210417,Colorado Rockies,San Diego Padres,2026-09-15T22:32:41.030047+00:00,2026-09-16T06:26:52.032913+00:00,2026-09-16T02:26:52.032913-04:00,2026-09-16T02:26:52.032913-04:00,propline_free_sample
2026-09-15,2026-09-16 00:40:00+00:00,Walker Buehler,3.5,under,-1400,hardrock,210417,Colorado Rockies,San Diego Padres,2026-09-15T22:32:41.030047+00:00,2026-09-16T06:26:52.032913+00:00,2026-09-16T02:26:52.032913-04:00,2026-09-16T02:26:52.032913-04:00,propline_free_sample
2026-09-15,2026-09-16 00:40:00+00:00,Walker Buehler,4.5,over,1750,hardrock,210417,Colorado Rockies,San Diego Padres,2026-09-15T22:32:41.030047+00:00,2026-09-16T06:26:52.032913+00:00,2026-09-16T02:26:52.032913-04:00,2026-09-16T02:26:52.032913-04:00,propline_free_sample
2026-09-15,2026-09-16 00:40:00+00:00,Walker Buehler,4.5,under,-10000,hardrock,210417,Colorado Rockies,San Diego Padres,2026-09-15T23:09:41.186515+00:00,2026-09-16T06:26:52.032913+00:00,2026-09-16T02:26:52.032913-04:00,2026-09-16T02:26:52.032913-04:00,propline_free_sample
2026-09-15,2026-09-16 00:40:00+00:00,Walker Buehler,5.5,over,1400,hardrock,210417,Colorado Rockies,San Diego Padres,2026-09-15T22:32:41.030047+00:00,2026-09-16T06:26:52.032913+00:00,2026-09-16T02:26:52.032913-04:00,2026-09-16T02:26:52.032913-04:00,propline_free_sample
2026-09-15,2026-09-16 00:40:00+00:00,Walker Buehler,5.5,under,-7000,hardrock,210417,Colorado Rockies,San Diego Padres,2026-09-15T22:32:41.030047+00:00,2026-09-16T06:26:52.032913+00:00,2026-09-16T02:26:52.032913-04:00,2026-09-16T02:26:52.032913-04:00,propline_free_sample
2026-09-15,2026-09-16 00:40:00+00:00,Walker Buehler,6.5,over,4000,hardrock,210417,Colorado Rockies,San Diego Padres,2026-09-15T23:09:41.186515+00:00,2026-09-16T06:26:52.032913+00:00,2026-09-16T02:26:52.032913-04:00,2026-09-16T02:26:52.032913-04:00,propline_free_sample
2026-09-15,2026-09-16 00:40:00+00:00,Walker Buehler,6.5,under,-100000,hardrock,210417,Colorado Rockies,San Diego Padres,2026-09-15T23:09:41.186515+00:00,2026-09-16T06:26:52.032913+00:00,2026-09-16T02:26:52.032913-04:00,2026-09-16T02:26:52.032913-04:00,propline_free_sample
2026-09-15,2026-09-16 00:40:00+00:00,Walker Buehler,7.5,over,4000,hardrock,210417,Colorado Rockies,San Diego Padres,2026-09-15T07:08:06.602792+00:00,2026-09-16T06:26:52.032913+00:00,2026-09-16T02:26:52.032913-04:00,2026-09-16T02:26:52.032913-04:00,propline_free_sample
2026-09-15,2026-09-16 00:40:00+00:00,Walker Buehler,7.5,under,-100000,hardrock,210417,Colorado Rockies,San Diego Padres,2026-09-15T22:57:12.813271+00:00,2026-09-16T06:26:52.032913+00:00,2026-09-16T02:26:52.032913-04:00,2026-09-16T02:26:52.032913-04:00,propline_free_sample
2026-09-15,2026-09-16 00:40:00+00:00,Walker Buehler,4.5,under,100,prizepicks,210417,Colorado Rockies,San Diego Padres,2026-09-15T07:16:49.061190+00:00,2026-09-16T06:26:52.032913+00:00,2026-09-16T02:26:52.032913-04:00,2026-09-16T02:26:52.032913-04:00,propline_free_sample
2026-09-15,2026-09-16 00:40:00+00:00,Walker Buehler,1.5,over,100,prizepicks,210417,Colorado Rockies,San Diego Padres,2026-09-15T07:16:49.061190+00:00,2026-09-16T06:26:52.032913+00:00,2026-09-16T02:26:52.032913-04:00,2026-09-16T02:26:52.032913-04:00,propline_free_sample
2026-09-15,2026-09-16 00:40:00+00:00,Walker Buehler,1.5,under,100,prizepicks,210417,Colorado Rockies,San Diego Padres,2026-09-15T07:16:49.061190+00:00,2026-09-16T06:26:52.032913+00:00,2026-09-16T02:26:52.032913-04:00,2026-09-16T02:26:52.032913-04:00,propline_free_sample
2026-09-15,2026-09-16 00:40:00+00:00,Walker Buehler,2.5,under,100,prizepicks,210417,Colorado Rockies,San Diego Padres,2026-09-15T07:16:49.061190+00:00,2026-09-16T06:26:52.032913+00:00,2026-09-16T02:26:52.032913-04:00,2026-09-16T02:26:52.032913-04:00,propline_free_sample
2026-09-15,2026-09-16 00:40:00+00:00,Kyle Freeland,2.5,over,-128,fanduel,210417,Colorado Rockies,San Diego Padres,2026-09-15T22:29:06.175476+00:00,2026-09-16T06:26:52.032913+00:00,2026-09-16T02:26:52.032913-04:00,2026-09-16T02:26:52.032913-04:00,propline_free_sample
2026-09-15,2026-09-16 00:40:00+00:00,Kyle Freeland,2.5,under,100,fanduel,210417,Colorado Rockies,San Diego Padres,2026-09-15T22:29:06.175476+00:00,2026-09-16T06:26:52.032913+00:00,2026-09-16T02:26:52.032913-04:00,2026-09-16T02:26:52.032913-04:00,propline_free_sample
2026-09-15,2026-09-16 00:40:00+00:00,Walker Buehler,3.5,over,112,fanduel,210417,Colorado Rockies,San Diego Padres,2026-09-15T23:06:49.800641+00:00,2026-09-16T06:26:52.032913+00:00,2026-09-16T02:26:52.032913-04:00,2026-09-16T02:26:52.032913-04:00,propline_free_sample
2026-09-15,2026-09-16 00:40:00+00:00,Walker Buehler,3.5,under,-142,fanduel,210417,Colorado Rockies,San Diego Padres,2026-09-15T23:06:49.800641+00:00,2026-09-16T06:26:52.032913+00:00,2026-09-16T02:26:52.032913-04:00,2026-09-16T02:26:52.032913-04:00,propline_free_sample
2026-09-15,2026-09-16 00:40:00+00:00,Kyle Freeland (COL),2.5,over,150,bovada,210417,Colorado Rockies,San Diego Padres,2026-09-15T22:38:50.026106+00:00,2026-09-16T06:26:52.032913+00:00,2026-09-16T02:26:52.032913-04:00,2026-09-16T02:26:52.032913-04:00,propline_free_sample
2026-09-15,2026-09-16 00:40:00+00:00,Kyle Freeland (COL),2.5,under,-200,bovada,210417,Colorado Rockies,San Diego Padres,2026-09-15T22:38:50.026106+00:00,2026-09-16T06:26:52.032913+00:00,2026-09-16T02:26:52.032913-04:00,2026-09-16T02:26:52.032913-04:00,propline_free_sample
2026-09-15,2026-09-16 00:40:00+00:00,Walker Buehler (SD),2.5,over,-145,bovada,210417,Colorado Rockies,San Diego Padres,2026-09-15T23:29:15.438225+00:00,2026-09-16T06:26:52.032913+00:00,2026-09-16T02:26:52.032913-04:00,2026-09-16T02:26:52.032913-04:00,propline_free_sample
2026-09-15,2026-09-16 00:40:00+00:00,Walker Buehler (SD),2.5,under,110,bovada,210417,Colorado Rockies,San Diego Padres,2026-09-15T23:29:15.438225+00:00,2026-09-16T06:26:52.032913+00:00,2026-09-16T02:26:52.032913-04:00,2026-09-16T02:26:52.032913-04:00,propline_free_sample
2026-09-15,2026-09-16 00:40:00+00:00,Kyle Freeland,2.5,over,-138,prophetx,210417,Colorado Rockies,San Diego Padres,2026-09-16T00:21:14.139206+00:00,2026-09-16T06:26:52.032913+00:00,2026-09-16T02:26:52.032913-04:00,2026-09-16T02:26:52.032913-04:00,propline_free_sample
2026-09-15,2026-09-16 00:40:00+00:00,Kyle Freeland,2.5,under,106,prophetx,210417,Colorado Rockies,San Diego Padres,2026-09-16T00:08:38.667602+00:00,2026-09-16T06:26:52.032913+00:00,2026-09-16T02:26:52.032913-04:00,2026-09-16T02:26:52.032913-04:00,propline_free_sample
2026-09-15,2026-09-16 00:40:00+00:00,Walker Buehler,6.5,under,-1567,polymarket_us,210417,Colorado Rockies,San Diego Padres,2026-09-15T23:47:02.793412+00:00,2026-09-16T06:26:52.032913+00:00,2026-09-16T02:26:52.032913-04:00,2026-09-16T02:26:52.032913-04:00,propline_free_sample
2026-09-15,2026-09-16 00:40:00+00:00,Kyle Freeland,2.5,over,100,prizepicks,210417,Colorado Rockies,San Diego Padres,2026-09-15T08:56:58.677299+00:00,2026-09-16T06:26:52.032913+00:00,2026-09-16T02:26:52.032913-04:00,2026-09-16T02:26:52.032913-04:00,propline_free_sample
2026-09-15,2026-09-16 00:40:00+00:00,Kyle Freeland,2.5,under,100,prizepicks,210417,Colorado Rockies,San Diego Padres,2026-09-15T08:56:58.677299+00:00,2026-09-16T06:26:52.032913+00:00,2026-09-16T02:26:52.032913-04:00,2026-09-16T02:26:52.032913-04:00,propline_free_sample
2026-09-15,2026-09-16 00:40:00+00:00,Kyle Freeland,3.5,over,-355,novig,210417,Colorado Rockies,San Diego Padres,2026-09-15T23:37:59.252189+00:00,2026-09-16T06:26:52.032913+00:00,2026-09-16T02:26:52.032913-04:00,2026-09-16T02:26:52.032913-04:00,propline_free_sample
2026-09-15,2026-09-16 00:40:00+00:00,Kyle Freeland,3.5,under,-614,novig,210417,Colorado Rockies,San Diego Padres,2026-09-15T20:57:45.533643+00:00,2026-09-16T06:26:52.032913+00:00,2026-09-16T02:26:52.032913-04:00,2026-09-16T02:26:52.032913-04:00,propline_free_sample
2026-09-15,2026-09-16 00:40:00+00:00,Walker Buehler,4.5,over,257,novig,210417,Colorado Rockies,San Diego Padres,2026-09-15T22:11:39.469918+00:00,2026-09-16T06:26:52.032913+00:00,2026-09-16T02:26:52.032913-04:00,2026-09-16T02:26:52.032913-04:00,propline_free_sample
2026-09-15,2026-09-16 00:40:00+00:00,Walker Buehler,4.5,under,-317,novig,210417,Colorado Rockies,San Diego Padres,2026-09-15T23:08:09.749465+00:00,2026-09-16T06:26:52.032913+00:00,2026-09-16T02:26:52.032913-04:00,2026-09-16T02:26:52.032913-04:00,propline_free_sample
2026-09-15,2026-09-16 00:40:00+00:00,Walker Buehler,5.5,under,100,prizepicks,210417,Colorado Rockies,San Diego Padres,2026-09-15T09:17:03.503246+00:00,2026-09-16T06:26:52.032913+00:00,2026-09-16T02:26:52.032913-04:00,2026-09-16T02:26:52.032913-04:00,propline_free_sample
2026-09-15,2026-09-16 00:40:00+00:00,Walker Buehler,3.5,over,100,prizepicks,210417,Colorado Rockies,San Diego Padres,2026-09-15T09:17:03.503246+00:00,2026-09-16T06:26:52.032913+00:00,2026-09-16T02:26:52.032913-04:00,2026-09-16T02:26:52.032913-04:00,propline_free_sample
2026-09-15,2026-09-16 00:40:00+00:00,Walker Buehler,3.5,under,100,prizepicks,210417,Colorado Rockies,San Diego Padres,2026-09-15T09:17:03.503246+00:00,2026-09-16T06:26:52.032913+00:00,2026-09-16T02:26:52.032913-04:00,2026-09-16T02:26:52.032913-04:00,propline_free_sample
2026-09-15,2026-09-16 00:40:00+00:00,Kyle Freeland,2.5,over,150,betmgm,210417,Colorado Rockies,San Diego Padres,2026-09-15T10:07:50.126589+00:00,2026-09-16T06:26:52.032913+00:00,2026-09-16T02:26:52.032913-04:00,2026-09-16T02:26:52.032913-04:00,propline_free_sample
2026-09-15,2026-09-16 00:40:00+00:00,Kyle Freeland,2.5,under,-200,betmgm,210417,Colorado Rockies,San Diego Padres,2026-09-15T10:07:50.126589+00:00,2026-09-16T06:26:52.032913+00:00,2026-09-16T02:26:52.032913-04:00,2026-09-16T02:26:52.032913-04:00,propline_free_sample
2026-09-15,2026-09-16 00:40:00+00:00,Walker Buehler,2.5,over,-105,betmgm,210417,Colorado Rockies,San Diego Padres,2026-09-15T22:32:04.542426+00:00,2026-09-16T06:26:52.032913+00:00,2026-09-16T02:26:52.032913-04:00,2026-09-16T02:26:52.032913-04:00,propline_free_sample
2026-09-15,2026-09-16 00:40:00+00:00,Walker Buehler,2.5,under,-125,betmgm,210417,Colorado Rockies,San Diego Padres,2026-09-15T22:32:04.542426+00:00,2026-09-16T06:26:52.032913+00:00,2026-09-16T02:26:52.032913-04:00,2026-09-16T02:26:52.032913-04:00,propline_free_sample
2026-09-15,2026-09-16 00:40:00+00:00,Kyle Freeland,3.5,under,100,prizepicks,210417,Colorado Rockies,San Diego Padres,2026-09-15T10:50:25.992096+00:00,2026-09-16T06:26:52.032913+00:00,2026-09-16T02:26:52.032913-04:00,2026-09-16T02:26:52.032913-04:00,propline_free_sample
2026-09-15,2026-09-16 00:40:00+00:00,Kyle Freeland,1.5,under,100,prizepicks,210417,Colorado Rockies,San Diego Padres,2026-09-15T10:50:25.992096+00:00,2026-09-16T06:26:52.032913+00:00,2026-09-16T02:26:52.032913-04:00,2026-09-16T02:26:52.032913-04:00,propline_free_sample
2026-09-15,2026-09-16 00:40:00+00:00,Kyle Freeland,2.5,over,-133,rebet,210417,Colorado Rockies,San Diego Padres,2026-09-15T23:46:14.878247+00:00,2026-09-16T06:26:52.032913+00:00,2026-09-16T02:26:52.032913-04:00,2026-09-16T02:26:52.032913-04:00,propline_free_sample
2026-09-15,2026-09-16 00:40:00+00:00,Kyle Freeland,2.5,under,-104,rebet,210417,Colorado Rockies,San Diego Padres,2026-09-15T23:46:14.878247+00:00,2026-09-16T06:26:52.032913+00:00,2026-09-16T02:26:52.032913-04:00,2026-09-16T02:26:52.032913-04:00,propline_free_sample
2026-09-15,2026-09-16 00:40:00+00:00,Walker Buehler,3.5,over,109,rebet,210417,Colorado Rockies,San Diego Padres,2026-09-15T21:51:37.802345+00:00,2026-09-16T06:26:52.032913+00:00,2026-09-16T02:26:52.032913-04:00,2026-09-16T02:26:52.032913-04:00,propline_free_sample
2026-09-15,2026-09-16 00:40:00+00:00,Walker Buehler,3.5,under,-152,rebet,210417,Colorado Rockies,San Diego Padres,2026-09-15T21:51:37.802345+00:00,2026-09-16T06:26:52.032913+00:00,2026-09-16T02:26:52.032913-04:00,2026-09-16T02:26:52.032913-04:00,propline_free_sample
2026-09-15,2026-09-16 00:40:00+00:00,Walker Buehler,2.5,over,-270,novig,210417,Colorado Rockies,San Diego Padres,2026-09-15T22:18:53.213870+00:00,2026-09-16T06:26:52.032913+00:00,2026-09-16T02:26:52.032913-04:00,2026-09-16T02:26:52.032913-04:00,propline_free_sample
2026-09-15,2026-09-16 00:40:00+00:00,Walker Buehler,2.5,under,156,novig,210417,Colorado Rockies,San Diego Padres,2026-09-15T20:11:52.676491+00:00,2026-09-16T06:26:52.032913+00:00,2026-09-16T02:26:52.032913-04:00,2026-09-16T02:26:52.032913-04:00,propline_free_sample
2026-09-15,2026-09-16 00:40:00+00:00,Kyle Freeland,1.5,over,-344,novig,210417,Colorado Rockies,San Diego Padres,2026-09-15T19:48:19.175172+00:00,2026-09-16T06:26:52.032913+00:00,2026-09-16T02:26:52.032913-04:00,2026-09-16T02:26:52.032913-04:00,propline_free_sample
2026-09-15,2026-09-16 00:40:00+00:00,Kyle Freeland,1.5,under,317,novig,210417,Colorado Rockies,San Diego Padres,2026-09-15T22:54:14.808033+00:00,2026-09-16T06:26:52.032913+00:00,2026-09-16T02:26:52.032913-04:00,2026-09-16T02:26:52.032913-04:00,propline_free_sample
2026-09-15,2026-09-16 00:40:00+00:00,Kyle Freeland,2.5,over,-123,pinnacle,210417,Colorado Rockies,San Diego Padres,2026-09-15T14:34:32.251337+00:00,2026-09-16T06:26:52.032913+00:00,2026-09-16T02:26:52.032913-04:00,2026-09-16T02:26:52.032913-04:00,propline_free_sample
2026-09-15,2026-09-16 00:40:00+00:00,Kyle Freeland,2.5,under,-107,pinnacle,210417,Colorado Rockies,San Diego Padres,2026-09-15T14:34:32.251337+00:00,2026-09-16T06:26:52.032913+00:00,2026-09-16T02:26:52.032913-04:00,2026-09-16T02:26:52.032913-04:00,propline_free_sample
2026-09-15,2026-09-16 00:40:00+00:00,Walker Buehler,3.5,over,111,pinnacle,210417,Colorado Rockies,San Diego Padres,2026-09-15T22:22:34.521349+00:00,2026-09-16T06:26:52.032913+00:00,2026-09-16T02:26:52.032913-04:00,2026-09-16T02:26:52.032913-04:00,propline_free_sample
2026-09-15,2026-09-16 00:40:00+00:00,Walker Buehler,3.5,under,-147,pinnacle,210417,Colorado Rockies,San Diego Padres,2026-09-15T22:06:38.776543+00:00,2026-09-16T06:26:52.032913+00:00,2026-09-16T02:26:52.032913-04:00,2026-09-16T02:26:52.032913-04:00,propline_free_sample
2026-09-15,2026-09-16 00:40:00+00:00,Kyle Freeland,6.5,over,100,prizepicks,210417,Colorado Rockies,San Diego Padres,2026-09-15T16:34:30.540974+00:00,2026-09-16T06:26:52.032913+00:00,2026-09-16T02:26:52.032913-04:00,2026-09-16T02:26:52.032913-04:00,propline_free_sample
2026-09-15,2026-09-16 00:40:00+00:00,Kyle Freeland,2.5,over,-127,rebet,210417,Colorado Rockies,San Diego Padres,2026-09-15T21:47:24.532442+00:00,2026-09-16T06:26:52.032913+00:00,2026-09-16T02:26:52.032913-04:00,2026-09-16T02:26:52.032913-04:00,propline_free_sample
2026-09-15,2026-09-16 00:40:00+00:00,Kyle Freeland,2.5,under,-109,rebet,210417,Colorado Rockies,San Diego Padres,2026-09-15T21:47:24.532442+00:00,2026-09-16T06:26:52.032913+00:00,2026-09-16T02:26:52.032913-04:00,2026-09-16T02:26:52.032913-04:00,propline_free_sample
2026-09-15,2026-09-16 00:40:00+00:00,Kyle Freeland,0.5,over,-3000,hardrock,210417,Colorado Rockies,San Diego Padres,2026-09-15T22:32:41.030047+00:00,2026-09-16T06:26:52.032913+00:00,2026-09-16T02:26:52.032913-04:00,2026-09-16T02:26:52.032913-04:00,propline_free_sample
2026-09-15,2026-09-16 00:40:00+00:00,Kyle Freeland,0.5,under,850,hardrock,210417,Colorado Rockies,San Diego Padres,2026-09-15T23:48:12.498581+00:00,2026-09-16T06:26:52.032913+00:00,2026-09-16T02:26:52.032913-04:00,2026-09-16T02:26:52.032913-04:00,propline_free_sample
2026-09-15,2026-09-16 00:40:00+00:00,Kyle Freeland,1.5,over,-500,hardrock,210417,Colorado Rockies,San Diego Padres,2026-09-15T23:48:12.498581+00:00,2026-09-16T06:26:52.032913+00:00,2026-09-16T02:26:52.032913-04:00,2026-09-16T02:26:52.032913-04:00,propline_free_sample
2026-09-15,2026-09-16 00:40:00+00:00,Kyle Freeland,1.5,under,275,hardrock,210417,Colorado Rockies,San Diego Padres,2026-09-15T23:48:12.498581+00:00,2026-09-16T06:26:52.032913+00:00,2026-09-16T02:26:52.032913-04:00,2026-09-16T02:26:52.032913-04:00,propline_free_sample
2026-09-15,2026-09-16 00:40:00+00:00,Kyle Freeland,2.5,over,100,hardrock,210417,Colorado Rockies,San Diego Padres,2026-09-15T23:48:12.498581+00:00,2026-09-16T06:26:52.032913+00:00,2026-09-16T02:26:52.032913-04:00,2026-09-16T02:26:52.032913-04:00,propline_free_sample
2026-09-15,2026-09-16 00:40:00+00:00,Kyle Freeland,2.5,under,-140,hardrock,210417,Colorado Rockies,San Diego Padres,2026-09-15T22:37:58.870983+00:00,2026-09-16T06:26:52.032913+00:00,2026-09-16T02:26:52.032913-04:00,2026-09-16T02:26:52.032913-04:00,propline_free_sample
2026-09-15,2026-09-16 00:40:00+00:00,Kyle Freeland,3.5,over,325,hardrock,210417,Colorado Rockies,San Diego Padres,2026-09-15T23:48:12.498581+00:00,2026-09-16T06:26:52.032913+00:00,2026-09-16T02:26:52.032913-04:00,2026-09-16T02:26:52.032913-04:00,propline_free_sample
2026-09-15,2026-09-16 00:40:00+00:00,Kyle Freeland,3.5,under,-650,hardrock,210417,Colorado Rockies,San Diego Padres,2026-09-15T23:48:12.498581+00:00,2026-09-16T06:26:52.032913+00:00,2026-09-16T02:26:52.032913-04:00,2026-09-16T02:26:52.032913-04:00,propline_free_sample
2026-09-15,2026-09-16 00:40:00+00:00,Kyle Freeland,4.5,over,1100,hardrock,210417,Colorado Rockies,San Diego Padres,2026-09-15T23:48:12.498581+00:00,2026-09-16T06:26:52.032913+00:00,2026-09-16T02:26:52.032913-04:00,2026-09-16T02:26:52.032913-04:00,propline_free_sample
2026-09-15,2026-09-16 00:40:00+00:00,Kyle Freeland,4.5,under,-5000,hardrock,210417,Colorado Rockies,San Diego Padres,2026-09-15T23:09:41.186515+00:00,2026-09-16T06:26:52.032913+00:00,2026-09-16T02:26:52.032913-04:00,2026-09-16T02:26:52.032913-04:00,propline_free_sample
2026-09-15,2026-09-16 00:40:00+00:00,Kyle Freeland,5.5,over,1400,hardrock,210417,Colorado Rockies,San Diego Padres,2026-09-15T23:48:12.498581+00:00,2026-09-16T06:26:52.032913+00:00,2026-09-16T02:26:52.032913-04:00,2026-09-16T02:26:52.032913-04:00,propline_free_sample
2026-09-15,2026-09-16 00:40:00+00:00,Kyle Freeland,5.5,under,-7000,hardrock,210417,Colorado Rockies,San Diego Padres,2026-09-15T22:32:41.030047+00:00,2026-09-16T06:26:52.032913+00:00,2026-09-16T02:26:52.032913-04:00,2026-09-16T02:26:52.032913-04:00,propline_free_sample
2026-09-15,2026-09-16 00:40:00+00:00,Kyle Freeland,6.5,over,2250,hardrock,210417,Colorado Rockies,San Diego Padres,2026-09-15T23:09:41.186515+00:00,2026-09-16T06:26:52.032913+00:00,2026-09-16T02:26:52.032913-04:00,2026-09-16T02:26:52.032913-04:00,propline_free_sample
2026-09-15,2026-09-16 00:40:00+00:00,Kyle Freeland,6.5,under,-9000,hardrock,210417,Colorado Rockies,San Diego Padres,2026-09-15T23:09:41.186515+00:00,2026-09-16T06:26:52.032913+00:00,2026-09-16T02:26:52.032913-04:00,2026-09-16T02:26:52.032913-04:00,propline_free_sample
2026-09-15,2026-09-16 00:40:00+00:00,Kyle Freeland,4.5,under,100,prizepicks,210417,Colorado Rockies,San Diego Padres,2026-09-15T21:57:41.487105+00:00,2026-09-16T06:26:52.032913+00:00,2026-09-16T02:26:52.032913-04:00,2026-09-16T02:26:52.032913-04:00,propline_free_sample
2026-09-15,2026-09-16 00:40:00+00:00,Walker Buehler,1.5,over,-669,novig,210417,Colorado Rockies,San Diego Padres,2026-09-15T23:08:09.749465+00:00,2026-09-16T06:26:52.032913+00:00,2026-09-16T02:26:52.032913-04:00,2026-09-16T02:26:52.032913-04:00,propline_free_sample
2026-09-15,2026-09-16 00:40:00+00:00,Walker Buehler,1.5,under,388,novig,210417,Colorado Rockies,San Diego Padres,2026-09-15T23:37:59.252189+00:00,2026-09-16T06:26:52.032913+00:00,2026-09-16T02:26:52.032913-04:00,2026-09-16T02:26:52.032913-04:00,propline_free_sample
2026-09-15,2026-09-16 00:40:00+00:00,Kyle Freeland,1.5,over,9900,polymarket_us,210417,Colorado Rockies,San Diego Padres,2026-09-16T00:14:58.886716+00:00,2026-09-16T06:26:52.032913+00:00,2026-09-16T02:26:52.032913-04:00,2026-09-16T02:26:52.032913-04:00,propline_free_sample
2026-09-15,2026-09-16 00:40:00+00:00,Kyle Freeland,1.5,under,203,polymarket_us,210417,Colorado Rockies,San Diego Padres,2026-09-16T00:21:10.607845+00:00,2026-09-16T06:26:52.032913+00:00,2026-09-16T02:26:52.032913-04:00,2026-09-16T02:26:52.032913-04:00,propline_free_sample
2026-09-15,2026-09-16 00:40:00+00:00,Kyle Freeland,0.5,over,-2400,polymarket_us,210417,Colorado Rockies,San Diego Padres,2026-09-16T00:21:10.607845+00:00,2026-09-16T06:26:52.032913+00:00,2026-09-16T02:26:52.032913-04:00,2026-09-16T02:26:52.032913-04:00,propline_free_sample
2026-09-15,2026-09-16 00:40:00+00:00,Kyle Freeland,0.5,under,9900,polymarket_us,210417,Colorado Rockies,San Diego Padres,2026-09-16T00:29:39.711728+00:00,2026-09-16T06:26:52.032913+00:00,2026-09-16T02:26:52.032913-04:00,2026-09-16T02:26:52.032913-04:00,propline_free_sample
2026-09-15,2026-09-16 00:40:00+00:00,Kyle Freeland,2.5,over,9900,polymarket_us,210417,Colorado Rockies,San Diego Padres,2026-09-15T22:42:56.432055+00:00,2026-09-16T06:26:52.032913+00:00,2026-09-16T02:26:52.032913-04:00,2026-09-16T02:26:52.032913-04:00,propline_free_sample
2026-09-15,2026-09-16 00:40:00+00:00,Kyle Freeland,2.5,under,-335,polymarket_us,210417,Colorado Rockies,San Diego Padres,2026-09-16T00:21:10.607845+00:00,2026-09-16T06:26:52.032913+00:00,2026-09-16T02:26:52.032913-04:00,2026-09-16T02:26:52.032913-04:00,propline_free_sample
2026-09-15,2026-09-16 00:40:00+00:00,Kyle Freeland,2.5,over,100,prizepicks,210417,Colorado Rockies,San Diego Padres,2026-09-15T22:45:45.488510+00:00,2026-09-16T06:26:52.032913+00:00,2026-09-16T02:26:52.032913-04:00,2026-09-16T02:26:52.032913-04:00,propline_free_sample
2026-09-15,2026-09-16 00:40:00+00:00,Kyle Freeland,2.5,under,100,prizepicks,210417,Colorado Rockies,San Diego Padres,2026-09-15T22:45:45.488510+00:00,2026-09-16T06:26:52.032913+00:00,2026-09-16T02:26:52.032913-04:00,2026-09-16T02:26:52.032913-04:00,propline_free_sample
2026-09-15,2026-09-16 00:40:00+00:00,Kyle Freeland,6.5,over,9900,polymarket_us,210417,Colorado Rockies,San Diego Padres,2026-09-15T23:03:08.269283+00:00,2026-09-16T06:26:52.032913+00:00,2026-09-16T02:26:52.032913-04:00,2026-09-16T02:26:52.032913-04:00,propline_free_sample
2026-09-15,2026-09-16 00:40:00+00:00,Kyle Freeland,2.5,over,-152,sleeper,210417,Colorado Rockies,San Diego Padres,2026-09-16T00:36:23.278857+00:00,2026-09-16T06:26:52.032913+00:00,2026-09-16T02:26:52.032913-04:00,2026-09-16T02:26:52.032913-04:00,propline_free_sample
2026-09-15,2026-09-16 00:40:00+00:00,Kyle Freeland,2.5,under,-109,sleeper,210417,Colorado Rockies,San Diego Padres,2026-09-16T00:36:23.278857+00:00,2026-09-16T06:26:52.032913+00:00,2026-09-16T02:26:52.032913-04:00,2026-09-16T02:26:52.032913-04:00,propline_free_sample
2026-09-15,2026-09-16 00:40:00+00:00,Kyle Freeland,7.5,over,9900,polymarket_us,210417,Colorado Rockies,San Diego Padres,,2026-09-16T06:26:52.032913+00:00,2026-09-16T02:26:52.032913-04:00,2026-09-16T02:26:52.032913-04:00,propline_free_sample
2026-09-15,2026-09-16 00:10:00+00:00,Hunter Brown,5.5,over,-113,fanduel,210416,Houston Astros,Kansas City Royals,2026-09-15T20:13:41.780066+00:00,2026-09-16T06:26:52.032913+00:00,2026-09-16T02:26:52.032913-04:00,2026-09-16T02:26:52.032913-04:00,propline_free_sample
2026-09-15,2026-09-16 00:10:00+00:00,Hunter Brown,5.5,under,-113,fanduel,210416,Houston Astros,Kansas City Royals,2026-09-15T20:13:41.780066+00:00,2026-09-16T06:26:52.032913+00:00,2026-09-16T02:26:52.032913-04:00,2026-09-16T02:26:52.032913-04:00,propline_free_sample
2026-09-15,2026-09-16 00:10:00+00:00,Michael Wacha,4.5,over,-115,fanduel,210416,Houston Astros,Kansas City Royals,2026-09-15T21:22:10.004245+00:00,2026-09-16T06:26:52.032913+00:00,2026-09-16T02:26:52.032913-04:00,2026-09-16T02:26:52.032913-04:00,propline_free_sample
2026-09-15,2026-09-16 00:10:00+00:00,Michael Wacha,4.5,under,-111,fanduel,210416,Houston Astros,Kansas City Royals,2026-09-15T21:22:10.004245+00:00,2026-09-16T06:26:52.032913+00:00,2026-09-16T02:26:52.032913-04:00,2026-09-16T02:26:52.032913-04:00,propline_free_sample
2026-09-15,2026-09-16 00:10:00+00:00,Michael Wacha,5.5,over,100,prizepicks,210416,Houston Astros,Kansas City Royals,2026-09-15T00:33:30.566827+00:00,2026-09-16T06:26:52.032913+00:00,2026-09-16T02:26:52.032913-04:00,2026-09-16T02:26:52.032913-04:00,propline_free_sample
2026-09-15,2026-09-16 00:10:00+00:00,Hunter Brown,6.5,over,100,prizepicks,210416,Houston Astros,Kansas City Royals,2026-09-15T00:33:30.566827+00:00,2026-09-16T06:26:52.032913+00:00,2026-09-16T02:26:52.032913-04:00,2026-09-16T02:26:52.032913-04:00,propline_free_sample
2026-09-15,2026-09-16 00:10:00+00:00,Michael Wacha,6.5,over,100,prizepicks,210416,Houston Astros,Kansas City Royals,2026-09-15T00:33:30.566827+00:00,2026-09-16T06:26:52.032913+00:00,2026-09-16T02:26:52.032913-04:00,2026-09-16T02:26:52.032913-04:00,propline_free_sample
2026-09-15,2026-09-16 00:10:00+00:00,Hunter Brown,7.5,over,100,prizepicks,210416,Houston Astros,Kansas City Royals,2026-09-15T00:33:30.566827+00:00,2026-09-16T06:26:52.032913+00:00,2026-09-16T02:26:52.032913-04:00,2026-09-16T02:26:52.032913-04:00,propline_free_sample
2026-09-15,2026-09-16 00:10:00+00:00,Michael Wacha,7.5,over,100,prizepicks,210416,Houston Astros,Kansas City Royals,2026-09-15T00:33:30.566827+00:00,2026-09-16T06:26:52.032913+00:00,2026-09-16T02:26:52.032913-04:00,2026-09-16T02:26:52.032913-04:00,propline_free_sample
2026-09-15,2026-09-16 00:10:00+00:00,Hunter Brown,8.5,over,100,prizepicks,210416,Houston Astros,Kansas City Royals,2026-09-15T00:33:30.566827+00:00,2026-09-16T06:26:52.032913+00:00,2026-09-16T02:26:52.032913-04:00,2026-09-16T02:26:52.032913-04:00,propline_free_sample
2026-09-15,2026-09-16 00:10:00+00:00,Michael Wacha,3.5,over,100,prizepicks,210416,Houston Astros,Kansas City Royals,2026-09-15T00:33:30.566827+00:00,2026-09-16T06:26:52.032913+00:00,2026-09-16T02:26:52.032913-04:00,2026-09-16T02:26:52.032913-04:00,propline_free_sample
2026-09-15,2026-09-16 00:10:00+00:00,Hunter Brown,4.5,over,100,prizepicks,210416,Houston Astros,Kansas City Royals,2026-09-15T00:33:30.566827+00:00,2026-09-16T06:26:52.032913+00:00,2026-09-16T02:26:52.032913-04:00,2026-09-16T02:26:52.032913-04:00,propline_free_sample
2026-09-15,2026-09-16 00:10:00+00:00,Michael Wacha,4.5,over,100,prizepicks,210416,Houston Astros,Kansas City Royals,2026-09-15T00:33:30.566827+00:00,2026-09-16T06:26:52.032913+00:00,2026-09-16T02:26:52.032913-04:00,2026-09-16T02:26:52.032913-04:00,propline_free_sample
2026-09-15,2026-09-16 00:10:00+00:00,Michael Wacha,4.5,under,100,prizepicks,210416,Houston Astros,Kansas City Royals,2026-09-15T00:33:30.566827+00:00,2026-09-16T06:26:52.032913+00:00,2026-09-16T02:26:52.032913-04:00,2026-09-16T02:26:52.032913-04:00,propline_free_sample
2026-09-15,2026-09-16 00:10:00+00:00,Hunter Brown,5.5,over,100,prizepicks,210416,Houston Astros,Kansas City Royals,2026-09-15T00:33:30.566827+00:00,2026-09-16T06:26:52.032913+00:00,2026-09-16T02:26:52.032913-04:00,2026-09-16T02:26:52.032913-04:00,propline_free_sample
2026-09-15,2026-09-16 00:10:00+00:00,Hunter Brown,5.5,under,100,prizepicks,210416,Houston Astros,Kansas City Royals,2026-09-15T00:33:30.566827+00:00,2026-09-16T06:26:52.032913+00:00,2026-09-16T02:26:52.032913-04:00,2026-09-16T02:26:52.032913-04:00,propline_free_sample
2026-09-15,2026-09-16 00:10:00+00:00,Hunter Brown,8.5,over,-155,fanatics,210416,Houston Astros,Kansas City Royals,2026-09-15T22:49:24.762819+00:00,2026-09-16T06:26:52.032913+00:00,2026-09-16T02:26:52.032913-04:00,2026-09-16T02:26:52.032913-04:00,propline_free_sample
2026-09-15,2026-09-16 00:10:00+00:00,Hunter Brown,8.5,under,115,fanatics,210416,Houston Astros,Kansas City Royals,2026-09-15T22:49:24.762819+00:00,2026-09-16T06:26:52.032913+00:00,2026-09-16T02:26:52.032913-04:00,2026-09-16T02:26:52.032913-04:00,propline_free_sample
2026-09-15,2026-09-16 00:10:00+00:00,Michael Wacha,4.5,over,120,fanatics,210416,Houston Astros,Kansas City Royals,2026-09-15T23:36:28.058668+00:00,2026-09-16T06:26:52.032913+00:00,2026-09-16T02:26:52.032913-04:00,2026-09-16T02:26:52.032913-04:00,propline_free_sample
2026-09-15,2026-09-16 00:10:00+00:00,Michael Wacha,4.5,under,-160,fanatics,210416,Houston Astros,Kansas City Royals,2026-09-15T23:36:28.058668+00:00,2026-09-16T06:26:52.032913+00:00,2026-09-16T02:26:52.032913-04:00,2026-09-16T02:26:52.032913-04:00,propline_free_sample
2026-09-15,2026-09-16 00:10:00+00:00,Hunter Brown,10.5,over,-175,hardrock,210416,Houston Astros,Kansas City Royals,2026-09-15T20:32:58.132670+00:00,2026-09-16T06:26:52.032913+00:00,2026-09-16T02:26:52.032913-04:00,2026-09-16T02:26:52.032913-04:00,propline_free_sample
2026-09-15,2026-09-16 00:10:00+00:00,Hunter Brown,10.5,under,120,hardrock,210416,Houston Astros,Kansas City Royals,2026-09-15T21:19:51.560157+00:00,2026-09-16T06:26:52.032913+00:00,2026-09-16T02:26:52.032913-04:00,2026-09-16T02:26:52.032913-04:00,propline_free_sample
2026-09-15,2026-09-16 00:10:00+00:00,Hunter Brown,11.5,over,175,hardrock,210416,Houston Astros,Kansas City Royals,2026-09-15T01:19:59.132793+00:00,2026-09-16T06:26:52.032913+00:00,2026-09-16T02:26:52.032913-04:00,2026-09-16T02:26:52.032913-04:00,propline_free_sample
2026-09-15,2026-09-16 00:10:00+00:00,Hunter Brown,11.5,under,-275,hardrock,210416,Houston Astros,Kansas City Royals,2026-09-15T01:19:59.132793+00:00,2026-09-16T06:26:52.032913+00:00,2026-09-16T02:26:52.032913-04:00,2026-09-16T02:26:52.032913-04:00,propline_free_sample
2026-09-15,2026-09-16 00:10:00+00:00,Hunter Brown,12.5,over,475,hardrock,210416,Houston Astros,Kansas City Royals,2026-09-15T00:51:19.789529+00:00,2026-09-16T06:26:52.032913+00:00,2026-09-16T02:26:52.032913-04:00,2026-09-16T02:26:52.032913-04:00,propline_free_sample
2026-09-15,2026-09-16 00:10:00+00:00,Hunter Brown,12.5,under,-1200,hardrock,210416,Houston Astros,Kansas City Royals,2026-09-15T00:51:19.789529+00:00,2026-09-16T06:26:52.032913+00:00,2026-09-16T02:26:52.032913-04:00,2026-09-16T02:26:52.032913-04:00,propline_free_sample
2026-09-15,2026-09-16 00:10:00+00:00,Hunter Brown,2.5,over,-10000,hardrock,210416,Houston Astros,Kansas City Royals,2026-09-15T22:38:13.325204+00:00,2026-09-16T06:26:52.032913+00:00,2026-09-16T02:26:52.032913-04:00,2026-09-16T02:26:52.032913-04:00,propline_free_sample
2026-09-15,2026-09-16 00:10:00+00:00,Hunter Brown,2.5,under,2500,hardrock,210416,Houston Astros,Kansas City Royals,2026-09-15T17:33:13.406791+00:00,2026-09-16T06:26:52.032913+00:00,2026-09-16T02:26:52.032913-04:00,2026-09-16T02:26:52.032913-04:00,propline_free_sample
2026-09-15,2026-09-16 00:10:00+00:00,Hunter Brown,3.5,over,-10000,hardrock,210416,Houston Astros,Kansas City Royals,2026-09-15T22:38:13.325204+00:00,2026-09-16T06:26:52.032913+00:00,2026-09-16T02:26:52.032913-04:00,2026-09-16T02:26:52.032913-04:00,propline_free_sample
2026-09-15,2026-09-16 00:10:00+00:00,Hunter Brown,3.5,under,3000,hardrock,210416,Houston Astros,Kansas City Royals,2026-09-15T20:37:07.870946+00:00,2026-09-16T06:26:52.032913+00:00,2026-09-16T02:26:52.032913-04:00,2026-09-16T02:26:52.032913-04:00,propline_free_sample
2026-09-15,2026-09-16 00:10:00+00:00,Hunter Brown,4.5,over,-3000,hardrock,210416,Houston Astros,Kansas City Royals,2026-09-15T20:37:07.870946+00:00,2026-09-16T06:26:52.032913+00:00,2026-09-16T02:26:52.032913-04:00,2026-09-16T02:26:52.032913-04:00,propline_free_sample
2026-09-15,2026-09-16 00:10:00+00:00,Hunter Brown,4.5,under,700,hardrock,210416,Houston Astros,Kansas City Royals,2026-09-15T20:37:07.870946+00:00,2026-09-16T06:26:52.032913+00:00,2026-09-16T02:26:52.032913-04:00,2026-09-16T02:26:52.032913-04:00,propline_free_sample
2026-09-15,2026-09-16 00:10:00+00:00,Hunter Brown,5.5,over,-600,hardrock,210416,Houston Astros,Kansas City Royals,2026-09-15T20:37:07.870946+00:00,2026-09-16T06:26:52.032913+00:00,2026-09-16T02:26:52.032913-04:00,2026-09-16T02:26:52.032913-04:00,propline_free_sample
2026-09-15,2026-09-16 00:10:00+00:00,Hunter Brown,5.5,under,325,hardrock,210416,Houston Astros,Kansas City Royals,2026-09-15T20:37:07.870946+00:00,2026-09-16T06:26:52.032913+00:00,2026-09-16T02:26:52.032913-04:00,2026-09-16T02:26:52.032913-04:00,propline_free_sample
2026-09-15,2026-09-16 00:10:00+00:00,Hunter Brown,6.5,over,-7000,hardrock,210416,Houston Astros,Kansas City Royals,2026-09-15T15:23:58.631183+00:00,2026-09-16T06:26:52.032913+00:00,2026-09-16T02:26:52.032913-04:00,2026-09-16T02:26:52.032913-04:00,propline_free_sample
2026-09-15,2026-09-16 00:10:00+00:00,Hunter Brown,6.5,under,1600,hardrock,210416,Houston Astros,Kansas City Royals,2026-09-15T21:19:51.560157+00:00,2026-09-16T06:26:52.032913+00:00,2026-09-16T02:26:52.032913-04:00,2026-09-16T02:26:52.032913-04:00,propline_free_sample
2026-09-15,2026-09-16 00:10:00+00:00,Hunter Brown,7.5,over,-900,hardrock,210416,Houston Astros,Kansas City Royals,2026-09-15T16:22:26.844613+00:00,2026-09-16T06:26:52.032913+00:00,2026-09-16T02:26:52.032913-04:00,2026-09-16T02:26:52.032913-04:00,propline_free_sample
2026-09-15,2026-09-16 00:10:00+00:00,Hunter Brown,7.5,under,400,hardrock,210416,Houston Astros,Kansas City Royals,2026-09-15T22:38:13.325204+00:00,2026-09-16T06:26:52.032913+00:00,2026-09-16T02:26:52.032913-04:00,2026-09-16T02:26:52.032913-04:00,propline_free_sample
2026-09-15,2026-09-16 00:10:00+00:00,Hunter Brown,8.5,over,-230,hardrock,210416,Houston Astros,Kansas City Royals,2026-09-15T23:04:09.776121+00:00,2026-09-16T06:26:52.032913+00:00,2026-09-16T02:26:52.032913-04:00,2026-09-16T02:26:52.032913-04:00,propline_free_sample
2026-09-15,2026-09-16 00:10:00+00:00,Hunter Brown,8.5,under,155,hardrock,210416,Houston Astros,Kansas City Royals,2026-09-15T23:04:09.776121+00:00,2026-09-16T06:26:52.032913+00:00,2026-09-16T02:26:52.032913-04:00,2026-09-16T02:26:52.032913-04:00,propline_free_sample
2026-09-15,2026-09-16 00:10:00+00:00,Hunter Brown,9.5,over,-950,hardrock,210416,Houston Astros,Kansas City Royals,2026-09-15T21:19:51.560157+00:00,2026-09-16T06:26:52.032913+00:00,2026-09-16T02:26:52.032913-04:00,2026-09-16T02:26:52.032913-04:00,propline_free_sample
2026-09-15,2026-09-16 00:10:00+00:00,Hunter Brown,9.5,under,425,hardrock,210416,Houston Astros,Kansas City Royals,2026-09-15T21:19:51.560157+00:00,2026-09-16T06:26:52.032913+00:00,2026-09-16T02:26:52.032913-04:00,2026-09-16T02:26:52.032913-04:00,propline_free_sample
2026-09-15,2026-09-16 00:10:00+00:00,Michael Wacha,1.5,over,-1400,hardrock,210416,Houston Astros,Kansas City Royals,2026-09-15T21:17:28.956078+00:00,2026-09-16T06:26:52.032913+00:00,2026-09-16T02:26:52.032913-04:00,2026-09-16T02:26:52.032913-04:00,propline_free_sample
2026-09-15,2026-09-16 00:10:00+00:00,Michael Wacha,1.5,under,500,hardrock,210416,Houston Astros,Kansas City Royals,2026-09-15T03:02:01.919939+00:00,2026-09-16T06:26:52.032913+00:00,2026-09-16T02:26:52.032913-04:00,2026-09-16T02:26:52.032913-04:00,propline_free_sample
2026-09-15,2026-09-16 00:10:00+00:00,Michael Wacha,10.5,over,4000,hardrock,210416,Houston Astros,Kansas City Royals,2026-09-15T00:51:19.789529+00:00,2026-09-16T06:26:52.032913+00:00,2026-09-16T02:26:52.032913-04:00,2026-09-16T02:26:52.032913-04:00,propline_free_sample
2026-09-15,2026-09-16 00:10:00+00:00,Michael Wacha,10.5,under,-50000,hardrock,210416,Houston Astros,Kansas City Royals,2026-09-15T00:51:19.789529+00:00,2026-09-16T06:26:52.032913+00:00,2026-09-16T02:26:52.032913-04:00,2026-09-16T02:26:52.032913-04:00,propline_free_sample
2026-09-15,2026-09-16 00:10:00+00:00,Michael Wacha,2.5,over,-575,hardrock,210416,Houston Astros,Kansas City Royals,2026-09-15T23:04:09.776121+00:00,2026-09-16T06:26:52.032913+00:00,2026-09-16T02:26:52.032913-04:00,2026-09-16T02:26:52.032913-04:00,propline_free_sample
2026-09-15,2026-09-16 00:10:00+00:00,Michael Wacha,2.5,under,325,hardrock,210416,Houston Astros,Kansas City Royals,2026-09-15T20:07:36.383838+00:00,2026-09-16T06:26:52.032913+00:00,2026-09-16T02:26:52.032913-04:00,2026-09-16T02:26:52.032913-04:00,propline_free_sample
2026-09-15,2026-09-16 00:10:00+00:00,Michael Wacha,3.5,over,-120,hardrock,210416,Houston Astros,Kansas City Royals,2026-09-15T21:10:56.784994+00:00,2026-09-16T06:26:52.032913+00:00,2026-09-16T02:26:52.032913-04:00,2026-09-16T02:26:52.032913-04:00,propline_free_sample
2026-09-15,2026-09-16 00:10:00+00:00,Michael Wacha,3.5,under,-120,hardrock,210416,Houston Astros,Kansas City Royals,2026-09-15T20:59:27.220186+00:00,2026-09-16T06:26:52.032913+00:00,2026-09-16T02:26:52.032913-04:00,2026-09-16T02:26:52.032913-04:00,propline_free_sample
2026-09-15,2026-09-16 00:10:00+00:00,Michael Wacha,4.5,over,240,hardrock,210416,Houston Astros,Kansas City Royals,2026-09-15T21:10:56.784994+00:00,2026-09-16T06:26:52.032913+00:00,2026-09-16T02:26:52.032913-04:00,2026-09-16T02:26:52.032913-04:00,propline_free_sample
2026-09-15,2026-09-16 00:10:00+00:00,Michael Wacha,4.5,under,-425,hardrock,210416,Houston Astros,Kansas City Royals,2026-09-15T21:10:56.784994+00:00,2026-09-16T06:26:52.032913+00:00,2026-09-16T02:26:52.032913-04:00,2026-09-16T02:26:52.032913-04:00,propline_free_sample
2026-09-15,2026-09-16 00:10:00+00:00,Michael Wacha,5.5,over,600,hardrock,210416,Houston Astros,Kansas City Royals,2026-09-15T21:10:56.784994+00:00,2026-09-16T06:26:52.032913+00:00,2026-09-16T02:26:52.032913-04:00,2026-09-16T02:26:52.032913-04:00,propline_free_sample
2026-09-15,2026-09-16 00:10:00+00:00,Michael Wacha,5.5,under,-2200,hardrock,210416,Houston Astros,Kansas City Royals,2026-09-15T22:43:46.228709+00:00,2026-09-16T06:26:52.032913+00:00,2026-09-16T02:26:52.032913-04:00,2026-09-16T02:26:52.032913-04:00,propline_free_sample
2026-09-15,2026-09-16 00:10:00+00:00,Michael Wacha,6.5,over,2000,hardrock,210416,Houston Astros,Kansas City Royals,2026-09-15T21:17:28.956078+00:00,2026-09-16T06:26:52.032913+00:00,2026-09-16T02:26:52.032913-04:00,2026-09-16T02:26:52.032913-04:00,propline_free_sample
2026-09-15,2026-09-16 00:10:00+00:00,Michael Wacha,6.5,under,-10000,hardrock,210416,Houston Astros,Kansas City Royals,2026-09-15T21:17:28.956078+00:00,2026-09-16T06:26:52.032913+00:00,2026-09-16T02:26:52.032913-04:00,2026-09-16T02:26:52.032913-04:00,propline_free_sample
2026-09-15,2026-09-16 00:10:00+00:00,Michael Wacha,7.5,over,1300,hardrock,210416,Houston Astros,Kansas City Royals,2026-09-15T20:16:26.195914+00:00,2026-09-16T06:26:52.032913+00:00,2026-09-16T02:26:52.032913-04:00,2026-09-16T02:26:52.032913-04:00,propline_free_sample
2026-09-15,2026-09-16 00:10:00+00:00,Michael Wacha,7.5,under,-6000,hardrock,210416,Houston Astros,Kansas City Royals,2026-09-15T21:10:56.784994+00:00,2026-09-16T06:26:52.032913+00:00,2026-09-16T02:26:52.032913-04:00,2026-09-16T02:26:52.032913-04:00,propline_free_sample
2026-09-15,2026-09-16 00:10:00+00:00,Michael Wacha,8.5,over,4000,hardrock,210416,Houston Astros,Kansas City Royals,2026-09-15T21:17:28.956078+00:00,2026-09-16T06:26:52.032913+00:00,2026-09-16T02:26:52.032913-04:00,2026-09-16T02:26:52.032913-04:00,propline_free_sample
2026-09-15,2026-09-16 00:10:00+00:00,Michael Wacha,8.5,under,-50000,hardrock,210416,Houston Astros,Kansas City Royals,2026-09-15T20:23:31.069258+00:00,2026-09-16T06:26:52.032913+00:00,2026-09-16T02:26:52.032913-04:00,2026-09-16T02:26:52.032913-04:00,propline_free_sample
2026-09-15,2026-09-16 00:10:00+00:00,Michael Wacha,9.5,over,4000,hardrock,210416,Houston Astros,Kansas City Royals,2026-09-15T10:08:59.563169+00:00,2026-09-16T06:26:52.032913+00:00,2026-09-16T02:26:52.032913-04:00,2026-09-16T02:26:52.032913-04:00,propline_free_sample
2026-09-15,2026-09-16 00:10:00+00:00,Michael Wacha,9.5,under,-50000,hardrock,210416,Houston Astros,Kansas City Royals,2026-09-15T20:16:26.195914+00:00,2026-09-16T06:26:52.032913+00:00,2026-09-16T02:26:52.032913-04:00,2026-09-16T02:26:52.032913-04:00,propline_free_sample
2026-09-15,2026-09-16 00:10:00+00:00,Hunter Brown (HOU),10.5,over,-220,bovada,210416,Houston Astros,Kansas City Royals,2026-09-15T14:46:55.131506+00:00,2026-09-16T06:26:52.032913+00:00,2026-09-16T02:26:52.032913-04:00,2026-09-16T02:26:52.032913-04:00,propline_free_sample
2026-09-15,2026-09-16 00:10:00+00:00,Hunter Brown (HOU),10.5,under,165,bovada,210416,Houston Astros,Kansas City Royals,2026-09-15T14:46:55.131506+00:00,2026-09-16T06:26:52.032913+00:00,2026-09-16T02:26:52.032913-04:00,2026-09-16T02:26:52.032913-04:00,propline_free_sample
2026-09-15,2026-09-16 00:10:00+00:00,Michael Wacha (KC),3.5,over,100,bovada,210416,Houston Astros,Kansas City Royals,2026-09-15T21:11:30.254807+00:00,2026-09-16T06:26:52.032913+00:00,2026-09-16T02:26:52.032913-04:00,2026-09-16T02:26:52.032913-04:00,propline_free_sample
2026-09-15,2026-09-16 00:10:00+00:00,Michael Wacha (KC),3.5,under,-130,bovada,210416,Houston Astros,Kansas City Royals,2026-09-15T21:11:30.254807+00:00,2026-09-16T06:26:52.032913+00:00,2026-09-16T02:26:52.032913-04:00,2026-09-16T02:26:52.032913-04:00,propline_free_sample
2026-09-15,2026-09-16 00:10:00+00:00,Michael Wacha,5.5,under,100,prizepicks,210416,Houston Astros,Kansas City Royals,2026-09-15T00:53:10.005687+00:00,2026-09-16T06:26:52.032913+00:00,2026-09-16T02:26:52.032913-04:00,2026-09-16T02:26:52.032913-04:00,propline_free_sample
2026-09-15,2026-09-16 00:10:00+00:00,Hunter Brown,6.5,under,100,prizepicks,210416,Houston Astros,Kansas City Royals,2026-09-15T00:53:10.005687+00:00,2026-09-16T06:26:52.032913+00:00,2026-09-16T02:26:52.032913-04:00,2026-09-16T02:26:52.032913-04:00,propline_free_sample
2026-09-15,2026-09-16 00:10:00+00:00,Michael Wacha,6.5,under,100,prizepicks,210416,Houston Astros,Kansas City Royals,2026-09-15T00:53:10.005687+00:00,2026-09-16T06:26:52.032913+00:00,2026-09-16T02:26:52.032913-04:00,2026-09-16T02:26:52.032913-04:00,propline_free_sample
2026-09-15,2026-09-16 00:10:00+00:00,Hunter Brown,7.5,under,100,prizepicks,210416,Houston Astros,Kansas City Royals,2026-09-15T00:53:10.005687+00:00,2026-09-16T06:26:52.032913+00:00,2026-09-16T02:26:52.032913-04:00,2026-09-16T02:26:52.032913-04:00,propline_free_sample
2026-09-15,2026-09-16 00:10:00+00:00,Michael Wacha,7.5,under,100,prizepicks,210416,Houston Astros,Kansas City Royals,2026-09-15T00:53:10.005687+00:00,2026-09-16T06:26:52.032913+00:00,2026-09-16T02:26:52.032913-04:00,2026-09-16T02:26:52.032913-04:00,propline_free_sample
2026-09-15,2026-09-16 00:10:00+00:00,Michael Wacha,8.5,over,100,prizepicks,210416,Houston Astros,Kansas City Royals,2026-09-15T00:53:10.005687+00:00,2026-09-16T06:26:52.032913+00:00,2026-09-16T02:26:52.032913-04:00,2026-09-16T02:26:52.032913-04:00,propline_free_sample
2026-09-15,2026-09-16 00:10:00+00:00,Hunter Brown,8.5,under,100,prizepicks,210416,Houston Astros,Kansas City Royals,2026-09-15T00:53:10.005687+00:00,2026-09-16T06:26:52.032913+00:00,2026-09-16T02:26:52.032913-04:00,2026-09-16T02:26:52.032913-04:00,propline_free_sample
2026-09-15,2026-09-16 00:10:00+00:00,Hunter Brown,3.5,over,100,prizepicks,210416,Houston Astros,Kansas City Royals,2026-09-15T00:53:10.005687+00:00,2026-09-16T06:26:52.032913+00:00,2026-09-16T02:26:52.032913-04:00,2026-09-16T02:26:52.032913-04:00,propline_free_sample
2026-09-15,2026-09-16 00:10:00+00:00,Hunter Brown,3.5,under,100,prizepicks,210416,Houston Astros,Kansas City Royals,2026-09-15T00:53:10.005687+00:00,2026-09-16T06:26:52.032913+00:00,2026-09-16T02:26:52.032913-04:00,2026-09-16T02:26:52.032913-04:00,propline_free_sample
2026-09-15,2026-09-16 00:10:00+00:00,Michael Wacha,3.5,under,100,prizepicks,210416,Houston Astros,Kansas City Royals,2026-09-15T00:53:10.005687+00:00,2026-09-16T06:26:52.032913+00:00,2026-09-16T02:26:52.032913-04:00,2026-09-16T02:26:52.032913-04:00,propline_free_sample
2026-09-15,2026-09-16 00:10:00+00:00,Hunter Brown,4.5,under,100,prizepicks,210416,Houston Astros,Kansas City Royals,2026-09-15T00:53:10.005687+00:00,2026-09-16T06:26:52.032913+00:00,2026-09-16T02:26:52.032913-04:00,2026-09-16T02:26:52.032913-04:00,propline_free_sample
2026-09-15,2026-09-16 00:10:00+00:00,Hunter Brown,10.5,over,100,prizepicks,210416,Houston Astros,Kansas City Royals,2026-09-15T00:53:10.005687+00:00,2026-09-16T06:26:52.032913+00:00,2026-09-16T02:26:52.032913-04:00,2026-09-16T02:26:52.032913-04:00,propline_free_sample
2026-09-15,2026-09-16 00:10:00+00:00,Michael Wacha,2.5,over,100,prizepicks,210416,Houston Astros,Kansas City Royals,2026-09-15T00:53:10.005687+00:00,2026-09-16T06:26:52.032913+00:00,2026-09-16T02:26:52.032913-04:00,2026-09-16T02:26:52.032913-04:00,propline_free_sample
2026-09-15,2026-09-16 00:10:00+00:00,Michael Wacha,2.5,under,100,prizepicks,210416,Houston Astros,Kansas City Royals,2026-09-15T00:53:10.005687+00:00,2026-09-16T06:26:52.032913+00:00,2026-09-16T02:26:52.032913-04:00,2026-09-16T02:26:52.032913-04:00,propline_free_sample
2026-09-15,2026-09-16 00:10:00+00:00,Hunter Brown,5.5,over,-132,sleeper,210416,Houston Astros,Kansas City Royals,2026-09-15T20:38:13.206828+00:00,2026-09-16T06:26:52.032913+00:00,2026-09-16T02:26:52.032913-04:00,2026-09-16T02:26:52.032913-04:00,propline_free_sample
2026-09-15,2026-09-16 00:10:00+00:00,Michael Wacha,4.5,over,-128,sleeper,210416,Houston Astros,Kansas City Royals,2026-09-15T21:00:20.111734+00:00,2026-09-16T06:26:52.032913+00:00,2026-09-16T02:26:52.032913-04:00,2026-09-16T02:26:52.032913-04:00,propline_free_sample
2026-09-15,2026-09-16 00:10:00+00:00,Hunter Brown,5.5,under,-123,sleeper,210416,Houston Astros,Kansas City Royals,2026-09-15T21:50:07.271431+00:00,2026-09-16T06:26:52.032913+00:00,2026-09-16T02:26:52.032913-04:00,2026-09-16T02:26:52.032913-04:00,propline_free_sample
2026-09-15,2026-09-16 00:10:00+00:00,Michael Wacha,4.5,under,-128,sleeper,210416,Houston Astros,Kansas City Royals,2026-09-15T21:00:20.111734+00:00,2026-09-16T06:26:52.032913+00:00,2026-09-16T02:26:52.032913-04:00,2026-09-16T02:26:52.032913-04:00,propline_free_sample
2026-09-15,2026-09-16 00:10:00+00:00,Hunter Brown,5.5,over,-122,prophetx,210416,Houston Astros,Kansas City Royals,2026-09-15T23:52:46.970563+00:00,2026-09-16T06:26:52.032913+00:00,2026-09-16T02:26:52.032913-04:00,2026-09-16T02:26:52.032913-04:00,propline_free_sample
2026-09-15,2026-09-16 00:10:00+00:00,Hunter Brown,5.5,under,101,prophetx,210416,Houston Astros,Kansas City Royals,2026-09-15T21:29:11.120074+00:00,2026-09-16T06:26:52.032913+00:00,2026-09-16T02:26:52.032913-04:00,2026-09-16T02:26:52.032913-04:00,propline_free_sample
2026-09-15,2026-09-16 00:10:00+00:00,Michael Wacha,4.5,over,102,prophetx,210416,Houston Astros,Kansas City Royals,2026-09-15T20:55:13.787676+00:00,2026-09-16T06:26:52.032913+00:00,2026-09-16T02:26:52.032913-04:00,2026-09-16T02:26:52.032913-04:00,propline_free_sample
2026-09-15,2026-09-16 00:10:00+00:00,Michael Wacha,4.5,under,-117,prophetx,210416,Houston Astros,Kansas City Royals,2026-09-15T23:52:46.970563+00:00,2026-09-16T06:26:52.032913+00:00,2026-09-16T02:26:52.032913-04:00,2026-09-16T02:26:52.032913-04:00,propline_free_sample
2026-09-15,2026-09-16 00:10:00+00:00,Hunter Brown,6.5,over,144,prophetx,210416,Houston Astros,Kansas City Royals,2026-09-16T00:08:36.128007+00:00,2026-09-16T06:26:52.032913+00:00,2026-09-16T02:26:52.032913-04:00,2026-09-16T02:26:52.032913-04:00,propline_free_sample
2026-09-15,2026-09-16 00:10:00+00:00,Hunter Brown,6.5,under,-235,prophetx,210416,Houston Astros,Kansas City Royals,2026-09-16T00:08:36.128007+00:00,2026-09-16T06:26:52.032913+00:00,2026-09-16T02:26:52.032913-04:00,2026-09-16T02:26:52.032913-04:00,propline_free_sample
2026-09-15,2026-09-16 00:10:00+00:00,Hunter Brown,1.5,over,-6000,hardrock,210416,Houston Astros,Kansas City Royals,2026-09-15T22:38:13.325204+00:00,2026-09-16T06:26:52.032913+00:00,2026-09-16T02:26:52.032913-04:00,2026-09-16T02:26:52.032913-04:00,propline_free_sample
2026-09-15,2026-09-16 00:10:00+00:00,Hunter Brown,1.5,under,1300,hardrock,210416,Houston Astros,Kansas City Royals,2026-09-15T22:38:13.325204+00:00,2026-09-16T06:26:52.032913+00:00,2026-09-16T02:26:52.032913-04:00,2026-09-16T02:26:52.032913-04:00,propline_free_sample
2026-09-15,2026-09-16 00:10:00+00:00,Michael Wacha,0.5,over,-9000,hardrock,210416,Houston Astros,Kansas City Royals,2026-09-15T03:02:01.919939+00:00,2026-09-16T06:26:52.032913+00:00,2026-09-16T02:26:52.032913-04:00,2026-09-16T02:26:52.032913-04:00,propline_free_sample
2026-09-15,2026-09-16 00:10:00+00:00,Michael Wacha,0.5,under,2250,hardrock,210416,Houston Astros,Kansas City Royals,2026-09-15T17:15:44.735135+00:00,2026-09-16T06:26:52.032913+00:00,2026-09-16T02:26:52.032913-04:00,2026-09-16T02:26:52.032913-04:00,propline_free_sample
2026-09-15,2026-09-16 00:10:00+00:00,Hunter Brown,5.5,over,-111,novig,210416,Houston Astros,Kansas City Royals,2026-09-15T23:52:02.234174+00:00,2026-09-16T06:26:52.032913+00:00,2026-09-16T02:26:52.032913-04:00,2026-09-16T02:26:52.032913-04:00,propline_free_sample
2026-09-15,2026-09-16 00:10:00+00:00,Hunter Brown,5.5,under,102,novig,210416,Houston Astros,Kansas City Royals,2026-09-16T00:02:27.788630+00:00,2026-09-16T06:26:52.032913+00:00,2026-09-16T02:26:52.032913-04:00,2026-09-16T02:26:52.032913-04:00,propline_free_sample
2026-09-15,2026-09-16 00:10:00+00:00,Michael Wacha,4.5,over,100,novig,210416,Houston Astros,Kansas City Royals,2026-09-15T23:31:25.203885+00:00,2026-09-16T06:26:52.032913+00:00,2026-09-16T02:26:52.032913-04:00,2026-09-16T02:26:52.032913-04:00,propline_free_sample
2026-09-15,2026-09-16 00:10:00+00:00,Michael Wacha,4.5,under,-104,novig,210416,Houston Astros,Kansas City Royals,2026-09-15T23:52:02.234174+00:00,2026-09-16T06:26:52.032913+00:00,2026-09-16T02:26:52.032913-04:00,2026-09-16T02:26:52.032913-04:00,propline_free_sample
2026-09-15,2026-09-16 00:10:00+00:00,Hunter Brown,5.5,over,-130,underdog,210416,Houston Astros,Kansas City Royals,2026-09-15T14:55:46.640930+00:00,2026-09-16T06:26:52.032913+00:00,2026-09-16T02:26:52.032913-04:00,2026-09-16T02:26:52.032913-04:00,propline_free_sample
2026-09-15,2026-09-16 00:10:00+00:00,Michael Wacha,2.5,over,114,underdog,210416,Houston Astros,Kansas City Royals,2026-09-15T21:11:47.711283+00:00,2026-09-16T06:26:52.032913+00:00,2026-09-16T02:26:52.032913-04:00,2026-09-16T02:26:52.032913-04:00,propline_free_sample
2026-09-15,2026-09-16 00:10:00+00:00,Hunter Brown,5.5,under,-114,underdog,210416,Houston Astros,Kansas City Royals,2026-09-15T14:55:46.640930+00:00,2026-09-16T06:26:52.032913+00:00,2026-09-16T02:26:52.032913-04:00,2026-09-16T02:26:52.032913-04:00,propline_free_sample
2026-09-15,2026-09-16 00:10:00+00:00,Michael Wacha,2.5,under,-170,underdog,210416,Houston Astros,Kansas City Royals,2026-09-15T21:11:47.711283+00:00,2026-09-16T06:26:52.032913+00:00,2026-09-16T02:26:52.032913-04:00,2026-09-16T02:26:52.032913-04:00,propline_free_sample
2026-09-15,2026-09-16 00:10:00+00:00,Hunter Brown,5.5,over,-120,dabble,210416,Houston Astros,Kansas City Royals,2026-09-15T03:00:09.280622+00:00,2026-09-16T06:26:52.032913+00:00,2026-09-16T02:26:52.032913-04:00,2026-09-16T02:26:52.032913-04:00,propline_free_sample
2026-09-15,2026-09-16 00:10:00+00:00,Michael Wacha,4.5,over,113,dabble,210416,Houston Astros,Kansas City Royals,2026-09-15T20:38:23.449973+00:00,2026-09-16T06:26:52.032913+00:00,2026-09-16T02:26:52.032913-04:00,2026-09-16T02:26:52.032913-04:00,propline_free_sample
2026-09-15,2026-09-16 00:10:00+00:00,Hunter Brown,5.5,under,120,dabble,210416,Houston Astros,Kansas City Royals,2026-09-15T03:00:09.280622+00:00,2026-09-16T06:26:52.032913+00:00,2026-09-16T02:26:52.032913-04:00,2026-09-16T02:26:52.032913-04:00,propline_free_sample
2026-09-15,2026-09-16 00:10:00+00:00,Michael Wacha,4.5,under,-111,dabble,210416,Houston Astros,Kansas City Royals,2026-09-15T20:38:23.449973+00:00,2026-09-16T06:26:52.032913+00:00,2026-09-16T02:26:52.032913-04:00,2026-09-16T02:26:52.032913-04:00,propline_free_sample
2026-09-15,2026-09-16 00:10:00+00:00,Hunter Brown,9.5,over,100,prizepicks,210416,Houston Astros,Kansas City Royals,2026-09-15T02:02:49.222733+00:00,2026-09-16T06:26:52.032913+00:00,2026-09-16T02:26:52.032913-04:00,2026-09-16T02:26:52.032913-04:00,propline_free_sample
2026-09-15,2026-09-16 00:10:00+00:00,Hunter Brown,5.5,over,-125,smarkets,210416,Houston Astros,Kansas City Royals,2026-09-15T20:39:09.286494+00:00,2026-09-16T06:26:52.032913+00:00,2026-09-16T02:26:52.032913-04:00,2026-09-16T02:26:52.032913-04:00,propline_free_sample
2026-09-15,2026-09-16 00:10:00+00:00,Hunter Brown,5.5,under,-111,smarkets,210416,Houston Astros,Kansas City Royals,2026-09-15T20:39:09.286494+00:00,2026-09-16T06:26:52.032913+00:00,2026-09-16T02:26:52.032913-04:00,2026-09-16T02:26:52.032913-04:00,propline_free_sample
2026-09-15,2026-09-16 00:10:00+00:00,Michael Wacha,4.5,over,-105,smarkets,210416,Houston Astros,Kansas City Royals,2026-09-15T20:39:09.286494+00:00,2026-09-16T06:26:52.032913+00:00,2026-09-16T02:26:52.032913-04:00,2026-09-16T02:26:52.032913-04:00,propline_free_sample
2026-09-15,2026-09-16 00:10:00+00:00,Michael Wacha,4.5,under,-132,smarkets,210416,Houston Astros,Kansas City Royals,2026-09-15T20:39:09.286494+00:00,2026-09-16T06:26:52.032913+00:00,2026-09-16T02:26:52.032913-04:00,2026-09-16T02:26:52.032913-04:00,propline_free_sample
2026-09-15,2026-09-16 00:10:00+00:00,Hunter Brown,5.5,over,-130,draftkings,210416,Houston Astros,Kansas City Royals,2026-09-15T20:32:57.704303+00:00,2026-09-16T06:26:52.032913+00:00,2026-09-16T02:26:52.032913-04:00,2026-09-16T02:26:52.032913-04:00,propline_free_sample
2026-09-15,2026-09-16 00:10:00+00:00,Hunter Brown,5.5,under,102,draftkings,210416,Houston Astros,Kansas City Royals,2026-09-15T20:32:57.704303+00:00,2026-09-16T06:26:52.032913+00:00,2026-09-16T02:26:52.032913-04:00,2026-09-16T02:26:52.032913-04:00,propline_free_sample
2026-09-15,2026-09-16 00:10:00+00:00,Michael Wacha,4.5,over,-112,draftkings,210416,Houston Astros,Kansas City Royals,2026-09-15T20:08:21.183148+00:00,2026-09-16T06:26:52.032913+00:00,2026-09-16T02:26:52.032913-04:00,2026-09-16T02:26:52.032913-04:00,propline_free_sample
2026-09-15,2026-09-16 00:10:00+00:00,Michael Wacha,4.5,under,-113,draftkings,210416,Houston Astros,Kansas City Royals,2026-09-15T20:08:21.183148+00:00,2026-09-16T06:26:52.032913+00:00,2026-09-16T02:26:52.032913-04:00,2026-09-16T02:26:52.032913-04:00,propline_free_sample
2026-09-15,2026-09-16 00:10:00+00:00,Hunter Brown,5.5,over,-120,onexbet,210416,Houston Astros,Kansas City Royals,2026-09-15T23:52:02.315137+00:00,2026-09-16T06:26:52.032913+00:00,2026-09-16T02:26:52.032913-04:00,2026-09-16T02:26:52.032913-04:00,propline_free_sample
2026-09-15,2026-09-16 00:10:00+00:00,Michael Wacha,4.5,over,-105,onexbet,210416,Houston Astros,Kansas City Royals,2026-09-15T23:52:02.315137+00:00,2026-09-16T06:26:52.032913+00:00,2026-09-16T02:26:52.032913-04:00,2026-09-16T02:26:52.032913-04:00,propline_free_sample
2026-09-15,2026-09-16 00:10:00+00:00,Hunter Brown,5.5,under,-110,onexbet,210416,Houston Astros,Kansas City Royals,2026-09-15T23:52:02.315137+00:00,2026-09-16T06:26:52.032913+00:00,2026-09-16T02:26:52.032913-04:00,2026-09-16T02:26:52.032913-04:00,propline_free_sample
2026-09-15,2026-09-16 00:10:00+00:00,Michael Wacha,4.5,under,-130,onexbet,210416,Houston Astros,Kansas City Royals,2026-09-15T23:52:02.315137+00:00,2026-09-16T06:26:52.032913+00:00,2026-09-16T02:26:52.032913-04:00,2026-09-16T02:26:52.032913-04:00,propline_free_sample
2026-09-15,2026-09-16 00:10:00+00:00,Michael Wacha,1.5,over,-4900,kalshi,210416,Houston Astros,Kansas City Royals,2026-09-15T22:33:03.626346+00:00,2026-09-16T06:26:52.032913+00:00,2026-09-16T02:26:52.032913-04:00,2026-09-16T02:26:52.032913-04:00,propline_free_sample
2026-09-15,2026-09-16 00:10:00+00:00,Michael Wacha,1.5,under,9900,kalshi,210416,Houston Astros,Kansas City Royals,2026-09-15T23:51:42.485767+00:00,2026-09-16T06:26:52.032913+00:00,2026-09-16T02:26:52.032913-04:00,2026-09-16T02:26:52.032913-04:00,propline_free_sample
2026-09-15,2026-09-16 00:10:00+00:00,Hunter Brown,2.5,over,-4900,kalshi,210416,Houston Astros,Kansas City Royals,2026-09-15T22:11:53.023620+00:00,2026-09-16T06:26:52.032913+00:00,2026-09-16T02:26:52.032913-04:00,2026-09-16T02:26:52.032913-04:00,propline_free_sample
2026-09-15,2026-09-16 00:10:00+00:00,Michael Wacha,2.5,over,9900,kalshi,210416,Houston Astros,Kansas City Royals,2026-09-15T21:30:47.101943+00:00,2026-09-16T06:26:52.032913+00:00,2026-09-16T02:26:52.032913-04:00,2026-09-16T02:26:52.032913-04:00,propline_free_sample
2026-09-15,2026-09-16 00:10:00+00:00,Hunter Brown,2.5,under,9900,kalshi,210416,Houston Astros,Kansas City Royals,2026-09-15T23:38:35.686866+00:00,2026-09-16T06:26:52.032913+00:00,2026-09-16T02:26:52.032913-04:00,2026-09-16T02:26:52.032913-04:00,propline_free_sample
2026-09-15,2026-09-16 00:10:00+00:00,Michael Wacha,2.5,under,-1567,kalshi,210416,Houston Astros,Kansas City Royals,2026-09-15T23:56:21.191383+00:00,2026-09-16T06:26:52.032913+00:00,2026-09-16T02:26:52.032913-04:00,2026-09-16T02:26:52.032913-04:00,propline_free_sample
2026-09-15,2026-09-16 00:10:00+00:00,Hunter Brown,3.5,over,-4900,kalshi,210416,Houston Astros,Kansas City Royals,2026-09-15T21:10:32.041058+00:00,2026-09-16T06:26:52.032913+00:00,2026-09-16T02:26:52.032913-04:00,2026-09-16T02:26:52.032913-04:00,propline_free_sample
2026-09-15,2026-09-16 00:10:00+00:00,Michael Wacha,3.5,over,9900,kalshi,210416,Houston Astros,Kansas City Royals,2026-09-15T20:47:22.422863+00:00,2026-09-16T06:26:52.032913+00:00,2026-09-16T02:26:52.032913-04:00,2026-09-16T02:26:52.032913-04:00,propline_free_sample
2026-09-15,2026-09-16 00:10:00+00:00,Hunter Brown,4.5,over,-3233,kalshi,210416,Houston Astros,Kansas City Royals,2026-09-15T22:11:16.255405+00:00,2026-09-16T06:26:52.032913+00:00,2026-09-16T02:26:52.032913-04:00,2026-09-16T02:26:52.032913-04:00,propline_free_sample
2026-09-15,2026-09-16 00:10:00+00:00,Michael Wacha,4.5,over,9900,kalshi,210416,Houston Astros,Kansas City Royals,2026-09-15T21:06:52.711827+00:00,2026-09-16T06:26:52.032913+00:00,2026-09-16T02:26:52.032913-04:00,2026-09-16T02:26:52.032913-04:00,propline_free_sample
2026-09-15,2026-09-16 00:10:00+00:00,Hunter Brown,5.5,over,-376,kalshi,210416,Houston Astros,Kansas City Royals,2026-09-15T22:04:29.113533+00:00,2026-09-16T06:26:52.032913+00:00,2026-09-16T02:26:52.032913-04:00,2026-09-16T02:26:52.032913-04:00,propline_free_sample
2026-09-15,2026-09-16 00:10:00+00:00,Michael Wacha,5.5,over,9900,kalshi,210416,Houston Astros,Kansas City Royals,2026-09-15T20:54:55.548965+00:00,2026-09-16T06:26:52.032913+00:00,2026-09-16T02:26:52.032913-04:00,2026-09-16T02:26:52.032913-04:00,propline_free_sample
2026-09-15,2026-09-16 00:10:00+00:00,Hunter Brown,5.5,under,9900,kalshi,210416,Houston Astros,Kansas City Royals,2026-09-15T22:04:29.113533+00:00,2026-09-16T06:26:52.032913+00:00,2026-09-16T02:26:52.032913-04:00,2026-09-16T02:26:52.032913-04:00,propline_free_sample
2026-09-15,2026-09-16 00:10:00+00:00,Michael Wacha,5.5,under,-9900,kalshi,210416,Houston Astros,Kansas City Royals,2026-09-15T22:05:38.475841+00:00,2026-09-16T06:26:52.032913+00:00,2026-09-16T02:26:52.032913-04:00,2026-09-16T02:26:52.032913-04:00,propline_free_sample
2026-09-15,2026-09-16 00:10:00+00:00,Hunter Brown,6.5,over,-3233,kalshi,210416,Houston Astros,Kansas City Royals,2026-09-15T23:43:04.910631+00:00,2026-09-16T06:26:52.032913+00:00,2026-09-16T02:26:52.032913-04:00,2026-09-16T02:26:52.032913-04:00,propline_free_sample
2026-09-15,2026-09-16 00:10:00+00:00,Michael Wacha,6.5,over,9900,kalshi,210416,Houston Astros,Kansas City Royals,2026-09-15T21:43:06.250300+00:00,2026-09-16T06:26:52.032913+00:00,2026-09-16T02:26:52.032913-04:00,2026-09-16T02:26:52.032913-04:00,propline_free_sample
2026-09-15,2026-09-16 00:10:00+00:00,Michael Wacha,6.5,under,-9900,kalshi,210416,Houston Astros,Kansas City Royals,2026-09-15T21:43:06.250300+00:00,2026-09-16T06:26:52.032913+00:00,2026-09-16T02:26:52.032913-04:00,2026-09-16T02:26:52.032913-04:00,propline_free_sample
2026-09-15,2026-09-16 00:10:00+00:00,Hunter Brown,7.5,over,-525,kalshi,210416,Houston Astros,Kansas City Royals,2026-09-15T21:20:17.577798+00:00,2026-09-16T06:26:52.032913+00:00,2026-09-16T02:26:52.032913-04:00,2026-09-16T02:26:52.032913-04:00,propline_free_sample
2026-09-15,2026-09-16 00:10:00+00:00,Michael Wacha,7.5,over,9900,kalshi,210416,Houston Astros,Kansas City Royals,2026-09-15T22:32:23.259814+00:00,2026-09-16T06:26:52.032913+00:00,2026-09-16T02:26:52.032913-04:00,2026-09-16T02:26:52.032913-04:00,propline_free_sample
2026-09-15,2026-09-16 00:10:00+00:00,Hunter Brown,7.5,under,9900,kalshi,210416,Houston Astros,Kansas City Royals,2026-09-15T20:59:57.530987+00:00,2026-09-16T06:26:52.032913+00:00,2026-09-16T02:26:52.032913-04:00,2026-09-16T02:26:52.032913-04:00,propline_free_sample
2026-09-15,2026-09-16 00:10:00+00:00,Hunter Brown,8.5,over,-733,kalshi,210416,Houston Astros,Kansas City Royals,2026-09-15T23:51:42.485767+00:00,2026-09-16T06:26:52.032913+00:00,2026-09-16T02:26:52.032913-04:00,2026-09-16T02:26:52.032913-04:00,propline_free_sample
2026-09-15,2026-09-16 00:10:00+00:00,Michael Wacha,8.5,over,9900,kalshi,210416,Houston Astros,Kansas City Royals,2026-09-15T20:56:40.524862+00:00,2026-09-16T06:26:52.032913+00:00,2026-09-16T02:26:52.032913-04:00,2026-09-16T02:26:52.032913-04:00,propline_free_sample
2026-09-15,2026-09-16 00:10:00+00:00,Hunter Brown,8.5,under,9900,kalshi,210416,Houston Astros,Kansas City Royals,2026-09-15T23:51:42.485767+00:00,2026-09-16T06:26:52.032913+00:00,2026-09-16T02:26:52.032913-04:00,2026-09-16T02:26:52.032913-04:00,propline_free_sample
