date,commence_time_utc,pitcher_name,line,side,price,sportsbook,event_id,home_team,away_team,vendor_snapshot_time,collected_at_utc,collected_at_et,snapshot_time_et,source
2026-09-19,2026-09-19 18:11:00+00:00,Jackson Jobe,4.5,over,-136,fanduel,226836,Chicago White Sox,Detroit Tigers,2026-09-19T18:06:27.239219+00:00,2026-09-19T21:39:46.196962+00:00,2026-09-19T17:39:46.196962-04:00,2026-09-19T17:39:46.196962-04:00,propline_free_sample
2026-09-19,2026-09-19 18:11:00+00:00,Jackson Jobe,4.5,under,106,fanduel,226836,Chicago White Sox,Detroit Tigers,2026-09-19T18:06:27.239219+00:00,2026-09-19T21:39:46.196962+00:00,2026-09-19T17:39:46.196962-04:00,2026-09-19T17:39:46.196962-04:00,propline_free_sample
2026-09-19,2026-09-19 18:11:00+00:00,Sean Burke,5.5,over,-108,fanduel,226836,Chicago White Sox,Detroit Tigers,2026-09-19T18:09:08.882565+00:00,2026-09-19T21:39:46.196962+00:00,2026-09-19T17:39:46.196962-04:00,2026-09-19T17:39:46.196962-04:00,propline_free_sample
2026-09-19,2026-09-19 18:11:00+00:00,Sean Burke,5.5,under,-118,fanduel,226836,Chicago White Sox,Detroit Tigers,2026-09-19T18:09:08.882565+00:00,2026-09-19T21:39:46.196962+00:00,2026-09-19T17:39:46.196962-04:00,2026-09-19T17:39:46.196962-04:00,propline_free_sample
2026-09-19,2026-09-19 18:11:00+00:00,Jackson Jobe,4.5,over,-138,prophetx,226836,Chicago White Sox,Detroit Tigers,2026-09-19T18:09:44.228005+00:00,2026-09-19T21:39:46.196962+00:00,2026-09-19T17:39:46.196962-04:00,2026-09-19T17:39:46.196962-04:00,propline_free_sample
2026-09-19,2026-09-19 18:11:00+00:00,Jackson Jobe,4.5,under,118,prophetx,226836,Chicago White Sox,Detroit Tigers,2026-09-19T17:35:38.774775+00:00,2026-09-19T21:39:46.196962+00:00,2026-09-19T17:39:46.196962-04:00,2026-09-19T17:39:46.196962-04:00,propline_free_sample
2026-09-19,2026-09-19 18:11:00+00:00,Sean Burke,5.5,over,-102,prophetx,226836,Chicago White Sox,Detroit Tigers,2026-09-19T15:52:55.143813+00:00,2026-09-19T21:39:46.196962+00:00,2026-09-19T17:39:46.196962-04:00,2026-09-19T17:39:46.196962-04:00,propline_free_sample
2026-09-19,2026-09-19 18:11:00+00:00,Sean Burke,5.5,under,-112,prophetx,226836,Chicago White Sox,Detroit Tigers,2026-09-19T17:51:12.795376+00:00,2026-09-19T21:39:46.196962+00:00,2026-09-19T17:39:46.196962-04:00,2026-09-19T17:39:46.196962-04:00,propline_free_sample
2026-09-19,2026-09-19 18:11:00+00:00,Jackson Jobe,6.5,over,120,fanatics,226836,Chicago White Sox,Detroit Tigers,2026-09-19T18:06:22.462427+00:00,2026-09-19T21:39:46.196962+00:00,2026-09-19T17:39:46.196962-04:00,2026-09-19T17:39:46.196962-04:00,propline_free_sample
2026-09-19,2026-09-19 18:11:00+00:00,Jackson Jobe,6.5,under,-160,fanatics,226836,Chicago White Sox,Detroit Tigers,2026-09-19T18:06:22.462427+00:00,2026-09-19T21:39:46.196962+00:00,2026-09-19T17:39:46.196962-04:00,2026-09-19T17:39:46.196962-04:00,propline_free_sample
2026-09-19,2026-09-19 18:11:00+00:00,Sean Burke,6.5,over,110,fanatics,226836,Chicago White Sox,Detroit Tigers,2026-09-19T18:10:39.720351+00:00,2026-09-19T21:39:46.196962+00:00,2026-09-19T17:39:46.196962-04:00,2026-09-19T17:39:46.196962-04:00,propline_free_sample
2026-09-19,2026-09-19 18:11:00+00:00,Sean Burke,6.5,under,-145,fanatics,226836,Chicago White Sox,Detroit Tigers,2026-09-19T18:10:39.720351+00:00,2026-09-19T21:39:46.196962+00:00,2026-09-19T17:39:46.196962-04:00,2026-09-19T17:39:46.196962-04:00,propline_free_sample
2026-09-19,2026-09-19 18:11:00+00:00,Jackson Jobe,1.5,over,-5000,hardrock,226836,Chicago White Sox,Detroit Tigers,2026-09-19T17:05:19.645770+00:00,2026-09-19T21:39:46.196962+00:00,2026-09-19T17:39:46.196962-04:00,2026-09-19T17:39:46.196962-04:00,propline_free_sample
2026-09-19,2026-09-19 18:11:00+00:00,Jackson Jobe,1.5,under,1200,hardrock,226836,Chicago White Sox,Detroit Tigers,2026-09-19T16:57:26.203386+00:00,2026-09-19T21:39:46.196962+00:00,2026-09-19T17:39:46.196962-04:00,2026-09-19T17:39:46.196962-04:00,propline_free_sample
2026-09-19,2026-09-19 18:11:00+00:00,Jackson Jobe,2.5,over,-10000,hardrock,226836,Chicago White Sox,Detroit Tigers,2026-09-19T17:35:53.454051+00:00,2026-09-19T21:39:46.196962+00:00,2026-09-19T17:39:46.196962-04:00,2026-09-19T17:39:46.196962-04:00,propline_free_sample
2026-09-19,2026-09-19 18:11:00+00:00,Jackson Jobe,2.5,under,3000,hardrock,226836,Chicago White Sox,Detroit Tigers,2026-09-19T17:35:53.454051+00:00,2026-09-19T21:39:46.196962+00:00,2026-09-19T17:39:46.196962-04:00,2026-09-19T17:39:46.196962-04:00,propline_free_sample
2026-09-19,2026-09-19 18:11:00+00:00,Jackson Jobe,3.5,over,-2200,hardrock,226836,Chicago White Sox,Detroit Tigers,2026-09-19T17:35:53.454051+00:00,2026-09-19T21:39:46.196962+00:00,2026-09-19T17:39:46.196962-04:00,2026-09-19T17:39:46.196962-04:00,propline_free_sample
2026-09-19,2026-09-19 18:11:00+00:00,Jackson Jobe,3.5,under,650,hardrock,226836,Chicago White Sox,Detroit Tigers,2026-09-19T17:05:19.645770+00:00,2026-09-19T21:39:46.196962+00:00,2026-09-19T17:39:46.196962-04:00,2026-09-19T17:39:46.196962-04:00,propline_free_sample
2026-09-19,2026-09-19 18:11:00+00:00,Jackson Jobe,4.5,over,-3000,hardrock,226836,Chicago White Sox,Detroit Tigers,2026-09-19T18:07:25.903932+00:00,2026-09-19T21:39:46.196962+00:00,2026-09-19T17:39:46.196962-04:00,2026-09-19T17:39:46.196962-04:00,propline_free_sample
2026-09-19,2026-09-19 18:11:00+00:00,Jackson Jobe,4.5,under,700,hardrock,226836,Chicago White Sox,Detroit Tigers,2026-09-19T18:07:25.903932+00:00,2026-09-19T21:39:46.196962+00:00,2026-09-19T17:39:46.196962-04:00,2026-09-19T17:39:46.196962-04:00,propline_free_sample
2026-09-19,2026-09-19 18:11:00+00:00,Jackson Jobe,5.5,over,-350,hardrock,226836,Chicago White Sox,Detroit Tigers,2026-09-19T17:35:53.454051+00:00,2026-09-19T21:39:46.196962+00:00,2026-09-19T17:39:46.196962-04:00,2026-09-19T17:39:46.196962-04:00,propline_free_sample
2026-09-19,2026-09-19 18:11:00+00:00,Jackson Jobe,5.5,under,210,hardrock,226836,Chicago White Sox,Detroit Tigers,2026-09-19T18:07:25.903932+00:00,2026-09-19T21:39:46.196962+00:00,2026-09-19T17:39:46.196962-04:00,2026-09-19T17:39:46.196962-04:00,propline_free_sample
2026-09-19,2026-09-19 18:11:00+00:00,Jackson Jobe,6.5,over,100,hardrock,226836,Chicago White Sox,Detroit Tigers,2026-09-19T17:35:53.454051+00:00,2026-09-19T21:39:46.196962+00:00,2026-09-19T17:39:46.196962-04:00,2026-09-19T17:39:46.196962-04:00,propline_free_sample
2026-09-19,2026-09-19 18:11:00+00:00,Jackson Jobe,6.5,under,-145,hardrock,226836,Chicago White Sox,Detroit Tigers,2026-09-19T17:35:53.454051+00:00,2026-09-19T21:39:46.196962+00:00,2026-09-19T17:39:46.196962-04:00,2026-09-19T17:39:46.196962-04:00,propline_free_sample
2026-09-19,2026-09-19 18:11:00+00:00,Jackson Jobe,7.5,over,275,hardrock,226836,Chicago White Sox,Detroit Tigers,2026-09-19T16:45:07.915521+00:00,2026-09-19T21:39:46.196962+00:00,2026-09-19T17:39:46.196962-04:00,2026-09-19T17:39:46.196962-04:00,propline_free_sample
2026-09-19,2026-09-19 18:11:00+00:00,Jackson Jobe,7.5,under,-500,hardrock,226836,Chicago White Sox,Detroit Tigers,2026-09-19T17:35:53.454051+00:00,2026-09-19T21:39:46.196962+00:00,2026-09-19T17:39:46.196962-04:00,2026-09-19T17:39:46.196962-04:00,propline_free_sample
2026-09-19,2026-09-19 18:11:00+00:00,Jackson Jobe,8.5,over,700,hardrock,226836,Chicago White Sox,Detroit Tigers,2026-09-19T17:58:40.078604+00:00,2026-09-19T21:39:46.196962+00:00,2026-09-19T17:39:46.196962-04:00,2026-09-19T17:39:46.196962-04:00,propline_free_sample
2026-09-19,2026-09-19 18:11:00+00:00,Jackson Jobe,8.5,under,-3000,hardrock,226836,Chicago White Sox,Detroit Tigers,2026-09-19T17:35:53.454051+00:00,2026-09-19T21:39:46.196962+00:00,2026-09-19T17:39:46.196962-04:00,2026-09-19T17:39:46.196962-04:00,propline_free_sample
2026-09-19,2026-09-19 18:11:00+00:00,Jackson Jobe,9.5,over,2250,hardrock,226836,Chicago White Sox,Detroit Tigers,2026-09-19T17:35:53.454051+00:00,2026-09-19T21:39:46.196962+00:00,2026-09-19T17:39:46.196962-04:00,2026-09-19T17:39:46.196962-04:00,propline_free_sample
2026-09-19,2026-09-19 18:11:00+00:00,Jackson Jobe,9.5,under,-15000,hardrock,226836,Chicago White Sox,Detroit Tigers,2026-09-19T17:35:53.454051+00:00,2026-09-19T21:39:46.196962+00:00,2026-09-19T17:39:46.196962-04:00,2026-09-19T17:39:46.196962-04:00,propline_free_sample
2026-09-19,2026-09-19 18:11:00+00:00,Sean Burke,1.5,over,-6000,hardrock,226836,Chicago White Sox,Detroit Tigers,2026-09-19T15:29:02.496431+00:00,2026-09-19T21:39:46.196962+00:00,2026-09-19T17:39:46.196962-04:00,2026-09-19T17:39:46.196962-04:00,propline_free_sample
2026-09-19,2026-09-19 18:11:00+00:00,Sean Burke,1.5,under,1400,hardrock,226836,Chicago White Sox,Detroit Tigers,2026-09-19T16:12:14.044863+00:00,2026-09-19T21:39:46.196962+00:00,2026-09-19T17:39:46.196962-04:00,2026-09-19T17:39:46.196962-04:00,propline_free_sample
2026-09-19,2026-09-19 18:11:00+00:00,Sean Burke,10.5,over,2500,hardrock,226836,Chicago White Sox,Detroit Tigers,2026-09-19T01:24:51.428907+00:00,2026-09-19T21:39:46.196962+00:00,2026-09-19T17:39:46.196962-04:00,2026-09-19T17:39:46.196962-04:00,propline_free_sample
2026-09-19,2026-09-19 18:11:00+00:00,Sean Burke,10.5,under,-15000,hardrock,226836,Chicago White Sox,Detroit Tigers,2026-09-19T01:24:51.428907+00:00,2026-09-19T21:39:46.196962+00:00,2026-09-19T17:39:46.196962-04:00,2026-09-19T17:39:46.196962-04:00,propline_free_sample
2026-09-19,2026-09-19 18:11:00+00:00,Sean Burke,2.5,over,-20000,hardrock,226836,Chicago White Sox,Detroit Tigers,2026-09-19T15:49:20.520169+00:00,2026-09-19T21:39:46.196962+00:00,2026-09-19T17:39:46.196962-04:00,2026-09-19T17:39:46.196962-04:00,propline_free_sample
2026-09-19,2026-09-19 18:11:00+00:00,Sean Burke,2.5,under,3000,hardrock,226836,Chicago White Sox,Detroit Tigers,2026-09-19T15:29:02.496431+00:00,2026-09-19T21:39:46.196962+00:00,2026-09-19T17:39:46.196962-04:00,2026-09-19T17:39:46.196962-04:00,propline_free_sample
2026-09-19,2026-09-19 18:11:00+00:00,Sean Burke,3.5,over,-900,hardrock,226836,Chicago White Sox,Detroit Tigers,2026-09-19T16:12:14.044863+00:00,2026-09-19T21:39:46.196962+00:00,2026-09-19T17:39:46.196962-04:00,2026-09-19T17:39:46.196962-04:00,propline_free_sample
2026-09-19,2026-09-19 18:11:00+00:00,Sean Burke,3.5,under,425,hardrock,226836,Chicago White Sox,Detroit Tigers,2026-09-19T15:37:11.665047+00:00,2026-09-19T21:39:46.196962+00:00,2026-09-19T17:39:46.196962-04:00,2026-09-19T17:39:46.196962-04:00,propline_free_sample
2026-09-19,2026-09-19 18:11:00+00:00,Sean Burke,4.5,over,-155,hardrock,226836,Chicago White Sox,Detroit Tigers,2026-09-19T15:49:20.520169+00:00,2026-09-19T21:39:46.196962+00:00,2026-09-19T17:39:46.196962-04:00,2026-09-19T17:39:46.196962-04:00,propline_free_sample
2026-09-19,2026-09-19 18:11:00+00:00,Sean Burke,4.5,under,110,hardrock,226836,Chicago White Sox,Detroit Tigers,2026-09-19T16:12:14.044863+00:00,2026-09-19T21:39:46.196962+00:00,2026-09-19T17:39:46.196962-04:00,2026-09-19T17:39:46.196962-04:00,propline_free_sample
2026-09-19,2026-09-19 18:11:00+00:00,Sean Burke,5.5,over,210,hardrock,226836,Chicago White Sox,Detroit Tigers,2026-09-19T15:37:11.665047+00:00,2026-09-19T21:39:46.196962+00:00,2026-09-19T17:39:46.196962-04:00,2026-09-19T17:39:46.196962-04:00,propline_free_sample
2026-09-19,2026-09-19 18:11:00+00:00,Sean Burke,5.5,under,-350,hardrock,226836,Chicago White Sox,Detroit Tigers,2026-09-19T15:37:11.665047+00:00,2026-09-19T21:39:46.196962+00:00,2026-09-19T17:39:46.196962-04:00,2026-09-19T17:39:46.196962-04:00,propline_free_sample
2026-09-19,2026-09-19 18:11:00+00:00,Sean Burke,6.5,over,575,hardrock,226836,Chicago White Sox,Detroit Tigers,2026-09-19T16:12:14.044863+00:00,2026-09-19T21:39:46.196962+00:00,2026-09-19T17:39:46.196962-04:00,2026-09-19T17:39:46.196962-04:00,propline_free_sample
2026-09-19,2026-09-19 18:11:00+00:00,Sean Burke,6.5,under,-1800,hardrock,226836,Chicago White Sox,Detroit Tigers,2026-09-19T13:23:18.017687+00:00,2026-09-19T21:39:46.196962+00:00,2026-09-19T17:39:46.196962-04:00,2026-09-19T17:39:46.196962-04:00,propline_free_sample
2026-09-19,2026-09-19 18:11:00+00:00,Sean Burke,7.5,over,2250,hardrock,226836,Chicago White Sox,Detroit Tigers,2026-09-19T15:37:11.665047+00:00,2026-09-19T21:39:46.196962+00:00,2026-09-19T17:39:46.196962-04:00,2026-09-19T17:39:46.196962-04:00,propline_free_sample
2026-09-19,2026-09-19 18:11:00+00:00,Sean Burke,7.5,under,-15000,hardrock,226836,Chicago White Sox,Detroit Tigers,2026-09-19T16:12:14.044863+00:00,2026-09-19T21:39:46.196962+00:00,2026-09-19T17:39:46.196962-04:00,2026-09-19T17:39:46.196962-04:00,propline_free_sample
2026-09-19,2026-09-19 18:11:00+00:00,Sean Burke,8.5,over,2500,hardrock,226836,Chicago White Sox,Detroit Tigers,2026-09-19T15:49:20.520169+00:00,2026-09-19T21:39:46.196962+00:00,2026-09-19T17:39:46.196962-04:00,2026-09-19T17:39:46.196962-04:00,propline_free_sample
2026-09-19,2026-09-19 18:11:00+00:00,Sean Burke,8.5,under,-15000,hardrock,226836,Chicago White Sox,Detroit Tigers,2026-09-19T15:37:11.665047+00:00,2026-09-19T21:39:46.196962+00:00,2026-09-19T17:39:46.196962-04:00,2026-09-19T17:39:46.196962-04:00,propline_free_sample
2026-09-19,2026-09-19 18:11:00+00:00,Sean Burke,9.5,over,2000,hardrock,226836,Chicago White Sox,Detroit Tigers,2026-09-19T13:57:42.741873+00:00,2026-09-19T21:39:46.196962+00:00,2026-09-19T17:39:46.196962-04:00,2026-09-19T17:39:46.196962-04:00,propline_free_sample
2026-09-19,2026-09-19 18:11:00+00:00,Sean Burke,9.5,under,-10000,hardrock,226836,Chicago White Sox,Detroit Tigers,2026-09-19T15:49:20.520169+00:00,2026-09-19T21:39:46.196962+00:00,2026-09-19T17:39:46.196962-04:00,2026-09-19T17:39:46.196962-04:00,propline_free_sample
2026-09-19,2026-09-19 18:11:00+00:00,Jackson Jobe,4.5,over,-159,sleeper,226836,Chicago White Sox,Detroit Tigers,2026-09-19T18:08:00.783028+00:00,2026-09-19T21:39:46.196962+00:00,2026-09-19T17:39:46.196962-04:00,2026-09-19T17:39:46.196962-04:00,propline_free_sample
2026-09-19,2026-09-19 18:11:00+00:00,Jackson Jobe,4.5,under,-104,sleeper,226836,Chicago White Sox,Detroit Tigers,2026-09-19T18:08:00.783028+00:00,2026-09-19T21:39:46.196962+00:00,2026-09-19T17:39:46.196962-04:00,2026-09-19T17:39:46.196962-04:00,propline_free_sample
2026-09-19,2026-09-19 18:11:00+00:00,Jackson Jobe,4.5,over,-99900,novig,226836,Chicago White Sox,Detroit Tigers,2026-09-19T18:10:52.400558+00:00,2026-09-19T21:39:46.196962+00:00,2026-09-19T17:39:46.196962-04:00,2026-09-19T17:39:46.196962-04:00,propline_free_sample
2026-09-19,2026-09-19 18:11:00+00:00,Jackson Jobe,4.5,under,127,novig,226836,Chicago White Sox,Detroit Tigers,2026-09-19T18:10:52.400558+00:00,2026-09-19T21:39:46.196962+00:00,2026-09-19T17:39:46.196962-04:00,2026-09-19T17:39:46.196962-04:00,propline_free_sample
2026-09-19,2026-09-19 18:11:00+00:00,Sean Burke,5.5,over,-106,novig,226836,Chicago White Sox,Detroit Tigers,2026-09-19T18:10:52.400558+00:00,2026-09-19T21:39:46.196962+00:00,2026-09-19T17:39:46.196962-04:00,2026-09-19T17:39:46.196962-04:00,propline_free_sample
2026-09-19,2026-09-19 18:11:00+00:00,Sean Burke,5.5,under,-135,novig,226836,Chicago White Sox,Detroit Tigers,2026-09-19T18:10:52.400558+00:00,2026-09-19T21:39:46.196962+00:00,2026-09-19T17:39:46.196962-04:00,2026-09-19T17:39:46.196962-04:00,propline_free_sample
2026-09-19,2026-09-19 18:11:00+00:00,Jackson Jobe,0.5,over,-100000,hardrock,226836,Chicago White Sox,Detroit Tigers,2026-09-19T01:29:37.442361+00:00,2026-09-19T21:39:46.196962+00:00,2026-09-19T17:39:46.196962-04:00,2026-09-19T17:39:46.196962-04:00,propline_free_sample
2026-09-19,2026-09-19 18:11:00+00:00,Jackson Jobe,0.5,under,4000,hardrock,226836,Chicago White Sox,Detroit Tigers,2026-09-19T10:01:50.614867+00:00,2026-09-19T21:39:46.196962+00:00,2026-09-19T17:39:46.196962-04:00,2026-09-19T17:39:46.196962-04:00,propline_free_sample
2026-09-19,2026-09-19 18:11:00+00:00,Sean Burke,5.5,over,-120,sleeper,226836,Chicago White Sox,Detroit Tigers,2026-09-19T17:33:57.122250+00:00,2026-09-19T21:39:46.196962+00:00,2026-09-19T17:39:46.196962-04:00,2026-09-19T17:39:46.196962-04:00,propline_free_sample
2026-09-19,2026-09-19 18:11:00+00:00,Sean Burke,5.5,under,-135,sleeper,226836,Chicago White Sox,Detroit Tigers,2026-09-19T18:00:19.408056+00:00,2026-09-19T21:39:46.196962+00:00,2026-09-19T17:39:46.196962-04:00,2026-09-19T17:39:46.196962-04:00,propline_free_sample
2026-09-19,2026-09-19 18:11:00+00:00,Sean Burke,4.5,over,-335,polymarket_us,226836,Chicago White Sox,Detroit Tigers,2026-09-19T13:35:10.816033+00:00,2026-09-19T21:39:46.196962+00:00,2026-09-19T17:39:46.196962-04:00,2026-09-19T17:39:46.196962-04:00,propline_free_sample
2026-09-19,2026-09-19 18:11:00+00:00,Jackson Jobe,6.5,over,108,polymarket_us,226836,Chicago White Sox,Detroit Tigers,2026-09-19T17:09:41.075180+00:00,2026-09-19T21:39:46.196962+00:00,2026-09-19T17:39:46.196962-04:00,2026-09-19T17:39:46.196962-04:00,propline_free_sample
2026-09-19,2026-09-19 18:11:00+00:00,Jackson Jobe,2.5,over,-1900,polymarket_us,226836,Chicago White Sox,Detroit Tigers,2026-09-19T17:08:28.266569+00:00,2026-09-19T21:39:46.196962+00:00,2026-09-19T17:39:46.196962-04:00,2026-09-19T17:39:46.196962-04:00,propline_free_sample
2026-09-19,2026-09-19 18:11:00+00:00,Jackson Jobe,3.5,over,-355,polymarket_us,226836,Chicago White Sox,Detroit Tigers,2026-09-19T18:07:14.003939+00:00,2026-09-19T21:39:46.196962+00:00,2026-09-19T17:39:46.196962-04:00,2026-09-19T17:39:46.196962-04:00,propline_free_sample
2026-09-19,2026-09-19 18:11:00+00:00,Jackson Jobe,7.5,over,113,polymarket_us,226836,Chicago White Sox,Detroit Tigers,2026-09-19T16:58:26.123918+00:00,2026-09-19T21:39:46.196962+00:00,2026-09-19T17:39:46.196962-04:00,2026-09-19T17:39:46.196962-04:00,propline_free_sample
2026-09-19,2026-09-19 18:11:00+00:00,Sean Burke,5.5,over,456,polymarket_us,226836,Chicago White Sox,Detroit Tigers,2026-09-19T18:08:28.108514+00:00,2026-09-19T21:39:46.196962+00:00,2026-09-19T17:39:46.196962-04:00,2026-09-19T17:39:46.196962-04:00,propline_free_sample
2026-09-19,2026-09-19 18:11:00+00:00,Jackson Jobe,4.5,over,-1900,polymarket_us,226836,Chicago White Sox,Detroit Tigers,2026-09-19T18:07:14.003939+00:00,2026-09-19T21:39:46.196962+00:00,2026-09-19T17:39:46.196962-04:00,2026-09-19T17:39:46.196962-04:00,propline_free_sample
2026-09-19,2026-09-19 18:11:00+00:00,Sean Burke,3.5,over,-1900,polymarket_us,226836,Chicago White Sox,Detroit Tigers,2026-09-19T15:41:56.317576+00:00,2026-09-19T21:39:46.196962+00:00,2026-09-19T17:39:46.196962-04:00,2026-09-19T17:39:46.196962-04:00,propline_free_sample
2026-09-19,2026-09-19 18:11:00+00:00,Sean Burke,7.5,over,669,polymarket_us,226836,Chicago White Sox,Detroit Tigers,2026-09-19T16:40:20.190709+00:00,2026-09-19T21:39:46.196962+00:00,2026-09-19T17:39:46.196962-04:00,2026-09-19T17:39:46.196962-04:00,propline_free_sample
2026-09-19,2026-09-19 18:11:00+00:00,Sean Burke,6.5,over,212,polymarket_us,226836,Chicago White Sox,Detroit Tigers,2026-09-19T17:16:25.631709+00:00,2026-09-19T21:39:46.196962+00:00,2026-09-19T17:39:46.196962-04:00,2026-09-19T17:39:46.196962-04:00,propline_free_sample
2026-09-19,2026-09-19 18:11:00+00:00,Jackson Jobe,2.5,under,9900,polymarket_us,226836,Chicago White Sox,Detroit Tigers,2026-09-19T12:49:15.010991+00:00,2026-09-19T21:39:46.196962+00:00,2026-09-19T17:39:46.196962-04:00,2026-09-19T17:39:46.196962-04:00,propline_free_sample
2026-09-19,2026-09-19 18:11:00+00:00,Sean Burke,4.5,under,150,polymarket_us,226836,Chicago White Sox,Detroit Tigers,2026-09-19T16:01:50.795076+00:00,2026-09-19T21:39:46.196962+00:00,2026-09-19T17:39:46.196962-04:00,2026-09-19T17:39:46.196962-04:00,propline_free_sample
2026-09-19,2026-09-19 18:11:00+00:00,Sean Burke,3.5,under,9900,polymarket_us,226836,Chicago White Sox,Detroit Tigers,2026-09-19T16:14:40.805503+00:00,2026-09-19T21:39:46.196962+00:00,2026-09-19T17:39:46.196962-04:00,2026-09-19T17:39:46.196962-04:00,propline_free_sample
2026-09-19,2026-09-19 18:11:00+00:00,Jackson Jobe,4.5,over,-120,dabble,226836,Chicago White Sox,Detroit Tigers,2026-09-19T18:09:11.114487+00:00,2026-09-19T21:39:46.196962+00:00,2026-09-19T17:39:46.196962-04:00,2026-09-19T17:39:46.196962-04:00,propline_free_sample
2026-09-19,2026-09-19 18:11:00+00:00,Sean Burke,5.5,over,134,dabble,226836,Chicago White Sox,Detroit Tigers,2026-09-19T17:55:28.820716+00:00,2026-09-19T21:39:46.196962+00:00,2026-09-19T17:39:46.196962-04:00,2026-09-19T17:39:46.196962-04:00,propline_free_sample
2026-09-19,2026-09-19 18:11:00+00:00,Jackson Jobe,4.5,under,120,dabble,226836,Chicago White Sox,Detroit Tigers,2026-09-19T18:09:11.114487+00:00,2026-09-19T21:39:46.196962+00:00,2026-09-19T17:39:46.196962-04:00,2026-09-19T17:39:46.196962-04:00,propline_free_sample
2026-09-19,2026-09-19 18:11:00+00:00,Sean Burke,5.5,under,-133,dabble,226836,Chicago White Sox,Detroit Tigers,2026-09-19T17:54:14.675977+00:00,2026-09-19T21:39:46.196962+00:00,2026-09-19T17:39:46.196962-04:00,2026-09-19T17:39:46.196962-04:00,propline_free_sample
2026-09-19,2026-09-19 18:11:00+00:00,Jackson Jobe,4.5,over,-141,smarkets,226836,Chicago White Sox,Detroit Tigers,2026-09-19T17:34:25.481551+00:00,2026-09-19T21:39:46.196962+00:00,2026-09-19T17:39:46.196962-04:00,2026-09-19T17:39:46.196962-04:00,propline_free_sample
2026-09-19,2026-09-19 18:11:00+00:00,Jackson Jobe,4.5,under,100,smarkets,226836,Chicago White Sox,Detroit Tigers,2026-09-19T17:34:25.481551+00:00,2026-09-19T21:39:46.196962+00:00,2026-09-19T17:39:46.196962-04:00,2026-09-19T17:39:46.196962-04:00,propline_free_sample
2026-09-19,2026-09-19 18:11:00+00:00,Sean Burke,5.5,over,106,smarkets,226836,Chicago White Sox,Detroit Tigers,2026-09-19T17:38:08.262753+00:00,2026-09-19T21:39:46.196962+00:00,2026-09-19T17:39:46.196962-04:00,2026-09-19T17:39:46.196962-04:00,propline_free_sample
2026-09-19,2026-09-19 18:11:00+00:00,Sean Burke,5.5,under,-149,smarkets,226836,Chicago White Sox,Detroit Tigers,2026-09-19T17:38:08.262753+00:00,2026-09-19T21:39:46.196962+00:00,2026-09-19T17:39:46.196962-04:00,2026-09-19T17:39:46.196962-04:00,propline_free_sample
2026-09-19,2026-09-19 18:11:00+00:00,Jackson Jobe,7.5,over,-108,underdog,226836,Chicago White Sox,Detroit Tigers,2026-09-19T16:55:43.457610+00:00,2026-09-19T21:39:46.196962+00:00,2026-09-19T17:39:46.196962-04:00,2026-09-19T17:39:46.196962-04:00,propline_free_sample
2026-09-19,2026-09-19 18:11:00+00:00,Sean Burke,4.5,over,103,underdog,226836,Chicago White Sox,Detroit Tigers,2026-09-19T15:37:39.585351+00:00,2026-09-19T21:39:46.196962+00:00,2026-09-19T17:39:46.196962-04:00,2026-09-19T17:39:46.196962-04:00,propline_free_sample
2026-09-19,2026-09-19 18:11:00+00:00,Jackson Jobe,7.5,under,-139,underdog,226836,Chicago White Sox,Detroit Tigers,2026-09-19T16:55:43.457610+00:00,2026-09-19T21:39:46.196962+00:00,2026-09-19T17:39:46.196962-04:00,2026-09-19T17:39:46.196962-04:00,propline_free_sample
2026-09-19,2026-09-19 18:11:00+00:00,Sean Burke,4.5,under,-152,underdog,226836,Chicago White Sox,Detroit Tigers,2026-09-19T15:37:39.585351+00:00,2026-09-19T21:39:46.196962+00:00,2026-09-19T17:39:46.196962-04:00,2026-09-19T17:39:46.196962-04:00,propline_free_sample
2026-09-19,2026-09-19 18:11:00+00:00,Sean Burke,6.5,under,-488,polymarket_us,226836,Chicago White Sox,Detroit Tigers,2026-09-19T17:30:53.024034+00:00,2026-09-19T21:39:46.196962+00:00,2026-09-19T17:39:46.196962-04:00,2026-09-19T17:39:46.196962-04:00,propline_free_sample
2026-09-19,2026-09-19 18:11:00+00:00,Jackson Jobe,3.5,under,9900,polymarket_us,226836,Chicago White Sox,Detroit Tigers,2026-09-19T18:07:14.003939+00:00,2026-09-19T21:39:46.196962+00:00,2026-09-19T17:39:46.196962-04:00,2026-09-19T17:39:46.196962-04:00,propline_free_sample
2026-09-19,2026-09-19 18:11:00+00:00,Sean Burke,7.5,under,-2400,polymarket_us,226836,Chicago White Sox,Detroit Tigers,2026-09-19T16:40:20.190709+00:00,2026-09-19T21:39:46.196962+00:00,2026-09-19T17:39:46.196962-04:00,2026-09-19T17:39:46.196962-04:00,propline_free_sample
2026-09-19,2026-09-19 18:11:00+00:00,Sean Burke,5.5,under,-144,polymarket_us,226836,Chicago White Sox,Detroit Tigers,2026-09-19T18:08:28.108514+00:00,2026-09-19T21:39:46.196962+00:00,2026-09-19T17:39:46.196962-04:00,2026-09-19T17:39:46.196962-04:00,propline_free_sample
2026-09-19,2026-09-19 18:11:00+00:00,Jackson Jobe,4.5,over,100,prizepicks,226836,Chicago White Sox,Detroit Tigers,2026-09-19T03:22:08.819318+00:00,2026-09-19T21:39:46.196962+00:00,2026-09-19T17:39:46.196962-04:00,2026-09-19T17:39:46.196962-04:00,propline_free_sample
2026-09-19,2026-09-19 18:11:00+00:00,Jackson Jobe,4.5,under,100,prizepicks,226836,Chicago White Sox,Detroit Tigers,2026-09-19T03:22:08.819318+00:00,2026-09-19T21:39:46.196962+00:00,2026-09-19T17:39:46.196962-04:00,2026-09-19T17:39:46.196962-04:00,propline_free_sample
2026-09-19,2026-09-19 18:11:00+00:00,Jackson Jobe,5.5,over,100,prizepicks,226836,Chicago White Sox,Detroit Tigers,2026-09-19T03:22:08.819318+00:00,2026-09-19T21:39:46.196962+00:00,2026-09-19T17:39:46.196962-04:00,2026-09-19T17:39:46.196962-04:00,propline_free_sample
2026-09-19,2026-09-19 18:11:00+00:00,Sean Burke,5.5,over,100,prizepicks,226836,Chicago White Sox,Detroit Tigers,2026-09-19T03:22:08.819318+00:00,2026-09-19T21:39:46.196962+00:00,2026-09-19T17:39:46.196962-04:00,2026-09-19T17:39:46.196962-04:00,propline_free_sample
2026-09-19,2026-09-19 18:11:00+00:00,Jackson Jobe,5.5,under,100,prizepicks,226836,Chicago White Sox,Detroit Tigers,2026-09-19T03:22:08.819318+00:00,2026-09-19T21:39:46.196962+00:00,2026-09-19T17:39:46.196962-04:00,2026-09-19T17:39:46.196962-04:00,propline_free_sample
2026-09-19,2026-09-19 18:11:00+00:00,Sean Burke,5.5,under,100,prizepicks,226836,Chicago White Sox,Detroit Tigers,2026-09-19T03:22:08.819318+00:00,2026-09-19T21:39:46.196962+00:00,2026-09-19T17:39:46.196962-04:00,2026-09-19T17:39:46.196962-04:00,propline_free_sample
2026-09-19,2026-09-19 18:11:00+00:00,Jackson Jobe,6.5,over,100,prizepicks,226836,Chicago White Sox,Detroit Tigers,2026-09-19T03:22:08.819318+00:00,2026-09-19T21:39:46.196962+00:00,2026-09-19T17:39:46.196962-04:00,2026-09-19T17:39:46.196962-04:00,propline_free_sample
2026-09-19,2026-09-19 18:11:00+00:00,Sean Burke,6.5,over,100,prizepicks,226836,Chicago White Sox,Detroit Tigers,2026-09-19T03:22:08.819318+00:00,2026-09-19T21:39:46.196962+00:00,2026-09-19T17:39:46.196962-04:00,2026-09-19T17:39:46.196962-04:00,propline_free_sample
2026-09-19,2026-09-19 18:11:00+00:00,Jackson Jobe,6.5,under,100,prizepicks,226836,Chicago White Sox,Detroit Tigers,2026-09-19T03:22:08.819318+00:00,2026-09-19T21:39:46.196962+00:00,2026-09-19T17:39:46.196962-04:00,2026-09-19T17:39:46.196962-04:00,propline_free_sample
2026-09-19,2026-09-19 18:11:00+00:00,Sean Burke,6.5,under,100,prizepicks,226836,Chicago White Sox,Detroit Tigers,2026-09-19T03:22:08.819318+00:00,2026-09-19T21:39:46.196962+00:00,2026-09-19T17:39:46.196962-04:00,2026-09-19T17:39:46.196962-04:00,propline_free_sample
2026-09-19,2026-09-19 18:11:00+00:00,Jackson Jobe,7.5,over,100,prizepicks,226836,Chicago White Sox,Detroit Tigers,2026-09-19T03:22:08.819318+00:00,2026-09-19T21:39:46.196962+00:00,2026-09-19T17:39:46.196962-04:00,2026-09-19T17:39:46.196962-04:00,propline_free_sample
2026-09-19,2026-09-19 18:11:00+00:00,Sean Burke,7.5,over,100,prizepicks,226836,Chicago White Sox,Detroit Tigers,2026-09-19T03:22:08.819318+00:00,2026-09-19T21:39:46.196962+00:00,2026-09-19T17:39:46.196962-04:00,2026-09-19T17:39:46.196962-04:00,propline_free_sample
2026-09-19,2026-09-19 18:11:00+00:00,Sean Burke,7.5,under,100,prizepicks,226836,Chicago White Sox,Detroit Tigers,2026-09-19T03:22:08.819318+00:00,2026-09-19T21:39:46.196962+00:00,2026-09-19T17:39:46.196962-04:00,2026-09-19T17:39:46.196962-04:00,propline_free_sample
2026-09-19,2026-09-19 18:11:00+00:00,Sean Burke,8.5,over,100,prizepicks,226836,Chicago White Sox,Detroit Tigers,2026-09-19T03:22:08.819318+00:00,2026-09-19T21:39:46.196962+00:00,2026-09-19T17:39:46.196962-04:00,2026-09-19T17:39:46.196962-04:00,propline_free_sample
2026-09-19,2026-09-19 18:11:00+00:00,Jackson Jobe,2.5,over,100,prizepicks,226836,Chicago White Sox,Detroit Tigers,2026-09-19T03:22:08.819318+00:00,2026-09-19T21:39:46.196962+00:00,2026-09-19T17:39:46.196962-04:00,2026-09-19T17:39:46.196962-04:00,propline_free_sample
2026-09-19,2026-09-19 18:11:00+00:00,Jackson Jobe,2.5,under,100,prizepicks,226836,Chicago White Sox,Detroit Tigers,2026-09-19T03:22:08.819318+00:00,2026-09-19T21:39:46.196962+00:00,2026-09-19T17:39:46.196962-04:00,2026-09-19T17:39:46.196962-04:00,propline_free_sample
2026-09-19,2026-09-19 18:11:00+00:00,Jackson Jobe,3.5,over,100,prizepicks,226836,Chicago White Sox,Detroit Tigers,2026-09-19T03:22:08.819318+00:00,2026-09-19T21:39:46.196962+00:00,2026-09-19T17:39:46.196962-04:00,2026-09-19T17:39:46.196962-04:00,propline_free_sample
2026-09-19,2026-09-19 18:11:00+00:00,Sean Burke,3.5,over,100,prizepicks,226836,Chicago White Sox,Detroit Tigers,2026-09-19T03:22:08.819318+00:00,2026-09-19T21:39:46.196962+00:00,2026-09-19T17:39:46.196962-04:00,2026-09-19T17:39:46.196962-04:00,propline_free_sample
2026-09-19,2026-09-19 18:11:00+00:00,Jackson Jobe,3.5,under,100,prizepicks,226836,Chicago White Sox,Detroit Tigers,2026-09-19T03:22:08.819318+00:00,2026-09-19T21:39:46.196962+00:00,2026-09-19T17:39:46.196962-04:00,2026-09-19T17:39:46.196962-04:00,propline_free_sample
2026-09-19,2026-09-19 18:11:00+00:00,Sean Burke,3.5,under,100,prizepicks,226836,Chicago White Sox,Detroit Tigers,2026-09-19T03:22:08.819318+00:00,2026-09-19T21:39:46.196962+00:00,2026-09-19T17:39:46.196962-04:00,2026-09-19T17:39:46.196962-04:00,propline_free_sample
2026-09-19,2026-09-19 18:11:00+00:00,Sean Burke,4.5,over,100,prizepicks,226836,Chicago White Sox,Detroit Tigers,2026-09-19T03:22:08.819318+00:00,2026-09-19T21:39:46.196962+00:00,2026-09-19T17:39:46.196962-04:00,2026-09-19T17:39:46.196962-04:00,propline_free_sample
2026-09-19,2026-09-19 18:11:00+00:00,Sean Burke,4.5,under,100,prizepicks,226836,Chicago White Sox,Detroit Tigers,2026-09-19T03:22:08.819318+00:00,2026-09-19T21:39:46.196962+00:00,2026-09-19T17:39:46.196962-04:00,2026-09-19T17:39:46.196962-04:00,propline_free_sample
2026-09-19,2026-09-19 18:11:00+00:00,Jackson Jobe,4.5,under,9900,polymarket_us,226836,Chicago White Sox,Detroit Tigers,2026-09-19T17:18:47.004471+00:00,2026-09-19T21:39:46.196962+00:00,2026-09-19T17:39:46.196962-04:00,2026-09-19T17:39:46.196962-04:00,propline_free_sample
2026-09-19,2026-09-19 18:11:00+00:00,Sean Burke,5.5,over,-107,draftkings,226836,Chicago White Sox,Detroit Tigers,2026-09-19T15:34:41.518204+00:00,2026-09-19T21:39:46.196962+00:00,2026-09-19T17:39:46.196962-04:00,2026-09-19T17:39:46.196962-04:00,propline_free_sample
2026-09-19,2026-09-19 18:11:00+00:00,Sean Burke,5.5,under,-119,draftkings,226836,Chicago White Sox,Detroit Tigers,2026-09-19T15:34:41.518204+00:00,2026-09-19T21:39:46.196962+00:00,2026-09-19T17:39:46.196962-04:00,2026-09-19T17:39:46.196962-04:00,propline_free_sample
2026-09-19,2026-09-19 18:11:00+00:00,Jackson Jobe,4.5,over,-132,draftkings,226836,Chicago White Sox,Detroit Tigers,2026-09-19T16:27:52.836046+00:00,2026-09-19T21:39:46.196962+00:00,2026-09-19T17:39:46.196962-04:00,2026-09-19T17:39:46.196962-04:00,propline_free_sample
2026-09-19,2026-09-19 18:11:00+00:00,Jackson Jobe,4.5,under,103,draftkings,226836,Chicago White Sox,Detroit Tigers,2026-09-19T16:27:52.836046+00:00,2026-09-19T21:39:46.196962+00:00,2026-09-19T17:39:46.196962-04:00,2026-09-19T17:39:46.196962-04:00,propline_free_sample
2026-09-19,2026-09-19 18:11:00+00:00,Sean Burke,5.5,over,110,onexbet,226836,Chicago White Sox,Detroit Tigers,2026-09-19T17:11:57.183724+00:00,2026-09-19T21:39:46.196962+00:00,2026-09-19T17:39:46.196962-04:00,2026-09-19T17:39:46.196962-04:00,propline_free_sample
2026-09-19,2026-09-19 18:11:00+00:00,Sean Burke,5.5,under,-150,onexbet,226836,Chicago White Sox,Detroit Tigers,2026-09-19T17:11:57.183724+00:00,2026-09-19T21:39:46.196962+00:00,2026-09-19T17:39:46.196962-04:00,2026-09-19T17:39:46.196962-04:00,propline_free_sample
2026-09-19,2026-09-19 18:11:00+00:00,Jackson Jobe,6.5,under,9900,polymarket_us,226836,Chicago White Sox,Detroit Tigers,2026-09-19T17:42:55.908506+00:00,2026-09-19T21:39:46.196962+00:00,2026-09-19T17:39:46.196962-04:00,2026-09-19T17:39:46.196962-04:00,propline_free_sample
2026-09-19,2026-09-19 18:11:00+00:00,Jackson Jobe,4.5,over,-115,onexbet,226836,Chicago White Sox,Detroit Tigers,2026-09-19T17:11:57.183724+00:00,2026-09-19T21:39:46.196962+00:00,2026-09-19T17:39:46.196962-04:00,2026-09-19T17:39:46.196962-04:00,propline_free_sample
2026-09-19,2026-09-19 18:11:00+00:00,Jackson Jobe,4.5,under,-115,onexbet,226836,Chicago White Sox,Detroit Tigers,2026-09-19T17:11:57.183724+00:00,2026-09-19T21:39:46.196962+00:00,2026-09-19T17:39:46.196962-04:00,2026-09-19T17:39:46.196962-04:00,propline_free_sample
2026-09-19,2026-09-19 18:11:00+00:00,Jackson Jobe,7.5,under,-170,polymarket_us,226836,Chicago White Sox,Detroit Tigers,2026-09-19T17:01:57.549407+00:00,2026-09-19T21:39:46.196962+00:00,2026-09-19T17:39:46.196962-04:00,2026-09-19T17:39:46.196962-04:00,propline_free_sample
2026-09-19,2026-09-19 18:11:00+00:00,Jackson Jobe,1.5,over,-4900,kalshi,226836,Chicago White Sox,Detroit Tigers,2026-09-19T18:05:06.571878+00:00,2026-09-19T21:39:46.196962+00:00,2026-09-19T17:39:46.196962-04:00,2026-09-19T17:39:46.196962-04:00,propline_free_sample
2026-09-19,2026-09-19 18:11:00+00:00,Jackson Jobe,2.5,over,-1329,kalshi,226836,Chicago White Sox,Detroit Tigers,2026-09-19T18:10:54.093023+00:00,2026-09-19T21:39:46.196962+00:00,2026-09-19T17:39:46.196962-04:00,2026-09-19T17:39:46.196962-04:00,propline_free_sample
2026-09-19,2026-09-19 18:11:00+00:00,Sean Burke,2.5,over,-9900,kalshi,226836,Chicago White Sox,Detroit Tigers,2026-09-19T18:10:49.600798+00:00,2026-09-19T21:39:46.196962+00:00,2026-09-19T17:39:46.196962-04:00,2026-09-19T17:39:46.196962-04:00,propline_free_sample
2026-09-19,2026-09-19 18:11:00+00:00,Sean Burke,2.5,under,9900,kalshi,226836,Chicago White Sox,Detroit Tigers,2026-09-19T18:10:49.600798+00:00,2026-09-19T21:39:46.196962+00:00,2026-09-19T17:39:46.196962-04:00,2026-09-19T17:39:46.196962-04:00,propline_free_sample
2026-09-19,2026-09-19 18:11:00+00:00,Jackson Jobe,3.5,over,-2400,kalshi,226836,Chicago White Sox,Detroit Tigers,2026-09-19T18:10:54.093023+00:00,2026-09-19T21:39:46.196962+00:00,2026-09-19T17:39:46.196962-04:00,2026-09-19T17:39:46.196962-04:00,propline_free_sample
2026-09-19,2026-09-19 18:11:00+00:00,Sean Burke,3.5,over,-9900,kalshi,226836,Chicago White Sox,Detroit Tigers,2026-09-19T18:10:49.600798+00:00,2026-09-19T21:39:46.196962+00:00,2026-09-19T17:39:46.196962-04:00,2026-09-19T17:39:46.196962-04:00,propline_free_sample
2026-09-19,2026-09-19 18:11:00+00:00,Jackson Jobe,4.5,over,-9900,kalshi,226836,Chicago White Sox,Detroit Tigers,2026-09-19T18:10:54.093023+00:00,2026-09-19T21:39:46.196962+00:00,2026-09-19T17:39:46.196962-04:00,2026-09-19T17:39:46.196962-04:00,propline_free_sample
2026-09-19,2026-09-19 18:11:00+00:00,Sean Burke,4.5,over,-3233,kalshi,226836,Chicago White Sox,Detroit Tigers,2026-09-19T18:10:03.593171+00:00,2026-09-19T21:39:46.196962+00:00,2026-09-19T17:39:46.196962-04:00,2026-09-19T17:39:46.196962-04:00,propline_free_sample
2026-09-19,2026-09-19 18:11:00+00:00,Jackson Jobe,5.5,over,-9900,kalshi,226836,Chicago White Sox,Detroit Tigers,2026-09-19T18:10:54.093023+00:00,2026-09-19T21:39:46.196962+00:00,2026-09-19T17:39:46.196962-04:00,2026-09-19T17:39:46.196962-04:00,propline_free_sample
2026-09-19,2026-09-19 18:11:00+00:00,Sean Burke,5.5,over,9900,kalshi,226836,Chicago White Sox,Detroit Tigers,2026-09-19T18:10:49.069850+00:00,2026-09-19T21:39:46.196962+00:00,2026-09-19T17:39:46.196962-04:00,2026-09-19T17:39:46.196962-04:00,propline_free_sample
2026-09-19,2026-09-19 18:11:00+00:00,Jackson Jobe,6.5,over,-203,kalshi,226836,Chicago White Sox,Detroit Tigers,2026-09-19T18:10:54.093023+00:00,2026-09-19T21:39:46.196962+00:00,2026-09-19T17:39:46.196962-04:00,2026-09-19T17:39:46.196962-04:00,propline_free_sample
2026-09-19,2026-09-19 18:11:00+00:00,Sean Burke,6.5,over,9900,kalshi,226836,Chicago White Sox,Detroit Tigers,2026-09-19T18:10:54.093023+00:00,2026-09-19T21:39:46.196962+00:00,2026-09-19T17:39:46.196962-04:00,2026-09-19T17:39:46.196962-04:00,propline_free_sample
2026-09-19,2026-09-19 18:11:00+00:00,Jackson Jobe,7.5,over,-567,kalshi,226836,Chicago White Sox,Detroit Tigers,2026-09-19T18:09:22.777860+00:00,2026-09-19T21:39:46.196962+00:00,2026-09-19T17:39:46.196962-04:00,2026-09-19T17:39:46.196962-04:00,propline_free_sample
2026-09-19,2026-09-19 18:11:00+00:00,Sean Burke,7.5,over,9900,kalshi,226836,Chicago White Sox,Detroit Tigers,2026-09-19T18:10:54.093023+00:00,2026-09-19T21:39:46.196962+00:00,2026-09-19T17:39:46.196962-04:00,2026-09-19T17:39:46.196962-04:00,propline_free_sample
2026-09-19,2026-09-19 18:11:00+00:00,Jackson Jobe,8.5,over,-113,kalshi,226836,Chicago White Sox,Detroit Tigers,2026-09-19T17:58:05.151970+00:00,2026-09-19T21:39:46.196962+00:00,2026-09-19T17:39:46.196962-04:00,2026-09-19T17:39:46.196962-04:00,propline_free_sample
2026-09-19,2026-09-19 18:11:00+00:00,Sean Burke,8.5,over,9900,kalshi,226836,Chicago White Sox,Detroit Tigers,2026-09-19T18:10:54.093023+00:00,2026-09-19T21:39:46.196962+00:00,2026-09-19T17:39:46.196962-04:00,2026-09-19T17:39:46.196962-04:00,propline_free_sample
2026-09-19,2026-09-19 18:11:00+00:00,Jackson Jobe,4.5,under,9900,kalshi,226836,Chicago White Sox,Detroit Tigers,2026-09-19T18:10:54.093023+00:00,2026-09-19T21:39:46.196962+00:00,2026-09-19T17:39:46.196962-04:00,2026-09-19T17:39:46.196962-04:00,propline_free_sample
2026-09-19,2026-09-19 18:11:00+00:00,Sean Burke,5.5,under,-1150,kalshi,226836,Chicago White Sox,Detroit Tigers,2026-09-19T18:00:29.577335+00:00,2026-09-19T21:39:46.196962+00:00,2026-09-19T17:39:46.196962-04:00,2026-09-19T17:39:46.196962-04:00,propline_free_sample
2026-09-19,2026-09-19 18:11:00+00:00,Jackson Jobe,2.5,under,9900,kalshi,226836,Chicago White Sox,Detroit Tigers,2026-09-19T18:05:43.355745+00:00,2026-09-19T21:39:46.196962+00:00,2026-09-19T17:39:46.196962-04:00,2026-09-19T17:39:46.196962-04:00,propline_free_sample
2026-09-19,2026-09-19 18:11:00+00:00,Jackson Jobe,3.5,under,9900,kalshi,226836,Chicago White Sox,Detroit Tigers,2026-09-19T18:10:54.093023+00:00,2026-09-19T21:39:46.196962+00:00,2026-09-19T17:39:46.196962-04:00,2026-09-19T17:39:46.196962-04:00,propline_free_sample
2026-09-19,2026-09-19 18:11:00+00:00,Sean Burke,3.5,under,9900,kalshi,226836,Chicago White Sox,Detroit Tigers,2026-09-19T18:10:49.600798+00:00,2026-09-19T21:39:46.196962+00:00,2026-09-19T17:39:46.196962-04:00,2026-09-19T17:39:46.196962-04:00,propline_free_sample
2026-09-19,2026-09-19 18:11:00+00:00,Sean Burke,4.5,under,9900,kalshi,226836,Chicago White Sox,Detroit Tigers,2026-09-19T18:10:49.600798+00:00,2026-09-19T21:39:46.196962+00:00,2026-09-19T17:39:46.196962-04:00,2026-09-19T17:39:46.196962-04:00,propline_free_sample
2026-09-19,2026-09-19 18:11:00+00:00,Jackson Jobe,5.5,under,9900,kalshi,226836,Chicago White Sox,Detroit Tigers,2026-09-19T18:10:54.093023+00:00,2026-09-19T21:39:46.196962+00:00,2026-09-19T17:39:46.196962-04:00,2026-09-19T17:39:46.196962-04:00,propline_free_sample
2026-09-19,2026-09-19 18:11:00+00:00,Jackson Jobe,6.5,under,9900,kalshi,226836,Chicago White Sox,Detroit Tigers,2026-09-19T18:10:03.593171+00:00,2026-09-19T21:39:46.196962+00:00,2026-09-19T17:39:46.196962-04:00,2026-09-19T17:39:46.196962-04:00,propline_free_sample
2026-09-19,2026-09-19 18:11:00+00:00,Sean Burke,6.5,under,-1567,kalshi,226836,Chicago White Sox,Detroit Tigers,2026-09-19T18:10:54.093023+00:00,2026-09-19T21:39:46.196962+00:00,2026-09-19T17:39:46.196962-04:00,2026-09-19T17:39:46.196962-04:00,propline_free_sample
2026-09-19,2026-09-19 18:11:00+00:00,Sean Burke,7.5,under,-9900,kalshi,226836,Chicago White Sox,Detroit Tigers,2026-09-19T18:10:54.093023+00:00,2026-09-19T21:39:46.196962+00:00,2026-09-19T17:39:46.196962-04:00,2026-09-19T17:39:46.196962-04:00,propline_free_sample
2026-09-19,2026-09-19 18:11:00+00:00,Jackson Jobe,1.5,under,9900,kalshi,226836,Chicago White Sox,Detroit Tigers,2026-09-19T18:10:49.600798+00:00,2026-09-19T21:39:46.196962+00:00,2026-09-19T17:39:46.196962-04:00,2026-09-19T17:39:46.196962-04:00,propline_free_sample
2026-09-19,2026-09-19 18:11:00+00:00,Jackson Jobe,4.5,over,-138,rebet,226836,Chicago White Sox,Detroit Tigers,2026-09-19T17:40:23.066872+00:00,2026-09-19T21:39:46.196962+00:00,2026-09-19T17:39:46.196962-04:00,2026-09-19T17:39:46.196962-04:00,propline_free_sample
2026-09-19,2026-09-19 18:11:00+00:00,Jackson Jobe,4.5,under,100,rebet,226836,Chicago White Sox,Detroit Tigers,2026-09-19T17:40:23.066872+00:00,2026-09-19T21:39:46.196962+00:00,2026-09-19T17:39:46.196962-04:00,2026-09-19T17:39:46.196962-04:00,propline_free_sample
2026-09-19,2026-09-19 18:11:00+00:00,Sean Burke,5.5,over,-111,rebet,226836,Chicago White Sox,Detroit Tigers,2026-09-19T17:00:37.787080+00:00,2026-09-19T21:39:46.196962+00:00,2026-09-19T17:39:46.196962-04:00,2026-09-19T17:39:46.196962-04:00,propline_free_sample
2026-09-19,2026-09-19 18:11:00+00:00,Sean Burke,5.5,under,-124,rebet,226836,Chicago White Sox,Detroit Tigers,2026-09-19T17:00:37.787080+00:00,2026-09-19T21:39:46.196962+00:00,2026-09-19T17:39:46.196962-04:00,2026-09-19T17:39:46.196962-04:00,propline_free_sample
2026-09-19,2026-09-19 18:11:00+00:00,Jackson Jobe,4.5,over,-151,pinnacle,226836,Chicago White Sox,Detroit Tigers,2026-09-19T17:43:31.976506+00:00,2026-09-19T21:39:46.196962+00:00,2026-09-19T17:39:46.196962-04:00,2026-09-19T17:39:46.196962-04:00,propline_free_sample
2026-09-19,2026-09-19 18:11:00+00:00,Jackson Jobe,4.5,under,114,pinnacle,226836,Chicago White Sox,Detroit Tigers,2026-09-19T17:43:31.976506+00:00,2026-09-19T21:39:46.196962+00:00,2026-09-19T17:39:46.196962-04:00,2026-09-19T17:39:46.196962-04:00,propline_free_sample
2026-09-19,2026-09-19 18:11:00+00:00,Sean Burke,5.5,over,-106,pinnacle,226836,Chicago White Sox,Detroit Tigers,2026-09-19T17:13:40.054763+00:00,2026-09-19T21:39:46.196962+00:00,2026-09-19T17:39:46.196962-04:00,2026-09-19T17:39:46.196962-04:00,propline_free_sample
2026-09-19,2026-09-19 18:11:00+00:00,Sean Burke,5.5,under,-125,pinnacle,226836,Chicago White Sox,Detroit Tigers,2026-09-19T15:28:08.987623+00:00,2026-09-19T21:39:46.196962+00:00,2026-09-19T17:39:46.196962-04:00,2026-09-19T17:39:46.196962-04:00,propline_free_sample
2026-09-19,2026-09-19 18:11:00+00:00,Jackson Jobe,7.5,under,9900,kalshi,226836,Chicago White Sox,Detroit Tigers,2026-09-19T18:10:03.593171+00:00,2026-09-19T21:39:46.196962+00:00,2026-09-19T17:39:46.196962-04:00,2026-09-19T17:39:46.196962-04:00,propline_free_sample
2026-09-19,2026-09-19 18:11:00+00:00,Jackson Jobe,3.5,over,-488,novig,226836,Chicago White Sox,Detroit Tigers,2026-09-19T18:10:52.400558+00:00,2026-09-19T21:39:46.196962+00:00,2026-09-19T17:39:46.196962-04:00,2026-09-19T17:39:46.196962-04:00,propline_free_sample
2026-09-19,2026-09-19 18:11:00+00:00,Jackson Jobe,3.5,under,-99900,novig,226836,Chicago White Sox,Detroit Tigers,2026-09-19T18:10:52.400558+00:00,2026-09-19T21:39:46.196962+00:00,2026-09-19T17:39:46.196962-04:00,2026-09-19T17:39:46.196962-04:00,propline_free_sample
2026-09-19,2026-09-19 18:11:00+00:00,Sean Burke,4.5,over,-99900,novig,226836,Chicago White Sox,Detroit Tigers,2026-09-19T18:10:52.400558+00:00,2026-09-19T21:39:46.196962+00:00,2026-09-19T17:39:46.196962-04:00,2026-09-19T17:39:46.196962-04:00,propline_free_sample
2026-09-19,2026-09-19 18:11:00+00:00,Sean Burke,4.5,under,-99900,novig,226836,Chicago White Sox,Detroit Tigers,2026-09-19T18:10:52.400558+00:00,2026-09-19T21:39:46.196962+00:00,2026-09-19T17:39:46.196962-04:00,2026-09-19T17:39:46.196962-04:00,propline_free_sample
2026-09-19,2026-09-19 18:11:00+00:00,Jackson Jobe,8.5,over,100,prizepicks,226836,Chicago White Sox,Detroit Tigers,2026-09-19T07:29:00.018268+00:00,2026-09-19T21:39:46.196962+00:00,2026-09-19T17:39:46.196962-04:00,2026-09-19T17:39:46.196962-04:00,propline_free_sample
2026-09-19,2026-09-19 18:11:00+00:00,Sean Burke,5.5,over,100,prizepicks,226836,Chicago White Sox,Detroit Tigers,2026-09-19T15:49:47.328577+00:00,2026-09-19T21:39:46.196962+00:00,2026-09-19T17:39:46.196962-04:00,2026-09-19T17:39:46.196962-04:00,propline_free_sample
2026-09-19,2026-09-19 18:11:00+00:00,Sean Burke,5.5,under,100,prizepicks,226836,Chicago White Sox,Detroit Tigers,2026-09-19T15:49:47.328577+00:00,2026-09-19T21:39:46.196962+00:00,2026-09-19T17:39:46.196962-04:00,2026-09-19T17:39:46.196962-04:00,propline_free_sample
2026-09-19,2026-09-19 18:11:00+00:00,Sean Burke,5.0,over,118,prophetx,226836,Chicago White Sox,Detroit Tigers,2026-09-19T09:52:04.306831+00:00,2026-09-19T21:39:46.196962+00:00,2026-09-19T17:39:46.196962-04:00,2026-09-19T17:39:46.196962-04:00,propline_free_sample
2026-09-19,2026-09-19 18:11:00+00:00,Sean Burke,5.0,under,-140,prophetx,226836,Chicago White Sox,Detroit Tigers,2026-09-19T09:52:04.306831+00:00,2026-09-19T21:39:46.196962+00:00,2026-09-19T17:39:46.196962-04:00,2026-09-19T17:39:46.196962-04:00,propline_free_sample
2026-09-19,2026-09-19 18:11:00+00:00,Jackson Jobe,7.5,over,130,betmgm,226836,Chicago White Sox,Detroit Tigers,2026-09-19T15:40:28.362874+00:00,2026-09-19T21:39:46.196962+00:00,2026-09-19T17:39:46.196962-04:00,2026-09-19T17:39:46.196962-04:00,propline_free_sample
2026-09-19,2026-09-19 18:11:00+00:00,Jackson Jobe,7.5,under,-175,betmgm,226836,Chicago White Sox,Detroit Tigers,2026-09-19T15:40:28.362874+00:00,2026-09-19T21:39:46.196962+00:00,2026-09-19T17:39:46.196962-04:00,2026-09-19T17:39:46.196962-04:00,propline_free_sample
2026-09-19,2026-09-19 18:11:00+00:00,Sean Burke,6.5,over,105,betmgm,226836,Chicago White Sox,Detroit Tigers,2026-09-19T16:42:37.316519+00:00,2026-09-19T21:39:46.196962+00:00,2026-09-19T17:39:46.196962-04:00,2026-09-19T17:39:46.196962-04:00,propline_free_sample
2026-09-19,2026-09-19 18:11:00+00:00,Sean Burke,6.5,under,-140,betmgm,226836,Chicago White Sox,Detroit Tigers,2026-09-19T16:42:37.316519+00:00,2026-09-19T21:39:46.196962+00:00,2026-09-19T17:39:46.196962-04:00,2026-09-19T17:39:46.196962-04:00,propline_free_sample
2026-09-19,2026-09-19 18:11:00+00:00,Jackson Jobe,5.5,over,-400,novig,226836,Chicago White Sox,Detroit Tigers,2026-09-19T18:08:09.424177+00:00,2026-09-19T21:39:46.196962+00:00,2026-09-19T17:39:46.196962-04:00,2026-09-19T17:39:46.196962-04:00,propline_free_sample
2026-09-19,2026-09-19 18:11:00+00:00,Jackson Jobe,5.5,under,-99900,novig,226836,Chicago White Sox,Detroit Tigers,2026-09-19T18:09:25.121018+00:00,2026-09-19T21:39:46.196962+00:00,2026-09-19T17:39:46.196962-04:00,2026-09-19T17:39:46.196962-04:00,propline_free_sample
2026-09-19,2026-09-19 18:11:00+00:00,Sean Burke,6.5,over,-292,novig,226836,Chicago White Sox,Detroit Tigers,2026-09-19T18:10:52.400558+00:00,2026-09-19T21:39:46.196962+00:00,2026-09-19T17:39:46.196962-04:00,2026-09-19T17:39:46.196962-04:00,propline_free_sample
2026-09-19,2026-09-19 18:11:00+00:00,Sean Burke,6.5,under,-99900,novig,226836,Chicago White Sox,Detroit Tigers,2026-09-19T18:10:52.400558+00:00,2026-09-19T21:39:46.196962+00:00,2026-09-19T17:39:46.196962-04:00,2026-09-19T17:39:46.196962-04:00,propline_free_sample
2026-09-19,2026-09-19 18:11:00+00:00,Sean Burke,8.5,under,-3233,kalshi,226836,Chicago White Sox,Detroit Tigers,2026-09-19T18:10:54.093023+00:00,2026-09-19T21:39:46.196962+00:00,2026-09-19T17:39:46.196962-04:00,2026-09-19T17:39:46.196962-04:00,propline_free_sample
2026-09-19,2026-09-19 18:11:00+00:00,Jackson Jobe,8.5,under,9900,kalshi,226836,Chicago White Sox,Detroit Tigers,2026-09-19T18:09:38.584183+00:00,2026-09-19T21:39:46.196962+00:00,2026-09-19T17:39:46.196962-04:00,2026-09-19T17:39:46.196962-04:00,propline_free_sample
2026-09-19,2026-09-19 18:11:00+00:00,Jackson Jobe (DET),4.5,over,-140,betonlineag,226836,Chicago White Sox,Detroit Tigers,2026-09-19T17:39:14.665754+00:00,2026-09-19T21:39:46.196962+00:00,2026-09-19T17:39:46.196962-04:00,2026-09-19T17:39:46.196962-04:00,propline_free_sample
2026-09-19,2026-09-19 18:11:00+00:00,Jackson Jobe (DET),4.5,under,100,betonlineag,226836,Chicago White Sox,Detroit Tigers,2026-09-19T17:39:14.665754+00:00,2026-09-19T21:39:46.196962+00:00,2026-09-19T17:39:46.196962-04:00,2026-09-19T17:39:46.196962-04:00,propline_free_sample
2026-09-19,2026-09-19 18:11:00+00:00,Sean Burke (CWS),5.5,over,-110,betonlineag,226836,Chicago White Sox,Detroit Tigers,2026-09-19T14:22:34.352250+00:00,2026-09-19T21:39:46.196962+00:00,2026-09-19T17:39:46.196962-04:00,2026-09-19T17:39:46.196962-04:00,propline_free_sample
2026-09-19,2026-09-19 18:11:00+00:00,Sean Burke (CWS),5.5,under,-130,betonlineag,226836,Chicago White Sox,Detroit Tigers,2026-09-19T14:22:34.352250+00:00,2026-09-19T21:39:46.196962+00:00,2026-09-19T17:39:46.196962-04:00,2026-09-19T17:39:46.196962-04:00,propline_free_sample
2026-09-19,2026-09-19 18:11:00+00:00,Jackson Jobe (DET),4.5,over,-140,lowvig,226836,Chicago White Sox,Detroit Tigers,2026-09-19T17:38:13.805032+00:00,2026-09-19T21:39:46.196962+00:00,2026-09-19T17:39:46.196962-04:00,2026-09-19T17:39:46.196962-04:00,propline_free_sample
2026-09-19,2026-09-19 18:11:00+00:00,Jackson Jobe (DET),4.5,under,100,lowvig,226836,Chicago White Sox,Detroit Tigers,2026-09-19T17:38:13.805032+00:00,2026-09-19T21:39:46.196962+00:00,2026-09-19T17:39:46.196962-04:00,2026-09-19T17:39:46.196962-04:00,propline_free_sample
2026-09-19,2026-09-19 18:11:00+00:00,Sean Burke (CWS),5.5,over,-110,lowvig,226836,Chicago White Sox,Detroit Tigers,2026-09-19T14:23:43.034485+00:00,2026-09-19T21:39:46.196962+00:00,2026-09-19T17:39:46.196962-04:00,2026-09-19T17:39:46.196962-04:00,propline_free_sample
2026-09-19,2026-09-19 18:11:00+00:00,Sean Burke (CWS),5.5,under,-130,lowvig,226836,Chicago White Sox,Detroit Tigers,2026-09-19T14:23:43.034485+00:00,2026-09-19T21:39:46.196962+00:00,2026-09-19T17:39:46.196962-04:00,2026-09-19T17:39:46.196962-04:00,propline_free_sample
2026-09-19,2026-09-19 18:11:00+00:00,Jackson Jobe (DET),7.5,over,-260,bovada,226836,Chicago White Sox,Detroit Tigers,2026-09-19T16:06:38.450845+00:00,2026-09-19T21:39:46.196962+00:00,2026-09-19T17:39:46.196962-04:00,2026-09-19T17:39:46.196962-04:00,propline_free_sample
2026-09-19,2026-09-19 18:11:00+00:00,Jackson Jobe (DET),7.5,under,190,bovada,226836,Chicago White Sox,Detroit Tigers,2026-09-19T16:06:38.450845+00:00,2026-09-19T21:39:46.196962+00:00,2026-09-19T17:39:46.196962-04:00,2026-09-19T17:39:46.196962-04:00,propline_free_sample
2026-09-19,2026-09-19 18:11:00+00:00,Sean Burke (CWS),4.5,over,-205,bovada,226836,Chicago White Sox,Detroit Tigers,2026-09-19T16:06:38.450845+00:00,2026-09-19T21:39:46.196962+00:00,2026-09-19T17:39:46.196962-04:00,2026-09-19T17:39:46.196962-04:00,propline_free_sample
2026-09-19,2026-09-19 18:11:00+00:00,Sean Burke (CWS),4.5,under,155,bovada,226836,Chicago White Sox,Detroit Tigers,2026-09-19T16:06:38.450845+00:00,2026-09-19T21:39:46.196962+00:00,2026-09-19T17:39:46.196962-04:00,2026-09-19T17:39:46.196962-04:00,propline_free_sample
2026-09-19,2026-09-19 18:11:00+00:00,Jackson Jobe,4.5,over,100,prizepicks,226836,Chicago White Sox,Detroit Tigers,2026-09-19T17:11:21.010879+00:00,2026-09-19T21:39:46.196962+00:00,2026-09-19T17:39:46.196962-04:00,2026-09-19T17:39:46.196962-04:00,propline_free_sample
2026-09-19,2026-09-19 18:11:00+00:00,Jackson Jobe,4.5,under,100,prizepicks,226836,Chicago White Sox,Detroit Tigers,2026-09-19T17:11:21.010879+00:00,2026-09-19T21:39:46.196962+00:00,2026-09-19T17:39:46.196962-04:00,2026-09-19T17:39:46.196962-04:00,propline_free_sample
2026-09-19,2026-09-19 18:11:00+00:00,Jackson Jobe,10.5,over,1750,hardrock,226836,Chicago White Sox,Detroit Tigers,,2026-09-19T21:39:46.196962+00:00,2026-09-19T17:39:46.196962-04:00,2026-09-19T17:39:46.196962-04:00,propline_free_sample
2026-09-19,2026-09-19 18:11:00+00:00,Jackson Jobe,10.5,under,-9000,hardrock,226836,Chicago White Sox,Detroit Tigers,,2026-09-19T21:39:46.196962+00:00,2026-09-19T17:39:46.196962-04:00,2026-09-19T17:39:46.196962-04:00,propline_free_sample
2026-09-18,2026-09-19 02:15:00+00:00,Cesar Perdomo,2.5,over,-156,fanduel,214254,Los Angeles Dodgers,San Francisco Giants,2026-09-18T23:11:20.108226+00:00,2026-09-19T21:39:46.196962+00:00,2026-09-19T17:39:46.196962-04:00,2026-09-19T17:39:46.196962-04:00,propline_free_sample
2026-09-18,2026-09-19 02:15:00+00:00,Cesar Perdomo,2.5,under,122,fanduel,214254,Los Angeles Dodgers,San Francisco Giants,2026-09-18T23:11:20.108226+00:00,2026-09-19T21:39:46.196962+00:00,2026-09-19T17:39:46.196962-04:00,2026-09-19T17:39:46.196962-04:00,propline_free_sample
2026-09-18,2026-09-19 02:15:00+00:00,Tyler Glasnow,6.5,over,-148,fanduel,214254,Los Angeles Dodgers,San Francisco Giants,2026-09-18T22:16:17.444171+00:00,2026-09-19T21:39:46.196962+00:00,2026-09-19T17:39:46.196962-04:00,2026-09-19T17:39:46.196962-04:00,propline_free_sample
2026-09-18,2026-09-19 02:15:00+00:00,Tyler Glasnow,6.5,under,116,fanduel,214254,Los Angeles Dodgers,San Francisco Giants,2026-09-18T22:16:17.444171+00:00,2026-09-19T21:39:46.196962+00:00,2026-09-19T17:39:46.196962-04:00,2026-09-19T17:39:46.196962-04:00,propline_free_sample
2026-09-18,2026-09-19 02:15:00+00:00,Cesar Perdomo,1.5,over,-130,fanatics,214254,Los Angeles Dodgers,San Francisco Giants,2026-09-19T01:27:36.614481+00:00,2026-09-19T21:39:46.196962+00:00,2026-09-19T17:39:46.196962-04:00,2026-09-19T17:39:46.196962-04:00,propline_free_sample
2026-09-18,2026-09-19 02:15:00+00:00,Cesar Perdomo,1.5,under,100,fanatics,214254,Los Angeles Dodgers,San Francisco Giants,2026-09-19T01:27:36.614481+00:00,2026-09-19T21:39:46.196962+00:00,2026-09-19T17:39:46.196962-04:00,2026-09-19T17:39:46.196962-04:00,propline_free_sample
2026-09-18,2026-09-19 02:15:00+00:00,Tyler Glasnow,9.5,over,-155,fanatics,214254,Los Angeles Dodgers,San Francisco Giants,2026-09-19T01:38:33.941248+00:00,2026-09-19T21:39:46.196962+00:00,2026-09-19T17:39:46.196962-04:00,2026-09-19T17:39:46.196962-04:00,propline_free_sample
2026-09-18,2026-09-19 02:15:00+00:00,Tyler Glasnow,9.5,under,115,fanatics,214254,Los Angeles Dodgers,San Francisco Giants,2026-09-19T01:38:33.941248+00:00,2026-09-19T21:39:46.196962+00:00,2026-09-19T17:39:46.196962-04:00,2026-09-19T17:39:46.196962-04:00,propline_free_sample
2026-09-18,2026-09-19 02:15:00+00:00,Cesar Perdomo,2.5,over,-4067,novig,214254,Los Angeles Dodgers,San Francisco Giants,2026-09-19T01:27:49.347030+00:00,2026-09-19T21:39:46.196962+00:00,2026-09-19T17:39:46.196962-04:00,2026-09-19T17:39:46.196962-04:00,propline_free_sample
2026-09-18,2026-09-19 02:15:00+00:00,Cesar Perdomo,2.5,under,-49900,novig,214254,Los Angeles Dodgers,San Francisco Giants,2026-09-19T01:46:38.451237+00:00,2026-09-19T21:39:46.196962+00:00,2026-09-19T17:39:46.196962-04:00,2026-09-19T17:39:46.196962-04:00,propline_free_sample
2026-09-18,2026-09-19 02:15:00+00:00,Tyler Glasnow,6.5,over,-49900,novig,214254,Los Angeles Dodgers,San Francisco Giants,2026-09-19T01:50:05.811949+00:00,2026-09-19T21:39:46.196962+00:00,2026-09-19T17:39:46.196962-04:00,2026-09-19T17:39:46.196962-04:00,propline_free_sample
2026-09-18,2026-09-19 02:15:00+00:00,Tyler Glasnow,6.5,under,113,novig,214254,Los Angeles Dodgers,San Francisco Giants,2026-09-19T02:11:50.724644+00:00,2026-09-19T21:39:46.196962+00:00,2026-09-19T17:39:46.196962-04:00,2026-09-19T17:39:46.196962-04:00,propline_free_sample
2026-09-18,2026-09-19 02:15:00+00:00,Cesar Perdomo,3.5,over,100,prizepicks,214254,Los Angeles Dodgers,San Francisco Giants,2026-09-18T00:47:03.957530+00:00,2026-09-19T21:39:46.196962+00:00,2026-09-19T17:39:46.196962-04:00,2026-09-19T17:39:46.196962-04:00,propline_free_sample
2026-09-18,2026-09-19 02:15:00+00:00,Cesar Perdomo,4.5,over,100,prizepicks,214254,Los Angeles Dodgers,San Francisco Giants,2026-09-18T00:47:03.957530+00:00,2026-09-19T21:39:46.196962+00:00,2026-09-19T17:39:46.196962-04:00,2026-09-19T17:39:46.196962-04:00,propline_free_sample
2026-09-18,2026-09-19 02:15:00+00:00,Tyler Glasnow,7.5,over,100,prizepicks,214254,Los Angeles Dodgers,San Francisco Giants,2026-09-18T00:47:03.957530+00:00,2026-09-19T21:39:46.196962+00:00,2026-09-19T17:39:46.196962-04:00,2026-09-19T17:39:46.196962-04:00,propline_free_sample
2026-09-18,2026-09-19 02:15:00+00:00,Tyler Glasnow,8.5,over,100,prizepicks,214254,Los Angeles Dodgers,San Francisco Giants,2026-09-18T00:47:03.957530+00:00,2026-09-19T21:39:46.196962+00:00,2026-09-19T17:39:46.196962-04:00,2026-09-19T17:39:46.196962-04:00,propline_free_sample
2026-09-18,2026-09-19 02:15:00+00:00,Tyler Glasnow,9.5,over,100,prizepicks,214254,Los Angeles Dodgers,San Francisco Giants,2026-09-18T00:47:03.957530+00:00,2026-09-19T21:39:46.196962+00:00,2026-09-19T17:39:46.196962-04:00,2026-09-19T17:39:46.196962-04:00,propline_free_sample
2026-09-18,2026-09-19 02:15:00+00:00,Cesar Perdomo,2.5,over,100,prizepicks,214254,Los Angeles Dodgers,San Francisco Giants,2026-09-18T00:47:03.957530+00:00,2026-09-19T21:39:46.196962+00:00,2026-09-19T17:39:46.196962-04:00,2026-09-19T17:39:46.196962-04:00,propline_free_sample
2026-09-18,2026-09-19 02:15:00+00:00,Cesar Perdomo,2.5,under,100,prizepicks,214254,Los Angeles Dodgers,San Francisco Giants,2026-09-18T00:47:03.957530+00:00,2026-09-19T21:39:46.196962+00:00,2026-09-19T17:39:46.196962-04:00,2026-09-19T17:39:46.196962-04:00,propline_free_sample
2026-09-18,2026-09-19 02:15:00+00:00,Tyler Glasnow,4.5,over,100,prizepicks,214254,Los Angeles Dodgers,San Francisco Giants,2026-09-18T00:47:03.957530+00:00,2026-09-19T21:39:46.196962+00:00,2026-09-19T17:39:46.196962-04:00,2026-09-19T17:39:46.196962-04:00,propline_free_sample
2026-09-18,2026-09-19 02:15:00+00:00,Tyler Glasnow,5.5,over,100,prizepicks,214254,Los Angeles Dodgers,San Francisco Giants,2026-09-18T00:47:03.957530+00:00,2026-09-19T21:39:46.196962+00:00,2026-09-19T17:39:46.196962-04:00,2026-09-19T17:39:46.196962-04:00,propline_free_sample
2026-09-18,2026-09-19 02:15:00+00:00,Tyler Glasnow,6.5,over,100,prizepicks,214254,Los Angeles Dodgers,San Francisco Giants,2026-09-18T00:47:03.957530+00:00,2026-09-19T21:39:46.196962+00:00,2026-09-19T17:39:46.196962-04:00,2026-09-19T17:39:46.196962-04:00,propline_free_sample
2026-09-18,2026-09-19 02:15:00+00:00,Tyler Glasnow,6.5,under,100,prizepicks,214254,Los Angeles Dodgers,San Francisco Giants,2026-09-18T00:47:03.957530+00:00,2026-09-19T21:39:46.196962+00:00,2026-09-19T17:39:46.196962-04:00,2026-09-19T17:39:46.196962-04:00,propline_free_sample
2026-09-18,2026-09-19 02:15:00+00:00,Cesar Perdomo,2.5,over,-175,sleeper,214254,Los Angeles Dodgers,San Francisco Giants,2026-09-19T01:23:28.062803+00:00,2026-09-19T21:39:46.196962+00:00,2026-09-19T17:39:46.196962-04:00,2026-09-19T17:39:46.196962-04:00,propline_free_sample
2026-09-18,2026-09-19 02:15:00+00:00,Tyler Glasnow,6.5,over,-167,sleeper,214254,Los Angeles Dodgers,San Francisco Giants,2026-09-19T01:41:01.157039+00:00,2026-09-19T21:39:46.196962+00:00,2026-09-19T17:39:46.196962-04:00,2026-09-19T17:39:46.196962-04:00,propline_free_sample
2026-09-18,2026-09-19 02:15:00+00:00,Cesar Perdomo,2.5,under,106,sleeper,214254,Los Angeles Dodgers,San Francisco Giants,2026-09-19T01:23:28.062803+00:00,2026-09-19T21:39:46.196962+00:00,2026-09-19T17:39:46.196962-04:00,2026-09-19T17:39:46.196962-04:00,propline_free_sample
2026-09-18,2026-09-19 02:15:00+00:00,Tyler Glasnow,6.5,under,101,sleeper,214254,Los Angeles Dodgers,San Francisco Giants,2026-09-19T01:41:01.157039+00:00,2026-09-19T21:39:46.196962+00:00,2026-09-19T17:39:46.196962-04:00,2026-09-19T17:39:46.196962-04:00,propline_free_sample
2026-09-18,2026-09-19 02:15:00+00:00,Cesar Perdomo,2.5,over,-146,prophetx,214254,Los Angeles Dodgers,San Francisco Giants,2026-09-19T02:10:12.839883+00:00,2026-09-19T21:39:46.196962+00:00,2026-09-19T17:39:46.196962-04:00,2026-09-19T17:39:46.196962-04:00,propline_free_sample
2026-09-18,2026-09-19 02:15:00+00:00,Cesar Perdomo,2.5,under,112,prophetx,214254,Los Angeles Dodgers,San Francisco Giants,2026-09-19T02:14:02.855656+00:00,2026-09-19T21:39:46.196962+00:00,2026-09-19T17:39:46.196962-04:00,2026-09-19T17:39:46.196962-04:00,propline_free_sample
2026-09-18,2026-09-19 02:15:00+00:00,Tyler Glasnow,6.5,over,-134,prophetx,214254,Los Angeles Dodgers,San Francisco Giants,2026-09-19T02:10:12.839883+00:00,2026-09-19T21:39:46.196962+00:00,2026-09-19T17:39:46.196962-04:00,2026-09-19T17:39:46.196962-04:00,propline_free_sample
2026-09-18,2026-09-19 02:15:00+00:00,Tyler Glasnow,6.5,under,118,prophetx,214254,Los Angeles Dodgers,San Francisco Giants,2026-09-19T01:39:34.197217+00:00,2026-09-19T21:39:46.196962+00:00,2026-09-19T17:39:46.196962-04:00,2026-09-19T17:39:46.196962-04:00,propline_free_sample
2026-09-18,2026-09-19 02:15:00+00:00,Cesar Perdomo,2.5,over,-160,bovada,214254,Los Angeles Dodgers,San Francisco Giants,2026-09-18T22:30:42.883686+00:00,2026-09-19T21:39:46.196962+00:00,2026-09-19T17:39:46.196962-04:00,2026-09-19T17:39:46.196962-04:00,propline_free_sample
2026-09-18,2026-09-19 02:15:00+00:00,Cesar Perdomo,2.5,under,120,bovada,214254,Los Angeles Dodgers,San Francisco Giants,2026-09-18T22:30:42.883686+00:00,2026-09-19T21:39:46.196962+00:00,2026-09-19T17:39:46.196962-04:00,2026-09-19T17:39:46.196962-04:00,propline_free_sample
2026-09-18,2026-09-19 02:15:00+00:00,Tyler Glasnow (LAD),6.5,over,-150,bovada,214254,Los Angeles Dodgers,San Francisco Giants,2026-09-18T22:30:42.883686+00:00,2026-09-19T21:39:46.196962+00:00,2026-09-19T17:39:46.196962-04:00,2026-09-19T17:39:46.196962-04:00,propline_free_sample
2026-09-18,2026-09-19 02:15:00+00:00,Tyler Glasnow (LAD),6.5,under,115,bovada,214254,Los Angeles Dodgers,San Francisco Giants,2026-09-18T22:30:42.883686+00:00,2026-09-19T21:39:46.196962+00:00,2026-09-19T17:39:46.196962-04:00,2026-09-19T17:39:46.196962-04:00,propline_free_sample
2026-09-18,2026-09-19 02:15:00+00:00,Cesar Perdomo,0.5,over,-4000,hardrock,214254,Los Angeles Dodgers,San Francisco Giants,2026-09-19T01:29:29.720639+00:00,2026-09-19T21:39:46.196962+00:00,2026-09-19T17:39:46.196962-04:00,2026-09-19T17:39:46.196962-04:00,propline_free_sample
2026-09-18,2026-09-19 02:15:00+00:00,Cesar Perdomo,0.5,under,1000,hardrock,214254,Los Angeles Dodgers,San Francisco Giants,2026-09-18T10:47:35.556067+00:00,2026-09-19T21:39:46.196962+00:00,2026-09-19T17:39:46.196962-04:00,2026-09-19T17:39:46.196962-04:00,propline_free_sample
2026-09-18,2026-09-19 02:15:00+00:00,Cesar Perdomo,1.5,over,-600,hardrock,214254,Los Angeles Dodgers,San Francisco Giants,2026-09-18T22:05:25.461996+00:00,2026-09-19T21:39:46.196962+00:00,2026-09-19T17:39:46.196962-04:00,2026-09-19T17:39:46.196962-04:00,propline_free_sample
2026-09-18,2026-09-19 02:15:00+00:00,Cesar Perdomo,1.5,under,325,hardrock,214254,Los Angeles Dodgers,San Francisco Giants,2026-09-18T05:04:30.669543+00:00,2026-09-19T21:39:46.196962+00:00,2026-09-19T17:39:46.196962-04:00,2026-09-19T17:39:46.196962-04:00,propline_free_sample
2026-09-18,2026-09-19 02:15:00+00:00,Cesar Perdomo,2.5,over,-105,hardrock,214254,Los Angeles Dodgers,San Francisco Giants,2026-09-18T22:02:19.461130+00:00,2026-09-19T21:39:46.196962+00:00,2026-09-19T17:39:46.196962-04:00,2026-09-19T17:39:46.196962-04:00,propline_free_sample
2026-09-18,2026-09-19 02:15:00+00:00,Cesar Perdomo,2.5,under,-135,hardrock,214254,Los Angeles Dodgers,San Francisco Giants,2026-09-18T22:02:19.461130+00:00,2026-09-19T21:39:46.196962+00:00,2026-09-19T17:39:46.196962-04:00,2026-09-19T17:39:46.196962-04:00,propline_free_sample
2026-09-18,2026-09-19 02:15:00+00:00,Cesar Perdomo,3.5,over,275,hardrock,214254,Los Angeles Dodgers,San Francisco Giants,2026-09-19T01:27:13.306305+00:00,2026-09-19T21:39:46.196962+00:00,2026-09-19T17:39:46.196962-04:00,2026-09-19T17:39:46.196962-04:00,propline_free_sample
2026-09-18,2026-09-19 02:15:00+00:00,Cesar Perdomo,3.5,under,-475,hardrock,214254,Los Angeles Dodgers,San Francisco Giants,2026-09-19T01:27:13.306305+00:00,2026-09-19T21:39:46.196962+00:00,2026-09-19T17:39:46.196962-04:00,2026-09-19T17:39:46.196962-04:00,propline_free_sample
2026-09-18,2026-09-19 02:15:00+00:00,Cesar Perdomo,4.5,over,800,hardrock,214254,Los Angeles Dodgers,San Francisco Giants,2026-09-18T18:19:22.976432+00:00,2026-09-19T21:39:46.196962+00:00,2026-09-19T17:39:46.196962-04:00,2026-09-19T17:39:46.196962-04:00,propline_free_sample
2026-09-18,2026-09-19 02:15:00+00:00,Cesar Perdomo,4.5,under,-4000,hardrock,214254,Los Angeles Dodgers,San Francisco Giants,2026-09-18T22:02:19.461130+00:00,2026-09-19T21:39:46.196962+00:00,2026-09-19T17:39:46.196962-04:00,2026-09-19T17:39:46.196962-04:00,propline_free_sample
2026-09-18,2026-09-19 02:15:00+00:00,Cesar Perdomo,5.5,over,4000,hardrock,214254,Los Angeles Dodgers,San Francisco Giants,2026-09-19T00:09:49.155967+00:00,2026-09-19T21:39:46.196962+00:00,2026-09-19T17:39:46.196962-04:00,2026-09-19T17:39:46.196962-04:00,propline_free_sample
2026-09-18,2026-09-19 02:15:00+00:00,Cesar Perdomo,5.5,under,-50000,hardrock,214254,Los Angeles Dodgers,San Francisco Giants,2026-09-19T00:36:03.505336+00:00,2026-09-19T21:39:46.196962+00:00,2026-09-19T17:39:46.196962-04:00,2026-09-19T17:39:46.196962-04:00,propline_free_sample
2026-09-18,2026-09-19 02:15:00+00:00,Cesar Perdomo,6.5,over,2250,hardrock,214254,Los Angeles Dodgers,San Francisco Giants,2026-09-18T18:19:22.976432+00:00,2026-09-19T21:39:46.196962+00:00,2026-09-19T17:39:46.196962-04:00,2026-09-19T17:39:46.196962-04:00,propline_free_sample
2026-09-18,2026-09-19 02:15:00+00:00,Cesar Perdomo,6.5,under,-15000,hardrock,214254,Los Angeles Dodgers,San Francisco Giants,2026-09-18T18:19:22.976432+00:00,2026-09-19T21:39:46.196962+00:00,2026-09-19T17:39:46.196962-04:00,2026-09-19T17:39:46.196962-04:00,propline_free_sample
2026-09-18,2026-09-19 02:15:00+00:00,Cesar Perdomo,7.5,over,4000,hardrock,214254,Los Angeles Dodgers,San Francisco Giants,2026-09-18T01:57:55.444913+00:00,2026-09-19T21:39:46.196962+00:00,2026-09-19T17:39:46.196962-04:00,2026-09-19T17:39:46.196962-04:00,propline_free_sample
2026-09-18,2026-09-19 02:15:00+00:00,Cesar Perdomo,7.5,under,-20000,hardrock,214254,Los Angeles Dodgers,San Francisco Giants,2026-09-18T01:57:55.444913+00:00,2026-09-19T21:39:46.196962+00:00,2026-09-19T17:39:46.196962-04:00,2026-09-19T17:39:46.196962-04:00,propline_free_sample
2026-09-18,2026-09-19 02:15:00+00:00,Tyler Glasnow,10.5,over,425,hardrock,214254,Los Angeles Dodgers,San Francisco Giants,2026-09-18T22:06:59.899378+00:00,2026-09-19T21:39:46.196962+00:00,2026-09-19T17:39:46.196962-04:00,2026-09-19T17:39:46.196962-04:00,propline_free_sample
2026-09-18,2026-09-19 02:15:00+00:00,Tyler Glasnow,10.5,under,-950,hardrock,214254,Los Angeles Dodgers,San Francisco Giants,2026-09-18T05:13:37.199882+00:00,2026-09-19T21:39:46.196962+00:00,2026-09-19T17:39:46.196962-04:00,2026-09-19T17:39:46.196962-04:00,propline_free_sample
2026-09-18,2026-09-19 02:15:00+00:00,Tyler Glasnow,11.5,over,1000,hardrock,214254,Los Angeles Dodgers,San Francisco Giants,2026-09-19T01:39:57.575549+00:00,2026-09-19T21:39:46.196962+00:00,2026-09-19T17:39:46.196962-04:00,2026-09-19T17:39:46.196962-04:00,propline_free_sample
2026-09-18,2026-09-19 02:15:00+00:00,Tyler Glasnow,11.5,under,-5000,hardrock,214254,Los Angeles Dodgers,San Francisco Giants,2026-09-18T22:15:55.695362+00:00,2026-09-19T21:39:46.196962+00:00,2026-09-19T17:39:46.196962-04:00,2026-09-19T17:39:46.196962-04:00,propline_free_sample
2026-09-18,2026-09-19 02:15:00+00:00,Tyler Glasnow,12.5,over,3000,hardrock,214254,Los Angeles Dodgers,San Francisco Giants,2026-09-18T05:04:30.669543+00:00,2026-09-19T21:39:46.196962+00:00,2026-09-19T17:39:46.196962-04:00,2026-09-19T17:39:46.196962-04:00,propline_free_sample
2026-09-18,2026-09-19 02:15:00+00:00,Tyler Glasnow,12.5,under,-50000,hardrock,214254,Los Angeles Dodgers,San Francisco Giants,2026-09-18T03:59:26.029724+00:00,2026-09-19T21:39:46.196962+00:00,2026-09-19T17:39:46.196962-04:00,2026-09-19T17:39:46.196962-04:00,propline_free_sample
2026-09-18,2026-09-19 02:15:00+00:00,Tyler Glasnow,2.5,over,-9000,hardrock,214254,Los Angeles Dodgers,San Francisco Giants,2026-09-18T10:13:56.482695+00:00,2026-09-19T21:39:46.196962+00:00,2026-09-19T17:39:46.196962-04:00,2026-09-19T17:39:46.196962-04:00,propline_free_sample
2026-09-18,2026-09-19 02:15:00+00:00,Tyler Glasnow,2.5,under,2250,hardrock,214254,Los Angeles Dodgers,San Francisco Giants,2026-09-19T00:36:03.505336+00:00,2026-09-19T21:39:46.196962+00:00,2026-09-19T17:39:46.196962-04:00,2026-09-19T17:39:46.196962-04:00,propline_free_sample
2026-09-18,2026-09-19 02:15:00+00:00,Tyler Glasnow,3.5,over,-9000,hardrock,214254,Los Angeles Dodgers,San Francisco Giants,2026-09-19T01:35:05.899415+00:00,2026-09-19T21:39:46.196962+00:00,2026-09-19T17:39:46.196962-04:00,2026-09-19T17:39:46.196962-04:00,propline_free_sample
2026-09-18,2026-09-19 02:15:00+00:00,Tyler Glasnow,3.5,under,2000,hardrock,214254,Los Angeles Dodgers,San Francisco Giants,2026-09-18T22:06:59.899378+00:00,2026-09-19T21:39:46.196962+00:00,2026-09-19T17:39:46.196962-04:00,2026-09-19T17:39:46.196962-04:00,propline_free_sample
2026-09-18,2026-09-19 02:15:00+00:00,Tyler Glasnow,4.5,over,-3000,hardrock,214254,Los Angeles Dodgers,San Francisco Giants,2026-09-19T00:03:43.891120+00:00,2026-09-19T21:39:46.196962+00:00,2026-09-19T17:39:46.196962-04:00,2026-09-19T17:39:46.196962-04:00,propline_free_sample
2026-09-18,2026-09-19 02:15:00+00:00,Tyler Glasnow,4.5,under,750,hardrock,214254,Los Angeles Dodgers,San Francisco Giants,2026-09-19T01:19:48.392634+00:00,2026-09-19T21:39:46.196962+00:00,2026-09-19T17:39:46.196962-04:00,2026-09-19T17:39:46.196962-04:00,propline_free_sample
2026-09-18,2026-09-19 02:15:00+00:00,Tyler Glasnow,5.5,over,-20000,hardrock,214254,Los Angeles Dodgers,San Francisco Giants,2026-09-18T22:06:59.899378+00:00,2026-09-19T21:39:46.196962+00:00,2026-09-19T17:39:46.196962-04:00,2026-09-19T17:39:46.196962-04:00,propline_free_sample
2026-09-18,2026-09-19 02:15:00+00:00,Tyler Glasnow,5.5,under,4000,hardrock,214254,Los Angeles Dodgers,San Francisco Giants,2026-09-18T22:03:41.006048+00:00,2026-09-19T21:39:46.196962+00:00,2026-09-19T17:39:46.196962-04:00,2026-09-19T17:39:46.196962-04:00,propline_free_sample
2026-09-18,2026-09-19 02:15:00+00:00,Tyler Glasnow,6.5,over,-4000,hardrock,214254,Los Angeles Dodgers,San Francisco Giants,2026-09-19T01:37:25.397009+00:00,2026-09-19T21:39:46.196962+00:00,2026-09-19T17:39:46.196962-04:00,2026-09-19T17:39:46.196962-04:00,propline_free_sample
2026-09-18,2026-09-19 02:15:00+00:00,Tyler Glasnow,6.5,under,900,hardrock,214254,Los Angeles Dodgers,San Francisco Giants,2026-09-18T22:03:41.006048+00:00,2026-09-19T21:39:46.196962+00:00,2026-09-19T17:39:46.196962-04:00,2026-09-19T17:39:46.196962-04:00,propline_free_sample
2026-09-18,2026-09-19 02:15:00+00:00,Tyler Glasnow,7.5,over,-500,hardrock,214254,Los Angeles Dodgers,San Francisco Giants,2026-09-19T01:35:05.899415+00:00,2026-09-19T21:39:46.196962+00:00,2026-09-19T17:39:46.196962-04:00,2026-09-19T17:39:46.196962-04:00,propline_free_sample
2026-09-18,2026-09-19 02:15:00+00:00,Tyler Glasnow,7.5,under,275,hardrock,214254,Los Angeles Dodgers,San Francisco Giants,2026-09-19T01:24:43.203901+00:00,2026-09-19T21:39:46.196962+00:00,2026-09-19T17:39:46.196962-04:00,2026-09-19T17:39:46.196962-04:00,propline_free_sample
2026-09-18,2026-09-19 02:15:00+00:00,Tyler Glasnow,8.5,over,-150,hardrock,214254,Los Angeles Dodgers,San Francisco Giants,2026-09-19T01:35:05.899415+00:00,2026-09-19T21:39:46.196962+00:00,2026-09-19T17:39:46.196962-04:00,2026-09-19T17:39:46.196962-04:00,propline_free_sample
2026-09-18,2026-09-19 02:15:00+00:00,Tyler Glasnow,8.5,under,105,hardrock,214254,Los Angeles Dodgers,San Francisco Giants,2026-09-19T01:35:05.899415+00:00,2026-09-19T21:39:46.196962+00:00,2026-09-19T17:39:46.196962-04:00,2026-09-19T17:39:46.196962-04:00,propline_free_sample
2026-09-18,2026-09-19 02:15:00+00:00,Tyler Glasnow,9.5,over,175,hardrock,214254,Los Angeles Dodgers,San Francisco Giants,2026-09-18T22:06:59.899378+00:00,2026-09-19T21:39:46.196962+00:00,2026-09-19T17:39:46.196962-04:00,2026-09-19T17:39:46.196962-04:00,propline_free_sample
2026-09-18,2026-09-19 02:15:00+00:00,Tyler Glasnow,9.5,under,-275,hardrock,214254,Los Angeles Dodgers,San Francisco Giants,2026-09-19T00:22:30.432738+00:00,2026-09-19T21:39:46.196962+00:00,2026-09-19T17:39:46.196962-04:00,2026-09-19T17:39:46.196962-04:00,propline_free_sample
2026-09-18,2026-09-19 02:15:00+00:00,Cesar Perdomo,3.5,under,100,prizepicks,214254,Los Angeles Dodgers,San Francisco Giants,2026-09-18T02:06:43.239423+00:00,2026-09-19T21:39:46.196962+00:00,2026-09-19T17:39:46.196962-04:00,2026-09-19T17:39:46.196962-04:00,propline_free_sample
2026-09-18,2026-09-19 02:15:00+00:00,Cesar Perdomo,4.5,under,100,prizepicks,214254,Los Angeles Dodgers,San Francisco Giants,2026-09-18T02:06:43.239423+00:00,2026-09-19T21:39:46.196962+00:00,2026-09-19T17:39:46.196962-04:00,2026-09-19T17:39:46.196962-04:00,propline_free_sample
2026-09-18,2026-09-19 02:15:00+00:00,Tyler Glasnow,7.5,under,100,prizepicks,214254,Los Angeles Dodgers,San Francisco Giants,2026-09-18T02:06:43.239423+00:00,2026-09-19T21:39:46.196962+00:00,2026-09-19T17:39:46.196962-04:00,2026-09-19T17:39:46.196962-04:00,propline_free_sample
2026-09-18,2026-09-19 02:15:00+00:00,Tyler Glasnow,8.5,under,100,prizepicks,214254,Los Angeles Dodgers,San Francisco Giants,2026-09-18T02:06:43.239423+00:00,2026-09-19T21:39:46.196962+00:00,2026-09-19T17:39:46.196962-04:00,2026-09-19T17:39:46.196962-04:00,propline_free_sample
2026-09-18,2026-09-19 02:15:00+00:00,Tyler Glasnow,9.5,under,100,prizepicks,214254,Los Angeles Dodgers,San Francisco Giants,2026-09-18T02:06:43.239423+00:00,2026-09-19T21:39:46.196962+00:00,2026-09-19T17:39:46.196962-04:00,2026-09-19T17:39:46.196962-04:00,propline_free_sample
2026-09-18,2026-09-19 02:15:00+00:00,Tyler Glasnow,4.5,under,100,prizepicks,214254,Los Angeles Dodgers,San Francisco Giants,2026-09-18T02:06:43.239423+00:00,2026-09-19T21:39:46.196962+00:00,2026-09-19T17:39:46.196962-04:00,2026-09-19T17:39:46.196962-04:00,propline_free_sample
2026-09-18,2026-09-19 02:15:00+00:00,Tyler Glasnow,5.5,under,100,prizepicks,214254,Los Angeles Dodgers,San Francisco Giants,2026-09-18T02:06:43.239423+00:00,2026-09-19T21:39:46.196962+00:00,2026-09-19T17:39:46.196962-04:00,2026-09-19T17:39:46.196962-04:00,propline_free_sample
2026-09-18,2026-09-19 02:15:00+00:00,Tyler Glasnow,11.5,over,100,prizepicks,214254,Los Angeles Dodgers,San Francisco Giants,2026-09-18T02:06:43.239423+00:00,2026-09-19T21:39:46.196962+00:00,2026-09-19T17:39:46.196962-04:00,2026-09-19T17:39:46.196962-04:00,propline_free_sample
2026-09-18,2026-09-19 02:15:00+00:00,Cesar Perdomo,5.5,over,100,prizepicks,214254,Los Angeles Dodgers,San Francisco Giants,2026-09-18T02:06:43.239423+00:00,2026-09-19T21:39:46.196962+00:00,2026-09-19T17:39:46.196962-04:00,2026-09-19T17:39:46.196962-04:00,propline_free_sample
2026-09-18,2026-09-19 02:15:00+00:00,Cesar Perdomo,6.5,over,100,prizepicks,214254,Los Angeles Dodgers,San Francisco Giants,2026-09-18T02:06:43.239423+00:00,2026-09-19T21:39:46.196962+00:00,2026-09-19T17:39:46.196962-04:00,2026-09-19T17:39:46.196962-04:00,propline_free_sample
2026-09-18,2026-09-19 02:15:00+00:00,Cesar Perdomo,1.5,over,100,prizepicks,214254,Los Angeles Dodgers,San Francisco Giants,2026-09-18T02:06:43.239423+00:00,2026-09-19T21:39:46.196962+00:00,2026-09-19T17:39:46.196962-04:00,2026-09-19T17:39:46.196962-04:00,propline_free_sample
2026-09-18,2026-09-19 02:15:00+00:00,Cesar Perdomo,1.5,under,100,prizepicks,214254,Los Angeles Dodgers,San Francisco Giants,2026-09-18T02:06:43.239423+00:00,2026-09-19T21:39:46.196962+00:00,2026-09-19T17:39:46.196962-04:00,2026-09-19T17:39:46.196962-04:00,propline_free_sample
2026-09-18,2026-09-19 02:15:00+00:00,Cesar Perdomo,1.5,over,-223,underdog,214254,Los Angeles Dodgers,San Francisco Giants,2026-09-18T22:40:25.513097+00:00,2026-09-19T21:39:46.196962+00:00,2026-09-19T17:39:46.196962-04:00,2026-09-19T17:39:46.196962-04:00,propline_free_sample
2026-09-18,2026-09-19 02:15:00+00:00,Tyler Glasnow,10.5,over,111,underdog,214254,Los Angeles Dodgers,San Francisco Giants,2026-09-19T00:26:12.114419+00:00,2026-09-19T21:39:46.196962+00:00,2026-09-19T17:39:46.196962-04:00,2026-09-19T17:39:46.196962-04:00,propline_free_sample
2026-09-18,2026-09-19 02:15:00+00:00,Cesar Perdomo,1.5,under,148,underdog,214254,Los Angeles Dodgers,San Francisco Giants,2026-09-18T22:40:25.513097+00:00,2026-09-19T21:39:46.196962+00:00,2026-09-19T17:39:46.196962-04:00,2026-09-19T17:39:46.196962-04:00,propline_free_sample
2026-09-18,2026-09-19 02:15:00+00:00,Tyler Glasnow,10.5,under,-164,underdog,214254,Los Angeles Dodgers,San Francisco Giants,2026-09-19T00:26:12.114419+00:00,2026-09-19T21:39:46.196962+00:00,2026-09-19T17:39:46.196962-04:00,2026-09-19T17:39:46.196962-04:00,propline_free_sample
2026-09-18,2026-09-19 02:15:00+00:00,Cesar Perdomo,2.5,over,-147,dabble,214254,Los Angeles Dodgers,San Francisco Giants,2026-09-19T01:23:30.132089+00:00,2026-09-19T21:39:46.196962+00:00,2026-09-19T17:39:46.196962-04:00,2026-09-19T17:39:46.196962-04:00,propline_free_sample
2026-09-18,2026-09-19 02:15:00+00:00,Cesar Perdomo,2.5,under,149,dabble,214254,Los Angeles Dodgers,San Francisco Giants,2026-09-19T01:42:42.111430+00:00,2026-09-19T21:39:46.196962+00:00,2026-09-19T17:39:46.196962-04:00,2026-09-19T17:39:46.196962-04:00,propline_free_sample
2026-09-18,2026-09-19 02:15:00+00:00,Cesar Perdomo,2.5,over,-175,smarkets,214254,Los Angeles Dodgers,San Francisco Giants,2026-09-19T01:46:45.582963+00:00,2026-09-19T21:39:46.196962+00:00,2026-09-19T17:39:46.196962-04:00,2026-09-19T17:39:46.196962-04:00,propline_free_sample
2026-09-18,2026-09-19 02:15:00+00:00,Cesar Perdomo,2.5,under,124,smarkets,214254,Los Angeles Dodgers,San Francisco Giants,2026-09-19T01:46:45.582963+00:00,2026-09-19T21:39:46.196962+00:00,2026-09-19T17:39:46.196962-04:00,2026-09-19T17:39:46.196962-04:00,propline_free_sample
2026-09-18,2026-09-19 02:15:00+00:00,Tyler Glasnow,6.5,over,-143,smarkets,214254,Los Angeles Dodgers,San Francisco Giants,2026-09-19T01:46:45.582963+00:00,2026-09-19T21:39:46.196962+00:00,2026-09-19T17:39:46.196962-04:00,2026-09-19T17:39:46.196962-04:00,propline_free_sample
2026-09-18,2026-09-19 02:15:00+00:00,Tyler Glasnow,6.5,under,102,smarkets,214254,Los Angeles Dodgers,San Francisco Giants,2026-09-19T01:46:45.582963+00:00,2026-09-19T21:39:46.196962+00:00,2026-09-19T17:39:46.196962-04:00,2026-09-19T17:39:46.196962-04:00,propline_free_sample
2026-09-18,2026-09-19 02:15:00+00:00,Cesar Perdomo,2.5,over,-146,draftkings,214254,Los Angeles Dodgers,San Francisco Giants,2026-09-18T22:01:26.060530+00:00,2026-09-19T21:39:46.196962+00:00,2026-09-19T17:39:46.196962-04:00,2026-09-19T17:39:46.196962-04:00,propline_free_sample
2026-09-18,2026-09-19 02:15:00+00:00,Cesar Perdomo,2.5,under,115,draftkings,214254,Los Angeles Dodgers,San Francisco Giants,2026-09-18T22:01:26.060530+00:00,2026-09-19T21:39:46.196962+00:00,2026-09-19T17:39:46.196962-04:00,2026-09-19T17:39:46.196962-04:00,propline_free_sample
2026-09-18,2026-09-19 02:15:00+00:00,Tyler Glasnow,6.5,over,-130,draftkings,214254,Los Angeles Dodgers,San Francisco Giants,2026-09-19T01:20:08.931655+00:00,2026-09-19T21:39:46.196962+00:00,2026-09-19T17:39:46.196962-04:00,2026-09-19T17:39:46.196962-04:00,propline_free_sample
2026-09-18,2026-09-19 02:15:00+00:00,Tyler Glasnow,6.5,under,102,draftkings,214254,Los Angeles Dodgers,San Francisco Giants,2026-09-19T01:20:08.931655+00:00,2026-09-19T21:39:46.196962+00:00,2026-09-19T17:39:46.196962-04:00,2026-09-19T17:39:46.196962-04:00,propline_free_sample
2026-09-18,2026-09-19 02:15:00+00:00,Tyler Glasnow,13.5,over,4000,hardrock,214254,Los Angeles Dodgers,San Francisco Giants,2026-09-18T04:13:06.688608+00:00,2026-09-19T21:39:46.196962+00:00,2026-09-19T17:39:46.196962-04:00,2026-09-19T17:39:46.196962-04:00,propline_free_sample
2026-09-18,2026-09-19 02:15:00+00:00,Tyler Glasnow,13.5,under,-50000,hardrock,214254,Los Angeles Dodgers,San Francisco Giants,2026-09-18T04:13:06.688608+00:00,2026-09-19T21:39:46.196962+00:00,2026-09-19T17:39:46.196962-04:00,2026-09-19T17:39:46.196962-04:00,propline_free_sample
2026-09-18,2026-09-19 02:15:00+00:00,Cesar Perdomo,2.5,over,-180,onexbet,214254,Los Angeles Dodgers,San Francisco Giants,2026-09-19T01:55:24.719201+00:00,2026-09-19T21:39:46.196962+00:00,2026-09-19T17:39:46.196962-04:00,2026-09-19T17:39:46.196962-04:00,propline_free_sample
2026-09-18,2026-09-19 02:15:00+00:00,Tyler Glasnow,6.5,over,-150,onexbet,214254,Los Angeles Dodgers,San Francisco Giants,2026-09-19T01:55:24.719201+00:00,2026-09-19T21:39:46.196962+00:00,2026-09-19T17:39:46.196962-04:00,2026-09-19T17:39:46.196962-04:00,propline_free_sample
2026-09-18,2026-09-19 02:15:00+00:00,Cesar Perdomo,2.5,under,135,onexbet,214254,Los Angeles Dodgers,San Francisco Giants,2026-09-19T01:55:24.719201+00:00,2026-09-19T21:39:46.196962+00:00,2026-09-19T17:39:46.196962-04:00,2026-09-19T17:39:46.196962-04:00,propline_free_sample
2026-09-18,2026-09-19 02:15:00+00:00,Tyler Glasnow,6.5,under,110,onexbet,214254,Los Angeles Dodgers,San Francisco Giants,2026-09-19T01:55:24.719201+00:00,2026-09-19T21:39:46.196962+00:00,2026-09-19T17:39:46.196962-04:00,2026-09-19T17:39:46.196962-04:00,propline_free_sample
2026-09-18,2026-09-19 02:15:00+00:00,Cesar Perdomo,0.5,over,-4900,kalshi,214254,Los Angeles Dodgers,San Francisco Giants,2026-09-19T01:36:31.958834+00:00,2026-09-19T21:39:46.196962+00:00,2026-09-19T17:39:46.196962-04:00,2026-09-19T17:39:46.196962-04:00,propline_free_sample
2026-09-18,2026-09-19 02:15:00+00:00,Cesar Perdomo,1.5,over,9900,kalshi,214254,Los Angeles Dodgers,San Francisco Giants,2026-09-19T02:11:36.227803+00:00,2026-09-19T21:39:46.196962+00:00,2026-09-19T17:39:46.196962-04:00,2026-09-19T17:39:46.196962-04:00,propline_free_sample
2026-09-18,2026-09-19 02:15:00+00:00,Tyler Glasnow,10.5,over,9900,kalshi,214254,Los Angeles Dodgers,San Francisco Giants,2026-09-19T01:21:03.008367+00:00,2026-09-19T21:39:46.196962+00:00,2026-09-19T17:39:46.196962-04:00,2026-09-19T17:39:46.196962-04:00,propline_free_sample
2026-09-18,2026-09-19 02:15:00+00:00,Tyler Glasnow,10.5,under,-9900,kalshi,214254,Los Angeles Dodgers,San Francisco Giants,2026-09-18T17:08:36.751614+00:00,2026-09-19T21:39:46.196962+00:00,2026-09-19T17:39:46.196962-04:00,2026-09-19T17:39:46.196962-04:00,propline_free_sample
2026-09-18,2026-09-19 02:15:00+00:00,Cesar Perdomo,2.5,over,9900,kalshi,214254,Los Angeles Dodgers,San Francisco Giants,2026-09-19T01:17:19.322334+00:00,2026-09-19T21:39:46.196962+00:00,2026-09-19T17:39:46.196962-04:00,2026-09-19T17:39:46.196962-04:00,propline_free_sample
2026-09-18,2026-09-19 02:15:00+00:00,Cesar Perdomo,3.5,over,9900,kalshi,214254,Los Angeles Dodgers,San Francisco Giants,2026-09-19T02:08:05.994240+00:00,2026-09-19T21:39:46.196962+00:00,2026-09-19T17:39:46.196962-04:00,2026-09-19T17:39:46.196962-04:00,propline_free_sample
2026-09-18,2026-09-19 02:15:00+00:00,Tyler Glasnow,3.5,over,-9900,kalshi,214254,Los Angeles Dodgers,San Francisco Giants,2026-09-19T01:24:20.337177+00:00,2026-09-19T21:39:46.196962+00:00,2026-09-19T17:39:46.196962-04:00,2026-09-19T17:39:46.196962-04:00,propline_free_sample
2026-09-18,2026-09-19 02:15:00+00:00,Cesar Perdomo,4.5,over,9900,kalshi,214254,Los Angeles Dodgers,San Francisco Giants,2026-09-18T23:27:36.702555+00:00,2026-09-19T21:39:46.196962+00:00,2026-09-19T17:39:46.196962-04:00,2026-09-19T17:39:46.196962-04:00,propline_free_sample
2026-09-18,2026-09-19 02:15:00+00:00,Tyler Glasnow,4.5,over,-3233,kalshi,214254,Los Angeles Dodgers,San Francisco Giants,2026-09-19T01:21:40.005344+00:00,2026-09-19T21:39:46.196962+00:00,2026-09-19T17:39:46.196962-04:00,2026-09-19T17:39:46.196962-04:00,propline_free_sample
2026-09-18,2026-09-19 02:15:00+00:00,Cesar Perdomo,5.5,over,9900,kalshi,214254,Los Angeles Dodgers,San Francisco Giants,2026-09-19T02:13:42.409018+00:00,2026-09-19T21:39:46.196962+00:00,2026-09-19T17:39:46.196962-04:00,2026-09-19T17:39:46.196962-04:00,propline_free_sample
2026-09-18,2026-09-19 02:15:00+00:00,Tyler Glasnow,5.5,over,-3233,kalshi,214254,Los Angeles Dodgers,San Francisco Giants,2026-09-19T02:13:42.409018+00:00,2026-09-19T21:39:46.196962+00:00,2026-09-19T17:39:46.196962-04:00,2026-09-19T17:39:46.196962-04:00,propline_free_sample
2026-09-18,2026-09-19 02:15:00+00:00,Cesar Perdomo,6.5,over,9900,kalshi,214254,Los Angeles Dodgers,San Francisco Giants,2026-09-19T01:37:35.887104+00:00,2026-09-19T21:39:46.196962+00:00,2026-09-19T17:39:46.196962-04:00,2026-09-19T17:39:46.196962-04:00,propline_free_sample
2026-09-18,2026-09-19 02:15:00+00:00,Tyler Glasnow,6.5,over,-1567,kalshi,214254,Los Angeles Dodgers,San Francisco Giants,2026-09-19T02:01:25.157897+00:00,2026-09-19T21:39:46.196962+00:00,2026-09-19T17:39:46.196962-04:00,2026-09-19T17:39:46.196962-04:00,propline_free_sample
2026-09-18,2026-09-19 02:15:00+00:00,Tyler Glasnow,7.5,over,-1900,kalshi,214254,Los Angeles Dodgers,San Francisco Giants,2026-09-19T01:47:49.820192+00:00,2026-09-19T21:39:46.196962+00:00,2026-09-19T17:39:46.196962-04:00,2026-09-19T17:39:46.196962-04:00,propline_free_sample
2026-09-18,2026-09-19 02:15:00+00:00,Tyler Glasnow,8.5,over,-2400,kalshi,214254,Los Angeles Dodgers,San Francisco Giants,2026-09-19T01:44:58.022189+00:00,2026-09-19T21:39:46.196962+00:00,2026-09-19T17:39:46.196962-04:00,2026-09-19T17:39:46.196962-04:00,propline_free_sample
2026-09-18,2026-09-19 02:15:00+00:00,Tyler Glasnow,9.5,over,-9900,kalshi,214254,Los Angeles Dodgers,San Francisco Giants,2026-09-19T01:53:15.809995+00:00,2026-09-19T21:39:46.196962+00:00,2026-09-19T17:39:46.196962-04:00,2026-09-19T17:39:46.196962-04:00,propline_free_sample
2026-09-18,2026-09-19 02:15:00+00:00,Cesar Perdomo,2.5,under,-9900,kalshi,214254,Los Angeles Dodgers,San Francisco Giants,2026-09-19T01:00:41.328160+00:00,2026-09-19T21:39:46.196962+00:00,2026-09-19T17:39:46.196962-04:00,2026-09-19T17:39:46.196962-04:00,propline_free_sample
2026-09-18,2026-09-19 02:15:00+00:00,Tyler Glasnow,3.5,under,9900,kalshi,214254,Los Angeles Dodgers,San Francisco Giants,2026-09-19T02:14:38.332392+00:00,2026-09-19T21:39:46.196962+00:00,2026-09-19T17:39:46.196962-04:00,2026-09-19T17:39:46.196962-04:00,propline_free_sample
2026-09-18,2026-09-19 02:15:00+00:00,Tyler Glasnow,4.5,under,9900,kalshi,214254,Los Angeles Dodgers,San Francisco Giants,2026-09-19T02:11:36.227803+00:00,2026-09-19T21:39:46.196962+00:00,2026-09-19T17:39:46.196962-04:00,2026-09-19T17:39:46.196962-04:00,propline_free_sample
2026-09-18,2026-09-19 02:15:00+00:00,Tyler Glasnow,5.5,under,9900,kalshi,214254,Los Angeles Dodgers,San Francisco Giants,2026-09-19T02:13:42.409018+00:00,2026-09-19T21:39:46.196962+00:00,2026-09-19T17:39:46.196962-04:00,2026-09-19T17:39:46.196962-04:00,propline_free_sample
2026-09-18,2026-09-19 02:15:00+00:00,Tyler Glasnow,6.5,under,9900,kalshi,214254,Los Angeles Dodgers,San Francisco Giants,2026-09-19T02:01:25.157897+00:00,2026-09-19T21:39:46.196962+00:00,2026-09-19T17:39:46.196962-04:00,2026-09-19T17:39:46.196962-04:00,propline_free_sample
2026-09-18,2026-09-19 02:15:00+00:00,Tyler Glasnow,7.5,under,9900,kalshi,214254,Los Angeles Dodgers,San Francisco Giants,2026-09-19T02:13:42.409018+00:00,2026-09-19T21:39:46.196962+00:00,2026-09-19T17:39:46.196962-04:00,2026-09-19T17:39:46.196962-04:00,propline_free_sample
2026-09-18,2026-09-19 02:15:00+00:00,Tyler Glasnow,8.5,under,9900,kalshi,214254,Los Angeles Dodgers,San Francisco Giants,2026-09-19T02:11:36.227803+00:00,2026-09-19T21:39:46.196962+00:00,2026-09-19T17:39:46.196962-04:00,2026-09-19T17:39:46.196962-04:00,propline_free_sample
2026-09-18,2026-09-19 02:15:00+00:00,Tyler Glasnow,9.5,under,9900,kalshi,214254,Los Angeles Dodgers,San Francisco Giants,2026-09-19T02:14:38.332392+00:00,2026-09-19T21:39:46.196962+00:00,2026-09-19T17:39:46.196962-04:00,2026-09-19T17:39:46.196962-04:00,propline_free_sample
2026-09-18,2026-09-19 02:15:00+00:00,Cesar Perdomo,0.5,under,9900,kalshi,214254,Los Angeles Dodgers,San Francisco Giants,2026-09-19T02:11:36.227803+00:00,2026-09-19T21:39:46.196962+00:00,2026-09-19T17:39:46.196962-04:00,2026-09-19T17:39:46.196962-04:00,propline_free_sample
2026-09-18,2026-09-19 02:15:00+00:00,Cesar Perdomo,1.5,under,-2400,kalshi,214254,Los Angeles Dodgers,San Francisco Giants,2026-09-19T02:11:36.227803+00:00,2026-09-19T21:39:46.196962+00:00,2026-09-19T17:39:46.196962-04:00,2026-09-19T17:39:46.196962-04:00,propline_free_sample
2026-09-18,2026-09-19 02:15:00+00:00,Cesar Perdomo,3.5,under,-9900,kalshi,214254,Los Angeles Dodgers,San Francisco Giants,2026-09-19T02:14:38.332392+00:00,2026-09-19T21:39:46.196962+00:00,2026-09-19T17:39:46.196962-04:00,2026-09-19T17:39:46.196962-04:00,propline_free_sample
2026-09-18,2026-09-19 02:15:00+00:00,Cesar Perdomo,4.5,under,-9900,kalshi,214254,Los Angeles Dodgers,San Francisco Giants,2026-09-19T02:11:36.227803+00:00,2026-09-19T21:39:46.196962+00:00,2026-09-19T17:39:46.196962-04:00,2026-09-19T17:39:46.196962-04:00,propline_free_sample
2026-09-18,2026-09-19 02:15:00+00:00,Cesar Perdomo,5.5,under,-9900,kalshi,214254,Los Angeles Dodgers,San Francisco Giants,2026-09-19T02:13:42.409018+00:00,2026-09-19T21:39:46.196962+00:00,2026-09-19T17:39:46.196962-04:00,2026-09-19T17:39:46.196962-04:00,propline_free_sample
2026-09-18,2026-09-19 02:15:00+00:00,Tyler Glasnow,6.5,over,-120,dabble,214254,Los Angeles Dodgers,San Francisco Giants,2026-09-19T01:42:42.111430+00:00,2026-09-19T21:39:46.196962+00:00,2026-09-19T17:39:46.196962-04:00,2026-09-19T17:39:46.196962-04:00,propline_free_sample
2026-09-18,2026-09-19 02:15:00+00:00,Tyler Glasnow,6.5,under,122,dabble,214254,Los Angeles Dodgers,San Francisco Giants,2026-09-19T02:04:30.002298+00:00,2026-09-19T21:39:46.196962+00:00,2026-09-19T17:39:46.196962-04:00,2026-09-19T17:39:46.196962-04:00,propline_free_sample
2026-09-18,2026-09-19 02:15:00+00:00,Cesar Perdomo,2.5,over,-152,rebet,214254,Los Angeles Dodgers,San Francisco Giants,2026-09-19T01:29:04.923541+00:00,2026-09-19T21:39:46.196962+00:00,2026-09-19T17:39:46.196962-04:00,2026-09-19T17:39:46.196962-04:00,propline_free_sample
2026-09-18,2026-09-19 02:15:00+00:00,Cesar Perdomo,2.5,under,109,rebet,214254,Los Angeles Dodgers,San Francisco Giants,2026-09-19T01:29:04.923541+00:00,2026-09-19T21:39:46.196962+00:00,2026-09-19T17:39:46.196962-04:00,2026-09-19T17:39:46.196962-04:00,propline_free_sample
2026-09-18,2026-09-19 02:15:00+00:00,Tyler Glasnow,6.5,over,-154,rebet,214254,Los Angeles Dodgers,San Francisco Giants,2026-09-19T01:51:44.040080+00:00,2026-09-19T21:39:46.196962+00:00,2026-09-19T17:39:46.196962-04:00,2026-09-19T17:39:46.196962-04:00,propline_free_sample
2026-09-18,2026-09-19 02:15:00+00:00,Tyler Glasnow,6.5,under,111,rebet,214254,Los Angeles Dodgers,San Francisco Giants,2026-09-19T01:51:44.040080+00:00,2026-09-19T21:39:46.196962+00:00,2026-09-19T17:39:46.196962-04:00,2026-09-19T17:39:46.196962-04:00,propline_free_sample
2026-09-18,2026-09-19 02:15:00+00:00,Tyler Glasnow,1.5,over,-20000,hardrock,214254,Los Angeles Dodgers,San Francisco Giants,2026-09-19T01:35:05.899415+00:00,2026-09-19T21:39:46.196962+00:00,2026-09-19T17:39:46.196962-04:00,2026-09-19T17:39:46.196962-04:00,propline_free_sample
2026-09-18,2026-09-19 02:15:00+00:00,Tyler Glasnow,1.5,under,3000,hardrock,214254,Los Angeles Dodgers,San Francisco Giants,2026-09-18T10:13:56.482695+00:00,2026-09-19T21:39:46.196962+00:00,2026-09-19T17:39:46.196962-04:00,2026-09-19T17:39:46.196962-04:00,propline_free_sample
2026-09-18,2026-09-19 02:15:00+00:00,Tyler Glasnow,10.5,over,100,prizepicks,214254,Los Angeles Dodgers,San Francisco Giants,2026-09-18T05:23:12.908784+00:00,2026-09-19T21:39:46.196962+00:00,2026-09-19T17:39:46.196962-04:00,2026-09-19T17:39:46.196962-04:00,propline_free_sample
2026-09-18,2026-09-19 02:15:00+00:00,Cesar Perdomo,2.5,over,-166,pinnacle,214254,Los Angeles Dodgers,San Francisco Giants,2026-09-18T05:42:56.720529+00:00,2026-09-19T21:39:46.196962+00:00,2026-09-19T17:39:46.196962-04:00,2026-09-19T17:39:46.196962-04:00,propline_free_sample
2026-09-18,2026-09-19 02:15:00+00:00,Cesar Perdomo,2.5,under,130,pinnacle,214254,Los Angeles Dodgers,San Francisco Giants,2026-09-18T05:42:56.720529+00:00,2026-09-19T21:39:46.196962+00:00,2026-09-19T17:39:46.196962-04:00,2026-09-19T17:39:46.196962-04:00,propline_free_sample
2026-09-18,2026-09-19 02:15:00+00:00,Tyler Glasnow,6.5,over,-132,pinnacle,214254,Los Angeles Dodgers,San Francisco Giants,2026-09-19T01:47:33.598029+00:00,2026-09-19T21:39:46.196962+00:00,2026-09-19T17:39:46.196962-04:00,2026-09-19T17:39:46.196962-04:00,propline_free_sample
2026-09-18,2026-09-19 02:15:00+00:00,Tyler Glasnow,6.5,under,-101,pinnacle,214254,Los Angeles Dodgers,San Francisco Giants,2026-09-19T01:47:33.598029+00:00,2026-09-19T21:39:46.196962+00:00,2026-09-19T17:39:46.196962-04:00,2026-09-19T17:39:46.196962-04:00,propline_free_sample
2026-09-18,2026-09-19 02:15:00+00:00,Cesar Perdomo,3.5,over,-167,novig,214254,Los Angeles Dodgers,San Francisco Giants,2026-09-19T02:09:59.084878+00:00,2026-09-19T21:39:46.196962+00:00,2026-09-19T17:39:46.196962-04:00,2026-09-19T17:39:46.196962-04:00,propline_free_sample
2026-09-18,2026-09-19 02:15:00+00:00,Cesar Perdomo,3.5,under,-99900,novig,214254,Los Angeles Dodgers,San Francisco Giants,2026-09-18T22:06:30.426752+00:00,2026-09-19T21:39:46.196962+00:00,2026-09-19T17:39:46.196962-04:00,2026-09-19T17:39:46.196962-04:00,propline_free_sample
2026-09-18,2026-09-19 02:15:00+00:00,Cesar Perdomo,2.5,over,9900,polymarket_us,214254,Los Angeles Dodgers,San Francisco Giants,2026-09-18T20:19:32.012009+00:00,2026-09-19T21:39:46.196962+00:00,2026-09-19T17:39:46.196962-04:00,2026-09-19T17:39:46.196962-04:00,propline_free_sample
2026-09-18,2026-09-19 02:15:00+00:00,Cesar Perdomo,2.5,under,-133,polymarket_us,214254,Los Angeles Dodgers,San Francisco Giants,2026-09-19T02:14:10.563427+00:00,2026-09-19T21:39:46.196962+00:00,2026-09-19T17:39:46.196962-04:00,2026-09-19T17:39:46.196962-04:00,propline_free_sample
2026-09-18,2026-09-19 02:15:00+00:00,Cesar Perdomo,7.5,over,9900,polymarket_us,214254,Los Angeles Dodgers,San Francisco Giants,2026-09-19T02:12:02.580113+00:00,2026-09-19T21:39:46.196962+00:00,2026-09-19T17:39:46.196962-04:00,2026-09-19T17:39:46.196962-04:00,propline_free_sample
2026-09-18,2026-09-19 02:15:00+00:00,Tyler Glasnow,7.5,over,-426,polymarket_us,214254,Los Angeles Dodgers,San Francisco Giants,2026-09-19T02:08:36.534459+00:00,2026-09-19T21:39:46.196962+00:00,2026-09-19T17:39:46.196962-04:00,2026-09-19T17:39:46.196962-04:00,propline_free_sample
2026-09-18,2026-09-19 02:15:00+00:00,Cesar Perdomo,0.5,under,9900,polymarket_us,214254,Los Angeles Dodgers,San Francisco Giants,2026-09-19T02:05:05.972407+00:00,2026-09-19T21:39:46.196962+00:00,2026-09-19T17:39:46.196962-04:00,2026-09-19T17:39:46.196962-04:00,propline_free_sample
2026-09-18,2026-09-19 02:15:00+00:00,Cesar Perdomo,1.5,under,150,polymarket_us,214254,Los Angeles Dodgers,San Francisco Giants,2026-09-19T02:12:02.580113+00:00,2026-09-19T21:39:46.196962+00:00,2026-09-19T17:39:46.196962-04:00,2026-09-19T17:39:46.196962-04:00,propline_free_sample
2026-09-18,2026-09-19 02:15:00+00:00,Tyler Glasnow,4.5,over,-567,polymarket_us,214254,Los Angeles Dodgers,San Francisco Giants,2026-09-19T02:06:54.018393+00:00,2026-09-19T21:39:46.196962+00:00,2026-09-19T17:39:46.196962-04:00,2026-09-19T17:39:46.196962-04:00,propline_free_sample
2026-09-18,2026-09-19 02:15:00+00:00,Tyler Glasnow,4.5,under,9900,polymarket_us,214254,Los Angeles Dodgers,San Francisco Giants,2026-09-19T02:12:02.580113+00:00,2026-09-19T21:39:46.196962+00:00,2026-09-19T17:39:46.196962-04:00,2026-09-19T17:39:46.196962-04:00,propline_free_sample
2026-09-18,2026-09-19 02:15:00+00:00,Tyler Glasnow,5.5,over,-1567,polymarket_us,214254,Los Angeles Dodgers,San Francisco Giants,2026-09-19T01:57:11.974192+00:00,2026-09-19T21:39:46.196962+00:00,2026-09-19T17:39:46.196962-04:00,2026-09-19T17:39:46.196962-04:00,propline_free_sample
2026-09-18,2026-09-19 02:15:00+00:00,Tyler Glasnow,5.5,under,9900,polymarket_us,214254,Los Angeles Dodgers,San Francisco Giants,2026-09-19T01:57:11.974192+00:00,2026-09-19T21:39:46.196962+00:00,2026-09-19T17:39:46.196962-04:00,2026-09-19T17:39:46.196962-04:00,propline_free_sample
2026-09-18,2026-09-19 02:15:00+00:00,Tyler Glasnow,6.5,over,-614,polymarket_us,214254,Los Angeles Dodgers,San Francisco Giants,2026-09-19T00:38:44.425620+00:00,2026-09-19T21:39:46.196962+00:00,2026-09-19T17:39:46.196962-04:00,2026-09-19T17:39:46.196962-04:00,propline_free_sample
2026-09-18,2026-09-19 02:15:00+00:00,Tyler Glasnow,6.5,under,9900,polymarket_us,214254,Los Angeles Dodgers,San Francisco Giants,2026-09-19T00:38:44.425620+00:00,2026-09-19T21:39:46.196962+00:00,2026-09-19T17:39:46.196962-04:00,2026-09-19T17:39:46.196962-04:00,propline_free_sample
2026-09-18,2026-09-19 02:15:00+00:00,Cesar Perdomo,6.5,over,9900,polymarket_us,214254,Los Angeles Dodgers,San Francisco Giants,2026-09-19T02:00:44.240036+00:00,2026-09-19T21:39:46.196962+00:00,2026-09-19T17:39:46.196962-04:00,2026-09-19T17:39:46.196962-04:00,propline_free_sample
2026-09-18,2026-09-19 02:15:00+00:00,Cesar Perdomo,0.5,over,-2400,polymarket_us,214254,Los Angeles Dodgers,San Francisco Giants,2026-09-19T01:43:16.662847+00:00,2026-09-19T21:39:46.196962+00:00,2026-09-19T17:39:46.196962-04:00,2026-09-19T17:39:46.196962-04:00,propline_free_sample
2026-09-18,2026-09-19 02:15:00+00:00,Cesar Perdomo,1.5,over,9900,polymarket_us,214254,Los Angeles Dodgers,San Francisco Giants,2026-09-19T02:12:02.580113+00:00,2026-09-19T21:39:46.196962+00:00,2026-09-19T17:39:46.196962-04:00,2026-09-19T17:39:46.196962-04:00,propline_free_sample
2026-09-18,2026-09-19 02:15:00+00:00,Tyler Glasnow,7.5,under,9900,polymarket_us,214254,Los Angeles Dodgers,San Francisco Giants,2026-09-19T02:08:36.534459+00:00,2026-09-19T21:39:46.196962+00:00,2026-09-19T17:39:46.196962-04:00,2026-09-19T17:39:46.196962-04:00,propline_free_sample
2026-09-18,2026-09-19 02:15:00+00:00,Cesar Perdomo,2.5,over,-125,betmgm,214254,Los Angeles Dodgers,San Francisco Giants,2026-09-19T01:29:04.134127+00:00,2026-09-19T21:39:46.196962+00:00,2026-09-19T17:39:46.196962-04:00,2026-09-19T17:39:46.196962-04:00,propline_free_sample
2026-09-18,2026-09-19 02:15:00+00:00,Cesar Perdomo,2.5,under,-105,betmgm,214254,Los Angeles Dodgers,San Francisco Giants,2026-09-19T01:29:04.134127+00:00,2026-09-19T21:39:46.196962+00:00,2026-09-19T17:39:46.196962-04:00,2026-09-19T17:39:46.196962-04:00,propline_free_sample
2026-09-18,2026-09-19 02:15:00+00:00,Tyler Glasnow,8.5,over,-125,betmgm,214254,Los Angeles Dodgers,San Francisco Giants,2026-09-18T15:11:48.286072+00:00,2026-09-19T21:39:46.196962+00:00,2026-09-19T17:39:46.196962-04:00,2026-09-19T17:39:46.196962-04:00,propline_free_sample
2026-09-18,2026-09-19 02:15:00+00:00,Tyler Glasnow,8.5,under,-105,betmgm,214254,Los Angeles Dodgers,San Francisco Giants,2026-09-18T15:11:48.286072+00:00,2026-09-19T21:39:46.196962+00:00,2026-09-19T17:39:46.196962-04:00,2026-09-19T17:39:46.196962-04:00,propline_free_sample
2026-09-18,2026-09-19 02:15:00+00:00,Tyler Glasnow,7.0,over,100,prizepicks,214254,Los Angeles Dodgers,San Francisco Giants,2026-09-18T11:28:05.115185+00:00,2026-09-19T21:39:46.196962+00:00,2026-09-19T17:39:46.196962-04:00,2026-09-19T17:39:46.196962-04:00,propline_free_sample
2026-09-18,2026-09-19 02:15:00+00:00,Tyler Glasnow,7.0,under,100,prizepicks,214254,Los Angeles Dodgers,San Francisco Giants,2026-09-18T11:28:05.115185+00:00,2026-09-19T21:39:46.196962+00:00,2026-09-19T17:39:46.196962-04:00,2026-09-19T17:39:46.196962-04:00,propline_free_sample
2026-09-18,2026-09-19 02:15:00+00:00,Cesar Perdomo,1.5,over,-9900,novig,214254,Los Angeles Dodgers,San Francisco Giants,2026-09-19T02:11:50.724644+00:00,2026-09-19T21:39:46.196962+00:00,2026-09-19T17:39:46.196962-04:00,2026-09-19T17:39:46.196962-04:00,propline_free_sample
2026-09-18,2026-09-19 02:15:00+00:00,Cesar Perdomo,1.5,under,-213,novig,214254,Los Angeles Dodgers,San Francisco Giants,2026-09-18T14:08:08.380738+00:00,2026-09-19T21:39:46.196962+00:00,2026-09-19T17:39:46.196962-04:00,2026-09-19T17:39:46.196962-04:00,propline_free_sample
2026-09-18,2026-09-19 02:15:00+00:00,Tyler Glasnow,5.5,over,-99900,novig,214254,Los Angeles Dodgers,San Francisco Giants,2026-09-19T02:03:33.898311+00:00,2026-09-19T21:39:46.196962+00:00,2026-09-19T17:39:46.196962-04:00,2026-09-19T17:39:46.196962-04:00,propline_free_sample
2026-09-18,2026-09-19 02:15:00+00:00,Tyler Glasnow,5.5,under,212,novig,214254,Los Angeles Dodgers,San Francisco Giants,2026-09-19T02:13:51.978045+00:00,2026-09-19T21:39:46.196962+00:00,2026-09-19T17:39:46.196962-04:00,2026-09-19T17:39:46.196962-04:00,propline_free_sample
2026-09-18,2026-09-19 02:15:00+00:00,Tyler Glasnow,7.5,over,-99900,novig,214254,Los Angeles Dodgers,San Francisco Giants,2026-09-19T01:48:02.038557+00:00,2026-09-19T21:39:46.196962+00:00,2026-09-19T17:39:46.196962-04:00,2026-09-19T17:39:46.196962-04:00,propline_free_sample
2026-09-18,2026-09-19 02:15:00+00:00,Tyler Glasnow,7.5,under,-49900,novig,214254,Los Angeles Dodgers,San Francisco Giants,2026-09-19T02:13:51.978045+00:00,2026-09-19T21:39:46.196962+00:00,2026-09-19T17:39:46.196962-04:00,2026-09-19T17:39:46.196962-04:00,propline_free_sample
2026-09-18,2026-09-19 02:15:00+00:00,Cesar Perdomo,6.5,under,-3233,kalshi,214254,Los Angeles Dodgers,San Francisco Giants,2026-09-18T17:31:07.716079+00:00,2026-09-19T21:39:46.196962+00:00,2026-09-19T17:39:46.196962-04:00,2026-09-19T17:39:46.196962-04:00,propline_free_sample
2026-09-18,2026-09-19 02:15:00+00:00,Tyler Glasnow,7.5,over,112,prophetx,214254,Los Angeles Dodgers,San Francisco Giants,2026-09-19T02:08:32.775354+00:00,2026-09-19T21:39:46.196962+00:00,2026-09-19T17:39:46.196962-04:00,2026-09-19T17:39:46.196962-04:00,propline_free_sample
2026-09-18,2026-09-19 02:15:00+00:00,Tyler Glasnow,7.5,under,-166,prophetx,214254,Los Angeles Dodgers,San Francisco Giants,2026-09-19T01:29:12.590610+00:00,2026-09-19T21:39:46.196962+00:00,2026-09-19T17:39:46.196962-04:00,2026-09-19T17:39:46.196962-04:00,propline_free_sample
2026-09-18,2026-09-19 02:15:00+00:00,Tyler Glasnow (LAD),6.5,over,-150,betonlineag,214254,Los Angeles Dodgers,San Francisco Giants,2026-09-18T20:28:10.956965+00:00,2026-09-19T21:39:46.196962+00:00,2026-09-19T17:39:46.196962-04:00,2026-09-19T17:39:46.196962-04:00,propline_free_sample
2026-09-18,2026-09-19 02:15:00+00:00,Tyler Glasnow (LAD),6.5,under,110,betonlineag,214254,Los Angeles Dodgers,San Francisco Giants,2026-09-18T20:28:10.956965+00:00,2026-09-19T21:39:46.196962+00:00,2026-09-19T17:39:46.196962-04:00,2026-09-19T17:39:46.196962-04:00,propline_free_sample
2026-09-18,2026-09-19 02:15:00+00:00,Tyler Glasnow (LAD),6.5,over,-150,lowvig,214254,Los Angeles Dodgers,San Francisco Giants,2026-09-18T20:28:11.630583+00:00,2026-09-19T21:39:46.196962+00:00,2026-09-19T17:39:46.196962-04:00,2026-09-19T17:39:46.196962-04:00,propline_free_sample
2026-09-18,2026-09-19 02:15:00+00:00,Tyler Glasnow (LAD),6.5,under,110,lowvig,214254,Los Angeles Dodgers,San Francisco Giants,2026-09-18T20:28:11.630583+00:00,2026-09-19T21:39:46.196962+00:00,2026-09-19T17:39:46.196962-04:00,2026-09-19T17:39:46.196962-04:00,propline_free_sample
2026-09-18,2026-09-19 02:15:00+00:00,Cesar Perdomo,2.5,over,-167,rebet,214254,Los Angeles Dodgers,San Francisco Giants,,2026-09-19T21:39:46.196962+00:00,2026-09-19T17:39:46.196962-04:00,2026-09-19T17:39:46.196962-04:00,propline_free_sample
2026-09-18,2026-09-19 02:15:00+00:00,Cesar Perdomo,2.5,under,120,rebet,214254,Los Angeles Dodgers,San Francisco Giants,,2026-09-19T21:39:46.196962+00:00,2026-09-19T17:39:46.196962-04:00,2026-09-19T17:39:46.196962-04:00,propline_free_sample
2026-09-18,2026-09-19 02:15:00+00:00,Cesar Perdomo,4.5,over,285,novig,214254,Los Angeles Dodgers,San Francisco Giants,,2026-09-19T21:39:46.196962+00:00,2026-09-19T17:39:46.196962-04:00,2026-09-19T17:39:46.196962-04:00,propline_free_sample
2026-09-18,2026-09-19 02:15:00+00:00,Cesar Perdomo,4.5,under,-1438,novig,214254,Los Angeles Dodgers,San Francisco Giants,,2026-09-19T21:39:46.196962+00:00,2026-09-19T17:39:46.196962-04:00,2026-09-19T17:39:46.196962-04:00,propline_free_sample
2026-09-18,2026-09-19 02:15:00+00:00,Tyler Glasnow,8.5,over,-9900,novig,214254,Los Angeles Dodgers,San Francisco Giants,,2026-09-19T21:39:46.196962+00:00,2026-09-19T17:39:46.196962-04:00,2026-09-19T17:39:46.196962-04:00,propline_free_sample
2026-09-18,2026-09-19 02:15:00+00:00,Tyler Glasnow,8.5,under,-174,novig,214254,Los Angeles Dodgers,San Francisco Giants,,2026-09-19T21:39:46.196962+00:00,2026-09-19T17:39:46.196962-04:00,2026-09-19T17:39:46.196962-04:00,propline_free_sample
2026-09-18,2026-09-19 01:40:00+00:00,Tyler Phillips,3.5,over,-176,underdog,214253,San Diego Padres,Miami Marlins,2026-09-18T19:48:53.721595+00:00,2026-09-19T21:39:46.196962+00:00,2026-09-19T17:39:46.196962-04:00,2026-09-19T17:39:46.196962-04:00,propline_free_sample
2026-09-18,2026-09-19 01:40:00+00:00,Tyler Phillips,3.5,under,118,underdog,214253,San Diego Padres,Miami Marlins,2026-09-18T19:48:53.721595+00:00,2026-09-19T21:39:46.196962+00:00,2026-09-19T17:39:46.196962-04:00,2026-09-19T17:39:46.196962-04:00,propline_free_sample
2026-09-18,2026-09-19 01:40:00+00:00,Nick Pivetta,5.5,over,120,dabble,214253,San Diego Padres,Miami Marlins,2026-09-18T02:31:36.761703+00:00,2026-09-19T21:39:46.196962+00:00,2026-09-19T17:39:46.196962-04:00,2026-09-19T17:39:46.196962-04:00,propline_free_sample
2026-09-18,2026-09-19 01:40:00+00:00,Tyler Phillips,3.5,over,120,dabble,214253,San Diego Padres,Miami Marlins,2026-09-18T07:23:37.514879+00:00,2026-09-19T21:39:46.196962+00:00,2026-09-19T17:39:46.196962-04:00,2026-09-19T17:39:46.196962-04:00,propline_free_sample
2026-09-18,2026-09-19 01:40:00+00:00,Nick Pivetta,5.5,under,-120,dabble,214253,San Diego Padres,Miami Marlins,2026-09-18T02:31:36.761703+00:00,2026-09-19T21:39:46.196962+00:00,2026-09-19T17:39:46.196962-04:00,2026-09-19T17:39:46.196962-04:00,propline_free_sample
2026-09-18,2026-09-19 01:40:00+00:00,Tyler Phillips,3.5,under,-120,dabble,214253,San Diego Padres,Miami Marlins,2026-09-18T07:23:37.514879+00:00,2026-09-19T21:39:46.196962+00:00,2026-09-19T17:39:46.196962-04:00,2026-09-19T17:39:46.196962-04:00,propline_free_sample
2026-09-18,2026-09-19 01:40:00+00:00,Nick Pivetta,4.5,over,-156,smarkets,214253,San Diego Padres,Miami Marlins,2026-09-18T18:23:21.114803+00:00,2026-09-19T21:39:46.196962+00:00,2026-09-19T17:39:46.196962-04:00,2026-09-19T17:39:46.196962-04:00,propline_free_sample
2026-09-18,2026-09-19 01:40:00+00:00,Nick Pivetta,4.5,under,110,smarkets,214253,San Diego Padres,Miami Marlins,2026-09-19T01:26:15.997702+00:00,2026-09-19T21:39:46.196962+00:00,2026-09-19T17:39:46.196962-04:00,2026-09-19T17:39:46.196962-04:00,propline_free_sample
2026-09-18,2026-09-19 01:40:00+00:00,Tyler Phillips,3.5,over,-102,smarkets,214253,San Diego Padres,Miami Marlins,2026-09-19T01:26:15.997702+00:00,2026-09-19T21:39:46.196962+00:00,2026-09-19T17:39:46.196962-04:00,2026-09-19T17:39:46.196962-04:00,propline_free_sample
2026-09-18,2026-09-19 01:40:00+00:00,Tyler Phillips,3.5,under,-137,smarkets,214253,San Diego Padres,Miami Marlins,2026-09-18T21:19:13.476781+00:00,2026-09-19T21:39:46.196962+00:00,2026-09-19T17:39:46.196962-04:00,2026-09-19T17:39:46.196962-04:00,propline_free_sample
2026-09-18,2026-09-19 01:40:00+00:00,Nick Pivetta,5.0,over,100,prizepicks,214253,San Diego Padres,Miami Marlins,2026-09-18T01:28:47.509043+00:00,2026-09-19T21:39:46.196962+00:00,2026-09-19T17:39:46.196962-04:00,2026-09-19T17:39:46.196962-04:00,propline_free_sample
2026-09-18,2026-09-19 01:40:00+00:00,Tyler Phillips,3.5,over,100,prizepicks,214253,San Diego Padres,Miami Marlins,2026-09-17T21:51:36.231995+00:00,2026-09-19T21:39:46.196962+00:00,2026-09-19T17:39:46.196962-04:00,2026-09-19T17:39:46.196962-04:00,propline_free_sample
2026-09-18,2026-09-19 01:40:00+00:00,Nick Pivetta,5.0,under,100,prizepicks,214253,San Diego Padres,Miami Marlins,2026-09-18T01:28:47.509043+00:00,2026-09-19T21:39:46.196962+00:00,2026-09-19T17:39:46.196962-04:00,2026-09-19T17:39:46.196962-04:00,propline_free_sample
2026-09-18,2026-09-19 01:40:00+00:00,Tyler Phillips,3.5,under,100,prizepicks,214253,San Diego Padres,Miami Marlins,2026-09-17T21:51:36.231995+00:00,2026-09-19T21:39:46.196962+00:00,2026-09-19T17:39:46.196962-04:00,2026-09-19T17:39:46.196962-04:00,propline_free_sample
2026-09-18,2026-09-19 01:40:00+00:00,Nick Pivetta,3.5,over,-250,underdog,214253,San Diego Padres,Miami Marlins,2026-09-19T01:38:33.740873+00:00,2026-09-19T21:39:46.196962+00:00,2026-09-19T17:39:46.196962-04:00,2026-09-19T17:39:46.196962-04:00,propline_free_sample
2026-09-18,2026-09-19 01:40:00+00:00,Nick Pivetta,3.5,under,165,underdog,214253,San Diego Padres,Miami Marlins,2026-09-19T01:38:33.740873+00:00,2026-09-19T21:39:46.196962+00:00,2026-09-19T17:39:46.196962-04:00,2026-09-19T17:39:46.196962-04:00,propline_free_sample
2026-09-18,2026-09-19 01:40:00+00:00,Nick Pivetta,4.5,over,-140,fanatics,214253,San Diego Padres,Miami Marlins,2026-09-19T01:28:52.376809+00:00,2026-09-19T21:39:46.196962+00:00,2026-09-19T17:39:46.196962-04:00,2026-09-19T17:39:46.196962-04:00,propline_free_sample
2026-09-18,2026-09-19 01:40:00+00:00,Nick Pivetta,4.5,under,105,fanatics,214253,San Diego Padres,Miami Marlins,2026-09-19T01:28:52.376809+00:00,2026-09-19T21:39:46.196962+00:00,2026-09-19T17:39:46.196962-04:00,2026-09-19T17:39:46.196962-04:00,propline_free_sample
2026-09-18,2026-09-19 01:40:00+00:00,Nick Pivetta,4.5,over,-161,draftkings,214253,San Diego Padres,Miami Marlins,2026-09-18T21:11:46.984969+00:00,2026-09-19T21:39:46.196962+00:00,2026-09-19T17:39:46.196962-04:00,2026-09-19T17:39:46.196962-04:00,propline_free_sample
2026-09-18,2026-09-19 01:40:00+00:00,Nick Pivetta,4.5,under,126,draftkings,214253,San Diego Padres,Miami Marlins,2026-09-18T21:11:46.984969+00:00,2026-09-19T21:39:46.196962+00:00,2026-09-19T17:39:46.196962-04:00,2026-09-19T17:39:46.196962-04:00,propline_free_sample
2026-09-18,2026-09-19 01:40:00+00:00,Nick Pivetta,4.5,over,-185,sleeper,214253,San Diego Padres,Miami Marlins,2026-09-18T23:09:08.117627+00:00,2026-09-19T21:39:46.196962+00:00,2026-09-19T17:39:46.196962-04:00,2026-09-19T17:39:46.196962-04:00,propline_free_sample
2026-09-18,2026-09-19 01:40:00+00:00,Nick Pivetta,4.5,under,110,sleeper,214253,San Diego Padres,Miami Marlins,2026-09-19T00:20:46.723159+00:00,2026-09-19T21:39:46.196962+00:00,2026-09-19T17:39:46.196962-04:00,2026-09-19T17:39:46.196962-04:00,propline_free_sample
2026-09-18,2026-09-19 01:40:00+00:00,Nick Pivetta,1.5,over,-3000,hardrock,214253,San Diego Padres,Miami Marlins,2026-09-18T23:06:13.203678+00:00,2026-09-19T21:39:46.196962+00:00,2026-09-19T17:39:46.196962-04:00,2026-09-19T17:39:46.196962-04:00,propline_free_sample
2026-09-18,2026-09-19 01:40:00+00:00,Nick Pivetta,1.5,under,700,hardrock,214253,San Diego Padres,Miami Marlins,2026-09-18T23:06:13.203678+00:00,2026-09-19T21:39:46.196962+00:00,2026-09-19T17:39:46.196962-04:00,2026-09-19T17:39:46.196962-04:00,propline_free_sample
2026-09-18,2026-09-19 01:40:00+00:00,Nick Pivetta,2.5,over,-9000,hardrock,214253,San Diego Padres,Miami Marlins,2026-09-18T23:18:25.724667+00:00,2026-09-19T21:39:46.196962+00:00,2026-09-19T17:39:46.196962-04:00,2026-09-19T17:39:46.196962-04:00,propline_free_sample
2026-09-18,2026-09-19 01:40:00+00:00,Nick Pivetta,2.5,under,2000,hardrock,214253,San Diego Padres,Miami Marlins,2026-09-18T21:18:12.849705+00:00,2026-09-19T21:39:46.196962+00:00,2026-09-19T17:39:46.196962-04:00,2026-09-19T17:39:46.196962-04:00,propline_free_sample
2026-09-18,2026-09-19 01:40:00+00:00,Nick Pivetta,3.5,over,-1200,hardrock,214253,San Diego Padres,Miami Marlins,2026-09-18T23:18:25.724667+00:00,2026-09-19T21:39:46.196962+00:00,2026-09-19T17:39:46.196962-04:00,2026-09-19T17:39:46.196962-04:00,propline_free_sample
2026-09-18,2026-09-19 01:40:00+00:00,Nick Pivetta,3.5,under,475,hardrock,214253,San Diego Padres,Miami Marlins,2026-09-18T23:18:25.724667+00:00,2026-09-19T21:39:46.196962+00:00,2026-09-19T17:39:46.196962-04:00,2026-09-19T17:39:46.196962-04:00,propline_free_sample
2026-09-18,2026-09-19 01:40:00+00:00,Nick Pivetta,4.5,over,-145,hardrock,214253,San Diego Padres,Miami Marlins,2026-09-19T00:22:42.904871+00:00,2026-09-19T21:39:46.196962+00:00,2026-09-19T17:39:46.196962-04:00,2026-09-19T17:39:46.196962-04:00,propline_free_sample
2026-09-18,2026-09-19 01:40:00+00:00,Nick Pivetta,4.5,under,100,hardrock,214253,San Diego Padres,Miami Marlins,2026-09-18T23:08:15.197324+00:00,2026-09-19T21:39:46.196962+00:00,2026-09-19T17:39:46.196962-04:00,2026-09-19T17:39:46.196962-04:00,propline_free_sample
2026-09-18,2026-09-19 01:40:00+00:00,Nick Pivetta,5.5,over,170,hardrock,214253,San Diego Padres,Miami Marlins,2026-09-18T23:08:15.197324+00:00,2026-09-19T21:39:46.196962+00:00,2026-09-19T17:39:46.196962-04:00,2026-09-19T17:39:46.196962-04:00,propline_free_sample
2026-09-18,2026-09-19 01:40:00+00:00,Nick Pivetta,5.5,under,-260,hardrock,214253,San Diego Padres,Miami Marlins,2026-09-19T00:22:42.904871+00:00,2026-09-19T21:39:46.196962+00:00,2026-09-19T17:39:46.196962-04:00,2026-09-19T17:39:46.196962-04:00,propline_free_sample
2026-09-18,2026-09-19 01:40:00+00:00,Nick Pivetta,6.5,over,475,hardrock,214253,San Diego Padres,Miami Marlins,2026-09-19T00:22:42.904871+00:00,2026-09-19T21:39:46.196962+00:00,2026-09-19T17:39:46.196962-04:00,2026-09-19T17:39:46.196962-04:00,propline_free_sample
2026-09-18,2026-09-19 01:40:00+00:00,Nick Pivetta,6.5,under,-1200,hardrock,214253,San Diego Padres,Miami Marlins,2026-09-19T00:22:42.904871+00:00,2026-09-19T21:39:46.196962+00:00,2026-09-19T17:39:46.196962-04:00,2026-09-19T17:39:46.196962-04:00,propline_free_sample
2026-09-18,2026-09-19 01:40:00+00:00,Nick Pivetta,7.5,over,1750,hardrock,214253,San Diego Padres,Miami Marlins,2026-09-19T00:22:42.904871+00:00,2026-09-19T21:39:46.196962+00:00,2026-09-19T17:39:46.196962-04:00,2026-09-19T17:39:46.196962-04:00,propline_free_sample
2026-09-18,2026-09-19 01:40:00+00:00,Nick Pivetta,7.5,under,-10000,hardrock,214253,San Diego Padres,Miami Marlins,2026-09-19T00:22:42.904871+00:00,2026-09-19T21:39:46.196962+00:00,2026-09-19T17:39:46.196962-04:00,2026-09-19T17:39:46.196962-04:00,propline_free_sample
2026-09-18,2026-09-19 01:40:00+00:00,Nick Pivetta,8.5,over,2500,hardrock,214253,San Diego Padres,Miami Marlins,2026-09-19T00:22:42.904871+00:00,2026-09-19T21:39:46.196962+00:00,2026-09-19T17:39:46.196962-04:00,2026-09-19T17:39:46.196962-04:00,propline_free_sample
2026-09-18,2026-09-19 01:40:00+00:00,Nick Pivetta,8.5,under,-15000,hardrock,214253,San Diego Padres,Miami Marlins,2026-09-18T23:08:15.197324+00:00,2026-09-19T21:39:46.196962+00:00,2026-09-19T17:39:46.196962-04:00,2026-09-19T17:39:46.196962-04:00,propline_free_sample
2026-09-18,2026-09-19 01:40:00+00:00,Nick Pivetta,9.5,over,4000,hardrock,214253,San Diego Padres,Miami Marlins,2026-09-18T12:26:47.936850+00:00,2026-09-19T21:39:46.196962+00:00,2026-09-19T17:39:46.196962-04:00,2026-09-19T17:39:46.196962-04:00,propline_free_sample
2026-09-18,2026-09-19 01:40:00+00:00,Nick Pivetta,9.5,under,-100000,hardrock,214253,San Diego Padres,Miami Marlins,2026-09-18T23:14:28.865065+00:00,2026-09-19T21:39:46.196962+00:00,2026-09-19T17:39:46.196962-04:00,2026-09-19T17:39:46.196962-04:00,propline_free_sample
2026-09-18,2026-09-19 01:40:00+00:00,Tyler Phillips,3.5,over,135,fanatics,214253,San Diego Padres,Miami Marlins,2026-09-18T23:16:27.954529+00:00,2026-09-19T21:39:46.196962+00:00,2026-09-19T17:39:46.196962-04:00,2026-09-19T17:39:46.196962-04:00,propline_free_sample
2026-09-18,2026-09-19 01:40:00+00:00,Tyler Phillips,3.5,under,-180,fanatics,214253,San Diego Padres,Miami Marlins,2026-09-18T23:16:27.954529+00:00,2026-09-19T21:39:46.196962+00:00,2026-09-19T17:39:46.196962-04:00,2026-09-19T17:39:46.196962-04:00,propline_free_sample
2026-09-18,2026-09-19 01:40:00+00:00,Tyler Phillips,3.5,over,-119,draftkings,214253,San Diego Padres,Miami Marlins,2026-09-18T22:33:44.428712+00:00,2026-09-19T21:39:46.196962+00:00,2026-09-19T17:39:46.196962-04:00,2026-09-19T17:39:46.196962-04:00,propline_free_sample
2026-09-18,2026-09-19 01:40:00+00:00,Tyler Phillips,3.5,under,-107,draftkings,214253,San Diego Padres,Miami Marlins,2026-09-18T22:33:44.428712+00:00,2026-09-19T21:39:46.196962+00:00,2026-09-19T17:39:46.196962-04:00,2026-09-19T17:39:46.196962-04:00,propline_free_sample
2026-09-18,2026-09-19 01:40:00+00:00,Nick Pivetta,5.5,over,100,prizepicks,214253,San Diego Padres,Miami Marlins,2026-09-17T22:04:44.475886+00:00,2026-09-19T21:39:46.196962+00:00,2026-09-19T17:39:46.196962-04:00,2026-09-19T17:39:46.196962-04:00,propline_free_sample
2026-09-18,2026-09-19 01:40:00+00:00,Nick Pivetta,6.5,over,100,prizepicks,214253,San Diego Padres,Miami Marlins,2026-09-17T22:04:44.475886+00:00,2026-09-19T21:39:46.196962+00:00,2026-09-19T17:39:46.196962-04:00,2026-09-19T17:39:46.196962-04:00,propline_free_sample
2026-09-18,2026-09-19 01:40:00+00:00,Tyler Phillips,6.5,over,100,prizepicks,214253,San Diego Padres,Miami Marlins,2026-09-17T22:04:44.475886+00:00,2026-09-19T21:39:46.196962+00:00,2026-09-19T17:39:46.196962-04:00,2026-09-19T17:39:46.196962-04:00,propline_free_sample
2026-09-18,2026-09-19 01:40:00+00:00,Nick Pivetta,7.5,over,100,prizepicks,214253,San Diego Padres,Miami Marlins,2026-09-17T22:04:44.475886+00:00,2026-09-19T21:39:46.196962+00:00,2026-09-19T17:39:46.196962-04:00,2026-09-19T17:39:46.196962-04:00,propline_free_sample
2026-09-18,2026-09-19 01:40:00+00:00,Nick Pivetta,3.5,over,100,prizepicks,214253,San Diego Padres,Miami Marlins,2026-09-17T22:04:44.475886+00:00,2026-09-19T21:39:46.196962+00:00,2026-09-19T17:39:46.196962-04:00,2026-09-19T17:39:46.196962-04:00,propline_free_sample
2026-09-18,2026-09-19 01:40:00+00:00,Tyler Phillips,5.5,over,100,prizepicks,214253,San Diego Padres,Miami Marlins,2026-09-17T22:08:44.451527+00:00,2026-09-19T21:39:46.196962+00:00,2026-09-19T17:39:46.196962-04:00,2026-09-19T17:39:46.196962-04:00,propline_free_sample
2026-09-18,2026-09-19 01:40:00+00:00,Nick Pivetta,5.5,under,100,prizepicks,214253,San Diego Padres,Miami Marlins,2026-09-17T22:08:44.451527+00:00,2026-09-19T21:39:46.196962+00:00,2026-09-19T17:39:46.196962-04:00,2026-09-19T17:39:46.196962-04:00,propline_free_sample
2026-09-18,2026-09-19 01:40:00+00:00,Nick Pivetta,6.5,under,100,prizepicks,214253,San Diego Padres,Miami Marlins,2026-09-17T22:08:44.451527+00:00,2026-09-19T21:39:46.196962+00:00,2026-09-19T17:39:46.196962-04:00,2026-09-19T17:39:46.196962-04:00,propline_free_sample
2026-09-18,2026-09-19 01:40:00+00:00,Nick Pivetta,3.5,under,100,prizepicks,214253,San Diego Padres,Miami Marlins,2026-09-17T22:08:44.451527+00:00,2026-09-19T21:39:46.196962+00:00,2026-09-19T17:39:46.196962-04:00,2026-09-19T17:39:46.196962-04:00,propline_free_sample
2026-09-18,2026-09-19 01:40:00+00:00,Tyler Phillips,4.5,over,100,prizepicks,214253,San Diego Padres,Miami Marlins,2026-09-17T22:08:44.451527+00:00,2026-09-19T21:39:46.196962+00:00,2026-09-19T17:39:46.196962-04:00,2026-09-19T17:39:46.196962-04:00,propline_free_sample
2026-09-18,2026-09-19 01:40:00+00:00,Nick Pivetta,8.5,over,100,prizepicks,214253,San Diego Padres,Miami Marlins,2026-09-17T22:08:44.451527+00:00,2026-09-19T21:39:46.196962+00:00,2026-09-19T17:39:46.196962-04:00,2026-09-19T17:39:46.196962-04:00,propline_free_sample
2026-09-18,2026-09-19 01:40:00+00:00,Nick Pivetta,2.5,over,100,prizepicks,214253,San Diego Padres,Miami Marlins,2026-09-17T22:08:44.451527+00:00,2026-09-19T21:39:46.196962+00:00,2026-09-19T17:39:46.196962-04:00,2026-09-19T17:39:46.196962-04:00,propline_free_sample
2026-09-18,2026-09-19 01:40:00+00:00,Tyler Phillips,2.5,over,100,prizepicks,214253,San Diego Padres,Miami Marlins,2026-09-17T22:08:44.451527+00:00,2026-09-19T21:39:46.196962+00:00,2026-09-19T17:39:46.196962-04:00,2026-09-19T17:39:46.196962-04:00,propline_free_sample
2026-09-18,2026-09-19 01:40:00+00:00,Nick Pivetta,2.5,under,100,prizepicks,214253,San Diego Padres,Miami Marlins,2026-09-17T22:08:44.451527+00:00,2026-09-19T21:39:46.196962+00:00,2026-09-19T17:39:46.196962-04:00,2026-09-19T17:39:46.196962-04:00,propline_free_sample
2026-09-18,2026-09-19 01:40:00+00:00,Tyler Phillips,3.5,over,-125,sleeper,214253,San Diego Padres,Miami Marlins,2026-09-19T00:20:46.723159+00:00,2026-09-19T21:39:46.196962+00:00,2026-09-19T17:39:46.196962-04:00,2026-09-19T17:39:46.196962-04:00,propline_free_sample
2026-09-18,2026-09-19 01:40:00+00:00,Tyler Phillips,3.5,under,-130,sleeper,214253,San Diego Padres,Miami Marlins,2026-09-19T01:34:09.763803+00:00,2026-09-19T21:39:46.196962+00:00,2026-09-19T17:39:46.196962-04:00,2026-09-19T17:39:46.196962-04:00,propline_free_sample
2026-09-18,2026-09-19 01:40:00+00:00,Tyler Phillips,0.5,over,-5000,hardrock,214253,San Diego Padres,Miami Marlins,2026-09-18T23:08:15.197324+00:00,2026-09-19T21:39:46.196962+00:00,2026-09-19T17:39:46.196962-04:00,2026-09-19T17:39:46.196962-04:00,propline_free_sample
2026-09-18,2026-09-19 01:40:00+00:00,Tyler Phillips,0.5,under,1100,hardrock,214253,San Diego Padres,Miami Marlins,2026-09-18T22:55:40.443726+00:00,2026-09-19T21:39:46.196962+00:00,2026-09-19T17:39:46.196962-04:00,2026-09-19T17:39:46.196962-04:00,propline_free_sample
2026-09-18,2026-09-19 01:40:00+00:00,Tyler Phillips,1.5,over,-3000,hardrock,214253,San Diego Padres,Miami Marlins,2026-09-18T15:54:44.831198+00:00,2026-09-19T21:39:46.196962+00:00,2026-09-19T17:39:46.196962-04:00,2026-09-19T17:39:46.196962-04:00,propline_free_sample
2026-09-18,2026-09-19 01:40:00+00:00,Tyler Phillips,1.5,under,650,hardrock,214253,San Diego Padres,Miami Marlins,2026-09-18T16:23:17.095733+00:00,2026-09-19T21:39:46.196962+00:00,2026-09-19T17:39:46.196962-04:00,2026-09-19T17:39:46.196962-04:00,propline_free_sample
2026-09-18,2026-09-19 01:40:00+00:00,Tyler Phillips,2.5,over,-850,hardrock,214253,San Diego Padres,Miami Marlins,2026-09-18T16:23:17.095733+00:00,2026-09-19T21:39:46.196962+00:00,2026-09-19T17:39:46.196962-04:00,2026-09-19T17:39:46.196962-04:00,propline_free_sample
2026-09-18,2026-09-19 01:40:00+00:00,Tyler Phillips,2.5,under,400,hardrock,214253,San Diego Padres,Miami Marlins,2026-09-18T23:12:26.425480+00:00,2026-09-19T21:39:46.196962+00:00,2026-09-19T17:39:46.196962-04:00,2026-09-19T17:39:46.196962-04:00,propline_free_sample
2026-09-18,2026-09-19 01:40:00+00:00,Tyler Phillips,3.5,over,-150,hardrock,214253,San Diego Padres,Miami Marlins,2026-09-19T00:22:42.904871+00:00,2026-09-19T21:39:46.196962+00:00,2026-09-19T17:39:46.196962-04:00,2026-09-19T17:39:46.196962-04:00,propline_free_sample
2026-09-18,2026-09-19 01:40:00+00:00,Tyler Phillips,3.5,under,105,hardrock,214253,San Diego Padres,Miami Marlins,2026-09-19T00:22:42.904871+00:00,2026-09-19T21:39:46.196962+00:00,2026-09-19T17:39:46.196962-04:00,2026-09-19T17:39:46.196962-04:00,propline_free_sample
2026-09-18,2026-09-19 01:40:00+00:00,Tyler Phillips,4.5,over,220,hardrock,214253,San Diego Padres,Miami Marlins,2026-09-19T00:22:42.904871+00:00,2026-09-19T21:39:46.196962+00:00,2026-09-19T17:39:46.196962-04:00,2026-09-19T17:39:46.196962-04:00,propline_free_sample
2026-09-18,2026-09-19 01:40:00+00:00,Tyler Phillips,4.5,under,-350,hardrock,214253,San Diego Padres,Miami Marlins,2026-09-18T22:34:20.551456+00:00,2026-09-19T21:39:46.196962+00:00,2026-09-19T17:39:46.196962-04:00,2026-09-19T17:39:46.196962-04:00,propline_free_sample
2026-09-18,2026-09-19 01:40:00+00:00,Tyler Phillips,5.5,over,600,hardrock,214253,San Diego Padres,Miami Marlins,2026-09-18T23:08:15.197324+00:00,2026-09-19T21:39:46.196962+00:00,2026-09-19T17:39:46.196962-04:00,2026-09-19T17:39:46.196962-04:00,propline_free_sample
2026-09-18,2026-09-19 01:40:00+00:00,Tyler Phillips,5.5,under,-2200,hardrock,214253,San Diego Padres,Miami Marlins,2026-09-18T21:39:39.929417+00:00,2026-09-19T21:39:46.196962+00:00,2026-09-19T17:39:46.196962-04:00,2026-09-19T17:39:46.196962-04:00,propline_free_sample
2026-09-18,2026-09-19 01:40:00+00:00,Tyler Phillips,6.5,over,2500,hardrock,214253,San Diego Padres,Miami Marlins,2026-09-18T23:20:55.119348+00:00,2026-09-19T21:39:46.196962+00:00,2026-09-19T17:39:46.196962-04:00,2026-09-19T17:39:46.196962-04:00,propline_free_sample
2026-09-18,2026-09-19 01:40:00+00:00,Tyler Phillips,6.5,under,-15000,hardrock,214253,San Diego Padres,Miami Marlins,2026-09-18T19:57:41.097320+00:00,2026-09-19T21:39:46.196962+00:00,2026-09-19T17:39:46.196962-04:00,2026-09-19T17:39:46.196962-04:00,propline_free_sample
2026-09-18,2026-09-19 01:40:00+00:00,Tyler Phillips,7.5,over,2500,hardrock,214253,San Diego Padres,Miami Marlins,2026-09-18T21:13:06.684748+00:00,2026-09-19T21:39:46.196962+00:00,2026-09-19T17:39:46.196962-04:00,2026-09-19T17:39:46.196962-04:00,propline_free_sample
2026-09-18,2026-09-19 01:40:00+00:00,Tyler Phillips,7.5,under,-15000,hardrock,214253,San Diego Padres,Miami Marlins,2026-09-18T23:14:28.865065+00:00,2026-09-19T21:39:46.196962+00:00,2026-09-19T17:39:46.196962-04:00,2026-09-19T17:39:46.196962-04:00,propline_free_sample
2026-09-18,2026-09-19 01:40:00+00:00,Tyler Phillips,8.5,over,4000,hardrock,214253,San Diego Padres,Miami Marlins,2026-09-17T22:13:50.626173+00:00,2026-09-19T21:39:46.196962+00:00,2026-09-19T17:39:46.196962-04:00,2026-09-19T17:39:46.196962-04:00,propline_free_sample
2026-09-18,2026-09-19 01:40:00+00:00,Tyler Phillips,8.5,under,-50000,hardrock,214253,San Diego Padres,Miami Marlins,2026-09-17T22:13:50.626173+00:00,2026-09-19T21:39:46.196962+00:00,2026-09-19T17:39:46.196962-04:00,2026-09-19T17:39:46.196962-04:00,propline_free_sample
2026-09-18,2026-09-19 01:40:00+00:00,Nick Pivetta,4.5,over,-155,onexbet,214253,San Diego Padres,Miami Marlins,2026-09-19T01:24:09.249839+00:00,2026-09-19T21:39:46.196962+00:00,2026-09-19T17:39:46.196962-04:00,2026-09-19T17:39:46.196962-04:00,propline_free_sample
2026-09-18,2026-09-19 01:40:00+00:00,Tyler Phillips,3.5,over,100,onexbet,214253,San Diego Padres,Miami Marlins,2026-09-19T01:24:09.249839+00:00,2026-09-19T21:39:46.196962+00:00,2026-09-19T17:39:46.196962-04:00,2026-09-19T17:39:46.196962-04:00,propline_free_sample
2026-09-18,2026-09-19 01:40:00+00:00,Nick Pivetta,4.5,under,115,onexbet,214253,San Diego Padres,Miami Marlins,2026-09-19T01:24:09.249839+00:00,2026-09-19T21:39:46.196962+00:00,2026-09-19T17:39:46.196962-04:00,2026-09-19T17:39:46.196962-04:00,propline_free_sample
2026-09-18,2026-09-19 01:40:00+00:00,Tyler Phillips,3.5,under,-135,onexbet,214253,San Diego Padres,Miami Marlins,2026-09-19T01:24:09.249839+00:00,2026-09-19T21:39:46.196962+00:00,2026-09-19T17:39:46.196962-04:00,2026-09-19T17:39:46.196962-04:00,propline_free_sample
2026-09-18,2026-09-19 01:40:00+00:00,Tyler Phillips,5.5,under,100,prizepicks,214253,San Diego Padres,Miami Marlins,2026-09-17T22:19:47.844681+00:00,2026-09-19T21:39:46.196962+00:00,2026-09-19T17:39:46.196962-04:00,2026-09-19T17:39:46.196962-04:00,propline_free_sample
2026-09-18,2026-09-19 01:40:00+00:00,Tyler Phillips,7.5,over,100,prizepicks,214253,San Diego Padres,Miami Marlins,2026-09-17T22:19:47.844681+00:00,2026-09-19T21:39:46.196962+00:00,2026-09-19T17:39:46.196962-04:00,2026-09-19T17:39:46.196962-04:00,propline_free_sample
2026-09-18,2026-09-19 01:40:00+00:00,Tyler Phillips,4.5,under,100,prizepicks,214253,San Diego Padres,Miami Marlins,2026-09-17T22:19:47.844681+00:00,2026-09-19T21:39:46.196962+00:00,2026-09-19T17:39:46.196962-04:00,2026-09-19T17:39:46.196962-04:00,propline_free_sample
2026-09-18,2026-09-19 01:40:00+00:00,Tyler Phillips,2.5,under,100,prizepicks,214253,San Diego Padres,Miami Marlins,2026-09-17T22:19:47.844681+00:00,2026-09-19T21:39:46.196962+00:00,2026-09-19T17:39:46.196962-04:00,2026-09-19T17:39:46.196962-04:00,propline_free_sample
2026-09-18,2026-09-19 01:40:00+00:00,Tyler Phillips,1.5,over,100,prizepicks,214253,San Diego Padres,Miami Marlins,2026-09-17T22:19:47.844681+00:00,2026-09-19T21:39:46.196962+00:00,2026-09-19T17:39:46.196962-04:00,2026-09-19T17:39:46.196962-04:00,propline_free_sample
2026-09-18,2026-09-19 01:40:00+00:00,Tyler Phillips,1.5,under,100,prizepicks,214253,San Diego Padres,Miami Marlins,2026-09-17T22:19:47.844681+00:00,2026-09-19T21:39:46.196962+00:00,2026-09-19T17:39:46.196962-04:00,2026-09-19T17:39:46.196962-04:00,propline_free_sample
2026-09-18,2026-09-19 01:40:00+00:00,Tyler Phillips,1.5,over,-3233,kalshi,214253,San Diego Padres,Miami Marlins,2026-09-18T22:37:59.848260+00:00,2026-09-19T21:39:46.196962+00:00,2026-09-19T17:39:46.196962-04:00,2026-09-19T17:39:46.196962-04:00,propline_free_sample
2026-09-18,2026-09-19 01:40:00+00:00,Nick Pivetta,2.5,over,-9900,kalshi,214253,San Diego Padres,Miami Marlins,2026-09-19T00:22:53.376461+00:00,2026-09-19T21:39:46.196962+00:00,2026-09-19T17:39:46.196962-04:00,2026-09-19T17:39:46.196962-04:00,propline_free_sample
2026-09-18,2026-09-19 01:40:00+00:00,Tyler Phillips,2.5,over,-614,kalshi,214253,San Diego Padres,Miami Marlins,2026-09-18T21:09:48.768836+00:00,2026-09-19T21:39:46.196962+00:00,2026-09-19T17:39:46.196962-04:00,2026-09-19T17:39:46.196962-04:00,propline_free_sample
2026-09-18,2026-09-19 01:40:00+00:00,Nick Pivetta,3.5,over,-809,kalshi,214253,San Diego Padres,Miami Marlins,2026-09-18T17:29:44.998449+00:00,2026-09-19T21:39:46.196962+00:00,2026-09-19T17:39:46.196962-04:00,2026-09-19T17:39:46.196962-04:00,propline_free_sample
2026-09-18,2026-09-19 01:40:00+00:00,Tyler Phillips,3.5,over,9900,kalshi,214253,San Diego Padres,Miami Marlins,2026-09-18T23:49:18.383405+00:00,2026-09-19T21:39:46.196962+00:00,2026-09-19T17:39:46.196962-04:00,2026-09-19T17:39:46.196962-04:00,propline_free_sample
2026-09-18,2026-09-19 01:40:00+00:00,Nick Pivetta,4.5,over,9900,kalshi,214253,San Diego Padres,Miami Marlins,2026-09-19T01:35:18.569742+00:00,2026-09-19T21:39:46.196962+00:00,2026-09-19T17:39:46.196962-04:00,2026-09-19T17:39:46.196962-04:00,propline_free_sample
2026-09-18,2026-09-19 01:40:00+00:00,Tyler Phillips,4.5,over,9900,kalshi,214253,San Diego Padres,Miami Marlins,2026-09-19T01:36:32.987724+00:00,2026-09-19T21:39:46.196962+00:00,2026-09-19T17:39:46.196962-04:00,2026-09-19T17:39:46.196962-04:00,propline_free_sample
2026-09-18,2026-09-19 01:40:00+00:00,Nick Pivetta,5.5,over,9900,kalshi,214253,San Diego Padres,Miami Marlins,2026-09-18T16:05:09.770086+00:00,2026-09-19T21:39:46.196962+00:00,2026-09-19T17:39:46.196962-04:00,2026-09-19T17:39:46.196962-04:00,propline_free_sample
2026-09-18,2026-09-19 01:40:00+00:00,Tyler Phillips,5.5,over,9900,kalshi,214253,San Diego Padres,Miami Marlins,2026-09-18T19:48:06.701480+00:00,2026-09-19T21:39:46.196962+00:00,2026-09-19T17:39:46.196962-04:00,2026-09-19T17:39:46.196962-04:00,propline_free_sample
2026-09-18,2026-09-19 01:40:00+00:00,Nick Pivetta,6.5,over,9900,kalshi,214253,San Diego Padres,Miami Marlins,2026-09-19T01:35:18.569742+00:00,2026-09-19T21:39:46.196962+00:00,2026-09-19T17:39:46.196962-04:00,2026-09-19T17:39:46.196962-04:00,propline_free_sample
2026-09-18,2026-09-19 01:40:00+00:00,Tyler Phillips,6.5,over,9900,kalshi,214253,San Diego Padres,Miami Marlins,2026-09-19T01:35:18.569742+00:00,2026-09-19T21:39:46.196962+00:00,2026-09-19T17:39:46.196962-04:00,2026-09-19T17:39:46.196962-04:00,propline_free_sample
2026-09-18,2026-09-19 01:40:00+00:00,Nick Pivetta,7.5,over,9900,kalshi,214253,San Diego Padres,Miami Marlins,2026-09-19T00:46:24.864562+00:00,2026-09-19T21:39:46.196962+00:00,2026-09-19T17:39:46.196962-04:00,2026-09-19T17:39:46.196962-04:00,propline_free_sample
2026-09-18,2026-09-19 01:40:00+00:00,Tyler Phillips,3.5,under,-525,kalshi,214253,San Diego Padres,Miami Marlins,2026-09-18T22:35:14.534190+00:00,2026-09-19T21:39:46.196962+00:00,2026-09-19T17:39:46.196962-04:00,2026-09-19T17:39:46.196962-04:00,propline_free_sample
2026-09-18,2026-09-19 01:40:00+00:00,Nick Pivetta,4.5,under,-525,kalshi,214253,San Diego Padres,Miami Marlins,2026-09-19T01:35:18.569742+00:00,2026-09-19T21:39:46.196962+00:00,2026-09-19T17:39:46.196962-04:00,2026-09-19T17:39:46.196962-04:00,propline_free_sample
2026-09-18,2026-09-19 01:40:00+00:00,Nick Pivetta,4.5,over,-4445,novig,214253,San Diego Padres,Miami Marlins,2026-09-19T01:09:40.863494+00:00,2026-09-19T21:39:46.196962+00:00,2026-09-19T17:39:46.196962-04:00,2026-09-19T17:39:46.196962-04:00,propline_free_sample
2026-09-18,2026-09-19 01:40:00+00:00,Nick Pivetta,4.5,under,-99900,novig,214253,San Diego Padres,Miami Marlins,2026-09-19T01:39:11.573456+00:00,2026-09-19T21:39:46.196962+00:00,2026-09-19T17:39:46.196962-04:00,2026-09-19T17:39:46.196962-04:00,propline_free_sample
2026-09-18,2026-09-19 01:40:00+00:00,Tyler Phillips,3.5,over,-1983,novig,214253,San Diego Padres,Miami Marlins,2026-09-19T01:39:11.573456+00:00,2026-09-19T21:39:46.196962+00:00,2026-09-19T17:39:46.196962-04:00,2026-09-19T17:39:46.196962-04:00,propline_free_sample
2026-09-18,2026-09-19 01:40:00+00:00,Tyler Phillips,3.5,under,-809,novig,214253,San Diego Padres,Miami Marlins,2026-09-19T01:38:13.191548+00:00,2026-09-19T21:39:46.196962+00:00,2026-09-19T17:39:46.196962-04:00,2026-09-19T17:39:46.196962-04:00,propline_free_sample
2026-09-18,2026-09-19 01:40:00+00:00,Tyler Phillips,1.5,under,9900,kalshi,214253,San Diego Padres,Miami Marlins,2026-09-19T01:08:32.396776+00:00,2026-09-19T21:39:46.196962+00:00,2026-09-19T17:39:46.196962-04:00,2026-09-19T17:39:46.196962-04:00,propline_free_sample
2026-09-18,2026-09-19 01:40:00+00:00,Nick Pivetta,2.5,under,9900,kalshi,214253,San Diego Padres,Miami Marlins,2026-09-19T01:35:18.569742+00:00,2026-09-19T21:39:46.196962+00:00,2026-09-19T17:39:46.196962-04:00,2026-09-19T17:39:46.196962-04:00,propline_free_sample
2026-09-18,2026-09-19 01:40:00+00:00,Tyler Phillips,2.5,under,9900,kalshi,214253,San Diego Padres,Miami Marlins,2026-09-18T23:31:15.265020+00:00,2026-09-19T21:39:46.196962+00:00,2026-09-19T17:39:46.196962-04:00,2026-09-19T17:39:46.196962-04:00,propline_free_sample
2026-09-18,2026-09-19 01:40:00+00:00,Nick Pivetta,3.5,under,9900,kalshi,214253,San Diego Padres,Miami Marlins,2026-09-19T01:35:18.569742+00:00,2026-09-19T21:39:46.196962+00:00,2026-09-19T17:39:46.196962-04:00,2026-09-19T17:39:46.196962-04:00,propline_free_sample
2026-09-18,2026-09-19 01:40:00+00:00,Tyler Phillips,4.5,under,-1011,kalshi,214253,San Diego Padres,Miami Marlins,2026-09-19T01:12:07.204555+00:00,2026-09-19T21:39:46.196962+00:00,2026-09-19T17:39:46.196962-04:00,2026-09-19T17:39:46.196962-04:00,propline_free_sample
2026-09-18,2026-09-19 01:40:00+00:00,Nick Pivetta,5.5,under,-1150,kalshi,214253,San Diego Padres,Miami Marlins,2026-09-18T16:05:09.770086+00:00,2026-09-19T21:39:46.196962+00:00,2026-09-19T17:39:46.196962-04:00,2026-09-19T17:39:46.196962-04:00,propline_free_sample
2026-09-18,2026-09-19 01:40:00+00:00,Tyler Phillips,5.5,under,-1011,kalshi,214253,San Diego Padres,Miami Marlins,2026-09-19T01:39:43.835036+00:00,2026-09-19T21:39:46.196962+00:00,2026-09-19T17:39:46.196962-04:00,2026-09-19T17:39:46.196962-04:00,propline_free_sample
2026-09-18,2026-09-19 01:40:00+00:00,Nick Pivetta,6.5,under,-9900,kalshi,214253,San Diego Padres,Miami Marlins,2026-09-19T01:38:15.816567+00:00,2026-09-19T21:39:46.196962+00:00,2026-09-19T17:39:46.196962-04:00,2026-09-19T17:39:46.196962-04:00,propline_free_sample
2026-09-18,2026-09-19 01:40:00+00:00,Eduardo Rodriguez,3.5,over,-103,underdog,214252,Arizona Diamondbacks,New York Yankees,2026-09-18T19:14:15.824326+00:00,2026-09-19T21:39:46.196962+00:00,2026-09-19T17:39:46.196962-04:00,2026-09-19T17:39:46.196962-04:00,propline_free_sample
2026-09-18,2026-09-19 01:40:00+00:00,Gerrit Cole,6.5,over,184,underdog,214252,Arizona Diamondbacks,New York Yankees,2026-09-18T23:00:08.255238+00:00,2026-09-19T21:39:46.196962+00:00,2026-09-19T17:39:46.196962-04:00,2026-09-19T17:39:46.196962-04:00,propline_free_sample
2026-09-18,2026-09-19 01:40:00+00:00,Eduardo Rodriguez,3.5,under,-148,underdog,214252,Arizona Diamondbacks,New York Yankees,2026-09-18T19:14:15.824326+00:00,2026-09-19T21:39:46.196962+00:00,2026-09-19T17:39:46.196962-04:00,2026-09-19T17:39:46.196962-04:00,propline_free_sample
2026-09-18,2026-09-19 01:40:00+00:00,Gerrit Cole,6.5,under,-286,underdog,214252,Arizona Diamondbacks,New York Yankees,2026-09-18T23:00:08.255238+00:00,2026-09-19T21:39:46.196962+00:00,2026-09-19T17:39:46.196962-04:00,2026-09-19T17:39:46.196962-04:00,propline_free_sample
2026-09-18,2026-09-19 01:40:00+00:00,Eduardo Rodriguez,5.5,over,140,dabble,214252,Arizona Diamondbacks,New York Yankees,2026-09-19T00:14:11.235559+00:00,2026-09-19T21:39:46.196962+00:00,2026-09-19T17:39:46.196962-04:00,2026-09-19T17:39:46.196962-04:00,propline_free_sample
2026-09-18,2026-09-19 01:40:00+00:00,Gerrit Cole,4.5,over,-120,dabble,214252,Arizona Diamondbacks,New York Yankees,2026-09-18T03:36:58.630481+00:00,2026-09-19T21:39:46.196962+00:00,2026-09-19T17:39:46.196962-04:00,2026-09-19T17:39:46.196962-04:00,propline_free_sample
2026-09-18,2026-09-19 01:40:00+00:00,Eduardo Rodriguez,5.5,under,-139,dabble,214252,Arizona Diamondbacks,New York Yankees,2026-09-19T00:14:11.235559+00:00,2026-09-19T21:39:46.196962+00:00,2026-09-19T17:39:46.196962-04:00,2026-09-19T17:39:46.196962-04:00,propline_free_sample
2026-09-18,2026-09-19 01:40:00+00:00,Gerrit Cole,4.5,under,120,dabble,214252,Arizona Diamondbacks,New York Yankees,2026-09-18T03:36:58.630481+00:00,2026-09-19T21:39:46.196962+00:00,2026-09-19T17:39:46.196962-04:00,2026-09-19T17:39:46.196962-04:00,propline_free_sample
2026-09-18,2026-09-19 01:40:00+00:00,Tyler Phillips,3.5,over,-104,prophetx,214253,San Diego Padres,Miami Marlins,2026-09-19T01:31:34.736453+00:00,2026-09-19T21:39:46.196962+00:00,2026-09-19T17:39:46.196962-04:00,2026-09-19T17:39:46.196962-04:00,propline_free_sample
2026-09-18,2026-09-19 01:40:00+00:00,Tyler Phillips,3.5,under,102,prophetx,214253,San Diego Padres,Miami Marlins,2026-09-18T23:44:20.695076+00:00,2026-09-19T21:39:46.196962+00:00,2026-09-19T17:39:46.196962-04:00,2026-09-19T17:39:46.196962-04:00,propline_free_sample
2026-09-18,2026-09-19 01:40:00+00:00,Eduardo Rodriguez,4.5,over,-140,fanduel,214252,Arizona Diamondbacks,New York Yankees,2026-09-18T23:02:52.007686+00:00,2026-09-19T21:39:46.196962+00:00,2026-09-19T17:39:46.196962-04:00,2026-09-19T17:39:46.196962-04:00,propline_free_sample
2026-09-18,2026-09-19 01:40:00+00:00,Eduardo Rodriguez,4.5,under,110,fanduel,214252,Arizona Diamondbacks,New York Yankees,2026-09-18T23:02:52.007686+00:00,2026-09-19T21:39:46.196962+00:00,2026-09-19T17:39:46.196962-04:00,2026-09-19T17:39:46.196962-04:00,propline_free_sample
2026-09-18,2026-09-19 01:40:00+00:00,Gerrit Cole,4.5,over,-122,fanduel,214252,Arizona Diamondbacks,New York Yankees,2026-09-18T13:53:17.841236+00:00,2026-09-19T21:39:46.196962+00:00,2026-09-19T17:39:46.196962-04:00,2026-09-19T17:39:46.196962-04:00,propline_free_sample
2026-09-18,2026-09-19 01:40:00+00:00,Gerrit Cole,4.5,under,-104,fanduel,214252,Arizona Diamondbacks,New York Yankees,2026-09-18T13:53:17.841236+00:00,2026-09-19T21:39:46.196962+00:00,2026-09-19T17:39:46.196962-04:00,2026-09-19T17:39:46.196962-04:00,propline_free_sample
2026-09-18,2026-09-19 01:40:00+00:00,Gerrit Cole,4.5,over,100,prizepicks,214252,Arizona Diamondbacks,New York Yankees,2026-09-18T01:07:39.925917+00:00,2026-09-19T21:39:46.196962+00:00,2026-09-19T17:39:46.196962-04:00,2026-09-19T17:39:46.196962-04:00,propline_free_sample
2026-09-18,2026-09-19 01:40:00+00:00,Gerrit Cole,4.5,under,100,prizepicks,214252,Arizona Diamondbacks,New York Yankees,2026-09-18T01:07:39.925917+00:00,2026-09-19T21:39:46.196962+00:00,2026-09-19T17:39:46.196962-04:00,2026-09-19T17:39:46.196962-04:00,propline_free_sample
2026-09-18,2026-09-19 01:40:00+00:00,Eduardo Rodriguez,5.5,over,100,prizepicks,214252,Arizona Diamondbacks,New York Yankees,2026-09-18T01:07:39.925917+00:00,2026-09-19T21:39:46.196962+00:00,2026-09-19T17:39:46.196962-04:00,2026-09-19T17:39:46.196962-04:00,propline_free_sample
2026-09-18,2026-09-19 01:40:00+00:00,Gerrit Cole,5.5,over,100,prizepicks,214252,Arizona Diamondbacks,New York Yankees,2026-09-18T01:07:39.925917+00:00,2026-09-19T21:39:46.196962+00:00,2026-09-19T17:39:46.196962-04:00,2026-09-19T17:39:46.196962-04:00,propline_free_sample
2026-09-18,2026-09-19 01:40:00+00:00,Eduardo Rodriguez,6.5,over,100,prizepicks,214252,Arizona Diamondbacks,New York Yankees,2026-09-18T01:07:39.925917+00:00,2026-09-19T21:39:46.196962+00:00,2026-09-19T17:39:46.196962-04:00,2026-09-19T17:39:46.196962-04:00,propline_free_sample
2026-09-18,2026-09-19 01:40:00+00:00,Gerrit Cole,6.5,over,100,prizepicks,214252,Arizona Diamondbacks,New York Yankees,2026-09-18T01:07:39.925917+00:00,2026-09-19T21:39:46.196962+00:00,2026-09-19T17:39:46.196962-04:00,2026-09-19T17:39:46.196962-04:00,propline_free_sample
2026-09-18,2026-09-19 01:40:00+00:00,Eduardo Rodriguez,7.5,over,100,prizepicks,214252,Arizona Diamondbacks,New York Yankees,2026-09-18T01:07:39.925917+00:00,2026-09-19T21:39:46.196962+00:00,2026-09-19T17:39:46.196962-04:00,2026-09-19T17:39:46.196962-04:00,propline_free_sample
2026-09-18,2026-09-19 01:40:00+00:00,Gerrit Cole,7.5,over,100,prizepicks,214252,Arizona Diamondbacks,New York Yankees,2026-09-18T01:07:39.925917+00:00,2026-09-19T21:39:46.196962+00:00,2026-09-19T17:39:46.196962-04:00,2026-09-19T17:39:46.196962-04:00,propline_free_sample
2026-09-18,2026-09-19 01:40:00+00:00,Eduardo Rodriguez,3.5,over,100,prizepicks,214252,Arizona Diamondbacks,New York Yankees,2026-09-18T01:07:39.925917+00:00,2026-09-19T21:39:46.196962+00:00,2026-09-19T17:39:46.196962-04:00,2026-09-19T17:39:46.196962-04:00,propline_free_sample
2026-09-18,2026-09-19 01:40:00+00:00,Gerrit Cole,3.5,over,100,prizepicks,214252,Arizona Diamondbacks,New York Yankees,2026-09-18T01:07:39.925917+00:00,2026-09-19T21:39:46.196962+00:00,2026-09-19T17:39:46.196962-04:00,2026-09-19T17:39:46.196962-04:00,propline_free_sample
2026-09-18,2026-09-19 01:40:00+00:00,Eduardo Rodriguez,4.5,over,100,prizepicks,214252,Arizona Diamondbacks,New York Yankees,2026-09-18T01:07:39.925917+00:00,2026-09-19T21:39:46.196962+00:00,2026-09-19T17:39:46.196962-04:00,2026-09-19T17:39:46.196962-04:00,propline_free_sample
2026-09-18,2026-09-19 01:40:00+00:00,Eduardo Rodriguez,4.5,under,100,prizepicks,214252,Arizona Diamondbacks,New York Yankees,2026-09-18T01:07:39.925917+00:00,2026-09-19T21:39:46.196962+00:00,2026-09-19T17:39:46.196962-04:00,2026-09-19T17:39:46.196962-04:00,propline_free_sample
2026-09-18,2026-09-19 01:40:00+00:00,Nick Pivetta,4.5,over,-210,prophetx,214253,San Diego Padres,Miami Marlins,2026-09-19T01:37:09.133663+00:00,2026-09-19T21:39:46.196962+00:00,2026-09-19T17:39:46.196962-04:00,2026-09-19T17:39:46.196962-04:00,propline_free_sample
2026-09-18,2026-09-19 01:40:00+00:00,Nick Pivetta,4.5,under,127,prophetx,214253,San Diego Padres,Miami Marlins,2026-09-19T01:39:33.472174+00:00,2026-09-19T21:39:46.196962+00:00,2026-09-19T17:39:46.196962-04:00,2026-09-19T17:39:46.196962-04:00,propline_free_sample
2026-09-18,2026-09-19 01:40:00+00:00,Eduardo Rodriguez,4.5,over,-140,prophetx,214252,Arizona Diamondbacks,New York Yankees,2026-09-19T01:31:35.104042+00:00,2026-09-19T21:39:46.196962+00:00,2026-09-19T17:39:46.196962-04:00,2026-09-19T17:39:46.196962-04:00,propline_free_sample
2026-09-18,2026-09-19 01:40:00+00:00,Eduardo Rodriguez,4.5,under,125,prophetx,214252,Arizona Diamondbacks,New York Yankees,2026-09-19T01:19:10.793640+00:00,2026-09-19T21:39:46.196962+00:00,2026-09-19T17:39:46.196962-04:00,2026-09-19T17:39:46.196962-04:00,propline_free_sample
2026-09-18,2026-09-19 01:40:00+00:00,Gerrit Cole,4.5,over,-114,prophetx,214252,Arizona Diamondbacks,New York Yankees,2026-09-19T01:39:31.606223+00:00,2026-09-19T21:39:46.196962+00:00,2026-09-19T17:39:46.196962-04:00,2026-09-19T17:39:46.196962-04:00,propline_free_sample
2026-09-18,2026-09-19 01:40:00+00:00,Gerrit Cole,4.5,under,-103,prophetx,214252,Arizona Diamondbacks,New York Yankees,2026-09-19T01:31:35.104042+00:00,2026-09-19T21:39:46.196962+00:00,2026-09-19T17:39:46.196962-04:00,2026-09-19T17:39:46.196962-04:00,propline_free_sample
2026-09-18,2026-09-19 01:40:00+00:00,Nick Pivetta,5.5,over,-130,novig,214253,San Diego Padres,Miami Marlins,2026-09-19T01:38:54.152067+00:00,2026-09-19T21:39:46.196962+00:00,2026-09-19T17:39:46.196962-04:00,2026-09-19T17:39:46.196962-04:00,propline_free_sample
2026-09-18,2026-09-19 01:40:00+00:00,Nick Pivetta,5.5,under,-99900,novig,214253,San Diego Padres,Miami Marlins,2026-09-19T01:39:11.573456+00:00,2026-09-19T21:39:46.196962+00:00,2026-09-19T17:39:46.196962-04:00,2026-09-19T17:39:46.196962-04:00,propline_free_sample
2026-09-18,2026-09-19 01:40:00+00:00,Tyler Phillips,3.5,over,-113,fanduel,214253,San Diego Padres,Miami Marlins,2026-09-19T01:38:13.317211+00:00,2026-09-19T21:39:46.196962+00:00,2026-09-19T17:39:46.196962-04:00,2026-09-19T17:39:46.196962-04:00,propline_free_sample
2026-09-18,2026-09-19 01:40:00+00:00,Tyler Phillips,3.5,under,-113,fanduel,214253,San Diego Padres,Miami Marlins,2026-09-19T01:38:13.317211+00:00,2026-09-19T21:39:46.196962+00:00,2026-09-19T17:39:46.196962-04:00,2026-09-19T17:39:46.196962-04:00,propline_free_sample
2026-09-18,2026-09-19 01:40:00+00:00,Eduardo Rodriguez (ARI),4.5,over,-145,bovada,214252,Arizona Diamondbacks,New York Yankees,2026-09-18T01:15:49.543998+00:00,2026-09-19T21:39:46.196962+00:00,2026-09-19T17:39:46.196962-04:00,2026-09-19T17:39:46.196962-04:00,propline_free_sample
2026-09-18,2026-09-19 01:40:00+00:00,Eduardo Rodriguez (ARI),4.5,under,110,bovada,214252,Arizona Diamondbacks,New York Yankees,2026-09-18T01:15:49.543998+00:00,2026-09-19T21:39:46.196962+00:00,2026-09-19T17:39:46.196962-04:00,2026-09-19T17:39:46.196962-04:00,propline_free_sample
2026-09-18,2026-09-19 01:40:00+00:00,Gerrit Cole (NYY),4.5,over,-125,bovada,214252,Arizona Diamondbacks,New York Yankees,2026-09-18T10:23:05.930785+00:00,2026-09-19T21:39:46.196962+00:00,2026-09-19T17:39:46.196962-04:00,2026-09-19T17:39:46.196962-04:00,propline_free_sample
2026-09-18,2026-09-19 01:40:00+00:00,Gerrit Cole (NYY),4.5,under,-105,bovada,214252,Arizona Diamondbacks,New York Yankees,2026-09-18T10:23:05.930785+00:00,2026-09-19T21:39:46.196962+00:00,2026-09-19T17:39:46.196962-04:00,2026-09-19T17:39:46.196962-04:00,propline_free_sample
2026-09-18,2026-09-19 01:40:00+00:00,Eduardo Rodriguez,4.5,over,-169,sleeper,214252,Arizona Diamondbacks,New York Yankees,2026-09-19T01:28:16.450637+00:00,2026-09-19T21:39:46.196962+00:00,2026-09-19T17:39:46.196962-04:00,2026-09-19T17:39:46.196962-04:00,propline_free_sample
2026-09-18,2026-09-19 01:40:00+00:00,Gerrit Cole,4.5,over,-137,sleeper,214252,Arizona Diamondbacks,New York Yankees,2026-09-18T23:35:39.835680+00:00,2026-09-19T21:39:46.196962+00:00,2026-09-19T17:39:46.196962-04:00,2026-09-19T17:39:46.196962-04:00,propline_free_sample
2026-09-18,2026-09-19 01:40:00+00:00,Eduardo Rodriguez,4.5,under,101,sleeper,214252,Arizona Diamondbacks,New York Yankees,2026-09-18T22:45:28.644997+00:00,2026-09-19T21:39:46.196962+00:00,2026-09-19T17:39:46.196962-04:00,2026-09-19T17:39:46.196962-04:00,propline_free_sample
2026-09-18,2026-09-19 01:40:00+00:00,Gerrit Cole,4.5,under,-119,sleeper,214252,Arizona Diamondbacks,New York Yankees,2026-09-18T23:35:39.835680+00:00,2026-09-19T21:39:46.196962+00:00,2026-09-19T17:39:46.196962-04:00,2026-09-19T17:39:46.196962-04:00,propline_free_sample
2026-09-18,2026-09-19 01:40:00+00:00,Nick Pivetta,7.5,under,-9900,kalshi,214253,San Diego Padres,Miami Marlins,2026-09-19T01:28:17.169869+00:00,2026-09-19T21:39:46.196962+00:00,2026-09-19T17:39:46.196962-04:00,2026-09-19T17:39:46.196962-04:00,propline_free_sample
2026-09-18,2026-09-19 01:40:00+00:00,Nick Pivetta,4.5,over,-164,fanduel,214253,San Diego Padres,Miami Marlins,2026-09-19T01:38:13.317211+00:00,2026-09-19T21:39:46.196962+00:00,2026-09-19T17:39:46.196962-04:00,2026-09-19T17:39:46.196962-04:00,propline_free_sample
2026-09-18,2026-09-19 01:40:00+00:00,Nick Pivetta,4.5,under,128,fanduel,214253,San Diego Padres,Miami Marlins,2026-09-19T01:38:13.317211+00:00,2026-09-19T21:39:46.196962+00:00,2026-09-19T17:39:46.196962-04:00,2026-09-19T17:39:46.196962-04:00,propline_free_sample
2026-09-18,2026-09-19 01:40:00+00:00,Eduardo Rodriguez,4.5,over,-164,smarkets,214252,Arizona Diamondbacks,New York Yankees,2026-09-18T13:48:11.719371+00:00,2026-09-19T21:39:46.196962+00:00,2026-09-19T17:39:46.196962-04:00,2026-09-19T17:39:46.196962-04:00,propline_free_sample
2026-09-18,2026-09-19 01:40:00+00:00,Eduardo Rodriguez,4.5,under,116,smarkets,214252,Arizona Diamondbacks,New York Yankees,2026-09-18T13:48:11.719371+00:00,2026-09-19T21:39:46.196962+00:00,2026-09-19T17:39:46.196962-04:00,2026-09-19T17:39:46.196962-04:00,propline_free_sample
2026-09-18,2026-09-19 01:40:00+00:00,Gerrit Cole,4.5,over,-147,smarkets,214252,Arizona Diamondbacks,New York Yankees,2026-09-18T22:46:08.047336+00:00,2026-09-19T21:39:46.196962+00:00,2026-09-19T17:39:46.196962-04:00,2026-09-19T17:39:46.196962-04:00,propline_free_sample
2026-09-18,2026-09-19 01:40:00+00:00,Gerrit Cole,4.5,under,104,smarkets,214252,Arizona Diamondbacks,New York Yankees,2026-09-18T22:46:08.047336+00:00,2026-09-19T21:39:46.196962+00:00,2026-09-19T17:39:46.196962-04:00,2026-09-19T17:39:46.196962-04:00,propline_free_sample
2026-09-18,2026-09-19 01:40:00+00:00,Eduardo Rodriguez,5.5,over,170,fanatics,214252,Arizona Diamondbacks,New York Yankees,2026-09-19T00:34:04.293682+00:00,2026-09-19T21:39:46.196962+00:00,2026-09-19T17:39:46.196962-04:00,2026-09-19T17:39:46.196962-04:00,propline_free_sample
2026-09-18,2026-09-19 01:40:00+00:00,Eduardo Rodriguez,5.5,under,-235,fanatics,214252,Arizona Diamondbacks,New York Yankees,2026-09-19T00:34:04.293682+00:00,2026-09-19T21:39:46.196962+00:00,2026-09-19T17:39:46.196962-04:00,2026-09-19T17:39:46.196962-04:00,propline_free_sample
2026-09-18,2026-09-19 01:40:00+00:00,Gerrit Cole,6.5,over,115,fanatics,214252,Arizona Diamondbacks,New York Yankees,2026-09-19T01:37:22.473834+00:00,2026-09-19T21:39:46.196962+00:00,2026-09-19T17:39:46.196962-04:00,2026-09-19T17:39:46.196962-04:00,propline_free_sample
2026-09-18,2026-09-19 01:40:00+00:00,Gerrit Cole,6.5,under,-155,fanatics,214252,Arizona Diamondbacks,New York Yankees,2026-09-19T01:37:22.473834+00:00,2026-09-19T21:39:46.196962+00:00,2026-09-19T17:39:46.196962-04:00,2026-09-19T17:39:46.196962-04:00,propline_free_sample
2026-09-18,2026-09-19 01:40:00+00:00,Nick Pivetta (SD),4.5,over,-170,bovada,214253,San Diego Padres,Miami Marlins,2026-09-18T23:23:33.317643+00:00,2026-09-19T21:39:46.196962+00:00,2026-09-19T17:39:46.196962-04:00,2026-09-19T17:39:46.196962-04:00,propline_free_sample
2026-09-18,2026-09-19 01:40:00+00:00,Nick Pivetta (SD),4.5,under,130,bovada,214253,San Diego Padres,Miami Marlins,2026-09-18T23:23:33.317643+00:00,2026-09-19T21:39:46.196962+00:00,2026-09-19T17:39:46.196962-04:00,2026-09-19T17:39:46.196962-04:00,propline_free_sample
2026-09-18,2026-09-19 01:40:00+00:00,Tyler Phillips (MIA),3.5,over,-105,bovada,214253,San Diego Padres,Miami Marlins,2026-09-18T21:25:26.140503+00:00,2026-09-19T21:39:46.196962+00:00,2026-09-19T17:39:46.196962-04:00,2026-09-19T17:39:46.196962-04:00,propline_free_sample
2026-09-18,2026-09-19 01:40:00+00:00,Tyler Phillips (MIA),3.5,under,-125,bovada,214253,San Diego Padres,Miami Marlins,2026-09-18T21:25:26.140503+00:00,2026-09-19T21:39:46.196962+00:00,2026-09-19T17:39:46.196962-04:00,2026-09-19T17:39:46.196962-04:00,propline_free_sample
2026-09-18,2026-09-19 01:40:00+00:00,Nick Pivetta,4.5,over,100,prizepicks,214253,San Diego Padres,Miami Marlins,2026-09-18T01:28:47.509043+00:00,2026-09-19T21:39:46.196962+00:00,2026-09-19T17:39:46.196962-04:00,2026-09-19T17:39:46.196962-04:00,propline_free_sample
2026-09-18,2026-09-19 01:40:00+00:00,Nick Pivetta,4.5,under,100,prizepicks,214253,San Diego Padres,Miami Marlins,2026-09-18T01:28:47.509043+00:00,2026-09-19T21:39:46.196962+00:00,2026-09-19T17:39:46.196962-04:00,2026-09-19T17:39:46.196962-04:00,propline_free_sample
2026-09-18,2026-09-19 01:40:00+00:00,Eduardo Rodriguez,4.5,over,-99900,novig,214252,Arizona Diamondbacks,New York Yankees,2026-09-19T01:12:47.996860+00:00,2026-09-19T21:39:46.196962+00:00,2026-09-19T17:39:46.196962-04:00,2026-09-19T17:39:46.196962-04:00,propline_free_sample
2026-09-18,2026-09-19 01:40:00+00:00,Eduardo Rodriguez,4.5,under,-99900,novig,214252,Arizona Diamondbacks,New York Yankees,2026-09-19T01:39:11.380658+00:00,2026-09-19T21:39:46.196962+00:00,2026-09-19T17:39:46.196962-04:00,2026-09-19T17:39:46.196962-04:00,propline_free_sample
2026-09-18,2026-09-19 01:40:00+00:00,Gerrit Cole,4.5,over,-99900,novig,214252,Arizona Diamondbacks,New York Yankees,2026-09-19T01:32:27.486430+00:00,2026-09-19T21:39:46.196962+00:00,2026-09-19T17:39:46.196962-04:00,2026-09-19T17:39:46.196962-04:00,propline_free_sample
2026-09-18,2026-09-19 01:40:00+00:00,Gerrit Cole,4.5,under,-99900,novig,214252,Arizona Diamondbacks,New York Yankees,2026-09-19T01:38:53.739839+00:00,2026-09-19T21:39:46.196962+00:00,2026-09-19T17:39:46.196962-04:00,2026-09-19T17:39:46.196962-04:00,propline_free_sample
2026-09-18,2026-09-19 01:40:00+00:00,Eduardo Rodriguez,4.5,over,-141,draftkings,214252,Arizona Diamondbacks,New York Yankees,2026-09-18T21:26:29.073295+00:00,2026-09-19T21:39:46.196962+00:00,2026-09-19T17:39:46.196962-04:00,2026-09-19T17:39:46.196962-04:00,propline_free_sample
2026-09-18,2026-09-19 01:40:00+00:00,Eduardo Rodriguez,4.5,under,110,draftkings,214252,Arizona Diamondbacks,New York Yankees,2026-09-18T21:26:29.073295+00:00,2026-09-19T21:39:46.196962+00:00,2026-09-19T17:39:46.196962-04:00,2026-09-19T17:39:46.196962-04:00,propline_free_sample
2026-09-18,2026-09-19 01:40:00+00:00,Gerrit Cole,4.5,over,-125,draftkings,214252,Arizona Diamondbacks,New York Yankees,2026-09-19T01:25:42.501031+00:00,2026-09-19T21:39:46.196962+00:00,2026-09-19T17:39:46.196962-04:00,2026-09-19T17:39:46.196962-04:00,propline_free_sample
2026-09-18,2026-09-19 01:40:00+00:00,Gerrit Cole,4.5,under,-102,draftkings,214252,Arizona Diamondbacks,New York Yankees,2026-09-19T01:25:42.501031+00:00,2026-09-19T21:39:46.196962+00:00,2026-09-19T17:39:46.196962-04:00,2026-09-19T17:39:46.196962-04:00,propline_free_sample
2026-09-18,2026-09-19 01:40:00+00:00,Nick Pivetta,5.5,over,116,prophetx,214253,San Diego Padres,Miami Marlins,2026-09-19T01:37:09.133663+00:00,2026-09-19T21:39:46.196962+00:00,2026-09-19T17:39:46.196962-04:00,2026-09-19T17:39:46.196962-04:00,propline_free_sample
2026-09-18,2026-09-19 01:40:00+00:00,Nick Pivetta,5.5,under,-156,prophetx,214253,San Diego Padres,Miami Marlins,2026-09-19T01:19:10.189110+00:00,2026-09-19T21:39:46.196962+00:00,2026-09-19T17:39:46.196962-04:00,2026-09-19T17:39:46.196962-04:00,propline_free_sample
2026-09-18,2026-09-19 01:40:00+00:00,Eduardo Rodriguez,8.5,over,100,prizepicks,214252,Arizona Diamondbacks,New York Yankees,2026-09-18T01:43:31.151717+00:00,2026-09-19T21:39:46.196962+00:00,2026-09-19T17:39:46.196962-04:00,2026-09-19T17:39:46.196962-04:00,propline_free_sample
2026-09-18,2026-09-19 01:40:00+00:00,Gerrit Cole,8.5,over,100,prizepicks,214252,Arizona Diamondbacks,New York Yankees,2026-09-18T01:43:31.151717+00:00,2026-09-19T21:39:46.196962+00:00,2026-09-19T17:39:46.196962-04:00,2026-09-19T17:39:46.196962-04:00,propline_free_sample
2026-09-18,2026-09-19 01:40:00+00:00,Nick Pivetta,7.5,under,100,prizepicks,214253,San Diego Padres,Miami Marlins,2026-09-18T01:43:31.392571+00:00,2026-09-19T21:39:46.196962+00:00,2026-09-19T17:39:46.196962-04:00,2026-09-19T17:39:46.196962-04:00,propline_free_sample
2026-09-18,2026-09-19 01:40:00+00:00,Eduardo Rodriguez,5.5,over,120,onexbet,214252,Arizona Diamondbacks,New York Yankees,2026-09-19T00:44:15.593863+00:00,2026-09-19T21:39:46.196962+00:00,2026-09-19T17:39:46.196962-04:00,2026-09-19T17:39:46.196962-04:00,propline_free_sample
2026-09-18,2026-09-19 01:40:00+00:00,Gerrit Cole,4.5,over,-140,onexbet,214252,Arizona Diamondbacks,New York Yankees,2026-09-19T00:44:15.593863+00:00,2026-09-19T21:39:46.196962+00:00,2026-09-19T17:39:46.196962-04:00,2026-09-19T17:39:46.196962-04:00,propline_free_sample
2026-09-18,2026-09-19 01:40:00+00:00,Eduardo Rodriguez,5.5,under,-160,onexbet,214252,Arizona Diamondbacks,New York Yankees,2026-09-19T00:44:15.593863+00:00,2026-09-19T21:39:46.196962+00:00,2026-09-19T17:39:46.196962-04:00,2026-09-19T17:39:46.196962-04:00,propline_free_sample
2026-09-18,2026-09-19 01:40:00+00:00,Gerrit Cole,4.5,under,105,onexbet,214252,Arizona Diamondbacks,New York Yankees,2026-09-19T00:44:15.593863+00:00,2026-09-19T21:39:46.196962+00:00,2026-09-19T17:39:46.196962-04:00,2026-09-19T17:39:46.196962-04:00,propline_free_sample
2026-09-18,2026-09-19 01:40:00+00:00,Tyler Phillips,4.5,over,194,novig,214253,San Diego Padres,Miami Marlins,2026-09-18T18:37:23.539508+00:00,2026-09-19T21:39:46.196962+00:00,2026-09-19T17:39:46.196962-04:00,2026-09-19T17:39:46.196962-04:00,propline_free_sample
2026-09-18,2026-09-19 01:40:00+00:00,Tyler Phillips,4.5,under,-99900,novig,214253,San Diego Padres,Miami Marlins,2026-09-18T17:03:59.560558+00:00,2026-09-19T21:39:46.196962+00:00,2026-09-19T17:39:46.196962-04:00,2026-09-19T17:39:46.196962-04:00,propline_free_sample
2026-09-18,2026-09-19 01:40:00+00:00,Eduardo Rodriguez,1.5,over,-5000,hardrock,214252,Arizona Diamondbacks,New York Yankees,2026-09-18T21:18:07.863263+00:00,2026-09-19T21:39:46.196962+00:00,2026-09-19T17:39:46.196962-04:00,2026-09-19T17:39:46.196962-04:00,propline_free_sample
2026-09-18,2026-09-19 01:40:00+00:00,Eduardo Rodriguez,1.5,under,1300,hardrock,214252,Arizona Diamondbacks,New York Yankees,2026-09-18T03:46:07.468606+00:00,2026-09-19T21:39:46.196962+00:00,2026-09-19T17:39:46.196962-04:00,2026-09-19T17:39:46.196962-04:00,propline_free_sample
2026-09-18,2026-09-19 01:40:00+00:00,Eduardo Rodriguez,10.5,over,4000,hardrock,214252,Arizona Diamondbacks,New York Yankees,2026-09-18T01:57:56.560208+00:00,2026-09-19T21:39:46.196962+00:00,2026-09-19T17:39:46.196962-04:00,2026-09-19T17:39:46.196962-04:00,propline_free_sample
2026-09-18,2026-09-19 01:40:00+00:00,Eduardo Rodriguez,10.5,under,-50000,hardrock,214252,Arizona Diamondbacks,New York Yankees,2026-09-18T10:04:30.925964+00:00,2026-09-19T21:39:46.196962+00:00,2026-09-19T17:39:46.196962-04:00,2026-09-19T17:39:46.196962-04:00,propline_free_sample
2026-09-18,2026-09-19 01:40:00+00:00,Eduardo Rodriguez,2.5,over,-900,hardrock,214252,Arizona Diamondbacks,New York Yankees,2026-09-18T17:57:55.639123+00:00,2026-09-19T21:39:46.196962+00:00,2026-09-19T17:39:46.196962-04:00,2026-09-19T17:39:46.196962-04:00,propline_free_sample
2026-09-18,2026-09-19 01:40:00+00:00,Eduardo Rodriguez,2.5,under,475,hardrock,214252,Arizona Diamondbacks,New York Yankees,2026-09-18T10:04:30.925964+00:00,2026-09-19T21:39:46.196962+00:00,2026-09-19T17:39:46.196962-04:00,2026-09-19T17:39:46.196962-04:00,propline_free_sample
2026-09-18,2026-09-19 01:40:00+00:00,Eduardo Rodriguez,3.5,over,-325,hardrock,214252,Arizona Diamondbacks,New York Yankees,2026-09-18T01:57:56.560208+00:00,2026-09-19T21:39:46.196962+00:00,2026-09-19T17:39:46.196962-04:00,2026-09-19T17:39:46.196962-04:00,propline_free_sample
2026-09-18,2026-09-19 01:40:00+00:00,Eduardo Rodriguez,3.5,under,210,hardrock,214252,Arizona Diamondbacks,New York Yankees,2026-09-18T21:37:59.867869+00:00,2026-09-19T21:39:46.196962+00:00,2026-09-19T17:39:46.196962-04:00,2026-09-19T17:39:46.196962-04:00,propline_free_sample
2026-09-18,2026-09-19 01:40:00+00:00,Eduardo Rodriguez,4.5,over,-145,hardrock,214252,Arizona Diamondbacks,New York Yankees,2026-09-18T17:57:55.639123+00:00,2026-09-19T21:39:46.196962+00:00,2026-09-19T17:39:46.196962-04:00,2026-09-19T17:39:46.196962-04:00,propline_free_sample
2026-09-18,2026-09-19 01:40:00+00:00,Eduardo Rodriguez,4.5,under,110,hardrock,214252,Arizona Diamondbacks,New York Yankees,2026-09-18T21:37:59.867869+00:00,2026-09-19T21:39:46.196962+00:00,2026-09-19T17:39:46.196962-04:00,2026-09-19T17:39:46.196962-04:00,propline_free_sample
2026-09-18,2026-09-19 01:40:00+00:00,Eduardo Rodriguez,5.5,over,130,hardrock,214252,Arizona Diamondbacks,New York Yankees,2026-09-18T17:57:55.639123+00:00,2026-09-19T21:39:46.196962+00:00,2026-09-19T17:39:46.196962-04:00,2026-09-19T17:39:46.196962-04:00,propline_free_sample
2026-09-18,2026-09-19 01:40:00+00:00,Eduardo Rodriguez,5.5,under,-180,hardrock,214252,Arizona Diamondbacks,New York Yankees,2026-09-18T17:57:55.639123+00:00,2026-09-19T21:39:46.196962+00:00,2026-09-19T17:39:46.196962-04:00,2026-09-19T17:39:46.196962-04:00,propline_free_sample
2026-09-18,2026-09-19 01:40:00+00:00,Eduardo Rodriguez,6.5,over,240,hardrock,214252,Arizona Diamondbacks,New York Yankees,2026-09-18T10:04:30.925964+00:00,2026-09-19T21:39:46.196962+00:00,2026-09-19T17:39:46.196962-04:00,2026-09-19T17:39:46.196962-04:00,propline_free_sample
2026-09-18,2026-09-19 01:40:00+00:00,Eduardo Rodriguez,6.5,under,-375,hardrock,214252,Arizona Diamondbacks,New York Yankees,2026-09-18T21:37:59.867869+00:00,2026-09-19T21:39:46.196962+00:00,2026-09-19T17:39:46.196962-04:00,2026-09-19T17:39:46.196962-04:00,propline_free_sample
2026-09-18,2026-09-19 01:40:00+00:00,Eduardo Rodriguez,7.5,over,475,hardrock,214252,Arizona Diamondbacks,New York Yankees,2026-09-18T21:37:59.867869+00:00,2026-09-19T21:39:46.196962+00:00,2026-09-19T17:39:46.196962-04:00,2026-09-19T17:39:46.196962-04:00,propline_free_sample
2026-09-18,2026-09-19 01:40:00+00:00,Eduardo Rodriguez,7.5,under,-900,hardrock,214252,Arizona Diamondbacks,New York Yankees,2026-09-18T17:57:55.639123+00:00,2026-09-19T21:39:46.196962+00:00,2026-09-19T17:39:46.196962-04:00,2026-09-19T17:39:46.196962-04:00,propline_free_sample
2026-09-18,2026-09-19 01:40:00+00:00,Eduardo Rodriguez,8.5,over,800,hardrock,214252,Arizona Diamondbacks,New York Yankees,2026-09-18T03:46:07.468606+00:00,2026-09-19T21:39:46.196962+00:00,2026-09-19T17:39:46.196962-04:00,2026-09-19T17:39:46.196962-04:00,propline_free_sample
2026-09-18,2026-09-19 01:40:00+00:00,Eduardo Rodriguez,8.5,under,-3000,hardrock,214252,Arizona Diamondbacks,New York Yankees,2026-09-18T01:57:56.560208+00:00,2026-09-19T21:39:46.196962+00:00,2026-09-19T17:39:46.196962-04:00,2026-09-19T17:39:46.196962-04:00,propline_free_sample
2026-09-18,2026-09-19 01:40:00+00:00,Eduardo Rodriguez,9.5,over,1750,hardrock,214252,Arizona Diamondbacks,New York Yankees,2026-09-18T03:46:07.468606+00:00,2026-09-19T21:39:46.196962+00:00,2026-09-19T17:39:46.196962-04:00,2026-09-19T17:39:46.196962-04:00,propline_free_sample
2026-09-18,2026-09-19 01:40:00+00:00,Eduardo Rodriguez,9.5,under,-8000,hardrock,214252,Arizona Diamondbacks,New York Yankees,2026-09-18T17:57:55.639123+00:00,2026-09-19T21:39:46.196962+00:00,2026-09-19T17:39:46.196962-04:00,2026-09-19T17:39:46.196962-04:00,propline_free_sample
2026-09-18,2026-09-19 01:40:00+00:00,Gerrit Cole,0.5,over,-20000,hardrock,214252,Arizona Diamondbacks,New York Yankees,2026-09-18T23:10:24.042485+00:00,2026-09-19T21:39:46.196962+00:00,2026-09-19T17:39:46.196962-04:00,2026-09-19T17:39:46.196962-04:00,propline_free_sample
2026-09-18,2026-09-19 01:40:00+00:00,Gerrit Cole,0.5,under,3000,hardrock,214252,Arizona Diamondbacks,New York Yankees,2026-09-19T00:33:55.708198+00:00,2026-09-19T21:39:46.196962+00:00,2026-09-19T17:39:46.196962-04:00,2026-09-19T17:39:46.196962-04:00,propline_free_sample
2026-09-18,2026-09-19 01:40:00+00:00,Gerrit Cole,1.5,over,-10000,hardrock,214252,Arizona Diamondbacks,New York Yankees,2026-09-18T23:10:24.042485+00:00,2026-09-19T21:39:46.196962+00:00,2026-09-19T17:39:46.196962-04:00,2026-09-19T17:39:46.196962-04:00,propline_free_sample
2026-09-18,2026-09-19 01:40:00+00:00,Gerrit Cole,1.5,under,2500,hardrock,214252,Arizona Diamondbacks,New York Yankees,2026-09-18T23:10:24.042485+00:00,2026-09-19T21:39:46.196962+00:00,2026-09-19T17:39:46.196962-04:00,2026-09-19T17:39:46.196962-04:00,propline_free_sample
2026-09-18,2026-09-19 01:40:00+00:00,Gerrit Cole,10.5,over,4000,hardrock,214252,Arizona Diamondbacks,New York Yankees,2026-09-18T21:39:33.413329+00:00,2026-09-19T21:39:46.196962+00:00,2026-09-19T17:39:46.196962-04:00,2026-09-19T17:39:46.196962-04:00,propline_free_sample
2026-09-18,2026-09-19 01:40:00+00:00,Gerrit Cole,10.5,under,-100000,hardrock,214252,Arizona Diamondbacks,New York Yankees,2026-09-18T08:34:26.844027+00:00,2026-09-19T21:39:46.196962+00:00,2026-09-19T17:39:46.196962-04:00,2026-09-19T17:39:46.196962-04:00,propline_free_sample
2026-09-18,2026-09-19 01:40:00+00:00,Gerrit Cole,2.5,over,-3000,hardrock,214252,Arizona Diamondbacks,New York Yankees,2026-09-18T23:34:29.490064+00:00,2026-09-19T21:39:46.196962+00:00,2026-09-19T17:39:46.196962-04:00,2026-09-19T17:39:46.196962-04:00,propline_free_sample
2026-09-18,2026-09-19 01:40:00+00:00,Gerrit Cole,2.5,under,700,hardrock,214252,Arizona Diamondbacks,New York Yankees,2026-09-18T23:10:24.042485+00:00,2026-09-19T21:39:46.196962+00:00,2026-09-19T17:39:46.196962-04:00,2026-09-19T17:39:46.196962-04:00,propline_free_sample
2026-09-18,2026-09-19 01:40:00+00:00,Gerrit Cole,3.5,over,-5000,hardrock,214252,Arizona Diamondbacks,New York Yankees,2026-09-18T23:34:29.490064+00:00,2026-09-19T21:39:46.196962+00:00,2026-09-19T17:39:46.196962-04:00,2026-09-19T17:39:46.196962-04:00,propline_free_sample
2026-09-18,2026-09-19 01:40:00+00:00,Gerrit Cole,3.5,under,1200,hardrock,214252,Arizona Diamondbacks,New York Yankees,2026-09-19T00:33:55.708198+00:00,2026-09-19T21:39:46.196962+00:00,2026-09-19T17:39:46.196962-04:00,2026-09-19T17:39:46.196962-04:00,propline_free_sample
2026-09-18,2026-09-19 01:40:00+00:00,Gerrit Cole,4.5,over,-1500,hardrock,214252,Arizona Diamondbacks,New York Yankees,2026-09-18T23:34:29.490064+00:00,2026-09-19T21:39:46.196962+00:00,2026-09-19T17:39:46.196962-04:00,2026-09-19T17:39:46.196962-04:00,propline_free_sample
2026-09-18,2026-09-19 01:40:00+00:00,Gerrit Cole,4.5,under,525,hardrock,214252,Arizona Diamondbacks,New York Yankees,2026-09-18T23:34:29.490064+00:00,2026-09-19T21:39:46.196962+00:00,2026-09-19T17:39:46.196962-04:00,2026-09-19T17:39:46.196962-04:00,propline_free_sample
2026-09-18,2026-09-19 01:40:00+00:00,Gerrit Cole,5.5,over,-250,hardrock,214252,Arizona Diamondbacks,New York Yankees,2026-09-18T23:34:29.490064+00:00,2026-09-19T21:39:46.196962+00:00,2026-09-19T17:39:46.196962-04:00,2026-09-19T17:39:46.196962-04:00,propline_free_sample
2026-09-18,2026-09-19 01:40:00+00:00,Gerrit Cole,5.5,under,165,hardrock,214252,Arizona Diamondbacks,New York Yankees,2026-09-19T00:33:55.708198+00:00,2026-09-19T21:39:46.196962+00:00,2026-09-19T17:39:46.196962-04:00,2026-09-19T17:39:46.196962-04:00,propline_free_sample
2026-09-18,2026-09-19 01:40:00+00:00,Gerrit Cole,6.5,over,125,hardrock,214252,Arizona Diamondbacks,New York Yankees,2026-09-18T23:47:23.206701+00:00,2026-09-19T21:39:46.196962+00:00,2026-09-19T17:39:46.196962-04:00,2026-09-19T17:39:46.196962-04:00,propline_free_sample
2026-09-18,2026-09-19 01:40:00+00:00,Gerrit Cole,6.5,under,-180,hardrock,214252,Arizona Diamondbacks,New York Yankees,2026-09-18T23:34:29.490064+00:00,2026-09-19T21:39:46.196962+00:00,2026-09-19T17:39:46.196962-04:00,2026-09-19T17:39:46.196962-04:00,propline_free_sample
2026-09-18,2026-09-19 01:40:00+00:00,Gerrit Cole,7.5,over,325,hardrock,214252,Arizona Diamondbacks,New York Yankees,2026-09-19T00:33:55.708198+00:00,2026-09-19T21:39:46.196962+00:00,2026-09-19T17:39:46.196962-04:00,2026-09-19T17:39:46.196962-04:00,propline_free_sample
2026-09-18,2026-09-19 01:40:00+00:00,Gerrit Cole,7.5,under,-600,hardrock,214252,Arizona Diamondbacks,New York Yankees,2026-09-18T23:34:29.490064+00:00,2026-09-19T21:39:46.196962+00:00,2026-09-19T17:39:46.196962-04:00,2026-09-19T17:39:46.196962-04:00,propline_free_sample
2026-09-18,2026-09-19 01:40:00+00:00,Gerrit Cole,8.5,over,700,hardrock,214252,Arizona Diamondbacks,New York Yankees,2026-09-19T00:33:55.708198+00:00,2026-09-19T21:39:46.196962+00:00,2026-09-19T17:39:46.196962-04:00,2026-09-19T17:39:46.196962-04:00,propline_free_sample
2026-09-18,2026-09-19 01:40:00+00:00,Gerrit Cole,8.5,under,-3000,hardrock,214252,Arizona Diamondbacks,New York Yankees,2026-09-19T00:33:55.708198+00:00,2026-09-19T21:39:46.196962+00:00,2026-09-19T17:39:46.196962-04:00,2026-09-19T17:39:46.196962-04:00,propline_free_sample
2026-09-18,2026-09-19 01:40:00+00:00,Gerrit Cole,9.5,over,2250,hardrock,214252,Arizona Diamondbacks,New York Yankees,2026-09-18T01:57:56.560208+00:00,2026-09-19T21:39:46.196962+00:00,2026-09-19T17:39:46.196962-04:00,2026-09-19T17:39:46.196962-04:00,propline_free_sample
2026-09-18,2026-09-19 01:40:00+00:00,Gerrit Cole,9.5,under,-15000,hardrock,214252,Arizona Diamondbacks,New York Yankees,2026-09-18T16:23:07.870523+00:00,2026-09-19T21:39:46.196962+00:00,2026-09-19T17:39:46.196962-04:00,2026-09-19T17:39:46.196962-04:00,propline_free_sample
2026-09-18,2026-09-19 01:40:00+00:00,Eduardo Rodriguez,2.5,over,-317,kalshi,214252,Arizona Diamondbacks,New York Yankees,2026-09-18T21:29:49.327079+00:00,2026-09-19T21:39:46.196962+00:00,2026-09-19T17:39:46.196962-04:00,2026-09-19T17:39:46.196962-04:00,propline_free_sample
2026-09-18,2026-09-19 01:40:00+00:00,Gerrit Cole,2.5,over,-1567,kalshi,214252,Arizona Diamondbacks,New York Yankees,2026-09-18T23:27:41.011174+00:00,2026-09-19T21:39:46.196962+00:00,2026-09-19T17:39:46.196962-04:00,2026-09-19T17:39:46.196962-04:00,propline_free_sample
2026-09-18,2026-09-19 01:40:00+00:00,Eduardo Rodriguez,3.5,over,-376,kalshi,214252,Arizona Diamondbacks,New York Yankees,2026-09-18T21:26:37.201508+00:00,2026-09-19T21:39:46.196962+00:00,2026-09-19T17:39:46.196962-04:00,2026-09-19T17:39:46.196962-04:00,propline_free_sample
2026-09-18,2026-09-19 01:40:00+00:00,Gerrit Cole,3.5,over,-4900,kalshi,214252,Arizona Diamondbacks,New York Yankees,2026-09-19T01:33:39.510457+00:00,2026-09-19T21:39:46.196962+00:00,2026-09-19T17:39:46.196962-04:00,2026-09-19T17:39:46.196962-04:00,propline_free_sample
2026-09-18,2026-09-19 01:40:00+00:00,Eduardo Rodriguez,4.5,over,-213,kalshi,214252,Arizona Diamondbacks,New York Yankees,2026-09-18T22:41:30.295365+00:00,2026-09-19T21:39:46.196962+00:00,2026-09-19T17:39:46.196962-04:00,2026-09-19T17:39:46.196962-04:00,propline_free_sample
2026-09-18,2026-09-19 01:40:00+00:00,Gerrit Cole,4.5,over,-1567,kalshi,214252,Arizona Diamondbacks,New York Yankees,2026-09-18T23:05:16.628475+00:00,2026-09-19T21:39:46.196962+00:00,2026-09-19T17:39:46.196962-04:00,2026-09-19T17:39:46.196962-04:00,propline_free_sample
2026-09-18,2026-09-19 01:40:00+00:00,Eduardo Rodriguez,4.5,under,9900,kalshi,214252,Arizona Diamondbacks,New York Yankees,2026-09-18T22:41:30.295365+00:00,2026-09-19T21:39:46.196962+00:00,2026-09-19T17:39:46.196962-04:00,2026-09-19T17:39:46.196962-04:00,propline_free_sample
2026-09-18,2026-09-19 01:40:00+00:00,Gerrit Cole,4.5,under,9900,kalshi,214252,Arizona Diamondbacks,New York Yankees,2026-09-18T22:53:06.136751+00:00,2026-09-19T21:39:46.196962+00:00,2026-09-19T17:39:46.196962-04:00,2026-09-19T17:39:46.196962-04:00,propline_free_sample
2026-09-18,2026-09-19 01:40:00+00:00,Eduardo Rodriguez,5.5,over,9900,kalshi,214252,Arizona Diamondbacks,New York Yankees,2026-09-19T01:28:17.536453+00:00,2026-09-19T21:39:46.196962+00:00,2026-09-19T17:39:46.196962-04:00,2026-09-19T17:39:46.196962-04:00,propline_free_sample
2026-09-18,2026-09-19 01:40:00+00:00,Gerrit Cole,5.5,over,-376,kalshi,214252,Arizona Diamondbacks,New York Yankees,2026-09-19T01:27:34.928884+00:00,2026-09-19T21:39:46.196962+00:00,2026-09-19T17:39:46.196962-04:00,2026-09-19T17:39:46.196962-04:00,propline_free_sample
2026-09-18,2026-09-19 01:40:00+00:00,Eduardo Rodriguez,6.5,over,9900,kalshi,214252,Arizona Diamondbacks,New York Yankees,2026-09-18T21:59:00.447476+00:00,2026-09-19T21:39:46.196962+00:00,2026-09-19T17:39:46.196962-04:00,2026-09-19T17:39:46.196962-04:00,propline_free_sample
2026-09-18,2026-09-19 01:40:00+00:00,Gerrit Cole,6.5,over,9900,kalshi,214252,Arizona Diamondbacks,New York Yankees,2026-09-18T23:12:44.649948+00:00,2026-09-19T21:39:46.196962+00:00,2026-09-19T17:39:46.196962-04:00,2026-09-19T17:39:46.196962-04:00,propline_free_sample
2026-09-18,2026-09-19 01:40:00+00:00,Eduardo Rodriguez,7.5,over,9900,kalshi,214252,Arizona Diamondbacks,New York Yankees,2026-09-18T23:02:42.158869+00:00,2026-09-19T21:39:46.196962+00:00,2026-09-19T17:39:46.196962-04:00,2026-09-19T17:39:46.196962-04:00,propline_free_sample
2026-09-18,2026-09-19 01:40:00+00:00,Gerrit Cole,7.5,over,9900,kalshi,214252,Arizona Diamondbacks,New York Yankees,2026-09-19T01:26:07.802449+00:00,2026-09-19T21:39:46.196962+00:00,2026-09-19T17:39:46.196962-04:00,2026-09-19T17:39:46.196962-04:00,propline_free_sample
2026-09-18,2026-09-19 01:40:00+00:00,Eduardo Rodriguez,7.5,under,-1900,kalshi,214252,Arizona Diamondbacks,New York Yankees,2026-09-18T23:27:41.011174+00:00,2026-09-19T21:39:46.196962+00:00,2026-09-19T17:39:46.196962-04:00,2026-09-19T17:39:46.196962-04:00,propline_free_sample
2026-09-18,2026-09-19 01:40:00+00:00,Eduardo Rodriguez,8.5,over,9900,kalshi,214252,Arizona Diamondbacks,New York Yankees,2026-09-19T01:25:18.257101+00:00,2026-09-19T21:39:46.196962+00:00,2026-09-19T17:39:46.196962-04:00,2026-09-19T17:39:46.196962-04:00,propline_free_sample
2026-09-18,2026-09-19 01:40:00+00:00,Gerrit Cole,8.5,over,9900,kalshi,214252,Arizona Diamondbacks,New York Yankees,2026-09-19T00:46:25.758794+00:00,2026-09-19T21:39:46.196962+00:00,2026-09-19T17:39:46.196962-04:00,2026-09-19T17:39:46.196962-04:00,propline_free_sample
2026-09-18,2026-09-19 01:40:00+00:00,Eduardo Rodriguez,2.5,under,9900,kalshi,214252,Arizona Diamondbacks,New York Yankees,2026-09-19T01:31:12.877984+00:00,2026-09-19T21:39:46.196962+00:00,2026-09-19T17:39:46.196962-04:00,2026-09-19T17:39:46.196962-04:00,propline_free_sample
2026-09-18,2026-09-19 01:40:00+00:00,Gerrit Cole,2.5,under,9900,kalshi,214252,Arizona Diamondbacks,New York Yankees,2026-09-18T18:19:48.113929+00:00,2026-09-19T21:39:46.196962+00:00,2026-09-19T17:39:46.196962-04:00,2026-09-19T17:39:46.196962-04:00,propline_free_sample
2026-09-18,2026-09-19 01:40:00+00:00,Eduardo Rodriguez,3.5,under,9900,kalshi,214252,Arizona Diamondbacks,New York Yankees,2026-09-18T23:27:41.011174+00:00,2026-09-19T21:39:46.196962+00:00,2026-09-19T17:39:46.196962-04:00,2026-09-19T17:39:46.196962-04:00,propline_free_sample
2026-09-18,2026-09-19 01:40:00+00:00,Gerrit Cole,3.5,under,9900,kalshi,214252,Arizona Diamondbacks,New York Yankees,2026-09-19T01:31:12.877984+00:00,2026-09-19T21:39:46.196962+00:00,2026-09-19T17:39:46.196962-04:00,2026-09-19T17:39:46.196962-04:00,propline_free_sample
2026-09-18,2026-09-19 01:40:00+00:00,Eduardo Rodriguez,5.5,under,-1329,kalshi,214252,Arizona Diamondbacks,New York Yankees,2026-09-18T17:07:00.225943+00:00,2026-09-19T21:39:46.196962+00:00,2026-09-19T17:39:46.196962-04:00,2026-09-19T17:39:46.196962-04:00,propline_free_sample
2026-09-18,2026-09-19 01:40:00+00:00,Gerrit Cole,5.5,under,9900,kalshi,214252,Arizona Diamondbacks,New York Yankees,2026-09-18T17:54:04.127649+00:00,2026-09-19T21:39:46.196962+00:00,2026-09-19T17:39:46.196962-04:00,2026-09-19T17:39:46.196962-04:00,propline_free_sample
2026-09-18,2026-09-19 01:40:00+00:00,Eduardo Rodriguez,6.5,under,-9900,kalshi,214252,Arizona Diamondbacks,New York Yankees,2026-09-18T23:27:41.011174+00:00,2026-09-19T21:39:46.196962+00:00,2026-09-19T17:39:46.196962-04:00,2026-09-19T17:39:46.196962-04:00,propline_free_sample
2026-09-18,2026-09-19 01:40:00+00:00,Gerrit Cole,6.5,under,-2400,kalshi,214252,Arizona Diamondbacks,New York Yankees,2026-09-18T17:08:34.360702+00:00,2026-09-19T21:39:46.196962+00:00,2026-09-19T17:39:46.196962-04:00,2026-09-19T17:39:46.196962-04:00,propline_free_sample
2026-09-18,2026-09-19 01:40:00+00:00,Gerrit Cole,7.5,under,-3233,kalshi,214252,Arizona Diamondbacks,New York Yankees,2026-09-19T01:35:32.149235+00:00,2026-09-19T21:39:46.196962+00:00,2026-09-19T17:39:46.196962-04:00,2026-09-19T17:39:46.196962-04:00,propline_free_sample
2026-09-18,2026-09-19 01:40:00+00:00,Eduardo Rodriguez,5.5,under,100,prizepicks,214252,Arizona Diamondbacks,New York Yankees,2026-09-18T02:06:41.705297+00:00,2026-09-19T21:39:46.196962+00:00,2026-09-19T17:39:46.196962-04:00,2026-09-19T17:39:46.196962-04:00,propline_free_sample
2026-09-18,2026-09-19 01:40:00+00:00,Gerrit Cole,5.5,under,100,prizepicks,214252,Arizona Diamondbacks,New York Yankees,2026-09-18T02:06:41.705297+00:00,2026-09-19T21:39:46.196962+00:00,2026-09-19T17:39:46.196962-04:00,2026-09-19T17:39:46.196962-04:00,propline_free_sample
2026-09-18,2026-09-19 01:40:00+00:00,Eduardo Rodriguez,6.5,under,100,prizepicks,214252,Arizona Diamondbacks,New York Yankees,2026-09-18T02:06:41.705297+00:00,2026-09-19T21:39:46.196962+00:00,2026-09-19T17:39:46.196962-04:00,2026-09-19T17:39:46.196962-04:00,propline_free_sample
2026-09-18,2026-09-19 01:40:00+00:00,Gerrit Cole,6.5,under,100,prizepicks,214252,Arizona Diamondbacks,New York Yankees,2026-09-18T02:06:41.705297+00:00,2026-09-19T21:39:46.196962+00:00,2026-09-19T17:39:46.196962-04:00,2026-09-19T17:39:46.196962-04:00,propline_free_sample
2026-09-18,2026-09-19 01:40:00+00:00,Eduardo Rodriguez,7.5,under,100,prizepicks,214252,Arizona Diamondbacks,New York Yankees,2026-09-18T02:06:41.705297+00:00,2026-09-19T21:39:46.196962+00:00,2026-09-19T17:39:46.196962-04:00,2026-09-19T17:39:46.196962-04:00,propline_free_sample
2026-09-18,2026-09-19 01:40:00+00:00,Eduardo Rodriguez,3.5,under,100,prizepicks,214252,Arizona Diamondbacks,New York Yankees,2026-09-18T02:06:41.705297+00:00,2026-09-19T21:39:46.196962+00:00,2026-09-19T17:39:46.196962-04:00,2026-09-19T17:39:46.196962-04:00,propline_free_sample
2026-09-18,2026-09-19 01:40:00+00:00,Gerrit Cole,3.5,under,100,prizepicks,214252,Arizona Diamondbacks,New York Yankees,2026-09-18T02:06:41.705297+00:00,2026-09-19T21:39:46.196962+00:00,2026-09-19T17:39:46.196962-04:00,2026-09-19T17:39:46.196962-04:00,propline_free_sample
2026-09-18,2026-09-19 01:40:00+00:00,Eduardo Rodriguez,2.5,over,100,prizepicks,214252,Arizona Diamondbacks,New York Yankees,2026-09-18T02:06:41.705297+00:00,2026-09-19T21:39:46.196962+00:00,2026-09-19T17:39:46.196962-04:00,2026-09-19T17:39:46.196962-04:00,propline_free_sample
2026-09-18,2026-09-19 01:40:00+00:00,Gerrit Cole,2.5,over,100,prizepicks,214252,Arizona Diamondbacks,New York Yankees,2026-09-18T02:06:41.705297+00:00,2026-09-19T21:39:46.196962+00:00,2026-09-19T17:39:46.196962-04:00,2026-09-19T17:39:46.196962-04:00,propline_free_sample
2026-09-18,2026-09-19 01:40:00+00:00,Eduardo Rodriguez,2.5,under,100,prizepicks,214252,Arizona Diamondbacks,New York Yankees,2026-09-18T02:06:41.705297+00:00,2026-09-19T21:39:46.196962+00:00,2026-09-19T17:39:46.196962-04:00,2026-09-19T17:39:46.196962-04:00,propline_free_sample
2026-09-18,2026-09-19 01:40:00+00:00,Gerrit Cole,2.5,under,100,prizepicks,214252,Arizona Diamondbacks,New York Yankees,2026-09-18T02:06:41.705297+00:00,2026-09-19T21:39:46.196962+00:00,2026-09-19T17:39:46.196962-04:00,2026-09-19T17:39:46.196962-04:00,propline_free_sample
2026-09-18,2026-09-19 01:40:00+00:00,Gerrit Cole,4.5,over,100,prizepicks,214252,Arizona Diamondbacks,New York Yankees,2026-09-18T02:23:18.444928+00:00,2026-09-19T21:39:46.196962+00:00,2026-09-19T17:39:46.196962-04:00,2026-09-19T17:39:46.196962-04:00,propline_free_sample
2026-09-18,2026-09-19 01:40:00+00:00,Gerrit Cole,4.5,under,100,prizepicks,214252,Arizona Diamondbacks,New York Yankees,2026-09-18T02:23:18.444928+00:00,2026-09-19T21:39:46.196962+00:00,2026-09-19T17:39:46.196962-04:00,2026-09-19T17:39:46.196962-04:00,propline_free_sample
2026-09-18,2026-09-19 01:40:00+00:00,Eduardo Rodriguez,4.5,over,-140,rebet,214252,Arizona Diamondbacks,New York Yankees,2026-09-18T22:44:20.087680+00:00,2026-09-19T21:39:46.196962+00:00,2026-09-19T17:39:46.196962-04:00,2026-09-19T17:39:46.196962-04:00,propline_free_sample
2026-09-18,2026-09-19 01:40:00+00:00,Gerrit Cole,4.5,over,-125,rebet,214252,Arizona Diamondbacks,New York Yankees,2026-09-18T12:58:08.147043+00:00,2026-09-19T21:39:46.196962+00:00,2026-09-19T17:39:46.196962-04:00,2026-09-19T17:39:46.196962-04:00,propline_free_sample
2026-09-18,2026-09-19 01:40:00+00:00,Eduardo Rodriguez,4.5,under,101,rebet,214252,Arizona Diamondbacks,New York Yankees,2026-09-18T22:44:20.087680+00:00,2026-09-19T21:39:46.196962+00:00,2026-09-19T17:39:46.196962-04:00,2026-09-19T17:39:46.196962-04:00,propline_free_sample
2026-09-18,2026-09-19 01:40:00+00:00,Gerrit Cole,4.5,under,-110,rebet,214252,Arizona Diamondbacks,New York Yankees,2026-09-18T12:58:08.147043+00:00,2026-09-19T21:39:46.196962+00:00,2026-09-19T17:39:46.196962-04:00,2026-09-19T17:39:46.196962-04:00,propline_free_sample
2026-09-18,2026-09-19 01:40:00+00:00,Tyler Phillips,3.5,over,-104,rebet,214253,San Diego Padres,Miami Marlins,2026-09-18T11:47:39.796216+00:00,2026-09-19T21:39:46.196962+00:00,2026-09-19T17:39:46.196962-04:00,2026-09-19T17:39:46.196962-04:00,propline_free_sample
2026-09-18,2026-09-19 01:40:00+00:00,Tyler Phillips,3.5,under,-133,rebet,214253,San Diego Padres,Miami Marlins,2026-09-18T11:47:39.796216+00:00,2026-09-19T21:39:46.196962+00:00,2026-09-19T17:39:46.196962-04:00,2026-09-19T17:39:46.196962-04:00,propline_free_sample
2026-09-18,2026-09-19 01:40:00+00:00,Nick Pivetta,5.5,over,121,rebet,214253,San Diego Padres,Miami Marlins,2026-09-18T05:33:37.977707+00:00,2026-09-19T21:39:46.196962+00:00,2026-09-19T17:39:46.196962-04:00,2026-09-19T17:39:46.196962-04:00,propline_free_sample
2026-09-18,2026-09-19 01:40:00+00:00,Nick Pivetta,5.5,under,-168,rebet,214253,San Diego Padres,Miami Marlins,2026-09-18T05:33:37.977707+00:00,2026-09-19T21:39:46.196962+00:00,2026-09-19T17:39:46.196962-04:00,2026-09-19T17:39:46.196962-04:00,propline_free_sample
2026-09-18,2026-09-19 01:40:00+00:00,Eduardo Rodriguez,9.5,over,100,prizepicks,214252,Arizona Diamondbacks,New York Yankees,2026-09-18T03:47:33.566482+00:00,2026-09-19T21:39:46.196962+00:00,2026-09-19T17:39:46.196962-04:00,2026-09-19T17:39:46.196962-04:00,propline_free_sample
2026-09-18,2026-09-19 01:40:00+00:00,Gerrit Cole,9.5,over,100,prizepicks,214252,Arizona Diamondbacks,New York Yankees,2026-09-18T03:47:33.566482+00:00,2026-09-19T21:39:46.196962+00:00,2026-09-19T17:39:46.196962-04:00,2026-09-19T17:39:46.196962-04:00,propline_free_sample
2026-09-18,2026-09-19 01:40:00+00:00,Eduardo Rodriguez,5.5,over,120,novig,214252,Arizona Diamondbacks,New York Yankees,2026-09-18T22:49:03.723073+00:00,2026-09-19T21:39:46.196962+00:00,2026-09-19T17:39:46.196962-04:00,2026-09-19T17:39:46.196962-04:00,propline_free_sample
2026-09-18,2026-09-19 01:40:00+00:00,Eduardo Rodriguez,5.5,under,-355,novig,214252,Arizona Diamondbacks,New York Yankees,2026-09-19T01:39:11.380658+00:00,2026-09-19T21:39:46.196962+00:00,2026-09-19T17:39:46.196962-04:00,2026-09-19T17:39:46.196962-04:00,propline_free_sample
