date,commence_time_utc,pitcher_name,line,side,price,sportsbook,event_id,home_team,away_team,vendor_snapshot_time,collected_at_utc,collected_at_et,snapshot_time_et,source
2026-09-24,2026-09-25 02:10:00+00:00,Nick Pivetta,4.5,over,-115,fanduel,225824,Los Angeles Dodgers,San Diego Padres,2026-09-24T13:36:47.144541+00:00,2026-09-25T18:48:21.046167+00:00,2026-09-25T14:48:21.046167-04:00,2026-09-25T14:48:21.046167-04:00,propline_free_sample
2026-09-24,2026-09-25 02:10:00+00:00,Nick Pivetta,4.5,under,-111,fanduel,225824,Los Angeles Dodgers,San Diego Padres,2026-09-24T14:11:42.486072+00:00,2026-09-25T18:48:21.046167+00:00,2026-09-25T14:48:21.046167-04:00,2026-09-25T14:48:21.046167-04:00,propline_free_sample
2026-09-24,2026-09-25 02:10:00+00:00,Tyler Glasnow,6.5,over,-142,fanduel,225824,Los Angeles Dodgers,San Diego Padres,2026-09-25T00:16:50.480385+00:00,2026-09-25T18:48:21.046167+00:00,2026-09-25T14:48:21.046167-04:00,2026-09-25T14:48:21.046167-04:00,propline_free_sample
2026-09-24,2026-09-25 02:10:00+00:00,Tyler Glasnow,6.5,under,112,fanduel,225824,Los Angeles Dodgers,San Diego Padres,2026-09-24T23:15:38.045120+00:00,2026-09-25T18:48:21.046167+00:00,2026-09-25T14:48:21.046167-04:00,2026-09-25T14:48:21.046167-04:00,propline_free_sample
2026-09-24,2026-09-25 02:10:00+00:00,Nick Pivetta (SD),7.5,over,110,bovada,225824,Los Angeles Dodgers,San Diego Padres,2026-09-24T09:58:35.524424+00:00,2026-09-25T18:48:21.046167+00:00,2026-09-25T14:48:21.046167-04:00,2026-09-25T14:48:21.046167-04:00,propline_free_sample
2026-09-24,2026-09-25 02:10:00+00:00,Nick Pivetta (SD),7.5,under,-145,bovada,225824,Los Angeles Dodgers,San Diego Padres,2026-09-24T09:58:35.524424+00:00,2026-09-25T18:48:21.046167+00:00,2026-09-25T14:48:21.046167-04:00,2026-09-25T14:48:21.046167-04:00,propline_free_sample
2026-09-24,2026-09-25 02:10:00+00:00,Tyler Glasnow (LAD),9.5,over,105,bovada,225824,Los Angeles Dodgers,San Diego Padres,2026-09-24T16:31:27.621376+00:00,2026-09-25T18:48:21.046167+00:00,2026-09-25T14:48:21.046167-04:00,2026-09-25T14:48:21.046167-04:00,propline_free_sample
2026-09-24,2026-09-25 02:10:00+00:00,Tyler Glasnow (LAD),9.5,under,-135,bovada,225824,Los Angeles Dodgers,San Diego Padres,2026-09-24T16:31:27.621376+00:00,2026-09-25T18:48:21.046167+00:00,2026-09-25T14:48:21.046167-04:00,2026-09-25T14:48:21.046167-04:00,propline_free_sample
2026-09-24,2026-09-25 02:10:00+00:00,Nick Pivetta,4.5,over,100,prizepicks,225824,Los Angeles Dodgers,San Diego Padres,2026-09-23T23:51:31.691613+00:00,2026-09-25T18:48:21.046167+00:00,2026-09-25T14:48:21.046167-04:00,2026-09-25T14:48:21.046167-04:00,propline_free_sample
2026-09-24,2026-09-25 02:10:00+00:00,Nick Pivetta,4.5,under,100,prizepicks,225824,Los Angeles Dodgers,San Diego Padres,2026-09-23T23:51:31.691613+00:00,2026-09-25T18:48:21.046167+00:00,2026-09-25T14:48:21.046167-04:00,2026-09-25T14:48:21.046167-04:00,propline_free_sample
2026-09-24,2026-09-25 02:10:00+00:00,Nick Pivetta,5.5,over,100,prizepicks,225824,Los Angeles Dodgers,San Diego Padres,2026-09-23T23:51:31.691613+00:00,2026-09-25T18:48:21.046167+00:00,2026-09-25T14:48:21.046167-04:00,2026-09-25T14:48:21.046167-04:00,propline_free_sample
2026-09-24,2026-09-25 02:10:00+00:00,Nick Pivetta,6.5,over,100,prizepicks,225824,Los Angeles Dodgers,San Diego Padres,2026-09-23T23:51:31.691613+00:00,2026-09-25T18:48:21.046167+00:00,2026-09-25T14:48:21.046167-04:00,2026-09-25T14:48:21.046167-04:00,propline_free_sample
2026-09-24,2026-09-25 02:10:00+00:00,Tyler Glasnow,7.5,over,100,prizepicks,225824,Los Angeles Dodgers,San Diego Padres,2026-09-23T23:51:31.691613+00:00,2026-09-25T18:48:21.046167+00:00,2026-09-25T14:48:21.046167-04:00,2026-09-25T14:48:21.046167-04:00,propline_free_sample
2026-09-24,2026-09-25 02:10:00+00:00,Tyler Glasnow,7.5,under,100,prizepicks,225824,Los Angeles Dodgers,San Diego Padres,2026-09-23T23:51:31.691613+00:00,2026-09-25T18:48:21.046167+00:00,2026-09-25T14:48:21.046167-04:00,2026-09-25T14:48:21.046167-04:00,propline_free_sample
2026-09-24,2026-09-25 02:10:00+00:00,Tyler Glasnow,8.5,over,100,prizepicks,225824,Los Angeles Dodgers,San Diego Padres,2026-09-23T23:51:31.691613+00:00,2026-09-25T18:48:21.046167+00:00,2026-09-25T14:48:21.046167-04:00,2026-09-25T14:48:21.046167-04:00,propline_free_sample
2026-09-24,2026-09-25 02:10:00+00:00,Tyler Glasnow,9.5,over,100,prizepicks,225824,Los Angeles Dodgers,San Diego Padres,2026-09-23T23:51:31.691613+00:00,2026-09-25T18:48:21.046167+00:00,2026-09-25T14:48:21.046167-04:00,2026-09-25T14:48:21.046167-04:00,propline_free_sample
2026-09-24,2026-09-25 02:10:00+00:00,Nick Pivetta,3.5,over,100,prizepicks,225824,Los Angeles Dodgers,San Diego Padres,2026-09-23T23:51:31.691613+00:00,2026-09-25T18:48:21.046167+00:00,2026-09-25T14:48:21.046167-04:00,2026-09-25T14:48:21.046167-04:00,propline_free_sample
2026-09-24,2026-09-25 02:10:00+00:00,Tyler Glasnow,5.5,over,100,prizepicks,225824,Los Angeles Dodgers,San Diego Padres,2026-09-23T23:51:31.691613+00:00,2026-09-25T18:48:21.046167+00:00,2026-09-25T14:48:21.046167-04:00,2026-09-25T14:48:21.046167-04:00,propline_free_sample
2026-09-24,2026-09-25 02:10:00+00:00,Tyler Glasnow,6.5,over,100,prizepicks,225824,Los Angeles Dodgers,San Diego Padres,2026-09-23T23:51:31.691613+00:00,2026-09-25T18:48:21.046167+00:00,2026-09-25T14:48:21.046167-04:00,2026-09-25T14:48:21.046167-04:00,propline_free_sample
2026-09-24,2026-09-25 02:10:00+00:00,Nick Pivetta,1.5,over,-7000,hardrock,225824,Los Angeles Dodgers,San Diego Padres,2026-09-24T13:42:58.030403+00:00,2026-09-25T18:48:21.046167+00:00,2026-09-25T14:48:21.046167-04:00,2026-09-25T14:48:21.046167-04:00,propline_free_sample
2026-09-24,2026-09-25 02:10:00+00:00,Nick Pivetta,1.5,under,1600,hardrock,225824,Los Angeles Dodgers,San Diego Padres,2026-09-24T23:01:46.676277+00:00,2026-09-25T18:48:21.046167+00:00,2026-09-25T14:48:21.046167-04:00,2026-09-25T14:48:21.046167-04:00,propline_free_sample
2026-09-24,2026-09-25 02:10:00+00:00,Nick Pivetta,2.5,over,-1500,hardrock,225824,Los Angeles Dodgers,San Diego Padres,2026-09-24T23:01:46.676277+00:00,2026-09-25T18:48:21.046167+00:00,2026-09-25T14:48:21.046167-04:00,2026-09-25T14:48:21.046167-04:00,propline_free_sample
2026-09-24,2026-09-25 02:10:00+00:00,Nick Pivetta,2.5,under,525,hardrock,225824,Los Angeles Dodgers,San Diego Padres,2026-09-24T13:42:58.030403+00:00,2026-09-25T18:48:21.046167+00:00,2026-09-25T14:48:21.046167-04:00,2026-09-25T14:48:21.046167-04:00,propline_free_sample
2026-09-24,2026-09-25 02:10:00+00:00,Nick Pivetta,3.5,over,-375,hardrock,225824,Los Angeles Dodgers,San Diego Padres,2026-09-24T22:12:20.890988+00:00,2026-09-25T18:48:21.046167+00:00,2026-09-25T14:48:21.046167-04:00,2026-09-25T14:48:21.046167-04:00,propline_free_sample
2026-09-24,2026-09-25 02:10:00+00:00,Nick Pivetta,3.5,under,225,hardrock,225824,Los Angeles Dodgers,San Diego Padres,2026-09-24T23:01:46.676277+00:00,2026-09-25T18:48:21.046167+00:00,2026-09-25T14:48:21.046167-04:00,2026-09-25T14:48:21.046167-04:00,propline_free_sample
2026-09-24,2026-09-25 02:10:00+00:00,Nick Pivetta,4.5,over,-5000,hardrock,225824,Los Angeles Dodgers,San Diego Padres,2026-09-24T22:49:01.302414+00:00,2026-09-25T18:48:21.046167+00:00,2026-09-25T14:48:21.046167-04:00,2026-09-25T14:48:21.046167-04:00,propline_free_sample
2026-09-24,2026-09-25 02:10:00+00:00,Nick Pivetta,4.5,under,1200,hardrock,225824,Los Angeles Dodgers,San Diego Padres,2026-09-24T22:49:01.302414+00:00,2026-09-25T18:48:21.046167+00:00,2026-09-25T14:48:21.046167-04:00,2026-09-25T14:48:21.046167-04:00,propline_free_sample
2026-09-24,2026-09-25 02:10:00+00:00,Nick Pivetta,5.5,over,-2200,hardrock,225824,Los Angeles Dodgers,San Diego Padres,2026-09-24T22:12:20.890988+00:00,2026-09-25T18:48:21.046167+00:00,2026-09-25T14:48:21.046167-04:00,2026-09-25T14:48:21.046167-04:00,propline_free_sample
2026-09-24,2026-09-25 02:10:00+00:00,Nick Pivetta,5.5,under,600,hardrock,225824,Los Angeles Dodgers,San Diego Padres,2026-09-24T08:46:55.060985+00:00,2026-09-25T18:48:21.046167+00:00,2026-09-25T14:48:21.046167-04:00,2026-09-25T14:48:21.046167-04:00,propline_free_sample
2026-09-24,2026-09-25 02:10:00+00:00,Nick Pivetta,6.5,over,-1400,hardrock,225824,Los Angeles Dodgers,San Diego Padres,2026-09-24T00:01:36.986514+00:00,2026-09-25T18:48:21.046167+00:00,2026-09-25T14:48:21.046167-04:00,2026-09-25T14:48:21.046167-04:00,propline_free_sample
2026-09-24,2026-09-25 02:10:00+00:00,Nick Pivetta,6.5,under,525,hardrock,225824,Los Angeles Dodgers,San Diego Padres,2026-09-24T22:12:20.890988+00:00,2026-09-25T18:48:21.046167+00:00,2026-09-25T14:48:21.046167-04:00,2026-09-25T14:48:21.046167-04:00,propline_free_sample
2026-09-24,2026-09-25 02:10:00+00:00,Nick Pivetta,7.5,over,-190,hardrock,225824,Los Angeles Dodgers,San Diego Padres,2026-09-24T00:01:36.986514+00:00,2026-09-25T18:48:21.046167+00:00,2026-09-25T14:48:21.046167-04:00,2026-09-25T14:48:21.046167-04:00,propline_free_sample
2026-09-24,2026-09-25 02:10:00+00:00,Nick Pivetta,7.5,under,135,hardrock,225824,Los Angeles Dodgers,San Diego Padres,2026-09-24T06:39:32.921938+00:00,2026-09-25T18:48:21.046167+00:00,2026-09-25T14:48:21.046167-04:00,2026-09-25T14:48:21.046167-04:00,propline_free_sample
2026-09-24,2026-09-25 02:10:00+00:00,Nick Pivetta,8.5,over,175,hardrock,225824,Los Angeles Dodgers,San Diego Padres,2026-09-24T08:46:55.060985+00:00,2026-09-25T18:48:21.046167+00:00,2026-09-25T14:48:21.046167-04:00,2026-09-25T14:48:21.046167-04:00,propline_free_sample
2026-09-24,2026-09-25 02:10:00+00:00,Nick Pivetta,8.5,under,-275,hardrock,225824,Los Angeles Dodgers,San Diego Padres,2026-09-24T22:12:20.890988+00:00,2026-09-25T18:48:21.046167+00:00,2026-09-25T14:48:21.046167-04:00,2026-09-25T14:48:21.046167-04:00,propline_free_sample
2026-09-24,2026-09-25 02:10:00+00:00,Nick Pivetta,9.5,over,525,hardrock,225824,Los Angeles Dodgers,San Diego Padres,2026-09-23T23:52:40.999707+00:00,2026-09-25T18:48:21.046167+00:00,2026-09-25T14:48:21.046167-04:00,2026-09-25T14:48:21.046167-04:00,propline_free_sample
2026-09-24,2026-09-25 02:10:00+00:00,Nick Pivetta,9.5,under,-1500,hardrock,225824,Los Angeles Dodgers,San Diego Padres,2026-09-23T23:52:40.999707+00:00,2026-09-25T18:48:21.046167+00:00,2026-09-25T14:48:21.046167-04:00,2026-09-25T14:48:21.046167-04:00,propline_free_sample
2026-09-24,2026-09-25 02:10:00+00:00,Nick Pivetta,5.5,under,100,prizepicks,225824,Los Angeles Dodgers,San Diego Padres,2026-09-24T00:06:31.331246+00:00,2026-09-25T18:48:21.046167+00:00,2026-09-25T14:48:21.046167-04:00,2026-09-25T14:48:21.046167-04:00,propline_free_sample
2026-09-24,2026-09-25 02:10:00+00:00,Nick Pivetta,6.5,under,100,prizepicks,225824,Los Angeles Dodgers,San Diego Padres,2026-09-24T00:06:31.331246+00:00,2026-09-25T18:48:21.046167+00:00,2026-09-25T14:48:21.046167-04:00,2026-09-25T14:48:21.046167-04:00,propline_free_sample
2026-09-24,2026-09-25 02:10:00+00:00,Nick Pivetta,7.5,over,100,prizepicks,225824,Los Angeles Dodgers,San Diego Padres,2026-09-24T00:06:31.331246+00:00,2026-09-25T18:48:21.046167+00:00,2026-09-25T14:48:21.046167-04:00,2026-09-25T14:48:21.046167-04:00,propline_free_sample
2026-09-24,2026-09-25 02:10:00+00:00,Nick Pivetta,3.5,under,100,prizepicks,225824,Los Angeles Dodgers,San Diego Padres,2026-09-24T00:06:31.331246+00:00,2026-09-25T18:48:21.046167+00:00,2026-09-25T14:48:21.046167-04:00,2026-09-25T14:48:21.046167-04:00,propline_free_sample
2026-09-24,2026-09-25 02:10:00+00:00,Nick Pivetta,2.5,over,100,prizepicks,225824,Los Angeles Dodgers,San Diego Padres,2026-09-24T00:06:31.331246+00:00,2026-09-25T18:48:21.046167+00:00,2026-09-25T14:48:21.046167-04:00,2026-09-25T14:48:21.046167-04:00,propline_free_sample
2026-09-24,2026-09-25 02:10:00+00:00,Nick Pivetta,2.5,under,100,prizepicks,225824,Los Angeles Dodgers,San Diego Padres,2026-09-24T00:06:31.331246+00:00,2026-09-25T18:48:21.046167+00:00,2026-09-25T14:48:21.046167-04:00,2026-09-25T14:48:21.046167-04:00,propline_free_sample
2026-09-24,2026-09-25 02:10:00+00:00,Nick Pivetta,6.5,over,-175,fanatics,225824,Los Angeles Dodgers,San Diego Padres,2026-09-25T02:05:04.476799+00:00,2026-09-25T18:48:21.046167+00:00,2026-09-25T14:48:21.046167-04:00,2026-09-25T14:48:21.046167-04:00,propline_free_sample
2026-09-24,2026-09-25 02:10:00+00:00,Nick Pivetta,6.5,under,130,fanatics,225824,Los Angeles Dodgers,San Diego Padres,2026-09-25T02:05:04.476799+00:00,2026-09-25T18:48:21.046167+00:00,2026-09-25T14:48:21.046167-04:00,2026-09-25T14:48:21.046167-04:00,propline_free_sample
2026-09-24,2026-09-25 02:10:00+00:00,Tyler Glasnow,9.5,over,130,fanatics,225824,Los Angeles Dodgers,San Diego Padres,2026-09-25T01:56:32.505382+00:00,2026-09-25T18:48:21.046167+00:00,2026-09-25T14:48:21.046167-04:00,2026-09-25T14:48:21.046167-04:00,propline_free_sample
2026-09-24,2026-09-25 02:10:00+00:00,Tyler Glasnow,9.5,under,-175,fanatics,225824,Los Angeles Dodgers,San Diego Padres,2026-09-25T01:56:32.505382+00:00,2026-09-25T18:48:21.046167+00:00,2026-09-25T14:48:21.046167-04:00,2026-09-25T14:48:21.046167-04:00,propline_free_sample
2026-09-24,2026-09-25 02:10:00+00:00,Tyler Glasnow,1.5,over,-20000,hardrock,225824,Los Angeles Dodgers,San Diego Padres,2026-09-24T13:38:05.277347+00:00,2026-09-25T18:48:21.046167+00:00,2026-09-25T14:48:21.046167-04:00,2026-09-25T14:48:21.046167-04:00,propline_free_sample
2026-09-24,2026-09-25 02:10:00+00:00,Tyler Glasnow,1.5,under,2500,hardrock,225824,Los Angeles Dodgers,San Diego Padres,2026-09-24T13:38:05.277347+00:00,2026-09-25T18:48:21.046167+00:00,2026-09-25T14:48:21.046167-04:00,2026-09-25T14:48:21.046167-04:00,propline_free_sample
2026-09-24,2026-09-25 02:10:00+00:00,Tyler Glasnow,10.5,over,-210,hardrock,225824,Los Angeles Dodgers,San Diego Padres,2026-09-24T21:16:46.252782+00:00,2026-09-25T18:48:21.046167+00:00,2026-09-25T14:48:21.046167-04:00,2026-09-25T14:48:21.046167-04:00,propline_free_sample
2026-09-24,2026-09-25 02:10:00+00:00,Tyler Glasnow,10.5,under,145,hardrock,225824,Los Angeles Dodgers,San Diego Padres,2026-09-24T14:28:00.108601+00:00,2026-09-25T18:48:21.046167+00:00,2026-09-25T14:48:21.046167-04:00,2026-09-25T14:48:21.046167-04:00,propline_free_sample
2026-09-24,2026-09-25 02:10:00+00:00,Tyler Glasnow,11.5,over,150,hardrock,225824,Los Angeles Dodgers,San Diego Padres,2026-09-24T21:16:46.252782+00:00,2026-09-25T18:48:21.046167+00:00,2026-09-25T14:48:21.046167-04:00,2026-09-25T14:48:21.046167-04:00,propline_free_sample
2026-09-24,2026-09-25 02:10:00+00:00,Tyler Glasnow,11.5,under,-225,hardrock,225824,Los Angeles Dodgers,San Diego Padres,2026-09-24T14:28:00.108601+00:00,2026-09-25T18:48:21.046167+00:00,2026-09-25T14:48:21.046167-04:00,2026-09-25T14:48:21.046167-04:00,propline_free_sample
2026-09-24,2026-09-25 02:10:00+00:00,Tyler Glasnow,12.5,over,400,hardrock,225824,Los Angeles Dodgers,San Diego Padres,2026-09-24T18:59:14.245543+00:00,2026-09-25T18:48:21.046167+00:00,2026-09-25T14:48:21.046167-04:00,2026-09-25T14:48:21.046167-04:00,propline_free_sample
2026-09-24,2026-09-25 02:10:00+00:00,Tyler Glasnow,12.5,under,-850,hardrock,225824,Los Angeles Dodgers,San Diego Padres,2026-09-24T18:59:14.245543+00:00,2026-09-25T18:48:21.046167+00:00,2026-09-25T14:48:21.046167-04:00,2026-09-25T14:48:21.046167-04:00,propline_free_sample
2026-09-24,2026-09-25 02:10:00+00:00,Tyler Glasnow,13.5,over,1100,hardrock,225824,Los Angeles Dodgers,San Diego Padres,2026-09-24T05:36:09.647849+00:00,2026-09-25T18:48:21.046167+00:00,2026-09-25T14:48:21.046167-04:00,2026-09-25T14:48:21.046167-04:00,propline_free_sample
2026-09-24,2026-09-25 02:10:00+00:00,Tyler Glasnow,13.5,under,-5000,hardrock,225824,Los Angeles Dodgers,San Diego Padres,2026-09-24T14:19:54.454394+00:00,2026-09-25T18:48:21.046167+00:00,2026-09-25T14:48:21.046167-04:00,2026-09-25T14:48:21.046167-04:00,propline_free_sample
2026-09-24,2026-09-25 02:10:00+00:00,Tyler Glasnow,2.5,over,-10000,hardrock,225824,Los Angeles Dodgers,San Diego Padres,2026-09-24T13:38:05.277347+00:00,2026-09-25T18:48:21.046167+00:00,2026-09-25T14:48:21.046167-04:00,2026-09-25T14:48:21.046167-04:00,propline_free_sample
2026-09-24,2026-09-25 02:10:00+00:00,Tyler Glasnow,2.5,under,2500,hardrock,225824,Los Angeles Dodgers,San Diego Padres,2026-09-24T13:38:05.277347+00:00,2026-09-25T18:48:21.046167+00:00,2026-09-25T14:48:21.046167-04:00,2026-09-25T14:48:21.046167-04:00,propline_free_sample
2026-09-24,2026-09-25 02:10:00+00:00,Tyler Glasnow,3.5,over,-10000,hardrock,225824,Los Angeles Dodgers,San Diego Padres,2026-09-24T22:12:20.890988+00:00,2026-09-25T18:48:21.046167+00:00,2026-09-25T14:48:21.046167-04:00,2026-09-25T14:48:21.046167-04:00,propline_free_sample
2026-09-24,2026-09-25 02:10:00+00:00,Tyler Glasnow,3.5,under,2500,hardrock,225824,Los Angeles Dodgers,San Diego Padres,2026-09-24T22:14:10.001862+00:00,2026-09-25T18:48:21.046167+00:00,2026-09-25T14:48:21.046167-04:00,2026-09-25T14:48:21.046167-04:00,propline_free_sample
2026-09-24,2026-09-25 02:10:00+00:00,Tyler Glasnow,4.5,over,-5000,hardrock,225824,Los Angeles Dodgers,San Diego Padres,2026-09-24T14:12:56.203648+00:00,2026-09-25T18:48:21.046167+00:00,2026-09-25T14:48:21.046167-04:00,2026-09-25T14:48:21.046167-04:00,propline_free_sample
2026-09-24,2026-09-25 02:10:00+00:00,Tyler Glasnow,4.5,under,1200,hardrock,225824,Los Angeles Dodgers,San Diego Padres,2026-09-24T14:19:54.454394+00:00,2026-09-25T18:48:21.046167+00:00,2026-09-25T14:48:21.046167-04:00,2026-09-25T14:48:21.046167-04:00,propline_free_sample
2026-09-24,2026-09-25 02:10:00+00:00,Tyler Glasnow,5.5,over,-10000,hardrock,225824,Los Angeles Dodgers,San Diego Padres,2026-09-24T09:01:51.524761+00:00,2026-09-25T18:48:21.046167+00:00,2026-09-25T14:48:21.046167-04:00,2026-09-25T14:48:21.046167-04:00,propline_free_sample
2026-09-24,2026-09-25 02:10:00+00:00,Tyler Glasnow,5.5,under,2500,hardrock,225824,Los Angeles Dodgers,San Diego Padres,2026-09-24T14:12:56.203648+00:00,2026-09-25T18:48:21.046167+00:00,2026-09-25T14:48:21.046167-04:00,2026-09-25T14:48:21.046167-04:00,propline_free_sample
2026-09-24,2026-09-25 02:10:00+00:00,Tyler Glasnow,6.5,over,-3000,hardrock,225824,Los Angeles Dodgers,San Diego Padres,2026-09-24T15:33:01.567535+00:00,2026-09-25T18:48:21.046167+00:00,2026-09-25T14:48:21.046167-04:00,2026-09-25T14:48:21.046167-04:00,propline_free_sample
2026-09-24,2026-09-25 02:10:00+00:00,Tyler Glasnow,6.5,under,750,hardrock,225824,Los Angeles Dodgers,San Diego Padres,2026-09-24T15:33:01.567535+00:00,2026-09-25T18:48:21.046167+00:00,2026-09-25T14:48:21.046167-04:00,2026-09-25T14:48:21.046167-04:00,propline_free_sample
2026-09-24,2026-09-25 02:10:00+00:00,Tyler Glasnow,7.5,over,-6000,hardrock,225824,Los Angeles Dodgers,San Diego Padres,2026-09-24T21:16:46.252782+00:00,2026-09-25T18:48:21.046167+00:00,2026-09-25T14:48:21.046167-04:00,2026-09-25T14:48:21.046167-04:00,propline_free_sample
2026-09-24,2026-09-25 02:10:00+00:00,Tyler Glasnow,7.5,under,1500,hardrock,225824,Los Angeles Dodgers,San Diego Padres,2026-09-24T22:12:20.890988+00:00,2026-09-25T18:48:21.046167+00:00,2026-09-25T14:48:21.046167-04:00,2026-09-25T14:48:21.046167-04:00,propline_free_sample
2026-09-24,2026-09-25 02:10:00+00:00,Tyler Glasnow,8.5,over,-4000,hardrock,225824,Los Angeles Dodgers,San Diego Padres,2026-09-24T21:16:46.252782+00:00,2026-09-25T18:48:21.046167+00:00,2026-09-25T14:48:21.046167-04:00,2026-09-25T14:48:21.046167-04:00,propline_free_sample
2026-09-24,2026-09-25 02:10:00+00:00,Tyler Glasnow,8.5,under,800,hardrock,225824,Los Angeles Dodgers,San Diego Padres,2026-09-24T15:33:01.567535+00:00,2026-09-25T18:48:21.046167+00:00,2026-09-25T14:48:21.046167-04:00,2026-09-25T14:48:21.046167-04:00,propline_free_sample
2026-09-24,2026-09-25 02:10:00+00:00,Tyler Glasnow,9.5,over,-1100,hardrock,225824,Los Angeles Dodgers,San Diego Padres,2026-09-24T22:12:20.890988+00:00,2026-09-25T18:48:21.046167+00:00,2026-09-25T14:48:21.046167-04:00,2026-09-25T14:48:21.046167-04:00,propline_free_sample
2026-09-24,2026-09-25 02:10:00+00:00,Tyler Glasnow,9.5,under,450,hardrock,225824,Los Angeles Dodgers,San Diego Padres,2026-09-24T22:12:20.890988+00:00,2026-09-25T18:48:21.046167+00:00,2026-09-25T14:48:21.046167-04:00,2026-09-25T14:48:21.046167-04:00,propline_free_sample
2026-09-24,2026-09-25 02:10:00+00:00,Tyler Glasnow,10.5,over,100,prizepicks,225824,Los Angeles Dodgers,San Diego Padres,2026-09-24T02:00:08.577102+00:00,2026-09-25T18:48:21.046167+00:00,2026-09-25T14:48:21.046167-04:00,2026-09-25T14:48:21.046167-04:00,propline_free_sample
2026-09-24,2026-09-25 02:10:00+00:00,Nick Pivetta,4.5,over,-128,sleeper,225824,Los Angeles Dodgers,San Diego Padres,2026-09-24T08:46:29.202598+00:00,2026-09-25T18:48:21.046167+00:00,2026-09-25T14:48:21.046167-04:00,2026-09-25T14:48:21.046167-04:00,propline_free_sample
2026-09-24,2026-09-25 02:10:00+00:00,Nick Pivetta,4.5,under,-128,sleeper,225824,Los Angeles Dodgers,San Diego Padres,2026-09-24T08:46:29.202598+00:00,2026-09-25T18:48:21.046167+00:00,2026-09-25T14:48:21.046167-04:00,2026-09-25T14:48:21.046167-04:00,propline_free_sample
2026-09-24,2026-09-25 02:10:00+00:00,Tyler Glasnow,6.5,over,-169,sleeper,225824,Los Angeles Dodgers,San Diego Padres,2026-09-25T01:35:40.277328+00:00,2026-09-25T18:48:21.046167+00:00,2026-09-25T14:48:21.046167-04:00,2026-09-25T14:48:21.046167-04:00,propline_free_sample
2026-09-24,2026-09-25 02:10:00+00:00,Tyler Glasnow,6.5,under,101,sleeper,225824,Los Angeles Dodgers,San Diego Padres,2026-09-25T01:43:44.003341+00:00,2026-09-25T18:48:21.046167+00:00,2026-09-25T14:48:21.046167-04:00,2026-09-25T14:48:21.046167-04:00,propline_free_sample
2026-09-24,2026-09-25 02:10:00+00:00,Tyler Glasnow,8.5,under,100,prizepicks,225824,Los Angeles Dodgers,San Diego Padres,2026-09-24T02:09:20.264001+00:00,2026-09-25T18:48:21.046167+00:00,2026-09-25T14:48:21.046167-04:00,2026-09-25T14:48:21.046167-04:00,propline_free_sample
2026-09-24,2026-09-25 02:10:00+00:00,Tyler Glasnow,9.5,under,100,prizepicks,225824,Los Angeles Dodgers,San Diego Padres,2026-09-24T02:09:20.264001+00:00,2026-09-25T18:48:21.046167+00:00,2026-09-25T14:48:21.046167-04:00,2026-09-25T14:48:21.046167-04:00,propline_free_sample
2026-09-24,2026-09-25 02:10:00+00:00,Tyler Glasnow,5.5,under,100,prizepicks,225824,Los Angeles Dodgers,San Diego Padres,2026-09-24T02:09:20.264001+00:00,2026-09-25T18:48:21.046167+00:00,2026-09-25T14:48:21.046167-04:00,2026-09-25T14:48:21.046167-04:00,propline_free_sample
2026-09-24,2026-09-25 02:10:00+00:00,Tyler Glasnow,6.5,under,100,prizepicks,225824,Los Angeles Dodgers,San Diego Padres,2026-09-24T02:09:20.264001+00:00,2026-09-25T18:48:21.046167+00:00,2026-09-25T14:48:21.046167-04:00,2026-09-25T14:48:21.046167-04:00,propline_free_sample
2026-09-24,2026-09-25 02:10:00+00:00,Tyler Glasnow,11.5,over,100,prizepicks,225824,Los Angeles Dodgers,San Diego Padres,2026-09-24T02:09:20.264001+00:00,2026-09-25T18:48:21.046167+00:00,2026-09-25T14:48:21.046167-04:00,2026-09-25T14:48:21.046167-04:00,propline_free_sample
2026-09-24,2026-09-25 02:10:00+00:00,Tyler Glasnow,4.5,over,100,prizepicks,225824,Los Angeles Dodgers,San Diego Padres,2026-09-24T02:09:20.264001+00:00,2026-09-25T18:48:21.046167+00:00,2026-09-25T14:48:21.046167-04:00,2026-09-25T14:48:21.046167-04:00,propline_free_sample
2026-09-24,2026-09-25 02:10:00+00:00,Tyler Glasnow,4.5,under,100,prizepicks,225824,Los Angeles Dodgers,San Diego Padres,2026-09-24T02:09:20.264001+00:00,2026-09-25T18:48:21.046167+00:00,2026-09-25T14:48:21.046167-04:00,2026-09-25T14:48:21.046167-04:00,propline_free_sample
2026-09-24,2026-09-25 02:10:00+00:00,Nick Pivetta,4.5,over,-108,prophetx,225824,Los Angeles Dodgers,San Diego Padres,2026-09-25T00:24:23.582620+00:00,2026-09-25T18:48:21.046167+00:00,2026-09-25T14:48:21.046167-04:00,2026-09-25T14:48:21.046167-04:00,propline_free_sample
2026-09-24,2026-09-25 02:10:00+00:00,Nick Pivetta,4.5,under,-103,prophetx,225824,Los Angeles Dodgers,San Diego Padres,2026-09-24T21:15:27.797097+00:00,2026-09-25T18:48:21.046167+00:00,2026-09-25T14:48:21.046167-04:00,2026-09-25T14:48:21.046167-04:00,propline_free_sample
2026-09-24,2026-09-25 02:10:00+00:00,Tyler Glasnow,6.5,over,-134,prophetx,225824,Los Angeles Dodgers,San Diego Padres,2026-09-25T01:54:16.568534+00:00,2026-09-25T18:48:21.046167+00:00,2026-09-25T14:48:21.046167-04:00,2026-09-25T14:48:21.046167-04:00,propline_free_sample
2026-09-24,2026-09-25 02:10:00+00:00,Tyler Glasnow,6.5,under,114,prophetx,225824,Los Angeles Dodgers,San Diego Padres,2026-09-25T01:56:00.757077+00:00,2026-09-25T18:48:21.046167+00:00,2026-09-25T14:48:21.046167-04:00,2026-09-25T14:48:21.046167-04:00,propline_free_sample
2026-09-24,2026-09-25 02:10:00+00:00,Tyler Glasnow,7.5,over,120,prophetx,225824,Los Angeles Dodgers,San Diego Padres,2026-09-25T02:03:06.867827+00:00,2026-09-25T18:48:21.046167+00:00,2026-09-25T14:48:21.046167-04:00,2026-09-25T14:48:21.046167-04:00,propline_free_sample
2026-09-24,2026-09-25 02:10:00+00:00,Tyler Glasnow,7.5,under,-156,prophetx,225824,Los Angeles Dodgers,San Diego Padres,2026-09-25T01:08:10.488869+00:00,2026-09-25T18:48:21.046167+00:00,2026-09-25T14:48:21.046167-04:00,2026-09-25T14:48:21.046167-04:00,propline_free_sample
2026-09-24,2026-09-25 02:10:00+00:00,Nick Pivetta,7.5,over,-162,underdog,225824,Los Angeles Dodgers,San Diego Padres,2026-09-24T08:46:30.705322+00:00,2026-09-25T18:48:21.046167+00:00,2026-09-25T14:48:21.046167-04:00,2026-09-25T14:48:21.046167-04:00,propline_free_sample
2026-09-24,2026-09-25 02:10:00+00:00,Tyler Glasnow,11.5,over,-110,underdog,225824,Los Angeles Dodgers,San Diego Padres,2026-09-24T23:18:33.999242+00:00,2026-09-25T18:48:21.046167+00:00,2026-09-25T14:48:21.046167-04:00,2026-09-25T14:48:21.046167-04:00,propline_free_sample
2026-09-24,2026-09-25 02:10:00+00:00,Nick Pivetta,7.5,under,108,underdog,225824,Los Angeles Dodgers,San Diego Padres,2026-09-24T08:46:30.705322+00:00,2026-09-25T18:48:21.046167+00:00,2026-09-25T14:48:21.046167-04:00,2026-09-25T14:48:21.046167-04:00,propline_free_sample
2026-09-24,2026-09-25 02:10:00+00:00,Tyler Glasnow,11.5,under,-136,underdog,225824,Los Angeles Dodgers,San Diego Padres,2026-09-25T00:17:37.757391+00:00,2026-09-25T18:48:21.046167+00:00,2026-09-25T14:48:21.046167-04:00,2026-09-25T14:48:21.046167-04:00,propline_free_sample
2026-09-24,2026-09-25 02:10:00+00:00,Nick Pivetta,4.5,over,108,dabble,225824,Los Angeles Dodgers,San Diego Padres,2026-09-24T22:50:50.785460+00:00,2026-09-25T18:48:21.046167+00:00,2026-09-25T14:48:21.046167-04:00,2026-09-25T14:48:21.046167-04:00,propline_free_sample
2026-09-24,2026-09-25 02:10:00+00:00,Tyler Glasnow,7.5,over,120,dabble,225824,Los Angeles Dodgers,San Diego Padres,2026-09-24T05:45:46.939518+00:00,2026-09-25T18:48:21.046167+00:00,2026-09-25T14:48:21.046167-04:00,2026-09-25T14:48:21.046167-04:00,propline_free_sample
2026-09-24,2026-09-25 02:10:00+00:00,Nick Pivetta,4.5,under,-106,dabble,225824,Los Angeles Dodgers,San Diego Padres,2026-09-24T22:04:00.763823+00:00,2026-09-25T18:48:21.046167+00:00,2026-09-25T14:48:21.046167-04:00,2026-09-25T14:48:21.046167-04:00,propline_free_sample
2026-09-24,2026-09-25 02:10:00+00:00,Tyler Glasnow,7.5,under,-120,dabble,225824,Los Angeles Dodgers,San Diego Padres,2026-09-24T05:45:46.939518+00:00,2026-09-25T18:48:21.046167+00:00,2026-09-25T14:48:21.046167-04:00,2026-09-25T14:48:21.046167-04:00,propline_free_sample
2026-09-24,2026-09-25 02:10:00+00:00,Nick Pivetta,4.5,over,-110,smarkets,225824,Los Angeles Dodgers,San Diego Padres,2026-09-24T22:56:04.937406+00:00,2026-09-25T18:48:21.046167+00:00,2026-09-25T14:48:21.046167-04:00,2026-09-25T14:48:21.046167-04:00,propline_free_sample
2026-09-24,2026-09-25 02:10:00+00:00,Nick Pivetta,4.5,under,-127,smarkets,225824,Los Angeles Dodgers,San Diego Padres,2026-09-24T22:08:00.700832+00:00,2026-09-25T18:48:21.046167+00:00,2026-09-25T14:48:21.046167-04:00,2026-09-25T14:48:21.046167-04:00,propline_free_sample
2026-09-24,2026-09-25 02:10:00+00:00,Tyler Glasnow,6.5,over,-161,smarkets,225824,Los Angeles Dodgers,San Diego Padres,2026-09-24T18:41:21.998226+00:00,2026-09-25T18:48:21.046167+00:00,2026-09-25T14:48:21.046167-04:00,2026-09-25T14:48:21.046167-04:00,propline_free_sample
2026-09-24,2026-09-25 02:10:00+00:00,Tyler Glasnow,6.5,under,114,smarkets,225824,Los Angeles Dodgers,San Diego Padres,2026-09-24T18:41:21.998226+00:00,2026-09-25T18:48:21.046167+00:00,2026-09-25T14:48:21.046167-04:00,2026-09-25T14:48:21.046167-04:00,propline_free_sample
2026-09-24,2026-09-25 02:10:00+00:00,Tyler Glasnow,6.5,over,-146,pinnacle,225824,Los Angeles Dodgers,San Diego Padres,2026-09-24T15:32:12.640272+00:00,2026-09-25T18:48:21.046167+00:00,2026-09-25T14:48:21.046167-04:00,2026-09-25T14:48:21.046167-04:00,propline_free_sample
2026-09-24,2026-09-25 02:10:00+00:00,Tyler Glasnow,6.5,under,110,pinnacle,225824,Los Angeles Dodgers,San Diego Padres,2026-09-24T15:32:12.640272+00:00,2026-09-25T18:48:21.046167+00:00,2026-09-25T14:48:21.046167-04:00,2026-09-25T14:48:21.046167-04:00,propline_free_sample
2026-09-24,2026-09-25 02:10:00+00:00,Tyler Glasnow,7.0,over,100,prizepicks,225824,Los Angeles Dodgers,San Diego Padres,2026-09-24T05:47:46.500798+00:00,2026-09-25T18:48:21.046167+00:00,2026-09-25T14:48:21.046167-04:00,2026-09-25T14:48:21.046167-04:00,propline_free_sample
2026-09-24,2026-09-25 02:10:00+00:00,Tyler Glasnow,6.5,under,100,prizepicks,225824,Los Angeles Dodgers,San Diego Padres,2026-09-24T05:28:48.038199+00:00,2026-09-25T18:48:21.046167+00:00,2026-09-25T14:48:21.046167-04:00,2026-09-25T14:48:21.046167-04:00,propline_free_sample
2026-09-24,2026-09-25 02:10:00+00:00,Nick Pivetta,0.5,over,-15000,hardrock,225824,Los Angeles Dodgers,San Diego Padres,2026-09-24T06:45:33.999616+00:00,2026-09-25T18:48:21.046167+00:00,2026-09-25T14:48:21.046167-04:00,2026-09-25T14:48:21.046167-04:00,propline_free_sample
2026-09-24,2026-09-25 02:10:00+00:00,Nick Pivetta,0.5,under,3000,hardrock,225824,Los Angeles Dodgers,San Diego Padres,2026-09-24T05:35:07.681024+00:00,2026-09-25T18:48:21.046167+00:00,2026-09-25T14:48:21.046167-04:00,2026-09-25T14:48:21.046167-04:00,propline_free_sample
2026-09-24,2026-09-25 02:10:00+00:00,Nick Pivetta,3.5,over,-355,polymarket_us,225824,Los Angeles Dodgers,San Diego Padres,2026-09-25T01:34:31.462290+00:00,2026-09-25T18:48:21.046167+00:00,2026-09-25T14:48:21.046167-04:00,2026-09-25T14:48:21.046167-04:00,propline_free_sample
2026-09-24,2026-09-25 02:10:00+00:00,Nick Pivetta,3.5,under,9900,polymarket_us,225824,Los Angeles Dodgers,San Diego Padres,2026-09-25T02:06:35.031697+00:00,2026-09-25T18:48:21.046167+00:00,2026-09-25T14:48:21.046167-04:00,2026-09-25T14:48:21.046167-04:00,propline_free_sample
2026-09-24,2026-09-25 02:10:00+00:00,Tyler Glasnow,6.5,over,-1567,polymarket_us,225824,Los Angeles Dodgers,San Diego Padres,2026-09-25T01:22:33.146239+00:00,2026-09-25T18:48:21.046167+00:00,2026-09-25T14:48:21.046167-04:00,2026-09-25T14:48:21.046167-04:00,propline_free_sample
2026-09-24,2026-09-25 02:10:00+00:00,Tyler Glasnow,6.5,under,9900,polymarket_us,225824,Los Angeles Dodgers,San Diego Padres,2026-09-25T02:08:44.718221+00:00,2026-09-25T18:48:21.046167+00:00,2026-09-25T14:48:21.046167-04:00,2026-09-25T14:48:21.046167-04:00,propline_free_sample
2026-09-24,2026-09-25 02:10:00+00:00,Nick Pivetta,4.5,over,-376,polymarket_us,225824,Los Angeles Dodgers,San Diego Padres,2026-09-25T02:06:35.031697+00:00,2026-09-25T18:48:21.046167+00:00,2026-09-25T14:48:21.046167-04:00,2026-09-25T14:48:21.046167-04:00,propline_free_sample
2026-09-24,2026-09-25 02:10:00+00:00,Nick Pivetta,4.5,under,9900,polymarket_us,225824,Los Angeles Dodgers,San Diego Padres,2026-09-25T01:59:28.117789+00:00,2026-09-25T18:48:21.046167+00:00,2026-09-25T14:48:21.046167-04:00,2026-09-25T14:48:21.046167-04:00,propline_free_sample
2026-09-24,2026-09-25 02:10:00+00:00,Tyler Glasnow,7.5,over,-733,polymarket_us,225824,Los Angeles Dodgers,San Diego Padres,2026-09-25T02:03:08.221531+00:00,2026-09-25T18:48:21.046167+00:00,2026-09-25T14:48:21.046167-04:00,2026-09-25T14:48:21.046167-04:00,propline_free_sample
2026-09-24,2026-09-25 02:10:00+00:00,Tyler Glasnow,7.5,under,9900,polymarket_us,225824,Los Angeles Dodgers,San Diego Padres,2026-09-25T02:01:09.740021+00:00,2026-09-25T18:48:21.046167+00:00,2026-09-25T14:48:21.046167-04:00,2026-09-25T14:48:21.046167-04:00,propline_free_sample
2026-09-24,2026-09-25 02:10:00+00:00,Tyler Glasnow,5.5,over,-1011,polymarket_us,225824,Los Angeles Dodgers,San Diego Padres,2026-09-25T01:32:14.531604+00:00,2026-09-25T18:48:21.046167+00:00,2026-09-25T14:48:21.046167-04:00,2026-09-25T14:48:21.046167-04:00,propline_free_sample
2026-09-24,2026-09-25 02:10:00+00:00,Tyler Glasnow,5.5,under,9900,polymarket_us,225824,Los Angeles Dodgers,San Diego Padres,2026-09-25T02:06:35.031697+00:00,2026-09-25T18:48:21.046167+00:00,2026-09-25T14:48:21.046167-04:00,2026-09-25T14:48:21.046167-04:00,propline_free_sample
2026-09-24,2026-09-25 02:10:00+00:00,Tyler Glasnow,7.5,over,121,draftkings,225824,Los Angeles Dodgers,San Diego Padres,2026-09-24T23:04:46.783246+00:00,2026-09-25T18:48:21.046167+00:00,2026-09-25T14:48:21.046167-04:00,2026-09-25T14:48:21.046167-04:00,propline_free_sample
2026-09-24,2026-09-25 02:10:00+00:00,Tyler Glasnow,7.5,under,-155,draftkings,225824,Los Angeles Dodgers,San Diego Padres,2026-09-24T23:04:46.783246+00:00,2026-09-25T18:48:21.046167+00:00,2026-09-25T14:48:21.046167-04:00,2026-09-25T14:48:21.046167-04:00,propline_free_sample
2026-09-24,2026-09-25 02:10:00+00:00,Tyler Glasnow,9.5,over,-104,parlayplay,225824,Los Angeles Dodgers,San Diego Padres,2026-09-24T14:03:10.686335+00:00,2026-09-25T18:48:21.046167+00:00,2026-09-25T14:48:21.046167-04:00,2026-09-25T14:48:21.046167-04:00,propline_free_sample
2026-09-24,2026-09-25 02:10:00+00:00,Tyler Glasnow,9.5,under,-152,parlayplay,225824,Los Angeles Dodgers,San Diego Padres,2026-09-24T09:53:17.268159+00:00,2026-09-25T18:48:21.046167+00:00,2026-09-25T14:48:21.046167-04:00,2026-09-25T14:48:21.046167-04:00,propline_free_sample
2026-09-24,2026-09-25 02:10:00+00:00,Tyler Glasnow,7.5,over,121,courtside,225824,Los Angeles Dodgers,San Diego Padres,2026-09-24T22:53:02.138104+00:00,2026-09-25T18:48:21.046167+00:00,2026-09-25T14:48:21.046167-04:00,2026-09-25T14:48:21.046167-04:00,propline_free_sample
2026-09-24,2026-09-25 02:10:00+00:00,Tyler Glasnow,7.5,under,-155,courtside,225824,Los Angeles Dodgers,San Diego Padres,2026-09-24T23:07:51.661483+00:00,2026-09-25T18:48:21.046167+00:00,2026-09-25T14:48:21.046167-04:00,2026-09-25T14:48:21.046167-04:00,propline_free_sample
2026-09-24,2026-09-25 02:10:00+00:00,Nick Pivetta,4.5,over,-111,draftkings,225824,Los Angeles Dodgers,San Diego Padres,2026-09-25T02:02:45.399851+00:00,2026-09-25T18:48:21.046167+00:00,2026-09-25T14:48:21.046167-04:00,2026-09-25T14:48:21.046167-04:00,propline_free_sample
2026-09-24,2026-09-25 02:10:00+00:00,Nick Pivetta,4.5,under,-114,draftkings,225824,Los Angeles Dodgers,San Diego Padres,2026-09-25T02:02:45.399851+00:00,2026-09-25T18:48:21.046167+00:00,2026-09-25T14:48:21.046167-04:00,2026-09-25T14:48:21.046167-04:00,propline_free_sample
2026-09-24,2026-09-25 02:10:00+00:00,Nick Pivetta,6.5,over,-204,parlayplay,225824,Los Angeles Dodgers,San Diego Padres,2026-09-24T23:50:05.785626+00:00,2026-09-25T18:48:21.046167+00:00,2026-09-25T14:48:21.046167-04:00,2026-09-25T14:48:21.046167-04:00,propline_free_sample
2026-09-24,2026-09-25 02:10:00+00:00,Nick Pivetta,6.5,under,124,parlayplay,225824,Los Angeles Dodgers,San Diego Padres,2026-09-25T02:03:21.652393+00:00,2026-09-25T18:48:21.046167+00:00,2026-09-25T14:48:21.046167-04:00,2026-09-25T14:48:21.046167-04:00,propline_free_sample
2026-09-24,2026-09-25 02:10:00+00:00,Nick Pivetta,4.5,over,-130,courtside,225824,Los Angeles Dodgers,San Diego Padres,2026-09-25T02:05:44.961885+00:00,2026-09-25T18:48:21.046167+00:00,2026-09-25T14:48:21.046167-04:00,2026-09-25T14:48:21.046167-04:00,propline_free_sample
2026-09-24,2026-09-25 02:10:00+00:00,Nick Pivetta,4.5,under,-105,courtside,225824,Los Angeles Dodgers,San Diego Padres,2026-09-25T02:05:44.961885+00:00,2026-09-25T18:48:21.046167+00:00,2026-09-25T14:48:21.046167-04:00,2026-09-25T14:48:21.046167-04:00,propline_free_sample
2026-09-24,2026-09-25 02:10:00+00:00,Nick Pivetta,4.5,over,-110,onexbet,225824,Los Angeles Dodgers,San Diego Padres,2026-09-25T01:51:59.900690+00:00,2026-09-25T18:48:21.046167+00:00,2026-09-25T14:48:21.046167-04:00,2026-09-25T14:48:21.046167-04:00,propline_free_sample
2026-09-24,2026-09-25 02:10:00+00:00,Tyler Glasnow,7.5,over,110,onexbet,225824,Los Angeles Dodgers,San Diego Padres,2026-09-25T01:51:59.900690+00:00,2026-09-25T18:48:21.046167+00:00,2026-09-25T14:48:21.046167-04:00,2026-09-25T14:48:21.046167-04:00,propline_free_sample
2026-09-24,2026-09-25 02:10:00+00:00,Nick Pivetta,4.5,under,-120,onexbet,225824,Los Angeles Dodgers,San Diego Padres,2026-09-25T01:51:59.900690+00:00,2026-09-25T18:48:21.046167+00:00,2026-09-25T14:48:21.046167-04:00,2026-09-25T14:48:21.046167-04:00,propline_free_sample
2026-09-24,2026-09-25 02:10:00+00:00,Tyler Glasnow,7.5,under,-150,onexbet,225824,Los Angeles Dodgers,San Diego Padres,2026-09-25T01:51:59.900690+00:00,2026-09-25T18:48:21.046167+00:00,2026-09-25T14:48:21.046167-04:00,2026-09-25T14:48:21.046167-04:00,propline_free_sample
2026-09-24,2026-09-25 02:10:00+00:00,Nick Pivetta,7.5,over,9900,polymarket_us,225824,Los Angeles Dodgers,San Diego Padres,2026-09-25T00:32:52.852514+00:00,2026-09-25T18:48:21.046167+00:00,2026-09-25T14:48:21.046167-04:00,2026-09-25T14:48:21.046167-04:00,propline_free_sample
2026-09-24,2026-09-25 02:10:00+00:00,Nick Pivetta,6.5,over,-733,kalshi,225824,Los Angeles Dodgers,San Diego Padres,2026-09-25T01:09:43.285989+00:00,2026-09-25T18:48:21.046167+00:00,2026-09-25T14:48:21.046167-04:00,2026-09-25T14:48:21.046167-04:00,propline_free_sample
2026-09-24,2026-09-25 02:10:00+00:00,Nick Pivetta,7.5,over,9900,kalshi,225824,Los Angeles Dodgers,San Diego Padres,2026-09-24T23:36:52.723329+00:00,2026-09-25T18:48:21.046167+00:00,2026-09-25T14:48:21.046167-04:00,2026-09-25T14:48:21.046167-04:00,propline_free_sample
2026-09-24,2026-09-25 02:10:00+00:00,Tyler Glasnow,6.5,over,-1150,kalshi,225824,Los Angeles Dodgers,San Diego Padres,2026-09-24T22:55:30.034138+00:00,2026-09-25T18:48:21.046167+00:00,2026-09-25T14:48:21.046167-04:00,2026-09-25T14:48:21.046167-04:00,propline_free_sample
2026-09-24,2026-09-25 02:10:00+00:00,Tyler Glasnow,7.5,over,-733,kalshi,225824,Los Angeles Dodgers,San Diego Padres,2026-09-25T02:01:03.478819+00:00,2026-09-25T18:48:21.046167+00:00,2026-09-25T14:48:21.046167-04:00,2026-09-25T14:48:21.046167-04:00,propline_free_sample
2026-09-24,2026-09-25 02:10:00+00:00,Tyler Glasnow,10.5,over,-400,kalshi,225824,Los Angeles Dodgers,San Diego Padres,2026-09-24T23:46:13.520688+00:00,2026-09-25T18:48:21.046167+00:00,2026-09-25T14:48:21.046167-04:00,2026-09-25T14:48:21.046167-04:00,propline_free_sample
2026-09-24,2026-09-25 02:10:00+00:00,Tyler Glasnow,11.5,over,9900,kalshi,225824,Los Angeles Dodgers,San Diego Padres,2026-09-24T18:16:01.475261+00:00,2026-09-25T18:48:21.046167+00:00,2026-09-25T14:48:21.046167-04:00,2026-09-25T14:48:21.046167-04:00,propline_free_sample
2026-09-24,2026-09-25 02:10:00+00:00,Nick Pivetta,2.5,over,-2400,kalshi,225824,Los Angeles Dodgers,San Diego Padres,2026-09-24T17:18:51.209810+00:00,2026-09-25T18:48:21.046167+00:00,2026-09-25T14:48:21.046167-04:00,2026-09-25T14:48:21.046167-04:00,propline_free_sample
2026-09-24,2026-09-25 02:10:00+00:00,Nick Pivetta,3.5,over,-3233,kalshi,225824,Los Angeles Dodgers,San Diego Padres,2026-09-25T02:09:44.943164+00:00,2026-09-25T18:48:21.046167+00:00,2026-09-25T14:48:21.046167-04:00,2026-09-25T14:48:21.046167-04:00,propline_free_sample
2026-09-24,2026-09-25 02:10:00+00:00,Tyler Glasnow,3.5,over,-3233,kalshi,225824,Los Angeles Dodgers,San Diego Padres,2026-09-25T02:09:34.658604+00:00,2026-09-25T18:48:21.046167+00:00,2026-09-25T14:48:21.046167-04:00,2026-09-25T14:48:21.046167-04:00,propline_free_sample
2026-09-24,2026-09-25 02:10:00+00:00,Nick Pivetta,4.5,over,-3233,kalshi,225824,Los Angeles Dodgers,San Diego Padres,2026-09-25T01:59:22.384427+00:00,2026-09-25T18:48:21.046167+00:00,2026-09-25T14:48:21.046167-04:00,2026-09-25T14:48:21.046167-04:00,propline_free_sample
2026-09-24,2026-09-25 02:10:00+00:00,Tyler Glasnow,4.5,over,-4900,kalshi,225824,Los Angeles Dodgers,San Diego Padres,2026-09-25T02:00:22.348424+00:00,2026-09-25T18:48:21.046167+00:00,2026-09-25T14:48:21.046167-04:00,2026-09-25T14:48:21.046167-04:00,propline_free_sample
2026-09-24,2026-09-25 02:10:00+00:00,Nick Pivetta,5.5,over,-3233,kalshi,225824,Los Angeles Dodgers,San Diego Padres,2026-09-25T02:09:44.943164+00:00,2026-09-25T18:48:21.046167+00:00,2026-09-25T14:48:21.046167-04:00,2026-09-25T14:48:21.046167-04:00,propline_free_sample
2026-09-24,2026-09-25 02:10:00+00:00,Tyler Glasnow,5.5,over,-3233,kalshi,225824,Los Angeles Dodgers,San Diego Padres,2026-09-25T02:09:51.997706+00:00,2026-09-25T18:48:21.046167+00:00,2026-09-25T14:48:21.046167-04:00,2026-09-25T14:48:21.046167-04:00,propline_free_sample
2026-09-24,2026-09-25 02:10:00+00:00,Tyler Glasnow,8.5,over,-1567,kalshi,225824,Los Angeles Dodgers,San Diego Padres,2026-09-25T00:48:34.691510+00:00,2026-09-25T18:48:21.046167+00:00,2026-09-25T14:48:21.046167-04:00,2026-09-25T14:48:21.046167-04:00,propline_free_sample
2026-09-24,2026-09-25 02:10:00+00:00,Tyler Glasnow,9.5,over,-1011,kalshi,225824,Los Angeles Dodgers,San Diego Padres,2026-09-24T22:55:30.034138+00:00,2026-09-25T18:48:21.046167+00:00,2026-09-25T14:48:21.046167-04:00,2026-09-25T14:48:21.046167-04:00,propline_free_sample
2026-09-24,2026-09-25 02:10:00+00:00,Nick Pivetta,8.5,over,9900,kalshi,225824,Los Angeles Dodgers,San Diego Padres,2026-09-25T01:10:52.060486+00:00,2026-09-25T18:48:21.046167+00:00,2026-09-25T14:48:21.046167-04:00,2026-09-25T14:48:21.046167-04:00,propline_free_sample
2026-09-24,2026-09-25 02:10:00+00:00,Tyler Glasnow,7.5,under,9900,kalshi,225824,Los Angeles Dodgers,San Diego Padres,2026-09-25T02:09:04.495716+00:00,2026-09-25T18:48:21.046167+00:00,2026-09-25T14:48:21.046167-04:00,2026-09-25T14:48:21.046167-04:00,propline_free_sample
2026-09-24,2026-09-25 02:10:00+00:00,Nick Pivetta,4.5,under,9900,kalshi,225824,Los Angeles Dodgers,San Diego Padres,2026-09-25T02:05:05.046025+00:00,2026-09-25T18:48:21.046167+00:00,2026-09-25T14:48:21.046167-04:00,2026-09-25T14:48:21.046167-04:00,propline_free_sample
2026-09-24,2026-09-25 02:10:00+00:00,Nick Pivetta,4.5,over,-120,rebet,225824,Los Angeles Dodgers,San Diego Padres,2026-09-25T02:08:37.718023+00:00,2026-09-25T18:48:21.046167+00:00,2026-09-25T14:48:21.046167-04:00,2026-09-25T14:48:21.046167-04:00,propline_free_sample
2026-09-24,2026-09-25 02:10:00+00:00,Nick Pivetta,4.5,under,-115,rebet,225824,Los Angeles Dodgers,San Diego Padres,2026-09-25T02:08:37.718023+00:00,2026-09-25T18:48:21.046167+00:00,2026-09-25T14:48:21.046167-04:00,2026-09-25T14:48:21.046167-04:00,propline_free_sample
2026-09-24,2026-09-25 02:10:00+00:00,Tyler Glasnow,7.5,over,111,rebet,225824,Los Angeles Dodgers,San Diego Padres,2026-09-24T13:40:12.914348+00:00,2026-09-25T18:48:21.046167+00:00,2026-09-25T14:48:21.046167-04:00,2026-09-25T14:48:21.046167-04:00,propline_free_sample
2026-09-24,2026-09-25 02:10:00+00:00,Tyler Glasnow,7.5,under,-154,rebet,225824,Los Angeles Dodgers,San Diego Padres,2026-09-24T13:40:12.914348+00:00,2026-09-25T18:48:21.046167+00:00,2026-09-25T14:48:21.046167-04:00,2026-09-25T14:48:21.046167-04:00,propline_free_sample
2026-09-24,2026-09-25 02:10:00+00:00,Nick Pivetta,6.5,under,9900,kalshi,225824,Los Angeles Dodgers,San Diego Padres,2026-09-25T02:09:44.943164+00:00,2026-09-25T18:48:21.046167+00:00,2026-09-25T14:48:21.046167-04:00,2026-09-25T14:48:21.046167-04:00,propline_free_sample
2026-09-24,2026-09-25 02:10:00+00:00,Tyler Glasnow,6.5,under,9900,kalshi,225824,Los Angeles Dodgers,San Diego Padres,2026-09-25T02:09:51.997706+00:00,2026-09-25T18:48:21.046167+00:00,2026-09-25T14:48:21.046167-04:00,2026-09-25T14:48:21.046167-04:00,propline_free_sample
2026-09-24,2026-09-25 02:10:00+00:00,Nick Pivetta,2.5,under,9900,kalshi,225824,Los Angeles Dodgers,San Diego Padres,2026-09-25T02:05:05.046025+00:00,2026-09-25T18:48:21.046167+00:00,2026-09-25T14:48:21.046167-04:00,2026-09-25T14:48:21.046167-04:00,propline_free_sample
2026-09-24,2026-09-25 02:10:00+00:00,Nick Pivetta,3.5,under,9900,kalshi,225824,Los Angeles Dodgers,San Diego Padres,2026-09-25T02:05:05.046025+00:00,2026-09-25T18:48:21.046167+00:00,2026-09-25T14:48:21.046167-04:00,2026-09-25T14:48:21.046167-04:00,propline_free_sample
2026-09-24,2026-09-25 02:10:00+00:00,Tyler Glasnow,3.5,under,9900,kalshi,225824,Los Angeles Dodgers,San Diego Padres,2026-09-25T02:09:44.943164+00:00,2026-09-25T18:48:21.046167+00:00,2026-09-25T14:48:21.046167-04:00,2026-09-25T14:48:21.046167-04:00,propline_free_sample
2026-09-24,2026-09-25 02:10:00+00:00,Tyler Glasnow,4.5,under,9900,kalshi,225824,Los Angeles Dodgers,San Diego Padres,2026-09-25T02:09:51.997706+00:00,2026-09-25T18:48:21.046167+00:00,2026-09-25T14:48:21.046167-04:00,2026-09-25T14:48:21.046167-04:00,propline_free_sample
2026-09-24,2026-09-25 02:10:00+00:00,Nick Pivetta,5.5,under,9900,kalshi,225824,Los Angeles Dodgers,San Diego Padres,2026-09-25T02:08:10.893375+00:00,2026-09-25T18:48:21.046167+00:00,2026-09-25T14:48:21.046167-04:00,2026-09-25T14:48:21.046167-04:00,propline_free_sample
2026-09-24,2026-09-25 02:10:00+00:00,Tyler Glasnow,5.5,under,9900,kalshi,225824,Los Angeles Dodgers,San Diego Padres,2026-09-25T02:09:51.997706+00:00,2026-09-25T18:48:21.046167+00:00,2026-09-25T14:48:21.046167-04:00,2026-09-25T14:48:21.046167-04:00,propline_free_sample
2026-09-24,2026-09-25 02:10:00+00:00,Tyler Glasnow,8.5,under,9900,kalshi,225824,Los Angeles Dodgers,San Diego Padres,2026-09-25T02:09:51.997706+00:00,2026-09-25T18:48:21.046167+00:00,2026-09-25T14:48:21.046167-04:00,2026-09-25T14:48:21.046167-04:00,propline_free_sample
2026-09-24,2026-09-25 02:10:00+00:00,Tyler Glasnow,9.5,under,9900,kalshi,225824,Los Angeles Dodgers,San Diego Padres,2026-09-25T02:09:51.997706+00:00,2026-09-25T18:48:21.046167+00:00,2026-09-25T14:48:21.046167-04:00,2026-09-25T14:48:21.046167-04:00,propline_free_sample
2026-09-24,2026-09-25 02:10:00+00:00,Tyler Glasnow,10.5,under,9900,kalshi,225824,Los Angeles Dodgers,San Diego Padres,2026-09-25T02:09:44.943164+00:00,2026-09-25T18:48:21.046167+00:00,2026-09-25T14:48:21.046167-04:00,2026-09-25T14:48:21.046167-04:00,propline_free_sample
2026-09-24,2026-09-25 02:10:00+00:00,Nick Pivetta,4.5,over,-150,betmgm,225824,Los Angeles Dodgers,San Diego Padres,2026-09-24T22:13:55.794375+00:00,2026-09-25T18:48:21.046167+00:00,2026-09-25T14:48:21.046167-04:00,2026-09-25T14:48:21.046167-04:00,propline_free_sample
2026-09-24,2026-09-25 02:10:00+00:00,Nick Pivetta,4.5,under,110,betmgm,225824,Los Angeles Dodgers,San Diego Padres,2026-09-24T22:13:55.794375+00:00,2026-09-25T18:48:21.046167+00:00,2026-09-25T14:48:21.046167-04:00,2026-09-25T14:48:21.046167-04:00,propline_free_sample
2026-09-24,2026-09-25 02:10:00+00:00,Tyler Glasnow,9.5,over,125,betmgm,225824,Los Angeles Dodgers,San Diego Padres,2026-09-24T22:50:01.186412+00:00,2026-09-25T18:48:21.046167+00:00,2026-09-25T14:48:21.046167-04:00,2026-09-25T14:48:21.046167-04:00,propline_free_sample
2026-09-24,2026-09-25 02:10:00+00:00,Tyler Glasnow,9.5,under,-165,betmgm,225824,Los Angeles Dodgers,San Diego Padres,2026-09-24T22:50:01.186412+00:00,2026-09-25T18:48:21.046167+00:00,2026-09-25T14:48:21.046167-04:00,2026-09-25T14:48:21.046167-04:00,propline_free_sample
2026-09-24,2026-09-25 02:10:00+00:00,Nick Pivetta,6.5,over,-733,polymarket_us,225824,Los Angeles Dodgers,San Diego Padres,2026-09-25T00:30:38.844198+00:00,2026-09-25T18:48:21.046167+00:00,2026-09-25T14:48:21.046167-04:00,2026-09-25T14:48:21.046167-04:00,propline_free_sample
2026-09-24,2026-09-25 02:10:00+00:00,Tyler Glasnow,7.5,over,111,parlayplay,225824,Los Angeles Dodgers,San Diego Padres,2026-09-24T22:47:45.390768+00:00,2026-09-25T18:48:21.046167+00:00,2026-09-25T14:48:21.046167-04:00,2026-09-25T14:48:21.046167-04:00,propline_free_sample
2026-09-24,2026-09-25 02:10:00+00:00,Tyler Glasnow,7.5,under,-179,parlayplay,225824,Los Angeles Dodgers,San Diego Padres,2026-09-24T13:22:36.229039+00:00,2026-09-25T18:48:21.046167+00:00,2026-09-25T14:48:21.046167-04:00,2026-09-25T14:48:21.046167-04:00,propline_free_sample
2026-09-24,2026-09-25 02:10:00+00:00,Nick Pivetta,7.5,under,-104,kalshi,225824,Los Angeles Dodgers,San Diego Padres,2026-09-25T02:05:05.046025+00:00,2026-09-25T18:48:21.046167+00:00,2026-09-25T14:48:21.046167-04:00,2026-09-25T14:48:21.046167-04:00,propline_free_sample
2026-09-24,2026-09-25 02:10:00+00:00,Nick Pivetta,7.5,under,-257,polymarket_us,225824,Los Angeles Dodgers,San Diego Padres,2026-09-25T02:06:35.031697+00:00,2026-09-25T18:48:21.046167+00:00,2026-09-25T14:48:21.046167-04:00,2026-09-25T14:48:21.046167-04:00,propline_free_sample
2026-09-24,2026-09-25 02:10:00+00:00,Nick Pivetta,4.5,over,-112,pinnacle,225824,Los Angeles Dodgers,San Diego Padres,2026-09-24T16:02:48.095015+00:00,2026-09-25T18:48:21.046167+00:00,2026-09-25T14:48:21.046167-04:00,2026-09-25T14:48:21.046167-04:00,propline_free_sample
2026-09-24,2026-09-25 02:10:00+00:00,Nick Pivetta,4.5,under,-119,pinnacle,225824,Los Angeles Dodgers,San Diego Padres,2026-09-24T16:02:48.095015+00:00,2026-09-25T18:48:21.046167+00:00,2026-09-25T14:48:21.046167-04:00,2026-09-25T14:48:21.046167-04:00,propline_free_sample
2026-09-24,2026-09-25 02:10:00+00:00,Tyler Glasnow,7.0,over,120,prophetx,225824,Los Angeles Dodgers,San Diego Padres,2026-09-24T14:11:33.003309+00:00,2026-09-25T18:48:21.046167+00:00,2026-09-25T14:48:21.046167-04:00,2026-09-25T14:48:21.046167-04:00,propline_free_sample
2026-09-24,2026-09-25 02:10:00+00:00,Tyler Glasnow,7.0,under,-142,prophetx,225824,Los Angeles Dodgers,San Diego Padres,2026-09-24T14:11:33.003309+00:00,2026-09-25T18:48:21.046167+00:00,2026-09-25T14:48:21.046167-04:00,2026-09-25T14:48:21.046167-04:00,propline_free_sample
2026-09-24,2026-09-25 02:10:00+00:00,Tyler Glasnow,6.5,over,-156,courtside,225824,Los Angeles Dodgers,San Diego Padres,2026-09-24T22:56:39.011391+00:00,2026-09-25T18:48:21.046167+00:00,2026-09-25T14:48:21.046167-04:00,2026-09-25T14:48:21.046167-04:00,propline_free_sample
2026-09-24,2026-09-25 02:10:00+00:00,Tyler Glasnow,6.5,under,122,courtside,225824,Los Angeles Dodgers,San Diego Padres,2026-09-24T22:56:39.011391+00:00,2026-09-25T18:48:21.046167+00:00,2026-09-25T14:48:21.046167-04:00,2026-09-25T14:48:21.046167-04:00,propline_free_sample
2026-09-24,2026-09-25 02:10:00+00:00,Tyler Glasnow,6.5,over,-148,rebet,225824,Los Angeles Dodgers,San Diego Padres,2026-09-25T00:58:31.337340+00:00,2026-09-25T18:48:21.046167+00:00,2026-09-25T14:48:21.046167-04:00,2026-09-25T14:48:21.046167-04:00,propline_free_sample
2026-09-24,2026-09-25 02:10:00+00:00,Tyler Glasnow,6.5,under,107,rebet,225824,Los Angeles Dodgers,San Diego Padres,2026-09-25T00:58:31.337340+00:00,2026-09-25T18:48:21.046167+00:00,2026-09-25T14:48:21.046167-04:00,2026-09-25T14:48:21.046167-04:00,propline_free_sample
2026-09-24,2026-09-25 02:10:00+00:00,Nick Pivetta,8.5,under,-4900,kalshi,225824,Los Angeles Dodgers,San Diego Padres,2026-09-25T02:05:05.046025+00:00,2026-09-25T18:48:21.046167+00:00,2026-09-25T14:48:21.046167-04:00,2026-09-25T14:48:21.046167-04:00,propline_free_sample
2026-09-24,2026-09-25 02:10:00+00:00,Nick Pivetta,6.5,under,9900,polymarket_us,225824,Los Angeles Dodgers,San Diego Padres,2026-09-25T02:06:35.031697+00:00,2026-09-25T18:48:21.046167+00:00,2026-09-25T14:48:21.046167-04:00,2026-09-25T14:48:21.046167-04:00,propline_free_sample
2026-09-24,2026-09-25 02:10:00+00:00,Nick Pivetta,2.5,over,-1150,polymarket_us,225824,Los Angeles Dodgers,San Diego Padres,2026-09-25T01:22:33.146239+00:00,2026-09-25T18:48:21.046167+00:00,2026-09-25T14:48:21.046167-04:00,2026-09-25T14:48:21.046167-04:00,propline_free_sample
2026-09-24,2026-09-25 02:10:00+00:00,Nick Pivetta,2.5,under,9900,polymarket_us,225824,Los Angeles Dodgers,San Diego Padres,2026-09-25T02:06:35.031697+00:00,2026-09-25T18:48:21.046167+00:00,2026-09-25T14:48:21.046167-04:00,2026-09-25T14:48:21.046167-04:00,propline_free_sample
2026-09-24,2026-09-25 02:10:00+00:00,Tyler Glasnow,4.5,over,-1567,polymarket_us,225824,Los Angeles Dodgers,San Diego Padres,2026-09-25T00:20:00.853468+00:00,2026-09-25T18:48:21.046167+00:00,2026-09-25T14:48:21.046167-04:00,2026-09-25T14:48:21.046167-04:00,propline_free_sample
2026-09-24,2026-09-25 02:10:00+00:00,Tyler Glasnow,4.5,under,9900,polymarket_us,225824,Los Angeles Dodgers,San Diego Padres,2026-09-25T02:08:44.718221+00:00,2026-09-25T18:48:21.046167+00:00,2026-09-25T14:48:21.046167-04:00,2026-09-25T14:48:21.046167-04:00,propline_free_sample
2026-09-24,2026-09-25 02:10:00+00:00,Tyler Glasnow,11.5,under,-9900,kalshi,225824,Los Angeles Dodgers,San Diego Padres,2026-09-24T18:21:26.009289+00:00,2026-09-25T18:48:21.046167+00:00,2026-09-25T14:48:21.046167-04:00,2026-09-25T14:48:21.046167-04:00,propline_free_sample
2026-09-24,2026-09-25 02:10:00+00:00,Tyler Glasnow,7.5,over,100,smarkets,225824,Los Angeles Dodgers,San Diego Padres,2026-09-24T22:56:04.937406+00:00,2026-09-25T18:48:21.046167+00:00,2026-09-25T14:48:21.046167-04:00,2026-09-25T14:48:21.046167-04:00,propline_free_sample
2026-09-24,2026-09-25 02:10:00+00:00,Tyler Glasnow,7.5,under,-141,smarkets,225824,Los Angeles Dodgers,San Diego Padres,2026-09-24T22:56:04.937406+00:00,2026-09-25T18:48:21.046167+00:00,2026-09-25T14:48:21.046167-04:00,2026-09-25T14:48:21.046167-04:00,propline_free_sample
2026-09-24,2026-09-25 02:10:00+00:00,Nick Pivetta,3.5,over,-99900,novig,225824,Los Angeles Dodgers,San Diego Padres,2026-09-25T02:05:01.654496+00:00,2026-09-25T18:48:21.046167+00:00,2026-09-25T14:48:21.046167-04:00,2026-09-25T14:48:21.046167-04:00,propline_free_sample
2026-09-24,2026-09-25 02:10:00+00:00,Nick Pivetta,3.5,under,-99900,novig,225824,Los Angeles Dodgers,San Diego Padres,2026-09-25T00:47:08.722219+00:00,2026-09-25T18:48:21.046167+00:00,2026-09-25T14:48:21.046167-04:00,2026-09-25T14:48:21.046167-04:00,propline_free_sample
2026-09-24,2026-09-25 02:10:00+00:00,Nick Pivetta,4.5,over,-8991,novig,225824,Los Angeles Dodgers,San Diego Padres,2026-09-25T02:06:28.511503+00:00,2026-09-25T18:48:21.046167+00:00,2026-09-25T14:48:21.046167-04:00,2026-09-25T14:48:21.046167-04:00,propline_free_sample
2026-09-24,2026-09-25 02:10:00+00:00,Nick Pivetta,4.5,under,-133,novig,225824,Los Angeles Dodgers,San Diego Padres,2026-09-25T02:05:01.654496+00:00,2026-09-25T18:48:21.046167+00:00,2026-09-25T14:48:21.046167-04:00,2026-09-25T14:48:21.046167-04:00,propline_free_sample
2026-09-24,2026-09-25 02:10:00+00:00,Nick Pivetta,5.5,over,178,novig,225824,Los Angeles Dodgers,San Diego Padres,2026-09-25T00:32:40.956111+00:00,2026-09-25T18:48:21.046167+00:00,2026-09-25T14:48:21.046167-04:00,2026-09-25T14:48:21.046167-04:00,propline_free_sample
2026-09-24,2026-09-25 02:10:00+00:00,Nick Pivetta,5.5,under,-525,novig,225824,Los Angeles Dodgers,San Diego Padres,2026-09-25T01:37:57.320180+00:00,2026-09-25T18:48:21.046167+00:00,2026-09-25T14:48:21.046167-04:00,2026-09-25T14:48:21.046167-04:00,propline_free_sample
2026-09-24,2026-09-25 02:10:00+00:00,Tyler Glasnow,5.5,over,-1011,novig,225824,Los Angeles Dodgers,San Diego Padres,2026-09-25T02:06:28.511503+00:00,2026-09-25T18:48:21.046167+00:00,2026-09-25T14:48:21.046167-04:00,2026-09-25T14:48:21.046167-04:00,propline_free_sample
2026-09-24,2026-09-25 02:10:00+00:00,Tyler Glasnow,5.5,under,233,novig,225824,Los Angeles Dodgers,San Diego Padres,2026-09-25T00:32:40.956111+00:00,2026-09-25T18:48:21.046167+00:00,2026-09-25T14:48:21.046167-04:00,2026-09-25T14:48:21.046167-04:00,propline_free_sample
2026-09-24,2026-09-25 02:10:00+00:00,Tyler Glasnow,6.5,over,-99900,novig,225824,Los Angeles Dodgers,San Diego Padres,2026-09-25T01:12:35.360165+00:00,2026-09-25T18:48:21.046167+00:00,2026-09-25T14:48:21.046167-04:00,2026-09-25T14:48:21.046167-04:00,propline_free_sample
2026-09-24,2026-09-25 02:10:00+00:00,Tyler Glasnow,6.5,under,-99900,novig,225824,Los Angeles Dodgers,San Diego Padres,2026-09-25T02:06:28.511503+00:00,2026-09-25T18:48:21.046167+00:00,2026-09-25T14:48:21.046167-04:00,2026-09-25T14:48:21.046167-04:00,propline_free_sample
2026-09-24,2026-09-25 02:10:00+00:00,Tyler Glasnow,7.5,over,-809,novig,225824,Los Angeles Dodgers,San Diego Padres,2026-09-24T23:32:14.284799+00:00,2026-09-25T18:48:21.046167+00:00,2026-09-25T14:48:21.046167-04:00,2026-09-25T14:48:21.046167-04:00,propline_free_sample
2026-09-24,2026-09-25 02:10:00+00:00,Tyler Glasnow,7.5,under,-1900,novig,225824,Los Angeles Dodgers,San Diego Padres,2026-09-24T23:32:14.284799+00:00,2026-09-25T18:48:21.046167+00:00,2026-09-25T14:48:21.046167-04:00,2026-09-25T14:48:21.046167-04:00,propline_free_sample
2026-09-24,2026-09-25 02:10:00+00:00,Tyler Glasnow,8.5,over,-213,novig,225824,Los Angeles Dodgers,San Diego Padres,2026-09-25T00:32:40.956111+00:00,2026-09-25T18:48:21.046167+00:00,2026-09-25T14:48:21.046167-04:00,2026-09-25T14:48:21.046167-04:00,propline_free_sample
2026-09-24,2026-09-25 02:10:00+00:00,Tyler Glasnow,8.5,under,100,novig,225824,Los Angeles Dodgers,San Diego Padres,2026-09-25T01:14:35.263851+00:00,2026-09-25T18:48:21.046167+00:00,2026-09-25T14:48:21.046167-04:00,2026-09-25T14:48:21.046167-04:00,propline_free_sample
2026-09-24,2026-09-25 02:10:00+00:00,Tyler Glasnow,8.5,over,-235,courtside,225824,Los Angeles Dodgers,San Diego Padres,,2026-09-25T18:48:21.046167+00:00,2026-09-25T14:48:21.046167-04:00,2026-09-25T14:48:21.046167-04:00,propline_free_sample
2026-09-24,2026-09-25 02:10:00+00:00,Tyler Glasnow,8.5,under,-145,courtside,225824,Los Angeles Dodgers,San Diego Padres,,2026-09-25T18:48:21.046167+00:00,2026-09-25T14:48:21.046167-04:00,2026-09-25T14:48:21.046167-04:00,propline_free_sample
2026-09-24,2026-09-25 02:10:00+00:00,Nick Pivetta,6.5,over,-175,courtside,225824,Los Angeles Dodgers,San Diego Padres,,2026-09-25T18:48:21.046167+00:00,2026-09-25T14:48:21.046167-04:00,2026-09-25T14:48:21.046167-04:00,propline_free_sample
2026-09-24,2026-09-25 02:10:00+00:00,Nick Pivetta,6.5,under,135,courtside,225824,Los Angeles Dodgers,San Diego Padres,,2026-09-25T18:48:21.046167+00:00,2026-09-25T14:48:21.046167-04:00,2026-09-25T14:48:21.046167-04:00,propline_free_sample
2026-09-24,2026-09-25 02:10:00+00:00,Nick Pivetta,10.5,over,2000,hardrock,225824,Los Angeles Dodgers,San Diego Padres,,2026-09-25T18:48:21.046167+00:00,2026-09-25T14:48:21.046167-04:00,2026-09-25T14:48:21.046167-04:00,propline_free_sample
2026-09-24,2026-09-25 02:10:00+00:00,Nick Pivetta,10.5,under,-10000,hardrock,225824,Los Angeles Dodgers,San Diego Padres,,2026-09-25T18:48:21.046167+00:00,2026-09-25T14:48:21.046167-04:00,2026-09-25T14:48:21.046167-04:00,propline_free_sample
2026-09-24,2026-09-25 02:10:00+00:00,Tyler Glasnow,9.5,over,110,courtside,225824,Los Angeles Dodgers,San Diego Padres,,2026-09-25T18:48:21.046167+00:00,2026-09-25T14:48:21.046167-04:00,2026-09-25T14:48:21.046167-04:00,propline_free_sample
2026-09-24,2026-09-25 02:10:00+00:00,Tyler Glasnow,9.5,under,-145,courtside,225824,Los Angeles Dodgers,San Diego Padres,,2026-09-25T18:48:21.046167+00:00,2026-09-25T14:48:21.046167-04:00,2026-09-25T14:48:21.046167-04:00,propline_free_sample
2026-09-24,2026-09-25 02:10:00+00:00,Nick Pivetta,7.5,over,-180,courtside,225824,Los Angeles Dodgers,San Diego Padres,,2026-09-25T18:48:21.046167+00:00,2026-09-25T14:48:21.046167-04:00,2026-09-25T14:48:21.046167-04:00,propline_free_sample
2026-09-24,2026-09-25 02:10:00+00:00,Nick Pivetta,7.5,under,135,courtside,225824,Los Angeles Dodgers,San Diego Padres,,2026-09-25T18:48:21.046167+00:00,2026-09-25T14:48:21.046167-04:00,2026-09-25T14:48:21.046167-04:00,propline_free_sample
2026-09-24,2026-09-25 02:10:00+00:00,Tyler Glasnow,10.5,over,115,courtside,225824,Los Angeles Dodgers,San Diego Padres,,2026-09-25T18:48:21.046167+00:00,2026-09-25T14:48:21.046167-04:00,2026-09-25T14:48:21.046167-04:00,propline_free_sample
2026-09-24,2026-09-25 02:10:00+00:00,Tyler Glasnow,10.5,under,-155,courtside,225824,Los Angeles Dodgers,San Diego Padres,,2026-09-25T18:48:21.046167+00:00,2026-09-25T14:48:21.046167-04:00,2026-09-25T14:48:21.046167-04:00,propline_free_sample
2026-09-24,2026-09-25 02:10:00+00:00,Tyler Glasnow,14.5,over,4000,hardrock,225824,Los Angeles Dodgers,San Diego Padres,,2026-09-25T18:48:21.046167+00:00,2026-09-25T14:48:21.046167-04:00,2026-09-25T14:48:21.046167-04:00,propline_free_sample
2026-09-24,2026-09-25 02:10:00+00:00,Tyler Glasnow,14.5,under,-100000,hardrock,225824,Los Angeles Dodgers,San Diego Padres,,2026-09-25T18:48:21.046167+00:00,2026-09-25T14:48:21.046167-04:00,2026-09-25T14:48:21.046167-04:00,propline_free_sample
2026-09-24,2026-09-25 02:10:00+00:00,Tyler Glasnow,11.5,over,135,courtside,225824,Los Angeles Dodgers,San Diego Padres,,2026-09-25T18:48:21.046167+00:00,2026-09-25T14:48:21.046167-04:00,2026-09-25T14:48:21.046167-04:00,propline_free_sample
2026-09-24,2026-09-25 02:10:00+00:00,Tyler Glasnow,11.5,under,-180,courtside,225824,Los Angeles Dodgers,San Diego Padres,,2026-09-25T18:48:21.046167+00:00,2026-09-25T14:48:21.046167-04:00,2026-09-25T14:48:21.046167-04:00,propline_free_sample
2026-09-24,2026-09-25 01:40:00+00:00,Bryan Woo,6.5,over,-162,fanduel,225823,Seattle Mariners,Los Angeles Angels,2026-09-24T23:00:27.645593+00:00,2026-09-25T18:48:21.046167+00:00,2026-09-25T14:48:21.046167-04:00,2026-09-25T14:48:21.046167-04:00,propline_free_sample
2026-09-24,2026-09-25 01:40:00+00:00,Bryan Woo,6.5,under,126,fanduel,225823,Seattle Mariners,Los Angeles Angels,2026-09-24T23:00:27.645593+00:00,2026-09-25T18:48:21.046167+00:00,2026-09-25T14:48:21.046167-04:00,2026-09-25T14:48:21.046167-04:00,propline_free_sample
2026-09-24,2026-09-25 01:40:00+00:00,Grayson Rodriguez,4.5,over,-148,fanduel,225823,Seattle Mariners,Los Angeles Angels,2026-09-24T22:57:17.387002+00:00,2026-09-25T18:48:21.046167+00:00,2026-09-25T14:48:21.046167-04:00,2026-09-25T14:48:21.046167-04:00,propline_free_sample
2026-09-24,2026-09-25 01:40:00+00:00,Grayson Rodriguez,4.5,under,116,fanduel,225823,Seattle Mariners,Los Angeles Angels,2026-09-24T22:57:17.387002+00:00,2026-09-25T18:48:21.046167+00:00,2026-09-25T14:48:21.046167-04:00,2026-09-25T14:48:21.046167-04:00,propline_free_sample
2026-09-24,2026-09-25 01:40:00+00:00,Bryan Woo,9.5,over,110,fanatics,225823,Seattle Mariners,Los Angeles Angels,2026-09-25T01:34:38.492167+00:00,2026-09-25T18:48:21.046167+00:00,2026-09-25T14:48:21.046167-04:00,2026-09-25T14:48:21.046167-04:00,propline_free_sample
2026-09-24,2026-09-25 01:40:00+00:00,Bryan Woo,9.5,under,-145,fanatics,225823,Seattle Mariners,Los Angeles Angels,2026-09-25T01:34:38.492167+00:00,2026-09-25T18:48:21.046167+00:00,2026-09-25T14:48:21.046167-04:00,2026-09-25T14:48:21.046167-04:00,propline_free_sample
2026-09-24,2026-09-25 01:40:00+00:00,Grayson Rodriguez,3.5,over,-155,fanatics,225823,Seattle Mariners,Los Angeles Angels,2026-09-25T01:34:38.492167+00:00,2026-09-25T18:48:21.046167+00:00,2026-09-25T14:48:21.046167-04:00,2026-09-25T14:48:21.046167-04:00,propline_free_sample
2026-09-24,2026-09-25 01:40:00+00:00,Grayson Rodriguez,3.5,under,115,fanatics,225823,Seattle Mariners,Los Angeles Angels,2026-09-25T01:34:38.492167+00:00,2026-09-25T18:48:21.046167+00:00,2026-09-25T14:48:21.046167-04:00,2026-09-25T14:48:21.046167-04:00,propline_free_sample
2026-09-24,2026-09-25 01:40:00+00:00,Grayson Rodriguez,5.0,over,100,prizepicks,225823,Seattle Mariners,Los Angeles Angels,2026-09-24T13:17:40.984681+00:00,2026-09-25T18:48:21.046167+00:00,2026-09-25T14:48:21.046167-04:00,2026-09-25T14:48:21.046167-04:00,propline_free_sample
2026-09-24,2026-09-25 01:40:00+00:00,Grayson Rodriguez,4.5,under,100,prizepicks,225823,Seattle Mariners,Los Angeles Angels,2026-09-24T04:11:22.591009+00:00,2026-09-25T18:48:21.046167+00:00,2026-09-25T14:48:21.046167-04:00,2026-09-25T14:48:21.046167-04:00,propline_free_sample
2026-09-24,2026-09-25 01:40:00+00:00,Grayson Rodriguez,5.5,over,100,prizepicks,225823,Seattle Mariners,Los Angeles Angels,2026-09-24T04:11:22.591009+00:00,2026-09-25T18:48:21.046167+00:00,2026-09-25T14:48:21.046167-04:00,2026-09-25T14:48:21.046167-04:00,propline_free_sample
2026-09-24,2026-09-25 01:40:00+00:00,Grayson Rodriguez,6.5,over,100,prizepicks,225823,Seattle Mariners,Los Angeles Angels,2026-09-24T04:11:22.591009+00:00,2026-09-25T18:48:21.046167+00:00,2026-09-25T14:48:21.046167-04:00,2026-09-25T14:48:21.046167-04:00,propline_free_sample
2026-09-24,2026-09-25 01:40:00+00:00,Bryan Woo,7.5,over,100,prizepicks,225823,Seattle Mariners,Los Angeles Angels,2026-09-24T04:11:22.591009+00:00,2026-09-25T18:48:21.046167+00:00,2026-09-25T14:48:21.046167-04:00,2026-09-25T14:48:21.046167-04:00,propline_free_sample
2026-09-24,2026-09-25 01:40:00+00:00,Bryan Woo,8.5,over,100,prizepicks,225823,Seattle Mariners,Los Angeles Angels,2026-09-24T04:11:22.591009+00:00,2026-09-25T18:48:21.046167+00:00,2026-09-25T14:48:21.046167-04:00,2026-09-25T14:48:21.046167-04:00,propline_free_sample
2026-09-24,2026-09-25 01:40:00+00:00,Bryan Woo,9.5,over,100,prizepicks,225823,Seattle Mariners,Los Angeles Angels,2026-09-24T04:11:22.591009+00:00,2026-09-25T18:48:21.046167+00:00,2026-09-25T14:48:21.046167-04:00,2026-09-25T14:48:21.046167-04:00,propline_free_sample
2026-09-24,2026-09-25 01:40:00+00:00,Grayson Rodriguez,3.5,over,100,prizepicks,225823,Seattle Mariners,Los Angeles Angels,2026-09-24T04:11:22.591009+00:00,2026-09-25T18:48:21.046167+00:00,2026-09-25T14:48:21.046167-04:00,2026-09-25T14:48:21.046167-04:00,propline_free_sample
2026-09-24,2026-09-25 01:40:00+00:00,Bryan Woo,5.5,over,100,prizepicks,225823,Seattle Mariners,Los Angeles Angels,2026-09-24T04:11:22.591009+00:00,2026-09-25T18:48:21.046167+00:00,2026-09-25T14:48:21.046167-04:00,2026-09-25T14:48:21.046167-04:00,propline_free_sample
2026-09-24,2026-09-25 01:40:00+00:00,Bryan Woo,6.5,over,100,prizepicks,225823,Seattle Mariners,Los Angeles Angels,2026-09-24T04:11:22.591009+00:00,2026-09-25T18:48:21.046167+00:00,2026-09-25T14:48:21.046167-04:00,2026-09-25T14:48:21.046167-04:00,propline_free_sample
2026-09-24,2026-09-25 01:40:00+00:00,Bryan Woo,6.5,under,100,prizepicks,225823,Seattle Mariners,Los Angeles Angels,2026-09-24T04:11:22.591009+00:00,2026-09-25T18:48:21.046167+00:00,2026-09-25T14:48:21.046167-04:00,2026-09-25T14:48:21.046167-04:00,propline_free_sample
2026-09-24,2026-09-25 01:40:00+00:00,Grayson Rodriguez,1.5,over,-1600,hardrock,225823,Seattle Mariners,Los Angeles Angels,2026-09-24T16:53:55.781589+00:00,2026-09-25T18:48:21.046167+00:00,2026-09-25T14:48:21.046167-04:00,2026-09-25T14:48:21.046167-04:00,propline_free_sample
2026-09-24,2026-09-25 01:40:00+00:00,Grayson Rodriguez,1.5,under,550,hardrock,225823,Seattle Mariners,Los Angeles Angels,2026-09-24T16:53:55.781589+00:00,2026-09-25T18:48:21.046167+00:00,2026-09-25T14:48:21.046167-04:00,2026-09-25T14:48:21.046167-04:00,propline_free_sample
2026-09-24,2026-09-25 01:40:00+00:00,Grayson Rodriguez,2.5,over,-800,hardrock,225823,Seattle Mariners,Los Angeles Angels,2026-09-24T17:03:04.805011+00:00,2026-09-25T18:48:21.046167+00:00,2026-09-25T14:48:21.046167-04:00,2026-09-25T14:48:21.046167-04:00,propline_free_sample
2026-09-24,2026-09-25 01:40:00+00:00,Grayson Rodriguez,2.5,under,375,hardrock,225823,Seattle Mariners,Los Angeles Angels,2026-09-24T23:01:44.640710+00:00,2026-09-25T18:48:21.046167+00:00,2026-09-25T14:48:21.046167-04:00,2026-09-25T14:48:21.046167-04:00,propline_free_sample
2026-09-24,2026-09-25 01:40:00+00:00,Grayson Rodriguez,3.5,over,-150,hardrock,225823,Seattle Mariners,Los Angeles Angels,2026-09-24T17:03:04.805011+00:00,2026-09-25T18:48:21.046167+00:00,2026-09-25T14:48:21.046167-04:00,2026-09-25T14:48:21.046167-04:00,propline_free_sample
2026-09-24,2026-09-25 01:40:00+00:00,Grayson Rodriguez,3.5,under,105,hardrock,225823,Seattle Mariners,Los Angeles Angels,2026-09-24T18:45:25.997619+00:00,2026-09-25T18:48:21.046167+00:00,2026-09-25T14:48:21.046167-04:00,2026-09-25T14:48:21.046167-04:00,propline_free_sample
2026-09-24,2026-09-25 01:40:00+00:00,Grayson Rodriguez,4.5,over,195,hardrock,225823,Seattle Mariners,Los Angeles Angels,2026-09-24T23:01:44.640710+00:00,2026-09-25T18:48:21.046167+00:00,2026-09-25T14:48:21.046167-04:00,2026-09-25T14:48:21.046167-04:00,propline_free_sample
2026-09-24,2026-09-25 01:40:00+00:00,Grayson Rodriguez,4.5,under,-300,hardrock,225823,Seattle Mariners,Los Angeles Angels,2026-09-24T18:54:07.577528+00:00,2026-09-25T18:48:21.046167+00:00,2026-09-25T14:48:21.046167-04:00,2026-09-25T14:48:21.046167-04:00,propline_free_sample
2026-09-24,2026-09-25 01:40:00+00:00,Grayson Rodriguez,5.5,over,475,hardrock,225823,Seattle Mariners,Los Angeles Angels,2026-09-24T18:45:25.997619+00:00,2026-09-25T18:48:21.046167+00:00,2026-09-25T14:48:21.046167-04:00,2026-09-25T14:48:21.046167-04:00,propline_free_sample
2026-09-24,2026-09-25 01:40:00+00:00,Grayson Rodriguez,5.5,under,-1200,hardrock,225823,Seattle Mariners,Los Angeles Angels,2026-09-24T21:22:23.091496+00:00,2026-09-25T18:48:21.046167+00:00,2026-09-25T14:48:21.046167-04:00,2026-09-25T14:48:21.046167-04:00,propline_free_sample
2026-09-24,2026-09-25 01:40:00+00:00,Grayson Rodriguez,6.5,over,1400,hardrock,225823,Seattle Mariners,Los Angeles Angels,2026-09-24T17:03:04.805011+00:00,2026-09-25T18:48:21.046167+00:00,2026-09-25T14:48:21.046167-04:00,2026-09-25T14:48:21.046167-04:00,propline_free_sample
2026-09-24,2026-09-25 01:40:00+00:00,Grayson Rodriguez,6.5,under,-7000,hardrock,225823,Seattle Mariners,Los Angeles Angels,2026-09-24T17:03:04.805011+00:00,2026-09-25T18:48:21.046167+00:00,2026-09-25T14:48:21.046167-04:00,2026-09-25T14:48:21.046167-04:00,propline_free_sample
2026-09-24,2026-09-25 01:40:00+00:00,Grayson Rodriguez,7.5,over,4000,hardrock,225823,Seattle Mariners,Los Angeles Angels,2026-09-24T23:01:44.640710+00:00,2026-09-25T18:48:21.046167+00:00,2026-09-25T14:48:21.046167-04:00,2026-09-25T14:48:21.046167-04:00,propline_free_sample
2026-09-24,2026-09-25 01:40:00+00:00,Grayson Rodriguez,7.5,under,-100000,hardrock,225823,Seattle Mariners,Los Angeles Angels,2026-09-24T17:03:04.805011+00:00,2026-09-25T18:48:21.046167+00:00,2026-09-25T14:48:21.046167-04:00,2026-09-25T14:48:21.046167-04:00,propline_free_sample
2026-09-24,2026-09-25 01:40:00+00:00,Grayson Rodriguez,8.5,over,2500,hardrock,225823,Seattle Mariners,Los Angeles Angels,2026-09-24T18:45:25.997619+00:00,2026-09-25T18:48:21.046167+00:00,2026-09-25T14:48:21.046167-04:00,2026-09-25T14:48:21.046167-04:00,propline_free_sample
2026-09-24,2026-09-25 01:40:00+00:00,Grayson Rodriguez,8.5,under,-15000,hardrock,225823,Seattle Mariners,Los Angeles Angels,2026-09-24T16:52:21.009142+00:00,2026-09-25T18:48:21.046167+00:00,2026-09-25T14:48:21.046167-04:00,2026-09-25T14:48:21.046167-04:00,propline_free_sample
2026-09-24,2026-09-25 01:40:00+00:00,Grayson Rodriguez,9.5,over,3000,hardrock,225823,Seattle Mariners,Los Angeles Angels,2026-09-24T04:26:50.947796+00:00,2026-09-25T18:48:21.046167+00:00,2026-09-25T14:48:21.046167-04:00,2026-09-25T14:48:21.046167-04:00,propline_free_sample
2026-09-24,2026-09-25 01:40:00+00:00,Grayson Rodriguez,9.5,under,-20000,hardrock,225823,Seattle Mariners,Los Angeles Angels,2026-09-24T16:53:55.781589+00:00,2026-09-25T18:48:21.046167+00:00,2026-09-25T14:48:21.046167-04:00,2026-09-25T14:48:21.046167-04:00,propline_free_sample
2026-09-24,2026-09-25 01:40:00+00:00,Grayson Rodriguez,4.5,over,-170,prophetx,225823,Seattle Mariners,Los Angeles Angels,2026-09-25T00:19:59.918606+00:00,2026-09-25T18:48:21.046167+00:00,2026-09-25T14:48:21.046167-04:00,2026-09-25T14:48:21.046167-04:00,propline_free_sample
2026-09-24,2026-09-25 01:40:00+00:00,Grayson Rodriguez,5.5,under,100,prizepicks,225823,Seattle Mariners,Los Angeles Angels,2026-09-24T04:17:20.177819+00:00,2026-09-25T18:48:21.046167+00:00,2026-09-25T14:48:21.046167-04:00,2026-09-25T14:48:21.046167-04:00,propline_free_sample
2026-09-24,2026-09-25 01:40:00+00:00,Grayson Rodriguez,6.5,under,100,prizepicks,225823,Seattle Mariners,Los Angeles Angels,2026-09-24T04:17:20.177819+00:00,2026-09-25T18:48:21.046167+00:00,2026-09-25T14:48:21.046167-04:00,2026-09-25T14:48:21.046167-04:00,propline_free_sample
2026-09-24,2026-09-25 01:40:00+00:00,Grayson Rodriguez,7.5,over,100,prizepicks,225823,Seattle Mariners,Los Angeles Angels,2026-09-24T04:17:20.177819+00:00,2026-09-25T18:48:21.046167+00:00,2026-09-25T14:48:21.046167-04:00,2026-09-25T14:48:21.046167-04:00,propline_free_sample
2026-09-24,2026-09-25 01:40:00+00:00,Grayson Rodriguez,8.5,over,100,prizepicks,225823,Seattle Mariners,Los Angeles Angels,2026-09-24T04:17:20.177819+00:00,2026-09-25T18:48:21.046167+00:00,2026-09-25T14:48:21.046167-04:00,2026-09-25T14:48:21.046167-04:00,propline_free_sample
2026-09-24,2026-09-25 01:40:00+00:00,Grayson Rodriguez,3.5,under,100,prizepicks,225823,Seattle Mariners,Los Angeles Angels,2026-09-24T04:17:20.177819+00:00,2026-09-25T18:48:21.046167+00:00,2026-09-25T14:48:21.046167-04:00,2026-09-25T14:48:21.046167-04:00,propline_free_sample
2026-09-24,2026-09-25 01:40:00+00:00,Grayson Rodriguez,2.5,over,100,prizepicks,225823,Seattle Mariners,Los Angeles Angels,2026-09-24T04:17:20.177819+00:00,2026-09-25T18:48:21.046167+00:00,2026-09-25T14:48:21.046167-04:00,2026-09-25T14:48:21.046167-04:00,propline_free_sample
2026-09-24,2026-09-25 01:40:00+00:00,Grayson Rodriguez,2.5,under,100,prizepicks,225823,Seattle Mariners,Los Angeles Angels,2026-09-24T04:17:20.177819+00:00,2026-09-25T18:48:21.046167+00:00,2026-09-25T14:48:21.046167-04:00,2026-09-25T14:48:21.046167-04:00,propline_free_sample
2026-09-24,2026-09-25 01:40:00+00:00,Grayson Rodriguez,4.5,over,-182,sleeper,225823,Seattle Mariners,Los Angeles Angels,2026-09-24T19:23:20.685971+00:00,2026-09-25T18:48:21.046167+00:00,2026-09-25T14:48:21.046167-04:00,2026-09-25T14:48:21.046167-04:00,propline_free_sample
2026-09-24,2026-09-25 01:40:00+00:00,Grayson Rodriguez,4.5,under,108,sleeper,225823,Seattle Mariners,Los Angeles Angels,2026-09-24T19:29:05.443806+00:00,2026-09-25T18:48:21.046167+00:00,2026-09-25T14:48:21.046167-04:00,2026-09-25T14:48:21.046167-04:00,propline_free_sample
2026-09-24,2026-09-25 01:40:00+00:00,Bryan Woo,1.5,over,-10000,hardrock,225823,Seattle Mariners,Los Angeles Angels,2026-09-24T22:25:42.621521+00:00,2026-09-25T18:48:21.046167+00:00,2026-09-25T14:48:21.046167-04:00,2026-09-25T14:48:21.046167-04:00,propline_free_sample
2026-09-24,2026-09-25 01:40:00+00:00,Bryan Woo,1.5,under,3000,hardrock,225823,Seattle Mariners,Los Angeles Angels,2026-09-24T09:23:56.186393+00:00,2026-09-25T18:48:21.046167+00:00,2026-09-25T14:48:21.046167-04:00,2026-09-25T14:48:21.046167-04:00,propline_free_sample
2026-09-24,2026-09-25 01:40:00+00:00,Bryan Woo,10.5,over,350,hardrock,225823,Seattle Mariners,Los Angeles Angels,2026-09-24T23:09:06.499589+00:00,2026-09-25T18:48:21.046167+00:00,2026-09-25T14:48:21.046167-04:00,2026-09-25T14:48:21.046167-04:00,propline_free_sample
2026-09-24,2026-09-25 01:40:00+00:00,Bryan Woo,10.5,under,-650,hardrock,225823,Seattle Mariners,Los Angeles Angels,2026-09-24T23:10:42.343922+00:00,2026-09-25T18:48:21.046167+00:00,2026-09-25T14:48:21.046167-04:00,2026-09-25T14:48:21.046167-04:00,propline_free_sample
2026-09-24,2026-09-25 01:40:00+00:00,Bryan Woo,11.5,over,850,hardrock,225823,Seattle Mariners,Los Angeles Angels,2026-09-24T22:58:56.185422+00:00,2026-09-25T18:48:21.046167+00:00,2026-09-25T14:48:21.046167-04:00,2026-09-25T14:48:21.046167-04:00,propline_free_sample
2026-09-24,2026-09-25 01:40:00+00:00,Bryan Woo,11.5,under,-4000,hardrock,225823,Seattle Mariners,Los Angeles Angels,2026-09-24T22:58:56.185422+00:00,2026-09-25T18:48:21.046167+00:00,2026-09-25T14:48:21.046167-04:00,2026-09-25T14:48:21.046167-04:00,propline_free_sample
2026-09-24,2026-09-25 01:40:00+00:00,Bryan Woo,2.5,over,-7000,hardrock,225823,Seattle Mariners,Los Angeles Angels,2026-09-24T23:01:44.640710+00:00,2026-09-25T18:48:21.046167+00:00,2026-09-25T14:48:21.046167-04:00,2026-09-25T14:48:21.046167-04:00,propline_free_sample
2026-09-24,2026-09-25 01:40:00+00:00,Bryan Woo,2.5,under,1600,hardrock,225823,Seattle Mariners,Los Angeles Angels,2026-09-24T23:10:42.343922+00:00,2026-09-25T18:48:21.046167+00:00,2026-09-25T14:48:21.046167-04:00,2026-09-25T14:48:21.046167-04:00,propline_free_sample
2026-09-24,2026-09-25 01:40:00+00:00,Bryan Woo,3.5,over,-3000,hardrock,225823,Seattle Mariners,Los Angeles Angels,2026-09-24T23:09:06.499589+00:00,2026-09-25T18:48:21.046167+00:00,2026-09-25T14:48:21.046167-04:00,2026-09-25T14:48:21.046167-04:00,propline_free_sample
2026-09-24,2026-09-25 01:40:00+00:00,Bryan Woo,3.5,under,750,hardrock,225823,Seattle Mariners,Los Angeles Angels,2026-09-24T23:01:44.640710+00:00,2026-09-25T18:48:21.046167+00:00,2026-09-25T14:48:21.046167-04:00,2026-09-25T14:48:21.046167-04:00,propline_free_sample
2026-09-24,2026-09-25 01:40:00+00:00,Bryan Woo,4.5,over,-10000,hardrock,225823,Seattle Mariners,Los Angeles Angels,2026-09-24T23:10:42.343922+00:00,2026-09-25T18:48:21.046167+00:00,2026-09-25T14:48:21.046167-04:00,2026-09-25T14:48:21.046167-04:00,propline_free_sample
2026-09-24,2026-09-25 01:40:00+00:00,Bryan Woo,4.5,under,2500,hardrock,225823,Seattle Mariners,Los Angeles Angels,2026-09-24T23:01:44.640710+00:00,2026-09-25T18:48:21.046167+00:00,2026-09-25T14:48:21.046167-04:00,2026-09-25T14:48:21.046167-04:00,propline_free_sample
2026-09-24,2026-09-25 01:40:00+00:00,Bryan Woo,5.5,over,-4000,hardrock,225823,Seattle Mariners,Los Angeles Angels,2026-09-24T23:09:06.499589+00:00,2026-09-25T18:48:21.046167+00:00,2026-09-25T14:48:21.046167-04:00,2026-09-25T14:48:21.046167-04:00,propline_free_sample
2026-09-24,2026-09-25 01:40:00+00:00,Bryan Woo,5.5,under,900,hardrock,225823,Seattle Mariners,Los Angeles Angels,2026-09-24T23:01:44.640710+00:00,2026-09-25T18:48:21.046167+00:00,2026-09-25T14:48:21.046167-04:00,2026-09-25T14:48:21.046167-04:00,propline_free_sample
2026-09-24,2026-09-25 01:40:00+00:00,Bryan Woo,6.5,over,-8000,hardrock,225823,Seattle Mariners,Los Angeles Angels,2026-09-24T23:10:42.343922+00:00,2026-09-25T18:48:21.046167+00:00,2026-09-25T14:48:21.046167-04:00,2026-09-25T14:48:21.046167-04:00,propline_free_sample
2026-09-24,2026-09-25 01:40:00+00:00,Bryan Woo,6.5,under,2000,hardrock,225823,Seattle Mariners,Los Angeles Angels,2026-09-24T23:01:44.640710+00:00,2026-09-25T18:48:21.046167+00:00,2026-09-25T14:48:21.046167-04:00,2026-09-25T14:48:21.046167-04:00,propline_free_sample
2026-09-24,2026-09-25 01:40:00+00:00,Bryan Woo,7.5,over,-1800,hardrock,225823,Seattle Mariners,Los Angeles Angels,2026-09-24T23:01:44.640710+00:00,2026-09-25T18:48:21.046167+00:00,2026-09-25T14:48:21.046167-04:00,2026-09-25T14:48:21.046167-04:00,propline_free_sample
2026-09-24,2026-09-25 01:40:00+00:00,Bryan Woo,7.5,under,575,hardrock,225823,Seattle Mariners,Los Angeles Angels,2026-09-24T23:10:42.343922+00:00,2026-09-25T18:48:21.046167+00:00,2026-09-25T14:48:21.046167-04:00,2026-09-25T14:48:21.046167-04:00,propline_free_sample
2026-09-24,2026-09-25 01:40:00+00:00,Bryan Woo,8.5,over,-250,hardrock,225823,Seattle Mariners,Los Angeles Angels,2026-09-24T23:09:06.499589+00:00,2026-09-25T18:48:21.046167+00:00,2026-09-25T14:48:21.046167-04:00,2026-09-25T14:48:21.046167-04:00,propline_free_sample
2026-09-24,2026-09-25 01:40:00+00:00,Bryan Woo,8.5,under,160,hardrock,225823,Seattle Mariners,Los Angeles Angels,2026-09-24T23:01:44.640710+00:00,2026-09-25T18:48:21.046167+00:00,2026-09-25T14:48:21.046167-04:00,2026-09-25T14:48:21.046167-04:00,propline_free_sample
2026-09-24,2026-09-25 01:40:00+00:00,Bryan Woo,9.5,over,130,hardrock,225823,Seattle Mariners,Los Angeles Angels,2026-09-24T23:09:06.499589+00:00,2026-09-25T18:48:21.046167+00:00,2026-09-25T14:48:21.046167-04:00,2026-09-25T14:48:21.046167-04:00,propline_free_sample
2026-09-24,2026-09-25 01:40:00+00:00,Bryan Woo,9.5,under,-185,hardrock,225823,Seattle Mariners,Los Angeles Angels,2026-09-24T23:10:42.343922+00:00,2026-09-25T18:48:21.046167+00:00,2026-09-25T14:48:21.046167-04:00,2026-09-25T14:48:21.046167-04:00,propline_free_sample
2026-09-24,2026-09-25 01:40:00+00:00,Grayson Rodriguez,0.5,over,-4000,hardrock,225823,Seattle Mariners,Los Angeles Angels,2026-09-24T04:26:50.947796+00:00,2026-09-25T18:48:21.046167+00:00,2026-09-25T14:48:21.046167-04:00,2026-09-25T14:48:21.046167-04:00,propline_free_sample
2026-09-24,2026-09-25 01:40:00+00:00,Grayson Rodriguez,0.5,under,800,hardrock,225823,Seattle Mariners,Los Angeles Angels,2026-09-24T09:01:47.473063+00:00,2026-09-25T18:48:21.046167+00:00,2026-09-25T14:48:21.046167-04:00,2026-09-25T14:48:21.046167-04:00,propline_free_sample
2026-09-24,2026-09-25 01:40:00+00:00,Bryan Woo,7.5,under,100,prizepicks,225823,Seattle Mariners,Los Angeles Angels,2026-09-24T04:29:30.263506+00:00,2026-09-25T18:48:21.046167+00:00,2026-09-25T14:48:21.046167-04:00,2026-09-25T14:48:21.046167-04:00,propline_free_sample
2026-09-24,2026-09-25 01:40:00+00:00,Bryan Woo,8.5,under,100,prizepicks,225823,Seattle Mariners,Los Angeles Angels,2026-09-24T04:29:30.263506+00:00,2026-09-25T18:48:21.046167+00:00,2026-09-25T14:48:21.046167-04:00,2026-09-25T14:48:21.046167-04:00,propline_free_sample
2026-09-24,2026-09-25 01:40:00+00:00,Bryan Woo,9.5,under,100,prizepicks,225823,Seattle Mariners,Los Angeles Angels,2026-09-24T04:29:30.263506+00:00,2026-09-25T18:48:21.046167+00:00,2026-09-25T14:48:21.046167-04:00,2026-09-25T14:48:21.046167-04:00,propline_free_sample
2026-09-24,2026-09-25 01:40:00+00:00,Bryan Woo,5.5,under,100,prizepicks,225823,Seattle Mariners,Los Angeles Angels,2026-09-24T04:29:30.263506+00:00,2026-09-25T18:48:21.046167+00:00,2026-09-25T14:48:21.046167-04:00,2026-09-25T14:48:21.046167-04:00,propline_free_sample
2026-09-24,2026-09-25 01:40:00+00:00,Bryan Woo,10.5,over,100,prizepicks,225823,Seattle Mariners,Los Angeles Angels,2026-09-24T04:29:30.263506+00:00,2026-09-25T18:48:21.046167+00:00,2026-09-25T14:48:21.046167-04:00,2026-09-25T14:48:21.046167-04:00,propline_free_sample
2026-09-24,2026-09-25 01:40:00+00:00,Bryan Woo,4.5,over,100,prizepicks,225823,Seattle Mariners,Los Angeles Angels,2026-09-24T04:29:30.263506+00:00,2026-09-25T18:48:21.046167+00:00,2026-09-25T14:48:21.046167-04:00,2026-09-25T14:48:21.046167-04:00,propline_free_sample
2026-09-24,2026-09-25 01:40:00+00:00,Bryan Woo,4.5,under,100,prizepicks,225823,Seattle Mariners,Los Angeles Angels,2026-09-24T04:29:30.263506+00:00,2026-09-25T18:48:21.046167+00:00,2026-09-25T14:48:21.046167-04:00,2026-09-25T14:48:21.046167-04:00,propline_free_sample
2026-09-24,2026-09-25 01:40:00+00:00,Grayson Rodriguez,4.5,under,138,prophetx,225823,Seattle Mariners,Los Angeles Angels,2026-09-25T01:05:10.109064+00:00,2026-09-25T18:48:21.046167+00:00,2026-09-25T14:48:21.046167-04:00,2026-09-25T14:48:21.046167-04:00,propline_free_sample
2026-09-24,2026-09-25 01:40:00+00:00,Bryan Woo,6.5,over,-146,prophetx,225823,Seattle Mariners,Los Angeles Angels,2026-09-25T01:26:17.213732+00:00,2026-09-25T18:48:21.046167+00:00,2026-09-25T14:48:21.046167-04:00,2026-09-25T14:48:21.046167-04:00,propline_free_sample
2026-09-24,2026-09-25 01:40:00+00:00,Bryan Woo,6.5,under,138,prophetx,225823,Seattle Mariners,Los Angeles Angels,2026-09-25T01:24:51.808710+00:00,2026-09-25T18:48:21.046167+00:00,2026-09-25T14:48:21.046167-04:00,2026-09-25T14:48:21.046167-04:00,propline_free_sample
2026-09-24,2026-09-25 01:40:00+00:00,Bryan Woo,6.5,over,-192,sleeper,225823,Seattle Mariners,Los Angeles Angels,2026-09-24T23:11:33.929649+00:00,2026-09-25T18:48:21.046167+00:00,2026-09-25T14:48:21.046167-04:00,2026-09-25T14:48:21.046167-04:00,propline_free_sample
2026-09-24,2026-09-25 01:40:00+00:00,Bryan Woo,6.5,under,114,sleeper,225823,Seattle Mariners,Los Angeles Angels,2026-09-24T23:54:45.065232+00:00,2026-09-25T18:48:21.046167+00:00,2026-09-25T14:48:21.046167-04:00,2026-09-25T14:48:21.046167-04:00,propline_free_sample
2026-09-24,2026-09-25 01:40:00+00:00,Bryan Woo (SEA),8.5,over,120,bovada,225823,Seattle Mariners,Los Angeles Angels,2026-09-24T23:15:00.905178+00:00,2026-09-25T18:48:21.046167+00:00,2026-09-25T14:48:21.046167-04:00,2026-09-25T14:48:21.046167-04:00,propline_free_sample
2026-09-24,2026-09-25 01:40:00+00:00,Bryan Woo (SEA),8.5,under,-155,bovada,225823,Seattle Mariners,Los Angeles Angels,2026-09-24T23:15:00.905178+00:00,2026-09-25T18:48:21.046167+00:00,2026-09-25T14:48:21.046167-04:00,2026-09-25T14:48:21.046167-04:00,propline_free_sample
2026-09-24,2026-09-25 01:40:00+00:00,Grayson Rodriguez (LAA),2.5,over,-115,bovada,225823,Seattle Mariners,Los Angeles Angels,2026-09-24T16:31:27.139174+00:00,2026-09-25T18:48:21.046167+00:00,2026-09-25T14:48:21.046167-04:00,2026-09-25T14:48:21.046167-04:00,propline_free_sample
2026-09-24,2026-09-25 01:40:00+00:00,Grayson Rodriguez (LAA),2.5,under,-115,bovada,225823,Seattle Mariners,Los Angeles Angels,2026-09-24T16:31:27.139174+00:00,2026-09-25T18:48:21.046167+00:00,2026-09-25T14:48:21.046167-04:00,2026-09-25T14:48:21.046167-04:00,propline_free_sample
2026-09-24,2026-09-25 01:40:00+00:00,Bryan Woo,7.5,under,-130,prophetx,225823,Seattle Mariners,Los Angeles Angels,2026-09-24T22:57:42.988642+00:00,2026-09-25T18:48:21.046167+00:00,2026-09-25T14:48:21.046167-04:00,2026-09-25T14:48:21.046167-04:00,propline_free_sample
2026-09-24,2026-09-25 01:40:00+00:00,Bryan Woo,7.5,over,116,prophetx,225823,Seattle Mariners,Los Angeles Angels,2026-09-24T23:53:40.965791+00:00,2026-09-25T18:48:21.046167+00:00,2026-09-25T14:48:21.046167-04:00,2026-09-25T14:48:21.046167-04:00,propline_free_sample
2026-09-24,2026-09-25 01:40:00+00:00,Bryan Woo,6.5,over,-133,dabble,225823,Seattle Mariners,Los Angeles Angels,2026-09-24T22:59:34.421190+00:00,2026-09-25T18:48:21.046167+00:00,2026-09-25T14:48:21.046167-04:00,2026-09-25T14:48:21.046167-04:00,propline_free_sample
2026-09-24,2026-09-25 01:40:00+00:00,Grayson Rodriguez,4.5,over,-137,dabble,225823,Seattle Mariners,Los Angeles Angels,2026-09-24T22:59:34.421190+00:00,2026-09-25T18:48:21.046167+00:00,2026-09-25T14:48:21.046167-04:00,2026-09-25T14:48:21.046167-04:00,propline_free_sample
2026-09-24,2026-09-25 01:40:00+00:00,Bryan Woo,6.5,under,135,dabble,225823,Seattle Mariners,Los Angeles Angels,2026-09-24T22:59:34.421190+00:00,2026-09-25T18:48:21.046167+00:00,2026-09-25T14:48:21.046167-04:00,2026-09-25T14:48:21.046167-04:00,propline_free_sample
2026-09-24,2026-09-25 01:40:00+00:00,Grayson Rodriguez,4.5,under,138,dabble,225823,Seattle Mariners,Los Angeles Angels,2026-09-24T22:59:34.421190+00:00,2026-09-25T18:48:21.046167+00:00,2026-09-25T14:48:21.046167-04:00,2026-09-25T14:48:21.046167-04:00,propline_free_sample
2026-09-24,2026-09-25 01:40:00+00:00,Bryan Woo,6.5,over,-159,smarkets,225823,Seattle Mariners,Los Angeles Angels,2026-09-24T23:02:40.980705+00:00,2026-09-25T18:48:21.046167+00:00,2026-09-25T14:48:21.046167-04:00,2026-09-25T14:48:21.046167-04:00,propline_free_sample
2026-09-24,2026-09-25 01:40:00+00:00,Bryan Woo,6.5,under,112,smarkets,225823,Seattle Mariners,Los Angeles Angels,2026-09-24T23:02:40.980705+00:00,2026-09-25T18:48:21.046167+00:00,2026-09-25T14:48:21.046167-04:00,2026-09-25T14:48:21.046167-04:00,propline_free_sample
2026-09-24,2026-09-25 01:40:00+00:00,Grayson Rodriguez,4.5,over,-161,smarkets,225823,Seattle Mariners,Los Angeles Angels,2026-09-24T23:02:40.980705+00:00,2026-09-25T18:48:21.046167+00:00,2026-09-25T14:48:21.046167-04:00,2026-09-25T14:48:21.046167-04:00,propline_free_sample
2026-09-24,2026-09-25 01:40:00+00:00,Grayson Rodriguez,4.5,under,114,smarkets,225823,Seattle Mariners,Los Angeles Angels,2026-09-24T23:02:40.980705+00:00,2026-09-25T18:48:21.046167+00:00,2026-09-25T14:48:21.046167-04:00,2026-09-25T14:48:21.046167-04:00,propline_free_sample
2026-09-24,2026-09-25 01:40:00+00:00,Bryan Woo,8.5,over,125,underdog,225823,Seattle Mariners,Los Angeles Angels,2026-09-24T23:09:52.502658+00:00,2026-09-25T18:48:21.046167+00:00,2026-09-25T14:48:21.046167-04:00,2026-09-25T14:48:21.046167-04:00,propline_free_sample
2026-09-24,2026-09-25 01:40:00+00:00,Grayson Rodriguez,3.5,over,-148,underdog,225823,Seattle Mariners,Los Angeles Angels,2026-09-24T16:56:07.201824+00:00,2026-09-25T18:48:21.046167+00:00,2026-09-25T14:48:21.046167-04:00,2026-09-25T14:48:21.046167-04:00,propline_free_sample
2026-09-24,2026-09-25 01:40:00+00:00,Bryan Woo,8.5,under,-186,underdog,225823,Seattle Mariners,Los Angeles Angels,2026-09-24T23:09:52.502658+00:00,2026-09-25T18:48:21.046167+00:00,2026-09-25T14:48:21.046167-04:00,2026-09-25T14:48:21.046167-04:00,propline_free_sample
2026-09-24,2026-09-25 01:40:00+00:00,Grayson Rodriguez,3.5,under,-102,underdog,225823,Seattle Mariners,Los Angeles Angels,2026-09-24T16:56:07.201824+00:00,2026-09-25T18:48:21.046167+00:00,2026-09-25T14:48:21.046167-04:00,2026-09-25T14:48:21.046167-04:00,propline_free_sample
2026-09-24,2026-09-25 01:40:00+00:00,Peter Lambert,3.5,over,-120,dabble,225822,Athletics,Houston Astros,2026-09-24T08:11:16.315595+00:00,2026-09-25T18:48:21.046167+00:00,2026-09-25T14:48:21.046167-04:00,2026-09-25T14:48:21.046167-04:00,propline_free_sample
2026-09-24,2026-09-25 01:40:00+00:00,Peter Lambert,3.5,under,120,dabble,225822,Athletics,Houston Astros,2026-09-24T08:11:16.315595+00:00,2026-09-25T18:48:21.046167+00:00,2026-09-25T14:48:21.046167-04:00,2026-09-25T14:48:21.046167-04:00,propline_free_sample
2026-09-24,2026-09-25 01:40:00+00:00,Grayson Rodriguez,4.5,over,-104,parlayplay,225823,Seattle Mariners,Los Angeles Angels,2026-09-24T21:28:53.366708+00:00,2026-09-25T18:48:21.046167+00:00,2026-09-25T14:48:21.046167-04:00,2026-09-25T14:48:21.046167-04:00,propline_free_sample
2026-09-24,2026-09-25 01:40:00+00:00,Grayson Rodriguez,4.5,under,-152,parlayplay,225823,Seattle Mariners,Los Angeles Angels,2026-09-24T22:58:02.867058+00:00,2026-09-25T18:48:21.046167+00:00,2026-09-25T14:48:21.046167-04:00,2026-09-25T14:48:21.046167-04:00,propline_free_sample
2026-09-24,2026-09-25 01:40:00+00:00,Mason Barnett,6.5,over,-145,underdog,225822,Athletics,Houston Astros,2026-09-24T08:42:25.021041+00:00,2026-09-25T18:48:21.046167+00:00,2026-09-25T14:48:21.046167-04:00,2026-09-25T14:48:21.046167-04:00,propline_free_sample
2026-09-24,2026-09-25 01:40:00+00:00,Peter Lambert,7.5,over,-189,underdog,225822,Athletics,Houston Astros,2026-09-25T00:00:07.051956+00:00,2026-09-25T18:48:21.046167+00:00,2026-09-25T14:48:21.046167-04:00,2026-09-25T14:48:21.046167-04:00,propline_free_sample
2026-09-24,2026-09-25 01:40:00+00:00,Mason Barnett,6.5,under,-103,underdog,225822,Athletics,Houston Astros,2026-09-24T08:42:25.021041+00:00,2026-09-25T18:48:21.046167+00:00,2026-09-25T14:48:21.046167-04:00,2026-09-25T14:48:21.046167-04:00,propline_free_sample
2026-09-24,2026-09-25 01:40:00+00:00,Peter Lambert,7.5,under,128,underdog,225822,Athletics,Houston Astros,2026-09-25T00:00:07.051956+00:00,2026-09-25T18:48:21.046167+00:00,2026-09-25T14:48:21.046167-04:00,2026-09-25T14:48:21.046167-04:00,propline_free_sample
2026-09-24,2026-09-25 01:40:00+00:00,Mason Barnett,3.5,over,-110,dabble,225822,Athletics,Houston Astros,2026-09-24T23:26:51.860254+00:00,2026-09-25T18:48:21.046167+00:00,2026-09-25T14:48:21.046167-04:00,2026-09-25T14:48:21.046167-04:00,propline_free_sample
2026-09-24,2026-09-25 01:40:00+00:00,Mason Barnett,3.5,under,111,dabble,225822,Athletics,Houston Astros,2026-09-24T23:26:51.860254+00:00,2026-09-25T18:48:21.046167+00:00,2026-09-25T14:48:21.046167-04:00,2026-09-25T14:48:21.046167-04:00,propline_free_sample
2026-09-24,2026-09-25 01:40:00+00:00,Mason Barnett,3.5,over,100,prizepicks,225822,Athletics,Houston Astros,2026-09-24T06:17:47.610096+00:00,2026-09-25T18:48:21.046167+00:00,2026-09-25T14:48:21.046167-04:00,2026-09-25T14:48:21.046167-04:00,propline_free_sample
2026-09-24,2026-09-25 01:40:00+00:00,Peter Lambert,4.0,over,100,prizepicks,225822,Athletics,Houston Astros,2026-09-24T08:06:19.293222+00:00,2026-09-25T18:48:21.046167+00:00,2026-09-25T14:48:21.046167-04:00,2026-09-25T14:48:21.046167-04:00,propline_free_sample
2026-09-24,2026-09-25 01:40:00+00:00,Mason Barnett,3.5,under,100,prizepicks,225822,Athletics,Houston Astros,2026-09-24T06:17:47.610096+00:00,2026-09-25T18:48:21.046167+00:00,2026-09-25T14:48:21.046167-04:00,2026-09-25T14:48:21.046167-04:00,propline_free_sample
2026-09-24,2026-09-25 01:40:00+00:00,Peter Lambert,4.5,under,100,prizepicks,225822,Athletics,Houston Astros,2026-09-24T06:17:47.610096+00:00,2026-09-25T18:48:21.046167+00:00,2026-09-25T14:48:21.046167-04:00,2026-09-25T14:48:21.046167-04:00,propline_free_sample
2026-09-24,2026-09-25 01:40:00+00:00,Mason Barnett,3.5,over,-130,smarkets,225822,Athletics,Houston Astros,2026-09-24T23:30:46.897857+00:00,2026-09-25T18:48:21.046167+00:00,2026-09-25T14:48:21.046167-04:00,2026-09-25T14:48:21.046167-04:00,propline_free_sample
2026-09-24,2026-09-25 01:40:00+00:00,Mason Barnett,3.5,under,-109,smarkets,225822,Athletics,Houston Astros,2026-09-25T00:04:50.855160+00:00,2026-09-25T18:48:21.046167+00:00,2026-09-25T14:48:21.046167-04:00,2026-09-25T14:48:21.046167-04:00,propline_free_sample
2026-09-24,2026-09-25 01:40:00+00:00,Peter Lambert,4.5,over,104,smarkets,225822,Athletics,Houston Astros,2026-09-25T00:04:50.855160+00:00,2026-09-25T18:48:21.046167+00:00,2026-09-25T14:48:21.046167-04:00,2026-09-25T14:48:21.046167-04:00,propline_free_sample
2026-09-24,2026-09-25 01:40:00+00:00,Peter Lambert,4.5,under,-147,smarkets,225822,Athletics,Houston Astros,2026-09-25T00:04:50.855160+00:00,2026-09-25T18:48:21.046167+00:00,2026-09-25T14:48:21.046167-04:00,2026-09-25T14:48:21.046167-04:00,propline_free_sample
2026-09-24,2026-09-25 01:40:00+00:00,Peter Lambert,4.5,over,100,prizepicks,225822,Athletics,Houston Astros,2026-09-24T06:22:18.141335+00:00,2026-09-25T18:48:21.046167+00:00,2026-09-25T14:48:21.046167-04:00,2026-09-25T14:48:21.046167-04:00,propline_free_sample
2026-09-24,2026-09-25 01:40:00+00:00,Peter Lambert,4.5,under,100,prizepicks,225822,Athletics,Houston Astros,2026-09-24T06:22:18.141335+00:00,2026-09-25T18:48:21.046167+00:00,2026-09-25T14:48:21.046167-04:00,2026-09-25T14:48:21.046167-04:00,propline_free_sample
2026-09-24,2026-09-25 01:40:00+00:00,Mason Barnett,6.5,over,100,prizepicks,225822,Athletics,Houston Astros,2026-09-24T06:22:18.141335+00:00,2026-09-25T18:48:21.046167+00:00,2026-09-25T14:48:21.046167-04:00,2026-09-25T14:48:21.046167-04:00,propline_free_sample
2026-09-24,2026-09-25 01:40:00+00:00,Peter Lambert,6.5,over,100,prizepicks,225822,Athletics,Houston Astros,2026-09-24T06:22:18.141335+00:00,2026-09-25T18:48:21.046167+00:00,2026-09-25T14:48:21.046167-04:00,2026-09-25T14:48:21.046167-04:00,propline_free_sample
2026-09-24,2026-09-25 01:40:00+00:00,Peter Lambert,3.5,over,100,prizepicks,225822,Athletics,Houston Astros,2026-09-24T06:22:18.141335+00:00,2026-09-25T18:48:21.046167+00:00,2026-09-25T14:48:21.046167-04:00,2026-09-25T14:48:21.046167-04:00,propline_free_sample
2026-09-24,2026-09-25 01:40:00+00:00,Bryan Woo,12.5,over,3000,hardrock,225823,Seattle Mariners,Los Angeles Angels,2026-09-24T11:29:23.007857+00:00,2026-09-25T18:48:21.046167+00:00,2026-09-25T14:48:21.046167-04:00,2026-09-25T14:48:21.046167-04:00,propline_free_sample
2026-09-24,2026-09-25 01:40:00+00:00,Bryan Woo,12.5,under,-20000,hardrock,225823,Seattle Mariners,Los Angeles Angels,2026-09-24T13:00:48.815765+00:00,2026-09-25T18:48:21.046167+00:00,2026-09-25T14:48:21.046167-04:00,2026-09-25T14:48:21.046167-04:00,propline_free_sample
2026-09-24,2026-09-25 01:40:00+00:00,Grayson Rodriguez,3.5,over,9900,polymarket_us,225823,Seattle Mariners,Los Angeles Angels,2026-09-24T23:49:41.140954+00:00,2026-09-25T18:48:21.046167+00:00,2026-09-25T14:48:21.046167-04:00,2026-09-25T14:48:21.046167-04:00,propline_free_sample
2026-09-24,2026-09-25 01:40:00+00:00,Grayson Rodriguez,3.5,under,113,polymarket_us,225823,Seattle Mariners,Los Angeles Angels,2026-09-25T01:38:06.578988+00:00,2026-09-25T18:48:21.046167+00:00,2026-09-25T14:48:21.046167-04:00,2026-09-25T14:48:21.046167-04:00,propline_free_sample
2026-09-24,2026-09-25 01:40:00+00:00,Bryan Woo,5.5,over,-733,polymarket_us,225823,Seattle Mariners,Los Angeles Angels,2026-09-25T01:32:12.815231+00:00,2026-09-25T18:48:21.046167+00:00,2026-09-25T14:48:21.046167-04:00,2026-09-25T14:48:21.046167-04:00,propline_free_sample
2026-09-24,2026-09-25 01:40:00+00:00,Bryan Woo,5.5,under,9900,polymarket_us,225823,Seattle Mariners,Los Angeles Angels,2026-09-25T01:38:06.578988+00:00,2026-09-25T18:48:21.046167+00:00,2026-09-25T14:48:21.046167-04:00,2026-09-25T14:48:21.046167-04:00,propline_free_sample
2026-09-24,2026-09-25 01:40:00+00:00,Grayson Rodriguez,4.5,over,9900,polymarket_us,225823,Seattle Mariners,Los Angeles Angels,2026-09-25T01:10:30.720762+00:00,2026-09-25T18:48:21.046167+00:00,2026-09-25T14:48:21.046167-04:00,2026-09-25T14:48:21.046167-04:00,propline_free_sample
2026-09-24,2026-09-25 01:40:00+00:00,Grayson Rodriguez,4.5,under,-335,polymarket_us,225823,Seattle Mariners,Los Angeles Angels,2026-09-25T00:18:12.660439+00:00,2026-09-25T18:48:21.046167+00:00,2026-09-25T14:48:21.046167-04:00,2026-09-25T14:48:21.046167-04:00,propline_free_sample
2026-09-24,2026-09-25 01:40:00+00:00,Bryan Woo,6.5,over,-1900,polymarket_us,225823,Seattle Mariners,Los Angeles Angels,2026-09-24T23:01:37.444847+00:00,2026-09-25T18:48:21.046167+00:00,2026-09-25T14:48:21.046167-04:00,2026-09-25T14:48:21.046167-04:00,propline_free_sample
2026-09-24,2026-09-25 01:40:00+00:00,Bryan Woo,6.5,under,9900,polymarket_us,225823,Seattle Mariners,Los Angeles Angels,2026-09-24T23:02:44.805995+00:00,2026-09-25T18:48:21.046167+00:00,2026-09-25T14:48:21.046167-04:00,2026-09-25T14:48:21.046167-04:00,propline_free_sample
2026-09-24,2026-09-25 01:40:00+00:00,Mason Barnett,3.5,over,100,prizepicks,225822,Athletics,Houston Astros,2026-09-24T07:18:20.720216+00:00,2026-09-25T18:48:21.046167+00:00,2026-09-25T14:48:21.046167-04:00,2026-09-25T14:48:21.046167-04:00,propline_free_sample
2026-09-24,2026-09-25 01:40:00+00:00,Mason Barnett,3.5,under,100,prizepicks,225822,Athletics,Houston Astros,2026-09-24T07:18:20.720216+00:00,2026-09-25T18:48:21.046167+00:00,2026-09-25T14:48:21.046167-04:00,2026-09-25T14:48:21.046167-04:00,propline_free_sample
2026-09-24,2026-09-25 01:40:00+00:00,Mason Barnett,3.5,over,-102,fanduel,225822,Athletics,Houston Astros,2026-09-24T08:57:27.977689+00:00,2026-09-25T18:48:21.046167+00:00,2026-09-25T14:48:21.046167-04:00,2026-09-25T14:48:21.046167-04:00,propline_free_sample
2026-09-24,2026-09-25 01:40:00+00:00,Mason Barnett,3.5,under,-125,fanduel,225822,Athletics,Houston Astros,2026-09-24T08:57:27.977689+00:00,2026-09-25T18:48:21.046167+00:00,2026-09-25T14:48:21.046167-04:00,2026-09-25T14:48:21.046167-04:00,propline_free_sample
2026-09-24,2026-09-25 01:40:00+00:00,Peter Lambert,4.5,over,120,fanduel,225822,Athletics,Houston Astros,2026-09-25T01:17:18.459209+00:00,2026-09-25T18:48:21.046167+00:00,2026-09-25T14:48:21.046167-04:00,2026-09-25T14:48:21.046167-04:00,propline_free_sample
2026-09-24,2026-09-25 01:40:00+00:00,Peter Lambert,4.5,under,-154,fanduel,225822,Athletics,Houston Astros,2026-09-25T01:17:18.459209+00:00,2026-09-25T18:48:21.046167+00:00,2026-09-25T14:48:21.046167-04:00,2026-09-25T14:48:21.046167-04:00,propline_free_sample
2026-09-24,2026-09-25 01:40:00+00:00,Peter Lambert,3.5,under,100,prizepicks,225822,Athletics,Houston Astros,2026-09-24T07:38:17.652249+00:00,2026-09-25T18:48:21.046167+00:00,2026-09-25T14:48:21.046167-04:00,2026-09-25T14:48:21.046167-04:00,propline_free_sample
2026-09-24,2026-09-25 01:40:00+00:00,Mason Barnett,0.5,over,-5000,hardrock,225822,Athletics,Houston Astros,2026-09-24T23:23:27.624003+00:00,2026-09-25T18:48:21.046167+00:00,2026-09-25T14:48:21.046167-04:00,2026-09-25T14:48:21.046167-04:00,propline_free_sample
2026-09-24,2026-09-25 01:40:00+00:00,Mason Barnett,0.5,under,1300,hardrock,225822,Athletics,Houston Astros,2026-09-25T01:25:09.994752+00:00,2026-09-25T18:48:21.046167+00:00,2026-09-25T14:48:21.046167-04:00,2026-09-25T14:48:21.046167-04:00,propline_free_sample
2026-09-24,2026-09-25 01:40:00+00:00,Mason Barnett,1.5,over,-650,hardrock,225822,Athletics,Houston Astros,2026-09-24T23:27:57.042753+00:00,2026-09-25T18:48:21.046167+00:00,2026-09-25T14:48:21.046167-04:00,2026-09-25T14:48:21.046167-04:00,propline_free_sample
2026-09-24,2026-09-25 01:40:00+00:00,Mason Barnett,1.5,under,325,hardrock,225822,Athletics,Houston Astros,2026-09-24T23:32:50.871437+00:00,2026-09-25T18:48:21.046167+00:00,2026-09-25T14:48:21.046167-04:00,2026-09-25T14:48:21.046167-04:00,propline_free_sample
2026-09-24,2026-09-25 01:40:00+00:00,Mason Barnett,2.5,over,-185,hardrock,225822,Athletics,Houston Astros,2026-09-24T23:32:50.871437+00:00,2026-09-25T18:48:21.046167+00:00,2026-09-25T14:48:21.046167-04:00,2026-09-25T14:48:21.046167-04:00,propline_free_sample
2026-09-24,2026-09-25 01:40:00+00:00,Mason Barnett,2.5,under,125,hardrock,225822,Athletics,Houston Astros,2026-09-25T01:18:59.636086+00:00,2026-09-25T18:48:21.046167+00:00,2026-09-25T14:48:21.046167-04:00,2026-09-25T14:48:21.046167-04:00,propline_free_sample
2026-09-24,2026-09-25 01:40:00+00:00,Mason Barnett,3.5,over,-650,hardrock,225822,Athletics,Houston Astros,2026-09-24T23:43:42.897150+00:00,2026-09-25T18:48:21.046167+00:00,2026-09-25T14:48:21.046167-04:00,2026-09-25T14:48:21.046167-04:00,propline_free_sample
2026-09-24,2026-09-25 01:40:00+00:00,Mason Barnett,3.5,under,325,hardrock,225822,Athletics,Houston Astros,2026-09-24T23:43:42.897150+00:00,2026-09-25T18:48:21.046167+00:00,2026-09-25T14:48:21.046167-04:00,2026-09-25T14:48:21.046167-04:00,propline_free_sample
2026-09-24,2026-09-25 01:40:00+00:00,Mason Barnett,4.5,over,-125,hardrock,225822,Athletics,Houston Astros,2026-09-25T01:18:59.636086+00:00,2026-09-25T18:48:21.046167+00:00,2026-09-25T14:48:21.046167-04:00,2026-09-25T14:48:21.046167-04:00,propline_free_sample
2026-09-24,2026-09-25 01:40:00+00:00,Mason Barnett,4.5,under,-115,hardrock,225822,Athletics,Houston Astros,2026-09-24T23:32:50.871437+00:00,2026-09-25T18:48:21.046167+00:00,2026-09-25T14:48:21.046167-04:00,2026-09-25T14:48:21.046167-04:00,propline_free_sample
2026-09-24,2026-09-25 01:40:00+00:00,Mason Barnett,5.5,over,240,hardrock,225822,Athletics,Houston Astros,2026-09-24T23:32:50.871437+00:00,2026-09-25T18:48:21.046167+00:00,2026-09-25T14:48:21.046167-04:00,2026-09-25T14:48:21.046167-04:00,propline_free_sample
2026-09-24,2026-09-25 01:40:00+00:00,Mason Barnett,5.5,under,-400,hardrock,225822,Athletics,Houston Astros,2026-09-24T23:49:53.777697+00:00,2026-09-25T18:48:21.046167+00:00,2026-09-25T14:48:21.046167-04:00,2026-09-25T14:48:21.046167-04:00,propline_free_sample
2026-09-24,2026-09-25 01:40:00+00:00,Mason Barnett,6.5,over,600,hardrock,225822,Athletics,Houston Astros,2026-09-25T01:18:59.636086+00:00,2026-09-25T18:48:21.046167+00:00,2026-09-25T14:48:21.046167-04:00,2026-09-25T14:48:21.046167-04:00,propline_free_sample
2026-09-24,2026-09-25 01:40:00+00:00,Mason Barnett,6.5,under,-2500,hardrock,225822,Athletics,Houston Astros,2026-09-25T01:18:59.636086+00:00,2026-09-25T18:48:21.046167+00:00,2026-09-25T14:48:21.046167-04:00,2026-09-25T14:48:21.046167-04:00,propline_free_sample
2026-09-24,2026-09-25 01:40:00+00:00,Mason Barnett,7.5,over,2000,hardrock,225822,Athletics,Houston Astros,2026-09-24T23:43:42.897150+00:00,2026-09-25T18:48:21.046167+00:00,2026-09-25T14:48:21.046167-04:00,2026-09-25T14:48:21.046167-04:00,propline_free_sample
2026-09-24,2026-09-25 01:40:00+00:00,Mason Barnett,7.5,under,-15000,hardrock,225822,Athletics,Houston Astros,2026-09-24T23:43:42.897150+00:00,2026-09-25T18:48:21.046167+00:00,2026-09-25T14:48:21.046167-04:00,2026-09-25T14:48:21.046167-04:00,propline_free_sample
2026-09-24,2026-09-25 01:40:00+00:00,Mason Barnett,5.5,over,110,fanatics,225822,Athletics,Houston Astros,2026-09-25T01:35:02.133102+00:00,2026-09-25T18:48:21.046167+00:00,2026-09-25T14:48:21.046167-04:00,2026-09-25T14:48:21.046167-04:00,propline_free_sample
2026-09-24,2026-09-25 01:40:00+00:00,Mason Barnett,5.5,under,-145,fanatics,225822,Athletics,Houston Astros,2026-09-25T01:35:02.133102+00:00,2026-09-25T18:48:21.046167+00:00,2026-09-25T14:48:21.046167-04:00,2026-09-25T14:48:21.046167-04:00,propline_free_sample
2026-09-24,2026-09-25 01:40:00+00:00,Peter Lambert,6.5,over,-155,fanatics,225822,Athletics,Houston Astros,2026-09-25T01:39:09.610339+00:00,2026-09-25T18:48:21.046167+00:00,2026-09-25T14:48:21.046167-04:00,2026-09-25T14:48:21.046167-04:00,propline_free_sample
2026-09-24,2026-09-25 01:40:00+00:00,Peter Lambert,6.5,under,115,fanatics,225822,Athletics,Houston Astros,2026-09-25T01:39:09.610339+00:00,2026-09-25T18:48:21.046167+00:00,2026-09-25T14:48:21.046167-04:00,2026-09-25T14:48:21.046167-04:00,propline_free_sample
2026-09-24,2026-09-25 01:40:00+00:00,Peter Lambert (HOU),6.5,over,-165,bovada,225822,Athletics,Houston Astros,2026-09-25T01:25:47.441598+00:00,2026-09-25T18:48:21.046167+00:00,2026-09-25T14:48:21.046167-04:00,2026-09-25T14:48:21.046167-04:00,propline_free_sample
2026-09-24,2026-09-25 01:40:00+00:00,Peter Lambert (HOU),6.5,under,125,bovada,225822,Athletics,Houston Astros,2026-09-25T01:25:47.441598+00:00,2026-09-25T18:48:21.046167+00:00,2026-09-25T14:48:21.046167-04:00,2026-09-25T14:48:21.046167-04:00,propline_free_sample
2026-09-24,2026-09-25 01:40:00+00:00,Mason Barnett,3.5,over,-127,sleeper,225822,Athletics,Houston Astros,2026-09-25T00:19:18.715239+00:00,2026-09-25T18:48:21.046167+00:00,2026-09-25T14:48:21.046167-04:00,2026-09-25T14:48:21.046167-04:00,propline_free_sample
2026-09-24,2026-09-25 01:40:00+00:00,Mason Barnett,3.5,under,-130,sleeper,225822,Athletics,Houston Astros,2026-09-25T00:19:18.715239+00:00,2026-09-25T18:48:21.046167+00:00,2026-09-25T14:48:21.046167-04:00,2026-09-25T14:48:21.046167-04:00,propline_free_sample
2026-09-24,2026-09-25 01:40:00+00:00,Mason Barnett,4.5,over,100,prizepicks,225822,Athletics,Houston Astros,2026-09-24T07:49:16.710950+00:00,2026-09-25T18:48:21.046167+00:00,2026-09-25T14:48:21.046167-04:00,2026-09-25T14:48:21.046167-04:00,propline_free_sample
2026-09-24,2026-09-25 01:40:00+00:00,Mason Barnett,4.5,under,100,prizepicks,225822,Athletics,Houston Astros,2026-09-24T07:49:16.710950+00:00,2026-09-25T18:48:21.046167+00:00,2026-09-25T14:48:21.046167-04:00,2026-09-25T14:48:21.046167-04:00,propline_free_sample
2026-09-24,2026-09-25 01:40:00+00:00,Mason Barnett,5.5,over,100,prizepicks,225822,Athletics,Houston Astros,2026-09-24T07:49:16.710950+00:00,2026-09-25T18:48:21.046167+00:00,2026-09-25T14:48:21.046167-04:00,2026-09-25T14:48:21.046167-04:00,propline_free_sample
2026-09-24,2026-09-25 01:40:00+00:00,Mason Barnett,5.5,under,100,prizepicks,225822,Athletics,Houston Astros,2026-09-24T07:49:16.710950+00:00,2026-09-25T18:48:21.046167+00:00,2026-09-25T14:48:21.046167-04:00,2026-09-25T14:48:21.046167-04:00,propline_free_sample
2026-09-24,2026-09-25 01:40:00+00:00,Mason Barnett,1.5,over,100,prizepicks,225822,Athletics,Houston Astros,2026-09-24T07:49:16.710950+00:00,2026-09-25T18:48:21.046167+00:00,2026-09-25T14:48:21.046167-04:00,2026-09-25T14:48:21.046167-04:00,propline_free_sample
2026-09-24,2026-09-25 01:40:00+00:00,Mason Barnett,1.5,under,100,prizepicks,225822,Athletics,Houston Astros,2026-09-24T07:49:16.710950+00:00,2026-09-25T18:48:21.046167+00:00,2026-09-25T14:48:21.046167-04:00,2026-09-25T14:48:21.046167-04:00,propline_free_sample
2026-09-24,2026-09-25 01:40:00+00:00,Mason Barnett,2.5,over,100,prizepicks,225822,Athletics,Houston Astros,2026-09-24T07:49:16.710950+00:00,2026-09-25T18:48:21.046167+00:00,2026-09-25T14:48:21.046167-04:00,2026-09-25T14:48:21.046167-04:00,propline_free_sample
2026-09-24,2026-09-25 01:40:00+00:00,Mason Barnett,2.5,under,100,prizepicks,225822,Athletics,Houston Astros,2026-09-24T07:49:16.710950+00:00,2026-09-25T18:48:21.046167+00:00,2026-09-25T14:48:21.046167-04:00,2026-09-25T14:48:21.046167-04:00,propline_free_sample
2026-09-24,2026-09-25 01:40:00+00:00,Bryan Woo,7.5,over,112,draftkings,225823,Seattle Mariners,Los Angeles Angels,2026-09-24T23:08:47.889278+00:00,2026-09-25T18:48:21.046167+00:00,2026-09-25T14:48:21.046167-04:00,2026-09-25T14:48:21.046167-04:00,propline_free_sample
2026-09-24,2026-09-25 01:40:00+00:00,Bryan Woo,7.5,under,-143,draftkings,225823,Seattle Mariners,Los Angeles Angels,2026-09-24T23:08:47.889278+00:00,2026-09-25T18:48:21.046167+00:00,2026-09-25T14:48:21.046167-04:00,2026-09-25T14:48:21.046167-04:00,propline_free_sample
2026-09-24,2026-09-25 01:40:00+00:00,Peter Lambert,0.5,over,-15000,hardrock,225822,Athletics,Houston Astros,2026-09-24T21:30:46.746402+00:00,2026-09-25T18:48:21.046167+00:00,2026-09-25T14:48:21.046167-04:00,2026-09-25T14:48:21.046167-04:00,propline_free_sample
2026-09-24,2026-09-25 01:40:00+00:00,Peter Lambert,0.5,under,3000,hardrock,225822,Athletics,Houston Astros,2026-09-24T12:01:55.433439+00:00,2026-09-25T18:48:21.046167+00:00,2026-09-25T14:48:21.046167-04:00,2026-09-25T14:48:21.046167-04:00,propline_free_sample
2026-09-24,2026-09-25 01:40:00+00:00,Peter Lambert,1.5,over,-7000,hardrock,225822,Athletics,Houston Astros,2026-09-24T21:47:50.098712+00:00,2026-09-25T18:48:21.046167+00:00,2026-09-25T14:48:21.046167-04:00,2026-09-25T14:48:21.046167-04:00,propline_free_sample
2026-09-24,2026-09-25 01:40:00+00:00,Peter Lambert,1.5,under,1750,hardrock,225822,Athletics,Houston Astros,2026-09-24T17:19:19.234420+00:00,2026-09-25T18:48:21.046167+00:00,2026-09-25T14:48:21.046167-04:00,2026-09-25T14:48:21.046167-04:00,propline_free_sample
2026-09-24,2026-09-25 01:40:00+00:00,Peter Lambert,2.5,over,-1100,hardrock,225822,Athletics,Houston Astros,2026-09-24T21:51:16.875179+00:00,2026-09-25T18:48:21.046167+00:00,2026-09-25T14:48:21.046167-04:00,2026-09-25T14:48:21.046167-04:00,propline_free_sample
2026-09-24,2026-09-25 01:40:00+00:00,Peter Lambert,2.5,under,475,hardrock,225822,Athletics,Houston Astros,2026-09-24T17:19:19.234420+00:00,2026-09-25T18:48:21.046167+00:00,2026-09-25T14:48:21.046167-04:00,2026-09-25T14:48:21.046167-04:00,propline_free_sample
2026-09-24,2026-09-25 01:40:00+00:00,Peter Lambert,3.5,over,-275,hardrock,225822,Athletics,Houston Astros,2026-09-24T23:59:29.940636+00:00,2026-09-25T18:48:21.046167+00:00,2026-09-25T14:48:21.046167-04:00,2026-09-25T14:48:21.046167-04:00,propline_free_sample
2026-09-24,2026-09-25 01:40:00+00:00,Peter Lambert,3.5,under,180,hardrock,225822,Athletics,Houston Astros,2026-09-24T21:59:46.135519+00:00,2026-09-25T18:48:21.046167+00:00,2026-09-25T14:48:21.046167-04:00,2026-09-25T14:48:21.046167-04:00,propline_free_sample
2026-09-24,2026-09-25 01:40:00+00:00,Peter Lambert,4.5,over,-5000,hardrock,225822,Athletics,Houston Astros,2026-09-24T17:28:21.829796+00:00,2026-09-25T18:48:21.046167+00:00,2026-09-25T14:48:21.046167-04:00,2026-09-25T14:48:21.046167-04:00,propline_free_sample
2026-09-24,2026-09-25 01:40:00+00:00,Peter Lambert,4.5,under,1100,hardrock,225822,Athletics,Houston Astros,2026-09-24T17:28:21.829796+00:00,2026-09-25T18:48:21.046167+00:00,2026-09-25T14:48:21.046167-04:00,2026-09-25T14:48:21.046167-04:00,propline_free_sample
2026-09-24,2026-09-25 01:40:00+00:00,Peter Lambert,5.5,over,-550,hardrock,225822,Athletics,Houston Astros,2026-09-25T00:12:02.788475+00:00,2026-09-25T18:48:21.046167+00:00,2026-09-25T14:48:21.046167-04:00,2026-09-25T14:48:21.046167-04:00,propline_free_sample
2026-09-24,2026-09-25 01:40:00+00:00,Peter Lambert,5.5,under,300,hardrock,225822,Athletics,Houston Astros,2026-09-24T17:28:21.829796+00:00,2026-09-25T18:48:21.046167+00:00,2026-09-25T14:48:21.046167-04:00,2026-09-25T14:48:21.046167-04:00,propline_free_sample
2026-09-24,2026-09-25 01:40:00+00:00,Peter Lambert,6.5,over,-160,hardrock,225822,Athletics,Houston Astros,2026-09-25T00:12:02.788475+00:00,2026-09-25T18:48:21.046167+00:00,2026-09-25T14:48:21.046167-04:00,2026-09-25T14:48:21.046167-04:00,propline_free_sample
2026-09-24,2026-09-25 01:40:00+00:00,Peter Lambert,6.5,under,110,hardrock,225822,Athletics,Houston Astros,2026-09-25T00:12:02.788475+00:00,2026-09-25T18:48:21.046167+00:00,2026-09-25T14:48:21.046167-04:00,2026-09-25T14:48:21.046167-04:00,propline_free_sample
2026-09-24,2026-09-25 01:40:00+00:00,Peter Lambert,7.5,over,165,hardrock,225822,Athletics,Houston Astros,2026-09-24T19:18:46.279896+00:00,2026-09-25T18:48:21.046167+00:00,2026-09-25T14:48:21.046167-04:00,2026-09-25T14:48:21.046167-04:00,propline_free_sample
2026-09-24,2026-09-25 01:40:00+00:00,Peter Lambert,7.5,under,-260,hardrock,225822,Athletics,Houston Astros,2026-09-24T08:59:50.685278+00:00,2026-09-25T18:48:21.046167+00:00,2026-09-25T14:48:21.046167-04:00,2026-09-25T14:48:21.046167-04:00,propline_free_sample
2026-09-24,2026-09-25 01:40:00+00:00,Peter Lambert,8.5,over,400,hardrock,225822,Athletics,Houston Astros,2026-09-24T12:04:32.594654+00:00,2026-09-25T18:48:21.046167+00:00,2026-09-25T14:48:21.046167-04:00,2026-09-25T14:48:21.046167-04:00,propline_free_sample
2026-09-24,2026-09-25 01:40:00+00:00,Peter Lambert,8.5,under,-850,hardrock,225822,Athletics,Houston Astros,2026-09-24T17:19:19.234420+00:00,2026-09-25T18:48:21.046167+00:00,2026-09-25T14:48:21.046167-04:00,2026-09-25T14:48:21.046167-04:00,propline_free_sample
2026-09-24,2026-09-25 01:40:00+00:00,Grayson Rodriguez,4.5,over,-172,draftkings,225823,Seattle Mariners,Los Angeles Angels,2026-09-24T21:40:11.344888+00:00,2026-09-25T18:48:21.046167+00:00,2026-09-25T14:48:21.046167-04:00,2026-09-25T14:48:21.046167-04:00,propline_free_sample
2026-09-24,2026-09-25 01:40:00+00:00,Grayson Rodriguez,4.5,under,135,draftkings,225823,Seattle Mariners,Los Angeles Angels,2026-09-24T21:40:11.344888+00:00,2026-09-25T18:48:21.046167+00:00,2026-09-25T14:48:21.046167-04:00,2026-09-25T14:48:21.046167-04:00,propline_free_sample
2026-09-24,2026-09-25 01:40:00+00:00,Peter Lambert,4.5,over,104,sleeper,225822,Athletics,Houston Astros,2026-09-25T01:07:35.000026+00:00,2026-09-25T18:48:21.046167+00:00,2026-09-25T14:48:21.046167-04:00,2026-09-25T14:48:21.046167-04:00,propline_free_sample
2026-09-24,2026-09-25 01:40:00+00:00,Peter Lambert,4.5,under,-172,sleeper,225822,Athletics,Houston Astros,2026-09-25T01:07:35.000026+00:00,2026-09-25T18:48:21.046167+00:00,2026-09-25T14:48:21.046167-04:00,2026-09-25T14:48:21.046167-04:00,propline_free_sample
2026-09-24,2026-09-25 01:40:00+00:00,Bryan Woo,6.5,over,-150,courtside,225823,Seattle Mariners,Los Angeles Angels,2026-09-24T22:14:27.250351+00:00,2026-09-25T18:48:21.046167+00:00,2026-09-25T14:48:21.046167-04:00,2026-09-25T14:48:21.046167-04:00,propline_free_sample
2026-09-24,2026-09-25 01:40:00+00:00,Bryan Woo,6.5,under,110,courtside,225823,Seattle Mariners,Los Angeles Angels,2026-09-24T22:14:27.250351+00:00,2026-09-25T18:48:21.046167+00:00,2026-09-25T14:48:21.046167-04:00,2026-09-25T14:48:21.046167-04:00,propline_free_sample
2026-09-24,2026-09-25 01:40:00+00:00,Grayson Rodriguez,4.5,over,105,courtside,225823,Seattle Mariners,Los Angeles Angels,2026-09-24T21:41:38.282410+00:00,2026-09-25T18:48:21.046167+00:00,2026-09-25T14:48:21.046167-04:00,2026-09-25T14:48:21.046167-04:00,propline_free_sample
2026-09-24,2026-09-25 01:40:00+00:00,Grayson Rodriguez,4.5,under,-140,courtside,225823,Seattle Mariners,Los Angeles Angels,2026-09-24T21:41:38.282410+00:00,2026-09-25T18:48:21.046167+00:00,2026-09-25T14:48:21.046167-04:00,2026-09-25T14:48:21.046167-04:00,propline_free_sample
2026-09-24,2026-09-25 01:40:00+00:00,Peter Lambert,6.5,under,100,prizepicks,225822,Athletics,Houston Astros,2026-09-24T08:04:21.060550+00:00,2026-09-25T18:48:21.046167+00:00,2026-09-25T14:48:21.046167-04:00,2026-09-25T14:48:21.046167-04:00,propline_free_sample
2026-09-24,2026-09-25 01:40:00+00:00,Peter Lambert,5.5,over,100,prizepicks,225822,Athletics,Houston Astros,2026-09-24T08:04:21.060550+00:00,2026-09-25T18:48:21.046167+00:00,2026-09-25T14:48:21.046167-04:00,2026-09-25T14:48:21.046167-04:00,propline_free_sample
2026-09-24,2026-09-25 01:40:00+00:00,Peter Lambert,5.5,under,100,prizepicks,225822,Athletics,Houston Astros,2026-09-24T08:04:21.060550+00:00,2026-09-25T18:48:21.046167+00:00,2026-09-25T14:48:21.046167-04:00,2026-09-25T14:48:21.046167-04:00,propline_free_sample
2026-09-24,2026-09-25 01:40:00+00:00,Peter Lambert,2.5,over,100,prizepicks,225822,Athletics,Houston Astros,2026-09-24T08:04:21.060550+00:00,2026-09-25T18:48:21.046167+00:00,2026-09-25T14:48:21.046167-04:00,2026-09-25T14:48:21.046167-04:00,propline_free_sample
2026-09-24,2026-09-25 01:40:00+00:00,Peter Lambert,2.5,under,100,prizepicks,225822,Athletics,Houston Astros,2026-09-24T08:04:21.060550+00:00,2026-09-25T18:48:21.046167+00:00,2026-09-25T14:48:21.046167-04:00,2026-09-25T14:48:21.046167-04:00,propline_free_sample
2026-09-24,2026-09-25 01:40:00+00:00,Peter Lambert,7.5,over,100,prizepicks,225822,Athletics,Houston Astros,2026-09-24T08:04:21.060550+00:00,2026-09-25T18:48:21.046167+00:00,2026-09-25T14:48:21.046167-04:00,2026-09-25T14:48:21.046167-04:00,propline_free_sample
2026-09-24,2026-09-25 01:40:00+00:00,Bryan Woo,7.5,over,-1900,polymarket_us,225823,Seattle Mariners,Los Angeles Angels,2026-09-25T01:32:12.815231+00:00,2026-09-25T18:48:21.046167+00:00,2026-09-25T14:48:21.046167-04:00,2026-09-25T14:48:21.046167-04:00,propline_free_sample
2026-09-24,2026-09-25 01:40:00+00:00,Grayson Rodriguez,6.5,over,9900,polymarket_us,225823,Seattle Mariners,Los Angeles Angels,2026-09-25T01:22:32.383074+00:00,2026-09-25T18:48:21.046167+00:00,2026-09-25T14:48:21.046167-04:00,2026-09-25T14:48:21.046167-04:00,propline_free_sample
2026-09-24,2026-09-25 01:40:00+00:00,Mason Barnett,3.5,over,-669,polymarket_us,225822,Athletics,Houston Astros,2026-09-25T01:05:11.245770+00:00,2026-09-25T18:48:21.046167+00:00,2026-09-25T14:48:21.046167-04:00,2026-09-25T14:48:21.046167-04:00,propline_free_sample
2026-09-24,2026-09-25 01:40:00+00:00,Mason Barnett,3.5,under,9900,polymarket_us,225822,Athletics,Houston Astros,2026-09-25T01:38:07.247172+00:00,2026-09-25T18:48:21.046167+00:00,2026-09-25T14:48:21.046167-04:00,2026-09-25T14:48:21.046167-04:00,propline_free_sample
2026-09-24,2026-09-25 01:40:00+00:00,Bryan Woo,6.5,over,-165,onexbet,225823,Seattle Mariners,Los Angeles Angels,2026-09-25T00:51:39.616636+00:00,2026-09-25T18:48:21.046167+00:00,2026-09-25T14:48:21.046167-04:00,2026-09-25T14:48:21.046167-04:00,propline_free_sample
2026-09-24,2026-09-25 01:40:00+00:00,Grayson Rodriguez,4.5,over,-140,onexbet,225823,Seattle Mariners,Los Angeles Angels,2026-09-25T00:51:39.616636+00:00,2026-09-25T18:48:21.046167+00:00,2026-09-25T14:48:21.046167-04:00,2026-09-25T14:48:21.046167-04:00,propline_free_sample
2026-09-24,2026-09-25 01:40:00+00:00,Bryan Woo,6.5,under,125,onexbet,225823,Seattle Mariners,Los Angeles Angels,2026-09-25T00:51:39.616636+00:00,2026-09-25T18:48:21.046167+00:00,2026-09-25T14:48:21.046167-04:00,2026-09-25T14:48:21.046167-04:00,propline_free_sample
2026-09-24,2026-09-25 01:40:00+00:00,Grayson Rodriguez,4.5,under,105,onexbet,225823,Seattle Mariners,Los Angeles Angels,2026-09-25T00:51:39.616636+00:00,2026-09-25T18:48:21.046167+00:00,2026-09-25T14:48:21.046167-04:00,2026-09-25T14:48:21.046167-04:00,propline_free_sample
2026-09-24,2026-09-25 01:40:00+00:00,Peter Lambert,4.5,over,128,draftkings,225822,Athletics,Houston Astros,2026-09-24T23:58:29.838260+00:00,2026-09-25T18:48:21.046167+00:00,2026-09-25T14:48:21.046167-04:00,2026-09-25T14:48:21.046167-04:00,propline_free_sample
2026-09-24,2026-09-25 01:40:00+00:00,Peter Lambert,4.5,under,-164,draftkings,225822,Athletics,Houston Astros,2026-09-24T23:58:29.838260+00:00,2026-09-25T18:48:21.046167+00:00,2026-09-25T14:48:21.046167-04:00,2026-09-25T14:48:21.046167-04:00,propline_free_sample
2026-09-24,2026-09-25 01:40:00+00:00,Peter Lambert,4.5,over,-120,courtside,225822,Athletics,Houston Astros,2026-09-25T00:01:40.335892+00:00,2026-09-25T18:48:21.046167+00:00,2026-09-25T14:48:21.046167-04:00,2026-09-25T14:48:21.046167-04:00,propline_free_sample
2026-09-24,2026-09-25 01:40:00+00:00,Peter Lambert,4.5,under,-115,courtside,225822,Athletics,Houston Astros,2026-09-25T00:01:40.335892+00:00,2026-09-25T18:48:21.046167+00:00,2026-09-25T14:48:21.046167-04:00,2026-09-25T14:48:21.046167-04:00,propline_free_sample
2026-09-24,2026-09-25 01:40:00+00:00,Peter Lambert,7.5,over,9900,polymarket_us,225822,Athletics,Houston Astros,2026-09-25T01:38:07.247172+00:00,2026-09-25T18:48:21.046167+00:00,2026-09-25T14:48:21.046167-04:00,2026-09-25T14:48:21.046167-04:00,propline_free_sample
2026-09-24,2026-09-25 01:40:00+00:00,Mason Barnett,2.5,over,-170,polymarket_us,225822,Athletics,Houston Astros,2026-09-25T01:38:07.247172+00:00,2026-09-25T18:48:21.046167+00:00,2026-09-25T14:48:21.046167-04:00,2026-09-25T14:48:21.046167-04:00,propline_free_sample
2026-09-24,2026-09-25 01:40:00+00:00,Mason Barnett,2.5,under,9900,polymarket_us,225822,Athletics,Houston Astros,2026-09-25T01:32:13.948979+00:00,2026-09-25T18:48:21.046167+00:00,2026-09-25T14:48:21.046167-04:00,2026-09-25T14:48:21.046167-04:00,propline_free_sample
2026-09-24,2026-09-25 01:40:00+00:00,Bryan Woo,11.5,over,100,prizepicks,225823,Seattle Mariners,Los Angeles Angels,2026-09-24T08:44:28.018687+00:00,2026-09-25T18:48:21.046167+00:00,2026-09-25T14:48:21.046167-04:00,2026-09-25T14:48:21.046167-04:00,propline_free_sample
2026-09-24,2026-09-25 01:40:00+00:00,Peter Lambert,4.5,over,115,onexbet,225822,Athletics,Houston Astros,2026-09-25T00:56:50.503822+00:00,2026-09-25T18:48:21.046167+00:00,2026-09-25T14:48:21.046167-04:00,2026-09-25T14:48:21.046167-04:00,propline_free_sample
2026-09-24,2026-09-25 01:40:00+00:00,Peter Lambert,4.5,under,-155,onexbet,225822,Athletics,Houston Astros,2026-09-25T00:56:50.503822+00:00,2026-09-25T18:48:21.046167+00:00,2026-09-25T14:48:21.046167-04:00,2026-09-25T14:48:21.046167-04:00,propline_free_sample
2026-09-24,2026-09-25 01:40:00+00:00,Peter Lambert,2.5,over,-733,polymarket_us,225822,Athletics,Houston Astros,2026-09-25T01:36:06.916010+00:00,2026-09-25T18:48:21.046167+00:00,2026-09-25T14:48:21.046167-04:00,2026-09-25T14:48:21.046167-04:00,propline_free_sample
2026-09-24,2026-09-25 01:40:00+00:00,Peter Lambert,5.5,over,-3233,kalshi,225822,Athletics,Houston Astros,2026-09-25T01:39:39.369832+00:00,2026-09-25T18:48:21.046167+00:00,2026-09-25T14:48:21.046167-04:00,2026-09-25T14:48:21.046167-04:00,propline_free_sample
2026-09-24,2026-09-25 01:40:00+00:00,Peter Lambert,6.5,over,9900,kalshi,225822,Athletics,Houston Astros,2026-09-25T01:39:34.401562+00:00,2026-09-25T18:48:21.046167+00:00,2026-09-25T14:48:21.046167-04:00,2026-09-25T14:48:21.046167-04:00,propline_free_sample
2026-09-24,2026-09-25 01:40:00+00:00,Bryan Woo,8.5,over,9900,kalshi,225823,Seattle Mariners,Los Angeles Angels,2026-09-25T01:30:36.935200+00:00,2026-09-25T18:48:21.046167+00:00,2026-09-25T14:48:21.046167-04:00,2026-09-25T14:48:21.046167-04:00,propline_free_sample
2026-09-24,2026-09-25 01:40:00+00:00,Peter Lambert,5.5,under,9900,kalshi,225822,Athletics,Houston Astros,2026-09-25T01:37:17.787678+00:00,2026-09-25T18:48:21.046167+00:00,2026-09-25T14:48:21.046167-04:00,2026-09-25T14:48:21.046167-04:00,propline_free_sample
2026-09-24,2026-09-25 01:40:00+00:00,Peter Lambert,6.5,under,-100,kalshi,225822,Athletics,Houston Astros,2026-09-25T01:39:34.401562+00:00,2026-09-25T18:48:21.046167+00:00,2026-09-25T14:48:21.046167-04:00,2026-09-25T14:48:21.046167-04:00,propline_free_sample
2026-09-24,2026-09-25 01:40:00+00:00,Peter Lambert,2.5,over,-2400,kalshi,225822,Athletics,Houston Astros,2026-09-25T01:24:41.649700+00:00,2026-09-25T18:48:21.046167+00:00,2026-09-25T14:48:21.046167-04:00,2026-09-25T14:48:21.046167-04:00,propline_free_sample
2026-09-24,2026-09-25 01:40:00+00:00,Peter Lambert,2.5,under,9900,kalshi,225822,Athletics,Houston Astros,2026-09-25T01:39:39.369832+00:00,2026-09-25T18:48:21.046167+00:00,2026-09-25T14:48:21.046167-04:00,2026-09-25T14:48:21.046167-04:00,propline_free_sample
2026-09-24,2026-09-25 01:40:00+00:00,Peter Lambert,3.5,over,-3233,kalshi,225822,Athletics,Houston Astros,2026-09-25T01:38:37.313813+00:00,2026-09-25T18:48:21.046167+00:00,2026-09-25T14:48:21.046167-04:00,2026-09-25T14:48:21.046167-04:00,propline_free_sample
2026-09-24,2026-09-25 01:40:00+00:00,Peter Lambert,4.5,over,-3233,kalshi,225822,Athletics,Houston Astros,2026-09-25T01:05:18.396134+00:00,2026-09-25T18:48:21.046167+00:00,2026-09-25T14:48:21.046167-04:00,2026-09-25T14:48:21.046167-04:00,propline_free_sample
2026-09-24,2026-09-25 01:40:00+00:00,Peter Lambert,4.5,under,9900,kalshi,225822,Athletics,Houston Astros,2026-09-24T23:59:41.677218+00:00,2026-09-25T18:48:21.046167+00:00,2026-09-25T14:48:21.046167-04:00,2026-09-25T14:48:21.046167-04:00,propline_free_sample
2026-09-24,2026-09-25 01:40:00+00:00,Grayson Rodriguez,8.5,over,9900,kalshi,225823,Seattle Mariners,Los Angeles Angels,2026-09-24T14:00:09.972724+00:00,2026-09-25T18:48:21.046167+00:00,2026-09-25T14:48:21.046167-04:00,2026-09-25T14:48:21.046167-04:00,propline_free_sample
2026-09-24,2026-09-25 01:40:00+00:00,Bryan Woo,8.5,under,-1900,kalshi,225823,Seattle Mariners,Los Angeles Angels,2026-09-24T23:05:32.906940+00:00,2026-09-25T18:48:21.046167+00:00,2026-09-25T14:48:21.046167-04:00,2026-09-25T14:48:21.046167-04:00,propline_free_sample
2026-09-24,2026-09-25 01:40:00+00:00,Bryan Woo,10.5,over,9900,kalshi,225823,Seattle Mariners,Los Angeles Angels,2026-09-25T00:48:43.093851+00:00,2026-09-25T18:48:21.046167+00:00,2026-09-25T14:48:21.046167-04:00,2026-09-25T14:48:21.046167-04:00,propline_free_sample
2026-09-24,2026-09-25 01:40:00+00:00,Bryan Woo,11.5,over,9900,kalshi,225823,Seattle Mariners,Los Angeles Angels,2026-09-25T01:25:44.405136+00:00,2026-09-25T18:48:21.046167+00:00,2026-09-25T14:48:21.046167-04:00,2026-09-25T14:48:21.046167-04:00,propline_free_sample
2026-09-24,2026-09-25 01:40:00+00:00,Grayson Rodriguez,2.5,over,9900,kalshi,225823,Seattle Mariners,Los Angeles Angels,2026-09-25T01:37:17.406603+00:00,2026-09-25T18:48:21.046167+00:00,2026-09-25T14:48:21.046167-04:00,2026-09-25T14:48:21.046167-04:00,propline_free_sample
2026-09-24,2026-09-25 01:40:00+00:00,Grayson Rodriguez,2.5,under,-1900,kalshi,225823,Seattle Mariners,Los Angeles Angels,2026-09-25T01:35:04.456045+00:00,2026-09-25T18:48:21.046167+00:00,2026-09-25T14:48:21.046167-04:00,2026-09-25T14:48:21.046167-04:00,propline_free_sample
2026-09-24,2026-09-25 01:40:00+00:00,Bryan Woo,3.5,over,-3233,kalshi,225823,Seattle Mariners,Los Angeles Angels,2026-09-24T23:46:50.704689+00:00,2026-09-25T18:48:21.046167+00:00,2026-09-25T14:48:21.046167-04:00,2026-09-25T14:48:21.046167-04:00,propline_free_sample
2026-09-24,2026-09-25 01:40:00+00:00,Grayson Rodriguez,3.5,over,9900,kalshi,225823,Seattle Mariners,Los Angeles Angels,2026-09-24T18:47:00.235035+00:00,2026-09-25T18:48:21.046167+00:00,2026-09-25T14:48:21.046167-04:00,2026-09-25T14:48:21.046167-04:00,propline_free_sample
2026-09-24,2026-09-25 01:40:00+00:00,Bryan Woo,3.5,under,9900,kalshi,225823,Seattle Mariners,Los Angeles Angels,2026-09-25T01:35:04.456045+00:00,2026-09-25T18:48:21.046167+00:00,2026-09-25T14:48:21.046167-04:00,2026-09-25T14:48:21.046167-04:00,propline_free_sample
2026-09-24,2026-09-25 01:40:00+00:00,Grayson Rodriguez,3.5,under,-1900,kalshi,225823,Seattle Mariners,Los Angeles Angels,2026-09-25T01:35:08.375858+00:00,2026-09-25T18:48:21.046167+00:00,2026-09-25T14:48:21.046167-04:00,2026-09-25T14:48:21.046167-04:00,propline_free_sample
2026-09-24,2026-09-25 01:40:00+00:00,Bryan Woo,4.5,over,-3233,kalshi,225823,Seattle Mariners,Los Angeles Angels,2026-09-25T01:35:04.456045+00:00,2026-09-25T18:48:21.046167+00:00,2026-09-25T14:48:21.046167-04:00,2026-09-25T14:48:21.046167-04:00,propline_free_sample
2026-09-24,2026-09-25 01:40:00+00:00,Grayson Rodriguez,4.5,over,9900,kalshi,225823,Seattle Mariners,Los Angeles Angels,2026-09-25T01:39:22.614939+00:00,2026-09-25T18:48:21.046167+00:00,2026-09-25T14:48:21.046167-04:00,2026-09-25T14:48:21.046167-04:00,propline_free_sample
2026-09-24,2026-09-25 01:40:00+00:00,Bryan Woo,4.5,under,9900,kalshi,225823,Seattle Mariners,Los Angeles Angels,2026-09-25T01:36:52.556966+00:00,2026-09-25T18:48:21.046167+00:00,2026-09-25T14:48:21.046167-04:00,2026-09-25T14:48:21.046167-04:00,propline_free_sample
2026-09-24,2026-09-25 01:40:00+00:00,Grayson Rodriguez,4.5,under,-1900,kalshi,225823,Seattle Mariners,Los Angeles Angels,2026-09-25T01:25:44.405136+00:00,2026-09-25T18:48:21.046167+00:00,2026-09-25T14:48:21.046167-04:00,2026-09-25T14:48:21.046167-04:00,propline_free_sample
2026-09-24,2026-09-25 01:40:00+00:00,Bryan Woo,5.5,over,-3233,kalshi,225823,Seattle Mariners,Los Angeles Angels,2026-09-24T23:07:25.569708+00:00,2026-09-25T18:48:21.046167+00:00,2026-09-25T14:48:21.046167-04:00,2026-09-25T14:48:21.046167-04:00,propline_free_sample
2026-09-24,2026-09-25 01:40:00+00:00,Grayson Rodriguez,5.5,over,9900,kalshi,225823,Seattle Mariners,Los Angeles Angels,2026-09-25T01:02:32.674144+00:00,2026-09-25T18:48:21.046167+00:00,2026-09-25T14:48:21.046167-04:00,2026-09-25T14:48:21.046167-04:00,propline_free_sample
2026-09-24,2026-09-25 01:40:00+00:00,Bryan Woo,5.5,under,9900,kalshi,225823,Seattle Mariners,Los Angeles Angels,2026-09-25T01:35:04.456045+00:00,2026-09-25T18:48:21.046167+00:00,2026-09-25T14:48:21.046167-04:00,2026-09-25T14:48:21.046167-04:00,propline_free_sample
2026-09-24,2026-09-25 01:40:00+00:00,Grayson Rodriguez,5.5,under,-1011,kalshi,225823,Seattle Mariners,Los Angeles Angels,2026-09-25T01:35:04.456045+00:00,2026-09-25T18:48:21.046167+00:00,2026-09-25T14:48:21.046167-04:00,2026-09-25T14:48:21.046167-04:00,propline_free_sample
2026-09-24,2026-09-25 01:40:00+00:00,Bryan Woo,6.5,over,-3233,kalshi,225823,Seattle Mariners,Los Angeles Angels,2026-09-24T23:09:14.575899+00:00,2026-09-25T18:48:21.046167+00:00,2026-09-25T14:48:21.046167-04:00,2026-09-25T14:48:21.046167-04:00,propline_free_sample
2026-09-24,2026-09-25 01:40:00+00:00,Grayson Rodriguez,6.5,over,9900,kalshi,225823,Seattle Mariners,Los Angeles Angels,2026-09-25T01:30:45.115724+00:00,2026-09-25T18:48:21.046167+00:00,2026-09-25T14:48:21.046167-04:00,2026-09-25T14:48:21.046167-04:00,propline_free_sample
2026-09-24,2026-09-25 01:40:00+00:00,Bryan Woo,6.5,under,9900,kalshi,225823,Seattle Mariners,Los Angeles Angels,2026-09-25T01:36:52.556966+00:00,2026-09-25T18:48:21.046167+00:00,2026-09-25T14:48:21.046167-04:00,2026-09-25T14:48:21.046167-04:00,propline_free_sample
2026-09-24,2026-09-25 01:40:00+00:00,Grayson Rodriguez,6.5,under,-1900,kalshi,225823,Seattle Mariners,Los Angeles Angels,2026-09-25T01:36:52.556966+00:00,2026-09-25T18:48:21.046167+00:00,2026-09-25T14:48:21.046167-04:00,2026-09-25T14:48:21.046167-04:00,propline_free_sample
2026-09-24,2026-09-25 01:40:00+00:00,Bryan Woo,7.5,over,-2400,kalshi,225823,Seattle Mariners,Los Angeles Angels,2026-09-25T01:37:55.354122+00:00,2026-09-25T18:48:21.046167+00:00,2026-09-25T14:48:21.046167-04:00,2026-09-25T14:48:21.046167-04:00,propline_free_sample
2026-09-24,2026-09-25 01:40:00+00:00,Grayson Rodriguez,7.5,over,9900,kalshi,225823,Seattle Mariners,Los Angeles Angels,2026-09-25T01:09:45.111778+00:00,2026-09-25T18:48:21.046167+00:00,2026-09-25T14:48:21.046167-04:00,2026-09-25T14:48:21.046167-04:00,propline_free_sample
2026-09-24,2026-09-25 01:40:00+00:00,Bryan Woo,7.5,under,9900,kalshi,225823,Seattle Mariners,Los Angeles Angels,2026-09-25T01:38:47.789624+00:00,2026-09-25T18:48:21.046167+00:00,2026-09-25T14:48:21.046167-04:00,2026-09-25T14:48:21.046167-04:00,propline_free_sample
2026-09-24,2026-09-25 01:40:00+00:00,Grayson Rodriguez,7.5,under,-1900,kalshi,225823,Seattle Mariners,Los Angeles Angels,2026-09-25T01:35:04.456045+00:00,2026-09-25T18:48:21.046167+00:00,2026-09-25T14:48:21.046167-04:00,2026-09-25T14:48:21.046167-04:00,propline_free_sample
2026-09-24,2026-09-25 01:40:00+00:00,Bryan Woo,9.5,over,9900,kalshi,225823,Seattle Mariners,Los Angeles Angels,2026-09-25T00:30:40.970674+00:00,2026-09-25T18:48:21.046167+00:00,2026-09-25T14:48:21.046167-04:00,2026-09-25T14:48:21.046167-04:00,propline_free_sample
2026-09-24,2026-09-25 01:40:00+00:00,Bryan Woo,9.5,under,-4900,kalshi,225823,Seattle Mariners,Los Angeles Angels,2026-09-25T01:35:04.456045+00:00,2026-09-25T18:48:21.046167+00:00,2026-09-25T14:48:21.046167-04:00,2026-09-25T14:48:21.046167-04:00,propline_free_sample
2026-09-24,2026-09-25 01:40:00+00:00,Peter Lambert,3.5,under,9900,kalshi,225822,Athletics,Houston Astros,2026-09-25T01:39:43.875259+00:00,2026-09-25T18:48:21.046167+00:00,2026-09-25T14:48:21.046167-04:00,2026-09-25T14:48:21.046167-04:00,propline_free_sample
2026-09-24,2026-09-25 01:40:00+00:00,Peter Lambert,1.5,over,-3233,kalshi,225822,Athletics,Houston Astros,2026-09-25T01:39:39.369832+00:00,2026-09-25T18:48:21.046167+00:00,2026-09-25T14:48:21.046167-04:00,2026-09-25T14:48:21.046167-04:00,propline_free_sample
2026-09-24,2026-09-25 01:40:00+00:00,Peter Lambert,1.5,under,9900,kalshi,225822,Athletics,Houston Astros,2026-09-25T01:35:04.222647+00:00,2026-09-25T18:48:21.046167+00:00,2026-09-25T14:48:21.046167-04:00,2026-09-25T14:48:21.046167-04:00,propline_free_sample
2026-09-24,2026-09-25 01:40:00+00:00,Peter Lambert,7.5,over,9900,kalshi,225822,Athletics,Houston Astros,2026-09-25T01:14:54.192479+00:00,2026-09-25T18:48:21.046167+00:00,2026-09-25T14:48:21.046167-04:00,2026-09-25T14:48:21.046167-04:00,propline_free_sample
2026-09-24,2026-09-25 01:40:00+00:00,Grayson Rodriguez,7.5,over,9900,polymarket_us,225823,Seattle Mariners,Los Angeles Angels,2026-09-25T01:32:12.815231+00:00,2026-09-25T18:48:21.046167+00:00,2026-09-25T14:48:21.046167-04:00,2026-09-25T14:48:21.046167-04:00,propline_free_sample
2026-09-24,2026-09-25 01:40:00+00:00,Bryan Woo,13.5,over,4000,hardrock,225823,Seattle Mariners,Los Angeles Angels,2026-09-24T09:01:47.473063+00:00,2026-09-25T18:48:21.046167+00:00,2026-09-25T14:48:21.046167-04:00,2026-09-25T14:48:21.046167-04:00,propline_free_sample
2026-09-24,2026-09-25 01:40:00+00:00,Bryan Woo,13.5,under,-50000,hardrock,225823,Seattle Mariners,Los Angeles Angels,2026-09-24T09:01:47.473063+00:00,2026-09-25T18:48:21.046167+00:00,2026-09-25T14:48:21.046167-04:00,2026-09-25T14:48:21.046167-04:00,propline_free_sample
2026-09-24,2026-09-25 01:40:00+00:00,Mason Barnett (ATH),4.5,over,-120,bovada,225822,Athletics,Houston Astros,2026-09-24T09:02:21.941459+00:00,2026-09-25T18:48:21.046167+00:00,2026-09-25T14:48:21.046167-04:00,2026-09-25T14:48:21.046167-04:00,propline_free_sample
2026-09-24,2026-09-25 01:40:00+00:00,Mason Barnett (ATH),4.5,under,-110,bovada,225822,Athletics,Houston Astros,2026-09-24T09:02:21.941459+00:00,2026-09-25T18:48:21.046167+00:00,2026-09-25T14:48:21.046167-04:00,2026-09-25T14:48:21.046167-04:00,propline_free_sample
2026-09-24,2026-09-25 01:40:00+00:00,Peter Lambert,4.5,over,-1150,polymarket_us,225822,Athletics,Houston Astros,2026-09-25T01:26:20.701634+00:00,2026-09-25T18:48:21.046167+00:00,2026-09-25T14:48:21.046167-04:00,2026-09-25T14:48:21.046167-04:00,propline_free_sample
2026-09-24,2026-09-25 01:40:00+00:00,Peter Lambert,4.5,under,9900,polymarket_us,225822,Athletics,Houston Astros,2026-09-25T01:38:07.247172+00:00,2026-09-25T18:48:21.046167+00:00,2026-09-25T14:48:21.046167-04:00,2026-09-25T14:48:21.046167-04:00,propline_free_sample
2026-09-24,2026-09-25 01:40:00+00:00,Grayson Rodriguez,4.5,over,-163,rebet,225823,Seattle Mariners,Los Angeles Angels,2026-09-25T00:58:30.657649+00:00,2026-09-25T18:48:21.046167+00:00,2026-09-25T14:48:21.046167-04:00,2026-09-25T14:48:21.046167-04:00,propline_free_sample
2026-09-24,2026-09-25 01:40:00+00:00,Grayson Rodriguez,4.5,under,117,rebet,225823,Seattle Mariners,Los Angeles Angels,2026-09-25T00:58:30.657649+00:00,2026-09-25T18:48:21.046167+00:00,2026-09-25T14:48:21.046167-04:00,2026-09-25T14:48:21.046167-04:00,propline_free_sample
2026-09-24,2026-09-25 01:40:00+00:00,Bryan Woo,6.5,over,-160,rebet,225823,Seattle Mariners,Los Angeles Angels,2026-09-24T22:59:51.908810+00:00,2026-09-25T18:48:21.046167+00:00,2026-09-25T14:48:21.046167-04:00,2026-09-25T14:48:21.046167-04:00,propline_free_sample
2026-09-24,2026-09-25 01:40:00+00:00,Bryan Woo,6.5,under,116,rebet,225823,Seattle Mariners,Los Angeles Angels,2026-09-24T22:59:51.908810+00:00,2026-09-25T18:48:21.046167+00:00,2026-09-25T14:48:21.046167-04:00,2026-09-25T14:48:21.046167-04:00,propline_free_sample
2026-09-24,2026-09-25 01:40:00+00:00,Mason Barnett,3.5,over,-116,rebet,225822,Athletics,Houston Astros,2026-09-25T00:58:30.994436+00:00,2026-09-25T18:48:21.046167+00:00,2026-09-25T14:48:21.046167-04:00,2026-09-25T14:48:21.046167-04:00,propline_free_sample
2026-09-24,2026-09-25 01:40:00+00:00,Mason Barnett,3.5,under,-119,rebet,225822,Athletics,Houston Astros,2026-09-25T00:58:30.994436+00:00,2026-09-25T18:48:21.046167+00:00,2026-09-25T14:48:21.046167-04:00,2026-09-25T14:48:21.046167-04:00,propline_free_sample
2026-09-24,2026-09-25 01:40:00+00:00,Peter Lambert,4.5,over,100,rebet,225822,Athletics,Houston Astros,2026-09-24T23:59:02.576158+00:00,2026-09-25T18:48:21.046167+00:00,2026-09-25T14:48:21.046167-04:00,2026-09-25T14:48:21.046167-04:00,propline_free_sample
2026-09-24,2026-09-25 01:40:00+00:00,Peter Lambert,4.5,under,-138,rebet,225822,Athletics,Houston Astros,2026-09-24T23:59:02.576158+00:00,2026-09-25T18:48:21.046167+00:00,2026-09-25T14:48:21.046167-04:00,2026-09-25T14:48:21.046167-04:00,propline_free_sample
2026-09-24,2026-09-25 01:40:00+00:00,Mason Barnett,8.5,over,100,prizepicks,225822,Athletics,Houston Astros,2026-09-24T09:21:33.489918+00:00,2026-09-25T18:48:21.046167+00:00,2026-09-25T14:48:21.046167-04:00,2026-09-25T14:48:21.046167-04:00,propline_free_sample
2026-09-24,2026-09-25 01:40:00+00:00,Peter Lambert,3.5,over,-300,polymarket_us,225822,Athletics,Houston Astros,2026-09-25T01:34:29.969611+00:00,2026-09-25T18:48:21.046167+00:00,2026-09-25T14:48:21.046167-04:00,2026-09-25T14:48:21.046167-04:00,propline_free_sample
2026-09-24,2026-09-25 01:40:00+00:00,Mason Barnett,3.5,over,100,betmgm,225822,Athletics,Houston Astros,2026-09-24T22:33:43.126071+00:00,2026-09-25T18:48:21.046167+00:00,2026-09-25T14:48:21.046167-04:00,2026-09-25T14:48:21.046167-04:00,propline_free_sample
2026-09-24,2026-09-25 01:40:00+00:00,Mason Barnett,3.5,under,-135,betmgm,225822,Athletics,Houston Astros,2026-09-24T22:33:43.126071+00:00,2026-09-25T18:48:21.046167+00:00,2026-09-25T14:48:21.046167-04:00,2026-09-25T14:48:21.046167-04:00,propline_free_sample
2026-09-24,2026-09-25 01:40:00+00:00,Peter Lambert,4.5,over,110,betmgm,225822,Athletics,Houston Astros,2026-09-24T21:04:03.302295+00:00,2026-09-25T18:48:21.046167+00:00,2026-09-25T14:48:21.046167-04:00,2026-09-25T14:48:21.046167-04:00,propline_free_sample
2026-09-24,2026-09-25 01:40:00+00:00,Peter Lambert,4.5,under,-155,betmgm,225822,Athletics,Houston Astros,2026-09-24T21:04:03.302295+00:00,2026-09-25T18:48:21.046167+00:00,2026-09-25T14:48:21.046167-04:00,2026-09-25T14:48:21.046167-04:00,propline_free_sample
2026-09-24,2026-09-25 01:40:00+00:00,Bryan Woo,6.5,over,-115,betmgm,225823,Seattle Mariners,Los Angeles Angels,2026-09-24T23:08:45.341586+00:00,2026-09-25T18:48:21.046167+00:00,2026-09-25T14:48:21.046167-04:00,2026-09-25T14:48:21.046167-04:00,propline_free_sample
2026-09-24,2026-09-25 01:40:00+00:00,Bryan Woo,6.5,under,-115,betmgm,225823,Seattle Mariners,Los Angeles Angels,2026-09-24T23:08:45.341586+00:00,2026-09-25T18:48:21.046167+00:00,2026-09-25T14:48:21.046167-04:00,2026-09-25T14:48:21.046167-04:00,propline_free_sample
2026-09-24,2026-09-25 01:40:00+00:00,Grayson Rodriguez,2.5,over,105,betmgm,225823,Seattle Mariners,Los Angeles Angels,2026-09-24T19:14:38.005580+00:00,2026-09-25T18:48:21.046167+00:00,2026-09-25T14:48:21.046167-04:00,2026-09-25T14:48:21.046167-04:00,propline_free_sample
2026-09-24,2026-09-25 01:40:00+00:00,Grayson Rodriguez,2.5,under,-145,betmgm,225823,Seattle Mariners,Los Angeles Angels,2026-09-24T19:14:38.005580+00:00,2026-09-25T18:48:21.046167+00:00,2026-09-25T14:48:21.046167-04:00,2026-09-25T14:48:21.046167-04:00,propline_free_sample
2026-09-24,2026-09-25 01:40:00+00:00,Peter Lambert,6.5,over,-175,parlayplay,225822,Athletics,Houston Astros,2026-09-25T01:19:11.357530+00:00,2026-09-25T18:48:21.046167+00:00,2026-09-25T14:48:21.046167-04:00,2026-09-25T14:48:21.046167-04:00,propline_free_sample
2026-09-24,2026-09-25 01:40:00+00:00,Peter Lambert,6.5,under,101,parlayplay,225822,Athletics,Houston Astros,2026-09-25T01:19:11.357530+00:00,2026-09-25T18:48:21.046167+00:00,2026-09-25T14:48:21.046167-04:00,2026-09-25T14:48:21.046167-04:00,propline_free_sample
2026-09-24,2026-09-25 01:40:00+00:00,Bryan Woo,4.5,over,-809,polymarket_us,225823,Seattle Mariners,Los Angeles Angels,2026-09-25T01:32:12.815231+00:00,2026-09-25T18:48:21.046167+00:00,2026-09-25T14:48:21.046167-04:00,2026-09-25T14:48:21.046167-04:00,propline_free_sample
2026-09-24,2026-09-25 01:40:00+00:00,Bryan Woo,4.5,under,9900,polymarket_us,225823,Seattle Mariners,Los Angeles Angels,2026-09-25T01:36:06.642892+00:00,2026-09-25T18:48:21.046167+00:00,2026-09-25T14:48:21.046167-04:00,2026-09-25T14:48:21.046167-04:00,propline_free_sample
2026-09-24,2026-09-25 01:40:00+00:00,Mason Barnett,3.5,over,-140,onexbet,225822,Athletics,Houston Astros,2026-09-25T00:56:50.503822+00:00,2026-09-25T18:48:21.046167+00:00,2026-09-25T14:48:21.046167-04:00,2026-09-25T14:48:21.046167-04:00,propline_free_sample
2026-09-24,2026-09-25 01:40:00+00:00,Mason Barnett,3.5,under,105,onexbet,225822,Athletics,Houston Astros,2026-09-25T00:56:50.503822+00:00,2026-09-25T18:48:21.046167+00:00,2026-09-25T14:48:21.046167-04:00,2026-09-25T14:48:21.046167-04:00,propline_free_sample
2026-09-24,2026-09-25 01:40:00+00:00,Bryan Woo,10.5,under,-9900,kalshi,225823,Seattle Mariners,Los Angeles Angels,2026-09-25T01:35:04.456045+00:00,2026-09-25T18:48:21.046167+00:00,2026-09-25T14:48:21.046167-04:00,2026-09-25T14:48:21.046167-04:00,propline_free_sample
2026-09-24,2026-09-25 01:40:00+00:00,Bryan Woo,7.5,over,105,courtside,225823,Seattle Mariners,Los Angeles Angels,2026-09-24T23:10:58.767793+00:00,2026-09-25T18:48:21.046167+00:00,2026-09-25T14:48:21.046167-04:00,2026-09-25T14:48:21.046167-04:00,propline_free_sample
2026-09-24,2026-09-25 01:40:00+00:00,Bryan Woo,7.5,under,-145,courtside,225823,Seattle Mariners,Los Angeles Angels,2026-09-24T23:10:58.767793+00:00,2026-09-25T18:48:21.046167+00:00,2026-09-25T14:48:21.046167-04:00,2026-09-25T14:48:21.046167-04:00,propline_free_sample
2026-09-24,2026-09-25 01:40:00+00:00,Grayson Rodriguez,4.5,over,100,prizepicks,225823,Seattle Mariners,Los Angeles Angels,2026-09-24T11:40:22.417563+00:00,2026-09-25T18:48:21.046167+00:00,2026-09-25T14:48:21.046167-04:00,2026-09-25T14:48:21.046167-04:00,propline_free_sample
2026-09-24,2026-09-25 01:40:00+00:00,Grayson Rodriguez,4.5,under,100,prizepicks,225823,Seattle Mariners,Los Angeles Angels,2026-09-24T11:40:22.417563+00:00,2026-09-25T18:48:21.046167+00:00,2026-09-25T14:48:21.046167-04:00,2026-09-25T14:48:21.046167-04:00,propline_free_sample
2026-09-24,2026-09-25 01:40:00+00:00,Bryan Woo,7.0,over,100,prizepicks,225823,Seattle Mariners,Los Angeles Angels,2026-09-24T12:20:38.473746+00:00,2026-09-25T18:48:21.046167+00:00,2026-09-25T14:48:21.046167-04:00,2026-09-25T14:48:21.046167-04:00,propline_free_sample
2026-09-24,2026-09-25 01:40:00+00:00,Bryan Woo,7.0,over,119,prophetx,225823,Seattle Mariners,Los Angeles Angels,2026-09-25T01:38:06.621696+00:00,2026-09-25T18:48:21.046167+00:00,2026-09-25T14:48:21.046167-04:00,2026-09-25T14:48:21.046167-04:00,propline_free_sample
2026-09-24,2026-09-25 01:40:00+00:00,Bryan Woo,7.0,under,-390,prophetx,225823,Seattle Mariners,Los Angeles Angels,2026-09-24T23:40:13.127532+00:00,2026-09-25T18:48:21.046167+00:00,2026-09-25T14:48:21.046167-04:00,2026-09-25T14:48:21.046167-04:00,propline_free_sample
2026-09-24,2026-09-25 01:40:00+00:00,Peter Lambert,6.5,over,9900,polymarket_us,225822,Athletics,Houston Astros,2026-09-24T23:53:44.708933+00:00,2026-09-25T18:48:21.046167+00:00,2026-09-25T14:48:21.046167-04:00,2026-09-25T14:48:21.046167-04:00,propline_free_sample
2026-09-24,2026-09-25 01:40:00+00:00,Peter Lambert,6.5,under,-127,polymarket_us,225822,Athletics,Houston Astros,2026-09-24T20:57:33.483666+00:00,2026-09-25T18:48:21.046167+00:00,2026-09-25T14:48:21.046167-04:00,2026-09-25T14:48:21.046167-04:00,propline_free_sample
2026-09-24,2026-09-25 01:40:00+00:00,Grayson Rodriguez,10.5,over,4000,hardrock,225823,Seattle Mariners,Los Angeles Angels,2026-09-24T12:57:13.082362+00:00,2026-09-25T18:48:21.046167+00:00,2026-09-25T14:48:21.046167-04:00,2026-09-25T14:48:21.046167-04:00,propline_free_sample
2026-09-24,2026-09-25 01:40:00+00:00,Grayson Rodriguez,10.5,under,-50000,hardrock,225823,Seattle Mariners,Los Angeles Angels,2026-09-24T12:57:13.082362+00:00,2026-09-25T18:48:21.046167+00:00,2026-09-25T14:48:21.046167-04:00,2026-09-25T14:48:21.046167-04:00,propline_free_sample
2026-09-24,2026-09-25 01:40:00+00:00,Grayson Rodriguez,7.5,under,-1900,polymarket_us,225823,Seattle Mariners,Los Angeles Angels,2026-09-25T01:38:06.578988+00:00,2026-09-25T18:48:21.046167+00:00,2026-09-25T14:48:21.046167-04:00,2026-09-25T14:48:21.046167-04:00,propline_free_sample
2026-09-24,2026-09-25 01:40:00+00:00,Peter Lambert,3.5,over,-230,prophetx,225822,Athletics,Houston Astros,2026-09-25T01:36:04.687610+00:00,2026-09-25T18:48:21.046167+00:00,2026-09-25T14:48:21.046167-04:00,2026-09-25T14:48:21.046167-04:00,propline_free_sample
2026-09-24,2026-09-25 01:40:00+00:00,Peter Lambert,4.5,over,132,prophetx,225822,Athletics,Houston Astros,2026-09-25T01:08:09.873006+00:00,2026-09-25T18:48:21.046167+00:00,2026-09-25T14:48:21.046167-04:00,2026-09-25T14:48:21.046167-04:00,propline_free_sample
2026-09-24,2026-09-25 01:40:00+00:00,Peter Lambert,4.5,under,-144,prophetx,225822,Athletics,Houston Astros,2026-09-24T22:38:22.233571+00:00,2026-09-25T18:48:21.046167+00:00,2026-09-25T14:48:21.046167-04:00,2026-09-25T14:48:21.046167-04:00,propline_free_sample
2026-09-24,2026-09-25 01:40:00+00:00,Grayson Rodriguez,8.5,under,-9900,kalshi,225823,Seattle Mariners,Los Angeles Angels,2026-09-25T01:37:17.406603+00:00,2026-09-25T18:48:21.046167+00:00,2026-09-25T14:48:21.046167-04:00,2026-09-25T14:48:21.046167-04:00,propline_free_sample
2026-09-24,2026-09-25 01:40:00+00:00,Peter Lambert,7.5,under,-2400,kalshi,225822,Athletics,Houston Astros,2026-09-25T01:39:54.346283+00:00,2026-09-25T18:48:21.046167+00:00,2026-09-25T14:48:21.046167-04:00,2026-09-25T14:48:21.046167-04:00,propline_free_sample
2026-09-24,2026-09-25 01:40:00+00:00,Mason Barnett,3.5,over,-109,prophetx,225822,Athletics,Houston Astros,2026-09-25T01:38:06.227981+00:00,2026-09-25T18:48:21.046167+00:00,2026-09-25T14:48:21.046167-04:00,2026-09-25T14:48:21.046167-04:00,propline_free_sample
2026-09-24,2026-09-25 01:40:00+00:00,Mason Barnett,3.5,under,100,prophetx,225822,Athletics,Houston Astros,2026-09-25T00:28:37.025434+00:00,2026-09-25T18:48:21.046167+00:00,2026-09-25T14:48:21.046167-04:00,2026-09-25T14:48:21.046167-04:00,propline_free_sample
2026-09-24,2026-09-25 01:40:00+00:00,Peter Lambert,4.5,over,118,pinnacle,225822,Athletics,Houston Astros,2026-09-25T00:06:01.644767+00:00,2026-09-25T18:48:21.046167+00:00,2026-09-25T14:48:21.046167-04:00,2026-09-25T14:48:21.046167-04:00,propline_free_sample
2026-09-24,2026-09-25 01:40:00+00:00,Peter Lambert,4.5,under,-158,pinnacle,225822,Athletics,Houston Astros,2026-09-25T00:06:01.644767+00:00,2026-09-25T18:48:21.046167+00:00,2026-09-25T14:48:21.046167-04:00,2026-09-25T14:48:21.046167-04:00,propline_free_sample
2026-09-24,2026-09-25 01:40:00+00:00,Bryan Woo,6.5,over,-151,pinnacle,225823,Seattle Mariners,Los Angeles Angels,2026-09-24T22:27:14.818108+00:00,2026-09-25T18:48:21.046167+00:00,2026-09-25T14:48:21.046167-04:00,2026-09-25T14:48:21.046167-04:00,propline_free_sample
2026-09-24,2026-09-25 01:40:00+00:00,Bryan Woo,6.5,under,114,pinnacle,225823,Seattle Mariners,Los Angeles Angels,2026-09-24T22:27:14.818108+00:00,2026-09-25T18:48:21.046167+00:00,2026-09-25T14:48:21.046167-04:00,2026-09-25T14:48:21.046167-04:00,propline_free_sample
2026-09-24,2026-09-25 01:40:00+00:00,Grayson Rodriguez,4.5,over,-176,pinnacle,225823,Seattle Mariners,Los Angeles Angels,2026-09-25T00:44:40.303377+00:00,2026-09-25T18:48:21.046167+00:00,2026-09-25T14:48:21.046167-04:00,2026-09-25T14:48:21.046167-04:00,propline_free_sample
2026-09-24,2026-09-25 01:40:00+00:00,Grayson Rodriguez,4.5,under,132,pinnacle,225823,Seattle Mariners,Los Angeles Angels,2026-09-25T00:44:40.303377+00:00,2026-09-25T18:48:21.046167+00:00,2026-09-25T14:48:21.046167-04:00,2026-09-25T14:48:21.046167-04:00,propline_free_sample
2026-09-24,2026-09-25 01:40:00+00:00,Peter Lambert,4.0,over,121,prophetx,225822,Athletics,Houston Astros,2026-09-24T14:41:42.572194+00:00,2026-09-25T18:48:21.046167+00:00,2026-09-25T14:48:21.046167-04:00,2026-09-25T14:48:21.046167-04:00,propline_free_sample
2026-09-24,2026-09-25 01:40:00+00:00,Peter Lambert,4.0,under,-121,prophetx,225822,Athletics,Houston Astros,2026-09-24T22:15:33.554529+00:00,2026-09-25T18:48:21.046167+00:00,2026-09-25T14:48:21.046167-04:00,2026-09-25T14:48:21.046167-04:00,propline_free_sample
2026-09-24,2026-09-25 01:40:00+00:00,Grayson Rodriguez,6.5,under,-1900,polymarket_us,225823,Seattle Mariners,Los Angeles Angels,2026-09-25T01:38:06.578988+00:00,2026-09-25T18:48:21.046167+00:00,2026-09-25T14:48:21.046167-04:00,2026-09-25T14:48:21.046167-04:00,propline_free_sample
2026-09-24,2026-09-25 01:40:00+00:00,Bryan Woo,7.5,under,9900,polymarket_us,225823,Seattle Mariners,Los Angeles Angels,2026-09-25T01:17:09.966084+00:00,2026-09-25T18:48:21.046167+00:00,2026-09-25T14:48:21.046167-04:00,2026-09-25T14:48:21.046167-04:00,propline_free_sample
2026-09-24,2026-09-25 01:40:00+00:00,Peter Lambert,3.5,under,9900,polymarket_us,225822,Athletics,Houston Astros,2026-09-25T01:34:29.969611+00:00,2026-09-25T18:48:21.046167+00:00,2026-09-25T14:48:21.046167-04:00,2026-09-25T14:48:21.046167-04:00,propline_free_sample
2026-09-24,2026-09-25 01:40:00+00:00,Mason Barnett,3.5,over,-107,draftkings,225822,Athletics,Houston Astros,2026-09-24T23:33:34.246287+00:00,2026-09-25T18:48:21.046167+00:00,2026-09-25T14:48:21.046167-04:00,2026-09-25T14:48:21.046167-04:00,propline_free_sample
2026-09-24,2026-09-25 01:40:00+00:00,Mason Barnett,3.5,under,-119,draftkings,225822,Athletics,Houston Astros,2026-09-24T23:33:34.246287+00:00,2026-09-25T18:48:21.046167+00:00,2026-09-25T14:48:21.046167-04:00,2026-09-25T14:48:21.046167-04:00,propline_free_sample
2026-09-24,2026-09-25 01:40:00+00:00,Mason Barnett,8.5,over,5000,hardrock,225822,Athletics,Houston Astros,2026-09-24T15:59:39.353076+00:00,2026-09-25T18:48:21.046167+00:00,2026-09-25T14:48:21.046167-04:00,2026-09-25T14:48:21.046167-04:00,propline_free_sample
2026-09-24,2026-09-25 01:40:00+00:00,Mason Barnett,8.5,under,-100000,hardrock,225822,Athletics,Houston Astros,2026-09-24T15:50:55.517101+00:00,2026-09-25T18:48:21.046167+00:00,2026-09-25T14:48:21.046167-04:00,2026-09-25T14:48:21.046167-04:00,propline_free_sample
2026-09-24,2026-09-25 01:40:00+00:00,Mason Barnett,3.5,over,-106,courtside,225822,Athletics,Houston Astros,2026-09-24T23:42:15.437844+00:00,2026-09-25T18:48:21.046167+00:00,2026-09-25T14:48:21.046167-04:00,2026-09-25T14:48:21.046167-04:00,propline_free_sample
2026-09-24,2026-09-25 01:40:00+00:00,Mason Barnett,3.5,under,-119,courtside,225822,Athletics,Houston Astros,2026-09-24T23:33:05.559102+00:00,2026-09-25T18:48:21.046167+00:00,2026-09-25T14:48:21.046167-04:00,2026-09-25T14:48:21.046167-04:00,propline_free_sample
2026-09-24,2026-09-25 01:40:00+00:00,Mason Barnett,5.5,over,-3233,kalshi,225822,Athletics,Houston Astros,2026-09-25T00:03:09.484449+00:00,2026-09-25T18:48:21.046167+00:00,2026-09-25T14:48:21.046167-04:00,2026-09-25T14:48:21.046167-04:00,propline_free_sample
2026-09-24,2026-09-25 01:40:00+00:00,Mason Barnett,6.5,over,-285,kalshi,225822,Athletics,Houston Astros,2026-09-25T00:13:49.606497+00:00,2026-09-25T18:48:21.046167+00:00,2026-09-25T14:48:21.046167-04:00,2026-09-25T14:48:21.046167-04:00,propline_free_sample
2026-09-24,2026-09-25 01:40:00+00:00,Mason Barnett,2.5,over,-3233,kalshi,225822,Athletics,Houston Astros,2026-09-25T01:37:17.787678+00:00,2026-09-25T18:48:21.046167+00:00,2026-09-25T14:48:21.046167-04:00,2026-09-25T14:48:21.046167-04:00,propline_free_sample
2026-09-24,2026-09-25 01:40:00+00:00,Mason Barnett,3.5,over,-3233,kalshi,225822,Athletics,Houston Astros,2026-09-25T00:02:52.463092+00:00,2026-09-25T18:48:21.046167+00:00,2026-09-25T14:48:21.046167-04:00,2026-09-25T14:48:21.046167-04:00,propline_free_sample
2026-09-24,2026-09-25 01:40:00+00:00,Mason Barnett,4.5,over,-300,kalshi,225822,Athletics,Houston Astros,2026-09-24T23:29:06.461716+00:00,2026-09-25T18:48:21.046167+00:00,2026-09-25T14:48:21.046167-04:00,2026-09-25T14:48:21.046167-04:00,propline_free_sample
2026-09-24,2026-09-25 01:40:00+00:00,Mason Barnett,1.5,over,-3233,kalshi,225822,Athletics,Houston Astros,2026-09-25T01:39:34.401562+00:00,2026-09-25T18:48:21.046167+00:00,2026-09-25T14:48:21.046167-04:00,2026-09-25T14:48:21.046167-04:00,propline_free_sample
2026-09-24,2026-09-25 01:40:00+00:00,Mason Barnett,7.5,over,233,kalshi,225822,Athletics,Houston Astros,2026-09-24T16:08:44.234001+00:00,2026-09-25T18:48:21.046167+00:00,2026-09-25T14:48:21.046167-04:00,2026-09-25T14:48:21.046167-04:00,propline_free_sample
2026-09-24,2026-09-25 01:40:00+00:00,Mason Barnett,5.5,under,9900,kalshi,225822,Athletics,Houston Astros,2026-09-24T23:23:45.831417+00:00,2026-09-25T18:48:21.046167+00:00,2026-09-25T14:48:21.046167-04:00,2026-09-25T14:48:21.046167-04:00,propline_free_sample
2026-09-24,2026-09-25 01:40:00+00:00,Mason Barnett,2.5,under,9900,kalshi,225822,Athletics,Houston Astros,2026-09-24T23:29:06.461716+00:00,2026-09-25T18:48:21.046167+00:00,2026-09-25T14:48:21.046167-04:00,2026-09-25T14:48:21.046167-04:00,propline_free_sample
2026-09-24,2026-09-25 01:40:00+00:00,Mason Barnett,3.5,under,9900,kalshi,225822,Athletics,Houston Astros,2026-09-25T00:02:52.463092+00:00,2026-09-25T18:48:21.046167+00:00,2026-09-25T14:48:21.046167-04:00,2026-09-25T14:48:21.046167-04:00,propline_free_sample
2026-09-24,2026-09-25 01:40:00+00:00,Mason Barnett,4.5,under,9900,kalshi,225822,Athletics,Houston Astros,2026-09-24T23:23:45.831417+00:00,2026-09-25T18:48:21.046167+00:00,2026-09-25T14:48:21.046167-04:00,2026-09-25T14:48:21.046167-04:00,propline_free_sample
2026-09-24,2026-09-25 01:40:00+00:00,Mason Barnett,1.5,under,9900,kalshi,225822,Athletics,Houston Astros,2026-09-25T01:37:17.787678+00:00,2026-09-25T18:48:21.046167+00:00,2026-09-25T14:48:21.046167-04:00,2026-09-25T14:48:21.046167-04:00,propline_free_sample
2026-09-24,2026-09-25 01:40:00+00:00,Mason Barnett,6.5,over,300,polymarket_us,225822,Athletics,Houston Astros,2026-09-25T00:05:22.044248+00:00,2026-09-25T18:48:21.046167+00:00,2026-09-25T14:48:21.046167-04:00,2026-09-25T14:48:21.046167-04:00,propline_free_sample
2026-09-24,2026-09-25 01:40:00+00:00,Grayson Rodriguez,2.5,under,-270,polymarket_us,225823,Seattle Mariners,Los Angeles Angels,2026-09-25T01:36:06.642892+00:00,2026-09-25T18:48:21.046167+00:00,2026-09-25T14:48:21.046167-04:00,2026-09-25T14:48:21.046167-04:00,propline_free_sample
2026-09-24,2026-09-25 01:40:00+00:00,Mason Barnett,7.5,over,150,polymarket_us,225822,Athletics,Houston Astros,2026-09-25T01:32:13.948979+00:00,2026-09-25T18:48:21.046167+00:00,2026-09-25T14:48:21.046167-04:00,2026-09-25T14:48:21.046167-04:00,propline_free_sample
2026-09-24,2026-09-25 01:40:00+00:00,Peter Lambert,7.5,under,-317,polymarket_us,225822,Athletics,Houston Astros,2026-09-25T01:38:07.247172+00:00,2026-09-25T18:48:21.046167+00:00,2026-09-25T14:48:21.046167-04:00,2026-09-25T14:48:21.046167-04:00,propline_free_sample
2026-09-24,2026-09-25 01:40:00+00:00,Mason Barnett,1.5,under,9900,polymarket_us,225822,Athletics,Houston Astros,2026-09-25T01:32:13.948979+00:00,2026-09-25T18:48:21.046167+00:00,2026-09-25T14:48:21.046167-04:00,2026-09-25T14:48:21.046167-04:00,propline_free_sample
2026-09-24,2026-09-25 01:40:00+00:00,Mason Barnett,6.5,under,9900,kalshi,225822,Athletics,Houston Astros,2026-09-25T01:39:34.401562+00:00,2026-09-25T18:48:21.046167+00:00,2026-09-25T14:48:21.046167-04:00,2026-09-25T14:48:21.046167-04:00,propline_free_sample
2026-09-24,2026-09-25 01:40:00+00:00,Grayson Rodriguez,2.5,over,9900,polymarket_us,225823,Seattle Mariners,Los Angeles Angels,2026-09-24T23:32:37.919747+00:00,2026-09-25T18:48:21.046167+00:00,2026-09-25T14:48:21.046167-04:00,2026-09-25T14:48:21.046167-04:00,propline_free_sample
2026-09-24,2026-09-25 01:40:00+00:00,Peter Lambert,2.5,under,9900,polymarket_us,225822,Athletics,Houston Astros,2026-09-25T01:36:06.916010+00:00,2026-09-25T18:48:21.046167+00:00,2026-09-25T14:48:21.046167-04:00,2026-09-25T14:48:21.046167-04:00,propline_free_sample
2026-09-24,2026-09-25 01:40:00+00:00,Mason Barnett,1.5,over,-733,polymarket_us,225822,Athletics,Houston Astros,2026-09-25T01:32:13.948979+00:00,2026-09-25T18:48:21.046167+00:00,2026-09-25T14:48:21.046167-04:00,2026-09-25T14:48:21.046167-04:00,propline_free_sample
2026-09-24,2026-09-25 01:40:00+00:00,Peter Lambert,1.5,under,9900,polymarket_us,225822,Athletics,Houston Astros,2026-09-25T01:38:07.247172+00:00,2026-09-25T18:48:21.046167+00:00,2026-09-25T14:48:21.046167-04:00,2026-09-25T14:48:21.046167-04:00,propline_free_sample
2026-09-24,2026-09-25 01:40:00+00:00,Peter Lambert,3.5,under,156,prophetx,225822,Athletics,Houston Astros,2026-09-25T00:11:41.788716+00:00,2026-09-25T18:48:21.046167+00:00,2026-09-25T14:48:21.046167-04:00,2026-09-25T14:48:21.046167-04:00,propline_free_sample
2026-09-24,2026-09-25 01:40:00+00:00,Peter Lambert,1.5,over,-1900,polymarket_us,225822,Athletics,Houston Astros,2026-09-25T01:32:13.948979+00:00,2026-09-25T18:48:21.046167+00:00,2026-09-25T14:48:21.046167-04:00,2026-09-25T14:48:21.046167-04:00,propline_free_sample
2026-09-24,2026-09-25 01:40:00+00:00,Mason Barnett,4.5,over,-119,parlayplay,225822,Athletics,Houston Astros,2026-09-24T23:40:40.700426+00:00,2026-09-25T18:48:21.046167+00:00,2026-09-25T14:48:21.046167-04:00,2026-09-25T14:48:21.046167-04:00,propline_free_sample
2026-09-24,2026-09-25 01:40:00+00:00,Mason Barnett,4.5,under,-135,parlayplay,225822,Athletics,Houston Astros,2026-09-24T23:32:58.117227+00:00,2026-09-25T18:48:21.046167+00:00,2026-09-25T14:48:21.046167-04:00,2026-09-25T14:48:21.046167-04:00,propline_free_sample
2026-09-24,2026-09-25 01:40:00+00:00,Mason Barnett,6.5,under,9900,polymarket_us,225822,Athletics,Houston Astros,2026-09-25T01:36:06.916010+00:00,2026-09-25T18:48:21.046167+00:00,2026-09-25T14:48:21.046167-04:00,2026-09-25T14:48:21.046167-04:00,propline_free_sample
2026-09-24,2026-09-25 01:40:00+00:00,Grayson Rodriguez,5.5,over,140,prophetx,225823,Seattle Mariners,Los Angeles Angels,2026-09-25T01:22:32.224617+00:00,2026-09-25T18:48:21.046167+00:00,2026-09-25T14:48:21.046167-04:00,2026-09-25T14:48:21.046167-04:00,propline_free_sample
2026-09-24,2026-09-25 01:40:00+00:00,Bryan Woo,11.5,under,-1567,kalshi,225823,Seattle Mariners,Los Angeles Angels,2026-09-25T01:36:35.185674+00:00,2026-09-25T18:48:21.046167+00:00,2026-09-25T14:48:21.046167-04:00,2026-09-25T14:48:21.046167-04:00,propline_free_sample
2026-09-24,2026-09-25 01:40:00+00:00,Mason Barnett,2.5,over,-245,novig,225822,Athletics,Houston Astros,2026-09-25T01:35:57.688594+00:00,2026-09-25T18:48:21.046167+00:00,2026-09-25T14:48:21.046167-04:00,2026-09-25T14:48:21.046167-04:00,propline_free_sample
2026-09-24,2026-09-25 01:40:00+00:00,Mason Barnett,2.5,under,113,novig,225822,Athletics,Houston Astros,2026-09-25T01:35:57.688594+00:00,2026-09-25T18:48:21.046167+00:00,2026-09-25T14:48:21.046167-04:00,2026-09-25T14:48:21.046167-04:00,propline_free_sample
2026-09-24,2026-09-25 01:40:00+00:00,Mason Barnett,3.5,over,-99900,novig,225822,Athletics,Houston Astros,2026-09-25T00:56:30.501608+00:00,2026-09-25T18:48:21.046167+00:00,2026-09-25T14:48:21.046167-04:00,2026-09-25T14:48:21.046167-04:00,propline_free_sample
2026-09-24,2026-09-25 01:40:00+00:00,Mason Barnett,3.5,under,-99900,novig,225822,Athletics,Houston Astros,2026-09-25T00:03:02.337039+00:00,2026-09-25T18:48:21.046167+00:00,2026-09-25T14:48:21.046167-04:00,2026-09-25T14:48:21.046167-04:00,propline_free_sample
2026-09-24,2026-09-25 01:40:00+00:00,Mason Barnett,4.5,over,-99900,novig,225822,Athletics,Houston Astros,2026-09-25T00:47:07.841494+00:00,2026-09-25T18:48:21.046167+00:00,2026-09-25T14:48:21.046167-04:00,2026-09-25T14:48:21.046167-04:00,propline_free_sample
2026-09-24,2026-09-25 01:40:00+00:00,Mason Barnett,4.5,under,-3126,novig,225822,Athletics,Houston Astros,2026-09-25T00:05:16.035715+00:00,2026-09-25T18:48:21.046167+00:00,2026-09-25T14:48:21.046167-04:00,2026-09-25T14:48:21.046167-04:00,propline_free_sample
2026-09-24,2026-09-25 01:40:00+00:00,Peter Lambert,2.5,over,-99900,novig,225822,Athletics,Houston Astros,2026-09-24T23:32:13.829034+00:00,2026-09-25T18:48:21.046167+00:00,2026-09-25T14:48:21.046167-04:00,2026-09-25T14:48:21.046167-04:00,propline_free_sample
2026-09-24,2026-09-25 01:40:00+00:00,Peter Lambert,2.5,under,-99900,novig,225822,Athletics,Houston Astros,2026-09-25T00:09:25.893640+00:00,2026-09-25T18:48:21.046167+00:00,2026-09-25T14:48:21.046167-04:00,2026-09-25T14:48:21.046167-04:00,propline_free_sample
2026-09-24,2026-09-25 01:40:00+00:00,Peter Lambert,3.5,over,-217,novig,225822,Athletics,Houston Astros,2026-09-25T01:35:57.688594+00:00,2026-09-25T18:48:21.046167+00:00,2026-09-25T14:48:21.046167-04:00,2026-09-25T14:48:21.046167-04:00,propline_free_sample
2026-09-24,2026-09-25 01:40:00+00:00,Peter Lambert,3.5,under,117,novig,225822,Athletics,Houston Astros,2026-09-25T01:30:05.987215+00:00,2026-09-25T18:48:21.046167+00:00,2026-09-25T14:48:21.046167-04:00,2026-09-25T14:48:21.046167-04:00,propline_free_sample
2026-09-24,2026-09-25 01:40:00+00:00,Peter Lambert,4.5,over,-144,novig,225822,Athletics,Houston Astros,2026-09-25T01:00:54.065705+00:00,2026-09-25T18:48:21.046167+00:00,2026-09-25T14:48:21.046167-04:00,2026-09-25T14:48:21.046167-04:00,propline_free_sample
2026-09-24,2026-09-25 01:40:00+00:00,Peter Lambert,4.5,under,-150,novig,225822,Athletics,Houston Astros,2026-09-25T01:18:48.122929+00:00,2026-09-25T18:48:21.046167+00:00,2026-09-25T14:48:21.046167-04:00,2026-09-25T14:48:21.046167-04:00,propline_free_sample
2026-09-24,2026-09-25 01:40:00+00:00,Peter Lambert,5.5,over,170,novig,225822,Athletics,Houston Astros,2026-09-25T01:35:57.688594+00:00,2026-09-25T18:48:21.046167+00:00,2026-09-25T14:48:21.046167-04:00,2026-09-25T14:48:21.046167-04:00,propline_free_sample
2026-09-24,2026-09-25 01:40:00+00:00,Peter Lambert,5.5,under,-99900,novig,225822,Athletics,Houston Astros,2026-09-24T23:45:15.972615+00:00,2026-09-25T18:48:21.046167+00:00,2026-09-25T14:48:21.046167-04:00,2026-09-25T14:48:21.046167-04:00,propline_free_sample
2026-09-24,2026-09-25 01:40:00+00:00,Bryan Woo,5.5,over,-2281,novig,225823,Seattle Mariners,Los Angeles Angels,2026-09-25T01:16:59.536603+00:00,2026-09-25T18:48:21.046167+00:00,2026-09-25T14:48:21.046167-04:00,2026-09-25T14:48:21.046167-04:00,propline_free_sample
2026-09-24,2026-09-25 01:40:00+00:00,Bryan Woo,5.5,under,488,novig,225823,Seattle Mariners,Los Angeles Angels,2026-09-25T00:47:08.151677+00:00,2026-09-25T18:48:21.046167+00:00,2026-09-25T14:48:21.046167-04:00,2026-09-25T14:48:21.046167-04:00,propline_free_sample
2026-09-24,2026-09-25 01:40:00+00:00,Bryan Woo,6.5,over,-99900,novig,225823,Seattle Mariners,Los Angeles Angels,2026-09-25T01:34:24.307966+00:00,2026-09-25T18:48:21.046167+00:00,2026-09-25T14:48:21.046167-04:00,2026-09-25T14:48:21.046167-04:00,propline_free_sample
2026-09-24,2026-09-25 01:40:00+00:00,Bryan Woo,6.5,under,-99900,novig,225823,Seattle Mariners,Los Angeles Angels,2026-09-25T01:26:17.073771+00:00,2026-09-25T18:48:21.046167+00:00,2026-09-25T14:48:21.046167-04:00,2026-09-25T14:48:21.046167-04:00,propline_free_sample
2026-09-24,2026-09-25 01:40:00+00:00,Bryan Woo,7.5,over,-99900,novig,225823,Seattle Mariners,Los Angeles Angels,2026-09-25T01:32:08.717280+00:00,2026-09-25T18:48:21.046167+00:00,2026-09-25T14:48:21.046167-04:00,2026-09-25T14:48:21.046167-04:00,propline_free_sample
2026-09-24,2026-09-25 01:40:00+00:00,Bryan Woo,7.5,under,-49900,novig,225823,Seattle Mariners,Los Angeles Angels,2026-09-25T00:28:29.362195+00:00,2026-09-25T18:48:21.046167+00:00,2026-09-25T14:48:21.046167-04:00,2026-09-25T14:48:21.046167-04:00,propline_free_sample
2026-09-24,2026-09-25 01:40:00+00:00,Bryan Woo,8.5,over,-9900,novig,225823,Seattle Mariners,Los Angeles Angels,2026-09-24T23:47:22.499050+00:00,2026-09-25T18:48:21.046167+00:00,2026-09-25T14:48:21.046167-04:00,2026-09-25T14:48:21.046167-04:00,propline_free_sample
2026-09-24,2026-09-25 01:40:00+00:00,Bryan Woo,8.5,under,-213,novig,225823,Seattle Mariners,Los Angeles Angels,2026-09-25T00:47:08.151677+00:00,2026-09-25T18:48:21.046167+00:00,2026-09-25T14:48:21.046167-04:00,2026-09-25T14:48:21.046167-04:00,propline_free_sample
2026-09-24,2026-09-25 01:40:00+00:00,Grayson Rodriguez,3.5,over,-144,novig,225823,Seattle Mariners,Los Angeles Angels,2026-09-25T01:35:57.840327+00:00,2026-09-25T18:48:21.046167+00:00,2026-09-25T14:48:21.046167-04:00,2026-09-25T14:48:21.046167-04:00,propline_free_sample
2026-09-24,2026-09-25 01:40:00+00:00,Grayson Rodriguez,3.5,under,100,novig,225823,Seattle Mariners,Los Angeles Angels,2026-09-24T23:32:14.143407+00:00,2026-09-25T18:48:21.046167+00:00,2026-09-25T14:48:21.046167-04:00,2026-09-25T14:48:21.046167-04:00,propline_free_sample
2026-09-24,2026-09-25 01:40:00+00:00,Grayson Rodriguez,4.5,over,217,novig,225823,Seattle Mariners,Los Angeles Angels,2026-09-25T01:18:48.237512+00:00,2026-09-25T18:48:21.046167+00:00,2026-09-25T14:48:21.046167-04:00,2026-09-25T14:48:21.046167-04:00,propline_free_sample
2026-09-24,2026-09-25 01:40:00+00:00,Grayson Rodriguez,4.5,under,-525,novig,225823,Seattle Mariners,Los Angeles Angels,2026-09-24T23:53:44.241152+00:00,2026-09-25T18:48:21.046167+00:00,2026-09-25T14:48:21.046167-04:00,2026-09-25T14:48:21.046167-04:00,propline_free_sample
2026-09-24,2026-09-25 01:40:00+00:00,Grayson Rodriguez,5.5,over,471,novig,225823,Seattle Mariners,Los Angeles Angels,2026-09-25T01:37:57.178043+00:00,2026-09-25T18:48:21.046167+00:00,2026-09-25T14:48:21.046167-04:00,2026-09-25T14:48:21.046167-04:00,propline_free_sample
2026-09-24,2026-09-25 01:40:00+00:00,Grayson Rodriguez,5.5,under,-99900,novig,225823,Seattle Mariners,Los Angeles Angels,2026-09-25T00:47:08.151677+00:00,2026-09-25T18:48:21.046167+00:00,2026-09-25T14:48:21.046167-04:00,2026-09-25T14:48:21.046167-04:00,propline_free_sample
2026-09-24,2026-09-25 01:40:00+00:00,Grayson Rodriguez,6.5,over,285,novig,225823,Seattle Mariners,Los Angeles Angels,2026-09-25T00:47:08.151677+00:00,2026-09-25T18:48:21.046167+00:00,2026-09-25T14:48:21.046167-04:00,2026-09-25T14:48:21.046167-04:00,propline_free_sample
2026-09-24,2026-09-25 01:40:00+00:00,Grayson Rodriguez,6.5,under,-49900,novig,225823,Seattle Mariners,Los Angeles Angels,2026-09-25T01:35:57.840327+00:00,2026-09-25T18:48:21.046167+00:00,2026-09-25T14:48:21.046167-04:00,2026-09-25T14:48:21.046167-04:00,propline_free_sample
2026-09-24,2026-09-25 01:40:00+00:00,Grayson Rodriguez,5.0,over,-108,prophetx,225823,Seattle Mariners,Los Angeles Angels,2026-09-25T00:09:11.843635+00:00,2026-09-25T18:48:21.046167+00:00,2026-09-25T14:48:21.046167-04:00,2026-09-25T14:48:21.046167-04:00,propline_free_sample
2026-09-24,2026-09-25 01:40:00+00:00,Grayson Rodriguez,5.0,under,-122,prophetx,225823,Seattle Mariners,Los Angeles Angels,2026-09-25T00:09:11.843635+00:00,2026-09-25T18:48:21.046167+00:00,2026-09-25T14:48:21.046167-04:00,2026-09-25T14:48:21.046167-04:00,propline_free_sample
2026-09-24,2026-09-25 01:40:00+00:00,Peter Lambert,9.5,over,900,hardrock,225822,Athletics,Houston Astros,2026-09-25T00:12:02.788475+00:00,2026-09-25T18:48:21.046167+00:00,2026-09-25T14:48:21.046167-04:00,2026-09-25T14:48:21.046167-04:00,propline_free_sample
2026-09-24,2026-09-25 01:40:00+00:00,Peter Lambert,9.5,under,-4000,hardrock,225822,Athletics,Houston Astros,2026-09-25T00:12:02.788475+00:00,2026-09-25T18:48:21.046167+00:00,2026-09-25T14:48:21.046167-04:00,2026-09-25T14:48:21.046167-04:00,propline_free_sample
2026-09-24,2026-09-25 01:40:00+00:00,Grayson Rodriguez,5.5,under,-182,prophetx,225823,Seattle Mariners,Los Angeles Angels,2026-09-25T01:18:53.381268+00:00,2026-09-25T18:48:21.046167+00:00,2026-09-25T14:48:21.046167-04:00,2026-09-25T14:48:21.046167-04:00,propline_free_sample
2026-09-24,2026-09-25 01:40:00+00:00,Mason Barnett,2.5,over,-160,courtside,225822,Athletics,Houston Astros,,2026-09-25T18:48:21.046167+00:00,2026-09-25T14:48:21.046167-04:00,2026-09-25T14:48:21.046167-04:00,propline_free_sample
2026-09-24,2026-09-25 01:40:00+00:00,Mason Barnett,2.5,under,120,courtside,225822,Athletics,Houston Astros,,2026-09-25T18:48:21.046167+00:00,2026-09-25T14:48:21.046167-04:00,2026-09-25T14:48:21.046167-04:00,propline_free_sample
2026-09-24,2026-09-25 01:40:00+00:00,Mason Barnett,4.5,over,-115,courtside,225822,Athletics,Houston Astros,,2026-09-25T18:48:21.046167+00:00,2026-09-25T14:48:21.046167-04:00,2026-09-25T14:48:21.046167-04:00,propline_free_sample
2026-09-24,2026-09-25 01:40:00+00:00,Mason Barnett,4.5,under,-115,courtside,225822,Athletics,Houston Astros,,2026-09-25T18:48:21.046167+00:00,2026-09-25T14:48:21.046167-04:00,2026-09-25T14:48:21.046167-04:00,propline_free_sample
2026-09-24,2026-09-25 01:40:00+00:00,Bryan Woo,8.5,over,-105,courtside,225823,Seattle Mariners,Los Angeles Angels,,2026-09-25T18:48:21.046167+00:00,2026-09-25T14:48:21.046167-04:00,2026-09-25T14:48:21.046167-04:00,propline_free_sample
2026-09-24,2026-09-25 01:40:00+00:00,Bryan Woo,8.5,under,-130,courtside,225823,Seattle Mariners,Los Angeles Angels,,2026-09-25T18:48:21.046167+00:00,2026-09-25T14:48:21.046167-04:00,2026-09-25T14:48:21.046167-04:00,propline_free_sample
2026-09-24,2026-09-25 01:40:00+00:00,Peter Lambert,10.5,over,3000,hardrock,225822,Athletics,Houston Astros,,2026-09-25T18:48:21.046167+00:00,2026-09-25T14:48:21.046167-04:00,2026-09-25T14:48:21.046167-04:00,propline_free_sample
2026-09-24,2026-09-25 01:40:00+00:00,Peter Lambert,10.5,under,-20000,hardrock,225822,Athletics,Houston Astros,,2026-09-25T18:48:21.046167+00:00,2026-09-25T14:48:21.046167-04:00,2026-09-25T14:48:21.046167-04:00,propline_free_sample
2026-09-24,2026-09-25 01:40:00+00:00,Peter Lambert,6.5,over,-155,courtside,225822,Athletics,Houston Astros,,2026-09-25T18:48:21.046167+00:00,2026-09-25T14:48:21.046167-04:00,2026-09-25T14:48:21.046167-04:00,propline_free_sample
2026-09-24,2026-09-25 01:40:00+00:00,Peter Lambert,6.5,under,115,courtside,225822,Athletics,Houston Astros,,2026-09-25T18:48:21.046167+00:00,2026-09-25T14:48:21.046167-04:00,2026-09-25T14:48:21.046167-04:00,propline_free_sample
2026-09-24,2026-09-25 01:40:00+00:00,Grayson Rodriguez,2.5,over,-120,courtside,225823,Seattle Mariners,Los Angeles Angels,,2026-09-25T18:48:21.046167+00:00,2026-09-25T14:48:21.046167-04:00,2026-09-25T14:48:21.046167-04:00,propline_free_sample
2026-09-24,2026-09-25 01:40:00+00:00,Grayson Rodriguez,2.5,under,-115,courtside,225823,Seattle Mariners,Los Angeles Angels,,2026-09-25T18:48:21.046167+00:00,2026-09-25T14:48:21.046167-04:00,2026-09-25T14:48:21.046167-04:00,propline_free_sample
2026-09-24,2026-09-25 01:40:00+00:00,Mason Barnett,5.5,over,160,courtside,225822,Athletics,Houston Astros,,2026-09-25T18:48:21.046167+00:00,2026-09-25T14:48:21.046167-04:00,2026-09-25T14:48:21.046167-04:00,propline_free_sample
2026-09-24,2026-09-25 01:40:00+00:00,Mason Barnett,5.5,under,-215,courtside,225822,Athletics,Houston Astros,,2026-09-25T18:48:21.046167+00:00,2026-09-25T14:48:21.046167-04:00,2026-09-25T14:48:21.046167-04:00,propline_free_sample
2026-09-24,2026-09-25 01:40:00+00:00,Bryan Woo,9.5,over,-105,courtside,225823,Seattle Mariners,Los Angeles Angels,,2026-09-25T18:48:21.046167+00:00,2026-09-25T14:48:21.046167-04:00,2026-09-25T14:48:21.046167-04:00,propline_free_sample
2026-09-24,2026-09-25 01:40:00+00:00,Bryan Woo,9.5,under,-130,courtside,225823,Seattle Mariners,Los Angeles Angels,,2026-09-25T18:48:21.046167+00:00,2026-09-25T14:48:21.046167-04:00,2026-09-25T14:48:21.046167-04:00,propline_free_sample
2026-09-24,2026-09-25 01:40:00+00:00,Grayson Rodriguez,3.5,over,-140,courtside,225823,Seattle Mariners,Los Angeles Angels,,2026-09-25T18:48:21.046167+00:00,2026-09-25T14:48:21.046167-04:00,2026-09-25T14:48:21.046167-04:00,propline_free_sample
2026-09-24,2026-09-25 01:40:00+00:00,Grayson Rodriguez,3.5,under,105,courtside,225823,Seattle Mariners,Los Angeles Angels,,2026-09-25T18:48:21.046167+00:00,2026-09-25T14:48:21.046167-04:00,2026-09-25T14:48:21.046167-04:00,propline_free_sample
2026-09-24,2026-09-25 01:40:00+00:00,Mason Barnett,7.5,under,9900,kalshi,225822,Athletics,Houston Astros,,2026-09-25T18:48:21.046167+00:00,2026-09-25T14:48:21.046167-04:00,2026-09-25T14:48:21.046167-04:00,propline_free_sample
2026-09-24,2026-09-25 01:40:00+00:00,Mason Barnett,7.5,under,9900,polymarket_us,225822,Athletics,Houston Astros,,2026-09-25T18:48:21.046167+00:00,2026-09-25T14:48:21.046167-04:00,2026-09-25T14:48:21.046167-04:00,propline_free_sample
2026-09-24,2026-09-24 23:15:00+00:00,Brady Singer,3.5,over,-128,fanduel,225821,Atlanta Braves,Cincinnati Reds,2026-09-24T19:57:26.993776+00:00,2026-09-25T18:48:21.046167+00:00,2026-09-25T14:48:21.046167-04:00,2026-09-25T14:48:21.046167-04:00,propline_free_sample
2026-09-24,2026-09-24 23:15:00+00:00,Brady Singer,3.5,under,100,fanduel,225821,Atlanta Braves,Cincinnati Reds,2026-09-24T19:57:26.993776+00:00,2026-09-25T18:48:21.046167+00:00,2026-09-25T14:48:21.046167-04:00,2026-09-25T14:48:21.046167-04:00,propline_free_sample
2026-09-24,2026-09-24 23:15:00+00:00,Tyler Mahle,5.5,over,-136,fanduel,225821,Atlanta Braves,Cincinnati Reds,2026-09-24T22:09:58.181532+00:00,2026-09-25T18:48:21.046167+00:00,2026-09-25T14:48:21.046167-04:00,2026-09-25T14:48:21.046167-04:00,propline_free_sample
2026-09-24,2026-09-24 23:15:00+00:00,Tyler Mahle,5.5,under,106,fanduel,225821,Atlanta Braves,Cincinnati Reds,2026-09-24T22:09:58.181532+00:00,2026-09-25T18:48:21.046167+00:00,2026-09-25T14:48:21.046167-04:00,2026-09-25T14:48:21.046167-04:00,propline_free_sample
2026-09-24,2026-09-24 23:15:00+00:00,Brady Singer (CIN),1.5,over,-145,bovada,225821,Atlanta Braves,Cincinnati Reds,2026-09-24T20:17:41.420173+00:00,2026-09-25T18:48:21.046167+00:00,2026-09-25T14:48:21.046167-04:00,2026-09-25T14:48:21.046167-04:00,propline_free_sample
2026-09-24,2026-09-24 23:15:00+00:00,Brady Singer (CIN),1.5,under,110,bovada,225821,Atlanta Braves,Cincinnati Reds,2026-09-24T20:17:41.420173+00:00,2026-09-25T18:48:21.046167+00:00,2026-09-25T14:48:21.046167-04:00,2026-09-25T14:48:21.046167-04:00,propline_free_sample
2026-09-24,2026-09-24 23:15:00+00:00,Tyler Mahle (ATL),3.5,over,170,bovada,225821,Atlanta Braves,Cincinnati Reds,2026-09-24T22:25:06.540275+00:00,2026-09-25T18:48:21.046167+00:00,2026-09-25T14:48:21.046167-04:00,2026-09-25T14:48:21.046167-04:00,propline_free_sample
2026-09-24,2026-09-24 23:15:00+00:00,Tyler Mahle (ATL),3.5,under,-225,bovada,225821,Atlanta Braves,Cincinnati Reds,2026-09-24T22:25:06.540275+00:00,2026-09-25T18:48:21.046167+00:00,2026-09-25T14:48:21.046167-04:00,2026-09-25T14:48:21.046167-04:00,propline_free_sample
2026-09-24,2026-09-24 23:15:00+00:00,Brady Singer,4.5,over,100,prizepicks,225821,Atlanta Braves,Cincinnati Reds,2026-09-23T23:51:31.235325+00:00,2026-09-25T18:48:21.046167+00:00,2026-09-25T14:48:21.046167-04:00,2026-09-25T14:48:21.046167-04:00,propline_free_sample
2026-09-24,2026-09-24 23:15:00+00:00,Brady Singer,5.5,over,100,prizepicks,225821,Atlanta Braves,Cincinnati Reds,2026-09-23T23:51:31.235325+00:00,2026-09-25T18:48:21.046167+00:00,2026-09-25T14:48:21.046167-04:00,2026-09-25T14:48:21.046167-04:00,propline_free_sample
2026-09-24,2026-09-24 23:15:00+00:00,Tyler Mahle,6.5,over,100,prizepicks,225821,Atlanta Braves,Cincinnati Reds,2026-09-23T23:51:31.235325+00:00,2026-09-25T18:48:21.046167+00:00,2026-09-25T14:48:21.046167-04:00,2026-09-25T14:48:21.046167-04:00,propline_free_sample
2026-09-24,2026-09-24 23:15:00+00:00,Tyler Mahle,7.5,over,100,prizepicks,225821,Atlanta Braves,Cincinnati Reds,2026-09-23T23:51:31.235325+00:00,2026-09-25T18:48:21.046167+00:00,2026-09-25T14:48:21.046167-04:00,2026-09-25T14:48:21.046167-04:00,propline_free_sample
2026-09-24,2026-09-24 23:15:00+00:00,Tyler Mahle,8.5,over,100,prizepicks,225821,Atlanta Braves,Cincinnati Reds,2026-09-23T23:51:31.235325+00:00,2026-09-25T18:48:21.046167+00:00,2026-09-25T14:48:21.046167-04:00,2026-09-25T14:48:21.046167-04:00,propline_free_sample
2026-09-24,2026-09-24 23:15:00+00:00,Brady Singer,2.5,over,100,prizepicks,225821,Atlanta Braves,Cincinnati Reds,2026-09-23T23:51:31.235325+00:00,2026-09-25T18:48:21.046167+00:00,2026-09-25T14:48:21.046167-04:00,2026-09-25T14:48:21.046167-04:00,propline_free_sample
2026-09-24,2026-09-24 23:15:00+00:00,Brady Singer,3.5,over,100,prizepicks,225821,Atlanta Braves,Cincinnati Reds,2026-09-23T23:51:31.235325+00:00,2026-09-25T18:48:21.046167+00:00,2026-09-25T14:48:21.046167-04:00,2026-09-25T14:48:21.046167-04:00,propline_free_sample
2026-09-24,2026-09-24 23:15:00+00:00,Brady Singer,3.5,under,100,prizepicks,225821,Atlanta Braves,Cincinnati Reds,2026-09-23T23:51:31.235325+00:00,2026-09-25T18:48:21.046167+00:00,2026-09-25T14:48:21.046167-04:00,2026-09-25T14:48:21.046167-04:00,propline_free_sample
2026-09-24,2026-09-24 23:15:00+00:00,Tyler Mahle,4.5,over,100,prizepicks,225821,Atlanta Braves,Cincinnati Reds,2026-09-23T23:51:31.235325+00:00,2026-09-25T18:48:21.046167+00:00,2026-09-25T14:48:21.046167-04:00,2026-09-25T14:48:21.046167-04:00,propline_free_sample
2026-09-24,2026-09-24 23:15:00+00:00,Tyler Mahle,5.5,over,100,prizepicks,225821,Atlanta Braves,Cincinnati Reds,2026-09-23T23:51:31.235325+00:00,2026-09-25T18:48:21.046167+00:00,2026-09-25T14:48:21.046167-04:00,2026-09-25T14:48:21.046167-04:00,propline_free_sample
2026-09-24,2026-09-24 23:15:00+00:00,Tyler Mahle,5.5,under,100,prizepicks,225821,Atlanta Braves,Cincinnati Reds,2026-09-23T23:51:31.235325+00:00,2026-09-25T18:48:21.046167+00:00,2026-09-25T14:48:21.046167-04:00,2026-09-25T14:48:21.046167-04:00,propline_free_sample
2026-09-24,2026-09-24 23:15:00+00:00,Brady Singer,3.5,over,-126,prophetx,225821,Atlanta Braves,Cincinnati Reds,2026-09-24T23:14:00.398876+00:00,2026-09-25T18:48:21.046167+00:00,2026-09-25T14:48:21.046167-04:00,2026-09-25T14:48:21.046167-04:00,propline_free_sample
2026-09-24,2026-09-24 23:15:00+00:00,Brady Singer,3.5,under,107,prophetx,225821,Atlanta Braves,Cincinnati Reds,2026-09-24T11:16:46.615121+00:00,2026-09-25T18:48:21.046167+00:00,2026-09-25T14:48:21.046167-04:00,2026-09-25T14:48:21.046167-04:00,propline_free_sample
2026-09-24,2026-09-24 23:15:00+00:00,Tyler Mahle,5.5,over,-138,prophetx,225821,Atlanta Braves,Cincinnati Reds,2026-09-24T22:40:38.244366+00:00,2026-09-25T18:48:21.046167+00:00,2026-09-25T14:48:21.046167-04:00,2026-09-25T14:48:21.046167-04:00,propline_free_sample
2026-09-24,2026-09-24 23:15:00+00:00,Tyler Mahle,5.5,under,127,prophetx,225821,Atlanta Braves,Cincinnati Reds,2026-09-24T21:27:30.628068+00:00,2026-09-25T18:48:21.046167+00:00,2026-09-25T14:48:21.046167-04:00,2026-09-25T14:48:21.046167-04:00,propline_free_sample
