date,commence_time_utc,pitcher_name,line,side,price,sportsbook,event_id,home_team,away_team,vendor_snapshot_time,collected_at_utc,collected_at_et,snapshot_time_et,source
2026-10-08,2026-10-09 00:00:00+00:00,Parker Messick,5.5,over,-139,draftkings,346058,Chicago White Sox,Cleveland Guardians,2026-10-08T23:53:32.287848+00:00,2026-10-09T07:45:30.614406+00:00,2026-10-09T03:45:30.614406-04:00,2026-10-09T03:45:30.614406-04:00,propline_free_sample
2026-10-08,2026-10-09 00:00:00+00:00,Parker Messick,5.5,under,109,draftkings,346058,Chicago White Sox,Cleveland Guardians,2026-10-08T23:53:32.287848+00:00,2026-10-09T07:45:30.614406+00:00,2026-10-09T03:45:30.614406-04:00,2026-10-09T03:45:30.614406-04:00,propline_free_sample
2026-10-08,2026-10-09 00:00:00+00:00,Parker Messick,5.5,over,-125,dabble,346058,Chicago White Sox,Cleveland Guardians,2026-10-08T20:17:59.064395+00:00,2026-10-09T07:45:30.614406+00:00,2026-10-09T03:45:30.614406-04:00,2026-10-09T03:45:30.614406-04:00,propline_free_sample
2026-10-08,2026-10-09 00:00:00+00:00,Parker Messick,5.5,under,120,dabble,346058,Chicago White Sox,Cleveland Guardians,2026-10-08T20:17:59.064395+00:00,2026-10-09T07:45:30.614406+00:00,2026-10-09T03:45:30.614406-04:00,2026-10-09T03:45:30.614406-04:00,propline_free_sample
2026-10-08,2026-10-09 00:00:00+00:00,Parker Messick,5.5,over,-132,smarkets,346058,Chicago White Sox,Cleveland Guardians,2026-10-08T23:57:20.649372+00:00,2026-10-09T07:45:30.614406+00:00,2026-10-09T03:45:30.614406-04:00,2026-10-09T03:45:30.614406-04:00,propline_free_sample
2026-10-08,2026-10-09 00:00:00+00:00,Parker Messick,5.5,under,-105,smarkets,346058,Chicago White Sox,Cleveland Guardians,2026-10-08T23:57:20.649372+00:00,2026-10-09T07:45:30.614406+00:00,2026-10-09T03:45:30.614406-04:00,2026-10-09T03:45:30.614406-04:00,propline_free_sample
2026-10-08,2026-10-09 00:00:00+00:00,Parker Messick,6.5,over,-180,courtside,346058,Chicago White Sox,Cleveland Guardians,2026-10-08T20:03:13.333877+00:00,2026-10-09T07:45:30.614406+00:00,2026-10-09T03:45:30.614406-04:00,2026-10-09T03:45:30.614406-04:00,propline_free_sample
2026-10-08,2026-10-09 00:00:00+00:00,Parker Messick,6.5,under,130,courtside,346058,Chicago White Sox,Cleveland Guardians,2026-10-08T19:57:11.647063+00:00,2026-10-09T07:45:30.614406+00:00,2026-10-09T03:45:30.614406-04:00,2026-10-09T03:45:30.614406-04:00,propline_free_sample
2026-10-08,2026-10-09 00:00:00+00:00,Parker Messick,10.5,over,100,prizepicks,346058,Chicago White Sox,Cleveland Guardians,2026-10-07T23:33:52.938588+00:00,2026-10-09T07:45:30.614406+00:00,2026-10-09T03:45:30.614406-04:00,2026-10-09T03:45:30.614406-04:00,propline_free_sample
2026-10-08,2026-10-09 00:00:00+00:00,Parker Messick,6.5,over,100,prizepicks,346058,Chicago White Sox,Cleveland Guardians,2026-10-07T23:33:52.938588+00:00,2026-10-09T07:45:30.614406+00:00,2026-10-09T03:45:30.614406-04:00,2026-10-09T03:45:30.614406-04:00,propline_free_sample
2026-10-08,2026-10-09 00:00:00+00:00,Parker Messick,6.5,under,100,prizepicks,346058,Chicago White Sox,Cleveland Guardians,2026-10-07T23:33:52.938588+00:00,2026-10-09T07:45:30.614406+00:00,2026-10-09T03:45:30.614406-04:00,2026-10-09T03:45:30.614406-04:00,propline_free_sample
2026-10-08,2026-10-09 00:00:00+00:00,Parker Messick,7.5,over,100,prizepicks,346058,Chicago White Sox,Cleveland Guardians,2026-10-07T23:33:52.938588+00:00,2026-10-09T07:45:30.614406+00:00,2026-10-09T03:45:30.614406-04:00,2026-10-09T03:45:30.614406-04:00,propline_free_sample
2026-10-08,2026-10-09 00:00:00+00:00,Parker Messick,9.5,over,100,prizepicks,346058,Chicago White Sox,Cleveland Guardians,2026-10-07T23:33:52.938588+00:00,2026-10-09T07:45:30.614406+00:00,2026-10-09T03:45:30.614406-04:00,2026-10-09T03:45:30.614406-04:00,propline_free_sample
2026-10-08,2026-10-09 00:00:00+00:00,Parker Messick,3.5,over,100,prizepicks,346058,Chicago White Sox,Cleveland Guardians,2026-10-07T23:33:52.938588+00:00,2026-10-09T07:45:30.614406+00:00,2026-10-09T03:45:30.614406-04:00,2026-10-09T03:45:30.614406-04:00,propline_free_sample
2026-10-08,2026-10-09 00:00:00+00:00,Parker Messick,4.5,over,100,prizepicks,346058,Chicago White Sox,Cleveland Guardians,2026-10-07T23:33:52.938588+00:00,2026-10-09T07:45:30.614406+00:00,2026-10-09T03:45:30.614406-04:00,2026-10-09T03:45:30.614406-04:00,propline_free_sample
2026-10-08,2026-10-09 00:00:00+00:00,Parker Messick,5.5,over,100,prizepicks,346058,Chicago White Sox,Cleveland Guardians,2026-10-07T23:33:52.938588+00:00,2026-10-09T07:45:30.614406+00:00,2026-10-09T03:45:30.614406-04:00,2026-10-09T03:45:30.614406-04:00,propline_free_sample
2026-10-08,2026-10-09 00:00:00+00:00,Parker Messick,5.5,under,100,prizepicks,346058,Chicago White Sox,Cleveland Guardians,2026-10-07T23:33:52.938588+00:00,2026-10-09T07:45:30.614406+00:00,2026-10-09T03:45:30.614406-04:00,2026-10-09T03:45:30.614406-04:00,propline_free_sample
2026-10-08,2026-10-09 00:00:00+00:00,Parker Messick,5.5,over,-146,fanduel,346058,Chicago White Sox,Cleveland Guardians,2026-10-08T22:16:53.911328+00:00,2026-10-09T07:45:30.614406+00:00,2026-10-09T03:45:30.614406-04:00,2026-10-09T03:45:30.614406-04:00,propline_free_sample
2026-10-08,2026-10-09 00:00:00+00:00,Parker Messick,5.5,under,114,fanduel,346058,Chicago White Sox,Cleveland Guardians,2026-10-08T22:15:06.497321+00:00,2026-10-09T07:45:30.614406+00:00,2026-10-09T03:45:30.614406-04:00,2026-10-09T03:45:30.614406-04:00,propline_free_sample
2026-10-08,2026-10-09 00:00:00+00:00,Parker Messick,5.5,over,-150,onexbet,346058,Chicago White Sox,Cleveland Guardians,2026-10-08T22:45:44.309669+00:00,2026-10-09T07:45:30.614406+00:00,2026-10-09T03:45:30.614406-04:00,2026-10-09T03:45:30.614406-04:00,propline_free_sample
2026-10-08,2026-10-09 00:00:00+00:00,Parker Messick,5.5,under,110,onexbet,346058,Chicago White Sox,Cleveland Guardians,2026-10-08T22:45:44.309669+00:00,2026-10-09T07:45:30.614406+00:00,2026-10-09T03:45:30.614406-04:00,2026-10-09T03:45:30.614406-04:00,propline_free_sample
2026-10-08,2026-10-09 00:00:00+00:00,Parker Messick,6.5,over,100,novig,346058,Chicago White Sox,Cleveland Guardians,2026-10-08T23:58:33.910535+00:00,2026-10-09T07:45:30.614406+00:00,2026-10-09T03:45:30.614406-04:00,2026-10-09T03:45:30.614406-04:00,propline_free_sample
2026-10-08,2026-10-09 00:00:00+00:00,Parker Messick,6.5,under,-376,novig,346058,Chicago White Sox,Cleveland Guardians,2026-10-08T23:48:24.549677+00:00,2026-10-09T07:45:30.614406+00:00,2026-10-09T03:45:30.614406-04:00,2026-10-09T03:45:30.614406-04:00,propline_free_sample
2026-10-08,2026-10-09 00:00:00+00:00,Parker Messick (CLE),7.5,over,-115,bovada,346058,Chicago White Sox,Cleveland Guardians,2026-10-08T22:15:28.575930+00:00,2026-10-09T07:45:30.614406+00:00,2026-10-09T03:45:30.614406-04:00,2026-10-09T03:45:30.614406-04:00,propline_free_sample
2026-10-08,2026-10-09 00:00:00+00:00,Parker Messick (CLE),7.5,under,-115,bovada,346058,Chicago White Sox,Cleveland Guardians,2026-10-08T22:15:28.575930+00:00,2026-10-09T07:45:30.614406+00:00,2026-10-09T03:45:30.614406-04:00,2026-10-09T03:45:30.614406-04:00,propline_free_sample
2026-10-08,2026-10-09 00:00:00+00:00,Parker Messick,10.5,over,1000,hardrock,346058,Chicago White Sox,Cleveland Guardians,2026-10-08T09:03:07.985530+00:00,2026-10-09T07:45:30.614406+00:00,2026-10-09T03:45:30.614406-04:00,2026-10-09T03:45:30.614406-04:00,propline_free_sample
2026-10-08,2026-10-09 00:00:00+00:00,Parker Messick,10.5,under,-5000,hardrock,346058,Chicago White Sox,Cleveland Guardians,2026-10-08T20:20:05.114485+00:00,2026-10-09T07:45:30.614406+00:00,2026-10-09T03:45:30.614406-04:00,2026-10-09T03:45:30.614406-04:00,propline_free_sample
2026-10-08,2026-10-09 00:00:00+00:00,Parker Messick,11.5,over,3000,hardrock,346058,Chicago White Sox,Cleveland Guardians,2026-10-08T00:10:02.134474+00:00,2026-10-09T07:45:30.614406+00:00,2026-10-09T03:45:30.614406-04:00,2026-10-09T03:45:30.614406-04:00,propline_free_sample
2026-10-08,2026-10-09 00:00:00+00:00,Parker Messick,11.5,under,-50000,hardrock,346058,Chicago White Sox,Cleveland Guardians,2026-10-08T00:10:02.134474+00:00,2026-10-09T07:45:30.614406+00:00,2026-10-09T03:45:30.614406-04:00,2026-10-09T03:45:30.614406-04:00,propline_free_sample
2026-10-08,2026-10-09 00:00:00+00:00,Parker Messick,12.5,over,4000,hardrock,346058,Chicago White Sox,Cleveland Guardians,2026-10-07T23:50:02.077690+00:00,2026-10-09T07:45:30.614406+00:00,2026-10-09T03:45:30.614406-04:00,2026-10-09T03:45:30.614406-04:00,propline_free_sample
2026-10-08,2026-10-09 00:00:00+00:00,Parker Messick,12.5,under,-50000,hardrock,346058,Chicago White Sox,Cleveland Guardians,2026-10-07T23:50:02.077690+00:00,2026-10-09T07:45:30.614406+00:00,2026-10-09T03:45:30.614406-04:00,2026-10-09T03:45:30.614406-04:00,propline_free_sample
2026-10-08,2026-10-09 00:00:00+00:00,Parker Messick,2.5,over,-20000,hardrock,346058,Chicago White Sox,Cleveland Guardians,2026-10-08T14:20:42.366357+00:00,2026-10-09T07:45:30.614406+00:00,2026-10-09T03:45:30.614406-04:00,2026-10-09T03:45:30.614406-04:00,propline_free_sample
2026-10-08,2026-10-09 00:00:00+00:00,Parker Messick,2.5,under,4000,hardrock,346058,Chicago White Sox,Cleveland Guardians,2026-10-08T17:43:36.443869+00:00,2026-10-09T07:45:30.614406+00:00,2026-10-09T03:45:30.614406-04:00,2026-10-09T03:45:30.614406-04:00,propline_free_sample
2026-10-08,2026-10-09 00:00:00+00:00,Parker Messick,3.5,over,-10000,hardrock,346058,Chicago White Sox,Cleveland Guardians,2026-10-08T20:10:14.636015+00:00,2026-10-09T07:45:30.614406+00:00,2026-10-09T03:45:30.614406-04:00,2026-10-09T03:45:30.614406-04:00,propline_free_sample
2026-10-08,2026-10-09 00:00:00+00:00,Parker Messick,3.5,under,3000,hardrock,346058,Chicago White Sox,Cleveland Guardians,2026-10-08T17:43:36.443869+00:00,2026-10-09T07:45:30.614406+00:00,2026-10-09T03:45:30.614406-04:00,2026-10-09T03:45:30.614406-04:00,propline_free_sample
2026-10-08,2026-10-09 00:00:00+00:00,Parker Messick,4.5,over,-7000,hardrock,346058,Chicago White Sox,Cleveland Guardians,2026-10-08T17:43:36.443869+00:00,2026-10-09T07:45:30.614406+00:00,2026-10-09T03:45:30.614406-04:00,2026-10-09T03:45:30.614406-04:00,propline_free_sample
2026-10-08,2026-10-09 00:00:00+00:00,Parker Messick,4.5,under,1500,hardrock,346058,Chicago White Sox,Cleveland Guardians,2026-10-08T20:10:14.636015+00:00,2026-10-09T07:45:30.614406+00:00,2026-10-09T03:45:30.614406-04:00,2026-10-09T03:45:30.614406-04:00,propline_free_sample
2026-10-08,2026-10-09 00:00:00+00:00,Parker Messick,5.5,over,-6000,hardrock,346058,Chicago White Sox,Cleveland Guardians,2026-10-08T22:01:37.389588+00:00,2026-10-09T07:45:30.614406+00:00,2026-10-09T03:45:30.614406-04:00,2026-10-09T03:45:30.614406-04:00,propline_free_sample
2026-10-08,2026-10-09 00:00:00+00:00,Parker Messick,5.5,under,1300,hardrock,346058,Chicago White Sox,Cleveland Guardians,2026-10-08T20:24:10.153911+00:00,2026-10-09T07:45:30.614406+00:00,2026-10-09T03:45:30.614406-04:00,2026-10-09T03:45:30.614406-04:00,propline_free_sample
2026-10-08,2026-10-09 00:00:00+00:00,Parker Messick,6.5,over,-600,hardrock,346058,Chicago White Sox,Cleveland Guardians,2026-10-08T19:57:08.578885+00:00,2026-10-09T07:45:30.614406+00:00,2026-10-09T03:45:30.614406-04:00,2026-10-09T03:45:30.614406-04:00,propline_free_sample
2026-10-08,2026-10-09 00:00:00+00:00,Parker Messick,6.5,under,325,hardrock,346058,Chicago White Sox,Cleveland Guardians,2026-10-08T22:01:37.389588+00:00,2026-10-09T07:45:30.614406+00:00,2026-10-09T03:45:30.614406-04:00,2026-10-09T03:45:30.614406-04:00,propline_free_sample
2026-10-08,2026-10-09 00:00:00+00:00,Parker Messick,7.5,over,-165,hardrock,346058,Chicago White Sox,Cleveland Guardians,2026-10-08T19:42:39.726477+00:00,2026-10-09T07:45:30.614406+00:00,2026-10-09T03:45:30.614406-04:00,2026-10-09T03:45:30.614406-04:00,propline_free_sample
2026-10-08,2026-10-09 00:00:00+00:00,Parker Messick,7.5,under,115,hardrock,346058,Chicago White Sox,Cleveland Guardians,2026-10-08T19:42:39.726477+00:00,2026-10-09T07:45:30.614406+00:00,2026-10-09T03:45:30.614406-04:00,2026-10-09T03:45:30.614406-04:00,propline_free_sample
2026-10-08,2026-10-09 00:00:00+00:00,Parker Messick,8.5,over,155,hardrock,346058,Chicago White Sox,Cleveland Guardians,2026-10-08T20:24:10.153911+00:00,2026-10-09T07:45:30.614406+00:00,2026-10-09T03:45:30.614406-04:00,2026-10-09T03:45:30.614406-04:00,propline_free_sample
2026-10-08,2026-10-09 00:00:00+00:00,Parker Messick,8.5,under,-240,hardrock,346058,Chicago White Sox,Cleveland Guardians,2026-10-08T20:24:10.153911+00:00,2026-10-09T07:45:30.614406+00:00,2026-10-09T03:45:30.614406-04:00,2026-10-09T03:45:30.614406-04:00,propline_free_sample
2026-10-08,2026-10-09 00:00:00+00:00,Parker Messick,9.5,over,375,hardrock,346058,Chicago White Sox,Cleveland Guardians,2026-10-08T20:41:38.703265+00:00,2026-10-09T07:45:30.614406+00:00,2026-10-09T03:45:30.614406-04:00,2026-10-09T03:45:30.614406-04:00,propline_free_sample
2026-10-08,2026-10-09 00:00:00+00:00,Parker Messick,9.5,under,-800,hardrock,346058,Chicago White Sox,Cleveland Guardians,2026-10-08T20:41:38.703265+00:00,2026-10-09T07:45:30.614406+00:00,2026-10-09T03:45:30.614406-04:00,2026-10-09T03:45:30.614406-04:00,propline_free_sample
2026-10-08,2026-10-09 00:00:00+00:00,Parker Messick,5.5,over,-161,sleeper,346058,Chicago White Sox,Cleveland Guardians,2026-10-08T22:02:17.122520+00:00,2026-10-09T07:45:30.614406+00:00,2026-10-09T03:45:30.614406-04:00,2026-10-09T03:45:30.614406-04:00,propline_free_sample
2026-10-08,2026-10-09 00:00:00+00:00,Parker Messick,5.5,under,-103,sleeper,346058,Chicago White Sox,Cleveland Guardians,2026-10-08T23:06:12.135476+00:00,2026-10-09T07:45:30.614406+00:00,2026-10-09T03:45:30.614406-04:00,2026-10-09T03:45:30.614406-04:00,propline_free_sample
2026-10-08,2026-10-09 00:00:00+00:00,Parker Messick,5.5,over,-155,fliff,346058,Chicago White Sox,Cleveland Guardians,2026-10-08T19:30:51.680914+00:00,2026-10-09T07:45:30.614406+00:00,2026-10-09T03:45:30.614406-04:00,2026-10-09T03:45:30.614406-04:00,propline_free_sample
2026-10-08,2026-10-09 00:00:00+00:00,Parker Messick,5.5,under,105,fliff,346058,Chicago White Sox,Cleveland Guardians,2026-10-08T23:04:26.025266+00:00,2026-10-09T07:45:30.614406+00:00,2026-10-09T03:45:30.614406-04:00,2026-10-09T03:45:30.614406-04:00,propline_free_sample
2026-10-08,2026-10-09 00:00:00+00:00,Parker Messick,7.5,under,100,prizepicks,346058,Chicago White Sox,Cleveland Guardians,2026-10-07T23:58:20.919953+00:00,2026-10-09T07:45:30.614406+00:00,2026-10-09T03:45:30.614406-04:00,2026-10-09T03:45:30.614406-04:00,propline_free_sample
2026-10-08,2026-10-09 00:00:00+00:00,Parker Messick,3.5,under,100,prizepicks,346058,Chicago White Sox,Cleveland Guardians,2026-10-07T23:58:20.919953+00:00,2026-10-09T07:45:30.614406+00:00,2026-10-09T03:45:30.614406-04:00,2026-10-09T03:45:30.614406-04:00,propline_free_sample
2026-10-08,2026-10-09 00:00:00+00:00,Parker Messick,4.5,under,100,prizepicks,346058,Chicago White Sox,Cleveland Guardians,2026-10-07T23:58:20.919953+00:00,2026-10-09T07:45:30.614406+00:00,2026-10-09T03:45:30.614406-04:00,2026-10-09T03:45:30.614406-04:00,propline_free_sample
2026-10-08,2026-10-09 00:00:00+00:00,Parker Messick,8.5,over,100,prizepicks,346058,Chicago White Sox,Cleveland Guardians,2026-10-07T23:58:20.919953+00:00,2026-10-09T07:45:30.614406+00:00,2026-10-09T03:45:30.614406-04:00,2026-10-09T03:45:30.614406-04:00,propline_free_sample
2026-10-08,2026-10-09 00:00:00+00:00,Parker Messick,8.5,under,100,prizepicks,346058,Chicago White Sox,Cleveland Guardians,2026-10-07T23:58:20.919953+00:00,2026-10-09T07:45:30.614406+00:00,2026-10-09T03:45:30.614406-04:00,2026-10-09T03:45:30.614406-04:00,propline_free_sample
2026-10-08,2026-10-09 00:00:00+00:00,Parker Messick,1.5,over,-50000,hardrock,346058,Chicago White Sox,Cleveland Guardians,2026-10-08T22:01:37.389588+00:00,2026-10-09T07:45:30.614406+00:00,2026-10-09T03:45:30.614406-04:00,2026-10-09T03:45:30.614406-04:00,propline_free_sample
2026-10-08,2026-10-09 00:00:00+00:00,Parker Messick,1.5,under,4000,hardrock,346058,Chicago White Sox,Cleveland Guardians,2026-10-08T20:24:10.153911+00:00,2026-10-09T07:45:30.614406+00:00,2026-10-09T03:45:30.614406-04:00,2026-10-09T03:45:30.614406-04:00,propline_free_sample
2026-10-08,2026-10-09 00:00:00+00:00,Parker Messick,6.5,over,-130,underdog,346058,Chicago White Sox,Cleveland Guardians,2026-10-08T23:56:03.726213+00:00,2026-10-09T07:45:30.614406+00:00,2026-10-09T03:45:30.614406-04:00,2026-10-09T03:45:30.614406-04:00,propline_free_sample
2026-10-08,2026-10-09 00:00:00+00:00,Parker Messick,6.5,under,-115,underdog,346058,Chicago White Sox,Cleveland Guardians,2026-10-08T23:56:03.726213+00:00,2026-10-09T07:45:30.614406+00:00,2026-10-09T03:45:30.614406-04:00,2026-10-09T03:45:30.614406-04:00,propline_free_sample
2026-10-08,2026-10-09 00:00:00+00:00,Parker Messick,5.5,over,100,pick6,346058,Chicago White Sox,Cleveland Guardians,2026-10-08T21:49:27.282675+00:00,2026-10-09T07:45:30.614406+00:00,2026-10-09T03:45:30.614406-04:00,2026-10-09T03:45:30.614406-04:00,propline_free_sample
2026-10-08,2026-10-09 00:00:00+00:00,Parker Messick,5.5,under,100,pick6,346058,Chicago White Sox,Cleveland Guardians,2026-10-08T21:49:27.282675+00:00,2026-10-09T07:45:30.614406+00:00,2026-10-09T03:45:30.614406-04:00,2026-10-09T03:45:30.614406-04:00,propline_free_sample
2026-10-08,2026-10-09 00:00:00+00:00,Parker Messick,10.5,over,100,pick6,346058,Chicago White Sox,Cleveland Guardians,2026-10-08T23:54:38.117634+00:00,2026-10-09T07:45:30.614406+00:00,2026-10-09T03:45:30.614406-04:00,2026-10-09T03:45:30.614406-04:00,propline_free_sample
2026-10-08,2026-10-09 00:00:00+00:00,Parker Messick,3.5,over,100,pick6,346058,Chicago White Sox,Cleveland Guardians,2026-10-08T00:20:27.785007+00:00,2026-10-09T07:45:30.614406+00:00,2026-10-09T03:45:30.614406-04:00,2026-10-09T03:45:30.614406-04:00,propline_free_sample
2026-10-08,2026-10-09 00:00:00+00:00,Parker Messick,5.5,over,100,pick6,346058,Chicago White Sox,Cleveland Guardians,2026-10-08T09:53:11.448206+00:00,2026-10-09T07:45:30.614406+00:00,2026-10-09T03:45:30.614406-04:00,2026-10-09T03:45:30.614406-04:00,propline_free_sample
2026-10-08,2026-10-09 00:00:00+00:00,Parker Messick,7.5,over,100,pick6,346058,Chicago White Sox,Cleveland Guardians,2026-10-08T21:54:32.575112+00:00,2026-10-09T07:45:30.614406+00:00,2026-10-09T03:45:30.614406-04:00,2026-10-09T03:45:30.614406-04:00,propline_free_sample
2026-10-08,2026-10-09 00:00:00+00:00,Parker Messick,8.5,over,100,pick6,346058,Chicago White Sox,Cleveland Guardians,2026-10-08T23:54:38.117634+00:00,2026-10-09T07:45:30.614406+00:00,2026-10-09T03:45:30.614406-04:00,2026-10-09T03:45:30.614406-04:00,propline_free_sample
2026-10-08,2026-10-09 00:00:00+00:00,Parker Messick,9.5,over,100,pick6,346058,Chicago White Sox,Cleveland Guardians,2026-10-08T23:54:38.117634+00:00,2026-10-09T07:45:30.614406+00:00,2026-10-09T03:45:30.614406-04:00,2026-10-09T03:45:30.614406-04:00,propline_free_sample
2026-10-08,2026-10-09 00:00:00+00:00,Parker Messick,10.5,over,9900,kalshi,346058,Chicago White Sox,Cleveland Guardians,2026-10-08T23:59:34.773761+00:00,2026-10-09T07:45:30.614406+00:00,2026-10-09T03:45:30.614406-04:00,2026-10-09T03:45:30.614406-04:00,propline_free_sample
2026-10-08,2026-10-09 00:00:00+00:00,Parker Messick,2.5,over,-9900,kalshi,346058,Chicago White Sox,Cleveland Guardians,2026-10-08T23:59:34.773761+00:00,2026-10-09T07:45:30.614406+00:00,2026-10-09T03:45:30.614406-04:00,2026-10-09T03:45:30.614406-04:00,propline_free_sample
2026-10-08,2026-10-09 00:00:00+00:00,Parker Messick,3.5,over,-2400,kalshi,346058,Chicago White Sox,Cleveland Guardians,2026-10-08T23:35:52.674459+00:00,2026-10-09T07:45:30.614406+00:00,2026-10-09T03:45:30.614406-04:00,2026-10-09T03:45:30.614406-04:00,propline_free_sample
2026-10-08,2026-10-09 00:00:00+00:00,Parker Messick,4.5,over,-1011,kalshi,346058,Chicago White Sox,Cleveland Guardians,2026-10-08T23:50:23.572615+00:00,2026-10-09T07:45:30.614406+00:00,2026-10-09T03:45:30.614406-04:00,2026-10-09T03:45:30.614406-04:00,propline_free_sample
2026-10-08,2026-10-09 00:00:00+00:00,Parker Messick,5.5,over,9900,kalshi,346058,Chicago White Sox,Cleveland Guardians,2026-10-08T21:20:02.955804+00:00,2026-10-09T07:45:30.614406+00:00,2026-10-09T03:45:30.614406-04:00,2026-10-09T03:45:30.614406-04:00,propline_free_sample
2026-10-08,2026-10-09 00:00:00+00:00,Parker Messick,6.5,over,9900,kalshi,346058,Chicago White Sox,Cleveland Guardians,2026-10-08T23:35:39.933293+00:00,2026-10-09T07:45:30.614406+00:00,2026-10-09T03:45:30.614406-04:00,2026-10-09T03:45:30.614406-04:00,propline_free_sample
2026-10-08,2026-10-09 00:00:00+00:00,Parker Messick,6.5,under,-144,kalshi,346058,Chicago White Sox,Cleveland Guardians,2026-10-08T23:35:39.933293+00:00,2026-10-09T07:45:30.614406+00:00,2026-10-09T03:45:30.614406-04:00,2026-10-09T03:45:30.614406-04:00,propline_free_sample
2026-10-08,2026-10-09 00:00:00+00:00,Parker Messick,7.5,over,9900,kalshi,346058,Chicago White Sox,Cleveland Guardians,2026-10-08T23:59:34.773761+00:00,2026-10-09T07:45:30.614406+00:00,2026-10-09T03:45:30.614406-04:00,2026-10-09T03:45:30.614406-04:00,propline_free_sample
2026-10-08,2026-10-09 00:00:00+00:00,Parker Messick,8.5,over,9900,kalshi,346058,Chicago White Sox,Cleveland Guardians,2026-10-08T22:48:18.521425+00:00,2026-10-09T07:45:30.614406+00:00,2026-10-09T03:45:30.614406-04:00,2026-10-09T03:45:30.614406-04:00,propline_free_sample
2026-10-08,2026-10-09 00:00:00+00:00,Parker Messick,9.5,over,9900,kalshi,346058,Chicago White Sox,Cleveland Guardians,2026-10-08T23:59:59.596666+00:00,2026-10-09T07:45:30.614406+00:00,2026-10-09T03:45:30.614406-04:00,2026-10-09T03:45:30.614406-04:00,propline_free_sample
2026-10-08,2026-10-09 00:00:00+00:00,Parker Messick,2.5,under,9900,kalshi,346058,Chicago White Sox,Cleveland Guardians,2026-10-08T23:56:10.086077+00:00,2026-10-09T07:45:30.614406+00:00,2026-10-09T03:45:30.614406-04:00,2026-10-09T03:45:30.614406-04:00,propline_free_sample
2026-10-08,2026-10-09 00:00:00+00:00,Parker Messick,3.5,under,9900,kalshi,346058,Chicago White Sox,Cleveland Guardians,2026-10-08T23:59:59.596666+00:00,2026-10-09T07:45:30.614406+00:00,2026-10-09T03:45:30.614406-04:00,2026-10-09T03:45:30.614406-04:00,propline_free_sample
2026-10-08,2026-10-09 00:00:00+00:00,Parker Messick,4.5,under,9900,kalshi,346058,Chicago White Sox,Cleveland Guardians,2026-10-08T23:36:23.253449+00:00,2026-10-09T07:45:30.614406+00:00,2026-10-09T03:45:30.614406-04:00,2026-10-09T03:45:30.614406-04:00,propline_free_sample
2026-10-08,2026-10-09 00:00:00+00:00,Parker Messick,5.5,under,-9900,kalshi,346058,Chicago White Sox,Cleveland Guardians,2026-10-08T21:20:02.955804+00:00,2026-10-09T07:45:30.614406+00:00,2026-10-09T03:45:30.614406-04:00,2026-10-09T03:45:30.614406-04:00,propline_free_sample
2026-10-08,2026-10-09 00:00:00+00:00,Parker Messick,7.5,under,-426,kalshi,346058,Chicago White Sox,Cleveland Guardians,2026-10-08T23:55:05.128565+00:00,2026-10-09T07:45:30.614406+00:00,2026-10-09T03:45:30.614406-04:00,2026-10-09T03:45:30.614406-04:00,propline_free_sample
2026-10-08,2026-10-09 00:00:00+00:00,Parker Messick,8.5,under,-567,kalshi,346058,Chicago White Sox,Cleveland Guardians,2026-10-08T23:26:14.386496+00:00,2026-10-09T07:45:30.614406+00:00,2026-10-09T03:45:30.614406-04:00,2026-10-09T03:45:30.614406-04:00,propline_free_sample
2026-10-08,2026-10-09 00:00:00+00:00,Parker Messick,9.5,under,-1567,kalshi,346058,Chicago White Sox,Cleveland Guardians,2026-10-08T23:55:12.437394+00:00,2026-10-09T07:45:30.614406+00:00,2026-10-09T03:45:30.614406-04:00,2026-10-09T03:45:30.614406-04:00,propline_free_sample
2026-10-08,2026-10-09 00:00:00+00:00,Parker Messick,6.5,over,158,prophetx,346058,Chicago White Sox,Cleveland Guardians,2026-10-08T21:21:31.239039+00:00,2026-10-09T07:45:30.614406+00:00,2026-10-09T03:45:30.614406-04:00,2026-10-09T03:45:30.614406-04:00,propline_free_sample
2026-10-08,2026-10-09 00:00:00+00:00,Parker Messick,6.5,under,-240,prophetx,346058,Chicago White Sox,Cleveland Guardians,2026-10-08T23:56:21.244839+00:00,2026-10-09T07:45:30.614406+00:00,2026-10-09T03:45:30.614406-04:00,2026-10-09T03:45:30.614406-04:00,propline_free_sample
2026-10-08,2026-10-09 00:00:00+00:00,Parker Messick,4.5,over,100,pick6,346058,Chicago White Sox,Cleveland Guardians,2026-10-08T21:46:29.845534+00:00,2026-10-09T07:45:30.614406+00:00,2026-10-09T03:45:30.614406-04:00,2026-10-09T03:45:30.614406-04:00,propline_free_sample
2026-10-08,2026-10-09 00:00:00+00:00,Parker Messick,5.5,over,9900,polymarket_us,346058,Chicago White Sox,Cleveland Guardians,2026-10-08T19:23:24.471828+00:00,2026-10-09T07:45:30.614406+00:00,2026-10-09T03:45:30.614406-04:00,2026-10-09T03:45:30.614406-04:00,propline_free_sample
2026-10-08,2026-10-09 00:00:00+00:00,Parker Messick,5.5,under,108,polymarket_us,346058,Chicago White Sox,Cleveland Guardians,2026-10-08T19:23:24.471828+00:00,2026-10-09T07:45:30.614406+00:00,2026-10-09T03:45:30.614406-04:00,2026-10-09T03:45:30.614406-04:00,propline_free_sample
2026-10-08,2026-10-09 00:00:00+00:00,Parker Messick,6.5,over,9900,polymarket_us,346058,Chicago White Sox,Cleveland Guardians,2026-10-08T23:57:33.222348+00:00,2026-10-09T07:45:30.614406+00:00,2026-10-09T03:45:30.614406-04:00,2026-10-09T03:45:30.614406-04:00,propline_free_sample
2026-10-08,2026-10-09 00:00:00+00:00,Parker Messick,6.5,under,-178,polymarket_us,346058,Chicago White Sox,Cleveland Guardians,2026-10-08T23:57:33.222348+00:00,2026-10-09T07:45:30.614406+00:00,2026-10-09T03:45:30.614406-04:00,2026-10-09T03:45:30.614406-04:00,propline_free_sample
2026-10-08,2026-10-09 00:00:00+00:00,Parker Messick,7.5,over,9900,polymarket_us,346058,Chicago White Sox,Cleveland Guardians,2026-10-08T23:59:46.675310+00:00,2026-10-09T07:45:30.614406+00:00,2026-10-09T03:45:30.614406-04:00,2026-10-09T03:45:30.614406-04:00,propline_free_sample
2026-10-08,2026-10-09 00:00:00+00:00,Parker Messick,8.5,over,9900,polymarket_us,346058,Chicago White Sox,Cleveland Guardians,2026-10-08T16:11:05.663146+00:00,2026-10-09T07:45:30.614406+00:00,2026-10-09T03:45:30.614406-04:00,2026-10-09T03:45:30.614406-04:00,propline_free_sample
2026-10-08,2026-10-09 00:00:00+00:00,Parker Messick,9.5,over,9900,polymarket_us,346058,Chicago White Sox,Cleveland Guardians,2026-10-08T15:52:36.505234+00:00,2026-10-09T07:45:30.614406+00:00,2026-10-09T03:45:30.614406-04:00,2026-10-09T03:45:30.614406-04:00,propline_free_sample
2026-10-08,2026-10-09 00:00:00+00:00,Parker Messick,4.5,over,-1150,polymarket_us,346058,Chicago White Sox,Cleveland Guardians,2026-10-08T23:34:29.155804+00:00,2026-10-09T07:45:30.614406+00:00,2026-10-09T03:45:30.614406-04:00,2026-10-09T03:45:30.614406-04:00,propline_free_sample
2026-10-08,2026-10-09 00:00:00+00:00,Parker Messick,4.5,under,9900,polymarket_us,346058,Chicago White Sox,Cleveland Guardians,2026-10-08T23:34:29.155804+00:00,2026-10-09T07:45:30.614406+00:00,2026-10-09T03:45:30.614406-04:00,2026-10-09T03:45:30.614406-04:00,propline_free_sample
2026-10-08,2026-10-09 00:00:00+00:00,Parker Messick,8.5,under,-809,polymarket_us,346058,Chicago White Sox,Cleveland Guardians,2026-10-08T14:18:40.001529+00:00,2026-10-09T07:45:30.614406+00:00,2026-10-09T03:45:30.614406-04:00,2026-10-09T03:45:30.614406-04:00,propline_free_sample
2026-10-08,2026-10-09 00:00:00+00:00,Parker Messick,5.5,over,-133,rebet,346058,Chicago White Sox,Cleveland Guardians,2026-10-08T18:17:21.965494+00:00,2026-10-09T07:45:30.614406+00:00,2026-10-09T03:45:30.614406-04:00,2026-10-09T03:45:30.614406-04:00,propline_free_sample
2026-10-08,2026-10-09 00:00:00+00:00,Parker Messick,5.5,under,-104,rebet,346058,Chicago White Sox,Cleveland Guardians,2026-10-08T18:17:21.965494+00:00,2026-10-09T07:45:30.614406+00:00,2026-10-09T03:45:30.614406-04:00,2026-10-09T03:45:30.614406-04:00,propline_free_sample
2026-10-08,2026-10-09 00:00:00+00:00,Parker Messick,9.5,under,-2400,polymarket_us,346058,Chicago White Sox,Cleveland Guardians,2026-10-08T15:52:36.505234+00:00,2026-10-09T07:45:30.614406+00:00,2026-10-09T03:45:30.614406-04:00,2026-10-09T03:45:30.614406-04:00,propline_free_sample
2026-10-08,2026-10-09 00:00:00+00:00,Parker Messick,7.5,under,-426,polymarket_us,346058,Chicago White Sox,Cleveland Guardians,2026-10-08T23:56:21.800880+00:00,2026-10-09T07:45:30.614406+00:00,2026-10-09T03:45:30.614406-04:00,2026-10-09T03:45:30.614406-04:00,propline_free_sample
2026-10-08,2026-10-09 00:00:00+00:00,Parker Messick,7.5,over,110,fanatics,346058,Chicago White Sox,Cleveland Guardians,2026-10-08T23:59:45.878283+00:00,2026-10-09T07:45:30.614406+00:00,2026-10-09T03:45:30.614406-04:00,2026-10-09T03:45:30.614406-04:00,propline_free_sample
2026-10-08,2026-10-09 00:00:00+00:00,Parker Messick,7.5,under,-145,fanatics,346058,Chicago White Sox,Cleveland Guardians,2026-10-08T23:59:45.878283+00:00,2026-10-09T07:45:30.614406+00:00,2026-10-09T03:45:30.614406-04:00,2026-10-09T03:45:30.614406-04:00,propline_free_sample
2026-10-08,2026-10-09 00:00:00+00:00,Hagen Smith,1.5,over,-133,dabble,346058,Chicago White Sox,Cleveland Guardians,2026-10-08T23:56:03.974372+00:00,2026-10-09T07:45:30.614406+00:00,2026-10-09T03:45:30.614406-04:00,2026-10-09T03:45:30.614406-04:00,propline_free_sample
2026-10-08,2026-10-09 00:00:00+00:00,Hagen Smith,1.5,under,134,dabble,346058,Chicago White Sox,Cleveland Guardians,2026-10-08T23:56:03.974372+00:00,2026-10-09T07:45:30.614406+00:00,2026-10-09T03:45:30.614406-04:00,2026-10-09T03:45:30.614406-04:00,propline_free_sample
2026-10-08,2026-10-09 00:00:00+00:00,Hagen Smith,1.5,over,146,underdog,346058,Chicago White Sox,Cleveland Guardians,2026-10-08T23:54:09.284072+00:00,2026-10-09T07:45:30.614406+00:00,2026-10-09T03:45:30.614406-04:00,2026-10-09T03:45:30.614406-04:00,propline_free_sample
2026-10-08,2026-10-09 00:00:00+00:00,Hagen Smith,1.5,under,-223,underdog,346058,Chicago White Sox,Cleveland Guardians,2026-10-08T23:54:09.284072+00:00,2026-10-09T07:45:30.614406+00:00,2026-10-09T03:45:30.614406-04:00,2026-10-09T03:45:30.614406-04:00,propline_free_sample
2026-10-08,2026-10-09 00:00:00+00:00,Hagen Smith,1.5,over,-167,smarkets,346058,Chicago White Sox,Cleveland Guardians,2026-10-08T23:57:20.649372+00:00,2026-10-09T07:45:30.614406+00:00,2026-10-09T03:45:30.614406-04:00,2026-10-09T03:45:30.614406-04:00,propline_free_sample
2026-10-08,2026-10-09 00:00:00+00:00,Hagen Smith,1.5,under,118,smarkets,346058,Chicago White Sox,Cleveland Guardians,2026-10-08T23:57:20.649372+00:00,2026-10-09T07:45:30.614406+00:00,2026-10-09T03:45:30.614406-04:00,2026-10-09T03:45:30.614406-04:00,propline_free_sample
2026-10-08,2026-10-09 00:00:00+00:00,Parker Messick,5.5,over,-733,novig,346058,Chicago White Sox,Cleveland Guardians,2026-10-08T23:47:19.064640+00:00,2026-10-09T07:45:30.614406+00:00,2026-10-09T03:45:30.614406-04:00,2026-10-09T03:45:30.614406-04:00,propline_free_sample
2026-10-08,2026-10-09 00:00:00+00:00,Parker Messick,5.5,under,170,novig,346058,Chicago White Sox,Cleveland Guardians,2026-10-08T23:59:43.131218+00:00,2026-10-09T07:45:30.614406+00:00,2026-10-09T03:45:30.614406-04:00,2026-10-09T03:45:30.614406-04:00,propline_free_sample
2026-10-08,2026-10-09 00:00:00+00:00,Hagen Smith,1.5,over,100,prizepicks,346058,Chicago White Sox,Cleveland Guardians,2026-10-08T03:42:51.196396+00:00,2026-10-09T07:45:30.614406+00:00,2026-10-09T03:45:30.614406-04:00,2026-10-09T03:45:30.614406-04:00,propline_free_sample
2026-10-08,2026-10-09 00:00:00+00:00,Hagen Smith,1.5,under,100,prizepicks,346058,Chicago White Sox,Cleveland Guardians,2026-10-08T03:42:51.196396+00:00,2026-10-09T07:45:30.614406+00:00,2026-10-09T03:45:30.614406-04:00,2026-10-09T03:45:30.614406-04:00,propline_free_sample
2026-10-08,2026-10-09 00:00:00+00:00,Hagen Smith,2.5,over,143,courtside,346058,Chicago White Sox,Cleveland Guardians,2026-10-08T17:22:04.990233+00:00,2026-10-09T07:45:30.614406+00:00,2026-10-09T03:45:30.614406-04:00,2026-10-09T03:45:30.614406-04:00,propline_free_sample
2026-10-08,2026-10-09 00:00:00+00:00,Hagen Smith,2.5,under,-184,courtside,346058,Chicago White Sox,Cleveland Guardians,2026-10-08T17:22:04.990233+00:00,2026-10-09T07:45:30.614406+00:00,2026-10-09T03:45:30.614406-04:00,2026-10-09T03:45:30.614406-04:00,propline_free_sample
2026-10-08,2026-10-09 00:00:00+00:00,Hagen Smith,1.5,over,-148,draftkings,346058,Chicago White Sox,Cleveland Guardians,2026-10-08T23:59:42.793465+00:00,2026-10-09T07:45:30.614406+00:00,2026-10-09T03:45:30.614406-04:00,2026-10-09T03:45:30.614406-04:00,propline_free_sample
2026-10-08,2026-10-09 00:00:00+00:00,Hagen Smith,1.5,under,116,draftkings,346058,Chicago White Sox,Cleveland Guardians,2026-10-08T23:59:42.793465+00:00,2026-10-09T07:45:30.614406+00:00,2026-10-09T03:45:30.614406-04:00,2026-10-09T03:45:30.614406-04:00,propline_free_sample
2026-10-08,2026-10-09 00:00:00+00:00,Hagen Smith,2.5,over,100,prizepicks,346058,Chicago White Sox,Cleveland Guardians,2026-10-08T03:47:51.240559+00:00,2026-10-09T07:45:30.614406+00:00,2026-10-09T03:45:30.614406-04:00,2026-10-09T03:45:30.614406-04:00,propline_free_sample
2026-10-08,2026-10-09 00:00:00+00:00,Hagen Smith,2.5,under,100,prizepicks,346058,Chicago White Sox,Cleveland Guardians,2026-10-08T03:47:51.240559+00:00,2026-10-09T07:45:30.614406+00:00,2026-10-09T03:45:30.614406-04:00,2026-10-09T03:45:30.614406-04:00,propline_free_sample
2026-10-08,2026-10-09 00:00:00+00:00,Hagen Smith,3.5,over,100,prizepicks,346058,Chicago White Sox,Cleveland Guardians,2026-10-08T03:47:51.240559+00:00,2026-10-09T07:45:30.614406+00:00,2026-10-09T03:45:30.614406-04:00,2026-10-09T03:45:30.614406-04:00,propline_free_sample
2026-10-08,2026-10-09 00:00:00+00:00,Hagen Smith,4.5,over,100,prizepicks,346058,Chicago White Sox,Cleveland Guardians,2026-10-08T03:47:51.240559+00:00,2026-10-09T07:45:30.614406+00:00,2026-10-09T03:45:30.614406-04:00,2026-10-09T03:45:30.614406-04:00,propline_free_sample
2026-10-08,2026-10-09 00:00:00+00:00,Hagen Smith,5.5,over,100,prizepicks,346058,Chicago White Sox,Cleveland Guardians,2026-10-08T03:47:51.240559+00:00,2026-10-09T07:45:30.614406+00:00,2026-10-09T03:45:30.614406-04:00,2026-10-09T03:45:30.614406-04:00,propline_free_sample
2026-10-08,2026-10-09 00:00:00+00:00,Hagen Smith,1.5,over,-170,onexbet,346058,Chicago White Sox,Cleveland Guardians,2026-10-08T22:45:44.309669+00:00,2026-10-09T07:45:30.614406+00:00,2026-10-09T03:45:30.614406-04:00,2026-10-09T03:45:30.614406-04:00,propline_free_sample
2026-10-08,2026-10-09 00:00:00+00:00,Hagen Smith,1.5,under,130,onexbet,346058,Chicago White Sox,Cleveland Guardians,2026-10-08T22:45:44.309669+00:00,2026-10-09T07:45:30.614406+00:00,2026-10-09T03:45:30.614406-04:00,2026-10-09T03:45:30.614406-04:00,propline_free_sample
2026-10-08,2026-10-09 00:00:00+00:00,Parker Messick,5.5,over,-123,prophetx,346058,Chicago White Sox,Cleveland Guardians,2026-10-08T22:30:53.513363+00:00,2026-10-09T07:45:30.614406+00:00,2026-10-09T03:45:30.614406-04:00,2026-10-09T03:45:30.614406-04:00,propline_free_sample
2026-10-08,2026-10-09 00:00:00+00:00,Parker Messick,5.5,under,-102,prophetx,346058,Chicago White Sox,Cleveland Guardians,2026-10-08T23:40:51.432152+00:00,2026-10-09T07:45:30.614406+00:00,2026-10-09T03:45:30.614406-04:00,2026-10-09T03:45:30.614406-04:00,propline_free_sample
2026-10-08,2026-10-09 00:00:00+00:00,Hagen Smith,2.5,over,9900,kalshi,346058,Chicago White Sox,Cleveland Guardians,2026-10-08T23:59:59.596666+00:00,2026-10-09T07:45:30.614406+00:00,2026-10-09T03:45:30.614406-04:00,2026-10-09T03:45:30.614406-04:00,propline_free_sample
2026-10-08,2026-10-09 00:00:00+00:00,Hagen Smith,3.5,over,9900,kalshi,346058,Chicago White Sox,Cleveland Guardians,2026-10-08T23:52:44.875110+00:00,2026-10-09T07:45:30.614406+00:00,2026-10-09T03:45:30.614406-04:00,2026-10-09T03:45:30.614406-04:00,propline_free_sample
2026-10-08,2026-10-09 00:00:00+00:00,Hagen Smith,4.5,over,9900,kalshi,346058,Chicago White Sox,Cleveland Guardians,2026-10-08T23:38:45.363078+00:00,2026-10-09T07:45:30.614406+00:00,2026-10-09T03:45:30.614406-04:00,2026-10-09T03:45:30.614406-04:00,propline_free_sample
2026-10-08,2026-10-09 00:00:00+00:00,Hagen Smith,5.5,over,9900,kalshi,346058,Chicago White Sox,Cleveland Guardians,2026-10-08T23:59:59.596666+00:00,2026-10-09T07:45:30.614406+00:00,2026-10-09T03:45:30.614406-04:00,2026-10-09T03:45:30.614406-04:00,propline_free_sample
2026-10-08,2026-10-09 00:00:00+00:00,Hagen Smith,0.5,over,9900,kalshi,346058,Chicago White Sox,Cleveland Guardians,2026-10-08T23:59:34.773761+00:00,2026-10-09T07:45:30.614406+00:00,2026-10-09T03:45:30.614406-04:00,2026-10-09T03:45:30.614406-04:00,propline_free_sample
2026-10-08,2026-10-09 00:00:00+00:00,Hagen Smith,0.5,under,117,kalshi,346058,Chicago White Sox,Cleveland Guardians,2026-10-08T23:45:16.013356+00:00,2026-10-09T07:45:30.614406+00:00,2026-10-09T03:45:30.614406-04:00,2026-10-09T03:45:30.614406-04:00,propline_free_sample
2026-10-08,2026-10-09 00:00:00+00:00,Hagen Smith,1.5,over,9900,kalshi,346058,Chicago White Sox,Cleveland Guardians,2026-10-08T23:59:59.596666+00:00,2026-10-09T07:45:30.614406+00:00,2026-10-09T03:45:30.614406-04:00,2026-10-09T03:45:30.614406-04:00,propline_free_sample
2026-10-08,2026-10-09 00:00:00+00:00,Hagen Smith,1.5,under,-1150,kalshi,346058,Chicago White Sox,Cleveland Guardians,2026-10-08T23:56:10.086077+00:00,2026-10-09T07:45:30.614406+00:00,2026-10-09T03:45:30.614406-04:00,2026-10-09T03:45:30.614406-04:00,propline_free_sample
2026-10-08,2026-10-09 00:00:00+00:00,Hagen Smith,2.5,under,-1567,kalshi,346058,Chicago White Sox,Cleveland Guardians,2026-10-08T23:02:14.022222+00:00,2026-10-09T07:45:30.614406+00:00,2026-10-09T03:45:30.614406-04:00,2026-10-09T03:45:30.614406-04:00,propline_free_sample
2026-10-08,2026-10-09 00:00:00+00:00,Parker Messick,5.5,over,-170,courtside,346058,Chicago White Sox,Cleveland Guardians,2026-10-08T23:53:38.481171+00:00,2026-10-09T07:45:30.614406+00:00,2026-10-09T03:45:30.614406-04:00,2026-10-09T03:45:30.614406-04:00,propline_free_sample
2026-10-08,2026-10-09 00:00:00+00:00,Parker Messick,5.5,under,125,courtside,346058,Chicago White Sox,Cleveland Guardians,2026-10-08T23:53:38.481171+00:00,2026-10-09T07:45:30.614406+00:00,2026-10-09T03:45:30.614406-04:00,2026-10-09T03:45:30.614406-04:00,propline_free_sample
2026-10-08,2026-10-09 00:00:00+00:00,Parker Messick,6.5,over,100,pick6,346058,Chicago White Sox,Cleveland Guardians,2026-10-08T21:54:32.575112+00:00,2026-10-09T07:45:30.614406+00:00,2026-10-09T03:45:30.614406-04:00,2026-10-09T03:45:30.614406-04:00,propline_free_sample
2026-10-08,2026-10-09 00:00:00+00:00,Hagen Smith,1.5,over,-150,fanatics,346058,Chicago White Sox,Cleveland Guardians,2026-10-08T23:59:45.878283+00:00,2026-10-09T07:45:30.614406+00:00,2026-10-09T03:45:30.614406-04:00,2026-10-09T03:45:30.614406-04:00,propline_free_sample
2026-10-08,2026-10-09 00:00:00+00:00,Hagen Smith,1.5,under,115,fanatics,346058,Chicago White Sox,Cleveland Guardians,2026-10-08T23:59:45.878283+00:00,2026-10-09T07:45:30.614406+00:00,2026-10-09T03:45:30.614406-04:00,2026-10-09T03:45:30.614406-04:00,propline_free_sample
2026-10-08,2026-10-09 00:00:00+00:00,Hagen Smith,1.5,over,-152,rebet,346058,Chicago White Sox,Cleveland Guardians,2026-10-08T22:24:49.289742+00:00,2026-10-09T07:45:30.614406+00:00,2026-10-09T03:45:30.614406-04:00,2026-10-09T03:45:30.614406-04:00,propline_free_sample
2026-10-08,2026-10-09 00:00:00+00:00,Hagen Smith,1.5,under,109,rebet,346058,Chicago White Sox,Cleveland Guardians,2026-10-08T22:24:49.289742+00:00,2026-10-09T07:45:30.614406+00:00,2026-10-09T03:45:30.614406-04:00,2026-10-09T03:45:30.614406-04:00,propline_free_sample
2026-10-08,2026-10-09 00:00:00+00:00,Hagen Smith,5.5,under,-9900,kalshi,346058,Chicago White Sox,Cleveland Guardians,2026-10-08T23:56:10.086077+00:00,2026-10-09T07:45:30.614406+00:00,2026-10-09T03:45:30.614406-04:00,2026-10-09T03:45:30.614406-04:00,propline_free_sample
2026-10-08,2026-10-09 00:00:00+00:00,Hagen Smith,0.5,under,-144,polymarket_us,346058,Chicago White Sox,Cleveland Guardians,2026-10-08T22:52:50.542770+00:00,2026-10-09T07:45:30.614406+00:00,2026-10-09T03:45:30.614406-04:00,2026-10-09T03:45:30.614406-04:00,propline_free_sample
2026-10-08,2026-10-09 00:00:00+00:00,Hagen Smith,4.5,under,-4900,kalshi,346058,Chicago White Sox,Cleveland Guardians,2026-10-08T23:44:13.367558+00:00,2026-10-09T07:45:30.614406+00:00,2026-10-09T03:45:30.614406-04:00,2026-10-09T03:45:30.614406-04:00,propline_free_sample
2026-10-08,2026-10-09 00:00:00+00:00,Hagen Smith,0.5,over,9900,polymarket_us,346058,Chicago White Sox,Cleveland Guardians,2026-10-08T22:52:50.542770+00:00,2026-10-09T07:45:30.614406+00:00,2026-10-09T03:45:30.614406-04:00,2026-10-09T03:45:30.614406-04:00,propline_free_sample
2026-10-08,2026-10-09 00:00:00+00:00,Hagen Smith,2.5,over,9900,polymarket_us,346058,Chicago White Sox,Cleveland Guardians,2026-10-08T23:00:23.595176+00:00,2026-10-09T07:45:30.614406+00:00,2026-10-09T03:45:30.614406-04:00,2026-10-09T03:45:30.614406-04:00,propline_free_sample
2026-10-08,2026-10-09 00:00:00+00:00,Hagen Smith,3.5,over,9900,polymarket_us,346058,Chicago White Sox,Cleveland Guardians,2026-10-08T16:04:05.824534+00:00,2026-10-09T07:45:30.614406+00:00,2026-10-09T03:45:30.614406-04:00,2026-10-09T03:45:30.614406-04:00,propline_free_sample
2026-10-08,2026-10-09 00:00:00+00:00,Hagen Smith,1.5,over,-160,sportzino,346058,Chicago White Sox,Cleveland Guardians,2026-10-08T23:56:37.509581+00:00,2026-10-09T07:45:30.614406+00:00,2026-10-09T03:45:30.614406-04:00,2026-10-09T03:45:30.614406-04:00,propline_free_sample
2026-10-08,2026-10-09 00:00:00+00:00,Parker Messick,5.5,over,-140,sportzino,346058,Chicago White Sox,Cleveland Guardians,2026-10-08T23:53:41.259047+00:00,2026-10-09T07:45:30.614406+00:00,2026-10-09T03:45:30.614406-04:00,2026-10-09T03:45:30.614406-04:00,propline_free_sample
2026-10-08,2026-10-09 00:00:00+00:00,Hagen Smith,1.5,under,110,sportzino,346058,Chicago White Sox,Cleveland Guardians,2026-10-08T23:56:37.509581+00:00,2026-10-09T07:45:30.614406+00:00,2026-10-09T03:45:30.614406-04:00,2026-10-09T03:45:30.614406-04:00,propline_free_sample
2026-10-08,2026-10-09 00:00:00+00:00,Parker Messick,5.5,under,-105,sportzino,346058,Chicago White Sox,Cleveland Guardians,2026-10-08T23:53:41.259047+00:00,2026-10-09T07:45:30.614406+00:00,2026-10-09T03:45:30.614406-04:00,2026-10-09T03:45:30.614406-04:00,propline_free_sample
2026-10-08,2026-10-09 00:00:00+00:00,Parker Messick,5.5,over,-137,pinnacle,346058,Chicago White Sox,Cleveland Guardians,2026-10-08T19:47:54.737481+00:00,2026-10-09T07:45:30.614406+00:00,2026-10-09T03:45:30.614406-04:00,2026-10-09T03:45:30.614406-04:00,propline_free_sample
2026-10-08,2026-10-09 00:00:00+00:00,Parker Messick,5.5,under,113,pinnacle,346058,Chicago White Sox,Cleveland Guardians,2026-10-08T19:47:54.737481+00:00,2026-10-09T07:45:30.614406+00:00,2026-10-09T03:45:30.614406-04:00,2026-10-09T03:45:30.614406-04:00,propline_free_sample
2026-10-08,2026-10-09 00:00:00+00:00,Hagen Smith,2.5,over,300,novig,346058,Chicago White Sox,Cleveland Guardians,2026-10-08T23:59:43.131218+00:00,2026-10-09T07:45:30.614406+00:00,2026-10-09T03:45:30.614406-04:00,2026-10-09T03:45:30.614406-04:00,propline_free_sample
2026-10-08,2026-10-09 00:00:00+00:00,Hagen Smith,2.5,under,-19900,novig,346058,Chicago White Sox,Cleveland Guardians,2026-10-08T23:58:33.910535+00:00,2026-10-09T07:45:30.614406+00:00,2026-10-09T03:45:30.614406-04:00,2026-10-09T03:45:30.614406-04:00,propline_free_sample
2026-10-08,2026-10-09 00:00:00+00:00,Hagen Smith,1.5,over,110,courtside,346058,Chicago White Sox,Cleveland Guardians,2026-10-08T23:59:56.638626+00:00,2026-10-09T07:45:30.614406+00:00,2026-10-09T03:45:30.614406-04:00,2026-10-09T03:45:30.614406-04:00,propline_free_sample
2026-10-08,2026-10-09 00:00:00+00:00,Hagen Smith,1.5,under,-150,courtside,346058,Chicago White Sox,Cleveland Guardians,2026-10-08T23:59:56.638626+00:00,2026-10-09T07:45:30.614406+00:00,2026-10-09T03:45:30.614406-04:00,2026-10-09T03:45:30.614406-04:00,propline_free_sample
2026-10-08,2026-10-09 00:00:00+00:00,Hagen Smith,4.5,over,9900,polymarket_us,346058,Chicago White Sox,Cleveland Guardians,2026-10-08T23:48:28.289514+00:00,2026-10-09T07:45:30.614406+00:00,2026-10-09T03:45:30.614406-04:00,2026-10-09T03:45:30.614406-04:00,propline_free_sample
2026-10-08,2026-10-09 00:00:00+00:00,Hagen Smith,4.5,under,-1011,polymarket_us,346058,Chicago White Sox,Cleveland Guardians,2026-10-08T23:48:28.289514+00:00,2026-10-09T07:45:30.614406+00:00,2026-10-09T03:45:30.614406-04:00,2026-10-09T03:45:30.614406-04:00,propline_free_sample
2026-10-08,2026-10-09 00:00:00+00:00,Hagen Smith,2.5,under,-2400,polymarket_us,346058,Chicago White Sox,Cleveland Guardians,2026-10-08T23:00:23.595176+00:00,2026-10-09T07:45:30.614406+00:00,2026-10-09T03:45:30.614406-04:00,2026-10-09T03:45:30.614406-04:00,propline_free_sample
2026-10-08,2026-10-09 00:00:00+00:00,Hagen Smith,1.5,over,9900,polymarket_us,346058,Chicago White Sox,Cleveland Guardians,2026-10-08T23:21:54.344081+00:00,2026-10-09T07:45:30.614406+00:00,2026-10-09T03:45:30.614406-04:00,2026-10-09T03:45:30.614406-04:00,propline_free_sample
2026-10-08,2026-10-09 00:00:00+00:00,Hagen Smith,1.5,under,-1150,polymarket_us,346058,Chicago White Sox,Cleveland Guardians,2026-10-08T23:21:54.344081+00:00,2026-10-09T07:45:30.614406+00:00,2026-10-09T03:45:30.614406-04:00,2026-10-09T03:45:30.614406-04:00,propline_free_sample
2026-10-08,2026-10-09 00:00:00+00:00,Hagen Smith,3.5,under,-9900,kalshi,346058,Chicago White Sox,Cleveland Guardians,2026-10-08T21:02:29.925424+00:00,2026-10-09T07:45:30.614406+00:00,2026-10-09T03:45:30.614406-04:00,2026-10-09T03:45:30.614406-04:00,propline_free_sample
2026-10-08,2026-10-09 00:00:00+00:00,Hagen Smith,3.5,under,-426,polymarket_us,346058,Chicago White Sox,Cleveland Guardians,2026-10-08T17:07:30.359094+00:00,2026-10-09T07:45:30.614406+00:00,2026-10-09T03:45:30.614406-04:00,2026-10-09T03:45:30.614406-04:00,propline_free_sample
2026-10-08,2026-10-09 00:00:00+00:00,Parker Messick,3.5,over,-2400,polymarket_us,346058,Chicago White Sox,Cleveland Guardians,2026-10-08T23:34:29.155804+00:00,2026-10-09T07:45:30.614406+00:00,2026-10-09T03:45:30.614406-04:00,2026-10-09T03:45:30.614406-04:00,propline_free_sample
2026-10-08,2026-10-09 00:00:00+00:00,Parker Messick,3.5,under,9900,polymarket_us,346058,Chicago White Sox,Cleveland Guardians,2026-10-08T23:34:29.155804+00:00,2026-10-09T07:45:30.614406+00:00,2026-10-09T03:45:30.614406-04:00,2026-10-09T03:45:30.614406-04:00,propline_free_sample
2026-10-08,2026-10-09 00:00:00+00:00,Hagen Smith,1.5,over,100,pick6,346058,Chicago White Sox,Cleveland Guardians,2026-10-08T17:30:10.404662+00:00,2026-10-09T07:45:30.614406+00:00,2026-10-09T03:45:30.614406-04:00,2026-10-09T03:45:30.614406-04:00,propline_free_sample
2026-10-08,2026-10-09 00:00:00+00:00,Hagen Smith,1.5,under,100,pick6,346058,Chicago White Sox,Cleveland Guardians,2026-10-08T22:10:48.800392+00:00,2026-10-09T07:45:30.614406+00:00,2026-10-09T03:45:30.614406-04:00,2026-10-09T03:45:30.614406-04:00,propline_free_sample
2026-10-08,2026-10-09 00:00:00+00:00,Hagen Smith,3.5,over,100,pick6,346058,Chicago White Sox,Cleveland Guardians,2026-10-08T23:59:58.272203+00:00,2026-10-09T07:45:30.614406+00:00,2026-10-09T03:45:30.614406-04:00,2026-10-09T03:45:30.614406-04:00,propline_free_sample
2026-10-08,2026-10-09 00:00:00+00:00,Hagen Smith,5.5,over,100,pick6,346058,Chicago White Sox,Cleveland Guardians,2026-10-08T23:59:58.272203+00:00,2026-10-09T07:45:30.614406+00:00,2026-10-09T03:45:30.614406-04:00,2026-10-09T03:45:30.614406-04:00,propline_free_sample
2026-10-08,2026-10-09 00:00:00+00:00,Hagen Smith,4.5,over,100,pick6,346058,Chicago White Sox,Cleveland Guardians,2026-10-08T23:59:58.272203+00:00,2026-10-09T07:45:30.614406+00:00,2026-10-09T03:45:30.614406-04:00,2026-10-09T03:45:30.614406-04:00,propline_free_sample
2026-10-08,2026-10-09 00:00:00+00:00,Hagen Smith,2.5,over,100,pick6,346058,Chicago White Sox,Cleveland Guardians,2026-10-08T22:10:48.800392+00:00,2026-10-09T07:45:30.614406+00:00,2026-10-09T03:45:30.614406-04:00,2026-10-09T03:45:30.614406-04:00,propline_free_sample
2026-10-08,2026-10-09 00:00:00+00:00,Hagen Smith,1.5,over,100,pick6,346058,Chicago White Sox,Cleveland Guardians,2026-10-08T17:24:03.414115+00:00,2026-10-09T07:45:30.614406+00:00,2026-10-09T03:45:30.614406-04:00,2026-10-09T03:45:30.614406-04:00,propline_free_sample
2026-10-08,2026-10-09 00:00:00+00:00,Hagen Smith,1.5,over,-182,sleeper,346058,Chicago White Sox,Cleveland Guardians,2026-10-08T23:56:03.653479+00:00,2026-10-09T07:45:30.614406+00:00,2026-10-09T03:45:30.614406-04:00,2026-10-09T03:45:30.614406-04:00,propline_free_sample
2026-10-08,2026-10-09 00:00:00+00:00,Hagen Smith,1.5,under,108,sleeper,346058,Chicago White Sox,Cleveland Guardians,2026-10-08T23:33:09.983246+00:00,2026-10-09T07:45:30.614406+00:00,2026-10-09T03:45:30.614406-04:00,2026-10-09T03:45:30.614406-04:00,propline_free_sample
2026-10-08,2026-10-09 00:00:00+00:00,Hagen Smith,1.5,over,-175,fliff,346058,Chicago White Sox,Cleveland Guardians,2026-10-08T23:32:36.763723+00:00,2026-10-09T07:45:30.614406+00:00,2026-10-09T03:45:30.614406-04:00,2026-10-09T03:45:30.614406-04:00,propline_free_sample
2026-10-08,2026-10-09 00:00:00+00:00,Hagen Smith,1.5,under,110,fliff,346058,Chicago White Sox,Cleveland Guardians,2026-10-08T23:57:45.320850+00:00,2026-10-09T07:45:30.614406+00:00,2026-10-09T03:45:30.614406-04:00,2026-10-09T03:45:30.614406-04:00,propline_free_sample
2026-10-08,2026-10-09 00:00:00+00:00,Parker Messick,5.5,over,-175,betmgm,346058,Chicago White Sox,Cleveland Guardians,2026-10-08T22:51:40.134106+00:00,2026-10-09T07:45:30.614406+00:00,2026-10-09T03:45:30.614406-04:00,2026-10-09T03:45:30.614406-04:00,propline_free_sample
2026-10-08,2026-10-09 00:00:00+00:00,Parker Messick,5.5,under,125,betmgm,346058,Chicago White Sox,Cleveland Guardians,2026-10-08T22:51:40.134106+00:00,2026-10-09T07:45:30.614406+00:00,2026-10-09T03:45:30.614406-04:00,2026-10-09T03:45:30.614406-04:00,propline_free_sample
2026-10-08,2026-10-09 00:00:00+00:00,Hagen Smith,1.5,over,-189,parlayplay,346058,Chicago White Sox,Cleveland Guardians,2026-10-08T23:59:55.480953+00:00,2026-10-09T07:45:30.614406+00:00,2026-10-09T03:45:30.614406-04:00,2026-10-09T03:45:30.614406-04:00,propline_free_sample
2026-10-08,2026-10-09 00:00:00+00:00,Parker Messick,7.5,over,-114,parlayplay,346058,Chicago White Sox,Cleveland Guardians,2026-10-08T23:53:39.579447+00:00,2026-10-09T07:45:30.614406+00:00,2026-10-09T03:45:30.614406-04:00,2026-10-09T03:45:30.614406-04:00,propline_free_sample
2026-10-08,2026-10-09 00:00:00+00:00,Hagen Smith,1.5,under,106,parlayplay,346058,Chicago White Sox,Cleveland Guardians,2026-10-08T23:59:55.480953+00:00,2026-10-09T07:45:30.614406+00:00,2026-10-09T03:45:30.614406-04:00,2026-10-09T03:45:30.614406-04:00,propline_free_sample
2026-10-08,2026-10-09 00:00:00+00:00,Parker Messick,7.5,under,-141,parlayplay,346058,Chicago White Sox,Cleveland Guardians,2026-10-08T23:53:39.579447+00:00,2026-10-09T07:45:30.614406+00:00,2026-10-09T03:45:30.614406-04:00,2026-10-09T03:45:30.614406-04:00,propline_free_sample
2026-10-08,2026-10-09 00:00:00+00:00,Parker Messick,6.5,over,116,parlayplay,346058,Chicago White Sox,Cleveland Guardians,2026-10-08T20:01:13.074642+00:00,2026-10-09T07:45:30.614406+00:00,2026-10-09T03:45:30.614406-04:00,2026-10-09T03:45:30.614406-04:00,propline_free_sample
2026-10-08,2026-10-09 00:00:00+00:00,Parker Messick,6.5,under,-185,parlayplay,346058,Chicago White Sox,Cleveland Guardians,2026-10-08T19:58:09.509248+00:00,2026-10-09T07:45:30.614406+00:00,2026-10-09T03:45:30.614406-04:00,2026-10-09T03:45:30.614406-04:00,propline_free_sample
2026-10-08,2026-10-09 00:00:00+00:00,Parker Messick,10.5,under,-9900,kalshi,346058,Chicago White Sox,Cleveland Guardians,2026-10-08T23:56:10.086077+00:00,2026-10-09T07:45:30.614406+00:00,2026-10-09T03:45:30.614406-04:00,2026-10-09T03:45:30.614406-04:00,propline_free_sample
2026-10-08,2026-10-09 00:00:00+00:00,Hagen Smith,3.5,under,100,prizepicks,346058,Chicago White Sox,Cleveland Guardians,2026-10-08T09:32:57.035156+00:00,2026-10-09T07:45:30.614406+00:00,2026-10-09T03:45:30.614406-04:00,2026-10-09T03:45:30.614406-04:00,propline_free_sample
2026-10-08,2026-10-09 00:00:00+00:00,Hagen Smith,0.5,over,100,prizepicks,346058,Chicago White Sox,Cleveland Guardians,2026-10-08T10:02:58.247237+00:00,2026-10-09T07:45:30.614406+00:00,2026-10-09T03:45:30.614406-04:00,2026-10-09T03:45:30.614406-04:00,propline_free_sample
2026-10-08,2026-10-09 00:00:00+00:00,Hagen Smith,0.5,under,100,prizepicks,346058,Chicago White Sox,Cleveland Guardians,2026-10-08T10:02:58.247237+00:00,2026-10-09T07:45:30.614406+00:00,2026-10-09T03:45:30.614406-04:00,2026-10-09T03:45:30.614406-04:00,propline_free_sample
2026-10-08,2026-10-09 00:00:00+00:00,Hagen Smith,0.5,over,-650,hardrock,346058,Chicago White Sox,Cleveland Guardians,2026-10-08T22:16:47.259336+00:00,2026-10-09T07:45:30.614406+00:00,2026-10-09T03:45:30.614406-04:00,2026-10-09T03:45:30.614406-04:00,propline_free_sample
2026-10-08,2026-10-09 00:00:00+00:00,Hagen Smith,0.5,under,375,hardrock,346058,Chicago White Sox,Cleveland Guardians,2026-10-08T22:16:47.259336+00:00,2026-10-09T07:45:30.614406+00:00,2026-10-09T03:45:30.614406-04:00,2026-10-09T03:45:30.614406-04:00,propline_free_sample
2026-10-08,2026-10-09 00:00:00+00:00,Hagen Smith,1.5,over,-155,hardrock,346058,Chicago White Sox,Cleveland Guardians,2026-10-08T23:32:33.531361+00:00,2026-10-09T07:45:30.614406+00:00,2026-10-09T03:45:30.614406-04:00,2026-10-09T03:45:30.614406-04:00,propline_free_sample
2026-10-08,2026-10-09 00:00:00+00:00,Hagen Smith,1.5,under,120,hardrock,346058,Chicago White Sox,Cleveland Guardians,2026-10-08T22:16:47.259336+00:00,2026-10-09T07:45:30.614406+00:00,2026-10-09T03:45:30.614406-04:00,2026-10-09T03:45:30.614406-04:00,propline_free_sample
2026-10-08,2026-10-09 00:00:00+00:00,Hagen Smith,2.5,over,160,hardrock,346058,Chicago White Sox,Cleveland Guardians,2026-10-08T22:16:47.259336+00:00,2026-10-09T07:45:30.614406+00:00,2026-10-09T03:45:30.614406-04:00,2026-10-09T03:45:30.614406-04:00,propline_free_sample
2026-10-08,2026-10-09 00:00:00+00:00,Hagen Smith,2.5,under,-230,hardrock,346058,Chicago White Sox,Cleveland Guardians,2026-10-08T23:32:33.531361+00:00,2026-10-09T07:45:30.614406+00:00,2026-10-09T03:45:30.614406-04:00,2026-10-09T03:45:30.614406-04:00,propline_free_sample
2026-10-08,2026-10-09 00:00:00+00:00,Hagen Smith,3.5,over,400,hardrock,346058,Chicago White Sox,Cleveland Guardians,2026-10-08T23:32:33.531361+00:00,2026-10-09T07:45:30.614406+00:00,2026-10-09T03:45:30.614406-04:00,2026-10-09T03:45:30.614406-04:00,propline_free_sample
2026-10-08,2026-10-09 00:00:00+00:00,Hagen Smith,3.5,under,-750,hardrock,346058,Chicago White Sox,Cleveland Guardians,2026-10-08T23:32:33.531361+00:00,2026-10-09T07:45:30.614406+00:00,2026-10-09T03:45:30.614406-04:00,2026-10-09T03:45:30.614406-04:00,propline_free_sample
2026-10-08,2026-10-09 00:00:00+00:00,Hagen Smith,4.5,over,850,hardrock,346058,Chicago White Sox,Cleveland Guardians,2026-10-08T20:46:38.900362+00:00,2026-10-09T07:45:30.614406+00:00,2026-10-09T03:45:30.614406-04:00,2026-10-09T03:45:30.614406-04:00,propline_free_sample
2026-10-08,2026-10-09 00:00:00+00:00,Hagen Smith,4.5,under,-4000,hardrock,346058,Chicago White Sox,Cleveland Guardians,2026-10-08T20:46:38.900362+00:00,2026-10-09T07:45:30.614406+00:00,2026-10-09T03:45:30.614406-04:00,2026-10-09T03:45:30.614406-04:00,propline_free_sample
2026-10-08,2026-10-09 00:00:00+00:00,Hagen Smith,5.5,over,2500,hardrock,346058,Chicago White Sox,Cleveland Guardians,2026-10-08T17:30:05.452998+00:00,2026-10-09T07:45:30.614406+00:00,2026-10-09T03:45:30.614406-04:00,2026-10-09T03:45:30.614406-04:00,propline_free_sample
2026-10-08,2026-10-09 00:00:00+00:00,Hagen Smith,5.5,under,-10000,hardrock,346058,Chicago White Sox,Cleveland Guardians,2026-10-08T17:30:05.452998+00:00,2026-10-09T07:45:30.614406+00:00,2026-10-09T03:45:30.614406-04:00,2026-10-09T03:45:30.614406-04:00,propline_free_sample
2026-10-08,2026-10-09 00:00:00+00:00,Parker Messick,4.5,over,-9900,novig,346058,Chicago White Sox,Cleveland Guardians,2026-10-08T23:59:43.131218+00:00,2026-10-09T07:45:30.614406+00:00,2026-10-09T03:45:30.614406-04:00,2026-10-09T03:45:30.614406-04:00,propline_free_sample
2026-10-08,2026-10-09 00:00:00+00:00,Parker Messick,4.5,under,233,novig,346058,Chicago White Sox,Cleveland Guardians,2026-10-08T23:58:33.910535+00:00,2026-10-09T07:45:30.614406+00:00,2026-10-09T03:45:30.614406-04:00,2026-10-09T03:45:30.614406-04:00,propline_free_sample
2026-10-08,2026-10-09 00:00:00+00:00,Parker Messick,7.5,over,100,novig,346058,Chicago White Sox,Cleveland Guardians,2026-10-08T22:19:36.948349+00:00,2026-10-09T07:45:30.614406+00:00,2026-10-09T03:45:30.614406-04:00,2026-10-09T03:45:30.614406-04:00,propline_free_sample
2026-10-08,2026-10-09 00:00:00+00:00,Parker Messick,7.5,under,-233,novig,346058,Chicago White Sox,Cleveland Guardians,2026-10-08T21:24:33.632200+00:00,2026-10-09T07:45:30.614406+00:00,2026-10-09T03:45:30.614406-04:00,2026-10-09T03:45:30.614406-04:00,propline_free_sample
2026-10-08,2026-10-09 00:00:00+00:00,Parker Messick,6.0,over,108,prophetx,346058,Chicago White Sox,Cleveland Guardians,2026-10-08T23:49:28.307975+00:00,2026-10-09T07:45:30.614406+00:00,2026-10-09T03:45:30.614406-04:00,2026-10-09T03:45:30.614406-04:00,propline_free_sample
2026-10-08,2026-10-09 00:00:00+00:00,Parker Messick,6.0,under,-150,prophetx,346058,Chicago White Sox,Cleveland Guardians,2026-10-08T13:24:07.012871+00:00,2026-10-09T07:45:30.614406+00:00,2026-10-09T03:45:30.614406-04:00,2026-10-09T03:45:30.614406-04:00,propline_free_sample
2026-10-08,2026-10-09 00:00:00+00:00,Parker Messick,6.0,over,100,prizepicks,346058,Chicago White Sox,Cleveland Guardians,2026-10-08T12:22:57.528937+00:00,2026-10-09T07:45:30.614406+00:00,2026-10-09T03:45:30.614406-04:00,2026-10-09T03:45:30.614406-04:00,propline_free_sample
2026-10-08,2026-10-09 00:00:00+00:00,Hagen Smith,1.5,over,-138,novig,346058,Chicago White Sox,Cleveland Guardians,2026-10-08T23:59:43.131218+00:00,2026-10-09T07:45:30.614406+00:00,2026-10-09T03:45:30.614406-04:00,2026-10-09T03:45:30.614406-04:00,propline_free_sample
2026-10-08,2026-10-09 00:00:00+00:00,Hagen Smith,1.5,under,117,novig,346058,Chicago White Sox,Cleveland Guardians,2026-10-08T23:59:43.131218+00:00,2026-10-09T07:45:30.614406+00:00,2026-10-09T03:45:30.614406-04:00,2026-10-09T03:45:30.614406-04:00,propline_free_sample
2026-10-08,2026-10-09 00:00:00+00:00,Hagen Smith,3.5,over,376,novig,346058,Chicago White Sox,Cleveland Guardians,2026-10-08T23:44:22.289058+00:00,2026-10-09T07:45:30.614406+00:00,2026-10-09T03:45:30.614406-04:00,2026-10-09T03:45:30.614406-04:00,propline_free_sample
2026-10-08,2026-10-09 00:00:00+00:00,Hagen Smith,3.5,under,-99900,novig,346058,Chicago White Sox,Cleveland Guardians,2026-10-08T23:58:33.910535+00:00,2026-10-09T07:45:30.614406+00:00,2026-10-09T03:45:30.614406-04:00,2026-10-09T03:45:30.614406-04:00,propline_free_sample
2026-10-08,2026-10-09 00:00:00+00:00,Hagen Smith (CWS),1.5,over,-150,bovada,346058,Chicago White Sox,Cleveland Guardians,2026-10-08T22:36:28.979887+00:00,2026-10-09T07:45:30.614406+00:00,2026-10-09T03:45:30.614406-04:00,2026-10-09T03:45:30.614406-04:00,propline_free_sample
2026-10-08,2026-10-09 00:00:00+00:00,Hagen Smith (CWS),1.5,under,115,bovada,346058,Chicago White Sox,Cleveland Guardians,2026-10-08T22:36:28.979887+00:00,2026-10-09T07:45:30.614406+00:00,2026-10-09T03:45:30.614406-04:00,2026-10-09T03:45:30.614406-04:00,propline_free_sample
2026-10-08,2026-10-09 00:00:00+00:00,Hagen Smith,2.5,over,152,pinnacle,346058,Chicago White Sox,Cleveland Guardians,2026-10-08T23:04:06.974957+00:00,2026-10-09T07:45:30.614406+00:00,2026-10-09T03:45:30.614406-04:00,2026-10-09T03:45:30.614406-04:00,propline_free_sample
2026-10-08,2026-10-09 00:00:00+00:00,Hagen Smith,2.5,under,-186,pinnacle,346058,Chicago White Sox,Cleveland Guardians,2026-10-08T23:04:06.974957+00:00,2026-10-09T07:45:30.614406+00:00,2026-10-09T03:45:30.614406-04:00,2026-10-09T03:45:30.614406-04:00,propline_free_sample
2026-10-08,2026-10-09 00:00:00+00:00,Hagen Smith,5.5,over,9900,polymarket_us,346058,Chicago White Sox,Cleveland Guardians,2026-10-08T23:48:28.289514+00:00,2026-10-09T07:45:30.614406+00:00,2026-10-09T03:45:30.614406-04:00,2026-10-09T03:45:30.614406-04:00,propline_free_sample
2026-10-08,2026-10-09 00:00:00+00:00,Hagen Smith,2.5,under,-215,prophetx,346058,Chicago White Sox,Cleveland Guardians,2026-10-08T23:03:16.442471+00:00,2026-10-09T07:45:30.614406+00:00,2026-10-09T03:45:30.614406-04:00,2026-10-09T03:45:30.614406-04:00,propline_free_sample
2026-10-08,2026-10-09 00:00:00+00:00,Hagen Smith,2.5,over,188,prophetx,346058,Chicago White Sox,Cleveland Guardians,2026-10-08T22:24:49.907376+00:00,2026-10-09T07:45:30.614406+00:00,2026-10-09T03:45:30.614406-04:00,2026-10-09T03:45:30.614406-04:00,propline_free_sample
2026-10-08,2026-10-09 00:00:00+00:00,Hagen Smith,2.0,over,144,prophetx,346058,Chicago White Sox,Cleveland Guardians,2026-10-08T14:16:38.887699+00:00,2026-10-09T07:45:30.614406+00:00,2026-10-09T03:45:30.614406-04:00,2026-10-09T03:45:30.614406-04:00,propline_free_sample
2026-10-08,2026-10-09 00:00:00+00:00,Hagen Smith,2.0,under,-144,prophetx,346058,Chicago White Sox,Cleveland Guardians,2026-10-08T18:41:10.111649+00:00,2026-10-09T07:45:30.614406+00:00,2026-10-09T03:45:30.614406-04:00,2026-10-09T03:45:30.614406-04:00,propline_free_sample
2026-10-08,2026-10-09 00:00:00+00:00,Hagen Smith,6.5,over,100,pick6,346058,Chicago White Sox,Cleveland Guardians,2026-10-08T20:21:21.345163+00:00,2026-10-09T07:45:30.614406+00:00,2026-10-09T03:45:30.614406-04:00,2026-10-09T03:45:30.614406-04:00,propline_free_sample
2026-10-08,2026-10-09 00:00:00+00:00,Hagen Smith,1.5,over,-140,prophetx,346058,Chicago White Sox,Cleveland Guardians,2026-10-08T22:23:47.174215+00:00,2026-10-09T07:45:30.614406+00:00,2026-10-09T03:45:30.614406-04:00,2026-10-09T03:45:30.614406-04:00,propline_free_sample
2026-10-08,2026-10-09 00:00:00+00:00,Hagen Smith,1.5,under,124,prophetx,346058,Chicago White Sox,Cleveland Guardians,2026-10-08T23:45:14.364101+00:00,2026-10-09T07:45:30.614406+00:00,2026-10-09T03:45:30.614406-04:00,2026-10-09T03:45:30.614406-04:00,propline_free_sample
2026-10-08,2026-10-09 00:00:00+00:00,Hagen Smith,5.5,under,-2400,polymarket_us,346058,Chicago White Sox,Cleveland Guardians,2026-10-08T23:48:28.289514+00:00,2026-10-09T07:45:30.614406+00:00,2026-10-09T03:45:30.614406-04:00,2026-10-09T03:45:30.614406-04:00,propline_free_sample
2026-10-08,2026-10-09 00:00:00+00:00,Hagen Smith,0.5,over,-1567,novig,346058,Chicago White Sox,Cleveland Guardians,2026-10-08T22:43:43.809068+00:00,2026-10-09T07:45:30.614406+00:00,2026-10-09T03:45:30.614406-04:00,2026-10-09T03:45:30.614406-04:00,propline_free_sample
2026-10-08,2026-10-09 00:00:00+00:00,Hagen Smith,0.5,under,223,novig,346058,Chicago White Sox,Cleveland Guardians,2026-10-08T23:55:16.157563+00:00,2026-10-09T07:45:30.614406+00:00,2026-10-09T03:45:30.614406-04:00,2026-10-09T03:45:30.614406-04:00,propline_free_sample
2026-10-08,2026-10-09 00:00:00+00:00,Hagen Smith,0.5,over,100,pick6,346058,Chicago White Sox,Cleveland Guardians,2026-10-08T22:14:00.095976+00:00,2026-10-09T07:45:30.614406+00:00,2026-10-09T03:45:30.614406-04:00,2026-10-09T03:45:30.614406-04:00,propline_free_sample
2026-10-08,2026-10-09 00:00:00+00:00,Parker Messick,0.5,over,-100000,hardrock,346058,Chicago White Sox,Cleveland Guardians,,2026-10-09T07:45:30.614406+00:00,2026-10-09T03:45:30.614406-04:00,2026-10-09T03:45:30.614406-04:00,propline_free_sample
2026-10-08,2026-10-09 00:00:00+00:00,Parker Messick,0.5,under,4000,hardrock,346058,Chicago White Sox,Cleveland Guardians,,2026-10-09T07:45:30.614406+00:00,2026-10-09T03:45:30.614406-04:00,2026-10-09T03:45:30.614406-04:00,propline_free_sample
2026-10-08,2026-10-09 00:00:00+00:00,Parker Messick,4.5,over,-165,courtside,346058,Chicago White Sox,Cleveland Guardians,,2026-10-09T07:45:30.614406+00:00,2026-10-09T03:45:30.614406-04:00,2026-10-09T03:45:30.614406-04:00,propline_free_sample
2026-10-08,2026-10-09 00:00:00+00:00,Parker Messick,4.5,under,120,courtside,346058,Chicago White Sox,Cleveland Guardians,,2026-10-09T07:45:30.614406+00:00,2026-10-09T03:45:30.614406-04:00,2026-10-09T03:45:30.614406-04:00,propline_free_sample
2026-10-08,2026-10-09 00:00:00+00:00,Erick Fedde,3.5,over,600,courtside,346058,Chicago White Sox,Cleveland Guardians,,2026-10-09T07:45:30.614406+00:00,2026-10-09T03:45:30.614406-04:00,2026-10-09T03:45:30.614406-04:00,propline_free_sample
2026-10-08,2026-10-09 00:00:00+00:00,Erick Fedde,3.5,under,-155,courtside,346058,Chicago White Sox,Cleveland Guardians,,2026-10-09T07:45:30.614406+00:00,2026-10-09T03:45:30.614406-04:00,2026-10-09T03:45:30.614406-04:00,propline_free_sample
2026-10-08,2026-10-09 00:00:00+00:00,Erick Fedde,2.5,over,950,courtside,346058,Chicago White Sox,Cleveland Guardians,,2026-10-09T07:45:30.614406+00:00,2026-10-09T03:45:30.614406-04:00,2026-10-09T03:45:30.614406-04:00,propline_free_sample
2026-10-08,2026-10-09 00:00:00+00:00,Erick Fedde,2.5,under,-215,courtside,346058,Chicago White Sox,Cleveland Guardians,,2026-10-09T07:45:30.614406+00:00,2026-10-09T03:45:30.614406-04:00,2026-10-09T03:45:30.614406-04:00,propline_free_sample
2026-10-08,2026-10-09 00:00:00+00:00,Parker Messick,7.5,over,115,courtside,346058,Chicago White Sox,Cleveland Guardians,,2026-10-09T07:45:30.614406+00:00,2026-10-09T03:45:30.614406-04:00,2026-10-09T03:45:30.614406-04:00,propline_free_sample
2026-10-08,2026-10-09 00:00:00+00:00,Parker Messick,7.5,under,-155,courtside,346058,Chicago White Sox,Cleveland Guardians,,2026-10-09T07:45:30.614406+00:00,2026-10-09T03:45:30.614406-04:00,2026-10-09T03:45:30.614406-04:00,propline_free_sample
2026-10-08,2026-10-09 00:00:00+00:00,Erick Fedde,2.5,over,-175,parlayplay,346058,Chicago White Sox,Cleveland Guardians,,2026-10-09T07:45:30.614406+00:00,2026-10-09T03:45:30.614406-04:00,2026-10-09T03:45:30.614406-04:00,propline_free_sample
2026-10-08,2026-10-09 00:00:00+00:00,Erick Fedde,2.5,under,105,parlayplay,346058,Chicago White Sox,Cleveland Guardians,,2026-10-09T07:45:30.614406+00:00,2026-10-09T03:45:30.614406-04:00,2026-10-09T03:45:30.614406-04:00,propline_free_sample
2026-10-08,2026-10-09 00:00:00+00:00,Tanner Bibee,2.5,over,-140,courtside,346058,Chicago White Sox,Cleveland Guardians,,2026-10-09T07:45:30.614406+00:00,2026-10-09T03:45:30.614406-04:00,2026-10-09T03:45:30.614406-04:00,propline_free_sample
2026-10-08,2026-10-09 00:00:00+00:00,Tanner Bibee,2.5,under,105,courtside,346058,Chicago White Sox,Cleveland Guardians,,2026-10-09T07:45:30.614406+00:00,2026-10-09T03:45:30.614406-04:00,2026-10-09T03:45:30.614406-04:00,propline_free_sample
2026-10-08,2026-10-09 00:00:00+00:00,Erik Sabrowski,1.5,over,-165,courtside,346058,Chicago White Sox,Cleveland Guardians,,2026-10-09T07:45:30.614406+00:00,2026-10-09T03:45:30.614406-04:00,2026-10-09T03:45:30.614406-04:00,propline_free_sample
2026-10-08,2026-10-09 00:00:00+00:00,Erik Sabrowski,1.5,under,125,courtside,346058,Chicago White Sox,Cleveland Guardians,,2026-10-09T07:45:30.614406+00:00,2026-10-09T03:45:30.614406-04:00,2026-10-09T03:45:30.614406-04:00,propline_free_sample
2026-10-08,2026-10-09 00:00:00+00:00,Erik Sabrowski,2.5,over,200,courtside,346058,Chicago White Sox,Cleveland Guardians,,2026-10-09T07:45:30.614406+00:00,2026-10-09T03:45:30.614406-04:00,2026-10-09T03:45:30.614406-04:00,propline_free_sample
2026-10-08,2026-10-09 00:00:00+00:00,Erik Sabrowski,2.5,under,-165,courtside,346058,Chicago White Sox,Cleveland Guardians,,2026-10-09T07:45:30.614406+00:00,2026-10-09T03:45:30.614406-04:00,2026-10-09T03:45:30.614406-04:00,propline_free_sample
2026-10-08,2026-10-09 00:00:00+00:00,Gavin Williams,1.5,over,120,courtside,346058,Chicago White Sox,Cleveland Guardians,,2026-10-09T07:45:30.614406+00:00,2026-10-09T03:45:30.614406-04:00,2026-10-09T03:45:30.614406-04:00,propline_free_sample
2026-10-08,2026-10-09 00:00:00+00:00,Gavin Williams,1.5,under,-165,courtside,346058,Chicago White Sox,Cleveland Guardians,,2026-10-09T07:45:30.614406+00:00,2026-10-09T03:45:30.614406-04:00,2026-10-09T03:45:30.614406-04:00,propline_free_sample
2026-10-07,2026-10-08 02:00:00+00:00,Walker Buehler,4.5,over,100,prizepicks,332124,San Diego Padres,Milwaukee Brewers,2026-10-07T07:21:30.771015+00:00,2026-10-09T07:45:30.614406+00:00,2026-10-09T03:45:30.614406-04:00,2026-10-09T03:45:30.614406-04:00,propline_free_sample
2026-10-07,2026-10-08 02:00:00+00:00,Robert Gasser,5.5,over,100,prizepicks,332124,San Diego Padres,Milwaukee Brewers,2026-10-07T07:21:30.771015+00:00,2026-10-09T07:45:30.614406+00:00,2026-10-09T03:45:30.614406-04:00,2026-10-09T03:45:30.614406-04:00,propline_free_sample
2026-10-07,2026-10-08 02:00:00+00:00,Walker Buehler,5.5,over,100,prizepicks,332124,San Diego Padres,Milwaukee Brewers,2026-10-07T07:21:30.771015+00:00,2026-10-09T07:45:30.614406+00:00,2026-10-09T03:45:30.614406-04:00,2026-10-09T03:45:30.614406-04:00,propline_free_sample
2026-10-07,2026-10-08 02:00:00+00:00,Robert Gasser,6.5,over,100,prizepicks,332124,San Diego Padres,Milwaukee Brewers,2026-10-07T07:21:30.771015+00:00,2026-10-09T07:45:30.614406+00:00,2026-10-09T03:45:30.614406-04:00,2026-10-09T03:45:30.614406-04:00,propline_free_sample
2026-10-07,2026-10-08 02:00:00+00:00,Walker Buehler,2.5,over,100,prizepicks,332124,San Diego Padres,Milwaukee Brewers,2026-10-07T07:21:30.771015+00:00,2026-10-09T07:45:30.614406+00:00,2026-10-09T03:45:30.614406-04:00,2026-10-09T03:45:30.614406-04:00,propline_free_sample
2026-10-07,2026-10-08 02:00:00+00:00,Robert Gasser,3.5,over,100,prizepicks,332124,San Diego Padres,Milwaukee Brewers,2026-10-07T07:21:30.771015+00:00,2026-10-09T07:45:30.614406+00:00,2026-10-09T03:45:30.614406-04:00,2026-10-09T03:45:30.614406-04:00,propline_free_sample
2026-10-07,2026-10-08 02:00:00+00:00,Walker Buehler,3.5,over,100,prizepicks,332124,San Diego Padres,Milwaukee Brewers,2026-10-07T07:21:30.771015+00:00,2026-10-09T07:45:30.614406+00:00,2026-10-09T03:45:30.614406-04:00,2026-10-09T03:45:30.614406-04:00,propline_free_sample
2026-10-07,2026-10-08 02:00:00+00:00,Robert Gasser,4.5,over,100,prizepicks,332124,San Diego Padres,Milwaukee Brewers,2026-10-07T07:21:30.771015+00:00,2026-10-09T07:45:30.614406+00:00,2026-10-09T03:45:30.614406-04:00,2026-10-09T03:45:30.614406-04:00,propline_free_sample
2026-10-07,2026-10-08 02:00:00+00:00,Walker Buehler,2.5,over,-150,fanduel,332124,San Diego Padres,Milwaukee Brewers,2026-10-08T00:32:34.240477+00:00,2026-10-09T07:45:30.614406+00:00,2026-10-09T03:45:30.614406-04:00,2026-10-09T03:45:30.614406-04:00,propline_free_sample
2026-10-07,2026-10-08 02:00:00+00:00,Walker Buehler,2.5,under,118,fanduel,332124,San Diego Padres,Milwaukee Brewers,2026-10-08T00:32:34.240477+00:00,2026-10-09T07:45:30.614406+00:00,2026-10-09T03:45:30.614406-04:00,2026-10-09T03:45:30.614406-04:00,propline_free_sample
2026-10-07,2026-10-08 02:00:00+00:00,Walker Buehler,3.5,over,245,novig,332124,San Diego Padres,Milwaukee Brewers,2026-10-08T01:46:53.560736+00:00,2026-10-09T07:45:30.614406+00:00,2026-10-09T03:45:30.614406-04:00,2026-10-09T03:45:30.614406-04:00,propline_free_sample
2026-10-07,2026-10-08 02:00:00+00:00,Walker Buehler,3.5,under,-99900,novig,332124,San Diego Padres,Milwaukee Brewers,2026-10-08T01:57:24.017817+00:00,2026-10-09T07:45:30.614406+00:00,2026-10-09T03:45:30.614406-04:00,2026-10-09T03:45:30.614406-04:00,propline_free_sample
2026-10-07,2026-10-08 02:00:00+00:00,Walker Buehler (SD),1.5,over,-150,bovada,332124,San Diego Padres,Milwaukee Brewers,2026-10-08T01:46:31.744748+00:00,2026-10-09T07:45:30.614406+00:00,2026-10-09T03:45:30.614406-04:00,2026-10-09T03:45:30.614406-04:00,propline_free_sample
2026-10-07,2026-10-08 02:00:00+00:00,Walker Buehler (SD),1.5,under,115,bovada,332124,San Diego Padres,Milwaukee Brewers,2026-10-08T01:46:31.744748+00:00,2026-10-09T07:45:30.614406+00:00,2026-10-09T03:45:30.614406-04:00,2026-10-09T03:45:30.614406-04:00,propline_free_sample
2026-10-07,2026-10-08 02:00:00+00:00,Walker Buehler,3.5,over,100,prizepicks,332124,San Diego Padres,Milwaukee Brewers,2026-10-07T11:28:54.513466+00:00,2026-10-09T07:45:30.614406+00:00,2026-10-09T03:45:30.614406-04:00,2026-10-09T03:45:30.614406-04:00,propline_free_sample
2026-10-07,2026-10-08 02:00:00+00:00,Walker Buehler,3.5,under,100,prizepicks,332124,San Diego Padres,Milwaukee Brewers,2026-10-07T11:28:54.513466+00:00,2026-10-09T07:45:30.614406+00:00,2026-10-09T03:45:30.614406-04:00,2026-10-09T03:45:30.614406-04:00,propline_free_sample
2026-10-07,2026-10-08 02:00:00+00:00,Walker Buehler,1.5,over,-119,parlayplay,332124,San Diego Padres,Milwaukee Brewers,2026-10-08T01:27:12.080840+00:00,2026-10-09T07:45:30.614406+00:00,2026-10-09T03:45:30.614406-04:00,2026-10-09T03:45:30.614406-04:00,propline_free_sample
2026-10-07,2026-10-08 02:00:00+00:00,Walker Buehler,1.5,under,-130,parlayplay,332124,San Diego Padres,Milwaukee Brewers,2026-10-08T01:27:12.080840+00:00,2026-10-09T07:45:30.614406+00:00,2026-10-09T03:45:30.614406-04:00,2026-10-09T03:45:30.614406-04:00,propline_free_sample
2026-10-07,2026-10-08 02:00:00+00:00,Walker Buehler,4.5,under,100,prizepicks,332124,San Diego Padres,Milwaukee Brewers,2026-10-07T12:05:55.396694+00:00,2026-10-09T07:45:30.614406+00:00,2026-10-09T03:45:30.614406-04:00,2026-10-09T03:45:30.614406-04:00,propline_free_sample
2026-10-07,2026-10-08 02:00:00+00:00,Walker Buehler,6.5,over,100,prizepicks,332124,San Diego Padres,Milwaukee Brewers,2026-10-07T12:05:55.396694+00:00,2026-10-09T07:45:30.614406+00:00,2026-10-09T03:45:30.614406-04:00,2026-10-09T03:45:30.614406-04:00,propline_free_sample
2026-10-07,2026-10-08 02:00:00+00:00,Walker Buehler,2.5,under,100,prizepicks,332124,San Diego Padres,Milwaukee Brewers,2026-10-07T12:05:55.396694+00:00,2026-10-09T07:45:30.614406+00:00,2026-10-09T03:45:30.614406-04:00,2026-10-09T03:45:30.614406-04:00,propline_free_sample
2026-10-07,2026-10-08 02:00:00+00:00,Walker Buehler,3.5,over,166,prophetx,332124,San Diego Padres,Milwaukee Brewers,2026-10-08T01:09:12.236583+00:00,2026-10-09T07:45:30.614406+00:00,2026-10-09T03:45:30.614406-04:00,2026-10-09T03:45:30.614406-04:00,propline_free_sample
2026-10-07,2026-10-08 02:00:00+00:00,Walker Buehler,3.5,under,-420,prophetx,332124,San Diego Padres,Milwaukee Brewers,2026-10-08T00:11:35.122891+00:00,2026-10-09T07:45:30.614406+00:00,2026-10-09T03:45:30.614406-04:00,2026-10-09T03:45:30.614406-04:00,propline_free_sample
2026-10-07,2026-10-08 02:00:00+00:00,Walker Buehler,2.5,over,-114,dabble,332124,San Diego Padres,Milwaukee Brewers,2026-10-08T01:20:04.776474+00:00,2026-10-09T07:45:30.614406+00:00,2026-10-09T03:45:30.614406-04:00,2026-10-09T03:45:30.614406-04:00,propline_free_sample
2026-10-07,2026-10-08 02:00:00+00:00,Walker Buehler,2.5,under,114,dabble,332124,San Diego Padres,Milwaukee Brewers,2026-10-08T01:20:04.776474+00:00,2026-10-09T07:45:30.614406+00:00,2026-10-09T03:45:30.614406-04:00,2026-10-09T03:45:30.614406-04:00,propline_free_sample
2026-10-07,2026-10-08 02:00:00+00:00,Walker Buehler,3.5,over,114,smarkets,332124,San Diego Padres,Milwaukee Brewers,2026-10-07T15:12:47.570872+00:00,2026-10-09T07:45:30.614406+00:00,2026-10-09T03:45:30.614406-04:00,2026-10-09T03:45:30.614406-04:00,propline_free_sample
2026-10-07,2026-10-08 02:00:00+00:00,Walker Buehler,3.5,under,-161,smarkets,332124,San Diego Padres,Milwaukee Brewers,2026-10-07T15:12:47.570872+00:00,2026-10-09T07:45:30.614406+00:00,2026-10-09T03:45:30.614406-04:00,2026-10-09T03:45:30.614406-04:00,propline_free_sample
2026-10-07,2026-10-08 02:00:00+00:00,Walker Buehler,1.5,over,125,fanatics,332124,San Diego Padres,Milwaukee Brewers,2026-10-08T01:49:26.017425+00:00,2026-10-09T07:45:30.614406+00:00,2026-10-09T03:45:30.614406-04:00,2026-10-09T03:45:30.614406-04:00,propline_free_sample
2026-10-07,2026-10-08 02:00:00+00:00,Walker Buehler,1.5,under,-165,fanatics,332124,San Diego Padres,Milwaukee Brewers,2026-10-08T01:49:26.017425+00:00,2026-10-09T07:45:30.614406+00:00,2026-10-09T03:45:30.614406-04:00,2026-10-09T03:45:30.614406-04:00,propline_free_sample
2026-10-07,2026-10-08 02:00:00+00:00,Walker Buehler,2.5,over,-140,sportzino,332124,San Diego Padres,Milwaukee Brewers,2026-10-08T01:19:25.274967+00:00,2026-10-09T07:45:30.614406+00:00,2026-10-09T03:45:30.614406-04:00,2026-10-09T03:45:30.614406-04:00,propline_free_sample
2026-10-07,2026-10-08 02:00:00+00:00,Walker Buehler,2.5,under,-105,sportzino,332124,San Diego Padres,Milwaukee Brewers,2026-10-08T01:19:25.274967+00:00,2026-10-09T07:45:30.614406+00:00,2026-10-09T03:45:30.614406-04:00,2026-10-09T03:45:30.614406-04:00,propline_free_sample
2026-10-07,2026-10-08 02:00:00+00:00,Walker Buehler,2.5,over,-152,rebet,332124,San Diego Padres,Milwaukee Brewers,2026-10-08T01:49:22.667808+00:00,2026-10-09T07:45:30.614406+00:00,2026-10-09T03:45:30.614406-04:00,2026-10-09T03:45:30.614406-04:00,propline_free_sample
2026-10-07,2026-10-08 02:00:00+00:00,Walker Buehler,2.5,under,109,rebet,332124,San Diego Padres,Milwaukee Brewers,2026-10-08T01:49:22.667808+00:00,2026-10-09T07:45:30.614406+00:00,2026-10-09T03:45:30.614406-04:00,2026-10-09T03:45:30.614406-04:00,propline_free_sample
2026-10-07,2026-10-08 02:00:00+00:00,Walker Buehler,3.5,over,116,courtside,332124,San Diego Padres,Milwaukee Brewers,2026-10-07T16:14:14.144651+00:00,2026-10-09T07:45:30.614406+00:00,2026-10-09T03:45:30.614406-04:00,2026-10-09T03:45:30.614406-04:00,propline_free_sample
2026-10-07,2026-10-08 02:00:00+00:00,Walker Buehler,3.5,under,-148,courtside,332124,San Diego Padres,Milwaukee Brewers,2026-10-07T16:14:14.144651+00:00,2026-10-09T07:45:30.614406+00:00,2026-10-09T03:45:30.614406-04:00,2026-10-09T03:45:30.614406-04:00,propline_free_sample
2026-10-07,2026-10-08 02:00:00+00:00,Walker Buehler,2.5,over,-135,draftkings,332124,San Diego Padres,Milwaukee Brewers,2026-10-08T01:26:15.127639+00:00,2026-10-09T07:45:30.614406+00:00,2026-10-09T03:45:30.614406-04:00,2026-10-09T03:45:30.614406-04:00,propline_free_sample
2026-10-07,2026-10-08 02:00:00+00:00,Walker Buehler,2.5,under,106,draftkings,332124,San Diego Padres,Milwaukee Brewers,2026-10-08T01:26:15.127639+00:00,2026-10-09T07:45:30.614406+00:00,2026-10-09T03:45:30.614406-04:00,2026-10-09T03:45:30.614406-04:00,propline_free_sample
2026-10-07,2026-10-08 02:00:00+00:00,Walker Buehler,2.5,over,-150,onexbet,332124,San Diego Padres,Milwaukee Brewers,2026-10-08T01:48:01.983960+00:00,2026-10-09T07:45:30.614406+00:00,2026-10-09T03:45:30.614406-04:00,2026-10-09T03:45:30.614406-04:00,propline_free_sample
2026-10-07,2026-10-08 02:00:00+00:00,Walker Buehler,2.5,under,110,onexbet,332124,San Diego Padres,Milwaukee Brewers,2026-10-08T01:48:01.983960+00:00,2026-10-09T07:45:30.614406+00:00,2026-10-09T03:45:30.614406-04:00,2026-10-09T03:45:30.614406-04:00,propline_free_sample
2026-10-07,2026-10-08 02:00:00+00:00,Walker Buehler,1.5,over,9900,kalshi,332124,San Diego Padres,Milwaukee Brewers,2026-10-08T01:58:16.100667+00:00,2026-10-09T07:45:30.614406+00:00,2026-10-09T03:45:30.614406-04:00,2026-10-09T03:45:30.614406-04:00,propline_free_sample
2026-10-07,2026-10-08 02:00:00+00:00,Walker Buehler,2.5,over,9900,kalshi,332124,San Diego Padres,Milwaukee Brewers,2026-10-07T22:56:28.607198+00:00,2026-10-09T07:45:30.614406+00:00,2026-10-09T03:45:30.614406-04:00,2026-10-09T03:45:30.614406-04:00,propline_free_sample
2026-10-07,2026-10-08 02:00:00+00:00,Walker Buehler,3.5,over,9900,kalshi,332124,San Diego Padres,Milwaukee Brewers,2026-10-07T18:55:16.134930+00:00,2026-10-09T07:45:30.614406+00:00,2026-10-09T03:45:30.614406-04:00,2026-10-09T03:45:30.614406-04:00,propline_free_sample
2026-10-07,2026-10-08 02:00:00+00:00,Walker Buehler,4.5,over,9900,kalshi,332124,San Diego Padres,Milwaukee Brewers,2026-10-08T00:27:30.183885+00:00,2026-10-09T07:45:30.614406+00:00,2026-10-09T03:45:30.614406-04:00,2026-10-09T03:45:30.614406-04:00,propline_free_sample
2026-10-07,2026-10-08 02:00:00+00:00,Walker Buehler,5.5,over,9900,kalshi,332124,San Diego Padres,Milwaukee Brewers,2026-10-08T01:15:40.859299+00:00,2026-10-09T07:45:30.614406+00:00,2026-10-09T03:45:30.614406-04:00,2026-10-09T03:45:30.614406-04:00,propline_free_sample
2026-10-07,2026-10-08 02:00:00+00:00,Walker Buehler,6.5,over,9900,kalshi,332124,San Diego Padres,Milwaukee Brewers,2026-10-07T23:43:54.980542+00:00,2026-10-09T07:45:30.614406+00:00,2026-10-09T03:45:30.614406-04:00,2026-10-09T03:45:30.614406-04:00,propline_free_sample
2026-10-07,2026-10-08 02:00:00+00:00,Walker Buehler,7.5,over,9900,kalshi,332124,San Diego Padres,Milwaukee Brewers,2026-10-07T22:58:08.305087+00:00,2026-10-09T07:45:30.614406+00:00,2026-10-09T03:45:30.614406-04:00,2026-10-09T03:45:30.614406-04:00,propline_free_sample
2026-10-07,2026-10-08 02:00:00+00:00,Walker Buehler,3.5,under,-9900,kalshi,332124,San Diego Padres,Milwaukee Brewers,2026-10-07T20:05:17.502752+00:00,2026-10-09T07:45:30.614406+00:00,2026-10-09T03:45:30.614406-04:00,2026-10-09T03:45:30.614406-04:00,propline_free_sample
2026-10-07,2026-10-08 02:00:00+00:00,Walker Buehler,2.5,under,-4900,kalshi,332124,San Diego Padres,Milwaukee Brewers,2026-10-07T22:56:28.607198+00:00,2026-10-09T07:45:30.614406+00:00,2026-10-09T03:45:30.614406-04:00,2026-10-09T03:45:30.614406-04:00,propline_free_sample
2026-10-07,2026-10-08 02:00:00+00:00,Walker Buehler,3.5,over,9900,polymarket_us,332124,San Diego Padres,Milwaukee Brewers,2026-10-08T01:24:46.625871+00:00,2026-10-09T07:45:30.614406+00:00,2026-10-09T03:45:30.614406-04:00,2026-10-09T03:45:30.614406-04:00,propline_free_sample
2026-10-07,2026-10-08 02:00:00+00:00,Walker Buehler,3.5,under,-1900,polymarket_us,332124,San Diego Padres,Milwaukee Brewers,2026-10-08T01:24:46.625871+00:00,2026-10-09T07:45:30.614406+00:00,2026-10-09T03:45:30.614406-04:00,2026-10-09T03:45:30.614406-04:00,propline_free_sample
2026-10-07,2026-10-08 02:00:00+00:00,Walker Buehler,2.5,over,9900,polymarket_us,332124,San Diego Padres,Milwaukee Brewers,2026-10-07T23:30:29.965566+00:00,2026-10-09T07:45:30.614406+00:00,2026-10-09T03:45:30.614406-04:00,2026-10-09T03:45:30.614406-04:00,propline_free_sample
2026-10-07,2026-10-08 02:00:00+00:00,Walker Buehler,2.5,under,-1900,polymarket_us,332124,San Diego Padres,Milwaukee Brewers,2026-10-07T23:30:29.965566+00:00,2026-10-09T07:45:30.614406+00:00,2026-10-09T03:45:30.614406-04:00,2026-10-09T03:45:30.614406-04:00,propline_free_sample
2026-10-07,2026-10-08 02:00:00+00:00,Walker Buehler,4.5,over,9900,polymarket_us,332124,San Diego Padres,Milwaukee Brewers,2026-10-07T18:52:29.467793+00:00,2026-10-09T07:45:30.614406+00:00,2026-10-09T03:45:30.614406-04:00,2026-10-09T03:45:30.614406-04:00,propline_free_sample
2026-10-07,2026-10-08 02:00:00+00:00,Walker Buehler,5.5,over,9900,polymarket_us,332124,San Diego Padres,Milwaukee Brewers,2026-10-08T01:22:24.156769+00:00,2026-10-09T07:45:30.614406+00:00,2026-10-09T03:45:30.614406-04:00,2026-10-09T03:45:30.614406-04:00,propline_free_sample
2026-10-07,2026-10-08 02:00:00+00:00,Walker Buehler,6.5,over,9900,polymarket_us,332124,San Diego Padres,Milwaukee Brewers,2026-10-07T18:26:23.186628+00:00,2026-10-09T07:45:30.614406+00:00,2026-10-09T03:45:30.614406-04:00,2026-10-09T03:45:30.614406-04:00,propline_free_sample
2026-10-07,2026-10-08 02:00:00+00:00,Walker Buehler,1.5,under,-488,kalshi,332124,San Diego Padres,Milwaukee Brewers,2026-10-08T01:57:46.631717+00:00,2026-10-09T07:45:30.614406+00:00,2026-10-09T03:45:30.614406-04:00,2026-10-09T03:45:30.614406-04:00,propline_free_sample
2026-10-07,2026-10-08 02:00:00+00:00,Walker Buehler,2.5,over,138,betmgm,332124,San Diego Padres,Milwaukee Brewers,2026-10-07T22:57:27.655404+00:00,2026-10-09T07:45:30.614406+00:00,2026-10-09T03:45:30.614406-04:00,2026-10-09T03:45:30.614406-04:00,propline_free_sample
2026-10-07,2026-10-08 02:00:00+00:00,Walker Buehler,2.5,under,-190,betmgm,332124,San Diego Padres,Milwaukee Brewers,2026-10-07T22:57:27.655404+00:00,2026-10-09T07:45:30.614406+00:00,2026-10-09T03:45:30.614406-04:00,2026-10-09T03:45:30.614406-04:00,propline_free_sample
2026-10-07,2026-10-08 02:00:00+00:00,Walker Buehler,4.5,under,-9900,kalshi,332124,San Diego Padres,Milwaukee Brewers,2026-10-08T00:27:30.183885+00:00,2026-10-09T07:45:30.614406+00:00,2026-10-09T03:45:30.614406-04:00,2026-10-09T03:45:30.614406-04:00,propline_free_sample
2026-10-07,2026-10-08 02:00:00+00:00,Walker Buehler,5.5,under,-9900,kalshi,332124,San Diego Padres,Milwaukee Brewers,2026-10-08T01:15:40.859299+00:00,2026-10-09T07:45:30.614406+00:00,2026-10-09T03:45:30.614406-04:00,2026-10-09T03:45:30.614406-04:00,propline_free_sample
2026-10-07,2026-10-08 02:00:00+00:00,Walker Buehler,4.5,under,-733,polymarket_us,332124,San Diego Padres,Milwaukee Brewers,2026-10-07T18:52:29.467793+00:00,2026-10-09T07:45:30.614406+00:00,2026-10-09T03:45:30.614406-04:00,2026-10-09T03:45:30.614406-04:00,propline_free_sample
2026-10-07,2026-10-08 02:00:00+00:00,Walker Buehler,5.5,under,-2400,polymarket_us,332124,San Diego Padres,Milwaukee Brewers,2026-10-08T01:22:24.156769+00:00,2026-10-09T07:45:30.614406+00:00,2026-10-09T03:45:30.614406-04:00,2026-10-09T03:45:30.614406-04:00,propline_free_sample
2026-10-07,2026-10-08 02:00:00+00:00,Walker Buehler,6.5,under,-4900,kalshi,332124,San Diego Padres,Milwaukee Brewers,2026-10-08T01:56:35.461285+00:00,2026-10-09T07:45:30.614406+00:00,2026-10-09T03:45:30.614406-04:00,2026-10-09T03:45:30.614406-04:00,propline_free_sample
2026-10-07,2026-10-08 02:00:00+00:00,Walker Buehler,3.5,over,100,prizepicks,332124,San Diego Padres,Milwaukee Brewers,2026-10-07T14:00:41.677353+00:00,2026-10-09T07:45:30.614406+00:00,2026-10-09T03:45:30.614406-04:00,2026-10-09T03:45:30.614406-04:00,propline_free_sample
2026-10-07,2026-10-08 02:00:00+00:00,Walker Buehler,3.5,under,100,prizepicks,332124,San Diego Padres,Milwaukee Brewers,2026-10-07T14:00:41.677353+00:00,2026-10-09T07:45:30.614406+00:00,2026-10-09T03:45:30.614406-04:00,2026-10-09T03:45:30.614406-04:00,propline_free_sample
2026-10-07,2026-10-08 02:00:00+00:00,Walker Buehler,2.5,over,-130,novig,332124,San Diego Padres,Milwaukee Brewers,2026-10-08T01:58:25.020176+00:00,2026-10-09T07:45:30.614406+00:00,2026-10-09T03:45:30.614406-04:00,2026-10-09T03:45:30.614406-04:00,propline_free_sample
2026-10-07,2026-10-08 02:00:00+00:00,Walker Buehler,2.5,under,-190,novig,332124,San Diego Padres,Milwaukee Brewers,2026-10-08T01:36:22.959895+00:00,2026-10-09T07:45:30.614406+00:00,2026-10-09T03:45:30.614406-04:00,2026-10-09T03:45:30.614406-04:00,propline_free_sample
2026-10-07,2026-10-08 02:00:00+00:00,Walker Buehler,4.5,over,365,novig,332124,San Diego Padres,Milwaukee Brewers,2026-10-07T19:55:11.131966+00:00,2026-10-09T07:45:30.614406+00:00,2026-10-09T03:45:30.614406-04:00,2026-10-09T03:45:30.614406-04:00,propline_free_sample
2026-10-07,2026-10-08 02:00:00+00:00,Walker Buehler,4.5,under,-614,novig,332124,San Diego Padres,Milwaukee Brewers,2026-10-07T19:52:06.505989+00:00,2026-10-09T07:45:30.614406+00:00,2026-10-09T03:45:30.614406-04:00,2026-10-09T03:45:30.614406-04:00,propline_free_sample
2026-10-07,2026-10-08 02:00:00+00:00,Walker Buehler,2.5,over,-145,pinnacle,332124,San Diego Padres,Milwaukee Brewers,2026-10-07T23:39:20.909840+00:00,2026-10-09T07:45:30.614406+00:00,2026-10-09T03:45:30.614406-04:00,2026-10-09T03:45:30.614406-04:00,propline_free_sample
2026-10-07,2026-10-08 02:00:00+00:00,Walker Buehler,2.5,under,119,pinnacle,332124,San Diego Padres,Milwaukee Brewers,2026-10-07T22:54:31.870921+00:00,2026-10-09T07:45:30.614406+00:00,2026-10-09T03:45:30.614406-04:00,2026-10-09T03:45:30.614406-04:00,propline_free_sample
2026-10-07,2026-10-08 02:00:00+00:00,Walker Buehler,6.5,under,-2400,polymarket_us,332124,San Diego Padres,Milwaukee Brewers,2026-10-07T17:37:32.691307+00:00,2026-10-09T07:45:30.614406+00:00,2026-10-09T03:45:30.614406-04:00,2026-10-09T03:45:30.614406-04:00,propline_free_sample
2026-10-07,2026-10-08 02:00:00+00:00,Walker Buehler,1.5,over,9900,polymarket_us,332124,San Diego Padres,Milwaukee Brewers,2026-10-07T23:12:36.524085+00:00,2026-10-09T07:45:30.614406+00:00,2026-10-09T03:45:30.614406-04:00,2026-10-09T03:45:30.614406-04:00,propline_free_sample
2026-10-07,2026-10-08 02:00:00+00:00,Walker Buehler,1.5,under,-335,polymarket_us,332124,San Diego Padres,Milwaukee Brewers,2026-10-07T23:12:36.524085+00:00,2026-10-09T07:45:30.614406+00:00,2026-10-09T03:45:30.614406-04:00,2026-10-09T03:45:30.614406-04:00,propline_free_sample
2026-10-07,2026-10-08 02:00:00+00:00,Walker Buehler,2.5,over,-133,smarkets,332124,San Diego Padres,Milwaukee Brewers,2026-10-08T01:20:19.002487+00:00,2026-10-09T07:45:30.614406+00:00,2026-10-09T03:45:30.614406-04:00,2026-10-09T03:45:30.614406-04:00,propline_free_sample
2026-10-07,2026-10-08 02:00:00+00:00,Walker Buehler,2.5,under,-104,smarkets,332124,San Diego Padres,Milwaukee Brewers,2026-10-08T01:20:19.002487+00:00,2026-10-09T07:45:30.614406+00:00,2026-10-09T03:45:30.614406-04:00,2026-10-09T03:45:30.614406-04:00,propline_free_sample
2026-10-07,2026-10-08 02:00:00+00:00,Walker Buehler,0.5,over,-950,hardrock,332124,San Diego Padres,Milwaukee Brewers,2026-10-08T01:40:56.673999+00:00,2026-10-09T07:45:30.614406+00:00,2026-10-09T03:45:30.614406-04:00,2026-10-09T03:45:30.614406-04:00,propline_free_sample
2026-10-07,2026-10-08 02:00:00+00:00,Walker Buehler,0.5,under,425,hardrock,332124,San Diego Padres,Milwaukee Brewers,2026-10-08T00:53:03.659704+00:00,2026-10-09T07:45:30.614406+00:00,2026-10-09T03:45:30.614406-04:00,2026-10-09T03:45:30.614406-04:00,propline_free_sample
2026-10-07,2026-10-08 02:00:00+00:00,Walker Buehler,1.5,over,-150,hardrock,332124,San Diego Padres,Milwaukee Brewers,2026-10-08T00:53:03.659704+00:00,2026-10-09T07:45:30.614406+00:00,2026-10-09T03:45:30.614406-04:00,2026-10-09T03:45:30.614406-04:00,propline_free_sample
2026-10-07,2026-10-08 02:00:00+00:00,Walker Buehler,1.5,under,105,hardrock,332124,San Diego Padres,Milwaukee Brewers,2026-10-08T00:53:03.659704+00:00,2026-10-09T07:45:30.614406+00:00,2026-10-09T03:45:30.614406-04:00,2026-10-09T03:45:30.614406-04:00,propline_free_sample
2026-10-07,2026-10-08 02:00:00+00:00,Walker Buehler,2.5,over,230,hardrock,332124,San Diego Padres,Milwaukee Brewers,2026-10-07T23:24:43.244192+00:00,2026-10-09T07:45:30.614406+00:00,2026-10-09T03:45:30.614406-04:00,2026-10-09T03:45:30.614406-04:00,propline_free_sample
2026-10-07,2026-10-08 02:00:00+00:00,Walker Buehler,2.5,under,-375,hardrock,332124,San Diego Padres,Milwaukee Brewers,2026-10-07T23:24:43.244192+00:00,2026-10-09T07:45:30.614406+00:00,2026-10-09T03:45:30.614406-04:00,2026-10-09T03:45:30.614406-04:00,propline_free_sample
2026-10-07,2026-10-08 02:00:00+00:00,Walker Buehler,3.5,over,700,hardrock,332124,San Diego Padres,Milwaukee Brewers,2026-10-08T01:40:56.673999+00:00,2026-10-09T07:45:30.614406+00:00,2026-10-09T03:45:30.614406-04:00,2026-10-09T03:45:30.614406-04:00,propline_free_sample
2026-10-07,2026-10-08 02:00:00+00:00,Walker Buehler,3.5,under,-3000,hardrock,332124,San Diego Padres,Milwaukee Brewers,2026-10-08T00:53:03.659704+00:00,2026-10-09T07:45:30.614406+00:00,2026-10-09T03:45:30.614406-04:00,2026-10-09T03:45:30.614406-04:00,propline_free_sample
2026-10-07,2026-10-08 02:00:00+00:00,Walker Buehler,4.5,over,3000,hardrock,332124,San Diego Padres,Milwaukee Brewers,2026-10-08T00:53:03.659704+00:00,2026-10-09T07:45:30.614406+00:00,2026-10-09T03:45:30.614406-04:00,2026-10-09T03:45:30.614406-04:00,propline_free_sample
2026-10-07,2026-10-08 02:00:00+00:00,Walker Buehler,4.5,under,-50000,hardrock,332124,San Diego Padres,Milwaukee Brewers,2026-10-08T00:53:03.659704+00:00,2026-10-09T07:45:30.614406+00:00,2026-10-09T03:45:30.614406-04:00,2026-10-09T03:45:30.614406-04:00,propline_free_sample
2026-10-07,2026-10-08 02:00:00+00:00,Walker Buehler,5.5,over,4000,hardrock,332124,San Diego Padres,Milwaukee Brewers,2026-10-08T01:09:19.378059+00:00,2026-10-09T07:45:30.614406+00:00,2026-10-09T03:45:30.614406-04:00,2026-10-09T03:45:30.614406-04:00,propline_free_sample
2026-10-07,2026-10-08 02:00:00+00:00,Walker Buehler,5.5,under,-50000,hardrock,332124,San Diego Padres,Milwaukee Brewers,2026-10-08T00:53:03.659704+00:00,2026-10-09T07:45:30.614406+00:00,2026-10-09T03:45:30.614406-04:00,2026-10-09T03:45:30.614406-04:00,propline_free_sample
2026-10-07,2026-10-08 02:00:00+00:00,Walker Buehler,6.5,over,2000,hardrock,332124,San Diego Padres,Milwaukee Brewers,2026-10-07T22:52:58.327132+00:00,2026-10-09T07:45:30.614406+00:00,2026-10-09T03:45:30.614406-04:00,2026-10-09T03:45:30.614406-04:00,propline_free_sample
2026-10-07,2026-10-08 02:00:00+00:00,Walker Buehler,6.5,under,-8000,hardrock,332124,San Diego Padres,Milwaukee Brewers,2026-10-07T23:21:54.244550+00:00,2026-10-09T07:45:30.614406+00:00,2026-10-09T03:45:30.614406-04:00,2026-10-09T03:45:30.614406-04:00,propline_free_sample
2026-10-07,2026-10-08 02:00:00+00:00,Walker Buehler,7.5,over,5000,hardrock,332124,San Diego Padres,Milwaukee Brewers,2026-10-07T23:02:41.314510+00:00,2026-10-09T07:45:30.614406+00:00,2026-10-09T03:45:30.614406-04:00,2026-10-09T03:45:30.614406-04:00,propline_free_sample
2026-10-07,2026-10-08 02:00:00+00:00,Walker Buehler,7.5,under,-100000,hardrock,332124,San Diego Padres,Milwaukee Brewers,2026-10-07T18:58:39.788155+00:00,2026-10-09T07:45:30.614406+00:00,2026-10-09T03:45:30.614406-04:00,2026-10-09T03:45:30.614406-04:00,propline_free_sample
2026-10-07,2026-10-08 02:00:00+00:00,Walker Buehler,1.5,over,-120,fliff,332124,San Diego Padres,Milwaukee Brewers,2026-10-08T01:32:27.388049+00:00,2026-10-09T07:45:30.614406+00:00,2026-10-09T03:45:30.614406-04:00,2026-10-09T03:45:30.614406-04:00,propline_free_sample
2026-10-07,2026-10-08 02:00:00+00:00,Walker Buehler,1.5,under,-125,fliff,332124,San Diego Padres,Milwaukee Brewers,2026-10-08T00:53:04.353702+00:00,2026-10-09T07:45:30.614406+00:00,2026-10-09T03:45:30.614406-04:00,2026-10-09T03:45:30.614406-04:00,propline_free_sample
2026-10-07,2026-10-08 02:00:00+00:00,Walker Buehler,2.5,over,-167,sleeper,332124,San Diego Padres,Milwaukee Brewers,2026-10-08T01:33:02.644852+00:00,2026-10-09T07:45:30.614406+00:00,2026-10-09T03:45:30.614406-04:00,2026-10-09T03:45:30.614406-04:00,propline_free_sample
2026-10-07,2026-10-08 02:00:00+00:00,Walker Buehler,2.5,under,101,sleeper,332124,San Diego Padres,Milwaukee Brewers,2026-10-08T01:40:28.100615+00:00,2026-10-09T07:45:30.614406+00:00,2026-10-09T03:45:30.614406-04:00,2026-10-09T03:45:30.614406-04:00,propline_free_sample
2026-10-07,2026-10-08 02:00:00+00:00,Walker Buehler,1.5,over,100,prizepicks,332124,San Diego Padres,Milwaukee Brewers,2026-10-07T16:24:52.413233+00:00,2026-10-09T07:45:30.614406+00:00,2026-10-09T03:45:30.614406-04:00,2026-10-09T03:45:30.614406-04:00,propline_free_sample
2026-10-07,2026-10-08 02:00:00+00:00,Walker Buehler,1.5,under,100,prizepicks,332124,San Diego Padres,Milwaukee Brewers,2026-10-07T16:24:52.413233+00:00,2026-10-09T07:45:30.614406+00:00,2026-10-09T03:45:30.614406-04:00,2026-10-09T03:45:30.614406-04:00,propline_free_sample
2026-10-07,2026-10-08 02:00:00+00:00,Walker Buehler,2.5,over,130,courtside,332124,San Diego Padres,Milwaukee Brewers,2026-10-08T01:27:17.741404+00:00,2026-10-09T07:45:30.614406+00:00,2026-10-09T03:45:30.614406-04:00,2026-10-09T03:45:30.614406-04:00,propline_free_sample
2026-10-07,2026-10-08 02:00:00+00:00,Walker Buehler,2.5,under,-180,courtside,332124,San Diego Padres,Milwaukee Brewers,2026-10-08T01:27:17.741404+00:00,2026-10-09T07:45:30.614406+00:00,2026-10-09T03:45:30.614406-04:00,2026-10-09T03:45:30.614406-04:00,propline_free_sample
2026-10-07,2026-10-08 02:00:00+00:00,Walker Buehler,2.5,over,-250,parlayplay,332124,San Diego Padres,Milwaukee Brewers,2026-10-07T18:31:33.367975+00:00,2026-10-09T07:45:30.614406+00:00,2026-10-09T03:45:30.614406-04:00,2026-10-09T03:45:30.614406-04:00,propline_free_sample
2026-10-07,2026-10-08 02:00:00+00:00,Walker Buehler,2.5,under,119,parlayplay,332124,San Diego Padres,Milwaukee Brewers,2026-10-07T18:31:33.367975+00:00,2026-10-09T07:45:30.614406+00:00,2026-10-09T03:45:30.614406-04:00,2026-10-09T03:45:30.614406-04:00,propline_free_sample
2026-10-07,2026-10-08 02:00:00+00:00,Walker Buehler,3.5,over,146,parlayplay,332124,San Diego Padres,Milwaukee Brewers,2026-10-07T18:50:36.592957+00:00,2026-10-09T07:45:30.614406+00:00,2026-10-09T03:45:30.614406-04:00,2026-10-09T03:45:30.614406-04:00,propline_free_sample
2026-10-07,2026-10-08 02:00:00+00:00,Walker Buehler,3.5,under,-294,parlayplay,332124,San Diego Padres,Milwaukee Brewers,2026-10-07T18:50:36.592957+00:00,2026-10-09T07:45:30.614406+00:00,2026-10-09T03:45:30.614406-04:00,2026-10-09T03:45:30.614406-04:00,propline_free_sample
2026-10-07,2026-10-08 02:00:00+00:00,Walker Buehler,2.5,over,100,pick6,332124,San Diego Padres,Milwaukee Brewers,2026-10-07T23:24:49.120119+00:00,2026-10-09T07:45:30.614406+00:00,2026-10-09T03:45:30.614406-04:00,2026-10-09T03:45:30.614406-04:00,propline_free_sample
2026-10-07,2026-10-08 02:00:00+00:00,Walker Buehler,2.5,under,100,pick6,332124,San Diego Padres,Milwaukee Brewers,2026-10-07T23:24:49.120119+00:00,2026-10-09T07:45:30.614406+00:00,2026-10-09T03:45:30.614406-04:00,2026-10-09T03:45:30.614406-04:00,propline_free_sample
2026-10-07,2026-10-08 02:00:00+00:00,Walker Buehler,1.5,over,100,pick6,332124,San Diego Padres,Milwaukee Brewers,2026-10-07T23:24:49.120119+00:00,2026-10-09T07:45:30.614406+00:00,2026-10-09T03:45:30.614406-04:00,2026-10-09T03:45:30.614406-04:00,propline_free_sample
2026-10-07,2026-10-08 02:00:00+00:00,Walker Buehler,3.5,over,100,pick6,332124,San Diego Padres,Milwaukee Brewers,2026-10-08T00:00:59.826974+00:00,2026-10-09T07:45:30.614406+00:00,2026-10-09T03:45:30.614406-04:00,2026-10-09T03:45:30.614406-04:00,propline_free_sample
2026-10-07,2026-10-08 02:00:00+00:00,Walker Buehler,4.5,over,100,pick6,332124,San Diego Padres,Milwaukee Brewers,2026-10-08T01:27:15.428556+00:00,2026-10-09T07:45:30.614406+00:00,2026-10-09T03:45:30.614406-04:00,2026-10-09T03:45:30.614406-04:00,propline_free_sample
2026-10-07,2026-10-08 02:00:00+00:00,Walker Buehler,5.5,over,100,pick6,332124,San Diego Padres,Milwaukee Brewers,2026-10-08T01:27:15.428556+00:00,2026-10-09T07:45:30.614406+00:00,2026-10-09T03:45:30.614406-04:00,2026-10-09T03:45:30.614406-04:00,propline_free_sample
2026-10-07,2026-10-08 02:00:00+00:00,Walker Buehler,6.5,over,100,pick6,332124,San Diego Padres,Milwaukee Brewers,2026-10-07T23:03:56.485394+00:00,2026-10-09T07:45:30.614406+00:00,2026-10-09T03:45:30.614406-04:00,2026-10-09T03:45:30.614406-04:00,propline_free_sample
2026-10-07,2026-10-08 02:00:00+00:00,Robert Gasser,2.5,over,-160,fanatics,332124,San Diego Padres,Milwaukee Brewers,2026-10-08T01:41:42.067515+00:00,2026-10-09T07:45:30.614406+00:00,2026-10-09T03:45:30.614406-04:00,2026-10-09T03:45:30.614406-04:00,propline_free_sample
2026-10-07,2026-10-08 02:00:00+00:00,Robert Gasser,2.5,under,120,fanatics,332124,San Diego Padres,Milwaukee Brewers,2026-10-08T01:41:42.067515+00:00,2026-10-09T07:45:30.614406+00:00,2026-10-09T03:45:30.614406-04:00,2026-10-09T03:45:30.614406-04:00,propline_free_sample
2026-10-07,2026-10-08 02:00:00+00:00,Robert Gasser,2.5,over,-115,rebet,332124,San Diego Padres,Milwaukee Brewers,2026-10-08T01:55:12.092060+00:00,2026-10-09T07:45:30.614406+00:00,2026-10-09T03:45:30.614406-04:00,2026-10-09T03:45:30.614406-04:00,propline_free_sample
2026-10-07,2026-10-08 02:00:00+00:00,Robert Gasser,2.5,under,-120,rebet,332124,San Diego Padres,Milwaukee Brewers,2026-10-08T01:55:12.092060+00:00,2026-10-09T07:45:30.614406+00:00,2026-10-09T03:45:30.614406-04:00,2026-10-09T03:45:30.614406-04:00,propline_free_sample
2026-10-07,2026-10-08 02:00:00+00:00,Robert Gasser,2.5,over,100,sportzino,332124,San Diego Padres,Milwaukee Brewers,2026-10-08T00:36:32.737163+00:00,2026-10-09T07:45:30.614406+00:00,2026-10-09T03:45:30.614406-04:00,2026-10-09T03:45:30.614406-04:00,propline_free_sample
2026-10-07,2026-10-08 02:00:00+00:00,Robert Gasser,2.5,under,-145,sportzino,332124,San Diego Padres,Milwaukee Brewers,2026-10-08T00:36:32.737163+00:00,2026-10-09T07:45:30.614406+00:00,2026-10-09T03:45:30.614406-04:00,2026-10-09T03:45:30.614406-04:00,propline_free_sample
2026-10-07,2026-10-08 02:00:00+00:00,Walker Buehler,2.5,over,-150,prophetx,332124,San Diego Padres,Milwaukee Brewers,2026-10-08T01:59:43.261789+00:00,2026-10-09T07:45:30.614406+00:00,2026-10-09T03:45:30.614406-04:00,2026-10-09T03:45:30.614406-04:00,propline_free_sample
2026-10-07,2026-10-08 02:00:00+00:00,Robert Gasser,4.5,over,100,prizepicks,332124,San Diego Padres,Milwaukee Brewers,2026-10-07T18:00:11.324603+00:00,2026-10-09T07:45:30.614406+00:00,2026-10-09T03:45:30.614406-04:00,2026-10-09T03:45:30.614406-04:00,propline_free_sample
2026-10-07,2026-10-08 02:00:00+00:00,Robert Gasser,2.5,over,100,prizepicks,332124,San Diego Padres,Milwaukee Brewers,2026-10-07T18:00:11.324603+00:00,2026-10-09T07:45:30.614406+00:00,2026-10-09T03:45:30.614406-04:00,2026-10-09T03:45:30.614406-04:00,propline_free_sample
2026-10-07,2026-10-08 02:00:00+00:00,Robert Gasser,2.5,under,100,prizepicks,332124,San Diego Padres,Milwaukee Brewers,2026-10-07T18:00:11.324603+00:00,2026-10-09T07:45:30.614406+00:00,2026-10-09T03:45:30.614406-04:00,2026-10-09T03:45:30.614406-04:00,propline_free_sample
2026-10-07,2026-10-08 02:00:00+00:00,Robert Gasser,3.5,over,100,prizepicks,332124,San Diego Padres,Milwaukee Brewers,2026-10-07T18:00:11.324603+00:00,2026-10-09T07:45:30.614406+00:00,2026-10-09T03:45:30.614406-04:00,2026-10-09T03:45:30.614406-04:00,propline_free_sample
2026-10-07,2026-10-08 02:00:00+00:00,Robert Gasser,1.5,over,100,prizepicks,332124,San Diego Padres,Milwaukee Brewers,2026-10-07T18:00:11.324603+00:00,2026-10-09T07:45:30.614406+00:00,2026-10-09T03:45:30.614406-04:00,2026-10-09T03:45:30.614406-04:00,propline_free_sample
2026-10-07,2026-10-08 02:00:00+00:00,Robert Gasser,2.5,over,120,dabble,332124,San Diego Padres,Milwaukee Brewers,2026-10-08T01:11:37.635121+00:00,2026-10-09T07:45:30.614406+00:00,2026-10-09T03:45:30.614406-04:00,2026-10-09T03:45:30.614406-04:00,propline_free_sample
2026-10-07,2026-10-08 02:00:00+00:00,Robert Gasser,2.5,under,-119,dabble,332124,San Diego Padres,Milwaukee Brewers,2026-10-07T23:07:43.444128+00:00,2026-10-09T07:45:30.614406+00:00,2026-10-09T03:45:30.614406-04:00,2026-10-09T03:45:30.614406-04:00,propline_free_sample
2026-10-07,2026-10-08 02:00:00+00:00,Walker Buehler,2.5,under,118,prophetx,332124,San Diego Padres,Milwaukee Brewers,2026-10-08T01:58:31.209965+00:00,2026-10-09T07:45:30.614406+00:00,2026-10-09T03:45:30.614406-04:00,2026-10-09T03:45:30.614406-04:00,propline_free_sample
2026-10-07,2026-10-08 02:00:00+00:00,Robert Gasser,2.5,over,100,novig,332124,San Diego Padres,Milwaukee Brewers,2026-10-08T01:52:47.141240+00:00,2026-10-09T07:45:30.614406+00:00,2026-10-09T03:45:30.614406-04:00,2026-10-09T03:45:30.614406-04:00,propline_free_sample
2026-10-07,2026-10-08 02:00:00+00:00,Robert Gasser,2.5,under,-113,novig,332124,San Diego Padres,Milwaukee Brewers,2026-10-08T01:57:24.017817+00:00,2026-10-09T07:45:30.614406+00:00,2026-10-09T03:45:30.614406-04:00,2026-10-09T03:45:30.614406-04:00,propline_free_sample
2026-10-07,2026-10-08 02:00:00+00:00,Robert Gasser,2.5,over,-185,smarkets,332124,San Diego Padres,Milwaukee Brewers,2026-10-07T23:07:57.033400+00:00,2026-10-09T07:45:30.614406+00:00,2026-10-09T03:45:30.614406-04:00,2026-10-09T03:45:30.614406-04:00,propline_free_sample
2026-10-07,2026-10-08 02:00:00+00:00,Robert Gasser,2.5,under,-141,smarkets,332124,San Diego Padres,Milwaukee Brewers,2026-10-07T23:07:57.033400+00:00,2026-10-09T07:45:30.614406+00:00,2026-10-09T03:45:30.614406-04:00,2026-10-09T03:45:30.614406-04:00,propline_free_sample
2026-10-07,2026-10-08 02:00:00+00:00,Robert Gasser,2.5,over,-116,draftkings,332124,San Diego Padres,Milwaukee Brewers,2026-10-08T01:40:18.181275+00:00,2026-10-09T07:45:30.614406+00:00,2026-10-09T03:45:30.614406-04:00,2026-10-09T03:45:30.614406-04:00,propline_free_sample
2026-10-07,2026-10-08 02:00:00+00:00,Robert Gasser,2.5,under,-110,draftkings,332124,San Diego Padres,Milwaukee Brewers,2026-10-08T01:40:18.181275+00:00,2026-10-09T07:45:30.614406+00:00,2026-10-09T03:45:30.614406-04:00,2026-10-09T03:45:30.614406-04:00,propline_free_sample
2026-10-07,2026-10-08 02:00:00+00:00,Robert Gasser,2.5,over,-130,courtside,332124,San Diego Padres,Milwaukee Brewers,2026-10-08T01:41:00.351751+00:00,2026-10-09T07:45:30.614406+00:00,2026-10-09T03:45:30.614406-04:00,2026-10-09T03:45:30.614406-04:00,propline_free_sample
2026-10-07,2026-10-08 02:00:00+00:00,Robert Gasser,2.5,under,-105,courtside,332124,San Diego Padres,Milwaukee Brewers,2026-10-08T01:41:00.351751+00:00,2026-10-09T07:45:30.614406+00:00,2026-10-09T03:45:30.614406-04:00,2026-10-09T03:45:30.614406-04:00,propline_free_sample
2026-10-07,2026-10-08 02:00:00+00:00,Robert Gasser,2.5,over,-141,parlayplay,332124,San Diego Padres,Milwaukee Brewers,2026-10-08T01:54:14.252941+00:00,2026-10-09T07:45:30.614406+00:00,2026-10-09T03:45:30.614406-04:00,2026-10-09T03:45:30.614406-04:00,propline_free_sample
2026-10-07,2026-10-08 02:00:00+00:00,Robert Gasser,2.5,under,-114,parlayplay,332124,San Diego Padres,Milwaukee Brewers,2026-10-08T01:54:14.252941+00:00,2026-10-09T07:45:30.614406+00:00,2026-10-09T03:45:30.614406-04:00,2026-10-09T03:45:30.614406-04:00,propline_free_sample
2026-10-07,2026-10-08 02:00:00+00:00,Robert Gasser,2.5,over,100,pick6,332124,San Diego Padres,Milwaukee Brewers,2026-10-07T23:27:01.542055+00:00,2026-10-09T07:45:30.614406+00:00,2026-10-09T03:45:30.614406-04:00,2026-10-09T03:45:30.614406-04:00,propline_free_sample
2026-10-07,2026-10-08 02:00:00+00:00,Robert Gasser,2.5,under,100,pick6,332124,San Diego Padres,Milwaukee Brewers,2026-10-07T21:55:42.191625+00:00,2026-10-09T07:45:30.614406+00:00,2026-10-09T03:45:30.614406-04:00,2026-10-09T03:45:30.614406-04:00,propline_free_sample
2026-10-07,2026-10-08 02:00:00+00:00,Robert Gasser,1.5,over,100,pick6,332124,San Diego Padres,Milwaukee Brewers,2026-10-07T21:55:42.191625+00:00,2026-10-09T07:45:30.614406+00:00,2026-10-09T03:45:30.614406-04:00,2026-10-09T03:45:30.614406-04:00,propline_free_sample
2026-10-07,2026-10-08 02:00:00+00:00,Robert Gasser,3.5,over,100,pick6,332124,San Diego Padres,Milwaukee Brewers,2026-10-08T00:31:54.591138+00:00,2026-10-09T07:45:30.614406+00:00,2026-10-09T03:45:30.614406-04:00,2026-10-09T03:45:30.614406-04:00,propline_free_sample
2026-10-07,2026-10-08 02:00:00+00:00,Robert Gasser,4.5,over,100,pick6,332124,San Diego Padres,Milwaukee Brewers,2026-10-08T01:41:05.467988+00:00,2026-10-09T07:45:30.614406+00:00,2026-10-09T03:45:30.614406-04:00,2026-10-09T03:45:30.614406-04:00,propline_free_sample
2026-10-07,2026-10-08 02:00:00+00:00,Robert Gasser,5.5,over,100,pick6,332124,San Diego Padres,Milwaukee Brewers,2026-10-08T01:41:05.467988+00:00,2026-10-09T07:45:30.614406+00:00,2026-10-09T03:45:30.614406-04:00,2026-10-09T03:45:30.614406-04:00,propline_free_sample
2026-10-07,2026-10-08 02:00:00+00:00,Robert Gasser,2.5,over,100,prizepicks,332124,San Diego Padres,Milwaukee Brewers,2026-10-07T18:10:02.948575+00:00,2026-10-09T07:45:30.614406+00:00,2026-10-09T03:45:30.614406-04:00,2026-10-09T03:45:30.614406-04:00,propline_free_sample
2026-10-07,2026-10-08 02:00:00+00:00,Robert Gasser,2.5,under,100,prizepicks,332124,San Diego Padres,Milwaukee Brewers,2026-10-07T18:10:02.948575+00:00,2026-10-09T07:45:30.614406+00:00,2026-10-09T03:45:30.614406-04:00,2026-10-09T03:45:30.614406-04:00,propline_free_sample
2026-10-07,2026-10-08 02:00:00+00:00,Robert Gasser,2.5,over,110,onexbet,332124,San Diego Padres,Milwaukee Brewers,2026-10-08T01:48:01.983960+00:00,2026-10-09T07:45:30.614406+00:00,2026-10-09T03:45:30.614406-04:00,2026-10-09T03:45:30.614406-04:00,propline_free_sample
2026-10-07,2026-10-08 02:00:00+00:00,Robert Gasser,2.5,under,-150,onexbet,332124,San Diego Padres,Milwaukee Brewers,2026-10-08T01:48:01.983960+00:00,2026-10-09T07:45:30.614406+00:00,2026-10-09T03:45:30.614406-04:00,2026-10-09T03:45:30.614406-04:00,propline_free_sample
2026-10-07,2026-10-08 02:00:00+00:00,Robert Gasser,2.5,over,-156,polymarket_us,332124,San Diego Padres,Milwaukee Brewers,2026-10-08T01:49:23.101840+00:00,2026-10-09T07:45:30.614406+00:00,2026-10-09T03:45:30.614406-04:00,2026-10-09T03:45:30.614406-04:00,propline_free_sample
2026-10-07,2026-10-08 02:00:00+00:00,Robert Gasser,2.5,under,9900,polymarket_us,332124,San Diego Padres,Milwaukee Brewers,2026-10-08T01:49:23.101840+00:00,2026-10-09T07:45:30.614406+00:00,2026-10-09T03:45:30.614406-04:00,2026-10-09T03:45:30.614406-04:00,propline_free_sample
2026-10-07,2026-10-08 02:00:00+00:00,Robert Gasser,2.5,over,100,prizepicks,332124,San Diego Padres,Milwaukee Brewers,2026-10-07T18:33:04.304720+00:00,2026-10-09T07:45:30.614406+00:00,2026-10-09T03:45:30.614406-04:00,2026-10-09T03:45:30.614406-04:00,propline_free_sample
2026-10-07,2026-10-08 02:00:00+00:00,Robert Gasser,2.5,under,100,prizepicks,332124,San Diego Padres,Milwaukee Brewers,2026-10-07T18:33:04.304720+00:00,2026-10-09T07:45:30.614406+00:00,2026-10-09T03:45:30.614406-04:00,2026-10-09T03:45:30.614406-04:00,propline_free_sample
2026-10-07,2026-10-08 02:00:00+00:00,Robert Gasser,3.5,over,9900,polymarket_us,332124,San Diego Padres,Milwaukee Brewers,2026-10-07T19:57:32.415208+00:00,2026-10-09T07:45:30.614406+00:00,2026-10-09T03:45:30.614406-04:00,2026-10-09T03:45:30.614406-04:00,propline_free_sample
2026-10-07,2026-10-08 02:00:00+00:00,Robert Gasser,4.5,over,9900,polymarket_us,332124,San Diego Padres,Milwaukee Brewers,2026-10-08T01:36:28.011458+00:00,2026-10-09T07:45:30.614406+00:00,2026-10-09T03:45:30.614406-04:00,2026-10-09T03:45:30.614406-04:00,propline_free_sample
2026-10-07,2026-10-08 02:00:00+00:00,Robert Gasser,5.5,over,9900,polymarket_us,332124,San Diego Padres,Milwaukee Brewers,2026-10-08T01:56:25.049137+00:00,2026-10-09T07:45:30.614406+00:00,2026-10-09T03:45:30.614406-04:00,2026-10-09T03:45:30.614406-04:00,propline_free_sample
2026-10-07,2026-10-08 02:00:00+00:00,Robert Gasser,1.5,over,-194,polymarket_us,332124,San Diego Padres,Milwaukee Brewers,2026-10-08T01:56:25.049137+00:00,2026-10-09T07:45:30.614406+00:00,2026-10-09T03:45:30.614406-04:00,2026-10-09T03:45:30.614406-04:00,propline_free_sample
2026-10-07,2026-10-08 02:00:00+00:00,Robert Gasser,1.5,under,9900,polymarket_us,332124,San Diego Padres,Milwaukee Brewers,2026-10-08T01:56:25.049137+00:00,2026-10-09T07:45:30.614406+00:00,2026-10-09T03:45:30.614406-04:00,2026-10-09T03:45:30.614406-04:00,propline_free_sample
2026-10-07,2026-10-08 02:00:00+00:00,Robert Gasser,1.5,over,-426,kalshi,332124,San Diego Padres,Milwaukee Brewers,2026-10-08T01:59:43.311846+00:00,2026-10-09T07:45:30.614406+00:00,2026-10-09T03:45:30.614406-04:00,2026-10-09T03:45:30.614406-04:00,propline_free_sample
2026-10-07,2026-10-08 02:00:00+00:00,Robert Gasser,1.5,under,9900,kalshi,332124,San Diego Padres,Milwaukee Brewers,2026-10-08T01:59:43.311846+00:00,2026-10-09T07:45:30.614406+00:00,2026-10-09T03:45:30.614406-04:00,2026-10-09T03:45:30.614406-04:00,propline_free_sample
2026-10-07,2026-10-08 02:00:00+00:00,Robert Gasser,2.5,over,-133,kalshi,332124,San Diego Padres,Milwaukee Brewers,2026-10-08T01:58:02.982459+00:00,2026-10-09T07:45:30.614406+00:00,2026-10-09T03:45:30.614406-04:00,2026-10-09T03:45:30.614406-04:00,propline_free_sample
2026-10-07,2026-10-08 02:00:00+00:00,Robert Gasser,2.5,under,9900,kalshi,332124,San Diego Padres,Milwaukee Brewers,2026-10-08T01:58:02.982459+00:00,2026-10-09T07:45:30.614406+00:00,2026-10-09T03:45:30.614406-04:00,2026-10-09T03:45:30.614406-04:00,propline_free_sample
2026-10-07,2026-10-08 02:00:00+00:00,Robert Gasser,3.5,over,9900,kalshi,332124,San Diego Padres,Milwaukee Brewers,2026-10-08T01:58:02.982459+00:00,2026-10-09T07:45:30.614406+00:00,2026-10-09T03:45:30.614406-04:00,2026-10-09T03:45:30.614406-04:00,propline_free_sample
2026-10-07,2026-10-08 02:00:00+00:00,Robert Gasser,3.5,under,-317,kalshi,332124,San Diego Padres,Milwaukee Brewers,2026-10-08T01:58:02.982459+00:00,2026-10-09T07:45:30.614406+00:00,2026-10-09T03:45:30.614406-04:00,2026-10-09T03:45:30.614406-04:00,propline_free_sample
2026-10-07,2026-10-08 02:00:00+00:00,Robert Gasser,4.5,over,9900,kalshi,332124,San Diego Padres,Milwaukee Brewers,2026-10-08T01:53:32.002691+00:00,2026-10-09T07:45:30.614406+00:00,2026-10-09T03:45:30.614406-04:00,2026-10-09T03:45:30.614406-04:00,propline_free_sample
2026-10-07,2026-10-08 02:00:00+00:00,Robert Gasser,4.5,under,-2400,kalshi,332124,San Diego Padres,Milwaukee Brewers,2026-10-07T21:31:55.351905+00:00,2026-10-09T07:45:30.614406+00:00,2026-10-09T03:45:30.614406-04:00,2026-10-09T03:45:30.614406-04:00,propline_free_sample
2026-10-07,2026-10-08 02:00:00+00:00,Robert Gasser,5.5,over,9900,kalshi,332124,San Diego Padres,Milwaukee Brewers,2026-10-08T00:42:56.896699+00:00,2026-10-09T07:45:30.614406+00:00,2026-10-09T03:45:30.614406-04:00,2026-10-09T03:45:30.614406-04:00,propline_free_sample
2026-10-07,2026-10-08 02:00:00+00:00,Robert Gasser,0.5,over,-245,kalshi,332124,San Diego Padres,Milwaukee Brewers,2026-10-08T01:56:35.461285+00:00,2026-10-09T07:45:30.614406+00:00,2026-10-09T03:45:30.614406-04:00,2026-10-09T03:45:30.614406-04:00,propline_free_sample
2026-10-07,2026-10-08 02:00:00+00:00,Robert Gasser,0.5,under,9900,kalshi,332124,San Diego Padres,Milwaukee Brewers,2026-10-08T01:59:43.311846+00:00,2026-10-09T07:45:30.614406+00:00,2026-10-09T03:45:30.614406-04:00,2026-10-09T03:45:30.614406-04:00,propline_free_sample
2026-10-07,2026-10-08 02:00:00+00:00,Robert Gasser,4.5,under,-2400,polymarket_us,332124,San Diego Padres,Milwaukee Brewers,2026-10-08T01:36:28.011458+00:00,2026-10-09T07:45:30.614406+00:00,2026-10-09T03:45:30.614406-04:00,2026-10-09T03:45:30.614406-04:00,propline_free_sample
2026-10-07,2026-10-08 02:00:00+00:00,Robert Gasser,3.5,under,-376,polymarket_us,332124,San Diego Padres,Milwaukee Brewers,2026-10-07T19:59:28.506021+00:00,2026-10-09T07:45:30.614406+00:00,2026-10-09T03:45:30.614406-04:00,2026-10-09T03:45:30.614406-04:00,propline_free_sample
2026-10-07,2026-10-08 02:00:00+00:00,Robert Gasser,0.5,over,-355,polymarket_us,332124,San Diego Padres,Milwaukee Brewers,2026-10-08T00:49:12.779662+00:00,2026-10-09T07:45:30.614406+00:00,2026-10-09T03:45:30.614406-04:00,2026-10-09T03:45:30.614406-04:00,propline_free_sample
2026-10-07,2026-10-08 02:00:00+00:00,Robert Gasser,0.5,under,9900,polymarket_us,332124,San Diego Padres,Milwaukee Brewers,2026-10-08T00:49:12.779662+00:00,2026-10-09T07:45:30.614406+00:00,2026-10-09T03:45:30.614406-04:00,2026-10-09T03:45:30.614406-04:00,propline_free_sample
2026-10-07,2026-10-08 02:00:00+00:00,Robert Gasser (MIL),2.5,over,100,bovada,332124,San Diego Padres,Milwaukee Brewers,2026-10-08T01:46:31.744748+00:00,2026-10-09T07:45:30.614406+00:00,2026-10-09T03:45:30.614406-04:00,2026-10-09T03:45:30.614406-04:00,propline_free_sample
2026-10-07,2026-10-08 02:00:00+00:00,Robert Gasser (MIL),2.5,under,-130,bovada,332124,San Diego Padres,Milwaukee Brewers,2026-10-08T01:46:31.744748+00:00,2026-10-09T07:45:30.614406+00:00,2026-10-09T03:45:30.614406-04:00,2026-10-09T03:45:30.614406-04:00,propline_free_sample
2026-10-07,2026-10-08 02:00:00+00:00,Robert Gasser,5.5,under,-9900,kalshi,332124,San Diego Padres,Milwaukee Brewers,2026-10-08T01:59:43.311846+00:00,2026-10-09T07:45:30.614406+00:00,2026-10-09T03:45:30.614406-04:00,2026-10-09T03:45:30.614406-04:00,propline_free_sample
2026-10-07,2026-10-08 02:00:00+00:00,Robert Gasser,2.5,over,102,prophetx,332124,San Diego Padres,Milwaukee Brewers,2026-10-07T22:28:00.402515+00:00,2026-10-09T07:45:30.614406+00:00,2026-10-09T03:45:30.614406-04:00,2026-10-09T03:45:30.614406-04:00,propline_free_sample
2026-10-07,2026-10-08 02:00:00+00:00,Robert Gasser,2.5,under,-113,prophetx,332124,San Diego Padres,Milwaukee Brewers,2026-10-07T22:56:07.597225+00:00,2026-10-09T07:45:30.614406+00:00,2026-10-09T03:45:30.614406-04:00,2026-10-09T03:45:30.614406-04:00,propline_free_sample
2026-10-07,2026-10-08 02:00:00+00:00,Robert Gasser,6.5,over,100,pick6,332124,San Diego Padres,Milwaukee Brewers,2026-10-07T21:35:39.937823+00:00,2026-10-09T07:45:30.614406+00:00,2026-10-09T03:45:30.614406-04:00,2026-10-09T03:45:30.614406-04:00,propline_free_sample
2026-10-07,2026-10-08 02:00:00+00:00,Robert Gasser,2.5,over,-115,fanduel,332124,San Diego Padres,Milwaukee Brewers,2026-10-08T01:52:47.012713+00:00,2026-10-09T07:45:30.614406+00:00,2026-10-09T03:45:30.614406-04:00,2026-10-09T03:45:30.614406-04:00,propline_free_sample
2026-10-07,2026-10-08 02:00:00+00:00,Robert Gasser,2.5,under,-111,fanduel,332124,San Diego Padres,Milwaukee Brewers,2026-10-08T01:52:47.012713+00:00,2026-10-09T07:45:30.614406+00:00,2026-10-09T03:45:30.614406-04:00,2026-10-09T03:45:30.614406-04:00,propline_free_sample
2026-10-07,2026-10-08 02:00:00+00:00,Robert Gasser,5.5,under,-900,polymarket_us,332124,San Diego Padres,Milwaukee Brewers,2026-10-08T01:56:25.049137+00:00,2026-10-09T07:45:30.614406+00:00,2026-10-09T03:45:30.614406-04:00,2026-10-09T03:45:30.614406-04:00,propline_free_sample
2026-10-07,2026-10-08 02:00:00+00:00,Robert Gasser,2.5,over,125,betmgm,332124,San Diego Padres,Milwaukee Brewers,2026-10-07T21:29:05.471083+00:00,2026-10-09T07:45:30.614406+00:00,2026-10-09T03:45:30.614406-04:00,2026-10-09T03:45:30.614406-04:00,propline_free_sample
2026-10-07,2026-10-08 02:00:00+00:00,Robert Gasser,2.5,under,-160,betmgm,332124,San Diego Padres,Milwaukee Brewers,2026-10-07T21:29:05.471083+00:00,2026-10-09T07:45:30.614406+00:00,2026-10-09T03:45:30.614406-04:00,2026-10-09T03:45:30.614406-04:00,propline_free_sample
2026-10-07,2026-10-08 02:00:00+00:00,Walker Buehler,0.5,under,1900,polymarket_us,332124,San Diego Padres,Milwaukee Brewers,2026-10-08T01:52:53.338885+00:00,2026-10-09T07:45:30.614406+00:00,2026-10-09T03:45:30.614406-04:00,2026-10-09T03:45:30.614406-04:00,propline_free_sample
2026-10-07,2026-10-08 02:00:00+00:00,Walker Buehler,0.5,over,9900,polymarket_us,332124,San Diego Padres,Milwaukee Brewers,2026-10-08T01:48:17.289471+00:00,2026-10-09T07:45:30.614406+00:00,2026-10-09T03:45:30.614406-04:00,2026-10-09T03:45:30.614406-04:00,propline_free_sample
2026-10-07,2026-10-08 02:00:00+00:00,Robert Gasser,4.5,over,456,novig,332124,San Diego Padres,Milwaukee Brewers,2026-10-08T01:36:22.959895+00:00,2026-10-09T07:45:30.614406+00:00,2026-10-09T03:45:30.614406-04:00,2026-10-09T03:45:30.614406-04:00,propline_free_sample
2026-10-07,2026-10-08 02:00:00+00:00,Robert Gasser,4.5,under,-641,novig,332124,San Diego Padres,Milwaukee Brewers,2026-10-08T01:36:22.959895+00:00,2026-10-09T07:45:30.614406+00:00,2026-10-09T03:45:30.614406-04:00,2026-10-09T03:45:30.614406-04:00,propline_free_sample
2026-10-07,2026-10-08 02:00:00+00:00,Robert Gasser,3.5,over,199,novig,332124,San Diego Padres,Milwaukee Brewers,2026-10-08T01:55:05.597727+00:00,2026-10-09T07:45:30.614406+00:00,2026-10-09T03:45:30.614406-04:00,2026-10-09T03:45:30.614406-04:00,propline_free_sample
2026-10-07,2026-10-08 02:00:00+00:00,Robert Gasser,3.5,under,-251,novig,332124,San Diego Padres,Milwaukee Brewers,2026-10-07T22:51:22.395239+00:00,2026-10-09T07:45:30.614406+00:00,2026-10-09T03:45:30.614406-04:00,2026-10-09T03:45:30.614406-04:00,propline_free_sample
2026-10-07,2026-10-08 02:00:00+00:00,Walker Buehler,7.5,under,-9900,kalshi,332124,San Diego Padres,Milwaukee Brewers,2026-10-07T22:58:08.305087+00:00,2026-10-09T07:45:30.614406+00:00,2026-10-09T03:45:30.614406-04:00,2026-10-09T03:45:30.614406-04:00,propline_free_sample
2026-10-07,2026-10-08 02:00:00+00:00,Robert Gasser,2.5,over,-128,sleeper,332124,San Diego Padres,Milwaukee Brewers,2026-10-08T01:43:56.277522+00:00,2026-10-09T07:45:30.614406+00:00,2026-10-09T03:45:30.614406-04:00,2026-10-09T03:45:30.614406-04:00,propline_free_sample
2026-10-07,2026-10-08 02:00:00+00:00,Robert Gasser,2.5,under,-128,sleeper,332124,San Diego Padres,Milwaukee Brewers,2026-10-08T01:43:56.277522+00:00,2026-10-09T07:45:30.614406+00:00,2026-10-09T03:45:30.614406-04:00,2026-10-09T03:45:30.614406-04:00,propline_free_sample
2026-10-07,2026-10-08 02:00:00+00:00,Robert Gasser,1.5,over,-190,fliff,332124,San Diego Padres,Milwaukee Brewers,2026-10-07T23:21:58.606147+00:00,2026-10-09T07:45:30.614406+00:00,2026-10-09T03:45:30.614406-04:00,2026-10-09T03:45:30.614406-04:00,propline_free_sample
2026-10-07,2026-10-08 02:00:00+00:00,Robert Gasser,1.5,under,130,fliff,332124,San Diego Padres,Milwaukee Brewers,2026-10-08T01:43:16.917504+00:00,2026-10-09T07:45:30.614406+00:00,2026-10-09T03:45:30.614406-04:00,2026-10-09T03:45:30.614406-04:00,propline_free_sample
2026-10-07,2026-10-08 02:00:00+00:00,Robert Gasser,2.5,over,-286,underdog,332124,San Diego Padres,Milwaukee Brewers,2026-10-08T00:07:44.386203+00:00,2026-10-09T07:45:30.614406+00:00,2026-10-09T03:45:30.614406-04:00,2026-10-09T03:45:30.614406-04:00,propline_free_sample
2026-10-07,2026-10-08 02:00:00+00:00,Walker Buehler,1.5,over,141,underdog,332124,San Diego Padres,Milwaukee Brewers,2026-10-08T01:27:45.841082+00:00,2026-10-09T07:45:30.614406+00:00,2026-10-09T03:45:30.614406-04:00,2026-10-09T03:45:30.614406-04:00,propline_free_sample
2026-10-07,2026-10-08 02:00:00+00:00,Robert Gasser,2.5,under,183,underdog,332124,San Diego Padres,Milwaukee Brewers,2026-10-08T00:07:44.386203+00:00,2026-10-09T07:45:30.614406+00:00,2026-10-09T03:45:30.614406-04:00,2026-10-09T03:45:30.614406-04:00,propline_free_sample
2026-10-07,2026-10-08 02:00:00+00:00,Walker Buehler,1.5,under,-213,underdog,332124,San Diego Padres,Milwaukee Brewers,2026-10-08T01:27:45.841082+00:00,2026-10-09T07:45:30.614406+00:00,2026-10-09T03:45:30.614406-04:00,2026-10-09T03:45:30.614406-04:00,propline_free_sample
2026-10-07,2026-10-08 02:00:00+00:00,Robert Gasser,1.5,over,113,novig,332124,San Diego Padres,Milwaukee Brewers,2026-10-08T01:57:24.017817+00:00,2026-10-09T07:45:30.614406+00:00,2026-10-09T03:45:30.614406-04:00,2026-10-09T03:45:30.614406-04:00,propline_free_sample
2026-10-07,2026-10-08 02:00:00+00:00,Robert Gasser,1.5,under,-270,novig,332124,San Diego Padres,Milwaukee Brewers,2026-10-08T00:13:15.102197+00:00,2026-10-09T07:45:30.614406+00:00,2026-10-09T03:45:30.614406-04:00,2026-10-09T03:45:30.614406-04:00,propline_free_sample
2026-10-07,2026-10-08 02:00:00+00:00,Robert Gasser,0.5,over,-1100,hardrock,332124,San Diego Padres,Milwaukee Brewers,2026-10-08T01:54:12.763698+00:00,2026-10-09T07:45:30.614406+00:00,2026-10-09T03:45:30.614406-04:00,2026-10-09T03:45:30.614406-04:00,propline_free_sample
2026-10-07,2026-10-08 02:00:00+00:00,Robert Gasser,0.5,under,475,hardrock,332124,San Diego Padres,Milwaukee Brewers,2026-10-08T00:35:04.405421+00:00,2026-10-09T07:45:30.614406+00:00,2026-10-09T03:45:30.614406-04:00,2026-10-09T03:45:30.614406-04:00,propline_free_sample
2026-10-07,2026-10-08 02:00:00+00:00,Robert Gasser,1.5,over,-180,hardrock,332124,San Diego Padres,Milwaukee Brewers,2026-10-08T00:35:04.405421+00:00,2026-10-09T07:45:30.614406+00:00,2026-10-09T03:45:30.614406-04:00,2026-10-09T03:45:30.614406-04:00,propline_free_sample
2026-10-07,2026-10-08 02:00:00+00:00,Robert Gasser,1.5,under,125,hardrock,332124,San Diego Padres,Milwaukee Brewers,2026-10-08T01:54:12.763698+00:00,2026-10-09T07:45:30.614406+00:00,2026-10-09T03:45:30.614406-04:00,2026-10-09T03:45:30.614406-04:00,propline_free_sample
2026-10-07,2026-10-08 02:00:00+00:00,Robert Gasser,2.5,over,185,hardrock,332124,San Diego Padres,Milwaukee Brewers,2026-10-08T01:54:12.763698+00:00,2026-10-09T07:45:30.614406+00:00,2026-10-09T03:45:30.614406-04:00,2026-10-09T03:45:30.614406-04:00,propline_free_sample
2026-10-07,2026-10-08 02:00:00+00:00,Robert Gasser,2.5,under,-300,hardrock,332124,San Diego Padres,Milwaukee Brewers,2026-10-08T01:54:12.763698+00:00,2026-10-09T07:45:30.614406+00:00,2026-10-09T03:45:30.614406-04:00,2026-10-09T03:45:30.614406-04:00,propline_free_sample
2026-10-07,2026-10-08 02:00:00+00:00,Robert Gasser,3.5,over,525,hardrock,332124,San Diego Padres,Milwaukee Brewers,2026-10-08T01:54:12.763698+00:00,2026-10-09T07:45:30.614406+00:00,2026-10-09T03:45:30.614406-04:00,2026-10-09T03:45:30.614406-04:00,propline_free_sample
2026-10-07,2026-10-08 02:00:00+00:00,Robert Gasser,3.5,under,-1500,hardrock,332124,San Diego Padres,Milwaukee Brewers,2026-10-08T00:35:04.405421+00:00,2026-10-09T07:45:30.614406+00:00,2026-10-09T03:45:30.614406-04:00,2026-10-09T03:45:30.614406-04:00,propline_free_sample
2026-10-07,2026-10-08 02:00:00+00:00,Robert Gasser,4.5,over,2000,hardrock,332124,San Diego Padres,Milwaukee Brewers,2026-10-08T01:54:12.763698+00:00,2026-10-09T07:45:30.614406+00:00,2026-10-09T03:45:30.614406-04:00,2026-10-09T03:45:30.614406-04:00,propline_free_sample
2026-10-07,2026-10-08 02:00:00+00:00,Robert Gasser,4.5,under,-10000,hardrock,332124,San Diego Padres,Milwaukee Brewers,2026-10-08T01:54:12.763698+00:00,2026-10-09T07:45:30.614406+00:00,2026-10-09T03:45:30.614406-04:00,2026-10-09T03:45:30.614406-04:00,propline_free_sample
2026-10-07,2026-10-08 02:00:00+00:00,Robert Gasser,5.5,over,4000,hardrock,332124,San Diego Padres,Milwaukee Brewers,2026-10-08T01:54:12.763698+00:00,2026-10-09T07:45:30.614406+00:00,2026-10-09T03:45:30.614406-04:00,2026-10-09T03:45:30.614406-04:00,propline_free_sample
2026-10-07,2026-10-08 02:00:00+00:00,Robert Gasser,5.5,under,-100000,hardrock,332124,San Diego Padres,Milwaukee Brewers,2026-10-08T01:54:12.763698+00:00,2026-10-09T07:45:30.614406+00:00,2026-10-09T03:45:30.614406-04:00,2026-10-09T03:45:30.614406-04:00,propline_free_sample
2026-10-07,2026-10-08 02:00:00+00:00,Robert Gasser,6.5,over,4000,hardrock,332124,San Diego Padres,Milwaukee Brewers,2026-10-08T00:35:04.405421+00:00,2026-10-09T07:45:30.614406+00:00,2026-10-09T03:45:30.614406-04:00,2026-10-09T03:45:30.614406-04:00,propline_free_sample
2026-10-07,2026-10-08 02:00:00+00:00,Robert Gasser,6.5,under,-20000,hardrock,332124,San Diego Padres,Milwaukee Brewers,2026-10-08T01:54:12.763698+00:00,2026-10-09T07:45:30.614406+00:00,2026-10-09T03:45:30.614406-04:00,2026-10-09T03:45:30.614406-04:00,propline_free_sample
2026-10-07,2026-10-08 02:00:00+00:00,Robert Gasser,3.5,under,100,prizepicks,332124,San Diego Padres,Milwaukee Brewers,2026-10-08T00:41:26.653657+00:00,2026-10-09T07:45:30.614406+00:00,2026-10-09T03:45:30.614406-04:00,2026-10-09T03:45:30.614406-04:00,propline_free_sample
2026-10-07,2026-10-08 02:00:00+00:00,Robert Gasser,1.5,under,100,prizepicks,332124,San Diego Padres,Milwaukee Brewers,2026-10-08T00:41:26.653657+00:00,2026-10-09T07:45:30.614406+00:00,2026-10-09T03:45:30.614406-04:00,2026-10-09T03:45:30.614406-04:00,propline_free_sample
2026-10-07,2026-10-08 02:00:00+00:00,Robert Gasser,4.5,under,100,prizepicks,332124,San Diego Padres,Milwaukee Brewers,2026-10-08T01:56:02.201152+00:00,2026-10-09T07:45:30.614406+00:00,2026-10-09T03:45:30.614406-04:00,2026-10-09T03:45:30.614406-04:00,propline_free_sample
2026-10-07,2026-10-08 02:00:00+00:00,Robert Gasser,1.5,over,-170,courtside,332124,San Diego Padres,Milwaukee Brewers,,2026-10-09T07:45:30.614406+00:00,2026-10-09T03:45:30.614406-04:00,2026-10-09T03:45:30.614406-04:00,propline_free_sample
2026-10-07,2026-10-08 02:00:00+00:00,Robert Gasser,1.5,under,125,courtside,332124,San Diego Padres,Milwaukee Brewers,,2026-10-09T07:45:30.614406+00:00,2026-10-09T03:45:30.614406-04:00,2026-10-09T03:45:30.614406-04:00,propline_free_sample
2026-10-07,2026-10-08 02:00:00+00:00,Walker Buehler,1.5,over,130,courtside,332124,San Diego Padres,Milwaukee Brewers,,2026-10-09T07:45:30.614406+00:00,2026-10-09T03:45:30.614406-04:00,2026-10-09T03:45:30.614406-04:00,propline_free_sample
2026-10-07,2026-10-08 02:00:00+00:00,Walker Buehler,1.5,under,-175,courtside,332124,San Diego Padres,Milwaukee Brewers,,2026-10-09T07:45:30.614406+00:00,2026-10-09T03:45:30.614406-04:00,2026-10-09T03:45:30.614406-04:00,propline_free_sample
2026-10-07,2026-10-08 00:00:00+00:00,Max Fried,4.5,over,103,dabble,321682,New York Yankees,Tampa Bay Rays,2026-10-07T23:06:28.473640+00:00,2026-10-09T07:45:30.614406+00:00,2026-10-09T03:45:30.614406-04:00,2026-10-09T03:45:30.614406-04:00,propline_free_sample
2026-10-07,2026-10-08 00:00:00+00:00,Nick Martinez,3.5,over,147,dabble,321682,New York Yankees,Tampa Bay Rays,2026-10-07T22:54:32.845602+00:00,2026-10-09T07:45:30.614406+00:00,2026-10-09T03:45:30.614406-04:00,2026-10-09T03:45:30.614406-04:00,propline_free_sample
2026-10-07,2026-10-08 00:00:00+00:00,Max Fried,4.5,under,-102,dabble,321682,New York Yankees,Tampa Bay Rays,2026-10-07T23:06:28.473640+00:00,2026-10-09T07:45:30.614406+00:00,2026-10-09T03:45:30.614406-04:00,2026-10-09T03:45:30.614406-04:00,propline_free_sample
2026-10-07,2026-10-08 00:00:00+00:00,Nick Martinez,3.5,under,-145,dabble,321682,New York Yankees,Tampa Bay Rays,2026-10-07T22:54:32.845602+00:00,2026-10-09T07:45:30.614406+00:00,2026-10-09T03:45:30.614406-04:00,2026-10-09T03:45:30.614406-04:00,propline_free_sample
2026-10-07,2026-10-08 00:00:00+00:00,Max Fried,4.5,over,-115,draftkings,321682,New York Yankees,Tampa Bay Rays,2026-10-07T23:29:13.205921+00:00,2026-10-09T07:45:30.614406+00:00,2026-10-09T03:45:30.614406-04:00,2026-10-09T03:45:30.614406-04:00,propline_free_sample
2026-10-07,2026-10-08 00:00:00+00:00,Max Fried,4.5,under,-111,draftkings,321682,New York Yankees,Tampa Bay Rays,2026-10-07T23:29:13.205921+00:00,2026-10-09T07:45:30.614406+00:00,2026-10-09T03:45:30.614406-04:00,2026-10-09T03:45:30.614406-04:00,propline_free_sample
2026-10-07,2026-10-08 00:00:00+00:00,Nick Martinez,2.5,over,-161,draftkings,321682,New York Yankees,Tampa Bay Rays,2026-10-07T23:21:13.271275+00:00,2026-10-09T07:45:30.614406+00:00,2026-10-09T03:45:30.614406-04:00,2026-10-09T03:45:30.614406-04:00,propline_free_sample
2026-10-07,2026-10-08 00:00:00+00:00,Nick Martinez,2.5,under,126,draftkings,321682,New York Yankees,Tampa Bay Rays,2026-10-07T23:21:13.271275+00:00,2026-10-09T07:45:30.614406+00:00,2026-10-09T03:45:30.614406-04:00,2026-10-09T03:45:30.614406-04:00,propline_free_sample
2026-10-07,2026-10-08 00:00:00+00:00,Max Fried,4.5,over,100,courtside,321682,New York Yankees,Tampa Bay Rays,2026-10-07T23:53:15.467296+00:00,2026-10-09T07:45:30.614406+00:00,2026-10-09T03:45:30.614406-04:00,2026-10-09T03:45:30.614406-04:00,propline_free_sample
2026-10-07,2026-10-08 00:00:00+00:00,Max Fried,4.5,under,-140,courtside,321682,New York Yankees,Tampa Bay Rays,2026-10-07T23:29:30.893250+00:00,2026-10-09T07:45:30.614406+00:00,2026-10-09T03:45:30.614406-04:00,2026-10-09T03:45:30.614406-04:00,propline_free_sample
2026-10-07,2026-10-08 00:00:00+00:00,Nick Martinez,3.5,over,-130,courtside,321682,New York Yankees,Tampa Bay Rays,2026-10-07T13:13:11.819181+00:00,2026-10-09T07:45:30.614406+00:00,2026-10-09T03:45:30.614406-04:00,2026-10-09T03:45:30.614406-04:00,propline_free_sample
2026-10-07,2026-10-08 00:00:00+00:00,Nick Martinez,3.5,under,-105,courtside,321682,New York Yankees,Tampa Bay Rays,2026-10-07T13:13:11.819181+00:00,2026-10-09T07:45:30.614406+00:00,2026-10-09T03:45:30.614406-04:00,2026-10-09T03:45:30.614406-04:00,propline_free_sample
2026-10-07,2026-10-08 00:00:00+00:00,Max Fried,4.5,over,100,prizepicks,321682,New York Yankees,Tampa Bay Rays,2026-10-06T03:30:42.715288+00:00,2026-10-09T07:45:30.614406+00:00,2026-10-09T03:45:30.614406-04:00,2026-10-09T03:45:30.614406-04:00,propline_free_sample
2026-10-07,2026-10-08 00:00:00+00:00,Max Fried,4.5,under,100,prizepicks,321682,New York Yankees,Tampa Bay Rays,2026-10-06T03:30:42.715288+00:00,2026-10-09T07:45:30.614406+00:00,2026-10-09T03:45:30.614406-04:00,2026-10-09T03:45:30.614406-04:00,propline_free_sample
2026-10-07,2026-10-08 00:00:00+00:00,Nick Martinez,3.5,over,100,prizepicks,321682,New York Yankees,Tampa Bay Rays,2026-10-06T03:30:42.715288+00:00,2026-10-09T07:45:30.614406+00:00,2026-10-09T03:45:30.614406-04:00,2026-10-09T03:45:30.614406-04:00,propline_free_sample
2026-10-07,2026-10-08 00:00:00+00:00,Nick Martinez,3.5,under,100,prizepicks,321682,New York Yankees,Tampa Bay Rays,2026-10-06T03:30:42.715288+00:00,2026-10-09T07:45:30.614406+00:00,2026-10-09T03:45:30.614406-04:00,2026-10-09T03:45:30.614406-04:00,propline_free_sample
2026-10-07,2026-10-08 00:00:00+00:00,Nick Martinez,4.5,over,100,prizepicks,321682,New York Yankees,Tampa Bay Rays,2026-10-06T03:30:42.715288+00:00,2026-10-09T07:45:30.614406+00:00,2026-10-09T03:45:30.614406-04:00,2026-10-09T03:45:30.614406-04:00,propline_free_sample
2026-10-07,2026-10-08 00:00:00+00:00,Max Fried,5.5,over,100,prizepicks,321682,New York Yankees,Tampa Bay Rays,2026-10-06T03:30:42.715288+00:00,2026-10-09T07:45:30.614406+00:00,2026-10-09T03:45:30.614406-04:00,2026-10-09T03:45:30.614406-04:00,propline_free_sample
2026-10-07,2026-10-08 00:00:00+00:00,Nick Martinez,5.5,over,100,prizepicks,321682,New York Yankees,Tampa Bay Rays,2026-10-06T03:30:42.715288+00:00,2026-10-09T07:45:30.614406+00:00,2026-10-09T03:45:30.614406-04:00,2026-10-09T03:45:30.614406-04:00,propline_free_sample
2026-10-07,2026-10-08 00:00:00+00:00,Max Fried,6.5,over,100,prizepicks,321682,New York Yankees,Tampa Bay Rays,2026-10-06T03:30:42.715288+00:00,2026-10-09T07:45:30.614406+00:00,2026-10-09T03:45:30.614406-04:00,2026-10-09T03:45:30.614406-04:00,propline_free_sample
2026-10-07,2026-10-08 00:00:00+00:00,Nick Martinez,6.5,over,100,prizepicks,321682,New York Yankees,Tampa Bay Rays,2026-10-06T03:30:42.715288+00:00,2026-10-09T07:45:30.614406+00:00,2026-10-09T03:45:30.614406-04:00,2026-10-09T03:45:30.614406-04:00,propline_free_sample
2026-10-07,2026-10-08 00:00:00+00:00,Max Fried,7.5,over,100,prizepicks,321682,New York Yankees,Tampa Bay Rays,2026-10-06T03:30:42.715288+00:00,2026-10-09T07:45:30.614406+00:00,2026-10-09T03:45:30.614406-04:00,2026-10-09T03:45:30.614406-04:00,propline_free_sample
2026-10-07,2026-10-08 00:00:00+00:00,Max Fried,8.5,over,100,prizepicks,321682,New York Yankees,Tampa Bay Rays,2026-10-06T03:30:42.715288+00:00,2026-10-09T07:45:30.614406+00:00,2026-10-09T03:45:30.614406-04:00,2026-10-09T03:45:30.614406-04:00,propline_free_sample
2026-10-07,2026-10-08 00:00:00+00:00,Nick Martinez,1.5,over,100,prizepicks,321682,New York Yankees,Tampa Bay Rays,2026-10-06T03:30:42.715288+00:00,2026-10-09T07:45:30.614406+00:00,2026-10-09T03:45:30.614406-04:00,2026-10-09T03:45:30.614406-04:00,propline_free_sample
2026-10-07,2026-10-08 00:00:00+00:00,Max Fried,2.5,over,100,prizepicks,321682,New York Yankees,Tampa Bay Rays,2026-10-06T03:30:42.715288+00:00,2026-10-09T07:45:30.614406+00:00,2026-10-09T03:45:30.614406-04:00,2026-10-09T03:45:30.614406-04:00,propline_free_sample
2026-10-07,2026-10-08 00:00:00+00:00,Nick Martinez,2.5,over,100,prizepicks,321682,New York Yankees,Tampa Bay Rays,2026-10-06T03:30:42.715288+00:00,2026-10-09T07:45:30.614406+00:00,2026-10-09T03:45:30.614406-04:00,2026-10-09T03:45:30.614406-04:00,propline_free_sample
2026-10-07,2026-10-08 00:00:00+00:00,Max Fried,3.5,over,100,prizepicks,321682,New York Yankees,Tampa Bay Rays,2026-10-06T03:30:42.715288+00:00,2026-10-09T07:45:30.614406+00:00,2026-10-09T03:45:30.614406-04:00,2026-10-09T03:45:30.614406-04:00,propline_free_sample
2026-10-07,2026-10-08 00:00:00+00:00,Max Fried,1.5,over,-1329,kalshi,321682,New York Yankees,Tampa Bay Rays,2026-10-07T23:57:03.727337+00:00,2026-10-09T07:45:30.614406+00:00,2026-10-09T03:45:30.614406-04:00,2026-10-09T03:45:30.614406-04:00,propline_free_sample
2026-10-07,2026-10-08 00:00:00+00:00,Nick Martinez,1.5,over,-1150,kalshi,321682,New York Yankees,Tampa Bay Rays,2026-10-07T23:57:03.727337+00:00,2026-10-09T07:45:30.614406+00:00,2026-10-09T03:45:30.614406-04:00,2026-10-09T03:45:30.614406-04:00,propline_free_sample
2026-10-07,2026-10-08 00:00:00+00:00,Max Fried,2.5,over,-1150,kalshi,321682,New York Yankees,Tampa Bay Rays,2026-10-07T23:57:03.727337+00:00,2026-10-09T07:45:30.614406+00:00,2026-10-09T03:45:30.614406-04:00,2026-10-09T03:45:30.614406-04:00,propline_free_sample
2026-10-07,2026-10-08 00:00:00+00:00,Nick Martinez,2.5,over,-567,kalshi,321682,New York Yankees,Tampa Bay Rays,2026-10-07T23:34:17.525955+00:00,2026-10-09T07:45:30.614406+00:00,2026-10-09T03:45:30.614406-04:00,2026-10-09T03:45:30.614406-04:00,propline_free_sample
2026-10-07,2026-10-08 00:00:00+00:00,Max Fried,3.5,over,-1011,kalshi,321682,New York Yankees,Tampa Bay Rays,2026-10-07T23:58:26.740446+00:00,2026-10-09T07:45:30.614406+00:00,2026-10-09T03:45:30.614406-04:00,2026-10-09T03:45:30.614406-04:00,propline_free_sample
2026-10-07,2026-10-08 00:00:00+00:00,Nick Martinez,3.5,over,9900,kalshi,321682,New York Yankees,Tampa Bay Rays,2026-10-07T23:38:25.034358+00:00,2026-10-09T07:45:30.614406+00:00,2026-10-09T03:45:30.614406-04:00,2026-10-09T03:45:30.614406-04:00,propline_free_sample
2026-10-07,2026-10-08 00:00:00+00:00,Max Fried,4.5,over,-317,kalshi,321682,New York Yankees,Tampa Bay Rays,2026-10-07T22:09:59.253598+00:00,2026-10-09T07:45:30.614406+00:00,2026-10-09T03:45:30.614406-04:00,2026-10-09T03:45:30.614406-04:00,propline_free_sample
2026-10-07,2026-10-08 00:00:00+00:00,Nick Martinez,4.5,over,9900,kalshi,321682,New York Yankees,Tampa Bay Rays,2026-10-07T23:44:35.948227+00:00,2026-10-09T07:45:30.614406+00:00,2026-10-09T03:45:30.614406-04:00,2026-10-09T03:45:30.614406-04:00,propline_free_sample
2026-10-07,2026-10-08 00:00:00+00:00,Max Fried,5.5,over,-669,kalshi,321682,New York Yankees,Tampa Bay Rays,2026-10-07T23:42:34.740860+00:00,2026-10-09T07:45:30.614406+00:00,2026-10-09T03:45:30.614406-04:00,2026-10-09T03:45:30.614406-04:00,propline_free_sample
2026-10-07,2026-10-08 00:00:00+00:00,Nick Martinez,5.5,over,9900,kalshi,321682,New York Yankees,Tampa Bay Rays,2026-10-07T15:40:15.592401+00:00,2026-10-09T07:45:30.614406+00:00,2026-10-09T03:45:30.614406-04:00,2026-10-09T03:45:30.614406-04:00,propline_free_sample
2026-10-07,2026-10-08 00:00:00+00:00,Max Fried,6.5,over,-113,kalshi,321682,New York Yankees,Tampa Bay Rays,2026-10-07T23:59:35.066206+00:00,2026-10-09T07:45:30.614406+00:00,2026-10-09T03:45:30.614406-04:00,2026-10-09T03:45:30.614406-04:00,propline_free_sample
2026-10-07,2026-10-08 00:00:00+00:00,Nick Martinez,6.5,over,9900,kalshi,321682,New York Yankees,Tampa Bay Rays,2026-10-07T23:57:03.727337+00:00,2026-10-09T07:45:30.614406+00:00,2026-10-09T03:45:30.614406-04:00,2026-10-09T03:45:30.614406-04:00,propline_free_sample
2026-10-07,2026-10-08 00:00:00+00:00,Max Fried,7.5,over,9900,kalshi,321682,New York Yankees,Tampa Bay Rays,2026-10-07T23:57:03.727337+00:00,2026-10-09T07:45:30.614406+00:00,2026-10-09T03:45:30.614406-04:00,2026-10-09T03:45:30.614406-04:00,propline_free_sample
2026-10-07,2026-10-08 00:00:00+00:00,Max Fried,7.5,under,-213,kalshi,321682,New York Yankees,Tampa Bay Rays,2026-10-07T23:44:57.645024+00:00,2026-10-09T07:45:30.614406+00:00,2026-10-09T03:45:30.614406-04:00,2026-10-09T03:45:30.614406-04:00,propline_free_sample
2026-10-07,2026-10-08 00:00:00+00:00,Max Fried,8.5,over,9900,kalshi,321682,New York Yankees,Tampa Bay Rays,2026-10-07T23:57:03.727337+00:00,2026-10-09T07:45:30.614406+00:00,2026-10-09T03:45:30.614406-04:00,2026-10-09T03:45:30.614406-04:00,propline_free_sample
2026-10-07,2026-10-08 00:00:00+00:00,Max Fried,4.5,over,-115,smarkets,321682,New York Yankees,Tampa Bay Rays,2026-10-07T23:06:40.688532+00:00,2026-10-09T07:45:30.614406+00:00,2026-10-09T03:45:30.614406-04:00,2026-10-09T03:45:30.614406-04:00,propline_free_sample
2026-10-07,2026-10-08 00:00:00+00:00,Max Fried,4.5,under,-200,smarkets,321682,New York Yankees,Tampa Bay Rays,2026-10-07T23:06:40.688532+00:00,2026-10-09T07:45:30.614406+00:00,2026-10-09T03:45:30.614406-04:00,2026-10-09T03:45:30.614406-04:00,propline_free_sample
2026-10-07,2026-10-08 00:00:00+00:00,Nick Martinez,3.5,over,122,smarkets,321682,New York Yankees,Tampa Bay Rays,2026-10-07T22:56:02.130890+00:00,2026-10-09T07:45:30.614406+00:00,2026-10-09T03:45:30.614406-04:00,2026-10-09T03:45:30.614406-04:00,propline_free_sample
2026-10-07,2026-10-08 00:00:00+00:00,Nick Martinez,3.5,under,-172,smarkets,321682,New York Yankees,Tampa Bay Rays,2026-10-07T22:56:02.130890+00:00,2026-10-09T07:45:30.614406+00:00,2026-10-09T03:45:30.614406-04:00,2026-10-09T03:45:30.614406-04:00,propline_free_sample
2026-10-07,2026-10-08 00:00:00+00:00,Max Fried,1.5,under,9900,kalshi,321682,New York Yankees,Tampa Bay Rays,2026-10-07T23:57:03.727337+00:00,2026-10-09T07:45:30.614406+00:00,2026-10-09T03:45:30.614406-04:00,2026-10-09T03:45:30.614406-04:00,propline_free_sample
2026-10-07,2026-10-08 00:00:00+00:00,Nick Martinez,1.5,under,9900,kalshi,321682,New York Yankees,Tampa Bay Rays,2026-10-07T23:57:03.727337+00:00,2026-10-09T07:45:30.614406+00:00,2026-10-09T03:45:30.614406-04:00,2026-10-09T03:45:30.614406-04:00,propline_free_sample
2026-10-07,2026-10-08 00:00:00+00:00,Max Fried,2.5,under,9900,kalshi,321682,New York Yankees,Tampa Bay Rays,2026-10-07T23:59:17.847941+00:00,2026-10-09T07:45:30.614406+00:00,2026-10-09T03:45:30.614406-04:00,2026-10-09T03:45:30.614406-04:00,propline_free_sample
2026-10-07,2026-10-08 00:00:00+00:00,Nick Martinez,2.5,under,9900,kalshi,321682,New York Yankees,Tampa Bay Rays,2026-10-07T23:34:17.525955+00:00,2026-10-09T07:45:30.614406+00:00,2026-10-09T03:45:30.614406-04:00,2026-10-09T03:45:30.614406-04:00,propline_free_sample
2026-10-07,2026-10-08 00:00:00+00:00,Max Fried,3.5,under,9900,kalshi,321682,New York Yankees,Tampa Bay Rays,2026-10-07T23:59:48.894596+00:00,2026-10-09T07:45:30.614406+00:00,2026-10-09T03:45:30.614406-04:00,2026-10-09T03:45:30.614406-04:00,propline_free_sample
2026-10-07,2026-10-08 00:00:00+00:00,Nick Martinez,3.5,under,-257,kalshi,321682,New York Yankees,Tampa Bay Rays,2026-10-07T23:38:25.034358+00:00,2026-10-09T07:45:30.614406+00:00,2026-10-09T03:45:30.614406-04:00,2026-10-09T03:45:30.614406-04:00,propline_free_sample
2026-10-07,2026-10-08 00:00:00+00:00,Max Fried,4.5,under,9900,kalshi,321682,New York Yankees,Tampa Bay Rays,2026-10-07T22:09:59.253598+00:00,2026-10-09T07:45:30.614406+00:00,2026-10-09T03:45:30.614406-04:00,2026-10-09T03:45:30.614406-04:00,propline_free_sample
2026-10-07,2026-10-08 00:00:00+00:00,Nick Martinez,4.5,under,-4900,kalshi,321682,New York Yankees,Tampa Bay Rays,2026-10-07T23:44:35.948227+00:00,2026-10-09T07:45:30.614406+00:00,2026-10-09T03:45:30.614406-04:00,2026-10-09T03:45:30.614406-04:00,propline_free_sample
2026-10-07,2026-10-08 00:00:00+00:00,Max Fried,5.5,under,9900,kalshi,321682,New York Yankees,Tampa Bay Rays,2026-10-07T23:42:34.740860+00:00,2026-10-09T07:45:30.614406+00:00,2026-10-09T03:45:30.614406-04:00,2026-10-09T03:45:30.614406-04:00,propline_free_sample
2026-10-07,2026-10-08 00:00:00+00:00,Max Fried,4.5,over,-111,fanduel,321682,New York Yankees,Tampa Bay Rays,2026-10-07T23:44:29.338565+00:00,2026-10-09T07:45:30.614406+00:00,2026-10-09T03:45:30.614406-04:00,2026-10-09T03:45:30.614406-04:00,propline_free_sample
2026-10-07,2026-10-08 00:00:00+00:00,Max Fried,4.5,under,-115,fanduel,321682,New York Yankees,Tampa Bay Rays,2026-10-07T23:44:29.338565+00:00,2026-10-09T07:45:30.614406+00:00,2026-10-09T03:45:30.614406-04:00,2026-10-09T03:45:30.614406-04:00,propline_free_sample
2026-10-07,2026-10-08 00:00:00+00:00,Nick Martinez,2.5,over,-160,fanduel,321682,New York Yankees,Tampa Bay Rays,2026-10-07T23:44:29.338565+00:00,2026-10-09T07:45:30.614406+00:00,2026-10-09T03:45:30.614406-04:00,2026-10-09T03:45:30.614406-04:00,propline_free_sample
2026-10-07,2026-10-08 00:00:00+00:00,Nick Martinez,2.5,under,124,fanduel,321682,New York Yankees,Tampa Bay Rays,2026-10-07T23:44:29.338565+00:00,2026-10-09T07:45:30.614406+00:00,2026-10-09T03:45:30.614406-04:00,2026-10-09T03:45:30.614406-04:00,propline_free_sample
2026-10-07,2026-10-08 00:00:00+00:00,Max Fried,4.5,over,-116,onexbet,321682,New York Yankees,Tampa Bay Rays,2026-10-07T23:35:45.342115+00:00,2026-10-09T07:45:30.614406+00:00,2026-10-09T03:45:30.614406-04:00,2026-10-09T03:45:30.614406-04:00,propline_free_sample
2026-10-07,2026-10-08 00:00:00+00:00,Nick Martinez,2.5,over,-161,onexbet,321682,New York Yankees,Tampa Bay Rays,2026-10-07T23:35:45.342115+00:00,2026-10-09T07:45:30.614406+00:00,2026-10-09T03:45:30.614406-04:00,2026-10-09T03:45:30.614406-04:00,propline_free_sample
2026-10-07,2026-10-08 00:00:00+00:00,Max Fried,4.5,under,-111,onexbet,321682,New York Yankees,Tampa Bay Rays,2026-10-07T23:35:45.342115+00:00,2026-10-09T07:45:30.614406+00:00,2026-10-09T03:45:30.614406-04:00,2026-10-09T03:45:30.614406-04:00,propline_free_sample
2026-10-07,2026-10-08 00:00:00+00:00,Nick Martinez,2.5,under,126,onexbet,321682,New York Yankees,Tampa Bay Rays,2026-10-07T23:35:45.342115+00:00,2026-10-09T07:45:30.614406+00:00,2026-10-09T03:45:30.614406-04:00,2026-10-09T03:45:30.614406-04:00,propline_free_sample
2026-10-07,2026-10-08 00:00:00+00:00,Max Fried,4.5,over,110,parlayplay,321682,New York Yankees,Tampa Bay Rays,2026-10-07T06:51:50.521873+00:00,2026-10-09T07:45:30.614406+00:00,2026-10-09T03:45:30.614406-04:00,2026-10-09T03:45:30.614406-04:00,propline_free_sample
2026-10-07,2026-10-08 00:00:00+00:00,Nick Martinez,3.5,over,-208,parlayplay,321682,New York Yankees,Tampa Bay Rays,2026-10-07T23:22:01.570613+00:00,2026-10-09T07:45:30.614406+00:00,2026-10-09T03:45:30.614406-04:00,2026-10-09T03:45:30.614406-04:00,propline_free_sample
2026-10-07,2026-10-08 00:00:00+00:00,Max Fried,4.5,under,-185,parlayplay,321682,New York Yankees,Tampa Bay Rays,2026-10-07T06:51:50.521873+00:00,2026-10-09T07:45:30.614406+00:00,2026-10-09T03:45:30.614406-04:00,2026-10-09T03:45:30.614406-04:00,propline_free_sample
2026-10-07,2026-10-08 00:00:00+00:00,Nick Martinez,3.5,under,124,parlayplay,321682,New York Yankees,Tampa Bay Rays,2026-10-07T23:22:01.570613+00:00,2026-10-09T07:45:30.614406+00:00,2026-10-09T03:45:30.614406-04:00,2026-10-09T03:45:30.614406-04:00,propline_free_sample
2026-10-07,2026-10-08 00:00:00+00:00,Max Fried,6.5,over,115,fliff,321682,New York Yankees,Tampa Bay Rays,2026-10-07T22:14:19.876984+00:00,2026-10-09T07:45:30.614406+00:00,2026-10-09T03:45:30.614406-04:00,2026-10-09T03:45:30.614406-04:00,propline_free_sample
2026-10-07,2026-10-08 00:00:00+00:00,Max Fried,6.5,under,-170,fliff,321682,New York Yankees,Tampa Bay Rays,2026-10-07T23:38:48.245461+00:00,2026-10-09T07:45:30.614406+00:00,2026-10-09T03:45:30.614406-04:00,2026-10-09T03:45:30.614406-04:00,propline_free_sample
2026-10-07,2026-10-08 00:00:00+00:00,Nick Martinez,5.5,under,-4900,kalshi,321682,New York Yankees,Tampa Bay Rays,2026-10-07T18:52:16.320119+00:00,2026-10-09T07:45:30.614406+00:00,2026-10-09T03:45:30.614406-04:00,2026-10-09T03:45:30.614406-04:00,propline_free_sample
2026-10-07,2026-10-08 00:00:00+00:00,Max Fried,6.5,under,9900,kalshi,321682,New York Yankees,Tampa Bay Rays,2026-10-07T23:59:35.066206+00:00,2026-10-09T07:45:30.614406+00:00,2026-10-09T03:45:30.614406-04:00,2026-10-09T03:45:30.614406-04:00,propline_free_sample
2026-10-07,2026-10-08 00:00:00+00:00,Max Fried,4.5,over,-125,sleeper,321682,New York Yankees,Tampa Bay Rays,2026-10-07T23:39:23.956362+00:00,2026-10-09T07:45:30.614406+00:00,2026-10-09T03:45:30.614406-04:00,2026-10-09T03:45:30.614406-04:00,propline_free_sample
2026-10-07,2026-10-08 00:00:00+00:00,Nick Martinez,2.5,over,-182,sleeper,321682,New York Yankees,Tampa Bay Rays,2026-10-07T23:36:56.533544+00:00,2026-10-09T07:45:30.614406+00:00,2026-10-09T03:45:30.614406-04:00,2026-10-09T03:45:30.614406-04:00,propline_free_sample
2026-10-07,2026-10-08 00:00:00+00:00,Max Fried,4.5,under,-132,sleeper,321682,New York Yankees,Tampa Bay Rays,2026-10-07T23:39:23.956362+00:00,2026-10-09T07:45:30.614406+00:00,2026-10-09T03:45:30.614406-04:00,2026-10-09T03:45:30.614406-04:00,propline_free_sample
2026-10-07,2026-10-08 00:00:00+00:00,Nick Martinez,2.5,under,108,sleeper,321682,New York Yankees,Tampa Bay Rays,2026-10-07T23:59:57.297101+00:00,2026-10-09T07:45:30.614406+00:00,2026-10-09T03:45:30.614406-04:00,2026-10-09T03:45:30.614406-04:00,propline_free_sample
2026-10-07,2026-10-08 00:00:00+00:00,Max Fried,4.5,over,-117,rebet,321682,New York Yankees,Tampa Bay Rays,2026-10-07T23:22:55.544847+00:00,2026-10-09T07:45:30.614406+00:00,2026-10-09T03:45:30.614406-04:00,2026-10-09T03:45:30.614406-04:00,propline_free_sample
2026-10-07,2026-10-08 00:00:00+00:00,Max Fried,4.5,under,-117,rebet,321682,New York Yankees,Tampa Bay Rays,2026-10-07T23:22:55.544847+00:00,2026-10-09T07:45:30.614406+00:00,2026-10-09T03:45:30.614406-04:00,2026-10-09T03:45:30.614406-04:00,propline_free_sample
2026-10-07,2026-10-08 00:00:00+00:00,Nick Martinez,2.5,over,-158,rebet,321682,New York Yankees,Tampa Bay Rays,2026-10-07T21:16:48.485672+00:00,2026-10-09T07:45:30.614406+00:00,2026-10-09T03:45:30.614406-04:00,2026-10-09T03:45:30.614406-04:00,propline_free_sample
2026-10-07,2026-10-08 00:00:00+00:00,Nick Martinez,2.5,under,114,rebet,321682,New York Yankees,Tampa Bay Rays,2026-10-07T21:16:48.485672+00:00,2026-10-09T07:45:30.614406+00:00,2026-10-09T03:45:30.614406-04:00,2026-10-09T03:45:30.614406-04:00,propline_free_sample
2026-10-07,2026-10-08 00:00:00+00:00,Max Fried,4.5,over,110,prophetx,321682,New York Yankees,Tampa Bay Rays,2026-10-07T23:42:47.197947+00:00,2026-10-09T07:45:30.614406+00:00,2026-10-09T03:45:30.614406-04:00,2026-10-09T03:45:30.614406-04:00,propline_free_sample
2026-10-07,2026-10-08 00:00:00+00:00,Nick Martinez,3.5,over,-190,fliff,321682,New York Yankees,Tampa Bay Rays,2026-10-07T23:38:48.245461+00:00,2026-10-09T07:45:30.614406+00:00,2026-10-09T03:45:30.614406-04:00,2026-10-09T03:45:30.614406-04:00,propline_free_sample
2026-10-07,2026-10-08 00:00:00+00:00,Nick Martinez,3.5,under,125,fliff,321682,New York Yankees,Tampa Bay Rays,2026-10-07T23:38:48.245461+00:00,2026-10-09T07:45:30.614406+00:00,2026-10-09T03:45:30.614406-04:00,2026-10-09T03:45:30.614406-04:00,propline_free_sample
2026-10-07,2026-10-08 00:00:00+00:00,Max Fried (NYY),7.5,over,-250,bovada,321682,New York Yankees,Tampa Bay Rays,2026-10-07T20:25:41.623275+00:00,2026-10-09T07:45:30.614406+00:00,2026-10-09T03:45:30.614406-04:00,2026-10-09T03:45:30.614406-04:00,propline_free_sample
2026-10-07,2026-10-08 00:00:00+00:00,Max Fried (NYY),7.5,under,185,bovada,321682,New York Yankees,Tampa Bay Rays,2026-10-07T20:25:41.623275+00:00,2026-10-09T07:45:30.614406+00:00,2026-10-09T03:45:30.614406-04:00,2026-10-09T03:45:30.614406-04:00,propline_free_sample
2026-10-07,2026-10-08 00:00:00+00:00,Nick Martinez (TB),3.5,over,-120,bovada,321682,New York Yankees,Tampa Bay Rays,2026-10-07T23:55:11.014662+00:00,2026-10-09T07:45:30.614406+00:00,2026-10-09T03:45:30.614406-04:00,2026-10-09T03:45:30.614406-04:00,propline_free_sample
2026-10-07,2026-10-08 00:00:00+00:00,Nick Martinez (TB),3.5,under,-110,bovada,321682,New York Yankees,Tampa Bay Rays,2026-10-07T23:55:11.014662+00:00,2026-10-09T07:45:30.614406+00:00,2026-10-09T03:45:30.614406-04:00,2026-10-09T03:45:30.614406-04:00,propline_free_sample
2026-10-07,2026-10-08 00:00:00+00:00,Nick Martinez,3.5,over,170,prophetx,321682,New York Yankees,Tampa Bay Rays,2026-10-07T23:39:59.218170+00:00,2026-10-09T07:45:30.614406+00:00,2026-10-09T03:45:30.614406-04:00,2026-10-09T03:45:30.614406-04:00,propline_free_sample
2026-10-07,2026-10-08 00:00:00+00:00,Nick Martinez,2.5,over,-250,parlayplay,321682,New York Yankees,Tampa Bay Rays,2026-10-07T13:18:17.151348+00:00,2026-10-09T07:45:30.614406+00:00,2026-10-09T03:45:30.614406-04:00,2026-10-09T03:45:30.614406-04:00,propline_free_sample
2026-10-07,2026-10-08 00:00:00+00:00,Nick Martinez,2.5,under,126,parlayplay,321682,New York Yankees,Tampa Bay Rays,2026-10-07T13:16:20.828765+00:00,2026-10-09T07:45:30.614406+00:00,2026-10-09T03:45:30.614406-04:00,2026-10-09T03:45:30.614406-04:00,propline_free_sample
2026-10-07,2026-10-08 00:00:00+00:00,Nick Martinez,2.5,over,-130,courtside,321682,New York Yankees,Tampa Bay Rays,2026-10-07T23:20:51.284352+00:00,2026-10-09T07:45:30.614406+00:00,2026-10-09T03:45:30.614406-04:00,2026-10-09T03:45:30.614406-04:00,propline_free_sample
2026-10-07,2026-10-08 00:00:00+00:00,Nick Martinez,2.5,under,-105,courtside,321682,New York Yankees,Tampa Bay Rays,2026-10-07T23:20:51.284352+00:00,2026-10-09T07:45:30.614406+00:00,2026-10-09T03:45:30.614406-04:00,2026-10-09T03:45:30.614406-04:00,propline_free_sample
2026-10-07,2026-10-08 00:00:00+00:00,Max Fried,4.5,over,-239,novig,321682,New York Yankees,Tampa Bay Rays,2026-10-07T23:34:14.136445+00:00,2026-10-09T07:45:30.614406+00:00,2026-10-09T03:45:30.614406-04:00,2026-10-09T03:45:30.614406-04:00,propline_free_sample
2026-10-07,2026-10-08 00:00:00+00:00,Max Fried,4.5,under,-104,novig,321682,New York Yankees,Tampa Bay Rays,2026-10-07T23:34:14.136445+00:00,2026-10-09T07:45:30.614406+00:00,2026-10-09T03:45:30.614406-04:00,2026-10-09T03:45:30.614406-04:00,propline_free_sample
2026-10-07,2026-10-08 00:00:00+00:00,Nick Martinez,3.5,over,-326,novig,321682,New York Yankees,Tampa Bay Rays,2026-10-07T23:55:43.691865+00:00,2026-10-09T07:45:30.614406+00:00,2026-10-09T03:45:30.614406-04:00,2026-10-09T03:45:30.614406-04:00,propline_free_sample
2026-10-07,2026-10-08 00:00:00+00:00,Nick Martinez,3.5,under,100,novig,321682,New York Yankees,Tampa Bay Rays,2026-10-07T23:57:12.406252+00:00,2026-10-09T07:45:30.614406+00:00,2026-10-09T03:45:30.614406-04:00,2026-10-09T03:45:30.614406-04:00,propline_free_sample
2026-10-07,2026-10-08 00:00:00+00:00,Max Fried,4.5,under,-111,prophetx,321682,New York Yankees,Tampa Bay Rays,2026-10-07T22:24:46.510639+00:00,2026-10-09T07:45:30.614406+00:00,2026-10-09T03:45:30.614406-04:00,2026-10-09T03:45:30.614406-04:00,propline_free_sample
2026-10-07,2026-10-08 00:00:00+00:00,Nick Martinez,3.5,under,-420,prophetx,321682,New York Yankees,Tampa Bay Rays,2026-10-07T23:41:22.011264+00:00,2026-10-09T07:45:30.614406+00:00,2026-10-09T03:45:30.614406-04:00,2026-10-09T03:45:30.614406-04:00,propline_free_sample
2026-10-07,2026-10-08 00:00:00+00:00,Max Fried,5.5,over,135,fanatics,321682,New York Yankees,Tampa Bay Rays,2026-10-07T23:52:24.942232+00:00,2026-10-09T07:45:30.614406+00:00,2026-10-09T03:45:30.614406-04:00,2026-10-09T03:45:30.614406-04:00,propline_free_sample
2026-10-07,2026-10-08 00:00:00+00:00,Max Fried,5.5,under,-180,fanatics,321682,New York Yankees,Tampa Bay Rays,2026-10-07T23:52:24.942232+00:00,2026-10-09T07:45:30.614406+00:00,2026-10-09T03:45:30.614406-04:00,2026-10-09T03:45:30.614406-04:00,propline_free_sample
2026-10-07,2026-10-08 00:00:00+00:00,Nick Martinez,3.5,over,-175,fanatics,321682,New York Yankees,Tampa Bay Rays,2026-10-07T23:42:34.166508+00:00,2026-10-09T07:45:30.614406+00:00,2026-10-09T03:45:30.614406-04:00,2026-10-09T03:45:30.614406-04:00,propline_free_sample
2026-10-07,2026-10-08 00:00:00+00:00,Nick Martinez,3.5,under,130,fanatics,321682,New York Yankees,Tampa Bay Rays,2026-10-07T23:42:34.166508+00:00,2026-10-09T07:45:30.614406+00:00,2026-10-09T03:45:30.614406-04:00,2026-10-09T03:45:30.614406-04:00,propline_free_sample
2026-10-07,2026-10-08 00:00:00+00:00,Max Fried,0.5,over,-9000,hardrock,321682,New York Yankees,Tampa Bay Rays,2026-10-07T20:14:47.533124+00:00,2026-10-09T07:45:30.614406+00:00,2026-10-09T03:45:30.614406-04:00,2026-10-09T03:45:30.614406-04:00,propline_free_sample
2026-10-07,2026-10-08 00:00:00+00:00,Max Fried,0.5,under,2250,hardrock,321682,New York Yankees,Tampa Bay Rays,2026-10-06T06:30:57.299462+00:00,2026-10-09T07:45:30.614406+00:00,2026-10-09T03:45:30.614406-04:00,2026-10-09T03:45:30.614406-04:00,propline_free_sample
2026-10-07,2026-10-08 00:00:00+00:00,Max Fried,1.5,over,-6000,hardrock,321682,New York Yankees,Tampa Bay Rays,2026-10-07T19:18:13.936705+00:00,2026-10-09T07:45:30.614406+00:00,2026-10-09T03:45:30.614406-04:00,2026-10-09T03:45:30.614406-04:00,propline_free_sample
2026-10-07,2026-10-08 00:00:00+00:00,Max Fried,1.5,under,1500,hardrock,321682,New York Yankees,Tampa Bay Rays,2026-10-07T21:32:23.877400+00:00,2026-10-09T07:45:30.614406+00:00,2026-10-09T03:45:30.614406-04:00,2026-10-09T03:45:30.614406-04:00,propline_free_sample
2026-10-07,2026-10-08 00:00:00+00:00,Max Fried,2.5,over,-4000,hardrock,321682,New York Yankees,Tampa Bay Rays,2026-10-07T23:29:22.396804+00:00,2026-10-09T07:45:30.614406+00:00,2026-10-09T03:45:30.614406-04:00,2026-10-09T03:45:30.614406-04:00,propline_free_sample
2026-10-07,2026-10-08 00:00:00+00:00,Max Fried,2.5,under,900,hardrock,321682,New York Yankees,Tampa Bay Rays,2026-10-07T23:29:22.396804+00:00,2026-10-09T07:45:30.614406+00:00,2026-10-09T03:45:30.614406-04:00,2026-10-09T03:45:30.614406-04:00,propline_free_sample
2026-10-07,2026-10-08 00:00:00+00:00,Max Fried,3.5,over,-3000,hardrock,321682,New York Yankees,Tampa Bay Rays,2026-10-07T19:18:13.936705+00:00,2026-10-09T07:45:30.614406+00:00,2026-10-09T03:45:30.614406-04:00,2026-10-09T03:45:30.614406-04:00,propline_free_sample
2026-10-07,2026-10-08 00:00:00+00:00,Max Fried,3.5,under,700,hardrock,321682,New York Yankees,Tampa Bay Rays,2026-10-07T23:32:56.180750+00:00,2026-10-09T07:45:30.614406+00:00,2026-10-09T03:45:30.614406-04:00,2026-10-09T03:45:30.614406-04:00,propline_free_sample
2026-10-07,2026-10-08 00:00:00+00:00,Max Fried,4.5,over,-700,hardrock,321682,New York Yankees,Tampa Bay Rays,2026-10-07T22:31:50.596223+00:00,2026-10-09T07:45:30.614406+00:00,2026-10-09T03:45:30.614406-04:00,2026-10-09T03:45:30.614406-04:00,propline_free_sample
2026-10-07,2026-10-08 00:00:00+00:00,Max Fried,4.5,under,350,hardrock,321682,New York Yankees,Tampa Bay Rays,2026-10-07T22:31:50.596223+00:00,2026-10-09T07:45:30.614406+00:00,2026-10-09T03:45:30.614406-04:00,2026-10-09T03:45:30.614406-04:00,propline_free_sample
2026-10-07,2026-10-08 00:00:00+00:00,Max Fried,5.5,over,-115,hardrock,321682,New York Yankees,Tampa Bay Rays,2026-10-07T23:37:28.933328+00:00,2026-10-09T07:45:30.614406+00:00,2026-10-09T03:45:30.614406-04:00,2026-10-09T03:45:30.614406-04:00,propline_free_sample
2026-10-07,2026-10-08 00:00:00+00:00,Max Fried,5.5,under,-120,hardrock,321682,New York Yankees,Tampa Bay Rays,2026-10-07T22:31:50.596223+00:00,2026-10-09T07:45:30.614406+00:00,2026-10-09T03:45:30.614406-04:00,2026-10-09T03:45:30.614406-04:00,propline_free_sample
2026-10-07,2026-10-08 00:00:00+00:00,Max Fried,6.5,over,275,hardrock,321682,New York Yankees,Tampa Bay Rays,2026-10-07T23:32:56.180750+00:00,2026-10-09T07:45:30.614406+00:00,2026-10-09T03:45:30.614406-04:00,2026-10-09T03:45:30.614406-04:00,propline_free_sample
2026-10-07,2026-10-08 00:00:00+00:00,Max Fried,6.5,under,-500,hardrock,321682,New York Yankees,Tampa Bay Rays,2026-10-07T23:37:28.933328+00:00,2026-10-09T07:45:30.614406+00:00,2026-10-09T03:45:30.614406-04:00,2026-10-09T03:45:30.614406-04:00,propline_free_sample
2026-10-07,2026-10-08 00:00:00+00:00,Max Fried,7.5,over,850,hardrock,321682,New York Yankees,Tampa Bay Rays,2026-10-07T23:29:22.396804+00:00,2026-10-09T07:45:30.614406+00:00,2026-10-09T03:45:30.614406-04:00,2026-10-09T03:45:30.614406-04:00,propline_free_sample
2026-10-07,2026-10-08 00:00:00+00:00,Max Fried,7.5,under,-4000,hardrock,321682,New York Yankees,Tampa Bay Rays,2026-10-07T19:18:13.936705+00:00,2026-10-09T07:45:30.614406+00:00,2026-10-09T03:45:30.614406-04:00,2026-10-09T03:45:30.614406-04:00,propline_free_sample
2026-10-07,2026-10-08 00:00:00+00:00,Max Fried,8.5,over,4000,hardrock,321682,New York Yankees,Tampa Bay Rays,2026-10-07T23:45:07.785590+00:00,2026-10-09T07:45:30.614406+00:00,2026-10-09T03:45:30.614406-04:00,2026-10-09T03:45:30.614406-04:00,propline_free_sample
2026-10-07,2026-10-08 00:00:00+00:00,Max Fried,8.5,under,-100000,hardrock,321682,New York Yankees,Tampa Bay Rays,2026-10-07T23:45:07.785590+00:00,2026-10-09T07:45:30.614406+00:00,2026-10-09T03:45:30.614406-04:00,2026-10-09T03:45:30.614406-04:00,propline_free_sample
2026-10-07,2026-10-08 00:00:00+00:00,Max Fried,9.5,over,3000,hardrock,321682,New York Yankees,Tampa Bay Rays,2026-10-07T19:11:49.082576+00:00,2026-10-09T07:45:30.614406+00:00,2026-10-09T03:45:30.614406-04:00,2026-10-09T03:45:30.614406-04:00,propline_free_sample
2026-10-07,2026-10-08 00:00:00+00:00,Max Fried,9.5,under,-15000,hardrock,321682,New York Yankees,Tampa Bay Rays,2026-10-07T19:11:49.082576+00:00,2026-10-09T07:45:30.614406+00:00,2026-10-09T03:45:30.614406-04:00,2026-10-09T03:45:30.614406-04:00,propline_free_sample
2026-10-07,2026-10-08 00:00:00+00:00,Nick Martinez,0.5,over,-4000,hardrock,321682,New York Yankees,Tampa Bay Rays,2026-10-07T22:35:30.642893+00:00,2026-10-09T07:45:30.614406+00:00,2026-10-09T03:45:30.614406-04:00,2026-10-09T03:45:30.614406-04:00,propline_free_sample
2026-10-07,2026-10-08 00:00:00+00:00,Nick Martinez,0.5,under,900,hardrock,321682,New York Yankees,Tampa Bay Rays,2026-10-07T22:35:30.642893+00:00,2026-10-09T07:45:30.614406+00:00,2026-10-09T03:45:30.614406-04:00,2026-10-09T03:45:30.614406-04:00,propline_free_sample
2026-10-07,2026-10-08 00:00:00+00:00,Nick Martinez,1.5,over,-2200,hardrock,321682,New York Yankees,Tampa Bay Rays,2026-10-07T23:36:04.098433+00:00,2026-10-09T07:45:30.614406+00:00,2026-10-09T03:45:30.614406-04:00,2026-10-09T03:45:30.614406-04:00,propline_free_sample
2026-10-07,2026-10-08 00:00:00+00:00,Nick Martinez,1.5,under,650,hardrock,321682,New York Yankees,Tampa Bay Rays,2026-10-07T22:35:30.642893+00:00,2026-10-09T07:45:30.614406+00:00,2026-10-09T03:45:30.614406-04:00,2026-10-09T03:45:30.614406-04:00,propline_free_sample
2026-10-07,2026-10-08 00:00:00+00:00,Nick Martinez,2.5,over,-550,hardrock,321682,New York Yankees,Tampa Bay Rays,2026-10-07T23:36:04.098433+00:00,2026-10-09T07:45:30.614406+00:00,2026-10-09T03:45:30.614406-04:00,2026-10-09T03:45:30.614406-04:00,propline_free_sample
2026-10-07,2026-10-08 00:00:00+00:00,Nick Martinez,2.5,under,300,hardrock,321682,New York Yankees,Tampa Bay Rays,2026-10-07T23:36:04.098433+00:00,2026-10-09T07:45:30.614406+00:00,2026-10-09T03:45:30.614406-04:00,2026-10-09T03:45:30.614406-04:00,propline_free_sample
2026-10-07,2026-10-08 00:00:00+00:00,Nick Martinez,3.5,over,-105,hardrock,321682,New York Yankees,Tampa Bay Rays,2026-10-07T23:36:04.098433+00:00,2026-10-09T07:45:30.614406+00:00,2026-10-09T03:45:30.614406-04:00,2026-10-09T03:45:30.614406-04:00,propline_free_sample
2026-10-07,2026-10-08 00:00:00+00:00,Nick Martinez,3.5,under,-135,hardrock,321682,New York Yankees,Tampa Bay Rays,2026-10-07T23:49:54.475671+00:00,2026-10-09T07:45:30.614406+00:00,2026-10-09T03:45:30.614406-04:00,2026-10-09T03:45:30.614406-04:00,propline_free_sample
2026-10-07,2026-10-08 00:00:00+00:00,Nick Martinez,4.5,over,325,hardrock,321682,New York Yankees,Tampa Bay Rays,2026-10-07T22:35:30.642893+00:00,2026-10-09T07:45:30.614406+00:00,2026-10-09T03:45:30.614406-04:00,2026-10-09T03:45:30.614406-04:00,propline_free_sample
2026-10-07,2026-10-08 00:00:00+00:00,Nick Martinez,4.5,under,-600,hardrock,321682,New York Yankees,Tampa Bay Rays,2026-10-07T23:49:54.475671+00:00,2026-10-09T07:45:30.614406+00:00,2026-10-09T03:45:30.614406-04:00,2026-10-09T03:45:30.614406-04:00,propline_free_sample
2026-10-07,2026-10-08 00:00:00+00:00,Nick Martinez,5.5,over,1100,hardrock,321682,New York Yankees,Tampa Bay Rays,2026-10-07T22:35:30.642893+00:00,2026-10-09T07:45:30.614406+00:00,2026-10-09T03:45:30.614406-04:00,2026-10-09T03:45:30.614406-04:00,propline_free_sample
2026-10-07,2026-10-08 00:00:00+00:00,Nick Martinez,5.5,under,-5000,hardrock,321682,New York Yankees,Tampa Bay Rays,2026-10-07T22:35:30.642893+00:00,2026-10-09T07:45:30.614406+00:00,2026-10-09T03:45:30.614406-04:00,2026-10-09T03:45:30.614406-04:00,propline_free_sample
2026-10-07,2026-10-08 00:00:00+00:00,Nick Martinez,6.5,over,4000,hardrock,321682,New York Yankees,Tampa Bay Rays,2026-10-07T20:06:34.475633+00:00,2026-10-09T07:45:30.614406+00:00,2026-10-09T03:45:30.614406-04:00,2026-10-09T03:45:30.614406-04:00,propline_free_sample
2026-10-07,2026-10-08 00:00:00+00:00,Nick Martinez,6.5,under,-50000,hardrock,321682,New York Yankees,Tampa Bay Rays,2026-10-07T22:35:30.642893+00:00,2026-10-09T07:45:30.614406+00:00,2026-10-09T03:45:30.614406-04:00,2026-10-09T03:45:30.614406-04:00,propline_free_sample
2026-10-07,2026-10-08 00:00:00+00:00,Nick Martinez,7.5,over,4000,hardrock,321682,New York Yankees,Tampa Bay Rays,2026-10-07T19:11:49.082576+00:00,2026-10-09T07:45:30.614406+00:00,2026-10-09T03:45:30.614406-04:00,2026-10-09T03:45:30.614406-04:00,propline_free_sample
2026-10-07,2026-10-08 00:00:00+00:00,Nick Martinez,7.5,under,-50000,hardrock,321682,New York Yankees,Tampa Bay Rays,2026-10-07T23:49:54.475671+00:00,2026-10-09T07:45:30.614406+00:00,2026-10-09T03:45:30.614406-04:00,2026-10-09T03:45:30.614406-04:00,propline_free_sample
2026-10-07,2026-10-08 00:00:00+00:00,Nick Martinez,4.5,under,100,prizepicks,321682,New York Yankees,Tampa Bay Rays,2026-10-06T06:40:43.936196+00:00,2026-10-09T07:45:30.614406+00:00,2026-10-09T03:45:30.614406-04:00,2026-10-09T03:45:30.614406-04:00,propline_free_sample
2026-10-07,2026-10-08 00:00:00+00:00,Max Fried,5.5,under,100,prizepicks,321682,New York Yankees,Tampa Bay Rays,2026-10-06T06:40:43.936196+00:00,2026-10-09T07:45:30.614406+00:00,2026-10-09T03:45:30.614406-04:00,2026-10-09T03:45:30.614406-04:00,propline_free_sample
2026-10-07,2026-10-08 00:00:00+00:00,Max Fried,6.5,under,100,prizepicks,321682,New York Yankees,Tampa Bay Rays,2026-10-06T06:40:43.936196+00:00,2026-10-09T07:45:30.614406+00:00,2026-10-09T03:45:30.614406-04:00,2026-10-09T03:45:30.614406-04:00,propline_free_sample
2026-10-07,2026-10-08 00:00:00+00:00,Nick Martinez,1.5,under,100,prizepicks,321682,New York Yankees,Tampa Bay Rays,2026-10-06T06:40:43.936196+00:00,2026-10-09T07:45:30.614406+00:00,2026-10-09T03:45:30.614406-04:00,2026-10-09T03:45:30.614406-04:00,propline_free_sample
2026-10-07,2026-10-08 00:00:00+00:00,Max Fried,2.5,under,100,prizepicks,321682,New York Yankees,Tampa Bay Rays,2026-10-06T06:40:43.936196+00:00,2026-10-09T07:45:30.614406+00:00,2026-10-09T03:45:30.614406-04:00,2026-10-09T03:45:30.614406-04:00,propline_free_sample
2026-10-07,2026-10-08 00:00:00+00:00,Nick Martinez,2.5,under,100,prizepicks,321682,New York Yankees,Tampa Bay Rays,2026-10-06T06:40:43.936196+00:00,2026-10-09T07:45:30.614406+00:00,2026-10-09T03:45:30.614406-04:00,2026-10-09T03:45:30.614406-04:00,propline_free_sample
2026-10-07,2026-10-08 00:00:00+00:00,Max Fried,3.5,under,100,prizepicks,321682,New York Yankees,Tampa Bay Rays,2026-10-06T06:40:43.936196+00:00,2026-10-09T07:45:30.614406+00:00,2026-10-09T03:45:30.614406-04:00,2026-10-09T03:45:30.614406-04:00,propline_free_sample
2026-10-07,2026-10-08 00:00:00+00:00,Max Fried,4.5,over,-115,sportzino,321682,New York Yankees,Tampa Bay Rays,2026-10-07T23:07:13.246568+00:00,2026-10-09T07:45:30.614406+00:00,2026-10-09T03:45:30.614406-04:00,2026-10-09T03:45:30.614406-04:00,propline_free_sample
2026-10-07,2026-10-08 00:00:00+00:00,Nick Martinez,3.5,over,122,sportzino,321682,New York Yankees,Tampa Bay Rays,2026-10-07T20:02:45.727187+00:00,2026-10-09T07:45:30.614406+00:00,2026-10-09T03:45:30.614406-04:00,2026-10-09T03:45:30.614406-04:00,propline_free_sample
2026-10-07,2026-10-08 00:00:00+00:00,Max Fried,4.5,under,-125,sportzino,321682,New York Yankees,Tampa Bay Rays,2026-10-07T23:07:13.246568+00:00,2026-10-09T07:45:30.614406+00:00,2026-10-09T03:45:30.614406-04:00,2026-10-09T03:45:30.614406-04:00,propline_free_sample
2026-10-07,2026-10-08 00:00:00+00:00,Nick Martinez,3.5,under,-180,sportzino,321682,New York Yankees,Tampa Bay Rays,2026-10-07T20:02:45.727187+00:00,2026-10-09T07:45:30.614406+00:00,2026-10-09T03:45:30.614406-04:00,2026-10-09T03:45:30.614406-04:00,propline_free_sample
2026-10-07,2026-10-08 00:00:00+00:00,Max Fried,3.5,over,-135,betmgm,321682,New York Yankees,Tampa Bay Rays,2026-10-07T20:17:57.656391+00:00,2026-10-09T07:45:30.614406+00:00,2026-10-09T03:45:30.614406-04:00,2026-10-09T03:45:30.614406-04:00,propline_free_sample
2026-10-07,2026-10-08 00:00:00+00:00,Max Fried,3.5,under,100,betmgm,321682,New York Yankees,Tampa Bay Rays,2026-10-07T20:17:57.656391+00:00,2026-10-09T07:45:30.614406+00:00,2026-10-09T03:45:30.614406-04:00,2026-10-09T03:45:30.614406-04:00,propline_free_sample
2026-10-07,2026-10-08 00:00:00+00:00,Nick Martinez,3.5,over,105,betmgm,321682,New York Yankees,Tampa Bay Rays,2026-10-07T20:18:54.988797+00:00,2026-10-09T07:45:30.614406+00:00,2026-10-09T03:45:30.614406-04:00,2026-10-09T03:45:30.614406-04:00,propline_free_sample
2026-10-07,2026-10-08 00:00:00+00:00,Nick Martinez,3.5,under,-145,betmgm,321682,New York Yankees,Tampa Bay Rays,2026-10-07T20:18:54.988797+00:00,2026-10-09T07:45:30.614406+00:00,2026-10-09T03:45:30.614406-04:00,2026-10-09T03:45:30.614406-04:00,propline_free_sample
2026-10-07,2026-10-08 00:00:00+00:00,Nick Martinez,3.0,over,100,prizepicks,321682,New York Yankees,Tampa Bay Rays,2026-10-06T11:11:44.034127+00:00,2026-10-09T07:45:30.614406+00:00,2026-10-09T03:45:30.614406-04:00,2026-10-09T03:45:30.614406-04:00,propline_free_sample
2026-10-07,2026-10-08 00:00:00+00:00,Nick Martinez,3.0,under,100,prizepicks,321682,New York Yankees,Tampa Bay Rays,2026-10-06T11:11:44.034127+00:00,2026-10-09T07:45:30.614406+00:00,2026-10-09T03:45:30.614406-04:00,2026-10-09T03:45:30.614406-04:00,propline_free_sample
2026-10-07,2026-10-08 00:00:00+00:00,Nick Martinez,3.5,over,9900,polymarket_us,321682,New York Yankees,Tampa Bay Rays,2026-10-07T23:32:51.927237+00:00,2026-10-09T07:45:30.614406+00:00,2026-10-09T03:45:30.614406-04:00,2026-10-09T03:45:30.614406-04:00,propline_free_sample
2026-10-07,2026-10-08 00:00:00+00:00,Nick Martinez,3.5,under,-133,polymarket_us,321682,New York Yankees,Tampa Bay Rays,2026-10-07T23:32:51.927237+00:00,2026-10-09T07:45:30.614406+00:00,2026-10-09T03:45:30.614406-04:00,2026-10-09T03:45:30.614406-04:00,propline_free_sample
2026-10-07,2026-10-08 00:00:00+00:00,Nick Martinez,4.5,over,9900,polymarket_us,321682,New York Yankees,Tampa Bay Rays,2026-10-07T22:11:32.521286+00:00,2026-10-09T07:45:30.614406+00:00,2026-10-09T03:45:30.614406-04:00,2026-10-09T03:45:30.614406-04:00,propline_free_sample
2026-10-07,2026-10-08 00:00:00+00:00,Nick Martinez,4.5,under,-1900,polymarket_us,321682,New York Yankees,Tampa Bay Rays,2026-10-07T22:11:32.521286+00:00,2026-10-09T07:45:30.614406+00:00,2026-10-09T03:45:30.614406-04:00,2026-10-09T03:45:30.614406-04:00,propline_free_sample
2026-10-07,2026-10-08 00:00:00+00:00,Nick Martinez,5.5,over,9900,polymarket_us,321682,New York Yankees,Tampa Bay Rays,2026-10-07T14:49:24.479201+00:00,2026-10-09T07:45:30.614406+00:00,2026-10-09T03:45:30.614406-04:00,2026-10-09T03:45:30.614406-04:00,propline_free_sample
2026-10-07,2026-10-08 00:00:00+00:00,Nick Martinez,5.5,under,-1567,polymarket_us,321682,New York Yankees,Tampa Bay Rays,2026-10-07T14:49:24.479201+00:00,2026-10-09T07:45:30.614406+00:00,2026-10-09T03:45:30.614406-04:00,2026-10-09T03:45:30.614406-04:00,propline_free_sample
2026-10-07,2026-10-08 00:00:00+00:00,Nick Martinez,6.5,over,9900,polymarket_us,321682,New York Yankees,Tampa Bay Rays,2026-10-07T18:54:31.625270+00:00,2026-10-09T07:45:30.614406+00:00,2026-10-09T03:45:30.614406-04:00,2026-10-09T03:45:30.614406-04:00,propline_free_sample
2026-10-07,2026-10-08 00:00:00+00:00,Max Fried,3.5,over,-1011,polymarket_us,321682,New York Yankees,Tampa Bay Rays,2026-10-07T20:28:19.338177+00:00,2026-10-09T07:45:30.614406+00:00,2026-10-09T03:45:30.614406-04:00,2026-10-09T03:45:30.614406-04:00,propline_free_sample
2026-10-07,2026-10-08 00:00:00+00:00,Max Fried,4.5,over,-456,polymarket_us,321682,New York Yankees,Tampa Bay Rays,2026-10-07T22:11:32.521286+00:00,2026-10-09T07:45:30.614406+00:00,2026-10-09T03:45:30.614406-04:00,2026-10-09T03:45:30.614406-04:00,propline_free_sample
2026-10-07,2026-10-08 00:00:00+00:00,Max Fried,5.5,over,-809,polymarket_us,321682,New York Yankees,Tampa Bay Rays,2026-10-07T22:10:07.573166+00:00,2026-10-09T07:45:30.614406+00:00,2026-10-09T03:45:30.614406-04:00,2026-10-09T03:45:30.614406-04:00,propline_free_sample
2026-10-07,2026-10-08 00:00:00+00:00,Max Fried,6.5,over,-113,polymarket_us,321682,New York Yankees,Tampa Bay Rays,2026-10-07T20:11:44.882941+00:00,2026-10-09T07:45:30.614406+00:00,2026-10-09T03:45:30.614406-04:00,2026-10-09T03:45:30.614406-04:00,propline_free_sample
2026-10-07,2026-10-08 00:00:00+00:00,Max Fried,2.5,over,-2400,polymarket_us,321682,New York Yankees,Tampa Bay Rays,2026-10-07T23:57:25.055839+00:00,2026-10-09T07:45:30.614406+00:00,2026-10-09T03:45:30.614406-04:00,2026-10-09T03:45:30.614406-04:00,propline_free_sample
2026-10-07,2026-10-08 00:00:00+00:00,Max Fried,7.5,over,9900,polymarket_us,321682,New York Yankees,Tampa Bay Rays,2026-10-07T23:12:34.957697+00:00,2026-10-09T07:45:30.614406+00:00,2026-10-09T03:45:30.614406-04:00,2026-10-09T03:45:30.614406-04:00,propline_free_sample
2026-10-07,2026-10-08 00:00:00+00:00,Nick Martinez,2.5,over,-669,polymarket_us,321682,New York Yankees,Tampa Bay Rays,2026-10-07T23:35:58.401462+00:00,2026-10-09T07:45:30.614406+00:00,2026-10-09T03:45:30.614406-04:00,2026-10-09T03:45:30.614406-04:00,propline_free_sample
2026-10-07,2026-10-08 00:00:00+00:00,Nick Martinez,2.5,under,9900,polymarket_us,321682,New York Yankees,Tampa Bay Rays,2026-10-07T23:35:58.401462+00:00,2026-10-09T07:45:30.614406+00:00,2026-10-09T03:45:30.614406-04:00,2026-10-09T03:45:30.614406-04:00,propline_free_sample
2026-10-07,2026-10-08 00:00:00+00:00,Max Fried,4.5,over,100,pick6,321682,New York Yankees,Tampa Bay Rays,2026-10-06T13:52:15.400917+00:00,2026-10-09T07:45:30.614406+00:00,2026-10-09T03:45:30.614406-04:00,2026-10-09T03:45:30.614406-04:00,propline_free_sample
2026-10-07,2026-10-08 00:00:00+00:00,Nick Martinez,2.5,over,100,pick6,321682,New York Yankees,Tampa Bay Rays,2026-10-07T13:17:20.872629+00:00,2026-10-09T07:45:30.614406+00:00,2026-10-09T03:45:30.614406-04:00,2026-10-09T03:45:30.614406-04:00,propline_free_sample
2026-10-07,2026-10-08 00:00:00+00:00,Max Fried,4.5,under,100,pick6,321682,New York Yankees,Tampa Bay Rays,2026-10-07T22:09:11.543533+00:00,2026-10-09T07:45:30.614406+00:00,2026-10-09T03:45:30.614406-04:00,2026-10-09T03:45:30.614406-04:00,propline_free_sample
2026-10-07,2026-10-08 00:00:00+00:00,Nick Martinez,2.5,under,100,pick6,321682,New York Yankees,Tampa Bay Rays,2026-10-07T15:57:32.247265+00:00,2026-10-09T07:45:30.614406+00:00,2026-10-09T03:45:30.614406-04:00,2026-10-09T03:45:30.614406-04:00,propline_free_sample
2026-10-07,2026-10-08 00:00:00+00:00,Nick Martinez,1.5,over,100,pick6,321682,New York Yankees,Tampa Bay Rays,2026-10-06T13:52:15.400917+00:00,2026-10-09T07:45:30.614406+00:00,2026-10-09T03:45:30.614406-04:00,2026-10-09T03:45:30.614406-04:00,propline_free_sample
2026-10-07,2026-10-08 00:00:00+00:00,Max Fried,2.5,over,100,pick6,321682,New York Yankees,Tampa Bay Rays,2026-10-06T13:52:15.400917+00:00,2026-10-09T07:45:30.614406+00:00,2026-10-09T03:45:30.614406-04:00,2026-10-09T03:45:30.614406-04:00,propline_free_sample
2026-10-07,2026-10-08 00:00:00+00:00,Nick Martinez,2.5,over,100,pick6,321682,New York Yankees,Tampa Bay Rays,2026-10-07T13:14:24.863183+00:00,2026-10-09T07:45:30.614406+00:00,2026-10-09T03:45:30.614406-04:00,2026-10-09T03:45:30.614406-04:00,propline_free_sample
2026-10-07,2026-10-08 00:00:00+00:00,Max Fried,3.5,over,100,pick6,321682,New York Yankees,Tampa Bay Rays,2026-10-06T13:52:15.400917+00:00,2026-10-09T07:45:30.614406+00:00,2026-10-09T03:45:30.614406-04:00,2026-10-09T03:45:30.614406-04:00,propline_free_sample
2026-10-07,2026-10-08 00:00:00+00:00,Nick Martinez,4.5,over,100,pick6,321682,New York Yankees,Tampa Bay Rays,2026-10-07T23:20:49.134624+00:00,2026-10-09T07:45:30.614406+00:00,2026-10-09T03:45:30.614406-04:00,2026-10-09T03:45:30.614406-04:00,propline_free_sample
2026-10-07,2026-10-08 00:00:00+00:00,Max Fried,5.5,over,100,pick6,321682,New York Yankees,Tampa Bay Rays,2026-10-07T23:41:46.018198+00:00,2026-10-09T07:45:30.614406+00:00,2026-10-09T03:45:30.614406-04:00,2026-10-09T03:45:30.614406-04:00,propline_free_sample
2026-10-07,2026-10-08 00:00:00+00:00,Nick Martinez,5.5,over,100,pick6,321682,New York Yankees,Tampa Bay Rays,2026-10-07T23:20:49.134624+00:00,2026-10-09T07:45:30.614406+00:00,2026-10-09T03:45:30.614406-04:00,2026-10-09T03:45:30.614406-04:00,propline_free_sample
2026-10-07,2026-10-08 00:00:00+00:00,Max Fried,6.5,over,100,pick6,321682,New York Yankees,Tampa Bay Rays,2026-10-07T23:30:40.522632+00:00,2026-10-09T07:45:30.614406+00:00,2026-10-09T03:45:30.614406-04:00,2026-10-09T03:45:30.614406-04:00,propline_free_sample
2026-10-07,2026-10-08 00:00:00+00:00,Nick Martinez,6.5,over,100,pick6,321682,New York Yankees,Tampa Bay Rays,2026-10-07T23:16:16.458470+00:00,2026-10-09T07:45:30.614406+00:00,2026-10-09T03:45:30.614406-04:00,2026-10-09T03:45:30.614406-04:00,propline_free_sample
2026-10-07,2026-10-08 00:00:00+00:00,Max Fried,7.5,over,100,pick6,321682,New York Yankees,Tampa Bay Rays,2026-10-07T23:53:12.309216+00:00,2026-10-09T07:45:30.614406+00:00,2026-10-09T03:45:30.614406-04:00,2026-10-09T03:45:30.614406-04:00,propline_free_sample
2026-10-07,2026-10-08 00:00:00+00:00,Max Fried,3.5,under,9900,polymarket_us,321682,New York Yankees,Tampa Bay Rays,2026-10-07T20:28:19.338177+00:00,2026-10-09T07:45:30.614406+00:00,2026-10-09T03:45:30.614406-04:00,2026-10-09T03:45:30.614406-04:00,propline_free_sample
2026-10-07,2026-10-08 00:00:00+00:00,Max Fried,4.5,under,9900,polymarket_us,321682,New York Yankees,Tampa Bay Rays,2026-10-07T22:11:32.521286+00:00,2026-10-09T07:45:30.614406+00:00,2026-10-09T03:45:30.614406-04:00,2026-10-09T03:45:30.614406-04:00,propline_free_sample
2026-10-07,2026-10-08 00:00:00+00:00,Nick Martinez,1.5,over,-2400,polymarket_us,321682,New York Yankees,Tampa Bay Rays,2026-10-07T23:10:32.491069+00:00,2026-10-09T07:45:30.614406+00:00,2026-10-09T03:45:30.614406-04:00,2026-10-09T03:45:30.614406-04:00,propline_free_sample
2026-10-07,2026-10-08 00:00:00+00:00,Nick Martinez,1.5,under,9900,polymarket_us,321682,New York Yankees,Tampa Bay Rays,2026-10-07T23:10:32.491069+00:00,2026-10-09T07:45:30.614406+00:00,2026-10-09T03:45:30.614406-04:00,2026-10-09T03:45:30.614406-04:00,propline_free_sample
2026-10-07,2026-10-08 00:00:00+00:00,Max Fried,2.5,under,9900,polymarket_us,321682,New York Yankees,Tampa Bay Rays,2026-10-07T23:57:25.055839+00:00,2026-10-09T07:45:30.614406+00:00,2026-10-09T03:45:30.614406-04:00,2026-10-09T03:45:30.614406-04:00,propline_free_sample
2026-10-07,2026-10-08 00:00:00+00:00,Max Fried,4.5,over,-100,pinnacle,321682,New York Yankees,Tampa Bay Rays,2026-10-07T22:52:22.925759+00:00,2026-10-09T07:45:30.614406+00:00,2026-10-09T03:45:30.614406-04:00,2026-10-09T03:45:30.614406-04:00,propline_free_sample
2026-10-07,2026-10-08 00:00:00+00:00,Max Fried,4.5,under,-121,pinnacle,321682,New York Yankees,Tampa Bay Rays,2026-10-07T22:52:22.925759+00:00,2026-10-09T07:45:30.614406+00:00,2026-10-09T03:45:30.614406-04:00,2026-10-09T03:45:30.614406-04:00,propline_free_sample
2026-10-07,2026-10-08 00:00:00+00:00,Nick Martinez,2.5,over,-147,pinnacle,321682,New York Yankees,Tampa Bay Rays,2026-10-07T23:38:08.364744+00:00,2026-10-09T07:45:30.614406+00:00,2026-10-09T03:45:30.614406-04:00,2026-10-09T03:45:30.614406-04:00,propline_free_sample
2026-10-07,2026-10-08 00:00:00+00:00,Nick Martinez,2.5,under,121,pinnacle,321682,New York Yankees,Tampa Bay Rays,2026-10-07T23:38:08.364744+00:00,2026-10-09T07:45:30.614406+00:00,2026-10-09T03:45:30.614406-04:00,2026-10-09T03:45:30.614406-04:00,propline_free_sample
2026-10-07,2026-10-08 00:00:00+00:00,Max Fried,5.5,under,9900,polymarket_us,321682,New York Yankees,Tampa Bay Rays,2026-10-07T22:10:07.573166+00:00,2026-10-09T07:45:30.614406+00:00,2026-10-09T03:45:30.614406-04:00,2026-10-09T03:45:30.614406-04:00,propline_free_sample
2026-10-07,2026-10-08 00:00:00+00:00,Max Fried,6.5,under,9900,polymarket_us,321682,New York Yankees,Tampa Bay Rays,2026-10-07T20:11:44.882941+00:00,2026-10-09T07:45:30.614406+00:00,2026-10-09T03:45:30.614406-04:00,2026-10-09T03:45:30.614406-04:00,propline_free_sample
2026-10-07,2026-10-08 00:00:00+00:00,Max Fried,7.5,under,-257,polymarket_us,321682,New York Yankees,Tampa Bay Rays,2026-10-07T23:12:34.957697+00:00,2026-10-09T07:45:30.614406+00:00,2026-10-09T03:45:30.614406-04:00,2026-10-09T03:45:30.614406-04:00,propline_free_sample
2026-10-07,2026-10-08 00:00:00+00:00,Max Fried,4.5,over,100,prizepicks,321682,New York Yankees,Tampa Bay Rays,2026-10-06T14:51:53.544060+00:00,2026-10-09T07:45:30.614406+00:00,2026-10-09T03:45:30.614406-04:00,2026-10-09T03:45:30.614406-04:00,propline_free_sample
2026-10-07,2026-10-08 00:00:00+00:00,Max Fried,4.5,under,100,prizepicks,321682,New York Yankees,Tampa Bay Rays,2026-10-06T14:51:53.544060+00:00,2026-10-09T07:45:30.614406+00:00,2026-10-09T03:45:30.614406-04:00,2026-10-09T03:45:30.614406-04:00,propline_free_sample
2026-10-07,2026-10-08 00:00:00+00:00,Nick Martinez,2.5,over,-140,prophetx,321682,New York Yankees,Tampa Bay Rays,2026-10-07T23:44:59.585791+00:00,2026-10-09T07:45:30.614406+00:00,2026-10-09T03:45:30.614406-04:00,2026-10-09T03:45:30.614406-04:00,propline_free_sample
2026-10-07,2026-10-08 00:00:00+00:00,Nick Martinez,2.5,over,-169,smarkets,321682,New York Yankees,Tampa Bay Rays,2026-10-07T19:55:20.817109+00:00,2026-10-09T07:45:30.614406+00:00,2026-10-09T03:45:30.614406-04:00,2026-10-09T03:45:30.614406-04:00,propline_free_sample
2026-10-07,2026-10-08 00:00:00+00:00,Nick Martinez,2.5,under,120,smarkets,321682,New York Yankees,Tampa Bay Rays,2026-10-07T19:55:20.817109+00:00,2026-10-09T07:45:30.614406+00:00,2026-10-09T03:45:30.614406-04:00,2026-10-09T03:45:30.614406-04:00,propline_free_sample
2026-10-07,2026-10-08 00:00:00+00:00,Max Fried,8.5,over,100,pick6,321682,New York Yankees,Tampa Bay Rays,2026-10-07T23:53:12.309216+00:00,2026-10-09T07:45:30.614406+00:00,2026-10-09T03:45:30.614406-04:00,2026-10-09T03:45:30.614406-04:00,propline_free_sample
2026-10-07,2026-10-08 00:00:00+00:00,Nick Martinez,3.5,over,100,pick6,321682,New York Yankees,Tampa Bay Rays,2026-10-07T23:20:49.134624+00:00,2026-10-09T07:45:30.614406+00:00,2026-10-09T03:45:30.614406-04:00,2026-10-09T03:45:30.614406-04:00,propline_free_sample
2026-10-07,2026-10-08 00:00:00+00:00,Nick Martinez,3.5,over,143,parlayplay,321682,New York Yankees,Tampa Bay Rays,2026-10-07T23:22:01.570613+00:00,2026-10-09T07:45:30.614406+00:00,2026-10-09T03:45:30.614406-04:00,2026-10-09T03:45:30.614406-04:00,propline_free_sample
2026-10-07,2026-10-08 00:00:00+00:00,Nick Martinez,3.5,under,-217,parlayplay,321682,New York Yankees,Tampa Bay Rays,2026-10-07T22:59:10.081656+00:00,2026-10-09T07:45:30.614406+00:00,2026-10-09T03:45:30.614406-04:00,2026-10-09T03:45:30.614406-04:00,propline_free_sample
2026-10-07,2026-10-08 00:00:00+00:00,Nick Martinez,2.5,under,122,prophetx,321682,New York Yankees,Tampa Bay Rays,2026-10-07T23:57:23.606664+00:00,2026-10-09T07:45:30.614406+00:00,2026-10-09T03:45:30.614406-04:00,2026-10-09T03:45:30.614406-04:00,propline_free_sample
2026-10-07,2026-10-08 00:00:00+00:00,Nick Martinez,3.0,over,142,prophetx,321682,New York Yankees,Tampa Bay Rays,2026-10-07T12:02:08.150174+00:00,2026-10-09T07:45:30.614406+00:00,2026-10-09T03:45:30.614406-04:00,2026-10-09T03:45:30.614406-04:00,propline_free_sample
2026-10-07,2026-10-08 00:00:00+00:00,Nick Martinez,3.0,under,-168,prophetx,321682,New York Yankees,Tampa Bay Rays,2026-10-07T12:02:08.150174+00:00,2026-10-09T07:45:30.614406+00:00,2026-10-09T03:45:30.614406-04:00,2026-10-09T03:45:30.614406-04:00,propline_free_sample
2026-10-07,2026-10-08 00:00:00+00:00,Nick Martinez,2.5,over,-614,novig,321682,New York Yankees,Tampa Bay Rays,2026-10-07T23:44:51.240553+00:00,2026-10-09T07:45:30.614406+00:00,2026-10-09T03:45:30.614406-04:00,2026-10-09T03:45:30.614406-04:00,propline_free_sample
2026-10-07,2026-10-08 00:00:00+00:00,Nick Martinez,2.5,under,150,novig,321682,New York Yankees,Tampa Bay Rays,2026-10-07T23:54:16.277602+00:00,2026-10-09T07:45:30.614406+00:00,2026-10-09T03:45:30.614406-04:00,2026-10-09T03:45:30.614406-04:00,propline_free_sample
2026-10-07,2026-10-08 00:00:00+00:00,Max Fried,8.5,under,-525,kalshi,321682,New York Yankees,Tampa Bay Rays,2026-10-07T23:57:03.727337+00:00,2026-10-09T07:45:30.614406+00:00,2026-10-09T03:45:30.614406-04:00,2026-10-09T03:45:30.614406-04:00,propline_free_sample
2026-10-07,2026-10-08 00:00:00+00:00,Nick Martinez,6.5,under,-9900,kalshi,321682,New York Yankees,Tampa Bay Rays,2026-10-07T23:45:02.012463+00:00,2026-10-09T07:45:30.614406+00:00,2026-10-09T03:45:30.614406-04:00,2026-10-09T03:45:30.614406-04:00,propline_free_sample
2026-10-07,2026-10-08 00:00:00+00:00,Nick Martinez,6.5,under,-2400,polymarket_us,321682,New York Yankees,Tampa Bay Rays,2026-10-07T18:54:31.625270+00:00,2026-10-09T07:45:30.614406+00:00,2026-10-09T03:45:30.614406-04:00,2026-10-09T03:45:30.614406-04:00,propline_free_sample
2026-10-07,2026-10-08 00:00:00+00:00,Max Fried,3.5,over,-233,novig,321682,New York Yankees,Tampa Bay Rays,2026-10-07T23:04:36.124949+00:00,2026-10-09T07:45:30.614406+00:00,2026-10-09T03:45:30.614406-04:00,2026-10-09T03:45:30.614406-04:00,propline_free_sample
2026-10-07,2026-10-08 00:00:00+00:00,Max Fried,3.5,under,160,novig,321682,New York Yankees,Tampa Bay Rays,2026-10-07T23:04:36.124949+00:00,2026-10-09T07:45:30.614406+00:00,2026-10-09T03:45:30.614406-04:00,2026-10-09T03:45:30.614406-04:00,propline_free_sample
2026-10-07,2026-10-08 00:00:00+00:00,Max Fried,5.5,over,113,novig,321682,New York Yankees,Tampa Bay Rays,2026-10-07T23:52:52.990117+00:00,2026-10-09T07:45:30.614406+00:00,2026-10-09T03:45:30.614406-04:00,2026-10-09T03:45:30.614406-04:00,propline_free_sample
2026-10-07,2026-10-08 00:00:00+00:00,Max Fried,5.5,under,-213,novig,321682,New York Yankees,Tampa Bay Rays,2026-10-07T23:16:04.773283+00:00,2026-10-09T07:45:30.614406+00:00,2026-10-09T03:45:30.614406-04:00,2026-10-09T03:45:30.614406-04:00,propline_free_sample
2026-10-07,2026-10-08 00:00:00+00:00,Nick Martinez,4.5,over,344,novig,321682,New York Yankees,Tampa Bay Rays,2026-10-07T20:43:52.165643+00:00,2026-10-09T07:45:30.614406+00:00,2026-10-09T03:45:30.614406-04:00,2026-10-09T03:45:30.614406-04:00,propline_free_sample
2026-10-07,2026-10-08 00:00:00+00:00,Nick Martinez,4.5,under,-733,novig,321682,New York Yankees,Tampa Bay Rays,2026-10-07T20:32:22.123099+00:00,2026-10-09T07:45:30.614406+00:00,2026-10-09T03:45:30.614406-04:00,2026-10-09T03:45:30.614406-04:00,propline_free_sample
2026-10-07,2026-10-08 00:00:00+00:00,Nick Martinez,1.5,over,-1329,novig,321682,New York Yankees,Tampa Bay Rays,2026-10-07T23:58:44.528673+00:00,2026-10-09T07:45:30.614406+00:00,2026-10-09T03:45:30.614406-04:00,2026-10-09T03:45:30.614406-04:00,propline_free_sample
2026-10-07,2026-10-08 00:00:00+00:00,Nick Martinez,1.5,under,212,novig,321682,New York Yankees,Tampa Bay Rays,2026-10-07T23:55:43.691865+00:00,2026-10-09T07:45:30.614406+00:00,2026-10-09T03:45:30.614406-04:00,2026-10-09T03:45:30.614406-04:00,propline_free_sample
2026-10-07,2026-10-08 00:00:00+00:00,Max Fried,7.5,over,-129,underdog,321682,New York Yankees,Tampa Bay Rays,2026-10-07T23:40:56.411498+00:00,2026-10-09T07:45:30.614406+00:00,2026-10-09T03:45:30.614406-04:00,2026-10-09T03:45:30.614406-04:00,propline_free_sample
2026-10-07,2026-10-08 00:00:00+00:00,Max Fried,7.5,under,-117,underdog,321682,New York Yankees,Tampa Bay Rays,2026-10-07T23:40:56.411498+00:00,2026-10-09T07:45:30.614406+00:00,2026-10-09T03:45:30.614406-04:00,2026-10-09T03:45:30.614406-04:00,propline_free_sample
2026-10-07,2026-10-08 00:00:00+00:00,Nick Martinez,0.5,under,9900,polymarket_us,321682,New York Yankees,Tampa Bay Rays,2026-10-07T23:57:25.055839+00:00,2026-10-09T07:45:30.614406+00:00,2026-10-09T03:45:30.614406-04:00,2026-10-09T03:45:30.614406-04:00,propline_free_sample
2026-10-07,2026-10-08 00:00:00+00:00,Nick Martinez,3.5,over,-170,underdog,321682,New York Yankees,Tampa Bay Rays,,2026-10-09T07:45:30.614406+00:00,2026-10-09T03:45:30.614406-04:00,2026-10-09T03:45:30.614406-04:00,propline_free_sample
2026-10-07,2026-10-08 00:00:00+00:00,Nick Martinez,3.5,under,114,underdog,321682,New York Yankees,Tampa Bay Rays,,2026-10-09T07:45:30.614406+00:00,2026-10-09T03:45:30.614406-04:00,2026-10-09T03:45:30.614406-04:00,propline_free_sample
2026-10-07,2026-10-08 00:00:00+00:00,Max Fried,3.5,over,-155,courtside,321682,New York Yankees,Tampa Bay Rays,,2026-10-09T07:45:30.614406+00:00,2026-10-09T03:45:30.614406-04:00,2026-10-09T03:45:30.614406-04:00,propline_free_sample
2026-10-07,2026-10-08 00:00:00+00:00,Max Fried,3.5,under,115,courtside,321682,New York Yankees,Tampa Bay Rays,,2026-10-09T07:45:30.614406+00:00,2026-10-09T03:45:30.614406-04:00,2026-10-09T03:45:30.614406-04:00,propline_free_sample
2026-10-07,2026-10-08 00:00:00+00:00,Max Fried,5.5,over,-225,courtside,321682,New York Yankees,Tampa Bay Rays,,2026-10-09T07:45:30.614406+00:00,2026-10-09T03:45:30.614406-04:00,2026-10-09T03:45:30.614406-04:00,propline_free_sample
2026-10-07,2026-10-08 00:00:00+00:00,Max Fried,5.5,under,165,courtside,321682,New York Yankees,Tampa Bay Rays,,2026-10-09T07:45:30.614406+00:00,2026-10-09T03:45:30.614406-04:00,2026-10-09T03:45:30.614406-04:00,propline_free_sample
2026-10-07,2026-10-08 00:00:00+00:00,Nick Martinez,4.5,over,170,courtside,321682,New York Yankees,Tampa Bay Rays,,2026-10-09T07:45:30.614406+00:00,2026-10-09T03:45:30.614406-04:00,2026-10-09T03:45:30.614406-04:00,propline_free_sample
