date,commence_time_utc,pitcher_name,line,side,price,sportsbook,event_id,home_team,away_team,vendor_snapshot_time,collected_at_utc,collected_at_et,snapshot_time_et,source
2026-09-10,2026-09-10 17:05:00+00:00,Cristian Javier,3.5,over,-154,fanduel,206550,Philadelphia Phillies,Houston Astros,2026-09-10T17:02:14.420552+00:00,2026-09-10T21:04:16.239169+00:00,2026-09-10T17:04:16.239169-04:00,2026-09-10T17:04:16.239169-04:00,propline_free_sample
2026-09-10,2026-09-10 17:05:00+00:00,Cristian Javier,3.5,under,122,fanduel,206550,Philadelphia Phillies,Houston Astros,2026-09-10T16:03:49.296839+00:00,2026-09-10T21:04:16.239169+00:00,2026-09-10T17:04:16.239169-04:00,2026-09-10T17:04:16.239169-04:00,propline_free_sample
2026-09-10,2026-09-10 17:05:00+00:00,Zack Wheeler,6.5,over,-122,fanduel,206550,Philadelphia Phillies,Houston Astros,2026-09-10T15:14:04.624870+00:00,2026-09-10T21:04:16.239169+00:00,2026-09-10T17:04:16.239169-04:00,2026-09-10T17:04:16.239169-04:00,propline_free_sample
2026-09-10,2026-09-10 17:05:00+00:00,Zack Wheeler,6.5,under,-104,fanduel,206550,Philadelphia Phillies,Houston Astros,2026-09-10T15:14:04.624870+00:00,2026-09-10T21:04:16.239169+00:00,2026-09-10T17:04:16.239169-04:00,2026-09-10T17:04:16.239169-04:00,propline_free_sample
2026-09-10,2026-09-10 17:05:00+00:00,Cristian Javier,4.5,over,100,prizepicks,206550,Philadelphia Phillies,Houston Astros,2026-09-10T01:48:36.364962+00:00,2026-09-10T21:04:16.239169+00:00,2026-09-10T17:04:16.239169-04:00,2026-09-10T17:04:16.239169-04:00,propline_free_sample
2026-09-10,2026-09-10 17:05:00+00:00,Cristian Javier,5.5,over,100,prizepicks,206550,Philadelphia Phillies,Houston Astros,2026-09-10T01:48:36.364962+00:00,2026-09-10T21:04:16.239169+00:00,2026-09-10T17:04:16.239169-04:00,2026-09-10T17:04:16.239169-04:00,propline_free_sample
2026-09-10,2026-09-10 17:05:00+00:00,Cristian Javier,6.5,over,100,prizepicks,206550,Philadelphia Phillies,Houston Astros,2026-09-10T01:48:36.364962+00:00,2026-09-10T21:04:16.239169+00:00,2026-09-10T17:04:16.239169-04:00,2026-09-10T17:04:16.239169-04:00,propline_free_sample
2026-09-10,2026-09-10 17:05:00+00:00,Zack Wheeler,6.5,over,100,prizepicks,206550,Philadelphia Phillies,Houston Astros,2026-09-10T01:48:36.364962+00:00,2026-09-10T21:04:16.239169+00:00,2026-09-10T17:04:16.239169-04:00,2026-09-10T17:04:16.239169-04:00,propline_free_sample
2026-09-10,2026-09-10 17:05:00+00:00,Zack Wheeler,6.5,under,100,prizepicks,206550,Philadelphia Phillies,Houston Astros,2026-09-10T01:48:36.364962+00:00,2026-09-10T21:04:16.239169+00:00,2026-09-10T17:04:16.239169-04:00,2026-09-10T17:04:16.239169-04:00,propline_free_sample
2026-09-10,2026-09-10 17:05:00+00:00,Zack Wheeler,7.5,over,100,prizepicks,206550,Philadelphia Phillies,Houston Astros,2026-09-10T01:48:36.364962+00:00,2026-09-10T21:04:16.239169+00:00,2026-09-10T17:04:16.239169-04:00,2026-09-10T17:04:16.239169-04:00,propline_free_sample
2026-09-10,2026-09-10 17:05:00+00:00,Zack Wheeler,8.5,over,100,prizepicks,206550,Philadelphia Phillies,Houston Astros,2026-09-10T01:48:36.364962+00:00,2026-09-10T21:04:16.239169+00:00,2026-09-10T17:04:16.239169-04:00,2026-09-10T17:04:16.239169-04:00,propline_free_sample
2026-09-10,2026-09-10 17:05:00+00:00,Cristian Javier,2.5,over,100,prizepicks,206550,Philadelphia Phillies,Houston Astros,2026-09-10T01:48:36.364962+00:00,2026-09-10T21:04:16.239169+00:00,2026-09-10T17:04:16.239169-04:00,2026-09-10T17:04:16.239169-04:00,propline_free_sample
2026-09-10,2026-09-10 17:05:00+00:00,Cristian Javier,3.5,over,100,prizepicks,206550,Philadelphia Phillies,Houston Astros,2026-09-10T01:48:36.364962+00:00,2026-09-10T21:04:16.239169+00:00,2026-09-10T17:04:16.239169-04:00,2026-09-10T17:04:16.239169-04:00,propline_free_sample
2026-09-10,2026-09-10 17:05:00+00:00,Cristian Javier,3.5,under,100,prizepicks,206550,Philadelphia Phillies,Houston Astros,2026-09-10T01:48:36.364962+00:00,2026-09-10T21:04:16.239169+00:00,2026-09-10T17:04:16.239169-04:00,2026-09-10T17:04:16.239169-04:00,propline_free_sample
2026-09-10,2026-09-10 17:05:00+00:00,Zack Wheeler,4.5,over,100,prizepicks,206550,Philadelphia Phillies,Houston Astros,2026-09-10T01:48:36.364962+00:00,2026-09-10T21:04:16.239169+00:00,2026-09-10T17:04:16.239169-04:00,2026-09-10T17:04:16.239169-04:00,propline_free_sample
2026-09-10,2026-09-10 17:05:00+00:00,Zack Wheeler,5.5,over,100,prizepicks,206550,Philadelphia Phillies,Houston Astros,2026-09-10T01:48:36.364962+00:00,2026-09-10T21:04:16.239169+00:00,2026-09-10T17:04:16.239169-04:00,2026-09-10T17:04:16.239169-04:00,propline_free_sample
2026-09-10,2026-09-10 17:05:00+00:00,Cristian Javier (HOU),3.5,over,-160,bovada,206550,Philadelphia Phillies,Houston Astros,2026-09-10T14:53:34.744452+00:00,2026-09-10T21:04:16.239169+00:00,2026-09-10T17:04:16.239169-04:00,2026-09-10T17:04:16.239169-04:00,propline_free_sample
2026-09-10,2026-09-10 17:05:00+00:00,Cristian Javier (HOU),3.5,under,120,bovada,206550,Philadelphia Phillies,Houston Astros,2026-09-10T14:53:34.744452+00:00,2026-09-10T21:04:16.239169+00:00,2026-09-10T17:04:16.239169-04:00,2026-09-10T17:04:16.239169-04:00,propline_free_sample
2026-09-10,2026-09-10 17:05:00+00:00,Zack Wheeler (PHI),6.5,over,-125,bovada,206550,Philadelphia Phillies,Houston Astros,2026-09-10T15:25:23.266796+00:00,2026-09-10T21:04:16.239169+00:00,2026-09-10T17:04:16.239169-04:00,2026-09-10T17:04:16.239169-04:00,propline_free_sample
2026-09-10,2026-09-10 17:05:00+00:00,Zack Wheeler (PHI),6.5,under,-105,bovada,206550,Philadelphia Phillies,Houston Astros,2026-09-10T15:25:23.266796+00:00,2026-09-10T21:04:16.239169+00:00,2026-09-10T17:04:16.239169-04:00,2026-09-10T17:04:16.239169-04:00,propline_free_sample
2026-09-10,2026-09-10 17:05:00+00:00,Cristian Javier,3.5,over,-128,prophetx,206550,Philadelphia Phillies,Houston Astros,2026-09-10T17:03:18.321932+00:00,2026-09-10T21:04:16.239169+00:00,2026-09-10T17:04:16.239169-04:00,2026-09-10T17:04:16.239169-04:00,propline_free_sample
2026-09-10,2026-09-10 17:05:00+00:00,Cristian Javier,3.5,under,118,prophetx,206550,Philadelphia Phillies,Houston Astros,2026-09-10T16:57:19.868123+00:00,2026-09-10T21:04:16.239169+00:00,2026-09-10T17:04:16.239169-04:00,2026-09-10T17:04:16.239169-04:00,propline_free_sample
2026-09-10,2026-09-10 17:05:00+00:00,Zack Wheeler,6.5,over,-138,prophetx,206550,Philadelphia Phillies,Houston Astros,2026-09-10T17:00:56.557589+00:00,2026-09-10T21:04:16.239169+00:00,2026-09-10T17:04:16.239169-04:00,2026-09-10T17:04:16.239169-04:00,propline_free_sample
2026-09-10,2026-09-10 17:05:00+00:00,Zack Wheeler,6.5,under,114,prophetx,206550,Philadelphia Phillies,Houston Astros,2026-09-10T17:00:56.557589+00:00,2026-09-10T21:04:16.239169+00:00,2026-09-10T17:04:16.239169-04:00,2026-09-10T17:04:16.239169-04:00,propline_free_sample
2026-09-10,2026-09-10 17:05:00+00:00,Cristian Javier,2.5,over,-145,fanatics,206550,Philadelphia Phillies,Houston Astros,2026-09-10T17:03:08.841956+00:00,2026-09-10T21:04:16.239169+00:00,2026-09-10T17:04:16.239169-04:00,2026-09-10T17:04:16.239169-04:00,propline_free_sample
2026-09-10,2026-09-10 17:05:00+00:00,Cristian Javier,2.5,under,110,fanatics,206550,Philadelphia Phillies,Houston Astros,2026-09-10T17:03:08.841956+00:00,2026-09-10T21:04:16.239169+00:00,2026-09-10T17:04:16.239169-04:00,2026-09-10T17:04:16.239169-04:00,propline_free_sample
2026-09-10,2026-09-10 17:05:00+00:00,Zack Wheeler,7.5,over,-130,fanatics,206550,Philadelphia Phillies,Houston Astros,2026-09-10T17:03:08.841956+00:00,2026-09-10T21:04:16.239169+00:00,2026-09-10T17:04:16.239169-04:00,2026-09-10T17:04:16.239169-04:00,propline_free_sample
2026-09-10,2026-09-10 17:05:00+00:00,Zack Wheeler,7.5,under,100,fanatics,206550,Philadelphia Phillies,Houston Astros,2026-09-10T17:03:08.841956+00:00,2026-09-10T21:04:16.239169+00:00,2026-09-10T17:04:16.239169-04:00,2026-09-10T17:04:16.239169-04:00,propline_free_sample
2026-09-10,2026-09-10 17:05:00+00:00,Cristian Javier,3.5,over,-194,novig,206550,Philadelphia Phillies,Houston Astros,2026-09-10T16:59:34.496902+00:00,2026-09-10T21:04:16.239169+00:00,2026-09-10T17:04:16.239169-04:00,2026-09-10T17:04:16.239169-04:00,propline_free_sample
2026-09-10,2026-09-10 17:05:00+00:00,Cristian Javier,3.5,under,117,novig,206550,Philadelphia Phillies,Houston Astros,2026-09-10T16:07:27.842947+00:00,2026-09-10T21:04:16.239169+00:00,2026-09-10T17:04:16.239169-04:00,2026-09-10T17:04:16.239169-04:00,propline_free_sample
2026-09-10,2026-09-10 17:05:00+00:00,Zack Wheeler,6.5,over,-122,novig,206550,Philadelphia Phillies,Houston Astros,2026-09-10T17:01:32.866540+00:00,2026-09-10T21:04:16.239169+00:00,2026-09-10T17:04:16.239169-04:00,2026-09-10T17:04:16.239169-04:00,propline_free_sample
2026-09-10,2026-09-10 17:05:00+00:00,Zack Wheeler,6.5,under,-127,novig,206550,Philadelphia Phillies,Houston Astros,2026-09-10T17:02:22.240890+00:00,2026-09-10T21:04:16.239169+00:00,2026-09-10T17:04:16.239169-04:00,2026-09-10T17:04:16.239169-04:00,propline_free_sample
2026-09-10,2026-09-10 17:05:00+00:00,Cristian Javier,0.5,over,-5000,hardrock,206550,Philadelphia Phillies,Houston Astros,2026-09-10T14:25:15.107201+00:00,2026-09-10T21:04:16.239169+00:00,2026-09-10T17:04:16.239169-04:00,2026-09-10T17:04:16.239169-04:00,propline_free_sample
2026-09-10,2026-09-10 17:05:00+00:00,Cristian Javier,0.5,under,1000,hardrock,206550,Philadelphia Phillies,Houston Astros,2026-09-10T14:25:15.107201+00:00,2026-09-10T21:04:16.239169+00:00,2026-09-10T17:04:16.239169-04:00,2026-09-10T17:04:16.239169-04:00,propline_free_sample
2026-09-10,2026-09-10 17:05:00+00:00,Cristian Javier,1.5,over,-1300,hardrock,206550,Philadelphia Phillies,Houston Astros,2026-09-10T14:25:15.107201+00:00,2026-09-10T21:04:16.239169+00:00,2026-09-10T17:04:16.239169-04:00,2026-09-10T17:04:16.239169-04:00,propline_free_sample
2026-09-10,2026-09-10 17:05:00+00:00,Cristian Javier,1.5,under,500,hardrock,206550,Philadelphia Phillies,Houston Astros,2026-09-10T14:25:15.107201+00:00,2026-09-10T21:04:16.239169+00:00,2026-09-10T17:04:16.239169-04:00,2026-09-10T17:04:16.239169-04:00,propline_free_sample
2026-09-10,2026-09-10 17:05:00+00:00,Cristian Javier,2.5,over,-350,hardrock,206550,Philadelphia Phillies,Houston Astros,2026-09-10T09:02:25.134519+00:00,2026-09-10T21:04:16.239169+00:00,2026-09-10T17:04:16.239169-04:00,2026-09-10T17:04:16.239169-04:00,propline_free_sample
2026-09-10,2026-09-10 17:05:00+00:00,Cristian Javier,2.5,under,220,hardrock,206550,Philadelphia Phillies,Houston Astros,2026-09-10T14:45:25.698355+00:00,2026-09-10T21:04:16.239169+00:00,2026-09-10T17:04:16.239169-04:00,2026-09-10T17:04:16.239169-04:00,propline_free_sample
2026-09-10,2026-09-10 17:05:00+00:00,Cristian Javier,3.5,over,150,hardrock,206550,Philadelphia Phillies,Houston Astros,2026-09-10T17:01:13.286007+00:00,2026-09-10T21:04:16.239169+00:00,2026-09-10T17:04:16.239169-04:00,2026-09-10T17:04:16.239169-04:00,propline_free_sample
2026-09-10,2026-09-10 17:05:00+00:00,Cristian Javier,3.5,under,-220,hardrock,206550,Philadelphia Phillies,Houston Astros,2026-09-10T14:18:07.356112+00:00,2026-09-10T21:04:16.239169+00:00,2026-09-10T17:04:16.239169-04:00,2026-09-10T17:04:16.239169-04:00,propline_free_sample
2026-09-10,2026-09-10 17:05:00+00:00,Cristian Javier,4.5,over,475,hardrock,206550,Philadelphia Phillies,Houston Astros,2026-09-10T14:25:15.107201+00:00,2026-09-10T21:04:16.239169+00:00,2026-09-10T17:04:16.239169-04:00,2026-09-10T17:04:16.239169-04:00,propline_free_sample
2026-09-10,2026-09-10 17:05:00+00:00,Cristian Javier,4.5,under,-1200,hardrock,206550,Philadelphia Phillies,Houston Astros,2026-09-10T14:25:15.107201+00:00,2026-09-10T21:04:16.239169+00:00,2026-09-10T17:04:16.239169-04:00,2026-09-10T17:04:16.239169-04:00,propline_free_sample
2026-09-10,2026-09-10 17:05:00+00:00,Cristian Javier,5.5,over,2000,hardrock,206550,Philadelphia Phillies,Houston Astros,2026-09-10T14:25:15.107201+00:00,2026-09-10T21:04:16.239169+00:00,2026-09-10T17:04:16.239169-04:00,2026-09-10T17:04:16.239169-04:00,propline_free_sample
2026-09-10,2026-09-10 17:05:00+00:00,Cristian Javier,5.5,under,-10000,hardrock,206550,Philadelphia Phillies,Houston Astros,2026-09-10T15:03:26.500709+00:00,2026-09-10T21:04:16.239169+00:00,2026-09-10T17:04:16.239169-04:00,2026-09-10T17:04:16.239169-04:00,propline_free_sample
2026-09-10,2026-09-10 17:05:00+00:00,Cristian Javier,6.5,over,2250,hardrock,206550,Philadelphia Phillies,Houston Astros,2026-09-10T14:25:15.107201+00:00,2026-09-10T21:04:16.239169+00:00,2026-09-10T17:04:16.239169-04:00,2026-09-10T17:04:16.239169-04:00,propline_free_sample
2026-09-10,2026-09-10 17:05:00+00:00,Cristian Javier,6.5,under,-15000,hardrock,206550,Philadelphia Phillies,Houston Astros,2026-09-10T17:01:13.286007+00:00,2026-09-10T21:04:16.239169+00:00,2026-09-10T17:04:16.239169-04:00,2026-09-10T17:04:16.239169-04:00,propline_free_sample
2026-09-10,2026-09-10 17:05:00+00:00,Cristian Javier,7.5,over,2000,hardrock,206550,Philadelphia Phillies,Houston Astros,2026-09-10T15:50:08.523804+00:00,2026-09-10T21:04:16.239169+00:00,2026-09-10T17:04:16.239169-04:00,2026-09-10T17:04:16.239169-04:00,propline_free_sample
2026-09-10,2026-09-10 17:05:00+00:00,Cristian Javier,7.5,under,-10000,hardrock,206550,Philadelphia Phillies,Houston Astros,2026-09-10T14:45:25.698355+00:00,2026-09-10T21:04:16.239169+00:00,2026-09-10T17:04:16.239169-04:00,2026-09-10T17:04:16.239169-04:00,propline_free_sample
2026-09-10,2026-09-10 17:05:00+00:00,Cristian Javier,8.5,over,4000,hardrock,206550,Philadelphia Phillies,Houston Astros,2026-09-10T02:17:10.465909+00:00,2026-09-10T21:04:16.239169+00:00,2026-09-10T17:04:16.239169-04:00,2026-09-10T17:04:16.239169-04:00,propline_free_sample
2026-09-10,2026-09-10 17:05:00+00:00,Cristian Javier,8.5,under,-100000,hardrock,206550,Philadelphia Phillies,Houston Astros,2026-09-10T09:02:25.134519+00:00,2026-09-10T21:04:16.239169+00:00,2026-09-10T17:04:16.239169-04:00,2026-09-10T17:04:16.239169-04:00,propline_free_sample
2026-09-10,2026-09-10 17:05:00+00:00,Zack Wheeler,1.5,over,-8000,hardrock,206550,Philadelphia Phillies,Houston Astros,2026-09-10T14:25:15.107201+00:00,2026-09-10T21:04:16.239169+00:00,2026-09-10T17:04:16.239169-04:00,2026-09-10T17:04:16.239169-04:00,propline_free_sample
2026-09-10,2026-09-10 17:05:00+00:00,Zack Wheeler,1.5,under,2000,hardrock,206550,Philadelphia Phillies,Houston Astros,2026-09-10T16:14:12.570089+00:00,2026-09-10T21:04:16.239169+00:00,2026-09-10T17:04:16.239169-04:00,2026-09-10T17:04:16.239169-04:00,propline_free_sample
2026-09-10,2026-09-10 17:05:00+00:00,Zack Wheeler,10.5,over,1200,hardrock,206550,Philadelphia Phillies,Houston Astros,2026-09-10T16:14:12.570089+00:00,2026-09-10T21:04:16.239169+00:00,2026-09-10T17:04:16.239169-04:00,2026-09-10T17:04:16.239169-04:00,propline_free_sample
2026-09-10,2026-09-10 17:05:00+00:00,Zack Wheeler,10.5,under,-6000,hardrock,206550,Philadelphia Phillies,Houston Astros,2026-09-10T14:25:15.107201+00:00,2026-09-10T21:04:16.239169+00:00,2026-09-10T17:04:16.239169-04:00,2026-09-10T17:04:16.239169-04:00,propline_free_sample
2026-09-10,2026-09-10 17:05:00+00:00,Zack Wheeler,11.5,over,4000,hardrock,206550,Philadelphia Phillies,Houston Astros,2026-09-10T15:15:15.024445+00:00,2026-09-10T21:04:16.239169+00:00,2026-09-10T17:04:16.239169-04:00,2026-09-10T17:04:16.239169-04:00,propline_free_sample
2026-09-10,2026-09-10 17:05:00+00:00,Zack Wheeler,11.5,under,-50000,hardrock,206550,Philadelphia Phillies,Houston Astros,2026-09-10T16:59:16.884470+00:00,2026-09-10T21:04:16.239169+00:00,2026-09-10T17:04:16.239169-04:00,2026-09-10T17:04:16.239169-04:00,propline_free_sample
2026-09-10,2026-09-10 17:05:00+00:00,Zack Wheeler,2.5,over,-6000,hardrock,206550,Philadelphia Phillies,Houston Astros,2026-09-10T16:59:16.884470+00:00,2026-09-10T21:04:16.239169+00:00,2026-09-10T17:04:16.239169-04:00,2026-09-10T17:04:16.239169-04:00,propline_free_sample
2026-09-10,2026-09-10 17:05:00+00:00,Zack Wheeler,2.5,under,1500,hardrock,206550,Philadelphia Phillies,Houston Astros,2026-09-10T16:59:16.884470+00:00,2026-09-10T21:04:16.239169+00:00,2026-09-10T17:04:16.239169-04:00,2026-09-10T17:04:16.239169-04:00,propline_free_sample
2026-09-10,2026-09-10 17:05:00+00:00,Zack Wheeler,3.5,over,-2200,hardrock,206550,Philadelphia Phillies,Houston Astros,2026-09-10T16:59:16.884470+00:00,2026-09-10T21:04:16.239169+00:00,2026-09-10T17:04:16.239169-04:00,2026-09-10T17:04:16.239169-04:00,propline_free_sample
2026-09-10,2026-09-10 17:05:00+00:00,Zack Wheeler,3.5,under,650,hardrock,206550,Philadelphia Phillies,Houston Astros,2026-09-10T16:59:16.884470+00:00,2026-09-10T21:04:16.239169+00:00,2026-09-10T17:04:16.239169-04:00,2026-09-10T17:04:16.239169-04:00,propline_free_sample
2026-09-10,2026-09-10 17:05:00+00:00,Zack Wheeler,4.5,over,-10000,hardrock,206550,Philadelphia Phillies,Houston Astros,2026-09-10T16:59:16.884470+00:00,2026-09-10T21:04:16.239169+00:00,2026-09-10T17:04:16.239169-04:00,2026-09-10T17:04:16.239169-04:00,propline_free_sample
2026-09-10,2026-09-10 17:05:00+00:00,Zack Wheeler,4.5,under,2500,hardrock,206550,Philadelphia Phillies,Houston Astros,2026-09-10T16:14:12.570089+00:00,2026-09-10T21:04:16.239169+00:00,2026-09-10T17:04:16.239169-04:00,2026-09-10T17:04:16.239169-04:00,propline_free_sample
2026-09-10,2026-09-10 17:05:00+00:00,Zack Wheeler,5.5,over,-600,hardrock,206550,Philadelphia Phillies,Houston Astros,2026-09-10T16:59:16.884470+00:00,2026-09-10T21:04:16.239169+00:00,2026-09-10T17:04:16.239169-04:00,2026-09-10T17:04:16.239169-04:00,propline_free_sample
2026-09-10,2026-09-10 17:05:00+00:00,Zack Wheeler,5.5,under,325,hardrock,206550,Philadelphia Phillies,Houston Astros,2026-09-10T16:59:16.884470+00:00,2026-09-10T21:04:16.239169+00:00,2026-09-10T17:04:16.239169-04:00,2026-09-10T17:04:16.239169-04:00,propline_free_sample
2026-09-10,2026-09-10 17:05:00+00:00,Zack Wheeler,6.5,over,-150,hardrock,206550,Philadelphia Phillies,Houston Astros,2026-09-10T16:59:16.884470+00:00,2026-09-10T21:04:16.239169+00:00,2026-09-10T17:04:16.239169-04:00,2026-09-10T17:04:16.239169-04:00,propline_free_sample
2026-09-10,2026-09-10 17:05:00+00:00,Zack Wheeler,6.5,under,105,hardrock,206550,Philadelphia Phillies,Houston Astros,2026-09-10T16:59:16.884470+00:00,2026-09-10T21:04:16.239169+00:00,2026-09-10T17:04:16.239169-04:00,2026-09-10T17:04:16.239169-04:00,propline_free_sample
2026-09-10,2026-09-10 17:05:00+00:00,Zack Wheeler,7.5,over,195,hardrock,206550,Philadelphia Phillies,Houston Astros,2026-09-10T16:59:16.884470+00:00,2026-09-10T21:04:16.239169+00:00,2026-09-10T17:04:16.239169-04:00,2026-09-10T17:04:16.239169-04:00,propline_free_sample
2026-09-10,2026-09-10 17:05:00+00:00,Zack Wheeler,7.5,under,-325,hardrock,206550,Philadelphia Phillies,Houston Astros,2026-09-10T16:59:16.884470+00:00,2026-09-10T21:04:16.239169+00:00,2026-09-10T17:04:16.239169-04:00,2026-09-10T17:04:16.239169-04:00,propline_free_sample
2026-09-10,2026-09-10 17:05:00+00:00,Zack Wheeler,8.5,over,525,hardrock,206550,Philadelphia Phillies,Houston Astros,2026-09-10T14:49:13.240854+00:00,2026-09-10T21:04:16.239169+00:00,2026-09-10T17:04:16.239169-04:00,2026-09-10T17:04:16.239169-04:00,propline_free_sample
2026-09-10,2026-09-10 17:05:00+00:00,Zack Wheeler,8.5,under,-1500,hardrock,206550,Philadelphia Phillies,Houston Astros,2026-09-10T16:35:50.646982+00:00,2026-09-10T21:04:16.239169+00:00,2026-09-10T17:04:16.239169-04:00,2026-09-10T17:04:16.239169-04:00,propline_free_sample
2026-09-10,2026-09-10 17:05:00+00:00,Zack Wheeler,9.5,over,1750,hardrock,206550,Philadelphia Phillies,Houston Astros,2026-09-10T16:14:12.570089+00:00,2026-09-10T21:04:16.239169+00:00,2026-09-10T17:04:16.239169-04:00,2026-09-10T17:04:16.239169-04:00,propline_free_sample
2026-09-10,2026-09-10 17:05:00+00:00,Zack Wheeler,9.5,under,-10000,hardrock,206550,Philadelphia Phillies,Houston Astros,2026-09-10T16:14:12.570089+00:00,2026-09-10T21:04:16.239169+00:00,2026-09-10T17:04:16.239169-04:00,2026-09-10T17:04:16.239169-04:00,propline_free_sample
2026-09-10,2026-09-10 17:05:00+00:00,Cristian Javier,4.5,under,100,prizepicks,206550,Philadelphia Phillies,Houston Astros,2026-09-10T02:19:10.294960+00:00,2026-09-10T21:04:16.239169+00:00,2026-09-10T17:04:16.239169-04:00,2026-09-10T17:04:16.239169-04:00,propline_free_sample
2026-09-10,2026-09-10 17:05:00+00:00,Cristian Javier,5.5,under,100,prizepicks,206550,Philadelphia Phillies,Houston Astros,2026-09-10T02:19:10.294960+00:00,2026-09-10T21:04:16.239169+00:00,2026-09-10T17:04:16.239169-04:00,2026-09-10T17:04:16.239169-04:00,propline_free_sample
2026-09-10,2026-09-10 17:05:00+00:00,Cristian Javier,7.5,over,100,prizepicks,206550,Philadelphia Phillies,Houston Astros,2026-09-10T02:19:10.294960+00:00,2026-09-10T21:04:16.239169+00:00,2026-09-10T17:04:16.239169-04:00,2026-09-10T17:04:16.239169-04:00,propline_free_sample
2026-09-10,2026-09-10 17:05:00+00:00,Zack Wheeler,7.5,under,100,prizepicks,206550,Philadelphia Phillies,Houston Astros,2026-09-10T02:19:10.294960+00:00,2026-09-10T21:04:16.239169+00:00,2026-09-10T17:04:16.239169-04:00,2026-09-10T17:04:16.239169-04:00,propline_free_sample
2026-09-10,2026-09-10 17:05:00+00:00,Zack Wheeler,8.5,under,100,prizepicks,206550,Philadelphia Phillies,Houston Astros,2026-09-10T02:19:10.294960+00:00,2026-09-10T21:04:16.239169+00:00,2026-09-10T17:04:16.239169-04:00,2026-09-10T17:04:16.239169-04:00,propline_free_sample
2026-09-10,2026-09-10 17:05:00+00:00,Cristian Javier,2.5,under,100,prizepicks,206550,Philadelphia Phillies,Houston Astros,2026-09-10T02:19:10.294960+00:00,2026-09-10T21:04:16.239169+00:00,2026-09-10T17:04:16.239169-04:00,2026-09-10T17:04:16.239169-04:00,propline_free_sample
2026-09-10,2026-09-10 17:05:00+00:00,Zack Wheeler,3.5,over,100,prizepicks,206550,Philadelphia Phillies,Houston Astros,2026-09-10T02:19:10.294960+00:00,2026-09-10T21:04:16.239169+00:00,2026-09-10T17:04:16.239169-04:00,2026-09-10T17:04:16.239169-04:00,propline_free_sample
2026-09-10,2026-09-10 17:05:00+00:00,Zack Wheeler,3.5,under,100,prizepicks,206550,Philadelphia Phillies,Houston Astros,2026-09-10T02:19:10.294960+00:00,2026-09-10T21:04:16.239169+00:00,2026-09-10T17:04:16.239169-04:00,2026-09-10T17:04:16.239169-04:00,propline_free_sample
2026-09-10,2026-09-10 17:05:00+00:00,Zack Wheeler,4.5,under,100,prizepicks,206550,Philadelphia Phillies,Houston Astros,2026-09-10T02:19:10.294960+00:00,2026-09-10T21:04:16.239169+00:00,2026-09-10T17:04:16.239169-04:00,2026-09-10T17:04:16.239169-04:00,propline_free_sample
2026-09-10,2026-09-10 17:05:00+00:00,Zack Wheeler,5.5,under,100,prizepicks,206550,Philadelphia Phillies,Houston Astros,2026-09-10T02:19:10.294960+00:00,2026-09-10T21:04:16.239169+00:00,2026-09-10T17:04:16.239169-04:00,2026-09-10T17:04:16.239169-04:00,propline_free_sample
2026-09-10,2026-09-10 17:05:00+00:00,Zack Wheeler,10.5,over,100,prizepicks,206550,Philadelphia Phillies,Houston Astros,2026-09-10T02:19:10.294960+00:00,2026-09-10T21:04:16.239169+00:00,2026-09-10T17:04:16.239169-04:00,2026-09-10T17:04:16.239169-04:00,propline_free_sample
2026-09-10,2026-09-10 17:05:00+00:00,Cristian Javier,3.5,over,-175,sleeper,206550,Philadelphia Phillies,Houston Astros,2026-09-10T16:44:52.036622+00:00,2026-09-10T21:04:16.239169+00:00,2026-09-10T17:04:16.239169-04:00,2026-09-10T17:04:16.239169-04:00,propline_free_sample
2026-09-10,2026-09-10 17:05:00+00:00,Zack Wheeler,6.5,over,-147,sleeper,206550,Philadelphia Phillies,Houston Astros,2026-09-10T17:02:04.777205+00:00,2026-09-10T21:04:16.239169+00:00,2026-09-10T17:04:16.239169-04:00,2026-09-10T17:04:16.239169-04:00,propline_free_sample
2026-09-10,2026-09-10 17:05:00+00:00,Cristian Javier,3.5,under,105,sleeper,206550,Philadelphia Phillies,Houston Astros,2026-09-10T16:44:52.036622+00:00,2026-09-10T21:04:16.239169+00:00,2026-09-10T17:04:16.239169-04:00,2026-09-10T17:04:16.239169-04:00,propline_free_sample
2026-09-10,2026-09-10 17:05:00+00:00,Zack Wheeler,6.5,under,-112,sleeper,206550,Philadelphia Phillies,Houston Astros,2026-09-10T17:02:04.777205+00:00,2026-09-10T21:04:16.239169+00:00,2026-09-10T17:04:16.239169-04:00,2026-09-10T17:04:16.239169-04:00,propline_free_sample
2026-09-10,2026-09-10 17:05:00+00:00,Cristian Javier,4.5,over,178,prophetx,206550,Philadelphia Phillies,Houston Astros,2026-09-10T14:53:59.640520+00:00,2026-09-10T21:04:16.239169+00:00,2026-09-10T17:04:16.239169-04:00,2026-09-10T17:04:16.239169-04:00,propline_free_sample
2026-09-10,2026-09-10 17:05:00+00:00,Cristian Javier,4.5,under,-194,prophetx,206550,Philadelphia Phillies,Houston Astros,2026-09-10T16:39:49.547475+00:00,2026-09-10T21:04:16.239169+00:00,2026-09-10T17:04:16.239169-04:00,2026-09-10T17:04:16.239169-04:00,propline_free_sample
2026-09-10,2026-09-10 17:05:00+00:00,Cristian Javier,2.5,over,-213,underdog,206550,Philadelphia Phillies,Houston Astros,2026-09-10T16:24:47.936935+00:00,2026-09-10T21:04:16.239169+00:00,2026-09-10T17:04:16.239169-04:00,2026-09-10T17:04:16.239169-04:00,propline_free_sample
2026-09-10,2026-09-10 17:05:00+00:00,Cristian Javier,2.5,under,143,underdog,206550,Philadelphia Phillies,Houston Astros,2026-09-10T16:24:47.936935+00:00,2026-09-10T21:04:16.239169+00:00,2026-09-10T17:04:16.239169-04:00,2026-09-10T17:04:16.239169-04:00,propline_free_sample
2026-09-10,2026-09-10 17:05:00+00:00,Cristian Javier,3.5,over,-119,dabble,206550,Philadelphia Phillies,Houston Astros,2026-09-10T17:00:08.877051+00:00,2026-09-10T21:04:16.239169+00:00,2026-09-10T17:04:16.239169-04:00,2026-09-10T17:04:16.239169-04:00,propline_free_sample
2026-09-10,2026-09-10 17:05:00+00:00,Zack Wheeler,6.5,over,-102,dabble,206550,Philadelphia Phillies,Houston Astros,2026-09-10T17:00:08.877051+00:00,2026-09-10T21:04:16.239169+00:00,2026-09-10T17:04:16.239169-04:00,2026-09-10T17:04:16.239169-04:00,propline_free_sample
2026-09-10,2026-09-10 17:05:00+00:00,Cristian Javier,3.5,under,121,dabble,206550,Philadelphia Phillies,Houston Astros,2026-09-10T17:00:08.877051+00:00,2026-09-10T21:04:16.239169+00:00,2026-09-10T17:04:16.239169-04:00,2026-09-10T17:04:16.239169-04:00,propline_free_sample
2026-09-10,2026-09-10 17:05:00+00:00,Zack Wheeler,6.5,under,103,dabble,206550,Philadelphia Phillies,Houston Astros,2026-09-10T17:00:08.877051+00:00,2026-09-10T21:04:16.239169+00:00,2026-09-10T17:04:16.239169-04:00,2026-09-10T17:04:16.239169-04:00,propline_free_sample
2026-09-10,2026-09-10 17:05:00+00:00,Cristian Javier,4.5,over,124,smarkets,206550,Philadelphia Phillies,Houston Astros,2026-09-10T04:03:27.880572+00:00,2026-09-10T21:04:16.239169+00:00,2026-09-10T17:04:16.239169-04:00,2026-09-10T17:04:16.239169-04:00,propline_free_sample
2026-09-10,2026-09-10 17:05:00+00:00,Cristian Javier,4.5,under,-175,smarkets,206550,Philadelphia Phillies,Houston Astros,2026-09-10T04:03:27.880572+00:00,2026-09-10T21:04:16.239169+00:00,2026-09-10T17:04:16.239169-04:00,2026-09-10T17:04:16.239169-04:00,propline_free_sample
2026-09-10,2026-09-10 17:05:00+00:00,Zack Wheeler,6.5,over,-122,smarkets,206550,Philadelphia Phillies,Houston Astros,2026-09-10T17:00:30.607698+00:00,2026-09-10T21:04:16.239169+00:00,2026-09-10T17:04:16.239169-04:00,2026-09-10T17:04:16.239169-04:00,propline_free_sample
2026-09-10,2026-09-10 17:05:00+00:00,Zack Wheeler,6.5,under,-115,smarkets,206550,Philadelphia Phillies,Houston Astros,2026-09-10T17:00:30.607698+00:00,2026-09-10T21:04:16.239169+00:00,2026-09-10T17:04:16.239169-04:00,2026-09-10T17:04:16.239169-04:00,propline_free_sample
2026-09-10,2026-09-10 17:05:00+00:00,Zack Wheeler,9.5,over,125,underdog,206550,Philadelphia Phillies,Houston Astros,2026-09-10T17:00:09.131575+00:00,2026-09-10T21:04:16.239169+00:00,2026-09-10T17:04:16.239169-04:00,2026-09-10T17:04:16.239169-04:00,propline_free_sample
2026-09-10,2026-09-10 17:05:00+00:00,Zack Wheeler,9.5,under,-186,underdog,206550,Philadelphia Phillies,Houston Astros,2026-09-10T17:00:09.131575+00:00,2026-09-10T21:04:16.239169+00:00,2026-09-10T17:04:16.239169-04:00,2026-09-10T17:04:16.239169-04:00,propline_free_sample
2026-09-10,2026-09-10 17:05:00+00:00,Zack Wheeler,12.5,over,4000,hardrock,206550,Philadelphia Phillies,Houston Astros,2026-09-10T03:27:05.366473+00:00,2026-09-10T21:04:16.239169+00:00,2026-09-10T17:04:16.239169-04:00,2026-09-10T17:04:16.239169-04:00,propline_free_sample
2026-09-10,2026-09-10 17:05:00+00:00,Zack Wheeler,12.5,under,-50000,hardrock,206550,Philadelphia Phillies,Houston Astros,2026-09-10T03:27:05.366473+00:00,2026-09-10T21:04:16.239169+00:00,2026-09-10T17:04:16.239169-04:00,2026-09-10T17:04:16.239169-04:00,propline_free_sample
2026-09-10,2026-09-10 17:05:00+00:00,Cristian Javier,3.5,over,-142,draftkings,206550,Philadelphia Phillies,Houston Astros,2026-09-10T17:04:52.729383+00:00,2026-09-10T21:04:16.239169+00:00,2026-09-10T17:04:16.239169-04:00,2026-09-10T17:04:16.239169-04:00,propline_free_sample
2026-09-10,2026-09-10 17:05:00+00:00,Cristian Javier,3.5,under,111,draftkings,206550,Philadelphia Phillies,Houston Astros,2026-09-10T17:04:52.729383+00:00,2026-09-10T21:04:16.239169+00:00,2026-09-10T17:04:16.239169-04:00,2026-09-10T17:04:16.239169-04:00,propline_free_sample
2026-09-10,2026-09-10 17:05:00+00:00,Zack Wheeler,6.5,over,-148,draftkings,206550,Philadelphia Phillies,Houston Astros,2026-09-10T16:58:24.067469+00:00,2026-09-10T21:04:16.239169+00:00,2026-09-10T17:04:16.239169-04:00,2026-09-10T17:04:16.239169-04:00,propline_free_sample
2026-09-10,2026-09-10 17:05:00+00:00,Zack Wheeler,6.5,under,116,draftkings,206550,Philadelphia Phillies,Houston Astros,2026-09-10T16:58:24.067469+00:00,2026-09-10T21:04:16.239169+00:00,2026-09-10T17:04:16.239169-04:00,2026-09-10T17:04:16.239169-04:00,propline_free_sample
2026-09-10,2026-09-10 17:05:00+00:00,Cristian Javier,1.5,over,-3233,kalshi,206550,Philadelphia Phillies,Houston Astros,2026-09-10T17:00:46.234507+00:00,2026-09-10T21:04:16.239169+00:00,2026-09-10T17:04:16.239169-04:00,2026-09-10T17:04:16.239169-04:00,propline_free_sample
2026-09-10,2026-09-10 17:05:00+00:00,Zack Wheeler,10.5,over,9900,kalshi,206550,Philadelphia Phillies,Houston Astros,2026-09-10T16:09:03.543827+00:00,2026-09-10T21:04:16.239169+00:00,2026-09-10T17:04:16.239169-04:00,2026-09-10T17:04:16.239169-04:00,propline_free_sample
2026-09-10,2026-09-10 17:05:00+00:00,Cristian Javier,2.5,over,-245,kalshi,206550,Philadelphia Phillies,Houston Astros,2026-09-10T14:36:53.669502+00:00,2026-09-10T21:04:16.239169+00:00,2026-09-10T17:04:16.239169-04:00,2026-09-10T17:04:16.239169-04:00,propline_free_sample
2026-09-10,2026-09-10 17:05:00+00:00,Cristian Javier,3.5,over,-2400,kalshi,206550,Philadelphia Phillies,Houston Astros,2026-09-10T16:44:11.692879+00:00,2026-09-10T21:04:16.239169+00:00,2026-09-10T17:04:16.239169-04:00,2026-09-10T17:04:16.239169-04:00,propline_free_sample
2026-09-10,2026-09-10 17:05:00+00:00,Zack Wheeler,3.5,over,-4900,kalshi,206550,Philadelphia Phillies,Houston Astros,2026-09-10T17:01:15.765187+00:00,2026-09-10T21:04:16.239169+00:00,2026-09-10T17:04:16.239169-04:00,2026-09-10T17:04:16.239169-04:00,propline_free_sample
2026-09-10,2026-09-10 17:05:00+00:00,Cristian Javier,4.5,over,127,kalshi,206550,Philadelphia Phillies,Houston Astros,2026-09-10T16:45:26.911604+00:00,2026-09-10T21:04:16.239169+00:00,2026-09-10T17:04:16.239169-04:00,2026-09-10T17:04:16.239169-04:00,propline_free_sample
2026-09-10,2026-09-10 17:05:00+00:00,Zack Wheeler,4.5,over,-2400,kalshi,206550,Philadelphia Phillies,Houston Astros,2026-09-10T16:47:25.080443+00:00,2026-09-10T21:04:16.239169+00:00,2026-09-10T17:04:16.239169-04:00,2026-09-10T17:04:16.239169-04:00,propline_free_sample
2026-09-10,2026-09-10 17:05:00+00:00,Cristian Javier,5.5,over,9900,kalshi,206550,Philadelphia Phillies,Houston Astros,2026-09-10T15:28:06.595946+00:00,2026-09-10T21:04:16.239169+00:00,2026-09-10T17:04:16.239169-04:00,2026-09-10T17:04:16.239169-04:00,propline_free_sample
2026-09-10,2026-09-10 17:05:00+00:00,Zack Wheeler,5.5,over,-2400,kalshi,206550,Philadelphia Phillies,Houston Astros,2026-09-10T16:08:33.078747+00:00,2026-09-10T21:04:16.239169+00:00,2026-09-10T17:04:16.239169-04:00,2026-09-10T17:04:16.239169-04:00,propline_free_sample
2026-09-10,2026-09-10 17:05:00+00:00,Cristian Javier,6.5,over,9900,kalshi,206550,Philadelphia Phillies,Houston Astros,2026-09-10T14:46:30.925731+00:00,2026-09-10T21:04:16.239169+00:00,2026-09-10T17:04:16.239169-04:00,2026-09-10T17:04:16.239169-04:00,propline_free_sample
2026-09-10,2026-09-10 17:05:00+00:00,Zack Wheeler,6.5,over,-186,kalshi,206550,Philadelphia Phillies,Houston Astros,2026-09-10T17:01:15.765187+00:00,2026-09-10T21:04:16.239169+00:00,2026-09-10T17:04:16.239169-04:00,2026-09-10T17:04:16.239169-04:00,propline_free_sample
2026-09-10,2026-09-10 17:05:00+00:00,Cristian Javier,7.5,over,9900,kalshi,206550,Philadelphia Phillies,Houston Astros,2026-09-10T15:08:49.782001+00:00,2026-09-10T21:04:16.239169+00:00,2026-09-10T17:04:16.239169-04:00,2026-09-10T17:04:16.239169-04:00,propline_free_sample
2026-09-10,2026-09-10 17:05:00+00:00,Zack Wheeler,7.5,over,-223,kalshi,206550,Philadelphia Phillies,Houston Astros,2026-09-10T16:40:41.609314+00:00,2026-09-10T21:04:16.239169+00:00,2026-09-10T17:04:16.239169-04:00,2026-09-10T17:04:16.239169-04:00,propline_free_sample
2026-09-10,2026-09-10 17:05:00+00:00,Zack Wheeler,8.5,over,-223,kalshi,206550,Philadelphia Phillies,Houston Astros,2026-09-10T17:00:46.234507+00:00,2026-09-10T21:04:16.239169+00:00,2026-09-10T17:04:16.239169-04:00,2026-09-10T17:04:16.239169-04:00,propline_free_sample
2026-09-10,2026-09-10 17:05:00+00:00,Zack Wheeler,9.5,over,9900,kalshi,206550,Philadelphia Phillies,Houston Astros,2026-09-10T16:07:16.716928+00:00,2026-09-10T21:04:16.239169+00:00,2026-09-10T17:04:16.239169-04:00,2026-09-10T17:04:16.239169-04:00,propline_free_sample
2026-09-10,2026-09-10 17:05:00+00:00,Cristian Javier,1.5,under,9900,kalshi,206550,Philadelphia Phillies,Houston Astros,2026-09-10T17:00:46.234507+00:00,2026-09-10T21:04:16.239169+00:00,2026-09-10T17:04:16.239169-04:00,2026-09-10T17:04:16.239169-04:00,propline_free_sample
2026-09-10,2026-09-10 17:05:00+00:00,Cristian Javier,2.5,under,9900,kalshi,206550,Philadelphia Phillies,Houston Astros,2026-09-10T17:02:02.899784+00:00,2026-09-10T21:04:16.239169+00:00,2026-09-10T17:04:16.239169-04:00,2026-09-10T17:04:16.239169-04:00,propline_free_sample
2026-09-10,2026-09-10 17:05:00+00:00,Cristian Javier,3.5,under,9900,kalshi,206550,Philadelphia Phillies,Houston Astros,2026-09-10T16:44:11.692879+00:00,2026-09-10T21:04:16.239169+00:00,2026-09-10T17:04:16.239169-04:00,2026-09-10T17:04:16.239169-04:00,propline_free_sample
2026-09-10,2026-09-10 17:05:00+00:00,Zack Wheeler,3.5,under,9900,kalshi,206550,Philadelphia Phillies,Houston Astros,2026-09-10T17:01:15.765187+00:00,2026-09-10T21:04:16.239169+00:00,2026-09-10T17:04:16.239169-04:00,2026-09-10T17:04:16.239169-04:00,propline_free_sample
2026-09-10,2026-09-10 17:05:00+00:00,Cristian Javier,4.5,under,9900,kalshi,206550,Philadelphia Phillies,Houston Astros,2026-09-10T14:39:32.603327+00:00,2026-09-10T21:04:16.239169+00:00,2026-09-10T17:04:16.239169-04:00,2026-09-10T17:04:16.239169-04:00,propline_free_sample
2026-09-10,2026-09-10 17:05:00+00:00,Zack Wheeler,4.5,under,9900,kalshi,206550,Philadelphia Phillies,Houston Astros,2026-09-10T17:02:02.899784+00:00,2026-09-10T21:04:16.239169+00:00,2026-09-10T17:04:16.239169-04:00,2026-09-10T17:04:16.239169-04:00,propline_free_sample
2026-09-10,2026-09-10 17:05:00+00:00,Cristian Javier,5.5,under,-9900,kalshi,206550,Philadelphia Phillies,Houston Astros,2026-09-10T14:50:59.013443+00:00,2026-09-10T21:04:16.239169+00:00,2026-09-10T17:04:16.239169-04:00,2026-09-10T17:04:16.239169-04:00,propline_free_sample
2026-09-10,2026-09-10 17:05:00+00:00,Zack Wheeler,5.5,under,9900,kalshi,206550,Philadelphia Phillies,Houston Astros,2026-09-10T17:01:15.765187+00:00,2026-09-10T21:04:16.239169+00:00,2026-09-10T17:04:16.239169-04:00,2026-09-10T17:04:16.239169-04:00,propline_free_sample
2026-09-10,2026-09-10 17:05:00+00:00,Cristian Javier,6.5,under,-9900,kalshi,206550,Philadelphia Phillies,Houston Astros,2026-09-10T15:06:55.272686+00:00,2026-09-10T21:04:16.239169+00:00,2026-09-10T17:04:16.239169-04:00,2026-09-10T17:04:16.239169-04:00,propline_free_sample
2026-09-10,2026-09-10 17:05:00+00:00,Zack Wheeler,6.5,under,9900,kalshi,206550,Philadelphia Phillies,Houston Astros,2026-09-10T17:01:15.765187+00:00,2026-09-10T21:04:16.239169+00:00,2026-09-10T17:04:16.239169-04:00,2026-09-10T17:04:16.239169-04:00,propline_free_sample
2026-09-10,2026-09-10 17:05:00+00:00,Zack Wheeler,7.5,under,9900,kalshi,206550,Philadelphia Phillies,Houston Astros,2026-09-10T17:01:15.765187+00:00,2026-09-10T21:04:16.239169+00:00,2026-09-10T17:04:16.239169-04:00,2026-09-10T17:04:16.239169-04:00,propline_free_sample
2026-09-10,2026-09-10 17:05:00+00:00,Zack Wheeler,8.5,under,9900,kalshi,206550,Philadelphia Phillies,Houston Astros,2026-09-10T17:01:15.765187+00:00,2026-09-10T21:04:16.239169+00:00,2026-09-10T17:04:16.239169-04:00,2026-09-10T17:04:16.239169-04:00,propline_free_sample
2026-09-10,2026-09-10 17:05:00+00:00,Zack Wheeler,9.5,under,-9900,kalshi,206550,Philadelphia Phillies,Houston Astros,2026-09-10T17:02:52.604535+00:00,2026-09-10T21:04:16.239169+00:00,2026-09-10T17:04:16.239169-04:00,2026-09-10T17:04:16.239169-04:00,propline_free_sample
2026-09-10,2026-09-10 17:05:00+00:00,Cristian Javier,3.5,over,-153,rebet,206550,Philadelphia Phillies,Houston Astros,2026-09-10T16:28:15.901522+00:00,2026-09-10T21:04:16.239169+00:00,2026-09-10T17:04:16.239169-04:00,2026-09-10T17:04:16.239169-04:00,propline_free_sample
2026-09-10,2026-09-10 17:05:00+00:00,Cristian Javier,3.5,under,111,rebet,206550,Philadelphia Phillies,Houston Astros,2026-09-10T16:28:15.901522+00:00,2026-09-10T21:04:16.239169+00:00,2026-09-10T17:04:16.239169-04:00,2026-09-10T17:04:16.239169-04:00,propline_free_sample
2026-09-10,2026-09-10 17:05:00+00:00,Zack Wheeler,6.5,over,-136,rebet,206550,Philadelphia Phillies,Houston Astros,2026-09-10T16:58:53.550602+00:00,2026-09-10T21:04:16.239169+00:00,2026-09-10T17:04:16.239169-04:00,2026-09-10T17:04:16.239169-04:00,propline_free_sample
2026-09-10,2026-09-10 17:05:00+00:00,Zack Wheeler,6.5,under,-101,rebet,206550,Philadelphia Phillies,Houston Astros,2026-09-10T16:58:53.550602+00:00,2026-09-10T21:04:16.239169+00:00,2026-09-10T17:04:16.239169-04:00,2026-09-10T17:04:16.239169-04:00,propline_free_sample
2026-09-10,2026-09-10 17:05:00+00:00,Cristian Javier,3.5,over,-141,smarkets,206550,Philadelphia Phillies,Houston Astros,2026-09-10T17:00:30.607698+00:00,2026-09-10T21:04:16.239169+00:00,2026-09-10T17:04:16.239169-04:00,2026-09-10T17:04:16.239169-04:00,propline_free_sample
2026-09-10,2026-09-10 17:05:00+00:00,Cristian Javier,3.5,under,100,smarkets,206550,Philadelphia Phillies,Houston Astros,2026-09-10T17:00:30.607698+00:00,2026-09-10T21:04:16.239169+00:00,2026-09-10T17:04:16.239169-04:00,2026-09-10T17:04:16.239169-04:00,propline_free_sample
2026-09-10,2026-09-10 17:05:00+00:00,Cristian Javier,8.5,over,100,prizepicks,206550,Philadelphia Phillies,Houston Astros,2026-09-10T04:05:06.905875+00:00,2026-09-10T21:04:16.239169+00:00,2026-09-10T17:04:16.239169-04:00,2026-09-10T17:04:16.239169-04:00,propline_free_sample
2026-09-10,2026-09-10 17:05:00+00:00,Cristian Javier,3.5,over,-165,onexbet,206550,Philadelphia Phillies,Houston Astros,2026-09-10T14:55:04.216608+00:00,2026-09-10T21:04:16.239169+00:00,2026-09-10T17:04:16.239169-04:00,2026-09-10T17:04:16.239169-04:00,propline_free_sample
2026-09-10,2026-09-10 17:05:00+00:00,Zach Wheeler,6.5,over,-110,onexbet,206550,Philadelphia Phillies,Houston Astros,2026-09-10T16:02:10.497155+00:00,2026-09-10T21:04:16.239169+00:00,2026-09-10T17:04:16.239169-04:00,2026-09-10T17:04:16.239169-04:00,propline_free_sample
2026-09-10,2026-09-10 17:05:00+00:00,Cristian Javier,3.5,under,125,onexbet,206550,Philadelphia Phillies,Houston Astros,2026-09-10T14:55:04.216608+00:00,2026-09-10T21:04:16.239169+00:00,2026-09-10T17:04:16.239169-04:00,2026-09-10T17:04:16.239169-04:00,propline_free_sample
2026-09-10,2026-09-10 17:05:00+00:00,Zach Wheeler,6.5,under,-120,onexbet,206550,Philadelphia Phillies,Houston Astros,2026-09-10T16:02:10.497155+00:00,2026-09-10T21:04:16.239169+00:00,2026-09-10T17:04:16.239169-04:00,2026-09-10T17:04:16.239169-04:00,propline_free_sample
2026-09-10,2026-09-10 17:05:00+00:00,Zack Wheeler,5.5,over,-239,novig,206550,Philadelphia Phillies,Houston Astros,2026-09-10T16:54:08.319597+00:00,2026-09-10T21:04:16.239169+00:00,2026-09-10T17:04:16.239169-04:00,2026-09-10T17:04:16.239169-04:00,propline_free_sample
2026-09-10,2026-09-10 17:05:00+00:00,Zack Wheeler,5.5,under,217,novig,206550,Philadelphia Phillies,Houston Astros,2026-09-10T16:43:33.434978+00:00,2026-09-10T21:04:16.239169+00:00,2026-09-10T17:04:16.239169-04:00,2026-09-10T17:04:16.239169-04:00,propline_free_sample
2026-09-10,2026-09-10 17:05:00+00:00,Cristian Javier,3.5,over,-159,pinnacle,206550,Philadelphia Phillies,Houston Astros,2026-09-10T16:33:04.537801+00:00,2026-09-10T21:04:16.239169+00:00,2026-09-10T17:04:16.239169-04:00,2026-09-10T17:04:16.239169-04:00,propline_free_sample
2026-09-10,2026-09-10 17:05:00+00:00,Cristian Javier,3.5,under,120,pinnacle,206550,Philadelphia Phillies,Houston Astros,2026-09-10T16:33:04.537801+00:00,2026-09-10T21:04:16.239169+00:00,2026-09-10T17:04:16.239169-04:00,2026-09-10T17:04:16.239169-04:00,propline_free_sample
2026-09-10,2026-09-10 17:05:00+00:00,Zack Wheeler,6.5,over,-130,pinnacle,206550,Philadelphia Phillies,Houston Astros,2026-09-10T16:48:26.043451+00:00,2026-09-10T21:04:16.239169+00:00,2026-09-10T17:04:16.239169-04:00,2026-09-10T17:04:16.239169-04:00,propline_free_sample
2026-09-10,2026-09-10 17:05:00+00:00,Zack Wheeler,6.5,under,-102,pinnacle,206550,Philadelphia Phillies,Houston Astros,2026-09-10T16:48:26.043451+00:00,2026-09-10T21:04:16.239169+00:00,2026-09-10T17:04:16.239169-04:00,2026-09-10T17:04:16.239169-04:00,propline_free_sample
2026-09-10,2026-09-10 17:05:00+00:00,Zack Wheeler,7.5,over,133,novig,206550,Philadelphia Phillies,Houston Astros,2026-09-10T17:04:36.693537+00:00,2026-09-10T21:04:16.239169+00:00,2026-09-10T17:04:16.239169-04:00,2026-09-10T17:04:16.239169-04:00,propline_free_sample
2026-09-10,2026-09-10 17:05:00+00:00,Zack Wheeler,7.5,under,-233,novig,206550,Philadelphia Phillies,Houston Astros,2026-09-10T14:08:23.964001+00:00,2026-09-10T21:04:16.239169+00:00,2026-09-10T17:04:16.239169-04:00,2026-09-10T17:04:16.239169-04:00,propline_free_sample
2026-09-10,2026-09-10 17:05:00+00:00,Zack Wheeler,10.5,under,-9900,kalshi,206550,Philadelphia Phillies,Houston Astros,2026-09-10T17:02:02.899784+00:00,2026-09-10T21:04:16.239169+00:00,2026-09-10T17:04:16.239169-04:00,2026-09-10T17:04:16.239169-04:00,propline_free_sample
2026-09-10,2026-09-10 17:05:00+00:00,Cristian Javier,2.5,over,-145,betmgm,206550,Philadelphia Phillies,Houston Astros,2026-09-10T14:29:03.350066+00:00,2026-09-10T21:04:16.239169+00:00,2026-09-10T17:04:16.239169-04:00,2026-09-10T17:04:16.239169-04:00,propline_free_sample
2026-09-10,2026-09-10 17:05:00+00:00,Cristian Javier,2.5,under,105,betmgm,206550,Philadelphia Phillies,Houston Astros,2026-09-10T14:29:03.350066+00:00,2026-09-10T21:04:16.239169+00:00,2026-09-10T17:04:16.239169-04:00,2026-09-10T17:04:16.239169-04:00,propline_free_sample
2026-09-10,2026-09-10 17:05:00+00:00,Zack Wheeler,7.5,over,-125,betmgm,206550,Philadelphia Phillies,Houston Astros,2026-09-10T16:13:50.690662+00:00,2026-09-10T21:04:16.239169+00:00,2026-09-10T17:04:16.239169-04:00,2026-09-10T17:04:16.239169-04:00,propline_free_sample
2026-09-10,2026-09-10 17:05:00+00:00,Zack Wheeler,7.5,under,-105,betmgm,206550,Philadelphia Phillies,Houston Astros,2026-09-10T16:13:50.690662+00:00,2026-09-10T21:04:16.239169+00:00,2026-09-10T17:04:16.239169-04:00,2026-09-10T17:04:16.239169-04:00,propline_free_sample
2026-09-10,2026-09-10 17:05:00+00:00,Zack Wheeler,4.5,over,-488,novig,206550,Philadelphia Phillies,Houston Astros,2026-09-10T16:50:25.251209+00:00,2026-09-10T21:04:16.239169+00:00,2026-09-10T17:04:16.239169-04:00,2026-09-10T17:04:16.239169-04:00,propline_free_sample
2026-09-10,2026-09-10 17:05:00+00:00,Zack Wheeler,4.5,under,413,novig,206550,Philadelphia Phillies,Houston Astros,2026-09-10T14:34:24.377294+00:00,2026-09-10T21:04:16.239169+00:00,2026-09-10T17:04:16.239169-04:00,2026-09-10T17:04:16.239169-04:00,propline_free_sample
2026-09-10,2026-09-10 17:05:00+00:00,Zack Wheeler,6.5,over,100,prizepicks,206550,Philadelphia Phillies,Houston Astros,2026-09-10T10:20:52.882511+00:00,2026-09-10T21:04:16.239169+00:00,2026-09-10T17:04:16.239169-04:00,2026-09-10T17:04:16.239169-04:00,propline_free_sample
2026-09-10,2026-09-10 17:05:00+00:00,Zack Wheeler,6.5,under,100,prizepicks,206550,Philadelphia Phillies,Houston Astros,2026-09-10T10:20:52.882511+00:00,2026-09-10T21:04:16.239169+00:00,2026-09-10T17:04:16.239169-04:00,2026-09-10T17:04:16.239169-04:00,propline_free_sample
2026-09-10,2026-09-10 17:05:00+00:00,Zack Wheeler,9.5,over,100,prizepicks,206550,Philadelphia Phillies,Houston Astros,2026-09-10T10:20:52.882511+00:00,2026-09-10T21:04:16.239169+00:00,2026-09-10T17:04:16.239169-04:00,2026-09-10T17:04:16.239169-04:00,propline_free_sample
2026-09-10,2026-09-10 17:05:00+00:00,Cristian Javier,4.0,over,100,prizepicks,206550,Philadelphia Phillies,Houston Astros,2026-09-10T11:11:06.301853+00:00,2026-09-10T21:04:16.239169+00:00,2026-09-10T17:04:16.239169-04:00,2026-09-10T17:04:16.239169-04:00,propline_free_sample
2026-09-10,2026-09-10 17:05:00+00:00,Cristian Javier,4.0,under,100,prizepicks,206550,Philadelphia Phillies,Houston Astros,2026-09-10T11:11:06.301853+00:00,2026-09-10T21:04:16.239169+00:00,2026-09-10T17:04:16.239169-04:00,2026-09-10T17:04:16.239169-04:00,propline_free_sample
2026-09-10,2026-09-10 17:05:00+00:00,Cristian Javier (HOU),3.5,over,-165,lowvig,206550,Philadelphia Phillies,Houston Astros,2026-09-10T11:22:21.188085+00:00,2026-09-10T21:04:16.239169+00:00,2026-09-10T17:04:16.239169-04:00,2026-09-10T17:04:16.239169-04:00,propline_free_sample
2026-09-10,2026-09-10 17:05:00+00:00,Cristian Javier (HOU),3.5,under,125,lowvig,206550,Philadelphia Phillies,Houston Astros,2026-09-10T11:22:21.188085+00:00,2026-09-10T21:04:16.239169+00:00,2026-09-10T17:04:16.239169-04:00,2026-09-10T17:04:16.239169-04:00,propline_free_sample
2026-09-10,2026-09-10 17:05:00+00:00,Zack Wheeler (PHI),6.5,over,-130,lowvig,206550,Philadelphia Phillies,Houston Astros,2026-09-10T15:43:57.602021+00:00,2026-09-10T21:04:16.239169+00:00,2026-09-10T17:04:16.239169-04:00,2026-09-10T17:04:16.239169-04:00,propline_free_sample
2026-09-10,2026-09-10 17:05:00+00:00,Zack Wheeler (PHI),6.5,under,-110,lowvig,206550,Philadelphia Phillies,Houston Astros,2026-09-10T15:43:57.602021+00:00,2026-09-10T21:04:16.239169+00:00,2026-09-10T17:04:16.239169-04:00,2026-09-10T17:04:16.239169-04:00,propline_free_sample
2026-09-10,2026-09-10 17:05:00+00:00,Cristian Javier (HOU),3.5,over,-165,betonlineag,206550,Philadelphia Phillies,Houston Astros,2026-09-10T11:22:21.362337+00:00,2026-09-10T21:04:16.239169+00:00,2026-09-10T17:04:16.239169-04:00,2026-09-10T17:04:16.239169-04:00,propline_free_sample
2026-09-10,2026-09-10 17:05:00+00:00,Cristian Javier (HOU),3.5,under,125,betonlineag,206550,Philadelphia Phillies,Houston Astros,2026-09-10T11:22:21.362337+00:00,2026-09-10T21:04:16.239169+00:00,2026-09-10T17:04:16.239169-04:00,2026-09-10T17:04:16.239169-04:00,propline_free_sample
2026-09-10,2026-09-10 17:05:00+00:00,Zack Wheeler (PHI),6.5,over,-130,betonlineag,206550,Philadelphia Phillies,Houston Astros,2026-09-10T15:43:54.771218+00:00,2026-09-10T21:04:16.239169+00:00,2026-09-10T17:04:16.239169-04:00,2026-09-10T17:04:16.239169-04:00,propline_free_sample
2026-09-10,2026-09-10 17:05:00+00:00,Zack Wheeler (PHI),6.5,under,-110,betonlineag,206550,Philadelphia Phillies,Houston Astros,2026-09-10T15:43:54.771218+00:00,2026-09-10T21:04:16.239169+00:00,2026-09-10T17:04:16.239169-04:00,2026-09-10T17:04:16.239169-04:00,propline_free_sample
2026-09-10,2026-09-10 17:05:00+00:00,Cristian Javier,2.5,over,-413,novig,206550,Philadelphia Phillies,Houston Astros,2026-09-10T17:04:36.693537+00:00,2026-09-10T21:04:16.239169+00:00,2026-09-10T17:04:16.239169-04:00,2026-09-10T17:04:16.239169-04:00,propline_free_sample
2026-09-10,2026-09-10 17:05:00+00:00,Cristian Javier,2.5,under,292,novig,206550,Philadelphia Phillies,Houston Astros,2026-09-10T15:03:06.088124+00:00,2026-09-10T21:04:16.239169+00:00,2026-09-10T17:04:16.239169-04:00,2026-09-10T17:04:16.239169-04:00,propline_free_sample
2026-09-10,2026-09-10 17:05:00+00:00,Cristian Javier,4.5,over,153,novig,206550,Philadelphia Phillies,Houston Astros,2026-09-10T17:03:39.046658+00:00,2026-09-10T21:04:16.239169+00:00,2026-09-10T17:04:16.239169-04:00,2026-09-10T17:04:16.239169-04:00,propline_free_sample
2026-09-10,2026-09-10 17:05:00+00:00,Cristian Javier,4.5,under,-186,novig,206550,Philadelphia Phillies,Houston Astros,2026-09-10T14:51:57.506168+00:00,2026-09-10T21:04:16.239169+00:00,2026-09-10T17:04:16.239169-04:00,2026-09-10T17:04:16.239169-04:00,propline_free_sample
2026-09-10,2026-09-10 17:05:00+00:00,Cristian Javier,5.5,over,317,novig,206550,Philadelphia Phillies,Houston Astros,2026-09-10T17:00:44.651988+00:00,2026-09-10T21:04:16.239169+00:00,2026-09-10T17:04:16.239169-04:00,2026-09-10T17:04:16.239169-04:00,propline_free_sample
2026-09-10,2026-09-10 17:05:00+00:00,Cristian Javier,5.5,under,-456,novig,206550,Philadelphia Phillies,Houston Astros,2026-09-10T14:40:22.841799+00:00,2026-09-10T21:04:16.239169+00:00,2026-09-10T17:04:16.239169-04:00,2026-09-10T17:04:16.239169-04:00,propline_free_sample
2026-09-10,2026-09-10 17:05:00+00:00,Cristian Javier,7.5,under,-2400,kalshi,206550,Philadelphia Phillies,Houston Astros,2026-09-10T15:37:46.649200+00:00,2026-09-10T21:04:16.239169+00:00,2026-09-10T17:04:16.239169-04:00,2026-09-10T17:04:16.239169-04:00,propline_free_sample
2026-09-10,2026-09-10 17:05:00+00:00,Zack Wheeler,6.5,over,100,prizepicks,206550,Philadelphia Phillies,Houston Astros,,2026-09-10T21:04:16.239169+00:00,2026-09-10T17:04:16.239169-04:00,2026-09-10T17:04:16.239169-04:00,propline_free_sample
2026-09-10,2026-09-10 17:05:00+00:00,Zack Wheeler,6.5,under,100,prizepicks,206550,Philadelphia Phillies,Houston Astros,,2026-09-10T21:04:16.239169+00:00,2026-09-10T17:04:16.239169-04:00,2026-09-10T17:04:16.239169-04:00,propline_free_sample
2026-09-10,2026-09-10 16:15:00+00:00,Martin Perez,2.5,over,-170,fanduel,206512,Atlanta Braves,Tampa Bay Rays,2026-09-10T16:09:06.782537+00:00,2026-09-10T21:04:16.239169+00:00,2026-09-10T17:04:16.239169-04:00,2026-09-10T17:04:16.239169-04:00,propline_free_sample
2026-09-10,2026-09-10 16:15:00+00:00,Martin Perez,2.5,under,132,fanduel,206512,Atlanta Braves,Tampa Bay Rays,2026-09-10T16:09:06.782537+00:00,2026-09-10T21:04:16.239169+00:00,2026-09-10T17:04:16.239169-04:00,2026-09-10T17:04:16.239169-04:00,propline_free_sample
2026-09-10,2026-09-10 16:15:00+00:00,Nick Martinez,3.5,over,110,fanduel,206512,Atlanta Braves,Tampa Bay Rays,2026-09-10T16:10:12.271920+00:00,2026-09-10T21:04:16.239169+00:00,2026-09-10T17:04:16.239169-04:00,2026-09-10T17:04:16.239169-04:00,propline_free_sample
2026-09-10,2026-09-10 16:15:00+00:00,Nick Martinez,3.5,under,-140,fanduel,206512,Atlanta Braves,Tampa Bay Rays,2026-09-10T16:10:12.271920+00:00,2026-09-10T21:04:16.239169+00:00,2026-09-10T17:04:16.239169-04:00,2026-09-10T17:04:16.239169-04:00,propline_free_sample
2026-09-10,2026-09-10 16:15:00+00:00,Martín Pérez,3.5,over,200,prophetx,206512,Atlanta Braves,Tampa Bay Rays,2026-09-10T15:59:52.869427+00:00,2026-09-10T21:04:16.239169+00:00,2026-09-10T17:04:16.239169-04:00,2026-09-10T17:04:16.239169-04:00,propline_free_sample
2026-09-10,2026-09-10 16:15:00+00:00,Martín Pérez,3.5,under,-220,prophetx,206512,Atlanta Braves,Tampa Bay Rays,2026-09-10T16:06:22.021182+00:00,2026-09-10T21:04:16.239169+00:00,2026-09-10T17:04:16.239169-04:00,2026-09-10T17:04:16.239169-04:00,propline_free_sample
2026-09-10,2026-09-10 16:15:00+00:00,Nick Martinez,3.5,over,134,prophetx,206512,Atlanta Braves,Tampa Bay Rays,2026-09-10T16:09:39.976362+00:00,2026-09-10T21:04:16.239169+00:00,2026-09-10T17:04:16.239169-04:00,2026-09-10T17:04:16.239169-04:00,propline_free_sample
2026-09-10,2026-09-10 16:15:00+00:00,Nick Martinez,3.5,under,-142,prophetx,206512,Atlanta Braves,Tampa Bay Rays,2026-09-10T16:08:37.696996+00:00,2026-09-10T21:04:16.239169+00:00,2026-09-10T17:04:16.239169-04:00,2026-09-10T17:04:16.239169-04:00,propline_free_sample
2026-09-10,2026-09-10 16:15:00+00:00,Nick Martinez,3.5,over,100,prizepicks,206512,Atlanta Braves,Tampa Bay Rays,2026-09-10T00:23:03.738708+00:00,2026-09-10T21:04:16.239169+00:00,2026-09-10T17:04:16.239169-04:00,2026-09-10T17:04:16.239169-04:00,propline_free_sample
2026-09-10,2026-09-10 16:15:00+00:00,Nick Martinez,3.5,under,100,prizepicks,206512,Atlanta Braves,Tampa Bay Rays,2026-09-10T00:23:03.738708+00:00,2026-09-10T21:04:16.239169+00:00,2026-09-10T17:04:16.239169-04:00,2026-09-10T17:04:16.239169-04:00,propline_free_sample
2026-09-10,2026-09-10 16:15:00+00:00,Martín Pérez,3.5,over,100,prizepicks,206512,Atlanta Braves,Tampa Bay Rays,2026-09-10T00:23:03.738708+00:00,2026-09-10T21:04:16.239169+00:00,2026-09-10T17:04:16.239169-04:00,2026-09-10T17:04:16.239169-04:00,propline_free_sample
2026-09-10,2026-09-10 16:15:00+00:00,Martín Pérez,3.5,under,100,prizepicks,206512,Atlanta Braves,Tampa Bay Rays,2026-09-10T00:23:03.738708+00:00,2026-09-10T21:04:16.239169+00:00,2026-09-10T17:04:16.239169-04:00,2026-09-10T17:04:16.239169-04:00,propline_free_sample
2026-09-10,2026-09-10 16:15:00+00:00,Martín Pérez,4.5,over,100,prizepicks,206512,Atlanta Braves,Tampa Bay Rays,2026-09-10T00:23:03.738708+00:00,2026-09-10T21:04:16.239169+00:00,2026-09-10T17:04:16.239169-04:00,2026-09-10T17:04:16.239169-04:00,propline_free_sample
2026-09-10,2026-09-10 16:15:00+00:00,Nick Martinez,4.5,over,100,prizepicks,206512,Atlanta Braves,Tampa Bay Rays,2026-09-10T00:23:03.738708+00:00,2026-09-10T21:04:16.239169+00:00,2026-09-10T17:04:16.239169-04:00,2026-09-10T17:04:16.239169-04:00,propline_free_sample
2026-09-10,2026-09-10 16:15:00+00:00,Martín Pérez,5.5,over,100,prizepicks,206512,Atlanta Braves,Tampa Bay Rays,2026-09-10T00:23:03.738708+00:00,2026-09-10T21:04:16.239169+00:00,2026-09-10T17:04:16.239169-04:00,2026-09-10T17:04:16.239169-04:00,propline_free_sample
2026-09-10,2026-09-10 16:15:00+00:00,Nick Martinez,5.5,over,100,prizepicks,206512,Atlanta Braves,Tampa Bay Rays,2026-09-10T00:23:03.738708+00:00,2026-09-10T21:04:16.239169+00:00,2026-09-10T17:04:16.239169-04:00,2026-09-10T17:04:16.239169-04:00,propline_free_sample
2026-09-10,2026-09-10 16:15:00+00:00,Martín Pérez,2.5,over,100,prizepicks,206512,Atlanta Braves,Tampa Bay Rays,2026-09-10T00:23:03.738708+00:00,2026-09-10T21:04:16.239169+00:00,2026-09-10T17:04:16.239169-04:00,2026-09-10T17:04:16.239169-04:00,propline_free_sample
2026-09-10,2026-09-10 16:15:00+00:00,Nick Martinez,2.5,over,100,prizepicks,206512,Atlanta Braves,Tampa Bay Rays,2026-09-10T00:23:03.738708+00:00,2026-09-10T21:04:16.239169+00:00,2026-09-10T17:04:16.239169-04:00,2026-09-10T17:04:16.239169-04:00,propline_free_sample
2026-09-10,2026-09-10 16:15:00+00:00,Nick Martinez,0.5,over,-7000,hardrock,206512,Atlanta Braves,Tampa Bay Rays,2026-09-10T12:01:46.196988+00:00,2026-09-10T21:04:16.239169+00:00,2026-09-10T17:04:16.239169-04:00,2026-09-10T17:04:16.239169-04:00,propline_free_sample
2026-09-10,2026-09-10 16:15:00+00:00,Nick Martinez,0.5,under,1600,hardrock,206512,Atlanta Braves,Tampa Bay Rays,2026-09-10T13:00:13.643766+00:00,2026-09-10T21:04:16.239169+00:00,2026-09-10T17:04:16.239169-04:00,2026-09-10T17:04:16.239169-04:00,propline_free_sample
2026-09-10,2026-09-10 16:15:00+00:00,Nick Martinez,1.5,over,-4000,hardrock,206512,Atlanta Braves,Tampa Bay Rays,2026-09-10T16:09:48.549161+00:00,2026-09-10T21:04:16.239169+00:00,2026-09-10T17:04:16.239169-04:00,2026-09-10T17:04:16.239169-04:00,propline_free_sample
2026-09-10,2026-09-10 16:15:00+00:00,Nick Martinez,1.5,under,1000,hardrock,206512,Atlanta Braves,Tampa Bay Rays,2026-09-10T13:00:13.643766+00:00,2026-09-10T21:04:16.239169+00:00,2026-09-10T17:04:16.239169-04:00,2026-09-10T17:04:16.239169-04:00,propline_free_sample
2026-09-10,2026-09-10 16:15:00+00:00,Nick Martinez,2.5,over,-650,hardrock,206512,Atlanta Braves,Tampa Bay Rays,2026-09-10T16:09:48.549161+00:00,2026-09-10T21:04:16.239169+00:00,2026-09-10T17:04:16.239169-04:00,2026-09-10T17:04:16.239169-04:00,propline_free_sample
2026-09-10,2026-09-10 16:15:00+00:00,Nick Martinez,2.5,under,350,hardrock,206512,Atlanta Braves,Tampa Bay Rays,2026-09-10T16:09:48.549161+00:00,2026-09-10T21:04:16.239169+00:00,2026-09-10T17:04:16.239169-04:00,2026-09-10T17:04:16.239169-04:00,propline_free_sample
2026-09-10,2026-09-10 16:15:00+00:00,Nick Martinez,3.5,over,-140,hardrock,206512,Atlanta Braves,Tampa Bay Rays,2026-09-10T16:07:38.862222+00:00,2026-09-10T21:04:16.239169+00:00,2026-09-10T17:04:16.239169-04:00,2026-09-10T17:04:16.239169-04:00,propline_free_sample
2026-09-10,2026-09-10 16:15:00+00:00,Nick Martinez,3.5,under,100,hardrock,206512,Atlanta Braves,Tampa Bay Rays,2026-09-10T16:07:38.862222+00:00,2026-09-10T21:04:16.239169+00:00,2026-09-10T17:04:16.239169-04:00,2026-09-10T17:04:16.239169-04:00,propline_free_sample
2026-09-10,2026-09-10 16:15:00+00:00,Nick Martinez,4.5,over,325,hardrock,206512,Atlanta Braves,Tampa Bay Rays,2026-09-10T16:09:48.549161+00:00,2026-09-10T21:04:16.239169+00:00,2026-09-10T17:04:16.239169-04:00,2026-09-10T17:04:16.239169-04:00,propline_free_sample
2026-09-10,2026-09-10 16:15:00+00:00,Nick Martinez,4.5,under,-600,hardrock,206512,Atlanta Braves,Tampa Bay Rays,2026-09-10T12:01:46.196988+00:00,2026-09-10T21:04:16.239169+00:00,2026-09-10T17:04:16.239169-04:00,2026-09-10T17:04:16.239169-04:00,propline_free_sample
2026-09-10,2026-09-10 16:15:00+00:00,Nick Martinez,5.5,over,1300,hardrock,206512,Atlanta Braves,Tampa Bay Rays,2026-09-10T14:03:32.127008+00:00,2026-09-10T21:04:16.239169+00:00,2026-09-10T17:04:16.239169-04:00,2026-09-10T17:04:16.239169-04:00,propline_free_sample
2026-09-10,2026-09-10 16:15:00+00:00,Nick Martinez,5.5,under,-6000,hardrock,206512,Atlanta Braves,Tampa Bay Rays,2026-09-10T16:09:48.549161+00:00,2026-09-10T21:04:16.239169+00:00,2026-09-10T17:04:16.239169-04:00,2026-09-10T17:04:16.239169-04:00,propline_free_sample
2026-09-10,2026-09-10 16:15:00+00:00,Nick Martinez,6.5,over,2000,hardrock,206512,Atlanta Braves,Tampa Bay Rays,2026-09-10T12:11:17.402199+00:00,2026-09-10T21:04:16.239169+00:00,2026-09-10T17:04:16.239169-04:00,2026-09-10T17:04:16.239169-04:00,propline_free_sample
2026-09-10,2026-09-10 16:15:00+00:00,Nick Martinez,6.5,under,-10000,hardrock,206512,Atlanta Braves,Tampa Bay Rays,2026-09-10T10:45:17.211548+00:00,2026-09-10T21:04:16.239169+00:00,2026-09-10T17:04:16.239169-04:00,2026-09-10T17:04:16.239169-04:00,propline_free_sample
2026-09-10,2026-09-10 16:15:00+00:00,Nick Martinez,7.5,over,4000,hardrock,206512,Atlanta Braves,Tampa Bay Rays,2026-09-10T14:03:32.127008+00:00,2026-09-10T21:04:16.239169+00:00,2026-09-10T17:04:16.239169-04:00,2026-09-10T17:04:16.239169-04:00,propline_free_sample
2026-09-10,2026-09-10 16:15:00+00:00,Nick Martinez,7.5,under,-50000,hardrock,206512,Atlanta Braves,Tampa Bay Rays,2026-09-10T10:12:08.501246+00:00,2026-09-10T21:04:16.239169+00:00,2026-09-10T17:04:16.239169-04:00,2026-09-10T17:04:16.239169-04:00,propline_free_sample
2026-09-10,2026-09-10 16:15:00+00:00,Martin Perez,3.5,over,174,novig,206512,Atlanta Braves,Tampa Bay Rays,2026-09-10T16:13:42.468024+00:00,2026-09-10T21:04:16.239169+00:00,2026-09-10T17:04:16.239169-04:00,2026-09-10T17:04:16.239169-04:00,propline_free_sample
2026-09-10,2026-09-10 16:15:00+00:00,Martin Perez,3.5,under,-208,novig,206512,Atlanta Braves,Tampa Bay Rays,2026-09-10T15:57:39.423423+00:00,2026-09-10T21:04:16.239169+00:00,2026-09-10T17:04:16.239169-04:00,2026-09-10T17:04:16.239169-04:00,propline_free_sample
2026-09-10,2026-09-10 16:15:00+00:00,Nick Martinez,3.5,over,100,prizepicks,206512,Atlanta Braves,Tampa Bay Rays,2026-09-10T00:26:38.793665+00:00,2026-09-10T21:04:16.239169+00:00,2026-09-10T17:04:16.239169-04:00,2026-09-10T17:04:16.239169-04:00,propline_free_sample
2026-09-10,2026-09-10 16:15:00+00:00,Nick Martinez,3.5,under,100,prizepicks,206512,Atlanta Braves,Tampa Bay Rays,2026-09-10T00:26:38.793665+00:00,2026-09-10T21:04:16.239169+00:00,2026-09-10T17:04:16.239169-04:00,2026-09-10T17:04:16.239169-04:00,propline_free_sample
2026-09-10,2026-09-10 16:15:00+00:00,Nick Martinez,4.5,under,100,prizepicks,206512,Atlanta Braves,Tampa Bay Rays,2026-09-10T00:26:38.793665+00:00,2026-09-10T21:04:16.239169+00:00,2026-09-10T17:04:16.239169-04:00,2026-09-10T17:04:16.239169-04:00,propline_free_sample
2026-09-10,2026-09-10 16:15:00+00:00,Nick Martinez,5.5,under,100,prizepicks,206512,Atlanta Braves,Tampa Bay Rays,2026-09-10T00:26:38.793665+00:00,2026-09-10T21:04:16.239169+00:00,2026-09-10T17:04:16.239169-04:00,2026-09-10T17:04:16.239169-04:00,propline_free_sample
2026-09-10,2026-09-10 16:15:00+00:00,Nick Martinez,2.5,under,100,prizepicks,206512,Atlanta Braves,Tampa Bay Rays,2026-09-10T00:26:38.793665+00:00,2026-09-10T21:04:16.239169+00:00,2026-09-10T17:04:16.239169-04:00,2026-09-10T17:04:16.239169-04:00,propline_free_sample
2026-09-10,2026-09-10 16:15:00+00:00,Nick Martinez,6.5,over,100,prizepicks,206512,Atlanta Braves,Tampa Bay Rays,2026-09-10T00:26:38.793665+00:00,2026-09-10T21:04:16.239169+00:00,2026-09-10T17:04:16.239169-04:00,2026-09-10T17:04:16.239169-04:00,propline_free_sample
2026-09-10,2026-09-10 16:15:00+00:00,Nick Martinez,1.5,over,100,prizepicks,206512,Atlanta Braves,Tampa Bay Rays,2026-09-10T00:26:38.793665+00:00,2026-09-10T21:04:16.239169+00:00,2026-09-10T17:04:16.239169-04:00,2026-09-10T17:04:16.239169-04:00,propline_free_sample
2026-09-10,2026-09-10 16:15:00+00:00,Nick Martinez,1.5,under,100,prizepicks,206512,Atlanta Braves,Tampa Bay Rays,2026-09-10T00:26:38.793665+00:00,2026-09-10T21:04:16.239169+00:00,2026-09-10T17:04:16.239169-04:00,2026-09-10T17:04:16.239169-04:00,propline_free_sample
2026-09-10,2026-09-10 16:15:00+00:00,Nick Martinez,3.5,over,108,novig,206512,Atlanta Braves,Tampa Bay Rays,2026-09-10T16:11:52.815405+00:00,2026-09-10T21:04:16.239169+00:00,2026-09-10T17:04:16.239169-04:00,2026-09-10T17:04:16.239169-04:00,propline_free_sample
2026-09-10,2026-09-10 16:15:00+00:00,Nick Martinez,3.5,under,-178,novig,206512,Atlanta Braves,Tampa Bay Rays,2026-09-10T16:09:31.877982+00:00,2026-09-10T21:04:16.239169+00:00,2026-09-10T17:04:16.239169-04:00,2026-09-10T17:04:16.239169-04:00,propline_free_sample
2026-09-10,2026-09-10 16:15:00+00:00,Martín Pérez (ATL),2.5,over,-170,bovada,206512,Atlanta Braves,Tampa Bay Rays,2026-09-10T14:55:36.883721+00:00,2026-09-10T21:04:16.239169+00:00,2026-09-10T17:04:16.239169-04:00,2026-09-10T17:04:16.239169-04:00,propline_free_sample
2026-09-10,2026-09-10 16:15:00+00:00,Martín Pérez (ATL),2.5,under,130,bovada,206512,Atlanta Braves,Tampa Bay Rays,2026-09-10T14:55:36.883721+00:00,2026-09-10T21:04:16.239169+00:00,2026-09-10T17:04:16.239169-04:00,2026-09-10T17:04:16.239169-04:00,propline_free_sample
2026-09-10,2026-09-10 16:15:00+00:00,Nick Martinez (TB),3.5,over,110,bovada,206512,Atlanta Braves,Tampa Bay Rays,2026-09-10T14:24:10.485814+00:00,2026-09-10T21:04:16.239169+00:00,2026-09-10T17:04:16.239169-04:00,2026-09-10T17:04:16.239169-04:00,propline_free_sample
2026-09-10,2026-09-10 16:15:00+00:00,Nick Martinez (TB),3.5,under,-145,bovada,206512,Atlanta Braves,Tampa Bay Rays,2026-09-10T14:24:10.485814+00:00,2026-09-10T21:04:16.239169+00:00,2026-09-10T17:04:16.239169-04:00,2026-09-10T17:04:16.239169-04:00,propline_free_sample
2026-09-10,2026-09-10 16:15:00+00:00,Martin Perez,3.5,over,120,fanatics,206512,Atlanta Braves,Tampa Bay Rays,2026-09-10T16:14:51.743354+00:00,2026-09-10T21:04:16.239169+00:00,2026-09-10T17:04:16.239169-04:00,2026-09-10T17:04:16.239169-04:00,propline_free_sample
2026-09-10,2026-09-10 16:15:00+00:00,Martin Perez,3.5,under,-160,fanatics,206512,Atlanta Braves,Tampa Bay Rays,2026-09-10T16:14:51.743354+00:00,2026-09-10T21:04:16.239169+00:00,2026-09-10T17:04:16.239169-04:00,2026-09-10T17:04:16.239169-04:00,propline_free_sample
2026-09-10,2026-09-10 16:15:00+00:00,Nick Martinez,4.5,over,115,fanatics,206512,Atlanta Braves,Tampa Bay Rays,2026-09-10T16:13:22.070775+00:00,2026-09-10T21:04:16.239169+00:00,2026-09-10T17:04:16.239169-04:00,2026-09-10T17:04:16.239169-04:00,propline_free_sample
2026-09-10,2026-09-10 16:15:00+00:00,Nick Martinez,4.5,under,-155,fanatics,206512,Atlanta Braves,Tampa Bay Rays,2026-09-10T16:13:22.070775+00:00,2026-09-10T21:04:16.239169+00:00,2026-09-10T17:04:16.239169-04:00,2026-09-10T17:04:16.239169-04:00,propline_free_sample
2026-09-10,2026-09-10 16:15:00+00:00,Martin Perez,0.5,over,-1300,hardrock,206512,Atlanta Braves,Tampa Bay Rays,2026-09-10T13:36:13.235743+00:00,2026-09-10T21:04:16.239169+00:00,2026-09-10T17:04:16.239169-04:00,2026-09-10T17:04:16.239169-04:00,propline_free_sample
2026-09-10,2026-09-10 16:15:00+00:00,Martin Perez,0.5,under,500,hardrock,206512,Atlanta Braves,Tampa Bay Rays,2026-09-10T13:54:02.120283+00:00,2026-09-10T21:04:16.239169+00:00,2026-09-10T17:04:16.239169-04:00,2026-09-10T17:04:16.239169-04:00,propline_free_sample
2026-09-10,2026-09-10 16:15:00+00:00,Martin Perez,1.5,over,-195,hardrock,206512,Atlanta Braves,Tampa Bay Rays,2026-09-10T14:43:16.796060+00:00,2026-09-10T21:04:16.239169+00:00,2026-09-10T17:04:16.239169-04:00,2026-09-10T17:04:16.239169-04:00,propline_free_sample
2026-09-10,2026-09-10 16:15:00+00:00,Martin Perez,1.5,under,135,hardrock,206512,Atlanta Braves,Tampa Bay Rays,2026-09-10T14:43:16.796060+00:00,2026-09-10T21:04:16.239169+00:00,2026-09-10T17:04:16.239169-04:00,2026-09-10T17:04:16.239169-04:00,propline_free_sample
2026-09-10,2026-09-10 16:15:00+00:00,Martin Perez,2.5,over,-300,hardrock,206512,Atlanta Braves,Tampa Bay Rays,2026-09-10T14:43:16.796060+00:00,2026-09-10T21:04:16.239169+00:00,2026-09-10T17:04:16.239169-04:00,2026-09-10T17:04:16.239169-04:00,propline_free_sample
2026-09-10,2026-09-10 16:15:00+00:00,Martin Perez,2.5,under,185,hardrock,206512,Atlanta Braves,Tampa Bay Rays,2026-09-10T14:43:16.796060+00:00,2026-09-10T21:04:16.239169+00:00,2026-09-10T17:04:16.239169-04:00,2026-09-10T17:04:16.239169-04:00,propline_free_sample
2026-09-10,2026-09-10 16:15:00+00:00,Martin Perez,3.5,over,180,hardrock,206512,Atlanta Braves,Tampa Bay Rays,2026-09-10T15:41:25.036402+00:00,2026-09-10T21:04:16.239169+00:00,2026-09-10T17:04:16.239169-04:00,2026-09-10T17:04:16.239169-04:00,propline_free_sample
2026-09-10,2026-09-10 16:15:00+00:00,Martin Perez,3.5,under,-260,hardrock,206512,Atlanta Braves,Tampa Bay Rays,2026-09-10T15:41:25.036402+00:00,2026-09-10T21:04:16.239169+00:00,2026-09-10T17:04:16.239169-04:00,2026-09-10T17:04:16.239169-04:00,propline_free_sample
2026-09-10,2026-09-10 16:15:00+00:00,Martin Perez,4.5,over,600,hardrock,206512,Atlanta Braves,Tampa Bay Rays,2026-09-10T14:51:00.525506+00:00,2026-09-10T21:04:16.239169+00:00,2026-09-10T17:04:16.239169-04:00,2026-09-10T17:04:16.239169-04:00,propline_free_sample
2026-09-10,2026-09-10 16:15:00+00:00,Martin Perez,4.5,under,-2200,hardrock,206512,Atlanta Braves,Tampa Bay Rays,2026-09-10T14:43:16.796060+00:00,2026-09-10T21:04:16.239169+00:00,2026-09-10T17:04:16.239169-04:00,2026-09-10T17:04:16.239169-04:00,propline_free_sample
2026-09-10,2026-09-10 16:15:00+00:00,Martin Perez,5.5,over,3000,hardrock,206512,Atlanta Braves,Tampa Bay Rays,2026-09-10T15:03:22.854015+00:00,2026-09-10T21:04:16.239169+00:00,2026-09-10T17:04:16.239169-04:00,2026-09-10T17:04:16.239169-04:00,propline_free_sample
2026-09-10,2026-09-10 16:15:00+00:00,Martin Perez,5.5,under,-20000,hardrock,206512,Atlanta Braves,Tampa Bay Rays,2026-09-10T14:51:00.525506+00:00,2026-09-10T21:04:16.239169+00:00,2026-09-10T17:04:16.239169-04:00,2026-09-10T17:04:16.239169-04:00,propline_free_sample
2026-09-10,2026-09-10 16:15:00+00:00,Martin Perez,6.5,over,3000,hardrock,206512,Atlanta Braves,Tampa Bay Rays,2026-09-10T13:55:11.179868+00:00,2026-09-10T21:04:16.239169+00:00,2026-09-10T17:04:16.239169-04:00,2026-09-10T17:04:16.239169-04:00,propline_free_sample
2026-09-10,2026-09-10 16:15:00+00:00,Martin Perez,6.5,under,-50000,hardrock,206512,Atlanta Braves,Tampa Bay Rays,2026-09-10T15:56:48.878986+00:00,2026-09-10T21:04:16.239169+00:00,2026-09-10T17:04:16.239169-04:00,2026-09-10T17:04:16.239169-04:00,propline_free_sample
2026-09-10,2026-09-10 16:15:00+00:00,Martin Perez,7.5,over,5000,hardrock,206512,Atlanta Braves,Tampa Bay Rays,2026-09-10T12:46:46.799707+00:00,2026-09-10T21:04:16.239169+00:00,2026-09-10T17:04:16.239169-04:00,2026-09-10T17:04:16.239169-04:00,propline_free_sample
2026-09-10,2026-09-10 16:15:00+00:00,Martin Perez,7.5,under,-100000,hardrock,206512,Atlanta Braves,Tampa Bay Rays,2026-09-10T12:46:46.799707+00:00,2026-09-10T21:04:16.239169+00:00,2026-09-10T17:04:16.239169-04:00,2026-09-10T17:04:16.239169-04:00,propline_free_sample
2026-09-10,2026-09-10 16:15:00+00:00,Nick Martinez,3.5,over,-109,sleeper,206512,Atlanta Braves,Tampa Bay Rays,2026-09-10T16:11:22.751159+00:00,2026-09-10T21:04:16.239169+00:00,2026-09-10T17:04:16.239169-04:00,2026-09-10T17:04:16.239169-04:00,propline_free_sample
2026-09-10,2026-09-10 16:15:00+00:00,Nick Martinez,3.5,under,-152,sleeper,206512,Atlanta Braves,Tampa Bay Rays,2026-09-10T16:11:22.751159+00:00,2026-09-10T21:04:16.239169+00:00,2026-09-10T17:04:16.239169-04:00,2026-09-10T17:04:16.239169-04:00,propline_free_sample
2026-09-10,2026-09-10 16:15:00+00:00,Martín Pérez,2.5,over,-185,sleeper,206512,Atlanta Braves,Tampa Bay Rays,2026-09-10T15:44:41.537753+00:00,2026-09-10T21:04:16.239169+00:00,2026-09-10T17:04:16.239169-04:00,2026-09-10T17:04:16.239169-04:00,propline_free_sample
2026-09-10,2026-09-10 16:15:00+00:00,Martín Pérez,2.5,under,109,sleeper,206512,Atlanta Braves,Tampa Bay Rays,2026-09-10T15:44:41.537753+00:00,2026-09-10T21:04:16.239169+00:00,2026-09-10T17:04:16.239169-04:00,2026-09-10T17:04:16.239169-04:00,propline_free_sample
2026-09-10,2026-09-10 16:15:00+00:00,Martín Pérez,2.5,under,100,prizepicks,206512,Atlanta Braves,Tampa Bay Rays,2026-09-10T00:57:58.587061+00:00,2026-09-10T21:04:16.239169+00:00,2026-09-10T17:04:16.239169-04:00,2026-09-10T17:04:16.239169-04:00,propline_free_sample
2026-09-10,2026-09-10 16:15:00+00:00,Martín Pérez,1.5,over,100,prizepicks,206512,Atlanta Braves,Tampa Bay Rays,2026-09-10T00:57:58.587061+00:00,2026-09-10T21:04:16.239169+00:00,2026-09-10T17:04:16.239169-04:00,2026-09-10T17:04:16.239169-04:00,propline_free_sample
2026-09-10,2026-09-10 16:15:00+00:00,Martín Pérez,1.5,under,100,prizepicks,206512,Atlanta Braves,Tampa Bay Rays,2026-09-10T00:57:58.587061+00:00,2026-09-10T21:04:16.239169+00:00,2026-09-10T17:04:16.239169-04:00,2026-09-10T17:04:16.239169-04:00,propline_free_sample
2026-09-10,2026-09-10 16:15:00+00:00,Martin Perez,2.5,over,-156,novig,206512,Atlanta Braves,Tampa Bay Rays,2026-09-10T16:08:12.764513+00:00,2026-09-10T21:04:16.239169+00:00,2026-09-10T17:04:16.239169-04:00,2026-09-10T17:04:16.239169-04:00,propline_free_sample
2026-09-10,2026-09-10 16:15:00+00:00,Martin Perez,2.5,under,127,novig,206512,Atlanta Braves,Tampa Bay Rays,2026-09-10T14:46:44.641552+00:00,2026-09-10T21:04:16.239169+00:00,2026-09-10T17:04:16.239169-04:00,2026-09-10T17:04:16.239169-04:00,propline_free_sample
2026-09-10,2026-09-10 16:15:00+00:00,Martin Perez,4.5,over,365,novig,206512,Atlanta Braves,Tampa Bay Rays,2026-09-10T14:08:23.659740+00:00,2026-09-10T21:04:16.239169+00:00,2026-09-10T17:04:16.239169-04:00,2026-09-10T17:04:16.239169-04:00,propline_free_sample
2026-09-10,2026-09-10 16:15:00+00:00,Martin Perez,4.5,under,-567,novig,206512,Atlanta Braves,Tampa Bay Rays,2026-09-10T15:31:33.766172+00:00,2026-09-10T21:04:16.239169+00:00,2026-09-10T17:04:16.239169-04:00,2026-09-10T17:04:16.239169-04:00,propline_free_sample
2026-09-10,2026-09-10 16:15:00+00:00,Nick Martinez,2.5,over,-264,novig,206512,Atlanta Braves,Tampa Bay Rays,2026-09-10T14:34:24.153648+00:00,2026-09-10T21:04:16.239169+00:00,2026-09-10T17:04:16.239169-04:00,2026-09-10T17:04:16.239169-04:00,propline_free_sample
2026-09-10,2026-09-10 16:15:00+00:00,Nick Martinez,2.5,under,174,novig,206512,Atlanta Braves,Tampa Bay Rays,2026-09-10T14:08:23.659740+00:00,2026-09-10T21:04:16.239169+00:00,2026-09-10T17:04:16.239169-04:00,2026-09-10T17:04:16.239169-04:00,propline_free_sample
2026-09-10,2026-09-10 16:15:00+00:00,Nick Martinez,4.5,over,233,novig,206512,Atlanta Braves,Tampa Bay Rays,2026-09-10T16:08:12.764513+00:00,2026-09-10T21:04:16.239169+00:00,2026-09-10T17:04:16.239169-04:00,2026-09-10T17:04:16.239169-04:00,propline_free_sample
2026-09-10,2026-09-10 16:15:00+00:00,Nick Martinez,4.5,under,-308,novig,206512,Atlanta Braves,Tampa Bay Rays,2026-09-10T14:08:23.659740+00:00,2026-09-10T21:04:16.239169+00:00,2026-09-10T17:04:16.239169-04:00,2026-09-10T17:04:16.239169-04:00,propline_free_sample
2026-09-10,2026-09-10 16:15:00+00:00,Martín Pérez,2.5,over,-166,prophetx,206512,Atlanta Braves,Tampa Bay Rays,2026-09-10T16:13:52.374186+00:00,2026-09-10T21:04:16.239169+00:00,2026-09-10T17:04:16.239169-04:00,2026-09-10T17:04:16.239169-04:00,propline_free_sample
2026-09-10,2026-09-10 16:15:00+00:00,Martín Pérez,2.5,under,127,prophetx,206512,Atlanta Braves,Tampa Bay Rays,2026-09-10T16:13:52.374186+00:00,2026-09-10T21:04:16.239169+00:00,2026-09-10T17:04:16.239169-04:00,2026-09-10T17:04:16.239169-04:00,propline_free_sample
2026-09-10,2026-09-10 16:15:00+00:00,Martín Pérez,2.5,over,130,fanatics,206512,Atlanta Braves,Tampa Bay Rays,2026-09-10T03:31:09.769794+00:00,2026-09-10T21:04:16.239169+00:00,2026-09-10T17:04:16.239169-04:00,2026-09-10T17:04:16.239169-04:00,propline_free_sample
2026-09-10,2026-09-10 16:15:00+00:00,Martín Pérez,2.5,under,-175,fanatics,206512,Atlanta Braves,Tampa Bay Rays,2026-09-10T03:31:09.769794+00:00,2026-09-10T21:04:16.239169+00:00,2026-09-10T17:04:16.239169-04:00,2026-09-10T17:04:16.239169-04:00,propline_free_sample
2026-09-10,2026-09-10 16:15:00+00:00,Martín Pérez,2.5,over,-118,dabble,206512,Atlanta Braves,Tampa Bay Rays,2026-09-10T16:10:18.283688+00:00,2026-09-10T21:04:16.239169+00:00,2026-09-10T17:04:16.239169-04:00,2026-09-10T17:04:16.239169-04:00,propline_free_sample
2026-09-10,2026-09-10 16:15:00+00:00,Nick Martinez,3.5,over,113,dabble,206512,Atlanta Braves,Tampa Bay Rays,2026-09-10T16:10:18.283688+00:00,2026-09-10T21:04:16.239169+00:00,2026-09-10T17:04:16.239169-04:00,2026-09-10T17:04:16.239169-04:00,propline_free_sample
2026-09-10,2026-09-10 16:15:00+00:00,Martín Pérez,2.5,under,119,dabble,206512,Atlanta Braves,Tampa Bay Rays,2026-09-10T16:10:18.283688+00:00,2026-09-10T21:04:16.239169+00:00,2026-09-10T17:04:16.239169-04:00,2026-09-10T17:04:16.239169-04:00,propline_free_sample
2026-09-10,2026-09-10 16:15:00+00:00,Nick Martinez,3.5,under,-111,dabble,206512,Atlanta Braves,Tampa Bay Rays,2026-09-10T16:10:18.283688+00:00,2026-09-10T21:04:16.239169+00:00,2026-09-10T17:04:16.239169-04:00,2026-09-10T17:04:16.239169-04:00,propline_free_sample
2026-09-10,2026-09-10 16:15:00+00:00,Martín Pérez,3.5,over,132,underdog,206512,Atlanta Braves,Tampa Bay Rays,2026-09-10T16:12:59.347407+00:00,2026-09-10T21:04:16.239169+00:00,2026-09-10T17:04:16.239169-04:00,2026-09-10T17:04:16.239169-04:00,propline_free_sample
2026-09-10,2026-09-10 16:15:00+00:00,Nick Martinez,3.5,over,-176,underdog,206512,Atlanta Braves,Tampa Bay Rays,2026-09-10T16:09:13.877734+00:00,2026-09-10T21:04:16.239169+00:00,2026-09-10T17:04:16.239169-04:00,2026-09-10T17:04:16.239169-04:00,propline_free_sample
2026-09-10,2026-09-10 16:15:00+00:00,Martín Pérez,3.5,under,-197,underdog,206512,Atlanta Braves,Tampa Bay Rays,2026-09-10T16:12:59.347407+00:00,2026-09-10T21:04:16.239169+00:00,2026-09-10T17:04:16.239169-04:00,2026-09-10T17:04:16.239169-04:00,propline_free_sample
2026-09-10,2026-09-10 16:15:00+00:00,Nick Martinez,3.5,under,118,underdog,206512,Atlanta Braves,Tampa Bay Rays,2026-09-10T16:09:13.877734+00:00,2026-09-10T21:04:16.239169+00:00,2026-09-10T17:04:16.239169-04:00,2026-09-10T17:04:16.239169-04:00,propline_free_sample
2026-09-10,2026-09-10 16:15:00+00:00,Martín Pérez,3.5,over,126,smarkets,206512,Atlanta Braves,Tampa Bay Rays,2026-09-10T13:33:26.154184+00:00,2026-09-10T21:04:16.239169+00:00,2026-09-10T17:04:16.239169-04:00,2026-09-10T17:04:16.239169-04:00,propline_free_sample
2026-09-10,2026-09-10 16:15:00+00:00,Martín Pérez,3.5,under,-179,smarkets,206512,Atlanta Braves,Tampa Bay Rays,2026-09-10T12:58:24.164099+00:00,2026-09-10T21:04:16.239169+00:00,2026-09-10T17:04:16.239169-04:00,2026-09-10T17:04:16.239169-04:00,propline_free_sample
2026-09-10,2026-09-10 16:15:00+00:00,Nick Martinez,3.5,over,-105,smarkets,206512,Atlanta Braves,Tampa Bay Rays,2026-09-10T16:11:43.290675+00:00,2026-09-10T21:04:16.239169+00:00,2026-09-10T17:04:16.239169-04:00,2026-09-10T17:04:16.239169-04:00,propline_free_sample
2026-09-10,2026-09-10 16:15:00+00:00,Nick Martinez,3.5,under,-132,smarkets,206512,Atlanta Braves,Tampa Bay Rays,2026-09-10T16:11:43.290675+00:00,2026-09-10T21:04:16.239169+00:00,2026-09-10T17:04:16.239169-04:00,2026-09-10T17:04:16.239169-04:00,propline_free_sample
2026-09-10,2026-09-10 16:15:00+00:00,Martín Pérez,4.5,under,100,prizepicks,206512,Atlanta Braves,Tampa Bay Rays,2026-09-10T03:34:52.625585+00:00,2026-09-10T21:04:16.239169+00:00,2026-09-10T17:04:16.239169-04:00,2026-09-10T17:04:16.239169-04:00,propline_free_sample
2026-09-10,2026-09-10 16:15:00+00:00,Martín Pérez,6.5,over,100,prizepicks,206512,Atlanta Braves,Tampa Bay Rays,2026-09-10T03:34:52.625585+00:00,2026-09-10T21:04:16.239169+00:00,2026-09-10T17:04:16.239169-04:00,2026-09-10T17:04:16.239169-04:00,propline_free_sample
2026-09-10,2026-09-10 16:15:00+00:00,Martin Perez,2.5,over,-175,draftkings,206512,Atlanta Braves,Tampa Bay Rays,2026-09-10T16:07:05.195310+00:00,2026-09-10T21:04:16.239169+00:00,2026-09-10T17:04:16.239169-04:00,2026-09-10T17:04:16.239169-04:00,propline_free_sample
2026-09-10,2026-09-10 16:15:00+00:00,Martin Perez,2.5,under,136,draftkings,206512,Atlanta Braves,Tampa Bay Rays,2026-09-10T16:07:05.195310+00:00,2026-09-10T21:04:16.239169+00:00,2026-09-10T17:04:16.239169-04:00,2026-09-10T17:04:16.239169-04:00,propline_free_sample
2026-09-10,2026-09-10 16:15:00+00:00,Nick Martinez,3.5,over,103,draftkings,206512,Atlanta Braves,Tampa Bay Rays,2026-09-10T16:07:05.195310+00:00,2026-09-10T21:04:16.239169+00:00,2026-09-10T17:04:16.239169-04:00,2026-09-10T17:04:16.239169-04:00,propline_free_sample
2026-09-10,2026-09-10 16:15:00+00:00,Nick Martinez,3.5,under,-131,draftkings,206512,Atlanta Braves,Tampa Bay Rays,2026-09-10T16:07:05.195310+00:00,2026-09-10T21:04:16.239169+00:00,2026-09-10T17:04:16.239169-04:00,2026-09-10T17:04:16.239169-04:00,propline_free_sample
2026-09-10,2026-09-10 16:15:00+00:00,Nick Martinez,8.5,over,4000,hardrock,206512,Atlanta Braves,Tampa Bay Rays,2026-09-10T09:02:12.489110+00:00,2026-09-10T21:04:16.239169+00:00,2026-09-10T17:04:16.239169-04:00,2026-09-10T17:04:16.239169-04:00,propline_free_sample
2026-09-10,2026-09-10 16:15:00+00:00,Nick Martinez,8.5,under,-50000,hardrock,206512,Atlanta Braves,Tampa Bay Rays,2026-09-10T09:02:12.489110+00:00,2026-09-10T21:04:16.239169+00:00,2026-09-10T17:04:16.239169-04:00,2026-09-10T17:04:16.239169-04:00,propline_free_sample
2026-09-10,2026-09-10 16:15:00+00:00,Martin Perez,3.5,over,132,onexbet,206512,Atlanta Braves,Tampa Bay Rays,2026-09-10T15:10:45.363960+00:00,2026-09-10T21:04:16.239169+00:00,2026-09-10T17:04:16.239169-04:00,2026-09-10T17:04:16.239169-04:00,propline_free_sample
2026-09-10,2026-09-10 16:15:00+00:00,Nick Martinez,3.5,over,-120,onexbet,206512,Atlanta Braves,Tampa Bay Rays,2026-09-10T15:10:45.363960+00:00,2026-09-10T21:04:16.239169+00:00,2026-09-10T17:04:16.239169-04:00,2026-09-10T17:04:16.239169-04:00,propline_free_sample
2026-09-10,2026-09-10 16:15:00+00:00,Martin Perez,3.5,under,-175,onexbet,206512,Atlanta Braves,Tampa Bay Rays,2026-09-10T15:10:45.363960+00:00,2026-09-10T21:04:16.239169+00:00,2026-09-10T17:04:16.239169-04:00,2026-09-10T17:04:16.239169-04:00,propline_free_sample
2026-09-10,2026-09-10 16:15:00+00:00,Nick Martinez,3.5,under,-110,onexbet,206512,Atlanta Braves,Tampa Bay Rays,2026-09-10T15:10:45.363960+00:00,2026-09-10T21:04:16.239169+00:00,2026-09-10T17:04:16.239169-04:00,2026-09-10T17:04:16.239169-04:00,propline_free_sample
2026-09-10,2026-09-10 16:15:00+00:00,Martín Pérez,1.5,over,-4900,kalshi,206512,Atlanta Braves,Tampa Bay Rays,2026-09-10T15:51:00.115779+00:00,2026-09-10T21:04:16.239169+00:00,2026-09-10T17:04:16.239169-04:00,2026-09-10T17:04:16.239169-04:00,propline_free_sample
2026-09-10,2026-09-10 16:15:00+00:00,Nick Martinez,1.5,over,-4900,kalshi,206512,Atlanta Braves,Tampa Bay Rays,2026-09-10T12:02:08.077268+00:00,2026-09-10T21:04:16.239169+00:00,2026-09-10T17:04:16.239169-04:00,2026-09-10T17:04:16.239169-04:00,propline_free_sample
2026-09-10,2026-09-10 16:15:00+00:00,Martín Pérez,2.5,over,-456,kalshi,206512,Atlanta Braves,Tampa Bay Rays,2026-09-10T15:45:12.170338+00:00,2026-09-10T21:04:16.239169+00:00,2026-09-10T17:04:16.239169-04:00,2026-09-10T17:04:16.239169-04:00,propline_free_sample
2026-09-10,2026-09-10 16:15:00+00:00,Nick Martinez,2.5,over,-1567,kalshi,206512,Atlanta Braves,Tampa Bay Rays,2026-09-10T10:50:47.219126+00:00,2026-09-10T21:04:16.239169+00:00,2026-09-10T17:04:16.239169-04:00,2026-09-10T17:04:16.239169-04:00,propline_free_sample
2026-09-10,2026-09-10 16:15:00+00:00,Martín Pérez,3.5,over,117,kalshi,206512,Atlanta Braves,Tampa Bay Rays,2026-09-10T16:09:28.283958+00:00,2026-09-10T21:04:16.239169+00:00,2026-09-10T17:04:16.239169-04:00,2026-09-10T17:04:16.239169-04:00,propline_free_sample
2026-09-10,2026-09-10 16:15:00+00:00,Nick Martinez,3.5,over,9900,kalshi,206512,Atlanta Braves,Tampa Bay Rays,2026-09-10T16:10:29.916614+00:00,2026-09-10T21:04:16.239169+00:00,2026-09-10T17:04:16.239169-04:00,2026-09-10T17:04:16.239169-04:00,propline_free_sample
2026-09-10,2026-09-10 16:15:00+00:00,Martín Pérez,4.5,over,9900,kalshi,206512,Atlanta Braves,Tampa Bay Rays,2026-09-10T14:02:28.482229+00:00,2026-09-10T21:04:16.239169+00:00,2026-09-10T17:04:16.239169-04:00,2026-09-10T17:04:16.239169-04:00,propline_free_sample
2026-09-10,2026-09-10 16:15:00+00:00,Nick Martinez,4.5,over,9900,kalshi,206512,Atlanta Braves,Tampa Bay Rays,2026-09-10T14:04:13.915882+00:00,2026-09-10T21:04:16.239169+00:00,2026-09-10T17:04:16.239169-04:00,2026-09-10T17:04:16.239169-04:00,propline_free_sample
2026-09-10,2026-09-10 16:15:00+00:00,Martín Pérez,5.5,over,9900,kalshi,206512,Atlanta Braves,Tampa Bay Rays,2026-09-10T16:10:42.505701+00:00,2026-09-10T21:04:16.239169+00:00,2026-09-10T17:04:16.239169-04:00,2026-09-10T17:04:16.239169-04:00,propline_free_sample
2026-09-10,2026-09-10 16:15:00+00:00,Nick Martinez,5.5,over,9900,kalshi,206512,Atlanta Braves,Tampa Bay Rays,2026-09-10T16:14:33.762952+00:00,2026-09-10T21:04:16.239169+00:00,2026-09-10T17:04:16.239169-04:00,2026-09-10T17:04:16.239169-04:00,propline_free_sample
2026-09-10,2026-09-10 16:15:00+00:00,Martín Pérez,6.5,over,9900,kalshi,206512,Atlanta Braves,Tampa Bay Rays,2026-09-10T13:00:43.393043+00:00,2026-09-10T21:04:16.239169+00:00,2026-09-10T17:04:16.239169-04:00,2026-09-10T17:04:16.239169-04:00,propline_free_sample
2026-09-10,2026-09-10 16:15:00+00:00,Nick Martinez,6.5,over,9900,kalshi,206512,Atlanta Braves,Tampa Bay Rays,2026-09-10T16:10:42.505701+00:00,2026-09-10T21:04:16.239169+00:00,2026-09-10T17:04:16.239169-04:00,2026-09-10T17:04:16.239169-04:00,propline_free_sample
2026-09-10,2026-09-10 16:15:00+00:00,Martín Pérez,2.5,under,9900,kalshi,206512,Atlanta Braves,Tampa Bay Rays,2026-09-10T15:45:12.170338+00:00,2026-09-10T21:04:16.239169+00:00,2026-09-10T17:04:16.239169-04:00,2026-09-10T17:04:16.239169-04:00,propline_free_sample
2026-09-10,2026-09-10 16:15:00+00:00,Nick Martinez,2.5,under,9900,kalshi,206512,Atlanta Braves,Tampa Bay Rays,2026-09-10T13:31:46.637911+00:00,2026-09-10T21:04:16.239169+00:00,2026-09-10T17:04:16.239169-04:00,2026-09-10T17:04:16.239169-04:00,propline_free_sample
2026-09-10,2026-09-10 16:15:00+00:00,Martín Pérez,3.5,under,9900,kalshi,206512,Atlanta Braves,Tampa Bay Rays,2026-09-10T16:09:28.283958+00:00,2026-09-10T21:04:16.239169+00:00,2026-09-10T17:04:16.239169-04:00,2026-09-10T17:04:16.239169-04:00,propline_free_sample
2026-09-10,2026-09-10 16:15:00+00:00,Nick Martinez,3.5,under,335,kalshi,206512,Atlanta Braves,Tampa Bay Rays,2026-09-10T16:10:29.916614+00:00,2026-09-10T21:04:16.239169+00:00,2026-09-10T17:04:16.239169-04:00,2026-09-10T17:04:16.239169-04:00,propline_free_sample
2026-09-10,2026-09-10 16:15:00+00:00,Nick Martinez,4.5,under,-525,kalshi,206512,Atlanta Braves,Tampa Bay Rays,2026-09-10T14:05:50.897599+00:00,2026-09-10T21:04:16.239169+00:00,2026-09-10T17:04:16.239169-04:00,2026-09-10T17:04:16.239169-04:00,propline_free_sample
2026-09-10,2026-09-10 16:15:00+00:00,Martín Pérez,1.5,under,9900,kalshi,206512,Atlanta Braves,Tampa Bay Rays,2026-09-10T15:51:00.115779+00:00,2026-09-10T21:04:16.239169+00:00,2026-09-10T17:04:16.239169-04:00,2026-09-10T17:04:16.239169-04:00,propline_free_sample
2026-09-10,2026-09-10 16:15:00+00:00,Nick Martinez,1.5,under,9900,kalshi,206512,Atlanta Braves,Tampa Bay Rays,2026-09-10T16:14:33.762952+00:00,2026-09-10T21:04:16.239169+00:00,2026-09-10T17:04:16.239169-04:00,2026-09-10T17:04:16.239169-04:00,propline_free_sample
2026-09-10,2026-09-10 16:15:00+00:00,Martín Pérez,4.5,under,-9900,kalshi,206512,Atlanta Braves,Tampa Bay Rays,2026-09-10T16:10:42.505701+00:00,2026-09-10T21:04:16.239169+00:00,2026-09-10T17:04:16.239169-04:00,2026-09-10T17:04:16.239169-04:00,propline_free_sample
2026-09-10,2026-09-10 16:15:00+00:00,Martín Pérez,5.5,under,-2400,kalshi,206512,Atlanta Braves,Tampa Bay Rays,2026-09-10T16:10:42.505701+00:00,2026-09-10T21:04:16.239169+00:00,2026-09-10T17:04:16.239169-04:00,2026-09-10T17:04:16.239169-04:00,propline_free_sample
2026-09-10,2026-09-10 16:15:00+00:00,Nick Martinez,5.5,under,-1011,kalshi,206512,Atlanta Braves,Tampa Bay Rays,2026-09-10T16:14:33.762952+00:00,2026-09-10T21:04:16.239169+00:00,2026-09-10T17:04:16.239169-04:00,2026-09-10T17:04:16.239169-04:00,propline_free_sample
2026-09-10,2026-09-10 16:15:00+00:00,Martin Perez,3.5,over,142,rebet,206512,Atlanta Braves,Tampa Bay Rays,2026-09-10T13:53:45.266379+00:00,2026-09-10T21:04:16.239169+00:00,2026-09-10T17:04:16.239169-04:00,2026-09-10T17:04:16.239169-04:00,propline_free_sample
2026-09-10,2026-09-10 16:15:00+00:00,Nick Martinez,3.5,over,121,rebet,206512,Atlanta Braves,Tampa Bay Rays,2026-09-10T16:08:37.688228+00:00,2026-09-10T21:04:16.239169+00:00,2026-09-10T17:04:16.239169-04:00,2026-09-10T17:04:16.239169-04:00,propline_free_sample
2026-09-10,2026-09-10 16:15:00+00:00,Martin Perez,3.5,under,-199,rebet,206512,Atlanta Braves,Tampa Bay Rays,2026-09-10T13:53:45.266379+00:00,2026-09-10T21:04:16.239169+00:00,2026-09-10T17:04:16.239169-04:00,2026-09-10T17:04:16.239169-04:00,propline_free_sample
2026-09-10,2026-09-10 16:15:00+00:00,Nick Martinez,3.5,under,-168,rebet,206512,Atlanta Braves,Tampa Bay Rays,2026-09-10T16:08:37.688228+00:00,2026-09-10T21:04:16.239169+00:00,2026-09-10T17:04:16.239169-04:00,2026-09-10T17:04:16.239169-04:00,propline_free_sample
2026-09-10,2026-09-10 16:15:00+00:00,Martin Perez,2.5,over,-165,pinnacle,206512,Atlanta Braves,Tampa Bay Rays,2026-09-10T15:59:27.218583+00:00,2026-09-10T21:04:16.239169+00:00,2026-09-10T17:04:16.239169-04:00,2026-09-10T17:04:16.239169-04:00,propline_free_sample
2026-09-10,2026-09-10 16:15:00+00:00,Martin Perez,2.5,under,123,pinnacle,206512,Atlanta Braves,Tampa Bay Rays,2026-09-10T15:59:27.218583+00:00,2026-09-10T21:04:16.239169+00:00,2026-09-10T17:04:16.239169-04:00,2026-09-10T17:04:16.239169-04:00,propline_free_sample
2026-09-10,2026-09-10 16:15:00+00:00,Nick Martinez,3.5,over,103,pinnacle,206512,Atlanta Braves,Tampa Bay Rays,2026-09-10T16:14:44.826804+00:00,2026-09-10T21:04:16.239169+00:00,2026-09-10T17:04:16.239169-04:00,2026-09-10T17:04:16.239169-04:00,propline_free_sample
2026-09-10,2026-09-10 16:15:00+00:00,Nick Martinez,3.5,under,-137,pinnacle,206512,Atlanta Braves,Tampa Bay Rays,2026-09-10T16:14:44.826804+00:00,2026-09-10T21:04:16.239169+00:00,2026-09-10T17:04:16.239169-04:00,2026-09-10T17:04:16.239169-04:00,propline_free_sample
2026-09-10,2026-09-10 16:15:00+00:00,Nick Martinez,6.5,under,-9900,kalshi,206512,Atlanta Braves,Tampa Bay Rays,2026-09-10T16:09:03.917256+00:00,2026-09-10T21:04:16.239169+00:00,2026-09-10T17:04:16.239169-04:00,2026-09-10T17:04:16.239169-04:00,propline_free_sample
2026-09-10,2026-09-10 16:15:00+00:00,Martin Perez,2.5,over,-120,betmgm,206512,Atlanta Braves,Tampa Bay Rays,2026-09-10T16:10:38.320844+00:00,2026-09-10T21:04:16.239169+00:00,2026-09-10T17:04:16.239169-04:00,2026-09-10T17:04:16.239169-04:00,propline_free_sample
2026-09-10,2026-09-10 16:15:00+00:00,Martin Perez,2.5,under,-110,betmgm,206512,Atlanta Braves,Tampa Bay Rays,2026-09-10T16:10:38.320844+00:00,2026-09-10T21:04:16.239169+00:00,2026-09-10T17:04:16.239169-04:00,2026-09-10T17:04:16.239169-04:00,propline_free_sample
2026-09-10,2026-09-10 16:15:00+00:00,Nick Martinez,4.5,over,120,betmgm,206512,Atlanta Braves,Tampa Bay Rays,2026-09-10T16:10:38.320844+00:00,2026-09-10T21:04:16.239169+00:00,2026-09-10T17:04:16.239169-04:00,2026-09-10T17:04:16.239169-04:00,propline_free_sample
2026-09-10,2026-09-10 16:15:00+00:00,Nick Martinez,4.5,under,-160,betmgm,206512,Atlanta Braves,Tampa Bay Rays,2026-09-10T16:10:38.320844+00:00,2026-09-10T21:04:16.239169+00:00,2026-09-10T17:04:16.239169-04:00,2026-09-10T17:04:16.239169-04:00,propline_free_sample
2026-09-10,2026-09-10 16:15:00+00:00,Martín Pérez,3.0,over,100,prizepicks,206512,Atlanta Braves,Tampa Bay Rays,2026-09-10T11:11:05.883051+00:00,2026-09-10T21:04:16.239169+00:00,2026-09-10T17:04:16.239169-04:00,2026-09-10T17:04:16.239169-04:00,propline_free_sample
2026-09-10,2026-09-10 16:15:00+00:00,Martín Pérez,3.0,under,100,prizepicks,206512,Atlanta Braves,Tampa Bay Rays,2026-09-10T11:11:05.883051+00:00,2026-09-10T21:04:16.239169+00:00,2026-09-10T17:04:16.239169-04:00,2026-09-10T17:04:16.239169-04:00,propline_free_sample
2026-09-10,2026-09-10 16:15:00+00:00,Martin Perez (ATL),3.5,over,145,betonlineag,206512,Atlanta Braves,Tampa Bay Rays,2026-09-10T13:57:53.505432+00:00,2026-09-10T21:04:16.239169+00:00,2026-09-10T17:04:16.239169-04:00,2026-09-10T17:04:16.239169-04:00,propline_free_sample
2026-09-10,2026-09-10 16:15:00+00:00,Martin Perez (ATL),3.5,under,-190,betonlineag,206512,Atlanta Braves,Tampa Bay Rays,2026-09-10T13:57:53.505432+00:00,2026-09-10T21:04:16.239169+00:00,2026-09-10T17:04:16.239169-04:00,2026-09-10T17:04:16.239169-04:00,propline_free_sample
2026-09-10,2026-09-10 16:15:00+00:00,Nick Martinez (TB),3.5,over,-110,betonlineag,206512,Atlanta Braves,Tampa Bay Rays,2026-09-10T13:26:00.977781+00:00,2026-09-10T21:04:16.239169+00:00,2026-09-10T17:04:16.239169-04:00,2026-09-10T17:04:16.239169-04:00,propline_free_sample
2026-09-10,2026-09-10 16:15:00+00:00,Nick Martinez (TB),3.5,under,-130,betonlineag,206512,Atlanta Braves,Tampa Bay Rays,2026-09-10T13:26:00.977781+00:00,2026-09-10T21:04:16.239169+00:00,2026-09-10T17:04:16.239169-04:00,2026-09-10T17:04:16.239169-04:00,propline_free_sample
2026-09-10,2026-09-10 16:15:00+00:00,Martin Perez (ATL),3.5,over,145,lowvig,206512,Atlanta Braves,Tampa Bay Rays,2026-09-10T13:54:00.799457+00:00,2026-09-10T21:04:16.239169+00:00,2026-09-10T17:04:16.239169-04:00,2026-09-10T17:04:16.239169-04:00,propline_free_sample
2026-09-10,2026-09-10 16:15:00+00:00,Martin Perez (ATL),3.5,under,-190,lowvig,206512,Atlanta Braves,Tampa Bay Rays,2026-09-10T13:54:00.799457+00:00,2026-09-10T21:04:16.239169+00:00,2026-09-10T17:04:16.239169-04:00,2026-09-10T17:04:16.239169-04:00,propline_free_sample
2026-09-10,2026-09-10 16:15:00+00:00,Nick Martinez (TB),3.5,over,-110,lowvig,206512,Atlanta Braves,Tampa Bay Rays,2026-09-10T13:26:01.001122+00:00,2026-09-10T21:04:16.239169+00:00,2026-09-10T17:04:16.239169-04:00,2026-09-10T17:04:16.239169-04:00,propline_free_sample
2026-09-10,2026-09-10 16:15:00+00:00,Nick Martinez (TB),3.5,under,-130,lowvig,206512,Atlanta Braves,Tampa Bay Rays,2026-09-10T13:26:01.001122+00:00,2026-09-10T21:04:16.239169+00:00,2026-09-10T17:04:16.239169-04:00,2026-09-10T17:04:16.239169-04:00,propline_free_sample
2026-09-10,2026-09-10 16:15:00+00:00,Martín Pérez,3.0,over,130,prophetx,206512,Atlanta Braves,Tampa Bay Rays,2026-09-10T11:37:18.807824+00:00,2026-09-10T21:04:16.239169+00:00,2026-09-10T17:04:16.239169-04:00,2026-09-10T17:04:16.239169-04:00,propline_free_sample
2026-09-10,2026-09-10 16:15:00+00:00,Martín Pérez,3.0,under,-154,prophetx,206512,Atlanta Braves,Tampa Bay Rays,2026-09-10T11:37:18.807824+00:00,2026-09-10T21:04:16.239169+00:00,2026-09-10T17:04:16.239169-04:00,2026-09-10T17:04:16.239169-04:00,propline_free_sample
2026-09-10,2026-09-10 16:15:00+00:00,Martin Perez,1.5,over,-488,novig,206512,Atlanta Braves,Tampa Bay Rays,2026-09-10T15:03:05.754880+00:00,2026-09-10T21:04:16.239169+00:00,2026-09-10T17:04:16.239169-04:00,2026-09-10T17:04:16.239169-04:00,propline_free_sample
2026-09-10,2026-09-10 16:15:00+00:00,Martin Perez,1.5,under,326,novig,206512,Atlanta Braves,Tampa Bay Rays,2026-09-10T16:04:15.587237+00:00,2026-09-10T21:04:16.239169+00:00,2026-09-10T17:04:16.239169-04:00,2026-09-10T17:04:16.239169-04:00,propline_free_sample
2026-09-10,2026-09-10 16:15:00+00:00,Martín Pérez,2.5,over,-139,smarkets,206512,Atlanta Braves,Tampa Bay Rays,2026-09-10T16:11:43.290675+00:00,2026-09-10T21:04:16.239169+00:00,2026-09-10T17:04:16.239169-04:00,2026-09-10T17:04:16.239169-04:00,propline_free_sample
2026-09-10,2026-09-10 16:15:00+00:00,Martín Pérez,2.5,under,100,smarkets,206512,Atlanta Braves,Tampa Bay Rays,2026-09-10T16:11:43.290675+00:00,2026-09-10T21:04:16.239169+00:00,2026-09-10T17:04:16.239169-04:00,2026-09-10T17:04:16.239169-04:00,propline_free_sample
2026-09-10,2026-09-10 16:15:00+00:00,Martín Pérez,6.5,under,-9900,kalshi,206512,Atlanta Braves,Tampa Bay Rays,2026-09-10T16:10:42.505701+00:00,2026-09-10T21:04:16.239169+00:00,2026-09-10T17:04:16.239169-04:00,2026-09-10T17:04:16.239169-04:00,propline_free_sample
2026-09-10,2026-09-10 16:15:00+00:00,Martin Perez,2.5,over,-163,rebet,206512,Atlanta Braves,Tampa Bay Rays,2026-09-10T16:10:38.870898+00:00,2026-09-10T21:04:16.239169+00:00,2026-09-10T17:04:16.239169-04:00,2026-09-10T17:04:16.239169-04:00,propline_free_sample
2026-09-10,2026-09-10 16:15:00+00:00,Martin Perez,2.5,under,117,rebet,206512,Atlanta Braves,Tampa Bay Rays,2026-09-10T16:10:38.870898+00:00,2026-09-10T21:04:16.239169+00:00,2026-09-10T17:04:16.239169-04:00,2026-09-10T17:04:16.239169-04:00,propline_free_sample
2026-09-10,2026-09-10 16:15:00+00:00,Nick Martinez,3.5,over,121,rebet,206512,Atlanta Braves,Tampa Bay Rays,2026-09-10T16:09:38.313450+00:00,2026-09-10T21:04:16.239169+00:00,2026-09-10T17:04:16.239169-04:00,2026-09-10T17:04:16.239169-04:00,propline_free_sample
2026-09-10,2026-09-10 16:15:00+00:00,Nick Martinez,3.5,under,-168,rebet,206512,Atlanta Braves,Tampa Bay Rays,2026-09-10T16:09:38.313450+00:00,2026-09-10T21:04:16.239169+00:00,2026-09-10T17:04:16.239169-04:00,2026-09-10T17:04:16.239169-04:00,propline_free_sample
2026-09-09,2026-09-10 02:10:00+00:00,Rhett Lowder,3.5,over,-115,fanduel,205550,Los Angeles Dodgers,Cincinnati Reds,2026-09-09T22:06:57.170421+00:00,2026-09-10T21:04:16.239169+00:00,2026-09-10T17:04:16.239169-04:00,2026-09-10T17:04:16.239169-04:00,propline_free_sample
2026-09-09,2026-09-10 02:10:00+00:00,Rhett Lowder,3.5,under,-111,fanduel,205550,Los Angeles Dodgers,Cincinnati Reds,2026-09-09T22:06:57.170421+00:00,2026-09-10T21:04:16.239169+00:00,2026-09-10T17:04:16.239169-04:00,2026-09-10T17:04:16.239169-04:00,propline_free_sample
2026-09-09,2026-09-10 02:10:00+00:00,Yoshinobu Yamamoto,7.5,over,-106,fanduel,205550,Los Angeles Dodgers,Cincinnati Reds,2026-09-10T02:00:49.620309+00:00,2026-09-10T21:04:16.239169+00:00,2026-09-10T17:04:16.239169-04:00,2026-09-10T17:04:16.239169-04:00,propline_free_sample
2026-09-09,2026-09-10 02:10:00+00:00,Yoshinobu Yamamoto,7.5,under,-120,fanduel,205550,Los Angeles Dodgers,Cincinnati Reds,2026-09-10T02:00:49.620309+00:00,2026-09-10T21:04:16.239169+00:00,2026-09-10T17:04:16.239169-04:00,2026-09-10T17:04:16.239169-04:00,propline_free_sample
2026-09-09,2026-09-10 02:10:00+00:00,Rhett Lowder,3.5,over,100,prizepicks,205550,Los Angeles Dodgers,Cincinnati Reds,2026-09-08T23:11:18.265811+00:00,2026-09-10T21:04:16.239169+00:00,2026-09-10T17:04:16.239169-04:00,2026-09-10T17:04:16.239169-04:00,propline_free_sample
2026-09-09,2026-09-10 02:10:00+00:00,Yoshi Yamamoto,7.5,over,100,prizepicks,205550,Los Angeles Dodgers,Cincinnati Reds,2026-09-08T23:11:18.265811+00:00,2026-09-10T21:04:16.239169+00:00,2026-09-10T17:04:16.239169-04:00,2026-09-10T17:04:16.239169-04:00,propline_free_sample
2026-09-09,2026-09-10 02:10:00+00:00,Rhett Lowder,3.5,under,100,prizepicks,205550,Los Angeles Dodgers,Cincinnati Reds,2026-09-08T23:11:18.265811+00:00,2026-09-10T21:04:16.239169+00:00,2026-09-10T17:04:16.239169-04:00,2026-09-10T17:04:16.239169-04:00,propline_free_sample
2026-09-09,2026-09-10 02:10:00+00:00,Yoshi Yamamoto,7.5,under,100,prizepicks,205550,Los Angeles Dodgers,Cincinnati Reds,2026-09-08T23:11:18.265811+00:00,2026-09-10T21:04:16.239169+00:00,2026-09-10T17:04:16.239169-04:00,2026-09-10T17:04:16.239169-04:00,propline_free_sample
2026-09-09,2026-09-10 02:10:00+00:00,Yoshi Yamamoto,10.5,over,100,prizepicks,205550,Los Angeles Dodgers,Cincinnati Reds,2026-09-08T23:11:18.265811+00:00,2026-09-10T21:04:16.239169+00:00,2026-09-10T17:04:16.239169-04:00,2026-09-10T17:04:16.239169-04:00,propline_free_sample
2026-09-09,2026-09-10 02:10:00+00:00,Rhett Lowder,4.5,over,100,prizepicks,205550,Los Angeles Dodgers,Cincinnati Reds,2026-09-08T23:11:18.265811+00:00,2026-09-10T21:04:16.239169+00:00,2026-09-10T17:04:16.239169-04:00,2026-09-10T17:04:16.239169-04:00,propline_free_sample
2026-09-09,2026-09-10 02:10:00+00:00,Rhett Lowder,5.5,over,100,prizepicks,205550,Los Angeles Dodgers,Cincinnati Reds,2026-09-08T23:11:18.265811+00:00,2026-09-10T21:04:16.239169+00:00,2026-09-10T17:04:16.239169-04:00,2026-09-10T17:04:16.239169-04:00,propline_free_sample
2026-09-09,2026-09-10 02:10:00+00:00,Yoshi Yamamoto,8.5,over,100,prizepicks,205550,Los Angeles Dodgers,Cincinnati Reds,2026-09-08T23:11:18.265811+00:00,2026-09-10T21:04:16.239169+00:00,2026-09-10T17:04:16.239169-04:00,2026-09-10T17:04:16.239169-04:00,propline_free_sample
2026-09-09,2026-09-10 02:10:00+00:00,Yoshi Yamamoto,9.5,over,100,prizepicks,205550,Los Angeles Dodgers,Cincinnati Reds,2026-09-08T23:11:18.265811+00:00,2026-09-10T21:04:16.239169+00:00,2026-09-10T17:04:16.239169-04:00,2026-09-10T17:04:16.239169-04:00,propline_free_sample
2026-09-09,2026-09-10 02:10:00+00:00,Rhett Lowder,2.5,over,100,prizepicks,205550,Los Angeles Dodgers,Cincinnati Reds,2026-09-08T23:11:18.265811+00:00,2026-09-10T21:04:16.239169+00:00,2026-09-10T17:04:16.239169-04:00,2026-09-10T17:04:16.239169-04:00,propline_free_sample
2026-09-09,2026-09-10 02:10:00+00:00,Yoshi Yamamoto,5.5,over,100,prizepicks,205550,Los Angeles Dodgers,Cincinnati Reds,2026-09-08T23:11:18.265811+00:00,2026-09-10T21:04:16.239169+00:00,2026-09-10T17:04:16.239169-04:00,2026-09-10T17:04:16.239169-04:00,propline_free_sample
2026-09-09,2026-09-10 02:10:00+00:00,Yoshi Yamamoto,6.5,over,100,prizepicks,205550,Los Angeles Dodgers,Cincinnati Reds,2026-09-08T23:11:18.265811+00:00,2026-09-10T21:04:16.239169+00:00,2026-09-10T17:04:16.239169-04:00,2026-09-10T17:04:16.239169-04:00,propline_free_sample
2026-09-09,2026-09-10 02:10:00+00:00,Rhett Lowder,0.5,over,-7000,hardrock,205550,Los Angeles Dodgers,Cincinnati Reds,2026-09-10T01:16:10.840764+00:00,2026-09-10T21:04:16.239169+00:00,2026-09-10T17:04:16.239169-04:00,2026-09-10T17:04:16.239169-04:00,propline_free_sample
2026-09-09,2026-09-10 02:10:00+00:00,Rhett Lowder,0.5,under,1600,hardrock,205550,Los Angeles Dodgers,Cincinnati Reds,2026-09-10T01:16:10.840764+00:00,2026-09-10T21:04:16.239169+00:00,2026-09-10T17:04:16.239169-04:00,2026-09-10T17:04:16.239169-04:00,propline_free_sample
2026-09-09,2026-09-10 02:10:00+00:00,Rhett Lowder,1.5,over,-1100,hardrock,205550,Los Angeles Dodgers,Cincinnati Reds,2026-09-10T00:19:02.341725+00:00,2026-09-10T21:04:16.239169+00:00,2026-09-10T17:04:16.239169-04:00,2026-09-10T17:04:16.239169-04:00,propline_free_sample
2026-09-09,2026-09-10 02:10:00+00:00,Rhett Lowder,1.5,under,450,hardrock,205550,Los Angeles Dodgers,Cincinnati Reds,2026-09-09T11:31:36.288455+00:00,2026-09-10T21:04:16.239169+00:00,2026-09-10T17:04:16.239169-04:00,2026-09-10T17:04:16.239169-04:00,propline_free_sample
2026-09-09,2026-09-10 02:10:00+00:00,Rhett Lowder,2.5,over,-1800,hardrock,205550,Los Angeles Dodgers,Cincinnati Reds,2026-09-09T11:31:36.288455+00:00,2026-09-10T21:04:16.239169+00:00,2026-09-10T17:04:16.239169-04:00,2026-09-10T17:04:16.239169-04:00,propline_free_sample
2026-09-09,2026-09-10 02:10:00+00:00,Rhett Lowder,2.5,under,550,hardrock,205550,Los Angeles Dodgers,Cincinnati Reds,2026-09-10T00:07:49.615985+00:00,2026-09-10T21:04:16.239169+00:00,2026-09-10T17:04:16.239169-04:00,2026-09-10T17:04:16.239169-04:00,propline_free_sample
2026-09-09,2026-09-10 02:10:00+00:00,Rhett Lowder,3.5,over,-250,hardrock,205550,Los Angeles Dodgers,Cincinnati Reds,2026-09-10T00:07:49.615985+00:00,2026-09-10T21:04:16.239169+00:00,2026-09-10T17:04:16.239169-04:00,2026-09-10T17:04:16.239169-04:00,propline_free_sample
2026-09-09,2026-09-10 02:10:00+00:00,Rhett Lowder,3.5,under,160,hardrock,205550,Los Angeles Dodgers,Cincinnati Reds,2026-09-10T00:07:49.615985+00:00,2026-09-10T21:04:16.239169+00:00,2026-09-10T17:04:16.239169-04:00,2026-09-10T17:04:16.239169-04:00,propline_free_sample
2026-09-09,2026-09-10 02:10:00+00:00,Rhett Lowder,4.5,over,-450,hardrock,205550,Los Angeles Dodgers,Cincinnati Reds,2026-09-10T00:19:02.341725+00:00,2026-09-10T21:04:16.239169+00:00,2026-09-10T17:04:16.239169-04:00,2026-09-10T17:04:16.239169-04:00,propline_free_sample
2026-09-09,2026-09-10 02:10:00+00:00,Rhett Lowder,4.5,under,260,hardrock,205550,Los Angeles Dodgers,Cincinnati Reds,2026-09-10T00:05:36.076047+00:00,2026-09-10T21:04:16.239169+00:00,2026-09-10T17:04:16.239169-04:00,2026-09-10T17:04:16.239169-04:00,propline_free_sample
2026-09-09,2026-09-10 02:10:00+00:00,Rhett Lowder,5.5,over,110,hardrock,205550,Los Angeles Dodgers,Cincinnati Reds,2026-09-10T02:05:36.127289+00:00,2026-09-10T21:04:16.239169+00:00,2026-09-10T17:04:16.239169-04:00,2026-09-10T17:04:16.239169-04:00,propline_free_sample
2026-09-09,2026-09-10 02:10:00+00:00,Rhett Lowder,5.5,under,-160,hardrock,205550,Los Angeles Dodgers,Cincinnati Reds,2026-09-10T01:16:10.840764+00:00,2026-09-10T21:04:16.239169+00:00,2026-09-10T17:04:16.239169-04:00,2026-09-10T17:04:16.239169-04:00,propline_free_sample
2026-09-09,2026-09-10 02:10:00+00:00,Rhett Lowder,6.5,over,325,hardrock,205550,Los Angeles Dodgers,Cincinnati Reds,2026-09-10T00:07:49.615985+00:00,2026-09-10T21:04:16.239169+00:00,2026-09-10T17:04:16.239169-04:00,2026-09-10T17:04:16.239169-04:00,propline_free_sample
2026-09-09,2026-09-10 02:10:00+00:00,Rhett Lowder,6.5,under,-600,hardrock,205550,Los Angeles Dodgers,Cincinnati Reds,2026-09-09T22:26:54.028193+00:00,2026-09-10T21:04:16.239169+00:00,2026-09-10T17:04:16.239169-04:00,2026-09-10T17:04:16.239169-04:00,propline_free_sample
2026-09-09,2026-09-10 02:10:00+00:00,Rhett Lowder,7.5,over,900,hardrock,205550,Los Angeles Dodgers,Cincinnati Reds,2026-09-10T02:05:36.127289+00:00,2026-09-10T21:04:16.239169+00:00,2026-09-10T17:04:16.239169-04:00,2026-09-10T17:04:16.239169-04:00,propline_free_sample
2026-09-09,2026-09-10 02:10:00+00:00,Rhett Lowder,7.5,under,-4000,hardrock,205550,Los Angeles Dodgers,Cincinnati Reds,2026-09-10T01:40:37.416208+00:00,2026-09-10T21:04:16.239169+00:00,2026-09-10T17:04:16.239169-04:00,2026-09-10T17:04:16.239169-04:00,propline_free_sample
2026-09-09,2026-09-10 02:10:00+00:00,Rhett Lowder,8.5,over,3000,hardrock,205550,Los Angeles Dodgers,Cincinnati Reds,2026-09-08T23:13:47.053152+00:00,2026-09-10T21:04:16.239169+00:00,2026-09-10T17:04:16.239169-04:00,2026-09-10T17:04:16.239169-04:00,propline_free_sample
2026-09-09,2026-09-10 02:10:00+00:00,Rhett Lowder,8.5,under,-50000,hardrock,205550,Los Angeles Dodgers,Cincinnati Reds,2026-09-08T23:13:47.053152+00:00,2026-09-10T21:04:16.239169+00:00,2026-09-10T17:04:16.239169-04:00,2026-09-10T17:04:16.239169-04:00,propline_free_sample
2026-09-09,2026-09-10 02:10:00+00:00,Yoshinobu Yamamoto,10.5,over,300,hardrock,205550,Los Angeles Dodgers,Cincinnati Reds,2026-09-09T23:29:54.294782+00:00,2026-09-10T21:04:16.239169+00:00,2026-09-10T17:04:16.239169-04:00,2026-09-10T17:04:16.239169-04:00,propline_free_sample
2026-09-09,2026-09-10 02:10:00+00:00,Yoshinobu Yamamoto,10.5,under,-550,hardrock,205550,Los Angeles Dodgers,Cincinnati Reds,2026-09-09T23:45:31.040030+00:00,2026-09-10T21:04:16.239169+00:00,2026-09-10T17:04:16.239169-04:00,2026-09-10T17:04:16.239169-04:00,propline_free_sample
2026-09-09,2026-09-10 02:10:00+00:00,Yoshinobu Yamamoto,11.5,over,650,hardrock,205550,Los Angeles Dodgers,Cincinnati Reds,2026-09-09T22:42:06.372341+00:00,2026-09-10T21:04:16.239169+00:00,2026-09-10T17:04:16.239169-04:00,2026-09-10T17:04:16.239169-04:00,propline_free_sample
2026-09-09,2026-09-10 02:10:00+00:00,Yoshinobu Yamamoto,11.5,under,-2500,hardrock,205550,Los Angeles Dodgers,Cincinnati Reds,2026-09-09T22:42:06.372341+00:00,2026-09-10T21:04:16.239169+00:00,2026-09-10T17:04:16.239169-04:00,2026-09-10T17:04:16.239169-04:00,propline_free_sample
2026-09-09,2026-09-10 02:10:00+00:00,Yoshinobu Yamamoto,12.5,over,2000,hardrock,205550,Los Angeles Dodgers,Cincinnati Reds,2026-09-09T22:42:06.372341+00:00,2026-09-10T21:04:16.239169+00:00,2026-09-10T17:04:16.239169-04:00,2026-09-10T17:04:16.239169-04:00,propline_free_sample
2026-09-09,2026-09-10 02:10:00+00:00,Yoshinobu Yamamoto,12.5,under,-10000,hardrock,205550,Los Angeles Dodgers,Cincinnati Reds,2026-09-09T22:36:05.239833+00:00,2026-09-10T21:04:16.239169+00:00,2026-09-10T17:04:16.239169-04:00,2026-09-10T17:04:16.239169-04:00,propline_free_sample
2026-09-09,2026-09-10 02:10:00+00:00,Yoshinobu Yamamoto,13.5,over,1750,hardrock,205550,Los Angeles Dodgers,Cincinnati Reds,2026-09-08T23:13:47.053152+00:00,2026-09-10T21:04:16.239169+00:00,2026-09-10T17:04:16.239169-04:00,2026-09-10T17:04:16.239169-04:00,propline_free_sample
2026-09-09,2026-09-10 02:10:00+00:00,Yoshinobu Yamamoto,13.5,under,-10000,hardrock,205550,Los Angeles Dodgers,Cincinnati Reds,2026-09-08T23:13:47.053152+00:00,2026-09-10T21:04:16.239169+00:00,2026-09-10T17:04:16.239169-04:00,2026-09-10T17:04:16.239169-04:00,propline_free_sample
2026-09-09,2026-09-10 02:10:00+00:00,Yoshinobu Yamamoto,2.5,over,-7000,hardrock,205550,Los Angeles Dodgers,Cincinnati Reds,2026-09-10T01:55:59.372899+00:00,2026-09-10T21:04:16.239169+00:00,2026-09-10T17:04:16.239169-04:00,2026-09-10T17:04:16.239169-04:00,propline_free_sample
2026-09-09,2026-09-10 02:10:00+00:00,Yoshinobu Yamamoto,2.5,under,1600,hardrock,205550,Los Angeles Dodgers,Cincinnati Reds,2026-09-10T01:55:59.372899+00:00,2026-09-10T21:04:16.239169+00:00,2026-09-10T17:04:16.239169-04:00,2026-09-10T17:04:16.239169-04:00,propline_free_sample
2026-09-09,2026-09-10 02:10:00+00:00,Yoshinobu Yamamoto,3.5,over,-9000,hardrock,205550,Los Angeles Dodgers,Cincinnati Reds,2026-09-10T01:55:59.372899+00:00,2026-09-10T21:04:16.239169+00:00,2026-09-10T17:04:16.239169-04:00,2026-09-10T17:04:16.239169-04:00,propline_free_sample
2026-09-09,2026-09-10 02:10:00+00:00,Yoshinobu Yamamoto,3.5,under,2250,hardrock,205550,Los Angeles Dodgers,Cincinnati Reds,2026-09-09T22:52:42.040544+00:00,2026-09-10T21:04:16.239169+00:00,2026-09-10T17:04:16.239169-04:00,2026-09-10T17:04:16.239169-04:00,propline_free_sample
2026-09-09,2026-09-10 02:10:00+00:00,Yoshinobu Yamamoto,4.5,over,-4000,hardrock,205550,Los Angeles Dodgers,Cincinnati Reds,2026-09-10T01:55:59.372899+00:00,2026-09-10T21:04:16.239169+00:00,2026-09-10T17:04:16.239169-04:00,2026-09-10T17:04:16.239169-04:00,propline_free_sample
2026-09-09,2026-09-10 02:10:00+00:00,Yoshinobu Yamamoto,4.5,under,1000,hardrock,205550,Los Angeles Dodgers,Cincinnati Reds,2026-09-10T02:05:36.127289+00:00,2026-09-10T21:04:16.239169+00:00,2026-09-10T17:04:16.239169-04:00,2026-09-10T17:04:16.239169-04:00,propline_free_sample
2026-09-09,2026-09-10 02:10:00+00:00,Yoshinobu Yamamoto,5.5,over,-9000,hardrock,205550,Los Angeles Dodgers,Cincinnati Reds,2026-09-09T23:29:54.294782+00:00,2026-09-10T21:04:16.239169+00:00,2026-09-10T17:04:16.239169-04:00,2026-09-10T17:04:16.239169-04:00,propline_free_sample
2026-09-09,2026-09-10 02:10:00+00:00,Yoshinobu Yamamoto,5.5,under,2250,hardrock,205550,Los Angeles Dodgers,Cincinnati Reds,2026-09-10T01:55:59.372899+00:00,2026-09-10T21:04:16.239169+00:00,2026-09-10T17:04:16.239169-04:00,2026-09-10T17:04:16.239169-04:00,propline_free_sample
2026-09-09,2026-09-10 02:10:00+00:00,Yoshinobu Yamamoto,6.5,over,-5000,hardrock,205550,Los Angeles Dodgers,Cincinnati Reds,2026-09-10T02:01:06.765941+00:00,2026-09-10T21:04:16.239169+00:00,2026-09-10T17:04:16.239169-04:00,2026-09-10T17:04:16.239169-04:00,propline_free_sample
2026-09-09,2026-09-10 02:10:00+00:00,Yoshinobu Yamamoto,6.5,under,1300,hardrock,205550,Los Angeles Dodgers,Cincinnati Reds,2026-09-09T23:37:20.015655+00:00,2026-09-10T21:04:16.239169+00:00,2026-09-10T17:04:16.239169-04:00,2026-09-10T17:04:16.239169-04:00,propline_free_sample
2026-09-09,2026-09-10 02:10:00+00:00,Yoshinobu Yamamoto,7.5,over,-750,hardrock,205550,Los Angeles Dodgers,Cincinnati Reds,2026-09-10T00:46:32.016897+00:00,2026-09-10T21:04:16.239169+00:00,2026-09-10T17:04:16.239169-04:00,2026-09-10T17:04:16.239169-04:00,propline_free_sample
2026-09-09,2026-09-10 02:10:00+00:00,Yoshinobu Yamamoto,7.5,under,350,hardrock,205550,Los Angeles Dodgers,Cincinnati Reds,2026-09-10T00:46:32.016897+00:00,2026-09-10T21:04:16.239169+00:00,2026-09-10T17:04:16.239169-04:00,2026-09-10T17:04:16.239169-04:00,propline_free_sample
2026-09-09,2026-09-10 02:10:00+00:00,Yoshinobu Yamamoto,8.5,over,-220,hardrock,205550,Los Angeles Dodgers,Cincinnati Reds,2026-09-09T23:45:31.040030+00:00,2026-09-10T21:04:16.239169+00:00,2026-09-10T17:04:16.239169-04:00,2026-09-10T17:04:16.239169-04:00,propline_free_sample
2026-09-09,2026-09-10 02:10:00+00:00,Yoshinobu Yamamoto,8.5,under,140,hardrock,205550,Los Angeles Dodgers,Cincinnati Reds,2026-09-10T02:01:06.765941+00:00,2026-09-10T21:04:16.239169+00:00,2026-09-10T17:04:16.239169-04:00,2026-09-10T17:04:16.239169-04:00,propline_free_sample
2026-09-09,2026-09-10 02:10:00+00:00,Yoshinobu Yamamoto,9.5,over,125,hardrock,205550,Los Angeles Dodgers,Cincinnati Reds,2026-09-09T23:45:31.040030+00:00,2026-09-10T21:04:16.239169+00:00,2026-09-10T17:04:16.239169-04:00,2026-09-10T17:04:16.239169-04:00,propline_free_sample
2026-09-09,2026-09-10 02:10:00+00:00,Yoshinobu Yamamoto,9.5,under,-180,hardrock,205550,Los Angeles Dodgers,Cincinnati Reds,2026-09-09T23:45:31.040030+00:00,2026-09-10T21:04:16.239169+00:00,2026-09-10T17:04:16.239169-04:00,2026-09-10T17:04:16.239169-04:00,propline_free_sample
2026-09-09,2026-09-10 02:10:00+00:00,Yoshi Yamamoto,10.5,under,100,prizepicks,205550,Los Angeles Dodgers,Cincinnati Reds,2026-09-08T23:15:14.890147+00:00,2026-09-10T21:04:16.239169+00:00,2026-09-10T17:04:16.239169-04:00,2026-09-10T17:04:16.239169-04:00,propline_free_sample
2026-09-09,2026-09-10 02:10:00+00:00,Rhett Lowder,4.5,under,100,prizepicks,205550,Los Angeles Dodgers,Cincinnati Reds,2026-09-08T23:15:14.890147+00:00,2026-09-10T21:04:16.239169+00:00,2026-09-10T17:04:16.239169-04:00,2026-09-10T17:04:16.239169-04:00,propline_free_sample
2026-09-09,2026-09-10 02:10:00+00:00,Rhett Lowder,5.5,under,100,prizepicks,205550,Los Angeles Dodgers,Cincinnati Reds,2026-09-08T23:15:14.890147+00:00,2026-09-10T21:04:16.239169+00:00,2026-09-10T17:04:16.239169-04:00,2026-09-10T17:04:16.239169-04:00,propline_free_sample
2026-09-09,2026-09-10 02:10:00+00:00,Yoshi Yamamoto,8.5,under,100,prizepicks,205550,Los Angeles Dodgers,Cincinnati Reds,2026-09-08T23:15:14.890147+00:00,2026-09-10T21:04:16.239169+00:00,2026-09-10T17:04:16.239169-04:00,2026-09-10T17:04:16.239169-04:00,propline_free_sample
2026-09-09,2026-09-10 02:10:00+00:00,Yoshi Yamamoto,9.5,under,100,prizepicks,205550,Los Angeles Dodgers,Cincinnati Reds,2026-09-08T23:15:14.890147+00:00,2026-09-10T21:04:16.239169+00:00,2026-09-10T17:04:16.239169-04:00,2026-09-10T17:04:16.239169-04:00,propline_free_sample
2026-09-09,2026-09-10 02:10:00+00:00,Rhett Lowder,2.5,under,100,prizepicks,205550,Los Angeles Dodgers,Cincinnati Reds,2026-09-08T23:15:14.890147+00:00,2026-09-10T21:04:16.239169+00:00,2026-09-10T17:04:16.239169-04:00,2026-09-10T17:04:16.239169-04:00,propline_free_sample
2026-09-09,2026-09-10 02:10:00+00:00,Yoshi Yamamoto,5.5,under,100,prizepicks,205550,Los Angeles Dodgers,Cincinnati Reds,2026-09-08T23:15:14.890147+00:00,2026-09-10T21:04:16.239169+00:00,2026-09-10T17:04:16.239169-04:00,2026-09-10T17:04:16.239169-04:00,propline_free_sample
2026-09-09,2026-09-10 02:10:00+00:00,Yoshi Yamamoto,6.5,under,100,prizepicks,205550,Los Angeles Dodgers,Cincinnati Reds,2026-09-08T23:15:14.890147+00:00,2026-09-10T21:04:16.239169+00:00,2026-09-10T17:04:16.239169-04:00,2026-09-10T17:04:16.239169-04:00,propline_free_sample
2026-09-09,2026-09-10 02:10:00+00:00,Yoshi Yamamoto,12.5,over,100,prizepicks,205550,Los Angeles Dodgers,Cincinnati Reds,2026-09-08T23:15:14.890147+00:00,2026-09-10T21:04:16.239169+00:00,2026-09-10T17:04:16.239169-04:00,2026-09-10T17:04:16.239169-04:00,propline_free_sample
2026-09-09,2026-09-10 02:10:00+00:00,Rhett Lowder,6.5,over,100,prizepicks,205550,Los Angeles Dodgers,Cincinnati Reds,2026-09-08T23:15:14.890147+00:00,2026-09-10T21:04:16.239169+00:00,2026-09-10T17:04:16.239169-04:00,2026-09-10T17:04:16.239169-04:00,propline_free_sample
2026-09-09,2026-09-10 02:10:00+00:00,Rhett Lowder,7.5,over,100,prizepicks,205550,Los Angeles Dodgers,Cincinnati Reds,2026-09-08T23:15:14.890147+00:00,2026-09-10T21:04:16.239169+00:00,2026-09-10T17:04:16.239169-04:00,2026-09-10T17:04:16.239169-04:00,propline_free_sample
2026-09-09,2026-09-10 02:10:00+00:00,Rhett Lowder,1.5,over,100,prizepicks,205550,Los Angeles Dodgers,Cincinnati Reds,2026-09-08T23:15:14.890147+00:00,2026-09-10T21:04:16.239169+00:00,2026-09-10T17:04:16.239169-04:00,2026-09-10T17:04:16.239169-04:00,propline_free_sample
2026-09-09,2026-09-10 02:10:00+00:00,Rhett Lowder,1.5,under,100,prizepicks,205550,Los Angeles Dodgers,Cincinnati Reds,2026-09-08T23:15:14.890147+00:00,2026-09-10T21:04:16.239169+00:00,2026-09-10T17:04:16.239169-04:00,2026-09-10T17:04:16.239169-04:00,propline_free_sample
2026-09-09,2026-09-10 02:10:00+00:00,Yoshi Yamamoto,4.5,over,100,prizepicks,205550,Los Angeles Dodgers,Cincinnati Reds,2026-09-08T23:15:14.890147+00:00,2026-09-10T21:04:16.239169+00:00,2026-09-10T17:04:16.239169-04:00,2026-09-10T17:04:16.239169-04:00,propline_free_sample
2026-09-09,2026-09-10 02:10:00+00:00,Yoshi Yamamoto,4.5,under,100,prizepicks,205550,Los Angeles Dodgers,Cincinnati Reds,2026-09-08T23:15:14.890147+00:00,2026-09-10T21:04:16.239169+00:00,2026-09-10T17:04:16.239169-04:00,2026-09-10T17:04:16.239169-04:00,propline_free_sample
2026-09-09,2026-09-10 02:10:00+00:00,Yoshinobu Yamamoto,1.5,over,-50000,hardrock,205550,Los Angeles Dodgers,Cincinnati Reds,2026-09-10T01:55:59.372899+00:00,2026-09-10T21:04:16.239169+00:00,2026-09-10T17:04:16.239169-04:00,2026-09-10T17:04:16.239169-04:00,propline_free_sample
2026-09-09,2026-09-10 02:10:00+00:00,Yoshinobu Yamamoto,1.5,under,4000,hardrock,205550,Los Angeles Dodgers,Cincinnati Reds,2026-09-10T01:12:49.049569+00:00,2026-09-10T21:04:16.239169+00:00,2026-09-10T17:04:16.239169-04:00,2026-09-10T17:04:16.239169-04:00,propline_free_sample
2026-09-09,2026-09-10 02:10:00+00:00,Yoshi Yamamoto,11.5,over,100,prizepicks,205550,Los Angeles Dodgers,Cincinnati Reds,2026-09-08T23:31:34.837781+00:00,2026-09-10T21:04:16.239169+00:00,2026-09-10T17:04:16.239169-04:00,2026-09-10T17:04:16.239169-04:00,propline_free_sample
2026-09-09,2026-09-10 02:10:00+00:00,Rhett Lowder,3.5,over,-132,sleeper,205550,Los Angeles Dodgers,Cincinnati Reds,2026-09-10T01:11:17.810485+00:00,2026-09-10T21:04:16.239169+00:00,2026-09-10T17:04:16.239169-04:00,2026-09-10T17:04:16.239169-04:00,propline_free_sample
2026-09-09,2026-09-10 02:10:00+00:00,Yoshinobu Yamamoto,7.5,over,-119,sleeper,205550,Los Angeles Dodgers,Cincinnati Reds,2026-09-09T23:49:31.228834+00:00,2026-09-10T21:04:16.239169+00:00,2026-09-10T17:04:16.239169-04:00,2026-09-10T17:04:16.239169-04:00,propline_free_sample
2026-09-09,2026-09-10 02:10:00+00:00,Rhett Lowder,3.5,under,-125,sleeper,205550,Los Angeles Dodgers,Cincinnati Reds,2026-09-10T01:11:17.810485+00:00,2026-09-10T21:04:16.239169+00:00,2026-09-10T17:04:16.239169-04:00,2026-09-10T17:04:16.239169-04:00,propline_free_sample
2026-09-09,2026-09-10 02:10:00+00:00,Yoshinobu Yamamoto,7.5,under,-139,sleeper,205550,Los Angeles Dodgers,Cincinnati Reds,2026-09-10T01:56:39.836086+00:00,2026-09-10T21:04:16.239169+00:00,2026-09-10T17:04:16.239169-04:00,2026-09-10T17:04:16.239169-04:00,propline_free_sample
2026-09-09,2026-09-10 02:10:00+00:00,Yoshi Yamamoto,7.5,over,100,prizepicks,205550,Los Angeles Dodgers,Cincinnati Reds,2026-09-09T00:35:39.787408+00:00,2026-09-10T21:04:16.239169+00:00,2026-09-10T17:04:16.239169-04:00,2026-09-10T17:04:16.239169-04:00,propline_free_sample
2026-09-09,2026-09-10 02:10:00+00:00,Yoshi Yamamoto,7.5,under,100,prizepicks,205550,Los Angeles Dodgers,Cincinnati Reds,2026-09-09T00:35:39.787408+00:00,2026-09-10T21:04:16.239169+00:00,2026-09-10T17:04:16.239169-04:00,2026-09-10T17:04:16.239169-04:00,propline_free_sample
2026-09-09,2026-09-10 02:10:00+00:00,Rhett Lowder (CIN),3.5,over,-115,bovada,205550,Los Angeles Dodgers,Cincinnati Reds,2026-09-09T09:50:49.742408+00:00,2026-09-10T21:04:16.239169+00:00,2026-09-10T17:04:16.239169-04:00,2026-09-10T17:04:16.239169-04:00,propline_free_sample
2026-09-09,2026-09-10 02:10:00+00:00,Rhett Lowder (CIN),3.5,under,-115,bovada,205550,Los Angeles Dodgers,Cincinnati Reds,2026-09-09T09:50:49.742408+00:00,2026-09-10T21:04:16.239169+00:00,2026-09-10T17:04:16.239169-04:00,2026-09-10T17:04:16.239169-04:00,propline_free_sample
2026-09-09,2026-09-10 02:10:00+00:00,Yoshinobu Yamamoto (LAD),7.5,over,-110,bovada,205550,Los Angeles Dodgers,Cincinnati Reds,2026-09-09T23:55:55.366343+00:00,2026-09-10T21:04:16.239169+00:00,2026-09-10T17:04:16.239169-04:00,2026-09-10T17:04:16.239169-04:00,propline_free_sample
2026-09-09,2026-09-10 02:10:00+00:00,Yoshinobu Yamamoto (LAD),7.5,under,-120,bovada,205550,Los Angeles Dodgers,Cincinnati Reds,2026-09-09T23:55:55.366343+00:00,2026-09-10T21:04:16.239169+00:00,2026-09-10T17:04:16.239169-04:00,2026-09-10T17:04:16.239169-04:00,propline_free_sample
2026-09-09,2026-09-10 02:10:00+00:00,Rhett Lowder,3.5,over,-111,prophetx,205550,Los Angeles Dodgers,Cincinnati Reds,2026-09-10T02:08:43.810760+00:00,2026-09-10T21:04:16.239169+00:00,2026-09-10T17:04:16.239169-04:00,2026-09-10T17:04:16.239169-04:00,propline_free_sample
2026-09-09,2026-09-10 02:10:00+00:00,Rhett Lowder,3.5,under,100,prophetx,205550,Los Angeles Dodgers,Cincinnati Reds,2026-09-10T01:49:26.025190+00:00,2026-09-10T21:04:16.239169+00:00,2026-09-10T17:04:16.239169-04:00,2026-09-10T17:04:16.239169-04:00,propline_free_sample
2026-09-09,2026-09-10 02:10:00+00:00,Yoshinobu Yamamoto,7.5,over,-102,prophetx,205550,Los Angeles Dodgers,Cincinnati Reds,2026-09-10T02:08:43.810760+00:00,2026-09-10T21:04:16.239169+00:00,2026-09-10T17:04:16.239169-04:00,2026-09-10T17:04:16.239169-04:00,propline_free_sample
2026-09-09,2026-09-10 02:10:00+00:00,Yoshinobu Yamamoto,7.5,under,-111,prophetx,205550,Los Angeles Dodgers,Cincinnati Reds,2026-09-10T02:08:43.810760+00:00,2026-09-10T21:04:16.239169+00:00,2026-09-10T17:04:16.239169-04:00,2026-09-10T17:04:16.239169-04:00,propline_free_sample
2026-09-09,2026-09-10 02:10:00+00:00,Rhett Lowder,3.5,over,-106,novig,205550,Los Angeles Dodgers,Cincinnati Reds,2026-09-10T01:58:53.983533+00:00,2026-09-10T21:04:16.239169+00:00,2026-09-10T17:04:16.239169-04:00,2026-09-10T17:04:16.239169-04:00,propline_free_sample
2026-09-09,2026-09-10 02:10:00+00:00,Rhett Lowder,3.5,under,102,novig,205550,Los Angeles Dodgers,Cincinnati Reds,2026-09-10T02:08:25.073195+00:00,2026-09-10T21:04:16.239169+00:00,2026-09-10T17:04:16.239169-04:00,2026-09-10T17:04:16.239169-04:00,propline_free_sample
2026-09-09,2026-09-10 02:10:00+00:00,Yoshinobu Yamamoto,7.5,over,106,novig,205550,Los Angeles Dodgers,Cincinnati Reds,2026-09-10T02:05:24.753214+00:00,2026-09-10T21:04:16.239169+00:00,2026-09-10T17:04:16.239169-04:00,2026-09-10T17:04:16.239169-04:00,propline_free_sample
2026-09-09,2026-09-10 02:10:00+00:00,Yoshinobu Yamamoto,7.5,under,-111,novig,205550,Los Angeles Dodgers,Cincinnati Reds,2026-09-10T02:08:25.073195+00:00,2026-09-10T21:04:16.239169+00:00,2026-09-10T17:04:16.239169-04:00,2026-09-10T17:04:16.239169-04:00,propline_free_sample
2026-09-09,2026-09-10 02:10:00+00:00,Rhett Lowder,3.5,over,-117,pinnacle,205550,Los Angeles Dodgers,Cincinnati Reds,2026-09-09T22:58:24.198406+00:00,2026-09-10T21:04:16.239169+00:00,2026-09-10T17:04:16.239169-04:00,2026-09-10T17:04:16.239169-04:00,propline_free_sample
2026-09-09,2026-09-10 02:10:00+00:00,Rhett Lowder,3.5,under,-113,pinnacle,205550,Los Angeles Dodgers,Cincinnati Reds,2026-09-09T22:58:24.198406+00:00,2026-09-10T21:04:16.239169+00:00,2026-09-10T17:04:16.239169-04:00,2026-09-10T17:04:16.239169-04:00,propline_free_sample
2026-09-09,2026-09-10 02:10:00+00:00,Yoshinobu Yamamoto,7.5,over,-101,pinnacle,205550,Los Angeles Dodgers,Cincinnati Reds,2026-09-10T02:08:34.778037+00:00,2026-09-10T21:04:16.239169+00:00,2026-09-10T17:04:16.239169-04:00,2026-09-10T17:04:16.239169-04:00,propline_free_sample
2026-09-09,2026-09-10 02:10:00+00:00,Yoshinobu Yamamoto,7.5,under,-132,pinnacle,205550,Los Angeles Dodgers,Cincinnati Reds,2026-09-10T02:08:34.778037+00:00,2026-09-10T21:04:16.239169+00:00,2026-09-10T17:04:16.239169-04:00,2026-09-10T17:04:16.239169-04:00,propline_free_sample
2026-09-09,2026-09-10 02:10:00+00:00,Yoshinobu Yamamoto,6.5,over,-186,novig,205550,Los Angeles Dodgers,Cincinnati Reds,2026-09-10T02:07:47.898171+00:00,2026-09-10T21:04:16.239169+00:00,2026-09-10T17:04:16.239169-04:00,2026-09-10T17:04:16.239169-04:00,propline_free_sample
2026-09-09,2026-09-10 02:10:00+00:00,Yoshinobu Yamamoto,6.5,under,156,novig,205550,Los Angeles Dodgers,Cincinnati Reds,2026-09-10T01:59:34.623387+00:00,2026-09-10T21:04:16.239169+00:00,2026-09-10T17:04:16.239169-04:00,2026-09-10T17:04:16.239169-04:00,propline_free_sample
2026-09-09,2026-09-10 02:10:00+00:00,Rhett Lowder,5.5,over,100,fanatics,205550,Los Angeles Dodgers,Cincinnati Reds,2026-09-10T02:07:02.625677+00:00,2026-09-10T21:04:16.239169+00:00,2026-09-10T17:04:16.239169-04:00,2026-09-10T17:04:16.239169-04:00,propline_free_sample
2026-09-09,2026-09-10 02:10:00+00:00,Rhett Lowder,5.5,under,-130,fanatics,205550,Los Angeles Dodgers,Cincinnati Reds,2026-09-10T02:07:02.625677+00:00,2026-09-10T21:04:16.239169+00:00,2026-09-10T17:04:16.239169-04:00,2026-09-10T17:04:16.239169-04:00,propline_free_sample
2026-09-09,2026-09-10 02:10:00+00:00,Yoshinobu Yamamoto,9.5,over,-130,fanatics,205550,Los Angeles Dodgers,Cincinnati Reds,2026-09-10T02:08:59.462775+00:00,2026-09-10T21:04:16.239169+00:00,2026-09-10T17:04:16.239169-04:00,2026-09-10T17:04:16.239169-04:00,propline_free_sample
2026-09-09,2026-09-10 02:10:00+00:00,Yoshinobu Yamamoto,9.5,under,100,fanatics,205550,Los Angeles Dodgers,Cincinnati Reds,2026-09-10T02:08:59.462775+00:00,2026-09-10T21:04:16.239169+00:00,2026-09-10T17:04:16.239169-04:00,2026-09-10T17:04:16.239169-04:00,propline_free_sample
2026-09-09,2026-09-10 02:10:00+00:00,Rhett Lowder,3.5,over,104,dabble,205550,Los Angeles Dodgers,Cincinnati Reds,2026-09-10T01:34:41.115286+00:00,2026-09-10T21:04:16.239169+00:00,2026-09-10T17:04:16.239169-04:00,2026-09-10T17:04:16.239169-04:00,propline_free_sample
2026-09-09,2026-09-10 02:10:00+00:00,Yoshinobu Yamamoto,7.5,over,116,dabble,205550,Los Angeles Dodgers,Cincinnati Reds,2026-09-10T01:38:52.296878+00:00,2026-09-10T21:04:16.239169+00:00,2026-09-10T17:04:16.239169-04:00,2026-09-10T17:04:16.239169-04:00,propline_free_sample
2026-09-09,2026-09-10 02:10:00+00:00,Rhett Lowder,3.5,under,-103,dabble,205550,Los Angeles Dodgers,Cincinnati Reds,2026-09-09T22:43:02.986897+00:00,2026-09-10T21:04:16.239169+00:00,2026-09-10T17:04:16.239169-04:00,2026-09-10T17:04:16.239169-04:00,propline_free_sample
2026-09-09,2026-09-10 02:10:00+00:00,Yoshinobu Yamamoto,7.5,under,-115,dabble,205550,Los Angeles Dodgers,Cincinnati Reds,2026-09-10T01:38:52.296878+00:00,2026-09-10T21:04:16.239169+00:00,2026-09-10T17:04:16.239169-04:00,2026-09-10T17:04:16.239169-04:00,propline_free_sample
2026-09-09,2026-09-10 02:10:00+00:00,Rhett Lowder,4.5,over,-179,underdog,205550,Los Angeles Dodgers,Cincinnati Reds,2026-09-10T01:41:50.981846+00:00,2026-09-10T21:04:16.239169+00:00,2026-09-10T17:04:16.239169-04:00,2026-09-10T17:04:16.239169-04:00,propline_free_sample
2026-09-09,2026-09-10 02:10:00+00:00,Yoshinobu Yamamoto,10.5,over,106,underdog,205550,Los Angeles Dodgers,Cincinnati Reds,2026-09-09T22:51:22.675130+00:00,2026-09-10T21:04:16.239169+00:00,2026-09-10T17:04:16.239169-04:00,2026-09-10T17:04:16.239169-04:00,propline_free_sample
2026-09-09,2026-09-10 02:10:00+00:00,Rhett Lowder,4.5,under,120,underdog,205550,Los Angeles Dodgers,Cincinnati Reds,2026-09-10T01:41:50.981846+00:00,2026-09-10T21:04:16.239169+00:00,2026-09-10T17:04:16.239169-04:00,2026-09-10T17:04:16.239169-04:00,propline_free_sample
2026-09-09,2026-09-10 02:10:00+00:00,Yoshinobu Yamamoto,10.5,under,-157,underdog,205550,Los Angeles Dodgers,Cincinnati Reds,2026-09-09T22:51:22.675130+00:00,2026-09-10T21:04:16.239169+00:00,2026-09-10T17:04:16.239169-04:00,2026-09-10T17:04:16.239169-04:00,propline_free_sample
2026-09-09,2026-09-10 02:10:00+00:00,Rhett Lowder,3.5,over,-114,smarkets,205550,Los Angeles Dodgers,Cincinnati Reds,2026-09-10T01:42:14.946589+00:00,2026-09-10T21:04:16.239169+00:00,2026-09-10T17:04:16.239169-04:00,2026-09-10T17:04:16.239169-04:00,propline_free_sample
2026-09-09,2026-09-10 02:10:00+00:00,Rhett Lowder,3.5,under,-122,smarkets,205550,Los Angeles Dodgers,Cincinnati Reds,2026-09-10T01:35:09.018900+00:00,2026-09-10T21:04:16.239169+00:00,2026-09-10T17:04:16.239169-04:00,2026-09-10T17:04:16.239169-04:00,propline_free_sample
2026-09-09,2026-09-10 02:10:00+00:00,Yoshinobu Yamamoto,7.5,over,-103,smarkets,205550,Los Angeles Dodgers,Cincinnati Reds,2026-09-10T01:42:14.946589+00:00,2026-09-10T21:04:16.239169+00:00,2026-09-10T17:04:16.239169-04:00,2026-09-10T17:04:16.239169-04:00,propline_free_sample
2026-09-09,2026-09-10 02:10:00+00:00,Yoshinobu Yamamoto,7.5,under,-137,smarkets,205550,Los Angeles Dodgers,Cincinnati Reds,2026-09-10T02:09:54.836967+00:00,2026-09-10T21:04:16.239169+00:00,2026-09-10T17:04:16.239169-04:00,2026-09-10T17:04:16.239169-04:00,propline_free_sample
2026-09-09,2026-09-10 02:10:00+00:00,Rhett Lowder,3.5,over,-124,draftkings,205550,Los Angeles Dodgers,Cincinnati Reds,2026-09-10T01:14:50.506052+00:00,2026-09-10T21:04:16.239169+00:00,2026-09-10T17:04:16.239169-04:00,2026-09-10T17:04:16.239169-04:00,propline_free_sample
2026-09-09,2026-09-10 02:10:00+00:00,Rhett Lowder,3.5,under,-103,draftkings,205550,Los Angeles Dodgers,Cincinnati Reds,2026-09-10T01:14:50.506052+00:00,2026-09-10T21:04:16.239169+00:00,2026-09-10T17:04:16.239169-04:00,2026-09-10T17:04:16.239169-04:00,propline_free_sample
2026-09-09,2026-09-10 02:10:00+00:00,Yoshinobu Yamamoto,7.5,over,-115,draftkings,205550,Los Angeles Dodgers,Cincinnati Reds,2026-09-10T00:06:18.632184+00:00,2026-09-10T21:04:16.239169+00:00,2026-09-10T17:04:16.239169-04:00,2026-09-10T17:04:16.239169-04:00,propline_free_sample
2026-09-09,2026-09-10 02:10:00+00:00,Yoshinobu Yamamoto,7.5,under,-111,draftkings,205550,Los Angeles Dodgers,Cincinnati Reds,2026-09-10T00:06:18.632184+00:00,2026-09-10T21:04:16.239169+00:00,2026-09-10T17:04:16.239169-04:00,2026-09-10T17:04:16.239169-04:00,propline_free_sample
2026-09-09,2026-09-10 02:10:00+00:00,Rhett Lowder,3.5,over,-130,onexbet,205550,Los Angeles Dodgers,Cincinnati Reds,2026-09-10T01:44:25.605741+00:00,2026-09-10T21:04:16.239169+00:00,2026-09-10T17:04:16.239169-04:00,2026-09-10T17:04:16.239169-04:00,propline_free_sample
2026-09-09,2026-09-10 02:10:00+00:00,Yoshinobu Yamamoto,7.5,over,100,onexbet,205550,Los Angeles Dodgers,Cincinnati Reds,2026-09-10T01:44:25.605741+00:00,2026-09-10T21:04:16.239169+00:00,2026-09-10T17:04:16.239169-04:00,2026-09-10T17:04:16.239169-04:00,propline_free_sample
2026-09-09,2026-09-10 02:10:00+00:00,Rhett Lowder,3.5,under,-105,onexbet,205550,Los Angeles Dodgers,Cincinnati Reds,2026-09-10T01:44:25.605741+00:00,2026-09-10T21:04:16.239169+00:00,2026-09-10T17:04:16.239169-04:00,2026-09-10T17:04:16.239169-04:00,propline_free_sample
2026-09-09,2026-09-10 02:10:00+00:00,Yoshinobu Yamamoto,7.5,under,-135,onexbet,205550,Los Angeles Dodgers,Cincinnati Reds,2026-09-10T01:44:25.605741+00:00,2026-09-10T21:04:16.239169+00:00,2026-09-10T17:04:16.239169-04:00,2026-09-10T17:04:16.239169-04:00,propline_free_sample
2026-09-09,2026-09-10 02:10:00+00:00,Rhett Lowder,1.5,over,-4900,kalshi,205550,Los Angeles Dodgers,Cincinnati Reds,2026-09-09T23:27:52.854302+00:00,2026-09-10T21:04:16.239169+00:00,2026-09-10T17:04:16.239169-04:00,2026-09-10T17:04:16.239169-04:00,propline_free_sample
2026-09-09,2026-09-10 02:10:00+00:00,Yoshinobu Yamamoto,10.5,over,9900,kalshi,205550,Los Angeles Dodgers,Cincinnati Reds,2026-09-10T02:07:50.698022+00:00,2026-09-10T21:04:16.239169+00:00,2026-09-10T17:04:16.239169-04:00,2026-09-10T17:04:16.239169-04:00,propline_free_sample
2026-09-09,2026-09-10 02:10:00+00:00,Yoshinobu Yamamoto,11.5,over,9900,kalshi,205550,Los Angeles Dodgers,Cincinnati Reds,2026-09-10T01:32:00.817917+00:00,2026-09-10T21:04:16.239169+00:00,2026-09-10T17:04:16.239169-04:00,2026-09-10T17:04:16.239169-04:00,propline_free_sample
2026-09-09,2026-09-10 02:10:00+00:00,Rhett Lowder,2.5,over,-4900,kalshi,205550,Los Angeles Dodgers,Cincinnati Reds,2026-09-09T23:02:53.464008+00:00,2026-09-10T21:04:16.239169+00:00,2026-09-10T17:04:16.239169-04:00,2026-09-10T17:04:16.239169-04:00,propline_free_sample
2026-09-09,2026-09-10 02:10:00+00:00,Rhett Lowder,3.5,over,-4900,kalshi,205550,Los Angeles Dodgers,Cincinnati Reds,2026-09-10T00:32:33.175220+00:00,2026-09-10T21:04:16.239169+00:00,2026-09-10T17:04:16.239169-04:00,2026-09-10T17:04:16.239169-04:00,propline_free_sample
2026-09-09,2026-09-10 02:10:00+00:00,Rhett Lowder,4.5,over,9900,kalshi,205550,Los Angeles Dodgers,Cincinnati Reds,2026-09-09T23:02:53.464008+00:00,2026-09-10T21:04:16.239169+00:00,2026-09-10T17:04:16.239169-04:00,2026-09-10T17:04:16.239169-04:00,propline_free_sample
2026-09-09,2026-09-10 02:10:00+00:00,Yoshinobu Yamamoto,4.5,over,-2400,kalshi,205550,Los Angeles Dodgers,Cincinnati Reds,2026-09-10T02:04:25.259277+00:00,2026-09-10T21:04:16.239169+00:00,2026-09-10T17:04:16.239169-04:00,2026-09-10T17:04:16.239169-04:00,propline_free_sample
2026-09-09,2026-09-10 02:10:00+00:00,Rhett Lowder,5.5,over,9900,kalshi,205550,Los Angeles Dodgers,Cincinnati Reds,2026-09-09T23:12:01.133612+00:00,2026-09-10T21:04:16.239169+00:00,2026-09-10T17:04:16.239169-04:00,2026-09-10T17:04:16.239169-04:00,propline_free_sample
2026-09-09,2026-09-10 02:10:00+00:00,Yoshinobu Yamamoto,5.5,over,-3233,kalshi,205550,Los Angeles Dodgers,Cincinnati Reds,2026-09-10T02:08:29.927335+00:00,2026-09-10T21:04:16.239169+00:00,2026-09-10T17:04:16.239169-04:00,2026-09-10T17:04:16.239169-04:00,propline_free_sample
2026-09-09,2026-09-10 02:10:00+00:00,Rhett Lowder,6.5,over,9900,kalshi,205550,Los Angeles Dodgers,Cincinnati Reds,2026-09-10T00:56:44.286510+00:00,2026-09-10T21:04:16.239169+00:00,2026-09-10T17:04:16.239169-04:00,2026-09-10T17:04:16.239169-04:00,propline_free_sample
2026-09-09,2026-09-10 02:10:00+00:00,Yoshinobu Yamamoto,6.5,over,-1900,kalshi,205550,Los Angeles Dodgers,Cincinnati Reds,2026-09-10T02:07:50.698022+00:00,2026-09-10T21:04:16.239169+00:00,2026-09-10T17:04:16.239169-04:00,2026-09-10T17:04:16.239169-04:00,propline_free_sample
2026-09-09,2026-09-10 02:10:00+00:00,Yoshinobu Yamamoto,7.5,over,-567,kalshi,205550,Los Angeles Dodgers,Cincinnati Reds,2026-09-10T02:08:29.927335+00:00,2026-09-10T21:04:16.239169+00:00,2026-09-10T17:04:16.239169-04:00,2026-09-10T17:04:16.239169-04:00,propline_free_sample
2026-09-09,2026-09-10 02:10:00+00:00,Yoshinobu Yamamoto,8.5,over,-567,kalshi,205550,Los Angeles Dodgers,Cincinnati Reds,2026-09-09T23:52:30.660186+00:00,2026-09-10T21:04:16.239169+00:00,2026-09-10T17:04:16.239169-04:00,2026-09-10T17:04:16.239169-04:00,propline_free_sample
2026-09-09,2026-09-10 02:10:00+00:00,Yoshinobu Yamamoto,9.5,over,-270,kalshi,205550,Los Angeles Dodgers,Cincinnati Reds,2026-09-10T00:56:44.286510+00:00,2026-09-10T21:04:16.239169+00:00,2026-09-10T17:04:16.239169-04:00,2026-09-10T17:04:16.239169-04:00,propline_free_sample
2026-09-09,2026-09-10 02:10:00+00:00,Rhett Lowder,1.5,under,9900,kalshi,205550,Los Angeles Dodgers,Cincinnati Reds,2026-09-10T00:03:36.695032+00:00,2026-09-10T21:04:16.239169+00:00,2026-09-10T17:04:16.239169-04:00,2026-09-10T17:04:16.239169-04:00,propline_free_sample
2026-09-09,2026-09-10 02:10:00+00:00,Yoshinobu Yamamoto,10.5,under,-4900,kalshi,205550,Los Angeles Dodgers,Cincinnati Reds,2026-09-09T22:27:19.211055+00:00,2026-09-10T21:04:16.239169+00:00,2026-09-10T17:04:16.239169-04:00,2026-09-10T17:04:16.239169-04:00,propline_free_sample
2026-09-09,2026-09-10 02:10:00+00:00,Rhett Lowder,2.5,under,9900,kalshi,205550,Los Angeles Dodgers,Cincinnati Reds,2026-09-10T01:51:35.708896+00:00,2026-09-10T21:04:16.239169+00:00,2026-09-10T17:04:16.239169-04:00,2026-09-10T17:04:16.239169-04:00,propline_free_sample
2026-09-09,2026-09-10 02:10:00+00:00,Rhett Lowder,3.5,under,9900,kalshi,205550,Los Angeles Dodgers,Cincinnati Reds,2026-09-10T00:30:42.182419+00:00,2026-09-10T21:04:16.239169+00:00,2026-09-10T17:04:16.239169-04:00,2026-09-10T17:04:16.239169-04:00,propline_free_sample
2026-09-09,2026-09-10 02:10:00+00:00,Rhett Lowder,4.5,under,-1900,kalshi,205550,Los Angeles Dodgers,Cincinnati Reds,2026-09-09T23:02:53.464008+00:00,2026-09-10T21:04:16.239169+00:00,2026-09-10T17:04:16.239169-04:00,2026-09-10T17:04:16.239169-04:00,propline_free_sample
2026-09-09,2026-09-10 02:10:00+00:00,Yoshinobu Yamamoto,4.5,under,9900,kalshi,205550,Los Angeles Dodgers,Cincinnati Reds,2026-09-10T02:09:01.323712+00:00,2026-09-10T21:04:16.239169+00:00,2026-09-10T17:04:16.239169-04:00,2026-09-10T17:04:16.239169-04:00,propline_free_sample
2026-09-09,2026-09-10 02:10:00+00:00,Rhett Lowder,5.5,under,-1150,kalshi,205550,Los Angeles Dodgers,Cincinnati Reds,2026-09-09T23:15:03.521499+00:00,2026-09-10T21:04:16.239169+00:00,2026-09-10T17:04:16.239169-04:00,2026-09-10T17:04:16.239169-04:00,propline_free_sample
2026-09-09,2026-09-10 02:10:00+00:00,Yoshinobu Yamamoto,5.5,under,9900,kalshi,205550,Los Angeles Dodgers,Cincinnati Reds,2026-09-10T02:04:25.259277+00:00,2026-09-10T21:04:16.239169+00:00,2026-09-10T17:04:16.239169-04:00,2026-09-10T17:04:16.239169-04:00,propline_free_sample
2026-09-09,2026-09-10 02:10:00+00:00,Rhett Lowder,6.5,under,-669,kalshi,205550,Los Angeles Dodgers,Cincinnati Reds,2026-09-09T23:47:07.571599+00:00,2026-09-10T21:04:16.239169+00:00,2026-09-10T17:04:16.239169-04:00,2026-09-10T17:04:16.239169-04:00,propline_free_sample
2026-09-09,2026-09-10 02:10:00+00:00,Yoshinobu Yamamoto,6.5,under,9900,kalshi,205550,Los Angeles Dodgers,Cincinnati Reds,2026-09-10T02:08:29.927335+00:00,2026-09-10T21:04:16.239169+00:00,2026-09-10T17:04:16.239169-04:00,2026-09-10T17:04:16.239169-04:00,propline_free_sample
2026-09-09,2026-09-10 02:10:00+00:00,Yoshinobu Yamamoto,7.5,under,9900,kalshi,205550,Los Angeles Dodgers,Cincinnati Reds,2026-09-10T01:15:17.253767+00:00,2026-09-10T21:04:16.239169+00:00,2026-09-10T17:04:16.239169-04:00,2026-09-10T17:04:16.239169-04:00,propline_free_sample
2026-09-09,2026-09-10 02:10:00+00:00,Yoshinobu Yamamoto,8.5,under,9900,kalshi,205550,Los Angeles Dodgers,Cincinnati Reds,2026-09-10T02:08:29.927335+00:00,2026-09-10T21:04:16.239169+00:00,2026-09-10T17:04:16.239169-04:00,2026-09-10T17:04:16.239169-04:00,propline_free_sample
2026-09-09,2026-09-10 02:10:00+00:00,Yoshinobu Yamamoto,9.5,under,9900,kalshi,205550,Los Angeles Dodgers,Cincinnati Reds,2026-09-10T02:08:29.927335+00:00,2026-09-10T21:04:16.239169+00:00,2026-09-10T17:04:16.239169-04:00,2026-09-10T17:04:16.239169-04:00,propline_free_sample
2026-09-09,2026-09-10 02:10:00+00:00,Yoshinobu Yamamoto,11.5,under,-4900,kalshi,205550,Los Angeles Dodgers,Cincinnati Reds,2026-09-09T21:59:50.129035+00:00,2026-09-10T21:04:16.239169+00:00,2026-09-10T17:04:16.239169-04:00,2026-09-10T17:04:16.239169-04:00,propline_free_sample
2026-09-09,2026-09-10 02:10:00+00:00,Rhett Lowder,3.5,over,-123,rebet,205550,Los Angeles Dodgers,Cincinnati Reds,2026-09-10T00:15:00.342089+00:00,2026-09-10T21:04:16.239169+00:00,2026-09-10T17:04:16.239169-04:00,2026-09-10T17:04:16.239169-04:00,propline_free_sample
2026-09-09,2026-09-10 02:10:00+00:00,Rhett Lowder,3.5,under,-113,rebet,205550,Los Angeles Dodgers,Cincinnati Reds,2026-09-10T00:15:00.342089+00:00,2026-09-10T21:04:16.239169+00:00,2026-09-10T17:04:16.239169-04:00,2026-09-10T17:04:16.239169-04:00,propline_free_sample
2026-09-09,2026-09-10 02:10:00+00:00,Yoshinobu Yamamoto,7.5,over,-117,rebet,205550,Los Angeles Dodgers,Cincinnati Reds,2026-09-10T02:08:42.815950+00:00,2026-09-10T21:04:16.239169+00:00,2026-09-10T17:04:16.239169-04:00,2026-09-10T17:04:16.239169-04:00,propline_free_sample
2026-09-09,2026-09-10 02:10:00+00:00,Yoshinobu Yamamoto,7.5,under,-117,rebet,205550,Los Angeles Dodgers,Cincinnati Reds,2026-09-10T02:08:42.815950+00:00,2026-09-10T21:04:16.239169+00:00,2026-09-10T17:04:16.239169-04:00,2026-09-10T17:04:16.239169-04:00,propline_free_sample
2026-09-09,2026-09-10 02:10:00+00:00,Rhett Lowder,4.5,over,-155,betmgm,205550,Los Angeles Dodgers,Cincinnati Reds,2026-09-09T23:29:20.548690+00:00,2026-09-10T21:04:16.239169+00:00,2026-09-10T17:04:16.239169-04:00,2026-09-10T17:04:16.239169-04:00,propline_free_sample
2026-09-09,2026-09-10 02:10:00+00:00,Rhett Lowder,4.5,under,115,betmgm,205550,Los Angeles Dodgers,Cincinnati Reds,2026-09-09T23:29:20.548690+00:00,2026-09-10T21:04:16.239169+00:00,2026-09-10T17:04:16.239169-04:00,2026-09-10T17:04:16.239169-04:00,propline_free_sample
2026-09-09,2026-09-10 02:10:00+00:00,Yoshinobu Yamamoto,6.5,over,-130,betmgm,205550,Los Angeles Dodgers,Cincinnati Reds,2026-09-09T23:44:36.760716+00:00,2026-09-10T21:04:16.239169+00:00,2026-09-10T17:04:16.239169-04:00,2026-09-10T17:04:16.239169-04:00,propline_free_sample
2026-09-09,2026-09-10 02:10:00+00:00,Yoshinobu Yamamoto,6.5,under,-110,betmgm,205550,Los Angeles Dodgers,Cincinnati Reds,2026-09-09T23:44:36.760716+00:00,2026-09-10T21:04:16.239169+00:00,2026-09-10T17:04:16.239169-04:00,2026-09-10T17:04:16.239169-04:00,propline_free_sample
2026-09-09,2026-09-10 02:10:00+00:00,Rhett Lowder,2.5,over,-264,novig,205550,Los Angeles Dodgers,Cincinnati Reds,2026-09-10T01:04:29.060796+00:00,2026-09-10T21:04:16.239169+00:00,2026-09-10T17:04:16.239169-04:00,2026-09-10T17:04:16.239169-04:00,propline_free_sample
2026-09-09,2026-09-10 02:10:00+00:00,Rhett Lowder,2.5,under,245,novig,205550,Los Angeles Dodgers,Cincinnati Reds,2026-09-10T00:58:18.894426+00:00,2026-09-10T21:04:16.239169+00:00,2026-09-10T17:04:16.239169-04:00,2026-09-10T17:04:16.239169-04:00,propline_free_sample
2026-09-09,2026-09-10 02:10:00+00:00,Rhett Lowder,4.5,over,190,novig,205550,Los Angeles Dodgers,Cincinnati Reds,2026-09-10T02:02:11.487789+00:00,2026-09-10T21:04:16.239169+00:00,2026-09-10T17:04:16.239169-04:00,2026-09-10T17:04:16.239169-04:00,propline_free_sample
2026-09-09,2026-09-10 02:10:00+00:00,Rhett Lowder,4.5,under,-223,novig,205550,Los Angeles Dodgers,Cincinnati Reds,2026-09-10T02:09:26.030786+00:00,2026-09-10T21:04:16.239169+00:00,2026-09-10T17:04:16.239169-04:00,2026-09-10T17:04:16.239169-04:00,propline_free_sample
2026-09-09,2026-09-10 02:10:00+00:00,Yoshinobu Yamamoto,8.5,over,170,novig,205550,Los Angeles Dodgers,Cincinnati Reds,2026-09-10T02:09:26.030786+00:00,2026-09-10T21:04:16.239169+00:00,2026-09-10T17:04:16.239169-04:00,2026-09-10T17:04:16.239169-04:00,propline_free_sample
2026-09-09,2026-09-10 02:10:00+00:00,Yoshinobu Yamamoto,8.5,under,-199,novig,205550,Los Angeles Dodgers,Cincinnati Reds,2026-09-10T00:03:44.832972+00:00,2026-09-10T21:04:16.239169+00:00,2026-09-10T17:04:16.239169-04:00,2026-09-10T17:04:16.239169-04:00,propline_free_sample
2026-09-09,2026-09-10 02:10:00+00:00,Yoshinobu Yamamoto,5.5,over,-355,novig,205550,Los Angeles Dodgers,Cincinnati Reds,2026-09-09T23:21:44.169156+00:00,2026-09-10T21:04:16.239169+00:00,2026-09-10T17:04:16.239169-04:00,2026-09-10T17:04:16.239169-04:00,propline_free_sample
2026-09-09,2026-09-10 02:10:00+00:00,Yoshinobu Yamamoto,5.5,under,292,novig,205550,Los Angeles Dodgers,Cincinnati Reds,2026-09-10T02:06:55.537349+00:00,2026-09-10T21:04:16.239169+00:00,2026-09-10T17:04:16.239169-04:00,2026-09-10T17:04:16.239169-04:00,propline_free_sample
2026-09-09,2026-09-10 02:10:00+00:00,Yoshinobu Yamamoto (LAD),7.5,over,-120,betonlineag,205550,Los Angeles Dodgers,Cincinnati Reds,2026-09-09T18:04:51.109917+00:00,2026-09-10T21:04:16.239169+00:00,2026-09-10T17:04:16.239169-04:00,2026-09-10T17:04:16.239169-04:00,propline_free_sample
2026-09-09,2026-09-10 02:10:00+00:00,Yoshinobu Yamamoto (LAD),7.5,under,-120,betonlineag,205550,Los Angeles Dodgers,Cincinnati Reds,2026-09-09T18:04:51.109917+00:00,2026-09-10T21:04:16.239169+00:00,2026-09-10T17:04:16.239169-04:00,2026-09-10T17:04:16.239169-04:00,propline_free_sample
2026-09-09,2026-09-10 02:10:00+00:00,Yoshinobu Yamamoto (LAD),7.5,over,-120,lowvig,205550,Los Angeles Dodgers,Cincinnati Reds,2026-09-09T18:04:59.712502+00:00,2026-09-10T21:04:16.239169+00:00,2026-09-10T17:04:16.239169-04:00,2026-09-10T17:04:16.239169-04:00,propline_free_sample
2026-09-09,2026-09-10 02:10:00+00:00,Yoshinobu Yamamoto (LAD),7.5,under,-120,lowvig,205550,Los Angeles Dodgers,Cincinnati Reds,2026-09-09T18:04:59.712502+00:00,2026-09-10T21:04:16.239169+00:00,2026-09-10T17:04:16.239169-04:00,2026-09-10T17:04:16.239169-04:00,propline_free_sample
2026-09-09,2026-09-09 23:40:00+00:00,Kevin Gausman,5.5,over,116,fanduel,205418,Milwaukee Brewers,Chicago Cubs,2026-09-09T21:57:40.999029+00:00,2026-09-10T21:04:16.239169+00:00,2026-09-10T17:04:16.239169-04:00,2026-09-10T17:04:16.239169-04:00,propline_free_sample
2026-09-09,2026-09-09 23:40:00+00:00,Kevin Gausman,5.5,under,-148,fanduel,205418,Milwaukee Brewers,Chicago Cubs,2026-09-09T21:57:40.999029+00:00,2026-09-10T21:04:16.239169+00:00,2026-09-10T17:04:16.239169-04:00,2026-09-10T17:04:16.239169-04:00,propline_free_sample
2026-09-09,2026-09-09 23:40:00+00:00,Logan Henderson,6.5,over,134,fanduel,205418,Milwaukee Brewers,Chicago Cubs,2026-09-09T21:57:40.999029+00:00,2026-09-10T21:04:16.239169+00:00,2026-09-10T17:04:16.239169-04:00,2026-09-10T17:04:16.239169-04:00,propline_free_sample
2026-09-09,2026-09-09 23:40:00+00:00,Logan Henderson,6.5,under,-172,fanduel,205418,Milwaukee Brewers,Chicago Cubs,2026-09-09T21:57:40.999029+00:00,2026-09-10T21:04:16.239169+00:00,2026-09-10T17:04:16.239169-04:00,2026-09-10T17:04:16.239169-04:00,propline_free_sample
2026-09-09,2026-09-09 23:40:00+00:00,Kevin Gausman,5.0,over,100,prizepicks,205418,Milwaukee Brewers,Chicago Cubs,2026-09-09T21:53:38.903131+00:00,2026-09-10T21:04:16.239169+00:00,2026-09-10T17:04:16.239169-04:00,2026-09-10T17:04:16.239169-04:00,propline_free_sample
2026-09-09,2026-09-09 23:40:00+00:00,Kevin Gausman,5.0,under,100,prizepicks,205418,Milwaukee Brewers,Chicago Cubs,2026-09-09T21:53:38.903131+00:00,2026-09-10T21:04:16.239169+00:00,2026-09-10T17:04:16.239169-04:00,2026-09-10T17:04:16.239169-04:00,propline_free_sample
2026-09-09,2026-09-09 23:40:00+00:00,Kevin Gausman,6.5,over,100,prizepicks,205418,Milwaukee Brewers,Chicago Cubs,2026-09-09T00:31:19.743018+00:00,2026-09-10T21:04:16.239169+00:00,2026-09-10T17:04:16.239169-04:00,2026-09-10T17:04:16.239169-04:00,propline_free_sample
2026-09-09,2026-09-09 23:40:00+00:00,Logan Henderson,6.5,over,100,prizepicks,205418,Milwaukee Brewers,Chicago Cubs,2026-09-09T00:31:19.743018+00:00,2026-09-10T21:04:16.239169+00:00,2026-09-10T17:04:16.239169-04:00,2026-09-10T17:04:16.239169-04:00,propline_free_sample
2026-09-09,2026-09-09 23:40:00+00:00,Logan Henderson,6.5,under,100,prizepicks,205418,Milwaukee Brewers,Chicago Cubs,2026-09-09T00:31:19.743018+00:00,2026-09-10T21:04:16.239169+00:00,2026-09-10T17:04:16.239169-04:00,2026-09-10T17:04:16.239169-04:00,propline_free_sample
2026-09-09,2026-09-09 23:40:00+00:00,Kevin Gausman,7.5,over,100,prizepicks,205418,Milwaukee Brewers,Chicago Cubs,2026-09-09T00:31:19.743018+00:00,2026-09-10T21:04:16.239169+00:00,2026-09-10T17:04:16.239169-04:00,2026-09-10T17:04:16.239169-04:00,propline_free_sample
2026-09-09,2026-09-09 23:40:00+00:00,Logan Henderson,7.5,over,100,prizepicks,205418,Milwaukee Brewers,Chicago Cubs,2026-09-09T00:31:19.743018+00:00,2026-09-10T21:04:16.239169+00:00,2026-09-10T17:04:16.239169-04:00,2026-09-10T17:04:16.239169-04:00,propline_free_sample
2026-09-09,2026-09-09 23:40:00+00:00,Logan Henderson,8.5,over,100,prizepicks,205418,Milwaukee Brewers,Chicago Cubs,2026-09-09T00:31:19.743018+00:00,2026-09-10T21:04:16.239169+00:00,2026-09-10T17:04:16.239169-04:00,2026-09-10T17:04:16.239169-04:00,propline_free_sample
2026-09-09,2026-09-09 23:40:00+00:00,Kevin Gausman,3.5,over,100,prizepicks,205418,Milwaukee Brewers,Chicago Cubs,2026-09-09T00:31:19.743018+00:00,2026-09-10T21:04:16.239169+00:00,2026-09-10T17:04:16.239169-04:00,2026-09-10T17:04:16.239169-04:00,propline_free_sample
2026-09-09,2026-09-09 23:40:00+00:00,Kevin Gausman,4.5,over,100,prizepicks,205418,Milwaukee Brewers,Chicago Cubs,2026-09-09T00:31:19.743018+00:00,2026-09-10T21:04:16.239169+00:00,2026-09-10T17:04:16.239169-04:00,2026-09-10T17:04:16.239169-04:00,propline_free_sample
2026-09-09,2026-09-09 23:40:00+00:00,Logan Henderson,4.5,over,100,prizepicks,205418,Milwaukee Brewers,Chicago Cubs,2026-09-09T00:31:19.743018+00:00,2026-09-10T21:04:16.239169+00:00,2026-09-10T17:04:16.239169-04:00,2026-09-10T17:04:16.239169-04:00,propline_free_sample
2026-09-09,2026-09-09 23:40:00+00:00,Logan Henderson,5.5,over,100,prizepicks,205418,Milwaukee Brewers,Chicago Cubs,2026-09-09T00:31:19.743018+00:00,2026-09-10T21:04:16.239169+00:00,2026-09-10T17:04:16.239169-04:00,2026-09-10T17:04:16.239169-04:00,propline_free_sample
2026-09-09,2026-09-09 23:40:00+00:00,Kevin Gausman,1.5,over,-6000,hardrock,205418,Milwaukee Brewers,Chicago Cubs,2026-09-09T21:12:24.646824+00:00,2026-09-10T21:04:16.239169+00:00,2026-09-10T17:04:16.239169-04:00,2026-09-10T17:04:16.239169-04:00,propline_free_sample
2026-09-09,2026-09-09 23:40:00+00:00,Kevin Gausman,1.5,under,1400,hardrock,205418,Milwaukee Brewers,Chicago Cubs,2026-09-09T21:12:24.646824+00:00,2026-09-10T21:04:16.239169+00:00,2026-09-10T17:04:16.239169-04:00,2026-09-10T17:04:16.239169-04:00,propline_free_sample
2026-09-09,2026-09-09 23:40:00+00:00,Kevin Gausman,10.5,over,5000,hardrock,205418,Milwaukee Brewers,Chicago Cubs,2026-09-09T20:17:02.584799+00:00,2026-09-10T21:04:16.239169+00:00,2026-09-10T17:04:16.239169-04:00,2026-09-10T17:04:16.239169-04:00,propline_free_sample
2026-09-09,2026-09-09 23:40:00+00:00,Kevin Gausman,10.5,under,-100000,hardrock,205418,Milwaukee Brewers,Chicago Cubs,2026-09-09T20:17:02.584799+00:00,2026-09-10T21:04:16.239169+00:00,2026-09-10T17:04:16.239169-04:00,2026-09-10T17:04:16.239169-04:00,propline_free_sample
2026-09-09,2026-09-09 23:40:00+00:00,Kevin Gausman,2.5,over,-6000,hardrock,205418,Milwaukee Brewers,Chicago Cubs,2026-09-09T22:36:01.101592+00:00,2026-09-10T21:04:16.239169+00:00,2026-09-10T17:04:16.239169-04:00,2026-09-10T17:04:16.239169-04:00,propline_free_sample
2026-09-09,2026-09-09 23:40:00+00:00,Kevin Gausman,2.5,under,1300,hardrock,205418,Milwaukee Brewers,Chicago Cubs,2026-09-09T20:17:02.584799+00:00,2026-09-10T21:04:16.239169+00:00,2026-09-10T17:04:16.239169-04:00,2026-09-10T17:04:16.239169-04:00,propline_free_sample
2026-09-09,2026-09-09 23:40:00+00:00,Kevin Gausman,3.5,over,-650,hardrock,205418,Milwaukee Brewers,Chicago Cubs,2026-09-09T21:12:24.646824+00:00,2026-09-10T21:04:16.239169+00:00,2026-09-10T17:04:16.239169-04:00,2026-09-10T17:04:16.239169-04:00,propline_free_sample
2026-09-09,2026-09-09 23:40:00+00:00,Kevin Gausman,3.5,under,350,hardrock,205418,Milwaukee Brewers,Chicago Cubs,2026-09-09T21:20:51.283986+00:00,2026-09-10T21:04:16.239169+00:00,2026-09-10T17:04:16.239169-04:00,2026-09-10T17:04:16.239169-04:00,propline_free_sample
2026-09-09,2026-09-09 23:40:00+00:00,Kevin Gausman,4.5,over,-600,hardrock,205418,Milwaukee Brewers,Chicago Cubs,2026-09-09T22:36:01.101592+00:00,2026-09-10T21:04:16.239169+00:00,2026-09-10T17:04:16.239169-04:00,2026-09-10T17:04:16.239169-04:00,propline_free_sample
2026-09-09,2026-09-09 23:40:00+00:00,Kevin Gausman,4.5,under,325,hardrock,205418,Milwaukee Brewers,Chicago Cubs,2026-09-09T21:57:15.717174+00:00,2026-09-10T21:04:16.239169+00:00,2026-09-10T17:04:16.239169-04:00,2026-09-10T17:04:16.239169-04:00,propline_free_sample
2026-09-09,2026-09-09 23:40:00+00:00,Kevin Gausman,5.5,over,-135,hardrock,205418,Milwaukee Brewers,Chicago Cubs,2026-09-09T22:08:30.345065+00:00,2026-09-10T21:04:16.239169+00:00,2026-09-10T17:04:16.239169-04:00,2026-09-10T17:04:16.239169-04:00,propline_free_sample
2026-09-09,2026-09-09 23:40:00+00:00,Kevin Gausman,5.5,under,-105,hardrock,205418,Milwaukee Brewers,Chicago Cubs,2026-09-09T22:08:30.345065+00:00,2026-09-10T21:04:16.239169+00:00,2026-09-10T17:04:16.239169-04:00,2026-09-10T17:04:16.239169-04:00,propline_free_sample
2026-09-09,2026-09-09 23:40:00+00:00,Kevin Gausman,6.5,over,195,hardrock,205418,Milwaukee Brewers,Chicago Cubs,2026-09-09T21:12:24.646824+00:00,2026-09-10T21:04:16.239169+00:00,2026-09-10T17:04:16.239169-04:00,2026-09-10T17:04:16.239169-04:00,propline_free_sample
2026-09-09,2026-09-09 23:40:00+00:00,Kevin Gausman,6.5,under,-300,hardrock,205418,Milwaukee Brewers,Chicago Cubs,2026-09-09T21:20:51.283986+00:00,2026-09-10T21:04:16.239169+00:00,2026-09-10T17:04:16.239169-04:00,2026-09-10T17:04:16.239169-04:00,propline_free_sample
2026-09-09,2026-09-09 23:40:00+00:00,Kevin Gausman,7.5,over,425,hardrock,205418,Milwaukee Brewers,Chicago Cubs,2026-09-09T20:54:40.699851+00:00,2026-09-10T21:04:16.239169+00:00,2026-09-10T17:04:16.239169-04:00,2026-09-10T17:04:16.239169-04:00,propline_free_sample
2026-09-09,2026-09-09 23:40:00+00:00,Kevin Gausman,7.5,under,-950,hardrock,205418,Milwaukee Brewers,Chicago Cubs,2026-09-09T21:12:24.646824+00:00,2026-09-10T21:04:16.239169+00:00,2026-09-10T17:04:16.239169-04:00,2026-09-10T17:04:16.239169-04:00,propline_free_sample
2026-09-09,2026-09-09 23:40:00+00:00,Kevin Gausman,8.5,over,900,hardrock,205418,Milwaukee Brewers,Chicago Cubs,2026-09-09T20:37:02.842659+00:00,2026-09-10T21:04:16.239169+00:00,2026-09-10T17:04:16.239169-04:00,2026-09-10T17:04:16.239169-04:00,propline_free_sample
2026-09-09,2026-09-09 23:40:00+00:00,Kevin Gausman,8.5,under,-4000,hardrock,205418,Milwaukee Brewers,Chicago Cubs,2026-09-09T20:17:02.584799+00:00,2026-09-10T21:04:16.239169+00:00,2026-09-10T17:04:16.239169-04:00,2026-09-10T17:04:16.239169-04:00,propline_free_sample
2026-09-09,2026-09-09 23:40:00+00:00,Kevin Gausman,9.5,over,2500,hardrock,205418,Milwaukee Brewers,Chicago Cubs,2026-09-09T20:37:02.842659+00:00,2026-09-10T21:04:16.239169+00:00,2026-09-10T17:04:16.239169-04:00,2026-09-10T17:04:16.239169-04:00,propline_free_sample
2026-09-09,2026-09-09 23:40:00+00:00,Kevin Gausman,9.5,under,-15000,hardrock,205418,Milwaukee Brewers,Chicago Cubs,2026-09-09T21:47:03.864632+00:00,2026-09-10T21:04:16.239169+00:00,2026-09-10T17:04:16.239169-04:00,2026-09-10T17:04:16.239169-04:00,propline_free_sample
2026-09-09,2026-09-09 23:40:00+00:00,Kevin Gausman,6.5,under,100,prizepicks,205418,Milwaukee Brewers,Chicago Cubs,2026-09-09T00:48:06.462584+00:00,2026-09-10T21:04:16.239169+00:00,2026-09-10T17:04:16.239169-04:00,2026-09-10T17:04:16.239169-04:00,propline_free_sample
2026-09-09,2026-09-09 23:40:00+00:00,Kevin Gausman,7.5,under,100,prizepicks,205418,Milwaukee Brewers,Chicago Cubs,2026-09-09T00:48:06.462584+00:00,2026-09-10T21:04:16.239169+00:00,2026-09-10T17:04:16.239169-04:00,2026-09-10T17:04:16.239169-04:00,propline_free_sample
2026-09-09,2026-09-09 23:40:00+00:00,Kevin Gausman,8.5,over,100,prizepicks,205418,Milwaukee Brewers,Chicago Cubs,2026-09-09T00:48:06.462584+00:00,2026-09-10T21:04:16.239169+00:00,2026-09-10T17:04:16.239169-04:00,2026-09-10T17:04:16.239169-04:00,propline_free_sample
2026-09-09,2026-09-09 23:40:00+00:00,Kevin Gausman,3.5,under,100,prizepicks,205418,Milwaukee Brewers,Chicago Cubs,2026-09-09T00:48:06.462584+00:00,2026-09-10T21:04:16.239169+00:00,2026-09-10T17:04:16.239169-04:00,2026-09-10T17:04:16.239169-04:00,propline_free_sample
2026-09-09,2026-09-09 23:40:00+00:00,Kevin Gausman,4.5,under,100,prizepicks,205418,Milwaukee Brewers,Chicago Cubs,2026-09-09T00:48:06.462584+00:00,2026-09-10T21:04:16.239169+00:00,2026-09-10T17:04:16.239169-04:00,2026-09-10T17:04:16.239169-04:00,propline_free_sample
2026-09-09,2026-09-09 23:40:00+00:00,Kevin Gausman,9.5,over,100,prizepicks,205418,Milwaukee Brewers,Chicago Cubs,2026-09-09T00:48:06.462584+00:00,2026-09-10T21:04:16.239169+00:00,2026-09-10T17:04:16.239169-04:00,2026-09-10T17:04:16.239169-04:00,propline_free_sample
2026-09-09,2026-09-09 23:40:00+00:00,Kevin Gausman (CHC),5.5,over,115,bovada,205418,Milwaukee Brewers,Chicago Cubs,2026-09-09T20:52:07.427394+00:00,2026-09-10T21:04:16.239169+00:00,2026-09-10T17:04:16.239169-04:00,2026-09-10T17:04:16.239169-04:00,propline_free_sample
2026-09-09,2026-09-09 23:40:00+00:00,Kevin Gausman (CHC),5.5,under,-150,bovada,205418,Milwaukee Brewers,Chicago Cubs,2026-09-09T20:52:07.427394+00:00,2026-09-10T21:04:16.239169+00:00,2026-09-10T17:04:16.239169-04:00,2026-09-10T17:04:16.239169-04:00,propline_free_sample
2026-09-09,2026-09-09 23:40:00+00:00,Logan Henderson (MIL),6.5,over,130,bovada,205418,Milwaukee Brewers,Chicago Cubs,2026-09-09T17:41:48.107169+00:00,2026-09-10T21:04:16.239169+00:00,2026-09-10T17:04:16.239169-04:00,2026-09-10T17:04:16.239169-04:00,propline_free_sample
2026-09-09,2026-09-09 23:40:00+00:00,Logan Henderson (MIL),6.5,under,-170,bovada,205418,Milwaukee Brewers,Chicago Cubs,2026-09-09T17:41:48.107169+00:00,2026-09-10T21:04:16.239169+00:00,2026-09-10T17:04:16.239169-04:00,2026-09-10T17:04:16.239169-04:00,propline_free_sample
2026-09-09,2026-09-09 23:40:00+00:00,Logan Henderson,10.5,over,575,hardrock,205418,Milwaukee Brewers,Chicago Cubs,2026-09-09T21:36:30.638423+00:00,2026-09-10T21:04:16.239169+00:00,2026-09-10T17:04:16.239169-04:00,2026-09-10T17:04:16.239169-04:00,propline_free_sample
2026-09-09,2026-09-09 23:40:00+00:00,Logan Henderson,10.5,under,-1800,hardrock,205418,Milwaukee Brewers,Chicago Cubs,2026-09-09T18:19:06.651228+00:00,2026-09-10T21:04:16.239169+00:00,2026-09-10T17:04:16.239169-04:00,2026-09-10T17:04:16.239169-04:00,propline_free_sample
2026-09-09,2026-09-09 23:40:00+00:00,Logan Henderson,11.5,over,1500,hardrock,205418,Milwaukee Brewers,Chicago Cubs,2026-09-09T10:10:04.397236+00:00,2026-09-10T21:04:16.239169+00:00,2026-09-10T17:04:16.239169-04:00,2026-09-10T17:04:16.239169-04:00,propline_free_sample
2026-09-09,2026-09-09 23:40:00+00:00,Logan Henderson,11.5,under,-8000,hardrock,205418,Milwaukee Brewers,Chicago Cubs,2026-09-09T13:55:27.696871+00:00,2026-09-10T21:04:16.239169+00:00,2026-09-10T17:04:16.239169-04:00,2026-09-10T17:04:16.239169-04:00,propline_free_sample
2026-09-09,2026-09-09 23:40:00+00:00,Logan Henderson,12.5,over,4000,hardrock,205418,Milwaukee Brewers,Chicago Cubs,2026-09-09T05:14:11.327873+00:00,2026-09-10T21:04:16.239169+00:00,2026-09-10T17:04:16.239169-04:00,2026-09-10T17:04:16.239169-04:00,propline_free_sample
2026-09-09,2026-09-09 23:40:00+00:00,Logan Henderson,12.5,under,-100000,hardrock,205418,Milwaukee Brewers,Chicago Cubs,2026-09-09T10:10:04.397236+00:00,2026-09-10T21:04:16.239169+00:00,2026-09-10T17:04:16.239169-04:00,2026-09-10T17:04:16.239169-04:00,propline_free_sample
2026-09-09,2026-09-09 23:40:00+00:00,Logan Henderson,2.5,over,-4000,hardrock,205418,Milwaukee Brewers,Chicago Cubs,2026-09-09T17:47:24.925422+00:00,2026-09-10T21:04:16.239169+00:00,2026-09-10T17:04:16.239169-04:00,2026-09-10T17:04:16.239169-04:00,propline_free_sample
2026-09-09,2026-09-09 23:40:00+00:00,Logan Henderson,2.5,under,1100,hardrock,205418,Milwaukee Brewers,Chicago Cubs,2026-09-09T17:04:55.718922+00:00,2026-09-10T21:04:16.239169+00:00,2026-09-10T17:04:16.239169-04:00,2026-09-10T17:04:16.239169-04:00,propline_free_sample
2026-09-09,2026-09-09 23:40:00+00:00,Logan Henderson,3.5,over,-20000,hardrock,205418,Milwaukee Brewers,Chicago Cubs,2026-09-09T21:36:30.638423+00:00,2026-09-10T21:04:16.239169+00:00,2026-09-10T17:04:16.239169-04:00,2026-09-10T17:04:16.239169-04:00,propline_free_sample
2026-09-09,2026-09-09 23:40:00+00:00,Logan Henderson,3.5,under,3000,hardrock,205418,Milwaukee Brewers,Chicago Cubs,2026-09-09T17:32:54.383742+00:00,2026-09-10T21:04:16.239169+00:00,2026-09-10T17:04:16.239169-04:00,2026-09-10T17:04:16.239169-04:00,propline_free_sample
2026-09-09,2026-09-09 23:40:00+00:00,Logan Henderson,4.5,over,-15000,hardrock,205418,Milwaukee Brewers,Chicago Cubs,2026-09-09T17:47:24.925422+00:00,2026-09-10T21:04:16.239169+00:00,2026-09-10T17:04:16.239169-04:00,2026-09-10T17:04:16.239169-04:00,propline_free_sample
2026-09-09,2026-09-09 23:40:00+00:00,Logan Henderson,4.5,under,3000,hardrock,205418,Milwaukee Brewers,Chicago Cubs,2026-09-09T22:30:33.213629+00:00,2026-09-10T21:04:16.239169+00:00,2026-09-10T17:04:16.239169-04:00,2026-09-10T17:04:16.239169-04:00,propline_free_sample
2026-09-09,2026-09-09 23:40:00+00:00,Logan Henderson,5.5,over,-8000,hardrock,205418,Milwaukee Brewers,Chicago Cubs,2026-09-09T22:34:20.024363+00:00,2026-09-10T21:04:16.239169+00:00,2026-09-10T17:04:16.239169-04:00,2026-09-10T17:04:16.239169-04:00,propline_free_sample
2026-09-09,2026-09-09 23:40:00+00:00,Logan Henderson,5.5,under,2000,hardrock,205418,Milwaukee Brewers,Chicago Cubs,2026-09-09T17:47:24.925422+00:00,2026-09-10T21:04:16.239169+00:00,2026-09-10T17:04:16.239169-04:00,2026-09-10T17:04:16.239169-04:00,propline_free_sample
2026-09-09,2026-09-09 23:40:00+00:00,Logan Henderson,6.5,over,-1000,hardrock,205418,Milwaukee Brewers,Chicago Cubs,2026-09-09T22:34:20.024363+00:00,2026-09-10T21:04:16.239169+00:00,2026-09-10T17:04:16.239169-04:00,2026-09-10T17:04:16.239169-04:00,propline_free_sample
2026-09-09,2026-09-09 23:40:00+00:00,Logan Henderson,6.5,under,450,hardrock,205418,Milwaukee Brewers,Chicago Cubs,2026-09-09T22:34:20.024363+00:00,2026-09-10T21:04:16.239169+00:00,2026-09-10T17:04:16.239169-04:00,2026-09-10T17:04:16.239169-04:00,propline_free_sample
2026-09-09,2026-09-09 23:40:00+00:00,Logan Henderson,7.5,over,-260,hardrock,205418,Milwaukee Brewers,Chicago Cubs,2026-09-09T22:34:20.024363+00:00,2026-09-10T21:04:16.239169+00:00,2026-09-10T17:04:16.239169-04:00,2026-09-10T17:04:16.239169-04:00,propline_free_sample
2026-09-09,2026-09-09 23:40:00+00:00,Logan Henderson,7.5,under,165,hardrock,205418,Milwaukee Brewers,Chicago Cubs,2026-09-09T22:30:33.213629+00:00,2026-09-10T21:04:16.239169+00:00,2026-09-10T17:04:16.239169-04:00,2026-09-10T17:04:16.239169-04:00,propline_free_sample
2026-09-09,2026-09-09 23:40:00+00:00,Logan Henderson,8.5,over,110,hardrock,205418,Milwaukee Brewers,Chicago Cubs,2026-09-09T22:34:20.024363+00:00,2026-09-10T21:04:16.239169+00:00,2026-09-10T17:04:16.239169-04:00,2026-09-10T17:04:16.239169-04:00,propline_free_sample
2026-09-09,2026-09-09 23:40:00+00:00,Logan Henderson,8.5,under,-160,hardrock,205418,Milwaukee Brewers,Chicago Cubs,2026-09-09T20:28:24.856381+00:00,2026-09-10T21:04:16.239169+00:00,2026-09-10T17:04:16.239169-04:00,2026-09-10T17:04:16.239169-04:00,propline_free_sample
2026-09-09,2026-09-09 23:40:00+00:00,Logan Henderson,9.5,over,260,hardrock,205418,Milwaukee Brewers,Chicago Cubs,2026-09-09T20:28:24.856381+00:00,2026-09-10T21:04:16.239169+00:00,2026-09-10T17:04:16.239169-04:00,2026-09-10T17:04:16.239169-04:00,propline_free_sample
2026-09-09,2026-09-09 23:40:00+00:00,Logan Henderson,9.5,under,-450,hardrock,205418,Milwaukee Brewers,Chicago Cubs,2026-09-09T17:04:55.718922+00:00,2026-09-10T21:04:16.239169+00:00,2026-09-10T17:04:16.239169-04:00,2026-09-10T17:04:16.239169-04:00,propline_free_sample
2026-09-09,2026-09-09 23:40:00+00:00,Kevin Gausman,5.5,over,138,prophetx,205418,Milwaukee Brewers,Chicago Cubs,2026-09-09T22:08:27.717617+00:00,2026-09-10T21:04:16.239169+00:00,2026-09-10T17:04:16.239169-04:00,2026-09-10T17:04:16.239169-04:00,propline_free_sample
2026-09-09,2026-09-09 23:40:00+00:00,Kevin Gausman,5.5,under,-150,prophetx,205418,Milwaukee Brewers,Chicago Cubs,2026-09-09T23:22:11.530484+00:00,2026-09-10T21:04:16.239169+00:00,2026-09-10T17:04:16.239169-04:00,2026-09-10T17:04:16.239169-04:00,propline_free_sample
2026-09-09,2026-09-09 23:40:00+00:00,Logan Henderson,6.5,over,134,prophetx,205418,Milwaukee Brewers,Chicago Cubs,2026-09-09T22:24:39.034421+00:00,2026-09-10T21:04:16.239169+00:00,2026-09-10T17:04:16.239169-04:00,2026-09-10T17:04:16.239169-04:00,propline_free_sample
2026-09-09,2026-09-09 23:40:00+00:00,Logan Henderson,6.5,under,-152,prophetx,205418,Milwaukee Brewers,Chicago Cubs,2026-09-09T20:50:45.628517+00:00,2026-09-10T21:04:16.239169+00:00,2026-09-10T17:04:16.239169-04:00,2026-09-10T17:04:16.239169-04:00,propline_free_sample
2026-09-09,2026-09-09 23:40:00+00:00,Logan Henderson,7.5,under,100,prizepicks,205418,Milwaukee Brewers,Chicago Cubs,2026-09-09T01:11:16.498372+00:00,2026-09-10T21:04:16.239169+00:00,2026-09-10T17:04:16.239169-04:00,2026-09-10T17:04:16.239169-04:00,propline_free_sample
2026-09-09,2026-09-09 23:40:00+00:00,Logan Henderson,8.5,under,100,prizepicks,205418,Milwaukee Brewers,Chicago Cubs,2026-09-09T01:11:16.498372+00:00,2026-09-10T21:04:16.239169+00:00,2026-09-10T17:04:16.239169-04:00,2026-09-10T17:04:16.239169-04:00,propline_free_sample
2026-09-09,2026-09-09 23:40:00+00:00,Logan Henderson,3.5,over,100,prizepicks,205418,Milwaukee Brewers,Chicago Cubs,2026-09-09T01:11:16.498372+00:00,2026-09-10T21:04:16.239169+00:00,2026-09-10T17:04:16.239169-04:00,2026-09-10T17:04:16.239169-04:00,propline_free_sample
2026-09-09,2026-09-09 23:40:00+00:00,Logan Henderson,3.5,under,100,prizepicks,205418,Milwaukee Brewers,Chicago Cubs,2026-09-09T01:11:16.498372+00:00,2026-09-10T21:04:16.239169+00:00,2026-09-10T17:04:16.239169-04:00,2026-09-10T17:04:16.239169-04:00,propline_free_sample
2026-09-09,2026-09-09 23:40:00+00:00,Logan Henderson,4.5,under,100,prizepicks,205418,Milwaukee Brewers,Chicago Cubs,2026-09-09T01:11:16.498372+00:00,2026-09-10T21:04:16.239169+00:00,2026-09-10T17:04:16.239169-04:00,2026-09-10T17:04:16.239169-04:00,propline_free_sample
2026-09-09,2026-09-09 23:40:00+00:00,Logan Henderson,5.5,under,100,prizepicks,205418,Milwaukee Brewers,Chicago Cubs,2026-09-09T01:11:16.498372+00:00,2026-09-10T21:04:16.239169+00:00,2026-09-10T17:04:16.239169-04:00,2026-09-10T17:04:16.239169-04:00,propline_free_sample
2026-09-09,2026-09-09 23:40:00+00:00,Logan Henderson,10.5,over,100,prizepicks,205418,Milwaukee Brewers,Chicago Cubs,2026-09-09T01:11:16.498372+00:00,2026-09-10T21:04:16.239169+00:00,2026-09-10T17:04:16.239169-04:00,2026-09-10T17:04:16.239169-04:00,propline_free_sample
2026-09-09,2026-09-09 23:40:00+00:00,Kevin Gausman,5.5,over,104,sleeper,205418,Milwaukee Brewers,Chicago Cubs,2026-09-09T23:23:22.347311+00:00,2026-09-10T21:04:16.239169+00:00,2026-09-10T17:04:16.239169-04:00,2026-09-10T17:04:16.239169-04:00,propline_free_sample
2026-09-09,2026-09-09 23:40:00+00:00,Logan Henderson,5.5,over,-192,sleeper,205418,Milwaukee Brewers,Chicago Cubs,2026-09-09T23:23:22.347311+00:00,2026-09-10T21:04:16.239169+00:00,2026-09-10T17:04:16.239169-04:00,2026-09-10T17:04:16.239169-04:00,propline_free_sample
2026-09-09,2026-09-09 23:40:00+00:00,Kevin Gausman,5.5,under,-172,sleeper,205418,Milwaukee Brewers,Chicago Cubs,2026-09-09T23:23:22.347311+00:00,2026-09-10T21:04:16.239169+00:00,2026-09-10T17:04:16.239169-04:00,2026-09-10T17:04:16.239169-04:00,propline_free_sample
2026-09-09,2026-09-09 23:40:00+00:00,Logan Henderson,5.5,under,112,sleeper,205418,Milwaukee Brewers,Chicago Cubs,2026-09-09T22:46:29.274261+00:00,2026-09-10T21:04:16.239169+00:00,2026-09-10T17:04:16.239169-04:00,2026-09-10T17:04:16.239169-04:00,propline_free_sample
2026-09-09,2026-09-09 23:40:00+00:00,Logan Henderson,1.5,over,-20000,hardrock,205418,Milwaukee Brewers,Chicago Cubs,2026-09-09T20:37:02.842659+00:00,2026-09-10T21:04:16.239169+00:00,2026-09-10T17:04:16.239169-04:00,2026-09-10T17:04:16.239169-04:00,propline_free_sample
2026-09-09,2026-09-09 23:40:00+00:00,Logan Henderson,1.5,under,3000,hardrock,205418,Milwaukee Brewers,Chicago Cubs,2026-09-09T10:10:04.397236+00:00,2026-09-10T21:04:16.239169+00:00,2026-09-10T17:04:16.239169-04:00,2026-09-10T17:04:16.239169-04:00,propline_free_sample
2026-09-09,2026-09-09 23:40:00+00:00,Kevin Gausman,5.5,over,138,novig,205418,Milwaukee Brewers,Chicago Cubs,2026-09-09T23:39:21.891262+00:00,2026-09-10T21:04:16.239169+00:00,2026-09-10T17:04:16.239169-04:00,2026-09-10T17:04:16.239169-04:00,propline_free_sample
2026-09-09,2026-09-09 23:40:00+00:00,Kevin Gausman,5.5,under,-144,novig,205418,Milwaukee Brewers,Chicago Cubs,2026-09-09T23:08:11.042380+00:00,2026-09-10T21:04:16.239169+00:00,2026-09-10T17:04:16.239169-04:00,2026-09-10T17:04:16.239169-04:00,propline_free_sample
2026-09-09,2026-09-09 23:40:00+00:00,Logan Henderson,6.5,over,138,novig,205418,Milwaukee Brewers,Chicago Cubs,2026-09-09T23:28:07.437923+00:00,2026-09-10T21:04:16.239169+00:00,2026-09-10T17:04:16.239169-04:00,2026-09-10T17:04:16.239169-04:00,propline_free_sample
2026-09-09,2026-09-09 23:40:00+00:00,Logan Henderson,6.5,under,-147,novig,205418,Milwaukee Brewers,Chicago Cubs,2026-09-09T23:06:20.022231+00:00,2026-09-10T21:04:16.239169+00:00,2026-09-10T17:04:16.239169-04:00,2026-09-10T17:04:16.239169-04:00,propline_free_sample
2026-09-09,2026-09-09 23:40:00+00:00,Davis Martin,4.5,over,-104,dabble,205416,Chicago White Sox,Pittsburgh Pirates,2026-09-09T23:23:42.505694+00:00,2026-09-10T21:04:16.239169+00:00,2026-09-10T17:04:16.239169-04:00,2026-09-10T17:04:16.239169-04:00,propline_free_sample
2026-09-09,2026-09-09 23:40:00+00:00,Davis Martin,4.5,under,105,dabble,205416,Chicago White Sox,Pittsburgh Pirates,2026-09-09T23:23:42.505694+00:00,2026-09-10T21:04:16.239169+00:00,2026-09-10T17:04:16.239169-04:00,2026-09-10T17:04:16.239169-04:00,propline_free_sample
2026-09-09,2026-09-09 23:40:00+00:00,Davis Martin,1.5,over,-154,underdog,205416,Chicago White Sox,Pittsburgh Pirates,2026-09-09T17:44:10.316393+00:00,2026-09-10T21:04:16.239169+00:00,2026-09-10T17:04:16.239169-04:00,2026-09-10T17:04:16.239169-04:00,propline_free_sample
2026-09-09,2026-09-09 23:40:00+00:00,Davis Martin,1.5,under,104,underdog,205416,Chicago White Sox,Pittsburgh Pirates,2026-09-09T17:44:10.316393+00:00,2026-09-10T21:04:16.239169+00:00,2026-09-10T17:04:16.239169-04:00,2026-09-10T17:04:16.239169-04:00,propline_free_sample
2026-09-09,2026-09-09 23:40:00+00:00,Davis Martin,4.5,over,-123,smarkets,205416,Chicago White Sox,Pittsburgh Pirates,2026-09-09T23:29:06.744044+00:00,2026-09-10T21:04:16.239169+00:00,2026-09-10T17:04:16.239169-04:00,2026-09-10T17:04:16.239169-04:00,propline_free_sample
2026-09-09,2026-09-09 23:40:00+00:00,Davis Martin,4.5,under,-112,smarkets,205416,Chicago White Sox,Pittsburgh Pirates,2026-09-09T20:28:45.645181+00:00,2026-09-10T21:04:16.239169+00:00,2026-09-10T17:04:16.239169-04:00,2026-09-10T17:04:16.239169-04:00,propline_free_sample
2026-09-09,2026-09-09 23:40:00+00:00,Davis Martin,4.5,over,100,prizepicks,205416,Chicago White Sox,Pittsburgh Pirates,2026-09-09T02:41:51.116669+00:00,2026-09-10T21:04:16.239169+00:00,2026-09-10T17:04:16.239169-04:00,2026-09-10T17:04:16.239169-04:00,propline_free_sample
2026-09-09,2026-09-09 23:40:00+00:00,Davis Martin,4.5,under,100,prizepicks,205416,Chicago White Sox,Pittsburgh Pirates,2026-09-09T02:41:51.116669+00:00,2026-09-10T21:04:16.239169+00:00,2026-09-10T17:04:16.239169-04:00,2026-09-10T17:04:16.239169-04:00,propline_free_sample
2026-09-09,2026-09-09 23:40:00+00:00,Davis Martin,6.5,over,100,prizepicks,205416,Chicago White Sox,Pittsburgh Pirates,2026-09-09T02:41:51.116669+00:00,2026-09-10T21:04:16.239169+00:00,2026-09-10T17:04:16.239169-04:00,2026-09-10T17:04:16.239169-04:00,propline_free_sample
2026-09-09,2026-09-09 23:40:00+00:00,Davis Martin,3.5,over,100,prizepicks,205416,Chicago White Sox,Pittsburgh Pirates,2026-09-09T02:41:51.116669+00:00,2026-09-10T21:04:16.239169+00:00,2026-09-10T17:04:16.239169-04:00,2026-09-10T17:04:16.239169-04:00,propline_free_sample
2026-09-09,2026-09-09 23:40:00+00:00,Kevin Gausman,5.5,over,123,pinnacle,205418,Milwaukee Brewers,Chicago Cubs,2026-09-09T21:05:21.759577+00:00,2026-09-10T21:04:16.239169+00:00,2026-09-10T17:04:16.239169-04:00,2026-09-10T17:04:16.239169-04:00,propline_free_sample
2026-09-09,2026-09-09 23:40:00+00:00,Kevin Gausman,5.5,under,-164,pinnacle,205418,Milwaukee Brewers,Chicago Cubs,2026-09-09T21:05:21.759577+00:00,2026-09-10T21:04:16.239169+00:00,2026-09-10T17:04:16.239169-04:00,2026-09-10T17:04:16.239169-04:00,propline_free_sample
2026-09-09,2026-09-09 23:40:00+00:00,Logan Henderson,6.5,over,137,pinnacle,205418,Milwaukee Brewers,Chicago Cubs,2026-09-09T21:21:41.932661+00:00,2026-09-10T21:04:16.239169+00:00,2026-09-10T17:04:16.239169-04:00,2026-09-10T17:04:16.239169-04:00,propline_free_sample
2026-09-09,2026-09-09 23:40:00+00:00,Logan Henderson,6.5,under,-185,pinnacle,205418,Milwaukee Brewers,Chicago Cubs,2026-09-09T17:50:09.581499+00:00,2026-09-10T21:04:16.239169+00:00,2026-09-10T17:04:16.239169-04:00,2026-09-10T17:04:16.239169-04:00,propline_free_sample
2026-09-09,2026-09-09 23:40:00+00:00,Lake Bachar,1.5,over,-213,underdog,205416,Chicago White Sox,Pittsburgh Pirates,2026-09-09T03:22:06.358979+00:00,2026-09-10T21:04:16.239169+00:00,2026-09-10T17:04:16.239169-04:00,2026-09-10T17:04:16.239169-04:00,propline_free_sample
2026-09-09,2026-09-09 23:40:00+00:00,Lake Bachar,1.5,under,140,underdog,205416,Chicago White Sox,Pittsburgh Pirates,2026-09-09T03:22:06.358979+00:00,2026-09-10T21:04:16.239169+00:00,2026-09-10T17:04:16.239169-04:00,2026-09-10T17:04:16.239169-04:00,propline_free_sample
2026-09-09,2026-09-09 23:40:00+00:00,Lake Bachar,2.5,over,157,dabble,205416,Chicago White Sox,Pittsburgh Pirates,2026-09-09T20:22:35.236221+00:00,2026-09-10T21:04:16.239169+00:00,2026-09-10T17:04:16.239169-04:00,2026-09-10T17:04:16.239169-04:00,propline_free_sample
2026-09-09,2026-09-09 23:40:00+00:00,Lake Bachar,2.5,under,-154,dabble,205416,Chicago White Sox,Pittsburgh Pirates,2026-09-09T23:23:42.505694+00:00,2026-09-10T21:04:16.239169+00:00,2026-09-10T17:04:16.239169-04:00,2026-09-10T17:04:16.239169-04:00,propline_free_sample
2026-09-09,2026-09-09 23:40:00+00:00,Lake Bachar,1.5,over,-208,smarkets,205416,Chicago White Sox,Pittsburgh Pirates,2026-09-09T14:11:30.118340+00:00,2026-09-10T21:04:16.239169+00:00,2026-09-10T17:04:16.239169-04:00,2026-09-10T17:04:16.239169-04:00,propline_free_sample
2026-09-09,2026-09-09 23:40:00+00:00,Lake Bachar,1.5,under,144,smarkets,205416,Chicago White Sox,Pittsburgh Pirates,2026-09-09T14:11:30.118340+00:00,2026-09-10T21:04:16.239169+00:00,2026-09-10T17:04:16.239169-04:00,2026-09-10T17:04:16.239169-04:00,propline_free_sample
2026-09-09,2026-09-09 23:40:00+00:00,Lake Bachar,3.5,over,100,prizepicks,205416,Chicago White Sox,Pittsburgh Pirates,2026-09-09T03:17:20.839884+00:00,2026-09-10T21:04:16.239169+00:00,2026-09-10T17:04:16.239169-04:00,2026-09-10T17:04:16.239169-04:00,propline_free_sample
2026-09-09,2026-09-09 23:40:00+00:00,Lake Bachar,1.5,over,100,prizepicks,205416,Chicago White Sox,Pittsburgh Pirates,2026-09-09T03:17:20.839884+00:00,2026-09-10T21:04:16.239169+00:00,2026-09-10T17:04:16.239169-04:00,2026-09-10T17:04:16.239169-04:00,propline_free_sample
2026-09-09,2026-09-09 23:40:00+00:00,Lake Bachar,1.5,under,100,prizepicks,205416,Chicago White Sox,Pittsburgh Pirates,2026-09-09T03:17:20.839884+00:00,2026-09-10T21:04:16.239169+00:00,2026-09-10T17:04:16.239169-04:00,2026-09-10T17:04:16.239169-04:00,propline_free_sample
2026-09-09,2026-09-09 23:40:00+00:00,Davis Martin,4.5,over,-121,draftkings,205416,Chicago White Sox,Pittsburgh Pirates,2026-09-09T20:36:52.331535+00:00,2026-09-10T21:04:16.239169+00:00,2026-09-10T17:04:16.239169-04:00,2026-09-10T17:04:16.239169-04:00,propline_free_sample
2026-09-09,2026-09-09 23:40:00+00:00,Davis Martin,4.5,under,-105,draftkings,205416,Chicago White Sox,Pittsburgh Pirates,2026-09-09T20:36:52.331535+00:00,2026-09-10T21:04:16.239169+00:00,2026-09-10T17:04:16.239169-04:00,2026-09-10T17:04:16.239169-04:00,propline_free_sample
2026-09-09,2026-09-09 23:40:00+00:00,Lake Bachar,2.5,over,127,draftkings,205416,Chicago White Sox,Pittsburgh Pirates,2026-09-09T22:59:30.762868+00:00,2026-09-10T21:04:16.239169+00:00,2026-09-10T17:04:16.239169-04:00,2026-09-10T17:04:16.239169-04:00,propline_free_sample
2026-09-09,2026-09-09 23:40:00+00:00,Lake Bachar,2.5,under,-163,draftkings,205416,Chicago White Sox,Pittsburgh Pirates,2026-09-09T22:59:30.762868+00:00,2026-09-10T21:04:16.239169+00:00,2026-09-10T17:04:16.239169-04:00,2026-09-10T17:04:16.239169-04:00,propline_free_sample
2026-09-09,2026-09-09 23:40:00+00:00,Davis Martin,4.5,over,-119,sleeper,205416,Chicago White Sox,Pittsburgh Pirates,2026-09-09T22:33:19.209353+00:00,2026-09-10T21:04:16.239169+00:00,2026-09-10T17:04:16.239169-04:00,2026-09-10T17:04:16.239169-04:00,propline_free_sample
2026-09-09,2026-09-09 23:40:00+00:00,Davis Martin,4.5,under,-137,sleeper,205416,Chicago White Sox,Pittsburgh Pirates,2026-09-09T22:33:19.209353+00:00,2026-09-10T21:04:16.239169+00:00,2026-09-10T17:04:16.239169-04:00,2026-09-10T17:04:16.239169-04:00,propline_free_sample
2026-09-09,2026-09-09 23:40:00+00:00,Lake Bachar,4.5,over,100,prizepicks,205416,Chicago White Sox,Pittsburgh Pirates,2026-09-09T03:21:55.260978+00:00,2026-09-10T21:04:16.239169+00:00,2026-09-10T17:04:16.239169-04:00,2026-09-10T17:04:16.239169-04:00,propline_free_sample
2026-09-09,2026-09-09 23:40:00+00:00,Lake Bachar,2.5,over,100,prizepicks,205416,Chicago White Sox,Pittsburgh Pirates,2026-09-09T03:21:55.260978+00:00,2026-09-10T21:04:16.239169+00:00,2026-09-10T17:04:16.239169-04:00,2026-09-10T17:04:16.239169-04:00,propline_free_sample
2026-09-09,2026-09-09 23:40:00+00:00,Lake Bachar,2.5,under,100,prizepicks,205416,Chicago White Sox,Pittsburgh Pirates,2026-09-09T03:21:55.260978+00:00,2026-09-10T21:04:16.239169+00:00,2026-09-10T17:04:16.239169-04:00,2026-09-10T17:04:16.239169-04:00,propline_free_sample
2026-09-09,2026-09-09 23:40:00+00:00,Davis Martin,5.5,over,100,prizepicks,205416,Chicago White Sox,Pittsburgh Pirates,2026-09-09T03:21:55.260978+00:00,2026-09-10T21:04:16.239169+00:00,2026-09-10T17:04:16.239169-04:00,2026-09-10T17:04:16.239169-04:00,propline_free_sample
2026-09-09,2026-09-09 23:40:00+00:00,Lake Bachar,5.5,over,100,prizepicks,205416,Chicago White Sox,Pittsburgh Pirates,2026-09-09T03:21:55.260978+00:00,2026-09-10T21:04:16.239169+00:00,2026-09-10T17:04:16.239169-04:00,2026-09-10T17:04:16.239169-04:00,propline_free_sample
2026-09-09,2026-09-09 23:40:00+00:00,Davis Martin,7.5,over,100,prizepicks,205416,Chicago White Sox,Pittsburgh Pirates,2026-09-09T03:21:55.260978+00:00,2026-09-10T21:04:16.239169+00:00,2026-09-10T17:04:16.239169-04:00,2026-09-10T17:04:16.239169-04:00,propline_free_sample
2026-09-09,2026-09-09 23:40:00+00:00,Davis Martin,2.5,over,100,prizepicks,205416,Chicago White Sox,Pittsburgh Pirates,2026-09-09T03:21:55.260978+00:00,2026-09-10T21:04:16.239169+00:00,2026-09-10T17:04:16.239169-04:00,2026-09-10T17:04:16.239169-04:00,propline_free_sample
2026-09-09,2026-09-09 23:40:00+00:00,Kevin Gausman,5.5,over,132,dabble,205418,Milwaukee Brewers,Chicago Cubs,2026-09-09T23:23:35.506752+00:00,2026-09-10T21:04:16.239169+00:00,2026-09-10T17:04:16.239169-04:00,2026-09-10T17:04:16.239169-04:00,propline_free_sample
2026-09-09,2026-09-09 23:40:00+00:00,Logan Henderson,5.5,over,-130,dabble,205418,Milwaukee Brewers,Chicago Cubs,2026-09-09T23:23:35.506752+00:00,2026-09-10T21:04:16.239169+00:00,2026-09-10T17:04:16.239169-04:00,2026-09-10T17:04:16.239169-04:00,propline_free_sample
2026-09-09,2026-09-09 23:40:00+00:00,Kevin Gausman,5.5,under,-130,dabble,205418,Milwaukee Brewers,Chicago Cubs,2026-09-09T23:23:35.506752+00:00,2026-09-10T21:04:16.239169+00:00,2026-09-10T17:04:16.239169-04:00,2026-09-10T17:04:16.239169-04:00,propline_free_sample
2026-09-09,2026-09-09 23:40:00+00:00,Logan Henderson,5.5,under,131,dabble,205418,Milwaukee Brewers,Chicago Cubs,2026-09-09T23:23:35.506752+00:00,2026-09-10T21:04:16.239169+00:00,2026-09-10T17:04:16.239169-04:00,2026-09-10T17:04:16.239169-04:00,propline_free_sample
2026-09-09,2026-09-09 23:40:00+00:00,Kevin Gausman,5.5,over,-118,smarkets,205418,Milwaukee Brewers,Chicago Cubs,2026-09-09T16:22:56.571454+00:00,2026-09-10T21:04:16.239169+00:00,2026-09-10T17:04:16.239169-04:00,2026-09-10T17:04:16.239169-04:00,propline_free_sample
2026-09-09,2026-09-09 23:40:00+00:00,Kevin Gausman,5.5,under,-118,smarkets,205418,Milwaukee Brewers,Chicago Cubs,2026-09-09T18:16:24.475701+00:00,2026-09-10T21:04:16.239169+00:00,2026-09-10T17:04:16.239169-04:00,2026-09-10T17:04:16.239169-04:00,propline_free_sample
2026-09-09,2026-09-09 23:40:00+00:00,Logan Henderson,5.5,over,-154,smarkets,205418,Milwaukee Brewers,Chicago Cubs,2026-09-09T20:20:43.106531+00:00,2026-09-10T21:04:16.239169+00:00,2026-09-10T17:04:16.239169-04:00,2026-09-10T17:04:16.239169-04:00,propline_free_sample
2026-09-09,2026-09-09 23:40:00+00:00,Logan Henderson,5.5,under,108,smarkets,205418,Milwaukee Brewers,Chicago Cubs,2026-09-09T20:20:43.106531+00:00,2026-09-10T21:04:16.239169+00:00,2026-09-10T17:04:16.239169-04:00,2026-09-10T17:04:16.239169-04:00,propline_free_sample
2026-09-09,2026-09-09 23:40:00+00:00,Davis Martin,0.5,over,-4000,hardrock,205416,Chicago White Sox,Pittsburgh Pirates,2026-09-09T22:14:21.201585+00:00,2026-09-10T21:04:16.239169+00:00,2026-09-10T17:04:16.239169-04:00,2026-09-10T17:04:16.239169-04:00,propline_free_sample
2026-09-09,2026-09-09 23:40:00+00:00,Davis Martin,0.5,under,800,hardrock,205416,Chicago White Sox,Pittsburgh Pirates,2026-09-09T17:45:28.817210+00:00,2026-09-10T21:04:16.239169+00:00,2026-09-10T17:04:16.239169-04:00,2026-09-10T17:04:16.239169-04:00,propline_free_sample
2026-09-09,2026-09-09 23:40:00+00:00,Davis Martin,1.5,over,-600,hardrock,205416,Chicago White Sox,Pittsburgh Pirates,2026-09-09T13:34:37.119561+00:00,2026-09-10T21:04:16.239169+00:00,2026-09-10T17:04:16.239169-04:00,2026-09-10T17:04:16.239169-04:00,propline_free_sample
2026-09-09,2026-09-09 23:40:00+00:00,Davis Martin,1.5,under,325,hardrock,205416,Chicago White Sox,Pittsburgh Pirates,2026-09-09T20:39:49.161620+00:00,2026-09-10T21:04:16.239169+00:00,2026-09-10T17:04:16.239169-04:00,2026-09-10T17:04:16.239169-04:00,propline_free_sample
2026-09-09,2026-09-09 23:40:00+00:00,Davis Martin,2.5,over,-115,hardrock,205416,Chicago White Sox,Pittsburgh Pirates,2026-09-09T20:27:05.628620+00:00,2026-09-10T21:04:16.239169+00:00,2026-09-10T17:04:16.239169-04:00,2026-09-10T17:04:16.239169-04:00,propline_free_sample
2026-09-09,2026-09-09 23:40:00+00:00,Davis Martin,2.5,under,-125,hardrock,205416,Chicago White Sox,Pittsburgh Pirates,2026-09-09T20:39:49.161620+00:00,2026-09-10T21:04:16.239169+00:00,2026-09-10T17:04:16.239169-04:00,2026-09-10T17:04:16.239169-04:00,propline_free_sample
2026-09-09,2026-09-09 23:40:00+00:00,Davis Martin,3.5,over,260,hardrock,205416,Chicago White Sox,Pittsburgh Pirates,2026-09-09T18:42:30.410837+00:00,2026-09-10T21:04:16.239169+00:00,2026-09-10T17:04:16.239169-04:00,2026-09-10T17:04:16.239169-04:00,propline_free_sample
2026-09-09,2026-09-09 23:40:00+00:00,Davis Martin,3.5,under,-450,hardrock,205416,Chicago White Sox,Pittsburgh Pirates,2026-09-09T20:39:49.161620+00:00,2026-09-10T21:04:16.239169+00:00,2026-09-10T17:04:16.239169-04:00,2026-09-10T17:04:16.239169-04:00,propline_free_sample
2026-09-09,2026-09-09 23:40:00+00:00,Davis Martin,4.5,over,650,hardrock,205416,Chicago White Sox,Pittsburgh Pirates,2026-09-09T20:39:49.161620+00:00,2026-09-10T21:04:16.239169+00:00,2026-09-10T17:04:16.239169-04:00,2026-09-10T17:04:16.239169-04:00,propline_free_sample
2026-09-09,2026-09-09 23:40:00+00:00,Davis Martin,4.5,under,-2500,hardrock,205416,Chicago White Sox,Pittsburgh Pirates,2026-09-09T20:39:49.161620+00:00,2026-09-10T21:04:16.239169+00:00,2026-09-10T17:04:16.239169-04:00,2026-09-10T17:04:16.239169-04:00,propline_free_sample
2026-09-09,2026-09-09 23:40:00+00:00,Davis Martin,5.5,over,2500,hardrock,205416,Chicago White Sox,Pittsburgh Pirates,2026-09-09T23:15:58.315793+00:00,2026-09-10T21:04:16.239169+00:00,2026-09-10T17:04:16.239169-04:00,2026-09-10T17:04:16.239169-04:00,propline_free_sample
2026-09-09,2026-09-09 23:40:00+00:00,Davis Martin,5.5,under,-20000,hardrock,205416,Chicago White Sox,Pittsburgh Pirates,2026-09-09T17:45:28.817210+00:00,2026-09-10T21:04:16.239169+00:00,2026-09-10T17:04:16.239169-04:00,2026-09-10T17:04:16.239169-04:00,propline_free_sample
2026-09-09,2026-09-09 23:40:00+00:00,Davis Martin,6.5,over,1750,hardrock,205416,Chicago White Sox,Pittsburgh Pirates,2026-09-09T21:47:06.616997+00:00,2026-09-10T21:04:16.239169+00:00,2026-09-10T17:04:16.239169-04:00,2026-09-10T17:04:16.239169-04:00,propline_free_sample
2026-09-09,2026-09-09 23:40:00+00:00,Davis Martin,6.5,under,-9000,hardrock,205416,Chicago White Sox,Pittsburgh Pirates,2026-09-09T20:27:05.628620+00:00,2026-09-10T21:04:16.239169+00:00,2026-09-10T17:04:16.239169-04:00,2026-09-10T17:04:16.239169-04:00,propline_free_sample
2026-09-09,2026-09-09 23:40:00+00:00,Davis Martin,7.5,over,2000,hardrock,205416,Chicago White Sox,Pittsburgh Pirates,2026-09-09T19:29:03.996807+00:00,2026-09-10T21:04:16.239169+00:00,2026-09-10T17:04:16.239169-04:00,2026-09-10T17:04:16.239169-04:00,propline_free_sample
2026-09-09,2026-09-09 23:40:00+00:00,Davis Martin,7.5,under,-10000,hardrock,205416,Chicago White Sox,Pittsburgh Pirates,2026-09-09T22:26:53.465783+00:00,2026-09-10T21:04:16.239169+00:00,2026-09-10T17:04:16.239169-04:00,2026-09-10T17:04:16.239169-04:00,propline_free_sample
2026-09-09,2026-09-09 23:40:00+00:00,Davis Martin,8.5,over,2000,hardrock,205416,Chicago White Sox,Pittsburgh Pirates,2026-09-09T19:29:03.996807+00:00,2026-09-10T21:04:16.239169+00:00,2026-09-10T17:04:16.239169-04:00,2026-09-10T17:04:16.239169-04:00,propline_free_sample
2026-09-09,2026-09-09 23:40:00+00:00,Davis Martin,8.5,under,-8000,hardrock,205416,Chicago White Sox,Pittsburgh Pirates,2026-09-09T18:42:30.410837+00:00,2026-09-10T21:04:16.239169+00:00,2026-09-10T17:04:16.239169-04:00,2026-09-10T17:04:16.239169-04:00,propline_free_sample
2026-09-09,2026-09-09 23:40:00+00:00,Davis Martin,9.5,over,5000,hardrock,205416,Chicago White Sox,Pittsburgh Pirates,2026-09-09T13:34:37.119561+00:00,2026-09-10T21:04:16.239169+00:00,2026-09-10T17:04:16.239169-04:00,2026-09-10T17:04:16.239169-04:00,propline_free_sample
2026-09-09,2026-09-09 23:40:00+00:00,Davis Martin,9.5,under,-100000,hardrock,205416,Chicago White Sox,Pittsburgh Pirates,2026-09-09T13:34:37.119561+00:00,2026-09-10T21:04:16.239169+00:00,2026-09-10T17:04:16.239169-04:00,2026-09-10T17:04:16.239169-04:00,propline_free_sample
2026-09-09,2026-09-09 23:40:00+00:00,Kevin Gausman,4.5,over,-139,underdog,205418,Milwaukee Brewers,Chicago Cubs,2026-09-09T21:58:27.641253+00:00,2026-09-10T21:04:16.239169+00:00,2026-09-10T17:04:16.239169-04:00,2026-09-10T17:04:16.239169-04:00,propline_free_sample
2026-09-09,2026-09-09 23:40:00+00:00,Logan Henderson,6.5,over,168,underdog,205418,Milwaukee Brewers,Chicago Cubs,2026-09-09T23:07:12.423263+00:00,2026-09-10T21:04:16.239169+00:00,2026-09-10T17:04:16.239169-04:00,2026-09-10T17:04:16.239169-04:00,propline_free_sample
2026-09-09,2026-09-09 23:40:00+00:00,Kevin Gausman,4.5,under,-108,underdog,205418,Milwaukee Brewers,Chicago Cubs,2026-09-09T21:58:27.641253+00:00,2026-09-10T21:04:16.239169+00:00,2026-09-10T17:04:16.239169-04:00,2026-09-10T17:04:16.239169-04:00,propline_free_sample
2026-09-09,2026-09-09 23:40:00+00:00,Logan Henderson,6.5,under,-257,underdog,205418,Milwaukee Brewers,Chicago Cubs,2026-09-09T23:07:12.423263+00:00,2026-09-10T21:04:16.239169+00:00,2026-09-10T17:04:16.239169-04:00,2026-09-10T17:04:16.239169-04:00,propline_free_sample
2026-09-09,2026-09-09 23:40:00+00:00,Davis Martin,6.5,under,100,prizepicks,205416,Chicago White Sox,Pittsburgh Pirates,2026-09-09T03:26:13.263439+00:00,2026-09-10T21:04:16.239169+00:00,2026-09-10T17:04:16.239169-04:00,2026-09-10T17:04:16.239169-04:00,propline_free_sample
2026-09-09,2026-09-09 23:40:00+00:00,Davis Martin,3.5,under,100,prizepicks,205416,Chicago White Sox,Pittsburgh Pirates,2026-09-09T03:26:13.263439+00:00,2026-09-10T21:04:16.239169+00:00,2026-09-10T17:04:16.239169-04:00,2026-09-10T17:04:16.239169-04:00,propline_free_sample
2026-09-09,2026-09-09 23:40:00+00:00,Davis Martin,5.5,under,100,prizepicks,205416,Chicago White Sox,Pittsburgh Pirates,2026-09-09T03:26:13.263439+00:00,2026-09-10T21:04:16.239169+00:00,2026-09-10T17:04:16.239169-04:00,2026-09-10T17:04:16.239169-04:00,propline_free_sample
2026-09-09,2026-09-09 23:40:00+00:00,Davis Martin,2.5,under,100,prizepicks,205416,Chicago White Sox,Pittsburgh Pirates,2026-09-09T03:26:13.263439+00:00,2026-09-10T21:04:16.239169+00:00,2026-09-10T17:04:16.239169-04:00,2026-09-10T17:04:16.239169-04:00,propline_free_sample
2026-09-09,2026-09-09 23:40:00+00:00,Davis Martin,4.5,over,-120,onexbet,205416,Chicago White Sox,Pittsburgh Pirates,2026-09-09T22:31:55.645646+00:00,2026-09-10T21:04:16.239169+00:00,2026-09-10T17:04:16.239169-04:00,2026-09-10T17:04:16.239169-04:00,propline_free_sample
2026-09-09,2026-09-09 23:40:00+00:00,Lake Bachar,2.5,over,125,onexbet,205416,Chicago White Sox,Pittsburgh Pirates,2026-09-09T22:31:55.645646+00:00,2026-09-10T21:04:16.239169+00:00,2026-09-10T17:04:16.239169-04:00,2026-09-10T17:04:16.239169-04:00,propline_free_sample
2026-09-09,2026-09-09 23:40:00+00:00,Davis Martin,4.5,under,-110,onexbet,205416,Chicago White Sox,Pittsburgh Pirates,2026-09-09T22:31:55.645646+00:00,2026-09-10T21:04:16.239169+00:00,2026-09-10T17:04:16.239169-04:00,2026-09-10T17:04:16.239169-04:00,propline_free_sample
2026-09-09,2026-09-09 23:40:00+00:00,Lake Bachar,2.5,under,-165,onexbet,205416,Chicago White Sox,Pittsburgh Pirates,2026-09-09T22:31:55.645646+00:00,2026-09-10T21:04:16.239169+00:00,2026-09-10T17:04:16.239169-04:00,2026-09-10T17:04:16.239169-04:00,propline_free_sample
2026-09-09,2026-09-09 23:40:00+00:00,Lake Bachar,0.5,over,-3000,hardrock,205416,Chicago White Sox,Pittsburgh Pirates,2026-09-09T13:10:13.961269+00:00,2026-09-10T21:04:16.239169+00:00,2026-09-10T17:04:16.239169-04:00,2026-09-10T17:04:16.239169-04:00,propline_free_sample
2026-09-09,2026-09-09 23:40:00+00:00,Lake Bachar,0.5,under,650,hardrock,205416,Chicago White Sox,Pittsburgh Pirates,2026-09-09T13:10:13.961269+00:00,2026-09-10T21:04:16.239169+00:00,2026-09-10T17:04:16.239169-04:00,2026-09-10T17:04:16.239169-04:00,propline_free_sample
2026-09-09,2026-09-09 23:40:00+00:00,Lake Bachar,1.5,over,-300,hardrock,205416,Chicago White Sox,Pittsburgh Pirates,2026-09-09T22:10:51.547928+00:00,2026-09-10T21:04:16.239169+00:00,2026-09-10T17:04:16.239169-04:00,2026-09-10T17:04:16.239169-04:00,propline_free_sample
2026-09-09,2026-09-09 23:40:00+00:00,Lake Bachar,1.5,under,185,hardrock,205416,Chicago White Sox,Pittsburgh Pirates,2026-09-09T13:10:13.961269+00:00,2026-09-10T21:04:16.239169+00:00,2026-09-10T17:04:16.239169-04:00,2026-09-10T17:04:16.239169-04:00,propline_free_sample
