date,commence_time_utc,pitcher_name,line,side,price,sportsbook,event_id,home_team,away_team,vendor_snapshot_time,collected_at_utc,collected_at_et,snapshot_time_et,source
2026-09-26,2026-09-26 17:10:00+00:00,Justin Verlander,4.5,over,-108,dabble,232563,Detroit Tigers,Pittsburgh Pirates,2026-09-26T16:31:00.203289+00:00,2026-09-26T21:23:20.034466+00:00,2026-09-26T17:23:20.034466-04:00,2026-09-26T17:23:20.034466-04:00,propline_free_sample
2026-09-26,2026-09-26 17:10:00+00:00,Justin Verlander,4.5,under,108,dabble,232563,Detroit Tigers,Pittsburgh Pirates,2026-09-26T16:40:27.229627+00:00,2026-09-26T21:23:20.034466+00:00,2026-09-26T17:23:20.034466-04:00,2026-09-26T17:23:20.034466-04:00,propline_free_sample
2026-09-26,2026-09-26 17:10:00+00:00,Kirby Yates,0.5,over,-217,dabble,232563,Detroit Tigers,Pittsburgh Pirates,2026-09-26T14:56:23.507815+00:00,2026-09-26T21:23:20.034466+00:00,2026-09-26T17:23:20.034466-04:00,2026-09-26T17:23:20.034466-04:00,propline_free_sample
2026-09-26,2026-09-26 17:10:00+00:00,Kirby Yates,0.5,under,222,dabble,232563,Detroit Tigers,Pittsburgh Pirates,2026-09-26T14:59:48.339192+00:00,2026-09-26T21:23:20.034466+00:00,2026-09-26T17:23:20.034466-04:00,2026-09-26T17:23:20.034466-04:00,propline_free_sample
2026-09-26,2026-09-26 17:10:00+00:00,Kirby Yates,0.5,over,-264,underdog,232563,Detroit Tigers,Pittsburgh Pirates,2026-09-26T14:03:52.837323+00:00,2026-09-26T21:23:20.034466+00:00,2026-09-26T17:23:20.034466-04:00,2026-09-26T17:23:20.034466-04:00,propline_free_sample
2026-09-26,2026-09-26 17:10:00+00:00,Kirby Yates,0.5,under,172,underdog,232563,Detroit Tigers,Pittsburgh Pirates,2026-09-26T14:03:52.837323+00:00,2026-09-26T21:23:20.034466+00:00,2026-09-26T17:23:20.034466-04:00,2026-09-26T17:23:20.034466-04:00,propline_free_sample
2026-09-26,2026-09-26 17:10:00+00:00,Kirby Yates,1.5,over,100,prizepicks,232563,Detroit Tigers,Pittsburgh Pirates,2026-09-26T02:38:09.499500+00:00,2026-09-26T21:23:20.034466+00:00,2026-09-26T17:23:20.034466-04:00,2026-09-26T17:23:20.034466-04:00,propline_free_sample
2026-09-26,2026-09-26 17:10:00+00:00,Kirby Yates,1.5,under,100,prizepicks,232563,Detroit Tigers,Pittsburgh Pirates,2026-09-26T02:38:09.499500+00:00,2026-09-26T21:23:20.034466+00:00,2026-09-26T17:23:20.034466-04:00,2026-09-26T17:23:20.034466-04:00,propline_free_sample
2026-09-26,2026-09-26 17:10:00+00:00,Justin Verlander,5.5,over,114,smarkets,232563,Detroit Tigers,Pittsburgh Pirates,2026-09-26T14:19:43.919029+00:00,2026-09-26T21:23:20.034466+00:00,2026-09-26T17:23:20.034466-04:00,2026-09-26T17:23:20.034466-04:00,propline_free_sample
2026-09-26,2026-09-26 17:10:00+00:00,Justin Verlander,5.5,under,-161,smarkets,232563,Detroit Tigers,Pittsburgh Pirates,2026-09-26T14:19:43.919029+00:00,2026-09-26T21:23:20.034466+00:00,2026-09-26T17:23:20.034466-04:00,2026-09-26T17:23:20.034466-04:00,propline_free_sample
2026-09-26,2026-09-26 17:10:00+00:00,Kirby Yates,1.5,over,178,smarkets,232563,Detroit Tigers,Pittsburgh Pirates,2026-09-26T13:25:37.767668+00:00,2026-09-26T21:23:20.034466+00:00,2026-09-26T17:23:20.034466-04:00,2026-09-26T17:23:20.034466-04:00,propline_free_sample
2026-09-26,2026-09-26 17:10:00+00:00,Kirby Yates,1.5,under,-263,smarkets,232563,Detroit Tigers,Pittsburgh Pirates,2026-09-26T05:50:14.052953+00:00,2026-09-26T21:23:20.034466+00:00,2026-09-26T17:23:20.034466-04:00,2026-09-26T17:23:20.034466-04:00,propline_free_sample
2026-09-26,2026-09-26 17:10:00+00:00,Justin Verlander,4.5,over,100,prizepicks,232563,Detroit Tigers,Pittsburgh Pirates,2026-09-26T02:52:31.680005+00:00,2026-09-26T21:23:20.034466+00:00,2026-09-26T17:23:20.034466-04:00,2026-09-26T17:23:20.034466-04:00,propline_free_sample
2026-09-26,2026-09-26 17:10:00+00:00,Justin Verlander,5.5,over,100,prizepicks,232563,Detroit Tigers,Pittsburgh Pirates,2026-09-26T02:52:31.680005+00:00,2026-09-26T21:23:20.034466+00:00,2026-09-26T17:23:20.034466-04:00,2026-09-26T17:23:20.034466-04:00,propline_free_sample
2026-09-26,2026-09-26 17:10:00+00:00,Justin Verlander,5.5,under,100,prizepicks,232563,Detroit Tigers,Pittsburgh Pirates,2026-09-26T02:52:31.680005+00:00,2026-09-26T21:23:20.034466+00:00,2026-09-26T17:23:20.034466-04:00,2026-09-26T17:23:20.034466-04:00,propline_free_sample
2026-09-26,2026-09-26 17:10:00+00:00,Justin Verlander,6.5,over,100,prizepicks,232563,Detroit Tigers,Pittsburgh Pirates,2026-09-26T02:52:31.680005+00:00,2026-09-26T21:23:20.034466+00:00,2026-09-26T17:23:20.034466-04:00,2026-09-26T17:23:20.034466-04:00,propline_free_sample
2026-09-26,2026-09-26 17:10:00+00:00,Justin Verlander,9.5,over,100,prizepicks,232563,Detroit Tigers,Pittsburgh Pirates,2026-09-26T02:52:31.680005+00:00,2026-09-26T21:23:20.034466+00:00,2026-09-26T17:23:20.034466-04:00,2026-09-26T17:23:20.034466-04:00,propline_free_sample
2026-09-26,2026-09-26 17:10:00+00:00,Justin Verlander,2.5,over,100,prizepicks,232563,Detroit Tigers,Pittsburgh Pirates,2026-09-26T02:52:31.680005+00:00,2026-09-26T21:23:20.034466+00:00,2026-09-26T17:23:20.034466-04:00,2026-09-26T17:23:20.034466-04:00,propline_free_sample
2026-09-26,2026-09-26 17:10:00+00:00,Justin Verlander,3.5,over,100,prizepicks,232563,Detroit Tigers,Pittsburgh Pirates,2026-09-26T02:52:31.680005+00:00,2026-09-26T21:23:20.034466+00:00,2026-09-26T17:23:20.034466-04:00,2026-09-26T17:23:20.034466-04:00,propline_free_sample
2026-09-26,2026-09-26 17:10:00+00:00,Justin Verlander,4.5,over,100,prizepicks,232563,Detroit Tigers,Pittsburgh Pirates,2026-09-26T02:58:19.753795+00:00,2026-09-26T21:23:20.034466+00:00,2026-09-26T17:23:20.034466-04:00,2026-09-26T17:23:20.034466-04:00,propline_free_sample
2026-09-26,2026-09-26 17:10:00+00:00,Justin Verlander,7.5,over,100,prizepicks,232563,Detroit Tigers,Pittsburgh Pirates,2026-09-26T03:09:58.090321+00:00,2026-09-26T21:23:20.034466+00:00,2026-09-26T17:23:20.034466-04:00,2026-09-26T17:23:20.034466-04:00,propline_free_sample
2026-09-26,2026-09-26 17:10:00+00:00,Justin Verlander,2.5,over,-1900,kalshi,232563,Detroit Tigers,Pittsburgh Pirates,2026-09-26T16:17:51.460683+00:00,2026-09-26T21:23:20.034466+00:00,2026-09-26T17:23:20.034466-04:00,2026-09-26T17:23:20.034466-04:00,propline_free_sample
2026-09-26,2026-09-26 17:10:00+00:00,Justin Verlander,3.5,over,-1900,kalshi,232563,Detroit Tigers,Pittsburgh Pirates,2026-09-26T17:05:46.609045+00:00,2026-09-26T21:23:20.034466+00:00,2026-09-26T17:23:20.034466-04:00,2026-09-26T17:23:20.034466-04:00,propline_free_sample
2026-09-26,2026-09-26 17:10:00+00:00,Justin Verlander,4.5,over,-3233,kalshi,232563,Detroit Tigers,Pittsburgh Pirates,2026-09-26T17:09:46.594530+00:00,2026-09-26T21:23:20.034466+00:00,2026-09-26T17:23:20.034466-04:00,2026-09-26T17:23:20.034466-04:00,propline_free_sample
2026-09-26,2026-09-26 17:10:00+00:00,Justin Verlander,5.5,over,150,kalshi,232563,Detroit Tigers,Pittsburgh Pirates,2026-09-26T17:09:34.188834+00:00,2026-09-26T21:23:20.034466+00:00,2026-09-26T17:23:20.034466-04:00,2026-09-26T17:23:20.034466-04:00,propline_free_sample
2026-09-26,2026-09-26 17:10:00+00:00,Justin Verlander,6.5,over,9900,kalshi,232563,Detroit Tigers,Pittsburgh Pirates,2026-09-26T16:52:13.233300+00:00,2026-09-26T21:23:20.034466+00:00,2026-09-26T17:23:20.034466-04:00,2026-09-26T17:23:20.034466-04:00,propline_free_sample
2026-09-26,2026-09-26 17:10:00+00:00,Justin Verlander,7.5,over,9900,kalshi,232563,Detroit Tigers,Pittsburgh Pirates,2026-09-26T17:09:36.762688+00:00,2026-09-26T21:23:20.034466+00:00,2026-09-26T17:23:20.034466-04:00,2026-09-26T17:23:20.034466-04:00,propline_free_sample
2026-09-26,2026-09-26 17:10:00+00:00,Justin Verlander,8.5,over,9900,kalshi,232563,Detroit Tigers,Pittsburgh Pirates,2026-09-26T16:46:16.681948+00:00,2026-09-26T21:23:20.034466+00:00,2026-09-26T17:23:20.034466-04:00,2026-09-26T17:23:20.034466-04:00,propline_free_sample
2026-09-26,2026-09-26 17:10:00+00:00,Justin Verlander,8.5,over,100,prizepicks,232563,Detroit Tigers,Pittsburgh Pirates,2026-09-26T03:31:34.600217+00:00,2026-09-26T21:23:20.034466+00:00,2026-09-26T17:23:20.034466-04:00,2026-09-26T17:23:20.034466-04:00,propline_free_sample
2026-09-26,2026-09-26 17:10:00+00:00,Justin Verlander,6.5,under,-1900,kalshi,232563,Detroit Tigers,Pittsburgh Pirates,2026-09-26T17:07:23.886800+00:00,2026-09-26T21:23:20.034466+00:00,2026-09-26T17:23:20.034466-04:00,2026-09-26T17:23:20.034466-04:00,propline_free_sample
2026-09-26,2026-09-26 17:10:00+00:00,Justin Verlander,2.5,under,9900,kalshi,232563,Detroit Tigers,Pittsburgh Pirates,2026-09-26T17:09:41.216457+00:00,2026-09-26T21:23:20.034466+00:00,2026-09-26T17:23:20.034466-04:00,2026-09-26T17:23:20.034466-04:00,propline_free_sample
2026-09-26,2026-09-26 17:10:00+00:00,Justin Verlander,3.5,under,9900,kalshi,232563,Detroit Tigers,Pittsburgh Pirates,2026-09-26T17:09:14.046538+00:00,2026-09-26T21:23:20.034466+00:00,2026-09-26T17:23:20.034466-04:00,2026-09-26T17:23:20.034466-04:00,propline_free_sample
2026-09-26,2026-09-26 17:10:00+00:00,Justin Verlander,4.5,under,9900,kalshi,232563,Detroit Tigers,Pittsburgh Pirates,2026-09-26T17:09:34.188834+00:00,2026-09-26T21:23:20.034466+00:00,2026-09-26T17:23:20.034466-04:00,2026-09-26T17:23:20.034466-04:00,propline_free_sample
2026-09-26,2026-09-26 17:10:00+00:00,Justin Verlander,5.5,under,9900,kalshi,232563,Detroit Tigers,Pittsburgh Pirates,2026-09-26T17:09:44.373089+00:00,2026-09-26T21:23:20.034466+00:00,2026-09-26T17:23:20.034466-04:00,2026-09-26T17:23:20.034466-04:00,propline_free_sample
2026-09-26,2026-09-26 17:10:00+00:00,Justin Verlander,7.5,under,-9900,kalshi,232563,Detroit Tigers,Pittsburgh Pirates,2026-09-26T17:07:23.886800+00:00,2026-09-26T21:23:20.034466+00:00,2026-09-26T17:23:20.034466-04:00,2026-09-26T17:23:20.034466-04:00,propline_free_sample
2026-09-26,2026-09-26 17:10:00+00:00,Justin Verlander,6.5,over,239,novig,232563,Detroit Tigers,Pittsburgh Pirates,2026-09-26T03:46:34.067483+00:00,2026-09-26T21:23:20.034466+00:00,2026-09-26T17:23:20.034466-04:00,2026-09-26T17:23:20.034466-04:00,propline_free_sample
2026-09-26,2026-09-26 17:10:00+00:00,Justin Verlander,6.5,under,-441,novig,232563,Detroit Tigers,Pittsburgh Pirates,2026-09-26T04:27:23.880078+00:00,2026-09-26T21:23:20.034466+00:00,2026-09-26T17:23:20.034466-04:00,2026-09-26T17:23:20.034466-04:00,propline_free_sample
2026-09-26,2026-09-26 17:10:00+00:00,Kirby Yates,1.5,over,-450,prophetx,232563,Detroit Tigers,Pittsburgh Pirates,2026-09-26T05:38:05.248811+00:00,2026-09-26T21:23:20.034466+00:00,2026-09-26T17:23:20.034466-04:00,2026-09-26T17:23:20.034466-04:00,propline_free_sample
2026-09-26,2026-09-26 17:10:00+00:00,Justin Verlander,5.5,over,150,novig,232563,Detroit Tigers,Pittsburgh Pirates,2026-09-26T17:07:36.349744+00:00,2026-09-26T21:23:20.034466+00:00,2026-09-26T17:23:20.034466-04:00,2026-09-26T17:23:20.034466-04:00,propline_free_sample
2026-09-26,2026-09-26 17:10:00+00:00,Justin Verlander,5.5,under,-99900,novig,232563,Detroit Tigers,Pittsburgh Pirates,2026-09-26T16:00:54.318686+00:00,2026-09-26T21:23:20.034466+00:00,2026-09-26T17:23:20.034466-04:00,2026-09-26T17:23:20.034466-04:00,propline_free_sample
2026-09-26,2026-09-26 17:10:00+00:00,Justin Verlander,4.5,over,-117,rebet,232563,Detroit Tigers,Pittsburgh Pirates,2026-09-26T15:51:36.676891+00:00,2026-09-26T21:23:20.034466+00:00,2026-09-26T17:23:20.034466-04:00,2026-09-26T17:23:20.034466-04:00,propline_free_sample
2026-09-26,2026-09-26 17:10:00+00:00,Justin Verlander,4.5,under,-117,rebet,232563,Detroit Tigers,Pittsburgh Pirates,2026-09-26T15:51:36.676891+00:00,2026-09-26T21:23:20.034466+00:00,2026-09-26T17:23:20.034466-04:00,2026-09-26T17:23:20.034466-04:00,propline_free_sample
2026-09-26,2026-09-26 17:10:00+00:00,Justin Verlander,4.5,over,120,novig,232563,Detroit Tigers,Pittsburgh Pirates,2026-09-26T17:07:36.349744+00:00,2026-09-26T21:23:20.034466+00:00,2026-09-26T17:23:20.034466-04:00,2026-09-26T17:23:20.034466-04:00,propline_free_sample
2026-09-26,2026-09-26 17:10:00+00:00,Justin Verlander,4.5,under,-130,novig,232563,Detroit Tigers,Pittsburgh Pirates,2026-09-26T17:04:10.426402+00:00,2026-09-26T21:23:20.034466+00:00,2026-09-26T17:23:20.034466-04:00,2026-09-26T17:23:20.034466-04:00,propline_free_sample
2026-09-26,2026-09-26 17:10:00+00:00,Justin Verlander,5.5,over,135,onexbet,232563,Detroit Tigers,Pittsburgh Pirates,2026-09-26T16:24:00.345101+00:00,2026-09-26T21:23:20.034466+00:00,2026-09-26T17:23:20.034466-04:00,2026-09-26T17:23:20.034466-04:00,propline_free_sample
2026-09-26,2026-09-26 17:10:00+00:00,Kirby Yates,0.5,over,-270,onexbet,232563,Detroit Tigers,Pittsburgh Pirates,2026-09-26T16:24:00.345101+00:00,2026-09-26T21:23:20.034466+00:00,2026-09-26T17:23:20.034466-04:00,2026-09-26T17:23:20.034466-04:00,propline_free_sample
2026-09-26,2026-09-26 17:10:00+00:00,Justin Verlander,5.5,under,-180,onexbet,232563,Detroit Tigers,Pittsburgh Pirates,2026-09-26T16:24:00.345101+00:00,2026-09-26T21:23:20.034466+00:00,2026-09-26T17:23:20.034466-04:00,2026-09-26T17:23:20.034466-04:00,propline_free_sample
2026-09-26,2026-09-26 17:10:00+00:00,Kirby Yates,0.5,under,195,onexbet,232563,Detroit Tigers,Pittsburgh Pirates,2026-09-26T16:24:00.345101+00:00,2026-09-26T21:23:20.034466+00:00,2026-09-26T17:23:20.034466-04:00,2026-09-26T17:23:20.034466-04:00,propline_free_sample
2026-09-26,2026-09-26 17:10:00+00:00,Justin Verlander,3.5,over,-213,parlayplay,232563,Detroit Tigers,Pittsburgh Pirates,2026-09-26T16:25:51.195561+00:00,2026-09-26T21:23:20.034466+00:00,2026-09-26T17:23:20.034466-04:00,2026-09-26T17:23:20.034466-04:00,propline_free_sample
2026-09-26,2026-09-26 17:10:00+00:00,Justin Verlander,3.5,under,124,parlayplay,232563,Detroit Tigers,Pittsburgh Pirates,2026-09-26T16:25:51.195561+00:00,2026-09-26T21:23:20.034466+00:00,2026-09-26T17:23:20.034466-04:00,2026-09-26T17:23:20.034466-04:00,propline_free_sample
2026-09-26,2026-09-26 17:10:00+00:00,Justin Verlander,5.5,over,126,draftkings,232563,Detroit Tigers,Pittsburgh Pirates,2026-09-26T16:26:18.448624+00:00,2026-09-26T21:23:20.034466+00:00,2026-09-26T17:23:20.034466-04:00,2026-09-26T17:23:20.034466-04:00,propline_free_sample
2026-09-26,2026-09-26 17:10:00+00:00,Justin Verlander,5.5,under,-160,draftkings,232563,Detroit Tigers,Pittsburgh Pirates,2026-09-26T09:48:32.961029+00:00,2026-09-26T21:23:20.034466+00:00,2026-09-26T17:23:20.034466-04:00,2026-09-26T17:23:20.034466-04:00,propline_free_sample
2026-09-26,2026-09-26 17:10:00+00:00,Justin Verlander,4.5,under,100,prizepicks,232563,Detroit Tigers,Pittsburgh Pirates,2026-09-26T12:37:41.764774+00:00,2026-09-26T21:23:20.034466+00:00,2026-09-26T17:23:20.034466-04:00,2026-09-26T17:23:20.034466-04:00,propline_free_sample
2026-09-26,2026-09-26 17:10:00+00:00,Justin Verlander,4.5,over,100,prophetx,232563,Detroit Tigers,Pittsburgh Pirates,2026-09-26T17:07:52.827861+00:00,2026-09-26T21:23:20.034466+00:00,2026-09-26T17:23:20.034466-04:00,2026-09-26T17:23:20.034466-04:00,propline_free_sample
2026-09-26,2026-09-26 17:10:00+00:00,Kirby Yates,0.5,over,100,prizepicks,232563,Detroit Tigers,Pittsburgh Pirates,2026-09-26T14:12:05.384803+00:00,2026-09-26T21:23:20.034466+00:00,2026-09-26T17:23:20.034466-04:00,2026-09-26T17:23:20.034466-04:00,propline_free_sample
2026-09-26,2026-09-26 17:10:00+00:00,Kirby Yates,0.5,under,100,prizepicks,232563,Detroit Tigers,Pittsburgh Pirates,2026-09-26T14:12:05.384803+00:00,2026-09-26T21:23:20.034466+00:00,2026-09-26T17:23:20.034466-04:00,2026-09-26T17:23:20.034466-04:00,propline_free_sample
2026-09-26,2026-09-26 17:10:00+00:00,Justin Verlander,3.5,over,-120,betmgm,232563,Detroit Tigers,Pittsburgh Pirates,2026-09-26T17:09:30.604941+00:00,2026-09-26T21:23:20.034466+00:00,2026-09-26T17:23:20.034466-04:00,2026-09-26T17:23:20.034466-04:00,propline_free_sample
2026-09-26,2026-09-26 17:10:00+00:00,Justin Verlander,3.5,under,-110,betmgm,232563,Detroit Tigers,Pittsburgh Pirates,2026-09-26T17:09:30.604941+00:00,2026-09-26T21:23:20.034466+00:00,2026-09-26T17:23:20.034466-04:00,2026-09-26T17:23:20.034466-04:00,propline_free_sample
2026-09-26,2026-09-26 17:10:00+00:00,Justin Verlander,4.5,under,-122,prophetx,232563,Detroit Tigers,Pittsburgh Pirates,2026-09-26T16:10:04.994158+00:00,2026-09-26T21:23:20.034466+00:00,2026-09-26T17:23:20.034466-04:00,2026-09-26T17:23:20.034466-04:00,propline_free_sample
2026-09-26,2026-09-26 17:10:00+00:00,Justin Verlander,4.5,over,-127,smarkets,232563,Detroit Tigers,Pittsburgh Pirates,2026-09-26T16:42:29.335900+00:00,2026-09-26T21:23:20.034466+00:00,2026-09-26T17:23:20.034466-04:00,2026-09-26T17:23:20.034466-04:00,propline_free_sample
2026-09-26,2026-09-26 17:10:00+00:00,Justin Verlander,4.5,under,-172,smarkets,232563,Detroit Tigers,Pittsburgh Pirates,2026-09-26T16:33:44.618638+00:00,2026-09-26T21:23:20.034466+00:00,2026-09-26T17:23:20.034466-04:00,2026-09-26T17:23:20.034466-04:00,propline_free_sample
2026-09-26,2026-09-26 17:10:00+00:00,Kirby Yates,0.5,over,-263,smarkets,232563,Detroit Tigers,Pittsburgh Pirates,2026-09-26T14:58:56.906811+00:00,2026-09-26T21:23:20.034466+00:00,2026-09-26T17:23:20.034466-04:00,2026-09-26T17:23:20.034466-04:00,propline_free_sample
2026-09-26,2026-09-26 17:10:00+00:00,Kirby Yates,0.5,under,178,smarkets,232563,Detroit Tigers,Pittsburgh Pirates,2026-09-26T14:58:56.906811+00:00,2026-09-26T21:23:20.034466+00:00,2026-09-26T17:23:20.034466-04:00,2026-09-26T17:23:20.034466-04:00,propline_free_sample
2026-09-26,2026-09-26 17:10:00+00:00,Justin Verlander,4.5,over,100,prizepicks,232563,Detroit Tigers,Pittsburgh Pirates,2026-09-26T14:43:32.675727+00:00,2026-09-26T21:23:20.034466+00:00,2026-09-26T17:23:20.034466-04:00,2026-09-26T17:23:20.034466-04:00,propline_free_sample
2026-09-26,2026-09-26 17:10:00+00:00,Justin Verlander,4.5,under,100,prizepicks,232563,Detroit Tigers,Pittsburgh Pirates,2026-09-26T14:43:32.675727+00:00,2026-09-26T21:23:20.034466+00:00,2026-09-26T17:23:20.034466-04:00,2026-09-26T17:23:20.034466-04:00,propline_free_sample
2026-09-26,2026-09-26 17:10:00+00:00,Justin Verlander,3.5,over,-213,novig,232563,Detroit Tigers,Pittsburgh Pirates,2026-09-26T16:21:15.815904+00:00,2026-09-26T21:23:20.034466+00:00,2026-09-26T17:23:20.034466-04:00,2026-09-26T17:23:20.034466-04:00,propline_free_sample
2026-09-26,2026-09-26 17:10:00+00:00,Justin Verlander,3.5,under,-104,novig,232563,Detroit Tigers,Pittsburgh Pirates,2026-09-26T16:03:59.219263+00:00,2026-09-26T21:23:20.034466+00:00,2026-09-26T17:23:20.034466-04:00,2026-09-26T17:23:20.034466-04:00,propline_free_sample
2026-09-26,2026-09-26 17:10:00+00:00,Justin Verlander,6.5,over,103,underdog,232563,Detroit Tigers,Pittsburgh Pirates,2026-09-26T16:28:32.557130+00:00,2026-09-26T21:23:20.034466+00:00,2026-09-26T17:23:20.034466-04:00,2026-09-26T17:23:20.034466-04:00,propline_free_sample
2026-09-26,2026-09-26 17:10:00+00:00,Justin Verlander,6.5,under,-154,underdog,232563,Detroit Tigers,Pittsburgh Pirates,2026-09-26T16:28:32.557130+00:00,2026-09-26T21:23:20.034466+00:00,2026-09-26T17:23:20.034466-04:00,2026-09-26T17:23:20.034466-04:00,propline_free_sample
2026-09-26,2026-09-26 17:10:00+00:00,Justin Verlander,8.5,under,-3233,kalshi,232563,Detroit Tigers,Pittsburgh Pirates,2026-09-26T17:07:23.886800+00:00,2026-09-26T21:23:20.034466+00:00,2026-09-26T17:23:20.034466-04:00,2026-09-26T17:23:20.034466-04:00,propline_free_sample
2026-09-26,2026-09-26 17:10:00+00:00,Justin Verlander,5.5,over,160,courtside,232563,Detroit Tigers,Pittsburgh Pirates,2026-09-26T16:25:51.429497+00:00,2026-09-26T21:23:20.034466+00:00,2026-09-26T17:23:20.034466-04:00,2026-09-26T17:23:20.034466-04:00,propline_free_sample
2026-09-26,2026-09-26 17:10:00+00:00,Justin Verlander,5.5,under,-220,courtside,232563,Detroit Tigers,Pittsburgh Pirates,2026-09-26T16:25:51.429497+00:00,2026-09-26T21:23:20.034466+00:00,2026-09-26T17:23:20.034466-04:00,2026-09-26T17:23:20.034466-04:00,propline_free_sample
2026-09-26,2026-09-26 17:10:00+00:00,Justin Verlander,1.5,over,-6000,hardrock,232563,Detroit Tigers,Pittsburgh Pirates,2026-09-26T16:28:01.102854+00:00,2026-09-26T21:23:20.034466+00:00,2026-09-26T17:23:20.034466-04:00,2026-09-26T17:23:20.034466-04:00,propline_free_sample
2026-09-26,2026-09-26 17:10:00+00:00,Justin Verlander,1.5,under,1300,hardrock,232563,Detroit Tigers,Pittsburgh Pirates,2026-09-26T16:46:05.795605+00:00,2026-09-26T21:23:20.034466+00:00,2026-09-26T17:23:20.034466-04:00,2026-09-26T17:23:20.034466-04:00,propline_free_sample
2026-09-26,2026-09-26 17:10:00+00:00,Justin Verlander,10.5,over,4000,hardrock,232563,Detroit Tigers,Pittsburgh Pirates,2026-09-26T16:28:01.102854+00:00,2026-09-26T21:23:20.034466+00:00,2026-09-26T17:23:20.034466-04:00,2026-09-26T17:23:20.034466-04:00,propline_free_sample
2026-09-26,2026-09-26 17:10:00+00:00,Justin Verlander,10.5,under,-20000,hardrock,232563,Detroit Tigers,Pittsburgh Pirates,2026-09-26T16:29:18.358486+00:00,2026-09-26T21:23:20.034466+00:00,2026-09-26T17:23:20.034466-04:00,2026-09-26T17:23:20.034466-04:00,propline_free_sample
2026-09-26,2026-09-26 17:10:00+00:00,Justin Verlander,2.5,over,-650,hardrock,232563,Detroit Tigers,Pittsburgh Pirates,2026-09-26T16:47:32.249448+00:00,2026-09-26T21:23:20.034466+00:00,2026-09-26T17:23:20.034466-04:00,2026-09-26T17:23:20.034466-04:00,propline_free_sample
2026-09-26,2026-09-26 17:10:00+00:00,Justin Verlander,2.5,under,350,hardrock,232563,Detroit Tigers,Pittsburgh Pirates,2026-09-26T16:46:05.795605+00:00,2026-09-26T21:23:20.034466+00:00,2026-09-26T17:23:20.034466-04:00,2026-09-26T17:23:20.034466-04:00,propline_free_sample
2026-09-26,2026-09-26 17:10:00+00:00,Justin Verlander,3.5,over,-1200,hardrock,232563,Detroit Tigers,Pittsburgh Pirates,2026-09-26T16:29:18.358486+00:00,2026-09-26T21:23:20.034466+00:00,2026-09-26T17:23:20.034466-04:00,2026-09-26T17:23:20.034466-04:00,propline_free_sample
2026-09-26,2026-09-26 17:10:00+00:00,Justin Verlander,3.5,under,450,hardrock,232563,Detroit Tigers,Pittsburgh Pirates,2026-09-26T16:59:21.815256+00:00,2026-09-26T21:23:20.034466+00:00,2026-09-26T17:23:20.034466-04:00,2026-09-26T17:23:20.034466-04:00,propline_free_sample
2026-09-26,2026-09-26 17:10:00+00:00,Justin Verlander,4.5,over,-190,hardrock,232563,Detroit Tigers,Pittsburgh Pirates,2026-09-26T16:51:08.034596+00:00,2026-09-26T21:23:20.034466+00:00,2026-09-26T17:23:20.034466-04:00,2026-09-26T17:23:20.034466-04:00,propline_free_sample
2026-09-26,2026-09-26 17:10:00+00:00,Justin Verlander,4.5,under,130,hardrock,232563,Detroit Tigers,Pittsburgh Pirates,2026-09-26T16:51:08.034596+00:00,2026-09-26T21:23:20.034466+00:00,2026-09-26T17:23:20.034466-04:00,2026-09-26T17:23:20.034466-04:00,propline_free_sample
2026-09-26,2026-09-26 17:10:00+00:00,Justin Verlander,5.5,over,170,hardrock,232563,Detroit Tigers,Pittsburgh Pirates,2026-09-26T16:46:05.795605+00:00,2026-09-26T21:23:20.034466+00:00,2026-09-26T17:23:20.034466-04:00,2026-09-26T17:23:20.034466-04:00,propline_free_sample
2026-09-26,2026-09-26 17:10:00+00:00,Justin Verlander,5.5,under,-260,hardrock,232563,Detroit Tigers,Pittsburgh Pirates,2026-09-26T16:51:08.034596+00:00,2026-09-26T21:23:20.034466+00:00,2026-09-26T17:23:20.034466-04:00,2026-09-26T17:23:20.034466-04:00,propline_free_sample
2026-09-26,2026-09-26 17:10:00+00:00,Justin Verlander,6.5,over,475,hardrock,232563,Detroit Tigers,Pittsburgh Pirates,2026-09-26T16:59:21.815256+00:00,2026-09-26T21:23:20.034466+00:00,2026-09-26T17:23:20.034466-04:00,2026-09-26T17:23:20.034466-04:00,propline_free_sample
2026-09-26,2026-09-26 17:10:00+00:00,Justin Verlander,6.5,under,-1200,hardrock,232563,Detroit Tigers,Pittsburgh Pirates,2026-09-26T16:46:05.795605+00:00,2026-09-26T21:23:20.034466+00:00,2026-09-26T17:23:20.034466-04:00,2026-09-26T17:23:20.034466-04:00,propline_free_sample
2026-09-26,2026-09-26 17:10:00+00:00,Justin Verlander,7.5,over,1400,hardrock,232563,Detroit Tigers,Pittsburgh Pirates,2026-09-26T16:46:05.795605+00:00,2026-09-26T21:23:20.034466+00:00,2026-09-26T17:23:20.034466-04:00,2026-09-26T17:23:20.034466-04:00,propline_free_sample
2026-09-26,2026-09-26 17:10:00+00:00,Justin Verlander,7.5,under,-7000,hardrock,232563,Detroit Tigers,Pittsburgh Pirates,2026-09-26T16:46:05.795605+00:00,2026-09-26T21:23:20.034466+00:00,2026-09-26T17:23:20.034466-04:00,2026-09-26T17:23:20.034466-04:00,propline_free_sample
2026-09-26,2026-09-26 17:10:00+00:00,Justin Verlander,8.5,over,4000,hardrock,232563,Detroit Tigers,Pittsburgh Pirates,2026-09-26T16:29:18.358486+00:00,2026-09-26T21:23:20.034466+00:00,2026-09-26T17:23:20.034466-04:00,2026-09-26T17:23:20.034466-04:00,propline_free_sample
2026-09-26,2026-09-26 17:10:00+00:00,Justin Verlander,8.5,under,-100000,hardrock,232563,Detroit Tigers,Pittsburgh Pirates,2026-09-26T16:29:18.358486+00:00,2026-09-26T21:23:20.034466+00:00,2026-09-26T17:23:20.034466-04:00,2026-09-26T17:23:20.034466-04:00,propline_free_sample
2026-09-26,2026-09-26 17:10:00+00:00,Justin Verlander,9.5,over,2250,hardrock,232563,Detroit Tigers,Pittsburgh Pirates,2026-09-26T16:29:18.358486+00:00,2026-09-26T21:23:20.034466+00:00,2026-09-26T17:23:20.034466-04:00,2026-09-26T17:23:20.034466-04:00,propline_free_sample
2026-09-26,2026-09-26 17:10:00+00:00,Justin Verlander,9.5,under,-9000,hardrock,232563,Detroit Tigers,Pittsburgh Pirates,2026-09-26T16:29:18.358486+00:00,2026-09-26T21:23:20.034466+00:00,2026-09-26T17:23:20.034466-04:00,2026-09-26T17:23:20.034466-04:00,propline_free_sample
2026-09-26,2026-09-26 17:10:00+00:00,Justin Verlander,6.5,under,100,prizepicks,232563,Detroit Tigers,Pittsburgh Pirates,2026-09-26T16:30:57.085573+00:00,2026-09-26T21:23:20.034466+00:00,2026-09-26T17:23:20.034466-04:00,2026-09-26T17:23:20.034466-04:00,propline_free_sample
2026-09-26,2026-09-26 17:10:00+00:00,Justin Verlander,2.5,under,100,prizepicks,232563,Detroit Tigers,Pittsburgh Pirates,2026-09-26T16:30:57.085573+00:00,2026-09-26T21:23:20.034466+00:00,2026-09-26T17:23:20.034466-04:00,2026-09-26T17:23:20.034466-04:00,propline_free_sample
2026-09-26,2026-09-26 17:10:00+00:00,Justin Verlander,3.5,under,100,prizepicks,232563,Detroit Tigers,Pittsburgh Pirates,2026-09-26T16:30:57.085573+00:00,2026-09-26T21:23:20.034466+00:00,2026-09-26T17:23:20.034466-04:00,2026-09-26T17:23:20.034466-04:00,propline_free_sample
2026-09-26,2026-09-26 17:10:00+00:00,Justin Verlander,7.5,under,100,prizepicks,232563,Detroit Tigers,Pittsburgh Pirates,2026-09-26T16:30:57.085573+00:00,2026-09-26T21:23:20.034466+00:00,2026-09-26T17:23:20.034466-04:00,2026-09-26T17:23:20.034466-04:00,propline_free_sample
2026-09-26,2026-09-26 17:10:00+00:00,Justin Verlander,5.5,over,104,prophetx,232563,Detroit Tigers,Pittsburgh Pirates,2026-09-26T17:09:33.913500+00:00,2026-09-26T21:23:20.034466+00:00,2026-09-26T17:23:20.034466-04:00,2026-09-26T17:23:20.034466-04:00,propline_free_sample
2026-09-26,2026-09-26 17:10:00+00:00,Justin Verlander,0.5,over,-10000,hardrock,232563,Detroit Tigers,Pittsburgh Pirates,,2026-09-26T21:23:20.034466+00:00,2026-09-26T17:23:20.034466-04:00,2026-09-26T17:23:20.034466-04:00,propline_free_sample
2026-09-26,2026-09-26 17:10:00+00:00,Justin Verlander,0.5,under,2250,hardrock,232563,Detroit Tigers,Pittsburgh Pirates,,2026-09-26T21:23:20.034466+00:00,2026-09-26T17:23:20.034466-04:00,2026-09-26T17:23:20.034466-04:00,propline_free_sample
2026-09-26,2026-09-26 17:10:00+00:00,Justin Verlander,4.5,over,135,courtside,232563,Detroit Tigers,Pittsburgh Pirates,,2026-09-26T21:23:20.034466+00:00,2026-09-26T17:23:20.034466-04:00,2026-09-26T17:23:20.034466-04:00,propline_free_sample
2026-09-26,2026-09-26 17:10:00+00:00,Justin Verlander,4.5,under,-185,courtside,232563,Detroit Tigers,Pittsburgh Pirates,,2026-09-26T21:23:20.034466+00:00,2026-09-26T17:23:20.034466-04:00,2026-09-26T17:23:20.034466-04:00,propline_free_sample
2026-09-26,2026-09-26 17:10:00+00:00,Justin Verlander (DET),4.5,over,-165,bovada,232563,Detroit Tigers,Pittsburgh Pirates,,2026-09-26T21:23:20.034466+00:00,2026-09-26T17:23:20.034466-04:00,2026-09-26T17:23:20.034466-04:00,propline_free_sample
2026-09-26,2026-09-26 17:10:00+00:00,Justin Verlander (DET),4.5,under,125,bovada,232563,Detroit Tigers,Pittsburgh Pirates,,2026-09-26T21:23:20.034466+00:00,2026-09-26T17:23:20.034466-04:00,2026-09-26T17:23:20.034466-04:00,propline_free_sample
2026-09-26,2026-09-26 17:10:00+00:00,Justin Verlander,3.5,over,-185,courtside,232563,Detroit Tigers,Pittsburgh Pirates,,2026-09-26T21:23:20.034466+00:00,2026-09-26T17:23:20.034466-04:00,2026-09-26T17:23:20.034466-04:00,propline_free_sample
2026-09-26,2026-09-26 17:10:00+00:00,Justin Verlander,3.5,under,135,courtside,232563,Detroit Tigers,Pittsburgh Pirates,,2026-09-26T21:23:20.034466+00:00,2026-09-26T17:23:20.034466-04:00,2026-09-26T17:23:20.034466-04:00,propline_free_sample
2026-09-26,2026-09-26 16:35:00+00:00,Connelly Early,3.5,over,-142,fanduel,232566,Washington Nationals,New York Mets,2026-09-25T23:50:56.433439+00:00,2026-09-26T21:23:20.034466+00:00,2026-09-26T17:23:20.034466-04:00,2026-09-26T17:23:20.034466-04:00,propline_free_sample
2026-09-26,2026-09-26 16:35:00+00:00,Connelly Early,3.5,under,112,fanduel,232566,Washington Nationals,New York Mets,2026-09-25T23:50:56.433439+00:00,2026-09-26T21:23:20.034466+00:00,2026-09-26T17:23:20.034466-04:00,2026-09-26T17:23:20.034466-04:00,propline_free_sample
2026-09-26,2026-09-26 16:35:00+00:00,Jonah Tong,4.5,over,-113,fanduel,232566,Washington Nationals,New York Mets,2026-09-25T23:50:56.433439+00:00,2026-09-26T21:23:20.034466+00:00,2026-09-26T17:23:20.034466-04:00,2026-09-26T17:23:20.034466-04:00,propline_free_sample
2026-09-26,2026-09-26 16:35:00+00:00,Jonah Tong,4.5,under,-113,fanduel,232566,Washington Nationals,New York Mets,2026-09-25T23:50:56.433439+00:00,2026-09-26T21:23:20.034466+00:00,2026-09-26T17:23:20.034466-04:00,2026-09-26T17:23:20.034466-04:00,propline_free_sample
2026-09-26,2026-09-26 16:35:00+00:00,Jonah Tong,1.5,over,-4000,hardrock,232566,Washington Nationals,New York Mets,2026-09-26T00:06:26.039856+00:00,2026-09-26T21:23:20.034466+00:00,2026-09-26T17:23:20.034466-04:00,2026-09-26T17:23:20.034466-04:00,propline_free_sample
2026-09-26,2026-09-26 16:35:00+00:00,Jonah Tong,1.5,under,850,hardrock,232566,Washington Nationals,New York Mets,2026-09-26T00:06:26.039856+00:00,2026-09-26T21:23:20.034466+00:00,2026-09-26T17:23:20.034466-04:00,2026-09-26T17:23:20.034466-04:00,propline_free_sample
2026-09-26,2026-09-26 16:35:00+00:00,Jonah Tong,2.5,over,-650,hardrock,232566,Washington Nationals,New York Mets,2026-09-26T00:06:26.039856+00:00,2026-09-26T21:23:20.034466+00:00,2026-09-26T17:23:20.034466-04:00,2026-09-26T17:23:20.034466-04:00,propline_free_sample
2026-09-26,2026-09-26 16:35:00+00:00,Jonah Tong,2.5,under,375,hardrock,232566,Washington Nationals,New York Mets,2026-09-26T00:06:26.039856+00:00,2026-09-26T21:23:20.034466+00:00,2026-09-26T17:23:20.034466-04:00,2026-09-26T17:23:20.034466-04:00,propline_free_sample
2026-09-26,2026-09-26 16:35:00+00:00,Jonah Tong,3.5,over,-250,hardrock,232566,Washington Nationals,New York Mets,2026-09-26T00:06:26.039856+00:00,2026-09-26T21:23:20.034466+00:00,2026-09-26T17:23:20.034466-04:00,2026-09-26T17:23:20.034466-04:00,propline_free_sample
2026-09-26,2026-09-26 16:35:00+00:00,Jonah Tong,3.5,under,170,hardrock,232566,Washington Nationals,New York Mets,2026-09-26T00:06:26.039856+00:00,2026-09-26T21:23:20.034466+00:00,2026-09-26T17:23:20.034466-04:00,2026-09-26T17:23:20.034466-04:00,propline_free_sample
2026-09-26,2026-09-26 16:35:00+00:00,Jonah Tong,4.5,over,-115,hardrock,232566,Washington Nationals,New York Mets,2026-09-26T00:06:26.039856+00:00,2026-09-26T21:23:20.034466+00:00,2026-09-26T17:23:20.034466-04:00,2026-09-26T17:23:20.034466-04:00,propline_free_sample
2026-09-26,2026-09-26 16:35:00+00:00,Jonah Tong,4.5,under,-115,hardrock,232566,Washington Nationals,New York Mets,2026-09-26T00:06:26.039856+00:00,2026-09-26T21:23:20.034466+00:00,2026-09-26T17:23:20.034466-04:00,2026-09-26T17:23:20.034466-04:00,propline_free_sample
2026-09-26,2026-09-26 16:35:00+00:00,Jonah Tong,5.5,over,165,hardrock,232566,Washington Nationals,New York Mets,2026-09-26T00:06:26.039856+00:00,2026-09-26T21:23:20.034466+00:00,2026-09-26T17:23:20.034466-04:00,2026-09-26T17:23:20.034466-04:00,propline_free_sample
2026-09-26,2026-09-26 16:35:00+00:00,Jonah Tong,5.5,under,-240,hardrock,232566,Washington Nationals,New York Mets,2026-09-26T00:06:26.039856+00:00,2026-09-26T21:23:20.034466+00:00,2026-09-26T17:23:20.034466-04:00,2026-09-26T17:23:20.034466-04:00,propline_free_sample
2026-09-26,2026-09-26 16:35:00+00:00,Jonah Tong,6.5,over,325,hardrock,232566,Washington Nationals,New York Mets,2026-09-26T00:06:26.039856+00:00,2026-09-26T21:23:20.034466+00:00,2026-09-26T17:23:20.034466-04:00,2026-09-26T17:23:20.034466-04:00,propline_free_sample
2026-09-26,2026-09-26 16:35:00+00:00,Jonah Tong,6.5,under,-550,hardrock,232566,Washington Nationals,New York Mets,2026-09-26T00:06:26.039856+00:00,2026-09-26T21:23:20.034466+00:00,2026-09-26T17:23:20.034466-04:00,2026-09-26T17:23:20.034466-04:00,propline_free_sample
2026-09-26,2026-09-26 16:35:00+00:00,Jonah Tong,7.5,over,600,hardrock,232566,Washington Nationals,New York Mets,2026-09-26T00:06:26.039856+00:00,2026-09-26T21:23:20.034466+00:00,2026-09-26T17:23:20.034466-04:00,2026-09-26T17:23:20.034466-04:00,propline_free_sample
2026-09-26,2026-09-26 16:35:00+00:00,Jonah Tong,7.5,under,-1500,hardrock,232566,Washington Nationals,New York Mets,2026-09-26T00:06:26.039856+00:00,2026-09-26T21:23:20.034466+00:00,2026-09-26T17:23:20.034466-04:00,2026-09-26T17:23:20.034466-04:00,propline_free_sample
2026-09-26,2026-09-26 16:35:00+00:00,Jonah Tong,8.5,over,1200,hardrock,232566,Washington Nationals,New York Mets,2026-09-26T00:06:26.039856+00:00,2026-09-26T21:23:20.034466+00:00,2026-09-26T17:23:20.034466-04:00,2026-09-26T17:23:20.034466-04:00,propline_free_sample
2026-09-26,2026-09-26 16:35:00+00:00,Jonah Tong,8.5,under,-5000,hardrock,232566,Washington Nationals,New York Mets,2026-09-26T00:06:26.039856+00:00,2026-09-26T21:23:20.034466+00:00,2026-09-26T17:23:20.034466-04:00,2026-09-26T17:23:20.034466-04:00,propline_free_sample
2026-09-26,2026-09-26 16:35:00+00:00,Jonah Tong,9.5,over,3000,hardrock,232566,Washington Nationals,New York Mets,2026-09-26T00:06:26.039856+00:00,2026-09-26T21:23:20.034466+00:00,2026-09-26T17:23:20.034466-04:00,2026-09-26T17:23:20.034466-04:00,propline_free_sample
2026-09-26,2026-09-26 16:35:00+00:00,Jonah Tong,9.5,under,-10000,hardrock,232566,Washington Nationals,New York Mets,2026-09-26T00:06:26.039856+00:00,2026-09-26T21:23:20.034466+00:00,2026-09-26T17:23:20.034466-04:00,2026-09-26T17:23:20.034466-04:00,propline_free_sample
2026-09-26,2026-09-26 16:35:00+00:00,Jonah Tong,4.5,over,100,prizepicks,232566,Washington Nationals,New York Mets,2026-09-26T00:07:39.747876+00:00,2026-09-26T21:23:20.034466+00:00,2026-09-26T17:23:20.034466-04:00,2026-09-26T17:23:20.034466-04:00,propline_free_sample
2026-09-26,2026-09-26 16:35:00+00:00,Jonah Tong,4.5,under,100,prizepicks,232566,Washington Nationals,New York Mets,2026-09-26T00:07:39.747876+00:00,2026-09-26T21:23:20.034466+00:00,2026-09-26T17:23:20.034466-04:00,2026-09-26T17:23:20.034466-04:00,propline_free_sample
2026-09-26,2026-09-26 16:35:00+00:00,Connelly Early,4.5,over,100,prizepicks,232566,Washington Nationals,New York Mets,2026-09-26T00:07:39.747876+00:00,2026-09-26T21:23:20.034466+00:00,2026-09-26T17:23:20.034466-04:00,2026-09-26T17:23:20.034466-04:00,propline_free_sample
2026-09-26,2026-09-26 16:35:00+00:00,Connelly Early,5.5,over,100,prizepicks,232566,Washington Nationals,New York Mets,2026-09-26T00:07:39.747876+00:00,2026-09-26T21:23:20.034466+00:00,2026-09-26T17:23:20.034466-04:00,2026-09-26T17:23:20.034466-04:00,propline_free_sample
2026-09-26,2026-09-26 16:35:00+00:00,Jonah Tong,5.5,over,100,prizepicks,232566,Washington Nationals,New York Mets,2026-09-26T00:07:39.747876+00:00,2026-09-26T21:23:20.034466+00:00,2026-09-26T17:23:20.034466-04:00,2026-09-26T17:23:20.034466-04:00,propline_free_sample
2026-09-26,2026-09-26 16:35:00+00:00,Connelly Early,6.5,over,100,prizepicks,232566,Washington Nationals,New York Mets,2026-09-26T00:07:39.747876+00:00,2026-09-26T21:23:20.034466+00:00,2026-09-26T17:23:20.034466-04:00,2026-09-26T17:23:20.034466-04:00,propline_free_sample
2026-09-26,2026-09-26 16:35:00+00:00,Jonah Tong,6.5,over,100,prizepicks,232566,Washington Nationals,New York Mets,2026-09-26T00:07:39.747876+00:00,2026-09-26T21:23:20.034466+00:00,2026-09-26T17:23:20.034466-04:00,2026-09-26T17:23:20.034466-04:00,propline_free_sample
2026-09-26,2026-09-26 16:35:00+00:00,Connelly Early,2.5,over,100,prizepicks,232566,Washington Nationals,New York Mets,2026-09-26T00:07:39.747876+00:00,2026-09-26T21:23:20.034466+00:00,2026-09-26T17:23:20.034466-04:00,2026-09-26T17:23:20.034466-04:00,propline_free_sample
2026-09-26,2026-09-26 16:35:00+00:00,Connelly Early,3.5,over,100,prizepicks,232566,Washington Nationals,New York Mets,2026-09-26T00:07:39.747876+00:00,2026-09-26T21:23:20.034466+00:00,2026-09-26T17:23:20.034466-04:00,2026-09-26T17:23:20.034466-04:00,propline_free_sample
2026-09-26,2026-09-26 16:35:00+00:00,Jonah Tong,3.5,over,100,prizepicks,232566,Washington Nationals,New York Mets,2026-09-26T00:07:39.747876+00:00,2026-09-26T21:23:20.034466+00:00,2026-09-26T17:23:20.034466-04:00,2026-09-26T17:23:20.034466-04:00,propline_free_sample
2026-09-26,2026-09-26 16:35:00+00:00,Connelly Early,3.5,under,100,prizepicks,232566,Washington Nationals,New York Mets,2026-09-26T00:07:39.747876+00:00,2026-09-26T21:23:20.034466+00:00,2026-09-26T17:23:20.034466-04:00,2026-09-26T17:23:20.034466-04:00,propline_free_sample
2026-09-26,2026-09-26 16:35:00+00:00,Jonah Tong,5.5,under,100,prizepicks,232566,Washington Nationals,New York Mets,2026-09-26T00:10:56.485852+00:00,2026-09-26T21:23:20.034466+00:00,2026-09-26T17:23:20.034466-04:00,2026-09-26T17:23:20.034466-04:00,propline_free_sample
2026-09-26,2026-09-26 16:35:00+00:00,Jonah Tong,6.5,under,100,prizepicks,232566,Washington Nationals,New York Mets,2026-09-26T00:10:56.485852+00:00,2026-09-26T21:23:20.034466+00:00,2026-09-26T17:23:20.034466-04:00,2026-09-26T17:23:20.034466-04:00,propline_free_sample
2026-09-26,2026-09-26 16:35:00+00:00,Jonah Tong,2.5,over,100,prizepicks,232566,Washington Nationals,New York Mets,2026-09-26T00:10:56.485852+00:00,2026-09-26T21:23:20.034466+00:00,2026-09-26T17:23:20.034466-04:00,2026-09-26T17:23:20.034466-04:00,propline_free_sample
2026-09-26,2026-09-26 16:35:00+00:00,Jonah Tong,2.5,under,100,prizepicks,232566,Washington Nationals,New York Mets,2026-09-26T00:10:56.485852+00:00,2026-09-26T21:23:20.034466+00:00,2026-09-26T17:23:20.034466-04:00,2026-09-26T17:23:20.034466-04:00,propline_free_sample
2026-09-26,2026-09-26 16:35:00+00:00,Jonah Tong,3.5,under,100,prizepicks,232566,Washington Nationals,New York Mets,2026-09-26T00:10:56.485852+00:00,2026-09-26T21:23:20.034466+00:00,2026-09-26T17:23:20.034466-04:00,2026-09-26T17:23:20.034466-04:00,propline_free_sample
2026-09-26,2026-09-26 16:35:00+00:00,Jonah Tong,7.5,over,100,prizepicks,232566,Washington Nationals,New York Mets,2026-09-26T00:10:56.485852+00:00,2026-09-26T21:23:20.034466+00:00,2026-09-26T17:23:20.034466-04:00,2026-09-26T17:23:20.034466-04:00,propline_free_sample
2026-09-26,2026-09-26 16:35:00+00:00,Jonah Tong,8.5,over,100,prizepicks,232566,Washington Nationals,New York Mets,2026-09-26T00:10:56.485852+00:00,2026-09-26T21:23:20.034466+00:00,2026-09-26T17:23:20.034466-04:00,2026-09-26T17:23:20.034466-04:00,propline_free_sample
2026-09-26,2026-09-26 16:35:00+00:00,Jonah Tong,4.5,over,100,fanatics,232566,Washington Nationals,New York Mets,2026-09-26T02:56:02.497409+00:00,2026-09-26T21:23:20.034466+00:00,2026-09-26T17:23:20.034466-04:00,2026-09-26T17:23:20.034466-04:00,propline_free_sample
2026-09-26,2026-09-26 16:35:00+00:00,Jonah Tong,4.5,under,-130,fanatics,232566,Washington Nationals,New York Mets,2026-09-26T02:56:02.497409+00:00,2026-09-26T21:23:20.034466+00:00,2026-09-26T17:23:20.034466-04:00,2026-09-26T17:23:20.034466-04:00,propline_free_sample
2026-09-26,2026-09-26 16:35:00+00:00,Jonah Tong,4.5,over,-128,sleeper,232566,Washington Nationals,New York Mets,2026-09-26T00:25:13.233651+00:00,2026-09-26T21:23:20.034466+00:00,2026-09-26T17:23:20.034466-04:00,2026-09-26T17:23:20.034466-04:00,propline_free_sample
2026-09-26,2026-09-26 16:35:00+00:00,Jonah Tong,4.5,under,-128,sleeper,232566,Washington Nationals,New York Mets,2026-09-26T00:25:13.233651+00:00,2026-09-26T21:23:20.034466+00:00,2026-09-26T17:23:20.034466-04:00,2026-09-26T17:23:20.034466-04:00,propline_free_sample
2026-09-26,2026-09-26 16:35:00+00:00,Jonah Tong,3.5,over,-213,polymarket_us,232566,Washington Nationals,New York Mets,2026-09-26T14:12:40.901966+00:00,2026-09-26T21:23:20.034466+00:00,2026-09-26T17:23:20.034466-04:00,2026-09-26T17:23:20.034466-04:00,propline_free_sample
2026-09-26,2026-09-26 16:35:00+00:00,Jonah Tong,5.5,over,257,polymarket_us,232566,Washington Nationals,New York Mets,2026-09-26T13:37:58.023577+00:00,2026-09-26T21:23:20.034466+00:00,2026-09-26T17:23:20.034466-04:00,2026-09-26T17:23:20.034466-04:00,propline_free_sample
2026-09-26,2026-09-26 16:35:00+00:00,Jonah Tong,6.5,over,525,polymarket_us,232566,Washington Nationals,New York Mets,2026-09-26T12:54:14.095706+00:00,2026-09-26T21:23:20.034466+00:00,2026-09-26T17:23:20.034466-04:00,2026-09-26T17:23:20.034466-04:00,propline_free_sample
2026-09-26,2026-09-26 16:35:00+00:00,Jonah Tong,7.5,over,1011,polymarket_us,232566,Washington Nationals,New York Mets,2026-09-26T14:12:40.901966+00:00,2026-09-26T21:23:20.034466+00:00,2026-09-26T17:23:20.034466-04:00,2026-09-26T17:23:20.034466-04:00,propline_free_sample
2026-09-26,2026-09-26 16:35:00+00:00,Jonah Tong,2.5,over,-525,polymarket_us,232566,Washington Nationals,New York Mets,2026-09-26T14:46:28.341709+00:00,2026-09-26T21:23:20.034466+00:00,2026-09-26T17:23:20.034466-04:00,2026-09-26T17:23:20.034466-04:00,propline_free_sample
2026-09-26,2026-09-26 16:35:00+00:00,Jonah Tong,4.5,over,108,polymarket_us,232566,Washington Nationals,New York Mets,2026-09-26T14:12:40.901966+00:00,2026-09-26T21:23:20.034466+00:00,2026-09-26T17:23:20.034466-04:00,2026-09-26T17:23:20.034466-04:00,propline_free_sample
2026-09-26,2026-09-26 16:35:00+00:00,Connelly Early,3.5,over,138,prophetx,232566,Washington Nationals,New York Mets,2026-09-26T16:32:37.093571+00:00,2026-09-26T21:23:20.034466+00:00,2026-09-26T17:23:20.034466-04:00,2026-09-26T17:23:20.034466-04:00,propline_free_sample
2026-09-26,2026-09-26 16:35:00+00:00,Jonah Tong,4.5,over,-104,prophetx,232566,Washington Nationals,New York Mets,2026-09-26T15:31:36.167225+00:00,2026-09-26T21:23:20.034466+00:00,2026-09-26T17:23:20.034466-04:00,2026-09-26T17:23:20.034466-04:00,propline_free_sample
2026-09-26,2026-09-26 16:35:00+00:00,Jonah Tong,0.5,over,-50000,hardrock,232566,Washington Nationals,New York Mets,2026-09-26T15:44:09.881086+00:00,2026-09-26T21:23:20.034466+00:00,2026-09-26T17:23:20.034466-04:00,2026-09-26T17:23:20.034466-04:00,propline_free_sample
2026-09-26,2026-09-26 16:35:00+00:00,Jonah Tong,0.5,under,4000,hardrock,232566,Washington Nationals,New York Mets,2026-09-26T14:08:09.977815+00:00,2026-09-26T21:23:20.034466+00:00,2026-09-26T17:23:20.034466-04:00,2026-09-26T17:23:20.034466-04:00,propline_free_sample
2026-09-26,2026-09-26 16:35:00+00:00,Connelly Early,3.5,over,120,dabble,232566,Washington Nationals,New York Mets,2026-09-26T04:14:25.675191+00:00,2026-09-26T21:23:20.034466+00:00,2026-09-26T17:23:20.034466-04:00,2026-09-26T17:23:20.034466-04:00,propline_free_sample
2026-09-26,2026-09-26 16:35:00+00:00,Jonah Tong,4.5,over,-110,dabble,232566,Washington Nationals,New York Mets,2026-09-26T16:17:30.176261+00:00,2026-09-26T21:23:20.034466+00:00,2026-09-26T17:23:20.034466-04:00,2026-09-26T17:23:20.034466-04:00,propline_free_sample
2026-09-26,2026-09-26 16:35:00+00:00,Connelly Early,3.5,under,-120,dabble,232566,Washington Nationals,New York Mets,2026-09-26T04:14:25.675191+00:00,2026-09-26T21:23:20.034466+00:00,2026-09-26T17:23:20.034466-04:00,2026-09-26T17:23:20.034466-04:00,propline_free_sample
2026-09-26,2026-09-26 16:35:00+00:00,Jonah Tong,4.5,under,111,dabble,232566,Washington Nationals,New York Mets,2026-09-26T16:17:30.176261+00:00,2026-09-26T21:23:20.034466+00:00,2026-09-26T17:23:20.034466-04:00,2026-09-26T17:23:20.034466-04:00,propline_free_sample
2026-09-26,2026-09-26 16:35:00+00:00,Connelly Early,1.5,over,104,underdog,232566,Washington Nationals,New York Mets,2026-09-26T04:16:33.227618+00:00,2026-09-26T21:23:20.034466+00:00,2026-09-26T17:23:20.034466-04:00,2026-09-26T17:23:20.034466-04:00,propline_free_sample
2026-09-26,2026-09-26 16:35:00+00:00,Jonah Tong,9.5,over,208,underdog,232566,Washington Nationals,New York Mets,2026-09-26T15:40:57.147996+00:00,2026-09-26T21:23:20.034466+00:00,2026-09-26T17:23:20.034466-04:00,2026-09-26T17:23:20.034466-04:00,propline_free_sample
2026-09-26,2026-09-26 16:35:00+00:00,Connelly Early,1.5,under,-154,underdog,232566,Washington Nationals,New York Mets,2026-09-26T04:16:33.227618+00:00,2026-09-26T21:23:20.034466+00:00,2026-09-26T17:23:20.034466-04:00,2026-09-26T17:23:20.034466-04:00,propline_free_sample
2026-09-26,2026-09-26 16:35:00+00:00,Jonah Tong,9.5,under,-334,underdog,232566,Washington Nationals,New York Mets,2026-09-26T15:40:57.147996+00:00,2026-09-26T21:23:20.034466+00:00,2026-09-26T17:23:20.034466-04:00,2026-09-26T17:23:20.034466-04:00,propline_free_sample
2026-09-26,2026-09-26 16:35:00+00:00,Connelly Early,2.5,over,116,smarkets,232566,Washington Nationals,New York Mets,2026-09-26T02:55:50.292399+00:00,2026-09-26T21:23:20.034466+00:00,2026-09-26T17:23:20.034466-04:00,2026-09-26T17:23:20.034466-04:00,propline_free_sample
2026-09-26,2026-09-26 16:35:00+00:00,Connelly Early,2.5,under,-164,smarkets,232566,Washington Nationals,New York Mets,2026-09-26T02:55:50.292399+00:00,2026-09-26T21:23:20.034466+00:00,2026-09-26T17:23:20.034466-04:00,2026-09-26T17:23:20.034466-04:00,propline_free_sample
2026-09-26,2026-09-26 16:35:00+00:00,Jonah Tong,4.5,over,-125,smarkets,232566,Washington Nationals,New York Mets,2026-09-26T02:51:10.813066+00:00,2026-09-26T21:23:20.034466+00:00,2026-09-26T17:23:20.034466-04:00,2026-09-26T17:23:20.034466-04:00,propline_free_sample
2026-09-26,2026-09-26 16:35:00+00:00,Jonah Tong,4.5,under,-111,smarkets,232566,Washington Nationals,New York Mets,2026-09-26T02:55:50.292399+00:00,2026-09-26T21:23:20.034466+00:00,2026-09-26T17:23:20.034466-04:00,2026-09-26T17:23:20.034466-04:00,propline_free_sample
2026-09-26,2026-09-26 16:35:00+00:00,Connelly Early,2.5,over,100,prizepicks,232566,Washington Nationals,New York Mets,2026-09-26T02:52:30.573727+00:00,2026-09-26T21:23:20.034466+00:00,2026-09-26T17:23:20.034466-04:00,2026-09-26T17:23:20.034466-04:00,propline_free_sample
2026-09-26,2026-09-26 16:35:00+00:00,Connelly Early,2.5,under,100,prizepicks,232566,Washington Nationals,New York Mets,2026-09-26T02:52:30.573727+00:00,2026-09-26T21:23:20.034466+00:00,2026-09-26T17:23:20.034466-04:00,2026-09-26T17:23:20.034466-04:00,propline_free_sample
2026-09-26,2026-09-26 16:35:00+00:00,Jonah Tong,4.5,over,-125,courtside,232566,Washington Nationals,New York Mets,2026-09-26T15:50:36.618168+00:00,2026-09-26T21:23:20.034466+00:00,2026-09-26T17:23:20.034466-04:00,2026-09-26T17:23:20.034466-04:00,propline_free_sample
2026-09-26,2026-09-26 16:35:00+00:00,Jonah Tong,4.5,under,-105,courtside,232566,Washington Nationals,New York Mets,2026-09-26T15:50:36.618168+00:00,2026-09-26T21:23:20.034466+00:00,2026-09-26T17:23:20.034466-04:00,2026-09-26T17:23:20.034466-04:00,propline_free_sample
2026-09-26,2026-09-26 16:35:00+00:00,Jonah Tong,4.5,over,-118,draftkings,232566,Washington Nationals,New York Mets,2026-09-26T15:47:42.271273+00:00,2026-09-26T21:23:20.034466+00:00,2026-09-26T17:23:20.034466-04:00,2026-09-26T17:23:20.034466-04:00,propline_free_sample
2026-09-26,2026-09-26 16:35:00+00:00,Jonah Tong,4.5,under,-108,draftkings,232566,Washington Nationals,New York Mets,2026-09-26T15:47:42.271273+00:00,2026-09-26T21:23:20.034466+00:00,2026-09-26T17:23:20.034466-04:00,2026-09-26T17:23:20.034466-04:00,propline_free_sample
2026-09-26,2026-09-26 16:35:00+00:00,Jonah Tong,4.5,over,100,novig,232566,Washington Nationals,New York Mets,2026-09-26T15:48:45.262614+00:00,2026-09-26T21:23:20.034466+00:00,2026-09-26T17:23:20.034466-04:00,2026-09-26T17:23:20.034466-04:00,propline_free_sample
2026-09-26,2026-09-26 16:35:00+00:00,Jonah Tong,4.5,under,-142,novig,232566,Washington Nationals,New York Mets,2026-09-26T16:15:57.698725+00:00,2026-09-26T21:23:20.034466+00:00,2026-09-26T17:23:20.034466-04:00,2026-09-26T17:23:20.034466-04:00,propline_free_sample
2026-09-26,2026-09-26 16:35:00+00:00,Jonah Tong,4.5,under,-126,prophetx,232566,Washington Nationals,New York Mets,2026-09-26T16:22:43.123959+00:00,2026-09-26T21:23:20.034466+00:00,2026-09-26T17:23:20.034466-04:00,2026-09-26T17:23:20.034466-04:00,propline_free_sample
2026-09-26,2026-09-26 16:35:00+00:00,Connelly Early,2.5,over,-240,prophetx,232566,Washington Nationals,New York Mets,2026-09-26T16:26:38.012624+00:00,2026-09-26T21:23:20.034466+00:00,2026-09-26T17:23:20.034466-04:00,2026-09-26T17:23:20.034466-04:00,propline_free_sample
2026-09-26,2026-09-26 16:35:00+00:00,Jonah Tong,4.5,over,-108,onexbet,232566,Washington Nationals,New York Mets,2026-09-26T03:09:13.089467+00:00,2026-09-26T21:23:20.034466+00:00,2026-09-26T17:23:20.034466-04:00,2026-09-26T17:23:20.034466-04:00,propline_free_sample
2026-09-26,2026-09-26 16:35:00+00:00,Jonah Tong,4.5,under,-119,onexbet,232566,Washington Nationals,New York Mets,2026-09-26T03:09:13.089467+00:00,2026-09-26T21:23:20.034466+00:00,2026-09-26T17:23:20.034466-04:00,2026-09-26T17:23:20.034466-04:00,propline_free_sample
2026-09-26,2026-09-26 16:35:00+00:00,Connelly Early,7.5,over,100,prizepicks,232566,Washington Nationals,New York Mets,2026-09-26T03:16:16.373473+00:00,2026-09-26T21:23:20.034466+00:00,2026-09-26T17:23:20.034466-04:00,2026-09-26T17:23:20.034466-04:00,propline_free_sample
2026-09-26,2026-09-26 16:35:00+00:00,Connelly Early,1.5,over,100,prizepicks,232566,Washington Nationals,New York Mets,2026-09-26T03:16:16.373473+00:00,2026-09-26T21:23:20.034466+00:00,2026-09-26T17:23:20.034466-04:00,2026-09-26T17:23:20.034466-04:00,propline_free_sample
2026-09-26,2026-09-26 16:35:00+00:00,Connelly Early,3.0,over,100,prizepicks,232566,Washington Nationals,New York Mets,2026-09-26T04:21:36.201158+00:00,2026-09-26T21:23:20.034466+00:00,2026-09-26T17:23:20.034466-04:00,2026-09-26T17:23:20.034466-04:00,propline_free_sample
2026-09-26,2026-09-26 16:35:00+00:00,Connelly Early,3.0,under,100,prizepicks,232566,Washington Nationals,New York Mets,2026-09-26T04:21:36.201158+00:00,2026-09-26T21:23:20.034466+00:00,2026-09-26T17:23:20.034466-04:00,2026-09-26T17:23:20.034466-04:00,propline_free_sample
2026-09-26,2026-09-26 16:35:00+00:00,Jonah Tong,4.5,under,-117,polymarket_us,232566,Washington Nationals,New York Mets,2026-09-26T14:12:40.901966+00:00,2026-09-26T21:23:20.034466+00:00,2026-09-26T17:23:20.034466-04:00,2026-09-26T17:23:20.034466-04:00,propline_free_sample
2026-09-26,2026-09-26 16:35:00+00:00,Connelly Early,1.5,over,9900,kalshi,232566,Washington Nationals,New York Mets,2026-09-26T16:32:23.783440+00:00,2026-09-26T21:23:20.034466+00:00,2026-09-26T17:23:20.034466-04:00,2026-09-26T17:23:20.034466-04:00,propline_free_sample
2026-09-26,2026-09-26 16:35:00+00:00,Jonah Tong,1.5,over,-3233,kalshi,232566,Washington Nationals,New York Mets,2026-09-26T15:50:18.123819+00:00,2026-09-26T21:23:20.034466+00:00,2026-09-26T17:23:20.034466-04:00,2026-09-26T17:23:20.034466-04:00,propline_free_sample
2026-09-26,2026-09-26 16:35:00+00:00,Connelly Early,1.5,under,-4900,kalshi,232566,Washington Nationals,New York Mets,2026-09-26T16:19:23.710516+00:00,2026-09-26T21:23:20.034466+00:00,2026-09-26T17:23:20.034466-04:00,2026-09-26T17:23:20.034466-04:00,propline_free_sample
2026-09-26,2026-09-26 16:35:00+00:00,Connelly Early,2.5,over,9900,kalshi,232566,Washington Nationals,New York Mets,2026-09-26T16:33:32.651175+00:00,2026-09-26T21:23:20.034466+00:00,2026-09-26T17:23:20.034466-04:00,2026-09-26T17:23:20.034466-04:00,propline_free_sample
2026-09-26,2026-09-26 16:35:00+00:00,Jonah Tong,2.5,over,-3233,kalshi,232566,Washington Nationals,New York Mets,2026-09-26T16:32:23.783440+00:00,2026-09-26T21:23:20.034466+00:00,2026-09-26T17:23:20.034466-04:00,2026-09-26T17:23:20.034466-04:00,propline_free_sample
2026-09-26,2026-09-26 16:35:00+00:00,Connelly Early,3.5,over,9900,kalshi,232566,Washington Nationals,New York Mets,2026-09-26T16:27:36.070972+00:00,2026-09-26T21:23:20.034466+00:00,2026-09-26T17:23:20.034466-04:00,2026-09-26T17:23:20.034466-04:00,propline_free_sample
2026-09-26,2026-09-26 16:35:00+00:00,Jonah Tong,3.5,over,-1567,kalshi,232566,Washington Nationals,New York Mets,2026-09-26T14:58:33.545988+00:00,2026-09-26T21:23:20.034466+00:00,2026-09-26T17:23:20.034466-04:00,2026-09-26T17:23:20.034466-04:00,propline_free_sample
2026-09-26,2026-09-26 16:35:00+00:00,Connelly Early,4.5,over,9900,kalshi,232566,Washington Nationals,New York Mets,2026-09-26T16:32:23.783440+00:00,2026-09-26T21:23:20.034466+00:00,2026-09-26T17:23:20.034466-04:00,2026-09-26T17:23:20.034466-04:00,propline_free_sample
2026-09-26,2026-09-26 16:35:00+00:00,Jonah Tong,4.5,over,-9900,kalshi,232566,Washington Nationals,New York Mets,2026-09-26T16:34:53.307768+00:00,2026-09-26T21:23:20.034466+00:00,2026-09-26T17:23:20.034466-04:00,2026-09-26T17:23:20.034466-04:00,propline_free_sample
2026-09-26,2026-09-26 16:35:00+00:00,Connelly Early,5.5,over,9900,kalshi,232566,Washington Nationals,New York Mets,2026-09-26T16:24:24.847663+00:00,2026-09-26T21:23:20.034466+00:00,2026-09-26T17:23:20.034466-04:00,2026-09-26T17:23:20.034466-04:00,propline_free_sample
2026-09-26,2026-09-26 16:35:00+00:00,Jonah Tong,5.5,over,-3233,kalshi,232566,Washington Nationals,New York Mets,2026-09-26T16:29:59.302449+00:00,2026-09-26T21:23:20.034466+00:00,2026-09-26T17:23:20.034466-04:00,2026-09-26T17:23:20.034466-04:00,propline_free_sample
2026-09-26,2026-09-26 16:35:00+00:00,Connelly Early,6.5,over,9900,kalshi,232566,Washington Nationals,New York Mets,2026-09-26T16:32:23.783440+00:00,2026-09-26T21:23:20.034466+00:00,2026-09-26T17:23:20.034466-04:00,2026-09-26T17:23:20.034466-04:00,propline_free_sample
2026-09-26,2026-09-26 16:35:00+00:00,Jonah Tong,6.5,over,-3233,kalshi,232566,Washington Nationals,New York Mets,2026-09-26T16:29:59.302449+00:00,2026-09-26T21:23:20.034466+00:00,2026-09-26T17:23:20.034466-04:00,2026-09-26T17:23:20.034466-04:00,propline_free_sample
2026-09-26,2026-09-26 16:35:00+00:00,Connelly Early,6.5,under,-9900,kalshi,232566,Washington Nationals,New York Mets,2026-09-26T16:32:23.783440+00:00,2026-09-26T21:23:20.034466+00:00,2026-09-26T17:23:20.034466-04:00,2026-09-26T17:23:20.034466-04:00,propline_free_sample
2026-09-26,2026-09-26 16:35:00+00:00,Jonah Tong,6.5,under,9900,kalshi,232566,Washington Nationals,New York Mets,2026-09-26T16:32:23.783440+00:00,2026-09-26T21:23:20.034466+00:00,2026-09-26T17:23:20.034466-04:00,2026-09-26T17:23:20.034466-04:00,propline_free_sample
2026-09-26,2026-09-26 16:35:00+00:00,Connelly Early,7.5,over,9900,kalshi,232566,Washington Nationals,New York Mets,2026-09-26T16:32:23.783440+00:00,2026-09-26T21:23:20.034466+00:00,2026-09-26T17:23:20.034466-04:00,2026-09-26T17:23:20.034466-04:00,propline_free_sample
2026-09-26,2026-09-26 16:35:00+00:00,Jonah Tong,7.5,over,-3233,kalshi,232566,Washington Nationals,New York Mets,2026-09-26T15:51:28.213792+00:00,2026-09-26T21:23:20.034466+00:00,2026-09-26T17:23:20.034466-04:00,2026-09-26T17:23:20.034466-04:00,propline_free_sample
2026-09-26,2026-09-26 16:35:00+00:00,Jonah Tong,8.5,over,-9900,kalshi,232566,Washington Nationals,New York Mets,2026-09-26T03:44:18.815358+00:00,2026-09-26T21:23:20.034466+00:00,2026-09-26T17:23:20.034466-04:00,2026-09-26T17:23:20.034466-04:00,propline_free_sample
2026-09-26,2026-09-26 16:35:00+00:00,Jonah Tong,4.5,under,9900,kalshi,232566,Washington Nationals,New York Mets,2026-09-26T16:34:53.307768+00:00,2026-09-26T21:23:20.034466+00:00,2026-09-26T17:23:20.034466-04:00,2026-09-26T17:23:20.034466-04:00,propline_free_sample
2026-09-26,2026-09-26 16:35:00+00:00,Connelly Early,2.5,under,-2400,kalshi,232566,Washington Nationals,New York Mets,2026-09-26T16:33:32.651175+00:00,2026-09-26T21:23:20.034466+00:00,2026-09-26T17:23:20.034466-04:00,2026-09-26T17:23:20.034466-04:00,propline_free_sample
2026-09-26,2026-09-26 16:35:00+00:00,Jonah Tong,2.5,under,9900,kalshi,232566,Washington Nationals,New York Mets,2026-09-26T16:32:42.047710+00:00,2026-09-26T21:23:20.034466+00:00,2026-09-26T17:23:20.034466-04:00,2026-09-26T17:23:20.034466-04:00,propline_free_sample
2026-09-26,2026-09-26 16:35:00+00:00,Connelly Early,3.5,under,-1900,kalshi,232566,Washington Nationals,New York Mets,2026-09-26T16:34:53.307768+00:00,2026-09-26T21:23:20.034466+00:00,2026-09-26T17:23:20.034466-04:00,2026-09-26T17:23:20.034466-04:00,propline_free_sample
2026-09-26,2026-09-26 16:35:00+00:00,Jonah Tong,3.5,under,9900,kalshi,232566,Washington Nationals,New York Mets,2026-09-26T16:34:53.307768+00:00,2026-09-26T21:23:20.034466+00:00,2026-09-26T17:23:20.034466-04:00,2026-09-26T17:23:20.034466-04:00,propline_free_sample
2026-09-26,2026-09-26 16:35:00+00:00,Connelly Early,4.5,under,-3233,kalshi,232566,Washington Nationals,New York Mets,2026-09-26T16:34:35.708009+00:00,2026-09-26T21:23:20.034466+00:00,2026-09-26T17:23:20.034466-04:00,2026-09-26T17:23:20.034466-04:00,propline_free_sample
2026-09-26,2026-09-26 16:35:00+00:00,Connelly Early,5.5,under,-1900,kalshi,232566,Washington Nationals,New York Mets,2026-09-26T16:32:23.783440+00:00,2026-09-26T21:23:20.034466+00:00,2026-09-26T17:23:20.034466-04:00,2026-09-26T17:23:20.034466-04:00,propline_free_sample
2026-09-26,2026-09-26 16:35:00+00:00,Jonah Tong,5.5,under,9900,kalshi,232566,Washington Nationals,New York Mets,2026-09-26T16:34:53.307768+00:00,2026-09-26T21:23:20.034466+00:00,2026-09-26T17:23:20.034466-04:00,2026-09-26T17:23:20.034466-04:00,propline_free_sample
2026-09-26,2026-09-26 16:35:00+00:00,Connelly Early,3.5,over,113,novig,232566,Washington Nationals,New York Mets,2026-09-26T16:31:18.736036+00:00,2026-09-26T21:23:20.034466+00:00,2026-09-26T17:23:20.034466-04:00,2026-09-26T17:23:20.034466-04:00,propline_free_sample
2026-09-26,2026-09-26 16:35:00+00:00,Connelly Early,3.5,under,-233,novig,232566,Washington Nationals,New York Mets,2026-09-26T16:31:18.736036+00:00,2026-09-26T21:23:20.034466+00:00,2026-09-26T17:23:20.034466-04:00,2026-09-26T17:23:20.034466-04:00,propline_free_sample
2026-09-26,2026-09-26 16:35:00+00:00,Connelly Early,3.5,under,-230,prophetx,232566,Washington Nationals,New York Mets,2026-09-26T16:24:06.415725+00:00,2026-09-26T21:23:20.034466+00:00,2026-09-26T17:23:20.034466-04:00,2026-09-26T17:23:20.034466-04:00,propline_free_sample
2026-09-26,2026-09-26 16:35:00+00:00,Jonah Tong,1.5,under,9900,kalshi,232566,Washington Nationals,New York Mets,2026-09-26T16:32:23.783440+00:00,2026-09-26T21:23:20.034466+00:00,2026-09-26T17:23:20.034466-04:00,2026-09-26T17:23:20.034466-04:00,propline_free_sample
2026-09-26,2026-09-26 16:35:00+00:00,Connelly Early,3.5,over,100,prizepicks,232566,Washington Nationals,New York Mets,2026-09-26T03:59:31.670418+00:00,2026-09-26T21:23:20.034466+00:00,2026-09-26T17:23:20.034466-04:00,2026-09-26T17:23:20.034466-04:00,propline_free_sample
2026-09-26,2026-09-26 16:35:00+00:00,Connelly Early,3.5,under,100,prizepicks,232566,Washington Nationals,New York Mets,2026-09-26T03:59:31.670418+00:00,2026-09-26T21:23:20.034466+00:00,2026-09-26T17:23:20.034466-04:00,2026-09-26T17:23:20.034466-04:00,propline_free_sample
2026-09-26,2026-09-26 16:35:00+00:00,Connelly Early,3.5,over,110,parlayplay,232566,Washington Nationals,New York Mets,2026-09-26T16:28:07.692754+00:00,2026-09-26T21:23:20.034466+00:00,2026-09-26T17:23:20.034466-04:00,2026-09-26T17:23:20.034466-04:00,propline_free_sample
2026-09-26,2026-09-26 16:35:00+00:00,Jonah Tong,7.5,over,-108,parlayplay,232566,Washington Nationals,New York Mets,2026-09-26T16:24:33.260994+00:00,2026-09-26T21:23:20.034466+00:00,2026-09-26T17:23:20.034466-04:00,2026-09-26T17:23:20.034466-04:00,propline_free_sample
2026-09-26,2026-09-26 16:35:00+00:00,Connelly Early,3.5,under,-213,parlayplay,232566,Washington Nationals,New York Mets,2026-09-26T16:24:33.260994+00:00,2026-09-26T21:23:20.034466+00:00,2026-09-26T17:23:20.034466-04:00,2026-09-26T17:23:20.034466-04:00,propline_free_sample
2026-09-26,2026-09-26 16:35:00+00:00,Jonah Tong,7.5,under,-147,parlayplay,232566,Washington Nationals,New York Mets,2026-09-26T16:24:33.260994+00:00,2026-09-26T21:23:20.034466+00:00,2026-09-26T17:23:20.034466-04:00,2026-09-26T17:23:20.034466-04:00,propline_free_sample
2026-09-26,2026-09-26 16:35:00+00:00,Jonah Tong,4.5,over,-113,rebet,232566,Washington Nationals,New York Mets,2026-09-26T16:22:41.845037+00:00,2026-09-26T21:23:20.034466+00:00,2026-09-26T17:23:20.034466-04:00,2026-09-26T17:23:20.034466-04:00,propline_free_sample
2026-09-26,2026-09-26 16:35:00+00:00,Jonah Tong,4.5,under,-123,rebet,232566,Washington Nationals,New York Mets,2026-09-26T16:22:41.845037+00:00,2026-09-26T21:23:20.034466+00:00,2026-09-26T17:23:20.034466-04:00,2026-09-26T17:23:20.034466-04:00,propline_free_sample
2026-09-26,2026-09-26 16:35:00+00:00,Connelly Early,3.0,over,-450,prophetx,232566,Washington Nationals,New York Mets,2026-09-26T05:38:05.126842+00:00,2026-09-26T21:23:20.034466+00:00,2026-09-26T17:23:20.034466-04:00,2026-09-26T17:23:20.034466-04:00,propline_free_sample
2026-09-26,2026-09-26 16:35:00+00:00,Jonah Tong,4.5,over,-102,pinnacle,232566,Washington Nationals,New York Mets,2026-09-26T05:35:51.426580+00:00,2026-09-26T21:23:20.034466+00:00,2026-09-26T17:23:20.034466-04:00,2026-09-26T17:23:20.034466-04:00,propline_free_sample
2026-09-26,2026-09-26 16:35:00+00:00,Jonah Tong,4.5,under,-130,pinnacle,232566,Washington Nationals,New York Mets,2026-09-26T15:55:52.281706+00:00,2026-09-26T21:23:20.034466+00:00,2026-09-26T17:23:20.034466-04:00,2026-09-26T17:23:20.034466-04:00,propline_free_sample
2026-09-26,2026-09-26 16:35:00+00:00,Jonah Tong (NYM),9.5,over,220,bovada,232566,Washington Nationals,New York Mets,2026-09-26T16:17:17.258802+00:00,2026-09-26T21:23:20.034466+00:00,2026-09-26T17:23:20.034466-04:00,2026-09-26T17:23:20.034466-04:00,propline_free_sample
2026-09-26,2026-09-26 16:35:00+00:00,Jonah Tong (NYM),9.5,under,-300,bovada,232566,Washington Nationals,New York Mets,2026-09-26T16:17:17.258802+00:00,2026-09-26T21:23:20.034466+00:00,2026-09-26T17:23:20.034466-04:00,2026-09-26T17:23:20.034466-04:00,propline_free_sample
2026-09-26,2026-09-26 16:35:00+00:00,Connelly Early,3.5,over,120,onexbet,232566,Washington Nationals,New York Mets,2026-09-26T08:12:09.783240+00:00,2026-09-26T21:23:20.034466+00:00,2026-09-26T17:23:20.034466-04:00,2026-09-26T17:23:20.034466-04:00,propline_free_sample
2026-09-26,2026-09-26 16:35:00+00:00,Connelly Early,3.5,under,-160,onexbet,232566,Washington Nationals,New York Mets,2026-09-26T08:12:09.783240+00:00,2026-09-26T21:23:20.034466+00:00,2026-09-26T17:23:20.034466-04:00,2026-09-26T17:23:20.034466-04:00,propline_free_sample
2026-09-26,2026-09-26 16:35:00+00:00,Connelly Early (WAS),1.5,over,-200,bovada,232566,Washington Nationals,New York Mets,2026-09-26T16:17:17.258802+00:00,2026-09-26T21:23:20.034466+00:00,2026-09-26T17:23:20.034466-04:00,2026-09-26T17:23:20.034466-04:00,propline_free_sample
2026-09-26,2026-09-26 16:35:00+00:00,Connelly Early (WAS),1.5,under,150,bovada,232566,Washington Nationals,New York Mets,2026-09-26T16:17:17.258802+00:00,2026-09-26T21:23:20.034466+00:00,2026-09-26T17:23:20.034466-04:00,2026-09-26T17:23:20.034466-04:00,propline_free_sample
2026-09-26,2026-09-26 16:35:00+00:00,Jonah Tong,7.5,under,9900,kalshi,232566,Washington Nationals,New York Mets,2026-09-26T16:32:23.783440+00:00,2026-09-26T21:23:20.034466+00:00,2026-09-26T17:23:20.034466-04:00,2026-09-26T17:23:20.034466-04:00,propline_free_sample
2026-09-26,2026-09-26 16:35:00+00:00,Connelly Early,2.5,under,100,prizepicks,232566,Washington Nationals,New York Mets,2026-09-26T09:42:29.212705+00:00,2026-09-26T21:23:20.034466+00:00,2026-09-26T17:23:20.034466-04:00,2026-09-26T17:23:20.034466-04:00,propline_free_sample
2026-09-26,2026-09-26 16:35:00+00:00,Jonah Tong,7.5,over,-105,betmgm,232566,Washington Nationals,New York Mets,2026-09-26T15:55:14.937857+00:00,2026-09-26T21:23:20.034466+00:00,2026-09-26T17:23:20.034466-04:00,2026-09-26T17:23:20.034466-04:00,propline_free_sample
2026-09-26,2026-09-26 16:35:00+00:00,Jonah Tong,7.5,under,-125,betmgm,232566,Washington Nationals,New York Mets,2026-09-26T15:55:14.937857+00:00,2026-09-26T21:23:20.034466+00:00,2026-09-26T17:23:20.034466-04:00,2026-09-26T17:23:20.034466-04:00,propline_free_sample
2026-09-26,2026-09-26 16:35:00+00:00,Jonah Tong,3.5,under,194,polymarket_us,232566,Washington Nationals,New York Mets,2026-09-26T14:12:40.901966+00:00,2026-09-26T21:23:20.034466+00:00,2026-09-26T17:23:20.034466-04:00,2026-09-26T17:23:20.034466-04:00,propline_free_sample
2026-09-26,2026-09-26 16:35:00+00:00,Jonah Tong,5.5,under,-270,polymarket_us,232566,Washington Nationals,New York Mets,2026-09-26T13:37:58.023577+00:00,2026-09-26T21:23:20.034466+00:00,2026-09-26T17:23:20.034466-04:00,2026-09-26T17:23:20.034466-04:00,propline_free_sample
2026-09-26,2026-09-26 16:35:00+00:00,Jonah Tong,6.5,under,-614,polymarket_us,232566,Washington Nationals,New York Mets,2026-09-26T14:12:40.901966+00:00,2026-09-26T21:23:20.034466+00:00,2026-09-26T17:23:20.034466-04:00,2026-09-26T17:23:20.034466-04:00,propline_free_sample
2026-09-26,2026-09-26 16:35:00+00:00,Jonah Tong,7.5,under,-1567,polymarket_us,232566,Washington Nationals,New York Mets,2026-09-26T14:12:40.901966+00:00,2026-09-26T21:23:20.034466+00:00,2026-09-26T17:23:20.034466-04:00,2026-09-26T17:23:20.034466-04:00,propline_free_sample
2026-09-26,2026-09-26 16:35:00+00:00,Jonah Tong,2.5,under,426,polymarket_us,232566,Washington Nationals,New York Mets,2026-09-26T14:46:28.341709+00:00,2026-09-26T21:23:20.034466+00:00,2026-09-26T17:23:20.034466-04:00,2026-09-26T17:23:20.034466-04:00,propline_free_sample
2026-09-26,2026-09-26 16:35:00+00:00,Connelly Early,3.5,over,135,fanatics,232566,Washington Nationals,New York Mets,2026-09-26T16:27:31.604694+00:00,2026-09-26T21:23:20.034466+00:00,2026-09-26T17:23:20.034466-04:00,2026-09-26T17:23:20.034466-04:00,propline_free_sample
2026-09-26,2026-09-26 16:35:00+00:00,Connelly Early,3.5,under,-180,fanatics,232566,Washington Nationals,New York Mets,2026-09-26T16:27:31.604694+00:00,2026-09-26T21:23:20.034466+00:00,2026-09-26T17:23:20.034466-04:00,2026-09-26T17:23:20.034466-04:00,propline_free_sample
2026-09-26,2026-09-26 16:35:00+00:00,Connelly Early,8.5,over,100,prizepicks,232566,Washington Nationals,New York Mets,2026-09-26T13:52:08.228544+00:00,2026-09-26T21:23:20.034466+00:00,2026-09-26T17:23:20.034466-04:00,2026-09-26T17:23:20.034466-04:00,propline_free_sample
2026-09-26,2026-09-26 16:35:00+00:00,Jonah Tong,4.5,over,100,prizepicks,232566,Washington Nationals,New York Mets,2026-09-26T13:52:08.228544+00:00,2026-09-26T21:23:20.034466+00:00,2026-09-26T17:23:20.034466-04:00,2026-09-26T17:23:20.034466-04:00,propline_free_sample
2026-09-26,2026-09-26 16:35:00+00:00,Jonah Tong,4.5,under,100,prizepicks,232566,Washington Nationals,New York Mets,2026-09-26T13:52:08.228544+00:00,2026-09-26T21:23:20.034466+00:00,2026-09-26T17:23:20.034466-04:00,2026-09-26T17:23:20.034466-04:00,propline_free_sample
2026-09-26,2026-09-26 16:35:00+00:00,Connelly Early,2.5,over,-194,novig,232566,Washington Nationals,New York Mets,2026-09-26T16:07:33.703544+00:00,2026-09-26T21:23:20.034466+00:00,2026-09-26T17:23:20.034466-04:00,2026-09-26T17:23:20.034466-04:00,propline_free_sample
2026-09-26,2026-09-26 16:35:00+00:00,Connelly Early,2.5,under,135,novig,232566,Washington Nationals,New York Mets,2026-09-26T15:19:28.210410+00:00,2026-09-26T21:23:20.034466+00:00,2026-09-26T17:23:20.034466-04:00,2026-09-26T17:23:20.034466-04:00,propline_free_sample
2026-09-26,2026-09-26 16:35:00+00:00,Jonah Tong,3.5,over,-264,novig,232566,Washington Nationals,New York Mets,2026-09-26T14:37:18.143099+00:00,2026-09-26T21:23:20.034466+00:00,2026-09-26T17:23:20.034466-04:00,2026-09-26T17:23:20.034466-04:00,propline_free_sample
2026-09-26,2026-09-26 16:35:00+00:00,Jonah Tong,3.5,under,217,novig,232566,Washington Nationals,New York Mets,2026-09-26T14:37:18.143099+00:00,2026-09-26T21:23:20.034466+00:00,2026-09-26T17:23:20.034466-04:00,2026-09-26T17:23:20.034466-04:00,propline_free_sample
2026-09-26,2026-09-26 16:35:00+00:00,Connelly Early,7.5,under,-9900,kalshi,232566,Washington Nationals,New York Mets,2026-09-26T16:32:23.783440+00:00,2026-09-26T21:23:20.034466+00:00,2026-09-26T17:23:20.034466-04:00,2026-09-26T17:23:20.034466-04:00,propline_free_sample
2026-09-26,2026-09-26 16:35:00+00:00,Connelly Early,3.5,over,9900,polymarket_us,232566,Washington Nationals,New York Mets,2026-09-26T16:25:37.910999+00:00,2026-09-26T21:23:20.034466+00:00,2026-09-26T17:23:20.034466-04:00,2026-09-26T17:23:20.034466-04:00,propline_free_sample
2026-09-26,2026-09-26 16:35:00+00:00,Connelly Early,3.5,under,-1567,polymarket_us,232566,Washington Nationals,New York Mets,2026-09-26T16:30:26.903598+00:00,2026-09-26T21:23:20.034466+00:00,2026-09-26T17:23:20.034466-04:00,2026-09-26T17:23:20.034466-04:00,propline_free_sample
2026-09-26,2026-09-26 16:35:00+00:00,Connelly Early,4.5,over,9900,polymarket_us,232566,Washington Nationals,New York Mets,2026-09-26T16:30:26.903598+00:00,2026-09-26T21:23:20.034466+00:00,2026-09-26T17:23:20.034466-04:00,2026-09-26T17:23:20.034466-04:00,propline_free_sample
2026-09-26,2026-09-26 16:35:00+00:00,Connelly Early,7.5,over,9900,polymarket_us,232566,Washington Nationals,New York Mets,2026-09-26T16:33:51.733238+00:00,2026-09-26T21:23:20.034466+00:00,2026-09-26T17:23:20.034466-04:00,2026-09-26T17:23:20.034466-04:00,propline_free_sample
2026-09-26,2026-09-26 16:35:00+00:00,Connelly Early,5.5,over,9900,polymarket_us,232566,Washington Nationals,New York Mets,2026-09-26T16:30:26.903598+00:00,2026-09-26T21:23:20.034466+00:00,2026-09-26T17:23:20.034466-04:00,2026-09-26T17:23:20.034466-04:00,propline_free_sample
2026-09-26,2026-09-26 16:35:00+00:00,Connelly Early,1.5,under,-733,polymarket_us,232566,Washington Nationals,New York Mets,2026-09-26T16:29:10.587573+00:00,2026-09-26T21:23:20.034466+00:00,2026-09-26T17:23:20.034466-04:00,2026-09-26T17:23:20.034466-04:00,propline_free_sample
2026-09-26,2026-09-26 16:35:00+00:00,Connelly Early,6.5,over,9900,polymarket_us,232566,Washington Nationals,New York Mets,2026-09-26T16:32:44.289306+00:00,2026-09-26T21:23:20.034466+00:00,2026-09-26T17:23:20.034466-04:00,2026-09-26T17:23:20.034466-04:00,propline_free_sample
2026-09-26,2026-09-26 16:35:00+00:00,Connelly Early,2.5,over,9900,polymarket_us,232566,Washington Nationals,New York Mets,2026-09-26T16:30:26.903598+00:00,2026-09-26T21:23:20.034466+00:00,2026-09-26T17:23:20.034466-04:00,2026-09-26T17:23:20.034466-04:00,propline_free_sample
2026-09-26,2026-09-26 16:35:00+00:00,Connelly Early,2.5,under,-809,polymarket_us,232566,Washington Nationals,New York Mets,2026-09-26T16:30:26.903598+00:00,2026-09-26T21:23:20.034466+00:00,2026-09-26T17:23:20.034466-04:00,2026-09-26T17:23:20.034466-04:00,propline_free_sample
2026-09-26,2026-09-26 16:35:00+00:00,Connelly Early,4.5,under,-300,polymarket_us,232566,Washington Nationals,New York Mets,2026-09-26T16:20:11.169990+00:00,2026-09-26T21:23:20.034466+00:00,2026-09-26T17:23:20.034466-04:00,2026-09-26T17:23:20.034466-04:00,propline_free_sample
2026-09-26,2026-09-26 16:35:00+00:00,Connelly Early,5.5,under,-1900,polymarket_us,232566,Washington Nationals,New York Mets,2026-09-26T16:27:53.687524+00:00,2026-09-26T21:23:20.034466+00:00,2026-09-26T17:23:20.034466-04:00,2026-09-26T17:23:20.034466-04:00,propline_free_sample
2026-09-26,2026-09-26 16:35:00+00:00,Connelly Early,6.5,under,-2400,polymarket_us,232566,Washington Nationals,New York Mets,2026-09-26T16:25:37.910999+00:00,2026-09-26T21:23:20.034466+00:00,2026-09-26T17:23:20.034466-04:00,2026-09-26T17:23:20.034466-04:00,propline_free_sample
2026-09-26,2026-09-26 16:35:00+00:00,Connelly Early,7.5,under,-2400,polymarket_us,232566,Washington Nationals,New York Mets,2026-09-26T16:21:37.165508+00:00,2026-09-26T21:23:20.034466+00:00,2026-09-26T17:23:20.034466-04:00,2026-09-26T17:23:20.034466-04:00,propline_free_sample
2026-09-26,2026-09-26 16:35:00+00:00,Connelly Early,0.5,over,-1500,hardrock,232566,Washington Nationals,New York Mets,2026-09-26T16:20:31.238096+00:00,2026-09-26T21:23:20.034466+00:00,2026-09-26T17:23:20.034466-04:00,2026-09-26T17:23:20.034466-04:00,propline_free_sample
2026-09-26,2026-09-26 16:35:00+00:00,Connelly Early,0.5,under,525,hardrock,232566,Washington Nationals,New York Mets,2026-09-26T16:20:31.238096+00:00,2026-09-26T21:23:20.034466+00:00,2026-09-26T17:23:20.034466-04:00,2026-09-26T17:23:20.034466-04:00,propline_free_sample
2026-09-26,2026-09-26 16:35:00+00:00,Connelly Early,1.5,over,-325,hardrock,232566,Washington Nationals,New York Mets,2026-09-26T16:24:30.174971+00:00,2026-09-26T21:23:20.034466+00:00,2026-09-26T17:23:20.034466-04:00,2026-09-26T17:23:20.034466-04:00,propline_free_sample
2026-09-26,2026-09-26 16:35:00+00:00,Connelly Early,1.5,under,195,hardrock,232566,Washington Nationals,New York Mets,2026-09-26T16:34:07.077936+00:00,2026-09-26T21:23:20.034466+00:00,2026-09-26T17:23:20.034466-04:00,2026-09-26T17:23:20.034466-04:00,propline_free_sample
2026-09-26,2026-09-26 16:35:00+00:00,Connelly Early,2.5,over,155,hardrock,232566,Washington Nationals,New York Mets,2026-09-26T16:34:07.077936+00:00,2026-09-26T21:23:20.034466+00:00,2026-09-26T17:23:20.034466-04:00,2026-09-26T17:23:20.034466-04:00,propline_free_sample
2026-09-26,2026-09-26 16:35:00+00:00,Connelly Early,2.5,under,-230,hardrock,232566,Washington Nationals,New York Mets,2026-09-26T16:24:30.174971+00:00,2026-09-26T21:23:20.034466+00:00,2026-09-26T17:23:20.034466-04:00,2026-09-26T17:23:20.034466-04:00,propline_free_sample
2026-09-26,2026-09-26 16:35:00+00:00,Connelly Early,3.5,over,450,hardrock,232566,Washington Nationals,New York Mets,2026-09-26T16:24:30.174971+00:00,2026-09-26T21:23:20.034466+00:00,2026-09-26T17:23:20.034466-04:00,2026-09-26T17:23:20.034466-04:00,propline_free_sample
2026-09-26,2026-09-26 16:35:00+00:00,Connelly Early,3.5,under,-1000,hardrock,232566,Washington Nationals,New York Mets,2026-09-26T16:34:07.077936+00:00,2026-09-26T21:23:20.034466+00:00,2026-09-26T17:23:20.034466-04:00,2026-09-26T17:23:20.034466-04:00,propline_free_sample
2026-09-26,2026-09-26 16:35:00+00:00,Connelly Early,4.5,over,1200,hardrock,232566,Washington Nationals,New York Mets,2026-09-26T16:24:30.174971+00:00,2026-09-26T21:23:20.034466+00:00,2026-09-26T17:23:20.034466-04:00,2026-09-26T17:23:20.034466-04:00,propline_free_sample
2026-09-26,2026-09-26 16:35:00+00:00,Connelly Early,4.5,under,-6000,hardrock,232566,Washington Nationals,New York Mets,2026-09-26T16:24:30.174971+00:00,2026-09-26T21:23:20.034466+00:00,2026-09-26T17:23:20.034466-04:00,2026-09-26T17:23:20.034466-04:00,propline_free_sample
2026-09-26,2026-09-26 16:35:00+00:00,Connelly Early,5.5,over,4000,hardrock,232566,Washington Nationals,New York Mets,2026-09-26T16:24:30.174971+00:00,2026-09-26T21:23:20.034466+00:00,2026-09-26T17:23:20.034466-04:00,2026-09-26T17:23:20.034466-04:00,propline_free_sample
2026-09-26,2026-09-26 16:35:00+00:00,Connelly Early,5.5,under,-50000,hardrock,232566,Washington Nationals,New York Mets,2026-09-26T16:34:07.077936+00:00,2026-09-26T21:23:20.034466+00:00,2026-09-26T17:23:20.034466-04:00,2026-09-26T17:23:20.034466-04:00,propline_free_sample
2026-09-26,2026-09-26 16:35:00+00:00,Connelly Early,6.5,over,2500,hardrock,232566,Washington Nationals,New York Mets,2026-09-26T16:24:30.174971+00:00,2026-09-26T21:23:20.034466+00:00,2026-09-26T17:23:20.034466-04:00,2026-09-26T17:23:20.034466-04:00,propline_free_sample
2026-09-26,2026-09-26 16:35:00+00:00,Connelly Early,6.5,under,-20000,hardrock,232566,Washington Nationals,New York Mets,2026-09-26T16:20:31.238096+00:00,2026-09-26T21:23:20.034466+00:00,2026-09-26T17:23:20.034466-04:00,2026-09-26T17:23:20.034466-04:00,propline_free_sample
2026-09-26,2026-09-26 16:35:00+00:00,Connelly Early,7.5,over,3000,hardrock,232566,Washington Nationals,New York Mets,2026-09-26T16:20:31.238096+00:00,2026-09-26T21:23:20.034466+00:00,2026-09-26T17:23:20.034466-04:00,2026-09-26T17:23:20.034466-04:00,propline_free_sample
2026-09-26,2026-09-26 16:35:00+00:00,Connelly Early,7.5,under,-20000,hardrock,232566,Washington Nationals,New York Mets,2026-09-26T16:24:30.174971+00:00,2026-09-26T21:23:20.034466+00:00,2026-09-26T17:23:20.034466-04:00,2026-09-26T17:23:20.034466-04:00,propline_free_sample
2026-09-26,2026-09-26 16:35:00+00:00,Connelly Early,4.5,under,100,prizepicks,232566,Washington Nationals,New York Mets,2026-09-26T16:26:11.772554+00:00,2026-09-26T21:23:20.034466+00:00,2026-09-26T17:23:20.034466-04:00,2026-09-26T17:23:20.034466-04:00,propline_free_sample
2026-09-26,2026-09-26 16:35:00+00:00,Connelly Early,1.5,under,100,prizepicks,232566,Washington Nationals,New York Mets,2026-09-26T16:26:11.772554+00:00,2026-09-26T21:23:20.034466+00:00,2026-09-26T17:23:20.034466-04:00,2026-09-26T17:23:20.034466-04:00,propline_free_sample
2026-09-26,2026-09-26 16:35:00+00:00,Jonah Tong,8.5,under,9900,kalshi,232566,Washington Nationals,New York Mets,,2026-09-26T21:23:20.034466+00:00,2026-09-26T17:23:20.034466-04:00,2026-09-26T17:23:20.034466-04:00,propline_free_sample
2026-09-26,2026-09-26 16:35:00+00:00,Connelly Early,1.5,over,9900,polymarket_us,232566,Washington Nationals,New York Mets,,2026-09-26T21:23:20.034466+00:00,2026-09-26T17:23:20.034466-04:00,2026-09-26T17:23:20.034466-04:00,propline_free_sample
2026-09-26,2026-09-26 16:35:00+00:00,Jonah Tong,5.5,over,-125,courtside,232566,Washington Nationals,New York Mets,,2026-09-26T21:23:20.034466+00:00,2026-09-26T17:23:20.034466-04:00,2026-09-26T17:23:20.034466-04:00,propline_free_sample
2026-09-26,2026-09-26 16:35:00+00:00,Jonah Tong,5.5,under,-110,courtside,232566,Washington Nationals,New York Mets,,2026-09-26T21:23:20.034466+00:00,2026-09-26T17:23:20.034466-04:00,2026-09-26T17:23:20.034466-04:00,propline_free_sample
2026-09-26,2026-09-26 16:35:00+00:00,Jonah Tong,10.5,over,800,hardrock,232566,Washington Nationals,New York Mets,,2026-09-26T21:23:20.034466+00:00,2026-09-26T17:23:20.034466-04:00,2026-09-26T17:23:20.034466-04:00,propline_free_sample
2026-09-26,2026-09-26 16:35:00+00:00,Jonah Tong,10.5,under,-4000,hardrock,232566,Washington Nationals,New York Mets,,2026-09-26T21:23:20.034466+00:00,2026-09-26T17:23:20.034466-04:00,2026-09-26T17:23:20.034466-04:00,propline_free_sample
2026-09-26,2026-09-26 16:35:00+00:00,Jonah Tong,7.5,over,100,courtside,232566,Washington Nationals,New York Mets,,2026-09-26T21:23:20.034466+00:00,2026-09-26T17:23:20.034466-04:00,2026-09-26T17:23:20.034466-04:00,propline_free_sample
2026-09-26,2026-09-26 16:35:00+00:00,Jonah Tong,7.5,under,-135,courtside,232566,Washington Nationals,New York Mets,,2026-09-26T21:23:20.034466+00:00,2026-09-26T17:23:20.034466-04:00,2026-09-26T17:23:20.034466-04:00,propline_free_sample
2026-09-26,2026-09-26 16:35:00+00:00,Jonah Tong,8.5,over,135,courtside,232566,Washington Nationals,New York Mets,,2026-09-26T21:23:20.034466+00:00,2026-09-26T17:23:20.034466-04:00,2026-09-26T17:23:20.034466-04:00,propline_free_sample
2026-09-26,2026-09-26 16:35:00+00:00,Jonah Tong,8.5,under,-180,courtside,232566,Washington Nationals,New York Mets,,2026-09-26T21:23:20.034466+00:00,2026-09-26T17:23:20.034466-04:00,2026-09-26T17:23:20.034466-04:00,propline_free_sample
2026-09-26,2026-09-26 16:35:00+00:00,Jonah Tong,11.5,over,3000,hardrock,232566,Washington Nationals,New York Mets,,2026-09-26T21:23:20.034466+00:00,2026-09-26T17:23:20.034466-04:00,2026-09-26T17:23:20.034466-04:00,propline_free_sample
2026-09-26,2026-09-26 16:35:00+00:00,Jonah Tong,11.5,under,-20000,hardrock,232566,Washington Nationals,New York Mets,,2026-09-26T21:23:20.034466+00:00,2026-09-26T17:23:20.034466-04:00,2026-09-26T17:23:20.034466-04:00,propline_free_sample
2026-09-25,2026-09-26 02:15:00+00:00,Tarik Skubal,7.5,over,104,fanduel,228443,San Francisco Giants,Los Angeles Dodgers,2026-09-25T23:55:34.987211+00:00,2026-09-26T21:23:20.034466+00:00,2026-09-26T17:23:20.034466-04:00,2026-09-26T17:23:20.034466-04:00,propline_free_sample
2026-09-25,2026-09-26 02:15:00+00:00,Tarik Skubal,7.5,under,-132,fanduel,228443,San Francisco Giants,Los Angeles Dodgers,2026-09-25T23:55:34.987211+00:00,2026-09-26T21:23:20.034466+00:00,2026-09-26T17:23:20.034466-04:00,2026-09-26T17:23:20.034466-04:00,propline_free_sample
2026-09-25,2026-09-26 02:15:00+00:00,Tarik Skubal,7.5,over,100,prizepicks,228443,San Francisco Giants,Los Angeles Dodgers,2026-09-25T02:14:21.700579+00:00,2026-09-26T21:23:20.034466+00:00,2026-09-26T17:23:20.034466-04:00,2026-09-26T17:23:20.034466-04:00,propline_free_sample
2026-09-25,2026-09-26 02:15:00+00:00,Tarik Skubal,7.5,under,100,prizepicks,228443,San Francisco Giants,Los Angeles Dodgers,2026-09-25T02:14:21.700579+00:00,2026-09-26T21:23:20.034466+00:00,2026-09-26T17:23:20.034466-04:00,2026-09-26T17:23:20.034466-04:00,propline_free_sample
2026-09-25,2026-09-26 02:15:00+00:00,Tarik Skubal,8.5,over,100,prizepicks,228443,San Francisco Giants,Los Angeles Dodgers,2026-09-25T02:14:21.700579+00:00,2026-09-26T21:23:20.034466+00:00,2026-09-26T17:23:20.034466-04:00,2026-09-26T17:23:20.034466-04:00,propline_free_sample
2026-09-25,2026-09-26 02:15:00+00:00,Tarik Skubal,9.5,over,100,prizepicks,228443,San Francisco Giants,Los Angeles Dodgers,2026-09-25T02:14:21.700579+00:00,2026-09-26T21:23:20.034466+00:00,2026-09-26T17:23:20.034466-04:00,2026-09-26T17:23:20.034466-04:00,propline_free_sample
2026-09-25,2026-09-26 02:15:00+00:00,Tarik Skubal,5.5,over,100,prizepicks,228443,San Francisco Giants,Los Angeles Dodgers,2026-09-25T02:14:21.700579+00:00,2026-09-26T21:23:20.034466+00:00,2026-09-26T17:23:20.034466-04:00,2026-09-26T17:23:20.034466-04:00,propline_free_sample
2026-09-25,2026-09-26 02:15:00+00:00,Tarik Skubal,6.5,over,100,prizepicks,228443,San Francisco Giants,Los Angeles Dodgers,2026-09-25T02:14:21.700579+00:00,2026-09-26T21:23:20.034466+00:00,2026-09-26T17:23:20.034466-04:00,2026-09-26T17:23:20.034466-04:00,propline_free_sample
2026-09-25,2026-09-26 02:15:00+00:00,Tarik Skubal Earned,10.5,over,115,bovada,228443,San Francisco Giants,Los Angeles Dodgers,2026-09-26T00:07:21.408211+00:00,2026-09-26T21:23:20.034466+00:00,2026-09-26T17:23:20.034466-04:00,2026-09-26T17:23:20.034466-04:00,propline_free_sample
2026-09-25,2026-09-26 02:15:00+00:00,Tarik Skubal Earned,10.5,under,-150,bovada,228443,San Francisco Giants,Los Angeles Dodgers,2026-09-26T00:07:21.408211+00:00,2026-09-26T21:23:20.034466+00:00,2026-09-26T17:23:20.034466-04:00,2026-09-26T17:23:20.034466-04:00,propline_free_sample
2026-09-25,2026-09-26 02:15:00+00:00,Tarik Skubal,10.5,over,105,fanatics,228443,San Francisco Giants,Los Angeles Dodgers,2026-09-26T02:08:56.486138+00:00,2026-09-26T21:23:20.034466+00:00,2026-09-26T17:23:20.034466-04:00,2026-09-26T17:23:20.034466-04:00,propline_free_sample
2026-09-25,2026-09-26 02:15:00+00:00,Tarik Skubal,10.5,under,-140,fanatics,228443,San Francisco Giants,Los Angeles Dodgers,2026-09-26T02:08:56.486138+00:00,2026-09-26T21:23:20.034466+00:00,2026-09-26T17:23:20.034466-04:00,2026-09-26T17:23:20.034466-04:00,propline_free_sample
2026-09-25,2026-09-26 02:15:00+00:00,Tarik Skubal,10.5,over,105,hardrock,228443,San Francisco Giants,Los Angeles Dodgers,2026-09-25T23:56:44.182589+00:00,2026-09-26T21:23:20.034466+00:00,2026-09-26T17:23:20.034466-04:00,2026-09-26T17:23:20.034466-04:00,propline_free_sample
2026-09-25,2026-09-26 02:15:00+00:00,Tarik Skubal,10.5,under,-150,hardrock,228443,San Francisco Giants,Los Angeles Dodgers,2026-09-26T00:38:29.060820+00:00,2026-09-26T21:23:20.034466+00:00,2026-09-26T17:23:20.034466-04:00,2026-09-26T17:23:20.034466-04:00,propline_free_sample
2026-09-25,2026-09-26 02:15:00+00:00,Tarik Skubal,11.5,over,260,hardrock,228443,San Francisco Giants,Los Angeles Dodgers,2026-09-26T00:38:29.060820+00:00,2026-09-26T21:23:20.034466+00:00,2026-09-26T17:23:20.034466-04:00,2026-09-26T17:23:20.034466-04:00,propline_free_sample
2026-09-25,2026-09-26 02:15:00+00:00,Tarik Skubal,11.5,under,-450,hardrock,228443,San Francisco Giants,Los Angeles Dodgers,2026-09-26T00:29:38.278597+00:00,2026-09-26T21:23:20.034466+00:00,2026-09-26T17:23:20.034466-04:00,2026-09-26T17:23:20.034466-04:00,propline_free_sample
2026-09-25,2026-09-26 02:15:00+00:00,Tarik Skubal,12.5,over,600,hardrock,228443,San Francisco Giants,Los Angeles Dodgers,2026-09-26T00:38:29.060820+00:00,2026-09-26T21:23:20.034466+00:00,2026-09-26T17:23:20.034466-04:00,2026-09-26T17:23:20.034466-04:00,propline_free_sample
2026-09-25,2026-09-26 02:15:00+00:00,Tarik Skubal,12.5,under,-2000,hardrock,228443,San Francisco Giants,Los Angeles Dodgers,2026-09-25T23:56:44.182589+00:00,2026-09-26T21:23:20.034466+00:00,2026-09-26T17:23:20.034466-04:00,2026-09-26T17:23:20.034466-04:00,propline_free_sample
2026-09-25,2026-09-26 02:15:00+00:00,Tarik Skubal,13.5,over,2000,hardrock,228443,San Francisco Giants,Los Angeles Dodgers,2026-09-25T02:33:40.472638+00:00,2026-09-26T21:23:20.034466+00:00,2026-09-26T17:23:20.034466-04:00,2026-09-26T17:23:20.034466-04:00,propline_free_sample
2026-09-25,2026-09-26 02:15:00+00:00,Tarik Skubal,13.5,under,-10000,hardrock,228443,San Francisco Giants,Los Angeles Dodgers,2026-09-25T21:12:43.938202+00:00,2026-09-26T21:23:20.034466+00:00,2026-09-26T17:23:20.034466-04:00,2026-09-26T17:23:20.034466-04:00,propline_free_sample
2026-09-25,2026-09-26 02:15:00+00:00,Tarik Skubal,2.5,over,-8000,hardrock,228443,San Francisco Giants,Los Angeles Dodgers,2026-09-25T22:35:18.462456+00:00,2026-09-26T21:23:20.034466+00:00,2026-09-26T17:23:20.034466-04:00,2026-09-26T17:23:20.034466-04:00,propline_free_sample
2026-09-25,2026-09-26 02:15:00+00:00,Tarik Skubal,2.5,under,2000,hardrock,228443,San Francisco Giants,Los Angeles Dodgers,2026-09-26T00:38:29.060820+00:00,2026-09-26T21:23:20.034466+00:00,2026-09-26T17:23:20.034466-04:00,2026-09-26T17:23:20.034466-04:00,propline_free_sample
2026-09-25,2026-09-26 02:15:00+00:00,Tarik Skubal,3.5,over,-4000,hardrock,228443,San Francisco Giants,Los Angeles Dodgers,2026-09-26T00:38:29.060820+00:00,2026-09-26T21:23:20.034466+00:00,2026-09-26T17:23:20.034466-04:00,2026-09-26T17:23:20.034466-04:00,propline_free_sample
2026-09-25,2026-09-26 02:15:00+00:00,Tarik Skubal,3.5,under,1000,hardrock,228443,San Francisco Giants,Los Angeles Dodgers,2026-09-25T22:48:59.291082+00:00,2026-09-26T21:23:20.034466+00:00,2026-09-26T17:23:20.034466-04:00,2026-09-26T17:23:20.034466-04:00,propline_free_sample
2026-09-25,2026-09-26 02:15:00+00:00,Tarik Skubal,4.5,over,-50000,hardrock,228443,San Francisco Giants,Los Angeles Dodgers,2026-09-26T01:42:22.907601+00:00,2026-09-26T21:23:20.034466+00:00,2026-09-26T17:23:20.034466-04:00,2026-09-26T17:23:20.034466-04:00,propline_free_sample
2026-09-25,2026-09-26 02:15:00+00:00,Tarik Skubal,4.5,under,4000,hardrock,228443,San Francisco Giants,Los Angeles Dodgers,2026-09-25T22:18:58.215915+00:00,2026-09-26T21:23:20.034466+00:00,2026-09-26T17:23:20.034466-04:00,2026-09-26T17:23:20.034466-04:00,propline_free_sample
2026-09-25,2026-09-26 02:15:00+00:00,Tarik Skubal,5.5,over,-4000,hardrock,228443,San Francisco Giants,Los Angeles Dodgers,2026-09-25T23:56:44.182589+00:00,2026-09-26T21:23:20.034466+00:00,2026-09-26T17:23:20.034466-04:00,2026-09-26T17:23:20.034466-04:00,propline_free_sample
2026-09-25,2026-09-26 02:15:00+00:00,Tarik Skubal,5.5,under,900,hardrock,228443,San Francisco Giants,Los Angeles Dodgers,2026-09-25T22:18:58.215915+00:00,2026-09-26T21:23:20.034466+00:00,2026-09-26T17:23:20.034466-04:00,2026-09-26T17:23:20.034466-04:00,propline_free_sample
2026-09-25,2026-09-26 02:15:00+00:00,Tarik Skubal,6.5,over,-700,hardrock,228443,San Francisco Giants,Los Angeles Dodgers,2026-09-26T01:42:22.907601+00:00,2026-09-26T21:23:20.034466+00:00,2026-09-26T17:23:20.034466-04:00,2026-09-26T17:23:20.034466-04:00,propline_free_sample
2026-09-25,2026-09-26 02:15:00+00:00,Tarik Skubal,6.5,under,350,hardrock,228443,San Francisco Giants,Los Angeles Dodgers,2026-09-25T23:56:44.182589+00:00,2026-09-26T21:23:20.034466+00:00,2026-09-26T17:23:20.034466-04:00,2026-09-26T17:23:20.034466-04:00,propline_free_sample
2026-09-25,2026-09-26 02:15:00+00:00,Tarik Skubal,7.5,over,-6000,hardrock,228443,San Francisco Giants,Los Angeles Dodgers,2026-09-25T10:29:46.917498+00:00,2026-09-26T21:23:20.034466+00:00,2026-09-26T17:23:20.034466-04:00,2026-09-26T17:23:20.034466-04:00,propline_free_sample
2026-09-25,2026-09-26 02:15:00+00:00,Tarik Skubal,7.5,under,1300,hardrock,228443,San Francisco Giants,Los Angeles Dodgers,2026-09-26T00:12:07.415037+00:00,2026-09-26T21:23:20.034466+00:00,2026-09-26T17:23:20.034466-04:00,2026-09-26T17:23:20.034466-04:00,propline_free_sample
2026-09-25,2026-09-26 02:15:00+00:00,Tarik Skubal,8.5,over,-900,hardrock,228443,San Francisco Giants,Los Angeles Dodgers,2026-09-26T00:38:29.060820+00:00,2026-09-26T21:23:20.034466+00:00,2026-09-26T17:23:20.034466-04:00,2026-09-26T17:23:20.034466-04:00,propline_free_sample
2026-09-25,2026-09-26 02:15:00+00:00,Tarik Skubal,8.5,under,425,hardrock,228443,San Francisco Giants,Los Angeles Dodgers,2026-09-26T00:38:29.060820+00:00,2026-09-26T21:23:20.034466+00:00,2026-09-26T17:23:20.034466-04:00,2026-09-26T17:23:20.034466-04:00,propline_free_sample
2026-09-25,2026-09-26 02:15:00+00:00,Tarik Skubal,9.5,over,-250,hardrock,228443,San Francisco Giants,Los Angeles Dodgers,2026-09-26T00:38:29.060820+00:00,2026-09-26T21:23:20.034466+00:00,2026-09-26T17:23:20.034466-04:00,2026-09-26T17:23:20.034466-04:00,propline_free_sample
2026-09-25,2026-09-26 02:15:00+00:00,Tarik Skubal,9.5,under,165,hardrock,228443,San Francisco Giants,Los Angeles Dodgers,2026-09-26T00:38:29.060820+00:00,2026-09-26T21:23:20.034466+00:00,2026-09-26T17:23:20.034466-04:00,2026-09-26T17:23:20.034466-04:00,propline_free_sample
2026-09-25,2026-09-26 02:15:00+00:00,Tarik Skubal,1.5,over,-7000,hardrock,228443,San Francisco Giants,Los Angeles Dodgers,2026-09-25T22:35:18.462456+00:00,2026-09-26T21:23:20.034466+00:00,2026-09-26T17:23:20.034466-04:00,2026-09-26T17:23:20.034466-04:00,propline_free_sample
2026-09-25,2026-09-26 02:15:00+00:00,Tarik Skubal,1.5,under,1750,hardrock,228443,San Francisco Giants,Los Angeles Dodgers,2026-09-26T00:38:29.060820+00:00,2026-09-26T21:23:20.034466+00:00,2026-09-26T17:23:20.034466-04:00,2026-09-26T17:23:20.034466-04:00,propline_free_sample
2026-09-25,2026-09-26 02:15:00+00:00,Tarik Skubal,7.5,over,-102,sleeper,228443,San Francisco Giants,Los Angeles Dodgers,2026-09-26T02:14:50.984222+00:00,2026-09-26T21:23:20.034466+00:00,2026-09-26T17:23:20.034466-04:00,2026-09-26T17:23:20.034466-04:00,propline_free_sample
2026-09-25,2026-09-26 02:15:00+00:00,Tarik Skubal,7.5,under,-161,sleeper,228443,San Francisco Giants,Los Angeles Dodgers,2026-09-26T02:14:50.984222+00:00,2026-09-26T21:23:20.034466+00:00,2026-09-26T17:23:20.034466-04:00,2026-09-26T17:23:20.034466-04:00,propline_free_sample
2026-09-25,2026-09-26 02:15:00+00:00,Tarik Skubal,7.5,over,122,prophetx,228443,San Francisco Giants,Los Angeles Dodgers,2026-09-26T02:05:00.954567+00:00,2026-09-26T21:23:20.034466+00:00,2026-09-26T17:23:20.034466-04:00,2026-09-26T17:23:20.034466-04:00,propline_free_sample
2026-09-25,2026-09-26 02:15:00+00:00,Tarik Skubal,7.5,under,-132,prophetx,228443,San Francisco Giants,Los Angeles Dodgers,2026-09-26T00:41:06.063495+00:00,2026-09-26T21:23:20.034466+00:00,2026-09-26T17:23:20.034466-04:00,2026-09-26T17:23:20.034466-04:00,propline_free_sample
2026-09-25,2026-09-26 02:15:00+00:00,Tarik Skubal,8.5,under,100,prizepicks,228443,San Francisco Giants,Los Angeles Dodgers,2026-09-25T02:47:31.128460+00:00,2026-09-26T21:23:20.034466+00:00,2026-09-26T17:23:20.034466-04:00,2026-09-26T17:23:20.034466-04:00,propline_free_sample
2026-09-25,2026-09-26 02:15:00+00:00,Tarik Skubal,9.5,under,100,prizepicks,228443,San Francisco Giants,Los Angeles Dodgers,2026-09-25T02:47:31.128460+00:00,2026-09-26T21:23:20.034466+00:00,2026-09-26T17:23:20.034466-04:00,2026-09-26T17:23:20.034466-04:00,propline_free_sample
2026-09-25,2026-09-26 02:15:00+00:00,Tarik Skubal,5.5,under,100,prizepicks,228443,San Francisco Giants,Los Angeles Dodgers,2026-09-25T02:47:31.128460+00:00,2026-09-26T21:23:20.034466+00:00,2026-09-26T17:23:20.034466-04:00,2026-09-26T17:23:20.034466-04:00,propline_free_sample
2026-09-25,2026-09-26 02:15:00+00:00,Tarik Skubal,6.5,under,100,prizepicks,228443,San Francisco Giants,Los Angeles Dodgers,2026-09-25T02:47:31.128460+00:00,2026-09-26T21:23:20.034466+00:00,2026-09-26T17:23:20.034466-04:00,2026-09-26T17:23:20.034466-04:00,propline_free_sample
2026-09-25,2026-09-26 02:15:00+00:00,Tarik Skubal,11.5,over,100,prizepicks,228443,San Francisco Giants,Los Angeles Dodgers,2026-09-25T02:47:31.128460+00:00,2026-09-26T21:23:20.034466+00:00,2026-09-26T17:23:20.034466-04:00,2026-09-26T17:23:20.034466-04:00,propline_free_sample
2026-09-25,2026-09-26 02:15:00+00:00,Tarik Skubal,4.5,over,100,prizepicks,228443,San Francisco Giants,Los Angeles Dodgers,2026-09-25T02:47:31.128460+00:00,2026-09-26T21:23:20.034466+00:00,2026-09-26T17:23:20.034466-04:00,2026-09-26T17:23:20.034466-04:00,propline_free_sample
2026-09-25,2026-09-26 02:15:00+00:00,Tarik Skubal,4.5,under,100,prizepicks,228443,San Francisco Giants,Los Angeles Dodgers,2026-09-25T02:47:31.128460+00:00,2026-09-26T21:23:20.034466+00:00,2026-09-26T17:23:20.034466-04:00,2026-09-26T17:23:20.034466-04:00,propline_free_sample
2026-09-25,2026-09-26 02:15:00+00:00,Tarik Skubal,7.5,over,-99900,novig,228443,San Francisco Giants,Los Angeles Dodgers,2026-09-26T01:19:39.757985+00:00,2026-09-26T21:23:20.034466+00:00,2026-09-26T17:23:20.034466-04:00,2026-09-26T17:23:20.034466-04:00,propline_free_sample
2026-09-25,2026-09-26 02:15:00+00:00,Tarik Skubal,7.5,under,-130,novig,228443,San Francisco Giants,Los Angeles Dodgers,2026-09-26T01:22:03.174497+00:00,2026-09-26T21:23:20.034466+00:00,2026-09-26T17:23:20.034466-04:00,2026-09-26T17:23:20.034466-04:00,propline_free_sample
2026-09-25,2026-09-26 02:15:00+00:00,Yunior Marte,3.5,over,114,dabble,228443,San Francisco Giants,Los Angeles Dodgers,2026-09-26T01:24:13.290143+00:00,2026-09-26T21:23:20.034466+00:00,2026-09-26T17:23:20.034466-04:00,2026-09-26T17:23:20.034466-04:00,propline_free_sample
2026-09-25,2026-09-26 02:15:00+00:00,Yunior Marte,3.5,under,-114,dabble,228443,San Francisco Giants,Los Angeles Dodgers,2026-09-26T01:24:13.290143+00:00,2026-09-26T21:23:20.034466+00:00,2026-09-26T17:23:20.034466-04:00,2026-09-26T17:23:20.034466-04:00,propline_free_sample
2026-09-25,2026-09-26 02:15:00+00:00,Yunior Marte,4.5,over,153,underdog,228443,San Francisco Giants,Los Angeles Dodgers,2026-09-25T22:06:34.810272+00:00,2026-09-26T21:23:20.034466+00:00,2026-09-26T17:23:20.034466-04:00,2026-09-26T17:23:20.034466-04:00,propline_free_sample
2026-09-25,2026-09-26 02:15:00+00:00,Yunior Marte,4.5,under,-233,underdog,228443,San Francisco Giants,Los Angeles Dodgers,2026-09-25T22:06:34.810272+00:00,2026-09-26T21:23:20.034466+00:00,2026-09-26T17:23:20.034466-04:00,2026-09-26T17:23:20.034466-04:00,propline_free_sample
2026-09-25,2026-09-26 02:15:00+00:00,Tarik Skubal,6.5,over,-159,smarkets,228443,San Francisco Giants,Los Angeles Dodgers,2026-09-25T16:46:21.317896+00:00,2026-09-26T21:23:20.034466+00:00,2026-09-26T17:23:20.034466-04:00,2026-09-26T17:23:20.034466-04:00,propline_free_sample
2026-09-25,2026-09-26 02:15:00+00:00,Tarik Skubal,6.5,under,112,smarkets,228443,San Francisco Giants,Los Angeles Dodgers,2026-09-25T13:52:54.127031+00:00,2026-09-26T21:23:20.034466+00:00,2026-09-26T17:23:20.034466-04:00,2026-09-26T17:23:20.034466-04:00,propline_free_sample
2026-09-25,2026-09-26 02:15:00+00:00,Yunior Marte,3.5,over,-104,smarkets,228443,San Francisco Giants,Los Angeles Dodgers,2026-09-26T01:27:39.814257+00:00,2026-09-26T21:23:20.034466+00:00,2026-09-26T17:23:20.034466-04:00,2026-09-26T17:23:20.034466-04:00,propline_free_sample
2026-09-25,2026-09-26 02:15:00+00:00,Yunior Marte,3.5,under,-133,smarkets,228443,San Francisco Giants,Los Angeles Dodgers,2026-09-26T01:41:53.161168+00:00,2026-09-26T21:23:20.034466+00:00,2026-09-26T17:23:20.034466-04:00,2026-09-26T17:23:20.034466-04:00,propline_free_sample
2026-09-25,2026-09-26 02:15:00+00:00,Tarik Skubal,10.5,over,157,underdog,228443,San Francisco Giants,Los Angeles Dodgers,2026-09-26T01:46:30.069319+00:00,2026-09-26T21:23:20.034466+00:00,2026-09-26T17:23:20.034466-04:00,2026-09-26T17:23:20.034466-04:00,propline_free_sample
2026-09-25,2026-09-26 02:15:00+00:00,Tarik Skubal,10.5,under,-239,underdog,228443,San Francisco Giants,Los Angeles Dodgers,2026-09-26T01:46:30.069319+00:00,2026-09-26T21:23:20.034466+00:00,2026-09-26T17:23:20.034466-04:00,2026-09-26T17:23:20.034466-04:00,propline_free_sample
2026-09-25,2026-09-26 02:15:00+00:00,Tarik Skubal,7.5,over,120,dabble,228443,San Francisco Giants,Los Angeles Dodgers,2026-09-26T01:19:03.372152+00:00,2026-09-26T21:23:20.034466+00:00,2026-09-26T17:23:20.034466-04:00,2026-09-26T17:23:20.034466-04:00,propline_free_sample
2026-09-25,2026-09-26 02:15:00+00:00,Tarik Skubal,7.5,under,-120,dabble,228443,San Francisco Giants,Los Angeles Dodgers,2026-09-26T01:19:03.372152+00:00,2026-09-26T21:23:20.034466+00:00,2026-09-26T17:23:20.034466-04:00,2026-09-26T17:23:20.034466-04:00,propline_free_sample
2026-09-25,2026-09-26 02:15:00+00:00,Tarik Skubal,7.0,over,100,prizepicks,228443,San Francisco Giants,Los Angeles Dodgers,2026-09-25T04:44:43.599672+00:00,2026-09-26T21:23:20.034466+00:00,2026-09-26T17:23:20.034466-04:00,2026-09-26T17:23:20.034466-04:00,propline_free_sample
2026-09-25,2026-09-26 02:15:00+00:00,Tarik Skubal,7.0,under,100,prizepicks,228443,San Francisco Giants,Los Angeles Dodgers,2026-09-25T04:44:43.599672+00:00,2026-09-26T21:23:20.034466+00:00,2026-09-26T17:23:20.034466-04:00,2026-09-26T17:23:20.034466-04:00,propline_free_sample
2026-09-25,2026-09-26 02:15:00+00:00,Tarik Skubal,6.5,over,-280,prophetx,228443,San Francisco Giants,Los Angeles Dodgers,2026-09-26T02:12:02.785386+00:00,2026-09-26T21:23:20.034466+00:00,2026-09-26T17:23:20.034466-04:00,2026-09-26T17:23:20.034466-04:00,propline_free_sample
2026-09-25,2026-09-26 02:15:00+00:00,Tarik Skubal,8.5,over,119,parlayplay,228443,San Francisco Giants,Los Angeles Dodgers,2026-09-25T08:59:24.678985+00:00,2026-09-26T21:23:20.034466+00:00,2026-09-26T17:23:20.034466-04:00,2026-09-26T17:23:20.034466-04:00,propline_free_sample
2026-09-25,2026-09-26 02:15:00+00:00,Tarik Skubal,8.5,under,-204,parlayplay,228443,San Francisco Giants,Los Angeles Dodgers,2026-09-25T08:59:24.678985+00:00,2026-09-26T21:23:20.034466+00:00,2026-09-26T17:23:20.034466-04:00,2026-09-26T17:23:20.034466-04:00,propline_free_sample
2026-09-25,2026-09-26 02:15:00+00:00,Tarik Skubal,6.5,over,-178,novig,228443,San Francisco Giants,Los Angeles Dodgers,2026-09-26T01:59:32.289448+00:00,2026-09-26T21:23:20.034466+00:00,2026-09-26T17:23:20.034466-04:00,2026-09-26T17:23:20.034466-04:00,propline_free_sample
2026-09-25,2026-09-26 02:15:00+00:00,Tarik Skubal,6.5,under,-127,novig,228443,San Francisco Giants,Los Angeles Dodgers,2026-09-26T02:08:13.579980+00:00,2026-09-26T21:23:20.034466+00:00,2026-09-26T17:23:20.034466-04:00,2026-09-26T17:23:20.034466-04:00,propline_free_sample
2026-09-25,2026-09-26 02:15:00+00:00,Tarik Skubal,7.5,over,111,onexbet,228443,San Francisco Giants,Los Angeles Dodgers,2026-09-26T01:59:35.343899+00:00,2026-09-26T21:23:20.034466+00:00,2026-09-26T17:23:20.034466-04:00,2026-09-26T17:23:20.034466-04:00,propline_free_sample
2026-09-25,2026-09-26 02:15:00+00:00,Yunior Marte,3.5,over,126,onexbet,228443,San Francisco Giants,Los Angeles Dodgers,2026-09-26T01:59:35.343899+00:00,2026-09-26T21:23:20.034466+00:00,2026-09-26T17:23:20.034466-04:00,2026-09-26T17:23:20.034466-04:00,propline_free_sample
2026-09-25,2026-09-26 02:15:00+00:00,Tarik Skubal,7.5,under,-143,onexbet,228443,San Francisco Giants,Los Angeles Dodgers,2026-09-26T01:59:35.343899+00:00,2026-09-26T21:23:20.034466+00:00,2026-09-26T17:23:20.034466-04:00,2026-09-26T17:23:20.034466-04:00,propline_free_sample
2026-09-25,2026-09-26 02:15:00+00:00,Yunior Marte,3.5,under,-161,onexbet,228443,San Francisco Giants,Los Angeles Dodgers,2026-09-26T01:59:35.343899+00:00,2026-09-26T21:23:20.034466+00:00,2026-09-26T17:23:20.034466-04:00,2026-09-26T17:23:20.034466-04:00,propline_free_sample
2026-09-25,2026-09-26 02:15:00+00:00,Tarik Skubal,7.5,over,-1900,polymarket_us,228443,San Francisco Giants,Los Angeles Dodgers,2026-09-26T01:47:35.195714+00:00,2026-09-26T21:23:20.034466+00:00,2026-09-26T17:23:20.034466-04:00,2026-09-26T17:23:20.034466-04:00,propline_free_sample
2026-09-25,2026-09-26 02:15:00+00:00,Tarik Skubal,7.5,under,9900,polymarket_us,228443,San Francisco Giants,Los Angeles Dodgers,2026-09-26T01:44:50.778361+00:00,2026-09-26T21:23:20.034466+00:00,2026-09-26T17:23:20.034466-04:00,2026-09-26T17:23:20.034466-04:00,propline_free_sample
2026-09-25,2026-09-26 02:15:00+00:00,Tarik Skubal,6.5,over,-456,polymarket_us,228443,San Francisco Giants,Los Angeles Dodgers,2026-09-26T01:52:03.967364+00:00,2026-09-26T21:23:20.034466+00:00,2026-09-26T17:23:20.034466-04:00,2026-09-26T17:23:20.034466-04:00,propline_free_sample
2026-09-25,2026-09-26 02:15:00+00:00,Tarik Skubal,6.5,under,9900,polymarket_us,228443,San Francisco Giants,Los Angeles Dodgers,2026-09-26T01:52:03.967364+00:00,2026-09-26T21:23:20.034466+00:00,2026-09-26T17:23:20.034466-04:00,2026-09-26T17:23:20.034466-04:00,propline_free_sample
2026-09-25,2026-09-26 02:15:00+00:00,Yunior Marte,3.5,over,126,draftkings,228443,San Francisco Giants,Los Angeles Dodgers,2026-09-26T00:35:46.451685+00:00,2026-09-26T21:23:20.034466+00:00,2026-09-26T17:23:20.034466-04:00,2026-09-26T17:23:20.034466-04:00,propline_free_sample
2026-09-25,2026-09-26 02:15:00+00:00,Yunior Marte,3.5,under,-161,draftkings,228443,San Francisco Giants,Los Angeles Dodgers,2026-09-26T00:35:46.451685+00:00,2026-09-26T21:23:20.034466+00:00,2026-09-26T17:23:20.034466-04:00,2026-09-26T17:23:20.034466-04:00,propline_free_sample
2026-09-25,2026-09-26 02:15:00+00:00,Yunior Marte,4.5,over,115,fanatics,228443,San Francisco Giants,Los Angeles Dodgers,2026-09-26T01:23:33.834506+00:00,2026-09-26T21:23:20.034466+00:00,2026-09-26T17:23:20.034466-04:00,2026-09-26T17:23:20.034466-04:00,propline_free_sample
2026-09-25,2026-09-26 02:15:00+00:00,Yunior Marte,4.5,under,-155,fanatics,228443,San Francisco Giants,Los Angeles Dodgers,2026-09-26T01:23:33.834506+00:00,2026-09-26T21:23:20.034466+00:00,2026-09-26T17:23:20.034466-04:00,2026-09-26T17:23:20.034466-04:00,propline_free_sample
2026-09-25,2026-09-26 02:15:00+00:00,Tarik Skubal,5.5,over,-1567,polymarket_us,228443,San Francisco Giants,Los Angeles Dodgers,2026-09-26T02:14:39.220788+00:00,2026-09-26T21:23:20.034466+00:00,2026-09-26T17:23:20.034466-04:00,2026-09-26T17:23:20.034466-04:00,propline_free_sample
2026-09-25,2026-09-26 02:15:00+00:00,Tarik Skubal,5.5,under,9900,polymarket_us,228443,San Francisco Giants,Los Angeles Dodgers,2026-09-26T02:13:44.699831+00:00,2026-09-26T21:23:20.034466+00:00,2026-09-26T17:23:20.034466-04:00,2026-09-26T17:23:20.034466-04:00,propline_free_sample
2026-09-25,2026-09-26 02:15:00+00:00,Tarik Skubal,7.5,over,111,draftkings,228443,San Francisco Giants,Los Angeles Dodgers,2026-09-26T01:41:38.044865+00:00,2026-09-26T21:23:20.034466+00:00,2026-09-26T17:23:20.034466-04:00,2026-09-26T17:23:20.034466-04:00,propline_free_sample
2026-09-25,2026-09-26 02:15:00+00:00,Tarik Skubal,7.5,under,-142,draftkings,228443,San Francisco Giants,Los Angeles Dodgers,2026-09-26T01:41:38.044865+00:00,2026-09-26T21:23:20.034466+00:00,2026-09-26T17:23:20.034466-04:00,2026-09-26T17:23:20.034466-04:00,propline_free_sample
2026-09-25,2026-09-26 02:15:00+00:00,Tarik Skubal,7.5,over,120,courtside,228443,San Francisco Giants,Los Angeles Dodgers,2026-09-26T01:45:54.997827+00:00,2026-09-26T21:23:20.034466+00:00,2026-09-26T17:23:20.034466-04:00,2026-09-26T17:23:20.034466-04:00,propline_free_sample
2026-09-25,2026-09-26 02:15:00+00:00,Tarik Skubal,7.5,under,-165,courtside,228443,San Francisco Giants,Los Angeles Dodgers,2026-09-26T01:45:54.997827+00:00,2026-09-26T21:23:20.034466+00:00,2026-09-26T17:23:20.034466-04:00,2026-09-26T17:23:20.034466-04:00,propline_free_sample
2026-09-25,2026-09-26 02:15:00+00:00,Yunior Marte,0.5,over,-5000,hardrock,228443,San Francisco Giants,Los Angeles Dodgers,2026-09-26T00:38:29.060820+00:00,2026-09-26T21:23:20.034466+00:00,2026-09-26T17:23:20.034466-04:00,2026-09-26T17:23:20.034466-04:00,propline_free_sample
2026-09-25,2026-09-26 02:15:00+00:00,Yunior Marte,0.5,under,1100,hardrock,228443,San Francisco Giants,Los Angeles Dodgers,2026-09-26T00:38:29.060820+00:00,2026-09-26T21:23:20.034466+00:00,2026-09-26T17:23:20.034466-04:00,2026-09-26T17:23:20.034466-04:00,propline_free_sample
2026-09-25,2026-09-26 02:15:00+00:00,Yunior Marte,1.5,over,-650,hardrock,228443,San Francisco Giants,Los Angeles Dodgers,2026-09-26T00:38:29.060820+00:00,2026-09-26T21:23:20.034466+00:00,2026-09-26T17:23:20.034466-04:00,2026-09-26T17:23:20.034466-04:00,propline_free_sample
2026-09-25,2026-09-26 02:15:00+00:00,Yunior Marte,1.5,under,375,hardrock,228443,San Francisco Giants,Los Angeles Dodgers,2026-09-26T00:38:29.060820+00:00,2026-09-26T21:23:20.034466+00:00,2026-09-26T17:23:20.034466-04:00,2026-09-26T17:23:20.034466-04:00,propline_free_sample
2026-09-25,2026-09-26 02:15:00+00:00,Yunior Marte,2.5,over,-200,hardrock,228443,San Francisco Giants,Los Angeles Dodgers,2026-09-26T00:38:29.060820+00:00,2026-09-26T21:23:20.034466+00:00,2026-09-26T17:23:20.034466-04:00,2026-09-26T17:23:20.034466-04:00,propline_free_sample
2026-09-25,2026-09-26 02:15:00+00:00,Yunior Marte,2.5,under,145,hardrock,228443,San Francisco Giants,Los Angeles Dodgers,2026-09-26T00:38:29.060820+00:00,2026-09-26T21:23:20.034466+00:00,2026-09-26T17:23:20.034466-04:00,2026-09-26T17:23:20.034466-04:00,propline_free_sample
2026-09-25,2026-09-26 02:15:00+00:00,Yunior Marte,3.5,over,120,hardrock,228443,San Francisco Giants,Los Angeles Dodgers,2026-09-26T00:38:29.060820+00:00,2026-09-26T21:23:20.034466+00:00,2026-09-26T17:23:20.034466-04:00,2026-09-26T17:23:20.034466-04:00,propline_free_sample
2026-09-25,2026-09-26 02:15:00+00:00,Yunior Marte,3.5,under,-160,hardrock,228443,San Francisco Giants,Los Angeles Dodgers,2026-09-26T00:38:29.060820+00:00,2026-09-26T21:23:20.034466+00:00,2026-09-26T17:23:20.034466-04:00,2026-09-26T17:23:20.034466-04:00,propline_free_sample
2026-09-25,2026-09-26 02:15:00+00:00,Yunior Marte,4.5,over,260,hardrock,228443,San Francisco Giants,Los Angeles Dodgers,2026-09-26T00:38:29.060820+00:00,2026-09-26T21:23:20.034466+00:00,2026-09-26T17:23:20.034466-04:00,2026-09-26T17:23:20.034466-04:00,propline_free_sample
2026-09-25,2026-09-26 02:15:00+00:00,Yunior Marte,4.5,under,-400,hardrock,228443,San Francisco Giants,Los Angeles Dodgers,2026-09-26T00:38:29.060820+00:00,2026-09-26T21:23:20.034466+00:00,2026-09-26T17:23:20.034466-04:00,2026-09-26T17:23:20.034466-04:00,propline_free_sample
2026-09-25,2026-09-26 02:15:00+00:00,Yunior Marte,5.5,over,500,hardrock,228443,San Francisco Giants,Los Angeles Dodgers,2026-09-26T00:38:29.060820+00:00,2026-09-26T21:23:20.034466+00:00,2026-09-26T17:23:20.034466-04:00,2026-09-26T17:23:20.034466-04:00,propline_free_sample
2026-09-25,2026-09-26 02:15:00+00:00,Yunior Marte,5.5,under,-1100,hardrock,228443,San Francisco Giants,Los Angeles Dodgers,2026-09-26T00:38:29.060820+00:00,2026-09-26T21:23:20.034466+00:00,2026-09-26T17:23:20.034466-04:00,2026-09-26T17:23:20.034466-04:00,propline_free_sample
2026-09-25,2026-09-26 02:15:00+00:00,Yunior Marte,6.5,over,1000,hardrock,228443,San Francisco Giants,Los Angeles Dodgers,2026-09-26T00:38:29.060820+00:00,2026-09-26T21:23:20.034466+00:00,2026-09-26T17:23:20.034466-04:00,2026-09-26T17:23:20.034466-04:00,propline_free_sample
2026-09-25,2026-09-26 02:15:00+00:00,Yunior Marte,6.5,under,-4000,hardrock,228443,San Francisco Giants,Los Angeles Dodgers,2026-09-25T22:20:51.872088+00:00,2026-09-26T21:23:20.034466+00:00,2026-09-26T17:23:20.034466-04:00,2026-09-26T17:23:20.034466-04:00,propline_free_sample
2026-09-25,2026-09-26 02:15:00+00:00,Yunior Marte,7.5,over,2500,hardrock,228443,San Francisco Giants,Los Angeles Dodgers,2026-09-26T00:38:29.060820+00:00,2026-09-26T21:23:20.034466+00:00,2026-09-26T17:23:20.034466-04:00,2026-09-26T17:23:20.034466-04:00,propline_free_sample
2026-09-25,2026-09-26 02:15:00+00:00,Yunior Marte,7.5,under,-10000,hardrock,228443,San Francisco Giants,Los Angeles Dodgers,2026-09-26T00:38:29.060820+00:00,2026-09-26T21:23:20.034466+00:00,2026-09-26T17:23:20.034466-04:00,2026-09-26T17:23:20.034466-04:00,propline_free_sample
2026-09-25,2026-09-26 02:15:00+00:00,Tarik Skubal,10.5,over,9900,kalshi,228443,San Francisco Giants,Los Angeles Dodgers,2026-09-26T02:14:48.036928+00:00,2026-09-26T21:23:20.034466+00:00,2026-09-26T17:23:20.034466-04:00,2026-09-26T17:23:20.034466-04:00,propline_free_sample
2026-09-25,2026-09-26 02:15:00+00:00,Tarik Skubal,11.5,over,9900,kalshi,228443,San Francisco Giants,Los Angeles Dodgers,2026-09-26T00:02:40.244188+00:00,2026-09-26T21:23:20.034466+00:00,2026-09-26T17:23:20.034466-04:00,2026-09-26T17:23:20.034466-04:00,propline_free_sample
2026-09-25,2026-09-26 02:15:00+00:00,Tarik Skubal,3.5,over,-9900,kalshi,228443,San Francisco Giants,Los Angeles Dodgers,2026-09-25T19:00:13.603698+00:00,2026-09-26T21:23:20.034466+00:00,2026-09-26T17:23:20.034466-04:00,2026-09-26T17:23:20.034466-04:00,propline_free_sample
2026-09-25,2026-09-26 02:15:00+00:00,Tarik Skubal,4.5,over,-3233,kalshi,228443,San Francisco Giants,Los Angeles Dodgers,2026-09-26T00:22:07.744964+00:00,2026-09-26T21:23:20.034466+00:00,2026-09-26T17:23:20.034466-04:00,2026-09-26T17:23:20.034466-04:00,propline_free_sample
2026-09-25,2026-09-26 02:15:00+00:00,Tarik Skubal,5.5,over,-3233,kalshi,228443,San Francisco Giants,Los Angeles Dodgers,2026-09-26T02:08:12.186280+00:00,2026-09-26T21:23:20.034466+00:00,2026-09-26T17:23:20.034466-04:00,2026-09-26T17:23:20.034466-04:00,propline_free_sample
2026-09-25,2026-09-26 02:15:00+00:00,Tarik Skubal,6.5,over,-1329,kalshi,228443,San Francisco Giants,Los Angeles Dodgers,2026-09-25T22:02:56.444738+00:00,2026-09-26T21:23:20.034466+00:00,2026-09-26T17:23:20.034466-04:00,2026-09-26T17:23:20.034466-04:00,propline_free_sample
2026-09-25,2026-09-26 02:15:00+00:00,Tarik Skubal,7.5,over,-2400,kalshi,228443,San Francisco Giants,Los Angeles Dodgers,2026-09-25T18:16:39.244444+00:00,2026-09-26T21:23:20.034466+00:00,2026-09-26T17:23:20.034466-04:00,2026-09-26T17:23:20.034466-04:00,propline_free_sample
2026-09-25,2026-09-26 02:15:00+00:00,Tarik Skubal,7.5,under,9900,kalshi,228443,San Francisco Giants,Los Angeles Dodgers,2026-09-25T17:57:39.460823+00:00,2026-09-26T21:23:20.034466+00:00,2026-09-26T17:23:20.034466-04:00,2026-09-26T17:23:20.034466-04:00,propline_free_sample
2026-09-25,2026-09-26 02:15:00+00:00,Tarik Skubal,8.5,over,-1567,kalshi,228443,San Francisco Giants,Los Angeles Dodgers,2026-09-26T02:14:48.036928+00:00,2026-09-26T21:23:20.034466+00:00,2026-09-26T17:23:20.034466-04:00,2026-09-26T17:23:20.034466-04:00,propline_free_sample
2026-09-25,2026-09-26 02:15:00+00:00,Tarik Skubal,9.5,over,-488,kalshi,228443,San Francisco Giants,Los Angeles Dodgers,2026-09-26T00:02:40.244188+00:00,2026-09-26T21:23:20.034466+00:00,2026-09-26T17:23:20.034466-04:00,2026-09-26T17:23:20.034466-04:00,propline_free_sample
2026-09-25,2026-09-26 02:15:00+00:00,Tarik Skubal,4.5,under,9900,kalshi,228443,San Francisco Giants,Los Angeles Dodgers,2026-09-26T02:10:57.251361+00:00,2026-09-26T21:23:20.034466+00:00,2026-09-26T17:23:20.034466-04:00,2026-09-26T17:23:20.034466-04:00,propline_free_sample
2026-09-25,2026-09-26 02:15:00+00:00,Tarik Skubal,5.5,under,9900,kalshi,228443,San Francisco Giants,Los Angeles Dodgers,2026-09-26T02:11:24.854090+00:00,2026-09-26T21:23:20.034466+00:00,2026-09-26T17:23:20.034466-04:00,2026-09-26T17:23:20.034466-04:00,propline_free_sample
2026-09-25,2026-09-26 02:15:00+00:00,Tarik Skubal,6.5,under,9900,kalshi,228443,San Francisco Giants,Los Angeles Dodgers,2026-09-26T02:14:32.157895+00:00,2026-09-26T21:23:20.034466+00:00,2026-09-26T17:23:20.034466-04:00,2026-09-26T17:23:20.034466-04:00,propline_free_sample
2026-09-25,2026-09-26 02:15:00+00:00,Tarik Skubal,8.5,under,9900,kalshi,228443,San Francisco Giants,Los Angeles Dodgers,2026-09-26T02:10:57.251361+00:00,2026-09-26T21:23:20.034466+00:00,2026-09-26T17:23:20.034466-04:00,2026-09-26T17:23:20.034466-04:00,propline_free_sample
2026-09-25,2026-09-26 02:15:00+00:00,Tarik Skubal,9.5,under,9900,kalshi,228443,San Francisco Giants,Los Angeles Dodgers,2026-09-26T02:14:48.036928+00:00,2026-09-26T21:23:20.034466+00:00,2026-09-26T17:23:20.034466-04:00,2026-09-26T17:23:20.034466-04:00,propline_free_sample
2026-09-25,2026-09-26 02:15:00+00:00,Tarik Skubal,7.5,over,-105,parlayplay,228443,San Francisco Giants,Los Angeles Dodgers,2026-09-26T01:58:24.717140+00:00,2026-09-26T21:23:20.034466+00:00,2026-09-26T17:23:20.034466-04:00,2026-09-26T17:23:20.034466-04:00,propline_free_sample
2026-09-25,2026-09-26 02:15:00+00:00,Tarik Skubal,7.5,under,-143,parlayplay,228443,San Francisco Giants,Los Angeles Dodgers,2026-09-26T01:58:24.717140+00:00,2026-09-26T21:23:20.034466+00:00,2026-09-26T17:23:20.034466-04:00,2026-09-26T17:23:20.034466-04:00,propline_free_sample
2026-09-25,2026-09-26 02:15:00+00:00,Tarik Skubal,7.5,over,101,rebet,228443,San Francisco Giants,Los Angeles Dodgers,2026-09-26T02:01:31.736807+00:00,2026-09-26T21:23:20.034466+00:00,2026-09-26T17:23:20.034466-04:00,2026-09-26T17:23:20.034466-04:00,propline_free_sample
2026-09-25,2026-09-26 02:15:00+00:00,Tarik Skubal,7.5,under,-140,rebet,228443,San Francisco Giants,Los Angeles Dodgers,2026-09-26T02:01:31.736807+00:00,2026-09-26T21:23:20.034466+00:00,2026-09-26T17:23:20.034466-04:00,2026-09-26T17:23:20.034466-04:00,propline_free_sample
2026-09-25,2026-09-26 02:15:00+00:00,Tarik Skubal,3.5,under,9900,kalshi,228443,San Francisco Giants,Los Angeles Dodgers,2026-09-26T02:10:57.251361+00:00,2026-09-26T21:23:20.034466+00:00,2026-09-26T17:23:20.034466-04:00,2026-09-26T17:23:20.034466-04:00,propline_free_sample
2026-09-25,2026-09-26 02:15:00+00:00,Tarik Skubal,10.5,under,-488,kalshi,228443,San Francisco Giants,Los Angeles Dodgers,2026-09-26T02:14:48.036928+00:00,2026-09-26T21:23:20.034466+00:00,2026-09-26T17:23:20.034466-04:00,2026-09-26T17:23:20.034466-04:00,propline_free_sample
2026-09-25,2026-09-26 02:15:00+00:00,Tarik Skubal,8.5,over,-165,betmgm,228443,San Francisco Giants,Los Angeles Dodgers,2026-09-26T01:40:08.064614+00:00,2026-09-26T21:23:20.034466+00:00,2026-09-26T17:23:20.034466-04:00,2026-09-26T17:23:20.034466-04:00,propline_free_sample
2026-09-25,2026-09-26 02:15:00+00:00,Tarik Skubal,8.5,under,125,betmgm,228443,San Francisco Giants,Los Angeles Dodgers,2026-09-26T01:40:08.064614+00:00,2026-09-26T21:23:20.034466+00:00,2026-09-26T17:23:20.034466-04:00,2026-09-26T17:23:20.034466-04:00,propline_free_sample
2026-09-25,2026-09-26 02:15:00+00:00,Yunior Marte,3.5,over,125,prophetx,228443,San Francisco Giants,Los Angeles Dodgers,2026-09-25T19:31:04.537876+00:00,2026-09-26T21:23:20.034466+00:00,2026-09-26T17:23:20.034466-04:00,2026-09-26T17:23:20.034466-04:00,propline_free_sample
2026-09-25,2026-09-26 02:15:00+00:00,Tarik Skubal,7.5,over,109,pinnacle,228443,San Francisco Giants,Los Angeles Dodgers,2026-09-26T01:43:30.198232+00:00,2026-09-26T21:23:20.034466+00:00,2026-09-26T17:23:20.034466-04:00,2026-09-26T17:23:20.034466-04:00,propline_free_sample
2026-09-25,2026-09-26 02:15:00+00:00,Tarik Skubal,7.5,under,-144,pinnacle,228443,San Francisco Giants,Los Angeles Dodgers,2026-09-26T01:43:30.198232+00:00,2026-09-26T21:23:20.034466+00:00,2026-09-26T17:23:20.034466-04:00,2026-09-26T17:23:20.034466-04:00,propline_free_sample
2026-09-25,2026-09-26 02:15:00+00:00,Tarik Skubal,7.0,over,112,prophetx,228443,San Francisco Giants,Los Angeles Dodgers,2026-09-25T14:22:27.629746+00:00,2026-09-26T21:23:20.034466+00:00,2026-09-26T17:23:20.034466-04:00,2026-09-26T17:23:20.034466-04:00,propline_free_sample
2026-09-25,2026-09-26 02:15:00+00:00,Tarik Skubal,7.0,under,-134,prophetx,228443,San Francisco Giants,Los Angeles Dodgers,2026-09-25T14:22:27.629746+00:00,2026-09-26T21:23:20.034466+00:00,2026-09-26T17:23:20.034466-04:00,2026-09-26T17:23:20.034466-04:00,propline_free_sample
2026-09-25,2026-09-26 02:15:00+00:00,Tarik Skubal,8.5,over,102,novig,228443,San Francisco Giants,Los Angeles Dodgers,2026-09-26T02:13:32.138365+00:00,2026-09-26T21:23:20.034466+00:00,2026-09-26T17:23:20.034466-04:00,2026-09-26T17:23:20.034466-04:00,propline_free_sample
2026-09-25,2026-09-26 02:15:00+00:00,Tarik Skubal,8.5,under,-285,novig,228443,San Francisco Giants,Los Angeles Dodgers,2026-09-25T23:16:35.150907+00:00,2026-09-26T21:23:20.034466+00:00,2026-09-26T17:23:20.034466-04:00,2026-09-26T17:23:20.034466-04:00,propline_free_sample
2026-09-25,2026-09-26 02:15:00+00:00,Tarik Skubal,11.5,under,-9900,kalshi,228443,San Francisco Giants,Los Angeles Dodgers,2026-09-26T02:10:57.251361+00:00,2026-09-26T21:23:20.034466+00:00,2026-09-26T17:23:20.034466-04:00,2026-09-26T17:23:20.034466-04:00,propline_free_sample
2026-09-25,2026-09-26 02:15:00+00:00,Yunior Marte,2.5,over,-125,betmgm,228443,San Francisco Giants,Los Angeles Dodgers,2026-09-26T01:40:08.064614+00:00,2026-09-26T21:23:20.034466+00:00,2026-09-26T17:23:20.034466-04:00,2026-09-26T17:23:20.034466-04:00,propline_free_sample
2026-09-25,2026-09-26 02:15:00+00:00,Yunior Marte,2.5,under,-105,betmgm,228443,San Francisco Giants,Los Angeles Dodgers,2026-09-26T01:40:08.064614+00:00,2026-09-26T21:23:20.034466+00:00,2026-09-26T17:23:20.034466-04:00,2026-09-26T17:23:20.034466-04:00,propline_free_sample
2026-09-25,2026-09-26 02:15:00+00:00,Tarik Skubal,6.5,under,112,prophetx,228443,San Francisco Giants,Los Angeles Dodgers,2026-09-26T02:08:18.127500+00:00,2026-09-26T21:23:20.034466+00:00,2026-09-26T17:23:20.034466-04:00,2026-09-26T17:23:20.034466-04:00,propline_free_sample
2026-09-25,2026-09-26 02:15:00+00:00,Tarik Skubal,7.5,over,-111,smarkets,228443,San Francisco Giants,Los Angeles Dodgers,2026-09-26T01:27:39.814257+00:00,2026-09-26T21:23:20.034466+00:00,2026-09-26T17:23:20.034466-04:00,2026-09-26T17:23:20.034466-04:00,propline_free_sample
2026-09-25,2026-09-26 02:15:00+00:00,Tarik Skubal,7.5,under,-125,smarkets,228443,San Francisco Giants,Los Angeles Dodgers,2026-09-26T01:41:53.161168+00:00,2026-09-26T21:23:20.034466+00:00,2026-09-26T17:23:20.034466-04:00,2026-09-26T17:23:20.034466-04:00,propline_free_sample
2026-09-25,2026-09-26 02:15:00+00:00,Yunior Marte,2.5,over,-225,prophetx,228443,San Francisco Giants,Los Angeles Dodgers,2026-09-25T22:29:29.297111+00:00,2026-09-26T21:23:20.034466+00:00,2026-09-26T17:23:20.034466-04:00,2026-09-26T17:23:20.034466-04:00,propline_free_sample
2026-09-25,2026-09-26 02:15:00+00:00,Yunior Marte,0.5,under,9900,polymarket_us,228443,San Francisco Giants,Los Angeles Dodgers,,2026-09-26T21:23:20.034466+00:00,2026-09-26T17:23:20.034466-04:00,2026-09-26T17:23:20.034466-04:00,propline_free_sample
2026-09-25,2026-09-26 02:15:00+00:00,Yunior Marte,6.5,over,163,polymarket_us,228443,San Francisco Giants,Los Angeles Dodgers,,2026-09-26T21:23:20.034466+00:00,2026-09-26T17:23:20.034466-04:00,2026-09-26T17:23:20.034466-04:00,propline_free_sample
2026-09-25,2026-09-26 02:15:00+00:00,Yunior Marte (SF),3.5,over,-165,bovada,228443,San Francisco Giants,Los Angeles Dodgers,,2026-09-26T21:23:20.034466+00:00,2026-09-26T17:23:20.034466-04:00,2026-09-26T17:23:20.034466-04:00,propline_free_sample
2026-09-25,2026-09-26 02:15:00+00:00,Yunior Marte (SF),3.5,under,125,bovada,228443,San Francisco Giants,Los Angeles Dodgers,,2026-09-26T21:23:20.034466+00:00,2026-09-26T17:23:20.034466-04:00,2026-09-26T17:23:20.034466-04:00,propline_free_sample
2026-09-25,2026-09-26 02:15:00+00:00,Yunior Marte,3.5,over,-809,polymarket_us,228443,San Francisco Giants,Los Angeles Dodgers,,2026-09-26T21:23:20.034466+00:00,2026-09-26T17:23:20.034466-04:00,2026-09-26T17:23:20.034466-04:00,propline_free_sample
2026-09-25,2026-09-26 02:15:00+00:00,Yunior Marte,3.5,under,-100,polymarket_us,228443,San Francisco Giants,Los Angeles Dodgers,,2026-09-26T21:23:20.034466+00:00,2026-09-26T17:23:20.034466-04:00,2026-09-26T17:23:20.034466-04:00,propline_free_sample
2026-09-25,2026-09-26 02:15:00+00:00,Yunior Marte,2.5,under,212,polymarket_us,228443,San Francisco Giants,Los Angeles Dodgers,,2026-09-26T21:23:20.034466+00:00,2026-09-26T17:23:20.034466-04:00,2026-09-26T17:23:20.034466-04:00,propline_free_sample
2026-09-25,2026-09-26 02:15:00+00:00,Tarik Skubal,6.5,over,-185,courtside,228443,San Francisco Giants,Los Angeles Dodgers,,2026-09-26T21:23:20.034466+00:00,2026-09-26T17:23:20.034466-04:00,2026-09-26T17:23:20.034466-04:00,propline_free_sample
2026-09-25,2026-09-26 02:15:00+00:00,Tarik Skubal,6.5,under,120,courtside,228443,San Francisco Giants,Los Angeles Dodgers,,2026-09-26T21:23:20.034466+00:00,2026-09-26T17:23:20.034466-04:00,2026-09-26T17:23:20.034466-04:00,propline_free_sample
2026-09-25,2026-09-26 02:15:00+00:00,Tarik Skubal,8.5,over,-1200,courtside,228443,San Francisco Giants,Los Angeles Dodgers,,2026-09-26T21:23:20.034466+00:00,2026-09-26T17:23:20.034466-04:00,2026-09-26T17:23:20.034466-04:00,propline_free_sample
2026-09-25,2026-09-26 02:15:00+00:00,Tarik Skubal,8.5,under,-175,courtside,228443,San Francisco Giants,Los Angeles Dodgers,,2026-09-26T21:23:20.034466+00:00,2026-09-26T17:23:20.034466-04:00,2026-09-26T17:23:20.034466-04:00,propline_free_sample
2026-09-25,2026-09-26 02:15:00+00:00,Tarik Skubal,10.5,over,-105,courtside,228443,San Francisco Giants,Los Angeles Dodgers,,2026-09-26T21:23:20.034466+00:00,2026-09-26T17:23:20.034466-04:00,2026-09-26T17:23:20.034466-04:00,propline_free_sample
2026-09-25,2026-09-26 02:15:00+00:00,Tarik Skubal,10.5,under,-130,courtside,228443,San Francisco Giants,Los Angeles Dodgers,,2026-09-26T21:23:20.034466+00:00,2026-09-26T17:23:20.034466-04:00,2026-09-26T17:23:20.034466-04:00,propline_free_sample
2026-09-25,2026-09-26 02:15:00+00:00,Yunior Marte,5.5,over,9900,polymarket_us,228443,San Francisco Giants,Los Angeles Dodgers,,2026-09-26T21:23:20.034466+00:00,2026-09-26T17:23:20.034466-04:00,2026-09-26T17:23:20.034466-04:00,propline_free_sample
2026-09-25,2026-09-26 02:10:00+00:00,Bryce Miller,6.5,over,120,fanduel,228442,Seattle Mariners,Los Angeles Angels,2026-09-25T23:14:34.579419+00:00,2026-09-26T21:23:20.034466+00:00,2026-09-26T17:23:20.034466-04:00,2026-09-26T17:23:20.034466-04:00,propline_free_sample
2026-09-25,2026-09-26 02:10:00+00:00,Bryce Miller,6.5,under,-154,fanduel,228442,Seattle Mariners,Los Angeles Angels,2026-09-25T23:14:34.579419+00:00,2026-09-26T21:23:20.034466+00:00,2026-09-26T17:23:20.034466-04:00,2026-09-26T17:23:20.034466-04:00,propline_free_sample
2026-09-25,2026-09-26 02:10:00+00:00,Reid Detmers,6.5,over,-111,fanduel,228442,Seattle Mariners,Los Angeles Angels,2026-09-25T23:14:34.579419+00:00,2026-09-26T21:23:20.034466+00:00,2026-09-26T17:23:20.034466-04:00,2026-09-26T17:23:20.034466-04:00,propline_free_sample
2026-09-25,2026-09-26 02:10:00+00:00,Reid Detmers,6.5,under,-115,fanduel,228442,Seattle Mariners,Los Angeles Angels,2026-09-25T23:14:34.579419+00:00,2026-09-26T21:23:20.034466+00:00,2026-09-26T17:23:20.034466-04:00,2026-09-26T17:23:20.034466-04:00,propline_free_sample
2026-09-25,2026-09-26 02:10:00+00:00,Bryce Miller,6.5,over,100,prizepicks,228442,Seattle Mariners,Los Angeles Angels,2026-09-25T00:44:44.779827+00:00,2026-09-26T21:23:20.034466+00:00,2026-09-26T17:23:20.034466-04:00,2026-09-26T17:23:20.034466-04:00,propline_free_sample
2026-09-25,2026-09-26 02:10:00+00:00,Bryce Miller,6.5,under,100,prizepicks,228442,Seattle Mariners,Los Angeles Angels,2026-09-25T00:44:44.779827+00:00,2026-09-26T21:23:20.034466+00:00,2026-09-26T17:23:20.034466-04:00,2026-09-26T17:23:20.034466-04:00,propline_free_sample
2026-09-25,2026-09-26 02:10:00+00:00,Bryce Miller,7.5,over,100,prizepicks,228442,Seattle Mariners,Los Angeles Angels,2026-09-25T00:44:44.779827+00:00,2026-09-26T21:23:20.034466+00:00,2026-09-26T17:23:20.034466-04:00,2026-09-26T17:23:20.034466-04:00,propline_free_sample
2026-09-25,2026-09-26 02:10:00+00:00,Reid Detmers,7.5,over,100,prizepicks,228442,Seattle Mariners,Los Angeles Angels,2026-09-25T00:44:44.779827+00:00,2026-09-26T21:23:20.034466+00:00,2026-09-26T17:23:20.034466-04:00,2026-09-26T17:23:20.034466-04:00,propline_free_sample
2026-09-25,2026-09-26 02:10:00+00:00,Bryce Miller,8.5,over,100,prizepicks,228442,Seattle Mariners,Los Angeles Angels,2026-09-25T00:44:44.779827+00:00,2026-09-26T21:23:20.034466+00:00,2026-09-26T17:23:20.034466-04:00,2026-09-26T17:23:20.034466-04:00,propline_free_sample
2026-09-25,2026-09-26 02:10:00+00:00,Reid Detmers,8.5,over,100,prizepicks,228442,Seattle Mariners,Los Angeles Angels,2026-09-25T00:44:44.779827+00:00,2026-09-26T21:23:20.034466+00:00,2026-09-26T17:23:20.034466-04:00,2026-09-26T17:23:20.034466-04:00,propline_free_sample
2026-09-25,2026-09-26 02:10:00+00:00,Reid Detmers,9.5,over,100,prizepicks,228442,Seattle Mariners,Los Angeles Angels,2026-09-25T00:44:44.779827+00:00,2026-09-26T21:23:20.034466+00:00,2026-09-26T17:23:20.034466-04:00,2026-09-26T17:23:20.034466-04:00,propline_free_sample
2026-09-25,2026-09-26 02:10:00+00:00,Bryce Miller,4.5,over,100,prizepicks,228442,Seattle Mariners,Los Angeles Angels,2026-09-25T00:44:44.779827+00:00,2026-09-26T21:23:20.034466+00:00,2026-09-26T17:23:20.034466-04:00,2026-09-26T17:23:20.034466-04:00,propline_free_sample
2026-09-25,2026-09-26 02:10:00+00:00,Bryce Miller,5.5,over,100,prizepicks,228442,Seattle Mariners,Los Angeles Angels,2026-09-25T00:44:44.779827+00:00,2026-09-26T21:23:20.034466+00:00,2026-09-26T17:23:20.034466-04:00,2026-09-26T17:23:20.034466-04:00,propline_free_sample
2026-09-25,2026-09-26 02:10:00+00:00,Reid Detmers,5.5,over,100,prizepicks,228442,Seattle Mariners,Los Angeles Angels,2026-09-25T00:44:44.779827+00:00,2026-09-26T21:23:20.034466+00:00,2026-09-26T17:23:20.034466-04:00,2026-09-26T17:23:20.034466-04:00,propline_free_sample
2026-09-25,2026-09-26 02:10:00+00:00,Reid Detmers,6.5,over,100,prizepicks,228442,Seattle Mariners,Los Angeles Angels,2026-09-25T00:44:44.779827+00:00,2026-09-26T21:23:20.034466+00:00,2026-09-26T17:23:20.034466-04:00,2026-09-26T17:23:20.034466-04:00,propline_free_sample
2026-09-25,2026-09-26 02:10:00+00:00,Reid Detmers,6.5,under,100,prizepicks,228442,Seattle Mariners,Los Angeles Angels,2026-09-25T00:44:44.779827+00:00,2026-09-26T21:23:20.034466+00:00,2026-09-26T17:23:20.034466-04:00,2026-09-26T17:23:20.034466-04:00,propline_free_sample
2026-09-25,2026-09-26 02:10:00+00:00,Bryce Miller,6.5,over,115,fanatics,228442,Seattle Mariners,Los Angeles Angels,2026-09-26T02:07:33.060458+00:00,2026-09-26T21:23:20.034466+00:00,2026-09-26T17:23:20.034466-04:00,2026-09-26T17:23:20.034466-04:00,propline_free_sample
2026-09-25,2026-09-26 02:10:00+00:00,Bryce Miller,6.5,under,-155,fanatics,228442,Seattle Mariners,Los Angeles Angels,2026-09-26T02:07:33.060458+00:00,2026-09-26T21:23:20.034466+00:00,2026-09-26T17:23:20.034466-04:00,2026-09-26T17:23:20.034466-04:00,propline_free_sample
2026-09-25,2026-09-26 02:10:00+00:00,Reid Detmers,4.5,over,-155,fanatics,228442,Seattle Mariners,Los Angeles Angels,2026-09-26T02:07:33.060458+00:00,2026-09-26T21:23:20.034466+00:00,2026-09-26T17:23:20.034466-04:00,2026-09-26T17:23:20.034466-04:00,propline_free_sample
2026-09-25,2026-09-26 02:10:00+00:00,Reid Detmers,4.5,under,115,fanatics,228442,Seattle Mariners,Los Angeles Angels,2026-09-26T02:07:33.060458+00:00,2026-09-26T21:23:20.034466+00:00,2026-09-26T17:23:20.034466-04:00,2026-09-26T17:23:20.034466-04:00,propline_free_sample
2026-09-25,2026-09-26 02:10:00+00:00,Bryce Miller (SEA),5.5,over,-175,bovada,228442,Seattle Mariners,Los Angeles Angels,2026-09-25T23:47:38.537946+00:00,2026-09-26T21:23:20.034466+00:00,2026-09-26T17:23:20.034466-04:00,2026-09-26T17:23:20.034466-04:00,propline_free_sample
2026-09-25,2026-09-26 02:10:00+00:00,Bryce Miller (SEA),5.5,under,135,bovada,228442,Seattle Mariners,Los Angeles Angels,2026-09-25T23:47:38.537946+00:00,2026-09-26T21:23:20.034466+00:00,2026-09-26T17:23:20.034466-04:00,2026-09-26T17:23:20.034466-04:00,propline_free_sample
2026-09-25,2026-09-26 02:10:00+00:00,Reid Detmers (LAA),6.5,over,-130,bovada,228442,Seattle Mariners,Los Angeles Angels,2026-09-25T17:13:13.050150+00:00,2026-09-26T21:23:20.034466+00:00,2026-09-26T17:23:20.034466-04:00,2026-09-26T17:23:20.034466-04:00,propline_free_sample
2026-09-25,2026-09-26 02:10:00+00:00,Reid Detmers (LAA),6.5,under,100,bovada,228442,Seattle Mariners,Los Angeles Angels,2026-09-25T17:13:13.050150+00:00,2026-09-26T21:23:20.034466+00:00,2026-09-26T17:23:20.034466-04:00,2026-09-26T17:23:20.034466-04:00,propline_free_sample
2026-09-25,2026-09-26 02:10:00+00:00,Bryce Miller,6.5,over,106,sleeper,228442,Seattle Mariners,Los Angeles Angels,2026-09-26T00:59:37.151236+00:00,2026-09-26T21:23:20.034466+00:00,2026-09-26T17:23:20.034466-04:00,2026-09-26T17:23:20.034466-04:00,propline_free_sample
2026-09-25,2026-09-26 02:10:00+00:00,Reid Detmers,6.5,over,-119,sleeper,228442,Seattle Mariners,Los Angeles Angels,2026-09-25T22:23:14.326669+00:00,2026-09-26T21:23:20.034466+00:00,2026-09-26T17:23:20.034466-04:00,2026-09-26T17:23:20.034466-04:00,propline_free_sample
2026-09-25,2026-09-26 02:10:00+00:00,Bryce Miller,6.5,under,-179,sleeper,228442,Seattle Mariners,Los Angeles Angels,2026-09-26T00:59:37.151236+00:00,2026-09-26T21:23:20.034466+00:00,2026-09-26T17:23:20.034466-04:00,2026-09-26T17:23:20.034466-04:00,propline_free_sample
2026-09-25,2026-09-26 02:10:00+00:00,Reid Detmers,6.5,under,-137,sleeper,228442,Seattle Mariners,Los Angeles Angels,2026-09-26T00:39:54.066280+00:00,2026-09-26T21:23:20.034466+00:00,2026-09-26T17:23:20.034466-04:00,2026-09-26T17:23:20.034466-04:00,propline_free_sample
2026-09-25,2026-09-26 02:10:00+00:00,Reid Detmers,6.5,under,-117,prophetx,228442,Seattle Mariners,Los Angeles Angels,2026-09-26T00:41:03.510729+00:00,2026-09-26T21:23:20.034466+00:00,2026-09-26T17:23:20.034466-04:00,2026-09-26T17:23:20.034466-04:00,propline_free_sample
2026-09-25,2026-09-26 02:10:00+00:00,Reid Detmers,6.5,over,104,prophetx,228442,Seattle Mariners,Los Angeles Angels,2026-09-25T23:13:26.853317+00:00,2026-09-26T21:23:20.034466+00:00,2026-09-26T17:23:20.034466-04:00,2026-09-26T17:23:20.034466-04:00,propline_free_sample
2026-09-25,2026-09-26 02:10:00+00:00,Bryce Miller,6.5,over,118,prophetx,228442,Seattle Mariners,Los Angeles Angels,2026-09-26T00:44:00.530179+00:00,2026-09-26T21:23:20.034466+00:00,2026-09-26T17:23:20.034466-04:00,2026-09-26T17:23:20.034466-04:00,propline_free_sample
2026-09-25,2026-09-26 02:10:00+00:00,Bryce Miller,6.5,under,-156,prophetx,228442,Seattle Mariners,Los Angeles Angels,2026-09-26T02:08:17.744371+00:00,2026-09-26T21:23:20.034466+00:00,2026-09-26T17:23:20.034466-04:00,2026-09-26T17:23:20.034466-04:00,propline_free_sample
2026-09-25,2026-09-26 02:10:00+00:00,Reid Detmers,6.5,over,-733,novig,228442,Seattle Mariners,Los Angeles Angels,2026-09-26T02:01:25.312013+00:00,2026-09-26T21:23:20.034466+00:00,2026-09-26T17:23:20.034466-04:00,2026-09-26T17:23:20.034466-04:00,propline_free_sample
2026-09-25,2026-09-26 02:10:00+00:00,Reid Detmers,6.5,under,-99900,novig,228442,Seattle Mariners,Los Angeles Angels,2026-09-26T02:06:28.378143+00:00,2026-09-26T21:23:20.034466+00:00,2026-09-26T17:23:20.034466-04:00,2026-09-26T17:23:20.034466-04:00,propline_free_sample
2026-09-25,2026-09-26 02:10:00+00:00,Bryce Miller,1.5,over,-4000,hardrock,228442,Seattle Mariners,Los Angeles Angels,2026-09-25T13:20:20.438452+00:00,2026-09-26T21:23:20.034466+00:00,2026-09-26T17:23:20.034466-04:00,2026-09-26T17:23:20.034466-04:00,propline_free_sample
2026-09-25,2026-09-26 02:10:00+00:00,Bryce Miller,1.5,under,1000,hardrock,228442,Seattle Mariners,Los Angeles Angels,2026-09-25T13:20:20.438452+00:00,2026-09-26T21:23:20.034466+00:00,2026-09-26T17:23:20.034466-04:00,2026-09-26T17:23:20.034466-04:00,propline_free_sample
2026-09-25,2026-09-26 02:10:00+00:00,Bryce Miller,10.5,over,4000,hardrock,228442,Seattle Mariners,Los Angeles Angels,2026-09-25T22:24:17.450818+00:00,2026-09-26T21:23:20.034466+00:00,2026-09-26T17:23:20.034466-04:00,2026-09-26T17:23:20.034466-04:00,propline_free_sample
2026-09-25,2026-09-26 02:10:00+00:00,Bryce Miller,10.5,under,-100000,hardrock,228442,Seattle Mariners,Los Angeles Angels,2026-09-25T22:35:17.823799+00:00,2026-09-26T21:23:20.034466+00:00,2026-09-26T17:23:20.034466-04:00,2026-09-26T17:23:20.034466-04:00,propline_free_sample
2026-09-25,2026-09-26 02:10:00+00:00,Bryce Miller,11.5,over,5000,hardrock,228442,Seattle Mariners,Los Angeles Angels,2026-09-25T11:49:03.251483+00:00,2026-09-26T21:23:20.034466+00:00,2026-09-26T17:23:20.034466-04:00,2026-09-26T17:23:20.034466-04:00,propline_free_sample
2026-09-25,2026-09-26 02:10:00+00:00,Bryce Miller,11.5,under,-100000,hardrock,228442,Seattle Mariners,Los Angeles Angels,2026-09-25T11:49:03.251483+00:00,2026-09-26T21:23:20.034466+00:00,2026-09-26T17:23:20.034466-04:00,2026-09-26T17:23:20.034466-04:00,propline_free_sample
2026-09-25,2026-09-26 02:10:00+00:00,Bryce Miller,12.5,over,5000,hardrock,228442,Seattle Mariners,Los Angeles Angels,2026-09-25T12:33:00.895026+00:00,2026-09-26T21:23:20.034466+00:00,2026-09-26T17:23:20.034466-04:00,2026-09-26T17:23:20.034466-04:00,propline_free_sample
2026-09-25,2026-09-26 02:10:00+00:00,Bryce Miller,12.5,under,-100000,hardrock,228442,Seattle Mariners,Los Angeles Angels,2026-09-25T11:50:21.327763+00:00,2026-09-26T21:23:20.034466+00:00,2026-09-26T17:23:20.034466-04:00,2026-09-26T17:23:20.034466-04:00,propline_free_sample
2026-09-25,2026-09-26 02:10:00+00:00,Bryce Miller,2.5,over,-9000,hardrock,228442,Seattle Mariners,Los Angeles Angels,2026-09-25T13:20:20.438452+00:00,2026-09-26T21:23:20.034466+00:00,2026-09-26T17:23:20.034466-04:00,2026-09-26T17:23:20.034466-04:00,propline_free_sample
2026-09-25,2026-09-26 02:10:00+00:00,Bryce Miller,2.5,under,2250,hardrock,228442,Seattle Mariners,Los Angeles Angels,2026-09-25T13:20:20.438452+00:00,2026-09-26T21:23:20.034466+00:00,2026-09-26T17:23:20.034466-04:00,2026-09-26T17:23:20.034466-04:00,propline_free_sample
2026-09-25,2026-09-26 02:10:00+00:00,Bryce Miller,3.5,over,-6000,hardrock,228442,Seattle Mariners,Los Angeles Angels,2026-09-25T13:20:20.438452+00:00,2026-09-26T21:23:20.034466+00:00,2026-09-26T17:23:20.034466-04:00,2026-09-26T17:23:20.034466-04:00,propline_free_sample
2026-09-25,2026-09-26 02:10:00+00:00,Bryce Miller,3.5,under,1400,hardrock,228442,Seattle Mariners,Los Angeles Angels,2026-09-25T13:20:20.438452+00:00,2026-09-26T21:23:20.034466+00:00,2026-09-26T17:23:20.034466-04:00,2026-09-26T17:23:20.034466-04:00,propline_free_sample
2026-09-25,2026-09-26 02:10:00+00:00,Bryce Miller,4.5,over,-750,hardrock,228442,Seattle Mariners,Los Angeles Angels,2026-09-25T13:20:20.438452+00:00,2026-09-26T21:23:20.034466+00:00,2026-09-26T17:23:20.034466-04:00,2026-09-26T17:23:20.034466-04:00,propline_free_sample
2026-09-25,2026-09-26 02:10:00+00:00,Bryce Miller,4.5,under,375,hardrock,228442,Seattle Mariners,Los Angeles Angels,2026-09-25T13:20:20.438452+00:00,2026-09-26T21:23:20.034466+00:00,2026-09-26T17:23:20.034466-04:00,2026-09-26T17:23:20.034466-04:00,propline_free_sample
2026-09-25,2026-09-26 02:10:00+00:00,Bryce Miller,5.5,over,-500,hardrock,228442,Seattle Mariners,Los Angeles Angels,2026-09-25T23:23:25.323499+00:00,2026-09-26T21:23:20.034466+00:00,2026-09-26T17:23:20.034466-04:00,2026-09-26T17:23:20.034466-04:00,propline_free_sample
2026-09-25,2026-09-26 02:10:00+00:00,Bryce Miller,5.5,under,275,hardrock,228442,Seattle Mariners,Los Angeles Angels,2026-09-25T23:23:25.323499+00:00,2026-09-26T21:23:20.034466+00:00,2026-09-26T17:23:20.034466-04:00,2026-09-26T17:23:20.034466-04:00,propline_free_sample
2026-09-25,2026-09-26 02:10:00+00:00,Bryce Miller,6.5,over,105,hardrock,228442,Seattle Mariners,Los Angeles Angels,2026-09-25T23:23:25.323499+00:00,2026-09-26T21:23:20.034466+00:00,2026-09-26T17:23:20.034466-04:00,2026-09-26T17:23:20.034466-04:00,propline_free_sample
2026-09-25,2026-09-26 02:10:00+00:00,Bryce Miller,6.5,under,-150,hardrock,228442,Seattle Mariners,Los Angeles Angels,2026-09-25T23:23:25.323499+00:00,2026-09-26T21:23:20.034466+00:00,2026-09-26T17:23:20.034466-04:00,2026-09-26T17:23:20.034466-04:00,propline_free_sample
2026-09-25,2026-09-26 02:10:00+00:00,Bryce Miller,7.5,over,325,hardrock,228442,Seattle Mariners,Los Angeles Angels,2026-09-25T13:20:20.438452+00:00,2026-09-26T21:23:20.034466+00:00,2026-09-26T17:23:20.034466-04:00,2026-09-26T17:23:20.034466-04:00,propline_free_sample
2026-09-25,2026-09-26 02:10:00+00:00,Bryce Miller,7.5,under,-600,hardrock,228442,Seattle Mariners,Los Angeles Angels,2026-09-25T13:20:20.438452+00:00,2026-09-26T21:23:20.034466+00:00,2026-09-26T17:23:20.034466-04:00,2026-09-26T17:23:20.034466-04:00,propline_free_sample
2026-09-25,2026-09-26 02:10:00+00:00,Bryce Miller,8.5,over,850,hardrock,228442,Seattle Mariners,Los Angeles Angels,2026-09-25T12:44:02.428456+00:00,2026-09-26T21:23:20.034466+00:00,2026-09-26T17:23:20.034466-04:00,2026-09-26T17:23:20.034466-04:00,propline_free_sample
2026-09-25,2026-09-26 02:10:00+00:00,Bryce Miller,8.5,under,-4000,hardrock,228442,Seattle Mariners,Los Angeles Angels,2026-09-25T22:35:17.823799+00:00,2026-09-26T21:23:20.034466+00:00,2026-09-26T17:23:20.034466-04:00,2026-09-26T17:23:20.034466-04:00,propline_free_sample
2026-09-25,2026-09-26 02:10:00+00:00,Bryce Miller,9.5,over,3000,hardrock,228442,Seattle Mariners,Los Angeles Angels,2026-09-25T12:44:02.428456+00:00,2026-09-26T21:23:20.034466+00:00,2026-09-26T17:23:20.034466-04:00,2026-09-26T17:23:20.034466-04:00,propline_free_sample
2026-09-25,2026-09-26 02:10:00+00:00,Bryce Miller,9.5,under,-20000,hardrock,228442,Seattle Mariners,Los Angeles Angels,2026-09-25T13:20:20.438452+00:00,2026-09-26T21:23:20.034466+00:00,2026-09-26T17:23:20.034466-04:00,2026-09-26T17:23:20.034466-04:00,propline_free_sample
2026-09-25,2026-09-26 02:10:00+00:00,Reid Detmers,1.5,over,-5000,hardrock,228442,Seattle Mariners,Los Angeles Angels,2026-09-25T17:53:32.963338+00:00,2026-09-26T21:23:20.034466+00:00,2026-09-26T17:23:20.034466-04:00,2026-09-26T17:23:20.034466-04:00,propline_free_sample
2026-09-25,2026-09-26 02:10:00+00:00,Reid Detmers,1.5,under,1100,hardrock,228442,Seattle Mariners,Los Angeles Angels,2026-09-25T22:15:27.449707+00:00,2026-09-26T21:23:20.034466+00:00,2026-09-26T17:23:20.034466-04:00,2026-09-26T17:23:20.034466-04:00,propline_free_sample
2026-09-25,2026-09-26 02:10:00+00:00,Reid Detmers,10.5,over,1200,hardrock,228442,Seattle Mariners,Los Angeles Angels,2026-09-25T22:29:42.043955+00:00,2026-09-26T21:23:20.034466+00:00,2026-09-26T17:23:20.034466-04:00,2026-09-26T17:23:20.034466-04:00,propline_free_sample
2026-09-25,2026-09-26 02:10:00+00:00,Reid Detmers,10.5,under,-6000,hardrock,228442,Seattle Mariners,Los Angeles Angels,2026-09-25T22:20:51.007340+00:00,2026-09-26T21:23:20.034466+00:00,2026-09-26T17:23:20.034466-04:00,2026-09-26T17:23:20.034466-04:00,propline_free_sample
2026-09-25,2026-09-26 02:10:00+00:00,Reid Detmers,11.5,over,4000,hardrock,228442,Seattle Mariners,Los Angeles Angels,2026-09-25T22:29:42.043955+00:00,2026-09-26T21:23:20.034466+00:00,2026-09-26T17:23:20.034466-04:00,2026-09-26T17:23:20.034466-04:00,propline_free_sample
2026-09-25,2026-09-26 02:10:00+00:00,Reid Detmers,11.5,under,-50000,hardrock,228442,Seattle Mariners,Los Angeles Angels,2026-09-25T22:20:51.007340+00:00,2026-09-26T21:23:20.034466+00:00,2026-09-26T17:23:20.034466-04:00,2026-09-26T17:23:20.034466-04:00,propline_free_sample
2026-09-25,2026-09-26 02:10:00+00:00,Reid Detmers,2.5,over,-1200,hardrock,228442,Seattle Mariners,Los Angeles Angels,2026-09-25T22:15:27.449707+00:00,2026-09-26T21:23:20.034466+00:00,2026-09-26T17:23:20.034466-04:00,2026-09-26T17:23:20.034466-04:00,propline_free_sample
2026-09-25,2026-09-26 02:10:00+00:00,Reid Detmers,2.5,under,475,hardrock,228442,Seattle Mariners,Los Angeles Angels,2026-09-25T22:15:27.449707+00:00,2026-09-26T21:23:20.034466+00:00,2026-09-26T17:23:20.034466-04:00,2026-09-26T17:23:20.034466-04:00,propline_free_sample
2026-09-25,2026-09-26 02:10:00+00:00,Reid Detmers,3.5,over,-10000,hardrock,228442,Seattle Mariners,Los Angeles Angels,2026-09-25T22:35:17.823799+00:00,2026-09-26T21:23:20.034466+00:00,2026-09-26T17:23:20.034466-04:00,2026-09-26T17:23:20.034466-04:00,propline_free_sample
2026-09-25,2026-09-26 02:10:00+00:00,Reid Detmers,3.5,under,3000,hardrock,228442,Seattle Mariners,Los Angeles Angels,2026-09-25T22:37:05.313626+00:00,2026-09-26T21:23:20.034466+00:00,2026-09-26T17:23:20.034466-04:00,2026-09-26T17:23:20.034466-04:00,propline_free_sample
2026-09-25,2026-09-26 02:10:00+00:00,Reid Detmers,4.5,over,-7000,hardrock,228442,Seattle Mariners,Los Angeles Angels,2026-09-25T22:20:51.007340+00:00,2026-09-26T21:23:20.034466+00:00,2026-09-26T17:23:20.034466-04:00,2026-09-26T17:23:20.034466-04:00,propline_free_sample
2026-09-25,2026-09-26 02:10:00+00:00,Reid Detmers,4.5,under,1750,hardrock,228442,Seattle Mariners,Los Angeles Angels,2026-09-25T22:20:51.007340+00:00,2026-09-26T21:23:20.034466+00:00,2026-09-26T17:23:20.034466-04:00,2026-09-26T17:23:20.034466-04:00,propline_free_sample
2026-09-25,2026-09-26 02:10:00+00:00,Reid Detmers,5.5,over,-4000,hardrock,228442,Seattle Mariners,Los Angeles Angels,2026-09-25T22:37:05.313626+00:00,2026-09-26T21:23:20.034466+00:00,2026-09-26T17:23:20.034466-04:00,2026-09-26T17:23:20.034466-04:00,propline_free_sample
2026-09-25,2026-09-26 02:10:00+00:00,Reid Detmers,5.5,under,1000,hardrock,228442,Seattle Mariners,Los Angeles Angels,2026-09-25T22:20:51.007340+00:00,2026-09-26T21:23:20.034466+00:00,2026-09-26T17:23:20.034466-04:00,2026-09-26T17:23:20.034466-04:00,propline_free_sample
2026-09-25,2026-09-26 02:10:00+00:00,Reid Detmers,6.5,over,-525,hardrock,228442,Seattle Mariners,Los Angeles Angels,2026-09-25T22:37:05.313626+00:00,2026-09-26T21:23:20.034466+00:00,2026-09-26T17:23:20.034466-04:00,2026-09-26T17:23:20.034466-04:00,propline_free_sample
2026-09-25,2026-09-26 02:10:00+00:00,Reid Detmers,6.5,under,300,hardrock,228442,Seattle Mariners,Los Angeles Angels,2026-09-25T22:37:05.313626+00:00,2026-09-26T21:23:20.034466+00:00,2026-09-26T17:23:20.034466-04:00,2026-09-26T17:23:20.034466-04:00,propline_free_sample
2026-09-25,2026-09-26 02:10:00+00:00,Reid Detmers,7.5,over,-150,hardrock,228442,Seattle Mariners,Los Angeles Angels,2026-09-25T22:37:05.313626+00:00,2026-09-26T21:23:20.034466+00:00,2026-09-26T17:23:20.034466-04:00,2026-09-26T17:23:20.034466-04:00,propline_free_sample
2026-09-25,2026-09-26 02:10:00+00:00,Reid Detmers,7.5,under,105,hardrock,228442,Seattle Mariners,Los Angeles Angels,2026-09-25T22:20:51.007340+00:00,2026-09-26T21:23:20.034466+00:00,2026-09-26T17:23:20.034466-04:00,2026-09-26T17:23:20.034466-04:00,propline_free_sample
2026-09-25,2026-09-26 02:10:00+00:00,Reid Detmers,8.5,over,180,hardrock,228442,Seattle Mariners,Los Angeles Angels,2026-09-25T22:22:33.919335+00:00,2026-09-26T21:23:20.034466+00:00,2026-09-26T17:23:20.034466-04:00,2026-09-26T17:23:20.034466-04:00,propline_free_sample
2026-09-25,2026-09-26 02:10:00+00:00,Reid Detmers,8.5,under,-275,hardrock,228442,Seattle Mariners,Los Angeles Angels,2026-09-25T22:20:51.007340+00:00,2026-09-26T21:23:20.034466+00:00,2026-09-26T17:23:20.034466-04:00,2026-09-26T17:23:20.034466-04:00,propline_free_sample
2026-09-25,2026-09-26 02:10:00+00:00,Reid Detmers,9.5,over,450,hardrock,228442,Seattle Mariners,Los Angeles Angels,2026-09-25T22:20:51.007340+00:00,2026-09-26T21:23:20.034466+00:00,2026-09-26T17:23:20.034466-04:00,2026-09-26T17:23:20.034466-04:00,propline_free_sample
2026-09-25,2026-09-26 02:10:00+00:00,Reid Detmers,9.5,under,-1100,hardrock,228442,Seattle Mariners,Los Angeles Angels,2026-09-25T22:20:51.007340+00:00,2026-09-26T21:23:20.034466+00:00,2026-09-26T17:23:20.034466-04:00,2026-09-26T17:23:20.034466-04:00,propline_free_sample
2026-09-25,2026-09-26 02:10:00+00:00,Bryce Miller,7.5,under,100,prizepicks,228442,Seattle Mariners,Los Angeles Angels,2026-09-25T02:47:30.450057+00:00,2026-09-26T21:23:20.034466+00:00,2026-09-26T17:23:20.034466-04:00,2026-09-26T17:23:20.034466-04:00,propline_free_sample
2026-09-25,2026-09-26 02:10:00+00:00,Reid Detmers,7.5,under,100,prizepicks,228442,Seattle Mariners,Los Angeles Angels,2026-09-25T02:47:30.450057+00:00,2026-09-26T21:23:20.034466+00:00,2026-09-26T17:23:20.034466-04:00,2026-09-26T17:23:20.034466-04:00,propline_free_sample
2026-09-25,2026-09-26 02:10:00+00:00,Bryce Miller,8.5,under,100,prizepicks,228442,Seattle Mariners,Los Angeles Angels,2026-09-25T02:47:30.450057+00:00,2026-09-26T21:23:20.034466+00:00,2026-09-26T17:23:20.034466-04:00,2026-09-26T17:23:20.034466-04:00,propline_free_sample
2026-09-25,2026-09-26 02:10:00+00:00,Reid Detmers,8.5,under,100,prizepicks,228442,Seattle Mariners,Los Angeles Angels,2026-09-25T02:47:30.450057+00:00,2026-09-26T21:23:20.034466+00:00,2026-09-26T17:23:20.034466-04:00,2026-09-26T17:23:20.034466-04:00,propline_free_sample
2026-09-25,2026-09-26 02:10:00+00:00,Reid Detmers,9.5,under,100,prizepicks,228442,Seattle Mariners,Los Angeles Angels,2026-09-25T02:47:30.450057+00:00,2026-09-26T21:23:20.034466+00:00,2026-09-26T17:23:20.034466-04:00,2026-09-26T17:23:20.034466-04:00,propline_free_sample
2026-09-25,2026-09-26 02:10:00+00:00,Reid Detmers,4.5,over,100,prizepicks,228442,Seattle Mariners,Los Angeles Angels,2026-09-25T02:47:30.450057+00:00,2026-09-26T21:23:20.034466+00:00,2026-09-26T17:23:20.034466-04:00,2026-09-26T17:23:20.034466-04:00,propline_free_sample
2026-09-25,2026-09-26 02:10:00+00:00,Bryce Miller,4.5,under,100,prizepicks,228442,Seattle Mariners,Los Angeles Angels,2026-09-25T02:47:30.450057+00:00,2026-09-26T21:23:20.034466+00:00,2026-09-26T17:23:20.034466-04:00,2026-09-26T17:23:20.034466-04:00,propline_free_sample
2026-09-25,2026-09-26 02:10:00+00:00,Reid Detmers,4.5,under,100,prizepicks,228442,Seattle Mariners,Los Angeles Angels,2026-09-25T02:47:30.450057+00:00,2026-09-26T21:23:20.034466+00:00,2026-09-26T17:23:20.034466-04:00,2026-09-26T17:23:20.034466-04:00,propline_free_sample
2026-09-25,2026-09-26 02:10:00+00:00,Bryce Miller,5.5,under,100,prizepicks,228442,Seattle Mariners,Los Angeles Angels,2026-09-25T02:47:30.450057+00:00,2026-09-26T21:23:20.034466+00:00,2026-09-26T17:23:20.034466-04:00,2026-09-26T17:23:20.034466-04:00,propline_free_sample
2026-09-25,2026-09-26 02:10:00+00:00,Reid Detmers,5.5,under,100,prizepicks,228442,Seattle Mariners,Los Angeles Angels,2026-09-25T02:47:30.450057+00:00,2026-09-26T21:23:20.034466+00:00,2026-09-26T17:23:20.034466-04:00,2026-09-26T17:23:20.034466-04:00,propline_free_sample
2026-09-25,2026-09-26 02:10:00+00:00,Bryce Miller,10.5,over,100,prizepicks,228442,Seattle Mariners,Los Angeles Angels,2026-09-25T02:47:30.450057+00:00,2026-09-26T21:23:20.034466+00:00,2026-09-26T17:23:20.034466-04:00,2026-09-26T17:23:20.034466-04:00,propline_free_sample
2026-09-25,2026-09-26 02:10:00+00:00,Reid Detmers,10.5,over,100,prizepicks,228442,Seattle Mariners,Los Angeles Angels,2026-09-25T02:47:30.450057+00:00,2026-09-26T21:23:20.034466+00:00,2026-09-26T17:23:20.034466-04:00,2026-09-26T17:23:20.034466-04:00,propline_free_sample
2026-09-25,2026-09-26 02:10:00+00:00,Bryce Miller,3.5,over,100,prizepicks,228442,Seattle Mariners,Los Angeles Angels,2026-09-25T02:47:30.450057+00:00,2026-09-26T21:23:20.034466+00:00,2026-09-26T17:23:20.034466-04:00,2026-09-26T17:23:20.034466-04:00,propline_free_sample
2026-09-25,2026-09-26 02:10:00+00:00,Bryce Miller,3.5,under,100,prizepicks,228442,Seattle Mariners,Los Angeles Angels,2026-09-25T02:47:30.450057+00:00,2026-09-26T21:23:20.034466+00:00,2026-09-26T17:23:20.034466-04:00,2026-09-26T17:23:20.034466-04:00,propline_free_sample
2026-09-25,2026-09-26 02:10:00+00:00,Bryce Miller,6.5,over,-1438,novig,228442,Seattle Mariners,Los Angeles Angels,2026-09-26T00:23:08.935328+00:00,2026-09-26T21:23:20.034466+00:00,2026-09-26T17:23:20.034466-04:00,2026-09-26T17:23:20.034466-04:00,propline_free_sample
2026-09-25,2026-09-26 02:10:00+00:00,Bryce Miller,6.5,under,-99900,novig,228442,Seattle Mariners,Los Angeles Angels,2026-09-26T02:08:13.360447+00:00,2026-09-26T21:23:20.034466+00:00,2026-09-26T17:23:20.034466-04:00,2026-09-26T17:23:20.034466-04:00,propline_free_sample
2026-09-25,2026-09-26 02:10:00+00:00,Bryce Miller,6.5,over,134,dabble,228442,Seattle Mariners,Los Angeles Angels,2026-09-26T01:39:29.430315+00:00,2026-09-26T21:23:20.034466+00:00,2026-09-26T17:23:20.034466-04:00,2026-09-26T17:23:20.034466-04:00,propline_free_sample
2026-09-25,2026-09-26 02:10:00+00:00,Reid Detmers,6.5,over,-120,dabble,228442,Seattle Mariners,Los Angeles Angels,2026-09-25T08:45:31.963540+00:00,2026-09-26T21:23:20.034466+00:00,2026-09-26T17:23:20.034466-04:00,2026-09-26T17:23:20.034466-04:00,propline_free_sample
2026-09-25,2026-09-26 02:10:00+00:00,Bryce Miller,6.5,under,-133,dabble,228442,Seattle Mariners,Los Angeles Angels,2026-09-26T01:39:29.430315+00:00,2026-09-26T21:23:20.034466+00:00,2026-09-26T17:23:20.034466-04:00,2026-09-26T17:23:20.034466-04:00,propline_free_sample
2026-09-25,2026-09-26 02:10:00+00:00,Reid Detmers,6.5,under,120,dabble,228442,Seattle Mariners,Los Angeles Angels,2026-09-25T08:45:31.963540+00:00,2026-09-26T21:23:20.034466+00:00,2026-09-26T17:23:20.034466-04:00,2026-09-26T17:23:20.034466-04:00,propline_free_sample
2026-09-25,2026-09-26 02:10:00+00:00,Reid Detmers,5.5,over,-199,novig,228442,Seattle Mariners,Los Angeles Angels,2026-09-26T01:56:03.287673+00:00,2026-09-26T21:23:20.034466+00:00,2026-09-26T17:23:20.034466-04:00,2026-09-26T17:23:20.034466-04:00,propline_free_sample
2026-09-25,2026-09-26 02:10:00+00:00,Reid Detmers,5.5,under,-99900,novig,228442,Seattle Mariners,Los Angeles Angels,2026-09-26T02:06:28.378143+00:00,2026-09-26T21:23:20.034466+00:00,2026-09-26T17:23:20.034466-04:00,2026-09-26T17:23:20.034466-04:00,propline_free_sample
2026-09-25,2026-09-26 02:10:00+00:00,Bryce Miller,7.5,over,-132,underdog,228442,Seattle Mariners,Los Angeles Angels,2026-09-25T23:18:31.124496+00:00,2026-09-26T21:23:20.034466+00:00,2026-09-26T17:23:20.034466-04:00,2026-09-26T17:23:20.034466-04:00,propline_free_sample
2026-09-25,2026-09-26 02:10:00+00:00,Reid Detmers,7.5,over,180,underdog,228442,Seattle Mariners,Los Angeles Angels,2026-09-26T01:58:59.205802+00:00,2026-09-26T21:23:20.034466+00:00,2026-09-26T17:23:20.034466-04:00,2026-09-26T17:23:20.034466-04:00,propline_free_sample
2026-09-25,2026-09-26 02:10:00+00:00,Bryce Miller,7.5,under,-113,underdog,228442,Seattle Mariners,Los Angeles Angels,2026-09-25T23:18:31.124496+00:00,2026-09-26T21:23:20.034466+00:00,2026-09-26T17:23:20.034466-04:00,2026-09-26T17:23:20.034466-04:00,propline_free_sample
2026-09-25,2026-09-26 02:10:00+00:00,Reid Detmers,7.5,under,-278,underdog,228442,Seattle Mariners,Los Angeles Angels,2026-09-26T01:58:59.205802+00:00,2026-09-26T21:23:20.034466+00:00,2026-09-26T17:23:20.034466-04:00,2026-09-26T17:23:20.034466-04:00,propline_free_sample
2026-09-25,2026-09-26 02:10:00+00:00,Reid Detmers,7.5,over,156,novig,228442,Seattle Mariners,Los Angeles Angels,2026-09-26T02:06:28.378143+00:00,2026-09-26T21:23:20.034466+00:00,2026-09-26T17:23:20.034466-04:00,2026-09-26T17:23:20.034466-04:00,propline_free_sample
2026-09-25,2026-09-26 02:10:00+00:00,Reid Detmers,7.5,under,-669,novig,228442,Seattle Mariners,Los Angeles Angels,2026-09-26T02:04:53.573164+00:00,2026-09-26T21:23:20.034466+00:00,2026-09-26T17:23:20.034466-04:00,2026-09-26T17:23:20.034466-04:00,propline_free_sample
2026-09-25,2026-09-26 02:10:00+00:00,Bryce Miller,5.5,over,-270,novig,228442,Seattle Mariners,Los Angeles Angels,2026-09-26T02:04:53.573164+00:00,2026-09-26T21:23:20.034466+00:00,2026-09-26T17:23:20.034466-04:00,2026-09-26T17:23:20.034466-04:00,propline_free_sample
2026-09-25,2026-09-26 02:10:00+00:00,Bryce Miller,5.5,under,-99900,novig,228442,Seattle Mariners,Los Angeles Angels,2026-09-26T02:04:53.573164+00:00,2026-09-26T21:23:20.034466+00:00,2026-09-26T17:23:20.034466-04:00,2026-09-26T17:23:20.034466-04:00,propline_free_sample
2026-09-25,2026-09-26 02:10:00+00:00,Bryce Miller,7.5,over,156,novig,228442,Seattle Mariners,Los Angeles Angels,2026-09-26T02:04:53.573164+00:00,2026-09-26T21:23:20.034466+00:00,2026-09-26T17:23:20.034466-04:00,2026-09-26T17:23:20.034466-04:00,propline_free_sample
2026-09-25,2026-09-26 02:10:00+00:00,Bryce Miller,7.5,under,-99900,novig,228442,Seattle Mariners,Los Angeles Angels,2026-09-26T02:04:53.573164+00:00,2026-09-26T21:23:20.034466+00:00,2026-09-26T17:23:20.034466-04:00,2026-09-26T17:23:20.034466-04:00,propline_free_sample
2026-09-25,2026-09-26 02:10:00+00:00,Bryce Miller,6.5,over,112,smarkets,228442,Seattle Mariners,Los Angeles Angels,2026-09-26T01:41:52.973421+00:00,2026-09-26T21:23:20.034466+00:00,2026-09-26T17:23:20.034466-04:00,2026-09-26T17:23:20.034466-04:00,propline_free_sample
2026-09-25,2026-09-26 02:10:00+00:00,Bryce Miller,6.5,under,-159,smarkets,228442,Seattle Mariners,Los Angeles Angels,2026-09-26T01:41:52.973421+00:00,2026-09-26T21:23:20.034466+00:00,2026-09-26T17:23:20.034466-04:00,2026-09-26T17:23:20.034466-04:00,propline_free_sample
2026-09-25,2026-09-26 02:10:00+00:00,Reid Detmers,6.5,over,-127,smarkets,228442,Seattle Mariners,Los Angeles Angels,2026-09-26T01:17:05.735815+00:00,2026-09-26T21:23:20.034466+00:00,2026-09-26T17:23:20.034466-04:00,2026-09-26T17:23:20.034466-04:00,propline_free_sample
2026-09-25,2026-09-26 02:10:00+00:00,Reid Detmers,6.5,under,-110,smarkets,228442,Seattle Mariners,Los Angeles Angels,2026-09-26T01:17:05.735815+00:00,2026-09-26T21:23:20.034466+00:00,2026-09-26T17:23:20.034466-04:00,2026-09-26T17:23:20.034466-04:00,propline_free_sample
2026-09-25,2026-09-26 02:10:00+00:00,Bryce Miller,9.5,over,100,prizepicks,228442,Seattle Mariners,Los Angeles Angels,2026-09-25T05:22:46.502932+00:00,2026-09-26T21:23:20.034466+00:00,2026-09-26T17:23:20.034466-04:00,2026-09-26T17:23:20.034466-04:00,propline_free_sample
2026-09-25,2026-09-26 02:10:00+00:00,Bryce Miller,5.5,over,-1329,polymarket_us,228442,Seattle Mariners,Los Angeles Angels,2026-09-26T01:44:45.809030+00:00,2026-09-26T21:23:20.034466+00:00,2026-09-26T17:23:20.034466-04:00,2026-09-26T17:23:20.034466-04:00,propline_free_sample
2026-09-25,2026-09-26 02:10:00+00:00,Bryce Miller,5.5,under,9900,polymarket_us,228442,Seattle Mariners,Los Angeles Angels,2026-09-26T01:44:45.809030+00:00,2026-09-26T21:23:20.034466+00:00,2026-09-26T17:23:20.034466-04:00,2026-09-26T17:23:20.034466-04:00,propline_free_sample
2026-09-25,2026-09-26 02:10:00+00:00,Bryce Miller,6.5,over,-317,polymarket_us,228442,Seattle Mariners,Los Angeles Angels,2026-09-26T00:32:10.384121+00:00,2026-09-26T21:23:20.034466+00:00,2026-09-26T17:23:20.034466-04:00,2026-09-26T17:23:20.034466-04:00,propline_free_sample
2026-09-25,2026-09-26 02:10:00+00:00,Bryce Miller,6.5,under,9900,polymarket_us,228442,Seattle Mariners,Los Angeles Angels,2026-09-25T23:16:55.203758+00:00,2026-09-26T21:23:20.034466+00:00,2026-09-26T17:23:20.034466-04:00,2026-09-26T17:23:20.034466-04:00,propline_free_sample
2026-09-25,2026-09-26 02:10:00+00:00,Reid Detmers,5.5,over,-733,polymarket_us,228442,Seattle Mariners,Los Angeles Angels,2026-09-26T01:06:41.160839+00:00,2026-09-26T21:23:20.034466+00:00,2026-09-26T17:23:20.034466-04:00,2026-09-26T17:23:20.034466-04:00,propline_free_sample
2026-09-25,2026-09-26 02:10:00+00:00,Reid Detmers,5.5,under,9900,polymarket_us,228442,Seattle Mariners,Los Angeles Angels,2026-09-26T02:03:11.184885+00:00,2026-09-26T21:23:20.034466+00:00,2026-09-26T17:23:20.034466-04:00,2026-09-26T17:23:20.034466-04:00,propline_free_sample
2026-09-25,2026-09-26 02:10:00+00:00,Reid Detmers,6.5,over,-285,polymarket_us,228442,Seattle Mariners,Los Angeles Angels,2026-09-26T01:56:10.919948+00:00,2026-09-26T21:23:20.034466+00:00,2026-09-26T17:23:20.034466-04:00,2026-09-26T17:23:20.034466-04:00,propline_free_sample
2026-09-25,2026-09-26 02:10:00+00:00,Reid Detmers,6.5,under,9900,polymarket_us,228442,Seattle Mariners,Los Angeles Angels,2026-09-26T01:56:10.919948+00:00,2026-09-26T21:23:20.034466+00:00,2026-09-26T17:23:20.034466-04:00,2026-09-26T17:23:20.034466-04:00,propline_free_sample
2026-09-25,2026-09-26 02:10:00+00:00,Bryce Miller,7.5,over,9900,polymarket_us,228442,Seattle Mariners,Los Angeles Angels,2026-09-26T01:35:00.464473+00:00,2026-09-26T21:23:20.034466+00:00,2026-09-26T17:23:20.034466-04:00,2026-09-26T17:23:20.034466-04:00,propline_free_sample
2026-09-25,2026-09-26 02:10:00+00:00,Reid Detmers,7.5,over,9900,polymarket_us,228442,Seattle Mariners,Los Angeles Angels,2026-09-26T02:03:11.184885+00:00,2026-09-26T21:23:20.034466+00:00,2026-09-26T17:23:20.034466-04:00,2026-09-26T17:23:20.034466-04:00,propline_free_sample
2026-09-25,2026-09-26 02:10:00+00:00,Bryce Miller,6.5,over,101,parlayplay,228442,Seattle Mariners,Los Angeles Angels,2026-09-25T23:17:43.525826+00:00,2026-09-26T21:23:20.034466+00:00,2026-09-26T17:23:20.034466-04:00,2026-09-26T17:23:20.034466-04:00,propline_free_sample
2026-09-25,2026-09-26 02:10:00+00:00,Reid Detmers,6.5,over,-141,parlayplay,228442,Seattle Mariners,Los Angeles Angels,2026-09-26T01:56:42.637589+00:00,2026-09-26T21:23:20.034466+00:00,2026-09-26T17:23:20.034466-04:00,2026-09-26T17:23:20.034466-04:00,propline_free_sample
2026-09-25,2026-09-26 02:10:00+00:00,Bryce Miller,6.5,under,-175,parlayplay,228442,Seattle Mariners,Los Angeles Angels,2026-09-25T23:17:43.525826+00:00,2026-09-26T21:23:20.034466+00:00,2026-09-26T17:23:20.034466-04:00,2026-09-26T17:23:20.034466-04:00,propline_free_sample
2026-09-25,2026-09-26 02:10:00+00:00,Reid Detmers,6.5,under,-114,parlayplay,228442,Seattle Mariners,Los Angeles Angels,2026-09-26T00:56:20.571109+00:00,2026-09-26T21:23:20.034466+00:00,2026-09-26T17:23:20.034466-04:00,2026-09-26T17:23:20.034466-04:00,propline_free_sample
2026-09-25,2026-09-26 02:10:00+00:00,Bryce Miller,6.5,over,123,draftkings,228442,Seattle Mariners,Los Angeles Angels,2026-09-25T23:15:34.958456+00:00,2026-09-26T21:23:20.034466+00:00,2026-09-26T17:23:20.034466-04:00,2026-09-26T17:23:20.034466-04:00,propline_free_sample
2026-09-25,2026-09-26 02:10:00+00:00,Bryce Miller,6.5,under,-158,draftkings,228442,Seattle Mariners,Los Angeles Angels,2026-09-25T23:15:34.958456+00:00,2026-09-26T21:23:20.034466+00:00,2026-09-26T17:23:20.034466-04:00,2026-09-26T17:23:20.034466-04:00,propline_free_sample
2026-09-25,2026-09-26 02:10:00+00:00,Reid Detmers,6.5,over,102,draftkings,228442,Seattle Mariners,Los Angeles Angels,2026-09-26T00:54:23.430778+00:00,2026-09-26T21:23:20.034466+00:00,2026-09-26T17:23:20.034466-04:00,2026-09-26T17:23:20.034466-04:00,propline_free_sample
2026-09-25,2026-09-26 02:10:00+00:00,Reid Detmers,6.5,under,-130,draftkings,228442,Seattle Mariners,Los Angeles Angels,2026-09-26T00:54:23.430778+00:00,2026-09-26T21:23:20.034466+00:00,2026-09-26T17:23:20.034466-04:00,2026-09-26T17:23:20.034466-04:00,propline_free_sample
2026-09-25,2026-09-26 02:10:00+00:00,Bryce Miller,6.5,over,-165,courtside,228442,Seattle Mariners,Los Angeles Angels,2026-09-25T23:17:41.877116+00:00,2026-09-26T21:23:20.034466+00:00,2026-09-26T17:23:20.034466-04:00,2026-09-26T17:23:20.034466-04:00,propline_free_sample
2026-09-25,2026-09-26 02:10:00+00:00,Bryce Miller,6.5,under,125,courtside,228442,Seattle Mariners,Los Angeles Angels,2026-09-25T23:17:41.877116+00:00,2026-09-26T21:23:20.034466+00:00,2026-09-26T17:23:20.034466-04:00,2026-09-26T17:23:20.034466-04:00,propline_free_sample
2026-09-25,2026-09-26 02:10:00+00:00,Reid Detmers,6.5,over,-500,courtside,228442,Seattle Mariners,Los Angeles Angels,2026-09-26T01:56:46.102947+00:00,2026-09-26T21:23:20.034466+00:00,2026-09-26T17:23:20.034466-04:00,2026-09-26T17:23:20.034466-04:00,propline_free_sample
2026-09-25,2026-09-26 02:10:00+00:00,Reid Detmers,6.5,under,-105,courtside,228442,Seattle Mariners,Los Angeles Angels,2026-09-26T00:56:29.035135+00:00,2026-09-26T21:23:20.034466+00:00,2026-09-26T17:23:20.034466-04:00,2026-09-26T17:23:20.034466-04:00,propline_free_sample
2026-09-25,2026-09-26 02:10:00+00:00,Bryce Miller,6.5,over,115,onexbet,228442,Seattle Mariners,Los Angeles Angels,2026-09-26T01:37:23.097126+00:00,2026-09-26T21:23:20.034466+00:00,2026-09-26T17:23:20.034466-04:00,2026-09-26T17:23:20.034466-04:00,propline_free_sample
2026-09-25,2026-09-26 02:10:00+00:00,Reid Detmers,6.5,over,-120,onexbet,228442,Seattle Mariners,Los Angeles Angels,2026-09-26T01:37:23.097126+00:00,2026-09-26T21:23:20.034466+00:00,2026-09-26T17:23:20.034466-04:00,2026-09-26T17:23:20.034466-04:00,propline_free_sample
2026-09-25,2026-09-26 02:10:00+00:00,Bryce Miller,6.5,under,-155,onexbet,228442,Seattle Mariners,Los Angeles Angels,2026-09-26T01:37:23.097126+00:00,2026-09-26T21:23:20.034466+00:00,2026-09-26T17:23:20.034466-04:00,2026-09-26T17:23:20.034466-04:00,propline_free_sample
2026-09-25,2026-09-26 02:10:00+00:00,Reid Detmers,6.5,under,-110,onexbet,228442,Seattle Mariners,Los Angeles Angels,2026-09-26T01:37:23.097126+00:00,2026-09-26T21:23:20.034466+00:00,2026-09-26T17:23:20.034466-04:00,2026-09-26T17:23:20.034466-04:00,propline_free_sample
2026-09-25,2026-09-26 02:10:00+00:00,Reid Detmers,4.5,over,-2400,polymarket_us,228442,Seattle Mariners,Los Angeles Angels,2026-09-26T02:01:35.684590+00:00,2026-09-26T21:23:20.034466+00:00,2026-09-26T17:23:20.034466-04:00,2026-09-26T17:23:20.034466-04:00,propline_free_sample
2026-09-25,2026-09-26 02:10:00+00:00,Reid Detmers,4.5,under,9900,polymarket_us,228442,Seattle Mariners,Los Angeles Angels,2026-09-26T02:06:37.862533+00:00,2026-09-26T21:23:20.034466+00:00,2026-09-26T17:23:20.034466-04:00,2026-09-26T17:23:20.034466-04:00,propline_free_sample
2026-09-25,2026-09-26 02:10:00+00:00,Bryce Miller,4.5,over,-900,polymarket_us,228442,Seattle Mariners,Los Angeles Angels,2026-09-26T01:52:02.826788+00:00,2026-09-26T21:23:20.034466+00:00,2026-09-26T17:23:20.034466-04:00,2026-09-26T17:23:20.034466-04:00,propline_free_sample
2026-09-25,2026-09-26 02:10:00+00:00,Bryce Miller,4.5,under,9900,polymarket_us,228442,Seattle Mariners,Los Angeles Angels,2026-09-26T01:56:10.919948+00:00,2026-09-26T21:23:20.034466+00:00,2026-09-26T17:23:20.034466-04:00,2026-09-26T17:23:20.034466-04:00,propline_free_sample
2026-09-25,2026-09-26 02:10:00+00:00,Bryce Miller,10.5,over,9900,kalshi,228442,Seattle Mariners,Los Angeles Angels,2026-09-25T09:10:45.349709+00:00,2026-09-26T21:23:20.034466+00:00,2026-09-26T17:23:20.034466-04:00,2026-09-26T17:23:20.034466-04:00,propline_free_sample
2026-09-25,2026-09-26 02:10:00+00:00,Reid Detmers,10.5,over,9900,kalshi,228442,Seattle Mariners,Los Angeles Angels,2026-09-26T01:44:18.395251+00:00,2026-09-26T21:23:20.034466+00:00,2026-09-26T17:23:20.034466-04:00,2026-09-26T17:23:20.034466-04:00,propline_free_sample
2026-09-25,2026-09-26 02:10:00+00:00,Bryce Miller,3.5,over,-3233,kalshi,228442,Seattle Mariners,Los Angeles Angels,2026-09-25T14:43:36.875913+00:00,2026-09-26T21:23:20.034466+00:00,2026-09-26T17:23:20.034466-04:00,2026-09-26T17:23:20.034466-04:00,propline_free_sample
2026-09-25,2026-09-26 02:10:00+00:00,Reid Detmers,3.5,over,-3233,kalshi,228442,Seattle Mariners,Los Angeles Angels,2026-09-26T00:11:23.959596+00:00,2026-09-26T21:23:20.034466+00:00,2026-09-26T17:23:20.034466-04:00,2026-09-26T17:23:20.034466-04:00,propline_free_sample
2026-09-25,2026-09-26 02:10:00+00:00,Bryce Miller,4.5,over,-3233,kalshi,228442,Seattle Mariners,Los Angeles Angels,2026-09-26T01:42:01.538504+00:00,2026-09-26T21:23:20.034466+00:00,2026-09-26T17:23:20.034466-04:00,2026-09-26T17:23:20.034466-04:00,propline_free_sample
2026-09-25,2026-09-26 02:10:00+00:00,Reid Detmers,4.5,over,-3233,kalshi,228442,Seattle Mariners,Los Angeles Angels,2026-09-26T01:59:38.570429+00:00,2026-09-26T21:23:20.034466+00:00,2026-09-26T17:23:20.034466-04:00,2026-09-26T17:23:20.034466-04:00,propline_free_sample
2026-09-25,2026-09-26 02:10:00+00:00,Bryce Miller,5.5,over,-3233,kalshi,228442,Seattle Mariners,Los Angeles Angels,2026-09-26T02:09:58.593727+00:00,2026-09-26T21:23:20.034466+00:00,2026-09-26T17:23:20.034466-04:00,2026-09-26T17:23:20.034466-04:00,propline_free_sample
2026-09-25,2026-09-26 02:10:00+00:00,Reid Detmers,5.5,over,-1150,kalshi,228442,Seattle Mariners,Los Angeles Angels,2026-09-26T01:06:34.166406+00:00,2026-09-26T21:23:20.034466+00:00,2026-09-26T17:23:20.034466-04:00,2026-09-26T17:23:20.034466-04:00,propline_free_sample
2026-09-25,2026-09-26 02:10:00+00:00,Bryce Miller,6.5,over,-223,kalshi,228442,Seattle Mariners,Los Angeles Angels,2026-09-26T00:26:11.605304+00:00,2026-09-26T21:23:20.034466+00:00,2026-09-26T17:23:20.034466-04:00,2026-09-26T17:23:20.034466-04:00,propline_free_sample
2026-09-25,2026-09-26 02:10:00+00:00,Reid Detmers,6.5,over,-257,kalshi,228442,Seattle Mariners,Los Angeles Angels,2026-09-26T02:07:53.553485+00:00,2026-09-26T21:23:20.034466+00:00,2026-09-26T17:23:20.034466-04:00,2026-09-26T17:23:20.034466-04:00,propline_free_sample
2026-09-25,2026-09-26 02:10:00+00:00,Reid Detmers,6.5,under,9900,kalshi,228442,Seattle Mariners,Los Angeles Angels,2026-09-26T02:09:58.593727+00:00,2026-09-26T21:23:20.034466+00:00,2026-09-26T17:23:20.034466-04:00,2026-09-26T17:23:20.034466-04:00,propline_free_sample
2026-09-25,2026-09-26 02:10:00+00:00,Bryce Miller,7.5,over,9900,kalshi,228442,Seattle Mariners,Los Angeles Angels,2026-09-26T00:40:11.678013+00:00,2026-09-26T21:23:20.034466+00:00,2026-09-26T17:23:20.034466-04:00,2026-09-26T17:23:20.034466-04:00,propline_free_sample
2026-09-25,2026-09-26 02:10:00+00:00,Reid Detmers,7.5,over,9900,kalshi,228442,Seattle Mariners,Los Angeles Angels,2026-09-26T00:20:02.361564+00:00,2026-09-26T21:23:20.034466+00:00,2026-09-26T17:23:20.034466-04:00,2026-09-26T17:23:20.034466-04:00,propline_free_sample
2026-09-25,2026-09-26 02:10:00+00:00,Bryce Miller,8.5,over,9900,kalshi,228442,Seattle Mariners,Los Angeles Angels,2026-09-25T21:23:34.322766+00:00,2026-09-26T21:23:20.034466+00:00,2026-09-26T17:23:20.034466-04:00,2026-09-26T17:23:20.034466-04:00,propline_free_sample
2026-09-25,2026-09-26 02:10:00+00:00,Reid Detmers,8.5,over,9900,kalshi,228442,Seattle Mariners,Los Angeles Angels,2026-09-25T22:28:36.233053+00:00,2026-09-26T21:23:20.034466+00:00,2026-09-26T17:23:20.034466-04:00,2026-09-26T17:23:20.034466-04:00,propline_free_sample
2026-09-25,2026-09-26 02:10:00+00:00,Bryce Miller,9.5,over,9900,kalshi,228442,Seattle Mariners,Los Angeles Angels,2026-09-26T01:44:18.395251+00:00,2026-09-26T21:23:20.034466+00:00,2026-09-26T17:23:20.034466-04:00,2026-09-26T17:23:20.034466-04:00,propline_free_sample
2026-09-25,2026-09-26 02:10:00+00:00,Reid Detmers,9.5,over,9900,kalshi,228442,Seattle Mariners,Los Angeles Angels,2026-09-26T00:03:57.106444+00:00,2026-09-26T21:23:20.034466+00:00,2026-09-26T17:23:20.034466-04:00,2026-09-26T17:23:20.034466-04:00,propline_free_sample
2026-09-25,2026-09-26 02:10:00+00:00,Bryce Miller,6.5,under,9900,kalshi,228442,Seattle Mariners,Los Angeles Angels,2026-09-25T23:16:35.410699+00:00,2026-09-26T21:23:20.034466+00:00,2026-09-26T17:23:20.034466-04:00,2026-09-26T17:23:20.034466-04:00,propline_free_sample
2026-09-25,2026-09-26 02:10:00+00:00,Bryce Miller,3.5,under,9900,kalshi,228442,Seattle Mariners,Los Angeles Angels,2026-09-26T02:05:22.135881+00:00,2026-09-26T21:23:20.034466+00:00,2026-09-26T17:23:20.034466-04:00,2026-09-26T17:23:20.034466-04:00,propline_free_sample
2026-09-25,2026-09-26 02:10:00+00:00,Reid Detmers,3.5,under,9900,kalshi,228442,Seattle Mariners,Los Angeles Angels,2026-09-26T02:09:58.593727+00:00,2026-09-26T21:23:20.034466+00:00,2026-09-26T17:23:20.034466-04:00,2026-09-26T17:23:20.034466-04:00,propline_free_sample
2026-09-25,2026-09-26 02:10:00+00:00,Bryce Miller,4.5,under,9900,kalshi,228442,Seattle Mariners,Los Angeles Angels,2026-09-26T02:05:08.732725+00:00,2026-09-26T21:23:20.034466+00:00,2026-09-26T17:23:20.034466-04:00,2026-09-26T17:23:20.034466-04:00,propline_free_sample
2026-09-25,2026-09-26 02:10:00+00:00,Reid Detmers,4.5,under,9900,kalshi,228442,Seattle Mariners,Los Angeles Angels,2026-09-26T02:09:58.593727+00:00,2026-09-26T21:23:20.034466+00:00,2026-09-26T17:23:20.034466-04:00,2026-09-26T17:23:20.034466-04:00,propline_free_sample
2026-09-25,2026-09-26 02:10:00+00:00,Bryce Miller,5.5,under,9900,kalshi,228442,Seattle Mariners,Los Angeles Angels,2026-09-26T02:05:08.732725+00:00,2026-09-26T21:23:20.034466+00:00,2026-09-26T17:23:20.034466-04:00,2026-09-26T17:23:20.034466-04:00,propline_free_sample
2026-09-25,2026-09-26 02:10:00+00:00,Reid Detmers,5.5,under,9900,kalshi,228442,Seattle Mariners,Los Angeles Angels,2026-09-26T02:09:58.593727+00:00,2026-09-26T21:23:20.034466+00:00,2026-09-26T17:23:20.034466-04:00,2026-09-26T17:23:20.034466-04:00,propline_free_sample
2026-09-25,2026-09-26 02:10:00+00:00,Bryce Miller,7.5,under,-3233,kalshi,228442,Seattle Mariners,Los Angeles Angels,2026-09-26T02:09:58.593727+00:00,2026-09-26T21:23:20.034466+00:00,2026-09-26T17:23:20.034466-04:00,2026-09-26T17:23:20.034466-04:00,propline_free_sample
2026-09-25,2026-09-26 02:10:00+00:00,Reid Detmers,7.5,under,-2400,kalshi,228442,Seattle Mariners,Los Angeles Angels,2026-09-26T02:09:58.593727+00:00,2026-09-26T21:23:20.034466+00:00,2026-09-26T17:23:20.034466-04:00,2026-09-26T17:23:20.034466-04:00,propline_free_sample
2026-09-25,2026-09-26 02:10:00+00:00,Bryce Miller,8.5,under,-9900,kalshi,228442,Seattle Mariners,Los Angeles Angels,2026-09-26T02:09:58.593727+00:00,2026-09-26T21:23:20.034466+00:00,2026-09-26T17:23:20.034466-04:00,2026-09-26T17:23:20.034466-04:00,propline_free_sample
2026-09-25,2026-09-26 02:10:00+00:00,Reid Detmers,8.5,under,-3233,kalshi,228442,Seattle Mariners,Los Angeles Angels,2026-09-26T02:09:58.593727+00:00,2026-09-26T21:23:20.034466+00:00,2026-09-26T17:23:20.034466-04:00,2026-09-26T17:23:20.034466-04:00,propline_free_sample
2026-09-25,2026-09-26 02:10:00+00:00,Reid Detmers,9.5,under,-9900,kalshi,228442,Seattle Mariners,Los Angeles Angels,2026-09-26T02:05:08.732725+00:00,2026-09-26T21:23:20.034466+00:00,2026-09-26T17:23:20.034466-04:00,2026-09-26T17:23:20.034466-04:00,propline_free_sample
2026-09-25,2026-09-26 02:10:00+00:00,Bryce Miller,6.5,over,-105,betmgm,228442,Seattle Mariners,Los Angeles Angels,2026-09-25T16:42:57.930598+00:00,2026-09-26T21:23:20.034466+00:00,2026-09-26T17:23:20.034466-04:00,2026-09-26T17:23:20.034466-04:00,propline_free_sample
2026-09-25,2026-09-26 02:10:00+00:00,Bryce Miller,6.5,under,-130,betmgm,228442,Seattle Mariners,Los Angeles Angels,2026-09-25T16:42:57.930598+00:00,2026-09-26T21:23:20.034466+00:00,2026-09-26T17:23:20.034466-04:00,2026-09-26T17:23:20.034466-04:00,propline_free_sample
2026-09-25,2026-09-26 02:10:00+00:00,Reid Detmers,5.5,over,120,betmgm,228442,Seattle Mariners,Los Angeles Angels,2026-09-25T09:34:10.752526+00:00,2026-09-26T21:23:20.034466+00:00,2026-09-26T17:23:20.034466-04:00,2026-09-26T17:23:20.034466-04:00,propline_free_sample
2026-09-25,2026-09-26 02:10:00+00:00,Reid Detmers,5.5,under,-160,betmgm,228442,Seattle Mariners,Los Angeles Angels,2026-09-25T09:34:10.752526+00:00,2026-09-26T21:23:20.034466+00:00,2026-09-26T17:23:20.034466-04:00,2026-09-26T17:23:20.034466-04:00,propline_free_sample
2026-09-25,2026-09-26 02:10:00+00:00,Bryce Miller,6.5,over,104,rebet,228442,Seattle Mariners,Los Angeles Angels,2026-09-25T23:19:48.135822+00:00,2026-09-26T21:23:20.034466+00:00,2026-09-26T17:23:20.034466-04:00,2026-09-26T17:23:20.034466-04:00,propline_free_sample
2026-09-25,2026-09-26 02:10:00+00:00,Reid Detmers,6.5,over,-113,rebet,228442,Seattle Mariners,Los Angeles Angels,2026-09-26T00:58:01.914112+00:00,2026-09-26T21:23:20.034466+00:00,2026-09-26T17:23:20.034466-04:00,2026-09-26T17:23:20.034466-04:00,propline_free_sample
2026-09-25,2026-09-26 02:10:00+00:00,Bryce Miller,6.5,under,-144,rebet,228442,Seattle Mariners,Los Angeles Angels,2026-09-25T23:19:48.135822+00:00,2026-09-26T21:23:20.034466+00:00,2026-09-26T17:23:20.034466-04:00,2026-09-26T17:23:20.034466-04:00,propline_free_sample
2026-09-25,2026-09-26 02:10:00+00:00,Reid Detmers,6.5,under,-123,rebet,228442,Seattle Mariners,Los Angeles Angels,2026-09-26T00:58:01.914112+00:00,2026-09-26T21:23:20.034466+00:00,2026-09-26T17:23:20.034466-04:00,2026-09-26T17:23:20.034466-04:00,propline_free_sample
2026-09-25,2026-09-26 02:10:00+00:00,Bryce Miller,6.0,over,100,prizepicks,228442,Seattle Mariners,Los Angeles Angels,2026-09-25T11:22:01.781832+00:00,2026-09-26T21:23:20.034466+00:00,2026-09-26T17:23:20.034466-04:00,2026-09-26T17:23:20.034466-04:00,propline_free_sample
2026-09-25,2026-09-26 02:10:00+00:00,Bryce Miller,6.0,under,100,prizepicks,228442,Seattle Mariners,Los Angeles Angels,2026-09-25T11:22:01.781832+00:00,2026-09-26T21:23:20.034466+00:00,2026-09-26T17:23:20.034466-04:00,2026-09-26T17:23:20.034466-04:00,propline_free_sample
2026-09-25,2026-09-26 02:10:00+00:00,Bryce Miller,9.5,under,-9900,kalshi,228442,Seattle Mariners,Los Angeles Angels,2026-09-26T02:05:08.732725+00:00,2026-09-26T21:23:20.034466+00:00,2026-09-26T17:23:20.034466-04:00,2026-09-26T17:23:20.034466-04:00,propline_free_sample
2026-09-25,2026-09-26 02:10:00+00:00,Reid Detmers,6.5,over,100,prizepicks,228442,Seattle Mariners,Los Angeles Angels,2026-09-25T11:59:25.517322+00:00,2026-09-26T21:23:20.034466+00:00,2026-09-26T17:23:20.034466-04:00,2026-09-26T17:23:20.034466-04:00,propline_free_sample
2026-09-25,2026-09-26 02:10:00+00:00,Reid Detmers,6.5,under,100,prizepicks,228442,Seattle Mariners,Los Angeles Angels,2026-09-25T11:59:25.517322+00:00,2026-09-26T21:23:20.034466+00:00,2026-09-26T17:23:20.034466-04:00,2026-09-26T17:23:20.034466-04:00,propline_free_sample
2026-09-25,2026-09-26 02:10:00+00:00,Bryce Miller,7.5,under,138,polymarket_us,228442,Seattle Mariners,Los Angeles Angels,2026-09-26T01:35:00.464473+00:00,2026-09-26T21:23:20.034466+00:00,2026-09-26T17:23:20.034466-04:00,2026-09-26T17:23:20.034466-04:00,propline_free_sample
2026-09-25,2026-09-26 02:10:00+00:00,Reid Detmers,7.5,under,-117,polymarket_us,228442,Seattle Mariners,Los Angeles Angels,2026-09-26T02:08:20.138690+00:00,2026-09-26T21:23:20.034466+00:00,2026-09-26T17:23:20.034466-04:00,2026-09-26T17:23:20.034466-04:00,propline_free_sample
