date,commence_time_utc,pitcher_name,line,side,price,sportsbook,event_id,home_team,away_team,vendor_snapshot_time,collected_at_utc,collected_at_et,snapshot_time_et,source
2026-09-04,2026-09-05 02:10:00+00:00,Blake Snell,7.5,over,-179,underdog,192908,Los Angeles Dodgers,Washington Nationals,2026-09-05T00:10:55.682488+00:00,2026-09-05T19:16:02.703215+00:00,2026-09-05T15:16:02.703215-04:00,2026-09-05T15:16:02.703215-04:00,propline_free_sample
2026-09-04,2026-09-05 02:10:00+00:00,Jackson Kent,3.5,over,-108,underdog,192908,Los Angeles Dodgers,Washington Nationals,2026-09-04T16:01:16.535560+00:00,2026-09-05T19:16:02.703215+00:00,2026-09-05T15:16:02.703215-04:00,2026-09-05T15:16:02.703215-04:00,propline_free_sample
2026-09-04,2026-09-05 02:10:00+00:00,Blake Snell,7.5,under,132,underdog,192908,Los Angeles Dodgers,Washington Nationals,2026-09-05T00:10:55.682488+00:00,2026-09-05T19:16:02.703215+00:00,2026-09-05T15:16:02.703215-04:00,2026-09-05T15:16:02.703215-04:00,propline_free_sample
2026-09-04,2026-09-05 02:10:00+00:00,Jackson Kent,3.5,under,-125,underdog,192908,Los Angeles Dodgers,Washington Nationals,2026-09-04T16:01:16.535560+00:00,2026-09-05T19:16:02.703215+00:00,2026-09-05T15:16:02.703215-04:00,2026-09-05T15:16:02.703215-04:00,propline_free_sample
2026-09-04,2026-09-05 02:10:00+00:00,Blake Snell,8.5,over,111,dabble,192908,Los Angeles Dodgers,Washington Nationals,2026-09-05T01:12:58.925202+00:00,2026-09-05T19:16:02.703215+00:00,2026-09-05T15:16:02.703215-04:00,2026-09-05T15:16:02.703215-04:00,propline_free_sample
2026-09-04,2026-09-05 02:10:00+00:00,Jackson Kent,3.5,over,120,dabble,192908,Los Angeles Dodgers,Washington Nationals,2026-09-04T12:35:21.447919+00:00,2026-09-05T19:16:02.703215+00:00,2026-09-05T15:16:02.703215-04:00,2026-09-05T15:16:02.703215-04:00,propline_free_sample
2026-09-04,2026-09-05 02:10:00+00:00,Blake Snell,8.5,under,-110,dabble,192908,Los Angeles Dodgers,Washington Nationals,2026-09-05T01:12:58.925202+00:00,2026-09-05T19:16:02.703215+00:00,2026-09-05T15:16:02.703215-04:00,2026-09-05T15:16:02.703215-04:00,propline_free_sample
2026-09-04,2026-09-05 02:10:00+00:00,Jackson Kent,3.5,under,-120,dabble,192908,Los Angeles Dodgers,Washington Nationals,2026-09-04T12:35:21.447919+00:00,2026-09-05T19:16:02.703215+00:00,2026-09-05T15:16:02.703215-04:00,2026-09-05T15:16:02.703215-04:00,propline_free_sample
2026-09-04,2026-09-05 02:10:00+00:00,Blake Snell,7.5,over,-154,smarkets,192908,Los Angeles Dodgers,Washington Nationals,2026-09-04T20:33:41.278394+00:00,2026-09-05T19:16:02.703215+00:00,2026-09-05T15:16:02.703215-04:00,2026-09-05T15:16:02.703215-04:00,propline_free_sample
2026-09-04,2026-09-05 02:10:00+00:00,Blake Snell,7.5,under,104,smarkets,192908,Los Angeles Dodgers,Washington Nationals,2026-09-04T20:33:41.278394+00:00,2026-09-05T19:16:02.703215+00:00,2026-09-05T15:16:02.703215-04:00,2026-09-05T15:16:02.703215-04:00,propline_free_sample
2026-09-04,2026-09-05 02:10:00+00:00,Jackson Kent,3.5,over,106,smarkets,192908,Los Angeles Dodgers,Washington Nationals,2026-09-05T01:58:08.998690+00:00,2026-09-05T19:16:02.703215+00:00,2026-09-05T15:16:02.703215-04:00,2026-09-05T15:16:02.703215-04:00,propline_free_sample
2026-09-04,2026-09-05 02:10:00+00:00,Jackson Kent,3.5,under,-159,smarkets,192908,Los Angeles Dodgers,Washington Nationals,2026-09-05T01:58:08.998690+00:00,2026-09-05T19:16:02.703215+00:00,2026-09-05T15:16:02.703215-04:00,2026-09-05T15:16:02.703215-04:00,propline_free_sample
2026-09-04,2026-09-05 02:10:00+00:00,Blake Snell,8.0,over,100,prizepicks,192908,Los Angeles Dodgers,Washington Nationals,2026-09-04T14:33:42.249259+00:00,2026-09-05T19:16:02.703215+00:00,2026-09-05T15:16:02.703215-04:00,2026-09-05T15:16:02.703215-04:00,propline_free_sample
2026-09-04,2026-09-05 02:10:00+00:00,Blake Snell,8.0,under,100,prizepicks,192908,Los Angeles Dodgers,Washington Nationals,2026-09-04T14:33:42.249259+00:00,2026-09-05T19:16:02.703215+00:00,2026-09-05T15:16:02.703215-04:00,2026-09-05T15:16:02.703215-04:00,propline_free_sample
2026-09-04,2026-09-05 02:10:00+00:00,Jackson Kent,6.5,over,100,prizepicks,192908,Los Angeles Dodgers,Washington Nationals,2026-09-04T04:50:19.291048+00:00,2026-09-05T19:16:02.703215+00:00,2026-09-05T15:16:02.703215-04:00,2026-09-05T15:16:02.703215-04:00,propline_free_sample
2026-09-04,2026-09-05 02:10:00+00:00,Blake Snell,9.5,over,100,prizepicks,192908,Los Angeles Dodgers,Washington Nationals,2026-09-04T04:50:19.291048+00:00,2026-09-05T19:16:02.703215+00:00,2026-09-05T15:16:02.703215-04:00,2026-09-05T15:16:02.703215-04:00,propline_free_sample
2026-09-04,2026-09-05 02:10:00+00:00,Jackson Kent,3.5,over,100,prizepicks,192908,Los Angeles Dodgers,Washington Nationals,2026-09-04T04:50:19.291048+00:00,2026-09-05T19:16:02.703215+00:00,2026-09-05T15:16:02.703215-04:00,2026-09-05T15:16:02.703215-04:00,propline_free_sample
2026-09-04,2026-09-05 02:10:00+00:00,Jackson Kent,3.5,under,100,prizepicks,192908,Los Angeles Dodgers,Washington Nationals,2026-09-04T04:50:19.291048+00:00,2026-09-05T19:16:02.703215+00:00,2026-09-05T15:16:02.703215-04:00,2026-09-05T15:16:02.703215-04:00,propline_free_sample
2026-09-04,2026-09-05 02:10:00+00:00,Blake Snell,6.5,over,100,prizepicks,192908,Los Angeles Dodgers,Washington Nationals,2026-09-04T04:50:19.291048+00:00,2026-09-05T19:16:02.703215+00:00,2026-09-05T15:16:02.703215-04:00,2026-09-05T15:16:02.703215-04:00,propline_free_sample
2026-09-04,2026-09-05 02:10:00+00:00,Blake Snell,7.5,over,100,prizepicks,192908,Los Angeles Dodgers,Washington Nationals,2026-09-04T04:54:08.731951+00:00,2026-09-05T19:16:02.703215+00:00,2026-09-05T15:16:02.703215-04:00,2026-09-05T15:16:02.703215-04:00,propline_free_sample
2026-09-04,2026-09-05 02:10:00+00:00,Blake Snell,7.5,under,100,prizepicks,192908,Los Angeles Dodgers,Washington Nationals,2026-09-04T04:54:08.731951+00:00,2026-09-05T19:16:02.703215+00:00,2026-09-05T15:16:02.703215-04:00,2026-09-05T15:16:02.703215-04:00,propline_free_sample
2026-09-04,2026-09-05 02:10:00+00:00,Blake Snell,7.5,over,-194,prophetx,192908,Los Angeles Dodgers,Washington Nationals,2026-09-05T02:02:06.677748+00:00,2026-09-05T19:16:02.703215+00:00,2026-09-05T15:16:02.703215-04:00,2026-09-05T15:16:02.703215-04:00,propline_free_sample
2026-09-04,2026-09-05 02:10:00+00:00,Blake Snell,7.5,under,162,prophetx,192908,Los Angeles Dodgers,Washington Nationals,2026-09-05T01:36:28.043163+00:00,2026-09-05T19:16:02.703215+00:00,2026-09-05T15:16:02.703215-04:00,2026-09-05T15:16:02.703215-04:00,propline_free_sample
2026-09-04,2026-09-05 02:10:00+00:00,Jackson Kent,3.5,over,-103,prophetx,192908,Los Angeles Dodgers,Washington Nationals,2026-09-05T01:52:57.991584+00:00,2026-09-05T19:16:02.703215+00:00,2026-09-05T15:16:02.703215-04:00,2026-09-05T15:16:02.703215-04:00,propline_free_sample
2026-09-04,2026-09-05 02:10:00+00:00,Jackson Kent,3.5,under,-109,prophetx,192908,Los Angeles Dodgers,Washington Nationals,2026-09-05T00:14:12.426554+00:00,2026-09-05T19:16:02.703215+00:00,2026-09-05T15:16:02.703215-04:00,2026-09-05T15:16:02.703215-04:00,propline_free_sample
2026-09-04,2026-09-05 02:10:00+00:00,Blake Snell,10.5,over,100,prizepicks,192908,Los Angeles Dodgers,Washington Nationals,2026-09-04T05:32:32.931530+00:00,2026-09-05T19:16:02.703215+00:00,2026-09-05T15:16:02.703215-04:00,2026-09-05T15:16:02.703215-04:00,propline_free_sample
2026-09-04,2026-09-05 02:10:00+00:00,Jackson Kent,4.5,over,100,prizepicks,192908,Los Angeles Dodgers,Washington Nationals,2026-09-04T05:32:32.931530+00:00,2026-09-05T19:16:02.703215+00:00,2026-09-05T15:16:02.703215-04:00,2026-09-05T15:16:02.703215-04:00,propline_free_sample
2026-09-04,2026-09-05 02:10:00+00:00,Jackson Kent,5.5,over,100,prizepicks,192908,Los Angeles Dodgers,Washington Nationals,2026-09-04T05:32:32.931530+00:00,2026-09-05T19:16:02.703215+00:00,2026-09-05T15:16:02.703215-04:00,2026-09-05T15:16:02.703215-04:00,propline_free_sample
2026-09-04,2026-09-05 02:10:00+00:00,Jackson Kent,7.5,over,100,prizepicks,192908,Los Angeles Dodgers,Washington Nationals,2026-09-04T05:32:32.931530+00:00,2026-09-05T19:16:02.703215+00:00,2026-09-05T15:16:02.703215-04:00,2026-09-05T15:16:02.703215-04:00,propline_free_sample
2026-09-04,2026-09-05 02:10:00+00:00,Blake Snell,8.5,over,100,prizepicks,192908,Los Angeles Dodgers,Washington Nationals,2026-09-04T05:32:32.931530+00:00,2026-09-05T19:16:02.703215+00:00,2026-09-05T15:16:02.703215-04:00,2026-09-05T15:16:02.703215-04:00,propline_free_sample
2026-09-04,2026-09-05 02:10:00+00:00,Jackson Kent,2.5,over,100,prizepicks,192908,Los Angeles Dodgers,Washington Nationals,2026-09-04T05:32:32.931530+00:00,2026-09-05T19:16:02.703215+00:00,2026-09-05T15:16:02.703215-04:00,2026-09-05T15:16:02.703215-04:00,propline_free_sample
2026-09-04,2026-09-05 02:10:00+00:00,Kade Morris,2.5,over,-102,underdog,192909,Seattle Mariners,Athletics,2026-09-04T19:13:38.845953+00:00,2026-09-05T19:16:02.703215+00:00,2026-09-05T15:16:02.703215-04:00,2026-09-05T15:16:02.703215-04:00,propline_free_sample
2026-09-04,2026-09-05 02:10:00+00:00,Logan Gilbert,6.5,over,-143,underdog,192909,Seattle Mariners,Athletics,2026-09-05T01:12:54.818415+00:00,2026-09-05T19:16:02.703215+00:00,2026-09-05T15:16:02.703215-04:00,2026-09-05T15:16:02.703215-04:00,propline_free_sample
2026-09-04,2026-09-05 02:10:00+00:00,Kade Morris,2.5,under,-134,underdog,192909,Seattle Mariners,Athletics,2026-09-04T19:13:38.845953+00:00,2026-09-05T19:16:02.703215+00:00,2026-09-05T15:16:02.703215-04:00,2026-09-05T15:16:02.703215-04:00,propline_free_sample
2026-09-04,2026-09-05 02:10:00+00:00,Logan Gilbert,6.5,under,106,underdog,192909,Seattle Mariners,Athletics,2026-09-05T01:12:54.818415+00:00,2026-09-05T19:16:02.703215+00:00,2026-09-05T15:16:02.703215-04:00,2026-09-05T15:16:02.703215-04:00,propline_free_sample
2026-09-04,2026-09-05 02:10:00+00:00,Logan Gilbert,6.5,over,100,prizepicks,192909,Seattle Mariners,Athletics,2026-09-04T06:12:32.280403+00:00,2026-09-05T19:16:02.703215+00:00,2026-09-05T15:16:02.703215-04:00,2026-09-05T15:16:02.703215-04:00,propline_free_sample
2026-09-04,2026-09-05 02:10:00+00:00,Logan Gilbert,6.5,under,100,prizepicks,192909,Seattle Mariners,Athletics,2026-09-04T06:12:32.280403+00:00,2026-09-05T19:16:02.703215+00:00,2026-09-05T15:16:02.703215-04:00,2026-09-05T15:16:02.703215-04:00,propline_free_sample
2026-09-04,2026-09-05 02:10:00+00:00,Kade Morris,2.5,over,100,prizepicks,192909,Seattle Mariners,Athletics,2026-09-04T06:12:32.280403+00:00,2026-09-05T19:16:02.703215+00:00,2026-09-05T15:16:02.703215-04:00,2026-09-05T15:16:02.703215-04:00,propline_free_sample
2026-09-04,2026-09-05 02:10:00+00:00,Kade Morris,2.5,under,100,prizepicks,192909,Seattle Mariners,Athletics,2026-09-04T06:12:32.280403+00:00,2026-09-05T19:16:02.703215+00:00,2026-09-05T15:16:02.703215-04:00,2026-09-05T15:16:02.703215-04:00,propline_free_sample
2026-09-04,2026-09-05 02:10:00+00:00,Kade Morris,3.5,over,100,prizepicks,192909,Seattle Mariners,Athletics,2026-09-04T06:12:32.280403+00:00,2026-09-05T19:16:02.703215+00:00,2026-09-05T15:16:02.703215-04:00,2026-09-05T15:16:02.703215-04:00,propline_free_sample
2026-09-04,2026-09-05 02:10:00+00:00,Logan Gilbert,9.5,over,100,prizepicks,192909,Seattle Mariners,Athletics,2026-09-04T06:12:32.280403+00:00,2026-09-05T19:16:02.703215+00:00,2026-09-05T15:16:02.703215-04:00,2026-09-05T15:16:02.703215-04:00,propline_free_sample
2026-09-04,2026-09-05 02:10:00+00:00,Kade Morris,2.5,over,120,dabble,192909,Seattle Mariners,Athletics,2026-09-04T22:35:41.510825+00:00,2026-09-05T19:16:02.703215+00:00,2026-09-05T15:16:02.703215-04:00,2026-09-05T15:16:02.703215-04:00,propline_free_sample
2026-09-04,2026-09-05 02:10:00+00:00,Logan Gilbert,6.5,over,-101,dabble,192909,Seattle Mariners,Athletics,2026-09-04T23:48:28.127757+00:00,2026-09-05T19:16:02.703215+00:00,2026-09-05T15:16:02.703215-04:00,2026-09-05T15:16:02.703215-04:00,propline_free_sample
2026-09-04,2026-09-05 02:10:00+00:00,Kade Morris,2.5,under,-119,dabble,192909,Seattle Mariners,Athletics,2026-09-04T22:35:41.510825+00:00,2026-09-05T19:16:02.703215+00:00,2026-09-05T15:16:02.703215-04:00,2026-09-05T15:16:02.703215-04:00,propline_free_sample
2026-09-04,2026-09-05 02:10:00+00:00,Logan Gilbert,6.5,under,102,dabble,192909,Seattle Mariners,Athletics,2026-09-04T23:48:28.127757+00:00,2026-09-05T19:16:02.703215+00:00,2026-09-05T15:16:02.703215-04:00,2026-09-05T15:16:02.703215-04:00,propline_free_sample
2026-09-04,2026-09-05 02:10:00+00:00,Kade Morris,2.5,over,100,smarkets,192909,Seattle Mariners,Athletics,2026-09-04T22:48:31.816266+00:00,2026-09-05T19:16:02.703215+00:00,2026-09-05T15:16:02.703215-04:00,2026-09-05T15:16:02.703215-04:00,propline_free_sample
2026-09-04,2026-09-05 02:10:00+00:00,Kade Morris,2.5,under,-141,smarkets,192909,Seattle Mariners,Athletics,2026-09-04T22:48:31.816266+00:00,2026-09-05T19:16:02.703215+00:00,2026-09-05T15:16:02.703215-04:00,2026-09-05T15:16:02.703215-04:00,propline_free_sample
2026-09-04,2026-09-05 02:10:00+00:00,Logan Gilbert,6.5,over,-119,smarkets,192909,Seattle Mariners,Athletics,2026-09-04T23:53:49.013567+00:00,2026-09-05T19:16:02.703215+00:00,2026-09-05T15:16:02.703215-04:00,2026-09-05T15:16:02.703215-04:00,propline_free_sample
2026-09-04,2026-09-05 02:10:00+00:00,Logan Gilbert,6.5,under,-116,smarkets,192909,Seattle Mariners,Athletics,2026-09-04T23:53:49.013567+00:00,2026-09-05T19:16:02.703215+00:00,2026-09-05T15:16:02.703215-04:00,2026-09-05T15:16:02.703215-04:00,propline_free_sample
2026-09-04,2026-09-05 02:10:00+00:00,Blake Snell,8.5,over,-114,sleeper,192908,Los Angeles Dodgers,Washington Nationals,2026-09-05T01:49:14.129126+00:00,2026-09-05T19:16:02.703215+00:00,2026-09-05T15:16:02.703215-04:00,2026-09-05T15:16:02.703215-04:00,propline_free_sample
2026-09-04,2026-09-05 02:10:00+00:00,Jackson Kent,3.5,over,-125,sleeper,192908,Los Angeles Dodgers,Washington Nationals,2026-09-05T01:34:08.699917+00:00,2026-09-05T19:16:02.703215+00:00,2026-09-05T15:16:02.703215-04:00,2026-09-05T15:16:02.703215-04:00,propline_free_sample
2026-09-04,2026-09-05 02:10:00+00:00,Blake Snell,8.5,under,-145,sleeper,192908,Los Angeles Dodgers,Washington Nationals,2026-09-05T01:49:14.129126+00:00,2026-09-05T19:16:02.703215+00:00,2026-09-05T15:16:02.703215-04:00,2026-09-05T15:16:02.703215-04:00,propline_free_sample
2026-09-04,2026-09-05 02:10:00+00:00,Jackson Kent,3.5,under,-132,sleeper,192908,Los Angeles Dodgers,Washington Nationals,2026-09-04T22:55:16.666964+00:00,2026-09-05T19:16:02.703215+00:00,2026-09-05T15:16:02.703215-04:00,2026-09-05T15:16:02.703215-04:00,propline_free_sample
2026-09-04,2026-09-05 02:10:00+00:00,Blake Snell,7.5,over,-174,fanduel,192908,Los Angeles Dodgers,Washington Nationals,2026-09-05T00:07:44.941479+00:00,2026-09-05T19:16:02.703215+00:00,2026-09-05T15:16:02.703215-04:00,2026-09-05T15:16:02.703215-04:00,propline_free_sample
2026-09-04,2026-09-05 02:10:00+00:00,Blake Snell,7.5,under,136,fanduel,192908,Los Angeles Dodgers,Washington Nationals,2026-09-05T00:07:44.941479+00:00,2026-09-05T19:16:02.703215+00:00,2026-09-05T15:16:02.703215-04:00,2026-09-05T15:16:02.703215-04:00,propline_free_sample
2026-09-04,2026-09-05 02:10:00+00:00,Jackson Kent,3.5,over,-113,fanduel,192908,Los Angeles Dodgers,Washington Nationals,2026-09-05T00:07:44.941479+00:00,2026-09-05T19:16:02.703215+00:00,2026-09-05T15:16:02.703215-04:00,2026-09-05T15:16:02.703215-04:00,propline_free_sample
2026-09-04,2026-09-05 02:10:00+00:00,Jackson Kent,3.5,under,-113,fanduel,192908,Los Angeles Dodgers,Washington Nationals,2026-09-05T00:07:44.941479+00:00,2026-09-05T19:16:02.703215+00:00,2026-09-05T15:16:02.703215-04:00,2026-09-05T15:16:02.703215-04:00,propline_free_sample
2026-09-04,2026-09-05 02:10:00+00:00,Logan Gilbert,6.5,over,100,betr,192909,Seattle Mariners,Athletics,2026-09-04T06:42:02.203250+00:00,2026-09-05T19:16:02.703215+00:00,2026-09-05T15:16:02.703215-04:00,2026-09-05T15:16:02.703215-04:00,propline_free_sample
2026-09-04,2026-09-05 02:10:00+00:00,Logan Gilbert,6.5,under,100,betr,192909,Seattle Mariners,Athletics,2026-09-04T06:42:02.203250+00:00,2026-09-05T19:16:02.703215+00:00,2026-09-05T15:16:02.703215-04:00,2026-09-05T15:16:02.703215-04:00,propline_free_sample
2026-09-04,2026-09-05 02:10:00+00:00,Logan Gilbert,6.5,over,-126,prophetx,192909,Seattle Mariners,Athletics,2026-09-05T01:26:31.494782+00:00,2026-09-05T19:16:02.703215+00:00,2026-09-05T15:16:02.703215-04:00,2026-09-05T15:16:02.703215-04:00,propline_free_sample
2026-09-04,2026-09-05 02:10:00+00:00,Logan Gilbert,6.5,under,113,prophetx,192909,Seattle Mariners,Athletics,2026-09-05T02:02:05.920125+00:00,2026-09-05T19:16:02.703215+00:00,2026-09-05T15:16:02.703215-04:00,2026-09-05T15:16:02.703215-04:00,propline_free_sample
2026-09-04,2026-09-05 02:10:00+00:00,- Jackson Kent,3.5,under,-115,bovada,192908,Los Angeles Dodgers,Washington Nationals,2026-09-04T18:14:49.187722+00:00,2026-09-05T19:16:02.703215+00:00,2026-09-05T15:16:02.703215-04:00,2026-09-05T15:16:02.703215-04:00,propline_free_sample
2026-09-04,2026-09-05 02:10:00+00:00,Blake Snell (LAD),7.5,under,135,bovada,192908,Los Angeles Dodgers,Washington Nationals,2026-09-05T00:22:39.697266+00:00,2026-09-05T19:16:02.703215+00:00,2026-09-05T15:16:02.703215-04:00,2026-09-05T15:16:02.703215-04:00,propline_free_sample
2026-09-04,2026-09-05 02:10:00+00:00,Blake Snell,9.5,over,-120,fanatics,192908,Los Angeles Dodgers,Washington Nationals,2026-09-05T02:05:39.902466+00:00,2026-09-05T19:16:02.703215+00:00,2026-09-05T15:16:02.703215-04:00,2026-09-05T15:16:02.703215-04:00,propline_free_sample
2026-09-04,2026-09-05 02:10:00+00:00,Blake Snell,9.5,under,-110,fanatics,192908,Los Angeles Dodgers,Washington Nationals,2026-09-05T02:05:39.902466+00:00,2026-09-05T19:16:02.703215+00:00,2026-09-05T15:16:02.703215-04:00,2026-09-05T15:16:02.703215-04:00,propline_free_sample
2026-09-04,2026-09-05 02:10:00+00:00,Jackson Kent,4.5,over,-110,fanatics,192908,Los Angeles Dodgers,Washington Nationals,2026-09-05T02:05:39.902466+00:00,2026-09-05T19:16:02.703215+00:00,2026-09-05T15:16:02.703215-04:00,2026-09-05T15:16:02.703215-04:00,propline_free_sample
2026-09-04,2026-09-05 02:10:00+00:00,Jackson Kent,4.5,under,-120,fanatics,192908,Los Angeles Dodgers,Washington Nationals,2026-09-05T02:05:39.902466+00:00,2026-09-05T19:16:02.703215+00:00,2026-09-05T15:16:02.703215-04:00,2026-09-05T15:16:02.703215-04:00,propline_free_sample
2026-09-04,2026-09-05 02:10:00+00:00,Jackson Kent,3.5,over,100,prizepicks,192908,Los Angeles Dodgers,Washington Nationals,2026-09-04T06:57:36.219986+00:00,2026-09-05T19:16:02.703215+00:00,2026-09-05T15:16:02.703215-04:00,2026-09-05T15:16:02.703215-04:00,propline_free_sample
2026-09-04,2026-09-05 02:10:00+00:00,Jackson Kent,3.5,under,100,prizepicks,192908,Los Angeles Dodgers,Washington Nationals,2026-09-04T06:57:36.219986+00:00,2026-09-05T19:16:02.703215+00:00,2026-09-05T15:16:02.703215-04:00,2026-09-05T15:16:02.703215-04:00,propline_free_sample
2026-09-04,2026-09-05 02:10:00+00:00,Blake Snell,5.5,over,100,prizepicks,192908,Los Angeles Dodgers,Washington Nationals,2026-09-04T06:57:36.219986+00:00,2026-09-05T19:16:02.703215+00:00,2026-09-05T15:16:02.703215-04:00,2026-09-05T15:16:02.703215-04:00,propline_free_sample
2026-09-04,2026-09-05 02:10:00+00:00,- Jackson Kent,3.5,over,-115,bovada,192908,Los Angeles Dodgers,Washington Nationals,2026-09-04T18:14:49.187722+00:00,2026-09-05T19:16:02.703215+00:00,2026-09-05T15:16:02.703215-04:00,2026-09-05T15:16:02.703215-04:00,propline_free_sample
2026-09-04,2026-09-05 02:10:00+00:00,Blake Snell (LAD),7.5,over,-180,bovada,192908,Los Angeles Dodgers,Washington Nationals,2026-09-05T00:22:39.697266+00:00,2026-09-05T19:16:02.703215+00:00,2026-09-05T15:16:02.703215-04:00,2026-09-05T15:16:02.703215-04:00,propline_free_sample
2026-09-04,2026-09-05 02:10:00+00:00,Blake Snell,7.5,over,-178,novig,192908,Los Angeles Dodgers,Washington Nationals,2026-09-05T02:08:31.785101+00:00,2026-09-05T19:16:02.703215+00:00,2026-09-05T15:16:02.703215-04:00,2026-09-05T15:16:02.703215-04:00,propline_free_sample
2026-09-04,2026-09-05 02:10:00+00:00,Blake Snell,7.5,under,135,novig,192908,Los Angeles Dodgers,Washington Nationals,2026-09-05T01:55:08.933963+00:00,2026-09-05T19:16:02.703215+00:00,2026-09-05T15:16:02.703215-04:00,2026-09-05T15:16:02.703215-04:00,propline_free_sample
2026-09-04,2026-09-05 02:10:00+00:00,Jackson Kent,3.5,over,-144,novig,192908,Los Angeles Dodgers,Washington Nationals,2026-09-05T02:06:04.961784+00:00,2026-09-05T19:16:02.703215+00:00,2026-09-05T15:16:02.703215-04:00,2026-09-05T15:16:02.703215-04:00,propline_free_sample
2026-09-04,2026-09-05 02:10:00+00:00,Jackson Kent,3.5,under,-130,novig,192908,Los Angeles Dodgers,Washington Nationals,2026-09-05T01:30:32.687707+00:00,2026-09-05T19:16:02.703215+00:00,2026-09-05T15:16:02.703215-04:00,2026-09-05T15:16:02.703215-04:00,propline_free_sample
2026-09-04,2026-09-05 02:10:00+00:00,Blake Snell,8.5,over,-114,draftkings,192908,Los Angeles Dodgers,Washington Nationals,2026-09-05T01:27:14.259186+00:00,2026-09-05T19:16:02.703215+00:00,2026-09-05T15:16:02.703215-04:00,2026-09-05T15:16:02.703215-04:00,propline_free_sample
2026-09-04,2026-09-05 02:10:00+00:00,Blake Snell,8.5,under,-112,draftkings,192908,Los Angeles Dodgers,Washington Nationals,2026-09-05T01:27:14.259186+00:00,2026-09-05T19:16:02.703215+00:00,2026-09-05T15:16:02.703215-04:00,2026-09-05T15:16:02.703215-04:00,propline_free_sample
2026-09-04,2026-09-05 02:10:00+00:00,Jackson Kent,3.5,over,-111,draftkings,192908,Los Angeles Dodgers,Washington Nationals,2026-09-04T23:38:10.228518+00:00,2026-09-05T19:16:02.703215+00:00,2026-09-05T15:16:02.703215-04:00,2026-09-05T15:16:02.703215-04:00,propline_free_sample
2026-09-04,2026-09-05 02:10:00+00:00,Jackson Kent,3.5,under,-114,draftkings,192908,Los Angeles Dodgers,Washington Nationals,2026-09-04T23:38:10.228518+00:00,2026-09-05T19:16:02.703215+00:00,2026-09-05T15:16:02.703215-04:00,2026-09-05T15:16:02.703215-04:00,propline_free_sample
2026-09-04,2026-09-05 02:10:00+00:00,Logan Gilbert,6.5,over,-145,sleeper,192909,Seattle Mariners,Athletics,2026-09-05T01:25:53.571265+00:00,2026-09-05T19:16:02.703215+00:00,2026-09-05T15:16:02.703215-04:00,2026-09-05T15:16:02.703215-04:00,propline_free_sample
2026-09-04,2026-09-05 02:10:00+00:00,Logan Gilbert,6.5,under,-114,sleeper,192909,Seattle Mariners,Athletics,2026-09-05T01:25:53.571265+00:00,2026-09-05T19:16:02.703215+00:00,2026-09-05T15:16:02.703215-04:00,2026-09-05T15:16:02.703215-04:00,propline_free_sample
2026-09-04,2026-09-05 02:10:00+00:00,Blake Snell,6.5,over,-413,novig,192908,Los Angeles Dodgers,Washington Nationals,2026-09-05T02:03:38.746032+00:00,2026-09-05T19:16:02.703215+00:00,2026-09-05T15:16:02.703215-04:00,2026-09-05T15:16:02.703215-04:00,propline_free_sample
2026-09-04,2026-09-05 02:10:00+00:00,Blake Snell,6.5,under,228,novig,192908,Los Angeles Dodgers,Washington Nationals,2026-09-05T02:09:32.304083+00:00,2026-09-05T19:16:02.703215+00:00,2026-09-05T15:16:02.703215-04:00,2026-09-05T15:16:02.703215-04:00,propline_free_sample
2026-09-04,2026-09-05 02:10:00+00:00,Blake Snell,8.5,over,100,novig,192908,Los Angeles Dodgers,Washington Nationals,2026-09-05T02:09:32.304083+00:00,2026-09-05T19:16:02.703215+00:00,2026-09-05T15:16:02.703215-04:00,2026-09-05T15:16:02.703215-04:00,propline_free_sample
2026-09-04,2026-09-05 02:10:00+00:00,Blake Snell,8.5,under,-115,novig,192908,Los Angeles Dodgers,Washington Nationals,2026-09-05T02:02:18.004836+00:00,2026-09-05T19:16:02.703215+00:00,2026-09-05T15:16:02.703215-04:00,2026-09-05T15:16:02.703215-04:00,propline_free_sample
2026-09-04,2026-09-05 02:10:00+00:00,Jackson Kent,2.5,over,-228,novig,192908,Los Angeles Dodgers,Washington Nationals,2026-09-05T02:08:31.785101+00:00,2026-09-05T19:16:02.703215+00:00,2026-09-05T15:16:02.703215-04:00,2026-09-05T15:16:02.703215-04:00,propline_free_sample
2026-09-04,2026-09-05 02:10:00+00:00,Jackson Kent,2.5,under,212,novig,192908,Los Angeles Dodgers,Washington Nationals,2026-09-05T01:56:04.984607+00:00,2026-09-05T19:16:02.703215+00:00,2026-09-05T15:16:02.703215-04:00,2026-09-05T15:16:02.703215-04:00,propline_free_sample
2026-09-04,2026-09-05 02:10:00+00:00,Jackson Kent,4.5,over,264,novig,192908,Los Angeles Dodgers,Washington Nationals,2026-09-04T22:14:05.136487+00:00,2026-09-05T19:16:02.703215+00:00,2026-09-05T15:16:02.703215-04:00,2026-09-05T15:16:02.703215-04:00,propline_free_sample
2026-09-04,2026-09-05 02:10:00+00:00,Jackson Kent,4.5,under,-277,novig,192908,Los Angeles Dodgers,Washington Nationals,2026-09-05T00:35:31.633610+00:00,2026-09-05T19:16:02.703215+00:00,2026-09-05T15:16:02.703215-04:00,2026-09-05T15:16:02.703215-04:00,propline_free_sample
2026-09-04,2026-09-05 02:10:00+00:00,Blake Snell,7.5,over,-130,onexbet,192908,Los Angeles Dodgers,Washington Nationals,2026-09-05T01:35:03.422946+00:00,2026-09-05T19:16:02.703215+00:00,2026-09-05T15:16:02.703215-04:00,2026-09-05T15:16:02.703215-04:00,propline_free_sample
2026-09-04,2026-09-05 02:10:00+00:00,Jackson Kent,3.5,over,110,onexbet,192908,Los Angeles Dodgers,Washington Nationals,2026-09-05T01:35:03.422946+00:00,2026-09-05T19:16:02.703215+00:00,2026-09-05T15:16:02.703215-04:00,2026-09-05T15:16:02.703215-04:00,propline_free_sample
2026-09-04,2026-09-05 02:10:00+00:00,Blake Snell,7.5,under,-105,onexbet,192908,Los Angeles Dodgers,Washington Nationals,2026-09-05T01:35:03.422946+00:00,2026-09-05T19:16:02.703215+00:00,2026-09-05T15:16:02.703215-04:00,2026-09-05T15:16:02.703215-04:00,propline_free_sample
2026-09-04,2026-09-05 02:10:00+00:00,Jackson Kent,3.5,under,-150,onexbet,192908,Los Angeles Dodgers,Washington Nationals,2026-09-05T01:35:03.422946+00:00,2026-09-05T19:16:02.703215+00:00,2026-09-05T15:16:02.703215-04:00,2026-09-05T15:16:02.703215-04:00,propline_free_sample
2026-09-04,2026-09-05 02:10:00+00:00,Blake Snell,11.5,over,100,prizepicks,192908,Los Angeles Dodgers,Washington Nationals,2026-09-04T07:09:31.130532+00:00,2026-09-05T19:16:02.703215+00:00,2026-09-05T15:16:02.703215-04:00,2026-09-05T15:16:02.703215-04:00,propline_free_sample
2026-09-04,2026-09-05 02:10:00+00:00,Jackson Kent,1.5,over,-4900,kalshi,192908,Los Angeles Dodgers,Washington Nationals,2026-09-04T13:30:29.266039+00:00,2026-09-05T19:16:02.703215+00:00,2026-09-05T15:16:02.703215-04:00,2026-09-05T15:16:02.703215-04:00,propline_free_sample
2026-09-04,2026-09-05 02:10:00+00:00,Jackson Kent,1.5,under,9900,kalshi,192908,Los Angeles Dodgers,Washington Nationals,2026-09-05T01:37:07.193778+00:00,2026-09-05T19:16:02.703215+00:00,2026-09-05T15:16:02.703215-04:00,2026-09-05T15:16:02.703215-04:00,propline_free_sample
2026-09-04,2026-09-05 02:10:00+00:00,Blake Snell,10.5,over,9900,kalshi,192908,Los Angeles Dodgers,Washington Nationals,2026-09-05T00:00:38.432641+00:00,2026-09-05T19:16:02.703215+00:00,2026-09-05T15:16:02.703215-04:00,2026-09-05T15:16:02.703215-04:00,propline_free_sample
2026-09-04,2026-09-05 02:10:00+00:00,Blake Snell,10.5,under,-4900,kalshi,192908,Los Angeles Dodgers,Washington Nationals,2026-09-05T00:00:38.432641+00:00,2026-09-05T19:16:02.703215+00:00,2026-09-05T15:16:02.703215-04:00,2026-09-05T15:16:02.703215-04:00,propline_free_sample
2026-09-04,2026-09-05 02:10:00+00:00,Blake Snell,11.5,over,9900,kalshi,192908,Los Angeles Dodgers,Washington Nationals,2026-09-05T00:40:28.893343+00:00,2026-09-05T19:16:02.703215+00:00,2026-09-05T15:16:02.703215-04:00,2026-09-05T15:16:02.703215-04:00,propline_free_sample
2026-09-04,2026-09-05 02:10:00+00:00,Blake Snell,11.5,under,-4900,kalshi,192908,Los Angeles Dodgers,Washington Nationals,2026-09-05T01:34:53.251116+00:00,2026-09-05T19:16:02.703215+00:00,2026-09-05T15:16:02.703215-04:00,2026-09-05T15:16:02.703215-04:00,propline_free_sample
2026-09-04,2026-09-05 02:10:00+00:00,Jackson Kent,2.5,over,-1900,kalshi,192908,Los Angeles Dodgers,Washington Nationals,2026-09-05T01:42:57.662105+00:00,2026-09-05T19:16:02.703215+00:00,2026-09-05T15:16:02.703215-04:00,2026-09-05T15:16:02.703215-04:00,propline_free_sample
2026-09-04,2026-09-05 02:10:00+00:00,Jackson Kent,2.5,under,9900,kalshi,192908,Los Angeles Dodgers,Washington Nationals,2026-09-05T01:14:14.080413+00:00,2026-09-05T19:16:02.703215+00:00,2026-09-05T15:16:02.703215-04:00,2026-09-05T15:16:02.703215-04:00,propline_free_sample
2026-09-04,2026-09-05 02:10:00+00:00,Blake Snell,3.5,over,-9900,kalshi,192908,Los Angeles Dodgers,Washington Nationals,2026-09-05T01:21:58.103269+00:00,2026-09-05T19:16:02.703215+00:00,2026-09-05T15:16:02.703215-04:00,2026-09-05T15:16:02.703215-04:00,propline_free_sample
2026-09-04,2026-09-05 02:10:00+00:00,Jackson Kent,3.5,over,-144,kalshi,192908,Los Angeles Dodgers,Washington Nationals,2026-09-05T01:27:09.432821+00:00,2026-09-05T19:16:02.703215+00:00,2026-09-05T15:16:02.703215-04:00,2026-09-05T15:16:02.703215-04:00,propline_free_sample
2026-09-04,2026-09-05 02:10:00+00:00,Blake Snell,3.5,under,9900,kalshi,192908,Los Angeles Dodgers,Washington Nationals,2026-09-05T02:07:46.723406+00:00,2026-09-05T19:16:02.703215+00:00,2026-09-05T15:16:02.703215-04:00,2026-09-05T15:16:02.703215-04:00,propline_free_sample
2026-09-04,2026-09-05 02:10:00+00:00,Jackson Kent,3.5,under,9900,kalshi,192908,Los Angeles Dodgers,Washington Nationals,2026-09-05T01:27:09.432821+00:00,2026-09-05T19:16:02.703215+00:00,2026-09-05T15:16:02.703215-04:00,2026-09-05T15:16:02.703215-04:00,propline_free_sample
2026-09-04,2026-09-05 02:10:00+00:00,Blake Snell,4.5,over,-9900,kalshi,192908,Los Angeles Dodgers,Washington Nationals,2026-09-05T01:31:26.090282+00:00,2026-09-05T19:16:02.703215+00:00,2026-09-05T15:16:02.703215-04:00,2026-09-05T15:16:02.703215-04:00,propline_free_sample
2026-09-04,2026-09-05 02:10:00+00:00,Jackson Kent,4.5,over,9900,kalshi,192908,Los Angeles Dodgers,Washington Nationals,2026-09-04T23:27:44.876161+00:00,2026-09-05T19:16:02.703215+00:00,2026-09-05T15:16:02.703215-04:00,2026-09-05T15:16:02.703215-04:00,propline_free_sample
2026-09-04,2026-09-05 02:10:00+00:00,Blake Snell,4.5,under,9900,kalshi,192908,Los Angeles Dodgers,Washington Nationals,2026-09-05T01:32:26.064582+00:00,2026-09-05T19:16:02.703215+00:00,2026-09-05T15:16:02.703215-04:00,2026-09-05T15:16:02.703215-04:00,propline_free_sample
2026-09-04,2026-09-05 02:10:00+00:00,Jackson Kent,4.5,under,-1150,kalshi,192908,Los Angeles Dodgers,Washington Nationals,2026-09-04T23:27:44.876161+00:00,2026-09-05T19:16:02.703215+00:00,2026-09-05T15:16:02.703215-04:00,2026-09-05T15:16:02.703215-04:00,propline_free_sample
2026-09-04,2026-09-05 02:10:00+00:00,Blake Snell,5.5,over,-4900,kalshi,192908,Los Angeles Dodgers,Washington Nationals,2026-09-04T23:58:18.777922+00:00,2026-09-05T19:16:02.703215+00:00,2026-09-05T15:16:02.703215-04:00,2026-09-05T15:16:02.703215-04:00,propline_free_sample
2026-09-04,2026-09-05 02:10:00+00:00,Jackson Kent,5.5,over,9900,kalshi,192908,Los Angeles Dodgers,Washington Nationals,2026-09-05T02:07:46.723406+00:00,2026-09-05T19:16:02.703215+00:00,2026-09-05T15:16:02.703215-04:00,2026-09-05T15:16:02.703215-04:00,propline_free_sample
2026-09-04,2026-09-05 02:10:00+00:00,Blake Snell,5.5,under,9900,kalshi,192908,Los Angeles Dodgers,Washington Nationals,2026-09-04T23:58:18.777922+00:00,2026-09-05T19:16:02.703215+00:00,2026-09-05T15:16:02.703215-04:00,2026-09-05T15:16:02.703215-04:00,propline_free_sample
2026-09-04,2026-09-05 02:10:00+00:00,Jackson Kent,5.5,under,-2400,kalshi,192908,Los Angeles Dodgers,Washington Nationals,2026-09-05T02:05:38.457762+00:00,2026-09-05T19:16:02.703215+00:00,2026-09-05T15:16:02.703215-04:00,2026-09-05T15:16:02.703215-04:00,propline_free_sample
2026-09-04,2026-09-05 02:10:00+00:00,Blake Snell,6.5,over,-3233,kalshi,192908,Los Angeles Dodgers,Washington Nationals,2026-09-05T00:50:15.160557+00:00,2026-09-05T19:16:02.703215+00:00,2026-09-05T15:16:02.703215-04:00,2026-09-05T15:16:02.703215-04:00,propline_free_sample
2026-09-04,2026-09-05 02:10:00+00:00,Jackson Kent,6.5,over,9900,kalshi,192908,Los Angeles Dodgers,Washington Nationals,2026-09-04T23:31:17.268490+00:00,2026-09-05T19:16:02.703215+00:00,2026-09-05T15:16:02.703215-04:00,2026-09-05T15:16:02.703215-04:00,propline_free_sample
2026-09-04,2026-09-05 02:10:00+00:00,Blake Snell,6.5,under,9900,kalshi,192908,Los Angeles Dodgers,Washington Nationals,2026-09-05T02:09:30.265871+00:00,2026-09-05T19:16:02.703215+00:00,2026-09-05T15:16:02.703215-04:00,2026-09-05T15:16:02.703215-04:00,propline_free_sample
2026-09-04,2026-09-05 02:10:00+00:00,Jackson Kent,6.5,under,-9900,kalshi,192908,Los Angeles Dodgers,Washington Nationals,2026-09-05T02:05:38.457762+00:00,2026-09-05T19:16:02.703215+00:00,2026-09-05T15:16:02.703215-04:00,2026-09-05T15:16:02.703215-04:00,propline_free_sample
2026-09-04,2026-09-05 02:10:00+00:00,Blake Snell,7.5,over,9900,kalshi,192908,Los Angeles Dodgers,Washington Nationals,2026-09-05T01:03:16.185122+00:00,2026-09-05T19:16:02.703215+00:00,2026-09-05T15:16:02.703215-04:00,2026-09-05T15:16:02.703215-04:00,propline_free_sample
2026-09-04,2026-09-05 02:10:00+00:00,Blake Snell,7.5,under,-4900,kalshi,192908,Los Angeles Dodgers,Washington Nationals,2026-09-05T01:04:41.555885+00:00,2026-09-05T19:16:02.703215+00:00,2026-09-05T15:16:02.703215-04:00,2026-09-05T15:16:02.703215-04:00,propline_free_sample
2026-09-04,2026-09-05 02:10:00+00:00,Blake Snell,8.5,over,9900,kalshi,192908,Los Angeles Dodgers,Washington Nationals,2026-09-05T00:11:45.165834+00:00,2026-09-05T19:16:02.703215+00:00,2026-09-05T15:16:02.703215-04:00,2026-09-05T15:16:02.703215-04:00,propline_free_sample
2026-09-04,2026-09-05 02:10:00+00:00,Blake Snell,8.5,under,-2400,kalshi,192908,Los Angeles Dodgers,Washington Nationals,2026-09-05T00:11:45.165834+00:00,2026-09-05T19:16:02.703215+00:00,2026-09-05T15:16:02.703215-04:00,2026-09-05T15:16:02.703215-04:00,propline_free_sample
2026-09-04,2026-09-05 02:10:00+00:00,Blake Snell,9.5,over,9900,kalshi,192908,Los Angeles Dodgers,Washington Nationals,2026-09-05T00:11:45.165834+00:00,2026-09-05T19:16:02.703215+00:00,2026-09-05T15:16:02.703215-04:00,2026-09-05T15:16:02.703215-04:00,propline_free_sample
2026-09-04,2026-09-05 02:10:00+00:00,Blake Snell,9.5,under,-3233,kalshi,192908,Los Angeles Dodgers,Washington Nationals,2026-09-05T00:14:01.313488+00:00,2026-09-05T19:16:02.703215+00:00,2026-09-05T15:16:02.703215-04:00,2026-09-05T15:16:02.703215-04:00,propline_free_sample
2026-09-04,2026-09-05 02:10:00+00:00,Kade Morris,2.5,over,-111,draftkings,192909,Seattle Mariners,Athletics,2026-09-05T00:10:47.029069+00:00,2026-09-05T19:16:02.703215+00:00,2026-09-05T15:16:02.703215-04:00,2026-09-05T15:16:02.703215-04:00,propline_free_sample
2026-09-04,2026-09-05 02:10:00+00:00,Kade Morris,2.5,under,-115,draftkings,192909,Seattle Mariners,Athletics,2026-09-05T00:10:47.029069+00:00,2026-09-05T19:16:02.703215+00:00,2026-09-05T15:16:02.703215-04:00,2026-09-05T15:16:02.703215-04:00,propline_free_sample
2026-09-04,2026-09-05 02:10:00+00:00,Logan Gilbert,6.5,over,-138,draftkings,192909,Seattle Mariners,Athletics,2026-09-05T01:11:18.434926+00:00,2026-09-05T19:16:02.703215+00:00,2026-09-05T15:16:02.703215-04:00,2026-09-05T15:16:02.703215-04:00,propline_free_sample
2026-09-04,2026-09-05 02:10:00+00:00,Logan Gilbert,6.5,under,109,draftkings,192909,Seattle Mariners,Athletics,2026-09-05T01:11:18.434926+00:00,2026-09-05T19:16:02.703215+00:00,2026-09-05T15:16:02.703215-04:00,2026-09-05T15:16:02.703215-04:00,propline_free_sample
2026-09-04,2026-09-05 02:10:00+00:00,Logan Gilbert,8.5,over,-155,fanatics,192909,Seattle Mariners,Athletics,2026-09-05T02:09:31.148773+00:00,2026-09-05T19:16:02.703215+00:00,2026-09-05T15:16:02.703215-04:00,2026-09-05T15:16:02.703215-04:00,propline_free_sample
2026-09-04,2026-09-05 02:10:00+00:00,Logan Gilbert,8.5,under,115,fanatics,192909,Seattle Mariners,Athletics,2026-09-05T02:09:31.148773+00:00,2026-09-05T19:16:02.703215+00:00,2026-09-05T15:16:02.703215-04:00,2026-09-05T15:16:02.703215-04:00,propline_free_sample
2026-09-04,2026-09-05 02:10:00+00:00,Blake Snell,9.5,under,100,prizepicks,192908,Los Angeles Dodgers,Washington Nationals,2026-09-04T08:29:55.172012+00:00,2026-09-05T19:16:02.703215+00:00,2026-09-05T15:16:02.703215-04:00,2026-09-05T15:16:02.703215-04:00,propline_free_sample
2026-09-04,2026-09-05 02:10:00+00:00,Blake Snell,6.5,under,100,prizepicks,192908,Los Angeles Dodgers,Washington Nationals,2026-09-04T08:29:55.172012+00:00,2026-09-05T19:16:02.703215+00:00,2026-09-05T15:16:02.703215-04:00,2026-09-05T15:16:02.703215-04:00,propline_free_sample
2026-09-04,2026-09-05 02:10:00+00:00,Blake Snell,10.5,under,100,prizepicks,192908,Los Angeles Dodgers,Washington Nationals,2026-09-04T08:29:55.172012+00:00,2026-09-05T19:16:02.703215+00:00,2026-09-05T15:16:02.703215-04:00,2026-09-05T15:16:02.703215-04:00,propline_free_sample
2026-09-04,2026-09-05 02:10:00+00:00,Jackson Kent,4.5,under,100,prizepicks,192908,Los Angeles Dodgers,Washington Nationals,2026-09-04T08:29:55.172012+00:00,2026-09-05T19:16:02.703215+00:00,2026-09-05T15:16:02.703215-04:00,2026-09-05T15:16:02.703215-04:00,propline_free_sample
2026-09-04,2026-09-05 02:10:00+00:00,Jackson Kent,5.5,under,100,prizepicks,192908,Los Angeles Dodgers,Washington Nationals,2026-09-04T08:29:55.172012+00:00,2026-09-05T19:16:02.703215+00:00,2026-09-05T15:16:02.703215-04:00,2026-09-05T15:16:02.703215-04:00,propline_free_sample
2026-09-04,2026-09-05 02:10:00+00:00,Blake Snell,8.5,under,100,prizepicks,192908,Los Angeles Dodgers,Washington Nationals,2026-09-04T08:29:55.172012+00:00,2026-09-05T19:16:02.703215+00:00,2026-09-05T15:16:02.703215-04:00,2026-09-05T15:16:02.703215-04:00,propline_free_sample
2026-09-04,2026-09-05 02:10:00+00:00,Jackson Kent,2.5,under,100,prizepicks,192908,Los Angeles Dodgers,Washington Nationals,2026-09-04T08:29:55.172012+00:00,2026-09-05T19:16:02.703215+00:00,2026-09-05T15:16:02.703215-04:00,2026-09-05T15:16:02.703215-04:00,propline_free_sample
2026-09-04,2026-09-05 02:10:00+00:00,Blake Snell,5.5,under,100,prizepicks,192908,Los Angeles Dodgers,Washington Nationals,2026-09-04T08:29:55.172012+00:00,2026-09-05T19:16:02.703215+00:00,2026-09-05T15:16:02.703215-04:00,2026-09-05T15:16:02.703215-04:00,propline_free_sample
2026-09-04,2026-09-05 02:10:00+00:00,Blake Snell,12.5,over,100,prizepicks,192908,Los Angeles Dodgers,Washington Nationals,2026-09-04T08:29:55.172012+00:00,2026-09-05T19:16:02.703215+00:00,2026-09-05T15:16:02.703215-04:00,2026-09-05T15:16:02.703215-04:00,propline_free_sample
2026-09-04,2026-09-05 02:10:00+00:00,Jackson Kent,1.5,over,100,prizepicks,192908,Los Angeles Dodgers,Washington Nationals,2026-09-04T08:29:55.172012+00:00,2026-09-05T19:16:02.703215+00:00,2026-09-05T15:16:02.703215-04:00,2026-09-05T15:16:02.703215-04:00,propline_free_sample
2026-09-04,2026-09-05 02:10:00+00:00,Jackson Kent,1.5,under,100,prizepicks,192908,Los Angeles Dodgers,Washington Nationals,2026-09-04T08:29:55.172012+00:00,2026-09-05T19:16:02.703215+00:00,2026-09-05T15:16:02.703215-04:00,2026-09-05T15:16:02.703215-04:00,propline_free_sample
2026-09-04,2026-09-05 02:10:00+00:00,Blake Snell,4.5,over,100,prizepicks,192908,Los Angeles Dodgers,Washington Nationals,2026-09-04T08:29:55.172012+00:00,2026-09-05T19:16:02.703215+00:00,2026-09-05T15:16:02.703215-04:00,2026-09-05T15:16:02.703215-04:00,propline_free_sample
2026-09-04,2026-09-05 02:10:00+00:00,Blake Snell,4.5,under,100,prizepicks,192908,Los Angeles Dodgers,Washington Nationals,2026-09-04T08:29:55.172012+00:00,2026-09-05T19:16:02.703215+00:00,2026-09-05T15:16:02.703215-04:00,2026-09-05T15:16:02.703215-04:00,propline_free_sample
2026-09-04,2026-09-05 02:10:00+00:00,Logan Gilbert,10.5,over,100,prizepicks,192909,Seattle Mariners,Athletics,2026-09-04T08:29:55.949463+00:00,2026-09-05T19:16:02.703215+00:00,2026-09-05T15:16:02.703215-04:00,2026-09-05T15:16:02.703215-04:00,propline_free_sample
2026-09-04,2026-09-05 02:10:00+00:00,Kade Morris,4.5,over,100,prizepicks,192909,Seattle Mariners,Athletics,2026-09-04T08:29:55.949463+00:00,2026-09-05T19:16:02.703215+00:00,2026-09-05T15:16:02.703215-04:00,2026-09-05T15:16:02.703215-04:00,propline_free_sample
2026-09-04,2026-09-05 02:10:00+00:00,Kade Morris,5.5,over,100,prizepicks,192909,Seattle Mariners,Athletics,2026-09-04T08:29:55.949463+00:00,2026-09-05T19:16:02.703215+00:00,2026-09-05T15:16:02.703215-04:00,2026-09-05T15:16:02.703215-04:00,propline_free_sample
2026-09-04,2026-09-05 02:10:00+00:00,Logan Gilbert,7.5,over,100,prizepicks,192909,Seattle Mariners,Athletics,2026-09-04T08:29:55.949463+00:00,2026-09-05T19:16:02.703215+00:00,2026-09-05T15:16:02.703215-04:00,2026-09-05T15:16:02.703215-04:00,propline_free_sample
2026-09-04,2026-09-05 02:10:00+00:00,Logan Gilbert,8.5,over,100,prizepicks,192909,Seattle Mariners,Athletics,2026-09-04T08:29:55.949463+00:00,2026-09-05T19:16:02.703215+00:00,2026-09-05T15:16:02.703215-04:00,2026-09-05T15:16:02.703215-04:00,propline_free_sample
2026-09-04,2026-09-05 02:10:00+00:00,Kade Morris,1.5,over,100,prizepicks,192909,Seattle Mariners,Athletics,2026-09-04T08:29:55.949463+00:00,2026-09-05T19:16:02.703215+00:00,2026-09-05T15:16:02.703215-04:00,2026-09-05T15:16:02.703215-04:00,propline_free_sample
2026-09-04,2026-09-05 02:10:00+00:00,Logan Gilbert,4.5,over,100,prizepicks,192909,Seattle Mariners,Athletics,2026-09-04T08:29:55.949463+00:00,2026-09-05T19:16:02.703215+00:00,2026-09-05T15:16:02.703215-04:00,2026-09-05T15:16:02.703215-04:00,propline_free_sample
2026-09-04,2026-09-05 02:10:00+00:00,Logan Gilbert,5.5,over,100,prizepicks,192909,Seattle Mariners,Athletics,2026-09-04T08:29:55.949463+00:00,2026-09-05T19:16:02.703215+00:00,2026-09-05T15:16:02.703215-04:00,2026-09-05T15:16:02.703215-04:00,propline_free_sample
2026-09-04,2026-09-05 02:10:00+00:00,Kade Morris,2.5,over,-116,sleeper,192909,Seattle Mariners,Athletics,2026-09-05T01:31:06.319197+00:00,2026-09-05T19:16:02.703215+00:00,2026-09-05T15:16:02.703215-04:00,2026-09-05T15:16:02.703215-04:00,propline_free_sample
2026-09-04,2026-09-05 02:10:00+00:00,Kade Morris,2.5,under,-141,sleeper,192909,Seattle Mariners,Athletics,2026-09-05T01:31:06.319197+00:00,2026-09-05T19:16:02.703215+00:00,2026-09-05T15:16:02.703215-04:00,2026-09-05T15:16:02.703215-04:00,propline_free_sample
2026-09-04,2026-09-05 02:10:00+00:00,Kade Morris,2.5,over,105,onexbet,192909,Seattle Mariners,Athletics,2026-09-05T01:24:08.379806+00:00,2026-09-05T19:16:02.703215+00:00,2026-09-05T15:16:02.703215-04:00,2026-09-05T15:16:02.703215-04:00,propline_free_sample
2026-09-04,2026-09-05 02:10:00+00:00,Logan Gilbert,6.5,over,-110,onexbet,192909,Seattle Mariners,Athletics,2026-09-05T01:24:08.379806+00:00,2026-09-05T19:16:02.703215+00:00,2026-09-05T15:16:02.703215-04:00,2026-09-05T15:16:02.703215-04:00,propline_free_sample
2026-09-04,2026-09-05 02:10:00+00:00,Kade Morris,2.5,under,-140,onexbet,192909,Seattle Mariners,Athletics,2026-09-05T01:24:08.379806+00:00,2026-09-05T19:16:02.703215+00:00,2026-09-05T15:16:02.703215-04:00,2026-09-05T15:16:02.703215-04:00,propline_free_sample
2026-09-04,2026-09-05 02:10:00+00:00,Logan Gilbert,6.5,under,-120,onexbet,192909,Seattle Mariners,Athletics,2026-09-05T01:24:08.379806+00:00,2026-09-05T19:16:02.703215+00:00,2026-09-05T15:16:02.703215-04:00,2026-09-05T15:16:02.703215-04:00,propline_free_sample
2026-09-04,2026-09-05 02:10:00+00:00,Logan Gilbert,7.5,under,100,prizepicks,192909,Seattle Mariners,Athletics,2026-09-04T08:42:53.466679+00:00,2026-09-05T19:16:02.703215+00:00,2026-09-05T15:16:02.703215-04:00,2026-09-05T15:16:02.703215-04:00,propline_free_sample
2026-09-04,2026-09-05 02:10:00+00:00,Logan Gilbert,8.5,under,100,prizepicks,192909,Seattle Mariners,Athletics,2026-09-04T08:42:53.466679+00:00,2026-09-05T19:16:02.703215+00:00,2026-09-05T15:16:02.703215-04:00,2026-09-05T15:16:02.703215-04:00,propline_free_sample
2026-09-04,2026-09-05 02:10:00+00:00,Logan Gilbert,4.5,under,100,prizepicks,192909,Seattle Mariners,Athletics,2026-09-04T08:42:53.466679+00:00,2026-09-05T19:16:02.703215+00:00,2026-09-05T15:16:02.703215-04:00,2026-09-05T15:16:02.703215-04:00,propline_free_sample
2026-09-04,2026-09-05 02:10:00+00:00,Logan Gilbert,5.5,under,100,prizepicks,192909,Seattle Mariners,Athletics,2026-09-04T08:42:53.466679+00:00,2026-09-05T19:16:02.703215+00:00,2026-09-05T15:16:02.703215-04:00,2026-09-05T15:16:02.703215-04:00,propline_free_sample
2026-09-04,2026-09-05 02:10:00+00:00,Logan Gilbert,3.5,over,100,prizepicks,192909,Seattle Mariners,Athletics,2026-09-04T08:42:53.466679+00:00,2026-09-05T19:16:02.703215+00:00,2026-09-05T15:16:02.703215-04:00,2026-09-05T15:16:02.703215-04:00,propline_free_sample
2026-09-04,2026-09-05 02:10:00+00:00,Logan Gilbert,3.5,under,100,prizepicks,192909,Seattle Mariners,Athletics,2026-09-04T08:42:53.466679+00:00,2026-09-05T19:16:02.703215+00:00,2026-09-05T15:16:02.703215-04:00,2026-09-05T15:16:02.703215-04:00,propline_free_sample
2026-09-04,2026-09-05 02:10:00+00:00,Blake Snell,7.5,over,-102,rebet,192908,Los Angeles Dodgers,Washington Nationals,2026-09-04T08:53:05.972847+00:00,2026-09-05T19:16:02.703215+00:00,2026-09-05T15:16:02.703215-04:00,2026-09-05T15:16:02.703215-04:00,propline_free_sample
2026-09-04,2026-09-05 02:10:00+00:00,Blake Snell,7.5,under,-135,rebet,192908,Los Angeles Dodgers,Washington Nationals,2026-09-04T08:53:05.972847+00:00,2026-09-05T19:16:02.703215+00:00,2026-09-05T15:16:02.703215-04:00,2026-09-05T15:16:02.703215-04:00,propline_free_sample
2026-09-04,2026-09-05 02:10:00+00:00,Jackson Kent,3.5,over,-117,rebet,192908,Los Angeles Dodgers,Washington Nationals,2026-09-05T01:18:11.040712+00:00,2026-09-05T19:16:02.703215+00:00,2026-09-05T15:16:02.703215-04:00,2026-09-05T15:16:02.703215-04:00,propline_free_sample
2026-09-04,2026-09-05 02:10:00+00:00,Jackson Kent,3.5,under,-117,rebet,192908,Los Angeles Dodgers,Washington Nationals,2026-09-05T01:18:11.040712+00:00,2026-09-05T19:16:02.703215+00:00,2026-09-05T15:16:02.703215-04:00,2026-09-05T15:16:02.703215-04:00,propline_free_sample
2026-09-04,2026-09-05 02:10:00+00:00,Blake Snell,7.5,over,-173,rebet,192908,Los Angeles Dodgers,Washington Nationals,2026-09-05T00:08:36.297755+00:00,2026-09-05T19:16:02.703215+00:00,2026-09-05T15:16:02.703215-04:00,2026-09-05T15:16:02.703215-04:00,propline_free_sample
2026-09-04,2026-09-05 02:10:00+00:00,Blake Snell,7.5,under,124,rebet,192908,Los Angeles Dodgers,Washington Nationals,2026-09-05T00:08:36.297755+00:00,2026-09-05T19:16:02.703215+00:00,2026-09-05T15:16:02.703215-04:00,2026-09-05T15:16:02.703215-04:00,propline_free_sample
2026-09-04,2026-09-05 02:10:00+00:00,Logan Gilbert,10.5,over,9900,kalshi,192909,Seattle Mariners,Athletics,2026-09-05T01:14:15.250274+00:00,2026-09-05T19:16:02.703215+00:00,2026-09-05T15:16:02.703215-04:00,2026-09-05T15:16:02.703215-04:00,propline_free_sample
2026-09-04,2026-09-05 02:10:00+00:00,Logan Gilbert,10.5,under,-1900,kalshi,192909,Seattle Mariners,Athletics,2026-09-05T02:01:00.301585+00:00,2026-09-05T19:16:02.703215+00:00,2026-09-05T15:16:02.703215-04:00,2026-09-05T15:16:02.703215-04:00,propline_free_sample
2026-09-04,2026-09-05 02:10:00+00:00,Logan Gilbert,3.5,over,-9900,kalshi,192909,Seattle Mariners,Athletics,2026-09-05T01:27:20.790564+00:00,2026-09-05T19:16:02.703215+00:00,2026-09-05T15:16:02.703215-04:00,2026-09-05T15:16:02.703215-04:00,propline_free_sample
2026-09-04,2026-09-05 02:10:00+00:00,Logan Gilbert,3.5,under,9900,kalshi,192909,Seattle Mariners,Athletics,2026-09-05T01:32:19.833481+00:00,2026-09-05T19:16:02.703215+00:00,2026-09-05T15:16:02.703215-04:00,2026-09-05T15:16:02.703215-04:00,propline_free_sample
2026-09-04,2026-09-05 02:10:00+00:00,Logan Gilbert,4.5,over,-4900,kalshi,192909,Seattle Mariners,Athletics,2026-09-05T02:07:15.515772+00:00,2026-09-05T19:16:02.703215+00:00,2026-09-05T15:16:02.703215-04:00,2026-09-05T15:16:02.703215-04:00,propline_free_sample
2026-09-04,2026-09-05 02:10:00+00:00,Logan Gilbert,4.5,under,9900,kalshi,192909,Seattle Mariners,Athletics,2026-09-05T02:09:23.526001+00:00,2026-09-05T19:16:02.703215+00:00,2026-09-05T15:16:02.703215-04:00,2026-09-05T15:16:02.703215-04:00,propline_free_sample
2026-09-04,2026-09-05 02:10:00+00:00,Logan Gilbert,5.5,over,-3233,kalshi,192909,Seattle Mariners,Athletics,2026-09-05T02:09:23.526001+00:00,2026-09-05T19:16:02.703215+00:00,2026-09-05T15:16:02.703215-04:00,2026-09-05T15:16:02.703215-04:00,propline_free_sample
2026-09-04,2026-09-05 02:10:00+00:00,Logan Gilbert,5.5,under,9900,kalshi,192909,Seattle Mariners,Athletics,2026-09-05T01:12:02.641584+00:00,2026-09-05T19:16:02.703215+00:00,2026-09-05T15:16:02.703215-04:00,2026-09-05T15:16:02.703215-04:00,propline_free_sample
2026-09-04,2026-09-05 02:10:00+00:00,Logan Gilbert,6.5,over,-2400,kalshi,192909,Seattle Mariners,Athletics,2026-09-05T00:03:47.101876+00:00,2026-09-05T19:16:02.703215+00:00,2026-09-05T15:16:02.703215-04:00,2026-09-05T15:16:02.703215-04:00,propline_free_sample
2026-09-04,2026-09-05 02:10:00+00:00,Logan Gilbert,6.5,under,9900,kalshi,192909,Seattle Mariners,Athletics,2026-09-05T00:03:47.101876+00:00,2026-09-05T19:16:02.703215+00:00,2026-09-05T15:16:02.703215-04:00,2026-09-05T15:16:02.703215-04:00,propline_free_sample
2026-09-04,2026-09-05 02:10:00+00:00,Logan Gilbert,7.5,over,-376,kalshi,192909,Seattle Mariners,Athletics,2026-09-05T02:07:15.515772+00:00,2026-09-05T19:16:02.703215+00:00,2026-09-05T15:16:02.703215-04:00,2026-09-05T15:16:02.703215-04:00,propline_free_sample
2026-09-04,2026-09-05 02:10:00+00:00,Logan Gilbert,7.5,under,9900,kalshi,192909,Seattle Mariners,Athletics,2026-09-05T02:07:15.515772+00:00,2026-09-05T19:16:02.703215+00:00,2026-09-05T15:16:02.703215-04:00,2026-09-05T15:16:02.703215-04:00,propline_free_sample
2026-09-04,2026-09-05 02:10:00+00:00,Logan Gilbert,8.5,over,-525,kalshi,192909,Seattle Mariners,Athletics,2026-09-05T01:40:59.917678+00:00,2026-09-05T19:16:02.703215+00:00,2026-09-05T15:16:02.703215-04:00,2026-09-05T15:16:02.703215-04:00,propline_free_sample
2026-09-04,2026-09-05 02:10:00+00:00,Logan Gilbert,8.5,under,9900,kalshi,192909,Seattle Mariners,Athletics,2026-09-05T01:40:59.917678+00:00,2026-09-05T19:16:02.703215+00:00,2026-09-05T15:16:02.703215-04:00,2026-09-05T15:16:02.703215-04:00,propline_free_sample
2026-09-04,2026-09-05 02:10:00+00:00,Logan Gilbert,9.5,over,-213,kalshi,192909,Seattle Mariners,Athletics,2026-09-05T02:09:23.526001+00:00,2026-09-05T19:16:02.703215+00:00,2026-09-05T15:16:02.703215-04:00,2026-09-05T15:16:02.703215-04:00,propline_free_sample
2026-09-04,2026-09-05 02:10:00+00:00,Logan Gilbert,9.5,under,9900,kalshi,192909,Seattle Mariners,Athletics,2026-09-05T00:14:43.920869+00:00,2026-09-05T19:16:02.703215+00:00,2026-09-05T15:16:02.703215-04:00,2026-09-05T15:16:02.703215-04:00,propline_free_sample
2026-09-04,2026-09-05 02:10:00+00:00,Kade Morris,2.5,over,-104,rebet,192909,Seattle Mariners,Athletics,2026-09-05T01:13:37.790121+00:00,2026-09-05T19:16:02.703215+00:00,2026-09-05T15:16:02.703215-04:00,2026-09-05T15:16:02.703215-04:00,propline_free_sample
2026-09-04,2026-09-05 02:10:00+00:00,Kade Morris,2.5,under,-133,rebet,192909,Seattle Mariners,Athletics,2026-09-05T01:13:37.790121+00:00,2026-09-05T19:16:02.703215+00:00,2026-09-05T15:16:02.703215-04:00,2026-09-05T15:16:02.703215-04:00,propline_free_sample
2026-09-04,2026-09-05 02:10:00+00:00,Logan Gilbert,6.5,over,-128,rebet,192909,Seattle Mariners,Athletics,2026-09-04T14:31:23.529491+00:00,2026-09-05T19:16:02.703215+00:00,2026-09-05T15:16:02.703215-04:00,2026-09-05T15:16:02.703215-04:00,propline_free_sample
2026-09-04,2026-09-05 02:10:00+00:00,Logan Gilbert,6.5,under,-107,rebet,192909,Seattle Mariners,Athletics,2026-09-04T14:31:23.529491+00:00,2026-09-05T19:16:02.703215+00:00,2026-09-05T15:16:02.703215-04:00,2026-09-05T15:16:02.703215-04:00,propline_free_sample
2026-09-04,2026-09-05 02:10:00+00:00,Blake Snell,8.5,over,-145,betmgm,192908,Los Angeles Dodgers,Washington Nationals,2026-09-04T15:35:23.615288+00:00,2026-09-05T19:16:02.703215+00:00,2026-09-05T15:16:02.703215-04:00,2026-09-05T15:16:02.703215-04:00,propline_free_sample
2026-09-04,2026-09-05 02:10:00+00:00,Blake Snell,8.5,under,105,betmgm,192908,Los Angeles Dodgers,Washington Nationals,2026-09-04T15:35:23.615288+00:00,2026-09-05T19:16:02.703215+00:00,2026-09-05T15:16:02.703215-04:00,2026-09-05T15:16:02.703215-04:00,propline_free_sample
2026-09-04,2026-09-05 02:10:00+00:00,Jackson Kent,3.5,over,-160,betmgm,192908,Los Angeles Dodgers,Washington Nationals,2026-09-04T22:09:23.843616+00:00,2026-09-05T19:16:02.703215+00:00,2026-09-05T15:16:02.703215-04:00,2026-09-05T15:16:02.703215-04:00,propline_free_sample
2026-09-04,2026-09-05 02:10:00+00:00,Jackson Kent,3.5,under,115,betmgm,192908,Los Angeles Dodgers,Washington Nationals,2026-09-04T22:09:23.843616+00:00,2026-09-05T19:16:02.703215+00:00,2026-09-05T15:16:02.703215-04:00,2026-09-05T15:16:02.703215-04:00,propline_free_sample
2026-09-04,2026-09-05 02:10:00+00:00,Jackson Kent,3.5,over,100,prizepicks,192908,Los Angeles Dodgers,Washington Nationals,2026-09-04T09:14:42.603350+00:00,2026-09-05T19:16:02.703215+00:00,2026-09-05T15:16:02.703215-04:00,2026-09-05T15:16:02.703215-04:00,propline_free_sample
2026-09-04,2026-09-05 02:10:00+00:00,Jackson Kent,3.5,under,100,prizepicks,192908,Los Angeles Dodgers,Washington Nationals,2026-09-04T09:14:42.603350+00:00,2026-09-05T19:16:02.703215+00:00,2026-09-05T15:16:02.703215-04:00,2026-09-05T15:16:02.703215-04:00,propline_free_sample
2026-09-04,2026-09-05 02:10:00+00:00,Blake Snell,8.5,over,106,betrivers,192908,Los Angeles Dodgers,Washington Nationals,2026-09-05T01:11:19.583118+00:00,2026-09-05T19:16:02.703215+00:00,2026-09-05T15:16:02.703215-04:00,2026-09-05T15:16:02.703215-04:00,propline_free_sample
2026-09-04,2026-09-05 02:10:00+00:00,Blake Snell,8.5,under,-141,betrivers,192908,Los Angeles Dodgers,Washington Nationals,2026-09-05T01:11:19.583118+00:00,2026-09-05T19:16:02.703215+00:00,2026-09-05T15:16:02.703215-04:00,2026-09-05T15:16:02.703215-04:00,propline_free_sample
2026-09-04,2026-09-05 02:10:00+00:00,Jackson Kent,3.5,over,-112,betrivers,192908,Los Angeles Dodgers,Washington Nationals,2026-09-05T01:11:19.583118+00:00,2026-09-05T19:16:02.703215+00:00,2026-09-05T15:16:02.703215-04:00,2026-09-05T15:16:02.703215-04:00,propline_free_sample
2026-09-04,2026-09-05 02:10:00+00:00,Jackson Kent,3.5,under,-120,betrivers,192908,Los Angeles Dodgers,Washington Nationals,2026-09-05T00:08:14.726465+00:00,2026-09-05T19:16:02.703215+00:00,2026-09-05T15:16:02.703215-04:00,2026-09-05T15:16:02.703215-04:00,propline_free_sample
2026-09-04,2026-09-05 02:10:00+00:00,Logan Gilbert,6.5,over,-120,fanduel,192909,Seattle Mariners,Athletics,2026-09-04T22:17:06.368925+00:00,2026-09-05T19:16:02.703215+00:00,2026-09-05T15:16:02.703215-04:00,2026-09-05T15:16:02.703215-04:00,propline_free_sample
2026-09-04,2026-09-05 02:10:00+00:00,Logan Gilbert,6.5,under,-106,fanduel,192909,Seattle Mariners,Athletics,2026-09-04T23:38:13.440124+00:00,2026-09-05T19:16:02.703215+00:00,2026-09-05T15:16:02.703215-04:00,2026-09-05T15:16:02.703215-04:00,propline_free_sample
2026-09-04,2026-09-05 02:10:00+00:00,Kade Morris,2.5,over,-112,prophetx,192909,Seattle Mariners,Athletics,2026-09-05T02:06:39.783440+00:00,2026-09-05T19:16:02.703215+00:00,2026-09-05T15:16:02.703215-04:00,2026-09-05T15:16:02.703215-04:00,propline_free_sample
2026-09-04,2026-09-05 02:10:00+00:00,Kade Morris,2.5,under,-115,prophetx,192909,Seattle Mariners,Athletics,2026-09-04T19:47:30.097755+00:00,2026-09-05T19:16:02.703215+00:00,2026-09-05T15:16:02.703215-04:00,2026-09-05T15:16:02.703215-04:00,propline_free_sample
2026-09-04,2026-09-05 02:10:00+00:00,Logan Gilbert,6.5,over,-122,novig,192909,Seattle Mariners,Athletics,2026-09-05T02:09:31.646078+00:00,2026-09-05T19:16:02.703215+00:00,2026-09-05T15:16:02.703215-04:00,2026-09-05T15:16:02.703215-04:00,propline_free_sample
2026-09-04,2026-09-05 02:10:00+00:00,Logan Gilbert,6.5,under,108,novig,192909,Seattle Mariners,Athletics,2026-09-05T02:09:31.646078+00:00,2026-09-05T19:16:02.703215+00:00,2026-09-05T15:16:02.703215-04:00,2026-09-05T15:16:02.703215-04:00,propline_free_sample
2026-09-04,2026-09-05 02:10:00+00:00,Logan Gilbert (SEA),6.5,over,-120,bovada,192909,Seattle Mariners,Athletics,2026-09-04T23:57:57.863995+00:00,2026-09-05T19:16:02.703215+00:00,2026-09-05T15:16:02.703215-04:00,2026-09-05T15:16:02.703215-04:00,propline_free_sample
2026-09-04,2026-09-05 02:10:00+00:00,Logan Gilbert (SEA),6.5,under,-110,bovada,192909,Seattle Mariners,Athletics,2026-09-04T23:57:57.863995+00:00,2026-09-05T19:16:02.703215+00:00,2026-09-05T15:16:02.703215-04:00,2026-09-05T15:16:02.703215-04:00,propline_free_sample
2026-09-04,2026-09-05 02:10:00+00:00,Kade Morris,1.5,over,-140,fanatics,192909,Seattle Mariners,Athletics,2026-09-05T02:09:31.148773+00:00,2026-09-05T19:16:02.703215+00:00,2026-09-05T15:16:02.703215-04:00,2026-09-05T15:16:02.703215-04:00,propline_free_sample
2026-09-04,2026-09-05 02:10:00+00:00,Kade Morris,1.5,under,105,fanatics,192909,Seattle Mariners,Athletics,2026-09-05T02:09:31.148773+00:00,2026-09-05T19:16:02.703215+00:00,2026-09-05T15:16:02.703215-04:00,2026-09-05T15:16:02.703215-04:00,propline_free_sample
2026-09-04,2026-09-05 02:10:00+00:00,Logan Gilbert,6.5,over,-115,betrivers,192909,Seattle Mariners,Athletics,2026-09-04T23:17:54.031343+00:00,2026-09-05T19:16:02.703215+00:00,2026-09-05T15:16:02.703215-04:00,2026-09-05T15:16:02.703215-04:00,propline_free_sample
2026-09-04,2026-09-05 02:10:00+00:00,Logan Gilbert,6.5,under,-115,betrivers,192909,Seattle Mariners,Athletics,2026-09-04T23:17:54.031343+00:00,2026-09-05T19:16:02.703215+00:00,2026-09-05T15:16:02.703215-04:00,2026-09-05T15:16:02.703215-04:00,propline_free_sample
2026-09-04,2026-09-05 02:10:00+00:00,Logan Gilbert,5.5,over,-264,novig,192909,Seattle Mariners,Athletics,2026-09-05T02:08:31.026058+00:00,2026-09-05T19:16:02.703215+00:00,2026-09-05T15:16:02.703215-04:00,2026-09-05T15:16:02.703215-04:00,propline_free_sample
2026-09-04,2026-09-05 02:10:00+00:00,Logan Gilbert,5.5,under,170,novig,192909,Seattle Mariners,Athletics,2026-09-05T02:04:34.807078+00:00,2026-09-05T19:16:02.703215+00:00,2026-09-05T15:16:02.703215-04:00,2026-09-05T15:16:02.703215-04:00,propline_free_sample
2026-09-04,2026-09-05 02:10:00+00:00,Logan Gilbert,7.5,over,156,novig,192909,Seattle Mariners,Athletics,2026-09-05T02:09:31.646078+00:00,2026-09-05T19:16:02.703215+00:00,2026-09-05T15:16:02.703215-04:00,2026-09-05T15:16:02.703215-04:00,propline_free_sample
2026-09-04,2026-09-05 02:10:00+00:00,Logan Gilbert,7.5,under,-213,novig,192909,Seattle Mariners,Athletics,2026-09-05T00:02:50.395362+00:00,2026-09-05T19:16:02.703215+00:00,2026-09-05T15:16:02.703215-04:00,2026-09-05T15:16:02.703215-04:00,propline_free_sample
2026-09-04,2026-09-05 02:10:00+00:00,Kade Morris,1.5,over,-160,betmgm,192909,Seattle Mariners,Athletics,2026-09-04T14:24:17.156422+00:00,2026-09-05T19:16:02.703215+00:00,2026-09-05T15:16:02.703215-04:00,2026-09-05T15:16:02.703215-04:00,propline_free_sample
2026-09-04,2026-09-05 02:10:00+00:00,Kade Morris,1.5,under,120,betmgm,192909,Seattle Mariners,Athletics,2026-09-04T14:24:17.156422+00:00,2026-09-05T19:16:02.703215+00:00,2026-09-05T15:16:02.703215-04:00,2026-09-05T15:16:02.703215-04:00,propline_free_sample
2026-09-04,2026-09-05 02:10:00+00:00,Logan Gilbert,8.5,over,-105,betmgm,192909,Seattle Mariners,Athletics,2026-09-04T22:55:53.320384+00:00,2026-09-05T19:16:02.703215+00:00,2026-09-05T15:16:02.703215-04:00,2026-09-05T15:16:02.703215-04:00,propline_free_sample
2026-09-04,2026-09-05 02:10:00+00:00,Logan Gilbert,8.5,under,-125,betmgm,192909,Seattle Mariners,Athletics,2026-09-04T22:55:53.320384+00:00,2026-09-05T19:16:02.703215+00:00,2026-09-05T15:16:02.703215-04:00,2026-09-05T15:16:02.703215-04:00,propline_free_sample
2026-09-04,2026-09-05 02:10:00+00:00,Kade Morris,2.5,over,-113,novig,192909,Seattle Mariners,Athletics,2026-09-05T01:32:18.767154+00:00,2026-09-05T19:16:02.703215+00:00,2026-09-05T15:16:02.703215-04:00,2026-09-05T15:16:02.703215-04:00,propline_free_sample
2026-09-04,2026-09-05 02:10:00+00:00,Kade Morris,2.5,under,-117,novig,192909,Seattle Mariners,Athletics,2026-09-05T01:43:17.534081+00:00,2026-09-05T19:16:02.703215+00:00,2026-09-05T15:16:02.703215-04:00,2026-09-05T15:16:02.703215-04:00,propline_free_sample
2026-09-04,2026-09-05 02:10:00+00:00,Kade Morris,2.5,over,100,betr,192909,Seattle Mariners,Athletics,2026-09-04T12:05:51.272719+00:00,2026-09-05T19:16:02.703215+00:00,2026-09-05T15:16:02.703215-04:00,2026-09-05T15:16:02.703215-04:00,propline_free_sample
2026-09-04,2026-09-05 02:10:00+00:00,Kade Morris,2.5,under,100,betr,192909,Seattle Mariners,Athletics,2026-09-04T12:05:51.272719+00:00,2026-09-05T19:16:02.703215+00:00,2026-09-05T15:16:02.703215-04:00,2026-09-05T15:16:02.703215-04:00,propline_free_sample
2026-09-04,2026-09-05 02:10:00+00:00,Blake Snell,8.5,over,100,betr,192908,Los Angeles Dodgers,Washington Nationals,2026-09-04T16:33:15.631902+00:00,2026-09-05T19:16:02.703215+00:00,2026-09-05T15:16:02.703215-04:00,2026-09-05T15:16:02.703215-04:00,propline_free_sample
2026-09-04,2026-09-05 02:10:00+00:00,Blake Snell,8.5,under,100,betr,192908,Los Angeles Dodgers,Washington Nationals,2026-09-04T16:33:15.631902+00:00,2026-09-05T19:16:02.703215+00:00,2026-09-05T15:16:02.703215-04:00,2026-09-05T15:16:02.703215-04:00,propline_free_sample
2026-09-04,2026-09-05 02:10:00+00:00,Kade Morris,3.5,under,100,prizepicks,192909,Seattle Mariners,Athletics,2026-09-04T12:10:08.423952+00:00,2026-09-05T19:16:02.703215+00:00,2026-09-05T15:16:02.703215-04:00,2026-09-05T15:16:02.703215-04:00,propline_free_sample
2026-09-04,2026-09-05 02:10:00+00:00,Kade Morris,1.5,under,100,prizepicks,192909,Seattle Mariners,Athletics,2026-09-04T12:10:08.423952+00:00,2026-09-05T19:16:02.703215+00:00,2026-09-05T15:16:02.703215-04:00,2026-09-05T15:16:02.703215-04:00,propline_free_sample
2026-09-04,2026-09-05 02:10:00+00:00,Logan Gilbert,6.5,over,-144,pinnacle,192909,Seattle Mariners,Athletics,2026-09-04T23:33:19.303494+00:00,2026-09-05T19:16:02.703215+00:00,2026-09-05T15:16:02.703215-04:00,2026-09-05T15:16:02.703215-04:00,propline_free_sample
2026-09-04,2026-09-05 02:10:00+00:00,Logan Gilbert,6.5,under,109,pinnacle,192909,Seattle Mariners,Athletics,2026-09-04T23:33:19.303494+00:00,2026-09-05T19:16:02.703215+00:00,2026-09-05T15:16:02.703215-04:00,2026-09-05T15:16:02.703215-04:00,propline_free_sample
2026-09-04,2026-09-05 02:10:00+00:00,Blake Snell,7.5,over,-183,pinnacle,192908,Los Angeles Dodgers,Washington Nationals,2026-09-04T23:38:09.144219+00:00,2026-09-05T19:16:02.703215+00:00,2026-09-05T15:16:02.703215-04:00,2026-09-05T15:16:02.703215-04:00,propline_free_sample
2026-09-04,2026-09-05 02:10:00+00:00,Blake Snell,7.5,under,136,pinnacle,192908,Los Angeles Dodgers,Washington Nationals,2026-09-05T01:54:12.334603+00:00,2026-09-05T19:16:02.703215+00:00,2026-09-05T15:16:02.703215-04:00,2026-09-05T15:16:02.703215-04:00,propline_free_sample
2026-09-04,2026-09-05 02:10:00+00:00,Jackson Kent,3.5,over,-105,pinnacle,192908,Los Angeles Dodgers,Washington Nationals,2026-09-04T14:49:00.641371+00:00,2026-09-05T19:16:02.703215+00:00,2026-09-05T15:16:02.703215-04:00,2026-09-05T15:16:02.703215-04:00,propline_free_sample
2026-09-04,2026-09-05 02:10:00+00:00,Jackson Kent,3.5,under,-126,pinnacle,192908,Los Angeles Dodgers,Washington Nationals,2026-09-04T14:49:00.641371+00:00,2026-09-05T19:16:02.703215+00:00,2026-09-05T15:16:02.703215-04:00,2026-09-05T15:16:02.703215-04:00,propline_free_sample
2026-09-04,2026-09-05 02:10:00+00:00,Jackson Kent,3.5,over,100,betr,192908,Los Angeles Dodgers,Washington Nationals,2026-09-04T13:41:10.758603+00:00,2026-09-05T19:16:02.703215+00:00,2026-09-05T15:16:02.703215-04:00,2026-09-05T15:16:02.703215-04:00,propline_free_sample
2026-09-04,2026-09-05 02:10:00+00:00,Jackson Kent,3.5,under,100,betr,192908,Los Angeles Dodgers,Washington Nationals,2026-09-04T13:41:10.758603+00:00,2026-09-05T19:16:02.703215+00:00,2026-09-05T15:16:02.703215-04:00,2026-09-05T15:16:02.703215-04:00,propline_free_sample
2026-09-04,2026-09-05 02:10:00+00:00,Blake Snell,8.0,over,-320,prophetx,192908,Los Angeles Dodgers,Washington Nationals,2026-09-04T22:25:18.933591+00:00,2026-09-05T19:16:02.703215+00:00,2026-09-05T15:16:02.703215-04:00,2026-09-05T15:16:02.703215-04:00,propline_free_sample
2026-09-04,2026-09-05 02:10:00+00:00,Blake Snell,8.0,under,-122,prophetx,192908,Los Angeles Dodgers,Washington Nationals,2026-09-04T22:00:47.228910+00:00,2026-09-05T19:16:02.703215+00:00,2026-09-05T15:16:02.703215-04:00,2026-09-05T15:16:02.703215-04:00,propline_free_sample
2026-09-04,2026-09-05 02:10:00+00:00,Blake Snell (LAD),8.5,over,-105,betonlineag,192908,Los Angeles Dodgers,Washington Nationals,2026-09-05T01:29:56.068418+00:00,2026-09-05T19:16:02.703215+00:00,2026-09-05T15:16:02.703215-04:00,2026-09-05T15:16:02.703215-04:00,propline_free_sample
2026-09-04,2026-09-05 02:10:00+00:00,Blake Snell (LAD),8.5,under,-135,betonlineag,192908,Los Angeles Dodgers,Washington Nationals,2026-09-05T01:29:56.068418+00:00,2026-09-05T19:16:02.703215+00:00,2026-09-05T15:16:02.703215-04:00,2026-09-05T15:16:02.703215-04:00,propline_free_sample
2026-09-04,2026-09-05 02:10:00+00:00,Jackson Kent (WSH),3.5,over,-125,betonlineag,192908,Los Angeles Dodgers,Washington Nationals,2026-09-04T18:28:38.640565+00:00,2026-09-05T19:16:02.703215+00:00,2026-09-05T15:16:02.703215-04:00,2026-09-05T15:16:02.703215-04:00,propline_free_sample
2026-09-04,2026-09-05 02:10:00+00:00,Jackson Kent (WSH),3.5,under,-115,betonlineag,192908,Los Angeles Dodgers,Washington Nationals,2026-09-04T18:28:38.640565+00:00,2026-09-05T19:16:02.703215+00:00,2026-09-05T15:16:02.703215-04:00,2026-09-05T15:16:02.703215-04:00,propline_free_sample
2026-09-04,2026-09-05 02:10:00+00:00,Blake Snell (LAD),8.5,over,-105,lowvig,192908,Los Angeles Dodgers,Washington Nationals,2026-09-05T01:30:02.188491+00:00,2026-09-05T19:16:02.703215+00:00,2026-09-05T15:16:02.703215-04:00,2026-09-05T15:16:02.703215-04:00,propline_free_sample
2026-09-04,2026-09-05 02:10:00+00:00,Blake Snell (LAD),8.5,under,-135,lowvig,192908,Los Angeles Dodgers,Washington Nationals,2026-09-05T01:30:02.188491+00:00,2026-09-05T19:16:02.703215+00:00,2026-09-05T15:16:02.703215-04:00,2026-09-05T15:16:02.703215-04:00,propline_free_sample
2026-09-04,2026-09-05 02:10:00+00:00,Jackson Kent (WSH),3.5,over,-125,lowvig,192908,Los Angeles Dodgers,Washington Nationals,2026-09-04T18:28:44.528764+00:00,2026-09-05T19:16:02.703215+00:00,2026-09-05T15:16:02.703215-04:00,2026-09-05T15:16:02.703215-04:00,propline_free_sample
2026-09-04,2026-09-05 02:10:00+00:00,Jackson Kent (WSH),3.5,under,-115,lowvig,192908,Los Angeles Dodgers,Washington Nationals,2026-09-04T18:28:44.528764+00:00,2026-09-05T19:16:02.703215+00:00,2026-09-05T15:16:02.703215-04:00,2026-09-05T15:16:02.703215-04:00,propline_free_sample
2026-09-04,2026-09-05 02:10:00+00:00,Logan Gilbert (SEA),6.5,over,-120,betonlineag,192909,Seattle Mariners,Athletics,2026-09-04T16:19:09.587308+00:00,2026-09-05T19:16:02.703215+00:00,2026-09-05T15:16:02.703215-04:00,2026-09-05T15:16:02.703215-04:00,propline_free_sample
2026-09-04,2026-09-05 02:10:00+00:00,Logan Gilbert (SEA),6.5,under,-120,betonlineag,192909,Seattle Mariners,Athletics,2026-09-04T16:19:09.587308+00:00,2026-09-05T19:16:02.703215+00:00,2026-09-05T15:16:02.703215-04:00,2026-09-05T15:16:02.703215-04:00,propline_free_sample
2026-09-04,2026-09-05 02:10:00+00:00,Logan Gilbert (SEA),6.5,over,-120,lowvig,192909,Seattle Mariners,Athletics,2026-09-04T16:19:09.592016+00:00,2026-09-05T19:16:02.703215+00:00,2026-09-05T15:16:02.703215-04:00,2026-09-05T15:16:02.703215-04:00,propline_free_sample
2026-09-04,2026-09-05 02:10:00+00:00,Logan Gilbert (SEA),6.5,under,-120,lowvig,192909,Seattle Mariners,Athletics,2026-09-04T16:19:09.592016+00:00,2026-09-05T19:16:02.703215+00:00,2026-09-05T15:16:02.703215-04:00,2026-09-05T15:16:02.703215-04:00,propline_free_sample
2026-09-04,2026-09-05 02:10:00+00:00,Kade Morris,3.5,over,9900,kalshi,192909,Seattle Mariners,Athletics,2026-09-05T01:42:58.292399+00:00,2026-09-05T19:16:02.703215+00:00,2026-09-05T15:16:02.703215-04:00,2026-09-05T15:16:02.703215-04:00,propline_free_sample
2026-09-04,2026-09-05 02:10:00+00:00,Kade Morris,3.5,under,-2400,kalshi,192909,Seattle Mariners,Athletics,2026-09-05T01:45:51.629858+00:00,2026-09-05T19:16:02.703215+00:00,2026-09-05T15:16:02.703215-04:00,2026-09-05T15:16:02.703215-04:00,propline_free_sample
2026-09-04,2026-09-05 02:10:00+00:00,Kade Morris,4.5,over,9900,kalshi,192909,Seattle Mariners,Athletics,2026-09-05T00:09:10.726801+00:00,2026-09-05T19:16:02.703215+00:00,2026-09-05T15:16:02.703215-04:00,2026-09-05T15:16:02.703215-04:00,propline_free_sample
2026-09-04,2026-09-05 02:10:00+00:00,Kade Morris,4.5,under,-1900,kalshi,192909,Seattle Mariners,Athletics,2026-09-05T00:09:10.726801+00:00,2026-09-05T19:16:02.703215+00:00,2026-09-05T15:16:02.703215-04:00,2026-09-05T15:16:02.703215-04:00,propline_free_sample
2026-09-04,2026-09-05 02:10:00+00:00,Kade Morris,5.5,over,9900,kalshi,192909,Seattle Mariners,Athletics,2026-09-04T23:29:41.629445+00:00,2026-09-05T19:16:02.703215+00:00,2026-09-05T15:16:02.703215-04:00,2026-09-05T15:16:02.703215-04:00,propline_free_sample
2026-09-04,2026-09-05 02:10:00+00:00,Kade Morris,5.5,under,-4900,kalshi,192909,Seattle Mariners,Athletics,2026-09-04T23:39:24.933448+00:00,2026-09-05T19:16:02.703215+00:00,2026-09-05T15:16:02.703215-04:00,2026-09-05T15:16:02.703215-04:00,propline_free_sample
2026-09-04,2026-09-05 02:10:00+00:00,Kade Morris,0.5,over,9900,kalshi,192909,Seattle Mariners,Athletics,2026-09-04T23:18:42.545411+00:00,2026-09-05T19:16:02.703215+00:00,2026-09-05T15:16:02.703215-04:00,2026-09-05T15:16:02.703215-04:00,propline_free_sample
2026-09-04,2026-09-05 02:10:00+00:00,Kade Morris,0.5,under,-1150,kalshi,192909,Seattle Mariners,Athletics,2026-09-04T22:32:06.392889+00:00,2026-09-05T19:16:02.703215+00:00,2026-09-05T15:16:02.703215-04:00,2026-09-05T15:16:02.703215-04:00,propline_free_sample
2026-09-04,2026-09-05 02:10:00+00:00,Kade Morris,1.5,over,9900,kalshi,192909,Seattle Mariners,Athletics,2026-09-05T00:21:52.979968+00:00,2026-09-05T19:16:02.703215+00:00,2026-09-05T15:16:02.703215-04:00,2026-09-05T15:16:02.703215-04:00,propline_free_sample
2026-09-04,2026-09-05 02:10:00+00:00,Kade Morris,1.5,under,-1900,kalshi,192909,Seattle Mariners,Athletics,2026-09-04T22:46:36.588523+00:00,2026-09-05T19:16:02.703215+00:00,2026-09-05T15:16:02.703215-04:00,2026-09-05T15:16:02.703215-04:00,propline_free_sample
2026-09-04,2026-09-05 02:10:00+00:00,Kade Morris,2.5,over,9900,kalshi,192909,Seattle Mariners,Athletics,2026-09-05T02:09:23.526001+00:00,2026-09-05T19:16:02.703215+00:00,2026-09-05T15:16:02.703215-04:00,2026-09-05T15:16:02.703215-04:00,propline_free_sample
2026-09-04,2026-09-05 02:10:00+00:00,Kade Morris,2.5,under,-900,kalshi,192909,Seattle Mariners,Athletics,2026-09-05T01:30:35.141303+00:00,2026-09-05T19:16:02.703215+00:00,2026-09-05T15:16:02.703215-04:00,2026-09-05T15:16:02.703215-04:00,propline_free_sample
2026-09-04,2026-09-05 02:10:00+00:00,Kade Morris,3.5,over,257,novig,192909,Seattle Mariners,Athletics,2026-09-05T02:09:08.058520+00:00,2026-09-05T19:16:02.703215+00:00,2026-09-05T15:16:02.703215-04:00,2026-09-05T15:16:02.703215-04:00,propline_free_sample
2026-09-04,2026-09-05 02:10:00+00:00,Kade Morris,3.5,under,-376,novig,192909,Seattle Mariners,Athletics,2026-09-05T00:05:49.341986+00:00,2026-09-05T19:16:02.703215+00:00,2026-09-05T15:16:02.703215-04:00,2026-09-05T15:16:02.703215-04:00,propline_free_sample
2026-09-04,2026-09-05 02:10:00+00:00,Kade Morris,2.5,over,100,prizepicks,192909,Seattle Mariners,Athletics,2026-09-04T20:52:18.992987+00:00,2026-09-05T19:16:02.703215+00:00,2026-09-05T15:16:02.703215-04:00,2026-09-05T15:16:02.703215-04:00,propline_free_sample
2026-09-04,2026-09-05 02:10:00+00:00,Kade Morris,2.5,under,100,prizepicks,192909,Seattle Mariners,Athletics,2026-09-04T20:52:18.992987+00:00,2026-09-05T19:16:02.703215+00:00,2026-09-05T15:16:02.703215-04:00,2026-09-05T15:16:02.703215-04:00,propline_free_sample
2026-09-04,2026-09-05 02:10:00+00:00,Blake Snell,8.5,over,-108,smarkets,192908,Los Angeles Dodgers,Washington Nationals,2026-09-05T01:26:12.190748+00:00,2026-09-05T19:16:02.703215+00:00,2026-09-05T15:16:02.703215-04:00,2026-09-05T15:16:02.703215-04:00,propline_free_sample
2026-09-04,2026-09-05 02:10:00+00:00,Blake Snell,8.5,under,-130,smarkets,192908,Los Angeles Dodgers,Washington Nationals,2026-09-05T01:26:12.190748+00:00,2026-09-05T19:16:02.703215+00:00,2026-09-05T15:16:02.703215-04:00,2026-09-05T15:16:02.703215-04:00,propline_free_sample
2026-09-04,2026-09-05 02:10:00+00:00,Kade Morris,1.5,over,-277,novig,192909,Seattle Mariners,Athletics,2026-09-04T23:26:01.415088+00:00,2026-09-05T19:16:02.703215+00:00,2026-09-05T15:16:02.703215-04:00,2026-09-05T15:16:02.703215-04:00,propline_free_sample
2026-09-04,2026-09-05 02:10:00+00:00,Kade Morris,1.5,under,170,novig,192909,Seattle Mariners,Athletics,2026-09-04T23:39:11.135192+00:00,2026-09-05T19:16:02.703215+00:00,2026-09-05T15:16:02.703215-04:00,2026-09-05T15:16:02.703215-04:00,propline_free_sample
2026-09-04,2026-09-05 02:10:00+00:00,Blake Snell,8.5,over,100,prophetx,192908,Los Angeles Dodgers,Washington Nationals,2026-09-05T02:02:06.677748+00:00,2026-09-05T19:16:02.703215+00:00,2026-09-05T15:16:02.703215-04:00,2026-09-05T15:16:02.703215-04:00,propline_free_sample
2026-09-04,2026-09-05 02:10:00+00:00,Blake Snell,8.5,under,-104,prophetx,192908,Los Angeles Dodgers,Washington Nationals,2026-09-05T01:21:27.620455+00:00,2026-09-05T19:16:02.703215+00:00,2026-09-05T15:16:02.703215-04:00,2026-09-05T15:16:02.703215-04:00,propline_free_sample
2026-09-04,2026-09-05 02:10:00+00:00,Blake Snell,8.5,over,-111,rebet,192908,Los Angeles Dodgers,Washington Nationals,2026-09-05T01:52:45.983518+00:00,2026-09-05T19:16:02.703215+00:00,2026-09-05T15:16:02.703215-04:00,2026-09-05T15:16:02.703215-04:00,propline_free_sample
2026-09-04,2026-09-05 02:10:00+00:00,Blake Snell,8.5,under,-124,rebet,192908,Los Angeles Dodgers,Washington Nationals,2026-09-05T01:52:45.983518+00:00,2026-09-05T19:16:02.703215+00:00,2026-09-05T15:16:02.703215-04:00,2026-09-05T15:16:02.703215-04:00,propline_free_sample
2026-09-04,2026-09-05 02:10:00+00:00,Kade Morris,2.5,over,111,pinnacle,192909,Seattle Mariners,Athletics,,2026-09-05T19:16:02.703215+00:00,2026-09-05T15:16:02.703215-04:00,2026-09-05T15:16:02.703215-04:00,propline_free_sample
2026-09-04,2026-09-05 02:10:00+00:00,Kade Morris,2.5,under,-141,pinnacle,192909,Seattle Mariners,Athletics,,2026-09-05T19:16:02.703215+00:00,2026-09-05T15:16:02.703215-04:00,2026-09-05T15:16:02.703215-04:00,propline_free_sample
2026-09-04,2026-09-05 01:40:00+00:00,Max Fried,4.5,over,134,fanduel,192792,San Diego Padres,New York Yankees,2026-09-05T01:01:55.832111+00:00,2026-09-05T19:16:02.703215+00:00,2026-09-05T15:16:02.703215-04:00,2026-09-05T15:16:02.703215-04:00,propline_free_sample
2026-09-04,2026-09-05 01:40:00+00:00,Max Fried,4.5,under,-172,fanduel,192792,San Diego Padres,New York Yankees,2026-09-05T01:01:55.832111+00:00,2026-09-05T19:16:02.703215+00:00,2026-09-05T15:16:02.703215-04:00,2026-09-05T15:16:02.703215-04:00,propline_free_sample
2026-09-04,2026-09-05 01:40:00+00:00,Walker Buehler,4.5,over,100,fanduel,192792,San Diego Padres,New York Yankees,2026-09-05T01:01:55.832111+00:00,2026-09-05T19:16:02.703215+00:00,2026-09-05T15:16:02.703215-04:00,2026-09-05T15:16:02.703215-04:00,propline_free_sample
2026-09-04,2026-09-05 01:40:00+00:00,Walker Buehler,4.5,under,-128,fanduel,192792,San Diego Padres,New York Yankees,2026-09-05T01:01:55.832111+00:00,2026-09-05T19:16:02.703215+00:00,2026-09-05T15:16:02.703215-04:00,2026-09-05T15:16:02.703215-04:00,propline_free_sample
2026-09-04,2026-09-05 01:40:00+00:00,Max Fried,4.0,over,100,prizepicks,192792,San Diego Padres,New York Yankees,2026-09-04T11:24:46.230171+00:00,2026-09-05T19:16:02.703215+00:00,2026-09-05T15:16:02.703215-04:00,2026-09-05T15:16:02.703215-04:00,propline_free_sample
2026-09-04,2026-09-05 01:40:00+00:00,Walker Buehler,4.5,over,100,prizepicks,192792,San Diego Padres,New York Yankees,2026-09-04T00:02:46.949532+00:00,2026-09-05T19:16:02.703215+00:00,2026-09-05T15:16:02.703215-04:00,2026-09-05T15:16:02.703215-04:00,propline_free_sample
2026-09-04,2026-09-05 01:40:00+00:00,Max Fried,4.0,under,100,prizepicks,192792,San Diego Padres,New York Yankees,2026-09-04T11:24:46.230171+00:00,2026-09-05T19:16:02.703215+00:00,2026-09-05T15:16:02.703215-04:00,2026-09-05T15:16:02.703215-04:00,propline_free_sample
2026-09-04,2026-09-05 01:40:00+00:00,Walker Buehler,4.5,under,100,prizepicks,192792,San Diego Padres,New York Yankees,2026-09-04T00:02:46.949532+00:00,2026-09-05T19:16:02.703215+00:00,2026-09-05T15:16:02.703215-04:00,2026-09-05T15:16:02.703215-04:00,propline_free_sample
2026-09-04,2026-09-05 01:40:00+00:00,Max Fried,5.5,over,100,prizepicks,192792,San Diego Padres,New York Yankees,2026-09-04T00:02:46.949532+00:00,2026-09-05T19:16:02.703215+00:00,2026-09-05T15:16:02.703215-04:00,2026-09-05T15:16:02.703215-04:00,propline_free_sample
2026-09-04,2026-09-05 01:40:00+00:00,Walker Buehler,5.5,over,100,prizepicks,192792,San Diego Padres,New York Yankees,2026-09-04T00:02:46.949532+00:00,2026-09-05T19:16:02.703215+00:00,2026-09-05T15:16:02.703215-04:00,2026-09-05T15:16:02.703215-04:00,propline_free_sample
2026-09-04,2026-09-05 01:40:00+00:00,Max Fried,6.5,over,100,prizepicks,192792,San Diego Padres,New York Yankees,2026-09-04T00:02:46.949532+00:00,2026-09-05T19:16:02.703215+00:00,2026-09-05T15:16:02.703215-04:00,2026-09-05T15:16:02.703215-04:00,propline_free_sample
2026-09-04,2026-09-05 01:40:00+00:00,Walker Buehler,6.5,over,100,prizepicks,192792,San Diego Padres,New York Yankees,2026-09-04T00:02:46.949532+00:00,2026-09-05T19:16:02.703215+00:00,2026-09-05T15:16:02.703215-04:00,2026-09-05T15:16:02.703215-04:00,propline_free_sample
2026-09-04,2026-09-05 01:40:00+00:00,Max Fried,7.5,over,100,prizepicks,192792,San Diego Padres,New York Yankees,2026-09-04T00:02:46.949532+00:00,2026-09-05T19:16:02.703215+00:00,2026-09-05T15:16:02.703215-04:00,2026-09-05T15:16:02.703215-04:00,propline_free_sample
2026-09-04,2026-09-05 01:40:00+00:00,Max Fried,3.5,over,100,prizepicks,192792,San Diego Padres,New York Yankees,2026-09-04T00:02:46.949532+00:00,2026-09-05T19:16:02.703215+00:00,2026-09-05T15:16:02.703215-04:00,2026-09-05T15:16:02.703215-04:00,propline_free_sample
2026-09-04,2026-09-05 01:40:00+00:00,Walker Buehler,3.5,over,100,prizepicks,192792,San Diego Padres,New York Yankees,2026-09-04T00:02:46.949532+00:00,2026-09-05T19:16:02.703215+00:00,2026-09-05T15:16:02.703215-04:00,2026-09-05T15:16:02.703215-04:00,propline_free_sample
2026-09-04,2026-09-05 01:40:00+00:00,Max Fried (NYY),4.5,over,130,bovada,192792,San Diego Padres,New York Yankees,2026-09-04T20:26:09.866833+00:00,2026-09-05T19:16:02.703215+00:00,2026-09-05T15:16:02.703215-04:00,2026-09-05T15:16:02.703215-04:00,propline_free_sample
2026-09-04,2026-09-05 01:40:00+00:00,Max Fried (NYY),4.5,under,-170,bovada,192792,San Diego Padres,New York Yankees,2026-09-04T20:26:09.866833+00:00,2026-09-05T19:16:02.703215+00:00,2026-09-05T15:16:02.703215-04:00,2026-09-05T15:16:02.703215-04:00,propline_free_sample
2026-09-04,2026-09-05 01:40:00+00:00,Walker Buehler (SD),4.5,over,100,bovada,192792,San Diego Padres,New York Yankees,2026-09-04T23:36:30.027538+00:00,2026-09-05T19:16:02.703215+00:00,2026-09-05T15:16:02.703215-04:00,2026-09-05T15:16:02.703215-04:00,propline_free_sample
2026-09-04,2026-09-05 01:40:00+00:00,Walker Buehler (SD),4.5,under,-130,bovada,192792,San Diego Padres,New York Yankees,2026-09-04T23:36:30.027538+00:00,2026-09-05T19:16:02.703215+00:00,2026-09-05T15:16:02.703215-04:00,2026-09-05T15:16:02.703215-04:00,propline_free_sample
2026-09-04,2026-09-05 01:40:00+00:00,Max Fried,5.5,under,100,prizepicks,192792,San Diego Padres,New York Yankees,2026-09-04T00:14:32.132681+00:00,2026-09-05T19:16:02.703215+00:00,2026-09-05T15:16:02.703215-04:00,2026-09-05T15:16:02.703215-04:00,propline_free_sample
2026-09-04,2026-09-05 01:40:00+00:00,Walker Buehler,5.5,under,100,prizepicks,192792,San Diego Padres,New York Yankees,2026-09-04T00:14:32.132681+00:00,2026-09-05T19:16:02.703215+00:00,2026-09-05T15:16:02.703215-04:00,2026-09-05T15:16:02.703215-04:00,propline_free_sample
2026-09-04,2026-09-05 01:40:00+00:00,Max Fried,6.5,under,100,prizepicks,192792,San Diego Padres,New York Yankees,2026-09-04T00:14:32.132681+00:00,2026-09-05T19:16:02.703215+00:00,2026-09-05T15:16:02.703215-04:00,2026-09-05T15:16:02.703215-04:00,propline_free_sample
2026-09-04,2026-09-05 01:40:00+00:00,Walker Buehler,6.5,under,100,prizepicks,192792,San Diego Padres,New York Yankees,2026-09-04T00:14:32.132681+00:00,2026-09-05T19:16:02.703215+00:00,2026-09-05T15:16:02.703215-04:00,2026-09-05T15:16:02.703215-04:00,propline_free_sample
2026-09-04,2026-09-05 01:40:00+00:00,Walker Buehler,7.5,over,100,prizepicks,192792,San Diego Padres,New York Yankees,2026-09-04T00:14:32.132681+00:00,2026-09-05T19:16:02.703215+00:00,2026-09-05T15:16:02.703215-04:00,2026-09-05T15:16:02.703215-04:00,propline_free_sample
2026-09-04,2026-09-05 01:40:00+00:00,Max Fried,3.5,under,100,prizepicks,192792,San Diego Padres,New York Yankees,2026-09-04T00:14:32.132681+00:00,2026-09-05T19:16:02.703215+00:00,2026-09-05T15:16:02.703215-04:00,2026-09-05T15:16:02.703215-04:00,propline_free_sample
2026-09-04,2026-09-05 01:40:00+00:00,Walker Buehler,3.5,under,100,prizepicks,192792,San Diego Padres,New York Yankees,2026-09-04T00:14:32.132681+00:00,2026-09-05T19:16:02.703215+00:00,2026-09-05T15:16:02.703215-04:00,2026-09-05T15:16:02.703215-04:00,propline_free_sample
2026-09-04,2026-09-05 01:40:00+00:00,Max Fried,8.5,over,100,prizepicks,192792,San Diego Padres,New York Yankees,2026-09-04T00:14:32.132681+00:00,2026-09-05T19:16:02.703215+00:00,2026-09-05T15:16:02.703215-04:00,2026-09-05T15:16:02.703215-04:00,propline_free_sample
2026-09-04,2026-09-05 01:40:00+00:00,Walker Buehler,8.5,over,100,prizepicks,192792,San Diego Padres,New York Yankees,2026-09-04T00:14:32.132681+00:00,2026-09-05T19:16:02.703215+00:00,2026-09-05T15:16:02.703215-04:00,2026-09-05T15:16:02.703215-04:00,propline_free_sample
2026-09-04,2026-09-05 01:40:00+00:00,Max Fried,2.5,over,100,prizepicks,192792,San Diego Padres,New York Yankees,2026-09-04T00:14:32.132681+00:00,2026-09-05T19:16:02.703215+00:00,2026-09-05T15:16:02.703215-04:00,2026-09-05T15:16:02.703215-04:00,propline_free_sample
2026-09-04,2026-09-05 01:40:00+00:00,Walker Buehler,2.5,over,100,prizepicks,192792,San Diego Padres,New York Yankees,2026-09-04T00:14:32.132681+00:00,2026-09-05T19:16:02.703215+00:00,2026-09-05T15:16:02.703215-04:00,2026-09-05T15:16:02.703215-04:00,propline_free_sample
2026-09-04,2026-09-05 01:40:00+00:00,Max Fried,2.5,under,100,prizepicks,192792,San Diego Padres,New York Yankees,2026-09-04T00:14:32.132681+00:00,2026-09-05T19:16:02.703215+00:00,2026-09-05T15:16:02.703215-04:00,2026-09-05T15:16:02.703215-04:00,propline_free_sample
2026-09-04,2026-09-05 01:40:00+00:00,Walker Buehler,2.5,under,100,prizepicks,192792,San Diego Padres,New York Yankees,2026-09-04T00:14:32.132681+00:00,2026-09-05T19:16:02.703215+00:00,2026-09-05T15:16:02.703215-04:00,2026-09-05T15:16:02.703215-04:00,propline_free_sample
2026-09-04,2026-09-05 01:40:00+00:00,Walker Buehler,4.5,over,-109,sleeper,192792,San Diego Padres,New York Yankees,2026-09-05T01:28:32.985701+00:00,2026-09-05T19:16:02.703215+00:00,2026-09-05T15:16:02.703215-04:00,2026-09-05T15:16:02.703215-04:00,propline_free_sample
2026-09-04,2026-09-05 01:40:00+00:00,Walker Buehler,4.5,under,-152,sleeper,192792,San Diego Padres,New York Yankees,2026-09-05T01:13:06.085892+00:00,2026-09-05T19:16:02.703215+00:00,2026-09-05T15:16:02.703215-04:00,2026-09-05T15:16:02.703215-04:00,propline_free_sample
2026-09-04,2026-09-05 01:40:00+00:00,Walker Buehler,4.5,over,122,novig,192792,San Diego Padres,New York Yankees,2026-09-05T01:36:31.126353+00:00,2026-09-05T19:16:02.703215+00:00,2026-09-05T15:16:02.703215-04:00,2026-09-05T15:16:02.703215-04:00,propline_free_sample
2026-09-04,2026-09-05 01:40:00+00:00,Walker Buehler,4.5,under,-125,novig,192792,San Diego Padres,New York Yankees,2026-09-05T01:14:09.613623+00:00,2026-09-05T19:16:02.703215+00:00,2026-09-05T15:16:02.703215-04:00,2026-09-05T15:16:02.703215-04:00,propline_free_sample
2026-09-04,2026-09-05 01:40:00+00:00,Walker Buehler,5.5,over,251,novig,192792,San Diego Padres,New York Yankees,2026-09-05T01:12:35.089314+00:00,2026-09-05T19:16:02.703215+00:00,2026-09-05T15:16:02.703215-04:00,2026-09-05T15:16:02.703215-04:00,propline_free_sample
2026-09-04,2026-09-05 01:40:00+00:00,Walker Buehler,5.5,under,-270,novig,192792,San Diego Padres,New York Yankees,2026-09-05T01:28:00.975001+00:00,2026-09-05T19:16:02.703215+00:00,2026-09-05T15:16:02.703215-04:00,2026-09-05T15:16:02.703215-04:00,propline_free_sample
2026-09-04,2026-09-05 01:40:00+00:00,Max Fried,4.5,over,141,novig,192792,San Diego Padres,New York Yankees,2026-09-05T01:39:47.853945+00:00,2026-09-05T19:16:02.703215+00:00,2026-09-05T15:16:02.703215-04:00,2026-09-05T15:16:02.703215-04:00,propline_free_sample
2026-09-04,2026-09-05 01:40:00+00:00,Max Fried,4.5,under,-156,novig,192792,San Diego Padres,New York Yankees,2026-09-05T01:38:14.563199+00:00,2026-09-05T19:16:02.703215+00:00,2026-09-05T15:16:02.703215-04:00,2026-09-05T15:16:02.703215-04:00,propline_free_sample
2026-09-04,2026-09-05 01:40:00+00:00,Max Fried,4.5,over,146,prophetx,192792,San Diego Padres,New York Yankees,2026-09-05T01:38:25.473339+00:00,2026-09-05T19:16:02.703215+00:00,2026-09-05T15:16:02.703215-04:00,2026-09-05T15:16:02.703215-04:00,propline_free_sample
2026-09-04,2026-09-05 01:40:00+00:00,Max Fried,4.5,under,-148,prophetx,192792,San Diego Padres,New York Yankees,2026-09-05T01:38:25.473339+00:00,2026-09-05T19:16:02.703215+00:00,2026-09-05T15:16:02.703215-04:00,2026-09-05T15:16:02.703215-04:00,propline_free_sample
2026-09-04,2026-09-05 01:40:00+00:00,Walker Buehler,4.5,over,109,prophetx,192792,San Diego Padres,New York Yankees,2026-09-05T01:38:25.473339+00:00,2026-09-05T19:16:02.703215+00:00,2026-09-05T15:16:02.703215-04:00,2026-09-05T15:16:02.703215-04:00,propline_free_sample
2026-09-04,2026-09-05 01:40:00+00:00,Walker Buehler,4.5,under,-125,prophetx,192792,San Diego Padres,New York Yankees,2026-09-05T01:32:05.377491+00:00,2026-09-05T19:16:02.703215+00:00,2026-09-05T15:16:02.703215-04:00,2026-09-05T15:16:02.703215-04:00,propline_free_sample
2026-09-04,2026-09-05 01:40:00+00:00,Max Fried,4.5,over,100,prizepicks,192792,San Diego Padres,New York Yankees,2026-09-04T03:15:08.357748+00:00,2026-09-05T19:16:02.703215+00:00,2026-09-05T15:16:02.703215-04:00,2026-09-05T15:16:02.703215-04:00,propline_free_sample
2026-09-04,2026-09-05 01:40:00+00:00,Max Fried,4.5,under,100,prizepicks,192792,San Diego Padres,New York Yankees,2026-09-04T03:15:08.357748+00:00,2026-09-05T19:16:02.703215+00:00,2026-09-05T15:16:02.703215-04:00,2026-09-05T15:16:02.703215-04:00,propline_free_sample
2026-09-04,2026-09-05 01:40:00+00:00,Max Fried,4.5,over,143,dabble,192792,San Diego Padres,New York Yankees,2026-09-05T01:37:50.826973+00:00,2026-09-05T19:16:02.703215+00:00,2026-09-05T15:16:02.703215-04:00,2026-09-05T15:16:02.703215-04:00,propline_free_sample
2026-09-04,2026-09-05 01:40:00+00:00,Walker Buehler,4.5,over,122,dabble,192792,San Diego Padres,New York Yankees,2026-09-05T01:37:50.826973+00:00,2026-09-05T19:16:02.703215+00:00,2026-09-05T15:16:02.703215-04:00,2026-09-05T15:16:02.703215-04:00,propline_free_sample
2026-09-04,2026-09-05 01:40:00+00:00,Max Fried,4.5,under,-141,dabble,192792,San Diego Padres,New York Yankees,2026-09-05T01:37:50.826973+00:00,2026-09-05T19:16:02.703215+00:00,2026-09-05T15:16:02.703215-04:00,2026-09-05T15:16:02.703215-04:00,propline_free_sample
2026-09-04,2026-09-05 01:40:00+00:00,Walker Buehler,4.5,under,-120,dabble,192792,San Diego Padres,New York Yankees,2026-09-05T01:37:50.826973+00:00,2026-09-05T19:16:02.703215+00:00,2026-09-05T15:16:02.703215-04:00,2026-09-05T15:16:02.703215-04:00,propline_free_sample
2026-09-04,2026-09-05 01:40:00+00:00,Max Fried,5.5,over,277,underdog,192792,San Diego Padres,New York Yankees,2026-09-05T01:39:34.009184+00:00,2026-09-05T19:16:02.703215+00:00,2026-09-05T15:16:02.703215-04:00,2026-09-05T15:16:02.703215-04:00,propline_free_sample
2026-09-04,2026-09-05 01:40:00+00:00,Walker Buehler,4.5,over,105,underdog,192792,San Diego Padres,New York Yankees,2026-09-05T00:54:07.917273+00:00,2026-09-05T19:16:02.703215+00:00,2026-09-05T15:16:02.703215-04:00,2026-09-05T15:16:02.703215-04:00,propline_free_sample
2026-09-04,2026-09-05 01:40:00+00:00,Max Fried,5.5,under,-477,underdog,192792,San Diego Padres,New York Yankees,2026-09-05T01:39:34.009184+00:00,2026-09-05T19:16:02.703215+00:00,2026-09-05T15:16:02.703215-04:00,2026-09-05T15:16:02.703215-04:00,propline_free_sample
2026-09-04,2026-09-05 01:40:00+00:00,Walker Buehler,4.5,under,-143,underdog,192792,San Diego Padres,New York Yankees,2026-09-05T00:54:07.917273+00:00,2026-09-05T19:16:02.703215+00:00,2026-09-05T15:16:02.703215-04:00,2026-09-05T15:16:02.703215-04:00,propline_free_sample
2026-09-04,2026-09-05 01:40:00+00:00,Max Fried,3.5,over,-164,smarkets,192792,San Diego Padres,New York Yankees,2026-09-04T22:45:57.303971+00:00,2026-09-05T19:16:02.703215+00:00,2026-09-05T15:16:02.703215-04:00,2026-09-05T15:16:02.703215-04:00,propline_free_sample
2026-09-04,2026-09-05 01:40:00+00:00,Max Fried,3.5,under,116,smarkets,192792,San Diego Padres,New York Yankees,2026-09-04T22:45:57.303971+00:00,2026-09-05T19:16:02.703215+00:00,2026-09-05T15:16:02.703215-04:00,2026-09-05T15:16:02.703215-04:00,propline_free_sample
2026-09-04,2026-09-05 01:40:00+00:00,Walker Buehler,4.5,over,102,smarkets,192792,San Diego Padres,New York Yankees,2026-09-05T01:04:45.086445+00:00,2026-09-05T19:16:02.703215+00:00,2026-09-05T15:16:02.703215-04:00,2026-09-05T15:16:02.703215-04:00,propline_free_sample
2026-09-04,2026-09-05 01:40:00+00:00,Walker Buehler,4.5,under,-143,smarkets,192792,San Diego Padres,New York Yankees,2026-09-05T01:04:45.086445+00:00,2026-09-05T19:16:02.703215+00:00,2026-09-05T15:16:02.703215-04:00,2026-09-05T15:16:02.703215-04:00,propline_free_sample
2026-09-04,2026-09-05 01:40:00+00:00,Walker Buehler,6.5,over,-195,fanatics,192792,San Diego Padres,New York Yankees,2026-09-05T01:39:35.854702+00:00,2026-09-05T19:16:02.703215+00:00,2026-09-05T15:16:02.703215-04:00,2026-09-05T15:16:02.703215-04:00,propline_free_sample
2026-09-04,2026-09-05 01:40:00+00:00,Walker Buehler,6.5,under,145,fanatics,192792,San Diego Padres,New York Yankees,2026-09-05T01:39:35.854702+00:00,2026-09-05T19:16:02.703215+00:00,2026-09-05T15:16:02.703215-04:00,2026-09-05T15:16:02.703215-04:00,propline_free_sample
2026-09-04,2026-09-05 01:40:00+00:00,Max Fried,4.5,over,113,draftkings,192792,San Diego Padres,New York Yankees,2026-09-05T01:39:56.983218+00:00,2026-09-05T19:16:02.703215+00:00,2026-09-05T15:16:02.703215-04:00,2026-09-05T15:16:02.703215-04:00,propline_free_sample
2026-09-04,2026-09-05 01:40:00+00:00,Max Fried,4.5,under,-145,draftkings,192792,San Diego Padres,New York Yankees,2026-09-05T01:39:56.983218+00:00,2026-09-05T19:16:02.703215+00:00,2026-09-05T15:16:02.703215-04:00,2026-09-05T15:16:02.703215-04:00,propline_free_sample
2026-09-04,2026-09-05 01:40:00+00:00,Walker Buehler,4.5,over,112,draftkings,192792,San Diego Padres,New York Yankees,2026-09-05T01:39:56.983218+00:00,2026-09-05T19:16:02.703215+00:00,2026-09-05T15:16:02.703215-04:00,2026-09-05T15:16:02.703215-04:00,propline_free_sample
2026-09-04,2026-09-05 01:40:00+00:00,Walker Buehler,4.5,under,-143,draftkings,192792,San Diego Padres,New York Yankees,2026-09-05T01:39:56.983218+00:00,2026-09-05T19:16:02.703215+00:00,2026-09-05T15:16:02.703215-04:00,2026-09-05T15:16:02.703215-04:00,propline_free_sample
2026-09-04,2026-09-05 01:40:00+00:00,Max Fried,3.5,over,-167,novig,192792,San Diego Padres,New York Yankees,2026-09-05T00:59:26.363924+00:00,2026-09-05T19:16:02.703215+00:00,2026-09-05T15:16:02.703215-04:00,2026-09-05T15:16:02.703215-04:00,propline_free_sample
2026-09-04,2026-09-05 01:40:00+00:00,Max Fried,3.5,under,147,novig,192792,San Diego Padres,New York Yankees,2026-09-05T01:39:15.544865+00:00,2026-09-05T19:16:02.703215+00:00,2026-09-05T15:16:02.703215-04:00,2026-09-05T15:16:02.703215-04:00,propline_free_sample
2026-09-04,2026-09-05 01:40:00+00:00,Max Fried,5.5,over,277,novig,192792,San Diego Padres,New York Yankees,2026-09-05T00:15:24.331916+00:00,2026-09-05T19:16:02.703215+00:00,2026-09-05T15:16:02.703215-04:00,2026-09-05T15:16:02.703215-04:00,propline_free_sample
2026-09-04,2026-09-05 01:40:00+00:00,Max Fried,5.5,under,-300,novig,192792,San Diego Padres,New York Yankees,2026-09-05T00:06:37.563977+00:00,2026-09-05T19:16:02.703215+00:00,2026-09-05T15:16:02.703215-04:00,2026-09-05T15:16:02.703215-04:00,propline_free_sample
2026-09-04,2026-09-05 01:40:00+00:00,Walker Buehler,3.5,over,-203,novig,192792,San Diego Padres,New York Yankees,2026-09-05T00:06:37.563977+00:00,2026-09-05T19:16:02.703215+00:00,2026-09-05T15:16:02.703215-04:00,2026-09-05T15:16:02.703215-04:00,propline_free_sample
2026-09-04,2026-09-05 01:40:00+00:00,Walker Buehler,3.5,under,170,novig,192792,San Diego Padres,New York Yankees,2026-09-05T01:36:31.126353+00:00,2026-09-05T19:16:02.703215+00:00,2026-09-05T15:16:02.703215-04:00,2026-09-05T15:16:02.703215-04:00,propline_free_sample
2026-09-04,2026-09-05 01:40:00+00:00,Max Fried,4.5,over,100,prizepicks,192792,San Diego Padres,New York Yankees,2026-09-04T04:24:39.921706+00:00,2026-09-05T19:16:02.703215+00:00,2026-09-05T15:16:02.703215-04:00,2026-09-05T15:16:02.703215-04:00,propline_free_sample
2026-09-04,2026-09-05 01:40:00+00:00,Walker Buehler,4.5,over,100,betr,192792,San Diego Padres,New York Yankees,2026-09-04T04:24:58.141875+00:00,2026-09-05T19:16:02.703215+00:00,2026-09-05T15:16:02.703215-04:00,2026-09-05T15:16:02.703215-04:00,propline_free_sample
2026-09-04,2026-09-05 01:40:00+00:00,Walker Buehler,4.5,under,100,betr,192792,San Diego Padres,New York Yankees,2026-09-04T04:24:58.141875+00:00,2026-09-05T19:16:02.703215+00:00,2026-09-05T15:16:02.703215-04:00,2026-09-05T15:16:02.703215-04:00,propline_free_sample
2026-09-04,2026-09-05 01:40:00+00:00,Max Fried,3.5,over,-170,onexbet,192792,San Diego Padres,New York Yankees,2026-09-05T00:29:51.756356+00:00,2026-09-05T19:16:02.703215+00:00,2026-09-05T15:16:02.703215-04:00,2026-09-05T15:16:02.703215-04:00,propline_free_sample
2026-09-04,2026-09-05 01:40:00+00:00,Walker Buehler,4.5,over,-105,onexbet,192792,San Diego Padres,New York Yankees,2026-09-05T00:29:51.756356+00:00,2026-09-05T19:16:02.703215+00:00,2026-09-05T15:16:02.703215-04:00,2026-09-05T15:16:02.703215-04:00,propline_free_sample
2026-09-04,2026-09-05 01:40:00+00:00,Max Fried,3.5,under,130,onexbet,192792,San Diego Padres,New York Yankees,2026-09-05T00:29:51.756356+00:00,2026-09-05T19:16:02.703215+00:00,2026-09-05T15:16:02.703215-04:00,2026-09-05T15:16:02.703215-04:00,propline_free_sample
2026-09-04,2026-09-05 01:40:00+00:00,Walker Buehler,4.5,under,-130,onexbet,192792,San Diego Padres,New York Yankees,2026-09-05T00:29:51.756356+00:00,2026-09-05T19:16:02.703215+00:00,2026-09-05T15:16:02.703215-04:00,2026-09-05T15:16:02.703215-04:00,propline_free_sample
2026-09-04,2026-09-05 01:40:00+00:00,Max Fried,4.5,under,100,prizepicks,192792,San Diego Padres,New York Yankees,2026-09-04T04:29:58.700398+00:00,2026-09-05T19:16:02.703215+00:00,2026-09-05T15:16:02.703215-04:00,2026-09-05T15:16:02.703215-04:00,propline_free_sample
2026-09-04,2026-09-05 01:40:00+00:00,Max Fried,4.0,over,100,betr,192792,San Diego Padres,New York Yankees,2026-09-04T04:30:13.413319+00:00,2026-09-05T19:16:02.703215+00:00,2026-09-05T15:16:02.703215-04:00,2026-09-05T15:16:02.703215-04:00,propline_free_sample
2026-09-04,2026-09-05 01:40:00+00:00,Max Fried,4.0,under,100,betr,192792,San Diego Padres,New York Yankees,2026-09-04T04:30:13.413319+00:00,2026-09-05T19:16:02.703215+00:00,2026-09-05T15:16:02.703215-04:00,2026-09-05T15:16:02.703215-04:00,propline_free_sample
2026-09-04,2026-09-05 01:40:00+00:00,Max Fried,3.5,over,-174,prophetx,192792,San Diego Padres,New York Yankees,2026-09-05T01:21:26.334373+00:00,2026-09-05T19:16:02.703215+00:00,2026-09-05T15:16:02.703215-04:00,2026-09-05T15:16:02.703215-04:00,propline_free_sample
2026-09-04,2026-09-05 01:40:00+00:00,Max Fried,3.5,under,150,prophetx,192792,San Diego Padres,New York Yankees,2026-09-05T01:36:25.717116+00:00,2026-09-05T19:16:02.703215+00:00,2026-09-05T15:16:02.703215-04:00,2026-09-05T15:16:02.703215-04:00,propline_free_sample
2026-09-04,2026-09-05 01:40:00+00:00,Max Fried,4.0,over,-320,prophetx,192792,San Diego Padres,New York Yankees,2026-09-04T22:25:18.523492+00:00,2026-09-05T19:16:02.703215+00:00,2026-09-05T15:16:02.703215-04:00,2026-09-05T15:16:02.703215-04:00,propline_free_sample
2026-09-04,2026-09-05 01:40:00+00:00,Max Fried,4.0,under,-280,prophetx,192792,San Diego Padres,New York Yankees,2026-09-04T22:30:31.245358+00:00,2026-09-05T19:16:02.703215+00:00,2026-09-05T15:16:02.703215-04:00,2026-09-05T15:16:02.703215-04:00,propline_free_sample
2026-09-04,2026-09-05 01:40:00+00:00,Max Fried,1.5,over,-4900,kalshi,192792,San Diego Padres,New York Yankees,2026-09-05T01:37:11.948458+00:00,2026-09-05T19:16:02.703215+00:00,2026-09-05T15:16:02.703215-04:00,2026-09-05T15:16:02.703215-04:00,propline_free_sample
2026-09-04,2026-09-05 01:40:00+00:00,Walker Buehler,1.5,over,-4900,kalshi,192792,San Diego Padres,New York Yankees,2026-09-04T23:39:25.864461+00:00,2026-09-05T19:16:02.703215+00:00,2026-09-05T15:16:02.703215-04:00,2026-09-05T15:16:02.703215-04:00,propline_free_sample
2026-09-04,2026-09-05 01:40:00+00:00,Max Fried,1.5,under,9900,kalshi,192792,San Diego Padres,New York Yankees,2026-09-05T01:30:34.607323+00:00,2026-09-05T19:16:02.703215+00:00,2026-09-05T15:16:02.703215-04:00,2026-09-05T15:16:02.703215-04:00,propline_free_sample
2026-09-04,2026-09-05 01:40:00+00:00,Walker Buehler,1.5,under,9900,kalshi,192792,San Diego Padres,New York Yankees,2026-09-05T01:37:11.948458+00:00,2026-09-05T19:16:02.703215+00:00,2026-09-05T15:16:02.703215-04:00,2026-09-05T15:16:02.703215-04:00,propline_free_sample
2026-09-04,2026-09-05 01:40:00+00:00,Max Fried,2.5,over,-4900,kalshi,192792,San Diego Padres,New York Yankees,2026-09-05T01:32:20.448199+00:00,2026-09-05T19:16:02.703215+00:00,2026-09-05T15:16:02.703215-04:00,2026-09-05T15:16:02.703215-04:00,propline_free_sample
2026-09-04,2026-09-05 01:40:00+00:00,Walker Buehler,2.5,over,-4900,kalshi,192792,San Diego Padres,New York Yankees,2026-09-04T14:44:39.947627+00:00,2026-09-05T19:16:02.703215+00:00,2026-09-05T15:16:02.703215-04:00,2026-09-05T15:16:02.703215-04:00,propline_free_sample
2026-09-04,2026-09-05 01:40:00+00:00,Max Fried,2.5,under,9900,kalshi,192792,San Diego Padres,New York Yankees,2026-09-04T21:15:04.393728+00:00,2026-09-05T19:16:02.703215+00:00,2026-09-05T15:16:02.703215-04:00,2026-09-05T15:16:02.703215-04:00,propline_free_sample
2026-09-04,2026-09-05 01:40:00+00:00,Walker Buehler,2.5,under,9900,kalshi,192792,San Diego Padres,New York Yankees,2026-09-05T01:39:48.403470+00:00,2026-09-05T19:16:02.703215+00:00,2026-09-05T15:16:02.703215-04:00,2026-09-05T15:16:02.703215-04:00,propline_free_sample
2026-09-04,2026-09-05 01:40:00+00:00,Max Fried,3.5,over,-317,kalshi,192792,San Diego Padres,New York Yankees,2026-09-05T00:49:07.339161+00:00,2026-09-05T19:16:02.703215+00:00,2026-09-05T15:16:02.703215-04:00,2026-09-05T15:16:02.703215-04:00,propline_free_sample
2026-09-04,2026-09-05 01:40:00+00:00,Walker Buehler,3.5,over,-4900,kalshi,192792,San Diego Padres,New York Yankees,2026-09-04T23:59:25.857743+00:00,2026-09-05T19:16:02.703215+00:00,2026-09-05T15:16:02.703215-04:00,2026-09-05T15:16:02.703215-04:00,propline_free_sample
2026-09-04,2026-09-05 01:40:00+00:00,Max Fried,3.5,under,9900,kalshi,192792,San Diego Padres,New York Yankees,2026-09-05T01:12:04.110847+00:00,2026-09-05T19:16:02.703215+00:00,2026-09-05T15:16:02.703215-04:00,2026-09-05T15:16:02.703215-04:00,propline_free_sample
2026-09-04,2026-09-05 01:40:00+00:00,Walker Buehler,3.5,under,9900,kalshi,192792,San Diego Padres,New York Yankees,2026-09-05T01:31:27.703610+00:00,2026-09-05T19:16:02.703215+00:00,2026-09-05T15:16:02.703215-04:00,2026-09-05T15:16:02.703215-04:00,propline_free_sample
2026-09-04,2026-09-05 01:40:00+00:00,Max Fried,4.5,over,9900,kalshi,192792,San Diego Padres,New York Yankees,2026-09-04T23:56:40.313071+00:00,2026-09-05T19:16:02.703215+00:00,2026-09-05T15:16:02.703215-04:00,2026-09-05T15:16:02.703215-04:00,propline_free_sample
2026-09-04,2026-09-05 01:40:00+00:00,Walker Buehler,4.5,over,-3233,kalshi,192792,San Diego Padres,New York Yankees,2026-09-04T23:45:44.739754+00:00,2026-09-05T19:16:02.703215+00:00,2026-09-05T15:16:02.703215-04:00,2026-09-05T15:16:02.703215-04:00,propline_free_sample
2026-09-04,2026-09-05 01:40:00+00:00,Max Fried,4.5,under,-1150,kalshi,192792,San Diego Padres,New York Yankees,2026-09-04T23:56:40.313071+00:00,2026-09-05T19:16:02.703215+00:00,2026-09-05T15:16:02.703215-04:00,2026-09-05T15:16:02.703215-04:00,propline_free_sample
2026-09-04,2026-09-05 01:40:00+00:00,Walker Buehler,4.5,under,9900,kalshi,192792,San Diego Padres,New York Yankees,2026-09-05T01:28:59.160827+00:00,2026-09-05T19:16:02.703215+00:00,2026-09-05T15:16:02.703215-04:00,2026-09-05T15:16:02.703215-04:00,propline_free_sample
2026-09-04,2026-09-05 01:40:00+00:00,Max Fried,5.5,over,9900,kalshi,192792,San Diego Padres,New York Yankees,2026-09-05T01:24:10.371205+00:00,2026-09-05T19:16:02.703215+00:00,2026-09-05T15:16:02.703215-04:00,2026-09-05T15:16:02.703215-04:00,propline_free_sample
2026-09-04,2026-09-05 01:40:00+00:00,Walker Buehler,5.5,over,-3233,kalshi,192792,San Diego Padres,New York Yankees,2026-09-04T23:36:14.034025+00:00,2026-09-05T19:16:02.703215+00:00,2026-09-05T15:16:02.703215-04:00,2026-09-05T15:16:02.703215-04:00,propline_free_sample
2026-09-04,2026-09-05 01:40:00+00:00,Max Fried,5.5,under,-1150,kalshi,192792,San Diego Padres,New York Yankees,2026-09-04T17:09:27.803498+00:00,2026-09-05T19:16:02.703215+00:00,2026-09-05T15:16:02.703215-04:00,2026-09-05T15:16:02.703215-04:00,propline_free_sample
2026-09-04,2026-09-05 01:40:00+00:00,Walker Buehler,5.5,under,9900,kalshi,192792,San Diego Padres,New York Yankees,2026-09-04T23:36:14.034025+00:00,2026-09-05T19:16:02.703215+00:00,2026-09-05T15:16:02.703215-04:00,2026-09-05T15:16:02.703215-04:00,propline_free_sample
2026-09-04,2026-09-05 01:40:00+00:00,Max Fried,6.5,over,9900,kalshi,192792,San Diego Padres,New York Yankees,2026-09-05T00:25:38.221266+00:00,2026-09-05T19:16:02.703215+00:00,2026-09-05T15:16:02.703215-04:00,2026-09-05T15:16:02.703215-04:00,propline_free_sample
2026-09-04,2026-09-05 01:40:00+00:00,Walker Buehler,6.5,over,9900,kalshi,192792,San Diego Padres,New York Yankees,2026-09-05T00:13:56.902335+00:00,2026-09-05T19:16:02.703215+00:00,2026-09-05T15:16:02.703215-04:00,2026-09-05T15:16:02.703215-04:00,propline_free_sample
2026-09-04,2026-09-05 01:40:00+00:00,Max Fried,6.5,under,-3233,kalshi,192792,San Diego Padres,New York Yankees,2026-09-05T00:26:45.789474+00:00,2026-09-05T19:16:02.703215+00:00,2026-09-05T15:16:02.703215-04:00,2026-09-05T15:16:02.703215-04:00,propline_free_sample
2026-09-04,2026-09-05 01:40:00+00:00,Walker Buehler,6.5,under,-3233,kalshi,192792,San Diego Padres,New York Yankees,2026-09-05T01:28:59.160827+00:00,2026-09-05T19:16:02.703215+00:00,2026-09-05T15:16:02.703215-04:00,2026-09-05T15:16:02.703215-04:00,propline_free_sample
2026-09-04,2026-09-05 01:40:00+00:00,Max Fried,7.5,over,9900,kalshi,192792,San Diego Padres,New York Yankees,2026-09-04T23:56:40.313071+00:00,2026-09-05T19:16:02.703215+00:00,2026-09-05T15:16:02.703215-04:00,2026-09-05T15:16:02.703215-04:00,propline_free_sample
2026-09-04,2026-09-05 01:40:00+00:00,Walker Buehler,7.5,over,9900,kalshi,192792,San Diego Padres,New York Yankees,2026-09-04T23:27:47.614988+00:00,2026-09-05T19:16:02.703215+00:00,2026-09-05T15:16:02.703215-04:00,2026-09-05T15:16:02.703215-04:00,propline_free_sample
2026-09-04,2026-09-05 01:40:00+00:00,Max Fried,7.5,under,-1900,kalshi,192792,San Diego Padres,New York Yankees,2026-09-05T01:37:11.948458+00:00,2026-09-05T19:16:02.703215+00:00,2026-09-05T15:16:02.703215-04:00,2026-09-05T15:16:02.703215-04:00,propline_free_sample
2026-09-04,2026-09-05 01:40:00+00:00,Walker Buehler,7.5,under,-1900,kalshi,192792,San Diego Padres,New York Yankees,2026-09-05T01:37:11.948458+00:00,2026-09-05T19:16:02.703215+00:00,2026-09-05T15:16:02.703215-04:00,2026-09-05T15:16:02.703215-04:00,propline_free_sample
2026-09-04,2026-09-05 01:40:00+00:00,Max Fried,4.5,over,129,pinnacle,192792,San Diego Padres,New York Yankees,2026-09-04T19:37:03.680386+00:00,2026-09-05T19:16:02.703215+00:00,2026-09-05T15:16:02.703215-04:00,2026-09-05T15:16:02.703215-04:00,propline_free_sample
2026-09-04,2026-09-05 01:40:00+00:00,Max Fried,4.5,under,-172,pinnacle,192792,San Diego Padres,New York Yankees,2026-09-04T19:37:03.680386+00:00,2026-09-05T19:16:02.703215+00:00,2026-09-05T15:16:02.703215-04:00,2026-09-05T15:16:02.703215-04:00,propline_free_sample
2026-09-04,2026-09-05 01:40:00+00:00,Walker Buehler,4.5,over,101,pinnacle,192792,San Diego Padres,New York Yankees,2026-09-04T23:38:05.596840+00:00,2026-09-05T19:16:02.703215+00:00,2026-09-05T15:16:02.703215-04:00,2026-09-05T15:16:02.703215-04:00,propline_free_sample
2026-09-04,2026-09-05 01:40:00+00:00,Walker Buehler,4.5,under,-134,pinnacle,192792,San Diego Padres,New York Yankees,2026-09-04T23:38:05.596840+00:00,2026-09-05T19:16:02.703215+00:00,2026-09-05T15:16:02.703215-04:00,2026-09-05T15:16:02.703215-04:00,propline_free_sample
2026-09-04,2026-09-05 01:40:00+00:00,Max Fried,3.5,over,-162,betrivers,192792,San Diego Padres,New York Yankees,2026-09-04T22:59:58.267514+00:00,2026-09-05T19:16:02.703215+00:00,2026-09-05T15:16:02.703215-04:00,2026-09-05T15:16:02.703215-04:00,propline_free_sample
2026-09-04,2026-09-05 01:40:00+00:00,Max Fried,3.5,under,120,betrivers,192792,San Diego Padres,New York Yankees,2026-09-04T22:59:58.267514+00:00,2026-09-05T19:16:02.703215+00:00,2026-09-05T15:16:02.703215-04:00,2026-09-05T15:16:02.703215-04:00,propline_free_sample
2026-09-04,2026-09-05 01:40:00+00:00,Walker Buehler,4.5,over,-104,betrivers,192792,San Diego Padres,New York Yankees,2026-09-05T00:22:56.719015+00:00,2026-09-05T19:16:02.703215+00:00,2026-09-05T15:16:02.703215-04:00,2026-09-05T15:16:02.703215-04:00,propline_free_sample
2026-09-04,2026-09-05 01:40:00+00:00,Walker Buehler,4.5,under,-129,betrivers,192792,San Diego Padres,New York Yankees,2026-09-05T00:22:56.719015+00:00,2026-09-05T19:16:02.703215+00:00,2026-09-05T15:16:02.703215-04:00,2026-09-05T15:16:02.703215-04:00,propline_free_sample
2026-09-04,2026-09-05 01:40:00+00:00,Max Fried,4.5,over,119,rebet,192792,San Diego Padres,New York Yankees,2026-09-05T01:21:20.782634+00:00,2026-09-05T19:16:02.703215+00:00,2026-09-05T15:16:02.703215-04:00,2026-09-05T15:16:02.703215-04:00,propline_free_sample
2026-09-04,2026-09-05 01:40:00+00:00,Walker Buehler,4.5,over,-106,rebet,192792,San Diego Padres,New York Yankees,2026-09-05T01:38:18.697890+00:00,2026-09-05T19:16:02.703215+00:00,2026-09-05T15:16:02.703215-04:00,2026-09-05T15:16:02.703215-04:00,propline_free_sample
2026-09-04,2026-09-05 01:40:00+00:00,Max Fried,4.5,under,-165,rebet,192792,San Diego Padres,New York Yankees,2026-09-05T01:21:20.782634+00:00,2026-09-05T19:16:02.703215+00:00,2026-09-05T15:16:02.703215-04:00,2026-09-05T15:16:02.703215-04:00,propline_free_sample
2026-09-04,2026-09-05 01:40:00+00:00,Walker Buehler,4.5,under,-130,rebet,192792,San Diego Padres,New York Yankees,2026-09-05T01:38:18.697890+00:00,2026-09-05T19:16:02.703215+00:00,2026-09-05T15:16:02.703215-04:00,2026-09-05T15:16:02.703215-04:00,propline_free_sample
2026-09-04,2026-09-05 01:40:00+00:00,Max Fried,3.5,over,-140,betmgm,192792,San Diego Padres,New York Yankees,2026-09-04T15:26:50.718590+00:00,2026-09-05T19:16:02.703215+00:00,2026-09-05T15:16:02.703215-04:00,2026-09-05T15:16:02.703215-04:00,propline_free_sample
2026-09-04,2026-09-05 01:40:00+00:00,Max Fried,3.5,under,105,betmgm,192792,San Diego Padres,New York Yankees,2026-09-04T15:26:50.718590+00:00,2026-09-05T19:16:02.703215+00:00,2026-09-05T15:16:02.703215-04:00,2026-09-05T15:16:02.703215-04:00,propline_free_sample
2026-09-04,2026-09-05 01:40:00+00:00,Walker Buehler,5.5,over,-135,betmgm,192792,San Diego Padres,New York Yankees,2026-09-04T17:51:28.612017+00:00,2026-09-05T19:16:02.703215+00:00,2026-09-05T15:16:02.703215-04:00,2026-09-05T15:16:02.703215-04:00,propline_free_sample
2026-09-04,2026-09-05 01:40:00+00:00,Walker Buehler,5.5,under,100,betmgm,192792,San Diego Padres,New York Yankees,2026-09-04T17:51:28.612017+00:00,2026-09-05T19:16:02.703215+00:00,2026-09-05T15:16:02.703215-04:00,2026-09-05T15:16:02.703215-04:00,propline_free_sample
2026-09-04,2026-09-05 01:40:00+00:00,Max Fried,4.5,over,118,smarkets,192792,San Diego Padres,New York Yankees,2026-09-05T01:04:45.086445+00:00,2026-09-05T19:16:02.703215+00:00,2026-09-05T15:16:02.703215-04:00,2026-09-05T15:16:02.703215-04:00,propline_free_sample
2026-09-04,2026-09-05 01:40:00+00:00,Max Fried,4.5,under,-167,smarkets,192792,San Diego Padres,New York Yankees,2026-09-05T01:04:45.086445+00:00,2026-09-05T19:16:02.703215+00:00,2026-09-05T15:16:02.703215-04:00,2026-09-05T15:16:02.703215-04:00,propline_free_sample
2026-09-04,2026-09-05 01:40:00+00:00,Max Fried,3.5,over,-115,fanatics,192792,San Diego Padres,New York Yankees,2026-09-05T01:19:57.002294+00:00,2026-09-05T19:16:02.703215+00:00,2026-09-05T15:16:02.703215-04:00,2026-09-05T15:16:02.703215-04:00,propline_free_sample
2026-09-04,2026-09-05 01:40:00+00:00,Max Fried,3.5,under,-115,fanatics,192792,San Diego Padres,New York Yankees,2026-09-05T01:19:57.002294+00:00,2026-09-05T19:16:02.703215+00:00,2026-09-05T15:16:02.703215-04:00,2026-09-05T15:16:02.703215-04:00,propline_free_sample
2026-09-04,2026-09-05 01:40:00+00:00,Max Fried (NYM),4.5,over,125,lowvig,192792,San Diego Padres,New York Yankees,2026-09-04T16:27:57.475546+00:00,2026-09-05T19:16:02.703215+00:00,2026-09-05T15:16:02.703215-04:00,2026-09-05T15:16:02.703215-04:00,propline_free_sample
2026-09-04,2026-09-05 01:40:00+00:00,Max Fried (NYM),4.5,under,-165,lowvig,192792,San Diego Padres,New York Yankees,2026-09-04T16:27:57.475546+00:00,2026-09-05T19:16:02.703215+00:00,2026-09-05T15:16:02.703215-04:00,2026-09-05T15:16:02.703215-04:00,propline_free_sample
2026-09-04,2026-09-05 01:40:00+00:00,Walker Buehler (SD),4.5,over,-105,lowvig,192792,San Diego Padres,New York Yankees,2026-09-05T00:33:39.130002+00:00,2026-09-05T19:16:02.703215+00:00,2026-09-05T15:16:02.703215-04:00,2026-09-05T15:16:02.703215-04:00,propline_free_sample
2026-09-04,2026-09-05 01:40:00+00:00,Walker Buehler (SD),4.5,under,-135,lowvig,192792,San Diego Padres,New York Yankees,2026-09-05T00:33:39.130002+00:00,2026-09-05T19:16:02.703215+00:00,2026-09-05T15:16:02.703215-04:00,2026-09-05T15:16:02.703215-04:00,propline_free_sample
2026-09-04,2026-09-05 01:40:00+00:00,Max Fried (NYM),4.5,over,125,betonlineag,192792,San Diego Padres,New York Yankees,2026-09-04T16:27:53.657520+00:00,2026-09-05T19:16:02.703215+00:00,2026-09-05T15:16:02.703215-04:00,2026-09-05T15:16:02.703215-04:00,propline_free_sample
2026-09-04,2026-09-05 01:40:00+00:00,Max Fried (NYM),4.5,under,-165,betonlineag,192792,San Diego Padres,New York Yankees,2026-09-04T16:27:53.657520+00:00,2026-09-05T19:16:02.703215+00:00,2026-09-05T15:16:02.703215-04:00,2026-09-05T15:16:02.703215-04:00,propline_free_sample
2026-09-04,2026-09-05 01:40:00+00:00,Walker Buehler (SD),4.5,over,-105,betonlineag,192792,San Diego Padres,New York Yankees,2026-09-05T00:33:34.144672+00:00,2026-09-05T19:16:02.703215+00:00,2026-09-05T15:16:02.703215-04:00,2026-09-05T15:16:02.703215-04:00,propline_free_sample
2026-09-04,2026-09-05 01:40:00+00:00,Walker Buehler (SD),4.5,under,-135,betonlineag,192792,San Diego Padres,New York Yankees,2026-09-05T00:33:34.144672+00:00,2026-09-05T19:16:02.703215+00:00,2026-09-05T15:16:02.703215-04:00,2026-09-05T15:16:02.703215-04:00,propline_free_sample
2026-09-04,2026-09-05 01:40:00+00:00,Max Fried,4.5,over,108,sleeper,192792,San Diego Padres,New York Yankees,2026-09-04T18:35:31.847091+00:00,2026-09-05T19:16:02.703215+00:00,2026-09-05T15:16:02.703215-04:00,2026-09-05T15:16:02.703215-04:00,propline_free_sample
2026-09-04,2026-09-05 01:40:00+00:00,Max Fried,4.5,under,-182,sleeper,192792,San Diego Padres,New York Yankees,2026-09-04T18:35:31.847091+00:00,2026-09-05T19:16:02.703215+00:00,2026-09-05T15:16:02.703215-04:00,2026-09-05T15:16:02.703215-04:00,propline_free_sample
2026-09-04,2026-09-05 01:40:00+00:00,Walker Buehler,4.5,over,100,prizepicks,192792,San Diego Padres,New York Yankees,2026-09-04T23:41:50.355914+00:00,2026-09-05T19:16:02.703215+00:00,2026-09-05T15:16:02.703215-04:00,2026-09-05T15:16:02.703215-04:00,propline_free_sample
2026-09-04,2026-09-05 01:40:00+00:00,Walker Buehler,4.5,under,100,prizepicks,192792,San Diego Padres,New York Yankees,2026-09-04T23:41:50.355914+00:00,2026-09-05T19:16:02.703215+00:00,2026-09-05T15:16:02.703215-04:00,2026-09-05T15:16:02.703215-04:00,propline_free_sample
2026-09-04,2026-09-05 00:40:00+00:00,Andre Pallante,2.5,over,-162,fanduel,192542,Colorado Rockies,St. Louis Cardinals,2026-09-04T23:38:44.484744+00:00,2026-09-05T19:16:02.703215+00:00,2026-09-05T15:16:02.703215-04:00,2026-09-05T15:16:02.703215-04:00,propline_free_sample
2026-09-04,2026-09-05 00:40:00+00:00,Andre Pallante,2.5,under,126,fanduel,192542,Colorado Rockies,St. Louis Cardinals,2026-09-04T23:38:44.484744+00:00,2026-09-05T19:16:02.703215+00:00,2026-09-05T15:16:02.703215-04:00,2026-09-05T15:16:02.703215-04:00,propline_free_sample
2026-09-04,2026-09-05 00:40:00+00:00,Ryan Feltner,3.5,over,-142,fanduel,192542,Colorado Rockies,St. Louis Cardinals,2026-09-04T21:58:47.947322+00:00,2026-09-05T19:16:02.703215+00:00,2026-09-05T15:16:02.703215-04:00,2026-09-05T15:16:02.703215-04:00,propline_free_sample
2026-09-04,2026-09-05 00:40:00+00:00,Ryan Feltner,3.5,under,112,fanduel,192542,Colorado Rockies,St. Louis Cardinals,2026-09-04T21:58:47.947322+00:00,2026-09-05T19:16:02.703215+00:00,2026-09-05T15:16:02.703215-04:00,2026-09-05T15:16:02.703215-04:00,propline_free_sample
2026-09-04,2026-09-05 00:40:00+00:00,Ryan Feltner,4.0,over,100,prizepicks,192542,Colorado Rockies,St. Louis Cardinals,2026-09-04T12:59:22.990808+00:00,2026-09-05T19:16:02.703215+00:00,2026-09-05T15:16:02.703215-04:00,2026-09-05T15:16:02.703215-04:00,propline_free_sample
2026-09-04,2026-09-05 00:40:00+00:00,Ryan Feltner,3.5,under,100,prizepicks,192542,Colorado Rockies,St. Louis Cardinals,2026-09-04T02:17:42.236110+00:00,2026-09-05T19:16:02.703215+00:00,2026-09-05T15:16:02.703215-04:00,2026-09-05T15:16:02.703215-04:00,propline_free_sample
2026-09-04,2026-09-05 00:40:00+00:00,Andre Pallante,3.5,over,100,prizepicks,192542,Colorado Rockies,St. Louis Cardinals,2026-09-04T02:17:42.236110+00:00,2026-09-05T19:16:02.703215+00:00,2026-09-05T15:16:02.703215-04:00,2026-09-05T15:16:02.703215-04:00,propline_free_sample
2026-09-04,2026-09-05 00:40:00+00:00,Andre Pallante,4.5,over,100,prizepicks,192542,Colorado Rockies,St. Louis Cardinals,2026-09-04T02:17:42.236110+00:00,2026-09-05T19:16:02.703215+00:00,2026-09-05T15:16:02.703215-04:00,2026-09-05T15:16:02.703215-04:00,propline_free_sample
2026-09-04,2026-09-05 00:40:00+00:00,Ryan Feltner,4.5,over,100,prizepicks,192542,Colorado Rockies,St. Louis Cardinals,2026-09-04T02:17:42.236110+00:00,2026-09-05T19:16:02.703215+00:00,2026-09-05T15:16:02.703215-04:00,2026-09-05T15:16:02.703215-04:00,propline_free_sample
2026-09-04,2026-09-05 00:40:00+00:00,Ryan Feltner,5.5,over,100,prizepicks,192542,Colorado Rockies,St. Louis Cardinals,2026-09-04T02:17:42.236110+00:00,2026-09-05T19:16:02.703215+00:00,2026-09-05T15:16:02.703215-04:00,2026-09-05T15:16:02.703215-04:00,propline_free_sample
2026-09-04,2026-09-05 00:40:00+00:00,Andre Pallante,2.5,over,100,prizepicks,192542,Colorado Rockies,St. Louis Cardinals,2026-09-04T02:17:42.236110+00:00,2026-09-05T19:16:02.703215+00:00,2026-09-05T15:16:02.703215-04:00,2026-09-05T15:16:02.703215-04:00,propline_free_sample
2026-09-04,2026-09-05 00:40:00+00:00,Ryan Feltner,2.5,over,100,prizepicks,192542,Colorado Rockies,St. Louis Cardinals,2026-09-04T02:17:42.236110+00:00,2026-09-05T19:16:02.703215+00:00,2026-09-05T15:16:02.703215-04:00,2026-09-05T15:16:02.703215-04:00,propline_free_sample
2026-09-04,2026-09-05 00:40:00+00:00,Andre Pallante,2.5,under,100,prizepicks,192542,Colorado Rockies,St. Louis Cardinals,2026-09-04T02:17:42.236110+00:00,2026-09-05T19:16:02.703215+00:00,2026-09-05T15:16:02.703215-04:00,2026-09-05T15:16:02.703215-04:00,propline_free_sample
2026-09-04,2026-09-05 00:40:00+00:00,Ryan Feltner,3.5,over,-169,sleeper,192542,Colorado Rockies,St. Louis Cardinals,2026-09-05T00:33:08.669270+00:00,2026-09-05T19:16:02.703215+00:00,2026-09-05T15:16:02.703215-04:00,2026-09-05T15:16:02.703215-04:00,propline_free_sample
2026-09-04,2026-09-05 00:40:00+00:00,Ryan Feltner,3.5,under,102,sleeper,192542,Colorado Rockies,St. Louis Cardinals,2026-09-05T00:33:08.669270+00:00,2026-09-05T19:16:02.703215+00:00,2026-09-05T15:16:02.703215-04:00,2026-09-05T15:16:02.703215-04:00,propline_free_sample
2026-09-04,2026-09-05 00:40:00+00:00,Andre Pallante,2.5,over,-170,prophetx,192542,Colorado Rockies,St. Louis Cardinals,2026-09-04T23:25:37.368563+00:00,2026-09-05T19:16:02.703215+00:00,2026-09-05T15:16:02.703215-04:00,2026-09-05T15:16:02.703215-04:00,propline_free_sample
2026-09-04,2026-09-05 00:40:00+00:00,Andre Pallante,2.5,under,164,prophetx,192542,Colorado Rockies,St. Louis Cardinals,2026-09-04T23:34:41.962368+00:00,2026-09-05T19:16:02.703215+00:00,2026-09-05T15:16:02.703215-04:00,2026-09-05T15:16:02.703215-04:00,propline_free_sample
2026-09-04,2026-09-05 00:40:00+00:00,Ryan Feltner,3.5,over,-138,prophetx,192542,Colorado Rockies,St. Louis Cardinals,2026-09-04T22:07:57.620412+00:00,2026-09-05T19:16:02.703215+00:00,2026-09-05T15:16:02.703215-04:00,2026-09-05T15:16:02.703215-04:00,propline_free_sample
2026-09-04,2026-09-05 00:40:00+00:00,Ryan Feltner,3.5,under,123,prophetx,192542,Colorado Rockies,St. Louis Cardinals,2026-09-04T21:58:15.740471+00:00,2026-09-05T19:16:02.703215+00:00,2026-09-05T15:16:02.703215-04:00,2026-09-05T15:16:02.703215-04:00,propline_free_sample
2026-09-04,2026-09-05 00:40:00+00:00,Ryan Feltner,3.5,over,-133,novig,192542,Colorado Rockies,St. Louis Cardinals,2026-09-04T22:44:28.647128+00:00,2026-09-05T19:16:02.703215+00:00,2026-09-05T15:16:02.703215-04:00,2026-09-05T15:16:02.703215-04:00,propline_free_sample
2026-09-04,2026-09-05 00:40:00+00:00,Ryan Feltner,3.5,under,125,novig,192542,Colorado Rockies,St. Louis Cardinals,2026-09-04T23:21:39.968803+00:00,2026-09-05T19:16:02.703215+00:00,2026-09-05T15:16:02.703215-04:00,2026-09-05T15:16:02.703215-04:00,propline_free_sample
2026-09-04,2026-09-05 00:40:00+00:00,Ryan Feltner,5.5,over,-140,fanatics,192542,Colorado Rockies,St. Louis Cardinals,2026-09-05T00:10:56.690314+00:00,2026-09-05T19:16:02.703215+00:00,2026-09-05T15:16:02.703215-04:00,2026-09-05T15:16:02.703215-04:00,propline_free_sample
2026-09-04,2026-09-05 00:40:00+00:00,Ryan Feltner,5.5,under,105,fanatics,192542,Colorado Rockies,St. Louis Cardinals,2026-09-05T00:10:56.690314+00:00,2026-09-05T19:16:02.703215+00:00,2026-09-05T15:16:02.703215-04:00,2026-09-05T15:16:02.703215-04:00,propline_free_sample
2026-09-04,2026-09-05 00:40:00+00:00,Ryan Feltner,6.5,over,100,prizepicks,192542,Colorado Rockies,St. Louis Cardinals,2026-09-04T04:04:14.561191+00:00,2026-09-05T19:16:02.703215+00:00,2026-09-05T15:16:02.703215-04:00,2026-09-05T15:16:02.703215-04:00,propline_free_sample
2026-09-04,2026-09-05 00:40:00+00:00,Ryan Feltner,4.5,over,126,underdog,192542,Colorado Rockies,St. Louis Cardinals,2026-09-04T21:57:44.802142+00:00,2026-09-05T19:16:02.703215+00:00,2026-09-05T15:16:02.703215-04:00,2026-09-05T15:16:02.703215-04:00,propline_free_sample
2026-09-04,2026-09-05 00:40:00+00:00,Ryan Feltner,4.5,under,-170,underdog,192542,Colorado Rockies,St. Louis Cardinals,2026-09-04T21:57:44.802142+00:00,2026-09-05T19:16:02.703215+00:00,2026-09-05T15:16:02.703215-04:00,2026-09-05T15:16:02.703215-04:00,propline_free_sample
2026-09-04,2026-09-05 00:40:00+00:00,Andre Pallante,2.5,over,-108,dabble,192542,Colorado Rockies,St. Louis Cardinals,2026-09-04T04:04:43.007395+00:00,2026-09-05T19:16:02.703215+00:00,2026-09-05T15:16:02.703215-04:00,2026-09-05T15:16:02.703215-04:00,propline_free_sample
2026-09-04,2026-09-05 00:40:00+00:00,Ryan Feltner,3.5,over,-137,dabble,192542,Colorado Rockies,St. Louis Cardinals,2026-09-05T00:35:44.614537+00:00,2026-09-05T19:16:02.703215+00:00,2026-09-05T15:16:02.703215-04:00,2026-09-05T15:16:02.703215-04:00,propline_free_sample
2026-09-04,2026-09-05 00:40:00+00:00,Andre Pallante,2.5,under,108,dabble,192542,Colorado Rockies,St. Louis Cardinals,2026-09-04T04:04:43.007395+00:00,2026-09-05T19:16:02.703215+00:00,2026-09-05T15:16:02.703215-04:00,2026-09-05T15:16:02.703215-04:00,propline_free_sample
2026-09-04,2026-09-05 00:40:00+00:00,Ryan Feltner,3.5,under,138,dabble,192542,Colorado Rockies,St. Louis Cardinals,2026-09-05T00:35:44.614537+00:00,2026-09-05T19:16:02.703215+00:00,2026-09-05T15:16:02.703215-04:00,2026-09-05T15:16:02.703215-04:00,propline_free_sample
2026-09-04,2026-09-05 00:40:00+00:00,Andre Pallante,2.5,over,-152,smarkets,192542,Colorado Rockies,St. Louis Cardinals,2026-09-04T22:23:02.841897+00:00,2026-09-05T19:16:02.703215+00:00,2026-09-05T15:16:02.703215-04:00,2026-09-05T15:16:02.703215-04:00,propline_free_sample
2026-09-04,2026-09-05 00:40:00+00:00,Andre Pallante,2.5,under,108,smarkets,192542,Colorado Rockies,St. Louis Cardinals,2026-09-05T00:25:43.695121+00:00,2026-09-05T19:16:02.703215+00:00,2026-09-05T15:16:02.703215-04:00,2026-09-05T15:16:02.703215-04:00,propline_free_sample
2026-09-04,2026-09-05 00:40:00+00:00,Ryan Feltner,3.5,over,-143,smarkets,192542,Colorado Rockies,St. Louis Cardinals,2026-09-04T19:23:24.144380+00:00,2026-09-05T19:16:02.703215+00:00,2026-09-05T15:16:02.703215-04:00,2026-09-05T15:16:02.703215-04:00,propline_free_sample
2026-09-04,2026-09-05 00:40:00+00:00,Ryan Feltner,3.5,under,102,smarkets,192542,Colorado Rockies,St. Louis Cardinals,2026-09-04T21:48:14.279845+00:00,2026-09-05T19:16:02.703215+00:00,2026-09-05T15:16:02.703215-04:00,2026-09-05T15:16:02.703215-04:00,propline_free_sample
2026-09-04,2026-09-05 00:40:00+00:00,Andre Pallante (STL),2.5,over,-165,bovada,192542,Colorado Rockies,St. Louis Cardinals,2026-09-04T11:53:53.260976+00:00,2026-09-05T19:16:02.703215+00:00,2026-09-05T15:16:02.703215-04:00,2026-09-05T15:16:02.703215-04:00,propline_free_sample
2026-09-04,2026-09-05 00:40:00+00:00,Andre Pallante (STL),2.5,under,125,bovada,192542,Colorado Rockies,St. Louis Cardinals,2026-09-04T11:53:53.260976+00:00,2026-09-05T19:16:02.703215+00:00,2026-09-05T15:16:02.703215-04:00,2026-09-05T15:16:02.703215-04:00,propline_free_sample
2026-09-04,2026-09-05 00:40:00+00:00,Ryan Feltner (COL),3.5,over,-145,bovada,192542,Colorado Rockies,St. Louis Cardinals,2026-09-04T11:13:59.249584+00:00,2026-09-05T19:16:02.703215+00:00,2026-09-05T15:16:02.703215-04:00,2026-09-05T15:16:02.703215-04:00,propline_free_sample
2026-09-04,2026-09-05 00:40:00+00:00,Ryan Feltner (COL),3.5,under,110,bovada,192542,Colorado Rockies,St. Louis Cardinals,2026-09-04T11:13:59.249584+00:00,2026-09-05T19:16:02.703215+00:00,2026-09-05T15:16:02.703215-04:00,2026-09-05T15:16:02.703215-04:00,propline_free_sample
2026-09-04,2026-09-05 00:40:00+00:00,Andre Pallante,2.5,over,-160,novig,192542,Colorado Rockies,St. Louis Cardinals,2026-09-05T00:32:49.899509+00:00,2026-09-05T19:16:02.703215+00:00,2026-09-05T15:16:02.703215-04:00,2026-09-05T15:16:02.703215-04:00,propline_free_sample
2026-09-04,2026-09-05 00:40:00+00:00,Andre Pallante,2.5,under,153,novig,192542,Colorado Rockies,St. Louis Cardinals,2026-09-05T00:01:29.671865+00:00,2026-09-05T19:16:02.703215+00:00,2026-09-05T15:16:02.703215-04:00,2026-09-05T15:16:02.703215-04:00,propline_free_sample
2026-09-04,2026-09-05 00:40:00+00:00,Andre Pallante,3.5,over,137,draftkings,192542,Colorado Rockies,St. Louis Cardinals,2026-09-04T22:38:59.872389+00:00,2026-09-05T19:16:02.703215+00:00,2026-09-05T15:16:02.703215-04:00,2026-09-05T15:16:02.703215-04:00,propline_free_sample
2026-09-04,2026-09-05 00:40:00+00:00,Andre Pallante,3.5,under,-175,draftkings,192542,Colorado Rockies,St. Louis Cardinals,2026-09-04T22:38:59.872389+00:00,2026-09-05T19:16:02.703215+00:00,2026-09-05T15:16:02.703215-04:00,2026-09-05T15:16:02.703215-04:00,propline_free_sample
2026-09-04,2026-09-05 00:40:00+00:00,Ryan Feltner,4.5,over,122,draftkings,192542,Colorado Rockies,St. Louis Cardinals,2026-09-04T22:36:38.460155+00:00,2026-09-05T19:16:02.703215+00:00,2026-09-05T15:16:02.703215-04:00,2026-09-05T15:16:02.703215-04:00,propline_free_sample
2026-09-04,2026-09-05 00:40:00+00:00,Ryan Feltner,4.5,under,-156,draftkings,192542,Colorado Rockies,St. Louis Cardinals,2026-09-04T22:36:38.460155+00:00,2026-09-05T19:16:02.703215+00:00,2026-09-05T15:16:02.703215-04:00,2026-09-05T15:16:02.703215-04:00,propline_free_sample
2026-09-04,2026-09-05 00:40:00+00:00,Andre Pallante,3.5,over,144,novig,192542,Colorado Rockies,St. Louis Cardinals,2026-09-04T22:39:24.421798+00:00,2026-09-05T19:16:02.703215+00:00,2026-09-05T15:16:02.703215-04:00,2026-09-05T15:16:02.703215-04:00,propline_free_sample
2026-09-04,2026-09-05 00:40:00+00:00,Andre Pallante,3.5,under,-174,novig,192542,Colorado Rockies,St. Louis Cardinals,2026-09-04T22:51:27.540849+00:00,2026-09-05T19:16:02.703215+00:00,2026-09-05T15:16:02.703215-04:00,2026-09-05T15:16:02.703215-04:00,propline_free_sample
2026-09-04,2026-09-05 00:40:00+00:00,Ryan Feltner,2.5,over,-376,novig,192542,Colorado Rockies,St. Louis Cardinals,2026-09-04T23:43:00.224011+00:00,2026-09-05T19:16:02.703215+00:00,2026-09-05T15:16:02.703215-04:00,2026-09-05T15:16:02.703215-04:00,propline_free_sample
2026-09-04,2026-09-05 00:40:00+00:00,Ryan Feltner,2.5,under,317,novig,192542,Colorado Rockies,St. Louis Cardinals,2026-09-04T14:38:49.453296+00:00,2026-09-05T19:16:02.703215+00:00,2026-09-05T15:16:02.703215-04:00,2026-09-05T15:16:02.703215-04:00,propline_free_sample
2026-09-04,2026-09-05 00:40:00+00:00,Ryan Feltner,4.5,over,156,novig,192542,Colorado Rockies,St. Louis Cardinals,2026-09-04T23:43:00.224011+00:00,2026-09-05T19:16:02.703215+00:00,2026-09-05T15:16:02.703215-04:00,2026-09-05T15:16:02.703215-04:00,propline_free_sample
2026-09-04,2026-09-05 00:40:00+00:00,Ryan Feltner,4.5,under,-174,novig,192542,Colorado Rockies,St. Louis Cardinals,2026-09-04T23:11:36.678073+00:00,2026-09-05T19:16:02.703215+00:00,2026-09-05T15:16:02.703215-04:00,2026-09-05T15:16:02.703215-04:00,propline_free_sample
2026-09-04,2026-09-05 00:40:00+00:00,Andre Pallante,5.5,over,100,prizepicks,192542,Colorado Rockies,St. Louis Cardinals,2026-09-04T04:50:18.278817+00:00,2026-09-05T19:16:02.703215+00:00,2026-09-05T15:16:02.703215-04:00,2026-09-05T15:16:02.703215-04:00,propline_free_sample
2026-09-04,2026-09-05 00:40:00+00:00,Andre Pallante,1.5,over,100,prizepicks,192542,Colorado Rockies,St. Louis Cardinals,2026-09-04T04:50:18.278817+00:00,2026-09-05T19:16:02.703215+00:00,2026-09-05T15:16:02.703215-04:00,2026-09-05T15:16:02.703215-04:00,propline_free_sample
2026-09-04,2026-09-05 00:40:00+00:00,Andre Pallante,0.5,over,-900,kalshi,192542,Colorado Rockies,St. Louis Cardinals,2026-09-05T00:21:47.308916+00:00,2026-09-05T19:16:02.703215+00:00,2026-09-05T15:16:02.703215-04:00,2026-09-05T15:16:02.703215-04:00,propline_free_sample
2026-09-04,2026-09-05 00:40:00+00:00,Andre Pallante,0.5,under,9900,kalshi,192542,Colorado Rockies,St. Louis Cardinals,2026-09-05T00:37:15.550342+00:00,2026-09-05T19:16:02.703215+00:00,2026-09-05T15:16:02.703215-04:00,2026-09-05T15:16:02.703215-04:00,propline_free_sample
2026-09-04,2026-09-05 00:40:00+00:00,Andre Pallante,1.5,over,9900,kalshi,192542,Colorado Rockies,St. Louis Cardinals,2026-09-04T21:59:53.415128+00:00,2026-09-05T19:16:02.703215+00:00,2026-09-05T15:16:02.703215-04:00,2026-09-05T15:16:02.703215-04:00,propline_free_sample
2026-09-04,2026-09-05 00:40:00+00:00,Ryan Feltner,1.5,over,-4900,kalshi,192542,Colorado Rockies,St. Louis Cardinals,2026-09-04T21:54:44.193295+00:00,2026-09-05T19:16:02.703215+00:00,2026-09-05T15:16:02.703215-04:00,2026-09-05T15:16:02.703215-04:00,propline_free_sample
2026-09-04,2026-09-05 00:40:00+00:00,Andre Pallante,1.5,under,-3233,kalshi,192542,Colorado Rockies,St. Louis Cardinals,2026-09-04T22:38:45.830705+00:00,2026-09-05T19:16:02.703215+00:00,2026-09-05T15:16:02.703215-04:00,2026-09-05T15:16:02.703215-04:00,propline_free_sample
2026-09-04,2026-09-05 00:40:00+00:00,Ryan Feltner,1.5,under,9900,kalshi,192542,Colorado Rockies,St. Louis Cardinals,2026-09-05T00:37:15.550342+00:00,2026-09-05T19:16:02.703215+00:00,2026-09-05T15:16:02.703215-04:00,2026-09-05T15:16:02.703215-04:00,propline_free_sample
2026-09-04,2026-09-05 00:40:00+00:00,Andre Pallante,2.5,over,9900,kalshi,192542,Colorado Rockies,St. Louis Cardinals,2026-09-05T00:23:59.154075+00:00,2026-09-05T19:16:02.703215+00:00,2026-09-05T15:16:02.703215-04:00,2026-09-05T15:16:02.703215-04:00,propline_free_sample
2026-09-04,2026-09-05 00:40:00+00:00,Ryan Feltner,2.5,over,-4900,kalshi,192542,Colorado Rockies,St. Louis Cardinals,2026-09-04T23:18:46.714167+00:00,2026-09-05T19:16:02.703215+00:00,2026-09-05T15:16:02.703215-04:00,2026-09-05T15:16:02.703215-04:00,propline_free_sample
2026-09-04,2026-09-05 00:40:00+00:00,Andre Pallante,2.5,under,-1150,kalshi,192542,Colorado Rockies,St. Louis Cardinals,2026-09-05T00:23:59.154075+00:00,2026-09-05T19:16:02.703215+00:00,2026-09-05T15:16:02.703215-04:00,2026-09-05T15:16:02.703215-04:00,propline_free_sample
2026-09-04,2026-09-05 00:40:00+00:00,Ryan Feltner,2.5,under,9900,kalshi,192542,Colorado Rockies,St. Louis Cardinals,2026-09-04T21:52:08.502975+00:00,2026-09-05T19:16:02.703215+00:00,2026-09-05T15:16:02.703215-04:00,2026-09-05T15:16:02.703215-04:00,propline_free_sample
2026-09-04,2026-09-05 00:40:00+00:00,Andre Pallante,3.5,over,9900,kalshi,192542,Colorado Rockies,St. Louis Cardinals,2026-09-05T00:19:42.008688+00:00,2026-09-05T19:16:02.703215+00:00,2026-09-05T15:16:02.703215-04:00,2026-09-05T15:16:02.703215-04:00,propline_free_sample
2026-09-04,2026-09-05 00:40:00+00:00,Ryan Feltner,3.5,over,-4900,kalshi,192542,Colorado Rockies,St. Louis Cardinals,2026-09-04T10:58:55.155539+00:00,2026-09-05T19:16:02.703215+00:00,2026-09-05T15:16:02.703215-04:00,2026-09-05T15:16:02.703215-04:00,propline_free_sample
2026-09-04,2026-09-05 00:40:00+00:00,Andre Pallante,3.5,under,-1150,kalshi,192542,Colorado Rockies,St. Louis Cardinals,2026-09-05T00:19:42.008688+00:00,2026-09-05T19:16:02.703215+00:00,2026-09-05T15:16:02.703215-04:00,2026-09-05T15:16:02.703215-04:00,propline_free_sample
2026-09-04,2026-09-05 00:40:00+00:00,Ryan Feltner,3.5,under,9900,kalshi,192542,Colorado Rockies,St. Louis Cardinals,2026-09-04T10:58:55.155539+00:00,2026-09-05T19:16:02.703215+00:00,2026-09-05T15:16:02.703215-04:00,2026-09-05T15:16:02.703215-04:00,propline_free_sample
2026-09-04,2026-09-05 00:40:00+00:00,Andre Pallante,4.5,over,9900,kalshi,192542,Colorado Rockies,St. Louis Cardinals,2026-09-05T00:17:36.579386+00:00,2026-09-05T19:16:02.703215+00:00,2026-09-05T15:16:02.703215-04:00,2026-09-05T15:16:02.703215-04:00,propline_free_sample
2026-09-04,2026-09-05 00:40:00+00:00,Ryan Feltner,4.5,over,-355,kalshi,192542,Colorado Rockies,St. Louis Cardinals,2026-09-04T21:53:21.919848+00:00,2026-09-05T19:16:02.703215+00:00,2026-09-05T15:16:02.703215-04:00,2026-09-05T15:16:02.703215-04:00,propline_free_sample
2026-09-04,2026-09-05 00:40:00+00:00,Andre Pallante,4.5,under,-3233,kalshi,192542,Colorado Rockies,St. Louis Cardinals,2026-09-05T00:17:36.579386+00:00,2026-09-05T19:16:02.703215+00:00,2026-09-05T15:16:02.703215-04:00,2026-09-05T15:16:02.703215-04:00,propline_free_sample
2026-09-04,2026-09-05 00:40:00+00:00,Ryan Feltner,4.5,under,9900,kalshi,192542,Colorado Rockies,St. Louis Cardinals,2026-09-04T21:57:38.234777+00:00,2026-09-05T19:16:02.703215+00:00,2026-09-05T15:16:02.703215-04:00,2026-09-05T15:16:02.703215-04:00,propline_free_sample
2026-09-04,2026-09-05 00:40:00+00:00,Andre Pallante,5.5,over,9900,kalshi,192542,Colorado Rockies,St. Louis Cardinals,2026-09-05T00:17:36.579386+00:00,2026-09-05T19:16:02.703215+00:00,2026-09-05T15:16:02.703215-04:00,2026-09-05T15:16:02.703215-04:00,propline_free_sample
2026-09-04,2026-09-05 00:40:00+00:00,Ryan Feltner,5.5,over,9900,kalshi,192542,Colorado Rockies,St. Louis Cardinals,2026-09-04T21:50:58.066158+00:00,2026-09-05T19:16:02.703215+00:00,2026-09-05T15:16:02.703215-04:00,2026-09-05T15:16:02.703215-04:00,propline_free_sample
2026-09-04,2026-09-05 00:40:00+00:00,Andre Pallante,5.5,under,-9900,kalshi,192542,Colorado Rockies,St. Louis Cardinals,2026-09-05T00:17:36.579386+00:00,2026-09-05T19:16:02.703215+00:00,2026-09-05T15:16:02.703215-04:00,2026-09-05T15:16:02.703215-04:00,propline_free_sample
2026-09-04,2026-09-05 00:40:00+00:00,Ryan Feltner,5.5,under,-3233,kalshi,192542,Colorado Rockies,St. Louis Cardinals,2026-09-04T21:50:58.066158+00:00,2026-09-05T19:16:02.703215+00:00,2026-09-05T15:16:02.703215-04:00,2026-09-05T15:16:02.703215-04:00,propline_free_sample
2026-09-04,2026-09-05 00:40:00+00:00,Ryan Feltner,6.5,over,9900,kalshi,192542,Colorado Rockies,St. Louis Cardinals,2026-09-04T21:50:58.066158+00:00,2026-09-05T19:16:02.703215+00:00,2026-09-05T15:16:02.703215-04:00,2026-09-05T15:16:02.703215-04:00,propline_free_sample
2026-09-04,2026-09-05 00:40:00+00:00,Ryan Feltner,6.5,under,-9900,kalshi,192542,Colorado Rockies,St. Louis Cardinals,2026-09-04T21:50:58.066158+00:00,2026-09-05T19:16:02.703215+00:00,2026-09-05T15:16:02.703215-04:00,2026-09-05T15:16:02.703215-04:00,propline_free_sample
2026-09-04,2026-09-05 00:40:00+00:00,Ryan Feltner,7.5,over,100,prizepicks,192542,Colorado Rockies,St. Louis Cardinals,2026-09-04T05:32:32.217690+00:00,2026-09-05T19:16:02.703215+00:00,2026-09-05T15:16:02.703215-04:00,2026-09-05T15:16:02.703215-04:00,propline_free_sample
2026-09-04,2026-09-05 00:40:00+00:00,Ryan Feltner,4.0,over,100,betr,192542,Colorado Rockies,St. Louis Cardinals,2026-09-04T13:23:03.171401+00:00,2026-09-05T19:16:02.703215+00:00,2026-09-05T15:16:02.703215-04:00,2026-09-05T15:16:02.703215-04:00,propline_free_sample
2026-09-04,2026-09-05 00:40:00+00:00,Ryan Feltner,4.0,under,100,betr,192542,Colorado Rockies,St. Louis Cardinals,2026-09-04T13:23:03.171401+00:00,2026-09-05T19:16:02.703215+00:00,2026-09-05T15:16:02.703215-04:00,2026-09-05T15:16:02.703215-04:00,propline_free_sample
2026-09-04,2026-09-05 00:40:00+00:00,Andre Pallante,3.5,over,137,onexbet,192542,Colorado Rockies,St. Louis Cardinals,2026-09-04T23:25:07.650474+00:00,2026-09-05T19:16:02.703215+00:00,2026-09-05T15:16:02.703215-04:00,2026-09-05T15:16:02.703215-04:00,propline_free_sample
2026-09-04,2026-09-05 00:40:00+00:00,Ryan Feltner,4.5,over,122,onexbet,192542,Colorado Rockies,St. Louis Cardinals,2026-09-04T23:25:07.650474+00:00,2026-09-05T19:16:02.703215+00:00,2026-09-05T15:16:02.703215-04:00,2026-09-05T15:16:02.703215-04:00,propline_free_sample
2026-09-04,2026-09-05 00:40:00+00:00,Andre Pallante,3.5,under,-175,onexbet,192542,Colorado Rockies,St. Louis Cardinals,2026-09-04T23:25:07.650474+00:00,2026-09-05T19:16:02.703215+00:00,2026-09-05T15:16:02.703215-04:00,2026-09-05T15:16:02.703215-04:00,propline_free_sample
2026-09-04,2026-09-05 00:40:00+00:00,Ryan Feltner,4.5,under,-156,onexbet,192542,Colorado Rockies,St. Louis Cardinals,2026-09-04T23:25:07.650474+00:00,2026-09-05T19:16:02.703215+00:00,2026-09-05T15:16:02.703215-04:00,2026-09-05T15:16:02.703215-04:00,propline_free_sample
2026-09-04,2026-09-05 00:40:00+00:00,Andre Pallante,2.5,over,-182,pinnacle,192542,Colorado Rockies,St. Louis Cardinals,2026-09-04T18:01:10.529649+00:00,2026-09-05T19:16:02.703215+00:00,2026-09-05T15:16:02.703215-04:00,2026-09-05T15:16:02.703215-04:00,propline_free_sample
2026-09-04,2026-09-05 00:40:00+00:00,Andre Pallante,2.5,under,135,pinnacle,192542,Colorado Rockies,St. Louis Cardinals,2026-09-04T18:01:10.529649+00:00,2026-09-05T19:16:02.703215+00:00,2026-09-05T15:16:02.703215-04:00,2026-09-05T15:16:02.703215-04:00,propline_free_sample
2026-09-04,2026-09-05 00:40:00+00:00,Ryan Feltner,3.5,over,-140,pinnacle,192542,Colorado Rockies,St. Louis Cardinals,2026-09-04T22:01:49.378061+00:00,2026-09-05T19:16:02.703215+00:00,2026-09-05T15:16:02.703215-04:00,2026-09-05T15:16:02.703215-04:00,propline_free_sample
2026-09-04,2026-09-05 00:40:00+00:00,Ryan Feltner,3.5,under,106,pinnacle,192542,Colorado Rockies,St. Louis Cardinals,2026-09-04T22:01:49.378061+00:00,2026-09-05T19:16:02.703215+00:00,2026-09-05T15:16:02.703215-04:00,2026-09-05T15:16:02.703215-04:00,propline_free_sample
2026-09-04,2026-09-05 00:40:00+00:00,Andre Pallante,2.5,over,-162,betrivers,192542,Colorado Rockies,St. Louis Cardinals,2026-09-05T00:22:55.644677+00:00,2026-09-05T19:16:02.703215+00:00,2026-09-05T15:16:02.703215-04:00,2026-09-05T15:16:02.703215-04:00,propline_free_sample
2026-09-04,2026-09-05 00:40:00+00:00,Andre Pallante,2.5,under,120,betrivers,192542,Colorado Rockies,St. Louis Cardinals,2026-09-04T21:55:43.667116+00:00,2026-09-05T19:16:02.703215+00:00,2026-09-05T15:16:02.703215-04:00,2026-09-05T15:16:02.703215-04:00,propline_free_sample
2026-09-04,2026-09-05 00:40:00+00:00,Ryan Feltner,3.5,over,-148,betrivers,192542,Colorado Rockies,St. Louis Cardinals,2026-09-05T00:22:55.644677+00:00,2026-09-05T19:16:02.703215+00:00,2026-09-05T15:16:02.703215-04:00,2026-09-05T15:16:02.703215-04:00,propline_free_sample
2026-09-04,2026-09-05 00:40:00+00:00,Ryan Feltner,3.5,under,112,betrivers,192542,Colorado Rockies,St. Louis Cardinals,2026-09-04T22:02:56.044831+00:00,2026-09-05T19:16:02.703215+00:00,2026-09-05T15:16:02.703215-04:00,2026-09-05T15:16:02.703215-04:00,propline_free_sample
2026-09-04,2026-09-05 00:40:00+00:00,Ryan Feltner,4.5,under,100,prizepicks,192542,Colorado Rockies,St. Louis Cardinals,2026-09-04T08:29:54.143399+00:00,2026-09-05T19:16:02.703215+00:00,2026-09-05T15:16:02.703215-04:00,2026-09-05T15:16:02.703215-04:00,propline_free_sample
2026-09-04,2026-09-05 00:40:00+00:00,Ryan Feltner,5.5,under,100,prizepicks,192542,Colorado Rockies,St. Louis Cardinals,2026-09-04T08:29:54.143399+00:00,2026-09-05T19:16:02.703215+00:00,2026-09-05T15:16:02.703215-04:00,2026-09-05T15:16:02.703215-04:00,propline_free_sample
2026-09-04,2026-09-05 00:40:00+00:00,Ryan Feltner,2.5,under,100,prizepicks,192542,Colorado Rockies,St. Louis Cardinals,2026-09-04T08:29:54.143399+00:00,2026-09-05T19:16:02.703215+00:00,2026-09-05T15:16:02.703215-04:00,2026-09-05T15:16:02.703215-04:00,propline_free_sample
2026-09-04,2026-09-05 00:40:00+00:00,Ryan Feltner,1.5,over,100,prizepicks,192542,Colorado Rockies,St. Louis Cardinals,2026-09-04T08:29:54.143399+00:00,2026-09-05T19:16:02.703215+00:00,2026-09-05T15:16:02.703215-04:00,2026-09-05T15:16:02.703215-04:00,propline_free_sample
2026-09-04,2026-09-05 00:40:00+00:00,Ryan Feltner,1.5,under,100,prizepicks,192542,Colorado Rockies,St. Louis Cardinals,2026-09-04T08:29:54.143399+00:00,2026-09-05T19:16:02.703215+00:00,2026-09-05T15:16:02.703215-04:00,2026-09-05T15:16:02.703215-04:00,propline_free_sample
2026-09-04,2026-09-05 00:40:00+00:00,Andre Pallante,2.5,over,-182,rebet,192542,Colorado Rockies,St. Louis Cardinals,2026-09-04T17:39:54.380229+00:00,2026-09-05T19:16:02.703215+00:00,2026-09-05T15:16:02.703215-04:00,2026-09-05T15:16:02.703215-04:00,propline_free_sample
2026-09-04,2026-09-05 00:40:00+00:00,Andre Pallante,2.5,under,130,rebet,192542,Colorado Rockies,St. Louis Cardinals,2026-09-04T17:39:54.380229+00:00,2026-09-05T19:16:02.703215+00:00,2026-09-05T15:16:02.703215-04:00,2026-09-05T15:16:02.703215-04:00,propline_free_sample
2026-09-04,2026-09-05 00:40:00+00:00,Ryan Feltner,3.5,over,-152,rebet,192542,Colorado Rockies,St. Louis Cardinals,2026-09-04T22:16:16.478565+00:00,2026-09-05T19:16:02.703215+00:00,2026-09-05T15:16:02.703215-04:00,2026-09-05T15:16:02.703215-04:00,propline_free_sample
2026-09-04,2026-09-05 00:40:00+00:00,Ryan Feltner,3.5,under,109,rebet,192542,Colorado Rockies,St. Louis Cardinals,2026-09-04T22:16:16.478565+00:00,2026-09-05T19:16:02.703215+00:00,2026-09-05T15:16:02.703215-04:00,2026-09-05T15:16:02.703215-04:00,propline_free_sample
2026-09-04,2026-09-05 00:40:00+00:00,Andre Pallante,2.5,over,155,betmgm,192542,Colorado Rockies,St. Louis Cardinals,2026-09-04T21:52:31.970113+00:00,2026-09-05T19:16:02.703215+00:00,2026-09-05T15:16:02.703215-04:00,2026-09-05T15:16:02.703215-04:00,propline_free_sample
2026-09-04,2026-09-05 00:40:00+00:00,Andre Pallante,2.5,under,-210,betmgm,192542,Colorado Rockies,St. Louis Cardinals,2026-09-04T21:52:31.970113+00:00,2026-09-05T19:16:02.703215+00:00,2026-09-05T15:16:02.703215-04:00,2026-09-05T15:16:02.703215-04:00,propline_free_sample
2026-09-04,2026-09-05 00:40:00+00:00,Ryan Feltner,3.5,over,138,betmgm,192542,Colorado Rockies,St. Louis Cardinals,2026-09-04T22:30:23.639893+00:00,2026-09-05T19:16:02.703215+00:00,2026-09-05T15:16:02.703215-04:00,2026-09-05T15:16:02.703215-04:00,propline_free_sample
2026-09-04,2026-09-05 00:40:00+00:00,Ryan Feltner,3.5,under,-190,betmgm,192542,Colorado Rockies,St. Louis Cardinals,2026-09-04T22:30:23.639893+00:00,2026-09-05T19:16:02.703215+00:00,2026-09-05T15:16:02.703215-04:00,2026-09-05T15:16:02.703215-04:00,propline_free_sample
2026-09-04,2026-09-05 00:40:00+00:00,Andre Pallante,1.5,over,130,fanatics,192542,Colorado Rockies,St. Louis Cardinals,2026-09-05T00:10:56.690314+00:00,2026-09-05T19:16:02.703215+00:00,2026-09-05T15:16:02.703215-04:00,2026-09-05T15:16:02.703215-04:00,propline_free_sample
2026-09-04,2026-09-05 00:40:00+00:00,Andre Pallante,1.5,under,-175,fanatics,192542,Colorado Rockies,St. Louis Cardinals,2026-09-05T00:10:56.690314+00:00,2026-09-05T19:16:02.703215+00:00,2026-09-05T15:16:02.703215-04:00,2026-09-05T15:16:02.703215-04:00,propline_free_sample
2026-09-04,2026-09-05 00:40:00+00:00,Andre Pallante,1.5,over,-809,novig,192542,Colorado Rockies,St. Louis Cardinals,2026-09-04T22:40:56.662320+00:00,2026-09-05T19:16:02.703215+00:00,2026-09-05T15:16:02.703215-04:00,2026-09-05T15:16:02.703215-04:00,propline_free_sample
2026-09-04,2026-09-05 00:40:00+00:00,Andre Pallante,1.5,under,459,novig,192542,Colorado Rockies,St. Louis Cardinals,2026-09-04T23:22:27.882471+00:00,2026-09-05T19:16:02.703215+00:00,2026-09-05T15:16:02.703215-04:00,2026-09-05T15:16:02.703215-04:00,propline_free_sample
2026-09-04,2026-09-05 00:40:00+00:00,Ryan Feltner,3.5,over,100,prizepicks,192542,Colorado Rockies,St. Louis Cardinals,2026-09-04T11:31:30.998279+00:00,2026-09-05T19:16:02.703215+00:00,2026-09-05T15:16:02.703215-04:00,2026-09-05T15:16:02.703215-04:00,propline_free_sample
2026-09-04,2026-09-05 00:40:00+00:00,Ryan Feltner,3.5,under,100,prizepicks,192542,Colorado Rockies,St. Louis Cardinals,2026-09-04T11:31:30.998279+00:00,2026-09-05T19:16:02.703215+00:00,2026-09-05T15:16:02.703215-04:00,2026-09-05T15:16:02.703215-04:00,propline_free_sample
2026-09-04,2026-09-05 00:40:00+00:00,Andre Pallante,3.5,under,100,prizepicks,192542,Colorado Rockies,St. Louis Cardinals,2026-09-04T12:07:09.415565+00:00,2026-09-05T19:16:02.703215+00:00,2026-09-05T15:16:02.703215-04:00,2026-09-05T15:16:02.703215-04:00,propline_free_sample
2026-09-04,2026-09-05 00:40:00+00:00,Andre Pallante,1.5,under,100,prizepicks,192542,Colorado Rockies,St. Louis Cardinals,2026-09-04T12:07:09.415565+00:00,2026-09-05T19:16:02.703215+00:00,2026-09-05T15:16:02.703215-04:00,2026-09-05T15:16:02.703215-04:00,propline_free_sample
2026-09-04,2026-09-05 00:40:00+00:00,Andre Pallante,3.0,over,100,prizepicks,192542,Colorado Rockies,St. Louis Cardinals,2026-09-04T12:59:22.990808+00:00,2026-09-05T19:16:02.703215+00:00,2026-09-05T15:16:02.703215-04:00,2026-09-05T15:16:02.703215-04:00,propline_free_sample
2026-09-04,2026-09-05 00:40:00+00:00,Andre Pallante,4.5,under,100,prizepicks,192542,Colorado Rockies,St. Louis Cardinals,2026-09-04T13:25:07.213961+00:00,2026-09-05T19:16:02.703215+00:00,2026-09-05T15:16:02.703215-04:00,2026-09-05T15:16:02.703215-04:00,propline_free_sample
2026-09-04,2026-09-05 00:40:00+00:00,Andre Pallante,6.5,over,100,prizepicks,192542,Colorado Rockies,St. Louis Cardinals,2026-09-04T13:25:07.213961+00:00,2026-09-05T19:16:02.703215+00:00,2026-09-05T15:16:02.703215-04:00,2026-09-05T15:16:02.703215-04:00,propline_free_sample
2026-09-04,2026-09-05 00:40:00+00:00,Andre Pallante,3.0,over,-320,prophetx,192542,Colorado Rockies,St. Louis Cardinals,2026-09-04T22:25:17.779972+00:00,2026-09-05T19:16:02.703215+00:00,2026-09-05T15:16:02.703215-04:00,2026-09-05T15:16:02.703215-04:00,propline_free_sample
2026-09-04,2026-09-05 00:40:00+00:00,Andre Pallante,3.0,under,-280,prophetx,192542,Colorado Rockies,St. Louis Cardinals,2026-09-04T22:30:30.930589+00:00,2026-09-05T19:16:02.703215+00:00,2026-09-05T15:16:02.703215-04:00,2026-09-05T15:16:02.703215-04:00,propline_free_sample
2026-09-04,2026-09-05 00:40:00+00:00,Ryan Feltner,4.0,over,-320,prophetx,192542,Colorado Rockies,St. Louis Cardinals,2026-09-04T22:25:17.779972+00:00,2026-09-05T19:16:02.703215+00:00,2026-09-05T15:16:02.703215-04:00,2026-09-05T15:16:02.703215-04:00,propline_free_sample
2026-09-04,2026-09-05 00:40:00+00:00,Ryan Feltner,4.0,under,-280,prophetx,192542,Colorado Rockies,St. Louis Cardinals,2026-09-04T22:30:30.930589+00:00,2026-09-05T19:16:02.703215+00:00,2026-09-05T15:16:02.703215-04:00,2026-09-05T15:16:02.703215-04:00,propline_free_sample
2026-09-04,2026-09-05 00:40:00+00:00,Andre Pallante,3.5,over,133,underdog,192542,Colorado Rockies,St. Louis Cardinals,2026-09-04T22:39:02.756404+00:00,2026-09-05T19:16:02.703215+00:00,2026-09-05T15:16:02.703215-04:00,2026-09-05T15:16:02.703215-04:00,propline_free_sample
2026-09-04,2026-09-05 00:40:00+00:00,Andre Pallante,3.5,under,-182,underdog,192542,Colorado Rockies,St. Louis Cardinals,2026-09-04T22:39:02.756404+00:00,2026-09-05T19:16:02.703215+00:00,2026-09-05T15:16:02.703215-04:00,2026-09-05T15:16:02.703215-04:00,propline_free_sample
2026-09-04,2026-09-05 00:40:00+00:00,Ryan Feltner,4.5,over,156,prophetx,192542,Colorado Rockies,St. Louis Cardinals,2026-09-04T23:43:27.413062+00:00,2026-09-05T19:16:02.703215+00:00,2026-09-05T15:16:02.703215-04:00,2026-09-05T15:16:02.703215-04:00,propline_free_sample
2026-09-04,2026-09-05 00:40:00+00:00,Ryan Feltner,4.5,under,-192,prophetx,192542,Colorado Rockies,St. Louis Cardinals,2026-09-04T22:37:34.672589+00:00,2026-09-05T19:16:02.703215+00:00,2026-09-05T15:16:02.703215-04:00,2026-09-05T15:16:02.703215-04:00,propline_free_sample
2026-09-04,2026-09-05 00:40:00+00:00,Ryan Feltner,4.5,over,120,smarkets,192542,Colorado Rockies,St. Louis Cardinals,2026-09-04T22:23:02.841897+00:00,2026-09-05T19:16:02.703215+00:00,2026-09-05T15:16:02.703215-04:00,2026-09-05T15:16:02.703215-04:00,propline_free_sample
2026-09-04,2026-09-05 00:40:00+00:00,Ryan Feltner,4.5,under,-169,smarkets,192542,Colorado Rockies,St. Louis Cardinals,2026-09-04T22:23:02.841897+00:00,2026-09-05T19:16:02.703215+00:00,2026-09-05T15:16:02.703215-04:00,2026-09-05T15:16:02.703215-04:00,propline_free_sample
2026-09-04,2026-09-05 00:40:00+00:00,Andre Pallante,3.5,over,144,prophetx,192542,Colorado Rockies,St. Louis Cardinals,2026-09-05T00:28:15.874293+00:00,2026-09-05T19:16:02.703215+00:00,2026-09-05T15:16:02.703215-04:00,2026-09-05T15:16:02.703215-04:00,propline_free_sample
2026-09-04,2026-09-05 00:40:00+00:00,Andre Pallante,3.5,under,-180,prophetx,192542,Colorado Rockies,St. Louis Cardinals,2026-09-04T22:56:04.919256+00:00,2026-09-05T19:16:02.703215+00:00,2026-09-05T15:16:02.703215-04:00,2026-09-05T15:16:02.703215-04:00,propline_free_sample
2026-09-04,2026-09-05 00:40:00+00:00,Andre Pallante,2.5,over,-189,sleeper,192542,Colorado Rockies,St. Louis Cardinals,2026-09-04T23:24:35.908510+00:00,2026-09-05T19:16:02.703215+00:00,2026-09-05T15:16:02.703215-04:00,2026-09-05T15:16:02.703215-04:00,propline_free_sample
2026-09-04,2026-09-05 00:40:00+00:00,Andre Pallante,2.5,under,112,sleeper,192542,Colorado Rockies,St. Louis Cardinals,2026-09-05T00:08:09.887100+00:00,2026-09-05T19:16:02.703215+00:00,2026-09-05T15:16:02.703215-04:00,2026-09-05T15:16:02.703215-04:00,propline_free_sample
2026-09-04,2026-09-05 00:10:00+00:00,Cristian Javier,4.5,over,141,dabble,192447,Houston Astros,Arizona Diamondbacks,2026-09-04T20:55:42.422723+00:00,2026-09-05T19:16:02.703215+00:00,2026-09-05T15:16:02.703215-04:00,2026-09-05T15:16:02.703215-04:00,propline_free_sample
2026-09-04,2026-09-05 00:10:00+00:00,Merrill Kelly,4.5,over,152,dabble,192447,Houston Astros,Arizona Diamondbacks,2026-09-04T20:55:42.422723+00:00,2026-09-05T19:16:02.703215+00:00,2026-09-05T15:16:02.703215-04:00,2026-09-05T15:16:02.703215-04:00,propline_free_sample
2026-09-04,2026-09-05 00:10:00+00:00,Cristian Javier,4.5,under,-139,dabble,192447,Houston Astros,Arizona Diamondbacks,2026-09-04T20:55:42.422723+00:00,2026-09-05T19:16:02.703215+00:00,2026-09-05T15:16:02.703215-04:00,2026-09-05T15:16:02.703215-04:00,propline_free_sample
2026-09-04,2026-09-05 00:10:00+00:00,Merrill Kelly,4.5,under,-152,dabble,192447,Houston Astros,Arizona Diamondbacks,2026-09-04T22:19:40.823501+00:00,2026-09-05T19:16:02.703215+00:00,2026-09-05T15:16:02.703215-04:00,2026-09-05T15:16:02.703215-04:00,propline_free_sample
2026-09-04,2026-09-05 00:10:00+00:00,Cristian Javier,4.5,over,119,underdog,192447,Houston Astros,Arizona Diamondbacks,2026-09-05T00:04:55.531479+00:00,2026-09-05T19:16:02.703215+00:00,2026-09-05T15:16:02.703215-04:00,2026-09-05T15:16:02.703215-04:00,propline_free_sample
2026-09-04,2026-09-05 00:10:00+00:00,Merrill Kelly,4.5,over,112,underdog,192447,Houston Astros,Arizona Diamondbacks,2026-09-04T23:26:32.071275+00:00,2026-09-05T19:16:02.703215+00:00,2026-09-05T15:16:02.703215-04:00,2026-09-05T15:16:02.703215-04:00,propline_free_sample
2026-09-04,2026-09-05 00:10:00+00:00,Cristian Javier,4.5,under,-162,underdog,192447,Houston Astros,Arizona Diamondbacks,2026-09-05T00:04:55.531479+00:00,2026-09-05T19:16:02.703215+00:00,2026-09-05T15:16:02.703215-04:00,2026-09-05T15:16:02.703215-04:00,propline_free_sample
2026-09-04,2026-09-05 00:10:00+00:00,Merrill Kelly,4.5,under,-152,underdog,192447,Houston Astros,Arizona Diamondbacks,2026-09-04T23:26:32.071275+00:00,2026-09-05T19:16:02.703215+00:00,2026-09-05T15:16:02.703215-04:00,2026-09-05T15:16:02.703215-04:00,propline_free_sample
2026-09-04,2026-09-05 00:10:00+00:00,Cristian Javier,4.5,over,116,smarkets,192447,Houston Astros,Arizona Diamondbacks,2026-09-04T21:00:34.836975+00:00,2026-09-05T19:16:02.703215+00:00,2026-09-05T15:16:02.703215-04:00,2026-09-05T15:16:02.703215-04:00,propline_free_sample
2026-09-04,2026-09-05 00:10:00+00:00,Cristian Javier,4.5,under,-164,smarkets,192447,Houston Astros,Arizona Diamondbacks,2026-09-04T21:00:34.836975+00:00,2026-09-05T19:16:02.703215+00:00,2026-09-05T15:16:02.703215-04:00,2026-09-05T15:16:02.703215-04:00,propline_free_sample
2026-09-04,2026-09-05 00:10:00+00:00,Merrill Kelly,4.5,over,126,smarkets,192447,Houston Astros,Arizona Diamondbacks,2026-09-04T19:55:02.149899+00:00,2026-09-05T19:16:02.703215+00:00,2026-09-05T15:16:02.703215-04:00,2026-09-05T15:16:02.703215-04:00,propline_free_sample
2026-09-04,2026-09-05 00:10:00+00:00,Merrill Kelly,4.5,under,-179,smarkets,192447,Houston Astros,Arizona Diamondbacks,2026-09-04T19:55:02.149899+00:00,2026-09-05T19:16:02.703215+00:00,2026-09-05T15:16:02.703215-04:00,2026-09-05T15:16:02.703215-04:00,propline_free_sample
2026-09-04,2026-09-05 00:10:00+00:00,Cristian Javier,4.0,over,100,prizepicks,192447,Houston Astros,Arizona Diamondbacks,2026-09-04T11:15:35.974966+00:00,2026-09-05T19:16:02.703215+00:00,2026-09-05T15:16:02.703215-04:00,2026-09-05T15:16:02.703215-04:00,propline_free_sample
2026-09-04,2026-09-05 00:10:00+00:00,Cristian Javier,4.0,under,100,prizepicks,192447,Houston Astros,Arizona Diamondbacks,2026-09-04T11:15:35.974966+00:00,2026-09-05T19:16:02.703215+00:00,2026-09-05T15:16:02.703215-04:00,2026-09-05T15:16:02.703215-04:00,propline_free_sample
2026-09-04,2026-09-05 00:10:00+00:00,Merrill Kelly,4.5,over,100,prizepicks,192447,Houston Astros,Arizona Diamondbacks,2026-09-03T23:07:15.978697+00:00,2026-09-05T19:16:02.703215+00:00,2026-09-05T15:16:02.703215-04:00,2026-09-05T15:16:02.703215-04:00,propline_free_sample
2026-09-04,2026-09-05 00:10:00+00:00,Merrill Kelly,4.5,under,100,prizepicks,192447,Houston Astros,Arizona Diamondbacks,2026-09-03T23:07:15.978697+00:00,2026-09-05T19:16:02.703215+00:00,2026-09-05T15:16:02.703215-04:00,2026-09-05T15:16:02.703215-04:00,propline_free_sample
2026-09-04,2026-09-05 00:10:00+00:00,Cristian Javier,6.5,over,100,prizepicks,192447,Houston Astros,Arizona Diamondbacks,2026-09-03T23:07:15.978697+00:00,2026-09-05T19:16:02.703215+00:00,2026-09-05T15:16:02.703215-04:00,2026-09-05T15:16:02.703215-04:00,propline_free_sample
2026-09-04,2026-09-05 00:10:00+00:00,Merrill Kelly,6.5,over,100,prizepicks,192447,Houston Astros,Arizona Diamondbacks,2026-09-03T23:07:15.978697+00:00,2026-09-05T19:16:02.703215+00:00,2026-09-05T15:16:02.703215-04:00,2026-09-05T15:16:02.703215-04:00,propline_free_sample
2026-09-04,2026-09-05 00:10:00+00:00,Cristian Javier,3.5,over,100,prizepicks,192447,Houston Astros,Arizona Diamondbacks,2026-09-03T23:07:15.978697+00:00,2026-09-05T19:16:02.703215+00:00,2026-09-05T15:16:02.703215-04:00,2026-09-05T15:16:02.703215-04:00,propline_free_sample
2026-09-04,2026-09-05 00:10:00+00:00,Merrill Kelly,3.5,over,100,prizepicks,192447,Houston Astros,Arizona Diamondbacks,2026-09-03T23:07:15.978697+00:00,2026-09-05T19:16:02.703215+00:00,2026-09-05T15:16:02.703215-04:00,2026-09-05T15:16:02.703215-04:00,propline_free_sample
2026-09-04,2026-09-05 00:10:00+00:00,Cristian Javier,4.5,over,122,draftkings,192447,Houston Astros,Arizona Diamondbacks,2026-09-04T21:40:15.899137+00:00,2026-09-05T19:16:02.703215+00:00,2026-09-05T15:16:02.703215-04:00,2026-09-05T15:16:02.703215-04:00,propline_free_sample
2026-09-04,2026-09-05 00:10:00+00:00,Cristian Javier,4.5,under,-155,draftkings,192447,Houston Astros,Arizona Diamondbacks,2026-09-04T21:40:15.899137+00:00,2026-09-05T19:16:02.703215+00:00,2026-09-05T15:16:02.703215-04:00,2026-09-05T15:16:02.703215-04:00,propline_free_sample
2026-09-04,2026-09-05 00:10:00+00:00,Merrill Kelly,4.5,over,109,draftkings,192447,Houston Astros,Arizona Diamondbacks,2026-09-05T00:02:57.252150+00:00,2026-09-05T19:16:02.703215+00:00,2026-09-05T15:16:02.703215-04:00,2026-09-05T15:16:02.703215-04:00,propline_free_sample
2026-09-04,2026-09-05 00:10:00+00:00,Merrill Kelly,4.5,under,-139,draftkings,192447,Houston Astros,Arizona Diamondbacks,2026-09-05T00:02:57.252150+00:00,2026-09-05T19:16:02.703215+00:00,2026-09-05T15:16:02.703215-04:00,2026-09-05T15:16:02.703215-04:00,propline_free_sample
2026-09-04,2026-09-05 00:10:00+00:00,Cristian Javier,4.5,over,100,prizepicks,192447,Houston Astros,Arizona Diamondbacks,2026-09-03T23:24:50.456746+00:00,2026-09-05T19:16:02.703215+00:00,2026-09-05T15:16:02.703215-04:00,2026-09-05T15:16:02.703215-04:00,propline_free_sample
2026-09-04,2026-09-05 00:10:00+00:00,Cristian Javier,4.5,under,100,prizepicks,192447,Houston Astros,Arizona Diamondbacks,2026-09-03T23:24:50.456746+00:00,2026-09-05T19:16:02.703215+00:00,2026-09-05T15:16:02.703215-04:00,2026-09-05T15:16:02.703215-04:00,propline_free_sample
2026-09-04,2026-09-05 00:10:00+00:00,Cristian Javier,5.5,over,100,prizepicks,192447,Houston Astros,Arizona Diamondbacks,2026-09-03T23:24:50.456746+00:00,2026-09-05T19:16:02.703215+00:00,2026-09-05T15:16:02.703215-04:00,2026-09-05T15:16:02.703215-04:00,propline_free_sample
2026-09-04,2026-09-05 00:10:00+00:00,Merrill Kelly,5.5,over,100,prizepicks,192447,Houston Astros,Arizona Diamondbacks,2026-09-03T23:24:50.456746+00:00,2026-09-05T19:16:02.703215+00:00,2026-09-05T15:16:02.703215-04:00,2026-09-05T15:16:02.703215-04:00,propline_free_sample
2026-09-04,2026-09-05 00:10:00+00:00,Cristian Javier,7.5,over,100,prizepicks,192447,Houston Astros,Arizona Diamondbacks,2026-09-03T23:24:50.456746+00:00,2026-09-05T19:16:02.703215+00:00,2026-09-05T15:16:02.703215-04:00,2026-09-05T15:16:02.703215-04:00,propline_free_sample
2026-09-04,2026-09-05 00:10:00+00:00,Merrill Kelly,7.5,over,100,prizepicks,192447,Houston Astros,Arizona Diamondbacks,2026-09-03T23:24:50.456746+00:00,2026-09-05T19:16:02.703215+00:00,2026-09-05T15:16:02.703215-04:00,2026-09-05T15:16:02.703215-04:00,propline_free_sample
2026-09-04,2026-09-05 00:10:00+00:00,Cristian Javier,2.5,over,100,prizepicks,192447,Houston Astros,Arizona Diamondbacks,2026-09-03T23:24:50.456746+00:00,2026-09-05T19:16:02.703215+00:00,2026-09-05T15:16:02.703215-04:00,2026-09-05T15:16:02.703215-04:00,propline_free_sample
2026-09-04,2026-09-05 00:10:00+00:00,Merrill Kelly,2.5,over,100,prizepicks,192447,Houston Astros,Arizona Diamondbacks,2026-09-03T23:24:50.456746+00:00,2026-09-05T19:16:02.703215+00:00,2026-09-05T15:16:02.703215-04:00,2026-09-05T15:16:02.703215-04:00,propline_free_sample
2026-09-04,2026-09-05 00:10:00+00:00,Cristian Javier,1.5,over,-4900,kalshi,192447,Houston Astros,Arizona Diamondbacks,2026-09-05T00:03:52.968525+00:00,2026-09-05T19:16:02.703215+00:00,2026-09-05T15:16:02.703215-04:00,2026-09-05T15:16:02.703215-04:00,propline_free_sample
2026-09-04,2026-09-05 00:10:00+00:00,Merrill Kelly,1.5,over,-4900,kalshi,192447,Houston Astros,Arizona Diamondbacks,2026-09-04T23:36:17.273721+00:00,2026-09-05T19:16:02.703215+00:00,2026-09-05T15:16:02.703215-04:00,2026-09-05T15:16:02.703215-04:00,propline_free_sample
2026-09-04,2026-09-05 00:10:00+00:00,Cristian Javier,1.5,under,9900,kalshi,192447,Houston Astros,Arizona Diamondbacks,2026-09-05T00:01:54.826107+00:00,2026-09-05T19:16:02.703215+00:00,2026-09-05T15:16:02.703215-04:00,2026-09-05T15:16:02.703215-04:00,propline_free_sample
2026-09-04,2026-09-05 00:10:00+00:00,Merrill Kelly,1.5,under,9900,kalshi,192447,Houston Astros,Arizona Diamondbacks,2026-09-05T00:07:08.365592+00:00,2026-09-05T19:16:02.703215+00:00,2026-09-05T15:16:02.703215-04:00,2026-09-05T15:16:02.703215-04:00,propline_free_sample
2026-09-04,2026-09-05 00:10:00+00:00,Cristian Javier,2.5,over,-4900,kalshi,192447,Houston Astros,Arizona Diamondbacks,2026-09-04T21:57:44.774116+00:00,2026-09-05T19:16:02.703215+00:00,2026-09-05T15:16:02.703215-04:00,2026-09-05T15:16:02.703215-04:00,propline_free_sample
2026-09-04,2026-09-05 00:10:00+00:00,Merrill Kelly,2.5,over,-4900,kalshi,192447,Houston Astros,Arizona Diamondbacks,2026-09-04T13:14:21.931181+00:00,2026-09-05T19:16:02.703215+00:00,2026-09-05T15:16:02.703215-04:00,2026-09-05T15:16:02.703215-04:00,propline_free_sample
2026-09-04,2026-09-05 00:10:00+00:00,Cristian Javier,2.5,under,9900,kalshi,192447,Houston Astros,Arizona Diamondbacks,2026-09-05T00:09:23.468926+00:00,2026-09-05T19:16:02.703215+00:00,2026-09-05T15:16:02.703215-04:00,2026-09-05T15:16:02.703215-04:00,propline_free_sample
2026-09-04,2026-09-05 00:10:00+00:00,Merrill Kelly,2.5,under,9900,kalshi,192447,Houston Astros,Arizona Diamondbacks,2026-09-05T00:03:52.968525+00:00,2026-09-05T19:16:02.703215+00:00,2026-09-05T15:16:02.703215-04:00,2026-09-05T15:16:02.703215-04:00,propline_free_sample
2026-09-04,2026-09-05 00:10:00+00:00,Cristian Javier,3.5,over,-4900,kalshi,192447,Houston Astros,Arizona Diamondbacks,2026-09-04T23:14:42.000568+00:00,2026-09-05T19:16:02.703215+00:00,2026-09-05T15:16:02.703215-04:00,2026-09-05T15:16:02.703215-04:00,propline_free_sample
2026-09-04,2026-09-05 00:10:00+00:00,Merrill Kelly,3.5,over,233,kalshi,192447,Houston Astros,Arizona Diamondbacks,2026-09-04T13:16:15.171826+00:00,2026-09-05T19:16:02.703215+00:00,2026-09-05T15:16:02.703215-04:00,2026-09-05T15:16:02.703215-04:00,propline_free_sample
2026-09-04,2026-09-05 00:10:00+00:00,Cristian Javier,3.5,under,9900,kalshi,192447,Houston Astros,Arizona Diamondbacks,2026-09-05T00:09:23.468926+00:00,2026-09-05T19:16:02.703215+00:00,2026-09-05T15:16:02.703215-04:00,2026-09-05T15:16:02.703215-04:00,propline_free_sample
2026-09-04,2026-09-05 00:10:00+00:00,Merrill Kelly,3.5,under,9900,kalshi,192447,Houston Astros,Arizona Diamondbacks,2026-09-04T23:18:50.767179+00:00,2026-09-05T19:16:02.703215+00:00,2026-09-05T15:16:02.703215-04:00,2026-09-05T15:16:02.703215-04:00,propline_free_sample
2026-09-04,2026-09-05 00:10:00+00:00,Cristian Javier,4.5,over,-3233,kalshi,192447,Houston Astros,Arizona Diamondbacks,2026-09-04T22:20:45.556566+00:00,2026-09-05T19:16:02.703215+00:00,2026-09-05T15:16:02.703215-04:00,2026-09-05T15:16:02.703215-04:00,propline_free_sample
2026-09-04,2026-09-05 00:10:00+00:00,Merrill Kelly,4.5,over,9900,kalshi,192447,Houston Astros,Arizona Diamondbacks,2026-09-04T23:12:00.518289+00:00,2026-09-05T19:16:02.703215+00:00,2026-09-05T15:16:02.703215-04:00,2026-09-05T15:16:02.703215-04:00,propline_free_sample
2026-09-04,2026-09-05 00:10:00+00:00,Cristian Javier,4.5,under,9900,kalshi,192447,Houston Astros,Arizona Diamondbacks,2026-09-04T22:13:39.980355+00:00,2026-09-05T19:16:02.703215+00:00,2026-09-05T15:16:02.703215-04:00,2026-09-05T15:16:02.703215-04:00,propline_free_sample
2026-09-04,2026-09-05 00:10:00+00:00,Merrill Kelly,4.5,under,-1150,kalshi,192447,Houston Astros,Arizona Diamondbacks,2026-09-04T23:11:06.849632+00:00,2026-09-05T19:16:02.703215+00:00,2026-09-05T15:16:02.703215-04:00,2026-09-05T15:16:02.703215-04:00,propline_free_sample
2026-09-04,2026-09-05 00:10:00+00:00,Cristian Javier,5.5,over,-213,kalshi,192447,Houston Astros,Arizona Diamondbacks,2026-09-05T00:06:40.818137+00:00,2026-09-05T19:16:02.703215+00:00,2026-09-05T15:16:02.703215-04:00,2026-09-05T15:16:02.703215-04:00,propline_free_sample
2026-09-04,2026-09-05 00:10:00+00:00,Merrill Kelly,5.5,over,9900,kalshi,192447,Houston Astros,Arizona Diamondbacks,2026-09-04T11:53:37.424702+00:00,2026-09-05T19:16:02.703215+00:00,2026-09-05T15:16:02.703215-04:00,2026-09-05T15:16:02.703215-04:00,propline_free_sample
2026-09-04,2026-09-05 00:10:00+00:00,Cristian Javier,5.5,under,9900,kalshi,192447,Houston Astros,Arizona Diamondbacks,2026-09-05T00:06:40.818137+00:00,2026-09-05T19:16:02.703215+00:00,2026-09-05T15:16:02.703215-04:00,2026-09-05T15:16:02.703215-04:00,propline_free_sample
2026-09-04,2026-09-05 00:10:00+00:00,Merrill Kelly,5.5,under,-3233,kalshi,192447,Houston Astros,Arizona Diamondbacks,2026-09-04T11:53:37.424702+00:00,2026-09-05T19:16:02.703215+00:00,2026-09-05T15:16:02.703215-04:00,2026-09-05T15:16:02.703215-04:00,propline_free_sample
2026-09-04,2026-09-05 00:10:00+00:00,Cristian Javier,6.5,over,194,kalshi,192447,Houston Astros,Arizona Diamondbacks,2026-09-04T20:52:42.101604+00:00,2026-09-05T19:16:02.703215+00:00,2026-09-05T15:16:02.703215-04:00,2026-09-05T15:16:02.703215-04:00,propline_free_sample
2026-09-04,2026-09-05 00:10:00+00:00,Merrill Kelly,6.5,over,9900,kalshi,192447,Houston Astros,Arizona Diamondbacks,2026-09-04T23:05:19.799686+00:00,2026-09-05T19:16:02.703215+00:00,2026-09-05T15:16:02.703215-04:00,2026-09-05T15:16:02.703215-04:00,propline_free_sample
2026-09-04,2026-09-05 00:10:00+00:00,Cristian Javier,6.5,under,9900,kalshi,192447,Houston Astros,Arizona Diamondbacks,2026-09-05T00:09:23.468926+00:00,2026-09-05T19:16:02.703215+00:00,2026-09-05T15:16:02.703215-04:00,2026-09-05T15:16:02.703215-04:00,propline_free_sample
2026-09-04,2026-09-05 00:10:00+00:00,Merrill Kelly,6.5,under,-1900,kalshi,192447,Houston Astros,Arizona Diamondbacks,2026-09-05T00:09:23.468926+00:00,2026-09-05T19:16:02.703215+00:00,2026-09-05T15:16:02.703215-04:00,2026-09-05T15:16:02.703215-04:00,propline_free_sample
2026-09-04,2026-09-05 00:10:00+00:00,Cristian Javier,7.5,over,156,kalshi,192447,Houston Astros,Arizona Diamondbacks,2026-09-04T20:52:42.101604+00:00,2026-09-05T19:16:02.703215+00:00,2026-09-05T15:16:02.703215-04:00,2026-09-05T15:16:02.703215-04:00,propline_free_sample
2026-09-04,2026-09-05 00:10:00+00:00,Merrill Kelly,7.5,over,9900,kalshi,192447,Houston Astros,Arizona Diamondbacks,2026-09-05T00:09:23.468926+00:00,2026-09-05T19:16:02.703215+00:00,2026-09-05T15:16:02.703215-04:00,2026-09-05T15:16:02.703215-04:00,propline_free_sample
2026-09-04,2026-09-05 00:10:00+00:00,Cristian Javier,7.5,under,9900,kalshi,192447,Houston Astros,Arizona Diamondbacks,2026-09-05T00:09:23.468926+00:00,2026-09-05T19:16:02.703215+00:00,2026-09-05T15:16:02.703215-04:00,2026-09-05T15:16:02.703215-04:00,propline_free_sample
2026-09-04,2026-09-05 00:10:00+00:00,Merrill Kelly,7.5,under,-4900,kalshi,192447,Houston Astros,Arizona Diamondbacks,2026-09-05T00:09:23.468926+00:00,2026-09-05T19:16:02.703215+00:00,2026-09-05T15:16:02.703215-04:00,2026-09-05T15:16:02.703215-04:00,propline_free_sample
2026-09-04,2026-09-05 00:10:00+00:00,Cristian Javier,4.5,over,113,sleeper,192447,Houston Astros,Arizona Diamondbacks,2026-09-04T20:55:44.199260+00:00,2026-09-05T19:16:02.703215+00:00,2026-09-05T15:16:02.703215-04:00,2026-09-05T15:16:02.703215-04:00,propline_free_sample
2026-09-04,2026-09-05 00:10:00+00:00,Merrill Kelly,4.5,over,105,sleeper,192447,Houston Astros,Arizona Diamondbacks,2026-09-05T00:03:20.821483+00:00,2026-09-05T19:16:02.703215+00:00,2026-09-05T15:16:02.703215-04:00,2026-09-05T15:16:02.703215-04:00,propline_free_sample
2026-09-04,2026-09-05 00:10:00+00:00,Cristian Javier,4.5,under,-192,sleeper,192447,Houston Astros,Arizona Diamondbacks,2026-09-04T20:55:44.199260+00:00,2026-09-05T19:16:02.703215+00:00,2026-09-05T15:16:02.703215-04:00,2026-09-05T15:16:02.703215-04:00,propline_free_sample
2026-09-04,2026-09-05 00:10:00+00:00,Merrill Kelly,4.5,under,-175,sleeper,192447,Houston Astros,Arizona Diamondbacks,2026-09-05T00:03:20.821483+00:00,2026-09-05T19:16:02.703215+00:00,2026-09-05T15:16:02.703215-04:00,2026-09-05T15:16:02.703215-04:00,propline_free_sample
2026-09-04,2026-09-05 00:10:00+00:00,Cristian Javier,4.5,over,122,onexbet,192447,Houston Astros,Arizona Diamondbacks,2026-09-04T23:51:17.888660+00:00,2026-09-05T19:16:02.703215+00:00,2026-09-05T15:16:02.703215-04:00,2026-09-05T15:16:02.703215-04:00,propline_free_sample
2026-09-04,2026-09-05 00:10:00+00:00,Merrill Kelly,4.5,over,115,onexbet,192447,Houston Astros,Arizona Diamondbacks,2026-09-04T21:18:56.597327+00:00,2026-09-05T19:16:02.703215+00:00,2026-09-05T15:16:02.703215-04:00,2026-09-05T15:16:02.703215-04:00,propline_free_sample
2026-09-04,2026-09-05 00:10:00+00:00,Cristian Javier,4.5,under,-156,onexbet,192447,Houston Astros,Arizona Diamondbacks,2026-09-04T23:51:17.888660+00:00,2026-09-05T19:16:02.703215+00:00,2026-09-05T15:16:02.703215-04:00,2026-09-05T15:16:02.703215-04:00,propline_free_sample
2026-09-04,2026-09-05 00:10:00+00:00,Merrill Kelly,4.5,under,-147,onexbet,192447,Houston Astros,Arizona Diamondbacks,2026-09-04T23:51:17.888660+00:00,2026-09-05T19:16:02.703215+00:00,2026-09-05T15:16:02.703215-04:00,2026-09-05T15:16:02.703215-04:00,propline_free_sample
2026-09-04,2026-09-05 00:10:00+00:00,Merrill Kelly,6.5,under,100,prizepicks,192447,Houston Astros,Arizona Diamondbacks,2026-09-03T23:37:26.338775+00:00,2026-09-05T19:16:02.703215+00:00,2026-09-05T15:16:02.703215-04:00,2026-09-05T15:16:02.703215-04:00,propline_free_sample
2026-09-04,2026-09-05 00:10:00+00:00,Cristian Javier,3.5,under,100,prizepicks,192447,Houston Astros,Arizona Diamondbacks,2026-09-03T23:37:26.338775+00:00,2026-09-05T19:16:02.703215+00:00,2026-09-05T15:16:02.703215-04:00,2026-09-05T15:16:02.703215-04:00,propline_free_sample
2026-09-04,2026-09-05 00:10:00+00:00,Merrill Kelly,3.5,under,100,prizepicks,192447,Houston Astros,Arizona Diamondbacks,2026-09-03T23:37:26.338775+00:00,2026-09-05T19:16:02.703215+00:00,2026-09-05T15:16:02.703215-04:00,2026-09-05T15:16:02.703215-04:00,propline_free_sample
2026-09-04,2026-09-05 00:10:00+00:00,Cristian Javier,5.5,under,100,prizepicks,192447,Houston Astros,Arizona Diamondbacks,2026-09-03T23:37:26.338775+00:00,2026-09-05T19:16:02.703215+00:00,2026-09-05T15:16:02.703215-04:00,2026-09-05T15:16:02.703215-04:00,propline_free_sample
2026-09-04,2026-09-05 00:10:00+00:00,Merrill Kelly,5.5,under,100,prizepicks,192447,Houston Astros,Arizona Diamondbacks,2026-09-03T23:37:26.338775+00:00,2026-09-05T19:16:02.703215+00:00,2026-09-05T15:16:02.703215-04:00,2026-09-05T15:16:02.703215-04:00,propline_free_sample
2026-09-04,2026-09-05 00:10:00+00:00,Cristian Javier,2.5,under,100,prizepicks,192447,Houston Astros,Arizona Diamondbacks,2026-09-03T23:37:26.338775+00:00,2026-09-05T19:16:02.703215+00:00,2026-09-05T15:16:02.703215-04:00,2026-09-05T15:16:02.703215-04:00,propline_free_sample
2026-09-04,2026-09-05 00:10:00+00:00,Merrill Kelly,2.5,under,100,prizepicks,192447,Houston Astros,Arizona Diamondbacks,2026-09-03T23:37:26.338775+00:00,2026-09-05T19:16:02.703215+00:00,2026-09-05T15:16:02.703215-04:00,2026-09-05T15:16:02.703215-04:00,propline_free_sample
2026-09-04,2026-09-05 00:10:00+00:00,Cristian Javier,4.5,over,133,novig,192447,Houston Astros,Arizona Diamondbacks,2026-09-05T00:08:51.436859+00:00,2026-09-05T19:16:02.703215+00:00,2026-09-05T15:16:02.703215-04:00,2026-09-05T15:16:02.703215-04:00,propline_free_sample
2026-09-04,2026-09-05 00:10:00+00:00,Cristian Javier,4.5,under,-203,novig,192447,Houston Astros,Arizona Diamondbacks,2026-09-05T00:06:35.791813+00:00,2026-09-05T19:16:02.703215+00:00,2026-09-05T15:16:02.703215-04:00,2026-09-05T15:16:02.703215-04:00,propline_free_sample
2026-09-04,2026-09-05 00:10:00+00:00,Merrill Kelly,4.5,over,118,novig,192447,Houston Astros,Arizona Diamondbacks,2026-09-05T00:05:44.619893+00:00,2026-09-05T19:16:02.703215+00:00,2026-09-05T15:16:02.703215-04:00,2026-09-05T15:16:02.703215-04:00,propline_free_sample
2026-09-04,2026-09-05 00:10:00+00:00,Merrill Kelly,4.5,under,-173,novig,192447,Houston Astros,Arizona Diamondbacks,2026-09-04T23:42:57.704498+00:00,2026-09-05T19:16:02.703215+00:00,2026-09-05T15:16:02.703215-04:00,2026-09-05T15:16:02.703215-04:00,propline_free_sample
2026-09-04,2026-09-05 00:10:00+00:00,Cristian Javier,4.0,over,100,betr,192447,Houston Astros,Arizona Diamondbacks,2026-09-04T01:34:18.843730+00:00,2026-09-05T19:16:02.703215+00:00,2026-09-05T15:16:02.703215-04:00,2026-09-05T15:16:02.703215-04:00,propline_free_sample
2026-09-04,2026-09-05 00:10:00+00:00,Cristian Javier,4.0,under,100,betr,192447,Houston Astros,Arizona Diamondbacks,2026-09-04T01:34:18.843730+00:00,2026-09-05T19:16:02.703215+00:00,2026-09-05T15:16:02.703215-04:00,2026-09-05T15:16:02.703215-04:00,propline_free_sample
2026-09-04,2026-09-05 00:10:00+00:00,Merrill Kelly,4.0,over,100,betr,192447,Houston Astros,Arizona Diamondbacks,2026-09-04T01:32:42.465831+00:00,2026-09-05T19:16:02.703215+00:00,2026-09-05T15:16:02.703215-04:00,2026-09-05T15:16:02.703215-04:00,propline_free_sample
2026-09-04,2026-09-05 00:10:00+00:00,Merrill Kelly,4.0,under,100,betr,192447,Houston Astros,Arizona Diamondbacks,2026-09-04T01:32:42.465831+00:00,2026-09-05T19:16:02.703215+00:00,2026-09-05T15:16:02.703215-04:00,2026-09-05T15:16:02.703215-04:00,propline_free_sample
2026-09-04,2026-09-05 00:10:00+00:00,Daniel Lynch IV,2.5,over,118,dabble,192448,Kansas City Royals,Toronto Blue Jays,2026-09-04T21:55:39.841651+00:00,2026-09-05T19:16:02.703215+00:00,2026-09-05T15:16:02.703215-04:00,2026-09-05T15:16:02.703215-04:00,propline_free_sample
