date,commence_time_utc,pitcher_name,line,side,price,sportsbook,event_id,home_team,away_team,vendor_snapshot_time,collected_at_utc,collected_at_et,snapshot_time_et,source
2026-09-04,2026-09-04 18:10:00+00:00,Keider Montero,2.5,over,-139,smarkets,94946,Cleveland Guardians,Detroit Tigers,2026-09-04T17:44:14.987876+00:00,2026-09-04T23:10:32.960998+00:00,2026-09-04T19:10:32.960998-04:00,2026-09-04T19:10:32.960998-04:00,propline_free_sample
2026-09-04,2026-09-04 18:10:00+00:00,Keider Montero,2.5,under,-101,smarkets,94946,Cleveland Guardians,Detroit Tigers,2026-09-04T17:44:14.987876+00:00,2026-09-04T23:10:32.960998+00:00,2026-09-04T19:10:32.960998-04:00,2026-09-04T19:10:32.960998-04:00,propline_free_sample
2026-09-04,2026-09-04 18:10:00+00:00,Keider Montero,3.5,over,100,prizepicks,94946,Cleveland Guardians,Detroit Tigers,2026-09-03T20:24:23.325437+00:00,2026-09-04T23:10:32.960998+00:00,2026-09-04T19:10:32.960998-04:00,2026-09-04T19:10:32.960998-04:00,propline_free_sample
2026-09-04,2026-09-04 18:10:00+00:00,Keider Montero,2.5,over,100,prizepicks,94946,Cleveland Guardians,Detroit Tigers,2026-09-03T20:24:23.325437+00:00,2026-09-04T23:10:32.960998+00:00,2026-09-04T19:10:32.960998-04:00,2026-09-04T19:10:32.960998-04:00,propline_free_sample
2026-09-04,2026-09-04 18:10:00+00:00,Keider Montero,2.5,under,100,prizepicks,94946,Cleveland Guardians,Detroit Tigers,2026-09-03T20:24:23.325437+00:00,2026-09-04T23:10:32.960998+00:00,2026-09-04T19:10:32.960998-04:00,2026-09-04T19:10:32.960998-04:00,propline_free_sample
2026-09-04,2026-09-04 18:10:00+00:00,Logan Allen,2.5,over,-164,smarkets,94946,Cleveland Guardians,Detroit Tigers,2026-09-04T02:41:49.019450+00:00,2026-09-04T23:10:32.960998+00:00,2026-09-04T19:10:32.960998-04:00,2026-09-04T19:10:32.960998-04:00,propline_free_sample
2026-09-04,2026-09-04 18:10:00+00:00,Logan Allen,2.5,under,116,smarkets,94946,Cleveland Guardians,Detroit Tigers,2026-09-04T02:41:49.019450+00:00,2026-09-04T23:10:32.960998+00:00,2026-09-04T19:10:32.960998-04:00,2026-09-04T19:10:32.960998-04:00,propline_free_sample
2026-09-04,2026-09-04 18:10:00+00:00,Logan Allen,3.5,over,100,prizepicks,94946,Cleveland Guardians,Detroit Tigers,2026-09-03T21:34:17.488255+00:00,2026-09-04T23:10:32.960998+00:00,2026-09-04T19:10:32.960998-04:00,2026-09-04T19:10:32.960998-04:00,propline_free_sample
2026-09-04,2026-09-04 18:10:00+00:00,Logan Allen,2.5,over,100,prizepicks,94946,Cleveland Guardians,Detroit Tigers,2026-09-03T21:34:17.488255+00:00,2026-09-04T23:10:32.960998+00:00,2026-09-04T19:10:32.960998-04:00,2026-09-04T19:10:32.960998-04:00,propline_free_sample
2026-09-04,2026-09-04 18:10:00+00:00,Logan Allen,2.5,under,100,prizepicks,94946,Cleveland Guardians,Detroit Tigers,2026-09-03T21:34:17.488255+00:00,2026-09-04T23:10:32.960998+00:00,2026-09-04T19:10:32.960998-04:00,2026-09-04T19:10:32.960998-04:00,propline_free_sample
2026-09-04,2026-09-04 18:10:00+00:00,Keider Montero,2.5,over,-172,draftkings,94946,Cleveland Guardians,Detroit Tigers,2026-09-04T17:12:34.204469+00:00,2026-09-04T23:10:32.960998+00:00,2026-09-04T19:10:32.960998-04:00,2026-09-04T19:10:32.960998-04:00,propline_free_sample
2026-09-04,2026-09-04 18:10:00+00:00,Keider Montero,2.5,under,134,draftkings,94946,Cleveland Guardians,Detroit Tigers,2026-09-04T17:12:34.204469+00:00,2026-09-04T23:10:32.960998+00:00,2026-09-04T19:10:32.960998-04:00,2026-09-04T19:10:32.960998-04:00,propline_free_sample
2026-09-04,2026-09-04 18:10:00+00:00,Logan Allen (CLE),3.5,over,115,draftkings,94946,Cleveland Guardians,Detroit Tigers,2026-09-04T17:44:09.429016+00:00,2026-09-04T23:10:32.960998+00:00,2026-09-04T19:10:32.960998-04:00,2026-09-04T19:10:32.960998-04:00,propline_free_sample
2026-09-04,2026-09-04 18:10:00+00:00,Logan Allen (CLE),3.5,under,-147,draftkings,94946,Cleveland Guardians,Detroit Tigers,2026-09-04T17:44:09.429016+00:00,2026-09-04T23:10:32.960998+00:00,2026-09-04T19:10:32.960998-04:00,2026-09-04T19:10:32.960998-04:00,propline_free_sample
2026-09-04,2026-09-04 18:10:00+00:00,Keider Montero,3.5,under,100,prizepicks,94946,Cleveland Guardians,Detroit Tigers,2026-09-04T00:42:41.044267+00:00,2026-09-04T23:10:32.960998+00:00,2026-09-04T19:10:32.960998-04:00,2026-09-04T19:10:32.960998-04:00,propline_free_sample
2026-09-04,2026-09-04 18:10:00+00:00,Logan Allen,3.5,under,100,prizepicks,94946,Cleveland Guardians,Detroit Tigers,2026-09-04T00:42:41.044267+00:00,2026-09-04T23:10:32.960998+00:00,2026-09-04T19:10:32.960998-04:00,2026-09-04T19:10:32.960998-04:00,propline_free_sample
2026-09-04,2026-09-04 18:10:00+00:00,Keider Montero,4.5,over,100,prizepicks,94946,Cleveland Guardians,Detroit Tigers,2026-09-04T00:42:41.044267+00:00,2026-09-04T23:10:32.960998+00:00,2026-09-04T19:10:32.960998-04:00,2026-09-04T19:10:32.960998-04:00,propline_free_sample
2026-09-04,2026-09-04 18:10:00+00:00,Logan Allen,4.5,over,100,prizepicks,94946,Cleveland Guardians,Detroit Tigers,2026-09-04T00:42:41.044267+00:00,2026-09-04T23:10:32.960998+00:00,2026-09-04T19:10:32.960998-04:00,2026-09-04T19:10:32.960998-04:00,propline_free_sample
2026-09-04,2026-09-04 18:10:00+00:00,Keider Montero,5.5,over,100,prizepicks,94946,Cleveland Guardians,Detroit Tigers,2026-09-04T00:42:41.044267+00:00,2026-09-04T23:10:32.960998+00:00,2026-09-04T19:10:32.960998-04:00,2026-09-04T19:10:32.960998-04:00,propline_free_sample
2026-09-04,2026-09-04 18:10:00+00:00,Logan Allen,5.5,over,100,prizepicks,94946,Cleveland Guardians,Detroit Tigers,2026-09-04T00:42:41.044267+00:00,2026-09-04T23:10:32.960998+00:00,2026-09-04T19:10:32.960998-04:00,2026-09-04T19:10:32.960998-04:00,propline_free_sample
2026-09-04,2026-09-04 18:10:00+00:00,Logan Allen,1.5,over,100,prizepicks,94946,Cleveland Guardians,Detroit Tigers,2026-09-04T00:42:41.044267+00:00,2026-09-04T23:10:32.960998+00:00,2026-09-04T19:10:32.960998-04:00,2026-09-04T19:10:32.960998-04:00,propline_free_sample
2026-09-04,2026-09-04 18:10:00+00:00,Logan Allen,4.5,under,100,prizepicks,94946,Cleveland Guardians,Detroit Tigers,2026-09-04T00:53:34.698753+00:00,2026-09-04T23:10:32.960998+00:00,2026-09-04T19:10:32.960998-04:00,2026-09-04T19:10:32.960998-04:00,propline_free_sample
2026-09-04,2026-09-04 18:10:00+00:00,Logan Allen,1.5,under,100,prizepicks,94946,Cleveland Guardians,Detroit Tigers,2026-09-04T00:53:34.698753+00:00,2026-09-04T23:10:32.960998+00:00,2026-09-04T19:10:32.960998-04:00,2026-09-04T19:10:32.960998-04:00,propline_free_sample
2026-09-04,2026-09-04 18:10:00+00:00,Logan Allen,6.5,over,100,prizepicks,94946,Cleveland Guardians,Detroit Tigers,2026-09-04T00:53:34.698753+00:00,2026-09-04T23:10:32.960998+00:00,2026-09-04T19:10:32.960998-04:00,2026-09-04T19:10:32.960998-04:00,propline_free_sample
2026-09-04,2026-09-04 18:10:00+00:00,Keider Montero,3.5,over,156,novig,94946,Cleveland Guardians,Detroit Tigers,2026-09-04T16:58:14.905467+00:00,2026-09-04T23:10:32.960998+00:00,2026-09-04T19:10:32.960998-04:00,2026-09-04T19:10:32.960998-04:00,propline_free_sample
2026-09-04,2026-09-04 18:10:00+00:00,Keider Montero,3.5,under,-213,novig,94946,Cleveland Guardians,Detroit Tigers,2026-09-04T16:23:10.183729+00:00,2026-09-04T23:10:32.960998+00:00,2026-09-04T19:10:32.960998-04:00,2026-09-04T19:10:32.960998-04:00,propline_free_sample
2026-09-04,2026-09-04 18:10:00+00:00,Logan Allen,2.5,over,-199,novig,94946,Cleveland Guardians,Detroit Tigers,2026-09-04T15:25:16.762711+00:00,2026-09-04T23:10:32.960998+00:00,2026-09-04T19:10:32.960998-04:00,2026-09-04T19:10:32.960998-04:00,propline_free_sample
2026-09-04,2026-09-04 18:10:00+00:00,Logan Allen,2.5,under,194,novig,94946,Cleveland Guardians,Detroit Tigers,2026-09-04T16:25:48.353654+00:00,2026-09-04T23:10:32.960998+00:00,2026-09-04T19:10:32.960998-04:00,2026-09-04T19:10:32.960998-04:00,propline_free_sample
2026-09-04,2026-09-04 18:10:00+00:00,Keider Montero,4.5,under,100,prizepicks,94946,Cleveland Guardians,Detroit Tigers,2026-09-04T00:58:20.688190+00:00,2026-09-04T23:10:32.960998+00:00,2026-09-04T19:10:32.960998-04:00,2026-09-04T19:10:32.960998-04:00,propline_free_sample
2026-09-04,2026-09-04 18:10:00+00:00,Keider Montero,5.5,under,100,prizepicks,94946,Cleveland Guardians,Detroit Tigers,2026-09-04T00:58:20.688190+00:00,2026-09-04T23:10:32.960998+00:00,2026-09-04T19:10:32.960998-04:00,2026-09-04T19:10:32.960998-04:00,propline_free_sample
2026-09-04,2026-09-04 18:10:00+00:00,Keider Montero,1.5,over,100,prizepicks,94946,Cleveland Guardians,Detroit Tigers,2026-09-04T00:58:20.688190+00:00,2026-09-04T23:10:32.960998+00:00,2026-09-04T19:10:32.960998-04:00,2026-09-04T19:10:32.960998-04:00,propline_free_sample
2026-09-04,2026-09-04 18:10:00+00:00,Keider Montero,1.5,under,100,prizepicks,94946,Cleveland Guardians,Detroit Tigers,2026-09-04T00:58:20.688190+00:00,2026-09-04T23:10:32.960998+00:00,2026-09-04T19:10:32.960998-04:00,2026-09-04T19:10:32.960998-04:00,propline_free_sample
2026-09-04,2026-09-04 18:10:00+00:00,Keider Montero,7.5,over,100,prizepicks,94946,Cleveland Guardians,Detroit Tigers,2026-09-04T00:58:20.688190+00:00,2026-09-04T23:10:32.960998+00:00,2026-09-04T19:10:32.960998-04:00,2026-09-04T19:10:32.960998-04:00,propline_free_sample
2026-09-04,2026-09-04 18:10:00+00:00,Keider Montero,6.5,over,100,prizepicks,94946,Cleveland Guardians,Detroit Tigers,2026-09-04T01:11:27.358234+00:00,2026-09-04T23:10:32.960998+00:00,2026-09-04T19:10:32.960998-04:00,2026-09-04T19:10:32.960998-04:00,propline_free_sample
2026-09-04,2026-09-04 18:10:00+00:00,Logan Allen,3.5,over,100,novig,94946,Cleveland Guardians,Detroit Tigers,2026-09-04T16:59:36.308363+00:00,2026-09-04T23:10:32.960998+00:00,2026-09-04T19:10:32.960998-04:00,2026-09-04T19:10:32.960998-04:00,propline_free_sample
2026-09-04,2026-09-04 18:10:00+00:00,Logan Allen,3.5,under,-138,novig,94946,Cleveland Guardians,Detroit Tigers,2026-09-04T16:43:08.555210+00:00,2026-09-04T23:10:32.960998+00:00,2026-09-04T19:10:32.960998-04:00,2026-09-04T19:10:32.960998-04:00,propline_free_sample
2026-09-04,2026-09-04 18:10:00+00:00,Keider Montero,2.5,over,-144,prophetx,94946,Cleveland Guardians,Detroit Tigers,2026-09-04T16:39:30.005282+00:00,2026-09-04T23:10:32.960998+00:00,2026-09-04T19:10:32.960998-04:00,2026-09-04T19:10:32.960998-04:00,propline_free_sample
2026-09-04,2026-09-04 18:10:00+00:00,Keider Montero,2.5,under,132,prophetx,94946,Cleveland Guardians,Detroit Tigers,2026-09-04T16:10:25.012025+00:00,2026-09-04T23:10:32.960998+00:00,2026-09-04T19:10:32.960998-04:00,2026-09-04T19:10:32.960998-04:00,propline_free_sample
2026-09-04,2026-09-04 18:10:00+00:00,Logan Allen,3.0,over,100,betr,94946,Cleveland Guardians,Detroit Tigers,2026-09-04T03:34:24.273829+00:00,2026-09-04T23:10:32.960998+00:00,2026-09-04T19:10:32.960998-04:00,2026-09-04T19:10:32.960998-04:00,propline_free_sample
2026-09-04,2026-09-04 18:10:00+00:00,Logan Allen,3.0,under,100,betr,94946,Cleveland Guardians,Detroit Tigers,2026-09-04T03:34:24.273829+00:00,2026-09-04T23:10:32.960998+00:00,2026-09-04T19:10:32.960998-04:00,2026-09-04T19:10:32.960998-04:00,propline_free_sample
2026-09-04,2026-09-04 18:10:00+00:00,Logan Allen,5.5,under,100,prizepicks,94946,Cleveland Guardians,Detroit Tigers,2026-09-04T03:04:13.425048+00:00,2026-09-04T23:10:32.960998+00:00,2026-09-04T19:10:32.960998-04:00,2026-09-04T19:10:32.960998-04:00,propline_free_sample
2026-09-04,2026-09-04 18:10:00+00:00,Keider Montero,2.5,over,-141,novig,94946,Cleveland Guardians,Detroit Tigers,2026-09-04T17:01:48.884222+00:00,2026-09-04T23:10:32.960998+00:00,2026-09-04T19:10:32.960998-04:00,2026-09-04T19:10:32.960998-04:00,propline_free_sample
2026-09-04,2026-09-04 18:10:00+00:00,Keider Montero,2.5,under,108,novig,94946,Cleveland Guardians,Detroit Tigers,2026-09-04T16:59:36.308363+00:00,2026-09-04T23:10:32.960998+00:00,2026-09-04T19:10:32.960998-04:00,2026-09-04T19:10:32.960998-04:00,propline_free_sample
2026-09-04,2026-09-04 18:10:00+00:00,Logan Allen,3.5,over,-102,smarkets,94946,Cleveland Guardians,Detroit Tigers,2026-09-04T16:40:27.436225+00:00,2026-09-04T23:10:32.960998+00:00,2026-09-04T19:10:32.960998-04:00,2026-09-04T19:10:32.960998-04:00,propline_free_sample
2026-09-04,2026-09-04 18:10:00+00:00,Logan Allen,3.5,under,-137,smarkets,94946,Cleveland Guardians,Detroit Tigers,2026-09-04T16:40:27.436225+00:00,2026-09-04T23:10:32.960998+00:00,2026-09-04T19:10:32.960998-04:00,2026-09-04T19:10:32.960998-04:00,propline_free_sample
2026-09-04,2026-09-04 18:10:00+00:00,Keider Montero,2.5,over,-174,fanduel,94946,Cleveland Guardians,Detroit Tigers,2026-09-04T17:06:52.157553+00:00,2026-09-04T23:10:32.960998+00:00,2026-09-04T19:10:32.960998-04:00,2026-09-04T19:10:32.960998-04:00,propline_free_sample
2026-09-04,2026-09-04 18:10:00+00:00,Keider Montero,2.5,under,136,fanduel,94946,Cleveland Guardians,Detroit Tigers,2026-09-04T17:06:52.157553+00:00,2026-09-04T23:10:32.960998+00:00,2026-09-04T19:10:32.960998-04:00,2026-09-04T19:10:32.960998-04:00,propline_free_sample
2026-09-04,2026-09-04 18:10:00+00:00,Logan Allen,3.5,over,126,fanduel,94946,Cleveland Guardians,Detroit Tigers,2026-09-04T17:01:22.582732+00:00,2026-09-04T23:10:32.960998+00:00,2026-09-04T19:10:32.960998-04:00,2026-09-04T19:10:32.960998-04:00,propline_free_sample
2026-09-04,2026-09-04 18:10:00+00:00,Logan Allen,3.5,under,-162,fanduel,94946,Cleveland Guardians,Detroit Tigers,2026-09-04T17:01:22.582732+00:00,2026-09-04T23:10:32.960998+00:00,2026-09-04T19:10:32.960998-04:00,2026-09-04T19:10:32.960998-04:00,propline_free_sample
2026-09-04,2026-09-04 18:10:00+00:00,Logan Allen,2.5,over,-225,prophetx,94946,Cleveland Guardians,Detroit Tigers,2026-09-04T16:06:38.733468+00:00,2026-09-04T23:10:32.960998+00:00,2026-09-04T19:10:32.960998-04:00,2026-09-04T19:10:32.960998-04:00,propline_free_sample
2026-09-04,2026-09-04 18:10:00+00:00,Logan Allen,2.5,under,186,prophetx,94946,Cleveland Guardians,Detroit Tigers,2026-09-04T13:31:53.743335+00:00,2026-09-04T23:10:32.960998+00:00,2026-09-04T19:10:32.960998-04:00,2026-09-04T19:10:32.960998-04:00,propline_free_sample
2026-09-04,2026-09-04 18:10:00+00:00,Logan Allen,3.5,over,123,prophetx,94946,Cleveland Guardians,Detroit Tigers,2026-09-04T17:17:27.589504+00:00,2026-09-04T23:10:32.960998+00:00,2026-09-04T19:10:32.960998-04:00,2026-09-04T19:10:32.960998-04:00,propline_free_sample
2026-09-04,2026-09-04 18:10:00+00:00,Logan Allen,3.5,under,-146,prophetx,94946,Cleveland Guardians,Detroit Tigers,2026-09-04T17:15:19.526413+00:00,2026-09-04T23:10:32.960998+00:00,2026-09-04T19:10:32.960998-04:00,2026-09-04T19:10:32.960998-04:00,propline_free_sample
2026-09-04,2026-09-04 18:10:00+00:00,Keider Montero (DET),2.5,over,-170,bovada,94946,Cleveland Guardians,Detroit Tigers,2026-09-04T17:19:28.901557+00:00,2026-09-04T23:10:32.960998+00:00,2026-09-04T19:10:32.960998-04:00,2026-09-04T19:10:32.960998-04:00,propline_free_sample
2026-09-04,2026-09-04 18:10:00+00:00,Keider Montero (DET),2.5,under,130,bovada,94946,Cleveland Guardians,Detroit Tigers,2026-09-04T17:19:28.901557+00:00,2026-09-04T23:10:32.960998+00:00,2026-09-04T19:10:32.960998-04:00,2026-09-04T19:10:32.960998-04:00,propline_free_sample
2026-09-04,2026-09-04 18:10:00+00:00,Logan Allen (CLE),3.5,over,125,bovada,94946,Cleveland Guardians,Detroit Tigers,2026-09-04T17:01:20.622808+00:00,2026-09-04T23:10:32.960998+00:00,2026-09-04T19:10:32.960998-04:00,2026-09-04T19:10:32.960998-04:00,propline_free_sample
2026-09-04,2026-09-04 18:10:00+00:00,Logan Allen (CLE),3.5,under,-165,bovada,94946,Cleveland Guardians,Detroit Tigers,2026-09-04T17:01:20.622808+00:00,2026-09-04T23:10:32.960998+00:00,2026-09-04T19:10:32.960998-04:00,2026-09-04T19:10:32.960998-04:00,propline_free_sample
2026-09-04,2026-09-04 18:10:00+00:00,Keider Montero,4.5,over,-110,fanatics,94946,Cleveland Guardians,Detroit Tigers,2026-09-04T18:04:51.775953+00:00,2026-09-04T23:10:32.960998+00:00,2026-09-04T19:10:32.960998-04:00,2026-09-04T19:10:32.960998-04:00,propline_free_sample
2026-09-04,2026-09-04 18:10:00+00:00,Keider Montero,4.5,under,-120,fanatics,94946,Cleveland Guardians,Detroit Tigers,2026-09-04T18:04:51.775953+00:00,2026-09-04T23:10:32.960998+00:00,2026-09-04T19:10:32.960998-04:00,2026-09-04T19:10:32.960998-04:00,propline_free_sample
2026-09-04,2026-09-04 18:10:00+00:00,Logan Allen,3.5,over,120,fanatics,94946,Cleveland Guardians,Detroit Tigers,2026-09-04T18:04:51.775953+00:00,2026-09-04T23:10:32.960998+00:00,2026-09-04T19:10:32.960998-04:00,2026-09-04T19:10:32.960998-04:00,propline_free_sample
2026-09-04,2026-09-04 18:10:00+00:00,Logan Allen,3.5,under,-160,fanatics,94946,Cleveland Guardians,Detroit Tigers,2026-09-04T18:04:51.775953+00:00,2026-09-04T23:10:32.960998+00:00,2026-09-04T19:10:32.960998-04:00,2026-09-04T19:10:32.960998-04:00,propline_free_sample
2026-09-04,2026-09-04 18:10:00+00:00,Keider Montero,4.5,over,365,novig,94946,Cleveland Guardians,Detroit Tigers,2026-09-04T16:12:56.257672+00:00,2026-09-04T23:10:32.960998+00:00,2026-09-04T19:10:32.960998-04:00,2026-09-04T19:10:32.960998-04:00,propline_free_sample
2026-09-04,2026-09-04 18:10:00+00:00,Keider Montero,4.5,under,-525,novig,94946,Cleveland Guardians,Detroit Tigers,2026-09-04T16:47:58.983095+00:00,2026-09-04T23:10:32.960998+00:00,2026-09-04T19:10:32.960998-04:00,2026-09-04T19:10:32.960998-04:00,propline_free_sample
2026-09-04,2026-09-04 18:10:00+00:00,Logan Allen,4.5,over,257,novig,94946,Cleveland Guardians,Detroit Tigers,2026-09-04T16:59:36.308363+00:00,2026-09-04T23:10:32.960998+00:00,2026-09-04T19:10:32.960998-04:00,2026-09-04T19:10:32.960998-04:00,propline_free_sample
2026-09-04,2026-09-04 18:10:00+00:00,Logan Allen,4.5,under,-365,novig,94946,Cleveland Guardians,Detroit Tigers,2026-09-04T16:35:39.218344+00:00,2026-09-04T23:10:32.960998+00:00,2026-09-04T19:10:32.960998-04:00,2026-09-04T19:10:32.960998-04:00,propline_free_sample
2026-09-04,2026-09-04 18:10:00+00:00,Keider Montero,2.5,over,-170,pinnacle,94946,Cleveland Guardians,Detroit Tigers,2026-09-04T08:15:13.965223+00:00,2026-09-04T23:10:32.960998+00:00,2026-09-04T19:10:32.960998-04:00,2026-09-04T19:10:32.960998-04:00,propline_free_sample
2026-09-04,2026-09-04 18:10:00+00:00,Keider Montero,2.5,under,127,pinnacle,94946,Cleveland Guardians,Detroit Tigers,2026-09-04T08:15:13.965223+00:00,2026-09-04T23:10:32.960998+00:00,2026-09-04T19:10:32.960998-04:00,2026-09-04T19:10:32.960998-04:00,propline_free_sample
2026-09-04,2026-09-04 18:10:00+00:00,Logan Allen,3.5,over,118,pinnacle,94946,Cleveland Guardians,Detroit Tigers,2026-09-04T06:46:51.797424+00:00,2026-09-04T23:10:32.960998+00:00,2026-09-04T19:10:32.960998-04:00,2026-09-04T19:10:32.960998-04:00,propline_free_sample
2026-09-04,2026-09-04 18:10:00+00:00,Logan Allen,3.5,under,-157,pinnacle,94946,Cleveland Guardians,Detroit Tigers,2026-09-04T18:03:50.459830+00:00,2026-09-04T23:10:32.960998+00:00,2026-09-04T19:10:32.960998-04:00,2026-09-04T19:10:32.960998-04:00,propline_free_sample
2026-09-04,2026-09-04 18:10:00+00:00,Keider Montero,2.5,over,120,betmgm,94946,Cleveland Guardians,Detroit Tigers,2026-09-04T08:44:26.232857+00:00,2026-09-04T23:10:32.960998+00:00,2026-09-04T19:10:32.960998-04:00,2026-09-04T19:10:32.960998-04:00,propline_free_sample
2026-09-04,2026-09-04 18:10:00+00:00,Keider Montero,2.5,under,-165,betmgm,94946,Cleveland Guardians,Detroit Tigers,2026-09-04T08:44:26.232857+00:00,2026-09-04T23:10:32.960998+00:00,2026-09-04T19:10:32.960998-04:00,2026-09-04T19:10:32.960998-04:00,propline_free_sample
2026-09-04,2026-09-04 18:10:00+00:00,Logan Allen,3.5,over,175,betmgm,94946,Cleveland Guardians,Detroit Tigers,2026-09-04T17:28:52.634584+00:00,2026-09-04T23:10:32.960998+00:00,2026-09-04T19:10:32.960998-04:00,2026-09-04T19:10:32.960998-04:00,propline_free_sample
2026-09-04,2026-09-04 18:10:00+00:00,Logan Allen,3.5,under,-235,betmgm,94946,Cleveland Guardians,Detroit Tigers,2026-09-04T17:28:52.634584+00:00,2026-09-04T23:10:32.960998+00:00,2026-09-04T19:10:32.960998-04:00,2026-09-04T19:10:32.960998-04:00,propline_free_sample
2026-09-04,2026-09-04 18:10:00+00:00,Keider Montero,3.0,over,100,prizepicks,94946,Cleveland Guardians,Detroit Tigers,2026-09-04T11:09:51.298057+00:00,2026-09-04T23:10:32.960998+00:00,2026-09-04T19:10:32.960998-04:00,2026-09-04T19:10:32.960998-04:00,propline_free_sample
2026-09-04,2026-09-04 18:10:00+00:00,Keider Montero,3.0,under,100,prizepicks,94946,Cleveland Guardians,Detroit Tigers,2026-09-04T11:09:51.298057+00:00,2026-09-04T23:10:32.960998+00:00,2026-09-04T19:10:32.960998-04:00,2026-09-04T19:10:32.960998-04:00,propline_free_sample
2026-09-04,2026-09-04 18:10:00+00:00,Keider Montero,3.0,over,-300,prophetx,94946,Cleveland Guardians,Detroit Tigers,2026-09-04T16:20:18.454485+00:00,2026-09-04T23:10:32.960998+00:00,2026-09-04T19:10:32.960998-04:00,2026-09-04T19:10:32.960998-04:00,propline_free_sample
2026-09-04,2026-09-04 18:10:00+00:00,Keider Montero,3.0,under,-310,prophetx,94946,Cleveland Guardians,Detroit Tigers,2026-09-04T14:57:10.681211+00:00,2026-09-04T23:10:32.960998+00:00,2026-09-04T19:10:32.960998-04:00,2026-09-04T19:10:32.960998-04:00,propline_free_sample
2026-09-04,2026-09-04 18:10:00+00:00,Keider Montero,1.5,over,-471,novig,94946,Cleveland Guardians,Detroit Tigers,2026-09-04T15:26:36.424909+00:00,2026-09-04T23:10:32.960998+00:00,2026-09-04T19:10:32.960998-04:00,2026-09-04T19:10:32.960998-04:00,propline_free_sample
2026-09-04,2026-09-04 18:10:00+00:00,Keider Montero,1.5,under,285,novig,94946,Cleveland Guardians,Detroit Tigers,2026-09-04T16:56:59.014732+00:00,2026-09-04T23:10:32.960998+00:00,2026-09-04T19:10:32.960998-04:00,2026-09-04T19:10:32.960998-04:00,propline_free_sample
2026-09-04,2026-09-04 18:10:00+00:00,Logan Allen,3.0,over,100,prizepicks,94946,Cleveland Guardians,Detroit Tigers,2026-09-04T12:59:15.851151+00:00,2026-09-04T23:10:32.960998+00:00,2026-09-04T19:10:32.960998-04:00,2026-09-04T19:10:32.960998-04:00,propline_free_sample
2026-09-04,2026-09-04 18:10:00+00:00,Keider Montero,2.5,over,-170,rebet,94946,Cleveland Guardians,Detroit Tigers,2026-09-04T17:04:45.314796+00:00,2026-09-04T23:10:32.960998+00:00,2026-09-04T19:10:32.960998-04:00,2026-09-04T19:10:32.960998-04:00,propline_free_sample
2026-09-04,2026-09-04 18:10:00+00:00,Keider Montero,2.5,under,122,rebet,94946,Cleveland Guardians,Detroit Tigers,2026-09-04T17:04:45.314796+00:00,2026-09-04T23:10:32.960998+00:00,2026-09-04T19:10:32.960998-04:00,2026-09-04T19:10:32.960998-04:00,propline_free_sample
2026-09-04,2026-09-04 18:10:00+00:00,Logan Allen,3.5,over,108,rebet,94946,Cleveland Guardians,Detroit Tigers,2026-09-04T17:57:00.899694+00:00,2026-09-04T23:10:32.960998+00:00,2026-09-04T19:10:32.960998-04:00,2026-09-04T19:10:32.960998-04:00,propline_free_sample
2026-09-04,2026-09-04 18:10:00+00:00,Logan Allen,3.5,under,-149,rebet,94946,Cleveland Guardians,Detroit Tigers,2026-09-04T17:57:00.899694+00:00,2026-09-04T23:10:32.960998+00:00,2026-09-04T19:10:32.960998-04:00,2026-09-04T19:10:32.960998-04:00,propline_free_sample
2026-09-04,2026-09-04 18:10:00+00:00,Keider Montero,2.5,over,-118,dabble,94946,Cleveland Guardians,Detroit Tigers,2026-09-04T17:41:19.182776+00:00,2026-09-04T23:10:32.960998+00:00,2026-09-04T19:10:32.960998-04:00,2026-09-04T19:10:32.960998-04:00,propline_free_sample
2026-09-04,2026-09-04 18:10:00+00:00,Logan Allen,3.5,over,-125,dabble,94946,Cleveland Guardians,Detroit Tigers,2026-09-04T15:59:39.721260+00:00,2026-09-04T23:10:32.960998+00:00,2026-09-04T19:10:32.960998-04:00,2026-09-04T19:10:32.960998-04:00,propline_free_sample
2026-09-04,2026-09-04 18:10:00+00:00,Keider Montero,2.5,under,118,dabble,94946,Cleveland Guardians,Detroit Tigers,2026-09-04T17:41:19.182776+00:00,2026-09-04T23:10:32.960998+00:00,2026-09-04T19:10:32.960998-04:00,2026-09-04T19:10:32.960998-04:00,propline_free_sample
2026-09-04,2026-09-04 18:10:00+00:00,Logan Allen,3.5,under,120,dabble,94946,Cleveland Guardians,Detroit Tigers,2026-09-04T15:59:39.721260+00:00,2026-09-04T23:10:32.960998+00:00,2026-09-04T19:10:32.960998-04:00,2026-09-04T19:10:32.960998-04:00,propline_free_sample
2026-09-04,2026-09-04 18:10:00+00:00,Keider Montero,1.5,over,-2400,kalshi,94946,Cleveland Guardians,Detroit Tigers,2026-09-04T15:24:03.528469+00:00,2026-09-04T23:10:32.960998+00:00,2026-09-04T19:10:32.960998-04:00,2026-09-04T19:10:32.960998-04:00,propline_free_sample
2026-09-04,2026-09-04 18:10:00+00:00,Logan Allen,1.5,over,9900,kalshi,94946,Cleveland Guardians,Detroit Tigers,2026-09-04T18:09:18.652288+00:00,2026-09-04T23:10:32.960998+00:00,2026-09-04T19:10:32.960998-04:00,2026-09-04T19:10:32.960998-04:00,propline_free_sample
2026-09-04,2026-09-04 18:10:00+00:00,Keider Montero,1.5,under,9900,kalshi,94946,Cleveland Guardians,Detroit Tigers,2026-09-04T18:09:18.652288+00:00,2026-09-04T23:10:32.960998+00:00,2026-09-04T19:10:32.960998-04:00,2026-09-04T19:10:32.960998-04:00,propline_free_sample
2026-09-04,2026-09-04 18:10:00+00:00,Logan Allen,1.5,under,-1150,kalshi,94946,Cleveland Guardians,Detroit Tigers,2026-09-04T18:09:18.652288+00:00,2026-09-04T23:10:32.960998+00:00,2026-09-04T19:10:32.960998-04:00,2026-09-04T19:10:32.960998-04:00,propline_free_sample
2026-09-04,2026-09-04 18:10:00+00:00,Keider Montero,2.5,over,-567,kalshi,94946,Cleveland Guardians,Detroit Tigers,2026-09-04T16:40:15.490811+00:00,2026-09-04T23:10:32.960998+00:00,2026-09-04T19:10:32.960998-04:00,2026-09-04T19:10:32.960998-04:00,propline_free_sample
2026-09-04,2026-09-04 18:10:00+00:00,Logan Allen,2.5,over,9900,kalshi,94946,Cleveland Guardians,Detroit Tigers,2026-09-04T16:43:35.390153+00:00,2026-09-04T23:10:32.960998+00:00,2026-09-04T19:10:32.960998-04:00,2026-09-04T19:10:32.960998-04:00,propline_free_sample
2026-09-04,2026-09-04 18:10:00+00:00,Keider Montero,2.5,under,9900,kalshi,94946,Cleveland Guardians,Detroit Tigers,2026-09-04T16:56:16.954244+00:00,2026-09-04T23:10:32.960998+00:00,2026-09-04T19:10:32.960998-04:00,2026-09-04T19:10:32.960998-04:00,propline_free_sample
2026-09-04,2026-09-04 18:10:00+00:00,Logan Allen,2.5,under,-9900,kalshi,94946,Cleveland Guardians,Detroit Tigers,2026-09-04T18:09:18.652288+00:00,2026-09-04T23:10:32.960998+00:00,2026-09-04T19:10:32.960998-04:00,2026-09-04T19:10:32.960998-04:00,propline_free_sample
2026-09-04,2026-09-04 18:10:00+00:00,Keider Montero,3.5,over,-456,kalshi,94946,Cleveland Guardians,Detroit Tigers,2026-09-04T15:16:47.944913+00:00,2026-09-04T23:10:32.960998+00:00,2026-09-04T19:10:32.960998-04:00,2026-09-04T19:10:32.960998-04:00,propline_free_sample
2026-09-04,2026-09-04 18:10:00+00:00,Logan Allen,3.5,over,9900,kalshi,94946,Cleveland Guardians,Detroit Tigers,2026-09-04T17:57:07.310500+00:00,2026-09-04T23:10:32.960998+00:00,2026-09-04T19:10:32.960998-04:00,2026-09-04T19:10:32.960998-04:00,propline_free_sample
2026-09-04,2026-09-04 18:10:00+00:00,Keider Montero,3.5,under,9900,kalshi,94946,Cleveland Guardians,Detroit Tigers,2026-09-04T18:08:55.868597+00:00,2026-09-04T23:10:32.960998+00:00,2026-09-04T19:10:32.960998-04:00,2026-09-04T19:10:32.960998-04:00,propline_free_sample
2026-09-04,2026-09-04 18:10:00+00:00,Logan Allen,3.5,under,-9900,kalshi,94946,Cleveland Guardians,Detroit Tigers,2026-09-04T17:58:42.699172+00:00,2026-09-04T23:10:32.960998+00:00,2026-09-04T19:10:32.960998-04:00,2026-09-04T19:10:32.960998-04:00,propline_free_sample
2026-09-04,2026-09-04 18:10:00+00:00,Keider Montero,4.5,over,9900,kalshi,94946,Cleveland Guardians,Detroit Tigers,2026-09-04T16:02:13.487969+00:00,2026-09-04T23:10:32.960998+00:00,2026-09-04T19:10:32.960998-04:00,2026-09-04T19:10:32.960998-04:00,propline_free_sample
2026-09-04,2026-09-04 18:10:00+00:00,Logan Allen,4.5,over,9900,kalshi,94946,Cleveland Guardians,Detroit Tigers,2026-09-04T15:57:42.133352+00:00,2026-09-04T23:10:32.960998+00:00,2026-09-04T19:10:32.960998-04:00,2026-09-04T19:10:32.960998-04:00,propline_free_sample
2026-09-04,2026-09-04 18:10:00+00:00,Keider Montero,4.5,under,-150,kalshi,94946,Cleveland Guardians,Detroit Tigers,2026-09-04T15:44:22.071185+00:00,2026-09-04T23:10:32.960998+00:00,2026-09-04T19:10:32.960998-04:00,2026-09-04T19:10:32.960998-04:00,propline_free_sample
2026-09-04,2026-09-04 18:10:00+00:00,Logan Allen,4.5,under,-9900,kalshi,94946,Cleveland Guardians,Detroit Tigers,2026-09-04T15:44:22.071185+00:00,2026-09-04T23:10:32.960998+00:00,2026-09-04T19:10:32.960998-04:00,2026-09-04T19:10:32.960998-04:00,propline_free_sample
2026-09-04,2026-09-04 18:10:00+00:00,Keider Montero,5.5,over,9900,kalshi,94946,Cleveland Guardians,Detroit Tigers,2026-09-04T15:58:52.216122+00:00,2026-09-04T23:10:32.960998+00:00,2026-09-04T19:10:32.960998-04:00,2026-09-04T19:10:32.960998-04:00,propline_free_sample
2026-09-04,2026-09-04 18:10:00+00:00,Logan Allen,5.5,over,9900,kalshi,94946,Cleveland Guardians,Detroit Tigers,2026-09-04T16:56:03.540934+00:00,2026-09-04T23:10:32.960998+00:00,2026-09-04T19:10:32.960998-04:00,2026-09-04T19:10:32.960998-04:00,propline_free_sample
2026-09-04,2026-09-04 18:10:00+00:00,Keider Montero,5.5,under,-9900,kalshi,94946,Cleveland Guardians,Detroit Tigers,2026-09-04T15:16:47.944913+00:00,2026-09-04T23:10:32.960998+00:00,2026-09-04T19:10:32.960998-04:00,2026-09-04T19:10:32.960998-04:00,propline_free_sample
2026-09-04,2026-09-04 18:10:00+00:00,Logan Allen,5.5,under,-1011,kalshi,94946,Cleveland Guardians,Detroit Tigers,2026-09-04T18:05:10.643023+00:00,2026-09-04T23:10:32.960998+00:00,2026-09-04T19:10:32.960998-04:00,2026-09-04T19:10:32.960998-04:00,propline_free_sample
2026-09-04,2026-09-04 18:10:00+00:00,Logan Allen,6.5,over,9900,kalshi,94946,Cleveland Guardians,Detroit Tigers,2026-09-04T18:08:55.868597+00:00,2026-09-04T23:10:32.960998+00:00,2026-09-04T19:10:32.960998-04:00,2026-09-04T19:10:32.960998-04:00,propline_free_sample
2026-09-04,2026-09-04 18:10:00+00:00,Logan Allen,6.5,under,-9900,kalshi,94946,Cleveland Guardians,Detroit Tigers,2026-09-04T18:05:10.643023+00:00,2026-09-04T23:10:32.960998+00:00,2026-09-04T19:10:32.960998-04:00,2026-09-04T19:10:32.960998-04:00,propline_free_sample
2026-09-04,2026-09-04 18:10:00+00:00,Keider Montero,2.5,over,-176,underdog,94946,Cleveland Guardians,Detroit Tigers,2026-09-04T17:17:03.424507+00:00,2026-09-04T23:10:32.960998+00:00,2026-09-04T19:10:32.960998-04:00,2026-09-04T19:10:32.960998-04:00,propline_free_sample
2026-09-04,2026-09-04 18:10:00+00:00,Logan Allen,3.5,over,117,underdog,94946,Cleveland Guardians,Detroit Tigers,2026-09-04T17:17:03.424507+00:00,2026-09-04T23:10:32.960998+00:00,2026-09-04T19:10:32.960998-04:00,2026-09-04T19:10:32.960998-04:00,propline_free_sample
2026-09-04,2026-09-04 18:10:00+00:00,Keider Montero,2.5,under,131,underdog,94946,Cleveland Guardians,Detroit Tigers,2026-09-04T17:17:03.424507+00:00,2026-09-04T23:10:32.960998+00:00,2026-09-04T19:10:32.960998-04:00,2026-09-04T19:10:32.960998-04:00,propline_free_sample
2026-09-04,2026-09-04 18:10:00+00:00,Logan Allen,3.5,under,-159,underdog,94946,Cleveland Guardians,Detroit Tigers,2026-09-04T17:17:03.424507+00:00,2026-09-04T23:10:32.960998+00:00,2026-09-04T19:10:32.960998-04:00,2026-09-04T19:10:32.960998-04:00,propline_free_sample
2026-09-03,2026-09-04 02:10:00+00:00,Quinn Mathews,4.5,over,102,fanduel,190746,Los Angeles Dodgers,St. Louis Cardinals,2026-09-04T00:02:35.232562+00:00,2026-09-04T23:10:32.960998+00:00,2026-09-04T19:10:32.960998-04:00,2026-09-04T19:10:32.960998-04:00,propline_free_sample
2026-09-03,2026-09-04 02:10:00+00:00,Quinn Mathews,4.5,under,-130,fanduel,190746,Los Angeles Dodgers,St. Louis Cardinals,2026-09-04T00:02:35.232562+00:00,2026-09-04T23:10:32.960998+00:00,2026-09-04T19:10:32.960998-04:00,2026-09-04T19:10:32.960998-04:00,propline_free_sample
2026-09-03,2026-09-04 02:10:00+00:00,Tarik Skubal,8.5,over,138,fanduel,190746,Los Angeles Dodgers,St. Louis Cardinals,2026-09-04T01:33:42.333317+00:00,2026-09-04T23:10:32.960998+00:00,2026-09-04T19:10:32.960998-04:00,2026-09-04T19:10:32.960998-04:00,propline_free_sample
2026-09-03,2026-09-04 02:10:00+00:00,Tarik Skubal,8.5,under,-178,fanduel,190746,Los Angeles Dodgers,St. Louis Cardinals,2026-09-04T01:33:42.333317+00:00,2026-09-04T23:10:32.960998+00:00,2026-09-04T19:10:32.960998-04:00,2026-09-04T19:10:32.960998-04:00,propline_free_sample
2026-09-03,2026-09-04 02:10:00+00:00,Quinn Mathews,4.5,over,100,prizepicks,190746,Los Angeles Dodgers,St. Louis Cardinals,2026-09-03T14:36:11.897095+00:00,2026-09-04T23:10:32.960998+00:00,2026-09-04T19:10:32.960998-04:00,2026-09-04T19:10:32.960998-04:00,propline_free_sample
2026-09-03,2026-09-04 02:10:00+00:00,Tarik Skubal,8.0,over,100,prizepicks,190746,Los Angeles Dodgers,St. Louis Cardinals,2026-09-03T11:29:25.644553+00:00,2026-09-04T23:10:32.960998+00:00,2026-09-04T19:10:32.960998-04:00,2026-09-04T19:10:32.960998-04:00,propline_free_sample
2026-09-03,2026-09-04 02:10:00+00:00,Quinn Mathews,4.5,under,100,prizepicks,190746,Los Angeles Dodgers,St. Louis Cardinals,2026-09-03T14:36:11.897095+00:00,2026-09-04T23:10:32.960998+00:00,2026-09-04T19:10:32.960998-04:00,2026-09-04T19:10:32.960998-04:00,propline_free_sample
2026-09-03,2026-09-04 02:10:00+00:00,Tarik Skubal,8.0,under,100,prizepicks,190746,Los Angeles Dodgers,St. Louis Cardinals,2026-09-03T11:29:25.644553+00:00,2026-09-04T23:10:32.960998+00:00,2026-09-04T19:10:32.960998-04:00,2026-09-04T19:10:32.960998-04:00,propline_free_sample
2026-09-03,2026-09-04 02:10:00+00:00,Tarik Skubal,10.5,over,100,prizepicks,190746,Los Angeles Dodgers,St. Louis Cardinals,2026-09-03T00:20:47.585760+00:00,2026-09-04T23:10:32.960998+00:00,2026-09-04T19:10:32.960998-04:00,2026-09-04T19:10:32.960998-04:00,propline_free_sample
2026-09-03,2026-09-04 02:10:00+00:00,Tarik Skubal,11.5,over,100,prizepicks,190746,Los Angeles Dodgers,St. Louis Cardinals,2026-09-03T00:20:47.585760+00:00,2026-09-04T23:10:32.960998+00:00,2026-09-04T19:10:32.960998-04:00,2026-09-04T19:10:32.960998-04:00,propline_free_sample
2026-09-03,2026-09-04 02:10:00+00:00,Quinn Mathews,5.5,over,100,prizepicks,190746,Los Angeles Dodgers,St. Louis Cardinals,2026-09-03T00:20:47.585760+00:00,2026-09-04T23:10:32.960998+00:00,2026-09-04T19:10:32.960998-04:00,2026-09-04T19:10:32.960998-04:00,propline_free_sample
2026-09-03,2026-09-04 02:10:00+00:00,Quinn Mathews,6.5,over,100,prizepicks,190746,Los Angeles Dodgers,St. Louis Cardinals,2026-09-03T00:20:47.585760+00:00,2026-09-04T23:10:32.960998+00:00,2026-09-04T19:10:32.960998-04:00,2026-09-04T19:10:32.960998-04:00,propline_free_sample
2026-09-03,2026-09-04 02:10:00+00:00,Tarik Skubal,9.5,over,100,prizepicks,190746,Los Angeles Dodgers,St. Louis Cardinals,2026-09-03T00:20:47.585760+00:00,2026-09-04T23:10:32.960998+00:00,2026-09-04T19:10:32.960998-04:00,2026-09-04T19:10:32.960998-04:00,propline_free_sample
2026-09-03,2026-09-04 02:10:00+00:00,Quinn Mathews,3.5,over,100,prizepicks,190746,Los Angeles Dodgers,St. Louis Cardinals,2026-09-03T00:20:47.585760+00:00,2026-09-04T23:10:32.960998+00:00,2026-09-04T19:10:32.960998-04:00,2026-09-04T19:10:32.960998-04:00,propline_free_sample
2026-09-03,2026-09-04 02:10:00+00:00,Tarik Skubal,6.5,over,100,prizepicks,190746,Los Angeles Dodgers,St. Louis Cardinals,2026-09-03T00:20:47.585760+00:00,2026-09-04T23:10:32.960998+00:00,2026-09-04T19:10:32.960998-04:00,2026-09-04T19:10:32.960998-04:00,propline_free_sample
2026-09-03,2026-09-04 02:10:00+00:00,Tarik Skubal,7.5,over,100,prizepicks,190746,Los Angeles Dodgers,St. Louis Cardinals,2026-09-03T00:20:47.585760+00:00,2026-09-04T23:10:32.960998+00:00,2026-09-04T19:10:32.960998-04:00,2026-09-04T19:10:32.960998-04:00,propline_free_sample
2026-09-03,2026-09-04 02:10:00+00:00,Quinn Mathews,3.5,over,-155,fanatics,190746,Los Angeles Dodgers,St. Louis Cardinals,2026-09-04T02:02:03.586478+00:00,2026-09-04T23:10:32.960998+00:00,2026-09-04T19:10:32.960998-04:00,2026-09-04T19:10:32.960998-04:00,propline_free_sample
2026-09-03,2026-09-04 02:10:00+00:00,Quinn Mathews,3.5,under,115,fanatics,190746,Los Angeles Dodgers,St. Louis Cardinals,2026-09-04T02:02:03.586478+00:00,2026-09-04T23:10:32.960998+00:00,2026-09-04T19:10:32.960998-04:00,2026-09-04T19:10:32.960998-04:00,propline_free_sample
2026-09-03,2026-09-04 02:10:00+00:00,Tarik Skubal,8.5,over,135,fanatics,190746,Los Angeles Dodgers,St. Louis Cardinals,2026-09-04T02:02:03.586478+00:00,2026-09-04T23:10:32.960998+00:00,2026-09-04T19:10:32.960998-04:00,2026-09-04T19:10:32.960998-04:00,propline_free_sample
2026-09-03,2026-09-04 02:10:00+00:00,Tarik Skubal,8.5,under,-180,fanatics,190746,Los Angeles Dodgers,St. Louis Cardinals,2026-09-04T02:02:03.586478+00:00,2026-09-04T23:10:32.960998+00:00,2026-09-04T19:10:32.960998-04:00,2026-09-04T19:10:32.960998-04:00,propline_free_sample
2026-09-03,2026-09-04 02:10:00+00:00,Tarik Skubal,7.5,over,-167,sleeper,190746,Los Angeles Dodgers,St. Louis Cardinals,2026-09-04T02:02:40.874131+00:00,2026-09-04T23:10:32.960998+00:00,2026-09-04T19:10:32.960998-04:00,2026-09-04T19:10:32.960998-04:00,propline_free_sample
2026-09-03,2026-09-04 02:10:00+00:00,Tarik Skubal,7.5,under,101,sleeper,190746,Los Angeles Dodgers,St. Louis Cardinals,2026-09-04T02:02:40.874131+00:00,2026-09-04T23:10:32.960998+00:00,2026-09-04T19:10:32.960998-04:00,2026-09-04T19:10:32.960998-04:00,propline_free_sample
2026-09-03,2026-09-04 02:10:00+00:00,Quinn Mathews,4.5,over,-115,sleeper,190746,Los Angeles Dodgers,St. Louis Cardinals,2026-09-04T00:55:10.593255+00:00,2026-09-04T23:10:32.960998+00:00,2026-09-04T19:10:32.960998-04:00,2026-09-04T19:10:32.960998-04:00,propline_free_sample
2026-09-03,2026-09-04 02:10:00+00:00,Quinn Mathews,4.5,under,-143,sleeper,190746,Los Angeles Dodgers,St. Louis Cardinals,2026-09-04T00:55:10.593255+00:00,2026-09-04T23:10:32.960998+00:00,2026-09-04T19:10:32.960998-04:00,2026-09-04T19:10:32.960998-04:00,propline_free_sample
2026-09-03,2026-09-04 02:10:00+00:00,Quinn Mathews,4.5,over,115,novig,190746,Los Angeles Dodgers,St. Louis Cardinals,2026-09-04T02:08:00.566299+00:00,2026-09-04T23:10:32.960998+00:00,2026-09-04T19:10:32.960998-04:00,2026-09-04T19:10:32.960998-04:00,propline_free_sample
2026-09-03,2026-09-04 02:10:00+00:00,Quinn Mathews,4.5,under,-117,novig,190746,Los Angeles Dodgers,St. Louis Cardinals,2026-09-04T01:17:09.390300+00:00,2026-09-04T23:10:32.960998+00:00,2026-09-04T19:10:32.960998-04:00,2026-09-04T19:10:32.960998-04:00,propline_free_sample
2026-09-03,2026-09-04 02:10:00+00:00,Tarik Skubal,7.5,over,-144,novig,190746,Los Angeles Dodgers,St. Louis Cardinals,2026-09-04T02:09:58.536404+00:00,2026-09-04T23:10:32.960998+00:00,2026-09-04T19:10:32.960998-04:00,2026-09-04T19:10:32.960998-04:00,propline_free_sample
2026-09-03,2026-09-04 02:10:00+00:00,Tarik Skubal,7.5,under,122,novig,190746,Los Angeles Dodgers,St. Louis Cardinals,2026-09-04T02:07:06.310002+00:00,2026-09-04T23:10:32.960998+00:00,2026-09-04T19:10:32.960998-04:00,2026-09-04T19:10:32.960998-04:00,propline_free_sample
2026-09-03,2026-09-04 02:10:00+00:00,Quinn Mathews,3.5,over,-178,novig,190746,Los Angeles Dodgers,St. Louis Cardinals,2026-09-04T02:08:37.826388+00:00,2026-09-04T23:10:32.960998+00:00,2026-09-04T19:10:32.960998-04:00,2026-09-04T19:10:32.960998-04:00,propline_free_sample
2026-09-03,2026-09-04 02:10:00+00:00,Quinn Mathews,3.5,under,120,novig,190746,Los Angeles Dodgers,St. Louis Cardinals,2026-09-04T02:07:06.310002+00:00,2026-09-04T23:10:32.960998+00:00,2026-09-04T19:10:32.960998-04:00,2026-09-04T19:10:32.960998-04:00,propline_free_sample
2026-09-03,2026-09-04 02:10:00+00:00,Tarik Skubal,10.5,under,100,prizepicks,190746,Los Angeles Dodgers,St. Louis Cardinals,2026-09-03T00:30:29.135144+00:00,2026-09-04T23:10:32.960998+00:00,2026-09-04T19:10:32.960998-04:00,2026-09-04T19:10:32.960998-04:00,propline_free_sample
2026-09-03,2026-09-04 02:10:00+00:00,Tarik Skubal,11.5,under,100,prizepicks,190746,Los Angeles Dodgers,St. Louis Cardinals,2026-09-03T00:30:29.135144+00:00,2026-09-04T23:10:32.960998+00:00,2026-09-04T19:10:32.960998-04:00,2026-09-04T19:10:32.960998-04:00,propline_free_sample
2026-09-03,2026-09-04 02:10:00+00:00,Quinn Mathews,5.5,under,100,prizepicks,190746,Los Angeles Dodgers,St. Louis Cardinals,2026-09-03T00:30:29.135144+00:00,2026-09-04T23:10:32.960998+00:00,2026-09-04T19:10:32.960998-04:00,2026-09-04T19:10:32.960998-04:00,propline_free_sample
2026-09-03,2026-09-04 02:10:00+00:00,Quinn Mathews,6.5,under,100,prizepicks,190746,Los Angeles Dodgers,St. Louis Cardinals,2026-09-03T00:30:29.135144+00:00,2026-09-04T23:10:32.960998+00:00,2026-09-04T19:10:32.960998-04:00,2026-09-04T19:10:32.960998-04:00,propline_free_sample
2026-09-03,2026-09-04 02:10:00+00:00,Tarik Skubal,9.5,under,100,prizepicks,190746,Los Angeles Dodgers,St. Louis Cardinals,2026-09-03T00:30:29.135144+00:00,2026-09-04T23:10:32.960998+00:00,2026-09-04T19:10:32.960998-04:00,2026-09-04T19:10:32.960998-04:00,propline_free_sample
2026-09-03,2026-09-04 02:10:00+00:00,Quinn Mathews,3.5,under,100,prizepicks,190746,Los Angeles Dodgers,St. Louis Cardinals,2026-09-03T00:30:29.135144+00:00,2026-09-04T23:10:32.960998+00:00,2026-09-04T19:10:32.960998-04:00,2026-09-04T19:10:32.960998-04:00,propline_free_sample
2026-09-03,2026-09-04 02:10:00+00:00,Tarik Skubal,6.5,under,100,prizepicks,190746,Los Angeles Dodgers,St. Louis Cardinals,2026-09-03T00:30:29.135144+00:00,2026-09-04T23:10:32.960998+00:00,2026-09-04T19:10:32.960998-04:00,2026-09-04T19:10:32.960998-04:00,propline_free_sample
2026-09-03,2026-09-04 02:10:00+00:00,Tarik Skubal,7.5,under,100,prizepicks,190746,Los Angeles Dodgers,St. Louis Cardinals,2026-09-03T00:30:29.135144+00:00,2026-09-04T23:10:32.960998+00:00,2026-09-04T19:10:32.960998-04:00,2026-09-04T19:10:32.960998-04:00,propline_free_sample
2026-09-03,2026-09-04 02:10:00+00:00,Tarik Skubal,13.5,over,100,prizepicks,190746,Los Angeles Dodgers,St. Louis Cardinals,2026-09-03T00:30:29.135144+00:00,2026-09-04T23:10:32.960998+00:00,2026-09-04T19:10:32.960998-04:00,2026-09-04T19:10:32.960998-04:00,propline_free_sample
2026-09-03,2026-09-04 02:10:00+00:00,Quinn Mathews,7.5,over,100,prizepicks,190746,Los Angeles Dodgers,St. Louis Cardinals,2026-09-03T00:30:29.135144+00:00,2026-09-04T23:10:32.960998+00:00,2026-09-04T19:10:32.960998-04:00,2026-09-04T19:10:32.960998-04:00,propline_free_sample
2026-09-03,2026-09-04 02:10:00+00:00,Quinn Mathews,8.5,over,100,prizepicks,190746,Los Angeles Dodgers,St. Louis Cardinals,2026-09-03T00:30:29.135144+00:00,2026-09-04T23:10:32.960998+00:00,2026-09-04T19:10:32.960998-04:00,2026-09-04T19:10:32.960998-04:00,propline_free_sample
2026-09-03,2026-09-04 02:10:00+00:00,Quinn Mathews,2.5,over,100,prizepicks,190746,Los Angeles Dodgers,St. Louis Cardinals,2026-09-03T00:30:29.135144+00:00,2026-09-04T23:10:32.960998+00:00,2026-09-04T19:10:32.960998-04:00,2026-09-04T19:10:32.960998-04:00,propline_free_sample
2026-09-03,2026-09-04 02:10:00+00:00,Quinn Mathews,2.5,under,100,prizepicks,190746,Los Angeles Dodgers,St. Louis Cardinals,2026-09-03T00:30:29.135144+00:00,2026-09-04T23:10:32.960998+00:00,2026-09-04T19:10:32.960998-04:00,2026-09-04T19:10:32.960998-04:00,propline_free_sample
2026-09-03,2026-09-04 02:10:00+00:00,Tarik Skubal,5.5,over,100,prizepicks,190746,Los Angeles Dodgers,St. Louis Cardinals,2026-09-03T00:30:29.135144+00:00,2026-09-04T23:10:32.960998+00:00,2026-09-04T19:10:32.960998-04:00,2026-09-04T19:10:32.960998-04:00,propline_free_sample
2026-09-03,2026-09-04 02:10:00+00:00,Tarik Skubal,5.5,under,100,prizepicks,190746,Los Angeles Dodgers,St. Louis Cardinals,2026-09-03T00:30:29.135144+00:00,2026-09-04T23:10:32.960998+00:00,2026-09-04T19:10:32.960998-04:00,2026-09-04T19:10:32.960998-04:00,propline_free_sample
2026-09-03,2026-09-04 02:10:00+00:00,Tarik Skubal,8.5,over,147,novig,190746,Los Angeles Dodgers,St. Louis Cardinals,2026-09-04T02:09:58.536404+00:00,2026-09-04T23:10:32.960998+00:00,2026-09-04T19:10:32.960998-04:00,2026-09-04T19:10:32.960998-04:00,propline_free_sample
2026-09-03,2026-09-04 02:10:00+00:00,Tarik Skubal,8.5,under,-167,novig,190746,Los Angeles Dodgers,St. Louis Cardinals,2026-09-04T02:09:58.536404+00:00,2026-09-04T23:10:32.960998+00:00,2026-09-04T19:10:32.960998-04:00,2026-09-04T19:10:32.960998-04:00,propline_free_sample
2026-09-03,2026-09-04 02:10:00+00:00,Tarik Skubal,12.5,over,100,prizepicks,190746,Los Angeles Dodgers,St. Louis Cardinals,2026-09-03T00:38:51.077837+00:00,2026-09-04T23:10:32.960998+00:00,2026-09-04T19:10:32.960998-04:00,2026-09-04T19:10:32.960998-04:00,propline_free_sample
2026-09-03,2026-09-04 02:10:00+00:00,Quinn Mathews (STL),4.5,over,100,bovada,190746,Los Angeles Dodgers,St. Louis Cardinals,2026-09-04T00:18:33.124128+00:00,2026-09-04T23:10:32.960998+00:00,2026-09-04T19:10:32.960998-04:00,2026-09-04T19:10:32.960998-04:00,propline_free_sample
2026-09-03,2026-09-04 02:10:00+00:00,Quinn Mathews (STL),4.5,under,-130,bovada,190746,Los Angeles Dodgers,St. Louis Cardinals,2026-09-04T00:18:33.124128+00:00,2026-09-04T23:10:32.960998+00:00,2026-09-04T19:10:32.960998-04:00,2026-09-04T19:10:32.960998-04:00,propline_free_sample
2026-09-03,2026-09-04 02:10:00+00:00,Tarik Skubal (LAD),8.5,over,135,bovada,190746,Los Angeles Dodgers,St. Louis Cardinals,2026-09-04T00:35:10.127295+00:00,2026-09-04T23:10:32.960998+00:00,2026-09-04T19:10:32.960998-04:00,2026-09-04T19:10:32.960998-04:00,propline_free_sample
2026-09-03,2026-09-04 02:10:00+00:00,Tarik Skubal (LAD),8.5,under,-180,bovada,190746,Los Angeles Dodgers,St. Louis Cardinals,2026-09-04T00:35:10.127295+00:00,2026-09-04T23:10:32.960998+00:00,2026-09-04T19:10:32.960998-04:00,2026-09-04T19:10:32.960998-04:00,propline_free_sample
2026-09-03,2026-09-04 02:10:00+00:00,Quinn Mathews,4.5,over,124,dabble,190746,Los Angeles Dodgers,St. Louis Cardinals,2026-09-04T00:02:46.957876+00:00,2026-09-04T23:10:32.960998+00:00,2026-09-04T19:10:32.960998-04:00,2026-09-04T19:10:32.960998-04:00,propline_free_sample
2026-09-03,2026-09-04 02:10:00+00:00,Tarik Skubal,7.5,over,-119,dabble,190746,Los Angeles Dodgers,St. Louis Cardinals,2026-09-03T23:09:29.239048+00:00,2026-09-04T23:10:32.960998+00:00,2026-09-04T19:10:32.960998-04:00,2026-09-04T19:10:32.960998-04:00,propline_free_sample
2026-09-03,2026-09-04 02:10:00+00:00,Quinn Mathews,4.5,under,-123,dabble,190746,Los Angeles Dodgers,St. Louis Cardinals,2026-09-04T01:34:04.557070+00:00,2026-09-04T23:10:32.960998+00:00,2026-09-04T19:10:32.960998-04:00,2026-09-04T19:10:32.960998-04:00,propline_free_sample
2026-09-03,2026-09-04 02:10:00+00:00,Tarik Skubal,7.5,under,120,dabble,190746,Los Angeles Dodgers,St. Louis Cardinals,2026-09-04T01:34:04.557070+00:00,2026-09-04T23:10:32.960998+00:00,2026-09-04T19:10:32.960998-04:00,2026-09-04T19:10:32.960998-04:00,propline_free_sample
2026-09-03,2026-09-04 02:10:00+00:00,Quinn Mathews,4.5,over,-106,smarkets,190746,Los Angeles Dodgers,St. Louis Cardinals,2026-09-04T00:14:52.473720+00:00,2026-09-04T23:10:32.960998+00:00,2026-09-04T19:10:32.960998-04:00,2026-09-04T19:10:32.960998-04:00,propline_free_sample
2026-09-03,2026-09-04 02:10:00+00:00,Quinn Mathews,4.5,under,-145,smarkets,190746,Los Angeles Dodgers,St. Louis Cardinals,2026-09-04T00:14:52.473720+00:00,2026-09-04T23:10:32.960998+00:00,2026-09-04T19:10:32.960998-04:00,2026-09-04T19:10:32.960998-04:00,propline_free_sample
2026-09-03,2026-09-04 02:10:00+00:00,Tarik Skubal,7.5,over,-141,smarkets,190746,Los Angeles Dodgers,St. Louis Cardinals,2026-09-03T23:12:57.475430+00:00,2026-09-04T23:10:32.960998+00:00,2026-09-04T19:10:32.960998-04:00,2026-09-04T19:10:32.960998-04:00,propline_free_sample
2026-09-03,2026-09-04 02:10:00+00:00,Tarik Skubal,7.5,under,100,smarkets,190746,Los Angeles Dodgers,St. Louis Cardinals,2026-09-03T23:07:42.466773+00:00,2026-09-04T23:10:32.960998+00:00,2026-09-04T19:10:32.960998-04:00,2026-09-04T19:10:32.960998-04:00,propline_free_sample
2026-09-03,2026-09-04 02:10:00+00:00,Quinn Mathews,4.5,over,-102,underdog,190746,Los Angeles Dodgers,St. Louis Cardinals,2026-09-04T00:02:44.997388+00:00,2026-09-04T23:10:32.960998+00:00,2026-09-04T19:10:32.960998-04:00,2026-09-04T19:10:32.960998-04:00,propline_free_sample
2026-09-03,2026-09-04 02:10:00+00:00,Tarik Skubal,8.5,over,119,underdog,190746,Los Angeles Dodgers,St. Louis Cardinals,2026-09-04T02:05:02.452541+00:00,2026-09-04T23:10:32.960998+00:00,2026-09-04T19:10:32.960998-04:00,2026-09-04T19:10:32.960998-04:00,propline_free_sample
2026-09-03,2026-09-04 02:10:00+00:00,Quinn Mathews,4.5,under,-136,underdog,190746,Los Angeles Dodgers,St. Louis Cardinals,2026-09-04T00:02:44.997388+00:00,2026-09-04T23:10:32.960998+00:00,2026-09-04T19:10:32.960998-04:00,2026-09-04T19:10:32.960998-04:00,propline_free_sample
2026-09-03,2026-09-04 02:10:00+00:00,Tarik Skubal,8.5,under,-162,underdog,190746,Los Angeles Dodgers,St. Louis Cardinals,2026-09-04T02:05:02.452541+00:00,2026-09-04T23:10:32.960998+00:00,2026-09-04T19:10:32.960998-04:00,2026-09-04T19:10:32.960998-04:00,propline_free_sample
2026-09-03,2026-09-04 02:10:00+00:00,Quinn Mathews,4.5,over,-111,draftkings,190746,Los Angeles Dodgers,St. Louis Cardinals,2026-09-04T01:56:29.289165+00:00,2026-09-04T23:10:32.960998+00:00,2026-09-04T19:10:32.960998-04:00,2026-09-04T19:10:32.960998-04:00,propline_free_sample
2026-09-03,2026-09-04 02:10:00+00:00,Quinn Mathews,4.5,under,-115,draftkings,190746,Los Angeles Dodgers,St. Louis Cardinals,2026-09-04T01:56:29.289165+00:00,2026-09-04T23:10:32.960998+00:00,2026-09-04T19:10:32.960998-04:00,2026-09-04T19:10:32.960998-04:00,propline_free_sample
2026-09-03,2026-09-04 02:10:00+00:00,Tarik Skubal,8.5,over,122,draftkings,190746,Los Angeles Dodgers,St. Louis Cardinals,2026-09-04T02:02:23.867584+00:00,2026-09-04T23:10:32.960998+00:00,2026-09-04T19:10:32.960998-04:00,2026-09-04T19:10:32.960998-04:00,propline_free_sample
2026-09-03,2026-09-04 02:10:00+00:00,Tarik Skubal,8.5,under,-156,draftkings,190746,Los Angeles Dodgers,St. Louis Cardinals,2026-09-04T02:02:23.867584+00:00,2026-09-04T23:10:32.960998+00:00,2026-09-04T19:10:32.960998-04:00,2026-09-04T19:10:32.960998-04:00,propline_free_sample
2026-09-03,2026-09-04 02:10:00+00:00,Tarik Skubal,8.5,over,100,prizepicks,190746,Los Angeles Dodgers,St. Louis Cardinals,2026-09-03T04:32:35.145024+00:00,2026-09-04T23:10:32.960998+00:00,2026-09-04T19:10:32.960998-04:00,2026-09-04T19:10:32.960998-04:00,propline_free_sample
2026-09-03,2026-09-04 02:10:00+00:00,Tarik Skubal,8.5,under,100,prizepicks,190746,Los Angeles Dodgers,St. Louis Cardinals,2026-09-03T04:32:35.145024+00:00,2026-09-04T23:10:32.960998+00:00,2026-09-04T19:10:32.960998-04:00,2026-09-04T19:10:32.960998-04:00,propline_free_sample
2026-09-03,2026-09-04 02:10:00+00:00,Quinn Mathews,4.5,over,115,prophetx,190746,Los Angeles Dodgers,St. Louis Cardinals,2026-09-04T00:52:42.339667+00:00,2026-09-04T23:10:32.960998+00:00,2026-09-04T19:10:32.960998-04:00,2026-09-04T19:10:32.960998-04:00,propline_free_sample
2026-09-03,2026-09-04 02:10:00+00:00,Quinn Mathews,4.5,under,-125,prophetx,190746,Los Angeles Dodgers,St. Louis Cardinals,2026-09-04T02:09:56.660912+00:00,2026-09-04T23:10:32.960998+00:00,2026-09-04T19:10:32.960998-04:00,2026-09-04T19:10:32.960998-04:00,propline_free_sample
2026-09-03,2026-09-04 02:10:00+00:00,Tarik Skubal,8.5,over,152,prophetx,190746,Los Angeles Dodgers,St. Louis Cardinals,2026-09-04T02:05:19.232694+00:00,2026-09-04T23:10:32.960998+00:00,2026-09-04T19:10:32.960998-04:00,2026-09-04T19:10:32.960998-04:00,propline_free_sample
2026-09-03,2026-09-04 02:10:00+00:00,Tarik Skubal,8.5,under,-156,prophetx,190746,Los Angeles Dodgers,St. Louis Cardinals,2026-09-04T02:01:27.429086+00:00,2026-09-04T23:10:32.960998+00:00,2026-09-04T19:10:32.960998-04:00,2026-09-04T19:10:32.960998-04:00,propline_free_sample
2026-09-03,2026-09-04 02:10:00+00:00,Quinn Mathews,1.5,over,-3233,kalshi,190746,Los Angeles Dodgers,St. Louis Cardinals,2026-09-04T02:06:22.866519+00:00,2026-09-04T23:10:32.960998+00:00,2026-09-04T19:10:32.960998-04:00,2026-09-04T19:10:32.960998-04:00,propline_free_sample
2026-09-03,2026-09-04 02:10:00+00:00,Quinn Mathews,1.5,under,9900,kalshi,190746,Los Angeles Dodgers,St. Louis Cardinals,2026-09-04T02:05:46.786629+00:00,2026-09-04T23:10:32.960998+00:00,2026-09-04T19:10:32.960998-04:00,2026-09-04T19:10:32.960998-04:00,propline_free_sample
2026-09-03,2026-09-04 02:10:00+00:00,Tarik Skubal,10.5,over,9900,kalshi,190746,Los Angeles Dodgers,St. Louis Cardinals,2026-09-03T22:56:33.784811+00:00,2026-09-04T23:10:32.960998+00:00,2026-09-04T19:10:32.960998-04:00,2026-09-04T19:10:32.960998-04:00,propline_free_sample
2026-09-03,2026-09-04 02:10:00+00:00,Tarik Skubal,10.5,under,-4900,kalshi,190746,Los Angeles Dodgers,St. Louis Cardinals,2026-09-03T22:56:33.784811+00:00,2026-09-04T23:10:32.960998+00:00,2026-09-04T19:10:32.960998-04:00,2026-09-04T19:10:32.960998-04:00,propline_free_sample
2026-09-03,2026-09-04 02:10:00+00:00,Tarik Skubal,11.5,over,9900,kalshi,190746,Los Angeles Dodgers,St. Louis Cardinals,2026-09-04T02:02:42.878355+00:00,2026-09-04T23:10:32.960998+00:00,2026-09-04T19:10:32.960998-04:00,2026-09-04T19:10:32.960998-04:00,propline_free_sample
2026-09-03,2026-09-04 02:10:00+00:00,Tarik Skubal,11.5,under,-4900,kalshi,190746,Los Angeles Dodgers,St. Louis Cardinals,2026-09-04T02:05:46.786629+00:00,2026-09-04T23:10:32.960998+00:00,2026-09-04T19:10:32.960998-04:00,2026-09-04T19:10:32.960998-04:00,propline_free_sample
2026-09-03,2026-09-04 02:10:00+00:00,Tarik Skubal,12.5,over,9900,kalshi,190746,Los Angeles Dodgers,St. Louis Cardinals,2026-09-03T20:00:59.348828+00:00,2026-09-04T23:10:32.960998+00:00,2026-09-04T19:10:32.960998-04:00,2026-09-04T19:10:32.960998-04:00,propline_free_sample
2026-09-03,2026-09-04 02:10:00+00:00,Tarik Skubal,12.5,under,-3233,kalshi,190746,Los Angeles Dodgers,St. Louis Cardinals,2026-09-04T01:37:20.793233+00:00,2026-09-04T23:10:32.960998+00:00,2026-09-04T19:10:32.960998-04:00,2026-09-04T19:10:32.960998-04:00,propline_free_sample
2026-09-03,2026-09-04 02:10:00+00:00,Quinn Mathews,2.5,over,-456,kalshi,190746,Los Angeles Dodgers,St. Louis Cardinals,2026-09-04T02:05:46.786629+00:00,2026-09-04T23:10:32.960998+00:00,2026-09-04T19:10:32.960998-04:00,2026-09-04T19:10:32.960998-04:00,propline_free_sample
2026-09-03,2026-09-04 02:10:00+00:00,Quinn Mathews,2.5,under,9900,kalshi,190746,Los Angeles Dodgers,St. Louis Cardinals,2026-09-04T02:05:46.786629+00:00,2026-09-04T23:10:32.960998+00:00,2026-09-04T19:10:32.960998-04:00,2026-09-04T19:10:32.960998-04:00,propline_free_sample
2026-09-03,2026-09-04 02:10:00+00:00,Quinn Mathews,3.5,over,-3233,kalshi,190746,Los Angeles Dodgers,St. Louis Cardinals,2026-09-04T00:03:13.632521+00:00,2026-09-04T23:10:32.960998+00:00,2026-09-04T19:10:32.960998-04:00,2026-09-04T19:10:32.960998-04:00,propline_free_sample
2026-09-03,2026-09-04 02:10:00+00:00,Quinn Mathews,3.5,under,9900,kalshi,190746,Los Angeles Dodgers,St. Louis Cardinals,2026-09-03T23:18:14.412017+00:00,2026-09-04T23:10:32.960998+00:00,2026-09-04T19:10:32.960998-04:00,2026-09-04T19:10:32.960998-04:00,propline_free_sample
2026-09-03,2026-09-04 02:10:00+00:00,Quinn Mathews,4.5,over,9900,kalshi,190746,Los Angeles Dodgers,St. Louis Cardinals,2026-09-04T00:54:52.236157+00:00,2026-09-04T23:10:32.960998+00:00,2026-09-04T19:10:32.960998-04:00,2026-09-04T19:10:32.960998-04:00,propline_free_sample
2026-09-03,2026-09-04 02:10:00+00:00,Tarik Skubal,4.5,over,-4900,kalshi,190746,Los Angeles Dodgers,St. Louis Cardinals,2026-09-03T23:21:21.885784+00:00,2026-09-04T23:10:32.960998+00:00,2026-09-04T19:10:32.960998-04:00,2026-09-04T19:10:32.960998-04:00,propline_free_sample
2026-09-03,2026-09-04 02:10:00+00:00,Quinn Mathews,4.5,under,-9900,kalshi,190746,Los Angeles Dodgers,St. Louis Cardinals,2026-09-04T00:54:52.236157+00:00,2026-09-04T23:10:32.960998+00:00,2026-09-04T19:10:32.960998-04:00,2026-09-04T19:10:32.960998-04:00,propline_free_sample
2026-09-03,2026-09-04 02:10:00+00:00,Tarik Skubal,4.5,under,9900,kalshi,190746,Los Angeles Dodgers,St. Louis Cardinals,2026-09-04T02:08:21.607428+00:00,2026-09-04T23:10:32.960998+00:00,2026-09-04T19:10:32.960998-04:00,2026-09-04T19:10:32.960998-04:00,propline_free_sample
2026-09-03,2026-09-04 02:10:00+00:00,Quinn Mathews,5.5,over,9900,kalshi,190746,Los Angeles Dodgers,St. Louis Cardinals,2026-09-04T00:54:52.236157+00:00,2026-09-04T23:10:32.960998+00:00,2026-09-04T19:10:32.960998-04:00,2026-09-04T19:10:32.960998-04:00,propline_free_sample
2026-09-03,2026-09-04 02:10:00+00:00,Tarik Skubal,5.5,over,-376,kalshi,190746,Los Angeles Dodgers,St. Louis Cardinals,2026-09-04T00:58:04.759123+00:00,2026-09-04T23:10:32.960998+00:00,2026-09-04T19:10:32.960998-04:00,2026-09-04T19:10:32.960998-04:00,propline_free_sample
2026-09-03,2026-09-04 02:10:00+00:00,Quinn Mathews,5.5,under,-376,kalshi,190746,Los Angeles Dodgers,St. Louis Cardinals,2026-09-04T00:54:52.236157+00:00,2026-09-04T23:10:32.960998+00:00,2026-09-04T19:10:32.960998-04:00,2026-09-04T19:10:32.960998-04:00,propline_free_sample
2026-09-03,2026-09-04 02:10:00+00:00,Tarik Skubal,5.5,under,9900,kalshi,190746,Los Angeles Dodgers,St. Louis Cardinals,2026-09-04T01:47:49.259453+00:00,2026-09-04T23:10:32.960998+00:00,2026-09-04T19:10:32.960998-04:00,2026-09-04T19:10:32.960998-04:00,propline_free_sample
2026-09-03,2026-09-04 02:10:00+00:00,Quinn Mathews,6.5,over,9900,kalshi,190746,Los Angeles Dodgers,St. Louis Cardinals,2026-09-04T00:56:27.006865+00:00,2026-09-04T23:10:32.960998+00:00,2026-09-04T19:10:32.960998-04:00,2026-09-04T19:10:32.960998-04:00,propline_free_sample
2026-09-03,2026-09-04 02:10:00+00:00,Tarik Skubal,6.5,over,9900,kalshi,190746,Los Angeles Dodgers,St. Louis Cardinals,2026-09-04T02:08:21.607428+00:00,2026-09-04T23:10:32.960998+00:00,2026-09-04T19:10:32.960998-04:00,2026-09-04T19:10:32.960998-04:00,propline_free_sample
2026-09-03,2026-09-04 02:10:00+00:00,Quinn Mathews,6.5,under,-9900,kalshi,190746,Los Angeles Dodgers,St. Louis Cardinals,2026-09-04T00:54:52.236157+00:00,2026-09-04T23:10:32.960998+00:00,2026-09-04T19:10:32.960998-04:00,2026-09-04T19:10:32.960998-04:00,propline_free_sample
2026-09-03,2026-09-04 02:10:00+00:00,Tarik Skubal,6.5,under,-9900,kalshi,190746,Los Angeles Dodgers,St. Louis Cardinals,2026-09-04T01:49:37.835185+00:00,2026-09-04T23:10:32.960998+00:00,2026-09-04T19:10:32.960998-04:00,2026-09-04T19:10:32.960998-04:00,propline_free_sample
2026-09-03,2026-09-04 02:10:00+00:00,Quinn Mathews,7.5,over,9900,kalshi,190746,Los Angeles Dodgers,St. Louis Cardinals,2026-09-04T01:02:11.727469+00:00,2026-09-04T23:10:32.960998+00:00,2026-09-04T19:10:32.960998-04:00,2026-09-04T19:10:32.960998-04:00,propline_free_sample
2026-09-03,2026-09-04 02:10:00+00:00,Tarik Skubal,7.5,over,9900,kalshi,190746,Los Angeles Dodgers,St. Louis Cardinals,2026-09-04T01:31:02.362195+00:00,2026-09-04T23:10:32.960998+00:00,2026-09-04T19:10:32.960998-04:00,2026-09-04T19:10:32.960998-04:00,propline_free_sample
2026-09-03,2026-09-04 02:10:00+00:00,Quinn Mathews,7.5,under,-3233,kalshi,190746,Los Angeles Dodgers,St. Louis Cardinals,2026-09-04T02:05:46.786629+00:00,2026-09-04T23:10:32.960998+00:00,2026-09-04T19:10:32.960998-04:00,2026-09-04T19:10:32.960998-04:00,propline_free_sample
2026-09-03,2026-09-04 02:10:00+00:00,Tarik Skubal,7.5,under,-9900,kalshi,190746,Los Angeles Dodgers,St. Louis Cardinals,2026-09-04T01:33:08.430690+00:00,2026-09-04T23:10:32.960998+00:00,2026-09-04T19:10:32.960998-04:00,2026-09-04T19:10:32.960998-04:00,propline_free_sample
2026-09-03,2026-09-04 02:10:00+00:00,Quinn Mathews,8.5,over,9900,kalshi,190746,Los Angeles Dodgers,St. Louis Cardinals,2026-09-04T01:56:21.924381+00:00,2026-09-04T23:10:32.960998+00:00,2026-09-04T19:10:32.960998-04:00,2026-09-04T19:10:32.960998-04:00,propline_free_sample
2026-09-03,2026-09-04 02:10:00+00:00,Tarik Skubal,8.5,over,9900,kalshi,190746,Los Angeles Dodgers,St. Louis Cardinals,2026-09-04T00:12:35.242954+00:00,2026-09-04T23:10:32.960998+00:00,2026-09-04T19:10:32.960998-04:00,2026-09-04T19:10:32.960998-04:00,propline_free_sample
2026-09-03,2026-09-04 02:10:00+00:00,Quinn Mathews,8.5,under,-3233,kalshi,190746,Los Angeles Dodgers,St. Louis Cardinals,2026-09-03T11:52:59.598319+00:00,2026-09-04T23:10:32.960998+00:00,2026-09-04T19:10:32.960998-04:00,2026-09-04T19:10:32.960998-04:00,propline_free_sample
2026-09-03,2026-09-04 02:10:00+00:00,Tarik Skubal,8.5,under,-1150,kalshi,190746,Los Angeles Dodgers,St. Louis Cardinals,2026-09-04T02:06:22.866519+00:00,2026-09-04T23:10:32.960998+00:00,2026-09-04T19:10:32.960998-04:00,2026-09-04T19:10:32.960998-04:00,propline_free_sample
2026-09-03,2026-09-04 02:10:00+00:00,Tarik Skubal,9.5,over,9900,kalshi,190746,Los Angeles Dodgers,St. Louis Cardinals,2026-09-04T00:18:51.016453+00:00,2026-09-04T23:10:32.960998+00:00,2026-09-04T19:10:32.960998-04:00,2026-09-04T19:10:32.960998-04:00,propline_free_sample
2026-09-03,2026-09-04 02:10:00+00:00,Tarik Skubal,9.5,under,-9900,kalshi,190746,Los Angeles Dodgers,St. Louis Cardinals,2026-09-04T02:06:22.866519+00:00,2026-09-04T23:10:32.960998+00:00,2026-09-04T19:10:32.960998-04:00,2026-09-04T19:10:32.960998-04:00,propline_free_sample
2026-09-03,2026-09-04 02:10:00+00:00,Quinn Mathews,5.5,over,212,novig,190746,Los Angeles Dodgers,St. Louis Cardinals,2026-09-04T02:03:12.825025+00:00,2026-09-04T23:10:32.960998+00:00,2026-09-04T19:10:32.960998-04:00,2026-09-04T19:10:32.960998-04:00,propline_free_sample
2026-09-03,2026-09-04 02:10:00+00:00,Quinn Mathews,5.5,under,-239,novig,190746,Los Angeles Dodgers,St. Louis Cardinals,2026-09-04T01:38:55.828968+00:00,2026-09-04T23:10:32.960998+00:00,2026-09-04T19:10:32.960998-04:00,2026-09-04T19:10:32.960998-04:00,propline_free_sample
2026-09-03,2026-09-04 02:10:00+00:00,Tarik Skubal,9.5,over,251,novig,190746,Los Angeles Dodgers,St. Louis Cardinals,2026-09-03T22:57:17.855859+00:00,2026-09-04T23:10:32.960998+00:00,2026-09-04T19:10:32.960998-04:00,2026-09-04T19:10:32.960998-04:00,propline_free_sample
2026-09-03,2026-09-04 02:10:00+00:00,Tarik Skubal,9.5,under,-308,novig,190746,Los Angeles Dodgers,St. Louis Cardinals,2026-09-04T02:09:58.536404+00:00,2026-09-04T23:10:32.960998+00:00,2026-09-04T19:10:32.960998-04:00,2026-09-04T19:10:32.960998-04:00,propline_free_sample
2026-09-03,2026-09-04 02:10:00+00:00,Tarik Skubal,8.0,over,100,betr,190746,Los Angeles Dodgers,St. Louis Cardinals,2026-09-03T06:02:16.880871+00:00,2026-09-04T23:10:32.960998+00:00,2026-09-04T19:10:32.960998-04:00,2026-09-04T19:10:32.960998-04:00,propline_free_sample
2026-09-03,2026-09-04 02:10:00+00:00,Tarik Skubal,8.0,under,100,betr,190746,Los Angeles Dodgers,St. Louis Cardinals,2026-09-03T06:02:16.880871+00:00,2026-09-04T23:10:32.960998+00:00,2026-09-04T19:10:32.960998-04:00,2026-09-04T19:10:32.960998-04:00,propline_free_sample
2026-09-03,2026-09-04 02:10:00+00:00,Quinn Matthews,4.5,over,-115,onexbet,190746,Los Angeles Dodgers,St. Louis Cardinals,2026-09-04T00:14:54.677496+00:00,2026-09-04T23:10:32.960998+00:00,2026-09-04T19:10:32.960998-04:00,2026-09-04T19:10:32.960998-04:00,propline_free_sample
2026-09-03,2026-09-04 02:10:00+00:00,Tarik Skubal,7.5,over,-135,onexbet,190746,Los Angeles Dodgers,St. Louis Cardinals,2026-09-04T01:16:51.055073+00:00,2026-09-04T23:10:32.960998+00:00,2026-09-04T19:10:32.960998-04:00,2026-09-04T19:10:32.960998-04:00,propline_free_sample
2026-09-03,2026-09-04 02:10:00+00:00,Quinn Matthews,4.5,under,-115,onexbet,190746,Los Angeles Dodgers,St. Louis Cardinals,2026-09-04T00:14:54.677496+00:00,2026-09-04T23:10:32.960998+00:00,2026-09-04T19:10:32.960998-04:00,2026-09-04T19:10:32.960998-04:00,propline_free_sample
2026-09-03,2026-09-04 02:10:00+00:00,Tarik Skubal,7.5,under,100,onexbet,190746,Los Angeles Dodgers,St. Louis Cardinals,2026-09-04T01:16:51.055073+00:00,2026-09-04T23:10:32.960998+00:00,2026-09-04T19:10:32.960998-04:00,2026-09-04T19:10:32.960998-04:00,propline_free_sample
2026-09-03,2026-09-04 02:10:00+00:00,Quinn Mathews,4.5,over,100,betr,190746,Los Angeles Dodgers,St. Louis Cardinals,2026-09-03T05:30:20.217585+00:00,2026-09-04T23:10:32.960998+00:00,2026-09-04T19:10:32.960998-04:00,2026-09-04T19:10:32.960998-04:00,propline_free_sample
2026-09-03,2026-09-04 02:10:00+00:00,Quinn Mathews,4.5,under,100,betr,190746,Los Angeles Dodgers,St. Louis Cardinals,2026-09-03T05:30:20.217585+00:00,2026-09-04T23:10:32.960998+00:00,2026-09-04T19:10:32.960998-04:00,2026-09-04T19:10:32.960998-04:00,propline_free_sample
2026-09-03,2026-09-04 02:10:00+00:00,Quinn Mathews,4.5,over,-108,pinnacle,190746,Los Angeles Dodgers,St. Louis Cardinals,2026-09-04T00:14:31.172264+00:00,2026-09-04T23:10:32.960998+00:00,2026-09-04T19:10:32.960998-04:00,2026-09-04T19:10:32.960998-04:00,propline_free_sample
2026-09-03,2026-09-04 02:10:00+00:00,Quinn Mathews,4.5,under,-123,pinnacle,190746,Los Angeles Dodgers,St. Louis Cardinals,2026-09-04T00:14:31.172264+00:00,2026-09-04T23:10:32.960998+00:00,2026-09-04T19:10:32.960998-04:00,2026-09-04T19:10:32.960998-04:00,propline_free_sample
2026-09-03,2026-09-04 02:10:00+00:00,Tarik Skubal,8.5,over,130,pinnacle,190746,Los Angeles Dodgers,St. Louis Cardinals,2026-09-04T00:30:03.457091+00:00,2026-09-04T23:10:32.960998+00:00,2026-09-04T19:10:32.960998-04:00,2026-09-04T19:10:32.960998-04:00,propline_free_sample
2026-09-03,2026-09-04 02:10:00+00:00,Tarik Skubal,8.5,under,-174,pinnacle,190746,Los Angeles Dodgers,St. Louis Cardinals,2026-09-04T00:30:03.457091+00:00,2026-09-04T23:10:32.960998+00:00,2026-09-04T19:10:32.960998-04:00,2026-09-04T19:10:32.960998-04:00,propline_free_sample
2026-09-03,2026-09-04 02:10:00+00:00,Quinn Mathews,4.5,over,-107,rebet,190746,Los Angeles Dodgers,St. Louis Cardinals,2026-09-04T00:21:05.799191+00:00,2026-09-04T23:10:32.960998+00:00,2026-09-04T19:10:32.960998-04:00,2026-09-04T19:10:32.960998-04:00,propline_free_sample
2026-09-03,2026-09-04 02:10:00+00:00,Quinn Mathews,4.5,under,-128,rebet,190746,Los Angeles Dodgers,St. Louis Cardinals,2026-09-04T00:21:05.799191+00:00,2026-09-04T23:10:32.960998+00:00,2026-09-04T19:10:32.960998-04:00,2026-09-04T19:10:32.960998-04:00,propline_free_sample
2026-09-03,2026-09-04 02:10:00+00:00,Tarik Skubal,8.5,over,123,rebet,190746,Los Angeles Dodgers,St. Louis Cardinals,2026-09-04T01:20:09.302223+00:00,2026-09-04T23:10:32.960998+00:00,2026-09-04T19:10:32.960998-04:00,2026-09-04T19:10:32.960998-04:00,propline_free_sample
2026-09-03,2026-09-04 02:10:00+00:00,Tarik Skubal,8.5,under,-171,rebet,190746,Los Angeles Dodgers,St. Louis Cardinals,2026-09-04T01:20:09.302223+00:00,2026-09-04T23:10:32.960998+00:00,2026-09-04T19:10:32.960998-04:00,2026-09-04T19:10:32.960998-04:00,propline_free_sample
2026-09-03,2026-09-04 02:10:00+00:00,Tarik Skubal,6.5,over,-228,novig,190746,Los Angeles Dodgers,St. Louis Cardinals,2026-09-04T02:08:37.826388+00:00,2026-09-04T23:10:32.960998+00:00,2026-09-04T19:10:32.960998-04:00,2026-09-04T19:10:32.960998-04:00,propline_free_sample
2026-09-03,2026-09-04 02:10:00+00:00,Tarik Skubal,6.5,under,203,novig,190746,Los Angeles Dodgers,St. Louis Cardinals,2026-09-04T02:00:10.306222+00:00,2026-09-04T23:10:32.960998+00:00,2026-09-04T19:10:32.960998-04:00,2026-09-04T19:10:32.960998-04:00,propline_free_sample
2026-09-03,2026-09-04 02:10:00+00:00,Tarik Skubal,7.5,over,-172,prophetx,190746,Los Angeles Dodgers,St. Louis Cardinals,2026-09-04T02:09:56.660912+00:00,2026-09-04T23:10:32.960998+00:00,2026-09-04T19:10:32.960998-04:00,2026-09-04T19:10:32.960998-04:00,propline_free_sample
2026-09-03,2026-09-04 02:10:00+00:00,Tarik Skubal,7.5,under,124,prophetx,190746,Los Angeles Dodgers,St. Louis Cardinals,2026-09-04T01:59:46.736647+00:00,2026-09-04T23:10:32.960998+00:00,2026-09-04T19:10:32.960998-04:00,2026-09-04T19:10:32.960998-04:00,propline_free_sample
2026-09-03,2026-09-04 02:10:00+00:00,Quinn Mathews,4.5,over,125,betmgm,190746,Los Angeles Dodgers,St. Louis Cardinals,2026-09-04T00:55:23.190513+00:00,2026-09-04T23:10:32.960998+00:00,2026-09-04T19:10:32.960998-04:00,2026-09-04T19:10:32.960998-04:00,propline_free_sample
2026-09-03,2026-09-04 02:10:00+00:00,Quinn Mathews,4.5,under,-175,betmgm,190746,Los Angeles Dodgers,St. Louis Cardinals,2026-09-04T00:55:23.190513+00:00,2026-09-04T23:10:32.960998+00:00,2026-09-04T19:10:32.960998-04:00,2026-09-04T19:10:32.960998-04:00,propline_free_sample
2026-09-03,2026-09-04 02:10:00+00:00,Tarik Skubal,7.5,over,105,betmgm,190746,Los Angeles Dodgers,St. Louis Cardinals,2026-09-03T22:24:18.048453+00:00,2026-09-04T23:10:32.960998+00:00,2026-09-04T19:10:32.960998-04:00,2026-09-04T19:10:32.960998-04:00,propline_free_sample
2026-09-03,2026-09-04 02:10:00+00:00,Tarik Skubal,7.5,under,-140,betmgm,190746,Los Angeles Dodgers,St. Louis Cardinals,2026-09-03T22:24:18.048453+00:00,2026-09-04T23:10:32.960998+00:00,2026-09-04T19:10:32.960998-04:00,2026-09-04T19:10:32.960998-04:00,propline_free_sample
2026-09-03,2026-09-04 02:10:00+00:00,Quinn Mathews,4.5,over,100,prizepicks,190746,Los Angeles Dodgers,St. Louis Cardinals,2026-09-03T12:55:09.175397+00:00,2026-09-04T23:10:32.960998+00:00,2026-09-04T19:10:32.960998-04:00,2026-09-04T19:10:32.960998-04:00,propline_free_sample
2026-09-03,2026-09-04 02:10:00+00:00,Quinn Mathews,4.5,under,100,prizepicks,190746,Los Angeles Dodgers,St. Louis Cardinals,2026-09-03T12:55:09.175397+00:00,2026-09-04T23:10:32.960998+00:00,2026-09-04T19:10:32.960998-04:00,2026-09-04T19:10:32.960998-04:00,propline_free_sample
2026-09-03,2026-09-04 02:10:00+00:00,Tarik Skubal,8.0,over,-320,prophetx,190746,Los Angeles Dodgers,St. Louis Cardinals,2026-09-04T00:00:13.069944+00:00,2026-09-04T23:10:32.960998+00:00,2026-09-04T19:10:32.960998-04:00,2026-09-04T19:10:32.960998-04:00,propline_free_sample
2026-09-03,2026-09-04 02:10:00+00:00,Tarik Skubal,8.0,under,-154,prophetx,190746,Los Angeles Dodgers,St. Louis Cardinals,2026-09-03T14:22:06.342831+00:00,2026-09-04T23:10:32.960998+00:00,2026-09-04T19:10:32.960998-04:00,2026-09-04T19:10:32.960998-04:00,propline_free_sample
2026-09-03,2026-09-04 02:10:00+00:00,Quinn Mathews,4.0,over,114,prophetx,190746,Los Angeles Dodgers,St. Louis Cardinals,2026-09-03T14:45:44.215145+00:00,2026-09-04T23:10:32.960998+00:00,2026-09-04T19:10:32.960998-04:00,2026-09-04T19:10:32.960998-04:00,propline_free_sample
2026-09-03,2026-09-04 02:10:00+00:00,Quinn Mathews,4.0,under,-330,prophetx,190746,Los Angeles Dodgers,St. Louis Cardinals,2026-09-03T21:12:26.527890+00:00,2026-09-04T23:10:32.960998+00:00,2026-09-04T19:10:32.960998-04:00,2026-09-04T19:10:32.960998-04:00,propline_free_sample
2026-09-03,2026-09-04 02:10:00+00:00,Tarik Skubal,7.5,over,-128,rebet,190746,Los Angeles Dodgers,St. Louis Cardinals,2026-09-03T19:51:34.133915+00:00,2026-09-04T23:10:32.960998+00:00,2026-09-04T19:10:32.960998-04:00,2026-09-04T19:10:32.960998-04:00,propline_free_sample
2026-09-03,2026-09-04 02:10:00+00:00,Tarik Skubal,7.5,under,-107,rebet,190746,Los Angeles Dodgers,St. Louis Cardinals,2026-09-03T19:51:34.133915+00:00,2026-09-04T23:10:32.960998+00:00,2026-09-04T19:10:32.960998-04:00,2026-09-04T19:10:32.960998-04:00,propline_free_sample
2026-09-03,2026-09-04 02:10:00+00:00,Quinn Mathews,4.5,over,-128,rebet,190746,Los Angeles Dodgers,St. Louis Cardinals,2026-09-03T22:24:19.728587+00:00,2026-09-04T23:10:32.960998+00:00,2026-09-04T19:10:32.960998-04:00,2026-09-04T19:10:32.960998-04:00,propline_free_sample
2026-09-03,2026-09-04 02:10:00+00:00,Quinn Mathews,4.5,under,-107,rebet,190746,Los Angeles Dodgers,St. Louis Cardinals,2026-09-03T22:24:19.728587+00:00,2026-09-04T23:10:32.960998+00:00,2026-09-04T19:10:32.960998-04:00,2026-09-04T19:10:32.960998-04:00,propline_free_sample
2026-09-03,2026-09-04 02:10:00+00:00,Quinn Mathews (STL),4.5,over,100,betonlineag,190746,Los Angeles Dodgers,St. Louis Cardinals,2026-09-04T00:17:17.090287+00:00,2026-09-04T23:10:32.960998+00:00,2026-09-04T19:10:32.960998-04:00,2026-09-04T19:10:32.960998-04:00,propline_free_sample
2026-09-03,2026-09-04 02:10:00+00:00,Quinn Mathews (STL),4.5,under,-140,betonlineag,190746,Los Angeles Dodgers,St. Louis Cardinals,2026-09-04T00:17:17.090287+00:00,2026-09-04T23:10:32.960998+00:00,2026-09-04T19:10:32.960998-04:00,2026-09-04T19:10:32.960998-04:00,propline_free_sample
2026-09-03,2026-09-04 02:10:00+00:00,Tarik Skubal (LAD),8.0,over,-105,betonlineag,190746,Los Angeles Dodgers,St. Louis Cardinals,2026-09-03T18:11:10.017836+00:00,2026-09-04T23:10:32.960998+00:00,2026-09-04T19:10:32.960998-04:00,2026-09-04T19:10:32.960998-04:00,propline_free_sample
2026-09-03,2026-09-04 02:10:00+00:00,Tarik Skubal (LAD),8.0,under,-135,betonlineag,190746,Los Angeles Dodgers,St. Louis Cardinals,2026-09-03T18:11:10.017836+00:00,2026-09-04T23:10:32.960998+00:00,2026-09-04T19:10:32.960998-04:00,2026-09-04T19:10:32.960998-04:00,propline_free_sample
2026-09-03,2026-09-04 02:10:00+00:00,Quinn Mathews (STL),4.5,over,100,lowvig,190746,Los Angeles Dodgers,St. Louis Cardinals,2026-09-04T00:17:18.907274+00:00,2026-09-04T23:10:32.960998+00:00,2026-09-04T19:10:32.960998-04:00,2026-09-04T19:10:32.960998-04:00,propline_free_sample
2026-09-03,2026-09-04 02:10:00+00:00,Quinn Mathews (STL),4.5,under,-140,lowvig,190746,Los Angeles Dodgers,St. Louis Cardinals,2026-09-04T00:17:18.907274+00:00,2026-09-04T23:10:32.960998+00:00,2026-09-04T19:10:32.960998-04:00,2026-09-04T19:10:32.960998-04:00,propline_free_sample
2026-09-03,2026-09-04 02:10:00+00:00,Tarik Skubal (LAD),8.0,over,-105,lowvig,190746,Los Angeles Dodgers,St. Louis Cardinals,2026-09-03T18:11:09.826798+00:00,2026-09-04T23:10:32.960998+00:00,2026-09-04T19:10:32.960998-04:00,2026-09-04T19:10:32.960998-04:00,propline_free_sample
2026-09-03,2026-09-04 02:10:00+00:00,Tarik Skubal (LAD),8.0,under,-135,lowvig,190746,Los Angeles Dodgers,St. Louis Cardinals,2026-09-03T18:11:09.826798+00:00,2026-09-04T23:10:32.960998+00:00,2026-09-04T19:10:32.960998-04:00,2026-09-04T19:10:32.960998-04:00,propline_free_sample
2026-09-03,2026-09-04 02:10:00+00:00,Tarik Skubal,8.5,over,100,smarkets,190746,Los Angeles Dodgers,St. Louis Cardinals,2026-09-03T22:28:40.715029+00:00,2026-09-04T23:10:32.960998+00:00,2026-09-04T19:10:32.960998-04:00,2026-09-04T19:10:32.960998-04:00,propline_free_sample
2026-09-03,2026-09-04 02:10:00+00:00,Tarik Skubal,8.5,under,-139,smarkets,190746,Los Angeles Dodgers,St. Louis Cardinals,2026-09-03T22:28:40.715029+00:00,2026-09-04T23:10:32.960998+00:00,2026-09-04T19:10:32.960998-04:00,2026-09-04T19:10:32.960998-04:00,propline_free_sample
2026-09-03,2026-09-04 02:10:00+00:00,Tarik Skubal,4.5,over,100,prizepicks,190746,Los Angeles Dodgers,St. Louis Cardinals,2026-09-03T22:38:03.315457+00:00,2026-09-04T23:10:32.960998+00:00,2026-09-04T19:10:32.960998-04:00,2026-09-04T19:10:32.960998-04:00,propline_free_sample
2026-09-03,2026-09-04 02:10:00+00:00,Tarik Skubal,4.5,under,100,prizepicks,190746,Los Angeles Dodgers,St. Louis Cardinals,2026-09-03T22:38:03.315457+00:00,2026-09-04T23:10:32.960998+00:00,2026-09-04T19:10:32.960998-04:00,2026-09-04T19:10:32.960998-04:00,propline_free_sample
2026-09-03,2026-09-04 02:10:00+00:00,Tarik Skubal,8.5,over,121,rebet,190746,Los Angeles Dodgers,St. Louis Cardinals,2026-09-03T23:15:45.178293+00:00,2026-09-04T23:10:32.960998+00:00,2026-09-04T19:10:32.960998-04:00,2026-09-04T19:10:32.960998-04:00,propline_free_sample
2026-09-03,2026-09-04 02:10:00+00:00,Tarik Skubal,8.5,under,-168,rebet,190746,Los Angeles Dodgers,St. Louis Cardinals,2026-09-03T23:15:45.178293+00:00,2026-09-04T23:10:32.960998+00:00,2026-09-04T19:10:32.960998-04:00,2026-09-04T19:10:32.960998-04:00,propline_free_sample
2026-09-03,2026-09-04 01:40:00+00:00,Jack Perkins,5.5,over,111,dabble,190705,Seattle Mariners,Athletics,2026-09-04T00:58:27.115257+00:00,2026-09-04T23:10:32.960998+00:00,2026-09-04T19:10:32.960998-04:00,2026-09-04T19:10:32.960998-04:00,propline_free_sample
2026-09-03,2026-09-04 01:40:00+00:00,Kade Anderson,5.5,over,-120,dabble,190705,Seattle Mariners,Athletics,2026-09-03T23:07:18.639562+00:00,2026-09-04T23:10:32.960998+00:00,2026-09-04T19:10:32.960998-04:00,2026-09-04T19:10:32.960998-04:00,propline_free_sample
2026-09-03,2026-09-04 01:40:00+00:00,Jack Perkins,5.5,under,-110,dabble,190705,Seattle Mariners,Athletics,2026-09-04T00:58:27.115257+00:00,2026-09-04T23:10:32.960998+00:00,2026-09-04T19:10:32.960998-04:00,2026-09-04T19:10:32.960998-04:00,propline_free_sample
2026-09-03,2026-09-04 01:40:00+00:00,Kade Anderson,5.5,under,120,dabble,190705,Seattle Mariners,Athletics,2026-09-03T23:07:18.639562+00:00,2026-09-04T23:10:32.960998+00:00,2026-09-04T19:10:32.960998-04:00,2026-09-04T19:10:32.960998-04:00,propline_free_sample
2026-09-03,2026-09-04 01:40:00+00:00,Jack Perkins,5.5,over,118,smarkets,190705,Seattle Mariners,Athletics,2026-09-03T00:26:51.305367+00:00,2026-09-04T23:10:32.960998+00:00,2026-09-04T19:10:32.960998-04:00,2026-09-04T19:10:32.960998-04:00,propline_free_sample
2026-09-03,2026-09-04 01:40:00+00:00,Jack Perkins,5.5,under,-167,smarkets,190705,Seattle Mariners,Athletics,2026-09-03T00:26:51.305367+00:00,2026-09-04T23:10:32.960998+00:00,2026-09-04T19:10:32.960998-04:00,2026-09-04T19:10:32.960998-04:00,propline_free_sample
2026-09-03,2026-09-04 01:40:00+00:00,Kade Anderson,4.5,over,-161,smarkets,190705,Seattle Mariners,Athletics,2026-09-03T02:24:43.735500+00:00,2026-09-04T23:10:32.960998+00:00,2026-09-04T19:10:32.960998-04:00,2026-09-04T19:10:32.960998-04:00,propline_free_sample
2026-09-03,2026-09-04 01:40:00+00:00,Kade Anderson,4.5,under,116,smarkets,190705,Seattle Mariners,Athletics,2026-09-03T03:25:12.368501+00:00,2026-09-04T23:10:32.960998+00:00,2026-09-04T19:10:32.960998-04:00,2026-09-04T19:10:32.960998-04:00,propline_free_sample
2026-09-03,2026-09-04 01:40:00+00:00,Jack Perkins,5.5,over,-112,underdog,190705,Seattle Mariners,Athletics,2026-09-04T00:28:41.061217+00:00,2026-09-04T23:10:32.960998+00:00,2026-09-04T19:10:32.960998-04:00,2026-09-04T19:10:32.960998-04:00,propline_free_sample
2026-09-03,2026-09-04 01:40:00+00:00,Kade Anderson,5.5,over,-159,underdog,190705,Seattle Mariners,Athletics,2026-09-04T01:36:19.794862+00:00,2026-09-04T23:10:32.960998+00:00,2026-09-04T19:10:32.960998-04:00,2026-09-04T19:10:32.960998-04:00,propline_free_sample
2026-09-03,2026-09-04 01:40:00+00:00,Jack Perkins,5.5,under,-122,underdog,190705,Seattle Mariners,Athletics,2026-09-04T00:28:41.061217+00:00,2026-09-04T23:10:32.960998+00:00,2026-09-04T19:10:32.960998-04:00,2026-09-04T19:10:32.960998-04:00,propline_free_sample
2026-09-03,2026-09-04 01:40:00+00:00,Kade Anderson,5.5,under,118,underdog,190705,Seattle Mariners,Athletics,2026-09-04T01:36:19.794862+00:00,2026-09-04T23:10:32.960998+00:00,2026-09-04T19:10:32.960998-04:00,2026-09-04T19:10:32.960998-04:00,propline_free_sample
2026-09-03,2026-09-04 01:40:00+00:00,Jack Perkins,5.5,over,100,prizepicks,190705,Seattle Mariners,Athletics,2026-09-03T00:30:26.159734+00:00,2026-09-04T23:10:32.960998+00:00,2026-09-04T19:10:32.960998-04:00,2026-09-04T19:10:32.960998-04:00,propline_free_sample
2026-09-03,2026-09-04 01:40:00+00:00,Jack Perkins,5.5,under,100,prizepicks,190705,Seattle Mariners,Athletics,2026-09-03T00:30:26.159734+00:00,2026-09-04T23:10:32.960998+00:00,2026-09-04T19:10:32.960998-04:00,2026-09-04T19:10:32.960998-04:00,propline_free_sample
2026-09-03,2026-09-04 01:40:00+00:00,Kade Anderson,4.5,over,100,prizepicks,190705,Seattle Mariners,Athletics,2026-09-03T00:30:26.159734+00:00,2026-09-04T23:10:32.960998+00:00,2026-09-04T19:10:32.960998-04:00,2026-09-04T19:10:32.960998-04:00,propline_free_sample
2026-09-03,2026-09-04 01:40:00+00:00,Kade Anderson,4.5,under,100,prizepicks,190705,Seattle Mariners,Athletics,2026-09-03T00:30:26.159734+00:00,2026-09-04T23:10:32.960998+00:00,2026-09-04T19:10:32.960998-04:00,2026-09-04T19:10:32.960998-04:00,propline_free_sample
2026-09-03,2026-09-04 01:40:00+00:00,Jack Perkins,6.5,over,100,prizepicks,190705,Seattle Mariners,Athletics,2026-09-03T00:38:48.529952+00:00,2026-09-04T23:10:32.960998+00:00,2026-09-04T19:10:32.960998-04:00,2026-09-04T19:10:32.960998-04:00,propline_free_sample
2026-09-03,2026-09-04 01:40:00+00:00,Jack Perkins,3.5,over,100,prizepicks,190705,Seattle Mariners,Athletics,2026-09-03T00:38:48.529952+00:00,2026-09-04T23:10:32.960998+00:00,2026-09-04T19:10:32.960998-04:00,2026-09-04T19:10:32.960998-04:00,propline_free_sample
2026-09-03,2026-09-04 01:40:00+00:00,Jack Perkins,5.5,over,101,draftkings,190705,Seattle Mariners,Athletics,2026-09-04T01:33:25.424437+00:00,2026-09-04T23:10:32.960998+00:00,2026-09-04T19:10:32.960998-04:00,2026-09-04T19:10:32.960998-04:00,propline_free_sample
2026-09-03,2026-09-04 01:40:00+00:00,Jack Perkins,5.5,under,-129,draftkings,190705,Seattle Mariners,Athletics,2026-09-04T01:33:25.424437+00:00,2026-09-04T23:10:32.960998+00:00,2026-09-04T19:10:32.960998-04:00,2026-09-04T19:10:32.960998-04:00,propline_free_sample
2026-09-03,2026-09-04 01:40:00+00:00,Jack Perkins,4.5,over,-165,fanatics,190705,Seattle Mariners,Athletics,2026-09-04T01:36:59.992202+00:00,2026-09-04T23:10:32.960998+00:00,2026-09-04T19:10:32.960998-04:00,2026-09-04T19:10:32.960998-04:00,propline_free_sample
2026-09-03,2026-09-04 01:40:00+00:00,Jack Perkins,4.5,under,125,fanatics,190705,Seattle Mariners,Athletics,2026-09-04T01:36:59.992202+00:00,2026-09-04T23:10:32.960998+00:00,2026-09-04T19:10:32.960998-04:00,2026-09-04T19:10:32.960998-04:00,propline_free_sample
2026-09-03,2026-09-04 01:40:00+00:00,Kade Anderson,5.5,over,-154,draftkings,190705,Seattle Mariners,Athletics,2026-09-04T01:33:35.461400+00:00,2026-09-04T23:10:32.960998+00:00,2026-09-04T19:10:32.960998-04:00,2026-09-04T19:10:32.960998-04:00,propline_free_sample
2026-09-03,2026-09-04 01:40:00+00:00,Kade Anderson,5.5,under,121,draftkings,190705,Seattle Mariners,Athletics,2026-09-04T01:33:35.461400+00:00,2026-09-04T23:10:32.960998+00:00,2026-09-04T19:10:32.960998-04:00,2026-09-04T19:10:32.960998-04:00,propline_free_sample
2026-09-03,2026-09-04 01:40:00+00:00,Kade Anderson,4.5,over,120,fanatics,190705,Seattle Mariners,Athletics,2026-09-04T01:26:10.080309+00:00,2026-09-04T23:10:32.960998+00:00,2026-09-04T19:10:32.960998-04:00,2026-09-04T19:10:32.960998-04:00,propline_free_sample
2026-09-03,2026-09-04 01:40:00+00:00,Kade Anderson,4.5,under,-160,fanatics,190705,Seattle Mariners,Athletics,2026-09-04T01:26:10.080309+00:00,2026-09-04T23:10:32.960998+00:00,2026-09-04T19:10:32.960998-04:00,2026-09-04T19:10:32.960998-04:00,propline_free_sample
2026-09-03,2026-09-04 01:40:00+00:00,Jack Perkins,4.5,over,100,prizepicks,190705,Seattle Mariners,Athletics,2026-09-03T00:51:58.857721+00:00,2026-09-04T23:10:32.960998+00:00,2026-09-04T19:10:32.960998-04:00,2026-09-04T19:10:32.960998-04:00,propline_free_sample
2026-09-03,2026-09-04 01:40:00+00:00,Jack Perkins,7.5,over,100,prizepicks,190705,Seattle Mariners,Athletics,2026-09-03T00:51:58.857721+00:00,2026-09-04T23:10:32.960998+00:00,2026-09-04T19:10:32.960998-04:00,2026-09-04T19:10:32.960998-04:00,propline_free_sample
2026-09-03,2026-09-04 01:40:00+00:00,Jack Perkins,8.5,over,100,prizepicks,190705,Seattle Mariners,Athletics,2026-09-03T00:51:58.857721+00:00,2026-09-04T23:10:32.960998+00:00,2026-09-04T19:10:32.960998-04:00,2026-09-04T19:10:32.960998-04:00,propline_free_sample
2026-09-03,2026-09-04 01:40:00+00:00,Jack Perkins,5.5,over,-116,sleeper,190705,Seattle Mariners,Athletics,2026-09-04T00:42:52.201403+00:00,2026-09-04T23:10:32.960998+00:00,2026-09-04T19:10:32.960998-04:00,2026-09-04T19:10:32.960998-04:00,propline_free_sample
2026-09-03,2026-09-04 01:40:00+00:00,Jack Perkins,5.5,under,-141,sleeper,190705,Seattle Mariners,Athletics,2026-09-04T01:23:22.695732+00:00,2026-09-04T23:10:32.960998+00:00,2026-09-04T19:10:32.960998-04:00,2026-09-04T19:10:32.960998-04:00,propline_free_sample
2026-09-03,2026-09-04 01:40:00+00:00,Kade Anderson,6.5,over,100,prizepicks,190705,Seattle Mariners,Athletics,2026-09-03T00:56:36.755903+00:00,2026-09-04T23:10:32.960998+00:00,2026-09-04T19:10:32.960998-04:00,2026-09-04T19:10:32.960998-04:00,propline_free_sample
2026-09-03,2026-09-04 01:40:00+00:00,Kade Anderson,7.5,over,100,prizepicks,190705,Seattle Mariners,Athletics,2026-09-03T00:56:36.755903+00:00,2026-09-04T23:10:32.960998+00:00,2026-09-04T19:10:32.960998-04:00,2026-09-04T19:10:32.960998-04:00,propline_free_sample
2026-09-03,2026-09-04 01:40:00+00:00,Kade Anderson,8.5,over,100,prizepicks,190705,Seattle Mariners,Athletics,2026-09-03T00:56:36.755903+00:00,2026-09-04T23:10:32.960998+00:00,2026-09-04T19:10:32.960998-04:00,2026-09-04T19:10:32.960998-04:00,propline_free_sample
2026-09-03,2026-09-04 01:40:00+00:00,Kade Anderson,9.5,over,100,prizepicks,190705,Seattle Mariners,Athletics,2026-09-03T00:56:36.755903+00:00,2026-09-04T23:10:32.960998+00:00,2026-09-04T19:10:32.960998-04:00,2026-09-04T19:10:32.960998-04:00,propline_free_sample
2026-09-03,2026-09-04 01:40:00+00:00,Kade Anderson,5.5,over,100,prizepicks,190705,Seattle Mariners,Athletics,2026-09-03T00:56:36.755903+00:00,2026-09-04T23:10:32.960998+00:00,2026-09-04T19:10:32.960998-04:00,2026-09-04T19:10:32.960998-04:00,propline_free_sample
2026-09-03,2026-09-04 01:40:00+00:00,Kade Anderson,5.5,under,100,prizepicks,190705,Seattle Mariners,Athletics,2026-09-03T00:56:36.755903+00:00,2026-09-04T23:10:32.960998+00:00,2026-09-04T19:10:32.960998-04:00,2026-09-04T19:10:32.960998-04:00,propline_free_sample
2026-09-03,2026-09-04 01:40:00+00:00,Jack Perkins,5.5,over,-105,onexbet,190705,Seattle Mariners,Athletics,2026-09-04T00:14:53.639034+00:00,2026-09-04T23:10:32.960998+00:00,2026-09-04T19:10:32.960998-04:00,2026-09-04T19:10:32.960998-04:00,propline_free_sample
2026-09-03,2026-09-04 01:40:00+00:00,Kade Anderson,6.5,over,123,onexbet,190705,Seattle Mariners,Athletics,2026-09-04T00:14:53.639034+00:00,2026-09-04T23:10:32.960998+00:00,2026-09-04T19:10:32.960998-04:00,2026-09-04T19:10:32.960998-04:00,propline_free_sample
2026-09-03,2026-09-04 01:40:00+00:00,Jack Perkins,5.5,under,-130,onexbet,190705,Seattle Mariners,Athletics,2026-09-04T00:14:53.639034+00:00,2026-09-04T23:10:32.960998+00:00,2026-09-04T19:10:32.960998-04:00,2026-09-04T19:10:32.960998-04:00,propline_free_sample
2026-09-03,2026-09-04 01:40:00+00:00,Kade Anderson,6.5,under,-159,onexbet,190705,Seattle Mariners,Athletics,2026-09-04T00:14:53.639034+00:00,2026-09-04T23:10:32.960998+00:00,2026-09-04T19:10:32.960998-04:00,2026-09-04T19:10:32.960998-04:00,propline_free_sample
2026-09-03,2026-09-04 01:40:00+00:00,Jack Perkins,4.5,under,100,prizepicks,190705,Seattle Mariners,Athletics,2026-09-03T01:07:57.569886+00:00,2026-09-04T23:10:32.960998+00:00,2026-09-04T19:10:32.960998-04:00,2026-09-04T19:10:32.960998-04:00,propline_free_sample
2026-09-03,2026-09-04 01:40:00+00:00,Jack Perkins,6.5,under,100,prizepicks,190705,Seattle Mariners,Athletics,2026-09-03T01:07:57.569886+00:00,2026-09-04T23:10:32.960998+00:00,2026-09-04T19:10:32.960998-04:00,2026-09-04T19:10:32.960998-04:00,propline_free_sample
2026-09-03,2026-09-04 01:40:00+00:00,Jack Perkins,3.5,under,100,prizepicks,190705,Seattle Mariners,Athletics,2026-09-03T01:07:57.569886+00:00,2026-09-04T23:10:32.960998+00:00,2026-09-04T19:10:32.960998-04:00,2026-09-04T19:10:32.960998-04:00,propline_free_sample
2026-09-03,2026-09-04 01:40:00+00:00,Jack Perkins,7.5,under,100,prizepicks,190705,Seattle Mariners,Athletics,2026-09-03T01:07:57.569886+00:00,2026-09-04T23:10:32.960998+00:00,2026-09-04T19:10:32.960998-04:00,2026-09-04T19:10:32.960998-04:00,propline_free_sample
2026-09-03,2026-09-04 01:40:00+00:00,Jack Perkins,5.5,over,100,betr,190705,Seattle Mariners,Athletics,2026-09-03T18:52:50.856033+00:00,2026-09-04T23:10:32.960998+00:00,2026-09-04T19:10:32.960998-04:00,2026-09-04T19:10:32.960998-04:00,propline_free_sample
2026-09-03,2026-09-04 01:40:00+00:00,Jack Perkins,5.5,under,100,betr,190705,Seattle Mariners,Athletics,2026-09-03T18:52:50.856033+00:00,2026-09-04T23:10:32.960998+00:00,2026-09-04T19:10:32.960998-04:00,2026-09-04T19:10:32.960998-04:00,propline_free_sample
2026-09-03,2026-09-04 01:40:00+00:00,Jack Perkins,2.5,over,-4900,kalshi,190705,Seattle Mariners,Athletics,2026-09-04T01:35:48.093811+00:00,2026-09-04T23:10:32.960998+00:00,2026-09-04T19:10:32.960998-04:00,2026-09-04T19:10:32.960998-04:00,propline_free_sample
2026-09-03,2026-09-04 01:40:00+00:00,Jack Perkins,2.5,under,9900,kalshi,190705,Seattle Mariners,Athletics,2026-09-04T01:35:48.093811+00:00,2026-09-04T23:10:32.960998+00:00,2026-09-04T19:10:32.960998-04:00,2026-09-04T19:10:32.960998-04:00,propline_free_sample
2026-09-03,2026-09-04 01:40:00+00:00,Jack Perkins,3.5,over,-4900,kalshi,190705,Seattle Mariners,Athletics,2026-09-03T21:11:40.774195+00:00,2026-09-04T23:10:32.960998+00:00,2026-09-04T19:10:32.960998-04:00,2026-09-04T19:10:32.960998-04:00,propline_free_sample
2026-09-03,2026-09-04 01:40:00+00:00,Jack Perkins,3.5,under,9900,kalshi,190705,Seattle Mariners,Athletics,2026-09-03T21:07:00.066254+00:00,2026-09-04T23:10:32.960998+00:00,2026-09-04T19:10:32.960998-04:00,2026-09-04T19:10:32.960998-04:00,propline_free_sample
2026-09-03,2026-09-04 01:40:00+00:00,Jack Perkins,4.5,over,-1567,kalshi,190705,Seattle Mariners,Athletics,2026-09-03T13:46:53.561991+00:00,2026-09-04T23:10:32.960998+00:00,2026-09-04T19:10:32.960998-04:00,2026-09-04T19:10:32.960998-04:00,propline_free_sample
2026-09-03,2026-09-04 01:40:00+00:00,Jack Perkins,4.5,under,9900,kalshi,190705,Seattle Mariners,Athletics,2026-09-03T13:46:51.720358+00:00,2026-09-04T23:10:32.960998+00:00,2026-09-04T19:10:32.960998-04:00,2026-09-04T19:10:32.960998-04:00,propline_free_sample
2026-09-03,2026-09-04 01:40:00+00:00,Jack Perkins,5.5,over,-1567,kalshi,190705,Seattle Mariners,Athletics,2026-09-04T01:35:48.093811+00:00,2026-09-04T23:10:32.960998+00:00,2026-09-04T19:10:32.960998-04:00,2026-09-04T19:10:32.960998-04:00,propline_free_sample
2026-09-03,2026-09-04 01:40:00+00:00,Jack Perkins,5.5,under,9900,kalshi,190705,Seattle Mariners,Athletics,2026-09-04T01:35:48.093811+00:00,2026-09-04T23:10:32.960998+00:00,2026-09-04T19:10:32.960998-04:00,2026-09-04T19:10:32.960998-04:00,propline_free_sample
2026-09-03,2026-09-04 01:40:00+00:00,Jack Perkins,6.5,over,-1567,kalshi,190705,Seattle Mariners,Athletics,2026-09-04T01:39:13.638479+00:00,2026-09-04T23:10:32.960998+00:00,2026-09-04T19:10:32.960998-04:00,2026-09-04T19:10:32.960998-04:00,propline_free_sample
2026-09-03,2026-09-04 01:40:00+00:00,Jack Perkins,6.5,under,9900,kalshi,190705,Seattle Mariners,Athletics,2026-09-04T01:39:13.638479+00:00,2026-09-04T23:10:32.960998+00:00,2026-09-04T19:10:32.960998-04:00,2026-09-04T19:10:32.960998-04:00,propline_free_sample
2026-09-03,2026-09-04 01:40:00+00:00,Jack Perkins,7.5,over,9900,kalshi,190705,Seattle Mariners,Athletics,2026-09-04T01:39:13.638479+00:00,2026-09-04T23:10:32.960998+00:00,2026-09-04T19:10:32.960998-04:00,2026-09-04T19:10:32.960998-04:00,propline_free_sample
2026-09-03,2026-09-04 01:40:00+00:00,Jack Perkins,7.5,under,-1150,kalshi,190705,Seattle Mariners,Athletics,2026-09-03T14:38:33.008671+00:00,2026-09-04T23:10:32.960998+00:00,2026-09-04T19:10:32.960998-04:00,2026-09-04T19:10:32.960998-04:00,propline_free_sample
2026-09-03,2026-09-04 01:40:00+00:00,Jack Perkins,8.5,over,9900,kalshi,190705,Seattle Mariners,Athletics,2026-09-04T00:03:22.529061+00:00,2026-09-04T23:10:32.960998+00:00,2026-09-04T19:10:32.960998-04:00,2026-09-04T19:10:32.960998-04:00,propline_free_sample
2026-09-03,2026-09-04 01:40:00+00:00,Jack Perkins,8.5,under,-3233,kalshi,190705,Seattle Mariners,Athletics,2026-09-04T01:39:13.638479+00:00,2026-09-04T23:10:32.960998+00:00,2026-09-04T19:10:32.960998-04:00,2026-09-04T19:10:32.960998-04:00,propline_free_sample
2026-09-03,2026-09-04 01:40:00+00:00,Jack Perkins,4.5,over,-167,smarkets,190705,Seattle Mariners,Athletics,2026-09-03T06:35:24.276422+00:00,2026-09-04T23:10:32.960998+00:00,2026-09-04T19:10:32.960998-04:00,2026-09-04T19:10:32.960998-04:00,propline_free_sample
2026-09-03,2026-09-04 01:40:00+00:00,Jack Perkins,4.5,under,118,smarkets,190705,Seattle Mariners,Athletics,2026-09-03T06:35:24.276422+00:00,2026-09-04T23:10:32.960998+00:00,2026-09-04T19:10:32.960998-04:00,2026-09-04T19:10:32.960998-04:00,propline_free_sample
2026-09-03,2026-09-04 01:40:00+00:00,Jack Perkins,5.5,over,100,novig,190705,Seattle Mariners,Athletics,2026-09-04T01:39:29.881771+00:00,2026-09-04T23:10:32.960998+00:00,2026-09-04T19:10:32.960998-04:00,2026-09-04T19:10:32.960998-04:00,propline_free_sample
2026-09-03,2026-09-04 01:40:00+00:00,Jack Perkins,5.5,under,-102,novig,190705,Seattle Mariners,Athletics,2026-09-04T01:34:27.939800+00:00,2026-09-04T23:10:32.960998+00:00,2026-09-04T19:10:32.960998-04:00,2026-09-04T19:10:32.960998-04:00,propline_free_sample
2026-09-03,2026-09-04 01:40:00+00:00,Kade Anderson,5.5,over,-125,smarkets,190705,Seattle Mariners,Athletics,2026-09-04T01:01:25.906388+00:00,2026-09-04T23:10:32.960998+00:00,2026-09-04T19:10:32.960998-04:00,2026-09-04T19:10:32.960998-04:00,propline_free_sample
2026-09-03,2026-09-04 01:40:00+00:00,Kade Anderson,5.5,under,-111,smarkets,190705,Seattle Mariners,Athletics,2026-09-04T01:01:25.906388+00:00,2026-09-04T23:10:32.960998+00:00,2026-09-04T19:10:32.960998-04:00,2026-09-04T19:10:32.960998-04:00,propline_free_sample
2026-09-03,2026-09-04 01:40:00+00:00,Kade Anderson,5.5,over,-167,sleeper,190705,Seattle Mariners,Athletics,2026-09-04T01:38:50.148032+00:00,2026-09-04T23:10:32.960998+00:00,2026-09-04T19:10:32.960998-04:00,2026-09-04T19:10:32.960998-04:00,propline_free_sample
2026-09-03,2026-09-04 01:40:00+00:00,Kade Anderson,5.5,under,101,sleeper,190705,Seattle Mariners,Athletics,2026-09-04T01:38:50.148032+00:00,2026-09-04T23:10:32.960998+00:00,2026-09-04T19:10:32.960998-04:00,2026-09-04T19:10:32.960998-04:00,propline_free_sample
2026-09-03,2026-09-04 01:40:00+00:00,Kade Anderson,5.5,over,100,prizepicks,190705,Seattle Mariners,Athletics,2026-09-03T03:31:58.500461+00:00,2026-09-04T23:10:32.960998+00:00,2026-09-04T19:10:32.960998-04:00,2026-09-04T19:10:32.960998-04:00,propline_free_sample
2026-09-03,2026-09-04 01:40:00+00:00,Kade Anderson,5.5,under,100,prizepicks,190705,Seattle Mariners,Athletics,2026-09-03T03:31:58.500461+00:00,2026-09-04T23:10:32.960998+00:00,2026-09-04T19:10:32.960998-04:00,2026-09-04T19:10:32.960998-04:00,propline_free_sample
2026-09-03,2026-09-04 01:40:00+00:00,Kade Anderson,6.5,under,100,prizepicks,190705,Seattle Mariners,Athletics,2026-09-03T03:31:58.500461+00:00,2026-09-04T23:10:32.960998+00:00,2026-09-04T19:10:32.960998-04:00,2026-09-04T19:10:32.960998-04:00,propline_free_sample
2026-09-03,2026-09-04 01:40:00+00:00,Kade Anderson,3.5,over,100,prizepicks,190705,Seattle Mariners,Athletics,2026-09-03T03:31:58.500461+00:00,2026-09-04T23:10:32.960998+00:00,2026-09-04T19:10:32.960998-04:00,2026-09-04T19:10:32.960998-04:00,propline_free_sample
2026-09-03,2026-09-04 01:40:00+00:00,Kade Anderson,3.5,under,100,prizepicks,190705,Seattle Mariners,Athletics,2026-09-03T03:31:58.500461+00:00,2026-09-04T23:10:32.960998+00:00,2026-09-04T19:10:32.960998-04:00,2026-09-04T19:10:32.960998-04:00,propline_free_sample
2026-09-03,2026-09-04 01:40:00+00:00,Kade Anderson,7.5,under,100,prizepicks,190705,Seattle Mariners,Athletics,2026-09-03T03:31:58.500461+00:00,2026-09-04T23:10:32.960998+00:00,2026-09-04T19:10:32.960998-04:00,2026-09-04T19:10:32.960998-04:00,propline_free_sample
2026-09-03,2026-09-04 01:40:00+00:00,Kade Anderson,2.5,over,100,prizepicks,190705,Seattle Mariners,Athletics,2026-09-03T03:31:58.500461+00:00,2026-09-04T23:10:32.960998+00:00,2026-09-04T19:10:32.960998-04:00,2026-09-04T19:10:32.960998-04:00,propline_free_sample
2026-09-03,2026-09-04 01:40:00+00:00,Kade Anderson,2.5,under,100,prizepicks,190705,Seattle Mariners,Athletics,2026-09-03T03:31:58.500461+00:00,2026-09-04T23:10:32.960998+00:00,2026-09-04T19:10:32.960998-04:00,2026-09-04T19:10:32.960998-04:00,propline_free_sample
2026-09-03,2026-09-04 01:40:00+00:00,Kade Anderson,6.0,over,100,prizepicks,190705,Seattle Mariners,Athletics,2026-09-03T20:16:36.103940+00:00,2026-09-04T23:10:32.960998+00:00,2026-09-04T19:10:32.960998-04:00,2026-09-04T19:10:32.960998-04:00,propline_free_sample
2026-09-03,2026-09-04 01:40:00+00:00,Kade Anderson,6.0,under,100,prizepicks,190705,Seattle Mariners,Athletics,2026-09-03T20:16:36.103940+00:00,2026-09-04T23:10:32.960998+00:00,2026-09-04T19:10:32.960998-04:00,2026-09-04T19:10:32.960998-04:00,propline_free_sample
2026-09-03,2026-09-04 01:40:00+00:00,Kade Anderson,5.5,over,-178,novig,190705,Seattle Mariners,Athletics,2026-09-04T01:32:02.812636+00:00,2026-09-04T23:10:32.960998+00:00,2026-09-04T19:10:32.960998-04:00,2026-09-04T19:10:32.960998-04:00,propline_free_sample
2026-09-03,2026-09-04 01:40:00+00:00,Kade Anderson,5.5,under,-113,novig,190705,Seattle Mariners,Athletics,2026-09-04T01:36:55.864544+00:00,2026-09-04T23:10:32.960998+00:00,2026-09-04T19:10:32.960998-04:00,2026-09-04T19:10:32.960998-04:00,propline_free_sample
2026-09-03,2026-09-04 01:40:00+00:00,Kade Anderson,6.0,over,100,betr,190705,Seattle Mariners,Athletics,2026-09-03T20:18:13.424643+00:00,2026-09-04T23:10:32.960998+00:00,2026-09-04T19:10:32.960998-04:00,2026-09-04T19:10:32.960998-04:00,propline_free_sample
2026-09-03,2026-09-04 01:40:00+00:00,Kade Anderson,6.0,under,100,betr,190705,Seattle Mariners,Athletics,2026-09-03T20:18:13.424643+00:00,2026-09-04T23:10:32.960998+00:00,2026-09-04T19:10:32.960998-04:00,2026-09-04T19:10:32.960998-04:00,propline_free_sample
2026-09-03,2026-09-04 01:40:00+00:00,Jack Perkins,5.5,over,-106,fanduel,190705,Seattle Mariners,Athletics,2026-09-04T00:51:48.810207+00:00,2026-09-04T23:10:32.960998+00:00,2026-09-04T19:10:32.960998-04:00,2026-09-04T19:10:32.960998-04:00,propline_free_sample
2026-09-03,2026-09-04 01:40:00+00:00,Jack Perkins,5.5,under,-120,fanduel,190705,Seattle Mariners,Athletics,2026-09-04T00:51:48.810207+00:00,2026-09-04T23:10:32.960998+00:00,2026-09-04T19:10:32.960998-04:00,2026-09-04T19:10:32.960998-04:00,propline_free_sample
2026-09-03,2026-09-04 01:40:00+00:00,Kade Anderson,5.5,over,-142,fanduel,190705,Seattle Mariners,Athletics,2026-09-04T01:10:42.474526+00:00,2026-09-04T23:10:32.960998+00:00,2026-09-04T19:10:32.960998-04:00,2026-09-04T19:10:32.960998-04:00,propline_free_sample
2026-09-03,2026-09-04 01:40:00+00:00,Kade Anderson,5.5,under,112,fanduel,190705,Seattle Mariners,Athletics,2026-09-04T01:10:42.474526+00:00,2026-09-04T23:10:32.960998+00:00,2026-09-04T19:10:32.960998-04:00,2026-09-04T19:10:32.960998-04:00,propline_free_sample
2026-09-03,2026-09-04 01:40:00+00:00,Jack Perkins,5.5,over,104,prophetx,190705,Seattle Mariners,Athletics,2026-09-04T01:37:51.544155+00:00,2026-09-04T23:10:32.960998+00:00,2026-09-04T19:10:32.960998-04:00,2026-09-04T19:10:32.960998-04:00,propline_free_sample
2026-09-03,2026-09-04 01:40:00+00:00,Jack Perkins,5.5,under,-112,prophetx,190705,Seattle Mariners,Athletics,2026-09-04T00:38:27.009428+00:00,2026-09-04T23:10:32.960998+00:00,2026-09-04T19:10:32.960998-04:00,2026-09-04T19:10:32.960998-04:00,propline_free_sample
2026-09-03,2026-09-04 01:40:00+00:00,Jack Perkins (ATH),5.5,over,-110,bovada,190705,Seattle Mariners,Athletics,2026-09-04T00:35:09.503034+00:00,2026-09-04T23:10:32.960998+00:00,2026-09-04T19:10:32.960998-04:00,2026-09-04T19:10:32.960998-04:00,propline_free_sample
2026-09-03,2026-09-04 01:40:00+00:00,Jack Perkins (ATH),5.5,under,-120,bovada,190705,Seattle Mariners,Athletics,2026-09-04T00:35:09.503034+00:00,2026-09-04T23:10:32.960998+00:00,2026-09-04T19:10:32.960998-04:00,2026-09-04T19:10:32.960998-04:00,propline_free_sample
2026-09-03,2026-09-04 01:40:00+00:00,Kade Anderson (SEA),5.5,over,-145,bovada,190705,Seattle Mariners,Athletics,2026-09-03T23:24:40.832623+00:00,2026-09-04T23:10:32.960998+00:00,2026-09-04T19:10:32.960998-04:00,2026-09-04T19:10:32.960998-04:00,propline_free_sample
2026-09-03,2026-09-04 01:40:00+00:00,Kade Anderson (SEA),5.5,under,110,bovada,190705,Seattle Mariners,Athletics,2026-09-03T23:24:40.832623+00:00,2026-09-04T23:10:32.960998+00:00,2026-09-04T19:10:32.960998-04:00,2026-09-04T19:10:32.960998-04:00,propline_free_sample
2026-09-03,2026-09-04 01:40:00+00:00,Kade Anderson,5.5,over,-320,prophetx,190705,Seattle Mariners,Athletics,2026-09-04T01:38:58.936363+00:00,2026-09-04T23:10:32.960998+00:00,2026-09-04T19:10:32.960998-04:00,2026-09-04T19:10:32.960998-04:00,propline_free_sample
2026-09-03,2026-09-04 01:40:00+00:00,Kade Anderson,5.5,under,121,prophetx,190705,Seattle Mariners,Athletics,2026-09-03T22:29:54.590834+00:00,2026-09-04T23:10:32.960998+00:00,2026-09-04T19:10:32.960998-04:00,2026-09-04T19:10:32.960998-04:00,propline_free_sample
2026-09-03,2026-09-04 01:40:00+00:00,Kade Anderson,6.5,over,133,novig,190705,Seattle Mariners,Athletics,2026-09-04T01:36:55.864544+00:00,2026-09-04T23:10:32.960998+00:00,2026-09-04T19:10:32.960998-04:00,2026-09-04T19:10:32.960998-04:00,propline_free_sample
2026-09-03,2026-09-04 01:40:00+00:00,Kade Anderson,6.5,under,-199,novig,190705,Seattle Mariners,Athletics,2026-09-04T01:32:57.306022+00:00,2026-09-04T23:10:32.960998+00:00,2026-09-04T19:10:32.960998-04:00,2026-09-04T19:10:32.960998-04:00,propline_free_sample
2026-09-03,2026-09-04 01:40:00+00:00,Jack Perkins,5.5,over,-114,pinnacle,190705,Seattle Mariners,Athletics,2026-09-03T22:58:07.285504+00:00,2026-09-04T23:10:32.960998+00:00,2026-09-04T19:10:32.960998-04:00,2026-09-04T19:10:32.960998-04:00,propline_free_sample
2026-09-03,2026-09-04 01:40:00+00:00,Jack Perkins,5.5,under,-116,pinnacle,190705,Seattle Mariners,Athletics,2026-09-03T22:58:07.285504+00:00,2026-09-04T23:10:32.960998+00:00,2026-09-04T19:10:32.960998-04:00,2026-09-04T19:10:32.960998-04:00,propline_free_sample
2026-09-03,2026-09-04 01:40:00+00:00,Kade Anderson,5.5,over,-145,pinnacle,190705,Seattle Mariners,Athletics,2026-09-03T21:56:45.708500+00:00,2026-09-04T23:10:32.960998+00:00,2026-09-04T19:10:32.960998-04:00,2026-09-04T19:10:32.960998-04:00,propline_free_sample
2026-09-03,2026-09-04 01:40:00+00:00,Kade Anderson,5.5,under,109,pinnacle,190705,Seattle Mariners,Athletics,2026-09-03T21:56:45.708500+00:00,2026-09-04T23:10:32.960998+00:00,2026-09-04T19:10:32.960998-04:00,2026-09-04T19:10:32.960998-04:00,propline_free_sample
2026-09-03,2026-09-04 01:40:00+00:00,Jack Perkins,9.5,over,100,prizepicks,190705,Seattle Mariners,Athletics,2026-09-03T07:50:30.359623+00:00,2026-09-04T23:10:32.960998+00:00,2026-09-04T19:10:32.960998-04:00,2026-09-04T19:10:32.960998-04:00,propline_free_sample
2026-09-03,2026-09-04 01:40:00+00:00,Kade Anderson,4.5,over,-270,prophetx,190705,Seattle Mariners,Athletics,2026-09-04T00:37:00.680830+00:00,2026-09-04T23:10:32.960998+00:00,2026-09-04T19:10:32.960998-04:00,2026-09-04T19:10:32.960998-04:00,propline_free_sample
2026-09-03,2026-09-04 01:40:00+00:00,Kade Anderson,4.5,under,225,prophetx,190705,Seattle Mariners,Athletics,2026-09-04T00:37:00.680830+00:00,2026-09-04T23:10:32.960998+00:00,2026-09-04T19:10:32.960998-04:00,2026-09-04T19:10:32.960998-04:00,propline_free_sample
2026-09-03,2026-09-04 01:40:00+00:00,Jack Perkins,5.5,over,-109,rebet,190705,Seattle Mariners,Athletics,2026-09-04T00:29:02.794196+00:00,2026-09-04T23:10:32.960998+00:00,2026-09-04T19:10:32.960998-04:00,2026-09-04T19:10:32.960998-04:00,propline_free_sample
2026-09-03,2026-09-04 01:40:00+00:00,Jack Perkins,5.5,under,-127,rebet,190705,Seattle Mariners,Athletics,2026-09-04T00:29:02.794196+00:00,2026-09-04T23:10:32.960998+00:00,2026-09-04T19:10:32.960998-04:00,2026-09-04T19:10:32.960998-04:00,propline_free_sample
2026-09-03,2026-09-04 01:40:00+00:00,Kade Anderson,5.5,over,-145,rebet,190705,Seattle Mariners,Athletics,2026-09-04T01:13:43.640581+00:00,2026-09-04T23:10:32.960998+00:00,2026-09-04T19:10:32.960998-04:00,2026-09-04T19:10:32.960998-04:00,propline_free_sample
2026-09-03,2026-09-04 01:40:00+00:00,Kade Anderson,5.5,under,105,rebet,190705,Seattle Mariners,Athletics,2026-09-04T01:13:43.640581+00:00,2026-09-04T23:10:32.960998+00:00,2026-09-04T19:10:32.960998-04:00,2026-09-04T19:10:32.960998-04:00,propline_free_sample
2026-09-03,2026-09-04 01:40:00+00:00,Kade Anderson,6.5,over,-320,prophetx,190705,Seattle Mariners,Athletics,2026-09-04T01:38:58.936363+00:00,2026-09-04T23:10:32.960998+00:00,2026-09-04T19:10:32.960998-04:00,2026-09-04T19:10:32.960998-04:00,propline_free_sample
2026-09-03,2026-09-04 01:40:00+00:00,Kade Anderson,6.5,under,-186,prophetx,190705,Seattle Mariners,Athletics,2026-09-04T01:30:49.964506+00:00,2026-09-04T23:10:32.960998+00:00,2026-09-04T19:10:32.960998-04:00,2026-09-04T19:10:32.960998-04:00,propline_free_sample
2026-09-03,2026-09-04 01:40:00+00:00,Jack Perkins,5.5,over,100,prizepicks,190705,Seattle Mariners,Athletics,2026-09-03T21:23:47.103030+00:00,2026-09-04T23:10:32.960998+00:00,2026-09-04T19:10:32.960998-04:00,2026-09-04T19:10:32.960998-04:00,propline_free_sample
2026-09-03,2026-09-04 01:40:00+00:00,Jack Perkins,5.5,under,100,prizepicks,190705,Seattle Mariners,Athletics,2026-09-03T21:23:47.103030+00:00,2026-09-04T23:10:32.960998+00:00,2026-09-04T19:10:32.960998-04:00,2026-09-04T19:10:32.960998-04:00,propline_free_sample
2026-09-03,2026-09-04 01:40:00+00:00,Jack Perkins,4.5,over,-213,novig,190705,Seattle Mariners,Athletics,2026-09-04T01:39:29.881771+00:00,2026-09-04T23:10:32.960998+00:00,2026-09-04T19:10:32.960998-04:00,2026-09-04T19:10:32.960998-04:00,propline_free_sample
2026-09-03,2026-09-04 01:40:00+00:00,Jack Perkins,4.5,under,104,novig,190705,Seattle Mariners,Athletics,2026-09-04T01:39:29.881771+00:00,2026-09-04T23:10:32.960998+00:00,2026-09-04T19:10:32.960998-04:00,2026-09-04T19:10:32.960998-04:00,propline_free_sample
2026-09-03,2026-09-04 01:40:00+00:00,Jack Perkins,6.5,over,194,novig,190705,Seattle Mariners,Athletics,2026-09-04T01:39:29.881771+00:00,2026-09-04T23:10:32.960998+00:00,2026-09-04T19:10:32.960998-04:00,2026-09-04T19:10:32.960998-04:00,propline_free_sample
2026-09-03,2026-09-04 01:40:00+00:00,Jack Perkins,6.5,under,-300,novig,190705,Seattle Mariners,Athletics,2026-09-04T01:00:25.358939+00:00,2026-09-04T23:10:32.960998+00:00,2026-09-04T19:10:32.960998-04:00,2026-09-04T19:10:32.960998-04:00,propline_free_sample
2026-09-03,2026-09-04 01:40:00+00:00,Kade Anderson,4.5,over,-365,novig,190705,Seattle Mariners,Athletics,2026-09-04T01:39:29.881771+00:00,2026-09-04T23:10:32.960998+00:00,2026-09-04T19:10:32.960998-04:00,2026-09-04T19:10:32.960998-04:00,propline_free_sample
2026-09-03,2026-09-04 01:40:00+00:00,Kade Anderson,4.5,under,147,novig,190705,Seattle Mariners,Athletics,2026-09-03T15:07:28.974061+00:00,2026-09-04T23:10:32.960998+00:00,2026-09-04T19:10:32.960998-04:00,2026-09-04T19:10:32.960998-04:00,propline_free_sample
2026-09-03,2026-09-04 01:40:00+00:00,Jack Perkins,5.5,over,-135,betmgm,190705,Seattle Mariners,Athletics,2026-09-03T22:26:29.201458+00:00,2026-09-04T23:10:32.960998+00:00,2026-09-04T19:10:32.960998-04:00,2026-09-04T19:10:32.960998-04:00,propline_free_sample
2026-09-03,2026-09-04 01:40:00+00:00,Jack Perkins,5.5,under,100,betmgm,190705,Seattle Mariners,Athletics,2026-09-03T22:26:29.201458+00:00,2026-09-04T23:10:32.960998+00:00,2026-09-04T19:10:32.960998-04:00,2026-09-04T19:10:32.960998-04:00,propline_free_sample
2026-09-03,2026-09-04 01:40:00+00:00,Kade Anderson,4.5,over,-150,betmgm,190705,Seattle Mariners,Athletics,2026-09-03T18:16:09.301704+00:00,2026-09-04T23:10:32.960998+00:00,2026-09-04T19:10:32.960998-04:00,2026-09-04T19:10:32.960998-04:00,propline_free_sample
2026-09-03,2026-09-04 01:40:00+00:00,Kade Anderson,4.5,under,110,betmgm,190705,Seattle Mariners,Athletics,2026-09-03T18:16:09.301704+00:00,2026-09-04T23:10:32.960998+00:00,2026-09-04T19:10:32.960998-04:00,2026-09-04T19:10:32.960998-04:00,propline_free_sample
2026-09-03,2026-09-04 01:40:00+00:00,Jack Perkins,5.0,over,103,prophetx,190705,Seattle Mariners,Athletics,2026-09-03T13:51:48.882331+00:00,2026-09-04T23:10:32.960998+00:00,2026-09-04T19:10:32.960998-04:00,2026-09-04T19:10:32.960998-04:00,propline_free_sample
2026-09-03,2026-09-04 01:40:00+00:00,Jack Perkins,5.0,under,-122,prophetx,190705,Seattle Mariners,Athletics,2026-09-03T13:51:48.882331+00:00,2026-09-04T23:10:32.960998+00:00,2026-09-04T19:10:32.960998-04:00,2026-09-04T19:10:32.960998-04:00,propline_free_sample
2026-09-03,2026-09-04 01:40:00+00:00,Kade Anderson,2.5,over,-9900,kalshi,190705,Seattle Mariners,Athletics,2026-09-04T00:15:12.701744+00:00,2026-09-04T23:10:32.960998+00:00,2026-09-04T19:10:32.960998-04:00,2026-09-04T19:10:32.960998-04:00,propline_free_sample
2026-09-03,2026-09-04 01:40:00+00:00,Kade Anderson,2.5,under,9900,kalshi,190705,Seattle Mariners,Athletics,2026-09-04T01:35:48.093811+00:00,2026-09-04T23:10:32.960998+00:00,2026-09-04T19:10:32.960998-04:00,2026-09-04T19:10:32.960998-04:00,propline_free_sample
2026-09-03,2026-09-04 01:40:00+00:00,Kade Anderson,3.5,over,9900,kalshi,190705,Seattle Mariners,Athletics,2026-09-03T23:05:32.206478+00:00,2026-09-04T23:10:32.960998+00:00,2026-09-04T19:10:32.960998-04:00,2026-09-04T19:10:32.960998-04:00,propline_free_sample
2026-09-03,2026-09-04 01:40:00+00:00,Kade Anderson,3.5,under,-1900,kalshi,190705,Seattle Mariners,Athletics,2026-09-04T01:36:50.995909+00:00,2026-09-04T23:10:32.960998+00:00,2026-09-04T19:10:32.960998-04:00,2026-09-04T19:10:32.960998-04:00,propline_free_sample
2026-09-03,2026-09-04 01:40:00+00:00,Kade Anderson,4.5,over,9900,kalshi,190705,Seattle Mariners,Athletics,2026-09-03T23:45:26.453710+00:00,2026-09-04T23:10:32.960998+00:00,2026-09-04T19:10:32.960998-04:00,2026-09-04T19:10:32.960998-04:00,propline_free_sample
2026-09-03,2026-09-04 01:40:00+00:00,Kade Anderson,4.5,under,-3233,kalshi,190705,Seattle Mariners,Athletics,2026-09-03T23:45:26.453710+00:00,2026-09-04T23:10:32.960998+00:00,2026-09-04T19:10:32.960998-04:00,2026-09-04T19:10:32.960998-04:00,propline_free_sample
2026-09-03,2026-09-04 01:40:00+00:00,Kade Anderson,5.5,over,9900,kalshi,190705,Seattle Mariners,Athletics,2026-09-04T01:35:48.093811+00:00,2026-09-04T23:10:32.960998+00:00,2026-09-04T19:10:32.960998-04:00,2026-09-04T19:10:32.960998-04:00,propline_free_sample
2026-09-03,2026-09-04 01:40:00+00:00,Kade Anderson,5.5,under,-9900,kalshi,190705,Seattle Mariners,Athletics,2026-09-04T01:36:50.995909+00:00,2026-09-04T23:10:32.960998+00:00,2026-09-04T19:10:32.960998-04:00,2026-09-04T19:10:32.960998-04:00,propline_free_sample
2026-09-03,2026-09-04 01:40:00+00:00,Kade Anderson,6.5,over,9900,kalshi,190705,Seattle Mariners,Athletics,2026-09-04T00:48:05.655183+00:00,2026-09-04T23:10:32.960998+00:00,2026-09-04T19:10:32.960998-04:00,2026-09-04T19:10:32.960998-04:00,propline_free_sample
2026-09-03,2026-09-04 01:40:00+00:00,Kade Anderson,6.5,under,-9900,kalshi,190705,Seattle Mariners,Athletics,2026-09-04T01:35:48.093811+00:00,2026-09-04T23:10:32.960998+00:00,2026-09-04T19:10:32.960998-04:00,2026-09-04T19:10:32.960998-04:00,propline_free_sample
2026-09-03,2026-09-04 01:40:00+00:00,Kade Anderson,7.5,over,9900,kalshi,190705,Seattle Mariners,Athletics,2026-09-04T01:35:48.093811+00:00,2026-09-04T23:10:32.960998+00:00,2026-09-04T19:10:32.960998-04:00,2026-09-04T19:10:32.960998-04:00,propline_free_sample
2026-09-03,2026-09-04 01:40:00+00:00,Kade Anderson,7.5,under,-9900,kalshi,190705,Seattle Mariners,Athletics,2026-09-04T01:11:38.711218+00:00,2026-09-04T23:10:32.960998+00:00,2026-09-04T19:10:32.960998-04:00,2026-09-04T19:10:32.960998-04:00,propline_free_sample
2026-09-03,2026-09-04 01:40:00+00:00,Kade Anderson,8.5,over,9900,kalshi,190705,Seattle Mariners,Athletics,2026-09-04T01:09:00.317921+00:00,2026-09-04T23:10:32.960998+00:00,2026-09-04T19:10:32.960998-04:00,2026-09-04T19:10:32.960998-04:00,propline_free_sample
2026-09-03,2026-09-04 01:40:00+00:00,Kade Anderson,8.5,under,-9900,kalshi,190705,Seattle Mariners,Athletics,2026-09-04T01:36:50.995909+00:00,2026-09-04T23:10:32.960998+00:00,2026-09-04T19:10:32.960998-04:00,2026-09-04T19:10:32.960998-04:00,propline_free_sample
2026-09-03,2026-09-04 01:40:00+00:00,Kade Anderson,9.5,over,9900,kalshi,190705,Seattle Mariners,Athletics,2026-09-04T01:28:15.376198+00:00,2026-09-04T23:10:32.960998+00:00,2026-09-04T19:10:32.960998-04:00,2026-09-04T19:10:32.960998-04:00,propline_free_sample
2026-09-03,2026-09-04 01:40:00+00:00,Kade Anderson,9.5,under,-4900,kalshi,190705,Seattle Mariners,Athletics,2026-09-04T01:35:48.093811+00:00,2026-09-04T23:10:32.960998+00:00,2026-09-04T19:10:32.960998-04:00,2026-09-04T19:10:32.960998-04:00,propline_free_sample
2026-09-03,2026-09-04 01:40:00+00:00,Jack Perkins (ATH),5.5,over,-110,betonlineag,190705,Seattle Mariners,Athletics,2026-09-03T22:55:09.813093+00:00,2026-09-04T23:10:32.960998+00:00,2026-09-04T19:10:32.960998-04:00,2026-09-04T19:10:32.960998-04:00,propline_free_sample
2026-09-03,2026-09-04 01:40:00+00:00,Jack Perkins (ATH),5.5,under,-130,betonlineag,190705,Seattle Mariners,Athletics,2026-09-03T22:55:09.813093+00:00,2026-09-04T23:10:32.960998+00:00,2026-09-04T19:10:32.960998-04:00,2026-09-04T19:10:32.960998-04:00,propline_free_sample
2026-09-03,2026-09-04 01:40:00+00:00,Kade Anderson (SEA),5.5,over,-150,betonlineag,190705,Seattle Mariners,Athletics,2026-09-03T16:39:20.044203+00:00,2026-09-04T23:10:32.960998+00:00,2026-09-04T19:10:32.960998-04:00,2026-09-04T19:10:32.960998-04:00,propline_free_sample
2026-09-03,2026-09-04 01:40:00+00:00,Kade Anderson (SEA),5.5,under,110,betonlineag,190705,Seattle Mariners,Athletics,2026-09-03T16:39:20.044203+00:00,2026-09-04T23:10:32.960998+00:00,2026-09-04T19:10:32.960998-04:00,2026-09-04T19:10:32.960998-04:00,propline_free_sample
2026-09-03,2026-09-04 01:40:00+00:00,Jack Perkins (ATH),5.5,over,-110,lowvig,190705,Seattle Mariners,Athletics,2026-09-03T22:53:54.935591+00:00,2026-09-04T23:10:32.960998+00:00,2026-09-04T19:10:32.960998-04:00,2026-09-04T19:10:32.960998-04:00,propline_free_sample
2026-09-03,2026-09-04 01:40:00+00:00,Jack Perkins (ATH),5.5,under,-130,lowvig,190705,Seattle Mariners,Athletics,2026-09-03T22:53:54.935591+00:00,2026-09-04T23:10:32.960998+00:00,2026-09-04T19:10:32.960998-04:00,2026-09-04T19:10:32.960998-04:00,propline_free_sample
2026-09-03,2026-09-04 01:40:00+00:00,Kade Anderson (SEA),5.5,over,-150,lowvig,190705,Seattle Mariners,Athletics,2026-09-03T16:39:21.934868+00:00,2026-09-04T23:10:32.960998+00:00,2026-09-04T19:10:32.960998-04:00,2026-09-04T19:10:32.960998-04:00,propline_free_sample
2026-09-03,2026-09-04 01:40:00+00:00,Kade Anderson (SEA),5.5,under,110,lowvig,190705,Seattle Mariners,Athletics,2026-09-03T16:39:21.934868+00:00,2026-09-04T23:10:32.960998+00:00,2026-09-04T19:10:32.960998-04:00,2026-09-04T19:10:32.960998-04:00,propline_free_sample
2026-09-03,2026-09-04 00:05:00+00:00,Shane McClanahan,4.5,over,-157,underdog,190591,Texas Rangers,Tampa Bay Rays,2026-09-03T23:46:55.804838+00:00,2026-09-04T23:10:32.960998+00:00,2026-09-04T19:10:32.960998-04:00,2026-09-04T19:10:32.960998-04:00,propline_free_sample
2026-09-03,2026-09-04 00:05:00+00:00,Shane McClanahan,4.5,under,116,underdog,190591,Texas Rangers,Tampa Bay Rays,2026-09-03T23:46:55.804838+00:00,2026-09-04T23:10:32.960998+00:00,2026-09-04T19:10:32.960998-04:00,2026-09-04T19:10:32.960998-04:00,propline_free_sample
2026-09-03,2026-09-04 00:05:00+00:00,Cal Quantrill,3.5,over,120,dabble,190591,Texas Rangers,Tampa Bay Rays,2026-09-03T14:21:25.823586+00:00,2026-09-04T23:10:32.960998+00:00,2026-09-04T19:10:32.960998-04:00,2026-09-04T19:10:32.960998-04:00,propline_free_sample
2026-09-03,2026-09-04 00:05:00+00:00,Shane McClanahan,4.5,over,-120,dabble,190591,Texas Rangers,Tampa Bay Rays,2026-09-03T22:29:36.626422+00:00,2026-09-04T23:10:32.960998+00:00,2026-09-04T19:10:32.960998-04:00,2026-09-04T19:10:32.960998-04:00,propline_free_sample
2026-09-03,2026-09-04 00:05:00+00:00,Cal Quantrill,3.5,under,-120,dabble,190591,Texas Rangers,Tampa Bay Rays,2026-09-03T14:21:25.823586+00:00,2026-09-04T23:10:32.960998+00:00,2026-09-04T19:10:32.960998-04:00,2026-09-04T19:10:32.960998-04:00,propline_free_sample
2026-09-03,2026-09-04 00:05:00+00:00,Shane McClanahan,4.5,under,121,dabble,190591,Texas Rangers,Tampa Bay Rays,2026-09-03T22:39:14.050310+00:00,2026-09-04T23:10:32.960998+00:00,2026-09-04T19:10:32.960998-04:00,2026-09-04T19:10:32.960998-04:00,propline_free_sample
2026-09-03,2026-09-04 00:05:00+00:00,Cal Quantrill,3.5,over,106,smarkets,190591,Texas Rangers,Tampa Bay Rays,2026-09-03T22:29:56.806700+00:00,2026-09-04T23:10:32.960998+00:00,2026-09-04T19:10:32.960998-04:00,2026-09-04T19:10:32.960998-04:00,propline_free_sample
2026-09-03,2026-09-04 00:05:00+00:00,Cal Quantrill,3.5,under,-149,smarkets,190591,Texas Rangers,Tampa Bay Rays,2026-09-03T22:29:56.806700+00:00,2026-09-04T23:10:32.960998+00:00,2026-09-04T19:10:32.960998-04:00,2026-09-04T19:10:32.960998-04:00,propline_free_sample
2026-09-03,2026-09-04 00:05:00+00:00,Shane McClanahan,4.5,over,-143,smarkets,190591,Texas Rangers,Tampa Bay Rays,2026-09-03T22:29:56.806700+00:00,2026-09-04T23:10:32.960998+00:00,2026-09-04T19:10:32.960998-04:00,2026-09-04T19:10:32.960998-04:00,propline_free_sample
2026-09-03,2026-09-04 00:05:00+00:00,Shane McClanahan,4.5,under,102,smarkets,190591,Texas Rangers,Tampa Bay Rays,2026-09-03T22:29:56.806700+00:00,2026-09-04T23:10:32.960998+00:00,2026-09-04T19:10:32.960998-04:00,2026-09-04T19:10:32.960998-04:00,propline_free_sample
2026-09-03,2026-09-04 00:05:00+00:00,Cal Quantrill,3.5,over,114,underdog,190591,Texas Rangers,Tampa Bay Rays,2026-09-03T22:38:02.858438+00:00,2026-09-04T23:10:32.960998+00:00,2026-09-04T19:10:32.960998-04:00,2026-09-04T19:10:32.960998-04:00,propline_free_sample
2026-09-03,2026-09-04 00:05:00+00:00,Cal Quantrill,3.5,under,-154,underdog,190591,Texas Rangers,Tampa Bay Rays,2026-09-03T22:38:02.858438+00:00,2026-09-04T23:10:32.960998+00:00,2026-09-04T19:10:32.960998-04:00,2026-09-04T19:10:32.960998-04:00,propline_free_sample
2026-09-03,2026-09-04 00:05:00+00:00,Cal Quantrill,3.0,over,100,prizepicks,190591,Texas Rangers,Tampa Bay Rays,2026-09-03T22:12:46.271667+00:00,2026-09-04T23:10:32.960998+00:00,2026-09-04T19:10:32.960998-04:00,2026-09-04T19:10:32.960998-04:00,propline_free_sample
2026-09-03,2026-09-04 00:05:00+00:00,Shane McClanahan,4.5,over,100,prizepicks,190591,Texas Rangers,Tampa Bay Rays,2026-09-03T13:53:34.237772+00:00,2026-09-04T23:10:32.960998+00:00,2026-09-04T19:10:32.960998-04:00,2026-09-04T19:10:32.960998-04:00,propline_free_sample
2026-09-03,2026-09-04 00:05:00+00:00,Cal Quantrill,3.0,under,100,prizepicks,190591,Texas Rangers,Tampa Bay Rays,2026-09-03T22:12:46.271667+00:00,2026-09-04T23:10:32.960998+00:00,2026-09-04T19:10:32.960998-04:00,2026-09-04T19:10:32.960998-04:00,propline_free_sample
2026-09-03,2026-09-04 00:05:00+00:00,Shane McClanahan,4.5,under,100,prizepicks,190591,Texas Rangers,Tampa Bay Rays,2026-09-03T13:53:34.237772+00:00,2026-09-04T23:10:32.960998+00:00,2026-09-04T19:10:32.960998-04:00,2026-09-04T19:10:32.960998-04:00,propline_free_sample
2026-09-03,2026-09-04 00:05:00+00:00,Cal Quantrill,6.5,over,100,prizepicks,190591,Texas Rangers,Tampa Bay Rays,2026-09-03T03:08:00.070130+00:00,2026-09-04T23:10:32.960998+00:00,2026-09-04T19:10:32.960998-04:00,2026-09-04T19:10:32.960998-04:00,propline_free_sample
2026-09-03,2026-09-04 00:05:00+00:00,Shane McClanahan,6.5,over,100,prizepicks,190591,Texas Rangers,Tampa Bay Rays,2026-09-03T03:08:00.070130+00:00,2026-09-04T23:10:32.960998+00:00,2026-09-04T19:10:32.960998-04:00,2026-09-04T19:10:32.960998-04:00,propline_free_sample
2026-09-03,2026-09-04 00:05:00+00:00,Shane McClanahan,3.5,over,100,prizepicks,190591,Texas Rangers,Tampa Bay Rays,2026-09-03T03:08:00.070130+00:00,2026-09-04T23:10:32.960998+00:00,2026-09-04T19:10:32.960998-04:00,2026-09-04T19:10:32.960998-04:00,propline_free_sample
2026-09-03,2026-09-04 00:05:00+00:00,Cal Quantrill,3.5,over,101,sleeper,190591,Texas Rangers,Tampa Bay Rays,2026-09-03T23:08:26.250377+00:00,2026-09-04T23:10:32.960998+00:00,2026-09-04T19:10:32.960998-04:00,2026-09-04T19:10:32.960998-04:00,propline_free_sample
2026-09-03,2026-09-04 00:05:00+00:00,Shane McClanahan,4.5,over,-147,sleeper,190591,Texas Rangers,Tampa Bay Rays,2026-09-03T23:45:23.178831+00:00,2026-09-04T23:10:32.960998+00:00,2026-09-04T19:10:32.960998-04:00,2026-09-04T19:10:32.960998-04:00,propline_free_sample
2026-09-03,2026-09-04 00:05:00+00:00,Cal Quantrill,3.5,under,-167,sleeper,190591,Texas Rangers,Tampa Bay Rays,2026-09-04T00:01:34.993883+00:00,2026-09-04T23:10:32.960998+00:00,2026-09-04T19:10:32.960998-04:00,2026-09-04T19:10:32.960998-04:00,propline_free_sample
2026-09-03,2026-09-04 00:05:00+00:00,Shane McClanahan,4.5,under,-112,sleeper,190591,Texas Rangers,Tampa Bay Rays,2026-09-03T23:45:23.178831+00:00,2026-09-04T23:10:32.960998+00:00,2026-09-04T19:10:32.960998-04:00,2026-09-04T19:10:32.960998-04:00,propline_free_sample
2026-09-03,2026-09-04 00:05:00+00:00,Shane McClanahan,4.5,over,-152,draftkings,190591,Texas Rangers,Tampa Bay Rays,2026-09-03T23:45:14.698788+00:00,2026-09-04T23:10:32.960998+00:00,2026-09-04T19:10:32.960998-04:00,2026-09-04T19:10:32.960998-04:00,propline_free_sample
2026-09-03,2026-09-04 00:05:00+00:00,Shane McClanahan,4.5,under,119,draftkings,190591,Texas Rangers,Tampa Bay Rays,2026-09-03T23:45:14.698788+00:00,2026-09-04T23:10:32.960998+00:00,2026-09-04T19:10:32.960998-04:00,2026-09-04T19:10:32.960998-04:00,propline_free_sample
2026-09-03,2026-09-04 00:05:00+00:00,Shane McClanahan,5.5,over,-130,fanatics,190591,Texas Rangers,Tampa Bay Rays,2026-09-04T00:03:23.082401+00:00,2026-09-04T23:10:32.960998+00:00,2026-09-04T19:10:32.960998-04:00,2026-09-04T19:10:32.960998-04:00,propline_free_sample
2026-09-03,2026-09-04 00:05:00+00:00,Shane McClanahan,5.5,under,100,fanatics,190591,Texas Rangers,Tampa Bay Rays,2026-09-04T00:03:23.082401+00:00,2026-09-04T23:10:32.960998+00:00,2026-09-04T19:10:32.960998-04:00,2026-09-04T19:10:32.960998-04:00,propline_free_sample
2026-09-03,2026-09-04 00:05:00+00:00,Cal Quantrill,3.5,over,116,draftkings,190591,Texas Rangers,Tampa Bay Rays,2026-09-03T22:33:21.088041+00:00,2026-09-04T23:10:32.960998+00:00,2026-09-04T19:10:32.960998-04:00,2026-09-04T19:10:32.960998-04:00,propline_free_sample
2026-09-03,2026-09-04 00:05:00+00:00,Cal Quantrill,3.5,under,-149,draftkings,190591,Texas Rangers,Tampa Bay Rays,2026-09-03T22:33:21.088041+00:00,2026-09-04T23:10:32.960998+00:00,2026-09-04T19:10:32.960998-04:00,2026-09-04T19:10:32.960998-04:00,propline_free_sample
2026-09-03,2026-09-04 00:05:00+00:00,Cal Quantrill,3.5,over,100,fanatics,190591,Texas Rangers,Tampa Bay Rays,2026-09-04T00:03:23.082401+00:00,2026-09-04T23:10:32.960998+00:00,2026-09-04T19:10:32.960998-04:00,2026-09-04T19:10:32.960998-04:00,propline_free_sample
2026-09-03,2026-09-04 00:05:00+00:00,Cal Quantrill,3.5,under,-130,fanatics,190591,Texas Rangers,Tampa Bay Rays,2026-09-04T00:03:23.082401+00:00,2026-09-04T23:10:32.960998+00:00,2026-09-04T19:10:32.960998-04:00,2026-09-04T19:10:32.960998-04:00,propline_free_sample
2026-09-03,2026-09-04 00:05:00+00:00,Cal Quantrill,4.5,over,100,prizepicks,190591,Texas Rangers,Tampa Bay Rays,2026-09-03T03:28:57.594848+00:00,2026-09-04T23:10:32.960998+00:00,2026-09-04T19:10:32.960998-04:00,2026-09-04T19:10:32.960998-04:00,propline_free_sample
2026-09-03,2026-09-04 00:05:00+00:00,Cal Quantrill,5.5,over,100,prizepicks,190591,Texas Rangers,Tampa Bay Rays,2026-09-03T03:28:57.594848+00:00,2026-09-04T23:10:32.960998+00:00,2026-09-04T19:10:32.960998-04:00,2026-09-04T19:10:32.960998-04:00,propline_free_sample
2026-09-03,2026-09-04 00:05:00+00:00,Shane McClanahan,5.5,over,100,prizepicks,190591,Texas Rangers,Tampa Bay Rays,2026-09-03T03:28:57.594848+00:00,2026-09-04T23:10:32.960998+00:00,2026-09-04T19:10:32.960998-04:00,2026-09-04T19:10:32.960998-04:00,propline_free_sample
2026-09-03,2026-09-04 00:05:00+00:00,Shane McClanahan,7.5,over,100,prizepicks,190591,Texas Rangers,Tampa Bay Rays,2026-09-03T03:28:57.594848+00:00,2026-09-04T23:10:32.960998+00:00,2026-09-04T19:10:32.960998-04:00,2026-09-04T19:10:32.960998-04:00,propline_free_sample
2026-09-03,2026-09-04 00:05:00+00:00,Shane McClanahan,8.5,over,100,prizepicks,190591,Texas Rangers,Tampa Bay Rays,2026-09-03T03:28:57.594848+00:00,2026-09-04T23:10:32.960998+00:00,2026-09-04T19:10:32.960998-04:00,2026-09-04T19:10:32.960998-04:00,propline_free_sample
2026-09-03,2026-09-04 00:05:00+00:00,Cal Quantrill,2.5,over,100,prizepicks,190591,Texas Rangers,Tampa Bay Rays,2026-09-03T03:28:57.594848+00:00,2026-09-04T23:10:32.960998+00:00,2026-09-04T19:10:32.960998-04:00,2026-09-04T19:10:32.960998-04:00,propline_free_sample
2026-09-03,2026-09-04 00:05:00+00:00,Shane McClanahan,4.5,over,-170,novig,190591,Texas Rangers,Tampa Bay Rays,2026-09-04T00:04:40.340359+00:00,2026-09-04T23:10:32.960998+00:00,2026-09-04T19:10:32.960998-04:00,2026-09-04T19:10:32.960998-04:00,propline_free_sample
2026-09-03,2026-09-04 00:05:00+00:00,Shane McClanahan,4.5,under,-117,novig,190591,Texas Rangers,Tampa Bay Rays,2026-09-03T23:31:56.613293+00:00,2026-09-04T23:10:32.960998+00:00,2026-09-04T19:10:32.960998-04:00,2026-09-04T19:10:32.960998-04:00,propline_free_sample
2026-09-03,2026-09-04 00:05:00+00:00,Cal Quantrill,3.5,over,117,novig,190591,Texas Rangers,Tampa Bay Rays,2026-09-04T00:04:40.340359+00:00,2026-09-04T23:10:32.960998+00:00,2026-09-04T19:10:32.960998-04:00,2026-09-04T19:10:32.960998-04:00,propline_free_sample
2026-09-03,2026-09-04 00:05:00+00:00,Cal Quantrill,3.5,under,-156,novig,190591,Texas Rangers,Tampa Bay Rays,2026-09-03T23:54:38.430962+00:00,2026-09-04T23:10:32.960998+00:00,2026-09-04T19:10:32.960998-04:00,2026-09-04T19:10:32.960998-04:00,propline_free_sample
2026-09-03,2026-09-04 00:05:00+00:00,Shane McClanahan,6.5,under,100,prizepicks,190591,Texas Rangers,Tampa Bay Rays,2026-09-03T03:31:58.162817+00:00,2026-09-04T23:10:32.960998+00:00,2026-09-04T19:10:32.960998-04:00,2026-09-04T19:10:32.960998-04:00,propline_free_sample
2026-09-03,2026-09-04 00:05:00+00:00,Shane McClanahan,3.5,under,100,prizepicks,190591,Texas Rangers,Tampa Bay Rays,2026-09-03T03:31:58.162817+00:00,2026-09-04T23:10:32.960998+00:00,2026-09-04T19:10:32.960998-04:00,2026-09-04T19:10:32.960998-04:00,propline_free_sample
2026-09-03,2026-09-04 00:05:00+00:00,Cal Quantrill,4.5,under,100,prizepicks,190591,Texas Rangers,Tampa Bay Rays,2026-09-03T03:31:58.162817+00:00,2026-09-04T23:10:32.960998+00:00,2026-09-04T19:10:32.960998-04:00,2026-09-04T19:10:32.960998-04:00,propline_free_sample
2026-09-03,2026-09-04 00:05:00+00:00,Cal Quantrill,5.5,under,100,prizepicks,190591,Texas Rangers,Tampa Bay Rays,2026-09-03T03:31:58.162817+00:00,2026-09-04T23:10:32.960998+00:00,2026-09-04T19:10:32.960998-04:00,2026-09-04T19:10:32.960998-04:00,propline_free_sample
2026-09-03,2026-09-04 00:05:00+00:00,Shane McClanahan,5.5,under,100,prizepicks,190591,Texas Rangers,Tampa Bay Rays,2026-09-03T03:31:58.162817+00:00,2026-09-04T23:10:32.960998+00:00,2026-09-04T19:10:32.960998-04:00,2026-09-04T19:10:32.960998-04:00,propline_free_sample
2026-09-03,2026-09-04 00:05:00+00:00,Shane McClanahan,2.5,over,100,prizepicks,190591,Texas Rangers,Tampa Bay Rays,2026-09-03T03:31:58.162817+00:00,2026-09-04T23:10:32.960998+00:00,2026-09-04T19:10:32.960998-04:00,2026-09-04T19:10:32.960998-04:00,propline_free_sample
2026-09-03,2026-09-04 00:05:00+00:00,Cal Quantrill,2.5,under,100,prizepicks,190591,Texas Rangers,Tampa Bay Rays,2026-09-03T03:31:58.162817+00:00,2026-09-04T23:10:32.960998+00:00,2026-09-04T19:10:32.960998-04:00,2026-09-04T19:10:32.960998-04:00,propline_free_sample
2026-09-03,2026-09-04 00:05:00+00:00,Shane McClanahan,2.5,under,100,prizepicks,190591,Texas Rangers,Tampa Bay Rays,2026-09-03T03:31:58.162817+00:00,2026-09-04T23:10:32.960998+00:00,2026-09-04T19:10:32.960998-04:00,2026-09-04T19:10:32.960998-04:00,propline_free_sample
2026-09-03,2026-09-04 00:05:00+00:00,Cal Quantrill,1.5,over,100,prizepicks,190591,Texas Rangers,Tampa Bay Rays,2026-09-03T03:31:58.162817+00:00,2026-09-04T23:10:32.960998+00:00,2026-09-04T19:10:32.960998-04:00,2026-09-04T19:10:32.960998-04:00,propline_free_sample
2026-09-03,2026-09-04 00:05:00+00:00,Cal Quantrill,1.5,under,100,prizepicks,190591,Texas Rangers,Tampa Bay Rays,2026-09-03T03:31:58.162817+00:00,2026-09-04T23:10:32.960998+00:00,2026-09-04T19:10:32.960998-04:00,2026-09-04T19:10:32.960998-04:00,propline_free_sample
2026-09-03,2026-09-04 00:05:00+00:00,Cal Quantrill,3.5,over,100,betr,190591,Texas Rangers,Tampa Bay Rays,2026-09-03T03:42:04.747701+00:00,2026-09-04T23:10:32.960998+00:00,2026-09-04T19:10:32.960998-04:00,2026-09-04T19:10:32.960998-04:00,propline_free_sample
2026-09-03,2026-09-04 00:05:00+00:00,Shane McClanahan,4.5,over,100,betr,190591,Texas Rangers,Tampa Bay Rays,2026-09-03T13:45:44.973337+00:00,2026-09-04T23:10:32.960998+00:00,2026-09-04T19:10:32.960998-04:00,2026-09-04T19:10:32.960998-04:00,propline_free_sample
2026-09-03,2026-09-04 00:05:00+00:00,Cal Quantrill,3.5,under,100,betr,190591,Texas Rangers,Tampa Bay Rays,2026-09-03T03:42:04.747701+00:00,2026-09-04T23:10:32.960998+00:00,2026-09-04T19:10:32.960998-04:00,2026-09-04T19:10:32.960998-04:00,propline_free_sample
2026-09-03,2026-09-04 00:05:00+00:00,Shane McClanahan,4.5,under,100,betr,190591,Texas Rangers,Tampa Bay Rays,2026-09-03T13:45:44.973337+00:00,2026-09-04T23:10:32.960998+00:00,2026-09-04T19:10:32.960998-04:00,2026-09-04T19:10:32.960998-04:00,propline_free_sample
2026-09-03,2026-09-04 00:05:00+00:00,Cal Quantrill,1.5,over,-4900,kalshi,190591,Texas Rangers,Tampa Bay Rays,2026-09-03T19:18:13.317989+00:00,2026-09-04T23:10:32.960998+00:00,2026-09-04T19:10:32.960998-04:00,2026-09-04T19:10:32.960998-04:00,propline_free_sample
2026-09-03,2026-09-04 00:05:00+00:00,Cal Quantrill,1.5,under,9900,kalshi,190591,Texas Rangers,Tampa Bay Rays,2026-09-04T00:00:29.448825+00:00,2026-09-04T23:10:32.960998+00:00,2026-09-04T19:10:32.960998-04:00,2026-09-04T19:10:32.960998-04:00,propline_free_sample
2026-09-03,2026-09-04 00:05:00+00:00,Cal Quantrill,2.5,over,-2400,kalshi,190591,Texas Rangers,Tampa Bay Rays,2026-09-03T23:29:13.141666+00:00,2026-09-04T23:10:32.960998+00:00,2026-09-04T19:10:32.960998-04:00,2026-09-04T19:10:32.960998-04:00,propline_free_sample
2026-09-03,2026-09-04 00:05:00+00:00,Shane McClanahan,2.5,over,-4900,kalshi,190591,Texas Rangers,Tampa Bay Rays,2026-09-03T22:23:54.947389+00:00,2026-09-04T23:10:32.960998+00:00,2026-09-04T19:10:32.960998-04:00,2026-09-04T19:10:32.960998-04:00,propline_free_sample
2026-09-03,2026-09-04 00:05:00+00:00,Cal Quantrill,2.5,under,9900,kalshi,190591,Texas Rangers,Tampa Bay Rays,2026-09-03T23:29:13.141666+00:00,2026-09-04T23:10:32.960998+00:00,2026-09-04T19:10:32.960998-04:00,2026-09-04T19:10:32.960998-04:00,propline_free_sample
2026-09-03,2026-09-04 00:05:00+00:00,Shane McClanahan,2.5,under,9900,kalshi,190591,Texas Rangers,Tampa Bay Rays,2026-09-03T17:03:00.118864+00:00,2026-09-04T23:10:32.960998+00:00,2026-09-04T19:10:32.960998-04:00,2026-09-04T19:10:32.960998-04:00,propline_free_sample
2026-09-03,2026-09-04 00:05:00+00:00,Cal Quantrill,3.5,over,-300,kalshi,190591,Texas Rangers,Tampa Bay Rays,2026-09-03T22:35:08.258543+00:00,2026-09-04T23:10:32.960998+00:00,2026-09-04T19:10:32.960998-04:00,2026-09-04T19:10:32.960998-04:00,propline_free_sample
2026-09-03,2026-09-04 00:05:00+00:00,Shane McClanahan,3.5,over,9900,kalshi,190591,Texas Rangers,Tampa Bay Rays,2026-09-04T00:03:19.298167+00:00,2026-09-04T23:10:32.960998+00:00,2026-09-04T19:10:32.960998-04:00,2026-09-04T19:10:32.960998-04:00,propline_free_sample
2026-09-03,2026-09-04 00:05:00+00:00,Cal Quantrill,3.5,under,9900,kalshi,190591,Texas Rangers,Tampa Bay Rays,2026-09-03T22:35:08.258543+00:00,2026-09-04T23:10:32.960998+00:00,2026-09-04T19:10:32.960998-04:00,2026-09-04T19:10:32.960998-04:00,propline_free_sample
2026-09-03,2026-09-04 00:05:00+00:00,Shane McClanahan,3.5,under,-1150,kalshi,190591,Texas Rangers,Tampa Bay Rays,2026-09-04T00:03:19.298167+00:00,2026-09-04T23:10:32.960998+00:00,2026-09-04T19:10:32.960998-04:00,2026-09-04T19:10:32.960998-04:00,propline_free_sample
2026-09-03,2026-09-04 00:05:00+00:00,Cal Quantrill,4.5,over,-223,kalshi,190591,Texas Rangers,Tampa Bay Rays,2026-09-03T23:29:13.141666+00:00,2026-09-04T23:10:32.960998+00:00,2026-09-04T19:10:32.960998-04:00,2026-09-04T19:10:32.960998-04:00,propline_free_sample
2026-09-03,2026-09-04 00:05:00+00:00,Shane McClanahan,4.5,over,9900,kalshi,190591,Texas Rangers,Tampa Bay Rays,2026-09-03T14:11:19.432578+00:00,2026-09-04T23:10:32.960998+00:00,2026-09-04T19:10:32.960998-04:00,2026-09-04T19:10:32.960998-04:00,propline_free_sample
2026-09-03,2026-09-04 00:05:00+00:00,Cal Quantrill,4.5,under,9900,kalshi,190591,Texas Rangers,Tampa Bay Rays,2026-09-03T23:29:13.141666+00:00,2026-09-04T23:10:32.960998+00:00,2026-09-04T19:10:32.960998-04:00,2026-09-04T19:10:32.960998-04:00,propline_free_sample
2026-09-03,2026-09-04 00:05:00+00:00,Shane McClanahan,4.5,under,-4900,kalshi,190591,Texas Rangers,Tampa Bay Rays,2026-09-03T14:41:46.549572+00:00,2026-09-04T23:10:32.960998+00:00,2026-09-04T19:10:32.960998-04:00,2026-09-04T19:10:32.960998-04:00,propline_free_sample
2026-09-03,2026-09-04 00:05:00+00:00,Cal Quantrill,5.5,over,9900,kalshi,190591,Texas Rangers,Tampa Bay Rays,2026-09-03T20:01:01.408930+00:00,2026-09-04T23:10:32.960998+00:00,2026-09-04T19:10:32.960998-04:00,2026-09-04T19:10:32.960998-04:00,propline_free_sample
2026-09-03,2026-09-04 00:05:00+00:00,Shane McClanahan,5.5,over,9900,kalshi,190591,Texas Rangers,Tampa Bay Rays,2026-09-03T23:58:40.543330+00:00,2026-09-04T23:10:32.960998+00:00,2026-09-04T19:10:32.960998-04:00,2026-09-04T19:10:32.960998-04:00,propline_free_sample
2026-09-03,2026-09-04 00:05:00+00:00,Cal Quantrill,5.5,under,-2400,kalshi,190591,Texas Rangers,Tampa Bay Rays,2026-09-03T15:27:01.715066+00:00,2026-09-04T23:10:32.960998+00:00,2026-09-04T19:10:32.960998-04:00,2026-09-04T19:10:32.960998-04:00,propline_free_sample
2026-09-03,2026-09-04 00:05:00+00:00,Shane McClanahan,5.5,under,-1150,kalshi,190591,Texas Rangers,Tampa Bay Rays,2026-09-03T23:58:40.543330+00:00,2026-09-04T23:10:32.960998+00:00,2026-09-04T19:10:32.960998-04:00,2026-09-04T19:10:32.960998-04:00,propline_free_sample
2026-09-03,2026-09-04 00:05:00+00:00,Cal Quantrill,6.5,over,9900,kalshi,190591,Texas Rangers,Tampa Bay Rays,2026-09-04T00:03:19.298167+00:00,2026-09-04T23:10:32.960998+00:00,2026-09-04T19:10:32.960998-04:00,2026-09-04T19:10:32.960998-04:00,propline_free_sample
2026-09-03,2026-09-04 00:05:00+00:00,Shane McClanahan,6.5,over,9900,kalshi,190591,Texas Rangers,Tampa Bay Rays,2026-09-03T14:34:13.079023+00:00,2026-09-04T23:10:32.960998+00:00,2026-09-04T19:10:32.960998-04:00,2026-09-04T19:10:32.960998-04:00,propline_free_sample
2026-09-03,2026-09-04 00:05:00+00:00,Cal Quantrill,6.5,under,-3233,kalshi,190591,Texas Rangers,Tampa Bay Rays,2026-09-04T00:00:29.448825+00:00,2026-09-04T23:10:32.960998+00:00,2026-09-04T19:10:32.960998-04:00,2026-09-04T19:10:32.960998-04:00,propline_free_sample
2026-09-03,2026-09-04 00:05:00+00:00,Shane McClanahan,6.5,under,-1150,kalshi,190591,Texas Rangers,Tampa Bay Rays,2026-09-03T14:45:17.324168+00:00,2026-09-04T23:10:32.960998+00:00,2026-09-04T19:10:32.960998-04:00,2026-09-04T19:10:32.960998-04:00,propline_free_sample
2026-09-03,2026-09-04 00:05:00+00:00,Shane McClanahan,7.5,over,9900,kalshi,190591,Texas Rangers,Tampa Bay Rays,2026-09-04T00:03:35.803062+00:00,2026-09-04T23:10:32.960998+00:00,2026-09-04T19:10:32.960998-04:00,2026-09-04T19:10:32.960998-04:00,propline_free_sample
2026-09-03,2026-09-04 00:05:00+00:00,Shane McClanahan,7.5,under,-1900,kalshi,190591,Texas Rangers,Tampa Bay Rays,2026-09-04T00:03:19.298167+00:00,2026-09-04T23:10:32.960998+00:00,2026-09-04T19:10:32.960998-04:00,2026-09-04T19:10:32.960998-04:00,propline_free_sample
2026-09-03,2026-09-04 00:05:00+00:00,Shane McClanahan,8.5,over,9900,kalshi,190591,Texas Rangers,Tampa Bay Rays,2026-09-03T22:33:54.045355+00:00,2026-09-04T23:10:32.960998+00:00,2026-09-04T19:10:32.960998-04:00,2026-09-04T19:10:32.960998-04:00,propline_free_sample
2026-09-03,2026-09-04 00:05:00+00:00,Shane McClanahan,8.5,under,-1150,kalshi,190591,Texas Rangers,Tampa Bay Rays,2026-09-03T12:38:47.121829+00:00,2026-09-04T23:10:32.960998+00:00,2026-09-04T19:10:32.960998-04:00,2026-09-04T19:10:32.960998-04:00,propline_free_sample
2026-09-03,2026-09-04 00:05:00+00:00,Cal Quantrill,3.5,over,113,prophetx,190591,Texas Rangers,Tampa Bay Rays,2026-09-03T22:34:39.100727+00:00,2026-09-04T23:10:32.960998+00:00,2026-09-04T19:10:32.960998-04:00,2026-09-04T19:10:32.960998-04:00,propline_free_sample
2026-09-03,2026-09-04 00:05:00+00:00,Cal Quantrill,3.5,under,-134,prophetx,190591,Texas Rangers,Tampa Bay Rays,2026-09-04T00:01:58.668360+00:00,2026-09-04T23:10:32.960998+00:00,2026-09-04T19:10:32.960998-04:00,2026-09-04T19:10:32.960998-04:00,propline_free_sample
2026-09-03,2026-09-04 00:05:00+00:00,Shane McClanahan,4.5,over,-112,prophetx,190591,Texas Rangers,Tampa Bay Rays,2026-09-04T00:00:12.551915+00:00,2026-09-04T23:10:32.960998+00:00,2026-09-04T19:10:32.960998-04:00,2026-09-04T19:10:32.960998-04:00,propline_free_sample
2026-09-03,2026-09-04 00:05:00+00:00,Shane McClanahan,4.5,under,110,prophetx,190591,Texas Rangers,Tampa Bay Rays,2026-09-03T22:42:37.994456+00:00,2026-09-04T23:10:32.960998+00:00,2026-09-04T19:10:32.960998-04:00,2026-09-04T19:10:32.960998-04:00,propline_free_sample
2026-09-03,2026-09-04 00:05:00+00:00,Shane McClanahan,4.5,over,100,prizepicks,190591,Texas Rangers,Tampa Bay Rays,2026-09-03T05:04:46.796290+00:00,2026-09-04T23:10:32.960998+00:00,2026-09-04T19:10:32.960998-04:00,2026-09-04T19:10:32.960998-04:00,propline_free_sample
2026-09-03,2026-09-04 00:05:00+00:00,Shane McClanahan,4.5,under,100,prizepicks,190591,Texas Rangers,Tampa Bay Rays,2026-09-03T05:04:46.796290+00:00,2026-09-04T23:10:32.960998+00:00,2026-09-04T19:10:32.960998-04:00,2026-09-04T19:10:32.960998-04:00,propline_free_sample
2026-09-03,2026-09-04 00:05:00+00:00,Cal Quantrill,3.5,over,110,onexbet,190591,Texas Rangers,Tampa Bay Rays,2026-09-03T22:54:54.391250+00:00,2026-09-04T23:10:32.960998+00:00,2026-09-04T19:10:32.960998-04:00,2026-09-04T19:10:32.960998-04:00,propline_free_sample
2026-09-03,2026-09-04 00:05:00+00:00,Shane McClanahan,4.5,over,-130,onexbet,190591,Texas Rangers,Tampa Bay Rays,2026-09-03T21:54:59.887787+00:00,2026-09-04T23:10:32.960998+00:00,2026-09-04T19:10:32.960998-04:00,2026-09-04T19:10:32.960998-04:00,propline_free_sample
2026-09-03,2026-09-04 00:05:00+00:00,Cal Quantrill,3.5,under,-150,onexbet,190591,Texas Rangers,Tampa Bay Rays,2026-09-03T22:54:54.391250+00:00,2026-09-04T23:10:32.960998+00:00,2026-09-04T19:10:32.960998-04:00,2026-09-04T19:10:32.960998-04:00,propline_free_sample
2026-09-03,2026-09-04 00:05:00+00:00,Shane McClanahan,4.5,under,-105,onexbet,190591,Texas Rangers,Tampa Bay Rays,2026-09-03T21:54:59.887787+00:00,2026-09-04T23:10:32.960998+00:00,2026-09-04T19:10:32.960998-04:00,2026-09-04T19:10:32.960998-04:00,propline_free_sample
2026-09-03,2026-09-04 00:05:00+00:00,Cal Quantrill,3.5,over,122,fanduel,190591,Texas Rangers,Tampa Bay Rays,2026-09-03T22:29:31.938100+00:00,2026-09-04T23:10:32.960998+00:00,2026-09-04T19:10:32.960998-04:00,2026-09-04T19:10:32.960998-04:00,propline_free_sample
2026-09-03,2026-09-04 00:05:00+00:00,Cal Quantrill,3.5,under,-156,fanduel,190591,Texas Rangers,Tampa Bay Rays,2026-09-03T22:29:31.938100+00:00,2026-09-04T23:10:32.960998+00:00,2026-09-04T19:10:32.960998-04:00,2026-09-04T19:10:32.960998-04:00,propline_free_sample
2026-09-03,2026-09-04 00:05:00+00:00,Shane McClanahan,4.5,over,-138,fanduel,190591,Texas Rangers,Tampa Bay Rays,2026-09-03T22:01:41.370328+00:00,2026-09-04T23:10:32.960998+00:00,2026-09-04T19:10:32.960998-04:00,2026-09-04T19:10:32.960998-04:00,propline_free_sample
2026-09-03,2026-09-04 00:05:00+00:00,Shane McClanahan,4.5,under,108,fanduel,190591,Texas Rangers,Tampa Bay Rays,2026-09-03T22:01:41.370328+00:00,2026-09-04T23:10:32.960998+00:00,2026-09-04T19:10:32.960998-04:00,2026-09-04T19:10:32.960998-04:00,propline_free_sample
2026-09-03,2026-09-04 00:05:00+00:00,Cal Quantrill,2.5,over,-182,novig,190591,Texas Rangers,Tampa Bay Rays,2026-09-04T00:04:40.340359+00:00,2026-09-04T23:10:32.960998+00:00,2026-09-04T19:10:32.960998-04:00,2026-09-04T19:10:32.960998-04:00,propline_free_sample
2026-09-03,2026-09-04 00:05:00+00:00,Cal Quantrill,2.5,under,170,novig,190591,Texas Rangers,Tampa Bay Rays,2026-09-03T23:36:56.030887+00:00,2026-09-04T23:10:32.960998+00:00,2026-09-04T19:10:32.960998-04:00,2026-09-04T19:10:32.960998-04:00,propline_free_sample
2026-09-03,2026-09-04 00:05:00+00:00,Cal Quantrill,4.5,over,308,novig,190591,Texas Rangers,Tampa Bay Rays,2026-09-03T15:40:16.644606+00:00,2026-09-04T23:10:32.960998+00:00,2026-09-04T19:10:32.960998-04:00,2026-09-04T19:10:32.960998-04:00,propline_free_sample
2026-09-03,2026-09-04 00:05:00+00:00,Cal Quantrill,4.5,under,-388,novig,190591,Texas Rangers,Tampa Bay Rays,2026-09-03T23:30:29.601596+00:00,2026-09-04T23:10:32.960998+00:00,2026-09-04T19:10:32.960998-04:00,2026-09-04T19:10:32.960998-04:00,propline_free_sample
2026-09-03,2026-09-04 00:05:00+00:00,Shane McClanahan,3.5,over,-264,novig,190591,Texas Rangers,Tampa Bay Rays,2026-09-03T15:06:12.268771+00:00,2026-09-04T23:10:32.960998+00:00,2026-09-04T19:10:32.960998-04:00,2026-09-04T19:10:32.960998-04:00,propline_free_sample
2026-09-03,2026-09-04 00:05:00+00:00,Shane McClanahan,3.5,under,228,novig,190591,Texas Rangers,Tampa Bay Rays,2026-09-03T14:31:47.106666+00:00,2026-09-04T23:10:32.960998+00:00,2026-09-04T19:10:32.960998-04:00,2026-09-04T19:10:32.960998-04:00,propline_free_sample
2026-09-03,2026-09-04 00:05:00+00:00,Cal Quantrill (TEX),3.5,over,120,bovada,190591,Texas Rangers,Tampa Bay Rays,2026-09-03T22:13:49.268528+00:00,2026-09-04T23:10:32.960998+00:00,2026-09-04T19:10:32.960998-04:00,2026-09-04T19:10:32.960998-04:00,propline_free_sample
2026-09-03,2026-09-04 00:05:00+00:00,Cal Quantrill (TEX),3.5,under,-160,bovada,190591,Texas Rangers,Tampa Bay Rays,2026-09-03T22:13:49.268528+00:00,2026-09-04T23:10:32.960998+00:00,2026-09-04T19:10:32.960998-04:00,2026-09-04T19:10:32.960998-04:00,propline_free_sample
2026-09-03,2026-09-04 00:05:00+00:00,Shane McClanahan (TB),4.5,over,-145,bovada,190591,Texas Rangers,Tampa Bay Rays,2026-09-03T16:04:03.741089+00:00,2026-09-04T23:10:32.960998+00:00,2026-09-04T19:10:32.960998-04:00,2026-09-04T19:10:32.960998-04:00,propline_free_sample
2026-09-03,2026-09-04 00:05:00+00:00,Shane McClanahan (TB),4.5,under,110,bovada,190591,Texas Rangers,Tampa Bay Rays,2026-09-03T16:04:03.741089+00:00,2026-09-04T23:10:32.960998+00:00,2026-09-04T19:10:32.960998-04:00,2026-09-04T19:10:32.960998-04:00,propline_free_sample
2026-09-03,2026-09-04 00:05:00+00:00,Shane McClanahan,5.5,over,170,novig,190591,Texas Rangers,Tampa Bay Rays,2026-09-04T00:04:08.271157+00:00,2026-09-04T23:10:32.960998+00:00,2026-09-04T19:10:32.960998-04:00,2026-09-04T19:10:32.960998-04:00,propline_free_sample
2026-09-03,2026-09-04 00:05:00+00:00,Shane McClanahan,5.5,under,-233,novig,190591,Texas Rangers,Tampa Bay Rays,2026-09-04T00:04:08.271157+00:00,2026-09-04T23:10:32.960998+00:00,2026-09-04T19:10:32.960998-04:00,2026-09-04T19:10:32.960998-04:00,propline_free_sample
2026-09-03,2026-09-04 00:05:00+00:00,Cal Quantrill,3.5,over,114,rebet,190591,Texas Rangers,Tampa Bay Rays,2026-09-03T19:51:33.735483+00:00,2026-09-04T23:10:32.960998+00:00,2026-09-04T19:10:32.960998-04:00,2026-09-04T19:10:32.960998-04:00,propline_free_sample
2026-09-03,2026-09-04 00:05:00+00:00,Cal Quantrill,3.5,under,-158,rebet,190591,Texas Rangers,Tampa Bay Rays,2026-09-03T19:51:33.735483+00:00,2026-09-04T23:10:32.960998+00:00,2026-09-04T19:10:32.960998-04:00,2026-09-04T19:10:32.960998-04:00,propline_free_sample
2026-09-03,2026-09-04 00:05:00+00:00,Shane McClanahan,4.5,over,-133,rebet,190591,Texas Rangers,Tampa Bay Rays,2026-09-03T21:16:56.436967+00:00,2026-09-04T23:10:32.960998+00:00,2026-09-04T19:10:32.960998-04:00,2026-09-04T19:10:32.960998-04:00,propline_free_sample
2026-09-03,2026-09-04 00:05:00+00:00,Shane McClanahan,4.5,under,-104,rebet,190591,Texas Rangers,Tampa Bay Rays,2026-09-03T21:19:55.732412+00:00,2026-09-04T23:10:32.960998+00:00,2026-09-04T19:10:32.960998-04:00,2026-09-04T19:10:32.960998-04:00,propline_free_sample
2026-09-03,2026-09-04 00:05:00+00:00,Cal Quantrill,3.5,over,112,pinnacle,190591,Texas Rangers,Tampa Bay Rays,2026-09-03T23:58:42.638442+00:00,2026-09-04T23:10:32.960998+00:00,2026-09-04T19:10:32.960998-04:00,2026-09-04T19:10:32.960998-04:00,propline_free_sample
2026-09-03,2026-09-04 00:05:00+00:00,Cal Quantrill,3.5,under,-148,pinnacle,190591,Texas Rangers,Tampa Bay Rays,2026-09-03T23:58:42.638442+00:00,2026-09-04T23:10:32.960998+00:00,2026-09-04T19:10:32.960998-04:00,2026-09-04T19:10:32.960998-04:00,propline_free_sample
2026-09-03,2026-09-04 00:05:00+00:00,Shane McClanahan,4.5,over,-130,pinnacle,190591,Texas Rangers,Tampa Bay Rays,2026-09-03T23:42:35.491255+00:00,2026-09-04T23:10:32.960998+00:00,2026-09-04T19:10:32.960998-04:00,2026-09-04T19:10:32.960998-04:00,propline_free_sample
2026-09-03,2026-09-04 00:05:00+00:00,Shane McClanahan,4.5,under,-102,pinnacle,190591,Texas Rangers,Tampa Bay Rays,2026-09-03T23:42:35.491255+00:00,2026-09-04T23:10:32.960998+00:00,2026-09-04T19:10:32.960998-04:00,2026-09-04T19:10:32.960998-04:00,propline_free_sample
2026-09-03,2026-09-04 00:05:00+00:00,Cal Quantrill,2.5,over,-160,betmgm,190591,Texas Rangers,Tampa Bay Rays,2026-09-03T22:20:39.647235+00:00,2026-09-04T23:10:32.960998+00:00,2026-09-04T19:10:32.960998-04:00,2026-09-04T19:10:32.960998-04:00,propline_free_sample
2026-09-03,2026-09-04 00:05:00+00:00,Cal Quantrill,2.5,under,120,betmgm,190591,Texas Rangers,Tampa Bay Rays,2026-09-03T22:20:39.647235+00:00,2026-09-04T23:10:32.960998+00:00,2026-09-04T19:10:32.960998-04:00,2026-09-04T19:10:32.960998-04:00,propline_free_sample
2026-09-03,2026-09-04 00:05:00+00:00,Shane McClanahan,4.5,over,-155,betmgm,190591,Texas Rangers,Tampa Bay Rays,2026-09-03T14:15:51.389106+00:00,2026-09-04T23:10:32.960998+00:00,2026-09-04T19:10:32.960998-04:00,2026-09-04T19:10:32.960998-04:00,propline_free_sample
2026-09-03,2026-09-04 00:05:00+00:00,Shane McClanahan,4.5,under,110,betmgm,190591,Texas Rangers,Tampa Bay Rays,2026-09-03T14:15:51.389106+00:00,2026-09-04T23:10:32.960998+00:00,2026-09-04T19:10:32.960998-04:00,2026-09-04T19:10:32.960998-04:00,propline_free_sample
2026-09-03,2026-09-04 00:05:00+00:00,Cal Quantrill,3.5,over,100,prizepicks,190591,Texas Rangers,Tampa Bay Rays,2026-09-03T14:23:49.458940+00:00,2026-09-04T23:10:32.960998+00:00,2026-09-04T19:10:32.960998-04:00,2026-09-04T19:10:32.960998-04:00,propline_free_sample
2026-09-03,2026-09-04 00:05:00+00:00,Cal Quantrill,3.5,under,100,prizepicks,190591,Texas Rangers,Tampa Bay Rays,2026-09-03T14:23:49.458940+00:00,2026-09-04T23:10:32.960998+00:00,2026-09-04T19:10:32.960998-04:00,2026-09-04T19:10:32.960998-04:00,propline_free_sample
2026-09-03,2026-09-04 00:05:00+00:00,Shane McClanahan,5.0,over,-330,prophetx,190591,Texas Rangers,Tampa Bay Rays,2026-09-03T14:45:43.715160+00:00,2026-09-04T23:10:32.960998+00:00,2026-09-04T19:10:32.960998-04:00,2026-09-04T19:10:32.960998-04:00,propline_free_sample
2026-09-03,2026-09-04 00:05:00+00:00,Shane McClanahan,5.0,under,-330,prophetx,190591,Texas Rangers,Tampa Bay Rays,2026-09-03T14:45:43.715160+00:00,2026-09-04T23:10:32.960998+00:00,2026-09-04T19:10:32.960998-04:00,2026-09-04T19:10:32.960998-04:00,propline_free_sample
2026-09-03,2026-09-04 00:05:00+00:00,Cal Quantrill (TEX),3.5,over,105,betonlineag,190591,Texas Rangers,Tampa Bay Rays,2026-09-03T16:39:19.952473+00:00,2026-09-04T23:10:32.960998+00:00,2026-09-04T19:10:32.960998-04:00,2026-09-04T19:10:32.960998-04:00,propline_free_sample
2026-09-03,2026-09-04 00:05:00+00:00,Cal Quantrill (TEX),3.5,under,-145,betonlineag,190591,Texas Rangers,Tampa Bay Rays,2026-09-03T16:39:19.952473+00:00,2026-09-04T23:10:32.960998+00:00,2026-09-04T19:10:32.960998-04:00,2026-09-04T19:10:32.960998-04:00,propline_free_sample
2026-09-03,2026-09-04 00:05:00+00:00,Shane McClanahan (TB),4.5,over,-145,betonlineag,190591,Texas Rangers,Tampa Bay Rays,2026-09-03T16:39:19.952473+00:00,2026-09-04T23:10:32.960998+00:00,2026-09-04T19:10:32.960998-04:00,2026-09-04T19:10:32.960998-04:00,propline_free_sample
2026-09-03,2026-09-04 00:05:00+00:00,Shane McClanahan (TB),4.5,under,105,betonlineag,190591,Texas Rangers,Tampa Bay Rays,2026-09-03T16:39:19.952473+00:00,2026-09-04T23:10:32.960998+00:00,2026-09-04T19:10:32.960998-04:00,2026-09-04T19:10:32.960998-04:00,propline_free_sample
2026-09-03,2026-09-04 00:05:00+00:00,Cal Quantrill (TEX),3.5,over,105,lowvig,190591,Texas Rangers,Tampa Bay Rays,2026-09-03T16:39:21.843435+00:00,2026-09-04T23:10:32.960998+00:00,2026-09-04T19:10:32.960998-04:00,2026-09-04T19:10:32.960998-04:00,propline_free_sample
2026-09-03,2026-09-04 00:05:00+00:00,Cal Quantrill (TEX),3.5,under,-145,lowvig,190591,Texas Rangers,Tampa Bay Rays,2026-09-03T16:39:21.843435+00:00,2026-09-04T23:10:32.960998+00:00,2026-09-04T19:10:32.960998-04:00,2026-09-04T19:10:32.960998-04:00,propline_free_sample
2026-09-03,2026-09-04 00:05:00+00:00,Shane McClanahan (TB),4.5,over,-145,lowvig,190591,Texas Rangers,Tampa Bay Rays,2026-09-03T16:39:21.843435+00:00,2026-09-04T23:10:32.960998+00:00,2026-09-04T19:10:32.960998-04:00,2026-09-04T19:10:32.960998-04:00,propline_free_sample
2026-09-03,2026-09-04 00:05:00+00:00,Shane McClanahan (TB),4.5,under,105,lowvig,190591,Texas Rangers,Tampa Bay Rays,2026-09-03T16:39:21.843435+00:00,2026-09-04T23:10:32.960998+00:00,2026-09-04T19:10:32.960998-04:00,2026-09-04T19:10:32.960998-04:00,propline_free_sample
2026-09-03,2026-09-03 23:40:00+00:00,Sandy Alcantara,3.5,over,-122,dabble,190556,Kansas City Royals,Miami Marlins,2026-09-03T20:52:22.473556+00:00,2026-09-04T23:10:32.960998+00:00,2026-09-04T19:10:32.960998-04:00,2026-09-04T19:10:32.960998-04:00,propline_free_sample
2026-09-03,2026-09-03 23:40:00+00:00,Sandy Alcantara,3.5,under,123,dabble,190556,Kansas City Royals,Miami Marlins,2026-09-03T20:52:22.473556+00:00,2026-09-04T23:10:32.960998+00:00,2026-09-04T19:10:32.960998-04:00,2026-09-04T19:10:32.960998-04:00,propline_free_sample
2026-09-03,2026-09-03 23:40:00+00:00,Sandy Alcantara,3.5,over,-143,smarkets,190556,Kansas City Royals,Miami Marlins,2026-09-03T22:40:33.169296+00:00,2026-09-04T23:10:32.960998+00:00,2026-09-04T19:10:32.960998-04:00,2026-09-04T19:10:32.960998-04:00,propline_free_sample
2026-09-03,2026-09-03 23:40:00+00:00,Sandy Alcantara,3.5,under,102,smarkets,190556,Kansas City Royals,Miami Marlins,2026-09-03T20:07:27.858420+00:00,2026-09-04T23:10:32.960998+00:00,2026-09-04T19:10:32.960998-04:00,2026-09-04T19:10:32.960998-04:00,propline_free_sample
2026-09-03,2026-09-03 23:40:00+00:00,Sandy Alcantara,3.5,over,-127,underdog,190556,Kansas City Royals,Miami Marlins,2026-09-03T23:38:34.604065+00:00,2026-09-04T23:10:32.960998+00:00,2026-09-04T19:10:32.960998-04:00,2026-09-04T19:10:32.960998-04:00,propline_free_sample
2026-09-03,2026-09-03 23:40:00+00:00,Sandy Alcantara,3.5,under,-107,underdog,190556,Kansas City Royals,Miami Marlins,2026-09-03T23:38:34.604065+00:00,2026-09-04T23:10:32.960998+00:00,2026-09-04T19:10:32.960998-04:00,2026-09-04T19:10:32.960998-04:00,propline_free_sample
2026-09-03,2026-09-03 23:40:00+00:00,Sandy Alcantara,6.5,over,100,prizepicks,190556,Kansas City Royals,Miami Marlins,2026-09-03T02:50:57.583822+00:00,2026-09-04T23:10:32.960998+00:00,2026-09-04T19:10:32.960998-04:00,2026-09-04T19:10:32.960998-04:00,propline_free_sample
2026-09-03,2026-09-03 23:40:00+00:00,Sandy Alcantara,3.5,over,100,prizepicks,190556,Kansas City Royals,Miami Marlins,2026-09-03T02:50:57.583822+00:00,2026-09-04T23:10:32.960998+00:00,2026-09-04T19:10:32.960998-04:00,2026-09-04T19:10:32.960998-04:00,propline_free_sample
2026-09-03,2026-09-03 23:40:00+00:00,Sandy Alcantara,3.5,under,100,prizepicks,190556,Kansas City Royals,Miami Marlins,2026-09-03T02:50:57.583822+00:00,2026-09-04T23:10:32.960998+00:00,2026-09-04T19:10:32.960998-04:00,2026-09-04T19:10:32.960998-04:00,propline_free_sample
2026-09-03,2026-09-03 23:40:00+00:00,Michael Wacha,4.5,over,-120,dabble,190556,Kansas City Royals,Miami Marlins,2026-09-03T21:34:23.819580+00:00,2026-09-04T23:10:32.960998+00:00,2026-09-04T19:10:32.960998-04:00,2026-09-04T19:10:32.960998-04:00,propline_free_sample
2026-09-03,2026-09-03 23:40:00+00:00,Michael Wacha,4.5,under,120,dabble,190556,Kansas City Royals,Miami Marlins,2026-09-03T21:34:23.819580+00:00,2026-09-04T23:10:32.960998+00:00,2026-09-04T19:10:32.960998-04:00,2026-09-04T19:10:32.960998-04:00,propline_free_sample
2026-09-03,2026-09-03 23:40:00+00:00,Michael Wacha,5.5,over,110,smarkets,190556,Kansas City Royals,Miami Marlins,2026-09-03T14:11:14.838554+00:00,2026-09-04T23:10:32.960998+00:00,2026-09-04T19:10:32.960998-04:00,2026-09-04T19:10:32.960998-04:00,propline_free_sample
2026-09-03,2026-09-03 23:40:00+00:00,Michael Wacha,5.5,under,-154,smarkets,190556,Kansas City Royals,Miami Marlins,2026-09-03T14:11:14.838554+00:00,2026-09-04T23:10:32.960998+00:00,2026-09-04T19:10:32.960998-04:00,2026-09-04T19:10:32.960998-04:00,propline_free_sample
2026-09-03,2026-09-03 23:40:00+00:00,Michael Wacha,5.5,over,100,prizepicks,190556,Kansas City Royals,Miami Marlins,2026-09-03T03:31:57.168389+00:00,2026-09-04T23:10:32.960998+00:00,2026-09-04T19:10:32.960998-04:00,2026-09-04T19:10:32.960998-04:00,propline_free_sample
2026-09-03,2026-09-03 23:40:00+00:00,Michael Wacha,5.5,under,100,prizepicks,190556,Kansas City Royals,Miami Marlins,2026-09-03T03:31:57.168389+00:00,2026-09-04T23:10:32.960998+00:00,2026-09-04T19:10:32.960998-04:00,2026-09-04T19:10:32.960998-04:00,propline_free_sample
2026-09-03,2026-09-03 23:40:00+00:00,Michael Wacha,4.5,over,-141,underdog,190556,Kansas City Royals,Miami Marlins,2026-09-03T23:02:47.387950+00:00,2026-09-04T23:10:32.960998+00:00,2026-09-04T19:10:32.960998-04:00,2026-09-04T19:10:32.960998-04:00,propline_free_sample
2026-09-03,2026-09-03 23:40:00+00:00,Michael Wacha,4.5,under,105,underdog,190556,Kansas City Royals,Miami Marlins,2026-09-03T23:02:47.387950+00:00,2026-09-04T23:10:32.960998+00:00,2026-09-04T19:10:32.960998-04:00,2026-09-04T19:10:32.960998-04:00,propline_free_sample
2026-09-03,2026-09-03 23:40:00+00:00,Michael Wacha,6.5,over,100,prizepicks,190556,Kansas City Royals,Miami Marlins,2026-09-03T03:40:04.903962+00:00,2026-09-04T23:10:32.960998+00:00,2026-09-04T19:10:32.960998-04:00,2026-09-04T19:10:32.960998-04:00,propline_free_sample
2026-09-03,2026-09-03 23:40:00+00:00,Michael Wacha,3.5,over,100,prizepicks,190556,Kansas City Royals,Miami Marlins,2026-09-03T03:40:04.903962+00:00,2026-09-04T23:10:32.960998+00:00,2026-09-04T19:10:32.960998-04:00,2026-09-04T19:10:32.960998-04:00,propline_free_sample
2026-09-03,2026-09-03 23:40:00+00:00,Michael Wacha,4.5,over,-130,draftkings,190556,Kansas City Royals,Miami Marlins,2026-09-03T23:39:40.578207+00:00,2026-09-04T23:10:32.960998+00:00,2026-09-04T19:10:32.960998-04:00,2026-09-04T19:10:32.960998-04:00,propline_free_sample
2026-09-03,2026-09-03 23:40:00+00:00,Michael Wacha,4.5,under,102,draftkings,190556,Kansas City Royals,Miami Marlins,2026-09-03T23:39:40.578207+00:00,2026-09-04T23:10:32.960998+00:00,2026-09-04T19:10:32.960998-04:00,2026-09-04T19:10:32.960998-04:00,propline_free_sample
2026-09-03,2026-09-03 23:40:00+00:00,Sandy Alcantara,3.5,over,-123,draftkings,190556,Kansas City Royals,Miami Marlins,2026-09-03T23:35:34.203562+00:00,2026-09-04T23:10:32.960998+00:00,2026-09-04T19:10:32.960998-04:00,2026-09-04T19:10:32.960998-04:00,propline_free_sample
2026-09-03,2026-09-03 23:40:00+00:00,Sandy Alcantara,3.5,under,-104,draftkings,190556,Kansas City Royals,Miami Marlins,2026-09-03T23:35:34.203562+00:00,2026-09-04T23:10:32.960998+00:00,2026-09-04T19:10:32.960998-04:00,2026-09-04T19:10:32.960998-04:00,propline_free_sample
2026-09-03,2026-09-03 23:40:00+00:00,Michael Wacha,3.5,over,-160,fanatics,190556,Kansas City Royals,Miami Marlins,2026-09-03T23:23:29.108587+00:00,2026-09-04T23:10:32.960998+00:00,2026-09-04T19:10:32.960998-04:00,2026-09-04T19:10:32.960998-04:00,propline_free_sample
2026-09-03,2026-09-03 23:40:00+00:00,Michael Wacha,3.5,under,120,fanatics,190556,Kansas City Royals,Miami Marlins,2026-09-03T23:23:29.108587+00:00,2026-09-04T23:10:32.960998+00:00,2026-09-04T19:10:32.960998-04:00,2026-09-04T19:10:32.960998-04:00,propline_free_sample
2026-09-03,2026-09-03 23:40:00+00:00,Sandy Alcantara,2.5,over,-130,fanatics,190556,Kansas City Royals,Miami Marlins,2026-09-03T23:23:29.108587+00:00,2026-09-04T23:10:32.960998+00:00,2026-09-04T19:10:32.960998-04:00,2026-09-04T19:10:32.960998-04:00,propline_free_sample
2026-09-03,2026-09-03 23:40:00+00:00,Sandy Alcantara,2.5,under,100,fanatics,190556,Kansas City Royals,Miami Marlins,2026-09-03T23:23:29.108587+00:00,2026-09-04T23:10:32.960998+00:00,2026-09-04T19:10:32.960998-04:00,2026-09-04T19:10:32.960998-04:00,propline_free_sample
2026-09-03,2026-09-03 23:40:00+00:00,Sandy Alcantara,3.5,over,-147,sleeper,190556,Kansas City Royals,Miami Marlins,2026-09-03T23:10:31.496480+00:00,2026-09-04T23:10:32.960998+00:00,2026-09-04T19:10:32.960998-04:00,2026-09-04T19:10:32.960998-04:00,propline_free_sample
2026-09-03,2026-09-03 23:40:00+00:00,Sandy Alcantara,3.5,under,-111,sleeper,190556,Kansas City Royals,Miami Marlins,2026-09-03T23:10:31.496480+00:00,2026-09-04T23:10:32.960998+00:00,2026-09-04T19:10:32.960998-04:00,2026-09-04T19:10:32.960998-04:00,propline_free_sample
2026-09-03,2026-09-03 23:40:00+00:00,Sandy Alcantara,5.5,over,100,prizepicks,190556,Kansas City Royals,Miami Marlins,2026-09-03T03:50:06.502059+00:00,2026-09-04T23:10:32.960998+00:00,2026-09-04T19:10:32.960998-04:00,2026-09-04T19:10:32.960998-04:00,propline_free_sample
2026-09-03,2026-09-03 23:40:00+00:00,Sandy Alcantara,4.5,over,100,prizepicks,190556,Kansas City Royals,Miami Marlins,2026-09-03T03:50:06.502059+00:00,2026-09-04T23:10:32.960998+00:00,2026-09-04T19:10:32.960998-04:00,2026-09-04T19:10:32.960998-04:00,propline_free_sample
2026-09-03,2026-09-03 23:40:00+00:00,Sandy Alcantara,4.5,under,100,prizepicks,190556,Kansas City Royals,Miami Marlins,2026-09-03T03:50:06.502059+00:00,2026-09-04T23:10:32.960998+00:00,2026-09-04T19:10:32.960998-04:00,2026-09-04T19:10:32.960998-04:00,propline_free_sample
2026-09-03,2026-09-03 23:40:00+00:00,Michael Wacha,7.5,over,100,prizepicks,190556,Kansas City Royals,Miami Marlins,2026-09-03T03:50:06.502059+00:00,2026-09-04T23:10:32.960998+00:00,2026-09-04T19:10:32.960998-04:00,2026-09-04T19:10:32.960998-04:00,propline_free_sample
2026-09-03,2026-09-03 23:40:00+00:00,Sandy Alcantara,7.5,over,100,prizepicks,190556,Kansas City Royals,Miami Marlins,2026-09-03T03:50:06.502059+00:00,2026-09-04T23:10:32.960998+00:00,2026-09-04T19:10:32.960998-04:00,2026-09-04T19:10:32.960998-04:00,propline_free_sample
2026-09-03,2026-09-03 23:40:00+00:00,Michael Wacha,8.5,over,100,prizepicks,190556,Kansas City Royals,Miami Marlins,2026-09-03T03:50:06.502059+00:00,2026-09-04T23:10:32.960998+00:00,2026-09-04T19:10:32.960998-04:00,2026-09-04T19:10:32.960998-04:00,propline_free_sample
2026-09-03,2026-09-03 23:40:00+00:00,Sandy Alcantara,2.5,over,100,prizepicks,190556,Kansas City Royals,Miami Marlins,2026-09-03T03:50:06.502059+00:00,2026-09-04T23:10:32.960998+00:00,2026-09-04T19:10:32.960998-04:00,2026-09-04T19:10:32.960998-04:00,propline_free_sample
2026-09-03,2026-09-03 23:40:00+00:00,Michael Wacha,4.5,over,100,prizepicks,190556,Kansas City Royals,Miami Marlins,2026-09-03T03:50:06.502059+00:00,2026-09-04T23:10:32.960998+00:00,2026-09-04T19:10:32.960998-04:00,2026-09-04T19:10:32.960998-04:00,propline_free_sample
2026-09-03,2026-09-03 23:40:00+00:00,Michael Wacha,4.5,over,-152,sleeper,190556,Kansas City Royals,Miami Marlins,2026-09-03T22:42:17.766846+00:00,2026-09-04T23:10:32.960998+00:00,2026-09-04T19:10:32.960998-04:00,2026-09-04T19:10:32.960998-04:00,propline_free_sample
2026-09-03,2026-09-03 23:40:00+00:00,Michael Wacha,4.5,under,-109,sleeper,190556,Kansas City Royals,Miami Marlins,2026-09-03T23:19:11.477955+00:00,2026-09-04T23:10:32.960998+00:00,2026-09-04T19:10:32.960998-04:00,2026-09-04T19:10:32.960998-04:00,propline_free_sample
2026-09-03,2026-09-03 23:40:00+00:00,Sandy Alcantara,3.5,over,-111,novig,190556,Kansas City Royals,Miami Marlins,2026-09-03T23:38:51.323966+00:00,2026-09-04T23:10:32.960998+00:00,2026-09-04T19:10:32.960998-04:00,2026-09-04T19:10:32.960998-04:00,propline_free_sample
2026-09-03,2026-09-03 23:40:00+00:00,Sandy Alcantara,3.5,under,104,novig,190556,Kansas City Royals,Miami Marlins,2026-09-03T23:28:17.254390+00:00,2026-09-04T23:10:32.960998+00:00,2026-09-04T19:10:32.960998-04:00,2026-09-04T19:10:32.960998-04:00,propline_free_sample
2026-09-03,2026-09-03 23:40:00+00:00,Michael Wacha,5.5,over,190,novig,190556,Kansas City Royals,Miami Marlins,2026-09-03T23:32:55.677571+00:00,2026-09-04T23:10:32.960998+00:00,2026-09-04T19:10:32.960998-04:00,2026-09-04T19:10:32.960998-04:00,propline_free_sample
2026-09-03,2026-09-03 23:40:00+00:00,Michael Wacha,5.5,under,-203,novig,190556,Kansas City Royals,Miami Marlins,2026-09-03T23:34:23.987530+00:00,2026-09-04T23:10:32.960998+00:00,2026-09-04T19:10:32.960998-04:00,2026-09-04T19:10:32.960998-04:00,propline_free_sample
2026-09-03,2026-09-03 23:40:00+00:00,Sandy Alcantara,1.5,over,-223,kalshi,190556,Kansas City Royals,Miami Marlins,2026-09-03T23:39:31.937711+00:00,2026-09-04T23:10:32.960998+00:00,2026-09-04T19:10:32.960998-04:00,2026-09-04T19:10:32.960998-04:00,propline_free_sample
2026-09-03,2026-09-03 23:40:00+00:00,Sandy Alcantara,1.5,under,9900,kalshi,190556,Kansas City Royals,Miami Marlins,2026-09-03T23:37:34.474551+00:00,2026-09-04T23:10:32.960998+00:00,2026-09-04T19:10:32.960998-04:00,2026-09-04T19:10:32.960998-04:00,propline_free_sample
2026-09-03,2026-09-03 23:40:00+00:00,Michael Wacha,2.5,over,-1150,kalshi,190556,Kansas City Royals,Miami Marlins,2026-09-03T23:16:07.507123+00:00,2026-09-04T23:10:32.960998+00:00,2026-09-04T19:10:32.960998-04:00,2026-09-04T19:10:32.960998-04:00,propline_free_sample
2026-09-03,2026-09-03 23:40:00+00:00,Sandy Alcantara,2.5,over,9900,kalshi,190556,Kansas City Royals,Miami Marlins,2026-09-03T23:39:31.937711+00:00,2026-09-04T23:10:32.960998+00:00,2026-09-04T19:10:32.960998-04:00,2026-09-04T19:10:32.960998-04:00,propline_free_sample
2026-09-03,2026-09-03 23:40:00+00:00,Michael Wacha,2.5,under,9900,kalshi,190556,Kansas City Royals,Miami Marlins,2026-09-03T23:37:34.474551+00:00,2026-09-04T23:10:32.960998+00:00,2026-09-04T19:10:32.960998-04:00,2026-09-04T19:10:32.960998-04:00,propline_free_sample
2026-09-03,2026-09-03 23:40:00+00:00,Sandy Alcantara,2.5,under,-900,kalshi,190556,Kansas City Royals,Miami Marlins,2026-09-03T23:37:34.474551+00:00,2026-09-04T23:10:32.960998+00:00,2026-09-04T19:10:32.960998-04:00,2026-09-04T19:10:32.960998-04:00,propline_free_sample
2026-09-03,2026-09-03 23:40:00+00:00,Michael Wacha,3.5,over,-3233,kalshi,190556,Kansas City Royals,Miami Marlins,2026-09-03T21:15:15.110804+00:00,2026-09-04T23:10:32.960998+00:00,2026-09-04T19:10:32.960998-04:00,2026-09-04T19:10:32.960998-04:00,propline_free_sample
2026-09-03,2026-09-03 23:40:00+00:00,Sandy Alcantara,3.5,over,9900,kalshi,190556,Kansas City Royals,Miami Marlins,2026-09-03T23:09:25.529840+00:00,2026-09-04T23:10:32.960998+00:00,2026-09-04T19:10:32.960998-04:00,2026-09-04T19:10:32.960998-04:00,propline_free_sample
2026-09-03,2026-09-03 23:40:00+00:00,Michael Wacha,3.5,under,9900,kalshi,190556,Kansas City Royals,Miami Marlins,2026-09-03T21:21:50.502668+00:00,2026-09-04T23:10:32.960998+00:00,2026-09-04T19:10:32.960998-04:00,2026-09-04T19:10:32.960998-04:00,propline_free_sample
2026-09-03,2026-09-03 23:40:00+00:00,Sandy Alcantara,3.5,under,-1150,kalshi,190556,Kansas City Royals,Miami Marlins,2026-09-03T23:37:34.474551+00:00,2026-09-04T23:10:32.960998+00:00,2026-09-04T19:10:32.960998-04:00,2026-09-04T19:10:32.960998-04:00,propline_free_sample
2026-09-03,2026-09-03 23:40:00+00:00,Michael Wacha,4.5,over,113,kalshi,190556,Kansas City Royals,Miami Marlins,2026-09-03T23:37:34.474551+00:00,2026-09-04T23:10:32.960998+00:00,2026-09-04T19:10:32.960998-04:00,2026-09-04T19:10:32.960998-04:00,propline_free_sample
2026-09-03,2026-09-03 23:40:00+00:00,Sandy Alcantara,4.5,over,9900,kalshi,190556,Kansas City Royals,Miami Marlins,2026-09-03T23:36:45.678213+00:00,2026-09-04T23:10:32.960998+00:00,2026-09-04T19:10:32.960998-04:00,2026-09-04T19:10:32.960998-04:00,propline_free_sample
2026-09-03,2026-09-03 23:40:00+00:00,Michael Wacha,4.5,under,9900,kalshi,190556,Kansas City Royals,Miami Marlins,2026-09-03T23:37:34.474551+00:00,2026-09-04T23:10:32.960998+00:00,2026-09-04T19:10:32.960998-04:00,2026-09-04T19:10:32.960998-04:00,propline_free_sample
2026-09-03,2026-09-03 23:40:00+00:00,Sandy Alcantara,4.5,under,-4900,kalshi,190556,Kansas City Royals,Miami Marlins,2026-09-03T23:37:12.227221+00:00,2026-09-04T23:10:32.960998+00:00,2026-09-04T19:10:32.960998-04:00,2026-09-04T19:10:32.960998-04:00,propline_free_sample
2026-09-03,2026-09-03 23:40:00+00:00,Michael Wacha,5.5,over,245,kalshi,190556,Kansas City Royals,Miami Marlins,2026-09-03T23:00:35.030143+00:00,2026-09-04T23:10:32.960998+00:00,2026-09-04T19:10:32.960998-04:00,2026-09-04T19:10:32.960998-04:00,propline_free_sample
2026-09-03,2026-09-03 23:40:00+00:00,Sandy Alcantara,5.5,over,9900,kalshi,190556,Kansas City Royals,Miami Marlins,2026-09-03T16:14:13.361808+00:00,2026-09-04T23:10:32.960998+00:00,2026-09-04T19:10:32.960998-04:00,2026-09-04T19:10:32.960998-04:00,propline_free_sample
2026-09-03,2026-09-03 23:40:00+00:00,Michael Wacha,5.5,under,9900,kalshi,190556,Kansas City Royals,Miami Marlins,2026-09-03T23:37:12.227221+00:00,2026-09-04T23:10:32.960998+00:00,2026-09-04T19:10:32.960998-04:00,2026-09-04T19:10:32.960998-04:00,propline_free_sample
2026-09-03,2026-09-03 23:40:00+00:00,Sandy Alcantara,5.5,under,-3233,kalshi,190556,Kansas City Royals,Miami Marlins,2026-09-03T16:11:57.299109+00:00,2026-09-04T23:10:32.960998+00:00,2026-09-04T19:10:32.960998-04:00,2026-09-04T19:10:32.960998-04:00,propline_free_sample
2026-09-03,2026-09-03 23:40:00+00:00,Michael Wacha,6.5,over,426,kalshi,190556,Kansas City Royals,Miami Marlins,2026-09-03T22:08:54.773451+00:00,2026-09-04T23:10:32.960998+00:00,2026-09-04T19:10:32.960998-04:00,2026-09-04T19:10:32.960998-04:00,propline_free_sample
2026-09-03,2026-09-03 23:40:00+00:00,Sandy Alcantara,6.5,over,9900,kalshi,190556,Kansas City Royals,Miami Marlins,2026-09-03T23:37:34.474551+00:00,2026-09-04T23:10:32.960998+00:00,2026-09-04T19:10:32.960998-04:00,2026-09-04T19:10:32.960998-04:00,propline_free_sample
2026-09-03,2026-09-03 23:40:00+00:00,Michael Wacha,6.5,under,9900,kalshi,190556,Kansas City Royals,Miami Marlins,2026-09-03T23:37:34.474551+00:00,2026-09-04T23:10:32.960998+00:00,2026-09-04T19:10:32.960998-04:00,2026-09-04T19:10:32.960998-04:00,propline_free_sample
2026-09-03,2026-09-03 23:40:00+00:00,Sandy Alcantara,6.5,under,-1900,kalshi,190556,Kansas City Royals,Miami Marlins,2026-09-03T23:37:34.474551+00:00,2026-09-04T23:10:32.960998+00:00,2026-09-04T19:10:32.960998-04:00,2026-09-04T19:10:32.960998-04:00,propline_free_sample
2026-09-03,2026-09-03 23:40:00+00:00,Michael Wacha,7.5,over,9900,kalshi,190556,Kansas City Royals,Miami Marlins,2026-09-03T22:14:11.834282+00:00,2026-09-04T23:10:32.960998+00:00,2026-09-04T19:10:32.960998-04:00,2026-09-04T19:10:32.960998-04:00,propline_free_sample
2026-09-03,2026-09-03 23:40:00+00:00,Sandy Alcantara,7.5,over,9900,kalshi,190556,Kansas City Royals,Miami Marlins,2026-09-03T14:02:32.125596+00:00,2026-09-04T23:10:32.960998+00:00,2026-09-04T19:10:32.960998-04:00,2026-09-04T19:10:32.960998-04:00,propline_free_sample
2026-09-03,2026-09-03 23:40:00+00:00,Michael Wacha,7.5,under,-1329,kalshi,190556,Kansas City Royals,Miami Marlins,2026-09-03T23:37:34.474551+00:00,2026-09-04T23:10:32.960998+00:00,2026-09-04T19:10:32.960998-04:00,2026-09-04T19:10:32.960998-04:00,propline_free_sample
2026-09-03,2026-09-03 23:40:00+00:00,Sandy Alcantara,7.5,under,-9900,kalshi,190556,Kansas City Royals,Miami Marlins,2026-09-03T23:37:34.474551+00:00,2026-09-04T23:10:32.960998+00:00,2026-09-04T19:10:32.960998-04:00,2026-09-04T19:10:32.960998-04:00,propline_free_sample
2026-09-03,2026-09-03 23:40:00+00:00,Michael Wacha,8.5,over,9900,kalshi,190556,Kansas City Royals,Miami Marlins,2026-09-03T20:01:01.339822+00:00,2026-09-04T23:10:32.960998+00:00,2026-09-04T19:10:32.960998-04:00,2026-09-04T19:10:32.960998-04:00,propline_free_sample
2026-09-03,2026-09-03 23:40:00+00:00,Michael Wacha,8.5,under,-4900,kalshi,190556,Kansas City Royals,Miami Marlins,2026-09-03T23:37:34.474551+00:00,2026-09-04T23:10:32.960998+00:00,2026-09-04T19:10:32.960998-04:00,2026-09-04T19:10:32.960998-04:00,propline_free_sample
2026-09-03,2026-09-03 23:40:00+00:00,Sandy Alcantara,6.5,under,100,prizepicks,190556,Kansas City Royals,Miami Marlins,2026-09-03T03:56:59.117757+00:00,2026-09-04T23:10:32.960998+00:00,2026-09-04T19:10:32.960998-04:00,2026-09-04T19:10:32.960998-04:00,propline_free_sample
2026-09-03,2026-09-03 23:40:00+00:00,Sandy Alcantara,5.5,under,100,prizepicks,190556,Kansas City Royals,Miami Marlins,2026-09-03T03:56:59.117757+00:00,2026-09-04T23:10:32.960998+00:00,2026-09-04T19:10:32.960998-04:00,2026-09-04T19:10:32.960998-04:00,propline_free_sample
2026-09-03,2026-09-03 23:40:00+00:00,Sandy Alcantara,2.5,under,100,prizepicks,190556,Kansas City Royals,Miami Marlins,2026-09-03T03:56:59.117757+00:00,2026-09-04T23:10:32.960998+00:00,2026-09-04T19:10:32.960998-04:00,2026-09-04T19:10:32.960998-04:00,propline_free_sample
2026-09-03,2026-09-03 23:40:00+00:00,Sandy Alcantara,4.5,over,190,novig,190556,Kansas City Royals,Miami Marlins,2026-09-03T22:49:02.522648+00:00,2026-09-04T23:10:32.960998+00:00,2026-09-04T19:10:32.960998-04:00,2026-09-04T19:10:32.960998-04:00,propline_free_sample
2026-09-03,2026-09-03 23:40:00+00:00,Sandy Alcantara,4.5,under,-223,novig,190556,Kansas City Royals,Miami Marlins,2026-09-03T20:46:11.619144+00:00,2026-09-04T23:10:32.960998+00:00,2026-09-04T19:10:32.960998-04:00,2026-09-04T19:10:32.960998-04:00,propline_free_sample
2026-09-03,2026-09-03 23:40:00+00:00,Michael Wacha,6.5,under,100,prizepicks,190556,Kansas City Royals,Miami Marlins,2026-09-03T04:04:04.432780+00:00,2026-09-04T23:10:32.960998+00:00,2026-09-04T19:10:32.960998-04:00,2026-09-04T19:10:32.960998-04:00,propline_free_sample
2026-09-03,2026-09-03 23:40:00+00:00,Michael Wacha,3.5,under,100,prizepicks,190556,Kansas City Royals,Miami Marlins,2026-09-03T04:04:04.432780+00:00,2026-09-04T23:10:32.960998+00:00,2026-09-04T19:10:32.960998-04:00,2026-09-04T19:10:32.960998-04:00,propline_free_sample
2026-09-03,2026-09-03 23:40:00+00:00,Michael Wacha,7.5,under,100,prizepicks,190556,Kansas City Royals,Miami Marlins,2026-09-03T04:04:04.432780+00:00,2026-09-04T23:10:32.960998+00:00,2026-09-04T19:10:32.960998-04:00,2026-09-04T19:10:32.960998-04:00,propline_free_sample
2026-09-03,2026-09-03 23:40:00+00:00,Michael Wacha,4.5,under,100,prizepicks,190556,Kansas City Royals,Miami Marlins,2026-09-03T04:04:04.432780+00:00,2026-09-04T23:10:32.960998+00:00,2026-09-04T19:10:32.960998-04:00,2026-09-04T19:10:32.960998-04:00,propline_free_sample
2026-09-03,2026-09-03 23:40:00+00:00,Michael Wacha,9.5,over,100,prizepicks,190556,Kansas City Royals,Miami Marlins,2026-09-03T04:04:04.432780+00:00,2026-09-04T23:10:32.960998+00:00,2026-09-04T19:10:32.960998-04:00,2026-09-04T19:10:32.960998-04:00,propline_free_sample
2026-09-03,2026-09-03 23:40:00+00:00,Michael Wacha,5.0,over,100,betr,190556,Kansas City Royals,Miami Marlins,2026-09-03T04:39:52.568851+00:00,2026-09-04T23:10:32.960998+00:00,2026-09-04T19:10:32.960998-04:00,2026-09-04T19:10:32.960998-04:00,propline_free_sample
2026-09-03,2026-09-03 23:40:00+00:00,Michael Wacha,5.0,under,100,betr,190556,Kansas City Royals,Miami Marlins,2026-09-03T04:39:52.568851+00:00,2026-09-04T23:10:32.960998+00:00,2026-09-04T19:10:32.960998-04:00,2026-09-04T19:10:32.960998-04:00,propline_free_sample
2026-09-03,2026-09-03 23:40:00+00:00,Michael Wacha,5.5,over,166,prophetx,190556,Kansas City Royals,Miami Marlins,2026-09-03T23:35:17.468649+00:00,2026-09-04T23:10:32.960998+00:00,2026-09-04T19:10:32.960998-04:00,2026-09-04T19:10:32.960998-04:00,propline_free_sample
