date,commence_time_utc,pitcher_name,line,side,price,sportsbook,event_id,home_team,away_team,vendor_snapshot_time,collected_at_utc,collected_at_et,snapshot_time_et,source
2026-08-30,2026-08-30 20:07:00+00:00,Yusei Kikuchi,5.5,over,-106,fanduel,176622,Los Angeles Angels,Philadelphia Phillies,2026-08-30T20:06:41.237462+00:00,2026-08-30T23:41:59.840435+00:00,2026-08-30T19:41:59.840435-04:00,2026-08-30T19:41:59.840435-04:00,propline_free_sample
2026-08-30,2026-08-30 20:07:00+00:00,Yusei Kikuchi,5.5,under,-120,fanduel,176622,Los Angeles Angels,Philadelphia Phillies,2026-08-30T20:06:41.237462+00:00,2026-08-30T23:41:59.840435+00:00,2026-08-30T19:41:59.840435-04:00,2026-08-30T19:41:59.840435-04:00,propline_free_sample
2026-08-30,2026-08-30 20:07:00+00:00,Zack Wheeler,7.5,over,102,fanduel,176622,Los Angeles Angels,Philadelphia Phillies,2026-08-30T20:06:41.237462+00:00,2026-08-30T23:41:59.840435+00:00,2026-08-30T19:41:59.840435-04:00,2026-08-30T19:41:59.840435-04:00,propline_free_sample
2026-08-30,2026-08-30 20:07:00+00:00,Zack Wheeler,7.5,under,-130,fanduel,176622,Los Angeles Angels,Philadelphia Phillies,2026-08-30T20:06:41.237462+00:00,2026-08-30T23:41:59.840435+00:00,2026-08-30T19:41:59.840435-04:00,2026-08-30T19:41:59.840435-04:00,propline_free_sample
2026-08-30,2026-08-30 20:07:00+00:00,Yusei Kikuchi (LAA),5.5,over,-115,bovada,176622,Los Angeles Angels,Philadelphia Phillies,2026-08-30T17:41:19.048943+00:00,2026-08-30T23:41:59.840435+00:00,2026-08-30T19:41:59.840435-04:00,2026-08-30T19:41:59.840435-04:00,propline_free_sample
2026-08-30,2026-08-30 20:07:00+00:00,Yusei Kikuchi (LAA),5.5,under,-115,bovada,176622,Los Angeles Angels,Philadelphia Phillies,2026-08-30T17:41:19.048943+00:00,2026-08-30T23:41:59.840435+00:00,2026-08-30T19:41:59.840435-04:00,2026-08-30T19:41:59.840435-04:00,propline_free_sample
2026-08-30,2026-08-30 20:07:00+00:00,Zack Wheeler (PHI),7.5,over,110,bovada,176622,Los Angeles Angels,Philadelphia Phillies,2026-08-30T18:28:57.341159+00:00,2026-08-30T23:41:59.840435+00:00,2026-08-30T19:41:59.840435-04:00,2026-08-30T19:41:59.840435-04:00,propline_free_sample
2026-08-30,2026-08-30 20:07:00+00:00,Zack Wheeler (PHI),7.5,under,-145,bovada,176622,Los Angeles Angels,Philadelphia Phillies,2026-08-30T18:28:57.341159+00:00,2026-08-30T23:41:59.840435+00:00,2026-08-30T19:41:59.840435-04:00,2026-08-30T19:41:59.840435-04:00,propline_free_sample
2026-08-30,2026-08-30 20:07:00+00:00,Yusei Kikuchi,5.5,over,100,prizepicks,176622,Los Angeles Angels,Philadelphia Phillies,2026-08-30T19:04:36.060275+00:00,2026-08-30T23:41:59.840435+00:00,2026-08-30T19:41:59.840435-04:00,2026-08-30T19:41:59.840435-04:00,propline_free_sample
2026-08-30,2026-08-30 20:07:00+00:00,Yusei Kikuchi,5.5,under,100,prizepicks,176622,Los Angeles Angels,Philadelphia Phillies,2026-08-30T19:04:36.060275+00:00,2026-08-30T23:41:59.840435+00:00,2026-08-30T19:41:59.840435-04:00,2026-08-30T19:41:59.840435-04:00,propline_free_sample
2026-08-30,2026-08-30 20:07:00+00:00,Yusei Kikuchi,6.5,over,100,prizepicks,176622,Los Angeles Angels,Philadelphia Phillies,2026-08-30T00:36:17.379745+00:00,2026-08-30T23:41:59.840435+00:00,2026-08-30T19:41:59.840435-04:00,2026-08-30T19:41:59.840435-04:00,propline_free_sample
2026-08-30,2026-08-30 20:07:00+00:00,Yusei Kikuchi,6.5,under,100,prizepicks,176622,Los Angeles Angels,Philadelphia Phillies,2026-08-30T00:36:17.379745+00:00,2026-08-30T23:41:59.840435+00:00,2026-08-30T19:41:59.840435-04:00,2026-08-30T19:41:59.840435-04:00,propline_free_sample
2026-08-30,2026-08-30 20:07:00+00:00,Yusei Kikuchi,7.5,over,100,prizepicks,176622,Los Angeles Angels,Philadelphia Phillies,2026-08-30T00:36:17.379745+00:00,2026-08-30T23:41:59.840435+00:00,2026-08-30T19:41:59.840435-04:00,2026-08-30T19:41:59.840435-04:00,propline_free_sample
2026-08-30,2026-08-30 20:07:00+00:00,Zack Wheeler,7.5,over,100,prizepicks,176622,Los Angeles Angels,Philadelphia Phillies,2026-08-30T00:36:17.379745+00:00,2026-08-30T23:41:59.840435+00:00,2026-08-30T19:41:59.840435-04:00,2026-08-30T19:41:59.840435-04:00,propline_free_sample
2026-08-30,2026-08-30 20:07:00+00:00,Yusei Kikuchi,7.5,under,100,prizepicks,176622,Los Angeles Angels,Philadelphia Phillies,2026-08-30T00:36:17.379745+00:00,2026-08-30T23:41:59.840435+00:00,2026-08-30T19:41:59.840435-04:00,2026-08-30T19:41:59.840435-04:00,propline_free_sample
2026-08-30,2026-08-30 20:07:00+00:00,Zack Wheeler,7.5,under,100,prizepicks,176622,Los Angeles Angels,Philadelphia Phillies,2026-08-30T00:36:17.379745+00:00,2026-08-30T23:41:59.840435+00:00,2026-08-30T19:41:59.840435-04:00,2026-08-30T19:41:59.840435-04:00,propline_free_sample
2026-08-30,2026-08-30 20:07:00+00:00,Zack Wheeler,8.5,over,100,prizepicks,176622,Los Angeles Angels,Philadelphia Phillies,2026-08-30T00:36:17.379745+00:00,2026-08-30T23:41:59.840435+00:00,2026-08-30T19:41:59.840435-04:00,2026-08-30T19:41:59.840435-04:00,propline_free_sample
2026-08-30,2026-08-30 20:07:00+00:00,Zack Wheeler,8.5,under,100,prizepicks,176622,Los Angeles Angels,Philadelphia Phillies,2026-08-30T00:36:17.379745+00:00,2026-08-30T23:41:59.840435+00:00,2026-08-30T19:41:59.840435-04:00,2026-08-30T19:41:59.840435-04:00,propline_free_sample
2026-08-30,2026-08-30 20:07:00+00:00,Zack Wheeler,9.5,over,100,prizepicks,176622,Los Angeles Angels,Philadelphia Phillies,2026-08-30T00:36:17.379745+00:00,2026-08-30T23:41:59.840435+00:00,2026-08-30T19:41:59.840435-04:00,2026-08-30T19:41:59.840435-04:00,propline_free_sample
2026-08-30,2026-08-30 20:07:00+00:00,Zack Wheeler,9.5,under,100,prizepicks,176622,Los Angeles Angels,Philadelphia Phillies,2026-08-30T00:36:17.379745+00:00,2026-08-30T23:41:59.840435+00:00,2026-08-30T19:41:59.840435-04:00,2026-08-30T19:41:59.840435-04:00,propline_free_sample
2026-08-30,2026-08-30 20:07:00+00:00,Yusei Kikuchi,3.5,over,100,prizepicks,176622,Los Angeles Angels,Philadelphia Phillies,2026-08-30T00:36:17.379745+00:00,2026-08-30T23:41:59.840435+00:00,2026-08-30T19:41:59.840435-04:00,2026-08-30T19:41:59.840435-04:00,propline_free_sample
2026-08-30,2026-08-30 20:07:00+00:00,Yusei Kikuchi,3.5,under,100,prizepicks,176622,Los Angeles Angels,Philadelphia Phillies,2026-08-30T00:36:17.379745+00:00,2026-08-30T23:41:59.840435+00:00,2026-08-30T19:41:59.840435-04:00,2026-08-30T19:41:59.840435-04:00,propline_free_sample
2026-08-30,2026-08-30 20:07:00+00:00,Yusei Kikuchi,4.5,over,100,prizepicks,176622,Los Angeles Angels,Philadelphia Phillies,2026-08-30T00:36:17.379745+00:00,2026-08-30T23:41:59.840435+00:00,2026-08-30T19:41:59.840435-04:00,2026-08-30T19:41:59.840435-04:00,propline_free_sample
2026-08-30,2026-08-30 20:07:00+00:00,Yusei Kikuchi,4.5,under,100,prizepicks,176622,Los Angeles Angels,Philadelphia Phillies,2026-08-30T00:36:17.379745+00:00,2026-08-30T23:41:59.840435+00:00,2026-08-30T19:41:59.840435-04:00,2026-08-30T19:41:59.840435-04:00,propline_free_sample
2026-08-30,2026-08-30 20:07:00+00:00,Zack Wheeler,5.5,over,100,prizepicks,176622,Los Angeles Angels,Philadelphia Phillies,2026-08-30T00:36:17.379745+00:00,2026-08-30T23:41:59.840435+00:00,2026-08-30T19:41:59.840435-04:00,2026-08-30T19:41:59.840435-04:00,propline_free_sample
2026-08-30,2026-08-30 20:07:00+00:00,Zack Wheeler,5.5,under,100,prizepicks,176622,Los Angeles Angels,Philadelphia Phillies,2026-08-30T00:36:17.379745+00:00,2026-08-30T23:41:59.840435+00:00,2026-08-30T19:41:59.840435-04:00,2026-08-30T19:41:59.840435-04:00,propline_free_sample
2026-08-30,2026-08-30 20:07:00+00:00,Zack Wheeler,6.5,over,100,prizepicks,176622,Los Angeles Angels,Philadelphia Phillies,2026-08-30T00:36:17.379745+00:00,2026-08-30T23:41:59.840435+00:00,2026-08-30T19:41:59.840435-04:00,2026-08-30T19:41:59.840435-04:00,propline_free_sample
2026-08-30,2026-08-30 20:07:00+00:00,Zack Wheeler,6.5,under,100,prizepicks,176622,Los Angeles Angels,Philadelphia Phillies,2026-08-30T00:36:17.379745+00:00,2026-08-30T23:41:59.840435+00:00,2026-08-30T19:41:59.840435-04:00,2026-08-30T19:41:59.840435-04:00,propline_free_sample
2026-08-30,2026-08-30 20:07:00+00:00,Yusei Kikuchi,5.5,over,-104,novig,176622,Los Angeles Angels,Philadelphia Phillies,2026-08-30T19:57:42.368226+00:00,2026-08-30T23:41:59.840435+00:00,2026-08-30T19:41:59.840435-04:00,2026-08-30T19:41:59.840435-04:00,propline_free_sample
2026-08-30,2026-08-30 20:07:00+00:00,Yusei Kikuchi,5.5,under,-111,novig,176622,Los Angeles Angels,Philadelphia Phillies,2026-08-30T20:06:36.448555+00:00,2026-08-30T23:41:59.840435+00:00,2026-08-30T19:41:59.840435-04:00,2026-08-30T19:41:59.840435-04:00,propline_free_sample
2026-08-30,2026-08-30 20:07:00+00:00,Yusei Kikuchi,8.5,over,100,prizepicks,176622,Los Angeles Angels,Philadelphia Phillies,2026-08-30T00:42:19.887007+00:00,2026-08-30T23:41:59.840435+00:00,2026-08-30T19:41:59.840435-04:00,2026-08-30T19:41:59.840435-04:00,propline_free_sample
2026-08-30,2026-08-30 20:07:00+00:00,Yusei Kikuchi,8.5,under,100,prizepicks,176622,Los Angeles Angels,Philadelphia Phillies,2026-08-30T00:42:19.887007+00:00,2026-08-30T23:41:59.840435+00:00,2026-08-30T19:41:59.840435-04:00,2026-08-30T19:41:59.840435-04:00,propline_free_sample
2026-08-30,2026-08-30 20:07:00+00:00,Yusei Kikuchi,9.5,over,100,prizepicks,176622,Los Angeles Angels,Philadelphia Phillies,2026-08-30T00:42:19.887007+00:00,2026-08-30T23:41:59.840435+00:00,2026-08-30T19:41:59.840435-04:00,2026-08-30T19:41:59.840435-04:00,propline_free_sample
2026-08-30,2026-08-30 20:07:00+00:00,Yusei Kikuchi,9.5,under,100,prizepicks,176622,Los Angeles Angels,Philadelphia Phillies,2026-08-30T00:42:19.887007+00:00,2026-08-30T23:41:59.840435+00:00,2026-08-30T19:41:59.840435-04:00,2026-08-30T19:41:59.840435-04:00,propline_free_sample
2026-08-30,2026-08-30 20:07:00+00:00,Yusei Kikuchi,5.5,over,-118,sleeper,176622,Los Angeles Angels,Philadelphia Phillies,2026-08-30T19:34:19.920589+00:00,2026-08-30T23:41:59.840435+00:00,2026-08-30T19:41:59.840435-04:00,2026-08-30T19:41:59.840435-04:00,propline_free_sample
2026-08-30,2026-08-30 20:07:00+00:00,Yusei Kikuchi,5.5,under,-139,sleeper,176622,Los Angeles Angels,Philadelphia Phillies,2026-08-30T19:06:40.097066+00:00,2026-08-30T23:41:59.840435+00:00,2026-08-30T19:41:59.840435-04:00,2026-08-30T19:41:59.840435-04:00,propline_free_sample
2026-08-30,2026-08-30 20:07:00+00:00,Zack Wheeler,4.5,over,100,prizepicks,176622,Los Angeles Angels,Philadelphia Phillies,2026-08-30T01:02:26.167354+00:00,2026-08-30T23:41:59.840435+00:00,2026-08-30T19:41:59.840435-04:00,2026-08-30T19:41:59.840435-04:00,propline_free_sample
2026-08-30,2026-08-30 20:07:00+00:00,Zack Wheeler,4.5,under,100,prizepicks,176622,Los Angeles Angels,Philadelphia Phillies,2026-08-30T01:02:26.167354+00:00,2026-08-30T23:41:59.840435+00:00,2026-08-30T19:41:59.840435-04:00,2026-08-30T19:41:59.840435-04:00,propline_free_sample
2026-08-30,2026-08-30 20:07:00+00:00,Zack Wheeler,11.5,over,100,prizepicks,176622,Los Angeles Angels,Philadelphia Phillies,2026-08-30T01:02:26.167354+00:00,2026-08-30T23:41:59.840435+00:00,2026-08-30T19:41:59.840435-04:00,2026-08-30T19:41:59.840435-04:00,propline_free_sample
2026-08-30,2026-08-30 20:07:00+00:00,Zack Wheeler,11.5,under,100,prizepicks,176622,Los Angeles Angels,Philadelphia Phillies,2026-08-30T01:02:26.167354+00:00,2026-08-30T23:41:59.840435+00:00,2026-08-30T19:41:59.840435-04:00,2026-08-30T19:41:59.840435-04:00,propline_free_sample
2026-08-30,2026-08-30 20:07:00+00:00,Zack Wheeler,7.5,over,100,novig,176622,Los Angeles Angels,Philadelphia Phillies,2026-08-30T20:03:21.010558+00:00,2026-08-30T23:41:59.840435+00:00,2026-08-30T19:41:59.840435-04:00,2026-08-30T19:41:59.840435-04:00,propline_free_sample
2026-08-30,2026-08-30 20:07:00+00:00,Zack Wheeler,7.5,under,-115,novig,176622,Los Angeles Angels,Philadelphia Phillies,2026-08-30T20:02:36.902168+00:00,2026-08-30T23:41:59.840435+00:00,2026-08-30T19:41:59.840435-04:00,2026-08-30T19:41:59.840435-04:00,propline_free_sample
2026-08-30,2026-08-30 20:07:00+00:00,Yusei Kikuchi,6.5,over,-160,fanatics,176622,Los Angeles Angels,Philadelphia Phillies,2026-08-30T19:57:58.935559+00:00,2026-08-30T23:41:59.840435+00:00,2026-08-30T19:41:59.840435-04:00,2026-08-30T19:41:59.840435-04:00,propline_free_sample
2026-08-30,2026-08-30 20:07:00+00:00,Yusei Kikuchi,6.5,under,120,fanatics,176622,Los Angeles Angels,Philadelphia Phillies,2026-08-30T19:57:58.935559+00:00,2026-08-30T23:41:59.840435+00:00,2026-08-30T19:41:59.840435-04:00,2026-08-30T19:41:59.840435-04:00,propline_free_sample
2026-08-30,2026-08-30 20:07:00+00:00,Zack Wheeler,5.5,over,105,fanatics,176622,Los Angeles Angels,Philadelphia Phillies,2026-08-30T20:03:31.437245+00:00,2026-08-30T23:41:59.840435+00:00,2026-08-30T19:41:59.840435-04:00,2026-08-30T19:41:59.840435-04:00,propline_free_sample
2026-08-30,2026-08-30 20:07:00+00:00,Zack Wheeler,5.5,under,-140,fanatics,176622,Los Angeles Angels,Philadelphia Phillies,2026-08-30T20:03:31.437245+00:00,2026-08-30T23:41:59.840435+00:00,2026-08-30T19:41:59.840435-04:00,2026-08-30T19:41:59.840435-04:00,propline_free_sample
2026-08-30,2026-08-30 20:07:00+00:00,Zack Wheeler,7.5,over,-112,sleeper,176622,Los Angeles Angels,Philadelphia Phillies,2026-08-30T20:04:44.632710+00:00,2026-08-30T23:41:59.840435+00:00,2026-08-30T19:41:59.840435-04:00,2026-08-30T19:41:59.840435-04:00,propline_free_sample
2026-08-30,2026-08-30 20:07:00+00:00,Zack Wheeler,7.5,under,-147,sleeper,176622,Los Angeles Angels,Philadelphia Phillies,2026-08-30T20:04:44.632710+00:00,2026-08-30T23:41:59.840435+00:00,2026-08-30T19:41:59.840435-04:00,2026-08-30T19:41:59.840435-04:00,propline_free_sample
2026-08-30,2026-08-30 20:07:00+00:00,Yusei Kikuchi,5.5,over,-108,underdog,176622,Los Angeles Angels,Philadelphia Phillies,2026-08-30T19:00:27.948171+00:00,2026-08-30T23:41:59.840435+00:00,2026-08-30T19:41:59.840435-04:00,2026-08-30T19:41:59.840435-04:00,propline_free_sample
2026-08-30,2026-08-30 20:07:00+00:00,Zack Wheeler,7.5,over,101,underdog,176622,Los Angeles Angels,Philadelphia Phillies,2026-08-30T20:02:56.448713+00:00,2026-08-30T23:41:59.840435+00:00,2026-08-30T19:41:59.840435-04:00,2026-08-30T19:41:59.840435-04:00,propline_free_sample
2026-08-30,2026-08-30 20:07:00+00:00,Yusei Kikuchi,5.5,under,-125,underdog,176622,Los Angeles Angels,Philadelphia Phillies,2026-08-30T19:00:27.948171+00:00,2026-08-30T23:41:59.840435+00:00,2026-08-30T19:41:59.840435-04:00,2026-08-30T19:41:59.840435-04:00,propline_free_sample
2026-08-30,2026-08-30 20:07:00+00:00,Zack Wheeler,7.5,under,-137,underdog,176622,Los Angeles Angels,Philadelphia Phillies,2026-08-30T20:02:56.448713+00:00,2026-08-30T23:41:59.840435+00:00,2026-08-30T19:41:59.840435-04:00,2026-08-30T19:41:59.840435-04:00,propline_free_sample
2026-08-30,2026-08-30 20:07:00+00:00,Yusei Kikuchi,5.5,over,100,prizepicks,176622,Los Angeles Angels,Philadelphia Phillies,2026-08-30T04:03:58.723389+00:00,2026-08-30T23:41:59.840435+00:00,2026-08-30T19:41:59.840435-04:00,2026-08-30T19:41:59.840435-04:00,propline_free_sample
2026-08-30,2026-08-30 20:07:00+00:00,Yusei Kikuchi,5.5,under,100,prizepicks,176622,Los Angeles Angels,Philadelphia Phillies,2026-08-30T04:03:58.723389+00:00,2026-08-30T23:41:59.840435+00:00,2026-08-30T19:41:59.840435-04:00,2026-08-30T19:41:59.840435-04:00,propline_free_sample
2026-08-30,2026-08-30 20:07:00+00:00,Yusei Kikuchi,5.5,over,117,dabble,176622,Los Angeles Angels,Philadelphia Phillies,2026-08-30T17:39:15.722544+00:00,2026-08-30T23:41:59.840435+00:00,2026-08-30T19:41:59.840435-04:00,2026-08-30T19:41:59.840435-04:00,propline_free_sample
2026-08-30,2026-08-30 20:07:00+00:00,Zack Wheeler,7.5,over,-120,dabble,176622,Los Angeles Angels,Philadelphia Phillies,2026-08-30T17:37:11.069987+00:00,2026-08-30T23:41:59.840435+00:00,2026-08-30T19:41:59.840435-04:00,2026-08-30T19:41:59.840435-04:00,propline_free_sample
2026-08-30,2026-08-30 20:07:00+00:00,Yusei Kikuchi,5.5,under,-115,dabble,176622,Los Angeles Angels,Philadelphia Phillies,2026-08-30T19:28:22.382524+00:00,2026-08-30T23:41:59.840435+00:00,2026-08-30T19:41:59.840435-04:00,2026-08-30T19:41:59.840435-04:00,propline_free_sample
2026-08-30,2026-08-30 20:07:00+00:00,Zack Wheeler,7.5,under,120,dabble,176622,Los Angeles Angels,Philadelphia Phillies,2026-08-30T17:37:11.069987+00:00,2026-08-30T23:41:59.840435+00:00,2026-08-30T19:41:59.840435-04:00,2026-08-30T19:41:59.840435-04:00,propline_free_sample
2026-08-30,2026-08-30 20:07:00+00:00,Yusei Kikuchi,5.5,over,-102,smarkets,176622,Los Angeles Angels,Philadelphia Phillies,2026-08-30T17:46:00.042011+00:00,2026-08-30T23:41:59.840435+00:00,2026-08-30T19:41:59.840435-04:00,2026-08-30T19:41:59.840435-04:00,propline_free_sample
2026-08-30,2026-08-30 20:07:00+00:00,Yusei Kikuchi,5.5,under,-137,smarkets,176622,Los Angeles Angels,Philadelphia Phillies,2026-08-30T17:46:00.042011+00:00,2026-08-30T23:41:59.840435+00:00,2026-08-30T19:41:59.840435-04:00,2026-08-30T19:41:59.840435-04:00,propline_free_sample
2026-08-30,2026-08-30 20:07:00+00:00,Zack Wheeler,7.5,over,-104,smarkets,176622,Los Angeles Angels,Philadelphia Phillies,2026-08-30T17:54:11.693751+00:00,2026-08-30T23:41:59.840435+00:00,2026-08-30T19:41:59.840435-04:00,2026-08-30T19:41:59.840435-04:00,propline_free_sample
2026-08-30,2026-08-30 20:07:00+00:00,Zack Wheeler,7.5,under,-133,smarkets,176622,Los Angeles Angels,Philadelphia Phillies,2026-08-30T19:26:39.504470+00:00,2026-08-30T23:41:59.840435+00:00,2026-08-30T19:41:59.840435-04:00,2026-08-30T19:41:59.840435-04:00,propline_free_sample
2026-08-30,2026-08-30 20:07:00+00:00,Yusei Kikuchi,4.5,over,-270,novig,176622,Los Angeles Angels,Philadelphia Phillies,2026-08-30T19:53:36.771081+00:00,2026-08-30T23:41:59.840435+00:00,2026-08-30T19:41:59.840435-04:00,2026-08-30T19:41:59.840435-04:00,propline_free_sample
2026-08-30,2026-08-30 20:07:00+00:00,Yusei Kikuchi,4.5,under,138,novig,176622,Los Angeles Angels,Philadelphia Phillies,2026-08-30T20:06:36.448555+00:00,2026-08-30T23:41:59.840435+00:00,2026-08-30T19:41:59.840435-04:00,2026-08-30T19:41:59.840435-04:00,propline_free_sample
2026-08-30,2026-08-30 20:07:00+00:00,Yusei Kikuchi,6.5,over,190,novig,176622,Los Angeles Angels,Philadelphia Phillies,2026-08-30T19:51:02.717765+00:00,2026-08-30T23:41:59.840435+00:00,2026-08-30T19:41:59.840435-04:00,2026-08-30T19:41:59.840435-04:00,propline_free_sample
2026-08-30,2026-08-30 20:07:00+00:00,Yusei Kikuchi,6.5,under,-292,novig,176622,Los Angeles Angels,Philadelphia Phillies,2026-08-30T20:06:36.448555+00:00,2026-08-30T23:41:59.840435+00:00,2026-08-30T19:41:59.840435-04:00,2026-08-30T19:41:59.840435-04:00,propline_free_sample
2026-08-30,2026-08-30 20:07:00+00:00,Zack Wheeler,6.5,over,-186,novig,176622,Los Angeles Angels,Philadelphia Phillies,2026-08-30T20:06:36.448555+00:00,2026-08-30T23:41:59.840435+00:00,2026-08-30T19:41:59.840435-04:00,2026-08-30T19:41:59.840435-04:00,propline_free_sample
2026-08-30,2026-08-30 20:07:00+00:00,Zack Wheeler,6.5,under,153,novig,176622,Los Angeles Angels,Philadelphia Phillies,2026-08-30T20:06:36.448555+00:00,2026-08-30T23:41:59.840435+00:00,2026-08-30T19:41:59.840435-04:00,2026-08-30T19:41:59.840435-04:00,propline_free_sample
2026-08-30,2026-08-30 20:07:00+00:00,Zack Wheeler,8.5,over,208,novig,176622,Los Angeles Angels,Philadelphia Phillies,2026-08-30T20:06:36.448555+00:00,2026-08-30T23:41:59.840435+00:00,2026-08-30T19:41:59.840435-04:00,2026-08-30T19:41:59.840435-04:00,propline_free_sample
2026-08-30,2026-08-30 20:07:00+00:00,Zack Wheeler,8.5,under,-233,novig,176622,Los Angeles Angels,Philadelphia Phillies,2026-08-30T20:01:44.047947+00:00,2026-08-30T23:41:59.840435+00:00,2026-08-30T19:41:59.840435-04:00,2026-08-30T19:41:59.840435-04:00,propline_free_sample
2026-08-30,2026-08-30 20:07:00+00:00,Yusei Kikuchi,5.5,over,-114,draftkings,176622,Los Angeles Angels,Philadelphia Phillies,2026-08-30T18:28:59.466835+00:00,2026-08-30T23:41:59.840435+00:00,2026-08-30T19:41:59.840435-04:00,2026-08-30T19:41:59.840435-04:00,propline_free_sample
2026-08-30,2026-08-30 20:07:00+00:00,Yusei Kikuchi,5.5,under,-111,draftkings,176622,Los Angeles Angels,Philadelphia Phillies,2026-08-30T18:28:59.466835+00:00,2026-08-30T23:41:59.840435+00:00,2026-08-30T19:41:59.840435-04:00,2026-08-30T19:41:59.840435-04:00,propline_free_sample
2026-08-30,2026-08-30 20:07:00+00:00,Zack Wheeler,7.5,over,-108,draftkings,176622,Los Angeles Angels,Philadelphia Phillies,2026-08-30T18:28:59.466835+00:00,2026-08-30T23:41:59.840435+00:00,2026-08-30T19:41:59.840435-04:00,2026-08-30T19:41:59.840435-04:00,propline_free_sample
2026-08-30,2026-08-30 20:07:00+00:00,Zack Wheeler,7.5,under,-118,draftkings,176622,Los Angeles Angels,Philadelphia Phillies,2026-08-30T18:28:59.466835+00:00,2026-08-30T23:41:59.840435+00:00,2026-08-30T19:41:59.840435-04:00,2026-08-30T19:41:59.840435-04:00,propline_free_sample
2026-08-30,2026-08-30 20:07:00+00:00,Yusei Kikuchi,5.5,over,101,prophetx,176622,Los Angeles Angels,Philadelphia Phillies,2026-08-30T20:01:20.603985+00:00,2026-08-30T23:41:59.840435+00:00,2026-08-30T19:41:59.840435-04:00,2026-08-30T19:41:59.840435-04:00,propline_free_sample
2026-08-30,2026-08-30 20:07:00+00:00,Yusei Kikuchi,5.5,under,-107,prophetx,176622,Los Angeles Angels,Philadelphia Phillies,2026-08-30T20:06:57.601627+00:00,2026-08-30T23:41:59.840435+00:00,2026-08-30T19:41:59.840435-04:00,2026-08-30T19:41:59.840435-04:00,propline_free_sample
2026-08-30,2026-08-30 20:07:00+00:00,Zack Wheeler,7.5,over,-101,prophetx,176622,Los Angeles Angels,Philadelphia Phillies,2026-08-30T20:06:57.601627+00:00,2026-08-30T23:41:59.840435+00:00,2026-08-30T19:41:59.840435-04:00,2026-08-30T19:41:59.840435-04:00,propline_free_sample
2026-08-30,2026-08-30 20:07:00+00:00,Zack Wheeler,7.5,under,-111,prophetx,176622,Los Angeles Angels,Philadelphia Phillies,2026-08-30T20:05:12.406098+00:00,2026-08-30T23:41:59.840435+00:00,2026-08-30T19:41:59.840435-04:00,2026-08-30T19:41:59.840435-04:00,propline_free_sample
2026-08-30,2026-08-30 20:07:00+00:00,Yusei Kikuchi,5.5,over,100,onexbet,176622,Los Angeles Angels,Philadelphia Phillies,2026-08-30T18:58:37.846860+00:00,2026-08-30T23:41:59.840435+00:00,2026-08-30T19:41:59.840435-04:00,2026-08-30T19:41:59.840435-04:00,propline_free_sample
2026-08-30,2026-08-30 20:07:00+00:00,Zach Wheeler,7.5,over,100,onexbet,176622,Los Angeles Angels,Philadelphia Phillies,2026-08-30T18:58:37.846860+00:00,2026-08-30T23:41:59.840435+00:00,2026-08-30T19:41:59.840435-04:00,2026-08-30T19:41:59.840435-04:00,propline_free_sample
2026-08-30,2026-08-30 20:07:00+00:00,Yusei Kikuchi,5.5,under,-135,onexbet,176622,Los Angeles Angels,Philadelphia Phillies,2026-08-30T18:58:37.846860+00:00,2026-08-30T23:41:59.840435+00:00,2026-08-30T19:41:59.840435-04:00,2026-08-30T19:41:59.840435-04:00,propline_free_sample
2026-08-30,2026-08-30 20:07:00+00:00,Zach Wheeler,7.5,under,-135,onexbet,176622,Los Angeles Angels,Philadelphia Phillies,2026-08-30T18:58:37.846860+00:00,2026-08-30T23:41:59.840435+00:00,2026-08-30T19:41:59.840435-04:00,2026-08-30T19:41:59.840435-04:00,propline_free_sample
2026-08-30,2026-08-30 20:07:00+00:00,Zack Wheeler,10.5,over,9900,kalshi,176622,Los Angeles Angels,Philadelphia Phillies,2026-08-30T19:59:30.501311+00:00,2026-08-30T23:41:59.840435+00:00,2026-08-30T19:41:59.840435-04:00,2026-08-30T19:41:59.840435-04:00,propline_free_sample
2026-08-30,2026-08-30 20:07:00+00:00,Zack Wheeler,10.5,under,-1900,kalshi,176622,Los Angeles Angels,Philadelphia Phillies,2026-08-30T20:03:56.536510+00:00,2026-08-30T23:41:59.840435+00:00,2026-08-30T19:41:59.840435-04:00,2026-08-30T19:41:59.840435-04:00,propline_free_sample
2026-08-30,2026-08-30 20:07:00+00:00,Zack Wheeler,11.5,over,9900,kalshi,176622,Los Angeles Angels,Philadelphia Phillies,2026-08-30T19:57:59.384367+00:00,2026-08-30T23:41:59.840435+00:00,2026-08-30T19:41:59.840435-04:00,2026-08-30T19:41:59.840435-04:00,propline_free_sample
2026-08-30,2026-08-30 20:07:00+00:00,Zack Wheeler,11.5,under,-9900,kalshi,176622,Los Angeles Angels,Philadelphia Phillies,2026-08-30T20:00:58.773285+00:00,2026-08-30T23:41:59.840435+00:00,2026-08-30T19:41:59.840435-04:00,2026-08-30T19:41:59.840435-04:00,propline_free_sample
2026-08-30,2026-08-30 20:07:00+00:00,Yusei Kikuchi,2.5,over,-3233,kalshi,176622,Los Angeles Angels,Philadelphia Phillies,2026-08-30T18:58:51.239036+00:00,2026-08-30T23:41:59.840435+00:00,2026-08-30T19:41:59.840435-04:00,2026-08-30T19:41:59.840435-04:00,propline_free_sample
2026-08-30,2026-08-30 20:07:00+00:00,Yusei Kikuchi,2.5,under,9900,kalshi,176622,Los Angeles Angels,Philadelphia Phillies,2026-08-30T20:03:56.536510+00:00,2026-08-30T23:41:59.840435+00:00,2026-08-30T19:41:59.840435-04:00,2026-08-30T19:41:59.840435-04:00,propline_free_sample
2026-08-30,2026-08-30 20:07:00+00:00,Yusei Kikuchi,3.5,over,-4900,kalshi,176622,Los Angeles Angels,Philadelphia Phillies,2026-08-30T17:57:39.122434+00:00,2026-08-30T23:41:59.840435+00:00,2026-08-30T19:41:59.840435-04:00,2026-08-30T19:41:59.840435-04:00,propline_free_sample
2026-08-30,2026-08-30 20:07:00+00:00,Zack Wheeler,3.5,over,-9900,kalshi,176622,Los Angeles Angels,Philadelphia Phillies,2026-08-30T18:04:50.320144+00:00,2026-08-30T23:41:59.840435+00:00,2026-08-30T19:41:59.840435-04:00,2026-08-30T19:41:59.840435-04:00,propline_free_sample
2026-08-30,2026-08-30 20:07:00+00:00,Yusei Kikuchi,3.5,under,9900,kalshi,176622,Los Angeles Angels,Philadelphia Phillies,2026-08-30T18:04:50.320144+00:00,2026-08-30T23:41:59.840435+00:00,2026-08-30T19:41:59.840435-04:00,2026-08-30T19:41:59.840435-04:00,propline_free_sample
2026-08-30,2026-08-30 20:07:00+00:00,Zack Wheeler,3.5,under,9900,kalshi,176622,Los Angeles Angels,Philadelphia Phillies,2026-08-30T18:04:50.320144+00:00,2026-08-30T23:41:59.840435+00:00,2026-08-30T19:41:59.840435-04:00,2026-08-30T19:41:59.840435-04:00,propline_free_sample
2026-08-30,2026-08-30 20:07:00+00:00,Yusei Kikuchi,4.5,over,-3233,kalshi,176622,Los Angeles Angels,Philadelphia Phillies,2026-08-30T18:39:56.674272+00:00,2026-08-30T23:41:59.840435+00:00,2026-08-30T19:41:59.840435-04:00,2026-08-30T19:41:59.840435-04:00,propline_free_sample
2026-08-30,2026-08-30 20:07:00+00:00,Zack Wheeler,4.5,over,-1900,kalshi,176622,Los Angeles Angels,Philadelphia Phillies,2026-08-30T15:53:03.047858+00:00,2026-08-30T23:41:59.840435+00:00,2026-08-30T19:41:59.840435-04:00,2026-08-30T19:41:59.840435-04:00,propline_free_sample
2026-08-30,2026-08-30 20:07:00+00:00,Yusei Kikuchi,4.5,under,9900,kalshi,176622,Los Angeles Angels,Philadelphia Phillies,2026-08-30T18:39:56.674272+00:00,2026-08-30T23:41:59.840435+00:00,2026-08-30T19:41:59.840435-04:00,2026-08-30T19:41:59.840435-04:00,propline_free_sample
2026-08-30,2026-08-30 20:07:00+00:00,Zack Wheeler,4.5,under,9900,kalshi,176622,Los Angeles Angels,Philadelphia Phillies,2026-08-30T13:32:23.309835+00:00,2026-08-30T23:41:59.840435+00:00,2026-08-30T19:41:59.840435-04:00,2026-08-30T19:41:59.840435-04:00,propline_free_sample
2026-08-30,2026-08-30 20:07:00+00:00,Yusei Kikuchi,5.5,over,-285,kalshi,176622,Los Angeles Angels,Philadelphia Phillies,2026-08-30T18:36:14.050139+00:00,2026-08-30T23:41:59.840435+00:00,2026-08-30T19:41:59.840435-04:00,2026-08-30T19:41:59.840435-04:00,propline_free_sample
2026-08-30,2026-08-30 20:07:00+00:00,Zack Wheeler,5.5,over,-567,kalshi,176622,Los Angeles Angels,Philadelphia Phillies,2026-08-30T19:04:07.535683+00:00,2026-08-30T23:41:59.840435+00:00,2026-08-30T19:41:59.840435-04:00,2026-08-30T19:41:59.840435-04:00,propline_free_sample
2026-08-30,2026-08-30 20:07:00+00:00,Yusei Kikuchi,5.5,under,9900,kalshi,176622,Los Angeles Angels,Philadelphia Phillies,2026-08-30T18:36:14.050139+00:00,2026-08-30T23:41:59.840435+00:00,2026-08-30T19:41:59.840435-04:00,2026-08-30T19:41:59.840435-04:00,propline_free_sample
2026-08-30,2026-08-30 20:07:00+00:00,Zack Wheeler,5.5,under,9900,kalshi,176622,Los Angeles Angels,Philadelphia Phillies,2026-08-30T20:03:56.536510+00:00,2026-08-30T23:41:59.840435+00:00,2026-08-30T19:41:59.840435-04:00,2026-08-30T19:41:59.840435-04:00,propline_free_sample
2026-08-30,2026-08-30 20:07:00+00:00,Yusei Kikuchi,6.5,over,9900,kalshi,176622,Los Angeles Angels,Philadelphia Phillies,2026-08-30T20:03:56.536510+00:00,2026-08-30T23:41:59.840435+00:00,2026-08-30T19:41:59.840435-04:00,2026-08-30T19:41:59.840435-04:00,propline_free_sample
2026-08-30,2026-08-30 20:07:00+00:00,Zack Wheeler,6.5,over,9900,kalshi,176622,Los Angeles Angels,Philadelphia Phillies,2026-08-30T19:32:09.652539+00:00,2026-08-30T23:41:59.840435+00:00,2026-08-30T19:41:59.840435-04:00,2026-08-30T19:41:59.840435-04:00,propline_free_sample
2026-08-30,2026-08-30 20:07:00+00:00,Yusei Kikuchi,6.5,under,-1567,kalshi,176622,Los Angeles Angels,Philadelphia Phillies,2026-08-30T20:03:56.536510+00:00,2026-08-30T23:41:59.840435+00:00,2026-08-30T19:41:59.840435-04:00,2026-08-30T19:41:59.840435-04:00,propline_free_sample
2026-08-30,2026-08-30 20:07:00+00:00,Zack Wheeler,6.5,under,-4900,kalshi,176622,Los Angeles Angels,Philadelphia Phillies,2026-08-30T19:32:09.652539+00:00,2026-08-30T23:41:59.840435+00:00,2026-08-30T19:41:59.840435-04:00,2026-08-30T19:41:59.840435-04:00,propline_free_sample
2026-08-30,2026-08-30 20:07:00+00:00,Yusei Kikuchi,7.5,over,9900,kalshi,176622,Los Angeles Angels,Philadelphia Phillies,2026-08-30T20:03:56.536510+00:00,2026-08-30T23:41:59.840435+00:00,2026-08-30T19:41:59.840435-04:00,2026-08-30T19:41:59.840435-04:00,propline_free_sample
2026-08-30,2026-08-30 20:07:00+00:00,Zack Wheeler,7.5,over,9900,kalshi,176622,Los Angeles Angels,Philadelphia Phillies,2026-08-30T20:03:56.536510+00:00,2026-08-30T23:41:59.840435+00:00,2026-08-30T19:41:59.840435-04:00,2026-08-30T19:41:59.840435-04:00,propline_free_sample
2026-08-30,2026-08-30 20:07:00+00:00,Yusei Kikuchi,7.5,under,-9900,kalshi,176622,Los Angeles Angels,Philadelphia Phillies,2026-08-30T20:05:28.436404+00:00,2026-08-30T23:41:59.840435+00:00,2026-08-30T19:41:59.840435-04:00,2026-08-30T19:41:59.840435-04:00,propline_free_sample
2026-08-30,2026-08-30 20:07:00+00:00,Zack Wheeler,7.5,under,-9900,kalshi,176622,Los Angeles Angels,Philadelphia Phillies,2026-08-30T20:03:56.536510+00:00,2026-08-30T23:41:59.840435+00:00,2026-08-30T19:41:59.840435-04:00,2026-08-30T19:41:59.840435-04:00,propline_free_sample
2026-08-30,2026-08-30 20:07:00+00:00,Yusei Kikuchi,8.5,over,9900,kalshi,176622,Los Angeles Angels,Philadelphia Phillies,2026-08-30T20:03:56.536510+00:00,2026-08-30T23:41:59.840435+00:00,2026-08-30T19:41:59.840435-04:00,2026-08-30T19:41:59.840435-04:00,propline_free_sample
2026-08-30,2026-08-30 20:07:00+00:00,Zack Wheeler,8.5,over,9900,kalshi,176622,Los Angeles Angels,Philadelphia Phillies,2026-08-30T19:27:04.931470+00:00,2026-08-30T23:41:59.840435+00:00,2026-08-30T19:41:59.840435-04:00,2026-08-30T19:41:59.840435-04:00,propline_free_sample
2026-08-30,2026-08-30 20:07:00+00:00,Yusei Kikuchi,8.5,under,-9900,kalshi,176622,Los Angeles Angels,Philadelphia Phillies,2026-08-30T20:05:28.436404+00:00,2026-08-30T23:41:59.840435+00:00,2026-08-30T19:41:59.840435-04:00,2026-08-30T19:41:59.840435-04:00,propline_free_sample
2026-08-30,2026-08-30 20:07:00+00:00,Zack Wheeler,8.5,under,-9900,kalshi,176622,Los Angeles Angels,Philadelphia Phillies,2026-08-30T19:27:04.931470+00:00,2026-08-30T23:41:59.840435+00:00,2026-08-30T19:41:59.840435-04:00,2026-08-30T19:41:59.840435-04:00,propline_free_sample
2026-08-30,2026-08-30 20:07:00+00:00,Yusei Kikuchi,9.5,over,9900,kalshi,176622,Los Angeles Angels,Philadelphia Phillies,2026-08-30T19:07:39.998076+00:00,2026-08-30T23:41:59.840435+00:00,2026-08-30T19:41:59.840435-04:00,2026-08-30T19:41:59.840435-04:00,propline_free_sample
2026-08-30,2026-08-30 20:07:00+00:00,Zack Wheeler,9.5,over,9900,kalshi,176622,Los Angeles Angels,Philadelphia Phillies,2026-08-30T18:39:56.674272+00:00,2026-08-30T23:41:59.840435+00:00,2026-08-30T19:41:59.840435-04:00,2026-08-30T19:41:59.840435-04:00,propline_free_sample
2026-08-30,2026-08-30 20:07:00+00:00,Yusei Kikuchi,9.5,under,-2400,kalshi,176622,Los Angeles Angels,Philadelphia Phillies,2026-08-30T19:07:39.998076+00:00,2026-08-30T23:41:59.840435+00:00,2026-08-30T19:41:59.840435-04:00,2026-08-30T19:41:59.840435-04:00,propline_free_sample
2026-08-30,2026-08-30 20:07:00+00:00,Zack Wheeler,9.5,under,-4900,kalshi,176622,Los Angeles Angels,Philadelphia Phillies,2026-08-30T18:51:04.809949+00:00,2026-08-30T23:41:59.840435+00:00,2026-08-30T19:41:59.840435-04:00,2026-08-30T19:41:59.840435-04:00,propline_free_sample
2026-08-30,2026-08-30 20:07:00+00:00,Yusei Kikuchi,5.5,over,-103,pinnacle,176622,Los Angeles Angels,Philadelphia Phillies,2026-08-30T18:58:26.131193+00:00,2026-08-30T23:41:59.840435+00:00,2026-08-30T19:41:59.840435-04:00,2026-08-30T19:41:59.840435-04:00,propline_free_sample
2026-08-30,2026-08-30 20:07:00+00:00,Yusei Kikuchi,5.5,under,-129,pinnacle,176622,Los Angeles Angels,Philadelphia Phillies,2026-08-30T18:58:26.131193+00:00,2026-08-30T23:41:59.840435+00:00,2026-08-30T19:41:59.840435-04:00,2026-08-30T19:41:59.840435-04:00,propline_free_sample
2026-08-30,2026-08-30 20:07:00+00:00,Zack Wheeler,7.5,over,-120,pinnacle,176622,Los Angeles Angels,Philadelphia Phillies,2026-08-30T19:59:09.151395+00:00,2026-08-30T23:41:59.840435+00:00,2026-08-30T19:41:59.840435-04:00,2026-08-30T19:41:59.840435-04:00,propline_free_sample
2026-08-30,2026-08-30 20:07:00+00:00,Zack Wheeler,7.5,under,-110,pinnacle,176622,Los Angeles Angels,Philadelphia Phillies,2026-08-30T19:59:09.151395+00:00,2026-08-30T23:41:59.840435+00:00,2026-08-30T19:41:59.840435-04:00,2026-08-30T19:41:59.840435-04:00,propline_free_sample
2026-08-30,2026-08-30 20:07:00+00:00,Yusei Kikuchi,5.5,over,100,betr,176622,Los Angeles Angels,Philadelphia Phillies,2026-08-30T17:33:25.891005+00:00,2026-08-30T23:41:59.840435+00:00,2026-08-30T19:41:59.840435-04:00,2026-08-30T19:41:59.840435-04:00,propline_free_sample
2026-08-30,2026-08-30 20:07:00+00:00,Zack Wheeler,7.0,over,100,betr,176622,Los Angeles Angels,Philadelphia Phillies,2026-08-30T05:50:35.521522+00:00,2026-08-30T23:41:59.840435+00:00,2026-08-30T19:41:59.840435-04:00,2026-08-30T19:41:59.840435-04:00,propline_free_sample
2026-08-30,2026-08-30 20:07:00+00:00,Yusei Kikuchi,5.5,under,100,betr,176622,Los Angeles Angels,Philadelphia Phillies,2026-08-30T17:33:25.891005+00:00,2026-08-30T23:41:59.840435+00:00,2026-08-30T19:41:59.840435-04:00,2026-08-30T19:41:59.840435-04:00,propline_free_sample
2026-08-30,2026-08-30 20:07:00+00:00,Zack Wheeler,7.0,under,100,betr,176622,Los Angeles Angels,Philadelphia Phillies,2026-08-30T05:50:35.521522+00:00,2026-08-30T23:41:59.840435+00:00,2026-08-30T19:41:59.840435-04:00,2026-08-30T19:41:59.840435-04:00,propline_free_sample
2026-08-30,2026-08-30 20:07:00+00:00,Yusei Kikuchi,5.5,over,-101,rebet,176622,Los Angeles Angels,Philadelphia Phillies,2026-08-30T18:42:35.999137+00:00,2026-08-30T23:41:59.840435+00:00,2026-08-30T19:41:59.840435-04:00,2026-08-30T19:41:59.840435-04:00,propline_free_sample
2026-08-30,2026-08-30 20:07:00+00:00,Yusei Kikuchi,5.5,under,-136,rebet,176622,Los Angeles Angels,Philadelphia Phillies,2026-08-30T18:42:35.999137+00:00,2026-08-30T23:41:59.840435+00:00,2026-08-30T19:41:59.840435-04:00,2026-08-30T19:41:59.840435-04:00,propline_free_sample
2026-08-30,2026-08-30 20:07:00+00:00,Zack Wheeler,7.5,over,-115,rebet,176622,Los Angeles Angels,Philadelphia Phillies,2026-08-30T20:01:17.043709+00:00,2026-08-30T23:41:59.840435+00:00,2026-08-30T19:41:59.840435-04:00,2026-08-30T19:41:59.840435-04:00,propline_free_sample
2026-08-30,2026-08-30 20:07:00+00:00,Zack Wheeler,7.5,under,-120,rebet,176622,Los Angeles Angels,Philadelphia Phillies,2026-08-30T20:01:17.043709+00:00,2026-08-30T23:41:59.840435+00:00,2026-08-30T19:41:59.840435-04:00,2026-08-30T19:41:59.840435-04:00,propline_free_sample
2026-08-30,2026-08-30 20:07:00+00:00,Yusei Kikuchi,10.5,over,100,prizepicks,176622,Los Angeles Angels,Philadelphia Phillies,2026-08-30T05:55:55.258036+00:00,2026-08-30T23:41:59.840435+00:00,2026-08-30T19:41:59.840435-04:00,2026-08-30T19:41:59.840435-04:00,propline_free_sample
2026-08-30,2026-08-30 20:07:00+00:00,Yusei Kikuchi,10.5,under,100,prizepicks,176622,Los Angeles Angels,Philadelphia Phillies,2026-08-30T05:55:55.258036+00:00,2026-08-30T23:41:59.840435+00:00,2026-08-30T19:41:59.840435-04:00,2026-08-30T19:41:59.840435-04:00,propline_free_sample
2026-08-30,2026-08-30 20:07:00+00:00,Zack Wheeler,6.5,over,-164,smarkets,176622,Los Angeles Angels,Philadelphia Phillies,2026-08-30T08:52:53.405096+00:00,2026-08-30T23:41:59.840435+00:00,2026-08-30T19:41:59.840435-04:00,2026-08-30T19:41:59.840435-04:00,propline_free_sample
2026-08-30,2026-08-30 20:07:00+00:00,Zack Wheeler,6.5,under,116,smarkets,176622,Los Angeles Angels,Philadelphia Phillies,2026-08-30T08:52:53.405096+00:00,2026-08-30T23:41:59.840435+00:00,2026-08-30T19:41:59.840435-04:00,2026-08-30T19:41:59.840435-04:00,propline_free_sample
2026-08-30,2026-08-30 20:07:00+00:00,Yusei Kikuchi,6.5,over,105,betmgm,176622,Los Angeles Angels,Philadelphia Phillies,2026-08-30T18:54:53.242737+00:00,2026-08-30T23:41:59.840435+00:00,2026-08-30T19:41:59.840435-04:00,2026-08-30T19:41:59.840435-04:00,propline_free_sample
2026-08-30,2026-08-30 20:07:00+00:00,Yusei Kikuchi,6.5,under,-140,betmgm,176622,Los Angeles Angels,Philadelphia Phillies,2026-08-30T18:54:53.242737+00:00,2026-08-30T23:41:59.840435+00:00,2026-08-30T19:41:59.840435-04:00,2026-08-30T19:41:59.840435-04:00,propline_free_sample
2026-08-30,2026-08-30 20:07:00+00:00,Zack Wheeler,6.5,over,105,betmgm,176622,Los Angeles Angels,Philadelphia Phillies,2026-08-30T13:30:41.693458+00:00,2026-08-30T23:41:59.840435+00:00,2026-08-30T19:41:59.840435-04:00,2026-08-30T19:41:59.840435-04:00,propline_free_sample
2026-08-30,2026-08-30 20:07:00+00:00,Zack Wheeler,6.5,under,-140,betmgm,176622,Los Angeles Angels,Philadelphia Phillies,2026-08-30T13:30:41.693458+00:00,2026-08-30T23:41:59.840435+00:00,2026-08-30T19:41:59.840435-04:00,2026-08-30T19:41:59.840435-04:00,propline_free_sample
2026-08-30,2026-08-30 20:07:00+00:00,Zack Wheeler,7.5,over,100,prizepicks,176622,Los Angeles Angels,Philadelphia Phillies,2026-08-30T11:08:19.382184+00:00,2026-08-30T23:41:59.840435+00:00,2026-08-30T19:41:59.840435-04:00,2026-08-30T19:41:59.840435-04:00,propline_free_sample
2026-08-30,2026-08-30 20:07:00+00:00,Zack Wheeler,7.5,under,100,prizepicks,176622,Los Angeles Angels,Philadelphia Phillies,2026-08-30T11:08:19.382184+00:00,2026-08-30T23:41:59.840435+00:00,2026-08-30T19:41:59.840435-04:00,2026-08-30T19:41:59.840435-04:00,propline_free_sample
2026-08-30,2026-08-30 20:07:00+00:00,Yusei Kikuchi,5.5,over,112,betrivers,176622,Los Angeles Angels,Philadelphia Phillies,2026-08-30T17:56:10.283687+00:00,2026-08-30T23:41:59.840435+00:00,2026-08-30T19:41:59.840435-04:00,2026-08-30T19:41:59.840435-04:00,propline_free_sample
2026-08-30,2026-08-30 20:07:00+00:00,Yusei Kikuchi,5.5,under,-148,betrivers,176622,Los Angeles Angels,Philadelphia Phillies,2026-08-30T17:58:19.238205+00:00,2026-08-30T23:41:59.840435+00:00,2026-08-30T19:41:59.840435-04:00,2026-08-30T19:41:59.840435-04:00,propline_free_sample
2026-08-30,2026-08-30 20:07:00+00:00,Zack Wheeler,7.5,over,108,betrivers,176622,Los Angeles Angels,Philadelphia Phillies,2026-08-30T19:59:13.922771+00:00,2026-08-30T23:41:59.840435+00:00,2026-08-30T19:41:59.840435-04:00,2026-08-30T19:41:59.840435-04:00,propline_free_sample
2026-08-30,2026-08-30 20:07:00+00:00,Zack Wheeler,7.5,under,-143,betrivers,176622,Los Angeles Angels,Philadelphia Phillies,2026-08-30T19:59:13.922771+00:00,2026-08-30T23:41:59.840435+00:00,2026-08-30T19:41:59.840435-04:00,2026-08-30T19:41:59.840435-04:00,propline_free_sample
2026-08-30,2026-08-30 20:07:00+00:00,Zack Wheeler,7.5,over,108,rebet,176622,Los Angeles Angels,Philadelphia Phillies,2026-08-30T12:44:40.581250+00:00,2026-08-30T23:41:59.840435+00:00,2026-08-30T19:41:59.840435-04:00,2026-08-30T19:41:59.840435-04:00,propline_free_sample
2026-08-30,2026-08-30 20:07:00+00:00,Zack Wheeler,7.5,under,-149,rebet,176622,Los Angeles Angels,Philadelphia Phillies,2026-08-30T12:44:40.581250+00:00,2026-08-30T23:41:59.840435+00:00,2026-08-30T19:41:59.840435-04:00,2026-08-30T19:41:59.840435-04:00,propline_free_sample
2026-08-30,2026-08-30 20:07:00+00:00,Zack Wheeler,6.5,over,-220,prophetx,176622,Los Angeles Angels,Philadelphia Phillies,2026-08-30T20:06:57.601627+00:00,2026-08-30T23:41:59.840435+00:00,2026-08-30T19:41:59.840435-04:00,2026-08-30T19:41:59.840435-04:00,propline_free_sample
2026-08-30,2026-08-30 20:07:00+00:00,Zack Wheeler,6.5,under,156,prophetx,176622,Los Angeles Angels,Philadelphia Phillies,2026-08-30T20:06:57.601627+00:00,2026-08-30T23:41:59.840435+00:00,2026-08-30T19:41:59.840435-04:00,2026-08-30T19:41:59.840435-04:00,propline_free_sample
2026-08-30,2026-08-30 20:07:00+00:00,Zack Wheeler,7.0,over,121,prophetx,176622,Los Angeles Angels,Philadelphia Phillies,2026-08-30T13:26:34.919875+00:00,2026-08-30T23:41:59.840435+00:00,2026-08-30T19:41:59.840435-04:00,2026-08-30T19:41:59.840435-04:00,propline_free_sample
2026-08-30,2026-08-30 20:07:00+00:00,Zack Wheeler,7.0,under,-144,prophetx,176622,Los Angeles Angels,Philadelphia Phillies,2026-08-30T13:26:34.919875+00:00,2026-08-30T23:41:59.840435+00:00,2026-08-30T19:41:59.840435-04:00,2026-08-30T19:41:59.840435-04:00,propline_free_sample
2026-08-30,2026-08-30 20:07:00+00:00,Yusei Kikuchi,5.0,over,112,prophetx,176622,Los Angeles Angels,Philadelphia Phillies,2026-08-30T13:28:43.378584+00:00,2026-08-30T23:41:59.840435+00:00,2026-08-30T19:41:59.840435-04:00,2026-08-30T19:41:59.840435-04:00,propline_free_sample
2026-08-30,2026-08-30 20:07:00+00:00,Yusei Kikuchi,5.0,under,-132,prophetx,176622,Los Angeles Angels,Philadelphia Phillies,2026-08-30T13:45:29.902398+00:00,2026-08-30T23:41:59.840435+00:00,2026-08-30T19:41:59.840435-04:00,2026-08-30T19:41:59.840435-04:00,propline_free_sample
2026-08-30,2026-08-30 20:07:00+00:00,Yusei Kikuchi,4.5,over,-169,smarkets,176622,Los Angeles Angels,Philadelphia Phillies,2026-08-30T17:17:07.733062+00:00,2026-08-30T23:41:59.840435+00:00,2026-08-30T19:41:59.840435-04:00,2026-08-30T19:41:59.840435-04:00,propline_free_sample
2026-08-30,2026-08-30 20:07:00+00:00,Yusei Kikuchi,4.5,under,120,smarkets,176622,Los Angeles Angels,Philadelphia Phillies,2026-08-30T17:17:07.733062+00:00,2026-08-30T23:41:59.840435+00:00,2026-08-30T19:41:59.840435-04:00,2026-08-30T19:41:59.840435-04:00,propline_free_sample
2026-08-30,2026-08-30 20:07:00+00:00,Zack Wheeler,10.5,over,100,prizepicks,176622,Los Angeles Angels,Philadelphia Phillies,,2026-08-30T23:41:59.840435+00:00,2026-08-30T19:41:59.840435-04:00,2026-08-30T19:41:59.840435-04:00,propline_free_sample
2026-08-30,2026-08-30 20:07:00+00:00,Zack Wheeler,10.5,under,100,prizepicks,176622,Los Angeles Angels,Philadelphia Phillies,,2026-08-30T23:41:59.840435+00:00,2026-08-30T19:41:59.840435-04:00,2026-08-30T19:41:59.840435-04:00,propline_free_sample
2026-08-30,2026-08-30 20:05:00+00:00,Chris Bassitt,4.5,over,116,underdog,176619,Athletics,Baltimore Orioles,2026-08-30T19:34:18.668305+00:00,2026-08-30T23:41:59.840435+00:00,2026-08-30T19:41:59.840435-04:00,2026-08-30T19:41:59.840435-04:00,propline_free_sample
2026-08-30,2026-08-30 20:05:00+00:00,Chris Bassitt,4.5,under,-157,underdog,176619,Athletics,Baltimore Orioles,2026-08-30T19:34:18.668305+00:00,2026-08-30T23:41:59.840435+00:00,2026-08-30T19:41:59.840435-04:00,2026-08-30T19:41:59.840435-04:00,propline_free_sample
2026-08-30,2026-08-30 20:05:00+00:00,Chris Bassitt,4.5,over,139,dabble,176619,Athletics,Baltimore Orioles,2026-08-30T19:10:45.513001+00:00,2026-08-30T23:41:59.840435+00:00,2026-08-30T19:41:59.840435-04:00,2026-08-30T19:41:59.840435-04:00,propline_free_sample
2026-08-30,2026-08-30 20:05:00+00:00,Chris Bassitt,4.5,under,-137,dabble,176619,Athletics,Baltimore Orioles,2026-08-30T19:10:45.513001+00:00,2026-08-30T23:41:59.840435+00:00,2026-08-30T19:41:59.840435-04:00,2026-08-30T19:41:59.840435-04:00,propline_free_sample
2026-08-30,2026-08-30 20:05:00+00:00,Chris Bassitt,4.5,over,100,prizepicks,176619,Athletics,Baltimore Orioles,2026-08-30T05:20:06.818760+00:00,2026-08-30T23:41:59.840435+00:00,2026-08-30T19:41:59.840435-04:00,2026-08-30T19:41:59.840435-04:00,propline_free_sample
2026-08-30,2026-08-30 20:05:00+00:00,Chris Bassitt,4.5,under,100,prizepicks,176619,Athletics,Baltimore Orioles,2026-08-30T05:20:06.818760+00:00,2026-08-30T23:41:59.840435+00:00,2026-08-30T19:41:59.840435-04:00,2026-08-30T19:41:59.840435-04:00,propline_free_sample
2026-08-30,2026-08-30 20:05:00+00:00,Chris Bassitt,4.5,over,116,smarkets,176619,Athletics,Baltimore Orioles,2026-08-30T19:11:01.893263+00:00,2026-08-30T23:41:59.840435+00:00,2026-08-30T19:41:59.840435-04:00,2026-08-30T19:41:59.840435-04:00,propline_free_sample
2026-08-30,2026-08-30 20:05:00+00:00,Chris Bassitt,4.5,under,-164,smarkets,176619,Athletics,Baltimore Orioles,2026-08-30T19:11:01.893263+00:00,2026-08-30T23:41:59.840435+00:00,2026-08-30T19:41:59.840435-04:00,2026-08-30T19:41:59.840435-04:00,propline_free_sample
2026-08-30,2026-08-30 20:05:00+00:00,Jeffrey Springs,4.5,over,-125,underdog,176619,Athletics,Baltimore Orioles,2026-08-30T19:08:42.436645+00:00,2026-08-30T23:41:59.840435+00:00,2026-08-30T19:41:59.840435-04:00,2026-08-30T19:41:59.840435-04:00,propline_free_sample
2026-08-30,2026-08-30 20:05:00+00:00,Jeffrey Springs,4.5,under,-108,underdog,176619,Athletics,Baltimore Orioles,2026-08-30T19:08:42.436645+00:00,2026-08-30T23:41:59.840435+00:00,2026-08-30T19:41:59.840435-04:00,2026-08-30T19:41:59.840435-04:00,propline_free_sample
2026-08-30,2026-08-30 20:05:00+00:00,Jeffrey Springs,4.5,over,100,dabble,176619,Athletics,Baltimore Orioles,2026-08-30T17:12:34.519990+00:00,2026-08-30T23:41:59.840435+00:00,2026-08-30T19:41:59.840435-04:00,2026-08-30T19:41:59.840435-04:00,propline_free_sample
2026-08-30,2026-08-30 20:05:00+00:00,Jeffrey Springs,4.5,under,101,dabble,176619,Athletics,Baltimore Orioles,2026-08-30T17:12:34.519990+00:00,2026-08-30T23:41:59.840435+00:00,2026-08-30T19:41:59.840435-04:00,2026-08-30T19:41:59.840435-04:00,propline_free_sample
2026-08-30,2026-08-30 20:05:00+00:00,Jeffrey Springs,4.5,over,100,prizepicks,176619,Athletics,Baltimore Orioles,2026-08-30T05:25:43.789372+00:00,2026-08-30T23:41:59.840435+00:00,2026-08-30T19:41:59.840435-04:00,2026-08-30T19:41:59.840435-04:00,propline_free_sample
2026-08-30,2026-08-30 20:05:00+00:00,Jeffrey Springs,4.5,under,100,prizepicks,176619,Athletics,Baltimore Orioles,2026-08-30T05:25:43.789372+00:00,2026-08-30T23:41:59.840435+00:00,2026-08-30T19:41:59.840435-04:00,2026-08-30T19:41:59.840435-04:00,propline_free_sample
2026-08-30,2026-08-30 20:05:00+00:00,Chris Bassitt,6.5,over,100,prizepicks,176619,Athletics,Baltimore Orioles,2026-08-30T05:25:43.789372+00:00,2026-08-30T23:41:59.840435+00:00,2026-08-30T19:41:59.840435-04:00,2026-08-30T19:41:59.840435-04:00,propline_free_sample
2026-08-30,2026-08-30 20:05:00+00:00,Jeffrey Springs,6.5,over,100,prizepicks,176619,Athletics,Baltimore Orioles,2026-08-30T05:25:43.789372+00:00,2026-08-30T23:41:59.840435+00:00,2026-08-30T19:41:59.840435-04:00,2026-08-30T19:41:59.840435-04:00,propline_free_sample
2026-08-30,2026-08-30 20:05:00+00:00,Chris Bassitt,6.5,under,100,prizepicks,176619,Athletics,Baltimore Orioles,2026-08-30T05:25:43.789372+00:00,2026-08-30T23:41:59.840435+00:00,2026-08-30T19:41:59.840435-04:00,2026-08-30T19:41:59.840435-04:00,propline_free_sample
2026-08-30,2026-08-30 20:05:00+00:00,Jeffrey Springs,6.5,under,100,prizepicks,176619,Athletics,Baltimore Orioles,2026-08-30T05:25:43.789372+00:00,2026-08-30T23:41:59.840435+00:00,2026-08-30T19:41:59.840435-04:00,2026-08-30T19:41:59.840435-04:00,propline_free_sample
2026-08-30,2026-08-30 20:05:00+00:00,Chris Bassitt,3.5,over,100,prizepicks,176619,Athletics,Baltimore Orioles,2026-08-30T05:25:43.789372+00:00,2026-08-30T23:41:59.840435+00:00,2026-08-30T19:41:59.840435-04:00,2026-08-30T19:41:59.840435-04:00,propline_free_sample
2026-08-30,2026-08-30 20:05:00+00:00,Jeffrey Springs,3.5,over,100,prizepicks,176619,Athletics,Baltimore Orioles,2026-08-30T05:25:43.789372+00:00,2026-08-30T23:41:59.840435+00:00,2026-08-30T19:41:59.840435-04:00,2026-08-30T19:41:59.840435-04:00,propline_free_sample
2026-08-30,2026-08-30 20:05:00+00:00,Chris Bassitt,3.5,under,100,prizepicks,176619,Athletics,Baltimore Orioles,2026-08-30T05:25:43.789372+00:00,2026-08-30T23:41:59.840435+00:00,2026-08-30T19:41:59.840435-04:00,2026-08-30T19:41:59.840435-04:00,propline_free_sample
2026-08-30,2026-08-30 20:05:00+00:00,Jeffrey Springs,3.5,under,100,prizepicks,176619,Athletics,Baltimore Orioles,2026-08-30T05:25:43.789372+00:00,2026-08-30T23:41:59.840435+00:00,2026-08-30T19:41:59.840435-04:00,2026-08-30T19:41:59.840435-04:00,propline_free_sample
2026-08-30,2026-08-30 20:05:00+00:00,Jeffrey Springs,4.5,over,-119,smarkets,176619,Athletics,Baltimore Orioles,2026-08-30T17:15:01.714528+00:00,2026-08-30T23:41:59.840435+00:00,2026-08-30T19:41:59.840435-04:00,2026-08-30T19:41:59.840435-04:00,propline_free_sample
2026-08-30,2026-08-30 20:05:00+00:00,Jeffrey Springs,4.5,under,-118,smarkets,176619,Athletics,Baltimore Orioles,2026-08-30T17:15:01.714528+00:00,2026-08-30T23:41:59.840435+00:00,2026-08-30T19:41:59.840435-04:00,2026-08-30T19:41:59.840435-04:00,propline_free_sample
2026-08-30,2026-08-30 20:05:00+00:00,Chris Bassitt,4.5,over,101,sleeper,176619,Athletics,Baltimore Orioles,2026-08-30T19:40:05.888168+00:00,2026-08-30T23:41:59.840435+00:00,2026-08-30T19:41:59.840435-04:00,2026-08-30T19:41:59.840435-04:00,propline_free_sample
2026-08-30,2026-08-30 20:05:00+00:00,Chris Bassitt,4.5,under,-167,sleeper,176619,Athletics,Baltimore Orioles,2026-08-30T18:06:46.942715+00:00,2026-08-30T23:41:59.840435+00:00,2026-08-30T19:41:59.840435-04:00,2026-08-30T19:41:59.840435-04:00,propline_free_sample
2026-08-30,2026-08-30 20:05:00+00:00,Chris Bassitt,4.5,over,100,betr,176619,Athletics,Baltimore Orioles,2026-08-30T05:39:11.742664+00:00,2026-08-30T23:41:59.840435+00:00,2026-08-30T19:41:59.840435-04:00,2026-08-30T19:41:59.840435-04:00,propline_free_sample
2026-08-30,2026-08-30 20:05:00+00:00,Chris Bassitt,4.5,under,100,betr,176619,Athletics,Baltimore Orioles,2026-08-30T05:39:11.742664+00:00,2026-08-30T23:41:59.840435+00:00,2026-08-30T19:41:59.840435-04:00,2026-08-30T19:41:59.840435-04:00,propline_free_sample
2026-08-30,2026-08-30 20:05:00+00:00,Chris Bassitt,4.5,over,119,draftkings,176619,Athletics,Baltimore Orioles,2026-08-30T18:06:39.231071+00:00,2026-08-30T23:41:59.840435+00:00,2026-08-30T19:41:59.840435-04:00,2026-08-30T19:41:59.840435-04:00,propline_free_sample
2026-08-30,2026-08-30 20:05:00+00:00,Chris Bassitt,4.5,under,-152,draftkings,176619,Athletics,Baltimore Orioles,2026-08-30T18:06:39.231071+00:00,2026-08-30T23:41:59.840435+00:00,2026-08-30T19:41:59.840435-04:00,2026-08-30T19:41:59.840435-04:00,propline_free_sample
2026-08-30,2026-08-30 20:05:00+00:00,Chris Bassitt,4.5,over,-140,fanatics,176619,Athletics,Baltimore Orioles,2026-08-30T19:56:10.050984+00:00,2026-08-30T23:41:59.840435+00:00,2026-08-30T19:41:59.840435-04:00,2026-08-30T19:41:59.840435-04:00,propline_free_sample
2026-08-30,2026-08-30 20:05:00+00:00,Chris Bassitt,4.5,under,105,fanatics,176619,Athletics,Baltimore Orioles,2026-08-30T19:56:10.050984+00:00,2026-08-30T23:41:59.840435+00:00,2026-08-30T19:41:59.840435-04:00,2026-08-30T19:41:59.840435-04:00,propline_free_sample
2026-08-30,2026-08-30 20:05:00+00:00,Chris Bassitt,5.5,over,100,prizepicks,176619,Athletics,Baltimore Orioles,2026-08-30T07:16:10.737978+00:00,2026-08-30T23:41:59.840435+00:00,2026-08-30T19:41:59.840435-04:00,2026-08-30T19:41:59.840435-04:00,propline_free_sample
2026-08-30,2026-08-30 20:05:00+00:00,Chris Bassitt,5.5,under,100,prizepicks,176619,Athletics,Baltimore Orioles,2026-08-30T07:16:10.737978+00:00,2026-08-30T23:41:59.840435+00:00,2026-08-30T19:41:59.840435-04:00,2026-08-30T19:41:59.840435-04:00,propline_free_sample
2026-08-30,2026-08-30 20:05:00+00:00,Chris Bassitt,7.5,over,100,prizepicks,176619,Athletics,Baltimore Orioles,2026-08-30T07:16:10.737978+00:00,2026-08-30T23:41:59.840435+00:00,2026-08-30T19:41:59.840435-04:00,2026-08-30T19:41:59.840435-04:00,propline_free_sample
2026-08-30,2026-08-30 20:05:00+00:00,Chris Bassitt,7.5,under,100,prizepicks,176619,Athletics,Baltimore Orioles,2026-08-30T07:16:10.737978+00:00,2026-08-30T23:41:59.840435+00:00,2026-08-30T19:41:59.840435-04:00,2026-08-30T19:41:59.840435-04:00,propline_free_sample
2026-08-30,2026-08-30 20:05:00+00:00,Chris Bassitt,8.5,over,100,prizepicks,176619,Athletics,Baltimore Orioles,2026-08-30T07:16:10.737978+00:00,2026-08-30T23:41:59.840435+00:00,2026-08-30T19:41:59.840435-04:00,2026-08-30T19:41:59.840435-04:00,propline_free_sample
2026-08-30,2026-08-30 20:05:00+00:00,Chris Bassitt,8.5,under,100,prizepicks,176619,Athletics,Baltimore Orioles,2026-08-30T07:16:10.737978+00:00,2026-08-30T23:41:59.840435+00:00,2026-08-30T19:41:59.840435-04:00,2026-08-30T19:41:59.840435-04:00,propline_free_sample
2026-08-30,2026-08-30 20:05:00+00:00,Chris Bassitt,2.5,over,100,prizepicks,176619,Athletics,Baltimore Orioles,2026-08-30T07:16:10.737978+00:00,2026-08-30T23:41:59.840435+00:00,2026-08-30T19:41:59.840435-04:00,2026-08-30T19:41:59.840435-04:00,propline_free_sample
2026-08-30,2026-08-30 20:05:00+00:00,Chris Bassitt,2.5,under,100,prizepicks,176619,Athletics,Baltimore Orioles,2026-08-30T07:16:10.737978+00:00,2026-08-30T23:41:59.840435+00:00,2026-08-30T19:41:59.840435-04:00,2026-08-30T19:41:59.840435-04:00,propline_free_sample
2026-08-30,2026-08-30 20:05:00+00:00,Chris Bassitt,4.5,over,110,onexbet,176619,Athletics,Baltimore Orioles,2026-08-30T15:04:56.269301+00:00,2026-08-30T23:41:59.840435+00:00,2026-08-30T19:41:59.840435-04:00,2026-08-30T19:41:59.840435-04:00,propline_free_sample
2026-08-30,2026-08-30 20:05:00+00:00,Chris Bassitt,4.5,under,-150,onexbet,176619,Athletics,Baltimore Orioles,2026-08-30T15:04:56.269301+00:00,2026-08-30T23:41:59.840435+00:00,2026-08-30T19:41:59.840435-04:00,2026-08-30T19:41:59.840435-04:00,propline_free_sample
2026-08-30,2026-08-30 20:05:00+00:00,Chris Bassitt,1.5,over,-3233,kalshi,176619,Athletics,Baltimore Orioles,2026-08-30T20:02:26.019862+00:00,2026-08-30T23:41:59.840435+00:00,2026-08-30T19:41:59.840435-04:00,2026-08-30T19:41:59.840435-04:00,propline_free_sample
2026-08-30,2026-08-30 20:05:00+00:00,Chris Bassitt,1.5,under,9900,kalshi,176619,Athletics,Baltimore Orioles,2026-08-30T20:00:58.524439+00:00,2026-08-30T23:41:59.840435+00:00,2026-08-30T19:41:59.840435-04:00,2026-08-30T19:41:59.840435-04:00,propline_free_sample
2026-08-30,2026-08-30 20:05:00+00:00,Chris Bassitt,2.5,over,-4900,kalshi,176619,Athletics,Baltimore Orioles,2026-08-30T17:04:55.584460+00:00,2026-08-30T23:41:59.840435+00:00,2026-08-30T19:41:59.840435-04:00,2026-08-30T19:41:59.840435-04:00,propline_free_sample
2026-08-30,2026-08-30 20:05:00+00:00,Chris Bassitt,2.5,under,9900,kalshi,176619,Athletics,Baltimore Orioles,2026-08-30T17:04:55.584460+00:00,2026-08-30T23:41:59.840435+00:00,2026-08-30T19:41:59.840435-04:00,2026-08-30T19:41:59.840435-04:00,propline_free_sample
2026-08-30,2026-08-30 20:05:00+00:00,Chris Bassitt,3.5,over,-9900,kalshi,176619,Athletics,Baltimore Orioles,2026-08-30T17:36:03.119965+00:00,2026-08-30T23:41:59.840435+00:00,2026-08-30T19:41:59.840435-04:00,2026-08-30T19:41:59.840435-04:00,propline_free_sample
2026-08-30,2026-08-30 20:05:00+00:00,Chris Bassitt,3.5,under,9900,kalshi,176619,Athletics,Baltimore Orioles,2026-08-30T17:34:34.348300+00:00,2026-08-30T23:41:59.840435+00:00,2026-08-30T19:41:59.840435-04:00,2026-08-30T19:41:59.840435-04:00,propline_free_sample
2026-08-30,2026-08-30 20:05:00+00:00,Chris Bassitt,4.5,over,9900,kalshi,176619,Athletics,Baltimore Orioles,2026-08-30T18:52:32.419279+00:00,2026-08-30T23:41:59.840435+00:00,2026-08-30T19:41:59.840435-04:00,2026-08-30T19:41:59.840435-04:00,propline_free_sample
2026-08-30,2026-08-30 20:05:00+00:00,Chris Bassitt,4.5,under,-488,kalshi,176619,Athletics,Baltimore Orioles,2026-08-30T18:52:32.419279+00:00,2026-08-30T23:41:59.840435+00:00,2026-08-30T19:41:59.840435-04:00,2026-08-30T19:41:59.840435-04:00,propline_free_sample
2026-08-30,2026-08-30 20:05:00+00:00,Chris Bassitt,5.5,over,9900,kalshi,176619,Athletics,Baltimore Orioles,2026-08-30T17:32:31.038408+00:00,2026-08-30T23:41:59.840435+00:00,2026-08-30T19:41:59.840435-04:00,2026-08-30T19:41:59.840435-04:00,propline_free_sample
2026-08-30,2026-08-30 20:05:00+00:00,Chris Bassitt,5.5,under,-3233,kalshi,176619,Athletics,Baltimore Orioles,2026-08-30T17:32:31.038408+00:00,2026-08-30T23:41:59.840435+00:00,2026-08-30T19:41:59.840435-04:00,2026-08-30T19:41:59.840435-04:00,propline_free_sample
2026-08-30,2026-08-30 20:05:00+00:00,Chris Bassitt,6.5,over,9900,kalshi,176619,Athletics,Baltimore Orioles,2026-08-30T17:36:03.119965+00:00,2026-08-30T23:41:59.840435+00:00,2026-08-30T19:41:59.840435-04:00,2026-08-30T19:41:59.840435-04:00,propline_free_sample
2026-08-30,2026-08-30 20:05:00+00:00,Chris Bassitt,6.5,under,-3233,kalshi,176619,Athletics,Baltimore Orioles,2026-08-30T17:38:03.475689+00:00,2026-08-30T23:41:59.840435+00:00,2026-08-30T19:41:59.840435-04:00,2026-08-30T19:41:59.840435-04:00,propline_free_sample
2026-08-30,2026-08-30 20:05:00+00:00,Chris Bassitt,7.5,over,9900,kalshi,176619,Athletics,Baltimore Orioles,2026-08-30T14:09:55.490539+00:00,2026-08-30T23:41:59.840435+00:00,2026-08-30T19:41:59.840435-04:00,2026-08-30T19:41:59.840435-04:00,propline_free_sample
2026-08-30,2026-08-30 20:05:00+00:00,Chris Bassitt,7.5,under,-4900,kalshi,176619,Athletics,Baltimore Orioles,2026-08-30T14:09:55.490539+00:00,2026-08-30T23:41:59.840435+00:00,2026-08-30T19:41:59.840435-04:00,2026-08-30T19:41:59.840435-04:00,propline_free_sample
2026-08-30,2026-08-30 20:05:00+00:00,Chris Bassitt,8.5,over,9900,kalshi,176619,Athletics,Baltimore Orioles,2026-08-30T14:24:54.737313+00:00,2026-08-30T23:41:59.840435+00:00,2026-08-30T19:41:59.840435-04:00,2026-08-30T19:41:59.840435-04:00,propline_free_sample
2026-08-30,2026-08-30 20:05:00+00:00,Chris Bassitt,8.5,under,-3233,kalshi,176619,Athletics,Baltimore Orioles,2026-08-30T13:49:23.746279+00:00,2026-08-30T23:41:59.840435+00:00,2026-08-30T19:41:59.840435-04:00,2026-08-30T19:41:59.840435-04:00,propline_free_sample
2026-08-30,2026-08-30 20:05:00+00:00,Chris Bassitt,4.5,over,127,novig,176619,Athletics,Baltimore Orioles,2026-08-30T17:57:39.176421+00:00,2026-08-30T23:41:59.840435+00:00,2026-08-30T19:41:59.840435-04:00,2026-08-30T19:41:59.840435-04:00,propline_free_sample
2026-08-30,2026-08-30 20:05:00+00:00,Chris Bassitt,4.5,under,-130,novig,176619,Athletics,Baltimore Orioles,2026-08-30T18:00:09.358142+00:00,2026-08-30T23:41:59.840435+00:00,2026-08-30T19:41:59.840435-04:00,2026-08-30T19:41:59.840435-04:00,propline_free_sample
2026-08-30,2026-08-30 20:05:00+00:00,Jeffrey Springs,4.5,over,-113,draftkings,176619,Athletics,Baltimore Orioles,2026-08-30T19:36:05.739493+00:00,2026-08-30T23:41:59.840435+00:00,2026-08-30T19:41:59.840435-04:00,2026-08-30T19:41:59.840435-04:00,propline_free_sample
2026-08-30,2026-08-30 20:05:00+00:00,Jeffrey Springs,4.5,under,-112,draftkings,176619,Athletics,Baltimore Orioles,2026-08-30T19:36:05.739493+00:00,2026-08-30T23:41:59.840435+00:00,2026-08-30T19:41:59.840435-04:00,2026-08-30T19:41:59.840435-04:00,propline_free_sample
2026-08-30,2026-08-30 20:05:00+00:00,Jeffrey Springs,6.5,over,-105,fanatics,176619,Athletics,Baltimore Orioles,2026-08-30T19:54:08.528581+00:00,2026-08-30T23:41:59.840435+00:00,2026-08-30T19:41:59.840435-04:00,2026-08-30T19:41:59.840435-04:00,propline_free_sample
2026-08-30,2026-08-30 20:05:00+00:00,Jeffrey Springs,6.5,under,-125,fanatics,176619,Athletics,Baltimore Orioles,2026-08-30T19:54:08.528581+00:00,2026-08-30T23:41:59.840435+00:00,2026-08-30T19:41:59.840435-04:00,2026-08-30T19:41:59.840435-04:00,propline_free_sample
2026-08-30,2026-08-30 20:05:00+00:00,Jeffrey Springs,4.5,over,-132,sleeper,176619,Athletics,Baltimore Orioles,2026-08-30T19:14:43.440782+00:00,2026-08-30T23:41:59.840435+00:00,2026-08-30T19:41:59.840435-04:00,2026-08-30T19:41:59.840435-04:00,propline_free_sample
2026-08-30,2026-08-30 20:05:00+00:00,Jeffrey Springs,4.5,under,-125,sleeper,176619,Athletics,Baltimore Orioles,2026-08-30T19:14:43.440782+00:00,2026-08-30T23:41:59.840435+00:00,2026-08-30T19:41:59.840435-04:00,2026-08-30T19:41:59.840435-04:00,propline_free_sample
2026-08-30,2026-08-30 20:05:00+00:00,Jeffrey Springs,4.5,over,100,betr,176619,Athletics,Baltimore Orioles,2026-08-30T14:25:32.092983+00:00,2026-08-30T23:41:59.840435+00:00,2026-08-30T19:41:59.840435-04:00,2026-08-30T19:41:59.840435-04:00,propline_free_sample
2026-08-30,2026-08-30 20:05:00+00:00,Jeffrey Springs,4.5,under,100,betr,176619,Athletics,Baltimore Orioles,2026-08-30T14:25:32.092983+00:00,2026-08-30T23:41:59.840435+00:00,2026-08-30T19:41:59.840435-04:00,2026-08-30T19:41:59.840435-04:00,propline_free_sample
2026-08-30,2026-08-30 20:05:00+00:00,Jeffrey Springs,5.5,over,100,prizepicks,176619,Athletics,Baltimore Orioles,2026-08-30T08:17:26.255573+00:00,2026-08-30T23:41:59.840435+00:00,2026-08-30T19:41:59.840435-04:00,2026-08-30T19:41:59.840435-04:00,propline_free_sample
2026-08-30,2026-08-30 20:05:00+00:00,Jeffrey Springs,5.5,under,100,prizepicks,176619,Athletics,Baltimore Orioles,2026-08-30T08:17:26.255573+00:00,2026-08-30T23:41:59.840435+00:00,2026-08-30T19:41:59.840435-04:00,2026-08-30T19:41:59.840435-04:00,propline_free_sample
2026-08-30,2026-08-30 20:05:00+00:00,Jeffrey Springs,7.5,over,100,prizepicks,176619,Athletics,Baltimore Orioles,2026-08-30T08:17:26.255573+00:00,2026-08-30T23:41:59.840435+00:00,2026-08-30T19:41:59.840435-04:00,2026-08-30T19:41:59.840435-04:00,propline_free_sample
2026-08-30,2026-08-30 20:05:00+00:00,Jeffrey Springs,7.5,under,100,prizepicks,176619,Athletics,Baltimore Orioles,2026-08-30T08:17:26.255573+00:00,2026-08-30T23:41:59.840435+00:00,2026-08-30T19:41:59.840435-04:00,2026-08-30T19:41:59.840435-04:00,propline_free_sample
2026-08-30,2026-08-30 20:05:00+00:00,Jeffrey Springs,2.5,over,100,prizepicks,176619,Athletics,Baltimore Orioles,2026-08-30T08:17:26.255573+00:00,2026-08-30T23:41:59.840435+00:00,2026-08-30T19:41:59.840435-04:00,2026-08-30T19:41:59.840435-04:00,propline_free_sample
2026-08-30,2026-08-30 20:05:00+00:00,Jeffrey Springs,2.5,under,100,prizepicks,176619,Athletics,Baltimore Orioles,2026-08-30T08:17:26.255573+00:00,2026-08-30T23:41:59.840435+00:00,2026-08-30T19:41:59.840435-04:00,2026-08-30T19:41:59.840435-04:00,propline_free_sample
2026-08-30,2026-08-30 20:05:00+00:00,Jeffrey Springs,4.5,over,-105,onexbet,176619,Athletics,Baltimore Orioles,2026-08-30T17:58:41.571338+00:00,2026-08-30T23:41:59.840435+00:00,2026-08-30T19:41:59.840435-04:00,2026-08-30T19:41:59.840435-04:00,propline_free_sample
2026-08-30,2026-08-30 20:05:00+00:00,Jeffrey Springs,4.5,under,-130,onexbet,176619,Athletics,Baltimore Orioles,2026-08-30T17:58:41.571338+00:00,2026-08-30T23:41:59.840435+00:00,2026-08-30T19:41:59.840435-04:00,2026-08-30T19:41:59.840435-04:00,propline_free_sample
2026-08-30,2026-08-30 20:05:00+00:00,Chris Bassitt,4.5,over,110,fanduel,176619,Athletics,Baltimore Orioles,2026-08-30T19:24:31.772770+00:00,2026-08-30T23:41:59.840435+00:00,2026-08-30T19:41:59.840435-04:00,2026-08-30T19:41:59.840435-04:00,propline_free_sample
2026-08-30,2026-08-30 20:05:00+00:00,Chris Bassitt,4.5,under,-140,fanduel,176619,Athletics,Baltimore Orioles,2026-08-30T19:24:31.772770+00:00,2026-08-30T23:41:59.840435+00:00,2026-08-30T19:41:59.840435-04:00,2026-08-30T19:41:59.840435-04:00,propline_free_sample
2026-08-30,2026-08-30 20:05:00+00:00,Jeffrey Springs,4.5,over,-113,fanduel,176619,Athletics,Baltimore Orioles,2026-08-30T19:24:31.772770+00:00,2026-08-30T23:41:59.840435+00:00,2026-08-30T19:41:59.840435-04:00,2026-08-30T19:41:59.840435-04:00,propline_free_sample
2026-08-30,2026-08-30 20:05:00+00:00,Jeffrey Springs,4.5,under,-113,fanduel,176619,Athletics,Baltimore Orioles,2026-08-30T19:24:31.772770+00:00,2026-08-30T23:41:59.840435+00:00,2026-08-30T19:41:59.840435-04:00,2026-08-30T19:41:59.840435-04:00,propline_free_sample
2026-08-30,2026-08-30 20:05:00+00:00,Chris Bassitt (BAL),4.5,over,110,bovada,176619,Athletics,Baltimore Orioles,2026-08-30T17:30:25.670983+00:00,2026-08-30T23:41:59.840435+00:00,2026-08-30T19:41:59.840435-04:00,2026-08-30T19:41:59.840435-04:00,propline_free_sample
2026-08-30,2026-08-30 20:05:00+00:00,Chris Bassitt (BAL),4.5,under,-145,bovada,176619,Athletics,Baltimore Orioles,2026-08-30T17:30:25.670983+00:00,2026-08-30T23:41:59.840435+00:00,2026-08-30T19:41:59.840435-04:00,2026-08-30T19:41:59.840435-04:00,propline_free_sample
2026-08-30,2026-08-30 20:05:00+00:00,Jeffrey Springs (ATH),4.5,over,-115,bovada,176619,Athletics,Baltimore Orioles,2026-08-30T17:30:25.670983+00:00,2026-08-30T23:41:59.840435+00:00,2026-08-30T19:41:59.840435-04:00,2026-08-30T19:41:59.840435-04:00,propline_free_sample
2026-08-30,2026-08-30 20:05:00+00:00,Jeffrey Springs (ATH),4.5,under,-115,bovada,176619,Athletics,Baltimore Orioles,2026-08-30T17:30:25.670983+00:00,2026-08-30T23:41:59.840435+00:00,2026-08-30T19:41:59.840435-04:00,2026-08-30T19:41:59.840435-04:00,propline_free_sample
2026-08-30,2026-08-30 20:05:00+00:00,Jeffrey Springs,4.5,over,-144,novig,176619,Athletics,Baltimore Orioles,2026-08-30T19:23:46.215487+00:00,2026-08-30T23:41:59.840435+00:00,2026-08-30T19:41:59.840435-04:00,2026-08-30T19:41:59.840435-04:00,propline_free_sample
2026-08-30,2026-08-30 20:05:00+00:00,Jeffrey Springs,4.5,under,100,novig,176619,Athletics,Baltimore Orioles,2026-08-30T20:04:08.152998+00:00,2026-08-30T23:41:59.840435+00:00,2026-08-30T19:41:59.840435-04:00,2026-08-30T19:41:59.840435-04:00,propline_free_sample
2026-08-30,2026-08-30 20:05:00+00:00,Chris Bassitt,4.5,over,125,prophetx,176619,Athletics,Baltimore Orioles,2026-08-30T19:46:16.299648+00:00,2026-08-30T23:41:59.840435+00:00,2026-08-30T19:41:59.840435-04:00,2026-08-30T19:41:59.840435-04:00,propline_free_sample
2026-08-30,2026-08-30 20:05:00+00:00,Chris Bassitt,4.5,under,-136,prophetx,176619,Athletics,Baltimore Orioles,2026-08-30T18:44:31.934102+00:00,2026-08-30T23:41:59.840435+00:00,2026-08-30T19:41:59.840435-04:00,2026-08-30T19:41:59.840435-04:00,propline_free_sample
2026-08-30,2026-08-30 20:05:00+00:00,Jeffrey Springs,4.5,over,-110,prophetx,176619,Athletics,Baltimore Orioles,2026-08-30T20:03:21.680445+00:00,2026-08-30T23:41:59.840435+00:00,2026-08-30T19:41:59.840435-04:00,2026-08-30T19:41:59.840435-04:00,propline_free_sample
2026-08-30,2026-08-30 20:05:00+00:00,Jeffrey Springs,4.5,under,101,prophetx,176619,Athletics,Baltimore Orioles,2026-08-30T19:53:54.833927+00:00,2026-08-30T23:41:59.840435+00:00,2026-08-30T19:41:59.840435-04:00,2026-08-30T19:41:59.840435-04:00,propline_free_sample
2026-08-30,2026-08-30 20:05:00+00:00,Jeffrey Springs,1.5,over,-4900,kalshi,176619,Athletics,Baltimore Orioles,2026-08-30T19:53:21.910522+00:00,2026-08-30T23:41:59.840435+00:00,2026-08-30T19:41:59.840435-04:00,2026-08-30T19:41:59.840435-04:00,propline_free_sample
2026-08-30,2026-08-30 20:05:00+00:00,Jeffrey Springs,1.5,under,9900,kalshi,176619,Athletics,Baltimore Orioles,2026-08-30T20:00:58.524439+00:00,2026-08-30T23:41:59.840435+00:00,2026-08-30T19:41:59.840435-04:00,2026-08-30T19:41:59.840435-04:00,propline_free_sample
2026-08-30,2026-08-30 20:05:00+00:00,Jeffrey Springs,2.5,over,-4900,kalshi,176619,Athletics,Baltimore Orioles,2026-08-30T17:23:28.117864+00:00,2026-08-30T23:41:59.840435+00:00,2026-08-30T19:41:59.840435-04:00,2026-08-30T19:41:59.840435-04:00,propline_free_sample
2026-08-30,2026-08-30 20:05:00+00:00,Jeffrey Springs,2.5,under,9900,kalshi,176619,Athletics,Baltimore Orioles,2026-08-30T17:23:28.117864+00:00,2026-08-30T23:41:59.840435+00:00,2026-08-30T19:41:59.840435-04:00,2026-08-30T19:41:59.840435-04:00,propline_free_sample
2026-08-30,2026-08-30 20:05:00+00:00,Jeffrey Springs,3.5,over,-4900,kalshi,176619,Athletics,Baltimore Orioles,2026-08-30T18:01:05.978338+00:00,2026-08-30T23:41:59.840435+00:00,2026-08-30T19:41:59.840435-04:00,2026-08-30T19:41:59.840435-04:00,propline_free_sample
2026-08-30,2026-08-30 20:05:00+00:00,Jeffrey Springs,3.5,under,9900,kalshi,176619,Athletics,Baltimore Orioles,2026-08-30T18:01:05.978338+00:00,2026-08-30T23:41:59.840435+00:00,2026-08-30T19:41:59.840435-04:00,2026-08-30T19:41:59.840435-04:00,propline_free_sample
2026-08-30,2026-08-30 20:05:00+00:00,Jeffrey Springs,4.5,over,-3233,kalshi,176619,Athletics,Baltimore Orioles,2026-08-30T20:03:56.254885+00:00,2026-08-30T23:41:59.840435+00:00,2026-08-30T19:41:59.840435-04:00,2026-08-30T19:41:59.840435-04:00,propline_free_sample
2026-08-30,2026-08-30 20:05:00+00:00,Jeffrey Springs,4.5,under,9900,kalshi,176619,Athletics,Baltimore Orioles,2026-08-30T20:03:56.254885+00:00,2026-08-30T23:41:59.840435+00:00,2026-08-30T19:41:59.840435-04:00,2026-08-30T19:41:59.840435-04:00,propline_free_sample
2026-08-30,2026-08-30 20:05:00+00:00,Jeffrey Springs,5.5,over,-194,kalshi,176619,Athletics,Baltimore Orioles,2026-08-30T17:41:58.898784+00:00,2026-08-30T23:41:59.840435+00:00,2026-08-30T19:41:59.840435-04:00,2026-08-30T19:41:59.840435-04:00,propline_free_sample
2026-08-30,2026-08-30 20:05:00+00:00,Jeffrey Springs,5.5,under,9900,kalshi,176619,Athletics,Baltimore Orioles,2026-08-30T17:41:58.898784+00:00,2026-08-30T23:41:59.840435+00:00,2026-08-30T19:41:59.840435-04:00,2026-08-30T19:41:59.840435-04:00,propline_free_sample
2026-08-30,2026-08-30 20:05:00+00:00,Jeffrey Springs,6.5,over,9900,kalshi,176619,Athletics,Baltimore Orioles,2026-08-30T20:03:56.254885+00:00,2026-08-30T23:41:59.840435+00:00,2026-08-30T19:41:59.840435-04:00,2026-08-30T19:41:59.840435-04:00,propline_free_sample
2026-08-30,2026-08-30 20:05:00+00:00,Jeffrey Springs,6.5,under,-1567,kalshi,176619,Athletics,Baltimore Orioles,2026-08-30T20:03:56.254885+00:00,2026-08-30T23:41:59.840435+00:00,2026-08-30T19:41:59.840435-04:00,2026-08-30T19:41:59.840435-04:00,propline_free_sample
2026-08-30,2026-08-30 20:05:00+00:00,Jeffrey Springs,7.5,over,9900,kalshi,176619,Athletics,Baltimore Orioles,2026-08-30T20:03:56.254885+00:00,2026-08-30T23:41:59.840435+00:00,2026-08-30T19:41:59.840435-04:00,2026-08-30T19:41:59.840435-04:00,propline_free_sample
2026-08-30,2026-08-30 20:05:00+00:00,Jeffrey Springs,7.5,under,-3233,kalshi,176619,Athletics,Baltimore Orioles,2026-08-30T20:03:56.254885+00:00,2026-08-30T23:41:59.840435+00:00,2026-08-30T19:41:59.840435-04:00,2026-08-30T19:41:59.840435-04:00,propline_free_sample
2026-08-30,2026-08-30 20:05:00+00:00,Jeffrey Springs,3.5,over,-310,prophetx,176619,Athletics,Baltimore Orioles,2026-08-30T18:56:51.156263+00:00,2026-08-30T23:41:59.840435+00:00,2026-08-30T19:41:59.840435-04:00,2026-08-30T19:41:59.840435-04:00,propline_free_sample
2026-08-30,2026-08-30 20:05:00+00:00,Jeffrey Springs,3.5,under,-108,prophetx,176619,Athletics,Baltimore Orioles,2026-08-30T18:40:43.314461+00:00,2026-08-30T23:41:59.840435+00:00,2026-08-30T19:41:59.840435-04:00,2026-08-30T19:41:59.840435-04:00,propline_free_sample
2026-08-30,2026-08-30 20:05:00+00:00,Jeffrey Springs,3.5,over,-223,novig,176619,Athletics,Baltimore Orioles,2026-08-30T19:49:02.723858+00:00,2026-08-30T23:41:59.840435+00:00,2026-08-30T19:41:59.840435-04:00,2026-08-30T19:41:59.840435-04:00,propline_free_sample
2026-08-30,2026-08-30 20:05:00+00:00,Jeffrey Springs,3.5,under,212,novig,176619,Athletics,Baltimore Orioles,2026-08-30T18:55:49.134909+00:00,2026-08-30T23:41:59.840435+00:00,2026-08-30T19:41:59.840435-04:00,2026-08-30T19:41:59.840435-04:00,propline_free_sample
2026-08-30,2026-08-30 20:05:00+00:00,Chris Bassitt,4.5,over,-175,betmgm,176619,Athletics,Baltimore Orioles,2026-08-30T17:13:01.136109+00:00,2026-08-30T23:41:59.840435+00:00,2026-08-30T19:41:59.840435-04:00,2026-08-30T19:41:59.840435-04:00,propline_free_sample
2026-08-30,2026-08-30 20:05:00+00:00,Chris Bassitt,4.5,under,130,betmgm,176619,Athletics,Baltimore Orioles,2026-08-30T17:13:01.136109+00:00,2026-08-30T23:41:59.840435+00:00,2026-08-30T19:41:59.840435-04:00,2026-08-30T19:41:59.840435-04:00,propline_free_sample
2026-08-30,2026-08-30 20:05:00+00:00,Jeffrey Springs,5.5,over,-175,betmgm,176619,Athletics,Baltimore Orioles,2026-08-30T18:33:05.813926+00:00,2026-08-30T23:41:59.840435+00:00,2026-08-30T19:41:59.840435-04:00,2026-08-30T19:41:59.840435-04:00,propline_free_sample
2026-08-30,2026-08-30 20:05:00+00:00,Jeffrey Springs,5.5,under,130,betmgm,176619,Athletics,Baltimore Orioles,2026-08-30T18:33:05.813926+00:00,2026-08-30T23:41:59.840435+00:00,2026-08-30T19:41:59.840435-04:00,2026-08-30T19:41:59.840435-04:00,propline_free_sample
2026-08-30,2026-08-30 20:05:00+00:00,Jeffrey Springs,4.5,over,100,prizepicks,176619,Athletics,Baltimore Orioles,2026-08-30T14:29:36.361833+00:00,2026-08-30T23:41:59.840435+00:00,2026-08-30T19:41:59.840435-04:00,2026-08-30T19:41:59.840435-04:00,propline_free_sample
2026-08-30,2026-08-30 20:05:00+00:00,Jeffrey Springs,4.5,under,100,prizepicks,176619,Athletics,Baltimore Orioles,2026-08-30T14:29:36.361833+00:00,2026-08-30T23:41:59.840435+00:00,2026-08-30T19:41:59.840435-04:00,2026-08-30T19:41:59.840435-04:00,propline_free_sample
2026-08-30,2026-08-30 20:05:00+00:00,Chris Bassitt,4.5,over,-103,betrivers,176619,Athletics,Baltimore Orioles,2026-08-30T20:02:59.272557+00:00,2026-08-30T23:41:59.840435+00:00,2026-08-30T19:41:59.840435-04:00,2026-08-30T19:41:59.840435-04:00,propline_free_sample
2026-08-30,2026-08-30 20:05:00+00:00,Chris Bassitt,4.5,under,-130,betrivers,176619,Athletics,Baltimore Orioles,2026-08-30T20:02:59.272557+00:00,2026-08-30T23:41:59.840435+00:00,2026-08-30T19:41:59.840435-04:00,2026-08-30T19:41:59.840435-04:00,propline_free_sample
2026-08-30,2026-08-30 20:05:00+00:00,Jeffrey Springs,4.5,over,-114,betrivers,176619,Athletics,Baltimore Orioles,2026-08-30T17:45:49.930909+00:00,2026-08-30T23:41:59.840435+00:00,2026-08-30T19:41:59.840435-04:00,2026-08-30T19:41:59.840435-04:00,propline_free_sample
2026-08-30,2026-08-30 20:05:00+00:00,Jeffrey Springs,4.5,under,-117,betrivers,176619,Athletics,Baltimore Orioles,2026-08-30T17:45:49.930909+00:00,2026-08-30T23:41:59.840435+00:00,2026-08-30T19:41:59.840435-04:00,2026-08-30T19:41:59.840435-04:00,propline_free_sample
2026-08-30,2026-08-30 20:05:00+00:00,Chris Bassitt,3.5,over,-182,novig,176619,Athletics,Baltimore Orioles,2026-08-30T19:07:05.650759+00:00,2026-08-30T23:41:59.840435+00:00,2026-08-30T19:41:59.840435-04:00,2026-08-30T19:41:59.840435-04:00,propline_free_sample
2026-08-30,2026-08-30 20:05:00+00:00,Chris Bassitt,3.5,under,167,novig,176619,Athletics,Baltimore Orioles,2026-08-30T17:53:38.796781+00:00,2026-08-30T23:41:59.840435+00:00,2026-08-30T19:41:59.840435-04:00,2026-08-30T19:41:59.840435-04:00,propline_free_sample
2026-08-30,2026-08-30 20:05:00+00:00,Chris Bassitt,5.5,over,285,novig,176619,Athletics,Baltimore Orioles,2026-08-30T17:55:08.446115+00:00,2026-08-30T23:41:59.840435+00:00,2026-08-30T19:41:59.840435-04:00,2026-08-30T19:41:59.840435-04:00,propline_free_sample
2026-08-30,2026-08-30 20:05:00+00:00,Chris Bassitt,5.5,under,-344,novig,176619,Athletics,Baltimore Orioles,2026-08-30T18:12:27.245186+00:00,2026-08-30T23:41:59.840435+00:00,2026-08-30T19:41:59.840435-04:00,2026-08-30T19:41:59.840435-04:00,propline_free_sample
2026-08-30,2026-08-30 20:05:00+00:00,Jeffrey Springs,2.5,over,-641,novig,176619,Athletics,Baltimore Orioles,2026-08-30T19:45:33.503383+00:00,2026-08-30T23:41:59.840435+00:00,2026-08-30T19:41:59.840435-04:00,2026-08-30T19:41:59.840435-04:00,propline_free_sample
2026-08-30,2026-08-30 20:05:00+00:00,Jeffrey Springs,2.5,under,270,novig,176619,Athletics,Baltimore Orioles,2026-08-30T12:15:10.457734+00:00,2026-08-30T23:41:59.840435+00:00,2026-08-30T19:41:59.840435-04:00,2026-08-30T19:41:59.840435-04:00,propline_free_sample
2026-08-30,2026-08-30 20:05:00+00:00,Jeffrey Springs,5.5,over,186,novig,176619,Athletics,Baltimore Orioles,2026-08-30T18:14:57.721274+00:00,2026-08-30T23:41:59.840435+00:00,2026-08-30T19:41:59.840435-04:00,2026-08-30T19:41:59.840435-04:00,propline_free_sample
2026-08-30,2026-08-30 20:05:00+00:00,Jeffrey Springs,5.5,under,-228,novig,176619,Athletics,Baltimore Orioles,2026-08-30T18:12:27.245186+00:00,2026-08-30T23:41:59.840435+00:00,2026-08-30T19:41:59.840435-04:00,2026-08-30T19:41:59.840435-04:00,propline_free_sample
2026-08-30,2026-08-30 20:05:00+00:00,Chris Bassitt,4.5,over,107,rebet,176619,Athletics,Baltimore Orioles,2026-08-30T19:13:04.134661+00:00,2026-08-30T23:41:59.840435+00:00,2026-08-30T19:41:59.840435-04:00,2026-08-30T19:41:59.840435-04:00,propline_free_sample
2026-08-30,2026-08-30 20:05:00+00:00,Chris Bassitt,4.5,under,-148,rebet,176619,Athletics,Baltimore Orioles,2026-08-30T19:13:04.134661+00:00,2026-08-30T23:41:59.840435+00:00,2026-08-30T19:41:59.840435-04:00,2026-08-30T19:41:59.840435-04:00,propline_free_sample
2026-08-30,2026-08-30 20:05:00+00:00,Jeffrey Springs,4.5,over,-117,rebet,176619,Athletics,Baltimore Orioles,2026-08-30T14:16:49.848608+00:00,2026-08-30T23:41:59.840435+00:00,2026-08-30T19:41:59.840435-04:00,2026-08-30T19:41:59.840435-04:00,propline_free_sample
2026-08-30,2026-08-30 20:05:00+00:00,Jeffrey Springs,4.5,under,-117,rebet,176619,Athletics,Baltimore Orioles,2026-08-30T14:16:49.848608+00:00,2026-08-30T23:41:59.840435+00:00,2026-08-30T19:41:59.840435-04:00,2026-08-30T19:41:59.840435-04:00,propline_free_sample
2026-08-30,2026-08-30 20:05:00+00:00,Chris Bassitt,4.5,over,104,pinnacle,176619,Athletics,Baltimore Orioles,2026-08-30T16:54:43.583848+00:00,2026-08-30T23:41:59.840435+00:00,2026-08-30T19:41:59.840435-04:00,2026-08-30T19:41:59.840435-04:00,propline_free_sample
2026-08-30,2026-08-30 20:05:00+00:00,Chris Bassitt,4.5,under,-138,pinnacle,176619,Athletics,Baltimore Orioles,2026-08-30T16:54:43.583848+00:00,2026-08-30T23:41:59.840435+00:00,2026-08-30T19:41:59.840435-04:00,2026-08-30T19:41:59.840435-04:00,propline_free_sample
2026-08-30,2026-08-30 20:05:00+00:00,Jeffrey Springs,4.5,over,-135,pinnacle,176619,Athletics,Baltimore Orioles,2026-08-30T18:40:20.504692+00:00,2026-08-30T23:41:59.840435+00:00,2026-08-30T19:41:59.840435-04:00,2026-08-30T19:41:59.840435-04:00,propline_free_sample
2026-08-30,2026-08-30 20:05:00+00:00,Jeffrey Springs,4.5,under,102,pinnacle,176619,Athletics,Baltimore Orioles,2026-08-30T18:40:20.504692+00:00,2026-08-30T23:41:59.840435+00:00,2026-08-30T19:41:59.840435-04:00,2026-08-30T19:41:59.840435-04:00,propline_free_sample
2026-08-30,2026-08-30 20:05:00+00:00,Chris Bassitt,4.5,over,100,prizepicks,176619,Athletics,Baltimore Orioles,2026-08-30T14:22:40.990098+00:00,2026-08-30T23:41:59.840435+00:00,2026-08-30T19:41:59.840435-04:00,2026-08-30T19:41:59.840435-04:00,propline_free_sample
2026-08-30,2026-08-30 20:05:00+00:00,Chris Bassitt,4.5,under,100,prizepicks,176619,Athletics,Baltimore Orioles,2026-08-30T14:22:40.990098+00:00,2026-08-30T23:41:59.840435+00:00,2026-08-30T19:41:59.840435-04:00,2026-08-30T19:41:59.840435-04:00,propline_free_sample
2026-08-30,2026-08-30 20:05:00+00:00,Jeffrey Springs,4.0,over,113,prophetx,176619,Athletics,Baltimore Orioles,2026-08-30T14:52:43.495766+00:00,2026-08-30T23:41:59.840435+00:00,2026-08-30T19:41:59.840435-04:00,2026-08-30T19:41:59.840435-04:00,propline_free_sample
2026-08-30,2026-08-30 20:05:00+00:00,Jeffrey Springs,4.0,under,-122,prophetx,176619,Athletics,Baltimore Orioles,2026-08-30T14:52:43.495766+00:00,2026-08-30T23:41:59.840435+00:00,2026-08-30T19:41:59.840435-04:00,2026-08-30T19:41:59.840435-04:00,propline_free_sample
2026-08-30,2026-08-30 20:05:00+00:00,Jeffrey Springs,8.5,over,100,prizepicks,176619,Athletics,Baltimore Orioles,2026-08-30T17:23:44.009979+00:00,2026-08-30T23:41:59.840435+00:00,2026-08-30T19:41:59.840435-04:00,2026-08-30T19:41:59.840435-04:00,propline_free_sample
2026-08-30,2026-08-30 20:05:00+00:00,Jeffrey Springs,8.5,under,100,prizepicks,176619,Athletics,Baltimore Orioles,2026-08-30T17:23:44.009979+00:00,2026-08-30T23:41:59.840435+00:00,2026-08-30T19:41:59.840435-04:00,2026-08-30T19:41:59.840435-04:00,propline_free_sample
2026-08-30,2026-08-30 19:10:00+00:00,Ethan Pecko,3.5,over,-106,fanduel,176440,New York Mets,Houston Astros,2026-08-30T18:46:12.301578+00:00,2026-08-30T23:41:59.840435+00:00,2026-08-30T19:41:59.840435-04:00,2026-08-30T19:41:59.840435-04:00,propline_free_sample
2026-08-30,2026-08-30 19:10:00+00:00,Ethan Pecko,3.5,under,-120,fanduel,176440,New York Mets,Houston Astros,2026-08-30T18:46:12.301578+00:00,2026-08-30T23:41:59.840435+00:00,2026-08-30T19:41:59.840435-04:00,2026-08-30T19:41:59.840435-04:00,propline_free_sample
2026-08-30,2026-08-30 19:10:00+00:00,Zac Thornton,3.5,over,102,fanduel,176440,New York Mets,Houston Astros,2026-08-30T19:08:37.313098+00:00,2026-08-30T23:41:59.840435+00:00,2026-08-30T19:41:59.840435-04:00,2026-08-30T19:41:59.840435-04:00,propline_free_sample
2026-08-30,2026-08-30 19:10:00+00:00,Zac Thornton,3.5,under,-130,fanduel,176440,New York Mets,Houston Astros,2026-08-30T19:08:37.313098+00:00,2026-08-30T23:41:59.840435+00:00,2026-08-30T19:41:59.840435-04:00,2026-08-30T19:41:59.840435-04:00,propline_free_sample
2026-08-30,2026-08-30 19:10:00+00:00,Zac Thornton,3.5,over,100,prizepicks,176440,New York Mets,Houston Astros,2026-08-29T23:52:23.703867+00:00,2026-08-30T23:41:59.840435+00:00,2026-08-30T19:41:59.840435-04:00,2026-08-30T19:41:59.840435-04:00,propline_free_sample
2026-08-30,2026-08-30 19:10:00+00:00,Zac Thornton,3.5,under,100,prizepicks,176440,New York Mets,Houston Astros,2026-08-29T23:52:23.703867+00:00,2026-08-30T23:41:59.840435+00:00,2026-08-30T19:41:59.840435-04:00,2026-08-30T19:41:59.840435-04:00,propline_free_sample
2026-08-30,2026-08-30 19:10:00+00:00,Ethan Pecko,3.5,over,100,prizepicks,176440,New York Mets,Houston Astros,2026-08-29T23:52:23.703867+00:00,2026-08-30T23:41:59.840435+00:00,2026-08-30T19:41:59.840435-04:00,2026-08-30T19:41:59.840435-04:00,propline_free_sample
2026-08-30,2026-08-30 19:10:00+00:00,Ethan Pecko,3.5,under,100,prizepicks,176440,New York Mets,Houston Astros,2026-08-29T23:52:23.703867+00:00,2026-08-30T23:41:59.840435+00:00,2026-08-30T19:41:59.840435-04:00,2026-08-30T19:41:59.840435-04:00,propline_free_sample
2026-08-30,2026-08-30 19:10:00+00:00,Ethan Pecko,4.5,over,100,prizepicks,176440,New York Mets,Houston Astros,2026-08-29T23:52:23.703867+00:00,2026-08-30T23:41:59.840435+00:00,2026-08-30T19:41:59.840435-04:00,2026-08-30T19:41:59.840435-04:00,propline_free_sample
2026-08-30,2026-08-30 19:10:00+00:00,Zac Thornton,4.5,over,100,prizepicks,176440,New York Mets,Houston Astros,2026-08-29T23:52:23.703867+00:00,2026-08-30T23:41:59.840435+00:00,2026-08-30T19:41:59.840435-04:00,2026-08-30T19:41:59.840435-04:00,propline_free_sample
2026-08-30,2026-08-30 19:10:00+00:00,Ethan Pecko,4.5,under,100,prizepicks,176440,New York Mets,Houston Astros,2026-08-29T23:52:23.703867+00:00,2026-08-30T23:41:59.840435+00:00,2026-08-30T19:41:59.840435-04:00,2026-08-30T19:41:59.840435-04:00,propline_free_sample
2026-08-30,2026-08-30 19:10:00+00:00,Zac Thornton,4.5,under,100,prizepicks,176440,New York Mets,Houston Astros,2026-08-29T23:52:23.703867+00:00,2026-08-30T23:41:59.840435+00:00,2026-08-30T19:41:59.840435-04:00,2026-08-30T19:41:59.840435-04:00,propline_free_sample
2026-08-30,2026-08-30 19:10:00+00:00,Ethan Pecko,5.5,over,100,prizepicks,176440,New York Mets,Houston Astros,2026-08-29T23:52:23.703867+00:00,2026-08-30T23:41:59.840435+00:00,2026-08-30T19:41:59.840435-04:00,2026-08-30T19:41:59.840435-04:00,propline_free_sample
2026-08-30,2026-08-30 19:10:00+00:00,Zac Thornton,5.5,over,100,prizepicks,176440,New York Mets,Houston Astros,2026-08-29T23:52:23.703867+00:00,2026-08-30T23:41:59.840435+00:00,2026-08-30T19:41:59.840435-04:00,2026-08-30T19:41:59.840435-04:00,propline_free_sample
2026-08-30,2026-08-30 19:10:00+00:00,Ethan Pecko,5.5,under,100,prizepicks,176440,New York Mets,Houston Astros,2026-08-29T23:52:23.703867+00:00,2026-08-30T23:41:59.840435+00:00,2026-08-30T19:41:59.840435-04:00,2026-08-30T19:41:59.840435-04:00,propline_free_sample
2026-08-30,2026-08-30 19:10:00+00:00,Zac Thornton,5.5,under,100,prizepicks,176440,New York Mets,Houston Astros,2026-08-29T23:52:23.703867+00:00,2026-08-30T23:41:59.840435+00:00,2026-08-30T19:41:59.840435-04:00,2026-08-30T19:41:59.840435-04:00,propline_free_sample
2026-08-30,2026-08-30 19:10:00+00:00,Ethan Pecko,2.5,over,100,prizepicks,176440,New York Mets,Houston Astros,2026-08-29T23:52:23.703867+00:00,2026-08-30T23:41:59.840435+00:00,2026-08-30T19:41:59.840435-04:00,2026-08-30T19:41:59.840435-04:00,propline_free_sample
2026-08-30,2026-08-30 19:10:00+00:00,Zac Thornton,2.5,over,100,prizepicks,176440,New York Mets,Houston Astros,2026-08-29T23:52:23.703867+00:00,2026-08-30T23:41:59.840435+00:00,2026-08-30T19:41:59.840435-04:00,2026-08-30T19:41:59.840435-04:00,propline_free_sample
2026-08-30,2026-08-30 19:10:00+00:00,Ethan Pecko,2.5,under,100,prizepicks,176440,New York Mets,Houston Astros,2026-08-29T23:52:23.703867+00:00,2026-08-30T23:41:59.840435+00:00,2026-08-30T19:41:59.840435-04:00,2026-08-30T19:41:59.840435-04:00,propline_free_sample
2026-08-30,2026-08-30 19:10:00+00:00,Zac Thornton,2.5,under,100,prizepicks,176440,New York Mets,Houston Astros,2026-08-29T23:52:23.703867+00:00,2026-08-30T23:41:59.840435+00:00,2026-08-30T19:41:59.840435-04:00,2026-08-30T19:41:59.840435-04:00,propline_free_sample
2026-08-30,2026-08-30 19:10:00+00:00,Ethan Pecko (HOU),3.5,over,-110,bovada,176440,New York Mets,Houston Astros,2026-08-30T18:12:46.270355+00:00,2026-08-30T23:41:59.840435+00:00,2026-08-30T19:41:59.840435-04:00,2026-08-30T19:41:59.840435-04:00,propline_free_sample
2026-08-30,2026-08-30 19:10:00+00:00,Ethan Pecko (HOU),3.5,under,-120,bovada,176440,New York Mets,Houston Astros,2026-08-30T18:12:46.270355+00:00,2026-08-30T23:41:59.840435+00:00,2026-08-30T19:41:59.840435-04:00,2026-08-30T19:41:59.840435-04:00,propline_free_sample
2026-08-30,2026-08-30 19:10:00+00:00,Zach Thornton (NYM),3.5,over,100,bovada,176440,New York Mets,Houston Astros,2026-08-30T18:28:56.989094+00:00,2026-08-30T23:41:59.840435+00:00,2026-08-30T19:41:59.840435-04:00,2026-08-30T19:41:59.840435-04:00,propline_free_sample
2026-08-30,2026-08-30 19:10:00+00:00,Zach Thornton (NYM),3.5,under,-130,bovada,176440,New York Mets,Houston Astros,2026-08-30T18:28:56.989094+00:00,2026-08-30T23:41:59.840435+00:00,2026-08-30T19:41:59.840435-04:00,2026-08-30T19:41:59.840435-04:00,propline_free_sample
2026-08-30,2026-08-30 19:10:00+00:00,Zac Thornton,3.5,over,-118,sleeper,176440,New York Mets,Houston Astros,2026-08-30T18:40:26.021386+00:00,2026-08-30T23:41:59.840435+00:00,2026-08-30T19:41:59.840435-04:00,2026-08-30T19:41:59.840435-04:00,propline_free_sample
2026-08-30,2026-08-30 19:10:00+00:00,Zac Thornton,3.5,under,-139,sleeper,176440,New York Mets,Houston Astros,2026-08-30T19:00:28.562681+00:00,2026-08-30T23:41:59.840435+00:00,2026-08-30T19:41:59.840435-04:00,2026-08-30T19:41:59.840435-04:00,propline_free_sample
2026-08-30,2026-08-30 19:10:00+00:00,Zac Thornton,6.5,over,100,prizepicks,176440,New York Mets,Houston Astros,2026-08-30T00:02:35.080800+00:00,2026-08-30T23:41:59.840435+00:00,2026-08-30T19:41:59.840435-04:00,2026-08-30T19:41:59.840435-04:00,propline_free_sample
2026-08-30,2026-08-30 19:10:00+00:00,Zac Thornton,6.5,under,100,prizepicks,176440,New York Mets,Houston Astros,2026-08-30T00:02:35.080800+00:00,2026-08-30T23:41:59.840435+00:00,2026-08-30T19:41:59.840435-04:00,2026-08-30T19:41:59.840435-04:00,propline_free_sample
2026-08-30,2026-08-30 19:10:00+00:00,Zac Thornton,7.5,over,100,prizepicks,176440,New York Mets,Houston Astros,2026-08-30T00:02:35.080800+00:00,2026-08-30T23:41:59.840435+00:00,2026-08-30T19:41:59.840435-04:00,2026-08-30T19:41:59.840435-04:00,propline_free_sample
2026-08-30,2026-08-30 19:10:00+00:00,Zac Thornton,7.5,under,100,prizepicks,176440,New York Mets,Houston Astros,2026-08-30T00:02:35.080800+00:00,2026-08-30T23:41:59.840435+00:00,2026-08-30T19:41:59.840435-04:00,2026-08-30T19:41:59.840435-04:00,propline_free_sample
2026-08-30,2026-08-30 19:10:00+00:00,Zach Thornton,3.5,over,104,novig,176440,New York Mets,Houston Astros,2026-08-30T19:02:21.172049+00:00,2026-08-30T23:41:59.840435+00:00,2026-08-30T19:41:59.840435-04:00,2026-08-30T19:41:59.840435-04:00,propline_free_sample
2026-08-30,2026-08-30 19:10:00+00:00,Zach Thornton,3.5,under,-147,novig,176440,New York Mets,Houston Astros,2026-08-30T19:09:10.196088+00:00,2026-08-30T23:41:59.840435+00:00,2026-08-30T19:41:59.840435-04:00,2026-08-30T19:41:59.840435-04:00,propline_free_sample
2026-08-30,2026-08-30 19:10:00+00:00,Ethan Pecko,6.5,over,100,prizepicks,176440,New York Mets,Houston Astros,2026-08-30T00:36:17.267971+00:00,2026-08-30T23:41:59.840435+00:00,2026-08-30T19:41:59.840435-04:00,2026-08-30T19:41:59.840435-04:00,propline_free_sample
2026-08-30,2026-08-30 19:10:00+00:00,Ethan Pecko,6.5,under,100,prizepicks,176440,New York Mets,Houston Astros,2026-08-30T00:36:17.267971+00:00,2026-08-30T23:41:59.840435+00:00,2026-08-30T19:41:59.840435-04:00,2026-08-30T19:41:59.840435-04:00,propline_free_sample
2026-08-30,2026-08-30 19:10:00+00:00,Ethan Pecko,1.5,over,100,prizepicks,176440,New York Mets,Houston Astros,2026-08-30T00:36:17.267971+00:00,2026-08-30T23:41:59.840435+00:00,2026-08-30T19:41:59.840435-04:00,2026-08-30T19:41:59.840435-04:00,propline_free_sample
2026-08-30,2026-08-30 19:10:00+00:00,Ethan Pecko,1.5,under,100,prizepicks,176440,New York Mets,Houston Astros,2026-08-30T00:36:17.267971+00:00,2026-08-30T23:41:59.840435+00:00,2026-08-30T19:41:59.840435-04:00,2026-08-30T19:41:59.840435-04:00,propline_free_sample
2026-08-30,2026-08-30 19:10:00+00:00,Ethan Pecko,3.5,over,-106,novig,176440,New York Mets,Houston Astros,2026-08-30T19:04:21.220488+00:00,2026-08-30T23:41:59.840435+00:00,2026-08-30T19:41:59.840435-04:00,2026-08-30T19:41:59.840435-04:00,propline_free_sample
2026-08-30,2026-08-30 19:10:00+00:00,Ethan Pecko,3.5,under,-125,novig,176440,New York Mets,Houston Astros,2026-08-30T19:04:21.220488+00:00,2026-08-30T23:41:59.840435+00:00,2026-08-30T19:41:59.840435-04:00,2026-08-30T19:41:59.840435-04:00,propline_free_sample
2026-08-30,2026-08-30 19:10:00+00:00,Ethan Pecko,3.5,over,109,prophetx,176440,New York Mets,Houston Astros,2026-08-30T17:54:19.589118+00:00,2026-08-30T23:41:59.840435+00:00,2026-08-30T19:41:59.840435-04:00,2026-08-30T19:41:59.840435-04:00,propline_free_sample
2026-08-30,2026-08-30 19:10:00+00:00,Ethan Pecko,3.5,under,-115,prophetx,176440,New York Mets,Houston Astros,2026-08-30T19:09:12.567378+00:00,2026-08-30T23:41:59.840435+00:00,2026-08-30T19:41:59.840435-04:00,2026-08-30T19:41:59.840435-04:00,propline_free_sample
2026-08-30,2026-08-30 19:10:00+00:00,Ethan Pecko,3.5,over,120,dabble,176440,New York Mets,Houston Astros,2026-08-30T03:53:57.476441+00:00,2026-08-30T23:41:59.840435+00:00,2026-08-30T19:41:59.840435-04:00,2026-08-30T19:41:59.840435-04:00,propline_free_sample
2026-08-30,2026-08-30 19:10:00+00:00,Zac Thornton,3.5,over,120,dabble,176440,New York Mets,Houston Astros,2026-08-30T17:23:48.127499+00:00,2026-08-30T23:41:59.840435+00:00,2026-08-30T19:41:59.840435-04:00,2026-08-30T19:41:59.840435-04:00,propline_free_sample
2026-08-30,2026-08-30 19:10:00+00:00,Ethan Pecko,3.5,under,-120,dabble,176440,New York Mets,Houston Astros,2026-08-30T03:53:57.476441+00:00,2026-08-30T23:41:59.840435+00:00,2026-08-30T19:41:59.840435-04:00,2026-08-30T19:41:59.840435-04:00,propline_free_sample
2026-08-30,2026-08-30 19:10:00+00:00,Zac Thornton,3.5,under,-119,dabble,176440,New York Mets,Houston Astros,2026-08-30T17:23:48.127499+00:00,2026-08-30T23:41:59.840435+00:00,2026-08-30T19:41:59.840435-04:00,2026-08-30T19:41:59.840435-04:00,propline_free_sample
2026-08-30,2026-08-30 19:10:00+00:00,Ethan Pecko,3.5,over,103,underdog,176440,New York Mets,Houston Astros,2026-08-30T18:25:01.135686+00:00,2026-08-30T23:41:59.840435+00:00,2026-08-30T19:41:59.840435-04:00,2026-08-30T19:41:59.840435-04:00,propline_free_sample
2026-08-30,2026-08-30 19:10:00+00:00,Zac Thornton,3.5,over,-109,underdog,176440,New York Mets,Houston Astros,2026-08-30T16:35:53.075640+00:00,2026-08-30T23:41:59.840435+00:00,2026-08-30T19:41:59.840435-04:00,2026-08-30T19:41:59.840435-04:00,propline_free_sample
2026-08-30,2026-08-30 19:10:00+00:00,Ethan Pecko,3.5,under,-139,underdog,176440,New York Mets,Houston Astros,2026-08-30T18:25:01.135686+00:00,2026-08-30T23:41:59.840435+00:00,2026-08-30T19:41:59.840435-04:00,2026-08-30T19:41:59.840435-04:00,propline_free_sample
2026-08-30,2026-08-30 19:10:00+00:00,Zac Thornton,3.5,under,-124,underdog,176440,New York Mets,Houston Astros,2026-08-30T16:35:53.075640+00:00,2026-08-30T23:41:59.840435+00:00,2026-08-30T19:41:59.840435-04:00,2026-08-30T19:41:59.840435-04:00,propline_free_sample
2026-08-30,2026-08-30 19:10:00+00:00,Ethan Pecko,3.5,over,-120,smarkets,176440,New York Mets,Houston Astros,2026-08-30T17:58:36.567615+00:00,2026-08-30T23:41:59.840435+00:00,2026-08-30T19:41:59.840435-04:00,2026-08-30T19:41:59.840435-04:00,propline_free_sample
2026-08-30,2026-08-30 19:10:00+00:00,Ethan Pecko,3.5,under,-116,smarkets,176440,New York Mets,Houston Astros,2026-08-30T17:01:41.514267+00:00,2026-08-30T23:41:59.840435+00:00,2026-08-30T19:41:59.840435-04:00,2026-08-30T19:41:59.840435-04:00,propline_free_sample
2026-08-30,2026-08-30 19:10:00+00:00,Zac Thornton,3.5,over,100,smarkets,176440,New York Mets,Houston Astros,2026-08-30T17:01:41.514267+00:00,2026-08-30T23:41:59.840435+00:00,2026-08-30T19:41:59.840435-04:00,2026-08-30T19:41:59.840435-04:00,propline_free_sample
2026-08-30,2026-08-30 19:10:00+00:00,Zac Thornton,3.5,under,-141,smarkets,176440,New York Mets,Houston Astros,2026-08-30T17:01:41.514267+00:00,2026-08-30T23:41:59.840435+00:00,2026-08-30T19:41:59.840435-04:00,2026-08-30T19:41:59.840435-04:00,propline_free_sample
2026-08-30,2026-08-30 19:10:00+00:00,Ethan Pecko,3.5,over,-120,sleeper,176440,New York Mets,Houston Astros,2026-08-30T18:56:27.546636+00:00,2026-08-30T23:41:59.840435+00:00,2026-08-30T19:41:59.840435-04:00,2026-08-30T19:41:59.840435-04:00,propline_free_sample
2026-08-30,2026-08-30 19:10:00+00:00,Ethan Pecko,3.5,under,-137,sleeper,176440,New York Mets,Houston Astros,2026-08-30T18:56:27.546636+00:00,2026-08-30T23:41:59.840435+00:00,2026-08-30T19:41:59.840435-04:00,2026-08-30T19:41:59.840435-04:00,propline_free_sample
2026-08-30,2026-08-30 19:10:00+00:00,Ethan Pecko,3.5,over,100,prizepicks,176440,New York Mets,Houston Astros,2026-08-30T01:27:26.419470+00:00,2026-08-30T23:41:59.840435+00:00,2026-08-30T19:41:59.840435-04:00,2026-08-30T19:41:59.840435-04:00,propline_free_sample
2026-08-30,2026-08-30 19:10:00+00:00,Ethan Pecko,3.5,under,100,prizepicks,176440,New York Mets,Houston Astros,2026-08-30T01:27:26.419470+00:00,2026-08-30T23:41:59.840435+00:00,2026-08-30T19:41:59.840435-04:00,2026-08-30T19:41:59.840435-04:00,propline_free_sample
2026-08-30,2026-08-30 19:10:00+00:00,Ethan Pecko,4.5,over,-160,fanatics,176440,New York Mets,Houston Astros,2026-08-30T19:09:28.446044+00:00,2026-08-30T23:41:59.840435+00:00,2026-08-30T19:41:59.840435-04:00,2026-08-30T19:41:59.840435-04:00,propline_free_sample
2026-08-30,2026-08-30 19:10:00+00:00,Ethan Pecko,4.5,under,120,fanatics,176440,New York Mets,Houston Astros,2026-08-30T19:09:28.446044+00:00,2026-08-30T23:41:59.840435+00:00,2026-08-30T19:41:59.840435-04:00,2026-08-30T19:41:59.840435-04:00,propline_free_sample
2026-08-30,2026-08-30 19:10:00+00:00,Zach Thornton,4.5,over,170,fanatics,176440,New York Mets,Houston Astros,2026-08-30T18:15:23.534451+00:00,2026-08-30T23:41:59.840435+00:00,2026-08-30T19:41:59.840435-04:00,2026-08-30T19:41:59.840435-04:00,propline_free_sample
2026-08-30,2026-08-30 19:10:00+00:00,Zach Thornton,4.5,under,-235,fanatics,176440,New York Mets,Houston Astros,2026-08-30T18:15:23.534451+00:00,2026-08-30T23:41:59.840435+00:00,2026-08-30T19:41:59.840435-04:00,2026-08-30T19:41:59.840435-04:00,propline_free_sample
2026-08-30,2026-08-30 19:10:00+00:00,Zac Thornton,1.5,over,100,prizepicks,176440,New York Mets,Houston Astros,2026-08-30T02:25:25.054255+00:00,2026-08-30T23:41:59.840435+00:00,2026-08-30T19:41:59.840435-04:00,2026-08-30T19:41:59.840435-04:00,propline_free_sample
2026-08-30,2026-08-30 19:10:00+00:00,Zac Thornton,1.5,under,100,prizepicks,176440,New York Mets,Houston Astros,2026-08-30T02:25:25.054255+00:00,2026-08-30T23:41:59.840435+00:00,2026-08-30T19:41:59.840435-04:00,2026-08-30T19:41:59.840435-04:00,propline_free_sample
2026-08-30,2026-08-30 19:10:00+00:00,Ethan Pecko,3.5,over,100,betr,176440,New York Mets,Houston Astros,2026-08-30T02:25:56.093201+00:00,2026-08-30T23:41:59.840435+00:00,2026-08-30T19:41:59.840435-04:00,2026-08-30T19:41:59.840435-04:00,propline_free_sample
2026-08-30,2026-08-30 19:10:00+00:00,Ethan Pecko,3.5,under,100,betr,176440,New York Mets,Houston Astros,2026-08-30T02:25:56.093201+00:00,2026-08-30T23:41:59.840435+00:00,2026-08-30T19:41:59.840435-04:00,2026-08-30T19:41:59.840435-04:00,propline_free_sample
2026-08-30,2026-08-30 19:10:00+00:00,Zac Thornton,3.5,over,100,betr,176440,New York Mets,Houston Astros,2026-08-30T02:33:31.373248+00:00,2026-08-30T23:41:59.840435+00:00,2026-08-30T19:41:59.840435-04:00,2026-08-30T19:41:59.840435-04:00,propline_free_sample
2026-08-30,2026-08-30 19:10:00+00:00,Zac Thornton,3.5,under,100,betr,176440,New York Mets,Houston Astros,2026-08-30T02:33:31.373248+00:00,2026-08-30T23:41:59.840435+00:00,2026-08-30T19:41:59.840435-04:00,2026-08-30T19:41:59.840435-04:00,propline_free_sample
2026-08-30,2026-08-30 19:10:00+00:00,Ethan Pecko,3.5,over,-130,onexbet,176440,New York Mets,Houston Astros,2026-08-30T09:06:41.465005+00:00,2026-08-30T23:41:59.840435+00:00,2026-08-30T19:41:59.840435-04:00,2026-08-30T19:41:59.840435-04:00,propline_free_sample
2026-08-30,2026-08-30 19:10:00+00:00,Zach Thornton,3.5,over,-120,onexbet,176440,New York Mets,Houston Astros,2026-08-30T09:06:41.465005+00:00,2026-08-30T23:41:59.840435+00:00,2026-08-30T19:41:59.840435-04:00,2026-08-30T19:41:59.840435-04:00,propline_free_sample
2026-08-30,2026-08-30 19:10:00+00:00,Ethan Pecko,3.5,under,-105,onexbet,176440,New York Mets,Houston Astros,2026-08-30T09:06:41.465005+00:00,2026-08-30T23:41:59.840435+00:00,2026-08-30T19:41:59.840435-04:00,2026-08-30T19:41:59.840435-04:00,propline_free_sample
2026-08-30,2026-08-30 19:10:00+00:00,Zach Thornton,3.5,under,-110,onexbet,176440,New York Mets,Houston Astros,2026-08-30T09:06:41.465005+00:00,2026-08-30T23:41:59.840435+00:00,2026-08-30T19:41:59.840435-04:00,2026-08-30T19:41:59.840435-04:00,propline_free_sample
2026-08-30,2026-08-30 19:10:00+00:00,Zac Thornton,3.5,over,-104,draftkings,176440,New York Mets,Houston Astros,2026-08-30T18:50:37.317799+00:00,2026-08-30T23:41:59.840435+00:00,2026-08-30T19:41:59.840435-04:00,2026-08-30T19:41:59.840435-04:00,propline_free_sample
2026-08-30,2026-08-30 19:10:00+00:00,Zac Thornton,3.5,under,-123,draftkings,176440,New York Mets,Houston Astros,2026-08-30T18:50:37.317799+00:00,2026-08-30T23:41:59.840435+00:00,2026-08-30T19:41:59.840435-04:00,2026-08-30T19:41:59.840435-04:00,propline_free_sample
2026-08-30,2026-08-30 19:10:00+00:00,Zach Thornton,1.5,over,-3233,kalshi,176440,New York Mets,Houston Astros,2026-08-30T18:51:04.574633+00:00,2026-08-30T23:41:59.840435+00:00,2026-08-30T19:41:59.840435-04:00,2026-08-30T19:41:59.840435-04:00,propline_free_sample
2026-08-30,2026-08-30 19:10:00+00:00,Zach Thornton,1.5,under,9900,kalshi,176440,New York Mets,Houston Astros,2026-08-30T18:51:04.574633+00:00,2026-08-30T23:41:59.840435+00:00,2026-08-30T19:41:59.840435-04:00,2026-08-30T19:41:59.840435-04:00,propline_free_sample
2026-08-30,2026-08-30 19:10:00+00:00,Zach Thornton,2.5,over,-4900,kalshi,176440,New York Mets,Houston Astros,2026-08-30T18:44:04.413875+00:00,2026-08-30T23:41:59.840435+00:00,2026-08-30T19:41:59.840435-04:00,2026-08-30T19:41:59.840435-04:00,propline_free_sample
2026-08-30,2026-08-30 19:10:00+00:00,Zach Thornton,2.5,under,9900,kalshi,176440,New York Mets,Houston Astros,2026-08-30T19:05:39.653994+00:00,2026-08-30T23:41:59.840435+00:00,2026-08-30T19:41:59.840435-04:00,2026-08-30T19:41:59.840435-04:00,propline_free_sample
2026-08-30,2026-08-30 19:10:00+00:00,Zach Thornton,3.5,over,-1900,kalshi,176440,New York Mets,Houston Astros,2026-08-30T18:26:34.333922+00:00,2026-08-30T23:41:59.840435+00:00,2026-08-30T19:41:59.840435-04:00,2026-08-30T19:41:59.840435-04:00,propline_free_sample
2026-08-30,2026-08-30 19:10:00+00:00,Zach Thornton,3.5,under,9900,kalshi,176440,New York Mets,Houston Astros,2026-08-30T18:21:14.543754+00:00,2026-08-30T23:41:59.840435+00:00,2026-08-30T19:41:59.840435-04:00,2026-08-30T19:41:59.840435-04:00,propline_free_sample
2026-08-30,2026-08-30 19:10:00+00:00,Zach Thornton,4.5,over,150,kalshi,176440,New York Mets,Houston Astros,2026-08-30T19:00:34.359350+00:00,2026-08-30T23:41:59.840435+00:00,2026-08-30T19:41:59.840435-04:00,2026-08-30T19:41:59.840435-04:00,propline_free_sample
2026-08-30,2026-08-30 19:10:00+00:00,Zach Thornton,4.5,under,9900,kalshi,176440,New York Mets,Houston Astros,2026-08-30T19:05:39.653994+00:00,2026-08-30T23:41:59.840435+00:00,2026-08-30T19:41:59.840435-04:00,2026-08-30T19:41:59.840435-04:00,propline_free_sample
2026-08-30,2026-08-30 19:10:00+00:00,Zach Thornton,5.5,over,9900,kalshi,176440,New York Mets,Houston Astros,2026-08-30T18:12:27.748757+00:00,2026-08-30T23:41:59.840435+00:00,2026-08-30T19:41:59.840435-04:00,2026-08-30T19:41:59.840435-04:00,propline_free_sample
2026-08-30,2026-08-30 19:10:00+00:00,Zach Thornton,5.5,under,-376,kalshi,176440,New York Mets,Houston Astros,2026-08-30T17:01:20.544513+00:00,2026-08-30T23:41:59.840435+00:00,2026-08-30T19:41:59.840435-04:00,2026-08-30T19:41:59.840435-04:00,propline_free_sample
2026-08-30,2026-08-30 19:10:00+00:00,Zach Thornton,6.5,over,9900,kalshi,176440,New York Mets,Houston Astros,2026-08-30T17:59:13.388843+00:00,2026-08-30T23:41:59.840435+00:00,2026-08-30T19:41:59.840435-04:00,2026-08-30T19:41:59.840435-04:00,propline_free_sample
2026-08-30,2026-08-30 19:10:00+00:00,Zach Thornton,6.5,under,-3233,kalshi,176440,New York Mets,Houston Astros,2026-08-30T19:05:39.653994+00:00,2026-08-30T23:41:59.840435+00:00,2026-08-30T19:41:59.840435-04:00,2026-08-30T19:41:59.840435-04:00,propline_free_sample
2026-08-30,2026-08-30 19:10:00+00:00,Ethan Pecko,3.5,over,106,draftkings,176440,New York Mets,Houston Astros,2026-08-30T16:58:53.232083+00:00,2026-08-30T23:41:59.840435+00:00,2026-08-30T19:41:59.840435-04:00,2026-08-30T19:41:59.840435-04:00,propline_free_sample
2026-08-30,2026-08-30 19:10:00+00:00,Ethan Pecko,3.5,under,-135,draftkings,176440,New York Mets,Houston Astros,2026-08-30T16:58:53.232083+00:00,2026-08-30T23:41:59.840435+00:00,2026-08-30T19:41:59.840435-04:00,2026-08-30T19:41:59.840435-04:00,propline_free_sample
2026-08-30,2026-08-30 19:10:00+00:00,Ethan Pecko,2.5,over,-239,novig,176440,New York Mets,Houston Astros,2026-08-30T17:15:58.488155+00:00,2026-08-30T23:41:59.840435+00:00,2026-08-30T19:41:59.840435-04:00,2026-08-30T19:41:59.840435-04:00,propline_free_sample
2026-08-30,2026-08-30 19:10:00+00:00,Ethan Pecko,2.5,under,160,novig,176440,New York Mets,Houston Astros,2026-08-30T18:57:12.551417+00:00,2026-08-30T23:41:59.840435+00:00,2026-08-30T19:41:59.840435-04:00,2026-08-30T19:41:59.840435-04:00,propline_free_sample
2026-08-30,2026-08-30 19:10:00+00:00,Ethan Pecko,4.5,over,251,novig,176440,New York Mets,Houston Astros,2026-08-30T17:17:11.848865+00:00,2026-08-30T23:41:59.840435+00:00,2026-08-30T19:41:59.840435-04:00,2026-08-30T19:41:59.840435-04:00,propline_free_sample
2026-08-30,2026-08-30 19:10:00+00:00,Ethan Pecko,4.5,under,-300,novig,176440,New York Mets,Houston Astros,2026-08-30T18:07:08.193220+00:00,2026-08-30T23:41:59.840435+00:00,2026-08-30T19:41:59.840435-04:00,2026-08-30T19:41:59.840435-04:00,propline_free_sample
2026-08-30,2026-08-30 19:10:00+00:00,Ethan Pecko,1.5,over,-809,kalshi,176440,New York Mets,Houston Astros,2026-08-30T17:59:13.388843+00:00,2026-08-30T23:41:59.840435+00:00,2026-08-30T19:41:59.840435-04:00,2026-08-30T19:41:59.840435-04:00,propline_free_sample
2026-08-30,2026-08-30 19:10:00+00:00,Ethan Pecko,1.5,under,9900,kalshi,176440,New York Mets,Houston Astros,2026-08-30T17:59:13.388843+00:00,2026-08-30T23:41:59.840435+00:00,2026-08-30T19:41:59.840435-04:00,2026-08-30T19:41:59.840435-04:00,propline_free_sample
2026-08-30,2026-08-30 19:10:00+00:00,Ethan Pecko,2.5,over,-809,kalshi,176440,New York Mets,Houston Astros,2026-08-30T19:09:14.563296+00:00,2026-08-30T23:41:59.840435+00:00,2026-08-30T19:41:59.840435-04:00,2026-08-30T19:41:59.840435-04:00,propline_free_sample
2026-08-30,2026-08-30 19:10:00+00:00,Ethan Pecko,2.5,under,9900,kalshi,176440,New York Mets,Houston Astros,2026-08-30T19:09:14.563296+00:00,2026-08-30T23:41:59.840435+00:00,2026-08-30T19:41:59.840435-04:00,2026-08-30T19:41:59.840435-04:00,propline_free_sample
2026-08-30,2026-08-30 19:10:00+00:00,Ethan Pecko,3.5,over,-4900,kalshi,176440,New York Mets,Houston Astros,2026-08-30T17:19:18.103695+00:00,2026-08-30T23:41:59.840435+00:00,2026-08-30T19:41:59.840435-04:00,2026-08-30T19:41:59.840435-04:00,propline_free_sample
2026-08-30,2026-08-30 19:10:00+00:00,Ethan Pecko,3.5,under,9900,kalshi,176440,New York Mets,Houston Astros,2026-08-30T17:19:18.103695+00:00,2026-08-30T23:41:59.840435+00:00,2026-08-30T19:41:59.840435-04:00,2026-08-30T19:41:59.840435-04:00,propline_free_sample
2026-08-30,2026-08-30 19:10:00+00:00,Ethan Pecko,4.5,over,9900,kalshi,176440,New York Mets,Houston Astros,2026-08-30T18:15:58.220038+00:00,2026-08-30T23:41:59.840435+00:00,2026-08-30T19:41:59.840435-04:00,2026-08-30T19:41:59.840435-04:00,propline_free_sample
2026-08-30,2026-08-30 19:10:00+00:00,Ethan Pecko,4.5,under,-1900,kalshi,176440,New York Mets,Houston Astros,2026-08-30T18:12:27.748757+00:00,2026-08-30T23:41:59.840435+00:00,2026-08-30T19:41:59.840435-04:00,2026-08-30T19:41:59.840435-04:00,propline_free_sample
2026-08-30,2026-08-30 19:10:00+00:00,Ethan Pecko,5.5,over,9900,kalshi,176440,New York Mets,Houston Astros,2026-08-30T19:04:07.327023+00:00,2026-08-30T23:41:59.840435+00:00,2026-08-30T19:41:59.840435-04:00,2026-08-30T19:41:59.840435-04:00,propline_free_sample
2026-08-30,2026-08-30 19:10:00+00:00,Ethan Pecko,5.5,under,-4900,kalshi,176440,New York Mets,Houston Astros,2026-08-30T17:59:13.388843+00:00,2026-08-30T23:41:59.840435+00:00,2026-08-30T19:41:59.840435-04:00,2026-08-30T19:41:59.840435-04:00,propline_free_sample
2026-08-30,2026-08-30 19:10:00+00:00,Ethan Pecko,6.5,over,9900,kalshi,176440,New York Mets,Houston Astros,2026-08-30T15:59:33.674567+00:00,2026-08-30T23:41:59.840435+00:00,2026-08-30T19:41:59.840435-04:00,2026-08-30T19:41:59.840435-04:00,propline_free_sample
2026-08-30,2026-08-30 19:10:00+00:00,Ethan Pecko,6.5,under,-4900,kalshi,176440,New York Mets,Houston Astros,2026-08-30T15:59:33.674567+00:00,2026-08-30T23:41:59.840435+00:00,2026-08-30T19:41:59.840435-04:00,2026-08-30T19:41:59.840435-04:00,propline_free_sample
2026-08-30,2026-08-30 19:10:00+00:00,Ethan Pecko,4.5,over,-190,betmgm,176440,New York Mets,Houston Astros,2026-08-30T16:57:19.209249+00:00,2026-08-30T23:41:59.840435+00:00,2026-08-30T19:41:59.840435-04:00,2026-08-30T19:41:59.840435-04:00,propline_free_sample
2026-08-30,2026-08-30 19:10:00+00:00,Ethan Pecko,4.5,under,140,betmgm,176440,New York Mets,Houston Astros,2026-08-30T16:57:19.209249+00:00,2026-08-30T23:41:59.840435+00:00,2026-08-30T19:41:59.840435-04:00,2026-08-30T19:41:59.840435-04:00,propline_free_sample
2026-08-30,2026-08-30 19:10:00+00:00,Zach Thornton,3.5,over,-185,betmgm,176440,New York Mets,Houston Astros,2026-08-30T16:37:27.596031+00:00,2026-08-30T23:41:59.840435+00:00,2026-08-30T19:41:59.840435-04:00,2026-08-30T19:41:59.840435-04:00,propline_free_sample
2026-08-30,2026-08-30 19:10:00+00:00,Zach Thornton,3.5,under,135,betmgm,176440,New York Mets,Houston Astros,2026-08-30T16:57:19.209249+00:00,2026-08-30T23:41:59.840435+00:00,2026-08-30T19:41:59.840435-04:00,2026-08-30T19:41:59.840435-04:00,propline_free_sample
2026-08-30,2026-08-30 19:10:00+00:00,Ethan Pecko,3.5,over,-114,betrivers,176440,New York Mets,Houston Astros,2026-08-30T16:39:34.427174+00:00,2026-08-30T23:41:59.840435+00:00,2026-08-30T19:41:59.840435-04:00,2026-08-30T19:41:59.840435-04:00,propline_free_sample
2026-08-30,2026-08-30 19:10:00+00:00,Ethan Pecko,3.5,under,-117,betrivers,176440,New York Mets,Houston Astros,2026-08-30T16:39:34.427174+00:00,2026-08-30T23:41:59.840435+00:00,2026-08-30T19:41:59.840435-04:00,2026-08-30T19:41:59.840435-04:00,propline_free_sample
2026-08-30,2026-08-30 19:10:00+00:00,Zac Thornton,3.5,over,-124,betrivers,176440,New York Mets,Houston Astros,2026-08-30T17:33:03.092678+00:00,2026-08-30T23:41:59.840435+00:00,2026-08-30T19:41:59.840435-04:00,2026-08-30T19:41:59.840435-04:00,propline_free_sample
2026-08-30,2026-08-30 19:10:00+00:00,Zac Thornton,3.5,under,-108,betrivers,176440,New York Mets,Houston Astros,2026-08-30T17:33:03.092678+00:00,2026-08-30T23:41:59.840435+00:00,2026-08-30T19:41:59.840435-04:00,2026-08-30T19:41:59.840435-04:00,propline_free_sample
2026-08-30,2026-08-30 19:10:00+00:00,Ethan Pecko,3.5,over,-111,rebet,176440,New York Mets,Houston Astros,2026-08-30T18:29:27.869321+00:00,2026-08-30T23:41:59.840435+00:00,2026-08-30T19:41:59.840435-04:00,2026-08-30T19:41:59.840435-04:00,propline_free_sample
2026-08-30,2026-08-30 19:10:00+00:00,Ethan Pecko,3.5,under,-124,rebet,176440,New York Mets,Houston Astros,2026-08-30T18:29:27.869321+00:00,2026-08-30T23:41:59.840435+00:00,2026-08-30T19:41:59.840435-04:00,2026-08-30T19:41:59.840435-04:00,propline_free_sample
2026-08-30,2026-08-30 19:10:00+00:00,Ethan Pecko,3.5,over,-113,pinnacle,176440,New York Mets,Houston Astros,2026-08-30T16:54:43.472923+00:00,2026-08-30T23:41:59.840435+00:00,2026-08-30T19:41:59.840435-04:00,2026-08-30T19:41:59.840435-04:00,propline_free_sample
2026-08-30,2026-08-30 19:10:00+00:00,Ethan Pecko,3.5,under,-117,pinnacle,176440,New York Mets,Houston Astros,2026-08-30T16:54:43.472923+00:00,2026-08-30T23:41:59.840435+00:00,2026-08-30T19:41:59.840435-04:00,2026-08-30T19:41:59.840435-04:00,propline_free_sample
2026-08-30,2026-08-30 19:10:00+00:00,Zac Thornton,3.5,over,103,pinnacle,176440,New York Mets,Houston Astros,2026-08-30T17:25:54.724082+00:00,2026-08-30T23:41:59.840435+00:00,2026-08-30T19:41:59.840435-04:00,2026-08-30T19:41:59.840435-04:00,propline_free_sample
2026-08-30,2026-08-30 19:10:00+00:00,Zac Thornton,3.5,under,-136,pinnacle,176440,New York Mets,Houston Astros,2026-08-30T17:25:54.724082+00:00,2026-08-30T23:41:59.840435+00:00,2026-08-30T19:41:59.840435-04:00,2026-08-30T19:41:59.840435-04:00,propline_free_sample
2026-08-30,2026-08-30 19:10:00+00:00,Zac Thornton,3.5,over,108,prophetx,176440,New York Mets,Houston Astros,2026-08-30T18:42:37.680644+00:00,2026-08-30T23:41:59.840435+00:00,2026-08-30T19:41:59.840435-04:00,2026-08-30T19:41:59.840435-04:00,propline_free_sample
2026-08-30,2026-08-30 19:10:00+00:00,Zac Thornton,3.5,under,-124,prophetx,176440,New York Mets,Houston Astros,2026-08-30T19:09:12.567378+00:00,2026-08-30T23:41:59.840435+00:00,2026-08-30T19:41:59.840435-04:00,2026-08-30T19:41:59.840435-04:00,propline_free_sample
2026-08-30,2026-08-30 19:10:00+00:00,Zach Thornton,2.5,over,-277,novig,176440,New York Mets,Houston Astros,2026-08-30T18:59:08.259643+00:00,2026-08-30T23:41:59.840435+00:00,2026-08-30T19:41:59.840435-04:00,2026-08-30T19:41:59.840435-04:00,propline_free_sample
2026-08-30,2026-08-30 19:10:00+00:00,Zach Thornton,2.5,under,203,novig,176440,New York Mets,Houston Astros,2026-08-30T18:46:45.514296+00:00,2026-08-30T23:41:59.840435+00:00,2026-08-30T19:41:59.840435-04:00,2026-08-30T19:41:59.840435-04:00,propline_free_sample
2026-08-30,2026-08-30 19:10:00+00:00,Zach Thornton,4.5,over,233,novig,176440,New York Mets,Houston Astros,2026-08-30T19:00:58.111115+00:00,2026-08-30T23:41:59.840435+00:00,2026-08-30T19:41:59.840435-04:00,2026-08-30T19:41:59.840435-04:00,propline_free_sample
2026-08-30,2026-08-30 19:10:00+00:00,Zach Thornton,4.5,under,-308,novig,176440,New York Mets,Houston Astros,2026-08-30T19:00:58.111115+00:00,2026-08-30T23:41:59.840435+00:00,2026-08-30T19:41:59.840435-04:00,2026-08-30T19:41:59.840435-04:00,propline_free_sample
2026-08-30,2026-08-30 18:15:00+00:00,Braxton Ashcraft,4.5,over,-170,underdog,176292,St. Louis Cardinals,Pittsburgh Pirates,2026-08-30T18:06:46.753660+00:00,2026-08-30T23:41:59.840435+00:00,2026-08-30T19:41:59.840435-04:00,2026-08-30T19:41:59.840435-04:00,propline_free_sample
2026-08-30,2026-08-30 18:15:00+00:00,Matthew Liberatore,5.5,over,-143,underdog,176292,St. Louis Cardinals,Pittsburgh Pirates,2026-08-30T16:50:22.992960+00:00,2026-08-30T23:41:59.840435+00:00,2026-08-30T19:41:59.840435-04:00,2026-08-30T19:41:59.840435-04:00,propline_free_sample
2026-08-30,2026-08-30 18:15:00+00:00,Braxton Ashcraft,4.5,under,125,underdog,176292,St. Louis Cardinals,Pittsburgh Pirates,2026-08-30T18:06:46.753660+00:00,2026-08-30T23:41:59.840435+00:00,2026-08-30T19:41:59.840435-04:00,2026-08-30T19:41:59.840435-04:00,propline_free_sample
2026-08-30,2026-08-30 18:15:00+00:00,Matthew Liberatore,5.5,under,105,underdog,176292,St. Louis Cardinals,Pittsburgh Pirates,2026-08-30T16:50:22.992960+00:00,2026-08-30T23:41:59.840435+00:00,2026-08-30T19:41:59.840435-04:00,2026-08-30T19:41:59.840435-04:00,propline_free_sample
2026-08-30,2026-08-30 18:15:00+00:00,Braxton Ashcraft,5.5,over,120,dabble,176292,St. Louis Cardinals,Pittsburgh Pirates,2026-08-30T07:24:17.914655+00:00,2026-08-30T23:41:59.840435+00:00,2026-08-30T19:41:59.840435-04:00,2026-08-30T19:41:59.840435-04:00,propline_free_sample
2026-08-30,2026-08-30 18:15:00+00:00,Matthew Liberatore,5.5,over,-120,dabble,176292,St. Louis Cardinals,Pittsburgh Pirates,2026-08-30T16:56:56.477093+00:00,2026-08-30T23:41:59.840435+00:00,2026-08-30T19:41:59.840435-04:00,2026-08-30T19:41:59.840435-04:00,propline_free_sample
2026-08-30,2026-08-30 18:15:00+00:00,Braxton Ashcraft,5.5,under,-120,dabble,176292,St. Louis Cardinals,Pittsburgh Pirates,2026-08-30T07:24:17.914655+00:00,2026-08-30T23:41:59.840435+00:00,2026-08-30T19:41:59.840435-04:00,2026-08-30T19:41:59.840435-04:00,propline_free_sample
2026-08-30,2026-08-30 18:15:00+00:00,Matthew Liberatore,5.5,under,122,dabble,176292,St. Louis Cardinals,Pittsburgh Pirates,2026-08-30T16:56:56.477093+00:00,2026-08-30T23:41:59.840435+00:00,2026-08-30T19:41:59.840435-04:00,2026-08-30T19:41:59.840435-04:00,propline_free_sample
2026-08-30,2026-08-30 18:15:00+00:00,Braxton Ashcraft,5.5,over,120,smarkets,176292,St. Louis Cardinals,Pittsburgh Pirates,2026-08-30T16:57:15.800863+00:00,2026-08-30T23:41:59.840435+00:00,2026-08-30T19:41:59.840435-04:00,2026-08-30T19:41:59.840435-04:00,propline_free_sample
2026-08-30,2026-08-30 18:15:00+00:00,Braxton Ashcraft,5.5,under,-169,smarkets,176292,St. Louis Cardinals,Pittsburgh Pirates,2026-08-30T17:56:22.830324+00:00,2026-08-30T23:41:59.840435+00:00,2026-08-30T19:41:59.840435-04:00,2026-08-30T19:41:59.840435-04:00,propline_free_sample
2026-08-30,2026-08-30 18:15:00+00:00,Matthew Liberatore,5.5,over,-143,smarkets,176292,St. Louis Cardinals,Pittsburgh Pirates,2026-08-30T16:57:15.800863+00:00,2026-08-30T23:41:59.840435+00:00,2026-08-30T19:41:59.840435-04:00,2026-08-30T19:41:59.840435-04:00,propline_free_sample
2026-08-30,2026-08-30 18:15:00+00:00,Matthew Liberatore,5.5,under,102,smarkets,176292,St. Louis Cardinals,Pittsburgh Pirates,2026-08-30T16:57:15.800863+00:00,2026-08-30T23:41:59.840435+00:00,2026-08-30T19:41:59.840435-04:00,2026-08-30T19:41:59.840435-04:00,propline_free_sample
2026-08-30,2026-08-30 18:15:00+00:00,Braxton Ashcraft,5.0,over,100,prizepicks,176292,St. Louis Cardinals,Pittsburgh Pirates,2026-08-30T11:08:18.862753+00:00,2026-08-30T23:41:59.840435+00:00,2026-08-30T19:41:59.840435-04:00,2026-08-30T19:41:59.840435-04:00,propline_free_sample
2026-08-30,2026-08-30 18:15:00+00:00,Matthew Liberatore,5.5,over,100,prizepicks,176292,St. Louis Cardinals,Pittsburgh Pirates,2026-08-30T01:44:42.675300+00:00,2026-08-30T23:41:59.840435+00:00,2026-08-30T19:41:59.840435-04:00,2026-08-30T19:41:59.840435-04:00,propline_free_sample
2026-08-30,2026-08-30 18:15:00+00:00,Braxton Ashcraft,5.0,under,100,prizepicks,176292,St. Louis Cardinals,Pittsburgh Pirates,2026-08-30T11:08:18.862753+00:00,2026-08-30T23:41:59.840435+00:00,2026-08-30T19:41:59.840435-04:00,2026-08-30T19:41:59.840435-04:00,propline_free_sample
2026-08-30,2026-08-30 18:15:00+00:00,Matthew Liberatore,5.5,under,100,prizepicks,176292,St. Louis Cardinals,Pittsburgh Pirates,2026-08-30T01:44:42.675300+00:00,2026-08-30T23:41:59.840435+00:00,2026-08-30T19:41:59.840435-04:00,2026-08-30T19:41:59.840435-04:00,propline_free_sample
2026-08-30,2026-08-30 18:15:00+00:00,Braxton Ashcraft,6.5,over,100,prizepicks,176292,St. Louis Cardinals,Pittsburgh Pirates,2026-08-30T01:44:42.675300+00:00,2026-08-30T23:41:59.840435+00:00,2026-08-30T19:41:59.840435-04:00,2026-08-30T19:41:59.840435-04:00,propline_free_sample
2026-08-30,2026-08-30 18:15:00+00:00,Matthew Liberatore,6.5,over,100,prizepicks,176292,St. Louis Cardinals,Pittsburgh Pirates,2026-08-30T01:44:42.675300+00:00,2026-08-30T23:41:59.840435+00:00,2026-08-30T19:41:59.840435-04:00,2026-08-30T19:41:59.840435-04:00,propline_free_sample
2026-08-30,2026-08-30 18:15:00+00:00,Braxton Ashcraft,6.5,under,100,prizepicks,176292,St. Louis Cardinals,Pittsburgh Pirates,2026-08-30T01:44:42.675300+00:00,2026-08-30T23:41:59.840435+00:00,2026-08-30T19:41:59.840435-04:00,2026-08-30T19:41:59.840435-04:00,propline_free_sample
2026-08-30,2026-08-30 18:15:00+00:00,Matthew Liberatore,6.5,under,100,prizepicks,176292,St. Louis Cardinals,Pittsburgh Pirates,2026-08-30T01:44:42.675300+00:00,2026-08-30T23:41:59.840435+00:00,2026-08-30T19:41:59.840435-04:00,2026-08-30T19:41:59.840435-04:00,propline_free_sample
2026-08-30,2026-08-30 18:15:00+00:00,Matthew Liberatore,9.5,over,100,prizepicks,176292,St. Louis Cardinals,Pittsburgh Pirates,2026-08-30T01:44:42.675300+00:00,2026-08-30T23:41:59.840435+00:00,2026-08-30T19:41:59.840435-04:00,2026-08-30T19:41:59.840435-04:00,propline_free_sample
2026-08-30,2026-08-30 18:15:00+00:00,Matthew Liberatore,9.5,under,100,prizepicks,176292,St. Louis Cardinals,Pittsburgh Pirates,2026-08-30T01:44:42.675300+00:00,2026-08-30T23:41:59.840435+00:00,2026-08-30T19:41:59.840435-04:00,2026-08-30T19:41:59.840435-04:00,propline_free_sample
2026-08-30,2026-08-30 18:15:00+00:00,Braxton Ashcraft,3.5,over,100,prizepicks,176292,St. Louis Cardinals,Pittsburgh Pirates,2026-08-30T01:44:42.675300+00:00,2026-08-30T23:41:59.840435+00:00,2026-08-30T19:41:59.840435-04:00,2026-08-30T19:41:59.840435-04:00,propline_free_sample
2026-08-30,2026-08-30 18:15:00+00:00,Matthew Liberatore,3.5,over,100,prizepicks,176292,St. Louis Cardinals,Pittsburgh Pirates,2026-08-30T01:44:42.675300+00:00,2026-08-30T23:41:59.840435+00:00,2026-08-30T19:41:59.840435-04:00,2026-08-30T19:41:59.840435-04:00,propline_free_sample
2026-08-30,2026-08-30 18:15:00+00:00,Braxton Ashcraft,3.5,under,100,prizepicks,176292,St. Louis Cardinals,Pittsburgh Pirates,2026-08-30T01:44:42.675300+00:00,2026-08-30T23:41:59.840435+00:00,2026-08-30T19:41:59.840435-04:00,2026-08-30T19:41:59.840435-04:00,propline_free_sample
2026-08-30,2026-08-30 18:15:00+00:00,Matthew Liberatore,3.5,under,100,prizepicks,176292,St. Louis Cardinals,Pittsburgh Pirates,2026-08-30T01:44:42.675300+00:00,2026-08-30T23:41:59.840435+00:00,2026-08-30T19:41:59.840435-04:00,2026-08-30T19:41:59.840435-04:00,propline_free_sample
2026-08-30,2026-08-30 18:15:00+00:00,Braxton Ashcraft,5.5,over,106,sleeper,176292,St. Louis Cardinals,Pittsburgh Pirates,2026-08-30T17:49:57.437695+00:00,2026-08-30T23:41:59.840435+00:00,2026-08-30T19:41:59.840435-04:00,2026-08-30T19:41:59.840435-04:00,propline_free_sample
2026-08-30,2026-08-30 18:15:00+00:00,Matthew Liberatore,5.5,over,-159,sleeper,176292,St. Louis Cardinals,Pittsburgh Pirates,2026-08-30T17:30:38.362140+00:00,2026-08-30T23:41:59.840435+00:00,2026-08-30T19:41:59.840435-04:00,2026-08-30T19:41:59.840435-04:00,propline_free_sample
2026-08-30,2026-08-30 18:15:00+00:00,Braxton Ashcraft,5.5,under,-179,sleeper,176292,St. Louis Cardinals,Pittsburgh Pirates,2026-08-30T16:39:31.009130+00:00,2026-08-30T23:41:59.840435+00:00,2026-08-30T19:41:59.840435-04:00,2026-08-30T19:41:59.840435-04:00,propline_free_sample
2026-08-30,2026-08-30 18:15:00+00:00,Matthew Liberatore,5.5,under,-104,sleeper,176292,St. Louis Cardinals,Pittsburgh Pirates,2026-08-30T17:30:38.362140+00:00,2026-08-30T23:41:59.840435+00:00,2026-08-30T19:41:59.840435-04:00,2026-08-30T19:41:59.840435-04:00,propline_free_sample
2026-08-30,2026-08-30 18:15:00+00:00,Braxton Ashcraft,5.0,over,100,betr,176292,St. Louis Cardinals,Pittsburgh Pirates,2026-08-30T04:10:59.066000+00:00,2026-08-30T23:41:59.840435+00:00,2026-08-30T19:41:59.840435-04:00,2026-08-30T19:41:59.840435-04:00,propline_free_sample
2026-08-30,2026-08-30 18:15:00+00:00,Matthew Liberatore,5.5,over,100,betr,176292,St. Louis Cardinals,Pittsburgh Pirates,2026-08-30T03:06:13.214592+00:00,2026-08-30T23:41:59.840435+00:00,2026-08-30T19:41:59.840435-04:00,2026-08-30T19:41:59.840435-04:00,propline_free_sample
2026-08-30,2026-08-30 18:15:00+00:00,Braxton Ashcraft,5.0,under,100,betr,176292,St. Louis Cardinals,Pittsburgh Pirates,2026-08-30T04:10:59.066000+00:00,2026-08-30T23:41:59.840435+00:00,2026-08-30T19:41:59.840435-04:00,2026-08-30T19:41:59.840435-04:00,propline_free_sample
2026-08-30,2026-08-30 18:15:00+00:00,Matthew Liberatore,5.5,under,100,betr,176292,St. Louis Cardinals,Pittsburgh Pirates,2026-08-30T03:06:13.214592+00:00,2026-08-30T23:41:59.840435+00:00,2026-08-30T19:41:59.840435-04:00,2026-08-30T19:41:59.840435-04:00,propline_free_sample
2026-08-30,2026-08-30 18:15:00+00:00,Braxton Ashcraft (PIT),5.5,over,120,bovada,176292,St. Louis Cardinals,Pittsburgh Pirates,2026-08-30T16:31:30.585835+00:00,2026-08-30T23:41:59.840435+00:00,2026-08-30T19:41:59.840435-04:00,2026-08-30T19:41:59.840435-04:00,propline_free_sample
2026-08-30,2026-08-30 18:15:00+00:00,Braxton Ashcraft (PIT),5.5,under,-160,bovada,176292,St. Louis Cardinals,Pittsburgh Pirates,2026-08-30T16:31:30.585835+00:00,2026-08-30T23:41:59.840435+00:00,2026-08-30T19:41:59.840435-04:00,2026-08-30T19:41:59.840435-04:00,propline_free_sample
2026-08-30,2026-08-30 18:15:00+00:00,Matthew Liberatore (STL),5.5,over,-135,bovada,176292,St. Louis Cardinals,Pittsburgh Pirates,2026-08-30T15:59:14.560513+00:00,2026-08-30T23:41:59.840435+00:00,2026-08-30T19:41:59.840435-04:00,2026-08-30T19:41:59.840435-04:00,propline_free_sample
2026-08-30,2026-08-30 18:15:00+00:00,Matthew Liberatore (STL),5.5,under,105,bovada,176292,St. Louis Cardinals,Pittsburgh Pirates,2026-08-30T15:59:14.560513+00:00,2026-08-30T23:41:59.840435+00:00,2026-08-30T19:41:59.840435-04:00,2026-08-30T19:41:59.840435-04:00,propline_free_sample
2026-08-30,2026-08-30 18:15:00+00:00,Braxton Ashcraft,5.5,over,120,fanduel,176292,St. Louis Cardinals,Pittsburgh Pirates,2026-08-30T16:16:14.123832+00:00,2026-08-30T23:41:59.840435+00:00,2026-08-30T19:41:59.840435-04:00,2026-08-30T19:41:59.840435-04:00,propline_free_sample
2026-08-30,2026-08-30 18:15:00+00:00,Braxton Ashcraft,5.5,under,-154,fanduel,176292,St. Louis Cardinals,Pittsburgh Pirates,2026-08-30T16:16:14.123832+00:00,2026-08-30T23:41:59.840435+00:00,2026-08-30T19:41:59.840435-04:00,2026-08-30T19:41:59.840435-04:00,propline_free_sample
2026-08-30,2026-08-30 18:15:00+00:00,Matthew Liberatore,5.5,over,-136,fanduel,176292,St. Louis Cardinals,Pittsburgh Pirates,2026-08-30T15:48:20.973959+00:00,2026-08-30T23:41:59.840435+00:00,2026-08-30T19:41:59.840435-04:00,2026-08-30T19:41:59.840435-04:00,propline_free_sample
2026-08-30,2026-08-30 18:15:00+00:00,Matthew Liberatore,5.5,under,106,fanduel,176292,St. Louis Cardinals,Pittsburgh Pirates,2026-08-30T15:48:20.973959+00:00,2026-08-30T23:41:59.840435+00:00,2026-08-30T19:41:59.840435-04:00,2026-08-30T19:41:59.840435-04:00,propline_free_sample
2026-08-30,2026-08-30 18:15:00+00:00,Braxton Ashcraft,5.5,over,-104,novig,176292,St. Louis Cardinals,Pittsburgh Pirates,2026-08-30T18:14:26.775884+00:00,2026-08-30T23:41:59.840435+00:00,2026-08-30T19:41:59.840435-04:00,2026-08-30T19:41:59.840435-04:00,propline_free_sample
2026-08-30,2026-08-30 18:15:00+00:00,Braxton Ashcraft,5.5,under,-194,novig,176292,St. Louis Cardinals,Pittsburgh Pirates,2026-08-30T18:12:26.357927+00:00,2026-08-30T23:41:59.840435+00:00,2026-08-30T19:41:59.840435-04:00,2026-08-30T19:41:59.840435-04:00,propline_free_sample
2026-08-30,2026-08-30 18:15:00+00:00,Matthew Liberatore,5.5,over,-138,novig,176292,St. Louis Cardinals,Pittsburgh Pirates,2026-08-30T18:13:02.883646+00:00,2026-08-30T23:41:59.840435+00:00,2026-08-30T19:41:59.840435-04:00,2026-08-30T19:41:59.840435-04:00,propline_free_sample
2026-08-30,2026-08-30 18:15:00+00:00,Matthew Liberatore,5.5,under,-117,novig,176292,St. Louis Cardinals,Pittsburgh Pirates,2026-08-30T18:12:26.357927+00:00,2026-08-30T23:41:59.840435+00:00,2026-08-30T19:41:59.840435-04:00,2026-08-30T19:41:59.840435-04:00,propline_free_sample
2026-08-30,2026-08-30 18:15:00+00:00,Braxton Ashcraft,7.5,over,100,prizepicks,176292,St. Louis Cardinals,Pittsburgh Pirates,2026-08-30T03:23:34.110278+00:00,2026-08-30T23:41:59.840435+00:00,2026-08-30T19:41:59.840435-04:00,2026-08-30T19:41:59.840435-04:00,propline_free_sample
2026-08-30,2026-08-30 18:15:00+00:00,Matthew Liberatore,7.5,over,100,prizepicks,176292,St. Louis Cardinals,Pittsburgh Pirates,2026-08-30T03:23:34.110278+00:00,2026-08-30T23:41:59.840435+00:00,2026-08-30T19:41:59.840435-04:00,2026-08-30T19:41:59.840435-04:00,propline_free_sample
2026-08-30,2026-08-30 18:15:00+00:00,Braxton Ashcraft,7.5,under,100,prizepicks,176292,St. Louis Cardinals,Pittsburgh Pirates,2026-08-30T03:23:34.110278+00:00,2026-08-30T23:41:59.840435+00:00,2026-08-30T19:41:59.840435-04:00,2026-08-30T19:41:59.840435-04:00,propline_free_sample
2026-08-30,2026-08-30 18:15:00+00:00,Matthew Liberatore,7.5,under,100,prizepicks,176292,St. Louis Cardinals,Pittsburgh Pirates,2026-08-30T03:23:34.110278+00:00,2026-08-30T23:41:59.840435+00:00,2026-08-30T19:41:59.840435-04:00,2026-08-30T19:41:59.840435-04:00,propline_free_sample
2026-08-30,2026-08-30 18:15:00+00:00,Braxton Ashcraft,8.5,over,100,prizepicks,176292,St. Louis Cardinals,Pittsburgh Pirates,2026-08-30T03:23:34.110278+00:00,2026-08-30T23:41:59.840435+00:00,2026-08-30T19:41:59.840435-04:00,2026-08-30T19:41:59.840435-04:00,propline_free_sample
2026-08-30,2026-08-30 18:15:00+00:00,Matthew Liberatore,8.5,over,100,prizepicks,176292,St. Louis Cardinals,Pittsburgh Pirates,2026-08-30T03:23:34.110278+00:00,2026-08-30T23:41:59.840435+00:00,2026-08-30T19:41:59.840435-04:00,2026-08-30T19:41:59.840435-04:00,propline_free_sample
2026-08-30,2026-08-30 18:15:00+00:00,Braxton Ashcraft,8.5,under,100,prizepicks,176292,St. Louis Cardinals,Pittsburgh Pirates,2026-08-30T03:23:34.110278+00:00,2026-08-30T23:41:59.840435+00:00,2026-08-30T19:41:59.840435-04:00,2026-08-30T19:41:59.840435-04:00,propline_free_sample
2026-08-30,2026-08-30 18:15:00+00:00,Matthew Liberatore,8.5,under,100,prizepicks,176292,St. Louis Cardinals,Pittsburgh Pirates,2026-08-30T03:23:34.110278+00:00,2026-08-30T23:41:59.840435+00:00,2026-08-30T19:41:59.840435-04:00,2026-08-30T19:41:59.840435-04:00,propline_free_sample
2026-08-30,2026-08-30 18:15:00+00:00,Braxton Ashcraft,4.5,over,100,prizepicks,176292,St. Louis Cardinals,Pittsburgh Pirates,2026-08-30T03:23:34.110278+00:00,2026-08-30T23:41:59.840435+00:00,2026-08-30T19:41:59.840435-04:00,2026-08-30T19:41:59.840435-04:00,propline_free_sample
2026-08-30,2026-08-30 18:15:00+00:00,Matthew Liberatore,4.5,over,100,prizepicks,176292,St. Louis Cardinals,Pittsburgh Pirates,2026-08-30T03:23:34.110278+00:00,2026-08-30T23:41:59.840435+00:00,2026-08-30T19:41:59.840435-04:00,2026-08-30T19:41:59.840435-04:00,propline_free_sample
2026-08-30,2026-08-30 18:15:00+00:00,Braxton Ashcraft,4.5,under,100,prizepicks,176292,St. Louis Cardinals,Pittsburgh Pirates,2026-08-30T03:23:34.110278+00:00,2026-08-30T23:41:59.840435+00:00,2026-08-30T19:41:59.840435-04:00,2026-08-30T19:41:59.840435-04:00,propline_free_sample
2026-08-30,2026-08-30 18:15:00+00:00,Matthew Liberatore,4.5,under,100,prizepicks,176292,St. Louis Cardinals,Pittsburgh Pirates,2026-08-30T03:23:34.110278+00:00,2026-08-30T23:41:59.840435+00:00,2026-08-30T19:41:59.840435-04:00,2026-08-30T19:41:59.840435-04:00,propline_free_sample
2026-08-30,2026-08-30 18:15:00+00:00,Braxton Ashcraft,4.5,over,-145,fanatics,176292,St. Louis Cardinals,Pittsburgh Pirates,2026-08-30T18:09:30.503558+00:00,2026-08-30T23:41:59.840435+00:00,2026-08-30T19:41:59.840435-04:00,2026-08-30T19:41:59.840435-04:00,propline_free_sample
2026-08-30,2026-08-30 18:15:00+00:00,Braxton Ashcraft,4.5,under,110,fanatics,176292,St. Louis Cardinals,Pittsburgh Pirates,2026-08-30T18:09:30.503558+00:00,2026-08-30T23:41:59.840435+00:00,2026-08-30T19:41:59.840435-04:00,2026-08-30T19:41:59.840435-04:00,propline_free_sample
2026-08-30,2026-08-30 18:15:00+00:00,Matt Liberatore,7.5,over,-145,fanatics,176292,St. Louis Cardinals,Pittsburgh Pirates,2026-08-30T16:29:59.696904+00:00,2026-08-30T23:41:59.840435+00:00,2026-08-30T19:41:59.840435-04:00,2026-08-30T19:41:59.840435-04:00,propline_free_sample
2026-08-30,2026-08-30 18:15:00+00:00,Matt Liberatore,7.5,under,110,fanatics,176292,St. Louis Cardinals,Pittsburgh Pirates,2026-08-30T16:29:59.696904+00:00,2026-08-30T23:41:59.840435+00:00,2026-08-30T19:41:59.840435-04:00,2026-08-30T19:41:59.840435-04:00,propline_free_sample
2026-08-30,2026-08-30 18:15:00+00:00,Braxton Ashcraft,10.5,over,100,prizepicks,176292,St. Louis Cardinals,Pittsburgh Pirates,2026-08-30T03:29:33.219794+00:00,2026-08-30T23:41:59.840435+00:00,2026-08-30T19:41:59.840435-04:00,2026-08-30T19:41:59.840435-04:00,propline_free_sample
2026-08-30,2026-08-30 18:15:00+00:00,Braxton Ashcraft,10.5,under,100,prizepicks,176292,St. Louis Cardinals,Pittsburgh Pirates,2026-08-30T03:29:33.219794+00:00,2026-08-30T23:41:59.840435+00:00,2026-08-30T19:41:59.840435-04:00,2026-08-30T19:41:59.840435-04:00,propline_free_sample
2026-08-30,2026-08-30 18:15:00+00:00,Matthew Liberatore,5.5,over,100,prizepicks,176292,St. Louis Cardinals,Pittsburgh Pirates,2026-08-30T03:29:33.219794+00:00,2026-08-30T23:41:59.840435+00:00,2026-08-30T19:41:59.840435-04:00,2026-08-30T19:41:59.840435-04:00,propline_free_sample
2026-08-30,2026-08-30 18:15:00+00:00,Matthew Liberatore,5.5,under,100,prizepicks,176292,St. Louis Cardinals,Pittsburgh Pirates,2026-08-30T03:29:33.219794+00:00,2026-08-30T23:41:59.840435+00:00,2026-08-30T19:41:59.840435-04:00,2026-08-30T19:41:59.840435-04:00,propline_free_sample
2026-08-30,2026-08-30 18:15:00+00:00,Braxton Ashcraft,9.5,over,100,prizepicks,176292,St. Louis Cardinals,Pittsburgh Pirates,2026-08-30T03:33:34.363845+00:00,2026-08-30T23:41:59.840435+00:00,2026-08-30T19:41:59.840435-04:00,2026-08-30T19:41:59.840435-04:00,propline_free_sample
2026-08-30,2026-08-30 18:15:00+00:00,Braxton Ashcraft,9.5,under,100,prizepicks,176292,St. Louis Cardinals,Pittsburgh Pirates,2026-08-30T03:33:34.363845+00:00,2026-08-30T23:41:59.840435+00:00,2026-08-30T19:41:59.840435-04:00,2026-08-30T19:41:59.840435-04:00,propline_free_sample
2026-08-30,2026-08-30 18:15:00+00:00,Braxton Ashcraft,4.5,over,-147,novig,176292,St. Louis Cardinals,Pittsburgh Pirates,2026-08-30T17:07:25.432848+00:00,2026-08-30T23:41:59.840435+00:00,2026-08-30T19:41:59.840435-04:00,2026-08-30T19:41:59.840435-04:00,propline_free_sample
2026-08-30,2026-08-30 18:15:00+00:00,Braxton Ashcraft,4.5,under,144,novig,176292,St. Louis Cardinals,Pittsburgh Pirates,2026-08-30T17:07:25.432848+00:00,2026-08-30T23:41:59.840435+00:00,2026-08-30T19:41:59.840435-04:00,2026-08-30T19:41:59.840435-04:00,propline_free_sample
2026-08-30,2026-08-30 18:15:00+00:00,Braxton Ashcraft,6.5,over,251,novig,176292,St. Louis Cardinals,Pittsburgh Pirates,2026-08-30T17:34:33.502462+00:00,2026-08-30T23:41:59.840435+00:00,2026-08-30T19:41:59.840435-04:00,2026-08-30T19:41:59.840435-04:00,propline_free_sample
2026-08-30,2026-08-30 18:15:00+00:00,Braxton Ashcraft,6.5,under,-285,novig,176292,St. Louis Cardinals,Pittsburgh Pirates,2026-08-30T18:14:57.461366+00:00,2026-08-30T23:41:59.840435+00:00,2026-08-30T19:41:59.840435-04:00,2026-08-30T19:41:59.840435-04:00,propline_free_sample
2026-08-30,2026-08-30 18:15:00+00:00,Matthew Liberatore,4.5,over,-317,novig,176292,St. Louis Cardinals,Pittsburgh Pirates,2026-08-30T18:14:57.461366+00:00,2026-08-30T23:41:59.840435+00:00,2026-08-30T19:41:59.840435-04:00,2026-08-30T19:41:59.840435-04:00,propline_free_sample
2026-08-30,2026-08-30 18:15:00+00:00,Matthew Liberatore,4.5,under,223,novig,176292,St. Louis Cardinals,Pittsburgh Pirates,2026-08-30T18:14:26.775884+00:00,2026-08-30T23:41:59.840435+00:00,2026-08-30T19:41:59.840435-04:00,2026-08-30T19:41:59.840435-04:00,propline_free_sample
2026-08-30,2026-08-30 18:15:00+00:00,Matthew Liberatore,6.5,over,141,novig,176292,St. Louis Cardinals,Pittsburgh Pirates,2026-08-30T18:14:26.775884+00:00,2026-08-30T23:41:59.840435+00:00,2026-08-30T19:41:59.840435-04:00,2026-08-30T19:41:59.840435-04:00,propline_free_sample
2026-08-30,2026-08-30 18:15:00+00:00,Matthew Liberatore,6.5,under,-156,novig,176292,St. Louis Cardinals,Pittsburgh Pirates,2026-08-30T16:14:32.480264+00:00,2026-08-30T23:41:59.840435+00:00,2026-08-30T19:41:59.840435-04:00,2026-08-30T19:41:59.840435-04:00,propline_free_sample
2026-08-30,2026-08-30 18:15:00+00:00,Braxton Ashcraft,5.5,over,113,draftkings,176292,St. Louis Cardinals,Pittsburgh Pirates,2026-08-30T16:41:34.657270+00:00,2026-08-30T23:41:59.840435+00:00,2026-08-30T19:41:59.840435-04:00,2026-08-30T19:41:59.840435-04:00,propline_free_sample
2026-08-30,2026-08-30 18:15:00+00:00,Braxton Ashcraft,5.5,under,-144,draftkings,176292,St. Louis Cardinals,Pittsburgh Pirates,2026-08-30T16:41:34.657270+00:00,2026-08-30T23:41:59.840435+00:00,2026-08-30T19:41:59.840435-04:00,2026-08-30T19:41:59.840435-04:00,propline_free_sample
2026-08-30,2026-08-30 18:15:00+00:00,Matthew Liberatore,5.5,over,-137,draftkings,176292,St. Louis Cardinals,Pittsburgh Pirates,2026-08-30T16:45:50.949352+00:00,2026-08-30T23:41:59.840435+00:00,2026-08-30T19:41:59.840435-04:00,2026-08-30T19:41:59.840435-04:00,propline_free_sample
2026-08-30,2026-08-30 18:15:00+00:00,Matthew Liberatore,5.5,under,108,draftkings,176292,St. Louis Cardinals,Pittsburgh Pirates,2026-08-30T16:45:50.949352+00:00,2026-08-30T23:41:59.840435+00:00,2026-08-30T19:41:59.840435-04:00,2026-08-30T19:41:59.840435-04:00,propline_free_sample
2026-08-30,2026-08-30 18:15:00+00:00,Braxton Ashcraft,5.5,over,130,prophetx,176292,St. Louis Cardinals,Pittsburgh Pirates,2026-08-30T18:13:14.062804+00:00,2026-08-30T23:41:59.840435+00:00,2026-08-30T19:41:59.840435-04:00,2026-08-30T19:41:59.840435-04:00,propline_free_sample
2026-08-30,2026-08-30 18:15:00+00:00,Braxton Ashcraft,5.5,under,-174,prophetx,176292,St. Louis Cardinals,Pittsburgh Pirates,2026-08-30T18:13:14.062804+00:00,2026-08-30T23:41:59.840435+00:00,2026-08-30T19:41:59.840435-04:00,2026-08-30T19:41:59.840435-04:00,propline_free_sample
2026-08-30,2026-08-30 18:15:00+00:00,Matthew Liberatore,5.5,over,-138,prophetx,176292,St. Louis Cardinals,Pittsburgh Pirates,2026-08-30T17:58:51.716753+00:00,2026-08-30T23:41:59.840435+00:00,2026-08-30T19:41:59.840435-04:00,2026-08-30T19:41:59.840435-04:00,propline_free_sample
2026-08-30,2026-08-30 18:15:00+00:00,Matthew Liberatore,5.5,under,125,prophetx,176292,St. Louis Cardinals,Pittsburgh Pirates,2026-08-30T18:13:14.062804+00:00,2026-08-30T23:41:59.840435+00:00,2026-08-30T19:41:59.840435-04:00,2026-08-30T19:41:59.840435-04:00,propline_free_sample
2026-08-30,2026-08-30 18:15:00+00:00,Braxton Ashcraft,5.5,over,120,onexbet,176292,St. Louis Cardinals,Pittsburgh Pirates,2026-08-30T17:58:41.168618+00:00,2026-08-30T23:41:59.840435+00:00,2026-08-30T19:41:59.840435-04:00,2026-08-30T19:41:59.840435-04:00,propline_free_sample
2026-08-30,2026-08-30 18:15:00+00:00,Matthew Liberatore,5.5,over,-130,onexbet,176292,St. Louis Cardinals,Pittsburgh Pirates,2026-08-30T17:58:41.168618+00:00,2026-08-30T23:41:59.840435+00:00,2026-08-30T19:41:59.840435-04:00,2026-08-30T19:41:59.840435-04:00,propline_free_sample
2026-08-30,2026-08-30 18:15:00+00:00,Braxton Ashcraft,5.5,under,-160,onexbet,176292,St. Louis Cardinals,Pittsburgh Pirates,2026-08-30T17:58:41.168618+00:00,2026-08-30T23:41:59.840435+00:00,2026-08-30T19:41:59.840435-04:00,2026-08-30T19:41:59.840435-04:00,propline_free_sample
2026-08-30,2026-08-30 18:15:00+00:00,Matthew Liberatore,5.5,under,-105,onexbet,176292,St. Louis Cardinals,Pittsburgh Pirates,2026-08-30T17:58:41.168618+00:00,2026-08-30T23:41:59.840435+00:00,2026-08-30T19:41:59.840435-04:00,2026-08-30T19:41:59.840435-04:00,propline_free_sample
2026-08-30,2026-08-30 18:15:00+00:00,Braxton Ashcraft,5.5,over,100,prizepicks,176292,St. Louis Cardinals,Pittsburgh Pirates,2026-08-30T03:52:03.922684+00:00,2026-08-30T23:41:59.840435+00:00,2026-08-30T19:41:59.840435-04:00,2026-08-30T19:41:59.840435-04:00,propline_free_sample
2026-08-30,2026-08-30 18:15:00+00:00,Braxton Ashcraft,5.5,under,100,prizepicks,176292,St. Louis Cardinals,Pittsburgh Pirates,2026-08-30T03:52:03.922684+00:00,2026-08-30T23:41:59.840435+00:00,2026-08-30T19:41:59.840435-04:00,2026-08-30T19:41:59.840435-04:00,propline_free_sample
2026-08-30,2026-08-30 18:15:00+00:00,Braxton Ashcraft,2.5,over,-3233,kalshi,176292,St. Louis Cardinals,Pittsburgh Pirates,2026-08-30T17:29:01.670197+00:00,2026-08-30T23:41:59.840435+00:00,2026-08-30T19:41:59.840435-04:00,2026-08-30T19:41:59.840435-04:00,propline_free_sample
2026-08-30,2026-08-30 18:15:00+00:00,Matthew Liberatore,2.5,over,-9900,kalshi,176292,St. Louis Cardinals,Pittsburgh Pirates,2026-08-30T17:29:01.670197+00:00,2026-08-30T23:41:59.840435+00:00,2026-08-30T19:41:59.840435-04:00,2026-08-30T19:41:59.840435-04:00,propline_free_sample
2026-08-30,2026-08-30 18:15:00+00:00,Braxton Ashcraft,2.5,under,9900,kalshi,176292,St. Louis Cardinals,Pittsburgh Pirates,2026-08-30T17:29:01.670197+00:00,2026-08-30T23:41:59.840435+00:00,2026-08-30T19:41:59.840435-04:00,2026-08-30T19:41:59.840435-04:00,propline_free_sample
2026-08-30,2026-08-30 18:15:00+00:00,Matthew Liberatore,2.5,under,9900,kalshi,176292,St. Louis Cardinals,Pittsburgh Pirates,2026-08-30T17:29:01.670197+00:00,2026-08-30T23:41:59.840435+00:00,2026-08-30T19:41:59.840435-04:00,2026-08-30T19:41:59.840435-04:00,propline_free_sample
2026-08-30,2026-08-30 18:15:00+00:00,Braxton Ashcraft,3.5,over,9900,kalshi,176292,St. Louis Cardinals,Pittsburgh Pirates,2026-08-30T15:59:33.908384+00:00,2026-08-30T23:41:59.840435+00:00,2026-08-30T19:41:59.840435-04:00,2026-08-30T19:41:59.840435-04:00,propline_free_sample
2026-08-30,2026-08-30 18:15:00+00:00,Matthew Liberatore,3.5,over,-1900,kalshi,176292,St. Louis Cardinals,Pittsburgh Pirates,2026-08-30T18:01:06.410691+00:00,2026-08-30T23:41:59.840435+00:00,2026-08-30T19:41:59.840435-04:00,2026-08-30T19:41:59.840435-04:00,propline_free_sample
2026-08-30,2026-08-30 18:15:00+00:00,Braxton Ashcraft,3.5,under,-163,kalshi,176292,St. Louis Cardinals,Pittsburgh Pirates,2026-08-30T18:12:28.085152+00:00,2026-08-30T23:41:59.840435+00:00,2026-08-30T19:41:59.840435-04:00,2026-08-30T19:41:59.840435-04:00,propline_free_sample
2026-08-30,2026-08-30 18:15:00+00:00,Matthew Liberatore,3.5,under,9900,kalshi,176292,St. Louis Cardinals,Pittsburgh Pirates,2026-08-30T18:12:28.085152+00:00,2026-08-30T23:41:59.840435+00:00,2026-08-30T19:41:59.840435-04:00,2026-08-30T19:41:59.840435-04:00,propline_free_sample
2026-08-30,2026-08-30 18:15:00+00:00,Braxton Ashcraft,4.5,over,9900,kalshi,176292,St. Louis Cardinals,Pittsburgh Pirates,2026-08-30T18:12:28.085152+00:00,2026-08-30T23:41:59.840435+00:00,2026-08-30T19:41:59.840435-04:00,2026-08-30T19:41:59.840435-04:00,propline_free_sample
2026-08-30,2026-08-30 18:15:00+00:00,Matthew Liberatore,4.5,over,-809,kalshi,176292,St. Louis Cardinals,Pittsburgh Pirates,2026-08-30T18:04:50.441144+00:00,2026-08-30T23:41:59.840435+00:00,2026-08-30T19:41:59.840435-04:00,2026-08-30T19:41:59.840435-04:00,propline_free_sample
2026-08-30,2026-08-30 18:15:00+00:00,Braxton Ashcraft,4.5,under,-1150,kalshi,176292,St. Louis Cardinals,Pittsburgh Pirates,2026-08-30T18:12:28.085152+00:00,2026-08-30T23:41:59.840435+00:00,2026-08-30T19:41:59.840435-04:00,2026-08-30T19:41:59.840435-04:00,propline_free_sample
2026-08-30,2026-08-30 18:15:00+00:00,Matthew Liberatore,4.5,under,9900,kalshi,176292,St. Louis Cardinals,Pittsburgh Pirates,2026-08-30T18:14:26.294143+00:00,2026-08-30T23:41:59.840435+00:00,2026-08-30T19:41:59.840435-04:00,2026-08-30T19:41:59.840435-04:00,propline_free_sample
2026-08-30,2026-08-30 18:15:00+00:00,Braxton Ashcraft,5.5,over,9900,kalshi,176292,St. Louis Cardinals,Pittsburgh Pirates,2026-08-30T16:39:35.965069+00:00,2026-08-30T23:41:59.840435+00:00,2026-08-30T19:41:59.840435-04:00,2026-08-30T19:41:59.840435-04:00,propline_free_sample
2026-08-30,2026-08-30 18:15:00+00:00,Matthew Liberatore,5.5,over,-376,kalshi,176292,St. Louis Cardinals,Pittsburgh Pirates,2026-08-30T18:12:28.085152+00:00,2026-08-30T23:41:59.840435+00:00,2026-08-30T19:41:59.840435-04:00,2026-08-30T19:41:59.840435-04:00,propline_free_sample
2026-08-30,2026-08-30 18:15:00+00:00,Braxton Ashcraft,5.5,under,-4900,kalshi,176292,St. Louis Cardinals,Pittsburgh Pirates,2026-08-30T16:41:24.012255+00:00,2026-08-30T23:41:59.840435+00:00,2026-08-30T19:41:59.840435-04:00,2026-08-30T19:41:59.840435-04:00,propline_free_sample
2026-08-30,2026-08-30 18:15:00+00:00,Matthew Liberatore,5.5,under,9900,kalshi,176292,St. Louis Cardinals,Pittsburgh Pirates,2026-08-30T17:59:14.340887+00:00,2026-08-30T23:41:59.840435+00:00,2026-08-30T19:41:59.840435-04:00,2026-08-30T19:41:59.840435-04:00,propline_free_sample
2026-08-30,2026-08-30 18:15:00+00:00,Braxton Ashcraft,6.5,over,9900,kalshi,176292,St. Louis Cardinals,Pittsburgh Pirates,2026-08-30T16:57:01.552230+00:00,2026-08-30T23:41:59.840435+00:00,2026-08-30T19:41:59.840435-04:00,2026-08-30T19:41:59.840435-04:00,propline_free_sample
2026-08-30,2026-08-30 18:15:00+00:00,Matthew Liberatore,6.5,over,-3233,kalshi,176292,St. Louis Cardinals,Pittsburgh Pirates,2026-08-30T17:06:40.457521+00:00,2026-08-30T23:41:59.840435+00:00,2026-08-30T19:41:59.840435-04:00,2026-08-30T19:41:59.840435-04:00,propline_free_sample
2026-08-30,2026-08-30 18:15:00+00:00,Braxton Ashcraft,6.5,under,-9900,kalshi,176292,St. Louis Cardinals,Pittsburgh Pirates,2026-08-30T16:36:00.385219+00:00,2026-08-30T23:41:59.840435+00:00,2026-08-30T19:41:59.840435-04:00,2026-08-30T19:41:59.840435-04:00,propline_free_sample
2026-08-30,2026-08-30 18:15:00+00:00,Matthew Liberatore,6.5,under,9900,kalshi,176292,St. Louis Cardinals,Pittsburgh Pirates,2026-08-30T17:06:40.457521+00:00,2026-08-30T23:41:59.840435+00:00,2026-08-30T19:41:59.840435-04:00,2026-08-30T19:41:59.840435-04:00,propline_free_sample
2026-08-30,2026-08-30 18:15:00+00:00,Braxton Ashcraft,7.5,over,9900,kalshi,176292,St. Louis Cardinals,Pittsburgh Pirates,2026-08-30T17:57:39.334348+00:00,2026-08-30T23:41:59.840435+00:00,2026-08-30T19:41:59.840435-04:00,2026-08-30T19:41:59.840435-04:00,propline_free_sample
2026-08-30,2026-08-30 18:15:00+00:00,Matthew Liberatore,7.5,over,-285,kalshi,176292,St. Louis Cardinals,Pittsburgh Pirates,2026-08-30T15:48:35.528255+00:00,2026-08-30T23:41:59.840435+00:00,2026-08-30T19:41:59.840435-04:00,2026-08-30T19:41:59.840435-04:00,propline_free_sample
2026-08-30,2026-08-30 18:15:00+00:00,Braxton Ashcraft,7.5,under,-3233,kalshi,176292,St. Louis Cardinals,Pittsburgh Pirates,2026-08-30T18:14:26.294143+00:00,2026-08-30T23:41:59.840435+00:00,2026-08-30T19:41:59.840435-04:00,2026-08-30T19:41:59.840435-04:00,propline_free_sample
2026-08-30,2026-08-30 18:15:00+00:00,Matthew Liberatore,7.5,under,9900,kalshi,176292,St. Louis Cardinals,Pittsburgh Pirates,2026-08-30T15:48:35.528255+00:00,2026-08-30T23:41:59.840435+00:00,2026-08-30T19:41:59.840435-04:00,2026-08-30T19:41:59.840435-04:00,propline_free_sample
2026-08-30,2026-08-30 18:15:00+00:00,Braxton Ashcraft,8.5,over,9900,kalshi,176292,St. Louis Cardinals,Pittsburgh Pirates,2026-08-30T17:52:28.485715+00:00,2026-08-30T23:41:59.840435+00:00,2026-08-30T19:41:59.840435-04:00,2026-08-30T19:41:59.840435-04:00,propline_free_sample
2026-08-30,2026-08-30 18:15:00+00:00,Matthew Liberatore,8.5,over,144,kalshi,176292,St. Louis Cardinals,Pittsburgh Pirates,2026-08-30T18:14:26.294143+00:00,2026-08-30T23:41:59.840435+00:00,2026-08-30T19:41:59.840435-04:00,2026-08-30T19:41:59.840435-04:00,propline_free_sample
2026-08-30,2026-08-30 18:15:00+00:00,Braxton Ashcraft,8.5,under,-3233,kalshi,176292,St. Louis Cardinals,Pittsburgh Pirates,2026-08-30T17:52:28.485715+00:00,2026-08-30T23:41:59.840435+00:00,2026-08-30T19:41:59.840435-04:00,2026-08-30T19:41:59.840435-04:00,propline_free_sample
2026-08-30,2026-08-30 18:15:00+00:00,Matthew Liberatore,8.5,under,9900,kalshi,176292,St. Louis Cardinals,Pittsburgh Pirates,2026-08-30T18:14:26.294143+00:00,2026-08-30T23:41:59.840435+00:00,2026-08-30T19:41:59.840435-04:00,2026-08-30T19:41:59.840435-04:00,propline_free_sample
2026-08-30,2026-08-30 18:15:00+00:00,Matthew Liberatore,9.5,over,9900,kalshi,176292,St. Louis Cardinals,Pittsburgh Pirates,2026-08-30T17:57:39.334348+00:00,2026-08-30T23:41:59.840435+00:00,2026-08-30T19:41:59.840435-04:00,2026-08-30T19:41:59.840435-04:00,propline_free_sample
2026-08-30,2026-08-30 18:15:00+00:00,Matthew Liberatore,9.5,under,-9900,kalshi,176292,St. Louis Cardinals,Pittsburgh Pirates,2026-08-30T18:12:28.085152+00:00,2026-08-30T23:41:59.840435+00:00,2026-08-30T19:41:59.840435-04:00,2026-08-30T19:41:59.840435-04:00,propline_free_sample
2026-08-30,2026-08-30 18:15:00+00:00,Braxton Ashcraft,5.5,over,114,rebet,176292,St. Louis Cardinals,Pittsburgh Pirates,2026-08-30T08:13:59.710973+00:00,2026-08-30T23:41:59.840435+00:00,2026-08-30T19:41:59.840435-04:00,2026-08-30T19:41:59.840435-04:00,propline_free_sample
2026-08-30,2026-08-30 18:15:00+00:00,Matt Liberatore,5.5,over,-143,rebet,176292,St. Louis Cardinals,Pittsburgh Pirates,2026-08-30T17:58:49.623357+00:00,2026-08-30T23:41:59.840435+00:00,2026-08-30T19:41:59.840435-04:00,2026-08-30T19:41:59.840435-04:00,propline_free_sample
2026-08-30,2026-08-30 18:15:00+00:00,Braxton Ashcraft,5.5,under,-158,rebet,176292,St. Louis Cardinals,Pittsburgh Pirates,2026-08-30T08:13:59.710973+00:00,2026-08-30T23:41:59.840435+00:00,2026-08-30T19:41:59.840435-04:00,2026-08-30T19:41:59.840435-04:00,propline_free_sample
2026-08-30,2026-08-30 18:15:00+00:00,Matt Liberatore,5.5,under,103,rebet,176292,St. Louis Cardinals,Pittsburgh Pirates,2026-08-30T17:58:49.623357+00:00,2026-08-30T23:41:59.840435+00:00,2026-08-30T19:41:59.840435-04:00,2026-08-30T19:41:59.840435-04:00,propline_free_sample
2026-08-30,2026-08-30 18:15:00+00:00,Braxton Ashcraft,5.5,over,126,pinnacle,176292,St. Louis Cardinals,Pittsburgh Pirates,2026-08-30T13:42:53.456028+00:00,2026-08-30T23:41:59.840435+00:00,2026-08-30T19:41:59.840435-04:00,2026-08-30T19:41:59.840435-04:00,propline_free_sample
2026-08-30,2026-08-30 18:15:00+00:00,Braxton Ashcraft,5.5,under,-168,pinnacle,176292,St. Louis Cardinals,Pittsburgh Pirates,2026-08-30T13:42:53.456028+00:00,2026-08-30T23:41:59.840435+00:00,2026-08-30T19:41:59.840435-04:00,2026-08-30T19:41:59.840435-04:00,propline_free_sample
2026-08-30,2026-08-30 18:15:00+00:00,Matthew Liberatore,5.5,over,-163,pinnacle,176292,St. Louis Cardinals,Pittsburgh Pirates,2026-08-30T17:43:27.846156+00:00,2026-08-30T23:41:59.840435+00:00,2026-08-30T19:41:59.840435-04:00,2026-08-30T19:41:59.840435-04:00,propline_free_sample
2026-08-30,2026-08-30 18:15:00+00:00,Matthew Liberatore,5.5,under,122,pinnacle,176292,St. Louis Cardinals,Pittsburgh Pirates,2026-08-30T17:43:27.846156+00:00,2026-08-30T23:41:59.840435+00:00,2026-08-30T19:41:59.840435-04:00,2026-08-30T19:41:59.840435-04:00,propline_free_sample
2026-08-30,2026-08-30 18:15:00+00:00,Braxton Ashcraft,2.5,over,100,prizepicks,176292,St. Louis Cardinals,Pittsburgh Pirates,2026-08-30T05:20:05.645051+00:00,2026-08-30T23:41:59.840435+00:00,2026-08-30T19:41:59.840435-04:00,2026-08-30T19:41:59.840435-04:00,propline_free_sample
2026-08-30,2026-08-30 18:15:00+00:00,Braxton Ashcraft,2.5,under,100,prizepicks,176292,St. Louis Cardinals,Pittsburgh Pirates,2026-08-30T05:20:05.645051+00:00,2026-08-30T23:41:59.840435+00:00,2026-08-30T19:41:59.840435-04:00,2026-08-30T19:41:59.840435-04:00,propline_free_sample
2026-08-30,2026-08-30 18:15:00+00:00,Braxton Ashcraft,4.5,over,-115,betmgm,176292,St. Louis Cardinals,Pittsburgh Pirates,2026-08-30T16:44:08.712357+00:00,2026-08-30T23:41:59.840435+00:00,2026-08-30T19:41:59.840435-04:00,2026-08-30T19:41:59.840435-04:00,propline_free_sample
2026-08-30,2026-08-30 18:15:00+00:00,Braxton Ashcraft,4.5,under,-115,betmgm,176292,St. Louis Cardinals,Pittsburgh Pirates,2026-08-30T16:44:08.712357+00:00,2026-08-30T23:41:59.840435+00:00,2026-08-30T19:41:59.840435-04:00,2026-08-30T19:41:59.840435-04:00,propline_free_sample
2026-08-30,2026-08-30 18:15:00+00:00,Matt Liberatore,5.5,over,-120,betmgm,176292,St. Louis Cardinals,Pittsburgh Pirates,2026-08-30T16:37:28.952543+00:00,2026-08-30T23:41:59.840435+00:00,2026-08-30T19:41:59.840435-04:00,2026-08-30T19:41:59.840435-04:00,propline_free_sample
2026-08-30,2026-08-30 18:15:00+00:00,Matt Liberatore,5.5,under,-115,betmgm,176292,St. Louis Cardinals,Pittsburgh Pirates,2026-08-30T16:29:38.059878+00:00,2026-08-30T23:41:59.840435+00:00,2026-08-30T19:41:59.840435-04:00,2026-08-30T19:41:59.840435-04:00,propline_free_sample
2026-08-30,2026-08-30 18:15:00+00:00,Braxton Ashcraft,5.5,over,117,betrivers,176292,St. Louis Cardinals,Pittsburgh Pirates,2026-08-30T16:29:18.818581+00:00,2026-08-30T23:41:59.840435+00:00,2026-08-30T19:41:59.840435-04:00,2026-08-30T19:41:59.840435-04:00,propline_free_sample
2026-08-30,2026-08-30 18:15:00+00:00,Braxton Ashcraft,5.5,under,-157,betrivers,176292,St. Louis Cardinals,Pittsburgh Pirates,2026-08-30T16:29:18.818581+00:00,2026-08-30T23:41:59.840435+00:00,2026-08-30T19:41:59.840435-04:00,2026-08-30T19:41:59.840435-04:00,propline_free_sample
2026-08-30,2026-08-30 18:15:00+00:00,Matthew Liberatore,5.5,over,-124,betrivers,176292,St. Louis Cardinals,Pittsburgh Pirates,2026-08-30T15:13:13.174230+00:00,2026-08-30T23:41:59.840435+00:00,2026-08-30T19:41:59.840435-04:00,2026-08-30T19:41:59.840435-04:00,propline_free_sample
2026-08-30,2026-08-30 18:15:00+00:00,Matthew Liberatore,5.5,under,-107,betrivers,176292,St. Louis Cardinals,Pittsburgh Pirates,2026-08-30T15:13:13.174230+00:00,2026-08-30T23:41:59.840435+00:00,2026-08-30T19:41:59.840435-04:00,2026-08-30T19:41:59.840435-04:00,propline_free_sample
2026-08-30,2026-08-30 18:15:00+00:00,Braxton Ashcraft,5.0,over,120,prophetx,176292,St. Louis Cardinals,Pittsburgh Pirates,2026-08-30T13:51:53.285858+00:00,2026-08-30T23:41:59.840435+00:00,2026-08-30T19:41:59.840435-04:00,2026-08-30T19:41:59.840435-04:00,propline_free_sample
2026-08-30,2026-08-30 18:15:00+00:00,Braxton Ashcraft,5.0,under,-154,prophetx,176292,St. Louis Cardinals,Pittsburgh Pirates,2026-08-30T13:51:53.285858+00:00,2026-08-30T23:41:59.840435+00:00,2026-08-30T19:41:59.840435-04:00,2026-08-30T19:41:59.840435-04:00,propline_free_sample
2026-08-30,2026-08-30 18:15:00+00:00,Braxton Ashcraft (PIT),5.5,over,110,betonlineag,176292,St. Louis Cardinals,Pittsburgh Pirates,2026-08-30T15:42:27.529476+00:00,2026-08-30T23:41:59.840435+00:00,2026-08-30T19:41:59.840435-04:00,2026-08-30T19:41:59.840435-04:00,propline_free_sample
2026-08-30,2026-08-30 18:15:00+00:00,Braxton Ashcraft (PIT),5.5,under,-150,betonlineag,176292,St. Louis Cardinals,Pittsburgh Pirates,2026-08-30T15:42:27.529476+00:00,2026-08-30T23:41:59.840435+00:00,2026-08-30T19:41:59.840435-04:00,2026-08-30T19:41:59.840435-04:00,propline_free_sample
2026-08-30,2026-08-30 18:15:00+00:00,Matthew Liberatore (STL),5.5,over,-145,betonlineag,176292,St. Louis Cardinals,Pittsburgh Pirates,2026-08-30T15:55:57.174670+00:00,2026-08-30T23:41:59.840435+00:00,2026-08-30T19:41:59.840435-04:00,2026-08-30T19:41:59.840435-04:00,propline_free_sample
2026-08-30,2026-08-30 18:15:00+00:00,Matthew Liberatore (STL),5.5,under,105,betonlineag,176292,St. Louis Cardinals,Pittsburgh Pirates,2026-08-30T15:55:57.174670+00:00,2026-08-30T23:41:59.840435+00:00,2026-08-30T19:41:59.840435-04:00,2026-08-30T19:41:59.840435-04:00,propline_free_sample
2026-08-30,2026-08-30 18:15:00+00:00,Braxton Ashcraft (PIT),5.5,over,110,lowvig,176292,St. Louis Cardinals,Pittsburgh Pirates,2026-08-30T15:42:30.680721+00:00,2026-08-30T23:41:59.840435+00:00,2026-08-30T19:41:59.840435-04:00,2026-08-30T19:41:59.840435-04:00,propline_free_sample
2026-08-30,2026-08-30 18:15:00+00:00,Braxton Ashcraft (PIT),5.5,under,-150,lowvig,176292,St. Louis Cardinals,Pittsburgh Pirates,2026-08-30T15:42:30.680721+00:00,2026-08-30T23:41:59.840435+00:00,2026-08-30T19:41:59.840435-04:00,2026-08-30T19:41:59.840435-04:00,propline_free_sample
2026-08-30,2026-08-30 18:15:00+00:00,Matthew Liberatore (STL),5.5,over,-145,lowvig,176292,St. Louis Cardinals,Pittsburgh Pirates,2026-08-30T15:55:57.966228+00:00,2026-08-30T23:41:59.840435+00:00,2026-08-30T19:41:59.840435-04:00,2026-08-30T19:41:59.840435-04:00,propline_free_sample
2026-08-30,2026-08-30 18:15:00+00:00,Matthew Liberatore (STL),5.5,under,105,lowvig,176292,St. Louis Cardinals,Pittsburgh Pirates,2026-08-30T15:55:57.966228+00:00,2026-08-30T23:41:59.840435+00:00,2026-08-30T19:41:59.840435-04:00,2026-08-30T19:41:59.840435-04:00,propline_free_sample
2026-08-30,2026-08-30 18:15:00+00:00,Matthew Liberatore,5.5,over,-150,fanatics,176292,St. Louis Cardinals,Pittsburgh Pirates,2026-08-30T18:09:30.503558+00:00,2026-08-30T23:41:59.840435+00:00,2026-08-30T19:41:59.840435-04:00,2026-08-30T19:41:59.840435-04:00,propline_free_sample
2026-08-30,2026-08-30 18:15:00+00:00,Matthew Liberatore,5.5,under,115,fanatics,176292,St. Louis Cardinals,Pittsburgh Pirates,2026-08-30T18:09:30.503558+00:00,2026-08-30T23:41:59.840435+00:00,2026-08-30T19:41:59.840435-04:00,2026-08-30T19:41:59.840435-04:00,propline_free_sample
2026-08-30,2026-08-30 18:10:00+00:00,Jordan Hicks,1.5,over,184,dabble,176291,Minnesota Twins,Chicago White Sox,2026-08-30T17:16:47.614334+00:00,2026-08-30T23:41:59.840435+00:00,2026-08-30T19:41:59.840435-04:00,2026-08-30T19:41:59.840435-04:00,propline_free_sample
2026-08-30,2026-08-30 18:10:00+00:00,Zebby Matthews,4.5,over,-139,dabble,176291,Minnesota Twins,Chicago White Sox,2026-08-30T16:33:55.521967+00:00,2026-08-30T23:41:59.840435+00:00,2026-08-30T19:41:59.840435-04:00,2026-08-30T19:41:59.840435-04:00,propline_free_sample
2026-08-30,2026-08-30 18:10:00+00:00,Jordan Hicks,1.5,under,-182,dabble,176291,Minnesota Twins,Chicago White Sox,2026-08-30T14:43:43.451288+00:00,2026-08-30T23:41:59.840435+00:00,2026-08-30T19:41:59.840435-04:00,2026-08-30T19:41:59.840435-04:00,propline_free_sample
2026-08-30,2026-08-30 18:10:00+00:00,Zebby Matthews,4.5,under,141,dabble,176291,Minnesota Twins,Chicago White Sox,2026-08-30T15:17:43.203676+00:00,2026-08-30T23:41:59.840435+00:00,2026-08-30T19:41:59.840435-04:00,2026-08-30T19:41:59.840435-04:00,propline_free_sample
2026-08-30,2026-08-30 18:10:00+00:00,Jordan Hicks,1.5,over,160,underdog,176291,Minnesota Twins,Chicago White Sox,2026-08-30T07:10:12.221434+00:00,2026-08-30T23:41:59.840435+00:00,2026-08-30T19:41:59.840435-04:00,2026-08-30T19:41:59.840435-04:00,propline_free_sample
2026-08-30,2026-08-30 18:10:00+00:00,Zebby Matthews,4.5,over,-159,underdog,176291,Minnesota Twins,Chicago White Sox,2026-08-30T17:19:11.327364+00:00,2026-08-30T23:41:59.840435+00:00,2026-08-30T19:41:59.840435-04:00,2026-08-30T19:41:59.840435-04:00,propline_free_sample
2026-08-30,2026-08-30 18:10:00+00:00,Jordan Hicks,1.5,under,-218,underdog,176291,Minnesota Twins,Chicago White Sox,2026-08-30T07:10:12.221434+00:00,2026-08-30T23:41:59.840435+00:00,2026-08-30T19:41:59.840435-04:00,2026-08-30T19:41:59.840435-04:00,propline_free_sample
2026-08-30,2026-08-30 18:10:00+00:00,Zebby Matthews,4.5,under,118,underdog,176291,Minnesota Twins,Chicago White Sox,2026-08-30T17:19:11.327364+00:00,2026-08-30T23:41:59.840435+00:00,2026-08-30T19:41:59.840435-04:00,2026-08-30T19:41:59.840435-04:00,propline_free_sample
2026-08-30,2026-08-30 18:10:00+00:00,Jordan Hicks,1.5,over,100,prizepicks,176291,Minnesota Twins,Chicago White Sox,2026-08-29T23:17:26.365167+00:00,2026-08-30T23:41:59.840435+00:00,2026-08-30T19:41:59.840435-04:00,2026-08-30T19:41:59.840435-04:00,propline_free_sample
2026-08-30,2026-08-30 18:10:00+00:00,Jordan Hicks,1.5,under,100,prizepicks,176291,Minnesota Twins,Chicago White Sox,2026-08-29T23:17:26.365167+00:00,2026-08-30T23:41:59.840435+00:00,2026-08-30T19:41:59.840435-04:00,2026-08-30T19:41:59.840435-04:00,propline_free_sample
2026-08-30,2026-08-30 18:10:00+00:00,Zebby Matthews,5.5,over,100,prizepicks,176291,Minnesota Twins,Chicago White Sox,2026-08-29T23:17:26.365167+00:00,2026-08-30T23:41:59.840435+00:00,2026-08-30T19:41:59.840435-04:00,2026-08-30T19:41:59.840435-04:00,propline_free_sample
2026-08-30,2026-08-30 18:10:00+00:00,Zebby Matthews,5.5,under,100,prizepicks,176291,Minnesota Twins,Chicago White Sox,2026-08-29T23:17:26.365167+00:00,2026-08-30T23:41:59.840435+00:00,2026-08-30T19:41:59.840435-04:00,2026-08-30T19:41:59.840435-04:00,propline_free_sample
2026-08-30,2026-08-30 18:10:00+00:00,Dustin May,4.5,over,-150,fanduel,176290,Milwaukee Brewers,Texas Rangers,2026-08-30T15:48:18.725731+00:00,2026-08-30T23:41:59.840435+00:00,2026-08-30T19:41:59.840435-04:00,2026-08-30T19:41:59.840435-04:00,propline_free_sample
2026-08-30,2026-08-30 18:10:00+00:00,Dustin May,4.5,under,118,fanduel,176290,Milwaukee Brewers,Texas Rangers,2026-08-30T15:48:18.725731+00:00,2026-08-30T23:41:59.840435+00:00,2026-08-30T19:41:59.840435-04:00,2026-08-30T19:41:59.840435-04:00,propline_free_sample
2026-08-30,2026-08-30 18:10:00+00:00,Kumar Rocker,4.5,over,-115,fanduel,176290,Milwaukee Brewers,Texas Rangers,2026-08-30T15:48:18.725731+00:00,2026-08-30T23:41:59.840435+00:00,2026-08-30T19:41:59.840435-04:00,2026-08-30T19:41:59.840435-04:00,propline_free_sample
2026-08-30,2026-08-30 18:10:00+00:00,Kumar Rocker,4.5,under,-111,fanduel,176290,Milwaukee Brewers,Texas Rangers,2026-08-30T15:48:18.725731+00:00,2026-08-30T23:41:59.840435+00:00,2026-08-30T19:41:59.840435-04:00,2026-08-30T19:41:59.840435-04:00,propline_free_sample
2026-08-30,2026-08-30 18:10:00+00:00,Dustin May (MIL),4.5,over,-150,bovada,176290,Milwaukee Brewers,Texas Rangers,2026-08-30T14:36:46.349776+00:00,2026-08-30T23:41:59.840435+00:00,2026-08-30T19:41:59.840435-04:00,2026-08-30T19:41:59.840435-04:00,propline_free_sample
2026-08-30,2026-08-30 18:10:00+00:00,Dustin May (MIL),4.5,under,115,bovada,176290,Milwaukee Brewers,Texas Rangers,2026-08-30T14:36:46.349776+00:00,2026-08-30T23:41:59.840435+00:00,2026-08-30T19:41:59.840435-04:00,2026-08-30T19:41:59.840435-04:00,propline_free_sample
2026-08-30,2026-08-30 18:10:00+00:00,Kumar Rocker (TEX),4.5,over,-115,bovada,176290,Milwaukee Brewers,Texas Rangers,2026-08-30T12:58:22.901156+00:00,2026-08-30T23:41:59.840435+00:00,2026-08-30T19:41:59.840435-04:00,2026-08-30T19:41:59.840435-04:00,propline_free_sample
2026-08-30,2026-08-30 18:10:00+00:00,Kumar Rocker (TEX),4.5,under,-115,bovada,176290,Milwaukee Brewers,Texas Rangers,2026-08-30T12:58:22.901156+00:00,2026-08-30T23:41:59.840435+00:00,2026-08-30T19:41:59.840435-04:00,2026-08-30T19:41:59.840435-04:00,propline_free_sample
2026-08-30,2026-08-30 18:10:00+00:00,Dustin May,5.0,over,100,prizepicks,176290,Milwaukee Brewers,Texas Rangers,2026-08-30T14:16:10.312678+00:00,2026-08-30T23:41:59.840435+00:00,2026-08-30T19:41:59.840435-04:00,2026-08-30T19:41:59.840435-04:00,propline_free_sample
2026-08-30,2026-08-30 18:10:00+00:00,Kumar Rocker,4.5,over,100,prizepicks,176290,Milwaukee Brewers,Texas Rangers,2026-08-30T01:14:11.408567+00:00,2026-08-30T23:41:59.840435+00:00,2026-08-30T19:41:59.840435-04:00,2026-08-30T19:41:59.840435-04:00,propline_free_sample
2026-08-30,2026-08-30 18:10:00+00:00,Dustin May,5.0,under,100,prizepicks,176290,Milwaukee Brewers,Texas Rangers,2026-08-30T14:16:10.312678+00:00,2026-08-30T23:41:59.840435+00:00,2026-08-30T19:41:59.840435-04:00,2026-08-30T19:41:59.840435-04:00,propline_free_sample
2026-08-30,2026-08-30 18:10:00+00:00,Kumar Rocker,4.5,under,100,prizepicks,176290,Milwaukee Brewers,Texas Rangers,2026-08-30T01:14:11.408567+00:00,2026-08-30T23:41:59.840435+00:00,2026-08-30T19:41:59.840435-04:00,2026-08-30T19:41:59.840435-04:00,propline_free_sample
2026-08-30,2026-08-30 18:10:00+00:00,Dustin May,5.5,over,100,prizepicks,176290,Milwaukee Brewers,Texas Rangers,2026-08-30T01:14:11.408567+00:00,2026-08-30T23:41:59.840435+00:00,2026-08-30T19:41:59.840435-04:00,2026-08-30T19:41:59.840435-04:00,propline_free_sample
2026-08-30,2026-08-30 18:10:00+00:00,Kumar Rocker,5.5,over,100,prizepicks,176290,Milwaukee Brewers,Texas Rangers,2026-08-30T01:14:11.408567+00:00,2026-08-30T23:41:59.840435+00:00,2026-08-30T19:41:59.840435-04:00,2026-08-30T19:41:59.840435-04:00,propline_free_sample
2026-08-30,2026-08-30 18:10:00+00:00,Dustin May,5.5,under,100,prizepicks,176290,Milwaukee Brewers,Texas Rangers,2026-08-30T01:14:11.408567+00:00,2026-08-30T23:41:59.840435+00:00,2026-08-30T19:41:59.840435-04:00,2026-08-30T19:41:59.840435-04:00,propline_free_sample
2026-08-30,2026-08-30 18:10:00+00:00,Kumar Rocker,5.5,under,100,prizepicks,176290,Milwaukee Brewers,Texas Rangers,2026-08-30T01:14:11.408567+00:00,2026-08-30T23:41:59.840435+00:00,2026-08-30T19:41:59.840435-04:00,2026-08-30T19:41:59.840435-04:00,propline_free_sample
2026-08-30,2026-08-30 18:10:00+00:00,Dustin May,6.5,over,100,prizepicks,176290,Milwaukee Brewers,Texas Rangers,2026-08-30T01:14:11.408567+00:00,2026-08-30T23:41:59.840435+00:00,2026-08-30T19:41:59.840435-04:00,2026-08-30T19:41:59.840435-04:00,propline_free_sample
2026-08-30,2026-08-30 18:10:00+00:00,Kumar Rocker,6.5,over,100,prizepicks,176290,Milwaukee Brewers,Texas Rangers,2026-08-30T01:14:11.408567+00:00,2026-08-30T23:41:59.840435+00:00,2026-08-30T19:41:59.840435-04:00,2026-08-30T19:41:59.840435-04:00,propline_free_sample
2026-08-30,2026-08-30 18:10:00+00:00,Dustin May,6.5,under,100,prizepicks,176290,Milwaukee Brewers,Texas Rangers,2026-08-30T01:14:11.408567+00:00,2026-08-30T23:41:59.840435+00:00,2026-08-30T19:41:59.840435-04:00,2026-08-30T19:41:59.840435-04:00,propline_free_sample
2026-08-30,2026-08-30 18:10:00+00:00,Kumar Rocker,6.5,under,100,prizepicks,176290,Milwaukee Brewers,Texas Rangers,2026-08-30T01:14:11.408567+00:00,2026-08-30T23:41:59.840435+00:00,2026-08-30T19:41:59.840435-04:00,2026-08-30T19:41:59.840435-04:00,propline_free_sample
2026-08-30,2026-08-30 18:10:00+00:00,Dustin May,7.5,over,100,prizepicks,176290,Milwaukee Brewers,Texas Rangers,2026-08-30T01:14:11.408567+00:00,2026-08-30T23:41:59.840435+00:00,2026-08-30T19:41:59.840435-04:00,2026-08-30T19:41:59.840435-04:00,propline_free_sample
2026-08-30,2026-08-30 18:10:00+00:00,Dustin May,7.5,under,100,prizepicks,176290,Milwaukee Brewers,Texas Rangers,2026-08-30T01:14:11.408567+00:00,2026-08-30T23:41:59.840435+00:00,2026-08-30T19:41:59.840435-04:00,2026-08-30T19:41:59.840435-04:00,propline_free_sample
2026-08-30,2026-08-30 18:10:00+00:00,Dustin May,3.5,over,100,prizepicks,176290,Milwaukee Brewers,Texas Rangers,2026-08-30T01:14:11.408567+00:00,2026-08-30T23:41:59.840435+00:00,2026-08-30T19:41:59.840435-04:00,2026-08-30T19:41:59.840435-04:00,propline_free_sample
2026-08-30,2026-08-30 18:10:00+00:00,Kumar Rocker,3.5,over,100,prizepicks,176290,Milwaukee Brewers,Texas Rangers,2026-08-30T01:14:11.408567+00:00,2026-08-30T23:41:59.840435+00:00,2026-08-30T19:41:59.840435-04:00,2026-08-30T19:41:59.840435-04:00,propline_free_sample
2026-08-30,2026-08-30 18:10:00+00:00,Dustin May,3.5,under,100,prizepicks,176290,Milwaukee Brewers,Texas Rangers,2026-08-30T01:14:11.408567+00:00,2026-08-30T23:41:59.840435+00:00,2026-08-30T19:41:59.840435-04:00,2026-08-30T19:41:59.840435-04:00,propline_free_sample
2026-08-30,2026-08-30 18:10:00+00:00,Kumar Rocker,3.5,under,100,prizepicks,176290,Milwaukee Brewers,Texas Rangers,2026-08-30T01:14:11.408567+00:00,2026-08-30T23:41:59.840435+00:00,2026-08-30T19:41:59.840435-04:00,2026-08-30T19:41:59.840435-04:00,propline_free_sample
2026-08-30,2026-08-30 18:10:00+00:00,Kumar Rocker,4.5,over,-144,novig,176290,Milwaukee Brewers,Texas Rangers,2026-08-30T17:29:28.514132+00:00,2026-08-30T23:41:59.840435+00:00,2026-08-30T19:41:59.840435-04:00,2026-08-30T19:41:59.840435-04:00,propline_free_sample
2026-08-30,2026-08-30 18:10:00+00:00,Kumar Rocker,4.5,under,-138,novig,176290,Milwaukee Brewers,Texas Rangers,2026-08-30T18:08:07.758562+00:00,2026-08-30T23:41:59.840435+00:00,2026-08-30T19:41:59.840435-04:00,2026-08-30T19:41:59.840435-04:00,propline_free_sample
2026-08-30,2026-08-30 18:10:00+00:00,Dustin May,4.5,over,-186,novig,176290,Milwaukee Brewers,Texas Rangers,2026-08-30T17:43:05.713821+00:00,2026-08-30T23:41:59.840435+00:00,2026-08-30T19:41:59.840435-04:00,2026-08-30T19:41:59.840435-04:00,propline_free_sample
2026-08-30,2026-08-30 18:10:00+00:00,Dustin May,4.5,under,117,novig,176290,Milwaukee Brewers,Texas Rangers,2026-08-30T18:09:10.418974+00:00,2026-08-30T23:41:59.840435+00:00,2026-08-30T19:41:59.840435-04:00,2026-08-30T19:41:59.840435-04:00,propline_free_sample
2026-08-30,2026-08-30 18:10:00+00:00,Dustin May,4.5,over,-172,sleeper,176290,Milwaukee Brewers,Texas Rangers,2026-08-30T17:41:26.759008+00:00,2026-08-30T23:41:59.840435+00:00,2026-08-30T19:41:59.840435-04:00,2026-08-30T19:41:59.840435-04:00,propline_free_sample
2026-08-30,2026-08-30 18:10:00+00:00,Kumar Rocker,4.5,over,-135,sleeper,176290,Milwaukee Brewers,Texas Rangers,2026-08-30T15:46:19.414454+00:00,2026-08-30T23:41:59.840435+00:00,2026-08-30T19:41:59.840435-04:00,2026-08-30T19:41:59.840435-04:00,propline_free_sample
2026-08-30,2026-08-30 18:10:00+00:00,Dustin May,4.5,under,103,sleeper,176290,Milwaukee Brewers,Texas Rangers,2026-08-30T17:41:26.759008+00:00,2026-08-30T23:41:59.840435+00:00,2026-08-30T19:41:59.840435-04:00,2026-08-30T19:41:59.840435-04:00,propline_free_sample
2026-08-30,2026-08-30 18:10:00+00:00,Kumar Rocker,4.5,under,-122,sleeper,176290,Milwaukee Brewers,Texas Rangers,2026-08-30T15:46:19.414454+00:00,2026-08-30T23:41:59.840435+00:00,2026-08-30T19:41:59.840435-04:00,2026-08-30T19:41:59.840435-04:00,propline_free_sample
2026-08-30,2026-08-30 18:10:00+00:00,Kumar Rocker,7.5,over,100,prizepicks,176290,Milwaukee Brewers,Texas Rangers,2026-08-30T01:29:20.711044+00:00,2026-08-30T23:41:59.840435+00:00,2026-08-30T19:41:59.840435-04:00,2026-08-30T19:41:59.840435-04:00,propline_free_sample
2026-08-30,2026-08-30 18:10:00+00:00,Kumar Rocker,7.5,under,100,prizepicks,176290,Milwaukee Brewers,Texas Rangers,2026-08-30T01:29:20.711044+00:00,2026-08-30T23:41:59.840435+00:00,2026-08-30T19:41:59.840435-04:00,2026-08-30T19:41:59.840435-04:00,propline_free_sample
2026-08-30,2026-08-30 18:10:00+00:00,Dustin May,8.5,over,100,prizepicks,176290,Milwaukee Brewers,Texas Rangers,2026-08-30T01:29:20.711044+00:00,2026-08-30T23:41:59.840435+00:00,2026-08-30T19:41:59.840435-04:00,2026-08-30T19:41:59.840435-04:00,propline_free_sample
2026-08-30,2026-08-30 18:10:00+00:00,Kumar Rocker,8.5,over,100,prizepicks,176290,Milwaukee Brewers,Texas Rangers,2026-08-30T01:29:20.711044+00:00,2026-08-30T23:41:59.840435+00:00,2026-08-30T19:41:59.840435-04:00,2026-08-30T19:41:59.840435-04:00,propline_free_sample
2026-08-30,2026-08-30 18:10:00+00:00,Dustin May,8.5,under,100,prizepicks,176290,Milwaukee Brewers,Texas Rangers,2026-08-30T01:29:20.711044+00:00,2026-08-30T23:41:59.840435+00:00,2026-08-30T19:41:59.840435-04:00,2026-08-30T19:41:59.840435-04:00,propline_free_sample
2026-08-30,2026-08-30 18:10:00+00:00,Kumar Rocker,8.5,under,100,prizepicks,176290,Milwaukee Brewers,Texas Rangers,2026-08-30T01:29:20.711044+00:00,2026-08-30T23:41:59.840435+00:00,2026-08-30T19:41:59.840435-04:00,2026-08-30T19:41:59.840435-04:00,propline_free_sample
2026-08-30,2026-08-30 18:10:00+00:00,Dustin May,2.5,over,100,prizepicks,176290,Milwaukee Brewers,Texas Rangers,2026-08-30T01:29:20.711044+00:00,2026-08-30T23:41:59.840435+00:00,2026-08-30T19:41:59.840435-04:00,2026-08-30T19:41:59.840435-04:00,propline_free_sample
2026-08-30,2026-08-30 18:10:00+00:00,Kumar Rocker,2.5,over,100,prizepicks,176290,Milwaukee Brewers,Texas Rangers,2026-08-30T01:29:20.711044+00:00,2026-08-30T23:41:59.840435+00:00,2026-08-30T19:41:59.840435-04:00,2026-08-30T19:41:59.840435-04:00,propline_free_sample
2026-08-30,2026-08-30 18:10:00+00:00,Dustin May,2.5,under,100,prizepicks,176290,Milwaukee Brewers,Texas Rangers,2026-08-30T01:29:20.711044+00:00,2026-08-30T23:41:59.840435+00:00,2026-08-30T19:41:59.840435-04:00,2026-08-30T19:41:59.840435-04:00,propline_free_sample
2026-08-30,2026-08-30 18:10:00+00:00,Kumar Rocker,2.5,under,100,prizepicks,176290,Milwaukee Brewers,Texas Rangers,2026-08-30T01:29:20.711044+00:00,2026-08-30T23:41:59.840435+00:00,2026-08-30T19:41:59.840435-04:00,2026-08-30T19:41:59.840435-04:00,propline_free_sample
2026-08-30,2026-08-30 18:10:00+00:00,Zebby Matthews,6.5,over,100,prizepicks,176291,Minnesota Twins,Chicago White Sox,2026-08-30T02:07:52.230154+00:00,2026-08-30T23:41:59.840435+00:00,2026-08-30T19:41:59.840435-04:00,2026-08-30T19:41:59.840435-04:00,propline_free_sample
2026-08-30,2026-08-30 18:10:00+00:00,Zebby Matthews,6.5,under,100,prizepicks,176291,Minnesota Twins,Chicago White Sox,2026-08-30T02:07:52.230154+00:00,2026-08-30T23:41:59.840435+00:00,2026-08-30T19:41:59.840435-04:00,2026-08-30T19:41:59.840435-04:00,propline_free_sample
2026-08-30,2026-08-30 18:10:00+00:00,Zebby Matthews,3.5,over,100,prizepicks,176291,Minnesota Twins,Chicago White Sox,2026-08-30T02:07:52.230154+00:00,2026-08-30T23:41:59.840435+00:00,2026-08-30T19:41:59.840435-04:00,2026-08-30T19:41:59.840435-04:00,propline_free_sample
2026-08-30,2026-08-30 18:10:00+00:00,Zebby Matthews,3.5,under,100,prizepicks,176291,Minnesota Twins,Chicago White Sox,2026-08-30T02:07:52.230154+00:00,2026-08-30T23:41:59.840435+00:00,2026-08-30T19:41:59.840435-04:00,2026-08-30T19:41:59.840435-04:00,propline_free_sample
2026-08-30,2026-08-30 18:10:00+00:00,Dustin May,4.5,over,110,fanatics,176290,Milwaukee Brewers,Texas Rangers,2026-08-30T18:01:00.390164+00:00,2026-08-30T23:41:59.840435+00:00,2026-08-30T19:41:59.840435-04:00,2026-08-30T19:41:59.840435-04:00,propline_free_sample
2026-08-30,2026-08-30 18:10:00+00:00,Dustin May,4.5,under,-145,fanatics,176290,Milwaukee Brewers,Texas Rangers,2026-08-30T18:01:00.390164+00:00,2026-08-30T23:41:59.840435+00:00,2026-08-30T19:41:59.840435-04:00,2026-08-30T19:41:59.840435-04:00,propline_free_sample
2026-08-30,2026-08-30 18:10:00+00:00,Kumar Rocker,6.5,over,-130,fanatics,176290,Milwaukee Brewers,Texas Rangers,2026-08-30T17:59:07.856466+00:00,2026-08-30T23:41:59.840435+00:00,2026-08-30T19:41:59.840435-04:00,2026-08-30T19:41:59.840435-04:00,propline_free_sample
2026-08-30,2026-08-30 18:10:00+00:00,Kumar Rocker,6.5,under,100,fanatics,176290,Milwaukee Brewers,Texas Rangers,2026-08-30T17:59:07.856466+00:00,2026-08-30T23:41:59.840435+00:00,2026-08-30T19:41:59.840435-04:00,2026-08-30T19:41:59.840435-04:00,propline_free_sample
